ISO-10303-21;
HEADER;
FILE_DESCRIPTION (( 'STEP AP203' ),
    '1' );
FILE_NAME ('Arm.step',
    '2026-09-29T05:06:39',
    ( '' ),
    ( '' ),
    '',
    '',
    '' );
FILE_SCHEMA (( 'CONFIG_CONTROL_DESIGN' ));
ENDSEC;

DATA;
#1 = CIRCLE ( 'NONE', #992, 1.599999999999990319 ) ;
#2 = CARTESIAN_POINT ( 'NONE',  ( 190.0000000000000000, 136.0000000000000000, 13.99999999999998401 ) ) ;
#3 = EDGE_LOOP ( 'NONE', ( #1442, #1583, #404, #366 ) ) ;
#4 = CARTESIAN_POINT ( 'NONE',  ( 185.0000000000000000, 129.8332930663974878, -3.807241443524605806 ) ) ;
#5 = CARTESIAN_POINT ( 'NONE',  ( 171.7188394915337426, 133.5406216949953375, 3.599034220527189021 ) ) ;
#6 = EDGE_LOOP ( 'NONE', ( #353, #684 ) ) ;
#7 = LINE ( 'NONE', #365, #245 ) ;
#8 = EDGE_LOOP ( 'NONE', ( #536, #1559, #1702, #1641 ) ) ;
#9 = CARTESIAN_POINT ( 'NONE',  ( 190.0000000000000000, 105.0000000000000000, -16.99999999999998579 ) ) ;
#10 = LINE ( 'NONE', #2013, #1197 ) ;
#11 = ADVANCED_FACE ( 'NONE', ( #252 ), #1408, .F. ) ;
#12 = EDGE_LOOP ( 'NONE', ( #650, #593, #561, #92, #763 ) ) ;
#13 = CIRCLE ( 'NONE', #1250, 4.000000000000003553 ) ;
#14 = CARTESIAN_POINT ( 'NONE',  ( 204.5000000000000000, 140.0000000000000000, 0.000000000000000000 ) ) ;
#15 = VECTOR ( 'NONE', #1660, 1000.000000000000000 ) ;
#16 = ORIENTED_EDGE ( 'NONE', *, *, #512, .T. ) ;
#17 = CARTESIAN_POINT ( 'NONE',  ( 185.0000000000000000, 126.2376998857964452, -4.426664173987572504 ) ) ;
#18 = CARTESIAN_POINT ( 'NONE',  ( 182.3885198143037485, 59.84002408600307632, 0.5938696018916633790 ) ) ;
#19 = VECTOR ( 'NONE', #1679, 1000.000000000000000 ) ;
#20 = DIRECTION ( 'NONE',  ( -0.000000000000000000, 1.000000000000000000, -0.000000000000000000 ) ) ;
#21 = EDGE_CURVE ( 'NONE', #999, #2291, #1304, .T. ) ;
#22 = CARTESIAN_POINT ( 'NONE',  ( 172.4351149618150032, 115.7324714273564723, -5.349264620433071826 ) ) ;
#23 = EDGE_CURVE ( 'NONE', #2110, #456, #1862, .T. ) ;
#24 = EDGE_LOOP ( 'NONE', ( #174, #2304, #1404, #818 ) ) ;
#25 = CARTESIAN_POINT ( 'NONE',  ( 64.00000000000000000, 131.4247822930463769, 7.532929783099995724 ) ) ;
#26 = CARTESIAN_POINT ( 'NONE',  ( 181.1860592026630741, 65.70570224472940879, 1.417481013522732036 ) ) ;
#27 = CARTESIAN_POINT ( 'NONE',  ( 172.8977884338507351, 105.0000000000000284, -5.138803094206891409 ) ) ;
#28 = CARTESIAN_POINT ( 'NONE',  ( 174.2449805006919519, 104.7185890461708908, 6.385871951145021264 ) ) ;
#29 = DIRECTION ( 'NONE',  ( 0.000000000000000000, -1.000000000000000000, 0.000000000000000000 ) ) ;
#30 = EDGE_LOOP ( 'NONE', ( #261, #263, #125, #1448 ) ) ;
#31 = ADVANCED_FACE ( 'NONE', ( #1792 ), #2328, .T. ) ;
#32 = CARTESIAN_POINT ( 'NONE',  ( 172.1971806147777215, 126.3358335840589461, -4.820242204402926944 ) ) ;
#33 = AXIS2_PLACEMENT_3D ( 'NONE', #1776, #481, #121 ) ;
#34 = EDGE_LOOP ( 'NONE', ( #1148, #1172, #2037, #1469 ) ) ;
#35 = CARTESIAN_POINT ( 'NONE',  ( 64.00000000000000000, 120.5862565036926242, 7.557802489930350198 ) ) ;
#36 = CARTESIAN_POINT ( 'NONE',  ( 172.1371493536013872, 127.6399107788036531, 4.682169988384965897 ) ) ;
#37 = EDGE_CURVE ( 'NONE', #292, #66, #570, .T. ) ;
#38 = APPROVAL_PERSON_ORGANIZATION ( #1440, #1983, #515 ) ;
#39 = DIRECTION ( 'NONE',  ( -0.000000000000000000, -0.000000000000000000, -1.000000000000000000 ) ) ;
#40 = DIRECTION ( 'NONE',  ( 0.000000000000000000, 0.000000000000000000, 1.000000000000000000 ) ) ;
#41 = CARTESIAN_POINT ( 'NONE',  ( 174.2033791186788392, 124.0270099129694330, -6.283279250918528902 ) ) ;
#42 = ADVANCED_FACE ( 'NONE', ( #1985 ), #1811, .F. ) ;
#43 = VERTEX_POINT ( 'NONE', #1455 ) ;
#44 = AXIS2_PLACEMENT_3D ( 'NONE', #482, #1613, #2159 ) ;
#45 = ORIENTED_EDGE ( 'NONE', *, *, #1325, .F. ) ;
#46 = CARTESIAN_POINT ( 'NONE',  ( 185.0000000000000000, 111.7986220736899980, -5.114700798845929874 ) ) ;
#47 = FACE_OUTER_BOUND ( 'NONE', #56, .T. ) ;
#48 = AXIS2_PLACEMENT_3D ( 'NONE', #1623, #2214, #334 ) ;
#49 = DIRECTION ( 'NONE',  ( -0.000000000000000000, 1.000000000000000000, -0.000000000000000000 ) ) ;
#50 = VECTOR ( 'NONE', #893, 1000.000000000000000 ) ;
#51 = CARTESIAN_POINT ( 'NONE',  ( 173.4534995397126806, 130.5622519076081858, 4.171178375587651921 ) ) ;
#52 = AXIS2_PLACEMENT_3D ( 'NONE', #421, #1521, #2254 ) ;
#53 = EDGE_LOOP ( 'NONE', ( #802, #548, #2178, #1774, #2323, #2106, #1100, #236 ) ) ;
#54 = PLANE ( 'NONE',  #1710 ) ;
#55 = CARTESIAN_POINT ( 'NONE',  ( 173.9715780826454079, 130.1619084071849670, -5.665598431525362244 ) ) ;
#56 = EDGE_LOOP ( 'NONE', ( #1950, #733, #646, #271 ) ) ;
#57 = FACE_OUTER_BOUND ( 'NONE', #1849, .T. ) ;
#58 = EDGE_LOOP ( 'NONE', ( #1054, #1981 ) ) ;
#59 = CARTESIAN_POINT ( 'NONE',  ( 46.00000000000000000, 95.00000000000000000, 4.000000000000000000 ) ) ;
#60 = FACE_OUTER_BOUND ( 'NONE', #12, .T. ) ;
#61 = CARTESIAN_POINT ( 'NONE',  ( 171.7042123568186867, 133.7107921667127357, 3.556269457946093837 ) ) ;
#62 = CARTESIAN_POINT ( 'NONE',  ( 172.1245466562013462, 127.8812139535829004, -4.652583946200341103 ) ) ;
#63 = EDGE_CURVE ( 'NONE', #1845, #1248, #1669, .T. ) ;
#64 = VERTEX_POINT ( 'NONE', #162 ) ;
#65 = DIRECTION ( 'NONE',  ( -0.000000000000000000, 1.000000000000000000, -0.000000000000000000 ) ) ;
#66 = VERTEX_POINT ( 'NONE', #1648 ) ;
#67 = DIRECTION ( 'NONE',  ( 0.000000000000000000, 0.000000000000000000, 1.000000000000000000 ) ) ;
#68 = LINE ( 'NONE', #454, #1562 ) ;
#69 = DIRECTION ( 'NONE',  ( 0.000000000000000000, 0.000000000000000000, 1.000000000000000000 ) ) ;
#70 = AXIS2_PLACEMENT_3D ( 'NONE', #1968, #701, #1819 ) ;
#71 = B_SPLINE_CURVE_WITH_KNOTS ( 'NONE', 3,
 ( #1024, #303, #819, #1769 ),
 .UNSPECIFIED., .F., .F.,
 ( 4, 4 ),
 ( 2.775557561562891351E-17, 0.001375011182206860479 ),
 .UNSPECIFIED. ) ;
#72 = CARTESIAN_POINT ( 'NONE',  ( 172.4176880844170228, 118.4253472618675431, 5.318641752579967630 ) ) ;
#73 = EDGE_CURVE ( 'NONE', #1141, #383, #958, .T. ) ;
#74 = CARTESIAN_POINT ( 'NONE',  ( 64.00000000000000000, 54.19120085711175960, 0.6674776372945740999 ) ) ;
#75 = CARTESIAN_POINT ( 'NONE',  ( 171.3883057511342258, 136.7271627792454467, -2.639985068037270288 ) ) ;
#76 = ORIENTED_EDGE ( 'NONE', *, *, #2343, .F. ) ;
#77 = ADVANCED_FACE ( 'NONE', ( #2245 ), #256, .F. ) ;
#78 = DIRECTION ( 'NONE',  ( 0.000000000000000000, 0.000000000000000000, 1.000000000000000000 ) ) ;
#79 = VERTEX_POINT ( 'NONE', #1555 ) ;
#80 = FACE_OUTER_BOUND ( 'NONE', #24, .T. ) ;
#81 = CARTESIAN_POINT ( 'NONE',  ( 171.8559605715980183, 137.0931995069181539, 2.500000000000000000 ) ) ;
#82 = ORIENTED_EDGE ( 'NONE', *, *, #1793, .F. ) ;
#83 = CARTESIAN_POINT ( 'NONE',  ( 172.5643104014346534, 104.9999999999999432, -5.144252932557687785 ) ) ;
#84 = DIRECTION ( 'NONE',  ( 0.000000000000000000, 0.000000000000000000, -1.000000000000000000 ) ) ;
#85 = CIRCLE ( 'NONE', #2273, 14.49999999999998579 ) ;
#86 = CARTESIAN_POINT ( 'NONE',  ( 182.8068862588932575, 57.89125055829222788, -0.2999999999999999889 ) ) ;
#87 = VERTEX_POINT ( 'NONE', #946 ) ;
#88 = VECTOR ( 'NONE', #2294, 1000.000000000000000 ) ;
#89 = CARTESIAN_POINT ( 'NONE',  ( 64.00000000000000000, 156.3633846497057789, -3.116601719992121211 ) ) ;
#90 = CARTESIAN_POINT ( 'NONE',  ( 173.6868987553835098, 123.9256335846201296, -4.984928324333652405 ) ) ;
#91 = AXIS2_PLACEMENT_3D ( 'NONE', #621, #664, #2136 ) ;
#92 = ORIENTED_EDGE ( 'NONE', *, *, #2247, .F. ) ;
#93 = ADVANCED_FACE ( 'NONE', ( #1888 ), #1966, .F. ) ;
#94 = DIRECTION ( 'NONE',  ( 0.000000000000000000, 0.000000000000000000, 1.000000000000000000 ) ) ;
#95 = CARTESIAN_POINT ( 'NONE',  ( 190.0000000000000000, 134.9999999999999716, -4.000000000000003553 ) ) ;
#96 = DIRECTION ( 'NONE',  ( -0.000000000000000000, 1.000000000000000000, -0.000000000000000000 ) ) ;
#97 = ORIENTED_CLOSED_SHELL ( 'NONE', *, #1110, .F. );
#98 = ORIENTED_EDGE ( 'NONE', *, *, #2028, .T. ) ;
#99 = LINE ( 'NONE', #59, #1407 ) ;
#100 = DIRECTION ( 'NONE',  ( 0.000000000000000000, 0.000000000000000000, -1.000000000000000000 ) ) ;
#101 = ADVANCED_FACE ( 'NONE', ( #2321 ), #1218, .T. ) ;
#102 = ORIENTED_EDGE ( 'NONE', *, *, #705, .F. ) ;
#103 = CARTESIAN_POINT ( 'NONE',  ( 183.2820000000000107, 134.9999999999999716, 6.717999999999999972 ) ) ;
#104 = CARTESIAN_POINT ( 'NONE',  ( 174.3188213316164763, 110.4629674368445649, -6.565118569666458015 ) ) ;
#105 = CARTESIAN_POINT ( 'NONE',  ( 177.5000000000000000, 140.0000000000000000, -2.500000000000000000 ) ) ;
#106 = COORDINATED_UNIVERSAL_TIME_OFFSET ( 12, 0, .AHEAD. ) ;
#107 = ORIENTED_EDGE ( 'NONE', *, *, #1924, .F. ) ;
#108 = DIRECTION ( 'NONE',  ( 0.000000000000000000, 0.3811726336839799112, -0.9245038795648282681 ) ) ;
#109 = CARTESIAN_POINT ( 'NONE',  ( 172.3302925738597935, 122.3556542109152616, -5.126000977047435292 ) ) ;
#110 = ORIENTED_EDGE ( 'NONE', *, *, #956, .T. ) ;
#111 = DIRECTION ( 'NONE',  ( -1.000000000000000000, 0.000000000000000000, 0.000000000000000000 ) ) ;
#112 = CARTESIAN_POINT ( 'NONE',  ( 172.9460897801805004, 137.9598006511210997, 1.760593637558521163 ) ) ;
#113 = DIRECTION ( 'NONE',  ( -0.000000000000000000, 1.000000000000000000, -0.000000000000000000 ) ) ;
#114 = EDGE_CURVE ( 'NONE', #1551, #1245, #879, .T. ) ;
#115 = CARTESIAN_POINT ( 'NONE',  ( 174.2011533130641965, 124.1125167352575147, -6.277680714615047286 ) ) ;
#116 = CIRCLE ( 'NONE', #228, 16.99999999999998579 ) ;
#117 = CARTESIAN_POINT ( 'NONE',  ( 171.3883057511342827, 136.7271627792454467, -2.639985068037265847 ) ) ;
#118 = AXIS2_PLACEMENT_3D ( 'NONE', #765, #571, #1305 ) ;
#119 = ORIENTED_EDGE ( 'NONE', *, *, #1994, .T. ) ;
#120 = LINE ( 'NONE', #1029, #1168 ) ;
#121 = DIRECTION ( 'NONE',  ( 0.000000000000000000, -0.000000000000000000, 1.000000000000000000 ) ) ;
#122 = ADVANCED_FACE ( 'NONE', ( #1052 ), #304, .T. ) ;
#123 = VERTEX_POINT ( 'NONE', #1782 ) ;
#124 = FACE_OUTER_BOUND ( 'NONE', #208, .T. ) ;
#125 = ORIENTED_EDGE ( 'NONE', *, *, #989, .F. ) ;
#126 = CARTESIAN_POINT ( 'NONE',  ( 173.5363080950354799, 136.8602069420117289, 4.243327875858875053 ) ) ;
#127 = CARTESIAN_POINT ( 'NONE',  ( 173.1922457691626391, 135.3969281040527903, 2.992618988495979071 ) ) ;
#128 = CARTESIAN_POINT ( 'NONE',  ( 171.3246486673839399, 137.1232049216799851, -2.478621186395696174 ) ) ;
#129 = AXIS2_PLACEMENT_3D ( 'NONE', #1065, #2345, #510 ) ;
#130 = PERSON_AND_ORGANIZATION_ROLE ( 'creator' ) ;
#131 = AXIS2_PLACEMENT_3D ( 'NONE', #461, #1744, #809 ) ;
#132 = ORIENTED_EDGE ( 'NONE', *, *, #2343, .T. ) ;
#133 = CIRCLE ( 'NONE', #820, 14.49999999999998579 ) ;
#134 = DIRECTION ( 'NONE',  ( 1.000000000000000000, 0.000000000000000000, 0.000000000000000000 ) ) ;
#135 = DIRECTION ( 'NONE',  ( 0.000000000000000000, 0.000000000000000000, -1.000000000000000000 ) ) ;
#136 = CARTESIAN_POINT ( 'NONE',  ( 171.3515436630070781, 137.0475442003459250, 2.499999999999998668 ) ) ;
#137 = DIRECTION ( 'NONE',  ( -1.000000000000000000, -0.000000000000000000, -0.000000000000000000 ) ) ;
#138 = DIRECTION ( 'NONE',  ( -0.000000000000000000, 1.000000000000000000, -0.000000000000000000 ) ) ;
#139 = EDGE_CURVE ( 'NONE', #66, #993, #781, .T. ) ;
#140 = CARTESIAN_POINT ( 'NONE',  ( 170.0000000000000000, 137.3004984097191539, 2.500000000000000000 ) ) ;
#141 = CALENDAR_DATE ( 2026, 29, 9 ) ;
#142 = EDGE_LOOP ( 'NONE', ( #1264, #1395, #1041, #229 ) ) ;
#143 = DIRECTION ( 'NONE',  ( -0.9987728383705463120, -0.04952592586961390708, 0.000000000000000000 ) ) ;
#144 = DIRECTION ( 'NONE',  ( 0.000000000000000000, 0.000000000000000000, 1.000000000000000000 ) ) ;
#145 = ADVANCED_FACE ( 'NONE', ( #2297 ), #1447, .F. ) ;
#146 = DIRECTION ( 'NONE',  ( 0.000000000000000000, 1.000000000000000000, 0.000000000000000000 ) ) ;
#147 = ORIENTED_EDGE ( 'NONE', *, *, #1869, .T. ) ;
#148 = FACE_OUTER_BOUND ( 'NONE', #778, .T. ) ;
#149 = DIRECTION ( 'NONE',  ( -0.000000000000000000, 1.000000000000000000, -0.000000000000000000 ) ) ;
#150 = AXIS2_PLACEMENT_3D ( 'NONE', #324, #153, #311 ) ;
#151 = EDGE_LOOP ( 'NONE', ( #1387, #1181, #1936, #283 ) ) ;
#152 = DIRECTION ( 'NONE',  ( -0.000000000000000000, 0.000000000000000000, 1.000000000000000000 ) ) ;
#153 = DIRECTION ( 'NONE',  ( -0.000000000000000000, 1.000000000000000000, 0.000000000000000000 ) ) ;
#154 = CIRCLE ( 'NONE', #696, 0.8999999999999980238 ) ;
#155 = EDGE_CURVE ( 'NONE', #2173, #1715, #1760, .T. ) ;
#156 = CARTESIAN_POINT ( 'NONE',  ( 190.0000000000000000, 136.0000000000000000, -13.99999999999998401 ) ) ;
#157 = VERTEX_POINT ( 'NONE', #1375 ) ;
#158 = CARTESIAN_POINT ( 'NONE',  ( 64.00000000000000000, 145.0000000000000000, 4.000000000000000000 ) ) ;
#159 = CARTESIAN_POINT ( 'NONE',  ( 172.4353198603844248, 110.3242938530358543, 5.333793406504731216 ) ) ;
#160 =( BOUNDED_CURVE ( )  B_SPLINE_CURVE ( 3, ( #1510, #1695, #386, #1686 ),
 .UNSPECIFIED., .F., .T. ) 
 B_SPLINE_CURVE_WITH_KNOTS ( ( 4, 4 ),
 ( 3.100363982125904361, 3.182821325053681871 ),
 .UNSPECIFIED. ) 
 CURVE ( )  GEOMETRIC_REPRESENTATION_ITEM ( )  RATIONAL_B_SPLINE_CURVE ( ( 1.000000000000000000, 0.9994334791377665894, 0.9994334791377665894, 1.000000000000000000 ) ) 
 REPRESENTATION_ITEM ( '' )  );
#161 = CARTESIAN_POINT ( 'NONE',  ( 171.4746952553201709, 138.0961569764690182, -1.855929230034929045 ) ) ;
#162 = CARTESIAN_POINT ( 'NONE',  ( 172.3622057974524466, 104.9999999999999574, -5.147553549348597102 ) ) ;
#163 = VERTEX_POINT ( 'NONE', #997 ) ;
#164 = DIRECTION ( 'NONE',  ( -1.000000000000000000, 0.000000000000000000, -0.000000000000000000 ) ) ;
#165 = CARTESIAN_POINT ( 'NONE',  ( 173.4790593703523598, 137.5000000000000000, -4.007308412345727433 ) ) ;
#166 = CARTESIAN_POINT ( 'NONE',  ( 46.00000000000000000, 145.0000000000000000, 4.000000000000000000 ) ) ;
#167 = FACE_OUTER_BOUND ( 'NONE', #973, .T. ) ;
#168 = AXIS2_PLACEMENT_3D ( 'NONE', #1113, #745, #205 ) ;
#169 = EDGE_CURVE ( 'NONE', #2163, #1032, #1207, .T. ) ;
#170 = VECTOR ( 'NONE', #1419, 1000.000000000000000 ) ;
#171 = CARTESIAN_POINT ( 'NONE',  ( 182.8068862588932859, 57.89125055829222788, 0.2999999999999999889 ) ) ;
#172 = UNCERTAINTY_MEASURE_WITH_UNIT (LENGTH_MEASURE( 1.000000000000000082E-05 ), #1244, 'distance_accuracy_value', 'NONE');
#173 = CIRCLE ( 'NONE', #1478, 0.8999999999999980238 ) ;
#174 = ORIENTED_EDGE ( 'NONE', *, *, #2096, .F. ) ;
#175 = CARTESIAN_POINT ( 'NONE',  ( 190.0000000000000000, 105.0000000000000000, 0.000000000000000000 ) ) ;
#176 = CARTESIAN_POINT ( 'NONE',  ( 172.4060056234171441, 107.6616682380133767, 5.259483335591205844 ) ) ;
#177 = ADVANCED_FACE ( 'NONE', ( #2011 ), #356, .T. ) ;
#178 = CARTESIAN_POINT ( 'NONE',  ( 190.0000000000000000, 136.0000000000000000, 0.000000000000000000 ) ) ;
#179 = CARTESIAN_POINT ( 'NONE',  ( 170.0000000000000000, 139.0813022358197202, 1.252881900729464926 ) ) ;
#180 = EDGE_LOOP ( 'NONE', ( #1740, #1308, #1538, #1536 ) ) ;
#181 = CARTESIAN_POINT ( 'NONE',  ( 204.5000000000000000, 140.0000000000000000, -2.500000000000000000 ) ) ;
#182 = CARTESIAN_POINT ( 'NONE',  ( 175.3051282477359223, 139.9750561664864392, -2.500000000000000444 ) ) ;
#183 = ORIENTED_EDGE ( 'NONE', *, *, #1793, .T. ) ;
#184 = DIRECTION ( 'NONE',  ( 0.000000000000000000, -0.000000000000000000, 1.000000000000000000 ) ) ;
#185 = ORIENTED_EDGE ( 'NONE', *, *, #744, .T. ) ;
#186 = CARTESIAN_POINT ( 'NONE',  ( 185.0000000000000000, 136.4856485449861907, 1.196172438485711753 ) ) ;
#187 = DIRECTION ( 'NONE',  ( 0.000000000000000000, -1.000000000000000000, 0.000000000000000000 ) ) ;
#188 = ORIENTED_EDGE ( 'NONE', *, *, #471, .T. ) ;
#189 = EDGE_CURVE ( 'NONE', #450, #79, #2047, .T. ) ;
#190 = CARTESIAN_POINT ( 'NONE',  ( 173.4946939394144465, 138.5036594517684989, -3.096836285208897976 ) ) ;
#191 = ORIENTED_EDGE ( 'NONE', *, *, #2366, .T. ) ;
#192 = DIRECTION ( 'NONE',  ( -1.000000000000000000, 0.000000000000000000, 0.000000000000000000 ) ) ;
#193 = CYLINDRICAL_SURFACE ( 'NONE', #118, 0.8999999999999980238 ) ;
#194 = AXIS2_PLACEMENT_3D ( 'NONE', #1353, #1537, #2259 ) ;
#195 = CARTESIAN_POINT ( 'NONE',  ( 171.8810332806075678, 131.5834498620781972, -4.055568600628383535 ) ) ;
#196 = VERTEX_POINT ( 'NONE', #2217 ) ;
#197 = CARTESIAN_POINT ( 'NONE',  ( 64.00000000000000000, 155.6564472675776187, 3.349658474813914655 ) ) ;
#198 = DIRECTION ( 'NONE',  ( 0.000000000000000000, 1.000000000000000000, 0.000000000000000000 ) ) ;
#199 = EDGE_LOOP ( 'NONE', ( #596, #725, #658, #1916 ) ) ;
#200 = CARTESIAN_POINT ( 'NONE',  ( 46.00000000000000000, 129.0000000000000000, -3.000000000000000000 ) ) ;
#201 = CARTESIAN_POINT ( 'NONE',  ( 64.00000000000000000, 104.9875858014058423, -6.813591513160799806 ) ) ;
#202 = CARTESIAN_POINT ( 'NONE',  ( 173.7963883636857645, 115.7393720621072220, -5.319566610793248884 ) ) ;
#203 = B_SPLINE_CURVE_WITH_KNOTS ( 'NONE', 3,
 ( #265, #1540, #2262, #81, #610, #1929, #1742, #2085, #1382, #278, #432, #1907, #2271, #1756 ),
 .UNSPECIFIED., .F., .F.,
 ( 4, 2, 2, 2, 2, 2, 4 ),
 ( 2.775557561562891351E-17, 0.0003817989473214351425, 0.0007635978946428425293, 0.001145396841964249754, 0.001527195789285657303, 0.002290793683928469583, 0.003054391578571282080 ),
 .UNSPECIFIED. ) ;
#204 = ORIENTED_EDGE ( 'NONE', *, *, #274, .T. ) ;
#205 = DIRECTION ( 'NONE',  ( 0.000000000000000000, -0.000000000000000000, -1.000000000000000000 ) ) ;
#206 = CARTESIAN_POINT ( 'NONE',  ( 46.00000000000000000, 129.0000000000000000, 3.000000000000000000 ) ) ;
#207 = VECTOR ( 'NONE', #466, 1000.000000000000000 ) ;
#208 = EDGE_LOOP ( 'NONE', ( #2251, #942, #2045, #1061 ) ) ;
#209 = CARTESIAN_POINT ( 'NONE',  ( 64.00000000000000000, 134.8664053117379069, 7.391924922871922377 ) ) ;
#210 = CARTESIAN_POINT ( 'NONE',  ( 182.8068862588932859, 57.89125055829222788, 0.2999999999999999889 ) ) ;
#211 = AXIS2_PLACEMENT_3D ( 'NONE', #578, #187, #2065 ) ;
#212 = CARTESIAN_POINT ( 'NONE',  ( 46.00000000000000000, 145.0000000000000000, 4.000000000000000000 ) ) ;
#213 = CARTESIAN_POINT ( 'NONE',  ( 174.1218344745381046, 126.7436154028616073, 6.074264515627924688 ) ) ;
#214 = LINE ( 'NONE', #1574, #1332 ) ;
#215 = ORIENTED_EDGE ( 'NONE', *, *, #756, .F. ) ;
#216 = CARTESIAN_POINT ( 'NONE',  ( 173.7345720401029610, 139.0697508780552027, -2.500000000000000000 ) ) ;
#217 = EDGE_CURVE ( 'NONE', #430, #697, #2203, .T. ) ;
#218 = CARTESIAN_POINT ( 'NONE',  ( 183.2820000000000107, 134.9999999999999716, 6.717999999999999972 ) ) ;
#219 = CARTESIAN_POINT ( 'NONE',  ( 171.5782505610006297, 135.1342021438919687, -3.168378922861829761 ) ) ;
#220 = ORIENTED_EDGE ( 'NONE', *, *, #2068, .F. ) ;
#221 = CARTESIAN_POINT ( 'NONE',  ( 185.0000000000000000, 124.0827310412428801, -4.639246162179447630 ) ) ;
#222 = CARTESIAN_POINT ( 'NONE',  ( 190.0000000000000000, 140.0000000000000000, 0.000000000000000000 ) ) ;
#223 = DIRECTION ( 'NONE',  ( -0.000000000000000000, 1.000000000000000000, -0.000000000000000000 ) ) ;
#224 = CARTESIAN_POINT ( 'NONE',  ( 64.00000000000000000, 82.37800232306901194, -4.618442769383857893 ) ) ;
#225 = DIRECTION ( 'NONE',  ( 0.000000000000000000, 1.000000000000000000, 0.000000000000000000 ) ) ;
#226 = ORIENTED_EDGE ( 'NONE', *, *, #681, .F. ) ;
#227 = CC_DESIGN_PERSON_AND_ORGANIZATION_ASSIGNMENT ( #1608, #848, ( #2035 ) ) ;
#228 = AXIS2_PLACEMENT_3D ( 'NONE', #2329, #2194, #1228 ) ;
#229 = ORIENTED_EDGE ( 'NONE', *, *, #169, .F. ) ;
#230 = CARTESIAN_POINT ( 'NONE',  ( 185.0000000000000000, 117.0142498285513710, -5.051495159309263627 ) ) ;
#231 = CARTESIAN_POINT ( 'NONE',  ( 171.4746952552947619, 138.0961569763240675, 1.855929230158457344 ) ) ;
#232 = B_SPLINE_CURVE_WITH_KNOTS ( 'NONE', 3,
 ( #1668, #1620, #1287, #869 ),
 .UNSPECIFIED., .F., .F.,
 ( 4, 4 ),
 ( 0.006256117102062410014, 0.007631128195362719968 ),
 .UNSPECIFIED. ) ;
#233 = DIRECTION ( 'NONE',  ( 1.000000000000000000, 0.000000000000000000, 0.000000000000000000 ) ) ;
#234 = CARTESIAN_POINT ( 'NONE',  ( 172.4420936981101136, 115.7076855128821080, 5.365084253643234824 ) ) ;
#235 = CARTESIAN_POINT ( 'NONE',  ( 171.5349279736147992, 135.5974976333753830, -3.031360667212027238 ) ) ;
#236 = ORIENTED_EDGE ( 'NONE', *, *, #1965, .F. ) ;
#237 = CARTESIAN_POINT ( 'NONE',  ( 190.0000000000000000, 140.0000000000000000, 16.99999999999998579 ) ) ;
#238 = ADVANCED_FACE ( 'NONE', ( #392, #369 ), #1125, .T. ) ;
#239 = CIRCLE ( 'NONE', #1048, 16.99999999999998579 ) ;
#240 = EDGE_LOOP ( 'NONE', ( #2225, #811 ) ) ;
#241 = CARTESIAN_POINT ( 'NONE',  ( 177.5000000000000000, 136.0000000000000000, 0.000000000000000000 ) ) ;
#242 = CIRCLE ( 'NONE', #1365, 0.8999999999999980238 ) ;
#243 = DIRECTION ( 'NONE',  ( -0.000000000000000000, 1.000000000000000000, -0.000000000000000000 ) ) ;
#244 = LINE ( 'NONE', #2223, #930 ) ;
#245 = VECTOR ( 'NONE', #318, 1000.000000000000000 ) ;
#246 = ADVANCED_FACE ( 'NONE', ( #1871 ), #931, .F. ) ;
#247 = CARTESIAN_POINT ( 'NONE',  ( 173.2454737068632085, 134.4470238979992303, 3.272498250885657711 ) ) ;
#248 = ORIENTED_EDGE ( 'NONE', *, *, #1104, .F. ) ;
#249 = CARTESIAN_POINT ( 'NONE',  ( 173.5082069364128472, 137.1742563087371707, -4.127475157411291562 ) ) ;
#250 = ORIENTED_EDGE ( 'NONE', *, *, #217, .F. ) ;
#251 = CYLINDRICAL_SURFACE ( 'NONE', #1818, 0.8999999999999980238 ) ;
#252 = FACE_OUTER_BOUND ( 'NONE', #279, .T. ) ;
#253 = CARTESIAN_POINT ( 'NONE',  ( 176.2250226860441273, 136.0000000000000000, 2.500000000000000000 ) ) ;
#254 = CARTESIAN_POINT ( 'NONE',  ( 110.0000000000000000, 135.0000000000000000, -5.599999999999997868 ) ) ;
#255 = LINE ( 'NONE', #1203, #1212 ) ;
#256 = CYLINDRICAL_SURFACE ( 'NONE', #1135, 4.000000000000003553 ) ;
#257 = CLOSED_SHELL ( 'NONE', ( #1430, #841, #1226, #1780 ) ) ;
#258 = EDGE_CURVE ( 'NONE', #845, #2173, #2311, .T. ) ;
#259 = CARTESIAN_POINT ( 'NONE',  ( 190.0000000000000000, 105.0000000000000000, 0.000000000000000000 ) ) ;
#260 = CARTESIAN_POINT ( 'NONE',  ( 173.3534308797460142, 132.5050277627784396, -3.766436882709250700 ) ) ;
#261 = ORIENTED_EDGE ( 'NONE', *, *, #416, .T. ) ;
#262 = CARTESIAN_POINT ( 'NONE',  ( 190.0000000000000000, 136.0000000000000000, -13.99999999999998401 ) ) ;
#263 = ORIENTED_EDGE ( 'NONE', *, *, #909, .T. ) ;
#264 = CARTESIAN_POINT ( 'NONE',  ( 185.0000000000000000, 85.90164580039258624, 3.651638213388248566 ) ) ;
#265 = CARTESIAN_POINT ( 'NONE',  ( 171.3515436630070781, 137.0475442003459250, 2.499999999999998668 ) ) ;
#266 = AXIS2_PLACEMENT_3D ( 'NONE', #1247, #1976, #873 ) ;
#267 = DIRECTION ( 'NONE',  ( 0.000000000000000000, -1.000000000000000000, 0.000000000000000000 ) ) ;
#268 = ORIENTED_EDGE ( 'NONE', *, *, #2124, .F. ) ;
#269 = CARTESIAN_POINT ( 'NONE',  ( 64.00000000000000000, 158.6226686892998146, -4.936208603520325959E-16 ) ) ;
#270 = CARTESIAN_POINT ( 'NONE',  ( 173.4790593703522745, 137.5000000000000000, -4.007308412345730986 ) ) ;
#271 = ORIENTED_EDGE ( 'NONE', *, *, #1922, .F. ) ;
#272 = CARTESIAN_POINT ( 'NONE',  ( 190.0000000000000000, 136.0000000000000000, 0.000000000000000000 ) ) ;
#273 = CARTESIAN_POINT ( 'NONE',  ( 172.6299971461027383, 104.9999999999999716, 5.143180187216302102 ) ) ;
#274 = EDGE_CURVE ( 'NONE', #430, #1576, #782, .T. ) ;
#275 = B_SPLINE_CURVE_WITH_KNOTS ( 'NONE', 3,
 ( #652, #126, #1541, #2263, #2122, #472, #1809, #2331, #2320, #703, #1437, #2368, #854, #1604 ),
 .UNSPECIFIED., .F., .F.,
 ( 4, 2, 2, 2, 2, 2, 4 ),
 ( 0.000000000000000000, 0.002050976156169374669, 0.004101952312338749337, 0.008203904624677585411, 0.01230585693701642148, 0.01640780924935525756, 0.03281561849871059838 ),
 .UNSPECIFIED. ) ;
#276 = ORIENTED_EDGE ( 'NONE', *, *, #1104, .T. ) ;
#277 = CARTESIAN_POINT ( 'NONE',  ( 64.00000000000000000, 75.31362101711647483, 3.736219902025670336 ) ) ;
#278 = CARTESIAN_POINT ( 'NONE',  ( 172.8296845712517325, 137.9058224869420428, 2.499999999999999556 ) ) ;
#279 = EDGE_LOOP ( 'NONE', ( #815, #870, #1291, #1757 ) ) ;
#280 = CARTESIAN_POINT ( 'NONE',  ( 190.0000000000000000, 136.0000000000000000, -4.000000000000003553 ) ) ;
#281 = AXIS2_PLACEMENT_3D ( 'NONE', #1634, #707, #1106 ) ;
#282 = CARTESIAN_POINT ( 'NONE',  ( 177.2658123875601461, 85.33178916746068410, -3.693449030760937113 ) ) ;
#283 = ORIENTED_EDGE ( 'NONE', *, *, #790, .F. ) ;
#284 = CIRCLE ( 'NONE', #1600, 1.599999999999990319 ) ;
#285 = DIRECTION ( 'NONE',  ( 0.000000000000000000, -0.000000000000000000, 1.000000000000000000 ) ) ;
#286 = VECTOR ( 'NONE', #1424, 1000.000000000000000 ) ;
#287 = SHAPE_DEFINITION_REPRESENTATION ( #2187, #912 ) ;
#288 = ORIENTED_EDGE ( 'NONE', *, *, #189, .T. ) ;
#289 = LINE ( 'NONE', #1962, #1938 ) ;
#290 = CARTESIAN_POINT ( 'NONE',  ( 172.3622057974525319, 104.9999999999999858, 5.147553549348578450 ) ) ;
#291 = ADVANCED_FACE ( 'NONE', ( #414 ), #1723, .F. ) ;
#292 = VERTEX_POINT ( 'NONE', #635 ) ;
#293 = CARTESIAN_POINT ( 'NONE',  ( 64.00000000000000000, 85.75514042015338134, 4.982971378066936907 ) ) ;
#294 = FACE_OUTER_BOUND ( 'NONE', #34, .T. ) ;
#295 = CARTESIAN_POINT ( 'NONE',  ( 170.0000000000000000, 137.3004984097191539, -2.500000000000000000 ) ) ;
#296 = CARTESIAN_POINT ( 'NONE',  ( 196.7180000000000177, 140.0000000000000000, 6.717999999999999972 ) ) ;
#297 = DIRECTION ( 'NONE',  ( 0.000000000000000000, 0.000000000000000000, -1.000000000000000000 ) ) ;
#298 = CALENDAR_DATE ( 2026, 29, 9 ) ;
#299 = VERTEX_POINT ( 'NONE', #1374 ) ;
#300 = CARTESIAN_POINT ( 'NONE',  ( 64.00000000000000000, 157.9999999999999716, 4.000000000000000000 ) ) ;
#301 = ORIENTED_EDGE ( 'NONE', *, *, #1119, .F. ) ;
#302 = CARTESIAN_POINT ( 'NONE',  ( 46.00000000000000000, 123.0000000000000000, 3.000000000000000000 ) ) ;
#303 = CARTESIAN_POINT ( 'NONE',  ( 170.4505255130474097, 137.2162389137857019, -2.500000000000000444 ) ) ;
#304 = CYLINDRICAL_SURFACE ( 'NONE', #814, 16.99999999999998579 ) ;
#305 = AXIS2_PLACEMENT_3D ( 'NONE', #14, #2048, #1848 ) ;
#306 = CARTESIAN_POINT ( 'NONE',  ( 64.00000000000000000, 157.9999999999999716, -4.000000000000000000 ) ) ;
#307 = COORDINATED_UNIVERSAL_TIME_OFFSET ( 12, 0, .AHEAD. ) ;
#308 = LOCAL_TIME ( 18, 6, 39.00000000000000000, #1801 ) ;
#309 = ORIENTED_EDGE ( 'NONE', *, *, #2202, .F. ) ;
#310 = CARTESIAN_POINT ( 'NONE',  ( 177.5000000000000000, 136.0000000000000000, -2.500000000000000000 ) ) ;
#311 = DIRECTION ( 'NONE',  ( 0.000000000000000000, 0.000000000000000000, 1.000000000000000000 ) ) ;
#312 = DIRECTION ( 'NONE',  ( 0.000000000000000000, 1.000000000000000000, 0.000000000000000000 ) ) ;
#313 = EDGE_CURVE ( 'NONE', #43, #1355, #1908, .T. ) ;
#314 = CYLINDRICAL_SURFACE ( 'NONE', #1137, 16.99999999999998579 ) ;
#315 = CARTESIAN_POINT ( 'NONE',  ( 181.1862024450208821, 65.70499571670772809, -1.417385095353590252 ) ) ;
#316 = ORIENTED_EDGE ( 'NONE', *, *, #961, .F. ) ;
#317 = EDGE_CURVE ( 'NONE', #1551, #1622, #1898, .T. ) ;
#318 = DIRECTION ( 'NONE',  ( -0.000000000000000000, 1.000000000000000000, -0.000000000000000000 ) ) ;
#319 = VECTOR ( 'NONE', #624, 1000.000000000000000 ) ;
#320 = PERSON_AND_ORGANIZATION_ROLE ( 'classification_officer' ) ;
#321 = TOROIDAL_SURFACE ( 'NONE', #2170, 14.49999999999998579, 2.500000000000002220 ) ;
#322 = VERTEX_POINT ( 'NONE', #1358 ) ;
#323 = AXIS2_PLACEMENT_3D ( 'NONE', #1120, #775, #2243 ) ;
#324 = CARTESIAN_POINT ( 'NONE',  ( 190.0000000000000000, 123.0000000000000000, 0.000000000000000000 ) ) ;
#325 = ORIENTED_EDGE ( 'NONE', *, *, #1138, .T. ) ;
#326 = CARTESIAN_POINT ( 'NONE',  ( 190.0000000000000000, 137.5000000000000000, 16.99999999999998579 ) ) ;
#327 = EDGE_LOOP ( 'NONE', ( #226, #1237, #1466, #791, #1925, #2009 ) ) ;
#328 = CARTESIAN_POINT ( 'NONE',  ( 185.0000000000000000, 59.96133478782001447, -0.5899447027792752429 ) ) ;
#329 = FACE_OUTER_BOUND ( 'NONE', #1737, .T. ) ;
#330 = DIRECTION ( 'NONE',  ( -1.000000000000000000, 0.000000000000000000, 0.000000000000000000 ) ) ;
#331 = APPROVAL_ROLE ( '' ) ;
#332 = EDGE_CURVE ( 'NONE', #2191, #882, #808, .T. ) ;
#333 = ORIENTED_EDGE ( 'NONE', *, *, #1922, .T. ) ;
#334 = DIRECTION ( 'NONE',  ( 0.000000000000000000, -0.000000000000000000, -1.000000000000000000 ) ) ;
#335 = DIRECTION ( 'NONE',  ( 0.000000000000000000, -1.000000000000000000, 0.000000000000000000 ) ) ;
#336 = ORIENTED_EDGE ( 'NONE', *, *, #139, .F. ) ;
#337 = DIRECTION ( 'NONE',  ( 0.000000000000000000, 0.000000000000000000, -1.000000000000000000 ) ) ;
#338 = CARTESIAN_POINT ( 'NONE',  ( 172.7665691329416404, 105.0000000000000000, 5.172044290390743093 ) ) ;
#339 = VERTEX_POINT ( 'NONE', #2286 ) ;
#340 = CARTESIAN_POINT ( 'NONE',  ( 64.00000000000000000, 55.94429781915789590, -0.9507522153523436659 ) ) ;
#341 = CARTESIAN_POINT ( 'NONE',  ( 190.0000000000000000, 105.0000000000000000, 16.99999999999998579 ) ) ;
#342 = FACE_OUTER_BOUND ( 'NONE', #240, .T. ) ;
#343 = B_SPLINE_CURVE_WITH_KNOTS ( 'NONE', 3,
 ( #1643, #176, #159, #1656, #2358, #717, #1834, #1861, #36, #1519, #935, #5, #2075, #1298, #1130, #1685, #1117, #955 ),
 .UNSPECIFIED., .F., .F.,
 ( 4, 2, 2, 2, 2, 2, 2, 2, 4 ),
 ( 0.04796280101912700489, 0.05596107331124727108, 0.06395934560336753727, 0.06795848174942770159, 0.07195761789548785203, 0.07595675404154800248, 0.07795632211457807770, 0.07895610615109310837, 0.07995589018760815292 ),
 .UNSPECIFIED. ) ;
#344 = AXIS2_PLACEMENT_3D ( 'NONE', #2317, #1030, #144 ) ;
#345 = DIRECTION ( 'NONE',  ( 0.000000000000000000, 0.000000000000000000, -1.000000000000000000 ) ) ;
#346 = CARTESIAN_POINT ( 'NONE',  ( 165.0000000000000000, 110.0000000000000000, 3.100000000000000089 ) ) ;
#347 = EDGE_CURVE ( 'NONE', #2115, #1476, #1747, .T. ) ;
#348 = DIRECTION ( 'NONE',  ( 0.000000000000000000, 0.000000000000000000, 1.000000000000000000 ) ) ;
#349 = LINE ( 'NONE', #688, #899 ) ;
#350 = ORIENTED_EDGE ( 'NONE', *, *, #927, .T. ) ;
#351 = CARTESIAN_POINT ( 'NONE',  ( 64.00000000000000000, 78.68415546129544680, -4.157044382679823791 ) ) ;
#352 = CARTESIAN_POINT ( 'NONE',  ( 183.2820000000000107, 136.0000000000000000, -8.317999999999990735 ) ) ;
#353 = ORIENTED_EDGE ( 'NONE', *, *, #989, .T. ) ;
#354 = AXIS2_PLACEMENT_3D ( 'NONE', #1217, #1384, #84 ) ;
#355 = CYLINDRICAL_SURFACE ( 'NONE', #2275, 0.8999999999999980238 ) ;
#356 = PLANE ( 'NONE',  #1640 ) ;
#357 = DIRECTION ( 'NONE',  ( 1.000000000000000000, 0.000000000000000000, 0.000000000000000000 ) ) ;
#358 = AXIS2_PLACEMENT_3D ( 'NONE', #884, #1637, #2179 ) ;
#359 = VECTOR ( 'NONE', #788, 1000.000000000000114 ) ;
#360 = DIRECTION ( 'NONE',  ( 0.000000000000000000, 0.000000000000000000, -1.000000000000000000 ) ) ;
#361 = EDGE_CURVE ( 'NONE', #1484, #1186, #2052, .T. ) ;
#362 = ORIENTED_EDGE ( 'NONE', *, *, #2124, .T. ) ;
#363 = CARTESIAN_POINT ( 'NONE',  ( 64.00000000000000000, 52.44290321668560750, -0.3742775483541578296 ) ) ;
#364 = LINE ( 'NONE', #2346, #286 ) ;
#365 = CARTESIAN_POINT ( 'NONE',  ( 176.3252056688226901, 136.0000000000000000, 3.000000000000000000 ) ) ;
#366 = ORIENTED_EDGE ( 'NONE', *, *, #718, .F. ) ;
#367 = PLANE ( 'NONE',  #516 ) ;
#368 = DIRECTION ( 'NONE',  ( 1.000000000000000000, 0.000000000000000000, 0.000000000000000000 ) ) ;
#369 = FACE_OUTER_BOUND ( 'NONE', #53, .T. ) ;
#370 = ORIENTED_EDGE ( 'NONE', *, *, #139, .T. ) ;
#371 = CARTESIAN_POINT ( 'NONE',  ( 64.00000000000000000, 85.75514042015336713, -4.982971378066937795 ) ) ;
#372 = ORIENTED_CLOSED_SHELL ( 'NONE', *, #257, .F. );
#373 = DIRECTION ( 'NONE',  ( 1.000000000000000000, 0.000000000000000000, 1.224646799147353207E-16 ) ) ;
#374 = DIRECTION ( 'NONE',  ( 0.000000000000000000, 0.000000000000000000, -1.000000000000000000 ) ) ;
#375 = EDGE_LOOP ( 'NONE', ( #721, #975 ) ) ;
#376 = CYLINDRICAL_SURFACE ( 'NONE', #1560, 3.100000000000000089 ) ;
#377 = CARTESIAN_POINT ( 'NONE',  ( 173.5846557193801516, 136.1877530397105716, -4.423455550187858520 ) ) ;
#378 = CARTESIAN_POINT ( 'NONE',  ( 173.7996194694385963, 114.3700221803799906, -5.328814393786490911 ) ) ;
#379 = VECTOR ( 'NONE', #1085, 1000.000000000000000 ) ;
#380 = DIRECTION ( 'NONE',  ( -0.000000000000000000, 1.000000000000000000, -0.000000000000000000 ) ) ;
#381 = B_SPLINE_CURVE_WITH_KNOTS ( 'NONE', 3,
 ( #2372, #1846, #731, #1477 ),
 .UNSPECIFIED., .F., .F.,
 ( 4, 4 ),
 ( 8.673617379884035472E-19, 0.0003515558638157399436 ),
 .UNSPECIFIED. ) ;
#382 = AXIS2_PLACEMENT_3D ( 'NONE', #1147, #368, #1856 ) ;
#383 = VERTEX_POINT ( 'NONE', #295 ) ;
#384 = CARTESIAN_POINT ( 'NONE',  ( 64.00000000000000000, 154.2368365333354632, 3.941714452599461183 ) ) ;
#385 = CARTESIAN_POINT ( 'NONE',  ( 176.4707209511437895, 89.26497725962531149, 4.062957969414419779 ) ) ;
#386 = CARTESIAN_POINT ( 'NONE',  ( 182.7986376933970973, 57.89084153851557346, -0.1000566841990035566 ) ) ;
#387 = CARTESIAN_POINT ( 'NONE',  ( 170.0000000000000000, 139.0813022358196633, -1.252881900729466924 ) ) ;
#388 = EDGE_CURVE ( 'NONE', #1674, #1598, #85, .T. ) ;
#389 = ORIENTED_EDGE ( 'NONE', *, *, #73, .F. ) ;
#390 = CARTESIAN_POINT ( 'NONE',  ( 173.7931378913535809, 110.2640337080687232, -5.308635348784477515 ) ) ;
#391 = CIRCLE ( 'NONE', #1707, 0.8999999999999980238 ) ;
#392 = FACE_BOUND ( 'NONE', #58, .T. ) ;
#393 = CARTESIAN_POINT ( 'NONE',  ( 171.7201718029895687, 133.5249773693814461, -3.602888739516444172 ) ) ;
#394 = B_SPLINE_CURVE_WITH_KNOTS ( 'NONE', 3,
 ( #2094, #1047, #1063, #1446, #1628, #888, #1990, #338, #1077, #2182 ),
 .UNSPECIFIED., .F., .F.,
 ( 4, 2, 2, 2, 4 ),
 ( 3.469446951953614189E-18, 0.0005977865863203193344, 0.001195573172640635199, 0.001793359758960950956, 0.002391146345281266929 ),
 .UNSPECIFIED. ) ;
#395 = AXIS2_PLACEMENT_3D ( 'NONE', #259, #986, #1959 ) ;
#396 = ORIENTED_EDGE ( 'NONE', *, *, #1896, .T. ) ;
#397 = CARTESIAN_POINT ( 'NONE',  ( 185.0000000000000000, 134.0016964467834839, 2.702374481606632628 ) ) ;
#398 = CYLINDRICAL_SURFACE ( 'NONE', #399, 4.000000000000003553 ) ;
#399 = AXIS2_PLACEMENT_3D ( 'NONE', #1162, #1875, #559 ) ;
#400 = CARTESIAN_POINT ( 'NONE',  ( 182.8068862588932575, 57.89125055829222788, -0.2999999999999999889 ) ) ;
#401 = CARTESIAN_POINT ( 'NONE',  ( 173.8136212005653078, 132.8675279850388051, 5.198416842954538097 ) ) ;
#402 = DIRECTION ( 'NONE',  ( 0.000000000000000000, 1.000000000000000000, 0.000000000000000000 ) ) ;
#403 = EDGE_CURVE ( 'NONE', #383, #673, #71, .T. ) ;
#404 = ORIENTED_EDGE ( 'NONE', *, *, #1509, .F. ) ;
#405 = FACE_BOUND ( 'NONE', #2301, .T. ) ;
#406 = ORIENTED_EDGE ( 'NONE', *, *, #2359, .F. ) ;
#407 = CARTESIAN_POINT ( 'NONE',  ( 64.00000000000000000, 101.1415416196256274, 6.479351343665457286 ) ) ;
#408 = CARTESIAN_POINT ( 'NONE',  ( 64.00000000000000000, 52.00000000000000000, 0.2999999999999999889 ) ) ;
#409 = CARTESIAN_POINT ( 'NONE',  ( 173.6188347722525691, 138.9005863772484020, -2.500000000000000000 ) ) ;
#410 = CARTESIAN_POINT ( 'NONE',  ( 173.6143904850771662, 126.5937461780466720, 4.747939647848624212 ) ) ;
#411 = EDGE_CURVE ( 'NONE', #1528, #2022, #843, .T. ) ;
#412 = CARTESIAN_POINT ( 'NONE',  ( 173.9354069118097073, 130.8373618593325318, -5.562724663357894173 ) ) ;
#413 = EDGE_LOOP ( 'NONE', ( #1883, #82 ) ) ;
#414 = FACE_OUTER_BOUND ( 'NONE', #2031, .T. ) ;
#415 = CARTESIAN_POINT ( 'NONE',  ( 173.4747307620372681, 138.6899603325430803, -2.499999999999992450 ) ) ;
#416 = EDGE_CURVE ( 'NONE', #1609, #2356, #391, .T. ) ;
#417 = VERTEX_POINT ( 'NONE', #1917 ) ;
#418 = CARTESIAN_POINT ( 'NONE',  ( 64.00000000000000000, 112.9641677284163848, -7.274393137804818998 ) ) ;
#419 = CARTESIAN_POINT ( 'NONE',  ( 173.4946939393805394, 138.5036594516237471, 3.096836285427067459 ) ) ;
#420 = CC_DESIGN_APPROVAL ( #774, ( #544 ) ) ;
#421 = CARTESIAN_POINT ( 'NONE',  ( 46.00000000000000000, 95.00000000000000000, 4.000000000000000000 ) ) ;
#422 = CARTESIAN_POINT ( 'NONE',  ( 173.2817064567500154, 133.8067274145224133, 3.445524263114260410 ) ) ;
#423 = CARTESIAN_POINT ( 'NONE',  ( 204.0000000000000000, 136.0000000000000000, 0.000000000000000000 ) ) ;
#424 = CARTESIAN_POINT ( 'NONE',  ( 173.6084303638737651, 135.8535520905535350, -4.507607598552184847 ) ) ;
#425 = EDGE_CURVE ( 'NONE', #1006, #780, #2107, .T. ) ;
#426 = ORIENTED_EDGE ( 'NONE', *, *, #523, .F. ) ;
#427 = CARTESIAN_POINT ( 'NONE',  ( 173.6188347722525691, 138.9005863772484020, -2.500000000000000000 ) ) ;
#428 = B_SPLINE_CURVE_WITH_KNOTS ( 'NONE', 3,
 ( #2197, #1797, #1285, #136 ),
 .UNSPECIFIED., .F., .F.,
 ( 4, 4 ),
 ( 0.000000000000000000, 0.0003515558638157406483 ),
 .UNSPECIFIED. ) ;
#429 = CIRCLE ( 'NONE', #1790, 1.599999999999990319 ) ;
#430 = VERTEX_POINT ( 'NONE', #280 ) ;
#431 = CARTESIAN_POINT ( 'NONE',  ( 46.00000000000000000, 129.0000000000000000, 3.000000000000000000 ) ) ;
#432 = CARTESIAN_POINT ( 'NONE',  ( 172.9969335883687052, 138.0967010734259190, 2.500000000000000000 ) ) ;
#433 = EDGE_CURVE ( 'NONE', #87, #2279, #255, .T. ) ;
#434 = AXIS2_PLACEMENT_3D ( 'NONE', #1267, #1658, #1488 ) ;
#435 = DIRECTION ( 'NONE',  ( -0.000000000000000000, 1.000000000000000000, -0.000000000000000000 ) ) ;
#436 = CIRCLE ( 'NONE', #1411, 0.8999999999999980238 ) ;
#437 = CARTESIAN_POINT ( 'NONE',  ( 174.3290587929392927, 115.7267785378281530, 6.589525135896946217 ) ) ;
#438 = ORIENTED_EDGE ( 'NONE', *, *, #347, .T. ) ;
#439 = CARTESIAN_POINT ( 'NONE',  ( 64.00000000000000000, 110.0000000000000000, 0.000000000000000000 ) ) ;
#440 = CARTESIAN_POINT ( 'NONE',  ( 171.8126712513439429, 132.4132542064317022, -3.864372020157911702 ) ) ;
#441 = CALENDAR_DATE ( 2026, 29, 9 ) ;
#442 = ORIENTED_EDGE ( 'NONE', *, *, #1657, .F. ) ;
#443 = CARTESIAN_POINT ( 'NONE',  ( 172.8977884338493709, 105.0000000000000000, 5.138803094200345534 ) ) ;
#444 = CARTESIAN_POINT ( 'NONE',  ( 64.00000000000000000, 89.52099056137808475, 5.389241356348179579 ) ) ;
#445 = CARTESIAN_POINT ( 'NONE',  ( 110.0000000000000000, 123.0000000000000000, 4.700000000000000178 ) ) ;
#446 = DIRECTION ( 'NONE',  ( 0.000000000000000000, 0.000000000000000000, 1.000000000000000000 ) ) ;
#447 = CARTESIAN_POINT ( 'NONE',  ( 173.1746701256009544, 135.7065578492449163, 2.895859095772844505 ) ) ;
#448 = DIRECTION ( 'NONE',  ( 0.000000000000000000, 1.000000000000000000, 0.000000000000000000 ) ) ;
#449 = CARTESIAN_POINT ( 'NONE',  ( 110.0000000000000000, 135.0000000000000000, -3.800000000000002043 ) ) ;
#450 = VERTEX_POINT ( 'NONE', #1932 ) ;
#451 = CARTESIAN_POINT ( 'NONE',  ( 171.8576262850134810, 137.0937854456731770, -2.500000000000000444 ) ) ;
#452 = DIRECTION ( 'NONE',  ( -0.000000000000000000, 1.000000000000000000, -0.000000000000000000 ) ) ;
#453 = CARTESIAN_POINT ( 'NONE',  ( 185.0000000000000000, 63.47282711229699714, 1.084882000598132334 ) ) ;
#454 = CARTESIAN_POINT ( 'NONE',  ( 110.0000000000000000, 135.0000000000000000, 5.599999999999997868 ) ) ;
#455 = CIRCLE ( 'NONE', #2299, 0.8999999999999980238 ) ;
#456 = VERTEX_POINT ( 'NONE', #1398 ) ;
#457 = CARTESIAN_POINT ( 'NONE',  ( 176.3252056688226901, 136.0000000000000000, -3.000000000000000000 ) ) ;
#458 = EDGE_CURVE ( 'NONE', #1457, #1662, #239, .T. ) ;
#459 = AXIS2_PLACEMENT_3D ( 'NONE', #1221, #1949, #1773 ) ;
#460 = CARTESIAN_POINT ( 'NONE',  ( 171.3883057511342827, 136.7271627792455035, 2.639985068037253857 ) ) ;
#461 = CARTESIAN_POINT ( 'NONE',  ( 110.0000000000000000, 123.0000000000000000, -4.700000000000000178 ) ) ;
#462 = DIRECTION ( 'NONE',  ( 0.000000000000000000, -1.000000000000000000, 0.000000000000000000 ) ) ;
#463 = ADVANCED_FACE ( 'NONE', ( #666 ), #1593, .F. ) ;
#464 = EDGE_LOOP ( 'NONE', ( #2335, #2158, #1343, #951 ) ) ;
#465 = ORIENTED_EDGE ( 'NONE', *, *, #458, .T. ) ;
#466 = DIRECTION ( 'NONE',  ( 1.000000000000000000, 0.000000000000000000, 0.000000000000000000 ) ) ;
#467 = CARTESIAN_POINT ( 'NONE',  ( 172.3888978708145032, 119.6897144088533338, -5.255011677959192440 ) ) ;
#468 = DIRECTION ( 'NONE',  ( 0.000000000000000000, 1.000000000000000000, 0.000000000000000000 ) ) ;
#469 = DIRECTION ( 'NONE',  ( -0.000000000000000000, -0.000000000000000000, -1.000000000000000000 ) ) ;
#470 = CARTESIAN_POINT ( 'NONE',  ( 46.00000000000000000, 123.0000000000000000, 3.000000000000000000 ) ) ;
#471 = EDGE_CURVE ( 'NONE', #601, #1576, #13, .T. ) ;
#472 = CARTESIAN_POINT ( 'NONE',  ( 173.8569872236954552, 132.2146881851111573, 5.337775954379353927 ) ) ;
#473 = VECTOR ( 'NONE', #1970, 1000.000000000000000 ) ;
#474 = CIRCLE ( 'NONE', #1451, 13.99999999999998401 ) ;
#475 = CARTESIAN_POINT ( 'NONE',  ( 173.1041129192597339, 136.8251728820719961, -2.461515720494364956 ) ) ;
#476 = DATE_AND_TIME ( #1040, #1589 ) ;
#477 = AXIS2_PLACEMENT_3D ( 'NONE', #445, #1943, #2284 ) ;
#478 = ORIENTED_EDGE ( 'NONE', *, *, #411, .F. ) ;
#479 = DIRECTION ( 'NONE',  ( 0.000000000000000000, 0.000000000000000000, 1.000000000000000000 ) ) ;
#480 = CC_DESIGN_DATE_AND_TIME_ASSIGNMENT ( #1621, #2334, ( #1082 ) ) ;
#481 = DIRECTION ( 'NONE',  ( 0.000000000000000000, 1.000000000000000000, 0.000000000000000000 ) ) ;
#482 = CARTESIAN_POINT ( 'NONE',  ( 183.2820000000000107, 136.0000000000000000, 6.717999999999999972 ) ) ;
#483 = CARTESIAN_POINT ( 'NONE',  ( 184.9999999999999716, 58.32966694730094304, 0.3490379872527458183 ) ) ;
#484 = CARTESIAN_POINT ( 'NONE',  ( 75.00000000000000000, 135.0000000000000000, -4.700000000000000178 ) ) ;
#485 = ORIENTED_EDGE ( 'NONE', *, *, #63, .F. ) ;
#486 = DIRECTION ( 'NONE',  ( -0.000000000000000000, 1.000000000000000000, -0.000000000000000000 ) ) ;
#487 =( BOUNDED_SURFACE ( )  B_SPLINE_SURFACE ( 3, 2, ( 
 ( #1910, #475, #117 ),
 ( #847, #1596, #128 ),
 ( #2310, #1607, #671 ),
 ( #1416, #680, #2333 ),
 ( #190, #2008, #161 ),
 ( #738, #1984, #1844 ),
 ( #2164, #2020, #1995 ),
 ( #913, #1105, #2186 ) ),
 .UNSPECIFIED., .F., .F., .T. ) 
 B_SPLINE_SURFACE_WITH_KNOTS ( ( 4, 2, 2, 4 ),
 ( 3, 3 ),
 ( 0.02701536304827079765, 0.02858419330973656358, 0.02936860844046945002, 0.03015302357120233298 ),
 ( 0.000000000000000000, 1.000000000000000000 ),
 .UNSPECIFIED. ) 
 GEOMETRIC_REPRESENTATION_ITEM ( )  RATIONAL_B_SPLINE_SURFACE ( (
 ( 1.000000000000000000, 0.7567157163547308940, 1.000000000000000000),
 ( 1.000000000000000000, 0.7632425621038158026, 1.000000000000000000),
 ( 1.000000000000000000, 0.7723845923505894273, 1.000000000000000000),
 ( 1.000000000000000000, 0.7918076009837856644, 1.000000000000000000),
 ( 1.000000000000000000, 0.7991046893113319394, 1.000000000000000000),
 ( 1.000000000000000000, 0.8146804089479587896, 1.000000000000000000),
 ( 1.000000000000000000, 0.8229768132584383000, 1.000000000000000000),
 ( 1.000000000000000000, 0.8319134762214915879, 1.000000000000000000) ) ) 
 REPRESENTATION_ITEM ( '' )  SURFACE ( )  );
#488 = CARTESIAN_POINT ( 'NONE',  ( 182.3885030512247170, 59.84010216933189241, -0.5938813766394395177 ) ) ;
#489 = ORIENTED_EDGE ( 'NONE', *, *, #2060, .F. ) ;
#490 = APPROVAL_ROLE ( '' ) ;
#491 = ORIENTED_EDGE ( 'NONE', *, *, #522, .F. ) ;
#492 = CARTESIAN_POINT ( 'NONE',  ( 171.5354192962761601, 137.5000000000000000, -4.478756460856987864 ) ) ;
#493 = CARTESIAN_POINT ( 'NONE',  ( 196.7180000000000177, 134.9999999999999716, 6.717999999999999972 ) ) ;
#494 = ORIENTED_EDGE ( 'NONE', *, *, #630, .T. ) ;
#495 = PLANE ( 'NONE',  #2078 ) ;
#496 = EDGE_CURVE ( 'NONE', #1457, #2115, #275, .T. ) ;
#497 = ORIENTED_EDGE ( 'NONE', *, *, #981, .T. ) ;
#498 = DIRECTION ( 'NONE',  ( 0.000000000000000000, 0.000000000000000000, -1.000000000000000000 ) ) ;
#499 = FACE_OUTER_BOUND ( 'NONE', #1619, .T. ) ;
#500 = CARTESIAN_POINT ( 'NONE',  ( 171.5176069324065224, 135.7619218792581535, 2.981172034968006646 ) ) ;
#501 = CARTESIAN_POINT ( 'NONE',  ( 110.0000000000000000, 135.0000000000000000, 4.700000000000000178 ) ) ;
#502 = PERSON_AND_ORGANIZATION ( #801, #995 ) ;
#503 = LOCAL_TIME ( 18, 6, 39.00000000000000000, #1258 ) ;
#504 = ORIENTED_EDGE ( 'NONE', *, *, #669, .F. ) ;
#505 = CARTESIAN_POINT ( 'NONE',  ( 64.00000000000000000, 52.00000000000000000, 0.2999999999999999889 ) ) ;
#506 = DIRECTION ( 'NONE',  ( 0.000000000000000000, -1.000000000000000000, 0.000000000000000000 ) ) ;
#507 = EDGE_CURVE ( 'NONE', #292, #157, #1523, .T. ) ;
#508 = CARTESIAN_POINT ( 'NONE',  ( 64.00000000000000000, 110.0000000000000000, 0.000000000000000000 ) ) ;
#509 = EDGE_LOOP ( 'NONE', ( #604, #325, #1826, #491 ) ) ;
#510 = DIRECTION ( 'NONE',  ( 0.000000000000000000, 0.000000000000000000, -1.000000000000000000 ) ) ;
#511 = CARTESIAN_POINT ( 'NONE',  ( 173.4322975176534953, 137.7903306667623156, 3.814523202754647180 ) ) ;
#512 = EDGE_CURVE ( 'NONE', #2213, #339, #853, .T. ) ;
#513 = CYLINDRICAL_SURFACE ( 'NONE', #743, 13.99999999999998401 ) ;
#514 = AXIS2_PLACEMENT_3D ( 'NONE', #2095, #1944, #1956 ) ;
#515 = APPROVAL_ROLE ( '' ) ;
#516 = AXIS2_PLACEMENT_3D ( 'NONE', #1998, #698, #143 ) ;
#517 = ORIENTED_EDGE ( 'NONE', *, *, #332, .T. ) ;
#518 = CARTESIAN_POINT ( 'NONE',  ( 173.8723171133452468, 139.2256645083866147, 2.500000000000000444 ) ) ;
#519 = CIRCLE ( 'NONE', #477, 0.8999999999999980238 ) ;
#520 = CARTESIAN_POINT ( 'NONE',  ( 64.00000000000000000, 95.00000000000000000, 4.000000000000000000 ) ) ;
#521 = CARTESIAN_POINT ( 'NONE',  ( 110.0000000000000000, 135.0000000000000000, -4.700000000000000178 ) ) ;
#522 = EDGE_CURVE ( 'NONE', #1213, #299, #1166, .T. ) ;
#523 = EDGE_CURVE ( 'NONE', #1141, #1764, #1842, .T. ) ;
#524 = ORIENTED_EDGE ( 'NONE', *, *, #1086, .T. ) ;
#525 = DIRECTION ( 'NONE',  ( -0.000000000000000000, 1.000000000000000000, -0.000000000000000000 ) ) ;
#526 = LINE ( 'NONE', #1843, #2278 ) ;
#527 = ORIENTED_CLOSED_SHELL ( 'NONE', *, #2327, .F. );
#528 = DIRECTION ( 'NONE',  ( 0.000000000000000000, 0.000000000000000000, 1.000000000000000000 ) ) ;
#529 = CARTESIAN_POINT ( 'NONE',  ( 176.2250226860441273, 136.0000000000000000, -2.500000000000000000 ) ) ;
#530 = APPROVAL_DATE_TIME ( #1233, #774 ) ;
#531 = EDGE_CURVE ( 'NONE', #824, #2163, #1326, .T. ) ;
#532 = VERTEX_POINT ( 'NONE', #1079 ) ;
#533 = DIRECTION ( 'NONE',  ( 0.000000000000000000, -1.000000000000000000, 0.000000000000000000 ) ) ;
#534 = CARTESIAN_POINT ( 'NONE',  ( 196.7180000000000177, 136.0000000000000000, -6.717999999999999972 ) ) ;
#535 = LINE ( 'NONE', #2, #539 ) ;
#536 = ORIENTED_EDGE ( 'NONE', *, *, #1354, .F. ) ;
#537 = CARTESIAN_POINT ( 'NONE',  ( 185.0000000000000000, 70.77671766330340120, -2.028358082342285318 ) ) ;
#538 = CARTESIAN_POINT ( 'NONE',  ( 165.0000000000000000, 110.0000000000000000, 0.000000000000000000 ) ) ;
#539 = VECTOR ( 'NONE', #380, 1000.000000000000000 ) ;
#540 = ORIENTED_EDGE ( 'NONE', *, *, #1924, .T. ) ;
#541 = CARTESIAN_POINT ( 'NONE',  ( 177.5000000000000000, 141.0000000000000000, 2.500000000000000000 ) ) ;
#542 = FACE_OUTER_BOUND ( 'NONE', #1190, .T. ) ;
#543 = EDGE_CURVE ( 'NONE', #1713, #1089, #429, .T. ) ;
#544 = PRODUCT_DEFINITION_FORMATION_WITH_SPECIFIED_SOURCE ( 'ANY', '', #2035, .NOT_KNOWN. ) ;
#545 = ORIENTED_EDGE ( 'NONE', *, *, #914, .F. ) ;
#546 = DIRECTION ( 'NONE',  ( -0.000000000000000000, 1.000000000000000000, -0.000000000000000000 ) ) ;
#547 = LINE ( 'NONE', #694, #1836 ) ;
#548 = ORIENTED_EDGE ( 'NONE', *, *, #1263, .F. ) ;
#549 = AXIS2_PLACEMENT_3D ( 'NONE', #1240, #2162, #1833 ) ;
#550 = FACE_BOUND ( 'NONE', #700, .T. ) ;
#551 = LINE ( 'NONE', #1661, #844 ) ;
#552 = CIRCLE ( 'NONE', #395, 13.99999999999998401 ) ;
#553 = CC_DESIGN_PERSON_AND_ORGANIZATION_ASSIGNMENT ( #682, #1428, ( #544 ) ) ;
#554 = ORIENTED_EDGE ( 'NONE', *, *, #1701, .F. ) ;
#555 = AXIS2_PLACEMENT_3D ( 'NONE', #1633, #706, #528 ) ;
#556 = FACE_BOUND ( 'NONE', #615, .T. ) ;
#557 = ORIENTED_EDGE ( 'NONE', *, *, #572, .F. ) ;
#558 = CARTESIAN_POINT ( 'NONE',  ( 185.0000000000000000, 135.0728285314352775, 2.351116429766299198 ) ) ;
#559 = DIRECTION ( 'NONE',  ( 0.000000000000000000, 0.000000000000000000, 1.000000000000000000 ) ) ;
#560 = CARTESIAN_POINT ( 'NONE',  ( 172.3622057974524466, 104.9999999999999574, -5.147553549348597102 ) ) ;
#561 = ORIENTED_EDGE ( 'NONE', *, *, #1434, .T. ) ;
#562 = DIRECTION ( 'NONE',  ( -1.000000000000000000, 0.000000000000000000, 0.000000000000000000 ) ) ;
#563 = CARTESIAN_POINT ( 'NONE',  ( 177.5000000000000000, 140.0000000000000000, 0.000000000000000000 ) ) ;
#564 = ADVANCED_FACE ( 'NONE', ( #877 ), #314, .T. ) ;
#565 = ORIENTED_EDGE ( 'NONE', *, *, #718, .T. ) ;
#566 = CARTESIAN_POINT ( 'NONE',  ( 185.0000000000000000, 134.0016964467834555, -2.702374481606633072 ) ) ;
#567 = CARTESIAN_POINT ( 'NONE',  ( 174.0190151717232254, 101.0656524817652979, 4.955111280363152737 ) ) ;
#568 = ADVANCED_FACE ( 'NONE', ( #148 ), #1449, .F. ) ;
#569 = CARTESIAN_POINT ( 'NONE',  ( 177.5000000000000000, 136.0000000000000000, 2.500000000000000000 ) ) ;
#570 = LINE ( 'NONE', #1289, #1362 ) ;
#571 = DIRECTION ( 'NONE',  ( 0.000000000000000000, -1.000000000000000000, 0.000000000000000000 ) ) ;
#572 = EDGE_CURVE ( 'NONE', #1306, #2070, #428, .T. ) ;
#573 = CIRCLE ( 'NONE', #1666, 1.599999999999990319 ) ;
#574 = CIRCLE ( 'NONE', #1546, 1.599999999999990319 ) ;
#575 = CARTESIAN_POINT ( 'NONE',  ( 171.3883057511342827, 136.7271627792453899, -2.639985068037283167 ) ) ;
#576 = VERTEX_POINT ( 'NONE', #158 ) ;
#577 = CARTESIAN_POINT ( 'NONE',  ( 64.00000000000000000, 124.3977147227123652, -7.625235452124244695 ) ) ;
#578 = CARTESIAN_POINT ( 'NONE',  ( 183.2820000000000107, 140.0000000000000000, 6.717999999999999972 ) ) ;
#579 = ADVANCED_FACE ( 'NONE', ( #2017 ), #1053, .T. ) ;
#580 = CARTESIAN_POINT ( 'NONE',  ( 173.8562296178816098, 132.1927318157553657, 5.328598321023565454 ) ) ;
#581 = CARTESIAN_POINT ( 'NONE',  ( 64.00000000000000000, 72.49854646718331708, -3.384664254940702222 ) ) ;
#582 = CARTESIAN_POINT ( 'NONE',  ( 173.6188347722525691, 138.9005863772484020, -2.500000000000000000 ) ) ;
#583 = AXIS2_PLACEMENT_3D ( 'NONE', #821, #1242, #2138 ) ;
#584 = DIRECTION ( 'NONE',  ( 0.000000000000000000, 0.000000000000000000, -1.000000000000000000 ) ) ;
#585 = EDGE_LOOP ( 'NONE', ( #1821, #1515 ) ) ;
#586 = CARTESIAN_POINT ( 'NONE',  ( 64.00000000000000000, 143.8488568854597531, 6.571591727123520243 ) ) ;
#587 = ADVANCED_FACE ( 'NONE', ( #1894, #796 ), #2261, .T. ) ;
#588 = CARTESIAN_POINT ( 'NONE',  ( 176.2250226860441273, 129.0000000000000000, -2.499999999999999556 ) ) ;
#589 = CARTESIAN_POINT ( 'NONE',  ( 174.3109009638173177, 118.4815237647423487, 6.547478622156963191 ) ) ;
#590 = CARTESIAN_POINT ( 'NONE',  ( 64.00000000000000000, 137.5203383235722185, -7.288575040863209509 ) ) ;
#591 = CARTESIAN_POINT ( 'NONE',  ( 173.8144650561486344, 132.8543090403372844, -5.201024148322189511 ) ) ;
#592 = EDGE_CURVE ( 'NONE', #1302, #780, #806, .T. ) ;
#593 = ORIENTED_EDGE ( 'NONE', *, *, #1971, .T. ) ;
#594 = CARTESIAN_POINT ( 'NONE',  ( 173.1655796601729946, 105.0000000000000000, 5.134422248122777255 ) ) ;
#595 = B_SPLINE_CURVE_WITH_KNOTS ( 'NONE', 3,
 ( #594, #443, #273, #290 ),
 .UNSPECIFIED., .F., .F.,
 ( 4, 4 ),
 ( 0.000000000000000000, 0.0008034811723831825851 ),
 .UNSPECIFIED. ) ;
#596 = ORIENTED_EDGE ( 'NONE', *, *, #675, .F. ) ;
#597 = CARTESIAN_POINT ( 'NONE',  ( 64.00000000000000000, 157.4239216510432016, 1.653628767251988485 ) ) ;
#598 = CARTESIAN_POINT ( 'NONE',  ( 173.4323123306377852, 138.0297242391204975, 3.617387315913936252 ) ) ;
#599 = DIRECTION ( 'NONE',  ( 0.000000000000000000, 0.000000000000000000, 1.000000000000000000 ) ) ;
#600 = CARTESIAN_POINT ( 'NONE',  ( 172.4046602346727184, 107.5353334029704087, 5.256083784973754724 ) ) ;
#601 = VERTEX_POINT ( 'NONE', #1173 ) ;
#602 = CARTESIAN_POINT ( 'NONE',  ( 190.0000000000000000, 137.5000000000000000, 0.000000000000000000 ) ) ;
#603 = CARTESIAN_POINT ( 'NONE',  ( 173.8567814122741879, 132.1835273415493646, -5.330248624441876082 ) ) ;
#604 = ORIENTED_EDGE ( 'NONE', *, *, #1086, .F. ) ;
#605 = EDGE_CURVE ( 'NONE', #1178, #1528, #99, .T. ) ;
#606 = CARTESIAN_POINT ( 'NONE',  ( 46.00000000000000000, 123.0000000000000000, -3.000000000000000000 ) ) ;
#607 = AXIS2_PLACEMENT_3D ( 'NONE', #629, #1169, #1550 ) ;
#608 = ORIENTED_EDGE ( 'NONE', *, *, #1681, .F. ) ;
#609 = LINE ( 'NONE', #1381, #88 ) ;
#610 = CARTESIAN_POINT ( 'NONE',  ( 171.9727247175309230, 137.1511399817231052, 2.499999999999999556 ) ) ;
#611 = DIRECTION ( 'NONE',  ( 0.000000000000000000, 0.000000000000000000, 1.000000000000000000 ) ) ;
#612 = CARTESIAN_POINT ( 'NONE',  ( 170.0000000000000000, 137.7024846981918813, -2.306723637444295427 ) ) ;
#613 = CARTESIAN_POINT ( 'NONE',  ( 173.7158568190069161, 122.5652543273627373, -5.075363072345778548 ) ) ;
#614 = DATE_AND_TIME ( #441, #503 ) ;
#615 = EDGE_LOOP ( 'NONE', ( #2142, #396 ) ) ;
#616 = CARTESIAN_POINT ( 'NONE',  ( 172.4060986536764801, 107.6673215866486686, -5.259721072997858293 ) ) ;
#617 = CC_DESIGN_PERSON_AND_ORGANIZATION_ASSIGNMENT ( #695, #881, ( #1670 ) ) ;
#618 = AXIS2_PLACEMENT_3D ( 'NONE', #2103, #452, #2293 ) ;
#619 = EDGE_LOOP ( 'NONE', ( #1722, #288, #1183, #1128 ) ) ;
#620 = CARTESIAN_POINT ( 'NONE',  ( 64.00000000000000000, 52.88637962628123290, 0.4486512246263056891 ) ) ;
#621 = CARTESIAN_POINT ( 'NONE',  ( 196.7180000000000177, 134.9999999999999716, 6.717999999999999972 ) ) ;
#622 = AXIS2_PLACEMENT_3D ( 'NONE', #2155, #1749, #94 ) ;
#623 = DIRECTION ( 'NONE',  ( -0.000000000000000000, 1.000000000000000000, -0.000000000000000000 ) ) ;
#624 = DIRECTION ( 'NONE',  ( 0.000000000000000000, -1.000000000000000000, 0.000000000000000000 ) ) ;
#625 = CARTESIAN_POINT ( 'NONE',  ( 64.00000000000000000, 52.00000000000000000, 0.2999999999999999889 ) ) ;
#626 = CARTESIAN_POINT ( 'NONE',  ( 190.0000000000000000, 129.0000000000000000, 0.000000000000000000 ) ) ;
#627 = EDGE_LOOP ( 'NONE', ( #1771, #1202, #793, #924 ) ) ;
#628 = DIRECTION ( 'NONE',  ( 0.000000000000000000, 0.000000000000000000, -1.000000000000000000 ) ) ;
#629 = CARTESIAN_POINT ( 'NONE',  ( 190.0000000000000000, 140.0000000000000000, 0.000000000000000000 ) ) ;
#630 = EDGE_CURVE ( 'NONE', #339, #123, #609, .T. ) ;
#631 = EDGE_CURVE ( 'NONE', #1528, #2207, #1356, .T. ) ;
#632 = ORIENTED_EDGE ( 'NONE', *, *, #1461, .F. ) ;
#633 = CARTESIAN_POINT ( 'NONE',  ( 64.00000000000000000, 54.63511737365566745, 0.7392085161886294831 ) ) ;
#634 = CARTESIAN_POINT ( 'NONE',  ( 175.7171431429143240, 140.0000000000000000, -2.500000000000000000 ) ) ;
#635 = CARTESIAN_POINT ( 'NONE',  ( 196.7180000000000177, 136.0000000000000000, 8.317999999999990735 ) ) ;
#636 = CARTESIAN_POINT ( 'NONE',  ( 173.8154480335590506, 105.0000000000000000, -5.725329177532916702 ) ) ;
#637 = ADVANCED_FACE ( 'NONE', ( #80 ), #1539, .F. ) ;
#638 = EDGE_CURVE ( 'NONE', #1457, #1306, #1094, .T. ) ;
#639 = CARTESIAN_POINT ( 'NONE',  ( 174.8477031322954360, 97.13016786058373953, -4.693733870945795417 ) ) ;
#640 = DIRECTION ( 'NONE',  ( 0.000000000000000000, -1.000000000000000000, 0.000000000000000000 ) ) ;
#641 = CARTESIAN_POINT ( 'NONE',  ( 173.2826449802611819, 133.7899547136808849, -3.449887566191347066 ) ) ;
#642 = ORIENTED_EDGE ( 'NONE', *, *, #1363, .T. ) ;
#643 = DIRECTION ( 'NONE',  ( -1.000000000000000000, -0.000000000000000000, -0.000000000000000000 ) ) ;
#644 = CARTESIAN_POINT ( 'NONE',  ( 172.9962623040364917, 138.0959087204571176, -2.500000000000000000 ) ) ;
#645 = APPLICATION_CONTEXT ( 'configuration controlled 3d designs of mechanical parts and assemblies' ) ;
#646 = ORIENTED_EDGE ( 'NONE', *, *, #756, .T. ) ;
#647 = CARTESIAN_POINT ( 'NONE',  ( 185.0000000000000000, 75.34219329053840397, 2.565064010385240678 ) ) ;
#648 = DIRECTION ( 'NONE',  ( 0.000000000000000000, 0.000000000000000000, -1.000000000000000000 ) ) ;
#649 = VECTOR ( 'NONE', #2046, 1000.000000000000000 ) ;
#650 = ORIENTED_EDGE ( 'NONE', *, *, #1322, .F. ) ;
#651 = CARTESIAN_POINT ( 'NONE',  ( 173.1477014596270010, 104.9999999999999716, -5.283571159234644377 ) ) ;
#652 = CARTESIAN_POINT ( 'NONE',  ( 173.4790593703523598, 137.5000000000000000, 4.007308412345730098 ) ) ;
#653 =( GEOMETRIC_REPRESENTATION_CONTEXT ( 3 ) GLOBAL_UNCERTAINTY_ASSIGNED_CONTEXT ( ( #172 ) ) GLOBAL_UNIT_ASSIGNED_CONTEXT ( ( #1244, #672, #860 ) ) REPRESENTATION_CONTEXT ( 'NONE', 'WORKASPACE' ) );
#654 = CARTESIAN_POINT ( 'NONE',  ( 75.00000000000000000, 135.0000000000000000, -5.599999999999997868 ) ) ;
#655 = EDGE_CURVE ( 'NONE', #450, #1209, #2084, .T. ) ;
#656 = CARTESIAN_POINT ( 'NONE',  ( 64.00000000000000000, 137.5203383235722470, 7.288575040863208621 ) ) ;
#657 = LINE ( 'NONE', #1812, #2004 ) ;
#658 = ORIENTED_EDGE ( 'NONE', *, *, #638, .T. ) ;
#659 = B_SPLINE_CURVE_WITH_KNOTS ( 'NONE', 3,
 ( #560, #1339, #27, #1300 ),
 .UNSPECIFIED., .F., .F.,
 ( 4, 4 ),
 ( 0.000000000000000000, 0.0008034811723851575677 ),
 .UNSPECIFIED. ) ;
#660 = FACE_OUTER_BOUND ( 'NONE', #1251, .T. ) ;
#661 = B_SPLINE_CURVE_WITH_KNOTS ( 'NONE', 3,
 ( #704, #1103, #1050, #727, #1798, #2007 ),
 .UNSPECIFIED., .F., .F.,
 ( 4, 2, 4 ),
 ( 8.673617379884035472E-19, 0.001039868196256122680, 0.002079736392512244493 ),
 .UNSPECIFIED. ) ;
#662 = ORIENTED_EDGE ( 'NONE', *, *, #2041, .F. ) ;
#663 = CARTESIAN_POINT ( 'NONE',  ( 171.5354192962761601, 137.5000000000000000, 4.478756460856991417 ) ) ;
#664 = DIRECTION ( 'NONE',  ( -0.000000000000000000, 1.000000000000000000, -0.000000000000000000 ) ) ;
#665 = VECTOR ( 'NONE', #1413, 1000.000000000000000 ) ;
#666 = FACE_OUTER_BOUND ( 'NONE', #3, .T. ) ;
#667 = CIRCLE ( 'NONE', #784, 3.100000000000000089 ) ;
#668 = CARTESIAN_POINT ( 'NONE',  ( 174.1188987501858776, 126.8248978884112574, -6.066585109030036449 ) ) ;
#669 = EDGE_CURVE ( 'NONE', #953, #2296, #1552, .T. ) ;
#670 = VECTOR ( 'NONE', #233, 1000.000000000000000 ) ;
#671 = CARTESIAN_POINT ( 'NONE',  ( 171.3321181202676087, 137.4733871713887368, -2.296079543485422203 ) ) ;
#672 =( NAMED_UNIT ( * ) PLANE_ANGLE_UNIT ( ) SI_UNIT ( $, .RADIAN. ) );
#673 = VERTEX_POINT ( 'NONE', #1369 ) ;
#674 = DIRECTION ( 'NONE',  ( 0.000000000000000000, 0.000000000000000000, -1.000000000000000000 ) ) ;
#675 = EDGE_CURVE ( 'NONE', #2115, #1517, #394, .T. ) ;
#676 = ORIENTED_EDGE ( 'NONE', *, *, #416, .F. ) ;
#677 = CARTESIAN_POINT ( 'NONE',  ( 170.0000000000000000, 129.0000000000000000, 2.500000000000000000 ) ) ;
#678 = CARTESIAN_POINT ( 'NONE',  ( 170.0000000000000000, 141.0000000000000000, 2.500000000000000000 ) ) ;
#679 = CARTESIAN_POINT ( 'NONE',  ( 180.7928957531199785, 67.66358614543602812, -1.675765543501605670 ) ) ;
#680 = CARTESIAN_POINT ( 'NONE',  ( 172.9348933327192697, 137.6116046177040459, -2.014945125664803882 ) ) ;
#681 = EDGE_CURVE ( 'NONE', #2296, #2154, #1216, .T. ) ;
#682 = PERSON_AND_ORGANIZATION ( #801, #995 ) ;
#683 = CLOSED_SHELL ( 'NONE', ( #2111, #1783, #463, #77, #11, #1211, #950, #564, #122, #1149, #1189, #579, #1720, #1581, #1879, #941, #813, #587, #889, #1222, #1023, #291, #1465, #896, #145, #238, #1951, #1535, #246, #2077, #1611, #1645, #101, #1612, #830, #31, #752, #2234, #2313, #1036, #1548, #93 ) ) ;
#684 = ORIENTED_EDGE ( 'NONE', *, *, #21, .T. ) ;
#685 = CARTESIAN_POINT ( 'NONE',  ( 190.0000000000000000, 134.9999999999999716, 4.000000000000003553 ) ) ;
#686 = DIRECTION ( 'NONE',  ( 0.000000000000000000, -1.000000000000000000, 0.000000000000000000 ) ) ;
#687 = EDGE_CURVE ( 'NONE', #1032, #1761, #1330, .T. ) ;
#688 = CARTESIAN_POINT ( 'NONE',  ( 204.0000000000000000, 136.0000000000000000, -2.500000000000000000 ) ) ;
#689 = ORIENTED_EDGE ( 'NONE', *, *, #1067, .F. ) ;
#690 = DIRECTION ( 'NONE',  ( 0.000000000000000000, -1.000000000000000000, 0.000000000000000000 ) ) ;
#691 = CARTESIAN_POINT ( 'NONE',  ( 173.4332892670971091, 138.0567773881785456, 3.592717347668400230 ) ) ;
#692 = EDGE_LOOP ( 'NONE', ( #1058, #1482, #485, #1331, #2258, #2139, #1659, #540, #2367 ) ) ;
#693 = CIRCLE ( 'NONE', #2193, 0.8999999999999980238 ) ;
#694 = CARTESIAN_POINT ( 'NONE',  ( 204.5000000000000000, 140.0000000000000000, 2.500000000000000000 ) ) ;
#695 = PERSON_AND_ORGANIZATION ( #801, #995 ) ;
#696 = AXIS2_PLACEMENT_3D ( 'NONE', #1208, #225, #948 ) ;
#697 = VERTEX_POINT ( 'NONE', #836 ) ;
#698 = DIRECTION ( 'NONE',  ( -0.04952592586961390708, 0.9987728383705463120, 0.000000000000000000 ) ) ;
#699 = DIRECTION ( 'NONE',  ( 0.000000000000000000, 0.000000000000000000, 1.000000000000000000 ) ) ;
#700 = EDGE_LOOP ( 'NONE', ( #1418, #1426 ) ) ;
#701 = DIRECTION ( 'NONE',  ( -0.000000000000000000, 1.000000000000000000, -0.000000000000000000 ) ) ;
#702 = ORIENTED_EDGE ( 'NONE', *, *, #1388, .T. ) ;
#703 = CARTESIAN_POINT ( 'NONE',  ( 174.2017140170168261, 124.0910731985094344, 6.279091764178223123 ) ) ;
#704 = CARTESIAN_POINT ( 'NONE',  ( 173.4790593703523598, 137.5000000000000000, -4.007308412345727433 ) ) ;
#705 = EDGE_CURVE ( 'NONE', #576, #1178, #120, .T. ) ;
#706 = DIRECTION ( 'NONE',  ( -0.000000000000000000, 1.000000000000000000, -0.000000000000000000 ) ) ;
#707 = DIRECTION ( 'NONE',  ( 0.000000000000000000, -1.000000000000000000, 0.000000000000000000 ) ) ;
#708 = DATE_TIME_ROLE ( 'creation_date' ) ;
#709 = AXIS2_PLACEMENT_3D ( 'NONE', #1389, #448, #285 ) ;
#710 = PLANE ( 'NONE',  #817 ) ;
#711 = AXIS2_PLACEMENT_3D ( 'NONE', #470, #2306, #1410 ) ;
#712 = LINE ( 'NONE', #346, #379 ) ;
#713 = ORIENTED_EDGE ( 'NONE', *, *, #1327, .T. ) ;
#714 = DIRECTION ( 'NONE',  ( 0.000000000000000000, 0.000000000000000000, -1.000000000000000000 ) ) ;
#715 = EDGE_LOOP ( 'NONE', ( #2266, #557, #1101, #632 ) ) ;
#716 = CARTESIAN_POINT ( 'NONE',  ( 64.00000000000000000, 66.36377286558932553, -2.529180263332984513 ) ) ;
#717 = CARTESIAN_POINT ( 'NONE',  ( 172.3312297751686231, 122.3200682024080237, 5.128102763723616064 ) ) ;
#718 = EDGE_CURVE ( 'NONE', #2110, #163, #289, .T. ) ;
#719 = CARTESIAN_POINT ( 'NONE',  ( 176.3252056688226617, 129.0000000000000000, 3.000000000000000000 ) ) ;
#720 = CARTESIAN_POINT ( 'NONE',  ( 170.0000000000000284, 137.7024846981919097, 2.306723637444302977 ) ) ;
#721 = ORIENTED_EDGE ( 'NONE', *, *, #961, .T. ) ;
#722 = CARTESIAN_POINT ( 'NONE',  ( 174.1787862657517110, 139.4971337321255760, 2.500000000000000000 ) ) ;
#723 = CARTESIAN_POINT ( 'NONE',  ( 174.2877286184731247, 107.4745514455548943, -6.491339054834895705 ) ) ;
#724 = DIRECTION ( 'NONE',  ( 0.000000000000000000, -0.000000000000000000, 1.000000000000000000 ) ) ;
#725 = ORIENTED_EDGE ( 'NONE', *, *, #496, .F. ) ;
#726 = DIRECTION ( 'NONE',  ( 0.000000000000000000, 0.000000000000000000, -1.000000000000000000 ) ) ;
#727 = CARTESIAN_POINT ( 'NONE',  ( 173.4918262319498865, 138.5312107268100306, -3.079293375360143692 ) ) ;
#728 = DIRECTION ( 'NONE',  ( 0.000000000000000000, 0.000000000000000000, -1.000000000000000000 ) ) ;
#729 = AXIS2_PLACEMENT_3D ( 'NONE', #1840, #1516, #1682 ) ;
#730 = ORIENTED_EDGE ( 'NONE', *, *, #155, .F. ) ;
#731 = CARTESIAN_POINT ( 'NONE',  ( 171.3710312884166456, 136.8346357300499676, -2.596196161232610322 ) ) ;
#732 = CARTESIAN_POINT ( 'NONE',  ( 174.7120713194312032, 139.8041578086537982, -2.500000000000000000 ) ) ;
#733 = ORIENTED_EDGE ( 'NONE', *, *, #217, .T. ) ;
#734 = DIRECTION ( 'NONE',  ( -1.000000000000000000, -0.000000000000000000, -0.000000000000000000 ) ) ;
#735 = EDGE_LOOP ( 'NONE', ( #676, #608 ) ) ;
#736 = CARTESIAN_POINT ( 'NONE',  ( 64.00000000000000000, 108.9724217702747353, -7.044260820953667235 ) ) ;
#737 = CARTESIAN_POINT ( 'NONE',  ( 178.8394577090607527, 77.47208941263940574, 2.871160345879972819 ) ) ;
#738 = CARTESIAN_POINT ( 'NONE',  ( 173.5494559811973829, 138.7159279921912116, -2.806129108603289790 ) ) ;
#739 = AXIS2_PLACEMENT_3D ( 'NONE', #2119, #468, #2134 ) ;
#740 = FACE_OUTER_BOUND ( 'NONE', #8, .T. ) ;
#741 = CARTESIAN_POINT ( 'NONE',  ( 174.2449739324652569, 104.7181655868509438, -6.385855746201766436 ) ) ;
#742 = AXIS2_PLACEMENT_3D ( 'NONE', #1252, #1472, #498 ) ;
#743 = AXIS2_PLACEMENT_3D ( 'NONE', #1257, #149, #1278 ) ;
#744 = EDGE_CURVE ( 'NONE', #339, #2213, #856, .T. ) ;
#745 = DIRECTION ( 'NONE',  ( 0.000000000000000000, -1.000000000000000000, 0.000000000000000000 ) ) ;
#746 = CARTESIAN_POINT ( 'NONE',  ( 176.2250226860441273, 136.0000000000000000, -2.500000000000000000 ) ) ;
#747 = ORIENTED_EDGE ( 'NONE', *, *, #572, .T. ) ;
#748 = CARTESIAN_POINT ( 'NONE',  ( 64.00000000000000000, 155.6564472675776187, -3.349658474813916431 ) ) ;
#749 = FACE_OUTER_BOUND ( 'NONE', #1941, .T. ) ;
#750 = DIRECTION ( 'NONE',  ( -1.000000000000000000, 0.000000000000000000, 0.000000000000000000 ) ) ;
#751 = EDGE_LOOP ( 'NONE', ( #1636, #1452, #2371, #2151 ) ) ;
#752 = ADVANCED_FACE ( 'NONE', ( #1392 ), #863, .T. ) ;
#753 = CARTESIAN_POINT ( 'NONE',  ( 174.3027644208227969, 118.5163372531590085, -6.526675024276129555 ) ) ;
#754 = ORIENTED_EDGE ( 'NONE', *, *, #1854, .F. ) ;
#755 = DIRECTION ( 'NONE',  ( -0.000000000000000000, 1.000000000000000000, -0.000000000000000000 ) ) ;
#756 = EDGE_CURVE ( 'NONE', #697, #601, #1018, .T. ) ;
#757 = EDGE_CURVE ( 'NONE', #1991, #43, #825, .T. ) ;
#758 = ORIENTED_EDGE ( 'NONE', *, *, #922, .F. ) ;
#759 = CARTESIAN_POINT ( 'NONE',  ( 185.0000000000000000, 117.0142498285513568, 5.051495159309265404 ) ) ;
#760 = CARTESIAN_POINT ( 'NONE',  ( 174.8474265422827614, 97.13148994890781296, 4.693827223246918479 ) ) ;
#761 = CARTESIAN_POINT ( 'NONE',  ( 171.3883057511342827, 136.7271627792454467, 2.639985068037267624 ) ) ;
#762 = CARTESIAN_POINT ( 'NONE',  ( 171.9598359135343912, 130.4815004065710866, 4.250787236057216312 ) ) ;
#763 = ORIENTED_EDGE ( 'NONE', *, *, #1327, .F. ) ;
#764 = DIRECTION ( 'NONE',  ( 0.000000000000000000, -0.000000000000000000, -1.000000000000000000 ) ) ;
#765 = CARTESIAN_POINT ( 'NONE',  ( 110.0000000000000000, 135.0000000000000000, -4.700000000000000178 ) ) ;
#766 = CIRCLE ( 'NONE', #1588, 16.99999999999998579 ) ;
#767 = APPROVAL_PERSON_ORGANIZATION ( #2312, #774, #490 ) ;
#768 = DIRECTION ( 'NONE',  ( -0.000000000000000000, -1.000000000000000000, -0.000000000000000000 ) ) ;
#769 = LINE ( 'NONE', #2205, #1696 ) ;
#770 = EDGE_CURVE ( 'NONE', #697, #430, #928, .T. ) ;
#771 = EDGE_LOOP ( 'NONE', ( #45, #1693, #1198, #1824 ) ) ;
#772 = CARTESIAN_POINT ( 'NONE',  ( 185.0000000000000000, 108.9702366280472177, 5.070824402975260270 ) ) ;
#773 = CARTESIAN_POINT ( 'NONE',  ( 173.4352873400185047, 137.7717677445347135, 3.826849351057270088 ) ) ;
#774 = APPROVAL ( #1027, 'UNSPECIFIED' ) ;
#775 = DIRECTION ( 'NONE',  ( 1.000000000000000000, 0.000000000000000000, 0.000000000000000000 ) ) ;
#776 = EDGE_CURVE ( 'NONE', #1501, #929, #2144, .T. ) ;
#777 = CARTESIAN_POINT ( 'NONE',  ( 172.1885050677506683, 126.5390703972021100, 4.800187320359952103 ) ) ;
#778 = EDGE_LOOP ( 'NONE', ( #1380, #185, #1766, #689 ) ) ;
#779 = CARTESIAN_POINT ( 'NONE',  ( 173.5680430759533976, 127.9485911134922986, -4.592696205224158668 ) ) ;
#780 = VERTEX_POINT ( 'NONE', #310 ) ;
#781 = CIRCLE ( 'NONE', #2014, 1.599999999999990319 ) ;
#782 = LINE ( 'NONE', #95, #925 ) ;
#783 = CARTESIAN_POINT ( 'NONE',  ( 190.0000000000000000, 140.0000000000000000, -16.99999999999998579 ) ) ;
#784 = AXIS2_PLACEMENT_3D ( 'NONE', #439, #1689, #2256 ) ;
#785 = VERTEX_POINT ( 'NONE', #1975 ) ;
#786 = CARTESIAN_POINT ( 'NONE',  ( 185.0000000000000000, 77.84781431385431461, -2.841898987767229823 ) ) ;
#787 = AXIS2_PLACEMENT_3D ( 'NONE', #1993, #1091, #855 ) ;
#788 = DIRECTION ( 'NONE',  ( 0.9987728383705463120, 0.04952592586961390708, 0.000000000000000000 ) ) ;
#789 = CARTESIAN_POINT ( 'NONE',  ( 173.4843955658292600, 129.9068653294514490, 4.287604114753945872 ) ) ;
#790 = EDGE_CURVE ( 'NONE', #2279, #2207, #1787, .T. ) ;
#791 = ORIENTED_EDGE ( 'NONE', *, *, #1688, .T. ) ;
#792 = CARTESIAN_POINT ( 'NONE',  ( 171.8639398194401338, 131.7706614208898372, -4.002435283400816779 ) ) ;
#793 = ORIENTED_EDGE ( 'NONE', *, *, #2219, .T. ) ;
#794 = PLANE ( 'NONE',  #194 ) ;
#795 = VERTEX_POINT ( 'NONE', #1246 ) ;
#796 = FACE_BOUND ( 'NONE', #2330, .T. ) ;
#797 = DIRECTION ( 'NONE',  ( 0.000000000000000000, 0.000000000000000000, 1.000000000000000000 ) ) ;
#798 = LINE ( 'NONE', #2233, #670 ) ;
#799 = CARTESIAN_POINT ( 'NONE',  ( 173.2011194171342083, 135.2374453592723285, 3.040135738400902454 ) ) ;
#800 = CARTESIAN_POINT ( 'NONE',  ( 171.9598089864354051, 130.4816525047674531, -4.250693484891715279 ) ) ;
#801 = PERSON ( 'UNSPECIFIED', 'UNSPECIFIED', 'UNSPECIFIED', ('UNSPECIFIED'), ('UNSPECIFIED'), ('UNSPECIFIED') ) ;
#802 = ORIENTED_EDGE ( 'NONE', *, *, #317, .F. ) ;
#803 = DIRECTION ( 'NONE',  ( 0.000000000000000000, 0.000000000000000000, 1.000000000000000000 ) ) ;
#804 = CIRCLE ( 'NONE', #344, 2.500000000000002220 ) ;
#805 = ORIENTED_EDGE ( 'NONE', *, *, #1955, .F. ) ;
#806 = LINE ( 'NONE', #241, #2353 ) ;
#807 = CYLINDRICAL_SURFACE ( 'NONE', #2057, 0.8999999999999980238 ) ;
#808 = LINE ( 'NONE', #2307, #2242 ) ;
#809 = DIRECTION ( 'NONE',  ( 0.000000000000000000, 0.000000000000000000, 1.000000000000000000 ) ) ;
#810 = LINE ( 'NONE', #2277, #1923 ) ;
#811 = ORIENTED_EDGE ( 'NONE', *, *, #2366, .F. ) ;
#812 = LINE ( 'NONE', #262, #1081 ) ;
#813 = ADVANCED_FACE ( 'NONE', ( #1804 ), #898, .T. ) ;
#814 = AXIS2_PLACEMENT_3D ( 'NONE', #1918, #138, #1743 ) ;
#815 = ORIENTED_EDGE ( 'NONE', *, *, #2071, .T. ) ;
#816 = CARTESIAN_POINT ( 'NONE',  ( 64.00000000000000000, 66.36377286558932553, 2.529180263332983181 ) ) ;
#817 = AXIS2_PLACEMENT_3D ( 'NONE', #541, #1814, #152 ) ;
#818 = ORIENTED_EDGE ( 'NONE', *, *, #1730, .F. ) ;
#819 = CARTESIAN_POINT ( 'NONE',  ( 170.9010401970838018, 137.1319214944047644, -2.499999999999997780 ) ) ;
#820 = AXIS2_PLACEMENT_3D ( 'NONE', #222, #945, #2042 ) ;
#821 = CARTESIAN_POINT ( 'NONE',  ( 0.000000000000000000, 0.000000000000000000, 3.000000000000000000 ) ) ;
#822 = DIRECTION ( 'NONE',  ( 0.000000000000000000, 0.000000000000000000, 1.000000000000000000 ) ) ;
#823 = CARTESIAN_POINT ( 'NONE',  ( 174.1210572517983337, 126.7652035590381132, -6.072232424121256855 ) ) ;
#824 = VERTEX_POINT ( 'NONE', #9 ) ;
#825 = LINE ( 'NONE', #1042, #207 ) ;
#826 = DIRECTION ( 'NONE',  ( 0.000000000000000000, 0.000000000000000000, -1.000000000000000000 ) ) ;
#827 = B_SPLINE_CURVE_WITH_KNOTS ( 'NONE', 3,
 ( #1513, #1544, #1855, #2058, #2235, #581, #224, #1878, #201, #947, #1698, #590, #859, #1569, #89, #269, #2322, #1556, #1219, #656, #2140, #834, #1934, #2276, #1039, #1784, #1000, #1376, #74, #2099, #625 ),
 .UNSPECIFIED., .F., .F.,
 ( 4, 1, 1, 1, 1, 1, 1, 1, 1, 1, 1, 1, 1, 1, 1, 1, 1, 1, 1, 1, 1, 1, 1, 1, 1, 1, 1, 1, 4 ),
 ( 0.000000000000000000, 0.006201962899188698426, 0.02448136905349916972, 0.05388345649501025819, 0.09289034474279105058, 0.1395093084148930351, 0.1913742588137488654, 0.2458629933516659483, 0.3002380933255869855, 0.3518114771965040188, 0.3981158618259910686, 0.4370593218643058497, 0.4670784500627876423, 0.4874746266155715047, 0.5000000000000000000, 0.5125253733844284953, 0.5329215499372124132, 0.5629406781356941503, 0.6018841381740089869, 0.6481885228034960367, 0.6997619066744130700, 0.7541370066483340517, 0.8086257411862511901, 0.8604906915851070481, 0.9071096552572089911, 0.9461165435049897487, 0.9755186309465009309, 0.9937980371008113822, 1.000000000000000000 ),
 .UNSPECIFIED. ) ;
#828 = CARTESIAN_POINT ( 'NONE',  ( 185.0000000000000000, 94.53413748527472649, 4.366670899555366248 ) ) ;
#829 = CARTESIAN_POINT ( 'NONE',  ( 172.9620897426047463, 138.0763839443486916, 1.664283327823786962 ) ) ;
#830 = ADVANCED_FACE ( 'NONE', ( #2350 ), #710, .T. ) ;
#831 = DIRECTION ( 'NONE',  ( 0.000000000000000000, 0.000000000000000000, 1.000000000000000000 ) ) ;
#832 = CARTESIAN_POINT ( 'NONE',  ( 174.2332843624518262, 122.7524997146105790, -6.357287897554217082 ) ) ;
#833 = ORIENTED_EDGE ( 'NONE', *, *, #512, .F. ) ;
#834 = CARTESIAN_POINT ( 'NONE',  ( 64.00000000000000000, 116.5874508295665777, 7.485070303615517062 ) ) ;
#835 = ORIENTED_EDGE ( 'NONE', *, *, #73, .T. ) ;
#836 = CARTESIAN_POINT ( 'NONE',  ( 190.0000000000000000, 136.0000000000000000, 4.000000000000003553 ) ) ;
#837 = CARTESIAN_POINT ( 'NONE',  ( 171.3515436630070781, 137.0475442003458681, -2.499999999999998668 ) ) ;
#838 = ORIENTED_EDGE ( 'NONE', *, *, #2370, .T. ) ;
#839 = DIRECTION ( 'NONE',  ( 0.000000000000000000, 0.3811726336839522111, 0.9245038795648397034 ) ) ;
#840 = DIRECTION ( 'NONE',  ( -1.000000000000000000, 0.000000000000000000, -0.000000000000000000 ) ) ;
#841 = ADVANCED_FACE ( 'NONE', ( #1260 ), #376, .F. ) ;
#842 = AXIS2_PLACEMENT_3D ( 'NONE', #2267, #1573, #1159 ) ;
#843 = LINE ( 'NONE', #1567, #665 ) ;
#844 = VECTOR ( 'NONE', #1293, 1000.000000000000000 ) ;
#845 = VERTEX_POINT ( 'NONE', #1988 ) ;
#846 = ADVANCED_FACE ( 'NONE', ( #1123 ), #355, .F. ) ;
#847 = CARTESIAN_POINT ( 'NONE',  ( 173.4352873400202384, 137.7717677445153868, -3.826849351064502081 ) ) ;
#848 = PERSON_AND_ORGANIZATION_ROLE ( 'design_owner' ) ;
#849 = EDGE_LOOP ( 'NONE', ( #370, #497 ) ) ;
#850 = DIRECTION ( 'NONE',  ( -0.000000000000000000, 1.000000000000000000, -0.000000000000000000 ) ) ;
#851 = ORIENTED_EDGE ( 'NONE', *, *, #681, .T. ) ;
#852 = CARTESIAN_POINT ( 'NONE',  ( 75.00000000000000000, 123.0000000000000000, -4.700000000000000178 ) ) ;
#853 = CIRCLE ( 'NONE', #1558, 0.8999999999999980238 ) ;
#854 = CARTESIAN_POINT ( 'NONE',  ( 174.3320096448553045, 110.4550481427327924, 6.600181963700315180 ) ) ;
#855 = DIRECTION ( 'NONE',  ( -1.000000000000000000, 0.000000000000000000, -0.000000000000000000 ) ) ;
#856 = CIRCLE ( 'NONE', #622, 0.8999999999999980238 ) ;
#857 = DIRECTION ( 'NONE',  ( 0.000000000000000000, 0.000000000000000000, 1.000000000000000000 ) ) ;
#858 = VECTOR ( 'NONE', #39, 1000.000000000000000 ) ;
#859 = CARTESIAN_POINT ( 'NONE',  ( 64.00000000000000000, 145.8271779734263021, -6.356927635007839861 ) ) ;
#860 =( NAMED_UNIT ( * ) SI_UNIT ( $, .STERADIAN. ) SOLID_ANGLE_UNIT ( ) );
#861 = EDGE_CURVE ( 'NONE', #1662, #963, #1254, .T. ) ;
#862 = EDGE_LOOP ( 'NONE', ( #1044, #2216, #1122, #1335, #132, #1429, #1595, #2229, #1234, #2161, #851, #1778 ) ) ;
#863 = PLANE ( 'NONE',  #1835 ) ;
#864 = CARTESIAN_POINT ( 'NONE',  ( 183.2820000000000107, 140.0000000000000000, -6.717999999999999972 ) ) ;
#865 = DIRECTION ( 'NONE',  ( 0.000000000000000000, 1.000000000000000000, 0.000000000000000000 ) ) ;
#866 = CARTESIAN_POINT ( 'NONE',  ( 185.0000000000000000, 58.32966694730094304, -0.3490379872527465954 ) ) ;
#867 = CARTESIAN_POINT ( 'NONE',  ( 173.5489633833520315, 138.7316920062390864, 2.799323624569716618 ) ) ;
#868 = DIRECTION ( 'NONE',  ( 0.000000000000000000, 0.000000000000000000, -1.000000000000000000 ) ) ;
#869 = CARTESIAN_POINT ( 'NONE',  ( 170.0000000000000000, 137.3004984097191539, 2.500000000000000000 ) ) ;
#870 = ORIENTED_EDGE ( 'NONE', *, *, #1119, .T. ) ;
#871 = LINE ( 'NONE', #1650, #15 ) ;
#872 = APPROVAL ( #1057, 'UNSPECIFIED' ) ;
#873 = DIRECTION ( 'NONE',  ( 0.000000000000000000, 0.000000000000000000, -1.000000000000000000 ) ) ;
#874 = ORIENTED_EDGE ( 'NONE', *, *, #1854, .T. ) ;
#875 = FACE_OUTER_BOUND ( 'NONE', #375, .T. ) ;
#876 = EDGE_LOOP ( 'NONE', ( #1231, #350, #1912, #1903, #1421, #1112, #110, #1436, #1905, #2125, #2362, #747, #1748, #835 ) ) ;
#877 = FACE_OUTER_BOUND ( 'NONE', #1571, .T. ) ;
#878 = VECTOR ( 'NONE', #1334, 1000.000000000000000 ) ;
#879 = B_SPLINE_CURVE_WITH_KNOTS ( 'NONE', 3,
 ( #1025, #2287, #639, #1933, #282, #1188, #1415, #679, #315, #1972, #488, #86 ),
 .UNSPECIFIED., .F., .F.,
 ( 4, 2, 2, 2, 2, 4 ),
 ( 1.390486644391990834E-17, 0.01208879273381425513, 0.02417758546762849639, 0.03626637820144273244, 0.04231077456834982792, 0.04835517093525690258 ),
 .UNSPECIFIED. ) ;
#880 = DIRECTION ( 'NONE',  ( 0.000000000000000000, 0.000000000000000000, 1.000000000000000000 ) ) ;
#881 = PERSON_AND_ORGANIZATION_ROLE ( 'creator' ) ;
#882 = VERTEX_POINT ( 'NONE', #2200 ) ;
#883 = EDGE_CURVE ( 'NONE', #1064, #953, #474, .T. ) ;
#884 = CARTESIAN_POINT ( 'NONE',  ( 190.0000000000000000, 137.5000000000000000, 0.000000000000000000 ) ) ;
#885 = CARTESIAN_POINT ( 'NONE',  ( 174.2492965339928901, 105.0000000000000000, -6.396510011397763762 ) ) ;
#886 = VERTEX_POINT ( 'NONE', #2337 ) ;
#887 = CARTESIAN_POINT ( 'NONE',  ( 196.7180000000000177, 136.0000000000000000, -6.717999999999999972 ) ) ;
#888 = CARTESIAN_POINT ( 'NONE',  ( 173.3338991727191285, 105.0000000000000000, 5.370202054621673327 ) ) ;
#889 = ADVANCED_FACE ( 'NONE', ( #740 ), #367, .F. ) ;
#890 = B_SPLINE_CURVE_WITH_KNOTS ( 'NONE', 3,
 ( #210, #18, #1665, #26, #2222, #1704, #737, #1486, #385, #760, #567, #2051 ),
 .UNSPECIFIED., .F., .F.,
 ( 4, 2, 2, 2, 2, 4 ),
 ( 6.986377042646526689E-18, 0.006043985816947587686, 0.01208797163389516843, 0.02417594326779027095, 0.03626391490168537346, 0.04835188653558047250 ),
 .UNSPECIFIED. ) ;
#891 = ORIENTED_EDGE ( 'NONE', *, *, #543, .T. ) ;
#892 = CARTESIAN_POINT ( 'NONE',  ( 63.99999999999998579, 61.46514737404753959, -1.810631200378109984 ) ) ;
#893 = DIRECTION ( 'NONE',  ( -0.000000000000000000, 1.000000000000000000, -0.000000000000000000 ) ) ;
#894 = AXIS2_PLACEMENT_3D ( 'NONE', #1504, #2002, #348 ) ;
#895 = AXIS2_PLACEMENT_3D ( 'NONE', #663, #1021, #839 ) ;
#896 = ADVANCED_FACE ( 'NONE', ( #1084 ), #1071, .T. ) ;
#897 = ORIENTED_EDGE ( 'NONE', *, *, #388, .F. ) ;
#898 = PLANE ( 'NONE',  #48 ) ;
#899 = VECTOR ( 'NONE', #2354, 1000.000000000000000 ) ;
#900 = CARTESIAN_POINT ( 'NONE',  ( 172.4353624151760016, 110.2747871879665951, -5.333745462454222874 ) ) ;
#901 = CARTESIAN_POINT ( 'NONE',  ( 196.7180000000000177, 140.0000000000000000, -6.717999999999999972 ) ) ;
#902 = ORIENTED_EDGE ( 'NONE', *, *, #2028, .F. ) ;
#903 = CARTESIAN_POINT ( 'NONE',  ( 75.00000000000000000, 135.0000000000000000, 4.700000000000000178 ) ) ;
#904 = DIRECTION ( 'NONE',  ( -0.000000000000000000, 1.000000000000000000, -0.000000000000000000 ) ) ;
#905 = ORIENTED_EDGE ( 'NONE', *, *, #2036, .F. ) ;
#906 = CARTESIAN_POINT ( 'NONE',  ( 64.00000000000000000, 52.00000000000000000, -0.2999999999999999889 ) ) ;
#907 = CARTESIAN_POINT ( 'NONE',  ( 174.9079281208600207, 139.8778981298817143, -2.500000000000000000 ) ) ;
#908 = DIRECTION ( 'NONE',  ( 0.000000000000000000, 1.000000000000000000, 0.000000000000000000 ) ) ;
#909 = EDGE_CURVE ( 'NONE', #2356, #999, #871, .T. ) ;
#910 = ORIENTED_EDGE ( 'NONE', *, *, #496, .T. ) ;
#911 = CARTESIAN_POINT ( 'NONE',  ( 185.0000000000000284, 131.4857947446270714, 3.425705399036453436 ) ) ;
#912 = ADVANCED_BREP_SHAPE_REPRESENTATION ( 'Arm', ( #2189, #459 ), #653 ) ;
#913 = CARTESIAN_POINT ( 'NONE',  ( 173.6215778084093984, 138.9071850017552379, -2.488265199979036169 ) ) ;
#914 = EDGE_CURVE ( 'NONE', #322, #1020, #1402, .T. ) ;
#915 = EDGE_LOOP ( 'NONE', ( #838, #642, #1960, #147, #2220, #2147, #76, #1438 ) ) ;
#916 = CARTESIAN_POINT ( 'NONE',  ( 173.7354128716785056, 139.0709798586279931, 2.499999999999999556 ) ) ;
#917 = FACE_OUTER_BOUND ( 'NONE', #142, .T. ) ;
#918 = FACE_OUTER_BOUND ( 'NONE', #1857, .T. ) ;
#919 = EDGE_LOOP ( 'NONE', ( #188, #333 ) ) ;
#920 = CARTESIAN_POINT ( 'NONE',  ( 185.0000000000000000, 126.2376998857964452, 4.426664173987570727 ) ) ;
#921 = CARTESIAN_POINT ( 'NONE',  ( 171.3883057511342827, 136.7271627792454467, 2.639985068037268512 ) ) ;
#922 = EDGE_CURVE ( 'NONE', #1006, #1579, #1838, .T. ) ;
#923 = CARTESIAN_POINT ( 'NONE',  ( 64.00000000000000000, 110.0000000000000000, -3.100000000000000089 ) ) ;
#924 = ORIENTED_EDGE ( 'NONE', *, *, #21, .F. ) ;
#925 = VECTOR ( 'NONE', #1333, 1000.000000000000000 ) ;
#926 = CARTESIAN_POINT ( 'NONE',  ( 173.7302613552717503, 104.7814028117906417, -5.115969548757480112 ) ) ;
#927 = EDGE_CURVE ( 'NONE', #673, #1761, #381, .T. ) ;
#928 = CIRCLE ( 'NONE', #1978, 4.000000000000003553 ) ;
#929 = VERTEX_POINT ( 'NONE', #906 ) ;
#930 = VECTOR ( 'NONE', #49, 1000.000000000000000 ) ;
#931 = CYLINDRICAL_SURFACE ( 'NONE', #1676, 1.599999999999990319 ) ;
#932 = CARTESIAN_POINT ( 'NONE',  ( 171.6641555298838568, 134.1699746187958908, -3.437841512664348897 ) ) ;
#933 = ORIENTED_EDGE ( 'NONE', *, *, #1817, .T. ) ;
#934 = CARTESIAN_POINT ( 'NONE',  ( 64.00000000000000000, 148.6696986281261559, -5.636246653250354122 ) ) ;
#935 = CARTESIAN_POINT ( 'NONE',  ( 171.8803473351999287, 131.5925876596139972, 4.053845571739278952 ) ) ;
#936 = DIRECTION ( 'NONE',  ( 0.000000000000000000, 0.000000000000000000, -1.000000000000000000 ) ) ;
#937 = CARTESIAN_POINT ( 'NONE',  ( 172.1254071780943207, 127.8660559988875320, 4.654639993712568646 ) ) ;
#938 = ORIENTED_EDGE ( 'NONE', *, *, #1802, .T. ) ;
#939 = CARTESIAN_POINT ( 'NONE',  ( 172.4047531089137522, 107.5407858849030305, -5.256321300565190313 ) ) ;
#940 = DIRECTION ( 'NONE',  ( 0.000000000000000000, 0.000000000000000000, 1.000000000000000000 ) ) ;
#941 = ADVANCED_FACE ( 'NONE', ( #550, #1292, #2023, #1672, #1314, #1155 ), #54, .T. ) ;
#942 = ORIENTED_EDGE ( 'NONE', *, *, #531, .T. ) ;
#943 = CARTESIAN_POINT ( 'NONE',  ( 185.0000000000000000, 111.7986220736899980, 5.114700798845928986 ) ) ;
#944 = CARTESIAN_POINT ( 'NONE',  ( 173.4790593703523882, 137.5000000000000000, 4.007308412345722104 ) ) ;
#945 = DIRECTION ( 'NONE',  ( -0.000000000000000000, 1.000000000000000000, -0.000000000000000000 ) ) ;
#946 = CARTESIAN_POINT ( 'NONE',  ( 64.00000000000000000, 145.0000000000000000, -4.000000000000000000 ) ) ;
#947 = CARTESIAN_POINT ( 'NONE',  ( 64.00000000000000000, 116.5874508295665635, -7.485070303615515286 ) ) ;
#948 = DIRECTION ( 'NONE',  ( 0.000000000000000000, 0.000000000000000000, 1.000000000000000000 ) ) ;
#949 = CIRCLE ( 'NONE', #842, 1.599999999999990319 ) ;
#950 = ADVANCED_FACE ( 'NONE', ( #1146 ), #321, .T. ) ;
#951 = ORIENTED_EDGE ( 'NONE', *, *, #1653, .F. ) ;
#952 = EDGE_CURVE ( 'NONE', #299, #1213, #667, .T. ) ;
#953 = VERTEX_POINT ( 'NONE', #1341 ) ;
#954 = CARTESIAN_POINT ( 'NONE',  ( 185.0000000000000284, 83.10329487889876532, -3.384818266992533520 ) ) ;
#955 = CARTESIAN_POINT ( 'NONE',  ( 171.3883057511342827, 136.7271627792454467, 2.639985068037267624 ) ) ;
#956 = EDGE_CURVE ( 'NONE', #929, #1501, #827, .T. ) ;
#957 = CARTESIAN_POINT ( 'NONE',  ( 64.00000000000000000, 52.00000000000000000, 0.2999999999999999889 ) ) ;
#958 = B_SPLINE_CURVE_WITH_KNOTS ( 'NONE', 3,
 ( #2361, #720, #1279, #179, #1877, #387, #2079, #612, #984 ),
 .UNSPECIFIED., .F., .F.,
 ( 4, 1, 1, 1, 1, 1, 4 ),
 ( 8.673617379884035472E-19, 0.001363960813034280958, 0.001524311706826782199, 0.003507011929010351269, 0.005489712151193910580, 0.005650063044986421146, 0.007014023858020663506 ),
 .UNSPECIFIED. ) ;
#959 = CARTESIAN_POINT ( 'NONE',  ( 173.7930211781035439, 110.2522360678046311, 5.308285010302338236 ) ) ;
#960 = CARTESIAN_POINT ( 'NONE',  ( 173.5348052659574307, 136.8456538939628047, -4.231669698096943932 ) ) ;
#961 = EDGE_CURVE ( 'NONE', #1715, #1070, #242, .T. ) ;
#962 = VECTOR ( 'NONE', #1996, 1000.000000000000000 ) ;
#963 = VERTEX_POINT ( 'NONE', #1732 ) ;
#964 = AXIS2_PLACEMENT_3D ( 'NONE', #272, #1194, #479 ) ;
#965 = CARTESIAN_POINT ( 'NONE',  ( 183.2820000000000107, 140.0000000000000000, 5.118000000000010097 ) ) ;
#966 = CIRCLE ( 'NONE', #1603, 1.599999999999990319 ) ;
#967 = ORIENTED_EDGE ( 'NONE', *, *, #952, .F. ) ;
#968 = CARTESIAN_POINT ( 'NONE',  ( 64.00000000000000000, 78.68415546129547522, 4.157044382679824679 ) ) ;
#969 = CARTESIAN_POINT ( 'NONE',  ( 171.6588174892926304, 138.4967289183026082, 1.485158393573224433 ) ) ;
#970 = ORIENTED_CLOSED_SHELL ( 'NONE', *, #980, .F. );
#971 = PLANE ( 'NONE',  #323 ) ;
#972 = CARTESIAN_POINT ( 'NONE',  ( 173.6781842394551632, 134.8757187210868551, 4.756996828365052998 ) ) ;
#973 = EDGE_LOOP ( 'NONE', ( #1078, #1525, #517, #489 ) ) ;
#974 = CARTESIAN_POINT ( 'NONE',  ( 173.4841943702630260, 129.9110599449848280, -4.286839841030874787 ) ) ;
#975 = ORIENTED_EDGE ( 'NONE', *, *, #1730, .T. ) ;
#976 = CARTESIAN_POINT ( 'NONE',  ( 75.00000000000000000, 135.0000000000000000, 4.700000000000000178 ) ) ;
#977 = ORIENTED_EDGE ( 'NONE', *, *, #1268, .F. ) ;
#978 = DIRECTION ( 'NONE',  ( -0.000000000000000000, 1.000000000000000000, -0.000000000000000000 ) ) ;
#979 = FACE_OUTER_BOUND ( 'NONE', #771, .T. ) ;
#980 = CLOSED_SHELL ( 'NONE', ( #846, #1692, #1074, #2285 ) ) ;
#981 = EDGE_CURVE ( 'NONE', #993, #66, #284, .T. ) ;
#982 = CARTESIAN_POINT ( 'NONE',  ( 110.0000000000000000, 135.0000000000000000, -4.700000000000000178 ) ) ;
#983 =( BOUNDED_SURFACE ( )  B_SPLINE_SURFACE ( 3, 2, ( 
 ( #741, #926, #1880 ),
 ( #723, #1468, #939 ),
 ( #2215, #390, #900 ),
 ( #1651, #378, #1124 ),
 ( #1868, #202, #22 ),
 ( #753, #1502, #2224 ),
 ( #1315, #1136, #1690 ),
 ( #2090, #613, #1350 ),
 ( #41, #90, #1377 ),
 ( #823, #1746, #1699 ),
 ( #1711, #779, #62 ),
 ( #55, #974, #1524 ),
 ( #412, #1165, #800 ),
 ( #603, #1534, #792 ),
 ( #591, #260, #440 ),
 ( #1180, #641, #2248 ),
 ( #1342, #1911, #2069 ),
 ( #1156, #1570, #2080 ),
 ( #424, #1901, #1390 ),
 ( #1361, #987, #235 ),
 ( #1721, #1890, #2290 ),
 ( #960, #1557, #2257 ),
 ( #249, #1733, #1545 ),
 ( #270, #2265, #75 ) ),
 .UNSPECIFIED., .F., .F., .T. ) 
 B_SPLINE_SURFACE_WITH_KNOTS ( ( 4, 2, 2, 2, 2, 2, 2, 2, 2, 2, 2, 4 ),
 ( 3, 3 ),
 ( 0.1005580007054701491, 0.1087985806449847936, 0.1129188706147421228, 0.1170391605844994520, 0.1211594505542567674, 0.1252797405240140827, 0.1273398855088927473, 0.1294000304937714119, 0.1314601754786500765, 0.1319752117248697565, 0.1324902479710894088, 0.1335203204635287411 ),
 ( 0.000000000000000000, 1.000000000000000000 ),
 .UNSPECIFIED. ) 
 GEOMETRIC_REPRESENTATION_ITEM ( )  RATIONAL_B_SPLINE_SURFACE ( (
 ( 1.000000000000000000, 0.8246781867901278318, 1.000000000000000000),
 ( 1.000000000000000000, 0.8263289709543069073, 1.000000000000000000),
 ( 1.000000000000000000, 0.8273057304048445637, 1.000000000000000000),
 ( 1.000000000000000000, 0.8270096861603827287, 1.000000000000000000),
 ( 1.000000000000000000, 0.8266174996175005285, 1.000000000000000000),
 ( 1.000000000000000000, 0.8251150529179597237, 1.000000000000000000),
 ( 1.000000000000000000, 0.8240038447797581878, 1.000000000000000000),
 ( 1.000000000000000000, 0.8209444606871675321, 1.000000000000000000),
 ( 1.000000000000000000, 0.8191024299498589345, 1.000000000000000000),
 ( 1.000000000000000000, 0.8138270835465767350, 1.000000000000000000),
 ( 1.000000000000000000, 0.8103394652206290516, 1.000000000000000000),
 ( 1.000000000000000000, 0.8031510542049588031, 1.000000000000000000),
 ( 1.000000000000000000, 0.8003966574644117982, 1.000000000000000000),
 ( 1.000000000000000000, 0.7943603920078460279, 1.000000000000000000),
 ( 1.000000000000000000, 0.7910761956562007979, 1.000000000000000000),
 ( 1.000000000000000000, 0.7839723385018023682, 1.000000000000000000),
 ( 1.000000000000000000, 0.7801526774537097531, 1.000000000000000000),
 ( 1.000000000000000000, 0.7750304975632337223, 1.000000000000000000),
 ( 1.000000000000000000, 0.7740370378554672914, 1.000000000000000000),
 ( 1.000000000000000000, 0.7716589534026813135, 1.000000000000000000),
 ( 1.000000000000000000, 0.7702713392438090834, 1.000000000000000000),
 ( 1.000000000000000000, 0.7655070197487353623, 1.000000000000000000),
 ( 1.000000000000000000, 0.7615260371019244579, 1.000000000000000000),
 ( 1.000000000000000000, 0.7567157163547381105, 1.000000000000000000) ) ) 
 REPRESENTATION_ITEM ( '' )  SURFACE ( )  );
#984 = CARTESIAN_POINT ( 'NONE',  ( 170.0000000000000000, 137.3004984097191539, -2.500000000000000000 ) ) ;
#985 = ORIENTED_EDGE ( 'NONE', *, *, #523, .T. ) ;
#986 = DIRECTION ( 'NONE',  ( -0.000000000000000000, 1.000000000000000000, -0.000000000000000000 ) ) ;
#987 = CARTESIAN_POINT ( 'NONE',  ( 173.1755120117161368, 135.6919389850895641, -2.900577914268822166 ) ) ;
#988 = EDGE_CURVE ( 'NONE', #1186, #1484, #552, .T. ) ;
#989 = EDGE_CURVE ( 'NONE', #2291, #999, #2206, .T. ) ;
#990 = EDGE_LOOP ( 'NONE', ( #1075, #1813 ) ) ;
#991 = CARTESIAN_POINT ( 'NONE',  ( 75.00000000000000000, 123.0000000000000000, 3.800000000000002043 ) ) ;
#992 = AXIS2_PLACEMENT_3D ( 'NONE', #2326, #335, #1828 ) ;
#993 = VERTEX_POINT ( 'NONE', #2289 ) ;
#994 = DIRECTION ( 'NONE',  ( 0.000000000000000000, 0.000000000000000000, -1.000000000000000000 ) ) ;
#995 = ORGANIZATION ( 'UNSPECIFIED', 'UNSPECIFIED', '' ) ;
#996 = CARTESIAN_POINT ( 'NONE',  ( 190.0000000000000000, 140.0000000000000000, 0.000000000000000000 ) ) ;
#997 = CARTESIAN_POINT ( 'NONE',  ( 183.2820000000000107, 140.0000000000000000, 8.317999999999990735 ) ) ;
#998 = EDGE_CURVE ( 'NONE', #87, #795, #1400, .T. ) ;
#999 = VERTEX_POINT ( 'NONE', #1947 ) ;
#1000 = CARTESIAN_POINT ( 'NONE',  ( 64.00000000000000000, 64.24886354028815560, 2.234259669844913532 ) ) ;
#1001 = CARTESIAN_POINT ( 'NONE',  ( 177.5000000000000000, 141.0000000000000000, 2.500000000000000000 ) ) ;
#1002 = ORIENTED_EDGE ( 'NONE', *, *, #1412, .T. ) ;
#1003 = DIRECTION ( 'NONE',  ( -0.000000000000000000, 1.000000000000000000, -0.000000000000000000 ) ) ;
#1004 = CARTESIAN_POINT ( 'NONE',  ( 172.3622057974524466, 104.9999999999999574, -5.147553549348597102 ) ) ;
#1005 = VECTOR ( 'NONE', #1175, 1000.000000000000000 ) ;
#1006 = VERTEX_POINT ( 'NONE', #105 ) ;
#1007 = CARTESIAN_POINT ( 'NONE',  ( 185.0000000000000000, 83.10329487889875111, 3.384818266992532632 ) ) ;
#1008 = CARTESIAN_POINT ( 'NONE',  ( 172.9857709860756358, 138.1885553861177698, 1.561442917387117379 ) ) ;
#1009 = VECTOR ( 'NONE', #1906, 1000.000000000000000 ) ;
#1010 = ORIENTED_EDGE ( 'NONE', *, *, #2176, .F. ) ;
#1011 = CARTESIAN_POINT ( 'NONE',  ( 172.7617979783610735, 105.0000000000000142, -5.171007741933723700 ) ) ;
#1012 = CARTESIAN_POINT ( 'NONE',  ( 190.0000000000000000, 137.5000000000000000, 0.000000000000000000 ) ) ;
#1013 = VECTOR ( 'NONE', #1311, 1000.000000000000114 ) ;
#1014 = DIRECTION ( 'NONE',  ( -0.000000000000000000, 1.000000000000000000, -0.000000000000000000 ) ) ;
#1015 = CARTESIAN_POINT ( 'NONE',  ( 175.7171431429143240, 140.0000000000000000, 2.500000000000000000 ) ) ;
#1016 = EDGE_LOOP ( 'NONE', ( #2081, #977 ) ) ;
#1017 = EDGE_CURVE ( 'NONE', #87, #576, #1772, .T. ) ;
#1018 = LINE ( 'NONE', #685, #170 ) ;
#1019 = CARTESIAN_POINT ( 'NONE',  ( 190.0000000000000000, 137.5000000000000000, 0.000000000000000000 ) ) ;
#1020 = VERTEX_POINT ( 'NONE', #1015 ) ;
#1021 = DIRECTION ( 'NONE',  ( -0.09206432239607090229, 0.9205775689351309854, -0.3795538171527678695 ) ) ;
#1022 = PLANE ( 'NONE',  #1453 ) ;
#1023 = ADVANCED_FACE ( 'NONE', ( #1206 ), #2126, .F. ) ;
#1024 = CARTESIAN_POINT ( 'NONE',  ( 170.0000000000000000, 137.3004984097191539, -2.500000000000000000 ) ) ;
#1025 = CARTESIAN_POINT ( 'NONE',  ( 173.1655796601749842, 105.0000000000000000, -5.134422248129316024 ) ) ;
#1026 = DIRECTION ( 'NONE',  ( 0.000000000000000000, 1.000000000000000000, 0.000000000000000000 ) ) ;
#1027 = APPROVAL_STATUS ( 'not_yet_approved' ) ;
#1028 = ORIENTED_EDGE ( 'NONE', *, *, #1201, .F. ) ;
#1029 = CARTESIAN_POINT ( 'NONE',  ( 46.00000000000000000, 145.0000000000000000, 4.000000000000000000 ) ) ;
#1030 = DIRECTION ( 'NONE',  ( -1.000000000000000000, 0.000000000000000000, 0.000000000000000000 ) ) ;
#1031 = EDGE_CURVE ( 'NONE', #2213, #1958, #1762, .T. ) ;
#1032 = VERTEX_POINT ( 'NONE', #1584 ) ;
#1033 = CARTESIAN_POINT ( 'NONE',  ( 190.0000000000000000, 140.0000000000000000, 14.49999999999998579 ) ) ;
#1034 = VECTOR ( 'NONE', #65, 1000.000000000000000 ) ;
#1035 = DIRECTION ( 'NONE',  ( -0.000000000000000000, 1.000000000000000000, -0.000000000000000000 ) ) ;
#1036 = ADVANCED_FACE ( 'NONE', ( #1427 ), #487, .F. ) ;
#1037 = APPROVAL_PERSON_ORGANIZATION ( #1597, #872, #331 ) ;
#1038 = CARTESIAN_POINT ( 'NONE',  ( 190.0000000000000000, 27.99999999999999645, 0.000000000000000000 ) ) ;
#1039 = CARTESIAN_POINT ( 'NONE',  ( 64.00000000000000000, 82.37800232306902615, 4.618442769383857893 ) ) ;
#1040 = CALENDAR_DATE ( 2026, 29, 9 ) ;
#1041 = ORIENTED_EDGE ( 'NONE', *, *, #687, .F. ) ;
#1042 = CARTESIAN_POINT ( 'NONE',  ( 46.00000000000000000, 123.0000000000000000, -3.000000000000000000 ) ) ;
#1043 = FACE_OUTER_BOUND ( 'NONE', #1316, .T. ) ;
#1044 = ORIENTED_EDGE ( 'NONE', *, *, #361, .F. ) ;
#1045 = DIRECTION ( 'NONE',  ( 1.000000000000000000, 0.000000000000000000, 0.000000000000000000 ) ) ;
#1046 = DIRECTION ( 'NONE',  ( 0.000000000000000000, 0.000000000000000000, 1.000000000000000000 ) ) ;
#1047 = CARTESIAN_POINT ( 'NONE',  ( 174.1732420303199262, 104.9999999999999858, 6.209234148079589843 ) ) ;
#1048 = AXIS2_PLACEMENT_3D ( 'NONE', #1012, #1758, #2137 ) ;
#1049 = CARTESIAN_POINT ( 'NONE',  ( 64.00000000000000000, 52.00000000000000000, -0.2999999999999999889 ) ) ;
#1050 = CARTESIAN_POINT ( 'NONE',  ( 173.4332892670971376, 138.0567773881788867, -3.592717347668130667 ) ) ;
#1051 = VECTOR ( 'NONE', #640, 1000.000000000000000 ) ;
#1052 = FACE_OUTER_BOUND ( 'NONE', #2309, .T. ) ;
#1053 = B_SPLINE_SURFACE_WITH_KNOTS ( 'NONE', 3, 1, ( 
 ( #1049, #1265 ),
 ( #363, #866 ),
 ( #1992, #1616 ),
 ( #1102, #328 ),
 ( #340, #1090 ),
 ( #1822, #2357 ),
 ( #892, #1642 ),
 ( #716, #1463 ),
 ( #2184, #537 ),
 ( #1276, #2006 ),
 ( #351, #786 ),
 ( #371, #954 ),
 ( #1850, #1664 ),
 ( #2230, #1703 ),
 ( #1675, #1142 ),
 ( #736, #1529 ),
 ( #418, #1874 ),
 ( #1884, #1485 ),
 ( #577, #46 ),
 ( #1507, #230 ),
 ( #1161, #1346 ),
 ( #2208, #221 ),
 ( #2038, #17 ),
 ( #934, #4 ),
 ( #1116, #1129 ),
 ( #2252, #566 ),
 ( #748, #2074 ),
 ( #1694, #1309 ),
 ( #1320, #1684 ),
 ( #597, #186 ),
 ( #197, #558 ),
 ( #384, #397 ),
 ( #1860, #911 ),
 ( #1297, #2026 ),
 ( #586, #920 ),
 ( #1498, #2221 ),
 ( #209, #1151 ),
 ( #25, #759 ),
 ( #2050, #943 ),
 ( #35, #772 ),
 ( #1518, #2240 ),
 ( #1336, #2064 ),
 ( #407, #828 ),
 ( #1716, #1409 ),
 ( #444, #264 ),
 ( #293, #1007 ),
 ( #968, #2104 ),
 ( #277, #647 ),
 ( #1741, #1184 ),
 ( #816, #1591 ),
 ( #1928, #2135 ),
 ( #1942, #453 ),
 ( #2305, #2283 ),
 ( #633, #1755 ),
 ( #620, #1726 ),
 ( #1564, #483 ),
 ( #1199, #1914 ) ),
 .UNSPECIFIED., .F., .F., .F.,
 ( 4, 1, 1, 1, 1, 1, 1, 1, 1, 1, 1, 1, 1, 1, 1, 1, 1, 1, 1, 1, 1, 1, 1, 1, 1, 1, 1, 1, 1, 1, 1, 1, 1, 1, 1, 1, 1, 1, 1, 1, 1, 1, 1, 1, 1, 1, 1, 1, 1, 1, 1, 1, 1, 1, 4 ),
 ( 2, 2 ),
 ( 0.000000000000000000, 0.006201962899188698426, 0.006209989305473670625, 0.02448136905349916972, 0.02451620505395041283, 0.05388345649501025819, 0.05397021896220081938, 0.09289034474279105058, 0.09306039742205422793, 0.1395093084148930351, 0.1397973729510305629, 0.1913742588137488654, 0.1918150871593579665, 0.2458629933516659483, 0.2464883482453779362, 0.3002380933255869855, 0.3010720747863004365, 0.3518114771965040188, 0.3528607999310494070, 0.3981158618259910686, 0.3993536175164207891, 0.4370593218643058497, 0.4384043805508757163, 0.4670784500627876423, 0.4683696323070574707, 0.4874746266155715047, 0.4884118206947539176, 0.5000000000000000000, 0.5115881793052461379, 0.5125253733844284953, 0.5316303676929424737, 0.5329215499372124132, 0.5615956194491242837, 0.5629406781356941503, 0.6006463824835791554, 0.6018841381740089869, 0.6471392000689505375, 0.6481885228034960367, 0.6989279252136996190, 0.6997619066744130700, 0.7535116517546220916, 0.7541370066483340517, 0.8081849128406420890, 0.8086257411862511901, 0.8602026270489694371, 0.8604906915851070481, 0.9069396025779458137, 0.9071096552572089911, 0.9460297810377992223, 0.9461165435049897487, 0.9754837949460496427, 0.9755186309465009309, 0.9937900106945263268, 0.9937980371008113822, 1.000000000000000000 ),
 ( 0.000000000000000000, 1.000000000000000000 ),
 .UNSPECIFIED. ) ;
#1054 = ORIENTED_EDGE ( 'NONE', *, *, #988, .T. ) ;
#1055 = CIRCLE ( 'NONE', #1171, 2.500000000000002220 ) ;
#1056 = CARTESIAN_POINT ( 'NONE',  ( 196.7180000000000177, 134.9999999999999716, -8.317999999999990735 ) ) ;
#1057 = APPROVAL_STATUS ( 'not_yet_approved' ) ;
#1058 = ORIENTED_EDGE ( 'NONE', *, *, #1830, .T. ) ;
#1059 = CARTESIAN_POINT ( 'NONE',  ( 190.0000000000000000, 136.0000000000000000, 0.000000000000000000 ) ) ;
#1060 = CARTESIAN_POINT ( 'NONE',  ( 174.2492965339928901, 105.0000000000000000, 6.396510011397763762 ) ) ;
#1061 = ORIENTED_EDGE ( 'NONE', *, *, #1971, .F. ) ;
#1062 = CARTESIAN_POINT ( 'NONE',  ( 110.0000000000000000, 135.0000000000000000, 4.700000000000000178 ) ) ;
#1063 = CARTESIAN_POINT ( 'NONE',  ( 174.0714027286280441, 105.0000000000000142, 6.037924070460184645 ) ) ;
#1064 = VERTEX_POINT ( 'NONE', #719 ) ;
#1065 = CARTESIAN_POINT ( 'NONE',  ( 64.00000000000000000, 110.0000000000000000, 0.000000000000000000 ) ) ;
#1066 = CARTESIAN_POINT ( 'NONE',  ( 196.7180000000000177, 136.0000000000000000, 6.717999999999999972 ) ) ;
#1067 = EDGE_CURVE ( 'NONE', #123, #1958, #2054, .T. ) ;
#1068 = EDGE_CURVE ( 'NONE', #2070, #1141, #232, .T. ) ;
#1069 = CARTESIAN_POINT ( 'NONE',  ( 165.0000000000000000, 110.0000000000000000, -3.100000000000000089 ) ) ;
#1070 = VERTEX_POINT ( 'NONE', #1464 ) ;
#1071 = PLANE ( 'NONE',  #1750 ) ;
#1072 = CARTESIAN_POINT ( 'NONE',  ( 173.5373650322752326, 136.8483949564618456, -4.247685313717442845 ) ) ;
#1073 = CARTESIAN_POINT ( 'NONE',  ( 171.3515436630070781, 137.0475442003459250, 2.499999999999998668 ) ) ;
#1074 = ADVANCED_FACE ( 'NONE', ( #342 ), #1454, .F. ) ;
#1075 = ORIENTED_EDGE ( 'NONE', *, *, #2298, .F. ) ;
#1076 = CARTESIAN_POINT ( 'NONE',  ( 75.00000000000000000, 123.0000000000000000, 4.700000000000000178 ) ) ;
#1077 = CARTESIAN_POINT ( 'NONE',  ( 172.5643134057891075, 105.0000000000000000, 5.144252883492858253 ) ) ;
#1078 = ORIENTED_EDGE ( 'NONE', *, *, #1994, .F. ) ;
#1079 = CARTESIAN_POINT ( 'NONE',  ( 165.0000000000000000, 110.0000000000000000, 3.100000000000000089 ) ) ;
#1080 = DIRECTION ( 'NONE',  ( 0.000000000000000000, -1.000000000000000000, 0.000000000000000000 ) ) ;
#1081 = VECTOR ( 'NONE', #96, 1000.000000000000000 ) ;
#1082 = SECURITY_CLASSIFICATION ( '', '', #2153 ) ;
#1083 = DIRECTION ( 'NONE',  ( 0.000000000000000000, -0.000000000000000000, 1.000000000000000000 ) ) ;
#1084 = FACE_OUTER_BOUND ( 'NONE', #151, .T. ) ;
#1085 = DIRECTION ( 'NONE',  ( -1.000000000000000000, 0.000000000000000000, 0.000000000000000000 ) ) ;
#1086 = EDGE_CURVE ( 'NONE', #196, #1213, #2348, .T. ) ;
#1087 = ORIENTED_EDGE ( 'NONE', *, *, #927, .F. ) ;
#1088 = CARTESIAN_POINT ( 'NONE',  ( 190.0000000000000000, 140.0000000000000000, 0.000000000000000000 ) ) ;
#1089 = VERTEX_POINT ( 'NONE', #1973 ) ;
#1090 = CARTESIAN_POINT ( 'NONE',  ( 185.0000000000000000, 60.93560298945052267, -0.7295399612527219135 ) ) ;
#1091 = DIRECTION ( 'NONE',  ( 0.000000000000000000, 0.000000000000000000, -1.000000000000000000 ) ) ;
#1092 = FACE_OUTER_BOUND ( 'NONE', #1927, .T. ) ;
#1093 = AXIS2_PLACEMENT_3D ( 'NONE', #492, #1224, #108 ) ;
#1094 = CIRCLE ( 'NONE', #895, 1.999999999999996669 ) ;
#1095 = CARTESIAN_POINT ( 'NONE',  ( 175.7171431429143240, 140.0000000000000000, 2.500000000000000000 ) ) ;
#1096 = CARTESIAN_POINT ( 'NONE',  ( 110.0000000000000000, 123.0000000000000000, -4.700000000000000178 ) ) ;
#1097 = CIRCLE ( 'NONE', #1940, 0.8999999999999980238 ) ;
#1098 = PLANE ( 'NONE',  #1549 ) ;
#1099 = EDGE_CURVE ( 'NONE', #1299, #1064, #7, .T. ) ;
#1100 = ORIENTED_EDGE ( 'NONE', *, *, #675, .T. ) ;
#1101 = ORIENTED_EDGE ( 'NONE', *, *, #638, .F. ) ;
#1102 = CARTESIAN_POINT ( 'NONE',  ( 64.00000000000000000, 54.63511737365565324, -0.7392085161886264855 ) ) ;
#1103 = CARTESIAN_POINT ( 'NONE',  ( 173.4322975176534385, 137.7903306667625145, -3.814523202754505071 ) ) ;
#1104 = EDGE_CURVE ( 'NONE', #1020, #1491, #547, .T. ) ;
#1105 = CARTESIAN_POINT ( 'NONE',  ( 172.9857709860756358, 138.1885553861179687, -1.561442917386808515 ) ) ;
#1106 = DIRECTION ( 'NONE',  ( 0.000000000000000000, 0.000000000000000000, -1.000000000000000000 ) ) ;
#1107 = CARTESIAN_POINT ( 'NONE',  ( 46.00000000000000000, 123.0000000000000000, 3.000000000000000000 ) ) ;
#1108 = ORIENTED_EDGE ( 'NONE', *, *, #1706, .F. ) ;
#1109 = CARTESIAN_POINT ( 'NONE',  ( 174.3513291739604938, 139.6157489365083393, 2.500000000000000000 ) ) ;
#1110 = CLOSED_SHELL ( 'NONE', ( #1937, #568, #1986, #2000 ) ) ;
#1111 = CARTESIAN_POINT ( 'NONE',  ( 176.2250226860441273, 136.0000000000000000, 2.500000000000000000 ) ) ;
#1112 = ORIENTED_EDGE ( 'NONE', *, *, #1220, .F. ) ;
#1113 = CARTESIAN_POINT ( 'NONE',  ( 207.5999999999999943, 105.0000000000000000, 0.000000000000000000 ) ) ;
#1114 = PLANE ( 'NONE',  #305 ) ;
#1115 = ORIENTED_EDGE ( 'NONE', *, *, #2359, .T. ) ;
#1116 = CARTESIAN_POINT ( 'NONE',  ( 64.00000000000000000, 150.8759940062182068, -5.069319609450585240 ) ) ;
#1117 = CARTESIAN_POINT ( 'NONE',  ( 171.4376585192954963, 136.4201148720914034, 2.765089032246731193 ) ) ;
#1118 = EDGE_LOOP ( 'NONE', ( #1378, #2016, #1372, #276, #1115, #662, #504, #1700, #426 ) ) ;
#1119 = EDGE_CURVE ( 'NONE', #1977, #1089, #1810, .T. ) ;
#1120 = CARTESIAN_POINT ( 'NONE',  ( 165.0000000000000000, 110.0000000000000000, 0.000000000000000000 ) ) ;
#1121 = CIRCLE ( 'NONE', #2001, 1.599999999999990319 ) ;
#1122 = ORIENTED_EDGE ( 'NONE', *, *, #1283, .T. ) ;
#1123 = FACE_OUTER_BOUND ( 'NONE', #1803, .T. ) ;
#1124 = CARTESIAN_POINT ( 'NONE',  ( 172.4403407676618372, 114.3687889608995221, -5.357145915362239386 ) ) ;
#1125 = PLANE ( 'NONE',  #168 ) ;
#1126 = CARTESIAN_POINT ( 'NONE',  ( 171.4388090086703187, 136.4129571103712522, -2.768005399188808280 ) ) ;
#1127 = B_SPLINE_CURVE_WITH_KNOTS ( 'NONE', 3,
 ( #1266, #867, #1617, #691, #511, #2332 ),
 .UNSPECIFIED., .F., .F.,
 ( 4, 2, 4 ),
 ( 5.379197156903219469E-16, 0.001044671691644434271, 0.002089343383288330344 ),
 .UNSPECIFIED. ) ;
#1128 = ORIENTED_EDGE ( 'NONE', *, *, #2268, .F. ) ;
#1129 = CARTESIAN_POINT ( 'NONE',  ( 185.0000000000000000, 131.4857947446270714, -3.425705399036445442 ) ) ;
#1130 = CARTESIAN_POINT ( 'NONE',  ( 171.5493092358384786, 135.4698963444511719, 3.071836794526604741 ) ) ;
#1131 = FACE_OUTER_BOUND ( 'NONE', #2083, .T. ) ;
#1132 = CARTESIAN_POINT ( 'NONE',  ( 172.3266832995931850, 122.4957065729284835, 5.117921058950543056 ) ) ;
#1133 = CC_DESIGN_PERSON_AND_ORGANIZATION_ASSIGNMENT ( #502, #320, ( #1082 ) ) ;
#1134 = ORIENTED_EDGE ( 'NONE', *, *, #631, .T. ) ;
#1135 = AXIS2_PLACEMENT_3D ( 'NONE', #1729, #223, #40 ) ;
#1136 = CARTESIAN_POINT ( 'NONE',  ( 173.7612243510123449, 119.8433964923418955, -5.214940882876965667 ) ) ;
#1137 = AXIS2_PLACEMENT_3D ( 'NONE', #1423, #525, #2149 ) ;
#1138 = EDGE_CURVE ( 'NONE', #196, #532, #1526, .T. ) ;
#1139 = CARTESIAN_POINT ( 'NONE',  ( 46.00000000000000000, 123.0000000000000000, 3.000000000000000000 ) ) ;
#1140 = CARTESIAN_POINT ( 'NONE',  ( 171.9787690929239261, 130.2801686912171704, -4.299220849914385134 ) ) ;
#1141 = VERTEX_POINT ( 'NONE', #140 ) ;
#1142 = CARTESIAN_POINT ( 'NONE',  ( 185.0000000000000000, 94.53413748527472649, -4.366670899555365359 ) ) ;
#1143 = CARTESIAN_POINT ( 'NONE',  ( 75.00000000000000000, 135.0000000000000000, -4.700000000000000178 ) ) ;
#1144 = CARTESIAN_POINT ( 'NONE',  ( 64.00000000000000000, 52.00000000000000000, -0.2999999999999999889 ) ) ;
#1145 = CARTESIAN_POINT ( 'NONE',  ( 171.8632684914344964, 131.7794764055938401, 4.000672661691186072 ) ) ;
#1146 = FACE_OUTER_BOUND ( 'NONE', #1859, .T. ) ;
#1147 = CARTESIAN_POINT ( 'NONE',  ( 165.0000000000000000, 110.0000000000000000, 0.000000000000000000 ) ) ;
#1148 = ORIENTED_EDGE ( 'NONE', *, *, #313, .T. ) ;
#1149 = ADVANCED_FACE ( 'NONE', ( #1439 ), #513, .F. ) ;
#1150 = VERTEX_POINT ( 'NONE', #352 ) ;
#1151 = CARTESIAN_POINT ( 'NONE',  ( 185.0000000000000000, 119.5692345236420380, 4.956907385402784527 ) ) ;
#1152 = CARTESIAN_POINT ( 'NONE',  ( 173.4733761692409360, 138.3898652244531888, 3.234225898274012412 ) ) ;
#1153 = FACE_OUTER_BOUND ( 'NONE', #751, .T. ) ;
#1154 = CARTESIAN_POINT ( 'NONE',  ( 173.7165710425271641, 122.5296331372718441, 5.077589211505934230 ) ) ;
#1155 = FACE_OUTER_BOUND ( 'NONE', #327, .T. ) ;
#1156 = CARTESIAN_POINT ( 'NONE',  ( 173.6202996322722072, 135.6876750956468811, -4.550531127245007745 ) ) ;
#1157 = VECTOR ( 'NONE', #686, 1000.000000000000000 ) ;
#1158 = ORIENTED_EDGE ( 'NONE', *, *, #1268, .T. ) ;
#1159 = DIRECTION ( 'NONE',  ( 0.000000000000000000, 0.000000000000000000, -1.000000000000000000 ) ) ;
#1160 = EDGE_LOOP ( 'NONE', ( #2061, #1709 ) ) ;
#1161 = CARTESIAN_POINT ( 'NONE',  ( 64.00000000000000000, 134.8664053117378501, -7.391924922871924153 ) ) ;
#1162 = CARTESIAN_POINT ( 'NONE',  ( 190.0000000000000000, 134.9999999999999716, 0.000000000000000000 ) ) ;
#1163 = PLANE ( 'NONE',  #52 ) ;
#1164 = CARTESIAN_POINT ( 'NONE',  ( 173.7246117083506363, 134.2088180323533493, 4.912650228537032149 ) ) ;
#1165 = CARTESIAN_POINT ( 'NONE',  ( 173.4534845899712536, 130.5623660765360512, -4.171089512468743266 ) ) ;
#1166 = CIRCLE ( 'NONE', #129, 3.100000000000000089 ) ;
#1167 = EDGE_LOOP ( 'NONE', ( #2005, #478, #1134, #2282 ) ) ;
#1168 = VECTOR ( 'NONE', #643, 1000.000000000000000 ) ;
#1169 = DIRECTION ( 'NONE',  ( 0.000000000000000000, -1.000000000000000000, 0.000000000000000000 ) ) ;
#1170 = EDGE_CURVE ( 'NONE', #886, #2166, #436, .T. ) ;
#1171 = AXIS2_PLACEMENT_3D ( 'NONE', #1897, #373, #1853 ) ;
#1172 = ORIENTED_EDGE ( 'NONE', *, *, #1441, .T. ) ;
#1173 = CARTESIAN_POINT ( 'NONE',  ( 190.0000000000000000, 140.0000000000000000, 4.000000000000003553 ) ) ;
#1174 = DIRECTION ( 'NONE',  ( 0.000000000000000000, -1.000000000000000000, 0.000000000000000000 ) ) ;
#1175 = DIRECTION ( 'NONE',  ( 0.000000000000000000, -1.000000000000000000, 0.000000000000000000 ) ) ;
#1176 = EDGE_CURVE ( 'NONE', #2154, #1786, #1980, .T. ) ;
#1177 = CARTESIAN_POINT ( 'NONE',  ( 174.3170790830798467, 110.2205653766722691, 6.560962684347446228 ) ) ;
#1178 = VERTEX_POINT ( 'NONE', #1647 ) ;
#1179 = CARTESIAN_POINT ( 'NONE',  ( 75.00000000000000000, 135.0000000000000000, 3.800000000000002043 ) ) ;
#1180 = CARTESIAN_POINT ( 'NONE',  ( 173.7258020662243041, 134.1913718821372470, -4.916571490617687168 ) ) ;
#1181 = ORIENTED_EDGE ( 'NONE', *, *, #998, .T. ) ;
#1182 = CARTESIAN_POINT ( 'NONE',  ( 172.4354558041740404, 110.3360451473443646, -5.334138824379394350 ) ) ;
#1183 = ORIENTED_EDGE ( 'NONE', *, *, #1653, .T. ) ;
#1184 = CARTESIAN_POINT ( 'NONE',  ( 185.0000000000000000, 70.77671766330340120, 2.028358082342285762 ) ) ;
#1185 = CARTESIAN_POINT ( 'NONE',  ( 171.5895853268559961, 138.3700619001238294, 1.613060330486670191 ) ) ;
#1186 = VERTEX_POINT ( 'NONE', #2360 ) ;
#1187 = DIRECTION ( 'NONE',  ( 0.000000000000000000, 1.000000000000000000, 0.000000000000000000 ) ) ;
#1188 = CARTESIAN_POINT ( 'NONE',  ( 178.8393974010699878, 77.47239185984595622, -2.871193429732156410 ) ) ;
#1189 = ADVANCED_FACE ( 'NONE', ( #1092 ), #1837, .F. ) ;
#1190 = EDGE_LOOP ( 'NONE', ( #1893, #2341 ) ) ;
#1191 = CARTESIAN_POINT ( 'NONE',  ( 75.00000000000000000, 123.0000000000000000, -4.700000000000000178 ) ) ;
#1192 = DIRECTION ( 'NONE',  ( -0.000000000000000000, 1.000000000000000000, -0.000000000000000000 ) ) ;
#1193 = ORIENTED_EDGE ( 'NONE', *, *, #1566, .F. ) ;
#1194 = DIRECTION ( 'NONE',  ( -0.000000000000000000, 1.000000000000000000, -0.000000000000000000 ) ) ;
#1195 = CARTESIAN_POINT ( 'NONE',  ( 171.6088734947898047, 137.0288570918562527, -2.499999999999999556 ) ) ;
#1196 = CIRCLE ( 'NONE', #150, 13.99999999999998401 ) ;
#1197 = VECTOR ( 'NONE', #29, 1000.000000000000000 ) ;
#1198 = ORIENTED_EDGE ( 'NONE', *, *, #37, .T. ) ;
#1199 = CARTESIAN_POINT ( 'NONE',  ( 64.00000000000000000, 52.00000000000000000, 0.2999999999999999889 ) ) ;
#1200 = CARTESIAN_POINT ( 'NONE',  ( 190.0000000000000000, 140.0000000000000000, -4.000000000000003553 ) ) ;
#1201 = EDGE_CURVE ( 'NONE', #1178, #2279, #2198, .T. ) ;
#1202 = ORIENTED_EDGE ( 'NONE', *, *, #1681, .T. ) ;
#1203 = CARTESIAN_POINT ( 'NONE',  ( 46.00000000000000000, 145.0000000000000000, -4.000000000000000000 ) ) ;
#1204 = CARTESIAN_POINT ( 'NONE',  ( 173.1041129192597054, 136.8251728820720245, 2.461515720494305892 ) ) ;
#1205 = ORIENTED_EDGE ( 'NONE', *, *, #1371, .F. ) ;
#1206 = FACE_OUTER_BOUND ( 'NONE', #1167, .T. ) ;
#1207 = B_SPLINE_CURVE_WITH_KNOTS ( 'NONE', 3,
 ( #1568, #1386, #104, #2308, #1770, #832, #115, #668, #1230, #1957, #1338, #1493, #2033, #377, #1072, #165 ),
 .UNSPECIFIED., .F., .F.,
 ( 4, 2, 2, 2, 2, 2, 2, 4 ),
 ( 0.000000000000000000, 0.008196758153518807211, 0.01639351630703761442, 0.02049189538379702150, 0.02459027446055638000, 0.02868865353731574544, 0.03073784307569539173, 0.03278703261407503455 ),
 .UNSPECIFIED. ) ;
#1208 = CARTESIAN_POINT ( 'NONE',  ( 110.0000000000000000, 135.0000000000000000, 4.700000000000000178 ) ) ;
#1209 = VERTEX_POINT ( 'NONE', #200 ) ;
#1210 = LINE ( 'NONE', #237, #1034 ) ;
#1211 = ADVANCED_FACE ( 'NONE', ( #1131 ), #1367, .T. ) ;
#1212 = VECTOR ( 'NONE', #2272, 1000.000000000000000 ) ;
#1213 = VERTEX_POINT ( 'NONE', #923 ) ;
#1214 = DIRECTION ( 'NONE',  ( 0.000000000000000000, -1.000000000000000000, 0.000000000000000000 ) ) ;
#1215 = DIRECTION ( 'NONE',  ( -0.000000000000000000, 1.000000000000000000, -0.000000000000000000 ) ) ;
#1216 = CIRCLE ( 'NONE', #964, 13.99999999999998401 ) ;
#1217 = CARTESIAN_POINT ( 'NONE',  ( 190.0000000000000000, 105.0000000000000000, 0.000000000000000000 ) ) ;
#1218 = PLANE ( 'NONE',  #583 ) ;
#1219 = CARTESIAN_POINT ( 'NONE',  ( 64.00000000000000000, 145.8271779734262452, 6.356927635007845190 ) ) ;
#1220 = EDGE_CURVE ( 'NONE', #929, #1245, #1677, .T. ) ;
#1221 = CARTESIAN_POINT ( 'NONE',  ( 0.000000000000000000, 0.000000000000000000, 0.000000000000000000 ) ) ;
#1222 = ADVANCED_FACE ( 'NONE', ( #2053, #1153 ), #1163, .F. ) ;
#1223 = ORIENTED_EDGE ( 'NONE', *, *, #705, .T. ) ;
#1224 = DIRECTION ( 'NONE',  ( 0.09206432239607713341, -0.9205775689351194391, -0.3795538171527942373 ) ) ;
#1225 = CARTESIAN_POINT ( 'NONE',  ( 204.0000000000000000, 136.0000000000000000, 2.500000000000000000 ) ) ;
#1226 = ADVANCED_FACE ( 'NONE', ( #2212 ), #971, .F. ) ;
#1227 = ORIENTED_EDGE ( 'NONE', *, *, #770, .F. ) ;
#1228 = DIRECTION ( 'NONE',  ( 0.000000000000000000, 0.000000000000000000, 1.000000000000000000 ) ) ;
#1229 = CARTESIAN_POINT ( 'NONE',  ( 190.0000000000000000, 140.0000000000000000, 0.000000000000000000 ) ) ;
#1230 = CARTESIAN_POINT ( 'NONE',  ( 174.0675651805082396, 128.1768658700606238, -5.932502115107689100 ) ) ;
#1231 = ORIENTED_EDGE ( 'NONE', *, *, #403, .T. ) ;
#1232 = DIRECTION ( 'NONE',  ( 0.000000000000000000, -1.000000000000000000, 0.000000000000000000 ) ) ;
#1233 = DATE_AND_TIME ( #298, #2114 ) ;
#1234 = ORIENTED_EDGE ( 'NONE', *, *, #883, .T. ) ;
#1235 = DIRECTION ( 'NONE',  ( 0.000000000000000000, 0.000000000000000000, -1.000000000000000000 ) ) ;
#1236 = LINE ( 'NONE', #1789, #2339 ) ;
#1237 = ORIENTED_EDGE ( 'NONE', *, *, #2041, .T. ) ;
#1238 = CYLINDRICAL_SURFACE ( 'NONE', #70, 1.599999999999990319 ) ;
#1239 = AXIS2_PLACEMENT_3D ( 'NONE', #493, #850, #1952 ) ;
#1240 = CARTESIAN_POINT ( 'NONE',  ( 196.7180000000000177, 136.0000000000000000, 6.717999999999999972 ) ) ;
#1241 = CARTESIAN_POINT ( 'NONE',  ( 165.0000000000000000, 110.0000000000000000, 0.000000000000000000 ) ) ;
#1242 = DIRECTION ( 'NONE',  ( 0.000000000000000000, 0.000000000000000000, -1.000000000000000000 ) ) ;
#1243 = DIRECTION ( 'NONE',  ( 0.000000000000000000, 1.000000000000000000, 0.000000000000000000 ) ) ;
#1244 =( LENGTH_UNIT ( ) NAMED_UNIT ( * ) SI_UNIT ( .MILLI., .METRE. ) );
#1245 = VERTEX_POINT ( 'NONE', #400 ) ;
#1246 = CARTESIAN_POINT ( 'NONE',  ( 64.00000000000000000, 95.00000000000000000, -4.000000000000000000 ) ) ;
#1247 = CARTESIAN_POINT ( 'NONE',  ( 183.2820000000000107, 140.0000000000000000, -6.717999999999999972 ) ) ;
#1248 = VERTEX_POINT ( 'NONE', #588 ) ;
#1249 = DIRECTION ( 'NONE',  ( 1.000000000000000000, 0.000000000000000000, 0.000000000000000000 ) ) ;
#1250 = AXIS2_PLACEMENT_3D ( 'NONE', #1229, #1580, #1781 ) ;
#1251 = EDGE_LOOP ( 'NONE', ( #2073, #1891, #336, #1352 ) ) ;
#1252 = CARTESIAN_POINT ( 'NONE',  ( 75.00000000000000000, 135.0000000000000000, 4.700000000000000178 ) ) ;
#1253 = DIRECTION ( 'NONE',  ( 0.000000000000000000, 0.000000000000000000, 1.000000000000000000 ) ) ;
#1254 = CIRCLE ( 'NONE', #358, 16.99999999999998579 ) ;
#1255 = AXIS2_PLACEMENT_3D ( 'NONE', #1143, #198, #2231 ) ;
#1256 = EDGE_CURVE ( 'NONE', #1248, #1953, #1348, .T. ) ;
#1257 = CARTESIAN_POINT ( 'NONE',  ( 190.0000000000000000, 136.0000000000000000, 0.000000000000000000 ) ) ;
#1258 = COORDINATED_UNIVERSAL_TIME_OFFSET ( 12, 0, .AHEAD. ) ;
#1259 = EDGE_LOOP ( 'NONE', ( #1946, #1832, #2288, #406 ) ) ;
#1260 = FACE_OUTER_BOUND ( 'NONE', #509, .T. ) ;
#1261 = LINE ( 'NONE', #1225, #1394 ) ;
#1262 = DIRECTION ( 'NONE',  ( 0.000000000000000000, 0.000000000000000000, 1.000000000000000000 ) ) ;
#1263 = EDGE_CURVE ( 'NONE', #64, #1551, #659, .T. ) ;
#1264 = ORIENTED_EDGE ( 'NONE', *, *, #1403, .F. ) ;
#1265 = CARTESIAN_POINT ( 'NONE',  ( 185.0000000000000000, 58.00000000000000000, -0.2999999999999999889 ) ) ;
#1266 = CARTESIAN_POINT ( 'NONE',  ( 173.6188347722523702, 138.9005863772480893, 2.500000000000000000 ) ) ;
#1267 = CARTESIAN_POINT ( 'NONE',  ( 75.00000000000000000, 123.0000000000000000, 4.700000000000000178 ) ) ;
#1268 = EDGE_CURVE ( 'NONE', #456, #2110, #2210, .T. ) ;
#1269 = ORIENTED_EDGE ( 'NONE', *, *, #2336, .F. ) ;
#1270 = DIRECTION ( 'NONE',  ( 0.000000000000000000, 0.000000000000000000, -1.000000000000000000 ) ) ;
#1271 = CARTESIAN_POINT ( 'NONE',  ( 75.00000000000000000, 135.0000000000000000, -4.700000000000000178 ) ) ;
#1272 = ORIENTED_EDGE ( 'NONE', *, *, #1017, .T. ) ;
#1273 = APPLICATION_CONTEXT ( 'configuration controlled 3d designs of mechanical parts and assemblies' ) ;
#1274 = DIRECTION ( 'NONE',  ( 0.000000000000000000, 1.000000000000000000, 0.000000000000000000 ) ) ;
#1275 = ORIENTED_EDGE ( 'NONE', *, *, #1170, .T. ) ;
#1276 = CARTESIAN_POINT ( 'NONE',  ( 64.00000000000000000, 75.31362101711647483, -3.736219902025670336 ) ) ;
#1277 = CIRCLE ( 'NONE', #2195, 13.99999999999998401 ) ;
#1278 = DIRECTION ( 'NONE',  ( 0.000000000000000000, 0.000000000000000000, 1.000000000000000000 ) ) ;
#1279 = CARTESIAN_POINT ( 'NONE',  ( 170.0000000000000000, 138.1372701758697303, 2.044780779625551492 ) ) ;
#1280 = EDGE_LOOP ( 'NONE', ( #1193, #191, #1002, #554 ) ) ;
#1281 = CARTESIAN_POINT ( 'NONE',  ( 175.3085320568011696, 139.9757446157504148, 2.500000000000000000 ) ) ;
#1282 = PLANE ( 'NONE',  #1889 ) ;
#1283 = EDGE_CURVE ( 'NONE', #1786, #1845, #2246, .T. ) ;
#1284 = VERTEX_POINT ( 'NONE', #409 ) ;
#1285 = CARTESIAN_POINT ( 'NONE',  ( 171.3586565155511892, 136.9414983574180837, 2.549723688778067654 ) ) ;
#1286 = AXIS2_PLACEMENT_3D ( 'NONE', #1728, #435, #69 ) ;
#1287 = CARTESIAN_POINT ( 'NONE',  ( 170.4505255130474382, 137.2162389137857588, 2.499999999999996003 ) ) ;
#1288 = VECTOR ( 'NONE', #1235, 1000.000000000000000 ) ;
#1289 = CARTESIAN_POINT ( 'NONE',  ( 196.7180000000000177, 134.9999999999999716, 8.317999999999990735 ) ) ;
#1290 = AXIS2_PLACEMENT_3D ( 'NONE', #1500, #1864, #1531 ) ;
#1291 = ORIENTED_EDGE ( 'NONE', *, *, #543, .F. ) ;
#1292 = FACE_BOUND ( 'NONE', #1663, .T. ) ;
#1293 = DIRECTION ( 'NONE',  ( -0.000000000000000000, -1.000000000000000000, -0.000000000000000000 ) ) ;
#1294 = FACE_BOUND ( 'NONE', #849, .T. ) ;
#1295 = EDGE_CURVE ( 'NONE', #1501, #1731, #2076, .T. ) ;
#1296 = ORIENTED_EDGE ( 'NONE', *, *, #1706, .T. ) ;
#1297 = CARTESIAN_POINT ( 'NONE',  ( 64.00000000000000000, 148.6696986281261275, 5.636246653250352345 ) ) ;
#1298 = CARTESIAN_POINT ( 'NONE',  ( 171.5768901471494132, 135.1493390270791792, 3.164023141383148108 ) ) ;
#1299 = VERTEX_POINT ( 'NONE', #2030 ) ;
#1300 = CARTESIAN_POINT ( 'NONE',  ( 173.1655796601749842, 105.0000000000000000, -5.134422248129316024 ) ) ;
#1301 = AXIS2_PLACEMENT_3D ( 'NONE', #1062, #1989, #714 ) ;
#1302 = VERTEX_POINT ( 'NONE', #569 ) ;
#1303 = CARTESIAN_POINT ( 'NONE',  ( 110.0000000000000000, 135.0000000000000000, 4.700000000000000178 ) ) ;
#1304 = CIRCLE ( 'NONE', #739, 0.8999999999999980238 ) ;
#1305 = DIRECTION ( 'NONE',  ( 0.000000000000000000, 0.000000000000000000, -1.000000000000000000 ) ) ;
#1306 = VERTEX_POINT ( 'NONE', #761 ) ;
#1307 = DESIGN_CONTEXT ( 'detailed design', #645, 'design' ) ;
#1308 = ORIENTED_EDGE ( 'NONE', *, *, #114, .F. ) ;
#1309 = CARTESIAN_POINT ( 'NONE',  ( 185.0000000000000000, 136.4856485449861339, -1.196172438485714418 ) ) ;
#1310 = CARTESIAN_POINT ( 'NONE',  ( 173.1041129192597054, 136.8251728820719677, 2.461515720494316550 ) ) ;
#1311 = DIRECTION ( 'NONE',  ( 0.9987728383705463120, 0.04952592586961390708, 0.000000000000000000 ) ) ;
#1312 = CARTESIAN_POINT ( 'NONE',  ( 172.2884172382165104, 123.8543856623753499, 5.030334139254899029 ) ) ;
#1313 = CIRCLE ( 'NONE', #266, 1.599999999999990319 ) ;
#1314 = FACE_BOUND ( 'NONE', #413, .T. ) ;
#1315 = CARTESIAN_POINT ( 'NONE',  ( 174.2854815503366694, 119.8986093234991870, -6.485235471335920820 ) ) ;
#1316 = EDGE_LOOP ( 'NONE', ( #1296, #2249 ) ) ;
#1317 = DIRECTION ( 'NONE',  ( 0.000000000000000000, 1.000000000000000000, 0.000000000000000000 ) ) ;
#1318 = CARTESIAN_POINT ( 'NONE',  ( 171.4806660504937668, 136.0945659350770711, -2.876666548378781219 ) ) ;
#1319 = ORIENTED_EDGE ( 'NONE', *, *, #1796, .T. ) ;
#1320 = CARTESIAN_POINT ( 'NONE',  ( 64.00000000000000000, 158.5329740676537824, 3.279711571768650913E-15 ) ) ;
#1321 = CARTESIAN_POINT ( 'NONE',  ( 177.5000000000000000, 140.0000000000000000, 2.500000000000000000 ) ) ;
#1322 = EDGE_CURVE ( 'NONE', #963, #1598, #1055, .T. ) ;
#1323 = CARTESIAN_POINT ( 'NONE',  ( 190.0000000000000000, 137.5000000000000000, 0.000000000000000000 ) ) ;
#1324 = CARTESIAN_POINT ( 'NONE',  ( 171.8116497933364997, 132.4259175443879997, 3.861586311512931857 ) ) ;
#1325 = EDGE_CURVE ( 'NONE', #157, #993, #244, .T. ) ;
#1326 = CIRCLE ( 'NONE', #1487, 16.99999999999998579 ) ;
#1327 = EDGE_CURVE ( 'NONE', #1598, #1579, #133, .T. ) ;
#1328 = B_SPLINE_CURVE_WITH_KNOTS ( 'NONE', 3,
 ( #1373, #83, #1011, #651, #2192, #1572, #636, #1385, #2108, #2018 ),
 .UNSPECIFIED., .F., .F.,
 ( 4, 2, 2, 2, 4 ),
 ( 0.000000000000000000, 0.0005977805701811038418, 0.001195561140362207684, 0.001793341710543311634, 0.002391122280724415367 ),
 .UNSPECIFIED. ) ;
#1329 = FACE_OUTER_BOUND ( 'NONE', #627, .T. ) ;
#1330 = CIRCLE ( 'NONE', #1093, 1.999999999999997113 ) ;
#1331 = ORIENTED_EDGE ( 'NONE', *, *, #1688, .F. ) ;
#1332 = VECTOR ( 'NONE', #243, 1000.000000000000000 ) ;
#1333 = DIRECTION ( 'NONE',  ( -0.000000000000000000, 1.000000000000000000, -0.000000000000000000 ) ) ;
#1334 = DIRECTION ( 'NONE',  ( 0.000000000000000000, -1.000000000000000000, 0.000000000000000000 ) ) ;
#1335 = ORIENTED_EDGE ( 'NONE', *, *, #63, .T. ) ;
#1336 = CARTESIAN_POINT ( 'NONE',  ( 64.00000000000000000, 108.9724217702747495, 7.044260820953668123 ) ) ;
#1337 = CARTESIAN_POINT ( 'NONE',  ( 171.4284683646261271, 137.9484860986862600, 1.971274926258093529 ) ) ;
#1338 = CARTESIAN_POINT ( 'NONE',  ( 173.8575718230445375, 132.2050705261941346, -5.339488075202524442 ) ) ;
#1339 = CARTESIAN_POINT ( 'NONE',  ( 172.6299971461033635, 104.9999999999999574, -5.143180187216327859 ) ) ;
#1340 = CARTESIAN_POINT ( 'NONE',  ( 173.7673495828410353, 107.5120622408829121, 5.231800062206074742 ) ) ;
#1341 = CARTESIAN_POINT ( 'NONE',  ( 176.2250226860441273, 129.0000000000000000, 2.500000000000000000 ) ) ;
#1342 = CARTESIAN_POINT ( 'NONE',  ( 173.6794525649410730, 134.8576532880547916, -4.761345843884467577 ) ) ;
#1343 = ORIENTED_EDGE ( 'NONE', *, *, #757, .F. ) ;
#1344 = CARTESIAN_POINT ( 'NONE',  ( 172.4096432925664715, 118.3519948611553616, -5.298629621151788704 ) ) ;
#1345 = ORIENTED_EDGE ( 'NONE', *, *, #1412, .F. ) ;
#1346 = CARTESIAN_POINT ( 'NONE',  ( 185.0000000000000000, 119.5692345236420522, -4.956907385402781863 ) ) ;
#1347 = CARTESIAN_POINT ( 'NONE',  ( 172.9323375565511469, 137.7273695226697896, 1.936197123521702146 ) ) ;
#1348 = LINE ( 'NONE', #1718, #1414 ) ;
#1349 = CARTESIAN_POINT ( 'NONE',  ( 172.0046033174623119, 129.8314149184699602, 4.361173432606423539 ) ) ;
#1350 = CARTESIAN_POINT ( 'NONE',  ( 172.3257273372956035, 122.5311755036389343, -5.115771224593988364 ) ) ;
#1351 = CIRCLE ( 'NONE', #729, 14.49999999999998579 ) ;
#1352 = ORIENTED_EDGE ( 'NONE', *, *, #37, .F. ) ;
#1353 = CARTESIAN_POINT ( 'NONE',  ( 75.00000000000000000, 135.0000000000000000, 4.700000000000000178 ) ) ;
#1354 = EDGE_CURVE ( 'NONE', #1731, #1245, #160, .T. ) ;
#1355 = VERTEX_POINT ( 'NONE', #1886 ) ;
#1356 = LINE ( 'NONE', #1396, #2128 ) ;
#1357 = CARTESIAN_POINT ( 'NONE',  ( 173.5831503080896994, 138.8151875497859180, 2.652436562062507441 ) ) ;
#1358 = CARTESIAN_POINT ( 'NONE',  ( 173.6188347722523702, 138.9005863772480893, 2.500000000000000000 ) ) ;
#1359 = CARTESIAN_POINT ( 'NONE',  ( 174.2876420483288484, 107.4690623773342679, 6.491125160108857095 ) ) ;
#1360 = DIRECTION ( 'NONE',  ( 0.000000000000000000, 0.000000000000000000, 1.000000000000000000 ) ) ;
#1361 = CARTESIAN_POINT ( 'NONE',  ( 173.5844728034111881, 136.1849325069440511, -4.419564260937220546 ) ) ;
#1362 = VECTOR ( 'NONE', #2021, 1000.000000000000000 ) ;
#1363 = EDGE_CURVE ( 'NONE', #1764, #953, #798, .T. ) ;
#1364 = ORIENTED_EDGE ( 'NONE', *, *, #2068, .T. ) ;
#1365 = AXIS2_PLACEMENT_3D ( 'NONE', #1191, #1026, #2112 ) ;
#1366 = CARTESIAN_POINT ( 'NONE',  ( 171.9719891955163007, 137.1508237455708183, -2.499999999999999112 ) ) ;
#1367 = TOROIDAL_SURFACE ( 'NONE', #1712, 14.49999999999998579, 2.500000000000002220 ) ;
#1368 = ORIENTED_EDGE ( 'NONE', *, *, #605, .T. ) ;
#1369 = CARTESIAN_POINT ( 'NONE',  ( 171.3515436630070781, 137.0475442003458681, -2.499999999999998668 ) ) ;
#1370 = CYLINDRICAL_SURFACE ( 'NONE', #91, 1.599999999999990319 ) ;
#1371 = EDGE_CURVE ( 'NONE', #79, #1299, #1705, .T. ) ;
#1372 = ORIENTED_EDGE ( 'NONE', *, *, #914, .T. ) ;
#1373 = CARTESIAN_POINT ( 'NONE',  ( 172.3622057974524466, 104.9999999999999574, -5.147553549348597102 ) ) ;
#1374 = CARTESIAN_POINT ( 'NONE',  ( 64.00000000000000000, 110.0000000000000000, 3.100000000000000089 ) ) ;
#1375 = CARTESIAN_POINT ( 'NONE',  ( 196.7180000000000177, 136.0000000000000000, 5.118000000000010097 ) ) ;
#1376 = CARTESIAN_POINT ( 'NONE',  ( 64.00000000000000000, 58.04302010026673031, 1.289879303724153159 ) ) ;
#1377 = CARTESIAN_POINT ( 'NONE',  ( 172.2874475473984717, 123.8849575938735939, -5.028112863378969344 ) ) ;
#1378 = ORIENTED_EDGE ( 'NONE', *, *, #1068, .F. ) ;
#1379 = CARTESIAN_POINT ( 'NONE',  ( 173.3195990563575606, 138.4883718019896719, -2.500000000000000000 ) ) ;
#1380 = ORIENTED_EDGE ( 'NONE', *, *, #630, .F. ) ;
#1381 = CARTESIAN_POINT ( 'NONE',  ( 75.00000000000000000, 135.0000000000000000, 5.599999999999997868 ) ) ;
#1382 = CARTESIAN_POINT ( 'NONE',  ( 172.5658132409508880, 137.6306466628297756, 2.500000000000000444 ) ) ;
#1383 = PRODUCT_RELATED_PRODUCT_CATEGORY ( 'detail', '', ( #2035 ) ) ;
#1384 = DIRECTION ( 'NONE',  ( -0.000000000000000000, 1.000000000000000000, -0.000000000000000000 ) ) ;
#1385 = CARTESIAN_POINT ( 'NONE',  ( 174.0686033871040763, 105.0000000000000000, -6.033961279160432234 ) ) ;
#1386 = CARTESIAN_POINT ( 'NONE',  ( 174.2907102945189877, 107.7312968293182394, -6.498486848813237238 ) ) ;
#1387 = ORIENTED_EDGE ( 'NONE', *, *, #433, .F. ) ;
#1388 = EDGE_CURVE ( 'NONE', #785, #1713, #214, .T. ) ;
#1389 = CARTESIAN_POINT ( 'NONE',  ( 46.00000000000000000, 95.00000000000000000, 4.000000000000000000 ) ) ;
#1390 = CARTESIAN_POINT ( 'NONE',  ( 171.5647492833108458, 135.2869623108904591, -3.123283250446632131 ) ) ;
#1391 = ORIENTED_EDGE ( 'NONE', *, *, #189, .F. ) ;
#1392 = FACE_OUTER_BOUND ( 'NONE', #1118, .T. ) ;
#1393 = CARTESIAN_POINT ( 'NONE',  ( 172.5637490876700610, 137.6285571802645222, -2.499999999999999556 ) ) ;
#1394 = VECTOR ( 'NONE', #2180, 1000.000000000000000 ) ;
#1395 = ORIENTED_EDGE ( 'NONE', *, *, #1882, .F. ) ;
#1396 = CARTESIAN_POINT ( 'NONE',  ( 46.00000000000000000, 95.00000000000000000, 4.000000000000000000 ) ) ;
#1397 = FACE_OUTER_BOUND ( 'NONE', #464, .T. ) ;
#1398 = CARTESIAN_POINT ( 'NONE',  ( 183.2820000000000107, 136.0000000000000000, 5.118000000000010097 ) ) ;
#1399 = CARTESIAN_POINT ( 'NONE',  ( 173.5833132339746783, 136.2008121935958229, 4.415254728482029378 ) ) ;
#1400 = LINE ( 'NONE', #306, #1051 ) ;
#1401 = DIRECTION ( 'NONE',  ( -0.000000000000000000, 0.000000000000000000, 1.000000000000000000 ) ) ;
#1402 = B_SPLINE_CURVE_WITH_KNOTS ( 'NONE', 3,
 ( #2363, #916, #518, #722, #1109, #1467, #2188, #1281, #2010, #1095 ),
 .UNSPECIFIED., .F., .F.,
 ( 4, 2, 2, 2, 4 ),
 ( 0.0007687545226333287237, 0.001381969644509994889, 0.001995184766386661271, 0.002608399888263327436, 0.003221615010139993601 ),
 .UNSPECIFIED. ) ;
#1403 = EDGE_CURVE ( 'NONE', #64, #2163, #1328, .T. ) ;
#1404 = ORIENTED_EDGE ( 'NONE', *, *, #155, .T. ) ;
#1405 = DIRECTION ( 'NONE',  ( -0.000000000000000000, 1.000000000000000000, -0.000000000000000000 ) ) ;
#1406 = VECTOR ( 'NONE', #113, 1000.000000000000000 ) ;
#1407 = VECTOR ( 'NONE', #1577, 1000.000000000000000 ) ;
#1408 = CYLINDRICAL_SURFACE ( 'NONE', #618, 1.599999999999990319 ) ;
#1409 = CARTESIAN_POINT ( 'NONE',  ( 185.0000000000000000, 91.58069566953631124, 4.140786203762892193 ) ) ;
#1410 = DIRECTION ( 'NONE',  ( 0.000000000000000000, -0.000000000000000000, 1.000000000000000000 ) ) ;
#1411 = AXIS2_PLACEMENT_3D ( 'NONE', #1475, #2177, #880 ) ;
#1412 = EDGE_CURVE ( 'NONE', #886, #417, #364, .T. ) ;
#1413 = DIRECTION ( 'NONE',  ( 1.000000000000000000, 0.000000000000000000, 0.000000000000000000 ) ) ;
#1414 = VECTOR ( 'NONE', #750, 1000.000000000000000 ) ;
#1415 = CARTESIAN_POINT ( 'NONE',  ( 179.6174774076822018, 73.54454210178319329, -2.418315281160804187 ) ) ;
#1416 = CARTESIAN_POINT ( 'NONE',  ( 173.4733761692398559, 138.3898652244438097, -3.234225898284274869 ) ) ;
#1417 = MECHANICAL_CONTEXT ( 'NONE', #1273, 'mechanical' ) ;
#1418 = ORIENTED_EDGE ( 'NONE', *, *, #507, .F. ) ;
#1419 = DIRECTION ( 'NONE',  ( -0.000000000000000000, 1.000000000000000000, -0.000000000000000000 ) ) ;
#1420 = PLANE ( 'NONE',  #33 ) ;
#1421 = ORIENTED_EDGE ( 'NONE', *, *, #114, .T. ) ;
#1422 = FACE_OUTER_BOUND ( 'NONE', #2183, .T. ) ;
#1423 = CARTESIAN_POINT ( 'NONE',  ( 190.0000000000000000, 140.0000000000000000, 0.000000000000000000 ) ) ;
#1424 = DIRECTION ( 'NONE',  ( 0.000000000000000000, -1.000000000000000000, 0.000000000000000000 ) ) ;
#1425 = CARTESIAN_POINT ( 'NONE',  ( 171.4671995355741103, 136.1977731337647981, 2.841358807176802781 ) ) ;
#1426 = ORIENTED_EDGE ( 'NONE', *, *, #1480, .F. ) ;
#1427 = FACE_OUTER_BOUND ( 'NONE', #1543, .T. ) ;
#1428 = PERSON_AND_ORGANIZATION_ROLE ( 'design_supplier' ) ;
#1429 = ORIENTED_EDGE ( 'NONE', *, *, #313, .F. ) ;
#1430 = ADVANCED_FACE ( 'NONE', ( #499 ), #2185, .F. ) ;
#1431 = DIRECTION ( 'NONE',  ( -0.000000000000000000, -1.000000000000000000, -0.000000000000000000 ) ) ;
#1432 = CARTESIAN_POINT ( 'NONE',  ( 190.0000000000000000, 136.0000000000000000, 13.99999999999998401 ) ) ;
#1433 = DIRECTION ( 'NONE',  ( 0.000000000000000000, 0.000000000000000000, 1.000000000000000000 ) ) ;
#1434 = EDGE_CURVE ( 'NONE', #1032, #1284, #661, .T. ) ;
#1435 = CIRCLE ( 'NONE', #1474, 1.599999999999990319 ) ;
#1436 = ORIENTED_EDGE ( 'NONE', *, *, #1295, .T. ) ;
#1437 = CARTESIAN_POINT ( 'NONE',  ( 174.2338330021194395, 122.7278374615856933, 6.358646120581056493 ) ) ;
#1438 = ORIENTED_EDGE ( 'NONE', *, *, #1256, .T. ) ;
#1439 = FACE_OUTER_BOUND ( 'NONE', #862, .T. ) ;
#1440 = PERSON_AND_ORGANIZATION ( #801, #995 ) ;
#1441 = EDGE_CURVE ( 'NONE', #1355, #1209, #526, .T. ) ;
#1442 = ORIENTED_EDGE ( 'NONE', *, *, #23, .T. ) ;
#1443 = DIRECTION ( 'NONE',  ( 0.000000000000000000, -1.000000000000000000, 0.000000000000000000 ) ) ;
#1444 = DIRECTION ( 'NONE',  ( 0.000000000000000000, -1.000000000000000000, 0.000000000000000000 ) ) ;
#1445 = CYLINDRICAL_SURFACE ( 'NONE', #1301, 0.8999999999999980238 ) ;
#1446 = CARTESIAN_POINT ( 'NONE',  ( 173.8170170682367086, 104.9999999999999716, 5.726701407844911884 ) ) ;
#1447 = CONICAL_SURFACE ( 'NONE', #1831, 0.5999999999999894307, 0.2172934309230213079 ) ;
#1448 = ORIENTED_EDGE ( 'NONE', *, *, #2219, .F. ) ;
#1449 = CYLINDRICAL_SURFACE ( 'NONE', #742, 0.8999999999999980238 ) ;
#1450 = CARTESIAN_POINT ( 'NONE',  ( 173.4790593703523598, 137.5000000000000000, 4.007308412345730098 ) ) ;
#1451 = AXIS2_PLACEMENT_3D ( 'NONE', #2032, #533, #1270 ) ;
#1452 = ORIENTED_EDGE ( 'NONE', *, *, #631, .F. ) ;
#1453 = AXIS2_PLACEMENT_3D ( 'NONE', #1768, #100, #840 ) ;
#1454 = PLANE ( 'NONE',  #1791 ) ;
#1455 = CARTESIAN_POINT ( 'NONE',  ( 176.3252056688226901, 123.0000000000000000, -3.000000000000000000 ) ) ;
#1456 = APPROVAL_DATE_TIME ( #476, #872 ) ;
#1457 = VERTEX_POINT ( 'NONE', #1450 ) ;
#1458 = DIRECTION ( 'NONE',  ( 0.000000000000000000, 0.000000000000000000, 1.000000000000000000 ) ) ;
#1459 = CYLINDRICAL_SURFACE ( 'NONE', #1239, 1.599999999999990319 ) ;
#1460 = DIRECTION ( 'NONE',  ( 0.000000000000000000, 0.000000000000000000, -1.000000000000000000 ) ) ;
#1461 = EDGE_CURVE ( 'NONE', #322, #1457, #1127, .T. ) ;
#1462 = EDGE_LOOP ( 'NONE', ( #985, #1601, #1683, #389 ) ) ;
#1463 = CARTESIAN_POINT ( 'NONE',  ( 185.0000000000000000, 68.68716713147048836, -1.770301416531967043 ) ) ;
#1464 = CARTESIAN_POINT ( 'NONE',  ( 75.00000000000000000, 123.0000000000000000, -3.800000000000002043 ) ) ;
#1465 = ADVANCED_FACE ( 'NONE', ( #329 ), #2175, .F. ) ;
#1466 = ORIENTED_EDGE ( 'NONE', *, *, #592, .T. ) ;
#1467 = CARTESIAN_POINT ( 'NONE',  ( 174.7141542867473163, 139.8050142806281144, 2.500000000000000000 ) ) ;
#1468 = CARTESIAN_POINT ( 'NONE',  ( 173.7674246841465333, 107.5175002257187771, -5.232035028485436001 ) ) ;
#1469 = ORIENTED_EDGE ( 'NONE', *, *, #757, .T. ) ;
#1470 = CARTESIAN_POINT ( 'NONE',  ( 110.0000000000000000, 123.0000000000000000, 4.700000000000000178 ) ) ;
#1471 = ORIENTED_EDGE ( 'NONE', *, *, #1753, .T. ) ;
#1472 = DIRECTION ( 'NONE',  ( 0.000000000000000000, -1.000000000000000000, 0.000000000000000000 ) ) ;
#1473 = DIRECTION ( 'NONE',  ( -1.000000000000000000, 0.000000000000000000, 0.000000000000000000 ) ) ;
#1474 = AXIS2_PLACEMENT_3D ( 'NONE', #887, #1639, #1460 ) ;
#1475 = CARTESIAN_POINT ( 'NONE',  ( 110.0000000000000000, 135.0000000000000000, 4.700000000000000178 ) ) ;
#1476 = VERTEX_POINT ( 'NONE', #341 ) ;
#1477 = CARTESIAN_POINT ( 'NONE',  ( 171.3883057511342827, 136.7271627792453899, -2.639985068037283167 ) ) ;
#1478 = AXIS2_PLACEMENT_3D ( 'NONE', #1470, #865, #1262 ) ;
#1479 = CARTESIAN_POINT ( 'NONE',  ( 175.7171431429143240, 140.0000000000000000, -2.500000000000000000 ) ) ;
#1480 = EDGE_CURVE ( 'NONE', #157, #292, #966, .T. ) ;
#1481 = EDGE_CURVE ( 'NONE', #1517, #1306, #343, .T. ) ;
#1482 = ORIENTED_EDGE ( 'NONE', *, *, #1256, .F. ) ;
#1483 = FACE_BOUND ( 'NONE', #919, .T. ) ;
#1484 = VERTEX_POINT ( 'NONE', #1508 ) ;
#1485 = CARTESIAN_POINT ( 'NONE',  ( 185.0000000000000000, 108.9702366280472319, -5.070824402975260270 ) ) ;
#1486 = CARTESIAN_POINT ( 'NONE',  ( 177.2658313113353188, 85.33169588515801252, 3.693440713044616075 ) ) ;
#1487 = AXIS2_PLACEMENT_3D ( 'NONE', #175, #546, #1655 ) ;
#1488 = DIRECTION ( 'NONE',  ( 0.000000000000000000, 0.000000000000000000, 1.000000000000000000 ) ) ;
#1489 = VECTOR ( 'NONE', #1920, 1000.000000000000000 ) ;
#1490 = AXIS2_PLACEMENT_3D ( 'NONE', #538, #1800, #728 ) ;
#1491 = VERTEX_POINT ( 'NONE', #1321 ) ;
#1492 = CARTESIAN_POINT ( 'NONE',  ( 165.0000000000000000, 110.0000000000000000, 0.000000000000000000 ) ) ;
#1493 = CARTESIAN_POINT ( 'NONE',  ( 173.7251396308973597, 134.2009437819330628, -4.914361612108063326 ) ) ;
#1494 = CARTESIAN_POINT ( 'NONE',  ( 110.0000000000000000, 123.0000000000000000, -5.599999999999997868 ) ) ;
#1495 = ORIENTED_EDGE ( 'NONE', *, *, #458, .F. ) ;
#1496 = FACE_BOUND ( 'NONE', #1160, .T. ) ;
#1497 = ORIENTED_EDGE ( 'NONE', *, *, #1099, .F. ) ;
#1498 = CARTESIAN_POINT ( 'NONE',  ( 64.00000000000000000, 140.9465143254921031, 6.904314826541070538 ) ) ;
#1499 = PLANE ( 'NONE',  #1255 ) ;
#1500 = CARTESIAN_POINT ( 'NONE',  ( 190.0000000000000000, 136.0000000000000000, 0.000000000000000000 ) ) ;
#1501 = VERTEX_POINT ( 'NONE', #408 ) ;
#1502 = CARTESIAN_POINT ( 'NONE',  ( 173.7772299909791229, 118.4748247653761695, -5.262727517518444031 ) ) ;
#1503 = ADVANCED_FACE ( 'NONE', ( #749 ), #1499, .F. ) ;
#1504 = CARTESIAN_POINT ( 'NONE',  ( 75.00000000000000000, 135.0000000000000000, -4.700000000000000178 ) ) ;
#1505 = LINE ( 'NONE', #783, #1511 ) ;
#1506 = ORIENTED_EDGE ( 'NONE', *, *, #2298, .T. ) ;
#1507 = CARTESIAN_POINT ( 'NONE',  ( 64.00000000000000000, 131.4247822930463769, -7.532929783099996612 ) ) ;
#1508 = CARTESIAN_POINT ( 'NONE',  ( 190.0000000000000000, 105.0000000000000000, -13.99999999999998401 ) ) ;
#1509 = EDGE_CURVE ( 'NONE', #163, #1969, #1902, .T. ) ;
#1510 = CARTESIAN_POINT ( 'NONE',  ( 182.8068862588932859, 57.89125055829222788, 0.2999999999999999889 ) ) ;
#1511 = VECTOR ( 'NONE', #1858, 1000.000000000000000 ) ;
#1512 = CARTESIAN_POINT ( 'NONE',  ( 173.3876279960383897, 131.8679260475929595, 3.909038499054402926 ) ) ;
#1513 = CARTESIAN_POINT ( 'NONE',  ( 64.00000000000000000, 52.00000000000000000, -0.2999999999999999889 ) ) ;
#1514 = CARTESIAN_POINT ( 'NONE',  ( 46.00000000000000000, 145.0000000000000000, -4.000000000000000000 ) ) ;
#1515 = ORIENTED_EDGE ( 'NONE', *, *, #776, .F. ) ;
#1516 = DIRECTION ( 'NONE',  ( -0.000000000000000000, 1.000000000000000000, -0.000000000000000000 ) ) ;
#1517 = VERTEX_POINT ( 'NONE', #1530 ) ;
#1518 = CARTESIAN_POINT ( 'NONE',  ( 64.00000000000000000, 112.9641677284163990, 7.274393137804819887 ) ) ;
#1519 = CARTESIAN_POINT ( 'NONE',  ( 171.9789762101400186, 130.2781031093898889, 4.299759182409742309 ) ) ;
#1520 = EDGE_CURVE ( 'NONE', #1731, #1622, #890, .T. ) ;
#1521 = DIRECTION ( 'NONE',  ( 1.000000000000000000, 0.000000000000000000, 0.000000000000000000 ) ) ;
#1522 = CARTESIAN_POINT ( 'NONE',  ( 174.2041848075097050, 123.9958645159554749, 6.285304468717153092 ) ) ;
#1523 = CIRCLE ( 'NONE', #549, 1.599999999999990319 ) ;
#1524 = CARTESIAN_POINT ( 'NONE',  ( 172.0043101986827594, 129.8355993678015636, -4.360444007838741420 ) ) ;
#1525 = ORIENTED_EDGE ( 'NONE', *, *, #1657, .T. ) ;
#1526 = CIRCLE ( 'NONE', #1490, 3.100000000000000089 ) ;
#1527 = LINE ( 'NONE', #2015, #878 ) ;
#1528 = VERTEX_POINT ( 'NONE', #2209 ) ;
#1529 = CARTESIAN_POINT ( 'NONE',  ( 185.0000000000000000, 100.3492503684683470, -4.736179191705465641 ) ) ;
#1530 = CARTESIAN_POINT ( 'NONE',  ( 172.3622057974525319, 104.9999999999999858, 5.147553549348578450 ) ) ;
#1531 = DIRECTION ( 'NONE',  ( 0.000000000000000000, 0.000000000000000000, 1.000000000000000000 ) ) ;
#1532 = CARTESIAN_POINT ( 'NONE',  ( 173.9354302034497550, 130.8372043876796056, 5.562812190712846494 ) ) ;
#1533 = DIRECTION ( 'NONE',  ( 0.000000000000000000, -1.000000000000000000, 0.000000000000000000 ) ) ;
#1534 = CARTESIAN_POINT ( 'NONE',  ( 173.3880861497987951, 131.8590270562915236, -3.910891144855834778 ) ) ;
#1535 = ADVANCED_FACE ( 'NONE', ( #47 ), #398, .F. ) ;
#1536 = ORIENTED_EDGE ( 'NONE', *, *, #1520, .F. ) ;
#1537 = DIRECTION ( 'NONE',  ( 0.000000000000000000, 1.000000000000000000, 0.000000000000000000 ) ) ;
#1538 = ORIENTED_EDGE ( 'NONE', *, *, #317, .T. ) ;
#1539 = CYLINDRICAL_SURFACE ( 'NONE', #2130, 0.8999999999999980238 ) ;
#1540 = CARTESIAN_POINT ( 'NONE',  ( 171.4784782362316946, 137.0237699197435859, 2.499999999999993339 ) ) ;
#1541 = CARTESIAN_POINT ( 'NONE',  ( 173.5837472849998733, 136.2002853678172869, 4.420080953086913844 ) ) ;
#1542 = CARTESIAN_POINT ( 'NONE',  ( 173.6190821772780737, 135.7046866143682564, 4.546146645167852718 ) ) ;
#1543 = EDGE_LOOP ( 'NONE', ( #107, #1974, #2315, #1087 ) ) ;
#1544 = CARTESIAN_POINT ( 'NONE',  ( 64.00000000000000000, 52.44290321668560750, -0.3742775483541578296 ) ) ;
#1545 = CARTESIAN_POINT ( 'NONE',  ( 171.4306917875289855, 136.4634583527890470, -2.747429112868600143 ) ) ;
#1546 = AXIS2_PLACEMENT_3D ( 'NONE', #864, #1444, #674 ) ;
#1547 = ORIENTED_EDGE ( 'NONE', *, *, #1575, .F. ) ;
#1548 = ADVANCED_FACE ( 'NONE', ( #2253 ), #2211, .F. ) ;
#1549 = AXIS2_PLACEMENT_3D ( 'NONE', #2190, #1839, #357 ) ;
#1550 = DIRECTION ( 'NONE',  ( 0.000000000000000000, 0.000000000000000000, -1.000000000000000000 ) ) ;
#1551 = VERTEX_POINT ( 'NONE', #1895 ) ;
#1552 = LINE ( 'NONE', #253, #2244 ) ;
#1553 = DIRECTION ( 'NONE',  ( 0.000000000000000000, -1.000000000000000000, 0.000000000000000000 ) ) ;
#1554 = CARTESIAN_POINT ( 'NONE',  ( 177.5000000000000000, 141.0000000000000000, -2.500000000000000000 ) ) ;
#1555 = CARTESIAN_POINT ( 'NONE',  ( 46.00000000000000000, 123.0000000000000000, 3.000000000000000000 ) ) ;
#1556 = CARTESIAN_POINT ( 'NONE',  ( 64.00000000000000000, 152.1318062554275912, 4.758478141817249707 ) ) ;
#1557 = CARTESIAN_POINT ( 'NONE',  ( 173.1402057283893612, 136.2853804301969660, -2.696295847105869115 ) ) ;
#1558 = AXIS2_PLACEMENT_3D ( 'NONE', #903, #2174, #1631 ) ;
#1559 = ORIENTED_EDGE ( 'NONE', *, *, #1295, .F. ) ;
#1560 = AXIS2_PLACEMENT_3D ( 'NONE', #1492, #562, #1458 ) ;
#1561 = LINE ( 'NONE', #1751, #1629 ) ;
#1562 = VECTOR ( 'NONE', #1174, 1000.000000000000000 ) ;
#1563 = ORIENTED_EDGE ( 'NONE', *, *, #2096, .T. ) ;
#1564 = CARTESIAN_POINT ( 'NONE',  ( 64.00000000000000000, 52.44290321668560750, 0.3742775483541579962 ) ) ;
#1565 = CARTESIAN_POINT ( 'NONE',  ( 173.6215778084094552, 138.9071850017550958, 2.488265199979392328 ) ) ;
#1566 = EDGE_CURVE ( 'NONE', #2166, #1630, #68, .T. ) ;
#1567 = CARTESIAN_POINT ( 'NONE',  ( 46.00000000000000000, 95.00000000000000000, 4.000000000000000000 ) ) ;
#1568 = CARTESIAN_POINT ( 'NONE',  ( 174.2492965339928901, 105.0000000000000000, -6.396510011397763762 ) ) ;
#1569 = CARTESIAN_POINT ( 'NONE',  ( 64.00000000000000000, 152.1318062554275912, -4.758478141817257701 ) ) ;
#1570 = CARTESIAN_POINT ( 'NONE',  ( 173.2020316185813726, 135.2211671369412045, -3.044984352756164192 ) ) ;
#1571 = EDGE_LOOP ( 'NONE', ( #1471, #938, #2347, #805 ) ) ;
#1572 = CARTESIAN_POINT ( 'NONE',  ( 173.6645680038082560, 105.0000000000000000, -5.589125186256392652 ) ) ;
#1573 = DIRECTION ( 'NONE',  ( 0.000000000000000000, -1.000000000000000000, 0.000000000000000000 ) ) ;
#1574 = CARTESIAN_POINT ( 'NONE',  ( 196.7180000000000177, 134.9999999999999716, -5.118000000000010097 ) ) ;
#1575 = EDGE_CURVE ( 'NONE', #417, #1630, #519, .T. ) ;
#1576 = VERTEX_POINT ( 'NONE', #1200 ) ;
#1577 = DIRECTION ( 'NONE',  ( -0.000000000000000000, -1.000000000000000000, -0.000000000000000000 ) ) ;
#1578 = CARTESIAN_POINT ( 'NONE',  ( 173.1655796601729946, 105.0000000000000000, 5.134422248122777255 ) ) ;
#1579 = VERTEX_POINT ( 'NONE', #634 ) ;
#1580 = DIRECTION ( 'NONE',  ( 0.000000000000000000, -1.000000000000000000, 0.000000000000000000 ) ) ;
#1581 = ADVANCED_FACE ( 'NONE', ( #60 ), #1866, .T. ) ;
#1582 = CARTESIAN_POINT ( 'NONE',  ( 171.4296536671748470, 136.4699170104648829, 2.744797589721521991 ) ) ;
#1583 = ORIENTED_EDGE ( 'NONE', *, *, #2336, .T. ) ;
#1584 = CARTESIAN_POINT ( 'NONE',  ( 173.4790593703523598, 137.5000000000000000, -4.007308412345727433 ) ) ;
#1585 = CALENDAR_DATE ( 2026, 29, 9 ) ;
#1586 = EDGE_LOOP ( 'NONE', ( #1269, #1158, #565, #1931 ) ) ;
#1587 = DIRECTION ( 'NONE',  ( -0.000000000000000000, 1.000000000000000000, -0.000000000000000000 ) ) ;
#1588 = AXIS2_PLACEMENT_3D ( 'NONE', #1019, #1765, #803 ) ;
#1589 = LOCAL_TIME ( 18, 6, 39.00000000000000000, #106 ) ;
#1590 = ORIENTED_EDGE ( 'NONE', *, *, #258, .F. ) ;
#1591 = CARTESIAN_POINT ( 'NONE',  ( 185.0000000000000000, 68.68716713147045994, 1.770301416531967043 ) ) ;
#1592 = CARTESIAN_POINT ( 'NONE',  ( 171.7350323310186582, 138.6057671644181539, 1.358303723481616654 ) ) ;
#1593 = CYLINDRICAL_SURFACE ( 'NONE', #2352, 1.599999999999990319 ) ;
#1594 = CARTESIAN_POINT ( 'NONE',  ( 171.5334362509523203, 135.6120682911858353, 3.026958082262677596 ) ) ;
#1595 = ORIENTED_EDGE ( 'NONE', *, *, #2097, .T. ) ;
#1596 = CARTESIAN_POINT ( 'NONE',  ( 173.0200401228197506, 137.0528178219107360, -2.350152682700031193 ) ) ;
#1597 = PERSON_AND_ORGANIZATION ( #801, #995 ) ;
#1598 = VERTEX_POINT ( 'NONE', #2105 ) ;
#1599 = CARTESIAN_POINT ( 'NONE',  ( 183.2820000000000107, 134.9999999999999716, -6.717999999999999972 ) ) ;
#1600 = AXIS2_PLACEMENT_3D ( 'NONE', #2300, #1232, #297 ) ;
#1601 = ORIENTED_EDGE ( 'NONE', *, *, #2370, .F. ) ;
#1602 = DIRECTION ( 'NONE',  ( 0.000000000000000000, -1.000000000000000000, 0.000000000000000000 ) ) ;
#1603 = AXIS2_PLACEMENT_3D ( 'NONE', #1066, #1080, #1823 ) ;
#1604 = CARTESIAN_POINT ( 'NONE',  ( 174.2492965339928901, 105.0000000000000000, 6.396510011397763762 ) ) ;
#1605 = CARTESIAN_POINT ( 'NONE',  ( 173.6072319559523578, 135.8702730337730316, 4.503247111276870385 ) ) ;
#1606 = EDGE_CURVE ( 'NONE', #2070, #322, #203, .T. ) ;
#1607 = CARTESIAN_POINT ( 'NONE',  ( 172.9677529324561647, 137.2657750046273577, -2.234051737351802736 ) ) ;
#1608 = PERSON_AND_ORGANIZATION ( #801, #995 ) ;
#1609 = VERTEX_POINT ( 'NONE', #254 ) ;
#1610 = CARTESIAN_POINT ( 'NONE',  ( 110.0000000000000000, 135.0000000000000000, 5.599999999999997868 ) ) ;
#1611 = ADVANCED_FACE ( 'NONE', ( #979 ), #1370, .F. ) ;
#1612 = ADVANCED_FACE ( 'NONE', ( #294 ), #1022, .F. ) ;
#1613 = DIRECTION ( 'NONE',  ( 0.000000000000000000, -1.000000000000000000, 0.000000000000000000 ) ) ;
#1614 = PLANE ( 'NONE',  #1626 ) ;
#1615 = ORIENTED_EDGE ( 'NONE', *, *, #988, .F. ) ;
#1616 = CARTESIAN_POINT ( 'NONE',  ( 185.0000000000000000, 58.65976054031079912, -0.3981394380920197373 ) ) ;
#1617 = CARTESIAN_POINT ( 'NONE',  ( 173.4918262319497728, 138.5312107268095758, 3.079293375360813378 ) ) ;
#1618 = CARTESIAN_POINT ( 'NONE',  ( 173.1395350867654770, 136.2959670244786139, 2.692187333589839859 ) ) ;
#1619 = EDGE_LOOP ( 'NONE', ( #1506, #524, #967, #905 ) ) ;
#1620 = CARTESIAN_POINT ( 'NONE',  ( 170.9010401970838302, 137.1319214944048213, 2.499999999999997780 ) ) ;
#1621 = DATE_AND_TIME ( #141, #308 ) ;
#1622 = VERTEX_POINT ( 'NONE', #1578 ) ;
#1623 = CARTESIAN_POINT ( 'NONE',  ( 46.00000000000000000, 129.0000000000000000, 3.000000000000000000 ) ) ;
#1624 = CARTESIAN_POINT ( 'NONE',  ( 183.2820000000000107, 136.0000000000000000, -5.118000000000010097 ) ) ;
#1625 = ADVANCED_FACE ( 'NONE', ( #2295 ), #807, .F. ) ;
#1626 = AXIS2_PLACEMENT_3D ( 'NONE', #2181, #146, #724 ) ;
#1627 = CARTESIAN_POINT ( 'NONE',  ( 75.00000000000000000, 123.0000000000000000, -5.599999999999997868 ) ) ;
#1628 = CARTESIAN_POINT ( 'NONE',  ( 173.6674367941217838, 105.0000000000000000, 5.591469034299951346 ) ) ;
#1629 = VECTOR ( 'NONE', #1405, 1000.000000000000000 ) ;
#1630 = VERTEX_POINT ( 'NONE', #1727 ) ;
#1631 = DIRECTION ( 'NONE',  ( 0.000000000000000000, 0.000000000000000000, 1.000000000000000000 ) ) ;
#1632 = LOCAL_TIME ( 18, 6, 39.00000000000000000, #1635 ) ;
#1633 = CARTESIAN_POINT ( 'NONE',  ( 190.0000000000000000, 136.0000000000000000, 0.000000000000000000 ) ) ;
#1634 = CARTESIAN_POINT ( 'NONE',  ( 110.0000000000000000, 135.0000000000000000, -4.700000000000000178 ) ) ;
#1635 = COORDINATED_UNIVERSAL_TIME_OFFSET ( 12, 0, .AHEAD. ) ;
#1636 = ORIENTED_EDGE ( 'NONE', *, *, #790, .T. ) ;
#1637 = DIRECTION ( 'NONE',  ( -0.000000000000000000, 1.000000000000000000, -0.000000000000000000 ) ) ;
#1638 = DIRECTION ( 'NONE',  ( 0.000000000000000000, 1.000000000000000000, 0.000000000000000000 ) ) ;
#1639 = DIRECTION ( 'NONE',  ( 0.000000000000000000, -1.000000000000000000, 0.000000000000000000 ) ) ;
#1640 = AXIS2_PLACEMENT_3D ( 'NONE', #1096, #1317, #1673 ) ;
#1641 = ORIENTED_EDGE ( 'NONE', *, *, #1220, .T. ) ;
#1642 = CARTESIAN_POINT ( 'NONE',  ( 185.0000000000000284, 65.04336624223789443, -1.296702550218010064 ) ) ;
#1643 = CARTESIAN_POINT ( 'NONE',  ( 172.3622057974525319, 104.9999999999999858, 5.147553549348578450 ) ) ;
#1644 = VECTOR ( 'NONE', #330, 1000.000000000000000 ) ;
#1645 = ADVANCED_FACE ( 'NONE', ( #1397 ), #2121, .T. ) ;
#1646 = AXIS2_PLACEMENT_3D ( 'NONE', #2003, #1602, #135 ) ;
#1647 = CARTESIAN_POINT ( 'NONE',  ( 46.00000000000000000, 145.0000000000000000, 4.000000000000000000 ) ) ;
#1648 = CARTESIAN_POINT ( 'NONE',  ( 196.7180000000000177, 140.0000000000000000, 8.317999999999990735 ) ) ;
#1649 = ORIENTED_EDGE ( 'NONE', *, *, #998, .F. ) ;
#1650 = CARTESIAN_POINT ( 'NONE',  ( 110.0000000000000000, 135.0000000000000000, -3.800000000000002043 ) ) ;
#1651 = CARTESIAN_POINT ( 'NONE',  ( 174.3260580364437544, 114.3727570013435582, -6.582370501785953287 ) ) ;
#1652 = DIRECTION ( 'NONE',  ( 0.000000000000000000, -1.000000000000000000, 0.000000000000000000 ) ) ;
#1653 = EDGE_CURVE ( 'NONE', #79, #1991, #1954, .T. ) ;
#1654 = ORIENTED_EDGE ( 'NONE', *, *, #388, .T. ) ;
#1655 = DIRECTION ( 'NONE',  ( 0.000000000000000000, 0.000000000000000000, 1.000000000000000000 ) ) ;
#1656 = CARTESIAN_POINT ( 'NONE',  ( 172.4420040378611816, 115.6525909920958384, 5.364717504025668049 ) ) ;
#1657 = EDGE_CURVE ( 'NONE', #1150, #2191, #2355, .T. ) ;
#1658 = DIRECTION ( 'NONE',  ( 0.000000000000000000, 1.000000000000000000, 0.000000000000000000 ) ) ;
#1659 = ORIENTED_EDGE ( 'NONE', *, *, #2247, .T. ) ;
#1660 = DIRECTION ( 'NONE',  ( 0.000000000000000000, -1.000000000000000000, 0.000000000000000000 ) ) ;
#1661 = CARTESIAN_POINT ( 'NONE',  ( 46.00000000000000000, 123.0000000000000000, -3.000000000000000000 ) ) ;
#1662 = VERTEX_POINT ( 'NONE', #326 ) ;
#1663 = EDGE_LOOP ( 'NONE', ( #902, #442 ) ) ;
#1664 = CARTESIAN_POINT ( 'NONE',  ( 185.0000000000000000, 85.90164580039258624, -3.651638213388248566 ) ) ;
#1665 = CARTESIAN_POINT ( 'NONE',  ( 181.9841692759559066, 61.79328346643707448, 0.8772244206766242058 ) ) ;
#1666 = AXIS2_PLACEMENT_3D ( 'NONE', #534, #1999, #2145 ) ;
#1667 = CC_DESIGN_SECURITY_CLASSIFICATION ( #1082, ( #544 ) ) ;
#1668 = CARTESIAN_POINT ( 'NONE',  ( 171.3515436630070781, 137.0475442003459250, 2.499999999999998668 ) ) ;
#1669 = LINE ( 'NONE', #529, #962 ) ;
#1670 = PRODUCT_DEFINITION ( 'UNKNOWN', '', #544, #1307 ) ;
#1671 = ORIENTED_EDGE ( 'NONE', *, *, #2132, .T. ) ;
#1672 = FACE_BOUND ( 'NONE', #2129, .T. ) ;
#1673 = DIRECTION ( 'NONE',  ( 0.000000000000000000, -0.000000000000000000, 1.000000000000000000 ) ) ;
#1674 = VERTEX_POINT ( 'NONE', #1033 ) ;
#1675 = CARTESIAN_POINT ( 'NONE',  ( 64.00000000000000000, 101.1415416196256274, -6.479351343665458174 ) ) ;
#1676 = AXIS2_PLACEMENT_3D ( 'NONE', #218, #755, #940 ) ;
#1677 = LINE ( 'NONE', #1144, #359 ) ;
#1678 = VECTOR ( 'NONE', #822, 1000.000000000000000 ) ;
#1679 = DIRECTION ( 'NONE',  ( 1.000000000000000000, 0.000000000000000000, 0.000000000000000000 ) ) ;
#1680 = CARTESIAN_POINT ( 'NONE',  ( 173.8697976171404775, 139.2233518658959213, -2.500000000000000000 ) ) ;
#1681 = EDGE_CURVE ( 'NONE', #2356, #1609, #1097, .T. ) ;
#1682 = DIRECTION ( 'NONE',  ( 0.000000000000000000, 0.000000000000000000, 1.000000000000000000 ) ) ;
#1683 = ORIENTED_EDGE ( 'NONE', *, *, #1830, .F. ) ;
#1684 = CARTESIAN_POINT ( 'NONE',  ( 185.0000000000000000, 137.4758658048489792, 5.660173739942828832E-15 ) ) ;
#1685 = CARTESIAN_POINT ( 'NONE',  ( 171.4792355689431815, 136.1059106547052409, 2.872868264952746387 ) ) ;
#1686 = CARTESIAN_POINT ( 'NONE',  ( 182.8068862588932575, 57.89125055829222788, -0.2999999999999999889 ) ) ;
#1687 = CARTESIAN_POINT ( 'NONE',  ( 173.9718169240555596, 130.1575350940357794, 5.666281556915482298 ) ) ;
#1688 = EDGE_CURVE ( 'NONE', #780, #1845, #349, .T. ) ;
#1689 = DIRECTION ( 'NONE',  ( 1.000000000000000000, 0.000000000000000000, 0.000000000000000000 ) ) ;
#1690 = CARTESIAN_POINT ( 'NONE',  ( 172.3866624687221645, 119.8201194428478402, -5.250251724624285465 ) ) ;
#1691 = CARTESIAN_POINT ( 'NONE',  ( 171.5507268339923712, 135.4553229535092669, -3.076136300325694073 ) ) ;
#1692 = ADVANCED_FACE ( 'NONE', ( #1794 ), #1445, .F. ) ;
#1693 = ORIENTED_EDGE ( 'NONE', *, *, #1480, .T. ) ;
#1694 = CARTESIAN_POINT ( 'NONE',  ( 64.00000000000000000, 157.4239216510432016, -1.653628767251984932 ) ) ;
#1695 = CARTESIAN_POINT ( 'NONE',  ( 182.7986376933970973, 57.89084153851557346, 0.1000566841990053468 ) ) ;
#1696 = VECTOR ( 'NONE', #584, 1000.000000000000000 ) ;
#1697 = CARTESIAN_POINT ( 'NONE',  ( 174.2363168520232364, 122.6170836273711728, 6.364795348546639531 ) ) ;
#1698 = CARTESIAN_POINT ( 'NONE',  ( 64.00000000000000000, 127.6151589264297428, -7.685647522237659679 ) ) ;
#1699 = CARTESIAN_POINT ( 'NONE',  ( 172.1875541268813947, 126.5600189332791956, -4.797984198143081080 ) ) ;
#1700 = ORIENTED_EDGE ( 'NONE', *, *, #1363, .F. ) ;
#1701 = EDGE_CURVE ( 'NONE', #1630, #417, #173, .T. ) ;
#1702 = ORIENTED_EDGE ( 'NONE', *, *, #776, .T. ) ;
#1703 = CARTESIAN_POINT ( 'NONE',  ( 185.0000000000000000, 91.58069566953629703, -4.140786203762890416 ) ) ;
#1704 = CARTESIAN_POINT ( 'NONE',  ( 179.6173142308783781, 73.54536443419064540, 2.418412798255868967 ) ) ;
#1705 = LINE ( 'NONE', #1107, #19 ) ;
#1706 = EDGE_CURVE ( 'NONE', #1958, #123, #1887, .T. ) ;
#1707 = AXIS2_PLACEMENT_3D ( 'NONE', #982, #1187, #611 ) ;
#1708 = CARTESIAN_POINT ( 'NONE',  ( 173.5686480211303717, 127.9334037171293090, 4.594842132915179178 ) ) ;
#1709 = ORIENTED_EDGE ( 'NONE', *, *, #2060, .T. ) ;
#1710 = AXIS2_PLACEMENT_3D ( 'NONE', #423, #1533, #764 ) ;
#1711 = CARTESIAN_POINT ( 'NONE',  ( 174.0696195055155044, 128.1290228319926996, -5.938033032333877692 ) ) ;
#1712 = AXIS2_PLACEMENT_3D ( 'NONE', #1323, #20, #599 ) ;
#1713 = VERTEX_POINT ( 'NONE', #1779 ) ;
#1714 = CARTESIAN_POINT ( 'NONE',  ( 172.2838376826704518, 137.3685809525676120, -2.500000000000000000 ) ) ;
#1715 = VERTEX_POINT ( 'NONE', #1627 ) ;
#1716 = CARTESIAN_POINT ( 'NONE',  ( 64.00000000000000000, 97.16519063746986262, 6.134735231814046230 ) ) ;
#1717 = CARTESIAN_POINT ( 'NONE',  ( 173.5494559812311763, 138.7159279923363329, 2.806129108384832094 ) ) ;
#1718 = CARTESIAN_POINT ( 'NONE',  ( 46.00000000000000000, 129.0000000000000000, -2.499999999999999556 ) ) ;
#1719 = CARTESIAN_POINT ( 'NONE',  ( 171.5773499114988567, 135.1432493420201695, 3.164814604675196819 ) ) ;
#1720 = ADVANCED_FACE ( 'NONE', ( #124 ), #2365, .T. ) ;
#1721 = CARTESIAN_POINT ( 'NONE',  ( 173.5723396060733137, 136.3504076425493849, -4.374287427426903463 ) ) ;
#1722 = ORIENTED_EDGE ( 'NONE', *, *, #655, .F. ) ;
#1723 = PLANE ( 'NONE',  #2086 ) ;
#1724 = FACE_OUTER_BOUND ( 'NONE', #2063, .T. ) ;
#1725 = ORIENTED_EDGE ( 'NONE', *, *, #332, .F. ) ;
#1726 = CARTESIAN_POINT ( 'NONE',  ( 185.0000000000000000, 58.65976054031079912, 0.3981394380920190712 ) ) ;
#1727 = CARTESIAN_POINT ( 'NONE',  ( 110.0000000000000000, 123.0000000000000000, 5.599999999999997868 ) ) ;
#1728 = CARTESIAN_POINT ( 'NONE',  ( 190.0000000000000000, 105.0000000000000000, 0.000000000000000000 ) ) ;
#1729 = CARTESIAN_POINT ( 'NONE',  ( 190.0000000000000000, 134.9999999999999716, 0.000000000000000000 ) ) ;
#1730 = EDGE_CURVE ( 'NONE', #1070, #1715, #455, .T. ) ;
#1731 = VERTEX_POINT ( 'NONE', #171 ) ;
#1732 = CARTESIAN_POINT ( 'NONE',  ( 190.0000000000000000, 137.5000000000000000, -16.99999999999998579 ) ) ;
#1733 = CARTESIAN_POINT ( 'NONE',  ( 173.1222066566808166, 136.5638154024141215, -2.584890073929318355 ) ) ;
#1734 = ORIENTED_CLOSED_SHELL ( 'NONE', *, #2029, .F. );
#1735 = VECTOR ( 'NONE', #734, 1000.000000000000000 ) ;
#1736 = APPROVAL_DATE_TIME ( #614, #1983 ) ;
#1737 = EDGE_LOOP ( 'NONE', ( #268, #1223, #1368, #1987 ) ) ;
#1738 = VECTOR ( 'NONE', #462, 1000.000000000000000 ) ;
#1739 = CARTESIAN_POINT ( 'NONE',  ( 196.7180000000000177, 134.9999999999999716, -6.717999999999999972 ) ) ;
#1740 = ORIENTED_EDGE ( 'NONE', *, *, #1354, .T. ) ;
#1741 = CARTESIAN_POINT ( 'NONE',  ( 64.00000000000000000, 69.17350731388212637, 2.920951520335259399 ) ) ;
#1742 = CARTESIAN_POINT ( 'NONE',  ( 172.2852756429769840, 137.3697575961073198, 2.500000000000000000 ) ) ;
#1743 = DIRECTION ( 'NONE',  ( 0.000000000000000000, 0.000000000000000000, 1.000000000000000000 ) ) ;
#1744 = DIRECTION ( 'NONE',  ( 0.000000000000000000, 1.000000000000000000, 0.000000000000000000 ) ) ;
#1745 = EDGE_CURVE ( 'NONE', #1089, #1713, #1121, .T. ) ;
#1746 = CARTESIAN_POINT ( 'NONE',  ( 173.6137042776487078, 126.6148195677845365, -4.745636662189055777 ) ) ;
#1747 = CIRCLE ( 'NONE', #514, 16.99999999999998579 ) ;
#1748 = ORIENTED_EDGE ( 'NONE', *, *, #1068, .T. ) ;
#1749 = DIRECTION ( 'NONE',  ( 0.000000000000000000, 1.000000000000000000, 0.000000000000000000 ) ) ;
#1750 = AXIS2_PLACEMENT_3D ( 'NONE', #2167, #1827, #164 ) ;
#1751 = CARTESIAN_POINT ( 'NONE',  ( 183.2820000000000107, 134.9999999999999716, -8.317999999999990735 ) ) ;
#1752 = ADVANCED_FACE ( 'NONE', ( #875 ), #1614, .T. ) ;
#1753 = EDGE_CURVE ( 'NONE', #1476, #824, #116, .T. ) ;
#1754 = ORIENTED_EDGE ( 'NONE', *, *, #1566, .T. ) ;
#1755 = CARTESIAN_POINT ( 'NONE',  ( 185.0000000000000000, 59.96133478781999315, 0.5899447027792740217 ) ) ;
#1756 = CARTESIAN_POINT ( 'NONE',  ( 173.6188347722523702, 138.9005863772480893, 2.500000000000000000 ) ) ;
#1757 = ORIENTED_EDGE ( 'NONE', *, *, #1388, .F. ) ;
#1758 = DIRECTION ( 'NONE',  ( -0.000000000000000000, 1.000000000000000000, -0.000000000000000000 ) ) ;
#1759 = B_SPLINE_CURVE_WITH_KNOTS ( 'NONE', 3,
 ( #427, #415, #1379, #644, #1939, #1393, #2102, #1714, #1904, #1366, #451, #1195, #2092, #837 ),
 .UNSPECIFIED., .F., .F.,
 ( 4, 2, 2, 2, 2, 2, 4 ),
 ( 2.775557561562891351E-17, 0.0007627499158486904631, 0.001525499831697353171, 0.001906874789621713310, 0.002288249747546073666, 0.002669624705470433589, 0.003050999663394793945 ),
 .UNSPECIFIED. ) ;
#1760 = LINE ( 'NONE', #654, #319 ) ;
#1761 = VERTEX_POINT ( 'NONE', #2319 ) ;
#1762 = LINE ( 'NONE', #1179, #1489 ) ;
#1763 = APPLICATION_PROTOCOL_DEFINITION ( 'international standard', 'config_control_design', 1994, #645 ) ;
#1764 = VERTEX_POINT ( 'NONE', #677 ) ;
#1765 = DIRECTION ( 'NONE',  ( -0.000000000000000000, 1.000000000000000000, -0.000000000000000000 ) ) ;
#1766 = ORIENTED_EDGE ( 'NONE', *, *, #1031, .T. ) ;
#1767 = CARTESIAN_POINT ( 'NONE',  ( 64.00000000000000000, 157.9999999999999716, -1.626303258728256651E-16 ) ) ;
#1768 = CARTESIAN_POINT ( 'NONE',  ( 0.000000000000000000, 0.000000000000000000, -3.000000000000000000 ) ) ;
#1769 = CARTESIAN_POINT ( 'NONE',  ( 171.3515436630070781, 137.0475442003458681, -2.499999999999998668 ) ) ;
#1770 = CARTESIAN_POINT ( 'NONE',  ( 174.3086903371043093, 118.6643988712379496, -6.542211147150128525 ) ) ;
#1771 = ORIENTED_EDGE ( 'NONE', *, *, #909, .F. ) ;
#1772 = LINE ( 'NONE', #2152, #1678 ) ;
#1773 = DIRECTION ( 'NONE',  ( 1.000000000000000000, 0.000000000000000000, 0.000000000000000000 ) ) ;
#1774 = ORIENTED_EDGE ( 'NONE', *, *, #531, .F. ) ;
#1775 = DIRECTION ( 'NONE',  ( 0.000000000000000000, -1.000000000000000000, 0.000000000000000000 ) ) ;
#1776 = CARTESIAN_POINT ( 'NONE',  ( 75.00000000000000000, 123.0000000000000000, 4.700000000000000178 ) ) ;
#1777 = AXIS2_PLACEMENT_3D ( 'NONE', #1076, #312, #1807 ) ;
#1778 = ORIENTED_EDGE ( 'NONE', *, *, #1796, .F. ) ;
#1779 = CARTESIAN_POINT ( 'NONE',  ( 196.7180000000000177, 140.0000000000000000, -5.118000000000010097 ) ) ;
#1780 = ADVANCED_FACE ( 'NONE', ( #1422 ), #495, .T. ) ;
#1781 = DIRECTION ( 'NONE',  ( 0.000000000000000000, 0.000000000000000000, -1.000000000000000000 ) ) ;
#1782 = CARTESIAN_POINT ( 'NONE',  ( 75.00000000000000000, 123.0000000000000000, 5.599999999999997868 ) ) ;
#1783 = ADVANCED_FACE ( 'NONE', ( #2342 ), #1238, .F. ) ;
#1784 = CARTESIAN_POINT ( 'NONE',  ( 64.00000000000000000, 72.49854646718330287, 3.384664254940702666 ) ) ;
#1785 = PERSON_AND_ORGANIZATION ( #801, #995 ) ;
#1786 = VERTEX_POINT ( 'NONE', #156 ) ;
#1787 = LINE ( 'NONE', #2324, #1900 ) ;
#1788 = B_SPLINE_CURVE_WITH_KNOTS ( 'NONE', 3,
 ( #1479, #2034, #182, #907, #732, #2201, #2364, #1680, #216, #582 ),
 .UNSPECIFIED., .F., .F.,
 ( 4, 2, 2, 2, 4 ),
 ( 0.01253638653317028055, 0.01314983654420893988, 0.01376328655524760095, 0.01437673656628626201, 0.01499018657732492134 ),
 .UNSPECIFIED. ) ;
#1789 = CARTESIAN_POINT ( 'NONE',  ( 46.00000000000000000, 95.00000000000000000, -4.000000000000000000 ) ) ;
#1790 = AXIS2_PLACEMENT_3D ( 'NONE', #1982, #690, #726 ) ;
#1791 = AXIS2_PLACEMENT_3D ( 'NONE', #501, #1243, #1083 ) ;
#1792 = FACE_OUTER_BOUND ( 'NONE', #1462, .T. ) ;
#1793 = EDGE_CURVE ( 'NONE', #1977, #785, #1435, .T. ) ;
#1794 = FACE_OUTER_BOUND ( 'NONE', #1280, .T. ) ;
#1795 = AXIS2_PLACEMENT_3D ( 'NONE', #178, #904, #2369 ) ;
#1796 = EDGE_CURVE ( 'NONE', #1186, #2154, #535, .T. ) ;
#1797 = CARTESIAN_POINT ( 'NONE',  ( 171.3710312884166171, 136.8346357300500529, 2.596196161232587674 ) ) ;
#1798 = CARTESIAN_POINT ( 'NONE',  ( 173.5489633833521168, 138.7316920062393706, -2.799323624569288516 ) ) ;
#1799 = CARTESIAN_POINT ( 'NONE',  ( 173.5338190937323191, 136.8580349793640494, 4.227823175964832814 ) ) ;
#1800 = DIRECTION ( 'NONE',  ( 1.000000000000000000, 0.000000000000000000, 0.000000000000000000 ) ) ;
#1801 = COORDINATED_UNIVERSAL_TIME_OFFSET ( 12, 0, .AHEAD. ) ;
#1802 = EDGE_CURVE ( 'NONE', #824, #963, #1505, .T. ) ;
#1803 = EDGE_LOOP ( 'NONE', ( #1275, #1754, #1547, #1345 ) ) ;
#1804 = FACE_OUTER_BOUND ( 'NONE', #915, .T. ) ;
#1805 = CARTESIAN_POINT ( 'NONE',  ( 183.2820000000000107, 140.0000000000000000, -8.317999999999990735 ) ) ;
#1806 = EDGE_LOOP ( 'NONE', ( #1205, #1391, #2199, #1497 ) ) ;
#1807 = DIRECTION ( 'NONE',  ( 0.000000000000000000, 0.000000000000000000, 1.000000000000000000 ) ) ;
#1808 = ORIENTED_EDGE ( 'NONE', *, *, #770, .T. ) ;
#1809 = CARTESIAN_POINT ( 'NONE',  ( 173.9373081980341169, 130.8677958049715642, 5.570211446974623115 ) ) ;
#1810 = LINE ( 'NONE', #1056, #50 ) ;
#1811 = CYLINDRICAL_SURFACE ( 'NONE', #281, 0.8999999999999980238 ) ;
#1812 = CARTESIAN_POINT ( 'NONE',  ( 170.0000000000000000, 129.0000000000000000, 3.000000000000000000 ) ) ;
#1813 = ORIENTED_EDGE ( 'NONE', *, *, #1138, .F. ) ;
#1814 = DIRECTION ( 'NONE',  ( -1.000000000000000000, 0.000000000000000000, -0.000000000000000000 ) ) ;
#1815 = CARTESIAN_POINT ( 'NONE',  ( 75.00000000000000000, 135.0000000000000000, -3.800000000000002043 ) ) ;
#1816 = ORIENTED_EDGE ( 'NONE', *, *, #1930, .F. ) ;
#1817 = EDGE_CURVE ( 'NONE', #2022, #795, #769, .T. ) ;
#1818 = AXIS2_PLACEMENT_3D ( 'NONE', #976, #2082, #826 ) ;
#1819 = DIRECTION ( 'NONE',  ( 0.000000000000000000, 0.000000000000000000, 1.000000000000000000 ) ) ;
#1820 = CC_DESIGN_APPROVAL ( #872, ( #1670 ) ) ;
#1821 = ORIENTED_EDGE ( 'NONE', *, *, #956, .F. ) ;
#1822 = CARTESIAN_POINT ( 'NONE',  ( 63.99999999999998579, 59.35409912975123348, -1.489394052338814500 ) ) ;
#1823 = DIRECTION ( 'NONE',  ( 0.000000000000000000, 0.000000000000000000, -1.000000000000000000 ) ) ;
#1824 = ORIENTED_EDGE ( 'NONE', *, *, #981, .F. ) ;
#1825 = DIRECTION ( 'NONE',  ( 1.000000000000000000, 0.000000000000000000, 0.000000000000000000 ) ) ;
#1826 = ORIENTED_EDGE ( 'NONE', *, *, #2036, .T. ) ;
#1827 = DIRECTION ( 'NONE',  ( 0.000000000000000000, 0.000000000000000000, -1.000000000000000000 ) ) ;
#1828 = DIRECTION ( 'NONE',  ( 0.000000000000000000, 0.000000000000000000, -1.000000000000000000 ) ) ;
#1829 = DIRECTION ( 'NONE',  ( 0.000000000000000000, 1.000000000000000000, 0.000000000000000000 ) ) ;
#1830 = EDGE_CURVE ( 'NONE', #383, #1953, #1527, .T. ) ;
#1831 = AXIS2_PLACEMENT_3D ( 'NONE', #1038, #1014, #857 ) ;
#1832 = ORIENTED_EDGE ( 'NONE', *, *, #425, .T. ) ;
#1833 = DIRECTION ( 'NONE',  ( 0.000000000000000000, 0.000000000000000000, -1.000000000000000000 ) ) ;
#1834 = CARTESIAN_POINT ( 'NONE',  ( 172.2943768865067682, 123.6545628817327298, 5.043969154132334154 ) ) ;
#1835 = AXIS2_PLACEMENT_3D ( 'NONE', #2302, #2117, #2280 ) ;
#1836 = VECTOR ( 'NONE', #1825, 1000.000000000000000 ) ;
#1837 = CYLINDRICAL_SURFACE ( 'NONE', #1795, 13.99999999999998401 ) ;
#1838 = LINE ( 'NONE', #181, #2314 ) ;
#1839 = DIRECTION ( 'NONE',  ( -0.000000000000000000, 0.000000000000000000, 1.000000000000000000 ) ) ;
#1840 = CARTESIAN_POINT ( 'NONE',  ( 190.0000000000000000, 140.0000000000000000, 0.000000000000000000 ) ) ;
#1841 = ORIENTED_EDGE ( 'NONE', *, *, #1017, .F. ) ;
#1842 = LINE ( 'NONE', #678, #473 ) ;
#1843 = CARTESIAN_POINT ( 'NONE',  ( 46.00000000000000000, 129.0000000000000000, -3.000000000000000000 ) ) ;
#1844 = CARTESIAN_POINT ( 'NONE',  ( 171.5895853268308429, 138.3700618999797314, -1.613060330609292992 ) ) ;
#1845 = VERTEX_POINT ( 'NONE', #746 ) ;
#1846 = CARTESIAN_POINT ( 'NONE',  ( 171.3586565155511892, 136.9414983574180269, -2.549723688778084529 ) ) ;
#1847 = CARTESIAN_POINT ( 'NONE',  ( 75.00000000000000000, 135.0000000000000000, 3.800000000000002043 ) ) ;
#1848 = DIRECTION ( 'NONE',  ( 0.000000000000000000, -0.000000000000000000, -1.000000000000000000 ) ) ;
#1849 = EDGE_LOOP ( 'NONE', ( #16, #494, #1108, #2143 ) ) ;
#1850 = CARTESIAN_POINT ( 'NONE',  ( 64.00000000000000000, 89.52099056137808475, -5.389241356348179579 ) ) ;
#1851 = CARTESIAN_POINT ( 'NONE',  ( 171.3246486673432969, 137.1232049217023814, 2.478621186389533992 ) ) ;
#1852 = VECTOR ( 'NONE', #506, 1000.000000000000000 ) ;
#1853 = DIRECTION ( 'NONE',  ( 0.000000000000000000, 0.000000000000000000, -1.000000000000000000 ) ) ;
#1854 = EDGE_CURVE ( 'NONE', #1020, #1674, #1351, .T. ) ;
#1855 = CARTESIAN_POINT ( 'NONE',  ( 64.00000000000000000, 54.19120085711174539, -0.6674776372945709912 ) ) ;
#1856 = DIRECTION ( 'NONE',  ( 0.000000000000000000, 0.000000000000000000, -1.000000000000000000 ) ) ;
#1857 = EDGE_LOOP ( 'NONE', ( #248, #874, #1654, #713, #758, #309 ) ) ;
#1858 = DIRECTION ( 'NONE',  ( -0.000000000000000000, 1.000000000000000000, -0.000000000000000000 ) ) ;
#1859 = EDGE_LOOP ( 'NONE', ( #465, #1671, #754, #545, #2116 ) ) ;
#1860 = CARTESIAN_POINT ( 'NONE',  ( 64.00000000000000000, 150.8759940062182068, 5.069319609450579911 ) ) ;
#1861 = CARTESIAN_POINT ( 'NONE',  ( 172.1981340297266740, 126.3141225029641390, 4.822446050413062402 ) ) ;
#1862 = CIRCLE ( 'NONE', #44, 1.599999999999990319 ) ;
#1863 = ADVANCED_FACE ( 'NONE', ( #2218 ), #2062, .F. ) ;
#1864 = DIRECTION ( 'NONE',  ( -0.000000000000000000, 1.000000000000000000, -0.000000000000000000 ) ) ;
#1865 = CARTESIAN_POINT ( 'NONE',  ( 172.3589630728617124, 104.8046004534834736, 5.139265443014675583 ) ) ;
#1866 = TOROIDAL_SURFACE ( 'NONE', #2172, 14.49999999999998579, 2.500000000000002220 ) ;
#1867 = ORIENTED_EDGE ( 'NONE', *, *, #522, .T. ) ;
#1868 = CARTESIAN_POINT ( 'NONE',  ( 174.3230339691974962, 115.7534694061655784, -6.575213134930329772 ) ) ;
#1869 = EDGE_CURVE ( 'NONE', #1064, #450, #2237, .T. ) ;
#1870 = ORIENTED_EDGE ( 'NONE', *, *, #1745, .T. ) ;
#1871 = FACE_OUTER_BOUND ( 'NONE', #1586, .T. ) ;
#1872 = CARTESIAN_POINT ( 'NONE',  ( 172.1362607258793389, 127.6561116479200138, -4.680058908264524753 ) ) ;
#1873 = ORIENTED_EDGE ( 'NONE', *, *, #952, .T. ) ;
#1874 = CARTESIAN_POINT ( 'NONE',  ( 185.0000000000000000, 103.3128250282772456, -4.886309416168050035 ) ) ;
#1875 = DIRECTION ( 'NONE',  ( -0.000000000000000000, 1.000000000000000000, -0.000000000000000000 ) ) ;
#1876 = CARTESIAN_POINT ( 'NONE',  ( 183.2820000000000107, 136.0000000000000000, 6.717999999999999972 ) ) ;
#1877 = CARTESIAN_POINT ( 'NONE',  ( 170.0000000000000000, 140.0862511266842603, 5.365075124053468768E-15 ) ) ;
#1878 = CARTESIAN_POINT ( 'NONE',  ( 64.00000000000000000, 93.39148535881979285, -5.807239179943152863 ) ) ;
#1879 = ADVANCED_FACE ( 'NONE', ( #405, #1483, #556, #1496, #1294, #918 ), #1114, .F. ) ;
#1880 = CARTESIAN_POINT ( 'NONE',  ( 172.3589560386350570, 104.8041801155029304, -5.139247460999951223 ) ) ;
#1881 = EDGE_LOOP ( 'NONE', ( #1364, #1563, #316, #730 ) ) ;
#1882 = EDGE_CURVE ( 'NONE', #1761, #64, #2043, .T. ) ;
#1883 = ORIENTED_EDGE ( 'NONE', *, *, #2071, .F. ) ;
#1884 = CARTESIAN_POINT ( 'NONE',  ( 64.00000000000000000, 120.5862565036925957, -7.557802489930349310 ) ) ;
#1885 = CARTESIAN_POINT ( 'NONE',  ( 172.9677529324938234, 137.2657750045807461, 2.234051737335386534 ) ) ;
#1886 = CARTESIAN_POINT ( 'NONE',  ( 176.3252056688226617, 129.0000000000000000, -3.000000000000000000 ) ) ;
#1887 = CIRCLE ( 'NONE', #1777, 0.8999999999999980238 ) ;
#1888 = FACE_OUTER_BOUND ( 'NONE', #199, .T. ) ;
#1889 = AXIS2_PLACEMENT_3D ( 'NONE', #2059, #402, #2024 ) ;
#1890 = CARTESIAN_POINT ( 'NONE',  ( 173.1667415689034328, 135.8431588384910071, -2.851056272007264969 ) ) ;
#1891 = ORIENTED_EDGE ( 'NONE', *, *, #1325, .T. ) ;
#1892 = CARTESIAN_POINT ( 'NONE',  ( 170.0000000000000000, 129.0000000000000000, -2.499999999999999556 ) ) ;
#1893 = ORIENTED_EDGE ( 'NONE', *, *, #1575, .T. ) ;
#1894 = FACE_OUTER_BOUND ( 'NONE', #585, .T. ) ;
#1895 = CARTESIAN_POINT ( 'NONE',  ( 173.1655796601749842, 105.0000000000000000, -5.134422248129316024 ) ) ;
#1896 = EDGE_CURVE ( 'NONE', #1969, #163, #949, .T. ) ;
#1897 = CARTESIAN_POINT ( 'NONE',  ( 190.0000000000000000, 137.5000000000000000, -14.49999999999998579 ) ) ;
#1898 = CIRCLE ( 'NONE', #1286, 17.60000000000000497 ) ;
#1899 = CARTESIAN_POINT ( 'NONE',  ( 171.6483618957564659, 134.3496169156602491, 3.389965473166761001 ) ) ;
#1900 = VECTOR ( 'NONE', #1431, 1000.000000000000000 ) ;
#1901 = CARTESIAN_POINT ( 'NONE',  ( 173.1931377558823897, 135.3809799986776454, -2.997437320500442759 ) ) ;
#1902 = CIRCLE ( 'NONE', #211, 1.599999999999990319 ) ;
#1903 = ORIENTED_EDGE ( 'NONE', *, *, #1263, .T. ) ;
#1904 = CARTESIAN_POINT ( 'NONE',  ( 172.1841954565956314, 137.2877121305419337, -2.500000000000000000 ) ) ;
#1905 = ORIENTED_EDGE ( 'NONE', *, *, #1520, .T. ) ;
#1906 = DIRECTION ( 'NONE',  ( 0.000000000000000000, 0.000000000000000000, -1.000000000000000000 ) ) ;
#1907 = CARTESIAN_POINT ( 'NONE',  ( 173.3196990691506301, 138.4885156958491450, 2.500000000000000000 ) ) ;
#1908 = LINE ( 'NONE', #457, #1406 ) ;
#1909 = CARTESIAN_POINT ( 'NONE',  ( 173.7302670751566609, 104.7818239372431890, 5.115987412603565154 ) ) ;
#1910 = CARTESIAN_POINT ( 'NONE',  ( 173.4790593703523598, 137.4999999999999716, -4.007308412345733650 ) ) ;
#1911 = CARTESIAN_POINT ( 'NONE',  ( 173.2464506700315496, 134.4297081560465585, -3.277320049730124474 ) ) ;
#1912 = ORIENTED_EDGE ( 'NONE', *, *, #1882, .T. ) ;
#1913 = CARTESIAN_POINT ( 'NONE',  ( 196.7180000000000177, 136.0000000000000000, -8.317999999999990735 ) ) ;
#1914 = CARTESIAN_POINT ( 'NONE',  ( 185.0000000000000000, 58.00000000000000000, 0.2999999999999999889 ) ) ;
#1915 = CARTESIAN_POINT ( 'NONE',  ( 190.0000000000000000, 137.5000000000000000, 0.000000000000000000 ) ) ;
#1916 = ORIENTED_EDGE ( 'NONE', *, *, #1481, .F. ) ;
#1917 = CARTESIAN_POINT ( 'NONE',  ( 110.0000000000000000, 123.0000000000000000, 3.800000000000002043 ) ) ;
#1918 = CARTESIAN_POINT ( 'NONE',  ( 190.0000000000000000, 140.0000000000000000, 0.000000000000000000 ) ) ;
#1919 = AXIS2_PLACEMENT_3D ( 'NONE', #1088, #2160, #1046 ) ;
#1920 = DIRECTION ( 'NONE',  ( 0.000000000000000000, -1.000000000000000000, 0.000000000000000000 ) ) ;
#1921 = DIRECTION ( 'NONE',  ( 0.000000000000000000, -1.000000000000000000, 0.000000000000000000 ) ) ;
#1922 = EDGE_CURVE ( 'NONE', #1576, #601, #2157, .T. ) ;
#1923 = VECTOR ( 'NONE', #1192, 1000.000000000000000 ) ;
#1924 = EDGE_CURVE ( 'NONE', #1284, #673, #1759, .T. ) ;
#1925 = ORIENTED_EDGE ( 'NONE', *, *, #1283, .F. ) ;
#1926 = CYLINDRICAL_SURFACE ( 'NONE', #1964, 1.599999999999990319 ) ;
#1927 = EDGE_LOOP ( 'NONE', ( #1816, #1615, #1319, #2101 ) ) ;
#1928 = CARTESIAN_POINT ( 'NONE',  ( 64.00000000000000000, 61.46514737404753959, 1.810631200378109762 ) ) ;
#1929 = CARTESIAN_POINT ( 'NONE',  ( 172.1864353572118489, 137.2893174760837667, 2.500000000000000000 ) ) ;
#1930 = EDGE_CURVE ( 'NONE', #1484, #1786, #812, .T. ) ;
#1931 = ORIENTED_EDGE ( 'NONE', *, *, #1896, .F. ) ;
#1932 = CARTESIAN_POINT ( 'NONE',  ( 46.00000000000000000, 129.0000000000000000, 3.000000000000000000 ) ) ;
#1933 = CARTESIAN_POINT ( 'NONE',  ( 176.4709968441526087, 89.26362199948334819, -4.062836602584341428 ) ) ;
#1934 = CARTESIAN_POINT ( 'NONE',  ( 64.00000000000000000, 104.9875858014058423, 6.813591513160798918 ) ) ;
#1935 = VECTOR ( 'NONE', #768, 1000.000000000000000 ) ;
#1936 = ORIENTED_EDGE ( 'NONE', *, *, #2146, .F. ) ;
#1937 = ADVANCED_FACE ( 'NONE', ( #57 ), #251, .F. ) ;
#1938 = VECTOR ( 'NONE', #1003, 1000.000000000000000 ) ;
#1939 = CARTESIAN_POINT ( 'NONE',  ( 172.8286119669529626, 137.9045795690137197, -2.499999999999999556 ) ) ;
#1940 = AXIS2_PLACEMENT_3D ( 'NONE', #521, #1274, #2171 ) ;
#1941 = EDGE_LOOP ( 'NONE', ( #220, #1590 ) ) ;
#1942 = CARTESIAN_POINT ( 'NONE',  ( 64.00000000000000000, 59.35409912975123348, 1.489394052338814944 ) ) ;
#1943 = DIRECTION ( 'NONE',  ( 0.000000000000000000, 1.000000000000000000, 0.000000000000000000 ) ) ;
#1944 = DIRECTION ( 'NONE',  ( -0.000000000000000000, 1.000000000000000000, -0.000000000000000000 ) ) ;
#1945 = CARTESIAN_POINT ( 'NONE',  ( 173.5711937973828469, 136.3658211965110922, 4.369980248026007708 ) ) ;
#1946 = ORIENTED_EDGE ( 'NONE', *, *, #2202, .T. ) ;
#1947 = CARTESIAN_POINT ( 'NONE',  ( 110.0000000000000000, 123.0000000000000000, -3.800000000000002043 ) ) ;
#1948 = DIRECTION ( 'NONE',  ( 0.000000000000000000, -0.000000000000000000, -1.000000000000000000 ) ) ;
#1949 = DIRECTION ( 'NONE',  ( 0.000000000000000000, 0.000000000000000000, 1.000000000000000000 ) ) ;
#1950 = ORIENTED_EDGE ( 'NONE', *, *, #274, .F. ) ;
#1951 = ADVANCED_FACE ( 'NONE', ( #1724 ), #1926, .F. ) ;
#1952 = DIRECTION ( 'NONE',  ( 0.000000000000000000, 0.000000000000000000, 1.000000000000000000 ) ) ;
#1953 = VERTEX_POINT ( 'NONE', #1892 ) ;
#1954 = LINE ( 'NONE', #302, #2133 ) ;
#1955 = EDGE_CURVE ( 'NONE', #1476, #1662, #1210, .T. ) ;
#1956 = DIRECTION ( 'NONE',  ( 0.000000000000000000, 0.000000000000000000, 1.000000000000000000 ) ) ;
#1957 = CARTESIAN_POINT ( 'NONE',  ( 173.9373065023174263, 130.8671325963076981, -5.570182961323378201 ) ) ;
#1958 = VERTEX_POINT ( 'NONE', #991 ) ;
#1959 = DIRECTION ( 'NONE',  ( 0.000000000000000000, 0.000000000000000000, -1.000000000000000000 ) ) ;
#1960 = ORIENTED_EDGE ( 'NONE', *, *, #883, .F. ) ;
#1961 = ORIENTED_EDGE ( 'NONE', *, *, #1322, .T. ) ;
#1962 = CARTESIAN_POINT ( 'NONE',  ( 183.2820000000000107, 134.9999999999999716, 8.317999999999990735 ) ) ;
#1963 = CYLINDRICAL_SURFACE ( 'NONE', #2040, 1.599999999999990319 ) ;
#1964 = AXIS2_PLACEMENT_3D ( 'NONE', #1739, #2118, #78 ) ;
#1965 = EDGE_CURVE ( 'NONE', #1622, #1517, #595, .T. ) ;
#1966 =( BOUNDED_SURFACE ( )  B_SPLINE_SURFACE ( 3, 2, ( 
 ( #1865, #1909, #28 ),
 ( #600, #1340, #1359 ),
 ( #2067, #959, #1177 ),
 ( #234, #2087, #437 ),
 ( #72, #2274, #589 ),
 ( #1132, #1154, #1697 ),
 ( #1312, #2044, #1522 ),
 ( #777, #410, #213 ),
 ( #937, #1708, #2255 ),
 ( #1349, #789, #1687 ),
 ( #762, #51, #1532 ),
 ( #1145, #1512, #580 ),
 ( #1324, #2055, #401 ),
 ( #61, #422, #1164 ),
 ( #1899, #247, #972 ),
 ( #1719, #799, #1542 ),
 ( #2264, #127, #1605 ),
 ( #1594, #447, #1399 ),
 ( #500, #2150, #1945 ),
 ( #1425, #1618, #1799 ),
 ( #1582, #2109, #2098 ),
 ( #460, #1204, #2123 ) ),
 .UNSPECIFIED., .F., .F., .T. ) 
 B_SPLINE_SURFACE_WITH_KNOTS ( ( 4, 2, 2, 2, 2, 2, 2, 2, 2, 2, 4 ),
 ( 3, 3 ),
 ( 0.09689371671096032312, 0.1051076370938955062, 0.1133215574768306755, 0.1174285176682982601, 0.1215354778597658447, 0.1235889579554996370, 0.1256424380512334293, 0.1276959181469672355, 0.1282092881709006871, 0.1287226581948341386, 0.1297493982427010140 ),
 ( 0.000000000000000000, 1.000000000000000000 ),
 .UNSPECIFIED. ) 
 GEOMETRIC_REPRESENTATION_ITEM ( )  RATIONAL_B_SPLINE_SURFACE ( (
 ( 1.000000000000000000, 0.8246784416372477944, 1.000000000000000000),
 ( 1.000000000000000000, 0.8263256837602546145, 1.000000000000000000),
 ( 1.000000000000000000, 0.8273011915289643081, 1.000000000000000000),
 ( 1.000000000000000000, 0.8269182196987139299, 1.000000000000000000),
 ( 1.000000000000000000, 0.8255623650957524262, 1.000000000000000000),
 ( 1.000000000000000000, 0.8209920599851470158, 1.000000000000000000),
 ( 1.000000000000000000, 0.8191513023758882905, 1.000000000000000000),
 ( 1.000000000000000000, 0.8138795947449302126, 1.000000000000000000),
 ( 1.000000000000000000, 0.8103896861965192988, 1.000000000000000000),
 ( 1.000000000000000000, 0.8031691859326781646, 1.000000000000000000),
 ( 1.000000000000000000, 0.8003986097348511075, 1.000000000000000000),
 ( 1.000000000000000000, 0.7943178642336005124, 1.000000000000000000),
 ( 1.000000000000000000, 0.7910102159375402842, 1.000000000000000000),
 ( 1.000000000000000000, 0.7838752952498933002, 1.000000000000000000),
 ( 1.000000000000000000, 0.7800461857908072005, 1.000000000000000000),
 ( 1.000000000000000000, 0.7749241868666815192, 1.000000000000000000),
 ( 1.000000000000000000, 0.7739295180238191518, 1.000000000000000000),
 ( 1.000000000000000000, 0.7715312273116418096, 1.000000000000000000),
 ( 1.000000000000000000, 0.7701343741652447727, 1.000000000000000000),
 ( 1.000000000000000000, 0.7653637247105226082, 1.000000000000000000),
 ( 1.000000000000000000, 0.7614089957374792217, 1.000000000000000000),
 ( 1.000000000000000000, 0.7567157163547227894, 1.000000000000000000) ) ) 
 REPRESENTATION_ITEM ( '' )  SURFACE ( )  );
#1967 = CARTESIAN_POINT ( 'NONE',  ( 170.0000000000000000, 141.0000000000000000, 2.500000000000000000 ) ) ;
#1968 = CARTESIAN_POINT ( 'NONE',  ( 183.2820000000000107, 134.9999999999999716, -6.717999999999999972 ) ) ;
#1969 = VERTEX_POINT ( 'NONE', #965 ) ;
#1970 = DIRECTION ( 'NONE',  ( 0.000000000000000000, -1.000000000000000000, 0.000000000000000000 ) ) ;
#1971 = EDGE_CURVE ( 'NONE', #963, #1032, #766, .T. ) ;
#1972 = CARTESIAN_POINT ( 'NONE',  ( 181.9841891582806852, 61.79319034114647735, -0.8772099162877728951 ) ) ;
#1973 = CARTESIAN_POINT ( 'NONE',  ( 196.7180000000000177, 140.0000000000000000, -8.317999999999990735 ) ) ;
#1974 = ORIENTED_EDGE ( 'NONE', *, *, #1434, .F. ) ;
#1975 = CARTESIAN_POINT ( 'NONE',  ( 196.7180000000000177, 136.0000000000000000, -5.118000000000010097 ) ) ;
#1976 = DIRECTION ( 'NONE',  ( 0.000000000000000000, -1.000000000000000000, 0.000000000000000000 ) ) ;
#1977 = VERTEX_POINT ( 'NONE', #1913 ) ;
#1978 = AXIS2_PLACEMENT_3D ( 'NONE', #1059, #1775, #628 ) ;
#1979 = DIRECTION ( 'NONE',  ( 0.000000000000000000, 0.000000000000000000, -1.000000000000000000 ) ) ;
#1980 = CIRCLE ( 'NONE', #555, 13.99999999999998401 ) ;
#1981 = ORIENTED_EDGE ( 'NONE', *, *, #361, .T. ) ;
#1982 = CARTESIAN_POINT ( 'NONE',  ( 196.7180000000000177, 140.0000000000000000, -6.717999999999999972 ) ) ;
#1983 = APPROVAL ( #2165, 'UNSPECIFIED' ) ;
#1984 = CARTESIAN_POINT ( 'NONE',  ( 172.9460897802420618, 137.9598006509826860, -1.760593637631114872 ) ) ;
#1985 = FACE_OUTER_BOUND ( 'NONE', #30, .T. ) ;
#1986 = ADVANCED_FACE ( 'NONE', ( #2250 ), #794, .F. ) ;
#1987 = ORIENTED_EDGE ( 'NONE', *, *, #411, .T. ) ;
#1988 = CARTESIAN_POINT ( 'NONE',  ( 75.00000000000000000, 135.0000000000000000, -3.800000000000002043 ) ) ;
#1989 = DIRECTION ( 'NONE',  ( 0.000000000000000000, -1.000000000000000000, 0.000000000000000000 ) ) ;
#1990 = CARTESIAN_POINT ( 'NONE',  ( 173.1495468805224220, 105.0000000000000000, 5.284470774019682793 ) ) ;
#1991 = VERTEX_POINT ( 'NONE', #606 ) ;
#1992 = CARTESIAN_POINT ( 'NONE',  ( 64.00000000000000000, 52.88637962628122580, -0.4486512246263043568 ) ) ;
#1993 = CARTESIAN_POINT ( 'NONE',  ( 0.000000000000000000, 0.000000000000000000, 4.000000000000000000 ) ) ;
#1994 = EDGE_CURVE ( 'NONE', #1150, #2025, #1561, .T. ) ;
#1995 = CARTESIAN_POINT ( 'NONE',  ( 171.6588174893981886, 138.4967289183629759, -1.485158393491251783 ) ) ;
#1996 = DIRECTION ( 'NONE',  ( 0.000000000000000000, -1.000000000000000000, 0.000000000000000000 ) ) ;
#1997 = EDGE_LOOP ( 'NONE', ( #98, #119, #1010, #1725 ) ) ;
#1998 = CARTESIAN_POINT ( 'NONE',  ( -2.415207467466105484, 48.70668392723307960, 0.000000000000000000 ) ) ;
#1999 = DIRECTION ( 'NONE',  ( 0.000000000000000000, -1.000000000000000000, 0.000000000000000000 ) ) ;
#2000 = ADVANCED_FACE ( 'NONE', ( #1043 ), #1420, .T. ) ;
#2001 = AXIS2_PLACEMENT_3D ( 'NONE', #901, #1652, #337 ) ;
#2002 = DIRECTION ( 'NONE',  ( 0.000000000000000000, 1.000000000000000000, 0.000000000000000000 ) ) ;
#2003 = CARTESIAN_POINT ( 'NONE',  ( 183.2820000000000107, 136.0000000000000000, -6.717999999999999972 ) ) ;
#2004 = VECTOR ( 'NONE', #1401, 1000.000000000000000 ) ;
#2005 = ORIENTED_EDGE ( 'NONE', *, *, #1817, .F. ) ;
#2006 = CARTESIAN_POINT ( 'NONE',  ( 185.0000000000000000, 75.34219329053838976, -2.565064010385240678 ) ) ;
#2007 = CARTESIAN_POINT ( 'NONE',  ( 173.6188347722525691, 138.9005863772484020, -2.500000000000000000 ) ) ;
#2008 = CARTESIAN_POINT ( 'NONE',  ( 172.9323375564889602, 137.7273695228155361, -1.936197123443625268 ) ) ;
#2009 = ORIENTED_EDGE ( 'NONE', *, *, #1176, .F. ) ;
#2010 = CARTESIAN_POINT ( 'NONE',  ( 175.5115219486166609, 140.0000000000000568, 2.500000000000000000 ) ) ;
#2011 = FACE_OUTER_BOUND ( 'NONE', #6, .T. ) ;
#2012 = DIRECTION ( 'NONE',  ( 0.000000000000000000, -1.000000000000000000, 0.000000000000000000 ) ) ;
#2013 = CARTESIAN_POINT ( 'NONE',  ( 110.0000000000000000, 135.0000000000000000, -5.599999999999997868 ) ) ;
#2014 = AXIS2_PLACEMENT_3D ( 'NONE', #296, #267, #868 ) ;
#2015 = CARTESIAN_POINT ( 'NONE',  ( 170.0000000000000000, 141.0000000000000000, -2.500000000000000000 ) ) ;
#2016 = ORIENTED_EDGE ( 'NONE', *, *, #1606, .T. ) ;
#2017 = FACE_OUTER_BOUND ( 'NONE', #876, .T. ) ;
#2018 = CARTESIAN_POINT ( 'NONE',  ( 174.2492965339928901, 105.0000000000000000, -6.396510011397763762 ) ) ;
#2019 = AXIS2_PLACEMENT_3D ( 'NONE', #1241, #1473, #1253 ) ;
#2020 = CARTESIAN_POINT ( 'NONE',  ( 172.9620897426325712, 138.0763839444655616, -1.664283327790702982 ) ) ;
#2021 = DIRECTION ( 'NONE',  ( -0.000000000000000000, 1.000000000000000000, -0.000000000000000000 ) ) ;
#2022 = VERTEX_POINT ( 'NONE', #520 ) ;
#2023 = FACE_BOUND ( 'NONE', #1016, .T. ) ;
#2024 = DIRECTION ( 'NONE',  ( 0.000000000000000000, -0.000000000000000000, 1.000000000000000000 ) ) ;
#2025 = VERTEX_POINT ( 'NONE', #1805 ) ;
#2026 = CARTESIAN_POINT ( 'NONE',  ( 185.0000000000000000, 129.8332930663974878, 3.807241443524608027 ) ) ;
#2027 = CARTESIAN_POINT ( 'NONE',  ( 172.9348933327012219, 137.6116046177253907, 2.014945125673695436 ) ) ;
#2028 = EDGE_CURVE ( 'NONE', #2191, #1150, #1, .T. ) ;
#2029 = CLOSED_SHELL ( 'NONE', ( #1625, #637, #1503, #1752 ) ) ;
#2030 = CARTESIAN_POINT ( 'NONE',  ( 176.3252056688226617, 123.0000000000000000, 3.000000000000000000 ) ) ;
#2031 = EDGE_LOOP ( 'NONE', ( #1841, #2344, #1028, #102 ) ) ;
#2032 = CARTESIAN_POINT ( 'NONE',  ( 190.0000000000000000, 129.0000000000000000, 0.000000000000000000 ) ) ;
#2033 = CARTESIAN_POINT ( 'NONE',  ( 173.6789746150596159, 134.8644294398081342, -4.759686674551138807 ) ) ;
#2034 = CARTESIAN_POINT ( 'NONE',  ( 175.5111353594802210, 140.0000000000000284, -2.499999999999999556 ) ) ;
#2035 = PRODUCT ( 'Arm', 'Arm', '', ( #1417 ) ) ;
#2036 = EDGE_CURVE ( 'NONE', #532, #299, #712, .T. ) ;
#2037 = ORIENTED_EDGE ( 'NONE', *, *, #2268, .T. ) ;
#2038 = CARTESIAN_POINT ( 'NONE',  ( 64.00000000000000000, 143.8488568854597816, -6.571591727123517579 ) ) ;
#2039 = CARTESIAN_POINT ( 'NONE',  ( 173.0200401227450016, 137.0528178219196036, 2.350152682703933404 ) ) ;
#2040 = AXIS2_PLACEMENT_3D ( 'NONE', #1599, #1587, #2338 ) ;
#2041 = EDGE_CURVE ( 'NONE', #2296, #1302, #1261, .T. ) ;
#2042 = DIRECTION ( 'NONE',  ( 0.000000000000000000, 0.000000000000000000, 1.000000000000000000 ) ) ;
#2043 = B_SPLINE_CURVE_WITH_KNOTS ( 'NONE', 3,
 ( #575, #1126, #1318, #1691, #219, #932, #393, #195, #1140, #1872, #32, #2281, #109, #467, #1344, #2072, #2292, #1182, #616, #1004 ),
 .UNSPECIFIED., .F., .F.,
 ( 4, 2, 2, 2, 2, 2, 2, 2, 2, 4 ),
 ( 0.000000000000000000, 0.001029066232281859901, 0.002058132464563719802, 0.004116264929127439604, 0.008232529858254802879, 0.01234879478738216615, 0.01646505971650953290, 0.02058132464563689271, 0.02469758957476425598, 0.03293011943301898253 ),
 .UNSPECIFIED. ) ;
#2044 = CARTESIAN_POINT ( 'NONE',  ( 173.6876200993330883, 123.8949400551627775, 4.987226221967315354 ) ) ;
#2045 = ORIENTED_EDGE ( 'NONE', *, *, #169, .T. ) ;
#2046 = DIRECTION ( 'NONE',  ( 0.000000000000000000, 0.000000000000000000, -1.000000000000000000 ) ) ;
#2047 = LINE ( 'NONE', #1139, #1935 ) ;
#2048 = DIRECTION ( 'NONE',  ( 0.000000000000000000, -1.000000000000000000, 0.000000000000000000 ) ) ;
#2049 = ORIENTED_EDGE ( 'NONE', *, *, #2132, .F. ) ;
#2050 = CARTESIAN_POINT ( 'NONE',  ( 64.00000000000000000, 124.3977147227123652, 7.625235452124244695 ) ) ;
#2051 = CARTESIAN_POINT ( 'NONE',  ( 173.1655796601729946, 105.0000000000000000, 5.134422248122777255 ) ) ;
#2052 = CIRCLE ( 'NONE', #354, 13.99999999999998401 ) ;
#2053 = FACE_BOUND ( 'NONE', #619, .T. ) ;
#2054 = CIRCLE ( 'NONE', #434, 0.8999999999999980238 ) ;
#2055 = CARTESIAN_POINT ( 'NONE',  ( 173.3527431111862711, 132.5177677111831827, 3.763522305017686254 ) ) ;
#2056 = CC_DESIGN_PERSON_AND_ORGANIZATION_ASSIGNMENT ( #1785, #130, ( #544 ) ) ;
#2057 = AXIS2_PLACEMENT_3D ( 'NONE', #484, #1553, #648 ) ;
#2058 = CARTESIAN_POINT ( 'NONE',  ( 64.00000000000000000, 58.04302010026673031, -1.289879303724152271 ) ) ;
#2059 = CARTESIAN_POINT ( 'NONE',  ( 110.0000000000000000, 123.0000000000000000, 4.700000000000000178 ) ) ;
#2060 = EDGE_CURVE ( 'NONE', #2025, #882, #574, .T. ) ;
#2061 = ORIENTED_EDGE ( 'NONE', *, *, #2176, .T. ) ;
#2062 = PLANE ( 'NONE',  #2228 ) ;
#2063 = EDGE_LOOP ( 'NONE', ( #301, #183, #702, #2269 ) ) ;
#2064 = CARTESIAN_POINT ( 'NONE',  ( 185.0000000000000000, 100.3492503684683328, 4.736179191705465641 ) ) ;
#2065 = DIRECTION ( 'NONE',  ( 0.000000000000000000, 0.000000000000000000, -1.000000000000000000 ) ) ;
#2066 = DIRECTION ( 'NONE',  ( 0.000000000000000000, -1.000000000000000000, 0.000000000000000000 ) ) ;
#2067 = CARTESIAN_POINT ( 'NONE',  ( 172.4352224483628788, 110.2630385442818266, 5.333390848014467167 ) ) ;
#2068 = EDGE_CURVE ( 'NONE', #2173, #845, #693, .T. ) ;
#2069 = CARTESIAN_POINT ( 'NONE',  ( 171.6498869762836819, 134.3323153719975096, -3.394611163022783096 ) ) ;
#2070 = VERTEX_POINT ( 'NONE', #1073 ) ;
#2071 = EDGE_CURVE ( 'NONE', #785, #1977, #573, .T. ) ;
#2072 = CARTESIAN_POINT ( 'NONE',  ( 172.4353234924004141, 115.6785351674604385, -5.349577542656455797 ) ) ;
#2073 = ORIENTED_EDGE ( 'NONE', *, *, #507, .T. ) ;
#2074 = CARTESIAN_POINT ( 'NONE',  ( 185.0000000000000000, 135.0728285314352490, -2.351116429766308968 ) ) ;
#2075 = CARTESIAN_POINT ( 'NONE',  ( 171.6627246932230832, 134.1862911657241852, 3.433524066808653519 ) ) ;
#2076 = LINE ( 'NONE', #957, #1013 ) ;
#2077 = ADVANCED_FACE ( 'NONE', ( #167 ), #1963, .F. ) ;
#2078 = AXIS2_PLACEMENT_3D ( 'NONE', #508, #1249, #2148 ) ;
#2079 = CARTESIAN_POINT ( 'NONE',  ( 170.0000000000000000, 138.1372701758697019, -2.044780779625547495 ) ) ;
#2080 = CARTESIAN_POINT ( 'NONE',  ( 171.5788124277153202, 135.1269643963647695, -3.169496060104153745 ) ) ;
#2081 = ORIENTED_EDGE ( 'NONE', *, *, #23, .F. ) ;
#2082 = DIRECTION ( 'NONE',  ( 0.000000000000000000, -1.000000000000000000, 0.000000000000000000 ) ) ;
#2083 = EDGE_LOOP ( 'NONE', ( #2318, #1961, #897, #2049 ) ) ;
#2084 = LINE ( 'NONE', #431, #1009 ) ;
#2085 = CARTESIAN_POINT ( 'NONE',  ( 172.4755709931758645, 137.5408802674741651, 2.499999999999999556 ) ) ;
#2086 = AXIS2_PLACEMENT_3D ( 'NONE', #166, #2012, #1948 ) ;
#2087 = CARTESIAN_POINT ( 'NONE',  ( 173.8018376376467700, 115.7134601740978468, 5.335707258598189284 ) ) ;
#2088 = AXIS2_PLACEMENT_3D ( 'NONE', #1767, #111, #67 ) ;
#2089 = DIRECTION ( 'NONE',  ( -0.000000000000000000, 1.000000000000000000, -0.000000000000000000 ) ) ;
#2090 = CARTESIAN_POINT ( 'NONE',  ( 174.2355251422723939, 122.6531501079937101, -6.362837549675230520 ) ) ;
#2091 = ORIENTED_EDGE ( 'NONE', *, *, #744, .F. ) ;
#2092 = CARTESIAN_POINT ( 'NONE',  ( 171.4787192439792136, 137.0237247800650664, -2.500000000000000000 ) ) ;
#2093 = EDGE_LOOP ( 'NONE', ( #833, #2091 ) ) ;
#2094 = CARTESIAN_POINT ( 'NONE',  ( 174.2492965339928901, 105.0000000000000000, 6.396510011397763762 ) ) ;
#2095 = CARTESIAN_POINT ( 'NONE',  ( 190.0000000000000000, 105.0000000000000000, 0.000000000000000000 ) ) ;
#2096 = EDGE_CURVE ( 'NONE', #845, #1070, #2168, .T. ) ;
#2097 = EDGE_CURVE ( 'NONE', #43, #1299, #1196, .T. ) ;
#2098 = CARTESIAN_POINT ( 'NONE',  ( 173.5074927869543160, 137.1822374097109787, 4.124530931613606732 ) ) ;
#2099 = CARTESIAN_POINT ( 'NONE',  ( 64.00000000000000000, 52.44290321668560750, 0.3742775483541579962 ) ) ;
#2100 = DIRECTION ( 'NONE',  ( 0.000000000000000000, 0.000000000000000000, -1.000000000000000000 ) ) ;
#2101 = ORIENTED_EDGE ( 'NONE', *, *, #1176, .T. ) ;
#2102 = CARTESIAN_POINT ( 'NONE',  ( 172.4733600894966230, 137.5387778974317996, -2.500000000000000000 ) ) ;
#2103 = CARTESIAN_POINT ( 'NONE',  ( 196.7180000000000177, 134.9999999999999716, -6.717999999999999972 ) ) ;
#2104 = CARTESIAN_POINT ( 'NONE',  ( 185.0000000000000000, 77.84781431385430039, 2.841898987767228935 ) ) ;
#2105 = CARTESIAN_POINT ( 'NONE',  ( 190.0000000000000000, 140.0000000000000000, -14.49999999999998579 ) ) ;
#2106 = ORIENTED_EDGE ( 'NONE', *, *, #347, .F. ) ;
#2107 = LINE ( 'NONE', #1554, #1005 ) ;
#2108 = CARTESIAN_POINT ( 'NONE',  ( 174.1732433431610048, 105.0000000000000000, -6.209237380806631457 ) ) ;
#2109 = CARTESIAN_POINT ( 'NONE',  ( 173.1217656008450092, 136.5701862924686054, 2.581882681658205225 ) ) ;
#2110 = VERTEX_POINT ( 'NONE', #2303 ) ;
#2111 = ADVANCED_FACE ( 'NONE', ( #660 ), #1459, .F. ) ;
#2112 = DIRECTION ( 'NONE',  ( 0.000000000000000000, 0.000000000000000000, 1.000000000000000000 ) ) ;
#2113 = LINE ( 'NONE', #1001, #1738 ) ;
#2114 = LOCAL_TIME ( 18, 6, 39.00000000000000000, #307 ) ;
#2115 = VERTEX_POINT ( 'NONE', #1060 ) ;
#2116 = ORIENTED_EDGE ( 'NONE', *, *, #1461, .T. ) ;
#2117 = DIRECTION ( 'NONE',  ( 0.000000000000000000, 0.000000000000000000, -1.000000000000000000 ) ) ;
#2118 = DIRECTION ( 'NONE',  ( -0.000000000000000000, 1.000000000000000000, -0.000000000000000000 ) ) ;
#2119 = CARTESIAN_POINT ( 'NONE',  ( 110.0000000000000000, 123.0000000000000000, -4.700000000000000178 ) ) ;
#2120 = CARTESIAN_POINT ( 'NONE',  ( 75.00000000000000000, 135.0000000000000000, -4.700000000000000178 ) ) ;
#2121 = PLANE ( 'NONE',  #711 ) ;
#2122 = CARTESIAN_POINT ( 'NONE',  ( 173.7241803826186697, 134.2149911785558061, 4.911198854784301737 ) ) ;
#2123 = CARTESIAN_POINT ( 'NONE',  ( 173.4790593703523882, 137.5000000000000284, 4.007308412345720328 ) ) ;
#2124 = EDGE_CURVE ( 'NONE', #576, #2022, #2131, .T. ) ;
#2125 = ORIENTED_EDGE ( 'NONE', *, *, #1965, .T. ) ;
#2126 = PLANE ( 'NONE',  #709 ) ;
#2127 = AXIS2_PLACEMENT_3D ( 'NONE', #2226, #2204, #360 ) ;
#2128 = VECTOR ( 'NONE', #469, 1000.000000000000000 ) ;
#2129 = EDGE_LOOP ( 'NONE', ( #1227, #250 ) ) ;
#2130 = AXIS2_PLACEMENT_3D ( 'NONE', #2120, #1214, #2270 ) ;
#2131 = LINE ( 'NONE', #300, #1852 ) ;
#2132 = EDGE_CURVE ( 'NONE', #1662, #1674, #804, .T. ) ;
#2133 = VECTOR ( 'NONE', #1979, 1000.000000000000000 ) ;
#2134 = DIRECTION ( 'NONE',  ( 0.000000000000000000, 0.000000000000000000, 1.000000000000000000 ) ) ;
#2135 = CARTESIAN_POINT ( 'NONE',  ( 185.0000000000000000, 65.04336624223786600, 1.296702550218010286 ) ) ;
#2136 = DIRECTION ( 'NONE',  ( 0.000000000000000000, 0.000000000000000000, 1.000000000000000000 ) ) ;
#2137 = DIRECTION ( 'NONE',  ( 0.000000000000000000, 0.000000000000000000, 1.000000000000000000 ) ) ;
#2138 = DIRECTION ( 'NONE',  ( -1.000000000000000000, 0.000000000000000000, -0.000000000000000000 ) ) ;
#2139 = ORIENTED_EDGE ( 'NONE', *, *, #922, .T. ) ;
#2140 = CARTESIAN_POINT ( 'NONE',  ( 64.00000000000000000, 127.6151589264297144, 7.685647522237658791 ) ) ;
#2141 = APPLICATION_PROTOCOL_DEFINITION ( 'international standard', 'config_control_design', 1994, #1273 ) ;
#2142 = ORIENTED_EDGE ( 'NONE', *, *, #1509, .T. ) ;
#2143 = ORIENTED_EDGE ( 'NONE', *, *, #1031, .F. ) ;
#2144 = LINE ( 'NONE', #505, #1288 ) ;
#2145 = DIRECTION ( 'NONE',  ( 0.000000000000000000, 0.000000000000000000, -1.000000000000000000 ) ) ;
#2146 = EDGE_CURVE ( 'NONE', #2207, #795, #1236, .T. ) ;
#2147 = ORIENTED_EDGE ( 'NONE', *, *, #1441, .F. ) ;
#2148 = DIRECTION ( 'NONE',  ( 0.000000000000000000, 0.000000000000000000, -1.000000000000000000 ) ) ;
#2149 = DIRECTION ( 'NONE',  ( 0.000000000000000000, 0.000000000000000000, 1.000000000000000000 ) ) ;
#2150 = CARTESIAN_POINT ( 'NONE',  ( 173.1659216596559645, 135.8570968399851608, 2.846366161487070556 ) ) ;
#2151 = ORIENTED_EDGE ( 'NONE', *, *, #1201, .T. ) ;
#2152 = CARTESIAN_POINT ( 'NONE',  ( 64.00000000000000000, 145.0000000000000000, -1.626303258728256651E-16 ) ) ;
#2153 = SECURITY_CLASSIFICATION_LEVEL ( 'unclassified' ) ;
#2154 = VERTEX_POINT ( 'NONE', #1432 ) ;
#2155 = CARTESIAN_POINT ( 'NONE',  ( 75.00000000000000000, 135.0000000000000000, 4.700000000000000178 ) ) ;
#2156 = CARTESIAN_POINT ( 'NONE',  ( 75.00000000000000000, 135.0000000000000000, -5.599999999999997868 ) ) ;
#2157 = CIRCLE ( 'NONE', #607, 4.000000000000003553 ) ;
#2158 = ORIENTED_EDGE ( 'NONE', *, *, #2097, .F. ) ;
#2159 = DIRECTION ( 'NONE',  ( 0.000000000000000000, 0.000000000000000000, -1.000000000000000000 ) ) ;
#2160 = DIRECTION ( 'NONE',  ( -0.000000000000000000, 1.000000000000000000, -0.000000000000000000 ) ) ;
#2161 = ORIENTED_EDGE ( 'NONE', *, *, #669, .T. ) ;
#2162 = DIRECTION ( 'NONE',  ( 0.000000000000000000, -1.000000000000000000, 0.000000000000000000 ) ) ;
#2163 = VERTEX_POINT ( 'NONE', #885 ) ;
#2164 = CARTESIAN_POINT ( 'NONE',  ( 173.5831503081475091, 138.8151875499036123, -2.652436561910065826 ) ) ;
#2165 = APPROVAL_STATUS ( 'not_yet_approved' ) ;
#2166 = VERTEX_POINT ( 'NONE', #1610 ) ;
#2167 = CARTESIAN_POINT ( 'NONE',  ( 0.000000000000000000, 0.000000000000000000, -4.000000000000000000 ) ) ;
#2168 = LINE ( 'NONE', #1815, #1157 ) ;
#2169 = AXIS2_PLACEMENT_3D ( 'NONE', #1967, #1045, #374 ) ;
#2170 = AXIS2_PLACEMENT_3D ( 'NONE', #602, #2089, #1360 ) ;
#2171 = DIRECTION ( 'NONE',  ( 0.000000000000000000, 0.000000000000000000, 1.000000000000000000 ) ) ;
#2172 = AXIS2_PLACEMENT_3D ( 'NONE', #1915, #1215, #797 ) ;
#2173 = VERTEX_POINT ( 'NONE', #2156 ) ;
#2174 = DIRECTION ( 'NONE',  ( 0.000000000000000000, 1.000000000000000000, 0.000000000000000000 ) ) ;
#2175 = PLANE ( 'NONE',  #787 ) ;
#2176 = EDGE_CURVE ( 'NONE', #882, #2025, #1313, .T. ) ;
#2177 = DIRECTION ( 'NONE',  ( 0.000000000000000000, 1.000000000000000000, 0.000000000000000000 ) ) ;
#2178 = ORIENTED_EDGE ( 'NONE', *, *, #1403, .T. ) ;
#2179 = DIRECTION ( 'NONE',  ( 0.000000000000000000, 0.000000000000000000, 1.000000000000000000 ) ) ;
#2180 = DIRECTION ( 'NONE',  ( 1.000000000000000000, 0.000000000000000000, 0.000000000000000000 ) ) ;
#2181 = CARTESIAN_POINT ( 'NONE',  ( 75.00000000000000000, 123.0000000000000000, -4.700000000000000178 ) ) ;
#2182 = CARTESIAN_POINT ( 'NONE',  ( 172.3622057974525319, 104.9999999999999858, 5.147553549348578450 ) ) ;
#2183 = EDGE_LOOP ( 'NONE', ( #1873, #1867 ) ) ;
#2184 = CARTESIAN_POINT ( 'NONE',  ( 64.00000000000000000, 69.17350731388214058, -2.920951520335260287 ) ) ;
#2185 = CYLINDRICAL_SURFACE ( 'NONE', #2019, 3.100000000000000089 ) ;
#2186 = CARTESIAN_POINT ( 'NONE',  ( 171.7350323310186866, 138.6057671644183813, -1.358303723481243175 ) ) ;
#2187 = PRODUCT_DEFINITION_SHAPE ( 'NONE', 'NONE',  #1670 ) ;
#2188 = CARTESIAN_POINT ( 'NONE',  ( 174.9078898792982670, 139.8780317169421608, 2.500000000000000000 ) ) ;
#2189 = BREP_WITH_VOIDS ( 'NONE', #683, ( #1734, #970, #527, #97, #372 ) );
#2190 = CARTESIAN_POINT ( 'NONE',  ( 170.0000000000000000, 141.0000000000000000, -2.500000000000000000 ) ) ;
#2191 = VERTEX_POINT ( 'NONE', #1624 ) ;
#2192 = CARTESIAN_POINT ( 'NONE',  ( 173.3305844210914870, 105.0000000000000000, -5.368452016599349896 ) ) ;
#2193 = AXIS2_PLACEMENT_3D ( 'NONE', #1271, #1638, #699 ) ;
#2194 = DIRECTION ( 'NONE',  ( -0.000000000000000000, 1.000000000000000000, -0.000000000000000000 ) ) ;
#2195 = AXIS2_PLACEMENT_3D ( 'NONE', #626, #1921, #2100 ) ;
#2196 = EDGE_LOOP ( 'NONE', ( #1808, #204, #2260, #215 ) ) ;
#2197 = CARTESIAN_POINT ( 'NONE',  ( 171.3883057511342827, 136.7271627792454467, 2.639985068037267624 ) ) ;
#2198 = LINE ( 'NONE', #212, #858 ) ;
#2199 = ORIENTED_EDGE ( 'NONE', *, *, #1869, .F. ) ;
#2200 = CARTESIAN_POINT ( 'NONE',  ( 183.2820000000000107, 140.0000000000000000, -5.118000000000010097 ) ) ;
#2201 = CARTESIAN_POINT ( 'NONE',  ( 174.3489011401843811, 139.6142493991756339, -2.500000000000000000 ) ) ;
#2202 = EDGE_CURVE ( 'NONE', #1491, #1006, #2351, .T. ) ;
#2203 = CIRCLE ( 'NONE', #2127, 4.000000000000003553 ) ;
#2204 = DIRECTION ( 'NONE',  ( 0.000000000000000000, -1.000000000000000000, 0.000000000000000000 ) ) ;
#2205 = CARTESIAN_POINT ( 'NONE',  ( 64.00000000000000000, 95.00000000000000000, -1.626303258728256651E-16 ) ) ;
#2206 = CIRCLE ( 'NONE', #131, 0.8999999999999980238 ) ;
#2207 = VERTEX_POINT ( 'NONE', #2236 ) ;
#2208 = CARTESIAN_POINT ( 'NONE',  ( 64.00000000000000000, 140.9465143254921031, -6.904314826541069650 ) ) ;
#2209 = CARTESIAN_POINT ( 'NONE',  ( 46.00000000000000000, 95.00000000000000000, 4.000000000000000000 ) ) ;
#2210 = CIRCLE ( 'NONE', #2316, 1.599999999999990319 ) ;
#2211 =( BOUNDED_SURFACE ( )  B_SPLINE_SURFACE ( 3, 2, ( 
 ( #921, #1310, #944 ),
 ( #1851, #2039, #773 ),
 ( #2241, #1885, #598 ),
 ( #1337, #2027, #1152 ),
 ( #231, #1347, #419 ),
 ( #1185, #112, #1717 ),
 ( #969, #829, #1357 ),
 ( #1592, #1008, #1565 ) ),
 .UNSPECIFIED., .F., .F., .F. ) 
 B_SPLINE_SURFACE_WITH_KNOTS ( ( 4, 2, 2, 4 ),
 ( 3, 3 ),
 ( 0.02701536304827270585, 0.02858419330973809361, 0.02936860844047078922, 0.03015302357120348137 ),
 ( 0.000000000000000000, 1.000000000000000000 ),
 .UNSPECIFIED. ) 
 GEOMETRIC_REPRESENTATION_ITEM ( )  RATIONAL_B_SPLINE_SURFACE ( (
 ( 1.000000000000000000, 0.7567157163547222343, 1.000000000000000000),
 ( 1.000000000000000000, 0.7632425621080067835, 1.000000000000000000),
 ( 1.000000000000000000, 0.7723845923450252116, 1.000000000000000000),
 ( 1.000000000000000000, 0.7918076009865527842, 1.000000000000000000),
 ( 1.000000000000000000, 0.7991046892967936799, 1.000000000000000000),
 ( 1.000000000000000000, 0.8146804089625542256, 1.000000000000000000),
 ( 1.000000000000000000, 0.8229768132474420961, 1.000000000000000000),
 ( 1.000000000000000000, 0.8319134762214774881, 1.000000000000000000) ) ) 
 REPRESENTATION_ITEM ( '' )  SURFACE ( )  );
#2212 = FACE_OUTER_BOUND ( 'NONE', #990, .T. ) ;
#2213 = VERTEX_POINT ( 'NONE', #1847 ) ;
#2214 = DIRECTION ( 'NONE',  ( 0.000000000000000000, -1.000000000000000000, 0.000000000000000000 ) ) ;
#2215 = CARTESIAN_POINT ( 'NONE',  ( 174.3172134479048054, 110.2324175799261639, -6.561283286085971334 ) ) ;
#2216 = ORIENTED_EDGE ( 'NONE', *, *, #1930, .T. ) ;
#2217 = CARTESIAN_POINT ( 'NONE',  ( 165.0000000000000000, 110.0000000000000000, -3.100000000000000089 ) ) ;
#2218 = FACE_OUTER_BOUND ( 'NONE', #735, .T. ) ;
#2219 = EDGE_CURVE ( 'NONE', #1609, #2291, #10, .T. ) ;
#2220 = ORIENTED_EDGE ( 'NONE', *, *, #655, .T. ) ;
#2221 = CARTESIAN_POINT ( 'NONE',  ( 185.0000000000000000, 124.0827310412428943, 4.639246162179448518 ) ) ;
#2222 = CARTESIAN_POINT ( 'NONE',  ( 180.7927260645379590, 67.66443219118252728, 1.675875523849306825 ) ) ;
#2223 = CARTESIAN_POINT ( 'NONE',  ( 196.7180000000000177, 134.9999999999999716, 5.118000000000010097 ) ) ;
#2224 = CARTESIAN_POINT ( 'NONE',  ( 172.4082959753202431, 118.4580830878449262, -5.295849749385213023 ) ) ;
#2225 = ORIENTED_EDGE ( 'NONE', *, *, #1170, .F. ) ;
#2226 = CARTESIAN_POINT ( 'NONE',  ( 190.0000000000000000, 136.0000000000000000, 0.000000000000000000 ) ) ;
#2227 = CARTESIAN_POINT ( 'NONE',  ( 110.0000000000000000, 135.0000000000000000, -4.700000000000000178 ) ) ;
#2228 = AXIS2_PLACEMENT_3D ( 'NONE', #2227, #908, #184 ) ;
#2229 = ORIENTED_EDGE ( 'NONE', *, *, #1099, .T. ) ;
#2230 = CARTESIAN_POINT ( 'NONE',  ( 64.00000000000000000, 97.16519063746986262, -6.134735231814046230 ) ) ;
#2231 = DIRECTION ( 'NONE',  ( 0.000000000000000000, -0.000000000000000000, 1.000000000000000000 ) ) ;
#2232 = CIRCLE ( 'NONE', #382, 3.100000000000000089 ) ;
#2233 = CARTESIAN_POINT ( 'NONE',  ( 46.00000000000000000, 129.0000000000000000, 2.500000000000000000 ) ) ;
#2234 = ADVANCED_FACE ( 'NONE', ( #2373 ), #1098, .T. ) ;
#2235 = CARTESIAN_POINT ( 'NONE',  ( 64.00000000000000000, 64.24886354028815560, -2.234259669844916196 ) ) ;
#2236 = CARTESIAN_POINT ( 'NONE',  ( 46.00000000000000000, 95.00000000000000000, -4.000000000000000000 ) ) ;
#2237 = LINE ( 'NONE', #206, #1735 ) ;
#2238 = ADVANCED_FACE ( 'NONE', ( #1329 ), #193, .F. ) ;
#2239 = ORIENTED_EDGE ( 'NONE', *, *, #1955, .T. ) ;
#2240 = CARTESIAN_POINT ( 'NONE',  ( 185.0000000000000000, 103.3128250282772314, 4.886309416168050035 ) ) ;
#2241 = CARTESIAN_POINT ( 'NONE',  ( 171.3321181202907724, 137.4733871713577003, 2.296079543503099174 ) ) ;
#2242 = VECTOR ( 'NONE', #1035, 1000.000000000000000 ) ;
#2243 = DIRECTION ( 'NONE',  ( 0.000000000000000000, 0.000000000000000000, -1.000000000000000000 ) ) ;
#2244 = VECTOR ( 'NONE', #978, 1000.000000000000000 ) ;
#2245 = FACE_OUTER_BOUND ( 'NONE', #2196, .T. ) ;
#2246 = CIRCLE ( 'NONE', #1290, 13.99999999999998401 ) ;
#2247 = EDGE_CURVE ( 'NONE', #1579, #1284, #1788, .T. ) ;
#2248 = CARTESIAN_POINT ( 'NONE',  ( 171.7056463281707295, 133.6940801921711852, -3.560458958328377221 ) ) ;
#2249 = ORIENTED_EDGE ( 'NONE', *, *, #1067, .T. ) ;
#2250 = FACE_OUTER_BOUND ( 'NONE', #2093, .T. ) ;
#2251 = ORIENTED_EDGE ( 'NONE', *, *, #1802, .F. ) ;
#2252 = CARTESIAN_POINT ( 'NONE',  ( 64.00000000000000000, 154.2368365333354632, -3.941714452599464735 ) ) ;
#2253 = FACE_OUTER_BOUND ( 'NONE', #715, .T. ) ;
#2254 = DIRECTION ( 'NONE',  ( 0.000000000000000000, 0.000000000000000000, -1.000000000000000000 ) ) ;
#2255 = CARTESIAN_POINT ( 'NONE',  ( 174.0703215208087897, 128.1132979970849988, 5.939944540357284808 ) ) ;
#2256 = DIRECTION ( 'NONE',  ( 0.000000000000000000, 0.000000000000000000, -1.000000000000000000 ) ) ;
#2257 = CARTESIAN_POINT ( 'NONE',  ( 171.4685894492152727, 136.1872417509106299, -2.844995866136955431 ) ) ;
#2258 = ORIENTED_EDGE ( 'NONE', *, *, #425, .F. ) ;
#2259 = DIRECTION ( 'NONE',  ( 0.000000000000000000, -0.000000000000000000, 1.000000000000000000 ) ) ;
#2260 = ORIENTED_EDGE ( 'NONE', *, *, #471, .F. ) ;
#2261 = PLANE ( 'NONE',  #2088 ) ;
#2262 = CARTESIAN_POINT ( 'NONE',  ( 171.6084558154485933, 137.0289005104151272, 2.499999999999999556 ) ) ;
#2263 = CARTESIAN_POINT ( 'NONE',  ( 173.6779681817251628, 134.8787590081740007, 4.756232349014846150 ) ) ;
#2264 = CARTESIAN_POINT ( 'NONE',  ( 171.5633013514758147, 135.3029124020721952, 3.118642912392003197 ) ) ;
#2265 = CARTESIAN_POINT ( 'NONE',  ( 173.1041129192596486, 136.8251728820719961, -2.461515720494411141 ) ) ;
#2266 = ORIENTED_EDGE ( 'NONE', *, *, #1606, .F. ) ;
#2267 = CARTESIAN_POINT ( 'NONE',  ( 183.2820000000000107, 140.0000000000000000, 6.717999999999999972 ) ) ;
#2268 = EDGE_CURVE ( 'NONE', #1209, #1991, #551, .T. ) ;
#2269 = ORIENTED_EDGE ( 'NONE', *, *, #1745, .F. ) ;
#2270 = DIRECTION ( 'NONE',  ( 0.000000000000000000, 0.000000000000000000, -1.000000000000000000 ) ) ;
#2271 = CARTESIAN_POINT ( 'NONE',  ( 173.4746906375739286, 138.6899016856185369, 2.500000000000000000 ) ) ;
#2272 = DIRECTION ( 'NONE',  ( -1.000000000000000000, -0.000000000000000000, -0.000000000000000000 ) ) ;
#2273 = AXIS2_PLACEMENT_3D ( 'NONE', #996, #623, #446 ) ;
#2274 = CARTESIAN_POINT ( 'NONE',  ( 173.7841945923777018, 118.4506060718568818, 5.285552780429227937 ) ) ;
#2275 = AXIS2_PLACEMENT_3D ( 'NONE', #1303, #1443, #345 ) ;
#2276 = CARTESIAN_POINT ( 'NONE',  ( 64.00000000000000000, 93.39148535881982127, 5.807239179943152863 ) ) ;
#2277 = CARTESIAN_POINT ( 'NONE',  ( 183.2820000000000107, 134.9999999999999716, 5.118000000000010097 ) ) ;
#2278 = VECTOR ( 'NONE', #137, 1000.000000000000000 ) ;
#2279 = VERTEX_POINT ( 'NONE', #1514 ) ;
#2280 = DIRECTION ( 'NONE',  ( -1.000000000000000000, 0.000000000000000000, -0.000000000000000000 ) ) ;
#2281 = CARTESIAN_POINT ( 'NONE',  ( 172.2934269894455213, 123.6853567521455659, -5.041791946492638843 ) ) ;
#2282 = ORIENTED_EDGE ( 'NONE', *, *, #2146, .T. ) ;
#2283 = CARTESIAN_POINT ( 'NONE',  ( 185.0000000000000000, 60.93560298945051557, 0.7295399612527214694 ) ) ;
#2284 = DIRECTION ( 'NONE',  ( 0.000000000000000000, 0.000000000000000000, 1.000000000000000000 ) ) ;
#2285 = ADVANCED_FACE ( 'NONE', ( #542 ), #1282, .T. ) ;
#2286 = CARTESIAN_POINT ( 'NONE',  ( 75.00000000000000000, 135.0000000000000000, 5.599999999999997868 ) ) ;
#2287 = CARTESIAN_POINT ( 'NONE',  ( 174.0190036837763898, 101.0657054413322982, -4.955113694036869632 ) ) ;
#2288 = ORIENTED_EDGE ( 'NONE', *, *, #592, .F. ) ;
#2289 = CARTESIAN_POINT ( 'NONE',  ( 196.7180000000000177, 140.0000000000000000, 5.118000000000010097 ) ) ;
#2290 = CARTESIAN_POINT ( 'NONE',  ( 171.5191203594936837, 135.7480428850925307, -2.985486105859243455 ) ) ;
#2291 = VERTEX_POINT ( 'NONE', #1494 ) ;
#2292 = CARTESIAN_POINT ( 'NONE',  ( 172.4402993200484389, 114.3424874105335931, -5.356973934041745267 ) ) ;
#2293 = DIRECTION ( 'NONE',  ( 0.000000000000000000, 0.000000000000000000, 1.000000000000000000 ) ) ;
#2294 = DIRECTION ( 'NONE',  ( 0.000000000000000000, -1.000000000000000000, 0.000000000000000000 ) ) ;
#2295 = FACE_OUTER_BOUND ( 'NONE', #1881, .T. ) ;
#2296 = VERTEX_POINT ( 'NONE', #1111 ) ;
#2297 = FACE_OUTER_BOUND ( 'NONE', #180, .T. ) ;
#2298 = EDGE_CURVE ( 'NONE', #532, #196, #2232, .T. ) ;
#2299 = AXIS2_PLACEMENT_3D ( 'NONE', #852, #1829, #1433 ) ;
#2300 = CARTESIAN_POINT ( 'NONE',  ( 196.7180000000000177, 140.0000000000000000, 6.717999999999999972 ) ) ;
#2301 = EDGE_LOOP ( 'NONE', ( #891, #1870 ) ) ;
#2302 = CARTESIAN_POINT ( 'NONE',  ( 170.0000000000000000, 141.0000000000000000, 2.500000000000000000 ) ) ;
#2303 = CARTESIAN_POINT ( 'NONE',  ( 183.2820000000000107, 136.0000000000000000, 8.317999999999990735 ) ) ;
#2304 = ORIENTED_EDGE ( 'NONE', *, *, #258, .T. ) ;
#2305 = CARTESIAN_POINT ( 'NONE',  ( 64.00000000000000000, 55.94429781915791722, 0.9507522153523462194 ) ) ;
#2306 = DIRECTION ( 'NONE',  ( -0.000000000000000000, 1.000000000000000000, 0.000000000000000000 ) ) ;
#2307 = CARTESIAN_POINT ( 'NONE',  ( 183.2820000000000107, 134.9999999999999716, -5.118000000000010097 ) ) ;
#2308 = CARTESIAN_POINT ( 'NONE',  ( 174.3281781634541971, 115.9275012514713410, -6.587423364799988690 ) ) ;
#2309 = EDGE_LOOP ( 'NONE', ( #438, #2239, #1495, #910 ) ) ;
#2310 = CARTESIAN_POINT ( 'NONE',  ( 173.4323123306397463, 138.0297242391396537, -3.617387315892990340 ) ) ;
#2311 = CIRCLE ( 'NONE', #894, 0.8999999999999980238 ) ;
#2312 = PERSON_AND_ORGANIZATION ( #801, #995 ) ;
#2313 = ADVANCED_FACE ( 'NONE', ( #917 ), #983, .F. ) ;
#2314 = VECTOR ( 'NONE', #192, 1000.000000000000000 ) ;
#2315 = ORIENTED_EDGE ( 'NONE', *, *, #687, .T. ) ;
#2316 = AXIS2_PLACEMENT_3D ( 'NONE', #1876, #2066, #936 ) ;
#2317 = CARTESIAN_POINT ( 'NONE',  ( 190.0000000000000000, 137.5000000000000000, 14.49999999999998579 ) ) ;
#2318 = ORIENTED_EDGE ( 'NONE', *, *, #861, .T. ) ;
#2319 = CARTESIAN_POINT ( 'NONE',  ( 171.3883057511342827, 136.7271627792453899, -2.639985068037283167 ) ) ;
#2320 = CARTESIAN_POINT ( 'NONE',  ( 174.1194355870955519, 126.8101104030047139, 6.067990384854707209 ) ) ;
#2321 = FACE_OUTER_BOUND ( 'NONE', #1806, .T. ) ;
#2322 = CARTESIAN_POINT ( 'NONE',  ( 64.00000000000000000, 156.3633846497057505, 3.116601719992126540 ) ) ;
#2323 = ORIENTED_EDGE ( 'NONE', *, *, #1753, .F. ) ;
#2324 = CARTESIAN_POINT ( 'NONE',  ( 46.00000000000000000, 95.00000000000000000, -4.000000000000000000 ) ) ;
#2325 = CC_DESIGN_DATE_AND_TIME_ASSIGNMENT ( #2349, #708, ( #1670 ) ) ;
#2326 = CARTESIAN_POINT ( 'NONE',  ( 183.2820000000000107, 136.0000000000000000, -6.717999999999999972 ) ) ;
#2327 = CLOSED_SHELL ( 'NONE', ( #42, #2238, #1863, #177 ) ) ;
#2328 = PLANE ( 'NONE',  #2169 ) ;
#2329 = CARTESIAN_POINT ( 'NONE',  ( 190.0000000000000000, 105.0000000000000000, 0.000000000000000000 ) ) ;
#2330 = EDGE_LOOP ( 'NONE', ( #1272, #362, #933, #1649 ) ) ;
#2331 = CARTESIAN_POINT ( 'NONE',  ( 174.0680431754124413, 128.1662929188460396, 5.933807818629301067 ) ) ;
#2332 = CARTESIAN_POINT ( 'NONE',  ( 173.4790593703523598, 137.5000000000000000, 4.007308412345730098 ) ) ;
#2333 = CARTESIAN_POINT ( 'NONE',  ( 171.4284683646376664, 137.9484860986710544, -1.971274926266739724 ) ) ;
#2334 = DATE_TIME_ROLE ( 'classification_date' ) ;
#2335 = ORIENTED_EDGE ( 'NONE', *, *, #1371, .T. ) ;
#2336 = EDGE_CURVE ( 'NONE', #456, #1969, #810, .T. ) ;
#2337 = CARTESIAN_POINT ( 'NONE',  ( 110.0000000000000000, 135.0000000000000000, 3.800000000000002043 ) ) ;
#2338 = DIRECTION ( 'NONE',  ( 0.000000000000000000, 0.000000000000000000, 1.000000000000000000 ) ) ;
#2339 = VECTOR ( 'NONE', #134, 1000.000000000000000 ) ;
#2340 = CC_DESIGN_APPROVAL ( #1983, ( #1082 ) ) ;
#2341 = ORIENTED_EDGE ( 'NONE', *, *, #1701, .T. ) ;
#2342 = FACE_OUTER_BOUND ( 'NONE', #1997, .T. ) ;
#2343 = EDGE_CURVE ( 'NONE', #1248, #1355, #1277, .T. ) ;
#2344 = ORIENTED_EDGE ( 'NONE', *, *, #433, .T. ) ;
#2345 = DIRECTION ( 'NONE',  ( 1.000000000000000000, 0.000000000000000000, 0.000000000000000000 ) ) ;
#2346 = CARTESIAN_POINT ( 'NONE',  ( 110.0000000000000000, 135.0000000000000000, 3.800000000000002043 ) ) ;
#2347 = ORIENTED_EDGE ( 'NONE', *, *, #861, .F. ) ;
#2348 = LINE ( 'NONE', #1069, #1644 ) ;
#2349 = DATE_AND_TIME ( #1585, #1632 ) ;
#2350 = FACE_OUTER_BOUND ( 'NONE', #1259, .T. ) ;
#2351 = LINE ( 'NONE', #563, #649 ) ;
#2352 = AXIS2_PLACEMENT_3D ( 'NONE', #103, #486, #831 ) ;
#2353 = VECTOR ( 'NONE', #994, 1000.000000000000000 ) ;
#2354 = DIRECTION ( 'NONE',  ( -1.000000000000000000, 0.000000000000000000, 0.000000000000000000 ) ) ;
#2355 = CIRCLE ( 'NONE', #1646, 1.599999999999990319 ) ;
#2356 = VERTEX_POINT ( 'NONE', #449 ) ;
#2357 = CARTESIAN_POINT ( 'NONE',  ( 185.0000000000000284, 63.47282711229701135, -1.084882000598131890 ) ) ;
#2358 = CARTESIAN_POINT ( 'NONE',  ( 172.4187297145520006, 118.3182838391823140, 5.320602998520256754 ) ) ;
#2359 = EDGE_CURVE ( 'NONE', #1491, #1302, #2113, .T. ) ;
#2360 = CARTESIAN_POINT ( 'NONE',  ( 190.0000000000000000, 105.0000000000000000, 13.99999999999998401 ) ) ;
#2361 = CARTESIAN_POINT ( 'NONE',  ( 170.0000000000000000, 137.3004984097191539, 2.500000000000000000 ) ) ;
#2362 = ORIENTED_EDGE ( 'NONE', *, *, #1481, .T. ) ;
#2363 = CARTESIAN_POINT ( 'NONE',  ( 173.6188347722523702, 138.9005863772480893, 2.500000000000000000 ) ) ;
#2364 = CARTESIAN_POINT ( 'NONE',  ( 174.1802078229495407, 139.4984735388263459, -2.500000000000000000 ) ) ;
#2365 = CYLINDRICAL_SURFACE ( 'NONE', #1919, 16.99999999999998579 ) ;
#2366 = EDGE_CURVE ( 'NONE', #2166, #886, #154, .T. ) ;
#2367 = ORIENTED_EDGE ( 'NONE', *, *, #403, .F. ) ;
#2368 = CARTESIAN_POINT ( 'NONE',  ( 174.3591185881888919, 115.9098856870410543, 6.665828180435148020 ) ) ;
#2369 = DIRECTION ( 'NONE',  ( 0.000000000000000000, 0.000000000000000000, 1.000000000000000000 ) ) ;
#2370 = EDGE_CURVE ( 'NONE', #1953, #1764, #657, .T. ) ;
#2371 = ORIENTED_EDGE ( 'NONE', *, *, #605, .F. ) ;
#2372 = CARTESIAN_POINT ( 'NONE',  ( 171.3515436630070781, 137.0475442003458681, -2.499999999999998668 ) ) ;
#2373 = FACE_OUTER_BOUND ( 'NONE', #692, .T. ) ;
ENDSEC;
END-ISO-10303-21;
