ISO-10303-21;
HEADER;
FILE_DESCRIPTION (( 'STEP AP203' ),
    '1' );
FILE_NAME ('Avionics Tray.step',
    '2026-09-29T04:50:23',
    ( '' ),
    ( '' ),
    '',
    '',
    '' );
FILE_SCHEMA (( 'CONFIG_CONTROL_DESIGN' ));
ENDSEC;

DATA;
#1 = VERTEX_POINT ( 'NONE', #1447 ) ;
#2 = APPLICATION_CONTEXT ( 'configuration controlled 3d designs of mechanical parts and assemblies' ) ;
#3 = DIRECTION ( 'NONE',  ( 1.000000000000000000, 0.000000000000000000, 0.000000000000000000 ) ) ;
#4 = VERTEX_POINT ( 'NONE', #1907 ) ;
#5 = CYLINDRICAL_SURFACE ( 'NONE', #2780, 1.600000000000000755 ) ;
#6 = DIRECTION ( 'NONE',  ( -0.000000000000000000, -0.000000000000000000, 1.000000000000000000 ) ) ;
#7 = CARTESIAN_POINT ( 'NONE',  ( 0.000000000000000000, 0.000000000000000000, 0.000000000000000000 ) ) ;
#8 = ORIENTED_EDGE ( 'NONE', *, *, #1288, .F. ) ;
#9 = DIRECTION ( 'NONE',  ( 0.000000000000000000, 0.000000000000000000, -1.000000000000000000 ) ) ;
#10 = CARTESIAN_POINT ( 'NONE',  ( -41.00000000000000000, 58.00000000000000000, -18.00000000000000355 ) ) ;
#11 = ORIENTED_EDGE ( 'NONE', *, *, #626, .T. ) ;
#12 = FACE_BOUND ( 'NONE', #990, .T. ) ;
#13 = EDGE_LOOP ( 'NONE', ( #2545, #1283, #1899, #1065 ) ) ;
#14 = EDGE_CURVE ( 'NONE', #851, #2287, #151, .T. ) ;
#15 = EDGE_CURVE ( 'NONE', #523, #1626, #1240, .T. ) ;
#16 = LINE ( 'NONE', #1980, #1399 ) ;
#17 = VERTEX_POINT ( 'NONE', #2106 ) ;
#18 = CARTESIAN_POINT ( 'NONE',  ( 15.25000000000000000, 95.25000000000000000, -11.99999999999999822 ) ) ;
#19 = ORIENTED_EDGE ( 'NONE', *, *, #690, .F. ) ;
#20 = DIRECTION ( 'NONE',  ( 1.000000000000000000, 0.000000000000000000, -0.000000000000000000 ) ) ;
#21 = CARTESIAN_POINT ( 'NONE',  ( 19.00000000000000000, 254.0000000000000000, -20.99999999999999645 ) ) ;
#22 = ORIENTED_EDGE ( 'NONE', *, *, #190, .T. ) ;
#23 = DIRECTION ( 'NONE',  ( 0.000000000000000000, 0.000000000000000000, 1.000000000000000000 ) ) ;
#24 = AXIS2_PLACEMENT_3D ( 'NONE', #129, #797, #175 ) ;
#25 = CARTESIAN_POINT ( 'NONE',  ( -15.00000000000000000, 260.0000000000000000, -18.00000000000000355 ) ) ;
#26 = EDGE_LOOP ( 'NONE', ( #2165, #1034, #1938, #383 ) ) ;
#27 = DIRECTION ( 'NONE',  ( 0.000000000000000000, -1.000000000000000000, 0.000000000000000000 ) ) ;
#28 = EDGE_LOOP ( 'NONE', ( #1321, #323 ) ) ;
#29 = EDGE_CURVE ( 'NONE', #2409, #2132, #958, .T. ) ;
#30 = DIRECTION ( 'NONE',  ( 1.000000000000000000, 0.000000000000000000, 0.000000000000000000 ) ) ;
#31 = EDGE_CURVE ( 'NONE', #1978, #695, #975, .T. ) ;
#32 = VERTEX_POINT ( 'NONE', #1655 ) ;
#33 = DIRECTION ( 'NONE',  ( 0.000000000000000000, 0.000000000000000000, 1.000000000000000000 ) ) ;
#34 = ORIENTED_EDGE ( 'NONE', *, *, #2044, .T. ) ;
#35 = VECTOR ( 'NONE', #890, 1000.000000000000000 ) ;
#36 = LINE ( 'NONE', #2200, #2032 ) ;
#37 = ORIENTED_EDGE ( 'NONE', *, *, #839, .F. ) ;
#38 = CC_DESIGN_APPROVAL ( #1680, ( #1280 ) ) ;
#39 = LINE ( 'NONE', #1592, #2823 ) ;
#40 = VECTOR ( 'NONE', #1670, 1000.000000000000000 ) ;
#41 = FACE_OUTER_BOUND ( 'NONE', #1484, .T. ) ;
#42 = VECTOR ( 'NONE', #2346, 1000.000000000000000 ) ;
#43 = ORIENTED_EDGE ( 'NONE', *, *, #2243, .F. ) ;
#44 = AXIS2_PLACEMENT_3D ( 'NONE', #571, #1445, #1653 ) ;
#45 = CARTESIAN_POINT ( 'NONE',  ( 15.25000000000000000, 95.25000000000000000, -11.99999999999999822 ) ) ;
#46 = ORIENTED_EDGE ( 'NONE', *, *, #1196, .F. ) ;
#47 = CARTESIAN_POINT ( 'NONE',  ( 15.25000000000000000, 95.25000000000000000, -11.99999999999999822 ) ) ;
#48 = CIRCLE ( 'NONE', #1521, 1.600000000000000755 ) ;
#49 = CARTESIAN_POINT ( 'NONE',  ( 15.25000000000000000, 125.7500000000000000, -20.99999999999999645 ) ) ;
#50 = CARTESIAN_POINT ( 'NONE',  ( -41.00000000000000000, 58.00000000000000000, -21.00000000000000000 ) ) ;
#51 = EDGE_LOOP ( 'NONE', ( #930, #1488, #1349, #2499 ) ) ;
#52 = CARTESIAN_POINT ( 'NONE',  ( 7.500000000000000000, 144.0000000000000000, -20.99999999999999645 ) ) ;
#53 = EDGE_CURVE ( 'NONE', #2163, #388, #1849, .T. ) ;
#54 = PLANE ( 'NONE',  #2593 ) ;
#55 = CARTESIAN_POINT ( 'NONE',  ( 7.500000000000000000, 0.000000000000000000, -18.00000000000000355 ) ) ;
#56 = EDGE_LOOP ( 'NONE', ( #61, #1311, #1613, #315 ) ) ;
#57 = CARTESIAN_POINT ( 'NONE',  ( 15.25000000000000000, 125.7500000000000000, -20.99999999999999645 ) ) ;
#58 = LINE ( 'NONE', #1561, #686 ) ;
#59 = CARTESIAN_POINT ( 'NONE',  ( 8.699999999999999289, 294.3000000000000114, -12.99999999999999822 ) ) ;
#60 = APPROVAL_STATUS ( 'not_yet_approved' ) ;
#61 = ORIENTED_EDGE ( 'NONE', *, *, #2185, .F. ) ;
#62 = CARTESIAN_POINT ( 'NONE',  ( -9.799999999999998934, 274.6999999999999886, -12.99999999999999822 ) ) ;
#63 = VECTOR ( 'NONE', #1035, 1000.000000000000000 ) ;
#64 = VECTOR ( 'NONE', #180, 1000.000000000000000 ) ;
#65 = EDGE_CURVE ( 'NONE', #660, #1287, #1893, .T. ) ;
#66 = CARTESIAN_POINT ( 'NONE',  ( 18.25000000000000000, 125.7500000000000000, -18.00000000000000000 ) ) ;
#67 = AXIS2_PLACEMENT_3D ( 'NONE', #345, #1898, #392 ) ;
#68 = LINE ( 'NONE', #1570, #265 ) ;
#69 = ORIENTED_EDGE ( 'NONE', *, *, #2027, .T. ) ;
#70 = CYLINDRICAL_SURFACE ( 'NONE', #228, 1.600000000000000755 ) ;
#71 = LINE ( 'NONE', #1012, #2238 ) ;
#72 = EDGE_LOOP ( 'NONE', ( #1407, #1146, #1476, #1951 ) ) ;
#73 = DIRECTION ( 'NONE',  ( -0.000000000000000000, -0.000000000000000000, 1.000000000000000000 ) ) ;
#74 = CALENDAR_DATE ( 2026, 29, 9 ) ;
#75 = ORIENTED_EDGE ( 'NONE', *, *, #1892, .F. ) ;
#76 = CARTESIAN_POINT ( 'NONE',  ( 15.25000000000000000, 95.25000000000000000, -18.00000000000000000 ) ) ;
#77 = CIRCLE ( 'NONE', #769, 2.999999999999999112 ) ;
#78 = CARTESIAN_POINT ( 'NONE',  ( 9.500000000000000000, 144.0000000000000000, -21.00000000000000000 ) ) ;
#79 = EDGE_CURVE ( 'NONE', #953, #898, #1149, .T. ) ;
#80 = AXIS2_PLACEMENT_3D ( 'NONE', #2654, #503, #2232 ) ;
#81 = CARTESIAN_POINT ( 'NONE',  ( -9.500000000000000000, 148.0000000000000000, -20.99999999999999645 ) ) ;
#82 = AXIS2_PLACEMENT_3D ( 'NONE', #2245, #680, #33 ) ;
#83 = ORIENTED_EDGE ( 'NONE', *, *, #2062, .F. ) ;
#84 = ORIENTED_EDGE ( 'NONE', *, *, #53, .F. ) ;
#85 = CARTESIAN_POINT ( 'NONE',  ( 7.500000000000000000, 144.0000000000000000, -20.99999999999999645 ) ) ;
#86 = CARTESIAN_POINT ( 'NONE',  ( -15.00000000000000000, 150.0000000000000000, -13.99999999999999822 ) ) ;
#87 = ORIENTED_EDGE ( 'NONE', *, *, #31, .T. ) ;
#88 = FACE_OUTER_BOUND ( 'NONE', #1926, .T. ) ;
#89 = PERSON_AND_ORGANIZATION ( #977, #1366 ) ;
#90 = ORIENTED_EDGE ( 'NONE', *, *, #2290, .T. ) ;
#91 = CARTESIAN_POINT ( 'NONE',  ( 9.500000000000000000, 0.000000000000000000, -18.00000000000000355 ) ) ;
#92 = CARTESIAN_POINT ( 'NONE',  ( 19.00000000000000000, 254.0000000000000000, -20.99999999999999645 ) ) ;
#93 = CARTESIAN_POINT ( 'NONE',  ( -23.00000000000000000, 119.5000000000000000, -20.99999999999999645 ) ) ;
#94 = ORIENTED_EDGE ( 'NONE', *, *, #961, .F. ) ;
#95 = ORIENTED_EDGE ( 'NONE', *, *, #2290, .F. ) ;
#96 = DIRECTION ( 'NONE',  ( 1.000000000000000000, 0.000000000000000000, 0.000000000000000000 ) ) ;
#97 = PLANE ( 'NONE',  #1145 ) ;
#98 = EDGE_CURVE ( 'NONE', #2092, #1102, #1700, .T. ) ;
#99 = ORIENTED_EDGE ( 'NONE', *, *, #1472, .T. ) ;
#100 = FACE_BOUND ( 'NONE', #211, .T. ) ;
#101 = ORIENTED_EDGE ( 'NONE', *, *, #704, .T. ) ;
#102 = CARTESIAN_POINT ( 'NONE',  ( 16.85000000000000142, 125.7500000000000000, -20.99999999999999645 ) ) ;
#103 = DIRECTION ( 'NONE',  ( 1.000000000000000000, 0.000000000000000000, 0.000000000000000000 ) ) ;
#104 = DIRECTION ( 'NONE',  ( -1.000000000000000000, 0.000000000000000000, 0.000000000000000000 ) ) ;
#105 = VECTOR ( 'NONE', #1663, 1000.000000000000000 ) ;
#106 = CARTESIAN_POINT ( 'NONE',  ( 19.00000000000000000, 190.0000000000000000, -20.99999999999999645 ) ) ;
#107 = VECTOR ( 'NONE', #2338, 1000.000000000000000 ) ;
#108 = ORIENTED_EDGE ( 'NONE', *, *, #1890, .F. ) ;
#109 = FACE_OUTER_BOUND ( 'NONE', #1966, .T. ) ;
#110 = FACE_OUTER_BOUND ( 'NONE', #406, .T. ) ;
#111 = EDGE_LOOP ( 'NONE', ( #2257, #2293, #2472, #2183 ) ) ;
#112 = EDGE_CURVE ( 'NONE', #608, #1826, #550, .T. ) ;
#113 = EDGE_CURVE ( 'NONE', #17, #388, #2525, .T. ) ;
#114 = PLANE ( 'NONE',  #299 ) ;
#115 = APPROVAL_ROLE ( '' ) ;
#116 = ORIENTED_EDGE ( 'NONE', *, *, #945, .F. ) ;
#117 = CARTESIAN_POINT ( 'NONE',  ( 15.25000000000000000, 95.25000000000000000, -11.99999999999999822 ) ) ;
#118 = CYLINDRICAL_SURFACE ( 'NONE', #1286, 1.600000000000000755 ) ;
#119 = AXIS2_PLACEMENT_3D ( 'NONE', #45, #1804, #2031 ) ;
#120 = DIRECTION ( 'NONE',  ( 0.000000000000000000, 0.000000000000000000, 1.000000000000000000 ) ) ;
#121 = DIRECTION ( 'NONE',  ( 1.000000000000000000, 0.000000000000000000, 0.000000000000000000 ) ) ;
#122 = CIRCLE ( 'NONE', #1408, 1.100000000000000311 ) ;
#123 = ORIENTED_EDGE ( 'NONE', *, *, #481, .T. ) ;
#124 = AXIS2_PLACEMENT_3D ( 'NONE', #1291, #2806, #1749 ) ;
#125 = PLANE ( 'NONE',  #1106 ) ;
#126 = CARTESIAN_POINT ( 'NONE',  ( 12.25000000000000000, 125.7500000000000000, -11.99999999999999822 ) ) ;
#127 = CIRCLE ( 'NONE', #2736, 2.500000000000000444 ) ;
#128 = VERTEX_POINT ( 'NONE', #602 ) ;
#129 = CARTESIAN_POINT ( 'NONE',  ( -15.25000000000000000, 125.7500000000000000, -11.99999999999999822 ) ) ;
#130 = AXIS2_PLACEMENT_3D ( 'NONE', #2186, #1103, #9 ) ;
#131 = EDGE_LOOP ( 'NONE', ( #2712, #1649, #1758, #1706 ) ) ;
#132 = CYLINDRICAL_SURFACE ( 'NONE', #1458, 2.500000000000000444 ) ;
#133 = DIRECTION ( 'NONE',  ( -0.000000000000000000, -0.000000000000000000, -1.000000000000000000 ) ) ;
#134 = CARTESIAN_POINT ( 'NONE',  ( -19.00000000000000000, 170.0000000000000000, -20.99999999999999645 ) ) ;
#135 = EDGE_CURVE ( 'NONE', #2153, #767, #805, .T. ) ;
#136 = PLANE ( 'NONE',  #1595 ) ;
#137 = CARTESIAN_POINT ( 'NONE',  ( 19.00000000000000000, 170.0000000000000000, -20.99999999999999645 ) ) ;
#138 = ORIENTED_EDGE ( 'NONE', *, *, #1566, .F. ) ;
#139 = CARTESIAN_POINT ( 'NONE',  ( 19.00000000000000000, 234.0000000000000000, -20.99999999999999645 ) ) ;
#140 = ORIENTED_EDGE ( 'NONE', *, *, #2740, .F. ) ;
#141 = CARTESIAN_POINT ( 'NONE',  ( -18.25000000000000000, 95.25000000000000000, -11.99999999999999822 ) ) ;
#142 = ORIENTED_EDGE ( 'NONE', *, *, #2027, .F. ) ;
#143 = DIRECTION ( 'NONE',  ( 0.000000000000000000, -1.000000000000000000, 0.000000000000000000 ) ) ;
#144 = PLANE ( 'NONE',  #2218 ) ;
#145 = VERTEX_POINT ( 'NONE', #2304 ) ;
#146 = DIRECTION ( 'NONE',  ( 0.000000000000000000, 0.000000000000000000, 1.000000000000000000 ) ) ;
#147 = EDGE_CURVE ( 'NONE', #2438, #2432, #1267, .T. ) ;
#148 = EDGE_CURVE ( 'NONE', #330, #2623, #1463, .T. ) ;
#149 = CYLINDRICAL_SURFACE ( 'NONE', #1456, 2.500000000000000444 ) ;
#150 = ADVANCED_FACE ( 'NONE', ( #2334 ), #374, .F. ) ;
#151 = LINE ( 'NONE', #1681, #689 ) ;
#152 = VERTEX_POINT ( 'NONE', #2119 ) ;
#153 = CARTESIAN_POINT ( 'NONE',  ( -9.799999999999998934, 294.3000000000000114, -20.99999999999999645 ) ) ;
#154 = EDGE_CURVE ( 'NONE', #1735, #1978, #1210, .T. ) ;
#155 = VECTOR ( 'NONE', #853, 1000.000000000000000 ) ;
#156 = VERTEX_POINT ( 'NONE', #777 ) ;
#157 = AXIS2_PLACEMENT_3D ( 'NONE', #139, #2556, #389 ) ;
#158 = CARTESIAN_POINT ( 'NONE',  ( -12.25000000000000000, 125.7500000000000000, -11.99999999999999822 ) ) ;
#159 = AXIS2_PLACEMENT_3D ( 'NONE', #2824, #868, #2180 ) ;
#160 = ORIENTED_EDGE ( 'NONE', *, *, #1085, .F. ) ;
#161 = DIRECTION ( 'NONE',  ( 0.000000000000000000, 0.000000000000000000, 1.000000000000000000 ) ) ;
#162 = CARTESIAN_POINT ( 'NONE',  ( 0.000000000000000000, 0.000000000000000000, -13.99999999999999822 ) ) ;
#163 = EDGE_LOOP ( 'NONE', ( #1138, #1934, #1080, #1042 ) ) ;
#164 = CARTESIAN_POINT ( 'NONE',  ( 19.00000000000000000, 170.0000000000000000, -20.99999999999999645 ) ) ;
#165 = ADVANCED_FACE ( 'NONE', ( #1946 ), #2188, .F. ) ;
#166 = DIRECTION ( 'NONE',  ( 1.000000000000000000, 0.000000000000000000, 0.000000000000000000 ) ) ;
#167 = AXIS2_PLACEMENT_3D ( 'NONE', #81, #960, #1836 ) ;
#168 = ORIENTED_EDGE ( 'NONE', *, *, #916, .T. ) ;
#169 = CARTESIAN_POINT ( 'NONE',  ( 22.00000000000000000, 234.0000000000000000, -20.99999999999999645 ) ) ;
#170 = CIRCLE ( 'NONE', #2634, 1.100000000000000311 ) ;
#171 = VECTOR ( 'NONE', #685, 1000.000000000000000 ) ;
#172 = ORIENTED_EDGE ( 'NONE', *, *, #2707, .T. ) ;
#173 = AXIS2_PLACEMENT_3D ( 'NONE', #1707, #2782, #651 ) ;
#174 = EDGE_CURVE ( 'NONE', #2066, #519, #2099, .T. ) ;
#175 = DIRECTION ( 'NONE',  ( -1.000000000000000000, 0.000000000000000000, 0.000000000000000000 ) ) ;
#176 = VECTOR ( 'NONE', #1119, 1000.000000000000000 ) ;
#177 = ORIENTED_EDGE ( 'NONE', *, *, #2723, .F. ) ;
#178 = LINE ( 'NONE', #1485, #1324 ) ;
#179 = CIRCLE ( 'NONE', #1416, 2.500000000000000444 ) ;
#180 = DIRECTION ( 'NONE',  ( -1.000000000000000000, -0.000000000000000000, -0.000000000000000000 ) ) ;
#181 = ORIENTED_EDGE ( 'NONE', *, *, #2546, .T. ) ;
#182 = CARTESIAN_POINT ( 'NONE',  ( -9.799999999999998934, 274.6999999999999886, -18.00000000000000355 ) ) ;
#183 = CARTESIAN_POINT ( 'NONE',  ( 9.500000000000000000, 148.0000000000000000, -18.00000000000000355 ) ) ;
#184 = VERTEX_POINT ( 'NONE', #1295 ) ;
#185 = VECTOR ( 'NONE', #1627, 1000.000000000000000 ) ;
#186 = CARTESIAN_POINT ( 'NONE',  ( -10.90000000000000036, 274.6999999999999886, -20.99999999999999645 ) ) ;
#187 = ORIENTED_EDGE ( 'NONE', *, *, #2082, .T. ) ;
#188 = CARTESIAN_POINT ( 'NONE',  ( -12.30000000000000071, 294.3000000000000114, -18.00000000000000355 ) ) ;
#189 = EDGE_LOOP ( 'NONE', ( #1063, #2339 ) ) ;
#190 = EDGE_CURVE ( 'NONE', #499, #269, #1087, .T. ) ;
#191 = CARTESIAN_POINT ( 'NONE',  ( 7.500000000000000000, 144.0000000000000000, -20.99999999999999645 ) ) ;
#192 = CARTESIAN_POINT ( 'NONE',  ( -15.00000000000000000, 260.0000000000000000, -13.99999999999999822 ) ) ;
#193 = EDGE_CURVE ( 'NONE', #2040, #2409, #1957, .T. ) ;
#194 = EDGE_LOOP ( 'NONE', ( #605, #1257, #2490, #43 ) ) ;
#195 = CARTESIAN_POINT ( 'NONE',  ( -9.799999999999998934, 274.6999999999999886, -20.99999999999999645 ) ) ;
#196 = CARTESIAN_POINT ( 'NONE',  ( -9.500000000000000000, 144.0000000000000000, -18.00000000000000355 ) ) ;
#197 = EDGE_LOOP ( 'NONE', ( #1783, #2209, #2703, #249 ) ) ;
#198 = FACE_BOUND ( 'NONE', #935, .T. ) ;
#199 = ORIENTED_EDGE ( 'NONE', *, *, #2074, .F. ) ;
#200 = DIRECTION ( 'NONE',  ( -0.000000000000000000, -0.000000000000000000, 1.000000000000000000 ) ) ;
#201 = VERTEX_POINT ( 'NONE', #832 ) ;
#202 = LINE ( 'NONE', #191, #504 ) ;
#203 = EDGE_CURVE ( 'NONE', #2287, #1397, #2360, .T. ) ;
#204 = AXIS2_PLACEMENT_3D ( 'NONE', #1558, #1339, #1731 ) ;
#205 = DIRECTION ( 'NONE',  ( 0.000000000000000000, 0.000000000000000000, 1.000000000000000000 ) ) ;
#206 = VERTEX_POINT ( 'NONE', #2800 ) ;
#207 = DIRECTION ( 'NONE',  ( 0.000000000000000000, 0.000000000000000000, 1.000000000000000000 ) ) ;
#208 = CARTESIAN_POINT ( 'NONE',  ( 9.799999999999998934, 294.3000000000000114, -20.99999999999999645 ) ) ;
#209 = EDGE_LOOP ( 'NONE', ( #2583, #889, #621, #467 ) ) ;
#210 = CARTESIAN_POINT ( 'NONE',  ( 9.799999999999998934, 294.3000000000000114, -12.99999999999999822 ) ) ;
#211 = EDGE_LOOP ( 'NONE', ( #599, #46 ) ) ;
#212 = DIRECTION ( 'NONE',  ( 1.000000000000000000, 0.000000000000000000, 0.000000000000000000 ) ) ;
#213 = VECTOR ( 'NONE', #700, 1000.000000000000000 ) ;
#214 = ORIENTED_EDGE ( 'NONE', *, *, #2115, .F. ) ;
#215 = DIRECTION ( 'NONE',  ( -1.000000000000000000, -0.000000000000000000, -0.000000000000000000 ) ) ;
#216 = VECTOR ( 'NONE', #785, 1000.000000000000000 ) ;
#217 = DIRECTION ( 'NONE',  ( -0.000000000000000000, -0.000000000000000000, -1.000000000000000000 ) ) ;
#218 = LINE ( 'NONE', #236, #1868 ) ;
#219 = VECTOR ( 'NONE', #967, 1000.000000000000000 ) ;
#220 = VERTEX_POINT ( 'NONE', #464 ) ;
#221 = FACE_OUTER_BOUND ( 'NONE', #2429, .T. ) ;
#222 = AXIS2_PLACEMENT_3D ( 'NONE', #1754, #399, #1509 ) ;
#223 = CIRCLE ( 'NONE', #2374, 1.600000000000000755 ) ;
#224 = ADVANCED_FACE ( 'NONE', ( #2595 ), #1741, .F. ) ;
#225 = CARTESIAN_POINT ( 'NONE',  ( 12.30000000000000071, 294.3000000000000114, -12.99999999999999822 ) ) ;
#226 = EDGE_CURVE ( 'NONE', #335, #2729, #429, .T. ) ;
#227 = VERTEX_POINT ( 'NONE', #672 ) ;
#228 = AXIS2_PLACEMENT_3D ( 'NONE', #2671, #735, #709 ) ;
#229 = DIRECTION ( 'NONE',  ( 1.000000000000000000, 0.000000000000000000, -0.000000000000000000 ) ) ;
#230 = ORIENTED_EDGE ( 'NONE', *, *, #1529, .T. ) ;
#231 = CARTESIAN_POINT ( 'NONE',  ( 7.500000000000000000, 144.0000000000000000, -20.99999999999999645 ) ) ;
#232 = ORIENTED_EDGE ( 'NONE', *, *, #1775, .F. ) ;
#233 = CARTESIAN_POINT ( 'NONE',  ( -15.00000000000000000, 150.0000000000000000, -13.99999999999999822 ) ) ;
#234 = ORIENTED_EDGE ( 'NONE', *, *, #329, .F. ) ;
#235 = DIRECTION ( 'NONE',  ( 0.000000000000000000, 0.000000000000000000, 1.000000000000000000 ) ) ;
#236 = CARTESIAN_POINT ( 'NONE',  ( -19.00000000000000000, 170.0000000000000000, -20.99999999999999645 ) ) ;
#237 = ORIENTED_EDGE ( 'NONE', *, *, #1086, .T. ) ;
#238 = CARTESIAN_POINT ( 'NONE',  ( -15.00000000000000000, 262.0000000000000000, -13.99999999999999822 ) ) ;
#239 = CARTESIAN_POINT ( 'NONE',  ( -22.00000000000000000, 254.0000000000000000, -18.00000000000000355 ) ) ;
#240 = EDGE_CURVE ( 'NONE', #1123, #1327, #1972, .T. ) ;
#241 = ORIENTED_EDGE ( 'NONE', *, *, #310, .T. ) ;
#242 = ADVANCED_FACE ( 'NONE', ( #1525, #1334 ), #2386, .T. ) ;
#243 = DIRECTION ( 'NONE',  ( -0.000000000000000000, -0.000000000000000000, -1.000000000000000000 ) ) ;
#244 = ORIENTED_EDGE ( 'NONE', *, *, #2473, .T. ) ;
#245 = DIRECTION ( 'NONE',  ( 0.000000000000000000, 0.000000000000000000, 1.000000000000000000 ) ) ;
#246 = ORIENTED_EDGE ( 'NONE', *, *, #1637, .T. ) ;
#247 = VECTOR ( 'NONE', #1023, 1000.000000000000000 ) ;
#248 = PLANE ( 'NONE',  #2326 ) ;
#249 = ORIENTED_EDGE ( 'NONE', *, *, #1250, .F. ) ;
#250 = FACE_OUTER_BOUND ( 'NONE', #2659, .T. ) ;
#251 = LINE ( 'NONE', #1999, #678 ) ;
#252 = ORIENTED_EDGE ( 'NONE', *, *, #510, .T. ) ;
#253 = DIRECTION ( 'NONE',  ( -0.000000000000000000, -0.000000000000000000, -1.000000000000000000 ) ) ;
#254 = CIRCLE ( 'NONE', #437, 1.600000000000000755 ) ;
#255 = AXIS2_PLACEMENT_3D ( 'NONE', #2196, #2364, #2613 ) ;
#256 = CARTESIAN_POINT ( 'NONE',  ( 9.500000000000000000, 148.0000000000000000, -20.99999999999999645 ) ) ;
#257 = ORIENTED_EDGE ( 'NONE', *, *, #348, .T. ) ;
#258 = CARTESIAN_POINT ( 'NONE',  ( -22.00000000000000000, 190.0000000000000000, -20.99999999999999645 ) ) ;
#259 = EDGE_CURVE ( 'NONE', #1287, #220, #2788, .T. ) ;
#260 = ORIENTED_EDGE ( 'NONE', *, *, #929, .T. ) ;
#261 = DIRECTION ( 'NONE',  ( 0.000000000000000000, 1.000000000000000000, 0.000000000000000000 ) ) ;
#262 = ORIENTED_EDGE ( 'NONE', *, *, #2546, .F. ) ;
#263 = LINE ( 'NONE', #2012, #2730 ) ;
#264 = EDGE_CURVE ( 'NONE', #814, #2376, #864, .T. ) ;
#265 = VECTOR ( 'NONE', #2667, 1000.000000000000000 ) ;
#266 = CYLINDRICAL_SURFACE ( 'NONE', #2666, 2.999999999999999112 ) ;
#267 = DIRECTION ( 'NONE',  ( 0.000000000000000000, 0.000000000000000000, -1.000000000000000000 ) ) ;
#268 = AXIS2_PLACEMENT_3D ( 'NONE', #2083, #998, #1872 ) ;
#269 = VERTEX_POINT ( 'NONE', #2566 ) ;
#270 =( GEOMETRIC_REPRESENTATION_CONTEXT ( 3 ) GLOBAL_UNCERTAINTY_ASSIGNED_CONTEXT ( ( #2655 ) ) GLOBAL_UNIT_ASSIGNED_CONTEXT ( ( #1919, #1358, #1782 ) ) REPRESENTATION_CONTEXT ( 'NONE', 'WORKASPACE' ) );
#271 = DIRECTION ( 'NONE',  ( 1.000000000000000000, 0.000000000000000000, -0.000000000000000000 ) ) ;
#272 = VECTOR ( 'NONE', #2485, 1000.000000000000000 ) ;
#273 = DIRECTION ( 'NONE',  ( 1.000000000000000000, 0.000000000000000000, 0.000000000000000000 ) ) ;
#274 = VECTOR ( 'NONE', #386, 1000.000000000000000 ) ;
#275 = VECTOR ( 'NONE', #1932, 1000.000000000000000 ) ;
#276 = PLANE ( 'NONE',  #1363 ) ;
#277 = ORIENTED_EDGE ( 'NONE', *, *, #1088, .F. ) ;
#278 = CARTESIAN_POINT ( 'NONE',  ( 12.25000000000000000, 125.7500000000000000, -18.00000000000000000 ) ) ;
#279 = DIRECTION ( 'NONE',  ( 0.000000000000000000, 0.000000000000000000, 1.000000000000000000 ) ) ;
#280 = EDGE_LOOP ( 'NONE', ( #2673, #2803, #1504, #534 ) ) ;
#281 = CARTESIAN_POINT ( 'NONE',  ( -8.699999999999999289, 274.6999999999999886, -20.99999999999999645 ) ) ;
#282 = EDGE_CURVE ( 'NONE', #2132, #2409, #1096, .T. ) ;
#283 = ADVANCED_FACE ( 'NONE', ( #2813, #1537 ), #444, .T. ) ;
#284 = VERTEX_POINT ( 'NONE', #183 ) ;
#285 = DIRECTION ( 'NONE',  ( -0.000000000000000000, -0.000000000000000000, -1.000000000000000000 ) ) ;
#286 = CARTESIAN_POINT ( 'NONE',  ( 12.25000000000000000, 95.25000000000000000, -11.99999999999999822 ) ) ;
#287 = CARTESIAN_POINT ( 'NONE',  ( -15.00000000000000000, 150.0000000000000000, -13.99999999999999822 ) ) ;
#288 = VERTEX_POINT ( 'NONE', #1062 ) ;
#289 = CARTESIAN_POINT ( 'NONE',  ( 22.00000000000000000, 170.0000000000000000, -20.99999999999999645 ) ) ;
#290 = CARTESIAN_POINT ( 'NONE',  ( -22.00000000000000000, 170.0000000000000000, -20.99999999999999645 ) ) ;
#291 = ORIENTED_EDGE ( 'NONE', *, *, #1494, .T. ) ;
#292 = LINE ( 'NONE', #281, #2621 ) ;
#293 = PERSON_AND_ORGANIZATION_ROLE ( 'design_owner' ) ;
#294 = ADVANCED_FACE ( 'NONE', ( #1933 ), #1726, .F. ) ;
#295 = EDGE_LOOP ( 'NONE', ( #778, #798, #2128, #69 ) ) ;
#296 = CYLINDRICAL_SURFACE ( 'NONE', #1092, 2.500000000000000444 ) ;
#297 = VECTOR ( 'NONE', #2521, 1000.000000000000000 ) ;
#298 = CARTESIAN_POINT ( 'NONE',  ( 19.00000000000000000, 170.0000000000000000, -20.99999999999999645 ) ) ;
#299 = AXIS2_PLACEMENT_3D ( 'NONE', #1439, #2350, #1256 ) ;
#300 = DIRECTION ( 'NONE',  ( 0.000000000000000000, 0.000000000000000000, 1.000000000000000000 ) ) ;
#301 = EDGE_LOOP ( 'NONE', ( #568, #1947 ) ) ;
#302 = FACE_OUTER_BOUND ( 'NONE', #13, .T. ) ;
#303 = CARTESIAN_POINT ( 'NONE',  ( -9.500000000000000000, 144.0000000000000000, -20.99999999999999645 ) ) ;
#304 = VERTEX_POINT ( 'NONE', #196 ) ;
#305 = DIRECTION ( 'NONE',  ( 1.000000000000000000, 0.000000000000000000, 0.000000000000000000 ) ) ;
#306 = PERSON_AND_ORGANIZATION ( #977, #1366 ) ;
#307 = ORIENTED_EDGE ( 'NONE', *, *, #1281, .T. ) ;
#308 = CARTESIAN_POINT ( 'NONE',  ( -22.00000000000000000, 190.0000000000000000, -18.00000000000000355 ) ) ;
#309 = VECTOR ( 'NONE', #1638, 1000.000000000000000 ) ;
#310 = EDGE_CURVE ( 'NONE', #1511, #1629, #179, .T. ) ;
#311 = DIRECTION ( 'NONE',  ( -0.000000000000000000, -0.000000000000000000, 1.000000000000000000 ) ) ;
#312 = CARTESIAN_POINT ( 'NONE',  ( 13.64999999999999858, 95.25000000000000000, -11.99999999999999822 ) ) ;
#313 = CIRCLE ( 'NONE', #124, 1.600000000000000755 ) ;
#314 = ADVANCED_FACE ( 'NONE', ( #2665 ), #2480, .F. ) ;
#315 = ORIENTED_EDGE ( 'NONE', *, *, #2600, .F. ) ;
#316 = EDGE_LOOP ( 'NONE', ( #2618, #971, #2555, #2564 ) ) ;
#317 = AXIS2_PLACEMENT_3D ( 'NONE', #1987, #1568, #730 ) ;
#318 = CARTESIAN_POINT ( 'NONE',  ( -23.00000000000000000, 132.5000000000000000, -18.00000000000000355 ) ) ;
#319 = CARTESIAN_POINT ( 'NONE',  ( -23.00000000000000000, 119.5000000000000000, -20.99999999999999645 ) ) ;
#320 = ORIENTED_EDGE ( 'NONE', *, *, #1201, .T. ) ;
#321 = DIRECTION ( 'NONE',  ( -1.000000000000000000, -0.000000000000000000, -0.000000000000000000 ) ) ;
#322 = APPROVAL_DATE_TIME ( #2285, #1680 ) ;
#323 = ORIENTED_EDGE ( 'NONE', *, *, #876, .T. ) ;
#324 = DIRECTION ( 'NONE',  ( -0.000000000000000000, -0.000000000000000000, -1.000000000000000000 ) ) ;
#325 = LINE ( 'NONE', #1208, #2194 ) ;
#326 = DIRECTION ( 'NONE',  ( -1.000000000000000000, -0.000000000000000000, -0.000000000000000000 ) ) ;
#327 = EDGE_CURVE ( 'NONE', #156, #284, #2639, .T. ) ;
#328 = CARTESIAN_POINT ( 'NONE',  ( 13.64999999999999858, 125.7500000000000000, -20.99999999999999645 ) ) ;
#329 = EDGE_CURVE ( 'NONE', #695, #2363, #478, .T. ) ;
#330 = VERTEX_POINT ( 'NONE', #517 ) ;
#331 = DIRECTION ( 'NONE',  ( -0.000000000000000000, -0.000000000000000000, 1.000000000000000000 ) ) ;
#332 = DIRECTION ( 'NONE',  ( -0.000000000000000000, -0.000000000000000000, 1.000000000000000000 ) ) ;
#333 = ORIENTED_EDGE ( 'NONE', *, *, #439, .F. ) ;
#334 = CARTESIAN_POINT ( 'NONE',  ( -22.00000000000000000, 0.000000000000000000, -18.00000000000000355 ) ) ;
#335 = VERTEX_POINT ( 'NONE', #239 ) ;
#336 = CARTESIAN_POINT ( 'NONE',  ( -19.00000000000000000, 0.000000000000000000, -18.00000000000000355 ) ) ;
#337 = DIRECTION ( 'NONE',  ( 0.000000000000000000, 0.000000000000000000, 1.000000000000000000 ) ) ;
#338 = LINE ( 'NONE', #788, #2585 ) ;
#339 = DIRECTION ( 'NONE',  ( -0.000000000000000000, -0.000000000000000000, 1.000000000000000000 ) ) ;
#340 = VECTOR ( 'NONE', #1216, 1000.000000000000000 ) ;
#341 = VERTEX_POINT ( 'NONE', #78 ) ;
#342 = DIRECTION ( 'NONE',  ( 0.000000000000000000, -0.000000000000000000, -1.000000000000000000 ) ) ;
#343 = LINE ( 'NONE', #290, #40 ) ;
#344 = ORIENTED_EDGE ( 'NONE', *, *, #1855, .F. ) ;
#345 = CARTESIAN_POINT ( 'NONE',  ( 7.500000000000000000, 144.0000000000000000, -20.99999999999999645 ) ) ;
#346 = ADVANCED_FACE ( 'NONE', ( #1361 ), #530, .F. ) ;
#347 = ORIENTED_EDGE ( 'NONE', *, *, #2474, .T. ) ;
#348 = EDGE_CURVE ( 'NONE', #2438, #1666, #1607, .T. ) ;
#349 = LINE ( 'NONE', #364, #1867 ) ;
#350 = CARTESIAN_POINT ( 'NONE',  ( -22.00000000000000000, 170.0000000000000000, -20.99999999999999645 ) ) ;
#351 = DIRECTION ( 'NONE',  ( -0.000000000000000000, -0.000000000000000000, -1.000000000000000000 ) ) ;
#352 = VECTOR ( 'NONE', #974, 1000.000000000000000 ) ;
#353 = FACE_OUTER_BOUND ( 'NONE', #1673, .T. ) ;
#354 = ORIENTED_EDGE ( 'NONE', *, *, #2137, .F. ) ;
#355 = VECTOR ( 'NONE', #920, 1000.000000000000000 ) ;
#356 = VERTEX_POINT ( 'NONE', #1822 ) ;
#357 = AXIS2_PLACEMENT_3D ( 'NONE', #2560, #609, #2125 ) ;
#358 = CARTESIAN_POINT ( 'NONE',  ( 19.00000000000000000, 234.0000000000000000, -20.99999999999999645 ) ) ;
#359 = AXIS2_PLACEMENT_3D ( 'NONE', #1164, #2696, #933 ) ;
#360 = ORIENTED_EDGE ( 'NONE', *, *, #1086, .F. ) ;
#361 = CARTESIAN_POINT ( 'NONE',  ( 22.00000000000000000, 254.0000000000000000, -20.99999999999999645 ) ) ;
#362 = VECTOR ( 'NONE', #2289, 1000.000000000000000 ) ;
#363 = ORIENTED_EDGE ( 'NONE', *, *, #2187, .F. ) ;
#364 = CARTESIAN_POINT ( 'NONE',  ( -19.00000000000000000, 0.000000000000000000, -18.00000000000000355 ) ) ;
#365 = ADVANCED_FACE ( 'NONE', ( #41 ), #2454, .F. ) ;
#366 = ADVANCED_FACE ( 'NONE', ( #505 ), #492, .T. ) ;
#367 = EDGE_CURVE ( 'NONE', #1752, #2355, #1054, .T. ) ;
#368 = LINE ( 'NONE', #1292, #803 ) ;
#369 = AXIS2_PLACEMENT_3D ( 'NONE', #47, #2048, #979 ) ;
#370 = LINE ( 'NONE', #1430, #867 ) ;
#371 = ADVANCED_FACE ( 'NONE', ( #2042 ), #957, .F. ) ;
#372 = VECTOR ( 'NONE', #331, 1000.000000000000000 ) ;
#373 = LINE ( 'NONE', #1197, #449 ) ;
#374 = PLANE ( 'NONE',  #1873 ) ;
#375 = VERTEX_POINT ( 'NONE', #1611 ) ;
#376 = CARTESIAN_POINT ( 'NONE',  ( 41.00000000000000000, 318.0000000000000000, -18.00000000000000355 ) ) ;
#377 = VERTEX_POINT ( 'NONE', #286 ) ;
#378 = CARTESIAN_POINT ( 'NONE',  ( 9.799999999999998934, 274.6999999999999886, -12.99999999999999822 ) ) ;
#379 = VERTEX_POINT ( 'NONE', #66 ) ;
#380 = DIRECTION ( 'NONE',  ( -0.000000000000000000, -0.000000000000000000, -1.000000000000000000 ) ) ;
#381 = CARTESIAN_POINT ( 'NONE',  ( -7.299999999999998934, 274.6999999999999886, -12.99999999999999822 ) ) ;
#382 = EDGE_CURVE ( 'NONE', #2425, #184, #2019, .T. ) ;
#383 = ORIENTED_EDGE ( 'NONE', *, *, #1548, .T. ) ;
#384 = DIRECTION ( 'NONE',  ( -0.000000000000000000, -0.000000000000000000, 1.000000000000000000 ) ) ;
#385 = CARTESIAN_POINT ( 'NONE',  ( 15.00000000000000000, 152.0000000000000000, -18.00000000000000355 ) ) ;
#386 = DIRECTION ( 'NONE',  ( -0.000000000000000000, -0.000000000000000000, -1.000000000000000000 ) ) ;
#387 = EDGE_CURVE ( 'NONE', #1936, #2778, #691, .T. ) ;
#388 = VERTEX_POINT ( 'NONE', #25 ) ;
#389 = DIRECTION ( 'NONE',  ( 0.000000000000000000, -0.000000000000000000, -1.000000000000000000 ) ) ;
#390 = AXIS2_PLACEMENT_3D ( 'NONE', #1082, #1343, #1534 ) ;
#391 = ORIENTED_EDGE ( 'NONE', *, *, #1738, .F. ) ;
#392 = DIRECTION ( 'NONE',  ( 0.000000000000000000, -0.000000000000000000, -1.000000000000000000 ) ) ;
#393 = AXIS2_PLACEMENT_3D ( 'NONE', #1660, #825, #1056 ) ;
#394 = ORIENTED_EDGE ( 'NONE', *, *, #1775, .T. ) ;
#395 = LINE ( 'NONE', #1733, #1557 ) ;
#396 = DIRECTION ( 'NONE',  ( -0.000000000000000000, -0.000000000000000000, -1.000000000000000000 ) ) ;
#397 = ORIENTED_EDGE ( 'NONE', *, *, #1512, .F. ) ;
#398 = FACE_BOUND ( 'NONE', #1871, .T. ) ;
#399 = DIRECTION ( 'NONE',  ( -0.000000000000000000, -0.000000000000000000, 1.000000000000000000 ) ) ;
#400 = AXIS2_PLACEMENT_3D ( 'NONE', #446, #1064, #229 ) ;
#401 = ORIENTED_EDGE ( 'NONE', *, *, #2668, .F. ) ;
#402 = CARTESIAN_POINT ( 'NONE',  ( 7.299999999999998934, 274.6999999999999886, -12.99999999999999822 ) ) ;
#403 = EDGE_CURVE ( 'NONE', #1954, #479, #1347, .T. ) ;
#404 = CIRCLE ( 'NONE', #770, 2.999999999999999112 ) ;
#405 = VECTOR ( 'NONE', #2230, 1000.000000000000000 ) ;
#406 = EDGE_LOOP ( 'NONE', ( #588, #2772, #2815, #90 ) ) ;
#407 = CIRCLE ( 'NONE', #955, 2.999999999999999112 ) ;
#408 = EDGE_CURVE ( 'NONE', #1954, #1538, #922, .T. ) ;
#409 = LINE ( 'NONE', #1289, #2222 ) ;
#410 = VECTOR ( 'NONE', #759, 1000.000000000000000 ) ;
#411 = ORIENTED_EDGE ( 'NONE', *, *, #521, .T. ) ;
#412 = DIRECTION ( 'NONE',  ( 0.000000000000000000, 0.000000000000000000, -1.000000000000000000 ) ) ;
#413 = VECTOR ( 'NONE', #2768, 1000.000000000000000 ) ;
#414 = CARTESIAN_POINT ( 'NONE',  ( 23.00000000000000000, 119.5000000000000000, -20.99999999999999645 ) ) ;
#415 = ORIENTED_EDGE ( 'NONE', *, *, #112, .T. ) ;
#416 = FACE_OUTER_BOUND ( 'NONE', #726, .T. ) ;
#417 = DIRECTION ( 'NONE',  ( 0.000000000000000000, 0.000000000000000000, 1.000000000000000000 ) ) ;
#418 = ORIENTED_EDGE ( 'NONE', *, *, #1855, .T. ) ;
#419 = DIRECTION ( 'NONE',  ( -0.000000000000000000, -0.000000000000000000, -1.000000000000000000 ) ) ;
#420 = EDGE_CURVE ( 'NONE', #2517, #947, #917, .T. ) ;
#421 = ADVANCED_FACE ( 'NONE', ( #1153 ), #54, .F. ) ;
#422 = ORIENTED_EDGE ( 'NONE', *, *, #2190, .T. ) ;
#423 = DIRECTION ( 'NONE',  ( -1.000000000000000000, 0.000000000000000000, 0.000000000000000000 ) ) ;
#424 = ORIENTED_EDGE ( 'NONE', *, *, #545, .F. ) ;
#425 = DIRECTION ( 'NONE',  ( 0.000000000000000000, 0.000000000000000000, 1.000000000000000000 ) ) ;
#426 = CYLINDRICAL_SURFACE ( 'NONE', #159, 2.500000000000000444 ) ;
#427 = EDGE_LOOP ( 'NONE', ( #2335, #1573, #1608, #747 ) ) ;
#428 = CARTESIAN_POINT ( 'NONE',  ( 41.00000000000000000, 132.5000000000000000, -18.00000000000000355 ) ) ;
#429 = LINE ( 'NONE', #614, #2686 ) ;
#430 = VERTEX_POINT ( 'NONE', #2331 ) ;
#431 = FACE_BOUND ( 'NONE', #2737, .T. ) ;
#432 = ORIENTED_EDGE ( 'NONE', *, *, #403, .F. ) ;
#433 = DIRECTION ( 'NONE',  ( 0.000000000000000000, 0.000000000000000000, 1.000000000000000000 ) ) ;
#434 = VECTOR ( 'NONE', #1028, 1000.000000000000000 ) ;
#435 = EDGE_LOOP ( 'NONE', ( #230, #460, #252, #603 ) ) ;
#436 = CARTESIAN_POINT ( 'NONE',  ( 15.25000000000000000, 125.7500000000000000, -11.99999999999999822 ) ) ;
#437 = AXIS2_PLACEMENT_3D ( 'NONE', #606, #1483, #567 ) ;
#438 = CYLINDRICAL_SURFACE ( 'NONE', #2711, 2.999999999999999112 ) ;
#439 = EDGE_CURVE ( 'NONE', #2745, #2040, #127, .T. ) ;
#440 = FACE_OUTER_BOUND ( 'NONE', #645, .T. ) ;
#441 = ADVANCED_FACE ( 'NONE', ( #1875 ), #118, .F. ) ;
#442 = ORIENTED_EDGE ( 'NONE', *, *, #450, .T. ) ;
#443 = CARTESIAN_POINT ( 'NONE',  ( -15.25000000000000000, 95.25000000000000000, -18.00000000000000000 ) ) ;
#444 = PLANE ( 'NONE',  #1195 ) ;
#445 = ORIENTED_EDGE ( 'NONE', *, *, #774, .T. ) ;
#446 = CARTESIAN_POINT ( 'NONE',  ( 15.25000000000000000, 125.7500000000000000, -11.99999999999999822 ) ) ;
#447 = ORIENTED_EDGE ( 'NONE', *, *, #1996, .T. ) ;
#448 = CARTESIAN_POINT ( 'NONE',  ( -15.25000000000000000, 95.25000000000000000, -18.00000000000000000 ) ) ;
#449 = VECTOR ( 'NONE', #1698, 1000.000000000000000 ) ;
#450 = EDGE_CURVE ( 'NONE', #1815, #1102, #223, .T. ) ;
#451 = ORIENTED_EDGE ( 'NONE', *, *, #1906, .T. ) ;
#452 = DIRECTION ( 'NONE',  ( -1.000000000000000000, 0.000000000000000000, 0.000000000000000000 ) ) ;
#453 = AXIS2_PLACEMENT_3D ( 'NONE', #516, #1175, #2041 ) ;
#454 = APPROVAL_PERSON_ORGANIZATION ( #525, #872, #1410 ) ;
#455 = EDGE_LOOP ( 'NONE', ( #138, #2402, #1233, #796 ) ) ;
#456 = DIRECTION ( 'NONE',  ( -1.000000000000000000, 0.000000000000000000, 0.000000000000000000 ) ) ;
#457 = MECHANICAL_CONTEXT ( 'NONE', #1715, 'mechanical' ) ;
#458 = CIRCLE ( 'NONE', #357, 1.600000000000000755 ) ;
#459 = EDGE_CURVE ( 'NONE', #152, #2149, #1664, .T. ) ;
#460 = ORIENTED_EDGE ( 'NONE', *, *, #1382, .T. ) ;
#461 = EDGE_CURVE ( 'NONE', #341, #156, #370, .T. ) ;
#462 = CARTESIAN_POINT ( 'NONE',  ( 10.90000000000000036, 274.6999999999999886, -12.99999999999999822 ) ) ;
#463 = EDGE_CURVE ( 'NONE', #739, #833, #787, .T. ) ;
#464 = CARTESIAN_POINT ( 'NONE',  ( 41.00000000000000000, 58.00000000000000000, -18.00000000000000355 ) ) ;
#465 = EDGE_LOOP ( 'NONE', ( #1068, #784, #1644, #2108 ) ) ;
#466 = CARTESIAN_POINT ( 'NONE',  ( -18.25000000000000000, 95.25000000000000000, -18.00000000000000000 ) ) ;
#467 = ORIENTED_EDGE ( 'NONE', *, *, #226, .F. ) ;
#468 = VECTOR ( 'NONE', #563, 1000.000000000000000 ) ;
#469 = DIRECTION ( 'NONE',  ( 1.000000000000000000, 0.000000000000000000, 0.000000000000000000 ) ) ;
#470 = ORIENTED_EDGE ( 'NONE', *, *, #1434, .T. ) ;
#471 = PLANE ( 'NONE',  #82 ) ;
#472 = CARTESIAN_POINT ( 'NONE',  ( 23.00000000000000000, 119.5000000000000000, -20.99999999999999645 ) ) ;
#473 = LINE ( 'NONE', #1547, #2324 ) ;
#474 = ORIENTED_EDGE ( 'NONE', *, *, #2651, .F. ) ;
#475 = DIRECTION ( 'NONE',  ( -1.000000000000000000, 0.000000000000000000, 0.000000000000000000 ) ) ;
#476 = VECTOR ( 'NONE', #2758, 1000.000000000000000 ) ;
#477 = ADVANCED_FACE ( 'NONE', ( #583 ), #973, .F. ) ;
#478 = LINE ( 'NONE', #298, #1699 ) ;
#479 = VERTEX_POINT ( 'NONE', #2317 ) ;
#480 = DIRECTION ( 'NONE',  ( 1.000000000000000000, 0.000000000000000000, 0.000000000000000000 ) ) ;
#481 = EDGE_CURVE ( 'NONE', #145, #1954, #1237, .T. ) ;
#482 = ORIENTED_EDGE ( 'NONE', *, *, #564, .T. ) ;
#483 = CYLINDRICAL_SURFACE ( 'NONE', #369, 2.999999999999999112 ) ;
#484 = VERTEX_POINT ( 'NONE', #1223 ) ;
#485 = DIRECTION ( 'NONE',  ( 0.000000000000000000, 0.000000000000000000, 1.000000000000000000 ) ) ;
#486 = CARTESIAN_POINT ( 'NONE',  ( -15.00000000000000000, 152.0000000000000000, -13.99999999999999822 ) ) ;
#487 = PLANE ( 'NONE',  #2636 ) ;
#488 = VERTEX_POINT ( 'NONE', #1249 ) ;
#489 = CARTESIAN_POINT ( 'NONE',  ( 12.30000000000000071, 274.6999999999999886, -12.99999999999999822 ) ) ;
#490 = VECTOR ( 'NONE', #73, 1000.000000000000000 ) ;
#491 = CC_DESIGN_PERSON_AND_ORGANIZATION_ASSIGNMENT ( #2039, #1190, ( #1280 ) ) ;
#492 = CYLINDRICAL_SURFACE ( 'NONE', #317, 2.999999999999999112 ) ;
#493 = ORIENTED_EDGE ( 'NONE', *, *, #2074, .T. ) ;
#494 = DIRECTION ( 'NONE',  ( 0.000000000000000000, -0.000000000000000000, -1.000000000000000000 ) ) ;
#495 = ORIENTED_EDGE ( 'NONE', *, *, #627, .F. ) ;
#496 = EDGE_CURVE ( 'NONE', #1894, #2442, #757, .T. ) ;
#497 = DIRECTION ( 'NONE',  ( 0.000000000000000000, 0.000000000000000000, 1.000000000000000000 ) ) ;
#498 = LINE ( 'NONE', #1367, #862 ) ;
#499 = VERTEX_POINT ( 'NONE', #2510 ) ;
#500 = AXIS2_PLACEMENT_3D ( 'NONE', #2043, #2430, #508 ) ;
#501 = CYLINDRICAL_SURFACE ( 'NONE', #1268, 1.100000000000000311 ) ;
#502 = ORIENTED_EDGE ( 'NONE', *, *, #2406, .T. ) ;
#503 = DIRECTION ( 'NONE',  ( -0.000000000000000000, -0.000000000000000000, 1.000000000000000000 ) ) ;
#504 = VECTOR ( 'NONE', #1939, 1000.000000000000000 ) ;
#505 = FACE_OUTER_BOUND ( 'NONE', #533, .T. ) ;
#506 = VECTOR ( 'NONE', #1021, 1000.000000000000000 ) ;
#507 = VECTOR ( 'NONE', #855, 1000.000000000000000 ) ;
#508 = DIRECTION ( 'NONE',  ( 1.000000000000000000, 0.000000000000000000, 0.000000000000000000 ) ) ;
#509 = VERTEX_POINT ( 'NONE', #2084 ) ;
#510 = EDGE_CURVE ( 'NONE', #1, #2216, #2492, .T. ) ;
#511 = LINE ( 'NONE', #966, #2266 ) ;
#512 = CARTESIAN_POINT ( 'NONE',  ( -41.00000000000000000, 318.0000000000000000, -18.00000000000000355 ) ) ;
#513 = FACE_BOUND ( 'NONE', #2718, .T. ) ;
#514 = DATE_TIME_ROLE ( 'creation_date' ) ;
#515 = ORIENTED_EDGE ( 'NONE', *, *, #2431, .T. ) ;
#516 = CARTESIAN_POINT ( 'NONE',  ( 23.00000000000000000, 119.5000000000000000, -20.99999999999999645 ) ) ;
#517 = CARTESIAN_POINT ( 'NONE',  ( -41.00000000000000000, 318.0000000000000000, -18.00000000000000355 ) ) ;
#518 = CARTESIAN_POINT ( 'NONE',  ( -19.00000000000000000, 190.0000000000000000, -18.00000000000000355 ) ) ;
#519 = VERTEX_POINT ( 'NONE', #1889 ) ;
#520 = LINE ( 'NONE', #2447, #1467 ) ;
#521 = EDGE_CURVE ( 'NONE', #2056, #2363, #1904, .T. ) ;
#522 = CARTESIAN_POINT ( 'NONE',  ( 9.500000000000000000, 144.0000000000000000, -18.00000000000000355 ) ) ;
#523 = VERTEX_POINT ( 'NONE', #2753 ) ;
#524 = DIRECTION ( 'NONE',  ( -0.000000000000000000, 1.000000000000000000, 0.000000000000000000 ) ) ;
#525 = PERSON_AND_ORGANIZATION ( #977, #1366 ) ;
#526 = ORIENTED_EDGE ( 'NONE', *, *, #1896, .T. ) ;
#527 = CARTESIAN_POINT ( 'NONE',  ( -8.699999999999999289, 294.3000000000000114, -12.99999999999999822 ) ) ;
#528 = EDGE_CURVE ( 'NONE', #1468, #375, #2058, .T. ) ;
#529 = AXIS2_PLACEMENT_3D ( 'NONE', #2436, #2383, #456 ) ;
#530 = PLANE ( 'NONE',  #776 ) ;
#531 = VECTOR ( 'NONE', #30, 1000.000000000000000 ) ;
#532 = CARTESIAN_POINT ( 'NONE',  ( -15.25000000000000000, 95.25000000000000000, -11.99999999999999822 ) ) ;
#533 = EDGE_LOOP ( 'NONE', ( #2599, #554, #1187, #1922 ) ) ;
#534 = ORIENTED_EDGE ( 'NONE', *, *, #1877, .T. ) ;
#535 = CARTESIAN_POINT ( 'NONE',  ( -15.00000000000000000, 262.0000000000000000, -18.00000000000000000 ) ) ;
#536 = CARTESIAN_POINT ( 'NONE',  ( 22.00000000000000000, 0.000000000000000000, -18.00000000000000355 ) ) ;
#537 = ORIENTED_EDGE ( 'NONE', *, *, #2829, .F. ) ;
#538 = FACE_OUTER_BOUND ( 'NONE', #2457, .T. ) ;
#539 = PERSON_AND_ORGANIZATION ( #977, #1366 ) ;
#540 = EDGE_LOOP ( 'NONE', ( #1370, #1435 ) ) ;
#541 = CARTESIAN_POINT ( 'NONE',  ( 9.799999999999998934, 294.3000000000000114, -12.99999999999999822 ) ) ;
#542 = AXIS2_PLACEMENT_3D ( 'NONE', #1155, #706, #494 ) ;
#543 = EDGE_CURVE ( 'NONE', #2066, #1752, #1400, .T. ) ;
#544 = VECTOR ( 'NONE', #1633, 1000.000000000000000 ) ;
#545 = EDGE_CURVE ( 'NONE', #2826, #1496, #1636, .T. ) ;
#546 = LINE ( 'NONE', #1415, #362 ) ;
#547 = AXIS2_PLACEMENT_3D ( 'NONE', #1144, #1127, #913 ) ;
#548 = FACE_OUTER_BOUND ( 'NONE', #427, .T. ) ;
#549 = VECTOR ( 'NONE', #2656, 1000.000000000000000 ) ;
#550 = LINE ( 'NONE', #561, #1513 ) ;
#551 = EDGE_LOOP ( 'NONE', ( #1809, #1253 ) ) ;
#552 = PLANE ( 'NONE',  #2695 ) ;
#553 = LINE ( 'NONE', #1643, #1460 ) ;
#554 = ORIENTED_EDGE ( 'NONE', *, *, #1652, .F. ) ;
#555 = FACE_OUTER_BOUND ( 'NONE', #892, .T. ) ;
#556 = DATE_AND_TIME ( #1372, #1828 ) ;
#557 = EDGE_LOOP ( 'NONE', ( #1440, #1355 ) ) ;
#558 = FACE_OUTER_BOUND ( 'NONE', #2087, .T. ) ;
#559 = CARTESIAN_POINT ( 'NONE',  ( -19.00000000000000000, 170.0000000000000000, -20.99999999999999645 ) ) ;
#560 = CARTESIAN_POINT ( 'NONE',  ( 15.25000000000000000, 125.7500000000000000, -11.99999999999999822 ) ) ;
#561 = CARTESIAN_POINT ( 'NONE',  ( 22.00000000000000000, 234.0000000000000000, -20.99999999999999645 ) ) ;
#562 = ORIENTED_EDGE ( 'NONE', *, *, #1583, .T. ) ;
#563 = DIRECTION ( 'NONE',  ( -1.000000000000000000, 0.000000000000000000, 0.000000000000000000 ) ) ;
#564 = EDGE_CURVE ( 'NONE', #484, #1412, #546, .T. ) ;
#565 = CARTESIAN_POINT ( 'NONE',  ( 41.00000000000000000, 58.00000000000000000, -21.00000000000000000 ) ) ;
#566 = ORIENTED_EDGE ( 'NONE', *, *, #1930, .T. ) ;
#567 = DIRECTION ( 'NONE',  ( 1.000000000000000000, 0.000000000000000000, 0.000000000000000000 ) ) ;
#568 = ORIENTED_EDGE ( 'NONE', *, *, #1124, .T. ) ;
#569 = CARTESIAN_POINT ( 'NONE',  ( -15.25000000000000000, 125.7500000000000000, -11.99999999999999822 ) ) ;
#570 = CARTESIAN_POINT ( 'NONE',  ( 0.000000000000000000, 144.0000000000000000, -18.00000000000000355 ) ) ;
#571 = CARTESIAN_POINT ( 'NONE',  ( 15.00000000000000000, 150.0000000000000000, -13.99999999999999822 ) ) ;
#572 = PLANE ( 'NONE',  #1405 ) ;
#573 = DIRECTION ( 'NONE',  ( -1.000000000000000000, 0.000000000000000000, 0.000000000000000000 ) ) ;
#574 = ORIENTED_EDGE ( 'NONE', *, *, #1262, .T. ) ;
#575 = LINE ( 'NONE', #1481, #468 ) ;
#576 = LINE ( 'NONE', #565, #1094 ) ;
#577 = EDGE_CURVE ( 'NONE', #983, #2625, #325, .T. ) ;
#578 = ORIENTED_EDGE ( 'NONE', *, *, #1927, .T. ) ;
#579 = CYLINDRICAL_SURFACE ( 'NONE', #24, 2.999999999999999112 ) ;
#580 = ORIENTED_EDGE ( 'NONE', *, *, #993, .F. ) ;
#581 = PLANE ( 'NONE',  #2411 ) ;
#582 = DIRECTION ( 'NONE',  ( 0.000000000000000000, 1.000000000000000000, 0.000000000000000000 ) ) ;
#583 = FACE_OUTER_BOUND ( 'NONE', #2371, .T. ) ;
#584 = VECTOR ( 'NONE', #834, 1000.000000000000000 ) ;
#585 = CARTESIAN_POINT ( 'NONE',  ( 9.500000000000000000, 144.0000000000000000, -20.99999999999999645 ) ) ;
#586 = CARTESIAN_POINT ( 'NONE',  ( -15.00000000000000000, 260.0000000000000000, -18.00000000000000000 ) ) ;
#587 = AXIS2_PLACEMENT_3D ( 'NONE', #238, #954, #2410 ) ;
#588 = ORIENTED_EDGE ( 'NONE', *, *, #1691, .T. ) ;
#589 = VECTOR ( 'NONE', #2502, 1000.000000000000000 ) ;
#590 = CARTESIAN_POINT ( 'NONE',  ( -9.500000000000000000, 144.0000000000000000, -20.99999999999999645 ) ) ;
#591 = AXIS2_PLACEMENT_3D ( 'NONE', #1639, #339, #2770 ) ;
#592 = ORIENTED_EDGE ( 'NONE', *, *, #2135, .T. ) ;
#593 = ADVANCED_FACE ( 'NONE', ( #988 ), #1261, .F. ) ;
#594 = LINE ( 'NONE', #2779, #1857 ) ;
#595 = VECTOR ( 'NONE', #2709, 1000.000000000000000 ) ;
#596 = EDGE_LOOP ( 'NONE', ( #2422, #1632 ) ) ;
#597 = DIRECTION ( 'NONE',  ( 1.000000000000000000, 0.000000000000000000, 0.000000000000000000 ) ) ;
#598 = DIRECTION ( 'NONE',  ( 1.000000000000000000, 0.000000000000000000, 0.000000000000000000 ) ) ;
#599 = ORIENTED_EDGE ( 'NONE', *, *, #1930, .F. ) ;
#600 = DIRECTION ( 'NONE',  ( 1.000000000000000000, 0.000000000000000000, 0.000000000000000000 ) ) ;
#601 = DIRECTION ( 'NONE',  ( 0.000000000000000000, 0.000000000000000000, 1.000000000000000000 ) ) ;
#602 = CARTESIAN_POINT ( 'NONE',  ( -7.500000000000000000, 148.0000000000000000, -20.99999999999999645 ) ) ;
#603 = ORIENTED_EDGE ( 'NONE', *, *, #2598, .T. ) ;
#604 = LINE ( 'NONE', #2527, #63 ) ;
#605 = ORIENTED_EDGE ( 'NONE', *, *, #2208, .F. ) ;
#606 = CARTESIAN_POINT ( 'NONE',  ( 15.25000000000000000, 95.25000000000000000, -20.99999999999999645 ) ) ;
#607 = EDGE_CURVE ( 'NONE', #739, #1111, #1477, .T. ) ;
#608 = VERTEX_POINT ( 'NONE', #2372 ) ;
#609 = DIRECTION ( 'NONE',  ( 0.000000000000000000, 0.000000000000000000, 1.000000000000000000 ) ) ;
#610 = CARTESIAN_POINT ( 'NONE',  ( -23.00000000000000000, 132.5000000000000000, -20.99999999999999645 ) ) ;
#611 = ORIENTED_EDGE ( 'NONE', *, *, #2774, .F. ) ;
#612 = DIRECTION ( 'NONE',  ( 1.000000000000000000, 0.000000000000000000, 0.000000000000000000 ) ) ;
#613 = ADVANCED_FACE ( 'NONE', ( #221 ), #655, .T. ) ;
#614 = CARTESIAN_POINT ( 'NONE',  ( 0.000000000000000000, 254.0000000000000000, -18.00000000000000355 ) ) ;
#615 = EDGE_CURVE ( 'NONE', #479, #17, #843, .T. ) ;
#616 = ORIENTED_EDGE ( 'NONE', *, *, #931, .T. ) ;
#617 = LINE ( 'NONE', #402, #816 ) ;
#618 = PRODUCT_DEFINITION_SHAPE ( 'NONE', 'NONE',  #1507 ) ;
#619 = ORIENTED_EDGE ( 'NONE', *, *, #1266, .T. ) ;
#620 = LINE ( 'NONE', #334, #2715 ) ;
#621 = ORIENTED_EDGE ( 'NONE', *, *, #1777, .T. ) ;
#622 = LINE ( 'NONE', #1069, #2414 ) ;
#623 = CARTESIAN_POINT ( 'NONE',  ( 15.25000000000000000, 125.7500000000000000, -18.00000000000000000 ) ) ;
#624 = VERTEX_POINT ( 'NONE', #2397 ) ;
#625 = CARTESIAN_POINT ( 'NONE',  ( -41.00000000000000000, 119.5000000000000000, -18.00000000000000355 ) ) ;
#626 = EDGE_CURVE ( 'NONE', #2442, #2197, #959, .T. ) ;
#627 = EDGE_CURVE ( 'NONE', #2425, #227, #2010, .T. ) ;
#628 = CARTESIAN_POINT ( 'NONE',  ( 41.00000000000000000, 58.00000000000000000, -18.00000000000000355 ) ) ;
#629 = CIRCLE ( 'NONE', #2494, 1.100000000000000311 ) ;
#630 = ORIENTED_EDGE ( 'NONE', *, *, #1196, .T. ) ;
#631 = FACE_BOUND ( 'NONE', #1378, .T. ) ;
#632 = VECTOR ( 'NONE', #1662, 1000.000000000000000 ) ;
#633 = AXIS2_PLACEMENT_3D ( 'NONE', #7, #1765, #2617 ) ;
#634 = ORIENTED_EDGE ( 'NONE', *, *, #1814, .F. ) ;
#635 = AXIS2_PLACEMENT_3D ( 'NONE', #1328, #1341, #279 ) ;
#636 = PLANE ( 'NONE',  #2763 ) ;
#637 = AXIS2_PLACEMENT_3D ( 'NONE', #2260, #716, #904 ) ;
#638 = ORIENTED_EDGE ( 'NONE', *, *, #1263, .F. ) ;
#639 = DIRECTION ( 'NONE',  ( -1.000000000000000000, 0.000000000000000000, 0.000000000000000000 ) ) ;
#640 = VECTOR ( 'NONE', #1767, 1000.000000000000000 ) ;
#641 = CARTESIAN_POINT ( 'NONE',  ( -16.85000000000000142, 125.7500000000000000, -20.99999999999999645 ) ) ;
#642 = EDGE_LOOP ( 'NONE', ( #1974, #1055 ) ) ;
#643 = DIRECTION ( 'NONE',  ( 0.000000000000000000, 0.000000000000000000, 1.000000000000000000 ) ) ;
#644 = DIRECTION ( 'NONE',  ( 1.000000000000000000, 0.000000000000000000, 0.000000000000000000 ) ) ;
#645 = EDGE_LOOP ( 'NONE', ( #1393, #2789, #2486, #574 ) ) ;
#646 = DIRECTION ( 'NONE',  ( 0.000000000000000000, 0.000000000000000000, 1.000000000000000000 ) ) ;
#647 = ORIENTED_EDGE ( 'NONE', *, *, #1777, .F. ) ;
#648 = EDGE_CURVE ( 'NONE', #2024, #1815, #871, .T. ) ;
#649 = DIRECTION ( 'NONE',  ( 0.000000000000000000, 0.000000000000000000, 1.000000000000000000 ) ) ;
#650 = EDGE_LOOP ( 'NONE', ( #882, #277 ) ) ;
#651 = DIRECTION ( 'NONE',  ( 0.000000000000000000, -0.000000000000000000, 1.000000000000000000 ) ) ;
#652 = DIRECTION ( 'NONE',  ( 0.000000000000000000, 0.000000000000000000, 1.000000000000000000 ) ) ;
#653 = DIRECTION ( 'NONE',  ( -0.000000000000000000, -0.000000000000000000, 1.000000000000000000 ) ) ;
#654 = ORIENTED_EDGE ( 'NONE', *, *, #2512, .F. ) ;
#655 = CYLINDRICAL_SURFACE ( 'NONE', #1963, 2.999999999999999112 ) ;
#656 = CARTESIAN_POINT ( 'NONE',  ( -9.799999999999998934, 274.6999999999999886, -12.99999999999999822 ) ) ;
#657 = VECTOR ( 'NONE', #936, 1000.000000000000000 ) ;
#658 = ORIENTED_EDGE ( 'NONE', *, *, #528, .T. ) ;
#659 = FACE_BOUND ( 'NONE', #1532, .T. ) ;
#660 = VERTEX_POINT ( 'NONE', #625 ) ;
#661 = ADVANCED_FACE ( 'NONE', ( #416 ), #1489, .F. ) ;
#662 = LINE ( 'NONE', #231, #2129 ) ;
#663 = EDGE_CURVE ( 'NONE', #2623, #1166, #2357, .T. ) ;
#664 = VECTOR ( 'NONE', #1522, 1000.000000000000000 ) ;
#665 = EDGE_CURVE ( 'NONE', #2000, #2557, #1745, .T. ) ;
#666 = VERTEX_POINT ( 'NONE', #1294 ) ;
#667 = CARTESIAN_POINT ( 'NONE',  ( -15.25000000000000000, 125.7500000000000000, -18.00000000000000000 ) ) ;
#668 = DIRECTION ( 'NONE',  ( -0.000000000000000000, 1.000000000000000000, 0.000000000000000000 ) ) ;
#669 = CARTESIAN_POINT ( 'NONE',  ( 0.000000000000000000, 119.5000000000000000, -18.00000000000000355 ) ) ;
#670 = ORIENTED_EDGE ( 'NONE', *, *, #1418, .F. ) ;
#671 = DIRECTION ( 'NONE',  ( 1.000000000000000000, 0.000000000000000000, 0.000000000000000000 ) ) ;
#672 = CARTESIAN_POINT ( 'NONE',  ( -8.699999999999999289, 274.6999999999999886, -20.99999999999999645 ) ) ;
#673 = VERTEX_POINT ( 'NONE', #2159 ) ;
#674 = LINE ( 'NONE', #1554, #1185 ) ;
#675 = CIRCLE ( 'NONE', #1277, 2.999999999999999112 ) ;
#676 = ORIENTED_EDGE ( 'NONE', *, *, #2685, .F. ) ;
#677 = CARTESIAN_POINT ( 'NONE',  ( 15.00000000000000000, 152.0000000000000000, -13.99999999999999822 ) ) ;
#678 = VECTOR ( 'NONE', #1148, 1000.000000000000000 ) ;
#679 = ORIENTED_EDGE ( 'NONE', *, *, #1036, .F. ) ;
#680 = DIRECTION ( 'NONE',  ( -1.000000000000000000, 0.000000000000000000, 0.000000000000000000 ) ) ;
#681 = EDGE_CURVE ( 'NONE', #2216, #2625, #887, .T. ) ;
#682 = ORIENTED_EDGE ( 'NONE', *, *, #2685, .T. ) ;
#683 = MANIFOLD_SOLID_BREP ( 'Cut-Extrude4', #2055 ) ;
#684 = CARTESIAN_POINT ( 'NONE',  ( -9.799999999999998934, 294.3000000000000114, -20.99999999999999645 ) ) ;
#685 = DIRECTION ( 'NONE',  ( -0.000000000000000000, -0.000000000000000000, 1.000000000000000000 ) ) ;
#686 = VECTOR ( 'NONE', #1780, 1000.000000000000000 ) ;
#687 = EDGE_LOOP ( 'NONE', ( #291, #2077, #2596, #1126 ) ) ;
#688 = LINE ( 'NONE', #2203, #725 ) ;
#689 = VECTOR ( 'NONE', #121, 1000.000000000000000 ) ;
#690 = EDGE_CURVE ( 'NONE', #227, #2425, #2244, .T. ) ;
#691 = LINE ( 'NONE', #1134, #176 ) ;
#692 = EDGE_LOOP ( 'NONE', ( #1960, #307, #2478, #1549 ) ) ;
#693 = VECTOR ( 'NONE', #1851, 1000.000000000000000 ) ;
#694 = DIRECTION ( 'NONE',  ( 1.000000000000000000, 0.000000000000000000, 0.000000000000000000 ) ) ;
#695 = VERTEX_POINT ( 'NONE', #164 ) ;
#696 = CARTESIAN_POINT ( 'NONE',  ( 0.000000000000000000, 190.0000000000000000, -18.00000000000000355 ) ) ;
#697 = ORIENTED_EDGE ( 'NONE', *, *, #2476, .F. ) ;
#698 = PLANE ( 'NONE',  #1870 ) ;
#699 = DIRECTION ( 'NONE',  ( 1.000000000000000000, 0.000000000000000000, 0.000000000000000000 ) ) ;
#700 = DIRECTION ( 'NONE',  ( -0.000000000000000000, -0.000000000000000000, 1.000000000000000000 ) ) ;
#701 = ORIENTED_EDGE ( 'NONE', *, *, #2406, .F. ) ;
#702 = LINE ( 'NONE', #1578, #1099 ) ;
#703 = CARTESIAN_POINT ( 'NONE',  ( 9.799999999999998934, 274.6999999999999886, -20.99999999999999645 ) ) ;
#704 = EDGE_CURVE ( 'NONE', #2322, #2169, #2786, .T. ) ;
#705 = ORIENTED_EDGE ( 'NONE', *, *, #1214, .F. ) ;
#706 = DIRECTION ( 'NONE',  ( 0.000000000000000000, -1.000000000000000000, 0.000000000000000000 ) ) ;
#707 = EDGE_CURVE ( 'NONE', #220, #2149, #1737, .T. ) ;
#708 = ORIENTED_EDGE ( 'NONE', *, *, #945, .T. ) ;
#709 = DIRECTION ( 'NONE',  ( 1.000000000000000000, 0.000000000000000000, 0.000000000000000000 ) ) ;
#710 = LINE ( 'NONE', #1587, #773 ) ;
#711 = FACE_BOUND ( 'NONE', #540, .T. ) ;
#712 = AXIS2_PLACEMENT_3D ( 'NONE', #2167, #235, #2407 ) ;
#713 = CARTESIAN_POINT ( 'NONE',  ( -19.00000000000000000, 234.0000000000000000, -20.99999999999999645 ) ) ;
#714 = VERTEX_POINT ( 'NONE', #428 ) ;
#715 = LINE ( 'NONE', #1821, #1694 ) ;
#716 = DIRECTION ( 'NONE',  ( -0.000000000000000000, -0.000000000000000000, 1.000000000000000000 ) ) ;
#717 = EDGE_CURVE ( 'NONE', #714, #2322, #1306, .T. ) ;
#718 = EDGE_CURVE ( 'NONE', #184, #624, #2830, .T. ) ;
#719 = LINE ( 'NONE', #55, #1551 ) ;
#720 = ORIENTED_EDGE ( 'NONE', *, *, #648, .T. ) ;
#721 = DIRECTION ( 'NONE',  ( -0.000000000000000000, -0.000000000000000000, 1.000000000000000000 ) ) ;
#722 = CARTESIAN_POINT ( 'NONE',  ( -15.00000000000000000, 152.0000000000000000, -18.00000000000000000 ) ) ;
#723 = ORIENTED_EDGE ( 'NONE', *, *, #2462, .F. ) ;
#724 = CARTESIAN_POINT ( 'NONE',  ( 22.00000000000000000, 190.0000000000000000, -20.99999999999999645 ) ) ;
#725 = VECTOR ( 'NONE', #2017, 1000.000000000000000 ) ;
#726 = EDGE_LOOP ( 'NONE', ( #1571, #1450, #1695, #2224 ) ) ;
#727 = APPROVAL_PERSON_ORGANIZATION ( #2080, #1680, #115 ) ;
#728 = FACE_OUTER_BOUND ( 'NONE', #1838, .T. ) ;
#729 = CIRCLE ( 'NONE', #2825, 1.600000000000000755 ) ;
#730 = DIRECTION ( 'NONE',  ( -1.000000000000000000, 0.000000000000000000, 0.000000000000000000 ) ) ;
#731 = VECTOR ( 'NONE', #2727, 1000.000000000000000 ) ;
#732 = AXIS2_PLACEMENT_3D ( 'NONE', #2146, #207, #1084 ) ;
#733 = DIRECTION ( 'NONE',  ( 1.000000000000000000, 0.000000000000000000, 0.000000000000000000 ) ) ;
#734 = EDGE_LOOP ( 'NONE', ( #411, #2191, #2756, #2361 ) ) ;
#735 = DIRECTION ( 'NONE',  ( -0.000000000000000000, -0.000000000000000000, 1.000000000000000000 ) ) ;
#736 = CARTESIAN_POINT ( 'NONE',  ( 22.00000000000000000, 170.0000000000000000, -20.99999999999999645 ) ) ;
#737 = ADVANCED_FACE ( 'NONE', ( #398, #1061 ), #1956, .T. ) ;
#738 = EDGE_CURVE ( 'NONE', #2081, #714, #702, .T. ) ;
#739 = VERTEX_POINT ( 'NONE', #1784 ) ;
#740 = CARTESIAN_POINT ( 'NONE',  ( 23.00000000000000000, 132.5000000000000000, -20.99999999999999645 ) ) ;
#741 = COORDINATED_UNIVERSAL_TIME_OFFSET ( 12, 0, .AHEAD. ) ;
#742 = ORIENTED_EDGE ( 'NONE', *, *, #665, .T. ) ;
#743 = CARTESIAN_POINT ( 'NONE',  ( 9.799999999999998934, 294.3000000000000114, -12.99999999999999822 ) ) ;
#744 = CARTESIAN_POINT ( 'NONE',  ( -10.90000000000000036, 274.6999999999999886, -20.99999999999999645 ) ) ;
#745 = DIRECTION ( 'NONE',  ( 0.000000000000000000, 0.000000000000000000, 1.000000000000000000 ) ) ;
#746 = EDGE_LOOP ( 'NONE', ( #140, #445, #2381, #1710 ) ) ;
#747 = ORIENTED_EDGE ( 'NONE', *, *, #2082, .F. ) ;
#748 = LINE ( 'NONE', #1379, #185 ) ;
#749 = CARTESIAN_POINT ( 'NONE',  ( 22.00000000000000000, 234.0000000000000000, -18.00000000000000355 ) ) ;
#750 = ORIENTED_EDGE ( 'NONE', *, *, #921, .T. ) ;
#751 = EDGE_CURVE ( 'NONE', #32, #739, #2258, .T. ) ;
#752 = ADVANCED_FACE ( 'NONE', ( #1810 ), #2637, .F. ) ;
#753 = DIRECTION ( 'NONE',  ( -0.000000000000000000, -0.000000000000000000, 1.000000000000000000 ) ) ;
#754 = APPROVAL_STATUS ( 'not_yet_approved' ) ;
#755 = EDGE_LOOP ( 'NONE', ( #2614, #2122, #482, #95 ) ) ;
#756 = LINE ( 'NONE', #1887, #216 ) ;
#757 = LINE ( 'NONE', #1459, #1834 ) ;
#758 = DIRECTION ( 'NONE',  ( 1.000000000000000000, 0.000000000000000000, 0.000000000000000000 ) ) ;
#759 = DIRECTION ( 'NONE',  ( -0.000000000000000000, -1.000000000000000000, -0.000000000000000000 ) ) ;
#760 = EDGE_LOOP ( 'NONE', ( #232, #2305 ) ) ;
#761 = DIRECTION ( 'NONE',  ( 1.000000000000000000, 0.000000000000000000, 0.000000000000000000 ) ) ;
#762 = LINE ( 'NONE', #1424, #1050 ) ;
#763 = VERTEX_POINT ( 'NONE', #1133 ) ;
#764 = FACE_OUTER_BOUND ( 'NONE', #28, .T. ) ;
#765 = SECURITY_CLASSIFICATION_LEVEL ( 'unclassified' ) ;
#766 = EDGE_CURVE ( 'NONE', #1057, #983, #688, .T. ) ;
#767 = VERTEX_POINT ( 'NONE', #942 ) ;
#768 = CARTESIAN_POINT ( 'NONE',  ( -15.00000000000000000, 152.0000000000000000, -13.99999999999999822 ) ) ;
#769 = AXIS2_PLACEMENT_3D ( 'NONE', #944, #300, #2481 ) ;
#770 = AXIS2_PLACEMENT_3D ( 'NONE', #569, #2479, #985 ) ;
#771 = CC_DESIGN_APPROVAL ( #1971, ( #2236 ) ) ;
#772 = CARTESIAN_POINT ( 'NONE',  ( 41.00000000000000000, 119.5000000000000000, -18.00000000000000355 ) ) ;
#773 = VECTOR ( 'NONE', #2448, 1000.000000000000000 ) ;
#774 = EDGE_CURVE ( 'NONE', #356, #379, #2664, .T. ) ;
#775 = CARTESIAN_POINT ( 'NONE',  ( 23.00000000000000000, 119.5000000000000000, -20.99999999999999645 ) ) ;
#776 = AXIS2_PLACEMENT_3D ( 'NONE', #943, #1180, #1580 ) ;
#777 = CARTESIAN_POINT ( 'NONE',  ( 9.500000000000000000, 148.0000000000000000, -20.99999999999999645 ) ) ;
#778 = ORIENTED_EDGE ( 'NONE', *, *, #1300, .F. ) ;
#779 = VECTOR ( 'NONE', #384, 1000.000000000000000 ) ;
#780 = LINE ( 'NONE', #1909, #1757 ) ;
#781 = DIRECTION ( 'NONE',  ( 1.000000000000000000, 0.000000000000000000, 0.000000000000000000 ) ) ;
#782 = ORIENTED_EDGE ( 'NONE', *, *, #627, .T. ) ;
#783 = DIRECTION ( 'NONE',  ( -0.000000000000000000, -0.000000000000000000, 1.000000000000000000 ) ) ;
#784 = ORIENTED_EDGE ( 'NONE', *, *, #1432, .F. ) ;
#785 = DIRECTION ( 'NONE',  ( -0.000000000000000000, -0.000000000000000000, -1.000000000000000000 ) ) ;
#786 = DIRECTION ( 'NONE',  ( 0.000000000000000000, 0.000000000000000000, 1.000000000000000000 ) ) ;
#787 = LINE ( 'NONE', #815, #2688 ) ;
#788 = CARTESIAN_POINT ( 'NONE',  ( 19.00000000000000000, 190.0000000000000000, -20.99999999999999645 ) ) ;
#789 = ADVANCED_FACE ( 'NONE', ( #728 ), #2439, .F. ) ;
#790 = EDGE_CURVE ( 'NONE', #660, #484, #715, .T. ) ;
#791 = CARTESIAN_POINT ( 'NONE',  ( -9.799999999999998934, 294.3000000000000114, -12.99999999999999822 ) ) ;
#792 = VERTEX_POINT ( 'NONE', #52 ) ;
#793 = FACE_OUTER_BOUND ( 'NONE', #194, .T. ) ;
#794 = ADVANCED_FACE ( 'NONE', ( #2426, #1117 ), #1346, .T. ) ;
#795 = FACE_OUTER_BOUND ( 'NONE', #455, .T. ) ;
#796 = ORIENTED_EDGE ( 'NONE', *, *, #1302, .F. ) ;
#797 = DIRECTION ( 'NONE',  ( -0.000000000000000000, -0.000000000000000000, -1.000000000000000000 ) ) ;
#798 = ORIENTED_EDGE ( 'NONE', *, *, #420, .F. ) ;
#799 = CARTESIAN_POINT ( 'NONE',  ( 23.00000000000000000, 119.5000000000000000, -20.99999999999999645 ) ) ;
#800 = LINE ( 'NONE', #1901, #986 ) ;
#801 = DIRECTION ( 'NONE',  ( 0.000000000000000000, 1.000000000000000000, 0.000000000000000000 ) ) ;
#802 = CARTESIAN_POINT ( 'NONE',  ( -9.799999999999998934, 294.3000000000000114, -20.99999999999999645 ) ) ;
#803 = VECTOR ( 'NONE', #133, 1000.000000000000000 ) ;
#804 = EDGE_CURVE ( 'NONE', #488, #2693, #39, .T. ) ;
#805 = LINE ( 'NONE', #1433, #2733 ) ;
#806 = AXIS2_PLACEMENT_3D ( 'NONE', #2674, #1159, #1831 ) ;
#807 = VERTEX_POINT ( 'NONE', #1609 ) ;
#808 = DIRECTION ( 'NONE',  ( -1.000000000000000000, -0.000000000000000000, -0.000000000000000000 ) ) ;
#809 = ORIENTED_EDGE ( 'NONE', *, *, #1315, .F. ) ;
#810 = DIRECTION ( 'NONE',  ( 0.000000000000000000, 1.000000000000000000, 0.000000000000000000 ) ) ;
#811 = EDGE_LOOP ( 'NONE', ( #1797, #2116, #849, #2211 ) ) ;
#812 = CARTESIAN_POINT ( 'NONE',  ( -8.699999999999999289, 294.3000000000000114, -20.99999999999999645 ) ) ;
#813 = DIRECTION ( 'NONE',  ( 1.000000000000000000, 0.000000000000000000, 0.000000000000000000 ) ) ;
#814 = VERTEX_POINT ( 'NONE', #2029 ) ;
#815 = CARTESIAN_POINT ( 'NONE',  ( -22.00000000000000000, 234.0000000000000000, -20.99999999999999645 ) ) ;
#816 = VECTOR ( 'NONE', #1285, 1000.000000000000000 ) ;
#817 = CARTESIAN_POINT ( 'NONE',  ( -23.00000000000000000, 119.5000000000000000, -18.00000000000000355 ) ) ;
#818 = CARTESIAN_POINT ( 'NONE',  ( -41.00000000000000000, 58.00000000000000000, -18.00000000000000355 ) ) ;
#819 = AXIS2_PLACEMENT_3D ( 'NONE', #117, #1650, #2097 ) ;
#820 = ORIENTED_EDGE ( 'NONE', *, *, #577, .T. ) ;
#821 = AXIS2_PLACEMENT_3D ( 'NONE', #2587, #2603, #2382 ) ;
#822 = LINE ( 'NONE', #1227, #1490 ) ;
#823 = VECTOR ( 'NONE', #1032, 1000.000000000000000 ) ;
#824 = ORIENTED_EDGE ( 'NONE', *, *, #1178, .T. ) ;
#825 = DIRECTION ( 'NONE',  ( -0.000000000000000000, -0.000000000000000000, -1.000000000000000000 ) ) ;
#826 = ORIENTED_EDGE ( 'NONE', *, *, #2707, .F. ) ;
#827 = EDGE_CURVE ( 'NONE', #1109, #908, #1360, .T. ) ;
#828 = FACE_OUTER_BOUND ( 'NONE', #746, .T. ) ;
#829 = FACE_OUTER_BOUND ( 'NONE', #1116, .T. ) ;
#830 = ORIENTED_EDGE ( 'NONE', *, *, #827, .T. ) ;
#831 = CARTESIAN_POINT ( 'NONE',  ( 41.00000000000000000, 318.0000000000000000, -18.00000000000000355 ) ) ;
#832 = CARTESIAN_POINT ( 'NONE',  ( -18.25000000000000000, 125.7500000000000000, -18.00000000000000000 ) ) ;
#833 = VERTEX_POINT ( 'NONE', #1800 ) ;
#834 = DIRECTION ( 'NONE',  ( -0.000000000000000000, -0.000000000000000000, 1.000000000000000000 ) ) ;
#835 = EDGE_LOOP ( 'NONE', ( #354, #1198, #515, #2366 ) ) ;
#836 = LINE ( 'NONE', #158, #1677 ) ;
#837 = ORIENTED_EDGE ( 'NONE', *, *, #1623, .T. ) ;
#838 = DIRECTION ( 'NONE',  ( -1.000000000000000000, 0.000000000000000000, 0.000000000000000000 ) ) ;
#839 = EDGE_CURVE ( 'NONE', #1917, #1428, #2047, .T. ) ;
#840 = ADVANCED_FACE ( 'NONE', ( #1374 ), #296, .T. ) ;
#841 = CARTESIAN_POINT ( 'NONE',  ( 19.00000000000000000, 254.0000000000000000, -18.00000000000000355 ) ) ;
#842 = EDGE_LOOP ( 'NONE', ( #116, #1682, #2652, #537 ) ) ;
#843 = LINE ( 'NONE', #1278, #1375 ) ;
#844 = DIRECTION ( 'NONE',  ( -0.000000000000000000, 1.000000000000000000, 0.000000000000000000 ) ) ;
#845 = EDGE_LOOP ( 'NONE', ( #1565, #1183 ) ) ;
#846 = VECTOR ( 'NONE', #598, 1000.000000000000000 ) ;
#847 = DIRECTION ( 'NONE',  ( 0.000000000000000000, 0.000000000000000000, 1.000000000000000000 ) ) ;
#848 = VECTOR ( 'NONE', #200, 1000.000000000000000 ) ;
#849 = ORIENTED_EDGE ( 'NONE', *, *, #880, .T. ) ;
#850 = CARTESIAN_POINT ( 'NONE',  ( -7.299999999999998934, 274.6999999999999886, -18.00000000000000355 ) ) ;
#851 = VERTEX_POINT ( 'NONE', #1386 ) ;
#852 = CARTESIAN_POINT ( 'NONE',  ( -22.00000000000000000, 190.0000000000000000, -20.99999999999999645 ) ) ;
#853 = DIRECTION ( 'NONE',  ( 1.000000000000000000, 0.000000000000000000, 0.000000000000000000 ) ) ;
#854 = ORIENTED_EDGE ( 'NONE', *, *, #439, .T. ) ;
#855 = DIRECTION ( 'NONE',  ( -0.000000000000000000, -0.000000000000000000, -1.000000000000000000 ) ) ;
#856 = CARTESIAN_POINT ( 'NONE',  ( -9.799999999999998934, 274.6999999999999886, -12.99999999999999822 ) ) ;
#857 = ADVANCED_FACE ( 'NONE', ( #2676 ), #2465, .F. ) ;
#858 = CIRCLE ( 'NONE', #1786, 2.999999999999999112 ) ;
#859 = EDGE_LOOP ( 'NONE', ( #1701, #2110, #2713, #1789 ) ) ;
#860 = CARTESIAN_POINT ( 'NONE',  ( 19.00000000000000000, 170.0000000000000000, -18.00000000000000355 ) ) ;
#861 = ORIENTED_EDGE ( 'NONE', *, *, #2740, .T. ) ;
#862 = VECTOR ( 'NONE', #1437, 1000.000000000000000 ) ;
#863 = CARTESIAN_POINT ( 'NONE',  ( 16.85000000000000142, 125.7500000000000000, -11.99999999999999822 ) ) ;
#864 = CIRCLE ( 'NONE', #2008, 2.999999999999999112 ) ;
#865 = ORIENTED_EDGE ( 'NONE', *, *, #2797, .F. ) ;
#866 = DIRECTION ( 'NONE',  ( 1.000000000000000000, 0.000000000000000000, 0.000000000000000000 ) ) ;
#867 = VECTOR ( 'NONE', #2536, 1000.000000000000000 ) ;
#868 = DIRECTION ( 'NONE',  ( -0.000000000000000000, -0.000000000000000000, -1.000000000000000000 ) ) ;
#869 = CARTESIAN_POINT ( 'NONE',  ( -19.00000000000000000, 234.0000000000000000, -20.99999999999999645 ) ) ;
#870 = ORIENTED_EDGE ( 'NONE', *, *, #259, .T. ) ;
#871 = LINE ( 'NONE', #1753, #779 ) ;
#872 = APPROVAL ( #1590, 'UNSPECIFIED' ) ;
#873 = CARTESIAN_POINT ( 'NONE',  ( 22.00000000000000000, 0.000000000000000000, -18.00000000000000355 ) ) ;
#874 = EDGE_CURVE ( 'NONE', #2376, #814, #2142, .T. ) ;
#875 = VERTEX_POINT ( 'NONE', #462 ) ;
#876 = EDGE_CURVE ( 'NONE', #807, #377, #909, .T. ) ;
#877 = EDGE_CURVE ( 'NONE', #624, #184, #170, .T. ) ;
#878 = FACE_BOUND ( 'NONE', #1425, .T. ) ;
#879 = EDGE_LOOP ( 'NONE', ( #1910, #861 ) ) ;
#880 = EDGE_CURVE ( 'NONE', #2400, #1994, #2272, .T. ) ;
#881 = CARTESIAN_POINT ( 'NONE',  ( 9.799999999999998934, 294.3000000000000114, -20.99999999999999645 ) ) ;
#882 = ORIENTED_EDGE ( 'NONE', *, *, #1000, .F. ) ;
#883 = DIRECTION ( 'NONE',  ( 0.000000000000000000, 0.000000000000000000, 1.000000000000000000 ) ) ;
#884 = CARTESIAN_POINT ( 'NONE',  ( 15.25000000000000000, 125.7500000000000000, -18.00000000000000000 ) ) ;
#885 = APPLICATION_PROTOCOL_DEFINITION ( 'international standard', 'config_control_design', 1994, #1715 ) ;
#886 = ORIENTED_EDGE ( 'NONE', *, *, #1623, .F. ) ;
#887 = LINE ( 'NONE', #1073, #640 ) ;
#888 = DIRECTION ( 'NONE',  ( 1.000000000000000000, 0.000000000000000000, 0.000000000000000000 ) ) ;
#889 = ORIENTED_EDGE ( 'NONE', *, *, #1996, .F. ) ;
#890 = DIRECTION ( 'NONE',  ( -0.000000000000000000, -0.000000000000000000, 1.000000000000000000 ) ) ;
#891 = EDGE_CURVE ( 'NONE', #1936, #1584, #2708, .T. ) ;
#892 = EDGE_LOOP ( 'NONE', ( #2698, #2526, #2251, #2577 ) ) ;
#893 = FACE_OUTER_BOUND ( 'NONE', #842, .T. ) ;
#894 = CIRCLE ( 'NONE', #529, 2.500000000000000444 ) ;
#895 = VERTEX_POINT ( 'NONE', #799 ) ;
#896 = PLANE ( 'NONE',  #547 ) ;
#897 = ADVANCED_FACE ( 'NONE', ( #558 ), #132, .T. ) ;
#898 = VERTEX_POINT ( 'NONE', #1674 ) ;
#899 = CIRCLE ( 'NONE', #987, 2.999999999999999112 ) ;
#900 = LINE ( 'NONE', #1798, #155 ) ;
#901 = DIRECTION ( 'NONE',  ( 0.000000000000000000, 1.000000000000000000, 0.000000000000000000 ) ) ;
#902 = ORIENTED_EDGE ( 'NONE', *, *, #1473, .T. ) ;
#903 = DIRECTION ( 'NONE',  ( 0.000000000000000000, 0.000000000000000000, 1.000000000000000000 ) ) ;
#904 = DIRECTION ( 'NONE',  ( 1.000000000000000000, 0.000000000000000000, 0.000000000000000000 ) ) ;
#905 = VERTEX_POINT ( 'NONE', #2069 ) ;
#906 = DIRECTION ( 'NONE',  ( 0.000000000000000000, -1.000000000000000000, 0.000000000000000000 ) ) ;
#907 = CIRCLE ( 'NONE', #2677, 2.999999999999999112 ) ;
#908 = VERTEX_POINT ( 'NONE', #1441 ) ;
#909 = CIRCLE ( 'NONE', #819, 2.999999999999999112 ) ;
#910 = CARTESIAN_POINT ( 'NONE',  ( 15.00000000000000000, 262.0000000000000000, -13.99999999999999822 ) ) ;
#911 = LOCAL_TIME ( 17, 50, 23.00000000000000000, #2705 ) ;
#912 = EDGE_LOOP ( 'NONE', ( #670, #1336, #1215, #1728 ) ) ;
#913 = DIRECTION ( 'NONE',  ( 0.000000000000000000, -0.000000000000000000, 1.000000000000000000 ) ) ;
#914 = VECTOR ( 'NONE', #2296, 1000.000000000000000 ) ;
#915 = CARTESIAN_POINT ( 'NONE',  ( -15.00000000000000000, 150.0000000000000000, -18.00000000000000000 ) ) ;
#916 = EDGE_CURVE ( 'NONE', #1511, #2000, #756, .T. ) ;
#917 = CIRCLE ( 'NONE', #1239, 1.100000000000000311 ) ;
#918 = ADVANCED_FACE ( 'NONE', ( #2491, #1429 ), #581, .T. ) ;
#919 = ORIENTED_EDGE ( 'NONE', *, *, #2462, .T. ) ;
#920 = DIRECTION ( 'NONE',  ( -0.000000000000000000, -0.000000000000000000, -1.000000000000000000 ) ) ;
#921 = EDGE_CURVE ( 'NONE', #833, #2646, #2520, .T. ) ;
#922 = LINE ( 'NONE', #1802, #549 ) ;
#923 = ORIENTED_EDGE ( 'NONE', *, *, #2598, .F. ) ;
#924 = DIRECTION ( 'NONE',  ( 0.000000000000000000, -0.000000000000000000, -1.000000000000000000 ) ) ;
#925 = ORIENTED_EDGE ( 'NONE', *, *, #1941, .T. ) ;
#926 = FACE_OUTER_BOUND ( 'NONE', #295, .T. ) ;
#927 = DIRECTION ( 'NONE',  ( 1.000000000000000000, 0.000000000000000000, 0.000000000000000000 ) ) ;
#928 = FACE_BOUND ( 'NONE', #1969, .T. ) ;
#929 = EDGE_CURVE ( 'NONE', #807, #2376, #1455, .T. ) ;
#930 = ORIENTED_EDGE ( 'NONE', *, *, #681, .F. ) ;
#931 = EDGE_CURVE ( 'NONE', #1730, #206, #404, .T. ) ;
#932 = CARTESIAN_POINT ( 'NONE',  ( -22.00000000000000000, 234.0000000000000000, -20.99999999999999645 ) ) ;
#933 = DIRECTION ( 'NONE',  ( 1.000000000000000000, 0.000000000000000000, 0.000000000000000000 ) ) ;
#934 = DIRECTION ( 'NONE',  ( 0.000000000000000000, 1.000000000000000000, 0.000000000000000000 ) ) ;
#935 = EDGE_LOOP ( 'NONE', ( #34, #2699, #2384, #470 ) ) ;
#936 = DIRECTION ( 'NONE',  ( -0.000000000000000000, -0.000000000000000000, -1.000000000000000000 ) ) ;
#937 = FACE_OUTER_BOUND ( 'NONE', #2446, .T. ) ;
#938 = ORIENTED_EDGE ( 'NONE', *, *, #1691, .F. ) ;
#939 = LINE ( 'NONE', #2505, #490 ) ;
#940 = AXIS2_PLACEMENT_3D ( 'NONE', #192, #582, #1874 ) ;
#941 = ORIENTED_EDGE ( 'NONE', *, *, #1740, .T. ) ;
#942 = CARTESIAN_POINT ( 'NONE',  ( -23.00000000000000000, 132.5000000000000000, -20.99999999999999645 ) ) ;
#943 = CARTESIAN_POINT ( 'NONE',  ( -22.00000000000000000, 170.0000000000000000, -20.99999999999999645 ) ) ;
#944 = CARTESIAN_POINT ( 'NONE',  ( -15.25000000000000000, 125.7500000000000000, -11.99999999999999822 ) ) ;
#945 = EDGE_CURVE ( 'NONE', #763, #2283, #2368, .T. ) ;
#946 = EDGE_CURVE ( 'NONE', #2625, #2451, #2328, .T. ) ;
#947 = VERTEX_POINT ( 'NONE', #1219 ) ;
#948 = CARTESIAN_POINT ( 'NONE',  ( 22.00000000000000000, 170.0000000000000000, -18.00000000000000355 ) ) ;
#949 = CARTESIAN_POINT ( 'NONE',  ( -41.00000000000000000, 58.00000000000000000, -21.00000000000000000 ) ) ;
#950 = CIRCLE ( 'NONE', #500, 2.500000000000000444 ) ;
#951 = CARTESIAN_POINT ( 'NONE',  ( -12.25000000000000000, 125.7500000000000000, -11.99999999999999822 ) ) ;
#952 = CALENDAR_DATE ( 2026, 29, 9 ) ;
#953 = VERTEX_POINT ( 'NONE', #527 ) ;
#954 = DIRECTION ( 'NONE',  ( 0.000000000000000000, -1.000000000000000000, 0.000000000000000000 ) ) ;
#955 = AXIS2_PLACEMENT_3D ( 'NONE', #667, #883, #1544 ) ;
#956 = PRODUCT_RELATED_PRODUCT_CATEGORY ( 'detail', '', ( #2104 ) ) ;
#957 = CYLINDRICAL_SURFACE ( 'NONE', #359, 1.100000000000000311 ) ;
#958 = CIRCLE ( 'NONE', #591, 2.500000000000000444 ) ;
#959 = CIRCLE ( 'NONE', #2552, 2.999999999999999112 ) ;
#960 = DIRECTION ( 'NONE',  ( -0.000000000000000000, 1.000000000000000000, 0.000000000000000000 ) ) ;
#961 = EDGE_CURVE ( 'NONE', #1480, #875, #1508, .T. ) ;
#962 = ORIENTED_EDGE ( 'NONE', *, *, #148, .F. ) ;
#963 = EDGE_CURVE ( 'NONE', #2729, #2646, #349, .T. ) ;
#964 = ORIENTED_EDGE ( 'NONE', *, *, #1973, .F. ) ;
#965 = EDGE_CURVE ( 'NONE', #284, #1290, #1247, .T. ) ;
#966 = CARTESIAN_POINT ( 'NONE',  ( 19.00000000000000000, 0.000000000000000000, -18.00000000000000355 ) ) ;
#967 = DIRECTION ( 'NONE',  ( -0.000000000000000000, -1.000000000000000000, -0.000000000000000000 ) ) ;
#968 = EDGE_LOOP ( 'NONE', ( #451, #1156, #432, #2832 ) ) ;
#969 = PLANE ( 'NONE',  #2574 ) ;
#970 = APPROVAL_DATE_TIME ( #2488, #1971 ) ;
#971 = ORIENTED_EDGE ( 'NONE', *, *, #2344, .F. ) ;
#972 = CYLINDRICAL_SURFACE ( 'NONE', #1193, 2.500000000000000444 ) ;
#973 = PLANE ( 'NONE',  #44 ) ;
#974 = DIRECTION ( 'NONE',  ( -0.000000000000000000, -0.000000000000000000, 1.000000000000000000 ) ) ;
#975 = LINE ( 'NONE', #137, #506 ) ;
#976 = EDGE_LOOP ( 'NONE', ( #697, #1596 ) ) ;
#977 = PERSON ( 'UNSPECIFIED', 'UNSPECIFIED', 'UNSPECIFIED', ('UNSPECIFIED'), ('UNSPECIFIED'), ('UNSPECIFIED') ) ;
#978 = ADVANCED_FACE ( 'NONE', ( #2694 ), #972, .T. ) ;
#979 = DIRECTION ( 'NONE',  ( -1.000000000000000000, 0.000000000000000000, 0.000000000000000000 ) ) ;
#980 = CARTESIAN_POINT ( 'NONE',  ( 19.00000000000000000, 0.000000000000000000, -18.00000000000000355 ) ) ;
#981 = ORIENTED_EDGE ( 'NONE', *, *, #766, .T. ) ;
#982 = DIRECTION ( 'NONE',  ( 1.000000000000000000, 0.000000000000000000, 0.000000000000000000 ) ) ;
#983 = VERTEX_POINT ( 'NONE', #308 ) ;
#984 = ADVANCED_FACE ( 'NONE', ( #1192 ), #1846, .F. ) ;
#985 = DIRECTION ( 'NONE',  ( 1.000000000000000000, 0.000000000000000000, 0.000000000000000000 ) ) ;
#986 = VECTOR ( 'NONE', #2784, 1000.000000000000000 ) ;
#987 = AXIS2_PLACEMENT_3D ( 'NONE', #884, #1764, #305 ) ;
#988 = FACE_OUTER_BOUND ( 'NONE', #912, .T. ) ;
#989 = LINE ( 'NONE', #1020, #352 ) ;
#990 = EDGE_LOOP ( 'NONE', ( #2278, #1015, #925, #347 ) ) ;
#991 = VERTEX_POINT ( 'NONE', #1471 ) ;
#992 = DIRECTION ( 'NONE',  ( 0.000000000000000000, 0.000000000000000000, -1.000000000000000000 ) ) ;
#993 = EDGE_CURVE ( 'NONE', #1109, #1671, #1602, .T. ) ;
#994 = FACE_OUTER_BOUND ( 'NONE', #72, .T. ) ;
#995 = ORIENTED_EDGE ( 'NONE', *, *, #2391, .F. ) ;
#996 = CARTESIAN_POINT ( 'NONE',  ( 19.00000000000000000, 170.0000000000000000, -20.99999999999999645 ) ) ;
#997 = ORIENTED_EDGE ( 'NONE', *, *, #264, .T. ) ;
#998 = DIRECTION ( 'NONE',  ( 0.000000000000000000, 0.000000000000000000, 1.000000000000000000 ) ) ;
#999 = VECTOR ( 'NONE', #1461, 1000.000000000000000 ) ;
#1000 = EDGE_CURVE ( 'NONE', #2432, #1779, #313, .T. ) ;
#1001 = EDGE_CURVE ( 'NONE', #666, #1538, #1502, .T. ) ;
#1002 = VECTOR ( 'NONE', #653, 1000.000000000000000 ) ;
#1003 = CARTESIAN_POINT ( 'NONE',  ( 9.799999999999998934, 294.3000000000000114, -12.99999999999999822 ) ) ;
#1004 = AXIS2_PLACEMENT_3D ( 'NONE', #852, #1258, #2573 ) ;
#1005 = EDGE_CURVE ( 'NONE', #288, #1166, #622, .T. ) ;
#1006 = FACE_OUTER_BOUND ( 'NONE', #2314, .T. ) ;
#1007 = AXIS2_PLACEMENT_3D ( 'NONE', #791, #2554, #2496 ) ;
#1008 = DIRECTION ( 'NONE',  ( 0.000000000000000000, 1.000000000000000000, 0.000000000000000000 ) ) ;
#1009 = ORIENTED_EDGE ( 'NONE', *, *, #615, .T. ) ;
#1010 = AXIS2_PLACEMENT_3D ( 'NONE', #195, #2810, #600 ) ;
#1011 = FACE_OUTER_BOUND ( 'NONE', #1981, .T. ) ;
#1012 = CARTESIAN_POINT ( 'NONE',  ( -16.85000000000000142, 125.7500000000000000, -20.99999999999999645 ) ) ;
#1013 = ORIENTED_EDGE ( 'NONE', *, *, #113, .T. ) ;
#1014 = DIRECTION ( 'NONE',  ( 0.000000000000000000, 1.000000000000000000, 0.000000000000000000 ) ) ;
#1015 = ORIENTED_EDGE ( 'NONE', *, *, #1066, .T. ) ;
#1016 = DIRECTION ( 'NONE',  ( -1.000000000000000000, 0.000000000000000000, 0.000000000000000000 ) ) ;
#1017 = DIRECTION ( 'NONE',  ( 0.000000000000000000, 0.000000000000000000, -1.000000000000000000 ) ) ;
#1018 = ADVANCED_FACE ( 'NONE', ( #2352 ), #2367, .F. ) ;
#1019 = DIRECTION ( 'NONE',  ( 0.000000000000000000, 0.000000000000000000, 1.000000000000000000 ) ) ;
#1020 = CARTESIAN_POINT ( 'NONE',  ( -8.699999999999999289, 294.3000000000000114, -20.99999999999999645 ) ) ;
#1021 = DIRECTION ( 'NONE',  ( -0.000000000000000000, -1.000000000000000000, -0.000000000000000000 ) ) ;
#1022 = EDGE_LOOP ( 'NONE', ( #1305, #160, #2037, #2567 ) ) ;
#1023 = DIRECTION ( 'NONE',  ( -0.000000000000000000, -0.000000000000000000, 1.000000000000000000 ) ) ;
#1024 = ORIENTED_EDGE ( 'NONE', *, *, #2015, .T. ) ;
#1025 = CARTESIAN_POINT ( 'NONE',  ( -19.00000000000000000, 254.0000000000000000, -20.99999999999999645 ) ) ;
#1026 = ORIENTED_EDGE ( 'NONE', *, *, #1396, .F. ) ;
#1027 = CARTESIAN_POINT ( 'NONE',  ( -22.00000000000000000, 234.0000000000000000, -18.00000000000000355 ) ) ;
#1028 = DIRECTION ( 'NONE',  ( -0.000000000000000000, -0.000000000000000000, 1.000000000000000000 ) ) ;
#1029 = ORIENTED_EDGE ( 'NONE', *, *, #1604, .F. ) ;
#1030 = CARTESIAN_POINT ( 'NONE',  ( 15.00000000000000000, 260.0000000000000000, -13.99999999999999822 ) ) ;
#1031 = CARTESIAN_POINT ( 'NONE',  ( 23.00000000000000000, 132.5000000000000000, -20.99999999999999645 ) ) ;
#1032 = DIRECTION ( 'NONE',  ( -0.000000000000000000, -0.000000000000000000, 1.000000000000000000 ) ) ;
#1033 = AXIS2_PLACEMENT_3D ( 'NONE', #2380, #433, #3 ) ;
#1034 = ORIENTED_EDGE ( 'NONE', *, *, #203, .F. ) ;
#1035 = DIRECTION ( 'NONE',  ( -0.000000000000000000, -0.000000000000000000, -1.000000000000000000 ) ) ;
#1036 = EDGE_CURVE ( 'NONE', #2745, #2132, #395, .T. ) ;
#1037 = ORIENTED_EDGE ( 'NONE', *, *, #2776, .F. ) ;
#1038 = CARTESIAN_POINT ( 'NONE',  ( -16.85000000000000142, 95.25000000000000000, -11.99999999999999822 ) ) ;
#1039 = EDGE_LOOP ( 'NONE', ( #344, #1390, #1359, #566 ) ) ;
#1040 = CARTESIAN_POINT ( 'NONE',  ( -9.799999999999998934, 274.6999999999999886, -12.99999999999999822 ) ) ;
#1041 = DIRECTION ( 'NONE',  ( -1.000000000000000000, 0.000000000000000000, -0.000000000000000000 ) ) ;
#1042 = ORIENTED_EDGE ( 'NONE', *, *, #2204, .T. ) ;
#1043 = AXIS2_PLACEMENT_3D ( 'NONE', #210, #646, #1297 ) ;
#1044 = DIRECTION ( 'NONE',  ( 1.000000000000000000, 0.000000000000000000, 0.000000000000000000 ) ) ;
#1045 = VECTOR ( 'NONE', #2248, 1000.000000000000000 ) ;
#1046 = AXIS2_PLACEMENT_3D ( 'NONE', #869, #1264, #2650 ) ;
#1047 = LINE ( 'NONE', #2787, #213 ) ;
#1048 = DIRECTION ( 'NONE',  ( -0.000000000000000000, -0.000000000000000000, 1.000000000000000000 ) ) ;
#1049 = ORIENTED_EDGE ( 'NONE', *, *, #1604, .T. ) ;
#1050 = VECTOR ( 'NONE', #2308, 1000.000000000000000 ) ;
#1051 = CARTESIAN_POINT ( 'NONE',  ( 7.500000000000000000, 148.0000000000000000, -20.99999999999999645 ) ) ;
#1052 = ADVANCED_FACE ( 'NONE', ( #828 ), #2795, .T. ) ;
#1053 = EDGE_CURVE ( 'NONE', #2024, #2092, #458, .T. ) ;
#1054 = CIRCLE ( 'NONE', #1792, 1.100000000000000311 ) ;
#1055 = ORIENTED_EDGE ( 'NONE', *, *, #874, .F. ) ;
#1056 = DIRECTION ( 'NONE',  ( -1.000000000000000000, 0.000000000000000000, 0.000000000000000000 ) ) ;
#1057 = VERTEX_POINT ( 'NONE', #2340 ) ;
#1058 = CYLINDRICAL_SURFACE ( 'NONE', #1648, 2.500000000000000444 ) ;
#1059 = LINE ( 'NONE', #350, #2528 ) ;
#1060 = VERTEX_POINT ( 'NONE', #1314 ) ;
#1061 = FACE_OUTER_BOUND ( 'NONE', #2351, .T. ) ;
#1062 = CARTESIAN_POINT ( 'NONE',  ( -41.00000000000000000, 132.5000000000000000, -18.00000000000000355 ) ) ;
#1063 = ORIENTED_EDGE ( 'NONE', *, *, #2797, .T. ) ;
#1064 = DIRECTION ( 'NONE',  ( 0.000000000000000000, 0.000000000000000000, 1.000000000000000000 ) ) ;
#1065 = ORIENTED_EDGE ( 'NONE', *, *, #2476, .T. ) ;
#1066 = EDGE_CURVE ( 'NONE', #1298, #2530, #178, .T. ) ;
#1067 = CYLINDRICAL_SURFACE ( 'NONE', #1176, 1.100000000000000311 ) ;
#1068 = ORIENTED_EDGE ( 'NONE', *, *, #2273, .F. ) ;
#1069 = CARTESIAN_POINT ( 'NONE',  ( -41.00000000000000000, 132.5000000000000000, -18.00000000000000355 ) ) ;
#1070 = DIRECTION ( 'NONE',  ( 1.000000000000000000, 0.000000000000000000, 0.000000000000000000 ) ) ;
#1071 = ADVANCED_FACE ( 'NONE', ( #1274 ), #1058, .T. ) ;
#1072 = ORIENTED_EDGE ( 'NONE', *, *, #1823, .F. ) ;
#1073 = CARTESIAN_POINT ( 'NONE',  ( -19.00000000000000000, 190.0000000000000000, -20.99999999999999645 ) ) ;
#1074 = DIRECTION ( 'NONE',  ( -0.000000000000000000, -0.000000000000000000, 1.000000000000000000 ) ) ;
#1075 = ORIENTED_EDGE ( 'NONE', *, *, #963, .F. ) ;
#1076 = CARTESIAN_POINT ( 'NONE',  ( -15.25000000000000000, 95.25000000000000000, -11.99999999999999822 ) ) ;
#1077 = CIRCLE ( 'NONE', #1540, 1.100000000000000311 ) ;
#1078 = ORIENTED_EDGE ( 'NONE', *, *, #148, .T. ) ;
#1079 = CARTESIAN_POINT ( 'NONE',  ( 15.25000000000000000, 95.25000000000000000, -20.99999999999999645 ) ) ;
#1080 = ORIENTED_EDGE ( 'NONE', *, *, #1419, .F. ) ;
#1081 = FACE_OUTER_BOUND ( 'NONE', #755, .T. ) ;
#1082 = CARTESIAN_POINT ( 'NONE',  ( 15.25000000000000000, 125.7500000000000000, -11.99999999999999822 ) ) ;
#1083 = ORIENTED_EDGE ( 'NONE', *, *, #1546, .F. ) ;
#1084 = DIRECTION ( 'NONE',  ( 1.000000000000000000, 0.000000000000000000, 0.000000000000000000 ) ) ;
#1085 = EDGE_CURVE ( 'NONE', #792, #341, #202, .T. ) ;
#1086 = EDGE_CURVE ( 'NONE', #1837, #1543, #2051, .T. ) ;
#1087 = LINE ( 'NONE', #2608, #2329 ) ;
#1088 = EDGE_CURVE ( 'NONE', #1779, #2432, #2681, .T. ) ;
#1089 = VECTOR ( 'NONE', #326, 1000.000000000000000 ) ;
#1090 = VERTEX_POINT ( 'NONE', #812 ) ;
#1091 = DIRECTION ( 'NONE',  ( -1.000000000000000000, 0.000000000000000000, -0.000000000000000000 ) ) ;
#1092 = AXIS2_PLACEMENT_3D ( 'NONE', #62, #285, #1162 ) ;
#1093 = EDGE_LOOP ( 'NONE', ( #580, #830, #246, #723 ) ) ;
#1094 = VECTOR ( 'NONE', #2091, 1000.000000000000000 ) ;
#1095 = LINE ( 'NONE', #2164, #2035 ) ;
#1096 = CIRCLE ( 'NONE', #222, 2.500000000000000444 ) ;
#1097 = ORIENTED_EDGE ( 'NONE', *, *, #382, .F. ) ;
#1098 = DIRECTION ( 'NONE',  ( -1.000000000000000000, -0.000000000000000000, -0.000000000000000000 ) ) ;
#1099 = VECTOR ( 'NONE', #1550, 1000.000000000000000 ) ;
#1100 = CARTESIAN_POINT ( 'NONE',  ( -12.30000000000000071, 274.6999999999999886, -12.99999999999999822 ) ) ;
#1101 = CARTESIAN_POINT ( 'NONE',  ( -7.500000000000000000, 148.0000000000000000, -20.99999999999999645 ) ) ;
#1102 = VERTEX_POINT ( 'NONE', #2166 ) ;
#1103 = DIRECTION ( 'NONE',  ( 1.000000000000000000, -0.000000000000000000, 0.000000000000000000 ) ) ;
#1104 = ADVANCED_FACE ( 'NONE', ( #1081 ), #2822, .F. ) ;
#1105 = CARTESIAN_POINT ( 'NONE',  ( 15.00000000000000000, 150.0000000000000000, -13.99999999999999822 ) ) ;
#1106 = AXIS2_PLACEMENT_3D ( 'NONE', #2501, #992, #1243 ) ;
#1107 = ORIENTED_EDGE ( 'NONE', *, *, #2358, .T. ) ;
#1108 = FACE_BOUND ( 'NONE', #2744, .T. ) ;
#1109 = VERTEX_POINT ( 'NONE', #2179 ) ;
#1110 = LINE ( 'NONE', #1993, #531 ) ;
#1111 = VERTEX_POINT ( 'NONE', #1027 ) ;
#1112 = DIRECTION ( 'NONE',  ( -0.000000000000000000, -0.000000000000000000, 1.000000000000000000 ) ) ;
#1113 = ORIENTED_EDGE ( 'NONE', *, *, #79, .F. ) ;
#1114 = CARTESIAN_POINT ( 'NONE',  ( -15.25000000000000000, 95.25000000000000000, -11.99999999999999822 ) ) ;
#1115 = CARTESIAN_POINT ( 'NONE',  ( 7.299999999999998934, 294.3000000000000114, -12.99999999999999822 ) ) ;
#1116 = EDGE_LOOP ( 'NONE', ( #2657, #1713, #1832, #1013 ) ) ;
#1117 = FACE_OUTER_BOUND ( 'NONE', #551, .T. ) ;
#1118 = CC_DESIGN_PERSON_AND_ORGANIZATION_ASSIGNMENT ( #1173, #1395, ( #2236 ) ) ;
#1119 = DIRECTION ( 'NONE',  ( -0.000000000000000000, -0.000000000000000000, -1.000000000000000000 ) ) ;
#1120 = EDGE_LOOP ( 'NONE', ( #2559, #1884, #1078, #1913 ) ) ;
#1121 = DIRECTION ( 'NONE',  ( 0.000000000000000000, 0.000000000000000000, 1.000000000000000000 ) ) ;
#1122 = VECTOR ( 'NONE', #2354, 1000.000000000000000 ) ;
#1123 = VERTEX_POINT ( 'NONE', #1900 ) ;
#1124 = EDGE_CURVE ( 'NONE', #2092, #2024, #729, .T. ) ;
#1125 = PLANE ( 'NONE',  #255 ) ;
#1126 = ORIENTED_EDGE ( 'NONE', *, *, #965, .T. ) ;
#1127 = DIRECTION ( 'NONE',  ( -0.000000000000000000, 1.000000000000000000, 0.000000000000000000 ) ) ;
#1128 = EDGE_CURVE ( 'NONE', #905, #152, #1795, .T. ) ;
#1129 = CIRCLE ( 'NONE', #2172, 2.999999999999999112 ) ;
#1130 = DIRECTION ( 'NONE',  ( -0.000000000000000000, -0.000000000000000000, -1.000000000000000000 ) ) ;
#1131 = LINE ( 'NONE', #713, #2412 ) ;
#1132 = ORIENTED_EDGE ( 'NONE', *, *, #463, .F. ) ;
#1133 = CARTESIAN_POINT ( 'NONE',  ( 13.64999999999999858, 95.25000000000000000, -20.99999999999999645 ) ) ;
#1134 = CARTESIAN_POINT ( 'NONE',  ( 15.00000000000000000, 152.0000000000000000, -13.99999999999999822 ) ) ;
#1135 = EDGE_LOOP ( 'NONE', ( #2176, #923, #2155, #2794 ) ) ;
#1136 = PLANE ( 'NONE',  #167 ) ;
#1137 = AXIS2_PLACEMENT_3D ( 'NONE', #287, #1612, #1165 ) ;
#1138 = ORIENTED_EDGE ( 'NONE', *, *, #1288, .T. ) ;
#1139 = ADVANCED_FACE ( 'NONE', ( #1158 ), #698, .F. ) ;
#1140 = AXIS2_PLACEMENT_3D ( 'NONE', #1859, #1833, #2315 ) ;
#1141 = LINE ( 'NONE', #1391, #2691 ) ;
#1142 = ADVANCED_FACE ( 'NONE', ( #2628 ), #5, .F. ) ;
#1143 = EDGE_LOOP ( 'NONE', ( #2801, #1519, #1863, #1820 ) ) ;
#1144 = CARTESIAN_POINT ( 'NONE',  ( 19.00000000000000000, 190.0000000000000000, -20.99999999999999645 ) ) ;
#1145 = AXIS2_PLACEMENT_3D ( 'NONE', #2036, #1392, #1616 ) ;
#1146 = ORIENTED_EDGE ( 'NONE', *, *, #2204, .F. ) ;
#1147 = FACE_BOUND ( 'NONE', #845, .T. ) ;
#1148 = DIRECTION ( 'NONE',  ( -0.000000000000000000, -0.000000000000000000, -1.000000000000000000 ) ) ;
#1149 = CIRCLE ( 'NONE', #1007, 1.100000000000000311 ) ;
#1150 = VERTEX_POINT ( 'NONE', #1995 ) ;
#1151 = CARTESIAN_POINT ( 'NONE',  ( -22.00000000000000000, 170.0000000000000000, -20.99999999999999645 ) ) ;
#1152 = VECTOR ( 'NONE', #2302, 1000.000000000000000 ) ;
#1153 = FACE_OUTER_BOUND ( 'NONE', #51, .T. ) ;
#1154 = VECTOR ( 'NONE', #1572, 1000.000000000000000 ) ;
#1155 = CARTESIAN_POINT ( 'NONE',  ( -22.00000000000000000, 234.0000000000000000, -20.99999999999999645 ) ) ;
#1156 = ORIENTED_EDGE ( 'NONE', *, *, #1262, .F. ) ;
#1157 = CARTESIAN_POINT ( 'NONE',  ( 41.00000000000000000, 318.0000000000000000, -21.00000000000000000 ) ) ;
#1158 = FACE_OUTER_BOUND ( 'NONE', #2046, .T. ) ;
#1159 = DIRECTION ( 'NONE',  ( 0.000000000000000000, 0.000000000000000000, -1.000000000000000000 ) ) ;
#1160 = COORDINATED_UNIVERSAL_TIME_OFFSET ( 12, 0, .AHEAD. ) ;
#1161 = ORIENTED_EDGE ( 'NONE', *, *, #2474, .F. ) ;
#1162 = DIRECTION ( 'NONE',  ( -1.000000000000000000, 0.000000000000000000, 0.000000000000000000 ) ) ;
#1163 = ADVANCED_FACE ( 'NONE', ( #937 ), #471, .F. ) ;
#1164 = CARTESIAN_POINT ( 'NONE',  ( -9.799999999999998934, 274.6999999999999886, -20.99999999999999645 ) ) ;
#1165 = DIRECTION ( 'NONE',  ( 0.000000000000000000, 0.000000000000000000, -1.000000000000000000 ) ) ;
#1166 = VERTEX_POINT ( 'NONE', #1574 ) ;
#1167 = LINE ( 'NONE', #696, #1154 ) ;
#1168 = DIRECTION ( 'NONE',  ( 1.000000000000000000, -0.000000000000000000, 0.000000000000000000 ) ) ;
#1169 = ORIENTED_EDGE ( 'NONE', *, *, #481, .F. ) ;
#1170 = CARTESIAN_POINT ( 'NONE',  ( -41.00000000000000000, 318.0000000000000000, -21.00000000000000000 ) ) ;
#1171 = CIRCLE ( 'NONE', #2263, 1.600000000000000755 ) ;
#1172 = CC_DESIGN_PERSON_AND_ORGANIZATION_ASSIGNMENT ( #306, #2270, ( #2236 ) ) ;
#1173 = PERSON_AND_ORGANIZATION ( #977, #1366 ) ;
#1174 = ORIENTED_EDGE ( 'NONE', *, *, #2561, .T. ) ;
#1175 = DIRECTION ( 'NONE',  ( 0.000000000000000000, -1.000000000000000000, 0.000000000000000000 ) ) ;
#1176 = AXIS2_PLACEMENT_3D ( 'NONE', #881, #2403, #469 ) ;
#1177 = EDGE_CURVE ( 'NONE', #1060, #898, #58, .T. ) ;
#1178 = EDGE_CURVE ( 'NONE', #2322, #330, #1380, .T. ) ;
#1179 = ADVANCED_FACE ( 'NONE', ( #2672 ), #896, .F. ) ;
#1180 = DIRECTION ( 'NONE',  ( 0.000000000000000000, -1.000000000000000000, 0.000000000000000000 ) ) ;
#1181 = DIRECTION ( 'NONE',  ( 0.000000000000000000, 1.000000000000000000, 0.000000000000000000 ) ) ;
#1182 = EDGE_CURVE ( 'NONE', #2778, #1541, #2212, .T. ) ;
#1183 = ORIENTED_EDGE ( 'NONE', *, *, #665, .F. ) ;
#1184 = LINE ( 'NONE', #2022, #657 ) ;
#1185 = VECTOR ( 'NONE', #243, 1000.000000000000000 ) ;
#1186 = DIRECTION ( 'NONE',  ( 0.000000000000000000, 0.000000000000000000, -1.000000000000000000 ) ) ;
#1187 = ORIENTED_EDGE ( 'NONE', *, *, #1401, .T. ) ;
#1188 = AXIS2_PLACEMENT_3D ( 'NONE', #1322, #2162, #1091 ) ;
#1189 = PLANE ( 'NONE',  #806 ) ;
#1190 = PERSON_AND_ORGANIZATION_ROLE ( 'classification_officer' ) ;
#1191 = ORIENTED_EDGE ( 'NONE', *, *, #1973, .T. ) ;
#1192 = FACE_OUTER_BOUND ( 'NONE', #1135, .T. ) ;
#1193 = AXIS2_PLACEMENT_3D ( 'NONE', #743, #1621, #1398 ) ;
#1194 = DIRECTION ( 'NONE',  ( 0.000000000000000000, 1.000000000000000000, 0.000000000000000000 ) ) ;
#1195 = AXIS2_PLACEMENT_3D ( 'NONE', #2622, #1282, #2148 ) ;
#1196 = EDGE_CURVE ( 'NONE', #1722, #201, #407, .T. ) ;
#1197 = CARTESIAN_POINT ( 'NONE',  ( 0.000000000000000000, 132.5000000000000000, -18.00000000000000355 ) ) ;
#1198 = ORIENTED_EDGE ( 'NONE', *, *, #15, .T. ) ;
#1199 = EDGE_LOOP ( 'NONE', ( #647, #1296, #750, #1075 ) ) ;
#1200 = CARTESIAN_POINT ( 'NONE',  ( -13.64999999999999858, 95.25000000000000000, -20.99999999999999645 ) ) ;
#1201 = EDGE_CURVE ( 'NONE', #767, #1166, #2023, .T. ) ;
#1202 = CARTESIAN_POINT ( 'NONE',  ( -41.00000000000000000, 58.00000000000000000, -18.00000000000000355 ) ) ;
#1203 = ORIENTED_EDGE ( 'NONE', *, *, #193, .T. ) ;
#1204 = FACE_BOUND ( 'NONE', #2818, .T. ) ;
#1205 = SHAPE_DEFINITION_REPRESENTATION ( #618, #1771 ) ;
#1206 = ORIENTED_EDGE ( 'NONE', *, *, #946, .T. ) ;
#1207 = CARTESIAN_POINT ( 'NONE',  ( -9.799999999999998934, 274.6999999999999886, -12.99999999999999822 ) ) ;
#1208 = CARTESIAN_POINT ( 'NONE',  ( 0.000000000000000000, 190.0000000000000000, -18.00000000000000355 ) ) ;
#1209 = LINE ( 'NONE', #2291, #999 ) ;
#1210 = LINE ( 'NONE', #106, #731 ) ;
#1211 = EDGE_LOOP ( 'NONE', ( #2158, #654 ) ) ;
#1212 = CARTESIAN_POINT ( 'NONE',  ( 15.00000000000000000, 150.0000000000000000, -13.99999999999999822 ) ) ;
#1213 = PLANE ( 'NONE',  #2500 ) ;
#1214 = EDGE_CURVE ( 'NONE', #509, #1298, #2421, .T. ) ;
#1215 = ORIENTED_EDGE ( 'NONE', *, *, #147, .T. ) ;
#1216 = DIRECTION ( 'NONE',  ( 1.000000000000000000, 0.000000000000000000, 0.000000000000000000 ) ) ;
#1217 = DATE_TIME_ROLE ( 'classification_date' ) ;
#1218 = ORIENTED_EDGE ( 'NONE', *, *, #877, .F. ) ;
#1219 = CARTESIAN_POINT ( 'NONE',  ( 8.699999999999999289, 274.6999999999999886, -20.99999999999999645 ) ) ;
#1220 = ADVANCED_FACE ( 'NONE', ( #1807 ), #1601, .F. ) ;
#1221 = VECTOR ( 'NONE', #217, 1000.000000000000000 ) ;
#1222 = VECTOR ( 'NONE', #321, 1000.000000000000000 ) ;
#1223 = CARTESIAN_POINT ( 'NONE',  ( -41.00000000000000000, 119.5000000000000000, -21.00000000000000000 ) ) ;
#1224 = DIRECTION ( 'NONE',  ( 0.000000000000000000, 0.000000000000000000, 1.000000000000000000 ) ) ;
#1225 = CARTESIAN_POINT ( 'NONE',  ( -41.00000000000000000, 318.0000000000000000, -18.00000000000000355 ) ) ;
#1226 = ORIENTED_EDGE ( 'NONE', *, *, #408, .F. ) ;
#1227 = CARTESIAN_POINT ( 'NONE',  ( 10.90000000000000036, 294.3000000000000114, -20.99999999999999645 ) ) ;
#1228 = FACE_OUTER_BOUND ( 'NONE', #1120, .T. ) ;
#1229 = ORIENTED_EDGE ( 'NONE', *, *, #2168, .F. ) ;
#1230 = ADVANCED_FACE ( 'NONE', ( #2198 ), #248, .F. ) ;
#1231 = EDGE_CURVE ( 'NONE', #1703, #2635, #1368, .T. ) ;
#1232 = LINE ( 'NONE', #2094, #1310 ) ;
#1233 = ORIENTED_EDGE ( 'NONE', *, *, #2101, .T. ) ;
#1234 = DIRECTION ( 'NONE',  ( 0.000000000000000000, -1.000000000000000000, 0.000000000000000000 ) ) ;
#1235 = CIRCLE ( 'NONE', #2630, 2.500000000000000444 ) ;
#1236 = CARTESIAN_POINT ( 'NONE',  ( -15.00000000000000000, 152.0000000000000000, -18.00000000000000000 ) ) ;
#1237 = LINE ( 'NONE', #1030, #1465 ) ;
#1238 = DIRECTION ( 'NONE',  ( 0.000000000000000000, 0.000000000000000000, -1.000000000000000000 ) ) ;
#1239 = AXIS2_PLACEMENT_3D ( 'NONE', #703, #2234, #273 ) ;
#1240 = LINE ( 'NONE', #328, #823 ) ;
#1241 = EDGE_LOOP ( 'NONE', ( #1191, #2268, #820, #1206 ) ) ;
#1242 = VECTOR ( 'NONE', #1711, 1000.000000000000000 ) ;
#1243 = DIRECTION ( 'NONE',  ( -1.000000000000000000, 0.000000000000000000, -0.000000000000000000 ) ) ;
#1244 = EDGE_LOOP ( 'NONE', ( #2464, #1226, #1169, #1766 ) ) ;
#1245 = FACE_OUTER_BOUND ( 'NONE', #1022, .T. ) ;
#1246 = ORIENTED_EDGE ( 'NONE', *, *, #1896, .F. ) ;
#1247 = LINE ( 'NONE', #91, #2235 ) ;
#1248 = DIRECTION ( 'NONE',  ( 1.000000000000000000, 0.000000000000000000, 0.000000000000000000 ) ) ;
#1249 = CARTESIAN_POINT ( 'NONE',  ( -7.500000000000000000, 148.0000000000000000, -18.00000000000000355 ) ) ;
#1250 = EDGE_CURVE ( 'NONE', #673, #284, #263, .T. ) ;
#1251 = PLANE ( 'NONE',  #1955 ) ;
#1252 = DIRECTION ( 'NONE',  ( -0.000000000000000000, -1.000000000000000000, -0.000000000000000000 ) ) ;
#1253 = ORIENTED_EDGE ( 'NONE', *, *, #993, .T. ) ;
#1254 = CARTESIAN_POINT ( 'NONE',  ( -9.799999999999998934, 294.3000000000000114, -18.00000000000000355 ) ) ;
#1255 = EDGE_LOOP ( 'NONE', ( #995, #1161, #2483, #108 ) ) ;
#1256 = DIRECTION ( 'NONE',  ( 0.000000000000000000, -0.000000000000000000, 1.000000000000000000 ) ) ;
#1257 = ORIENTED_EDGE ( 'NONE', *, *, #2678, .F. ) ;
#1258 = DIRECTION ( 'NONE',  ( -0.000000000000000000, 1.000000000000000000, 0.000000000000000000 ) ) ;
#1259 = CARTESIAN_POINT ( 'NONE',  ( -15.00000000000000000, 150.0000000000000000, -13.99999999999999822 ) ) ;
#1260 = ORIENTED_EDGE ( 'NONE', *, *, #403, .T. ) ;
#1261 = CYLINDRICAL_SURFACE ( 'NONE', #1610, 1.600000000000000755 ) ;
#1262 = EDGE_CURVE ( 'NONE', #479, #2163, #710, .T. ) ;
#1263 = EDGE_CURVE ( 'NONE', #206, #201, #498, .T. ) ;
#1264 = DIRECTION ( 'NONE',  ( 1.000000000000000000, -0.000000000000000000, 0.000000000000000000 ) ) ;
#1265 = CIRCLE ( 'NONE', #390, 2.999999999999999112 ) ;
#1266 = EDGE_CURVE ( 'NONE', #2287, #1936, #553, .T. ) ;
#1267 = LINE ( 'NONE', #2072, #42 ) ;
#1268 = AXIS2_PLACEMENT_3D ( 'NONE', #1605, #1371, #2246 ) ;
#1269 = ORIENTED_EDGE ( 'NONE', *, *, #545, .T. ) ;
#1270 = LINE ( 'NONE', #2540, #2817 ) ;
#1271 = VERTEX_POINT ( 'NONE', #1852 ) ;
#1272 = PLANE ( 'NONE',  #1725 ) ;
#1273 = ORIENTED_EDGE ( 'NONE', *, *, #965, .F. ) ;
#1274 = FACE_OUTER_BOUND ( 'NONE', #1523, .T. ) ;
#1275 = LINE ( 'NONE', #610, #2571 ) ;
#1276 = ORIENTED_EDGE ( 'NONE', *, *, #663, .F. ) ;
#1277 = AXIS2_PLACEMENT_3D ( 'NONE', #560, #1224, #2743 ) ;
#1278 = CARTESIAN_POINT ( 'NONE',  ( -15.00000000000000000, 260.0000000000000000, -13.99999999999999822 ) ) ;
#1279 = AXIS2_PLACEMENT_3D ( 'NONE', #1986, #23, #2217 ) ;
#1280 = SECURITY_CLASSIFICATION ( '', '', #765 ) ;
#1281 = EDGE_CURVE ( 'NONE', #1271, #1496, #2281, .T. ) ;
#1282 = DIRECTION ( 'NONE',  ( 0.000000000000000000, 0.000000000000000000, 1.000000000000000000 ) ) ;
#1283 = ORIENTED_EDGE ( 'NONE', *, *, #1124, .F. ) ;
#1284 = AXIS2_PLACEMENT_3D ( 'NONE', #2413, #1074, #166 ) ;
#1285 = DIRECTION ( 'NONE',  ( -0.000000000000000000, -0.000000000000000000, -1.000000000000000000 ) ) ;
#1286 = AXIS2_PLACEMENT_3D ( 'NONE', #1847, #311, #1678 ) ;
#1287 = VERTEX_POINT ( 'NONE', #2717 ) ;
#1288 = EDGE_CURVE ( 'NONE', #1541, #2052, #762, .T. ) ;
#1289 = CARTESIAN_POINT ( 'NONE',  ( -22.00000000000000000, 254.0000000000000000, -20.99999999999999645 ) ) ;
#1290 = VERTEX_POINT ( 'NONE', #522 ) ;
#1291 = CARTESIAN_POINT ( 'NONE',  ( -15.25000000000000000, 125.7500000000000000, -11.99999999999999822 ) ) ;
#1292 = CARTESIAN_POINT ( 'NONE',  ( -12.30000000000000071, 274.6999999999999886, -12.99999999999999822 ) ) ;
#1293 = ORIENTED_EDGE ( 'NONE', *, *, #1598, .F. ) ;
#1294 = CARTESIAN_POINT ( 'NONE',  ( 15.00000000000000000, 260.0000000000000000, -18.00000000000000355 ) ) ;
#1295 = CARTESIAN_POINT ( 'NONE',  ( -10.90000000000000036, 274.6999999999999886, -12.99999999999999822 ) ) ;
#1296 = ORIENTED_EDGE ( 'NONE', *, *, #2757, .F. ) ;
#1297 = DIRECTION ( 'NONE',  ( 1.000000000000000000, 0.000000000000000000, 0.000000000000000000 ) ) ;
#1298 = VERTEX_POINT ( 'NONE', #303 ) ;
#1299 = LINE ( 'NONE', #1542, #1495 ) ;
#1300 = EDGE_CURVE ( 'NONE', #947, #1480, #2471, .T. ) ;
#1301 = ORIENTED_EDGE ( 'NONE', *, *, #2524, .T. ) ;
#1302 = EDGE_CURVE ( 'NONE', #4, #2056, #2689, .T. ) ;
#1303 = DIRECTION ( 'NONE',  ( 1.000000000000000000, 0.000000000000000000, 0.000000000000000000 ) ) ;
#1304 = LINE ( 'NONE', #915, #664 ) ;
#1305 = ORIENTED_EDGE ( 'NONE', *, *, #2015, .F. ) ;
#1306 = LINE ( 'NONE', #2170, #1242 ) ;
#1307 = DIRECTION ( 'NONE',  ( -0.000000000000000000, -0.000000000000000000, -1.000000000000000000 ) ) ;
#1308 = ORIENTED_EDGE ( 'NONE', *, *, #1911, .T. ) ;
#1309 = FACE_BOUND ( 'NONE', #435, .T. ) ;
#1310 = VECTOR ( 'NONE', #2570, 1000.000000000000000 ) ;
#1311 = ORIENTED_EDGE ( 'NONE', *, *, #2044, .F. ) ;
#1312 = CARTESIAN_POINT ( 'NONE',  ( 9.799999999999998934, 274.6999999999999886, -12.99999999999999822 ) ) ;
#1313 = ORIENTED_EDGE ( 'NONE', *, *, #718, .F. ) ;
#1314 = CARTESIAN_POINT ( 'NONE',  ( -10.90000000000000036, 294.3000000000000114, -20.99999999999999645 ) ) ;
#1315 = EDGE_CURVE ( 'NONE', #2153, #2721, #2702, .T. ) ;
#1316 = FACE_OUTER_BOUND ( 'NONE', #2750, .T. ) ;
#1317 = EDGE_LOOP ( 'NONE', ( #1340, #2161, #22, #964 ) ) ;
#1318 = DIRECTION ( 'NONE',  ( 0.000000000000000000, 0.000000000000000000, 1.000000000000000000 ) ) ;
#1319 = CARTESIAN_POINT ( 'NONE',  ( -30.00000000000000000, 132.5000000000000000, -20.99999999999999645 ) ) ;
#1320 = VECTOR ( 'NONE', #1362, 1000.000000000000000 ) ;
#1321 = ORIENTED_EDGE ( 'NONE', *, *, #2723, .T. ) ;
#1322 = CARTESIAN_POINT ( 'NONE',  ( 0.000000000000000000, 0.000000000000000000, -21.00000000000000000 ) ) ;
#1323 = ORIENTED_EDGE ( 'NONE', *, *, #2489, .T. ) ;
#1324 = VECTOR ( 'NONE', #1520, 1000.000000000000000 ) ;
#1325 = DIRECTION ( 'NONE',  ( -1.000000000000000000, 0.000000000000000000, 0.000000000000000000 ) ) ;
#1326 = AXIS2_PLACEMENT_3D ( 'NONE', #2440, #1593, #1835 ) ;
#1327 = VERTEX_POINT ( 'NONE', #749 ) ;
#1328 = CARTESIAN_POINT ( 'NONE',  ( 19.00000000000000000, 170.0000000000000000, -20.99999999999999645 ) ) ;
#1329 = VECTOR ( 'NONE', #2343, 1000.000000000000000 ) ;
#1330 = PLANE ( 'NONE',  #2126 ) ;
#1331 = DIRECTION ( 'NONE',  ( 0.000000000000000000, 1.000000000000000000, 0.000000000000000000 ) ) ;
#1332 = ORIENTED_EDGE ( 'NONE', *, *, #1975, .T. ) ;
#1333 = DIRECTION ( 'NONE',  ( 0.000000000000000000, 0.000000000000000000, -1.000000000000000000 ) ) ;
#1334 = FACE_OUTER_BOUND ( 'NONE', #2420, .T. ) ;
#1335 = ADVANCED_FACE ( 'NONE', ( #795 ), #1213, .F. ) ;
#1336 = ORIENTED_EDGE ( 'NONE', *, *, #348, .F. ) ;
#1337 = CARTESIAN_POINT ( 'NONE',  ( -9.500000000000000000, 144.0000000000000000, -20.99999999999999645 ) ) ;
#1338 = ORIENTED_EDGE ( 'NONE', *, *, #1796, .F. ) ;
#1339 = DIRECTION ( 'NONE',  ( 0.000000000000000000, 0.000000000000000000, 1.000000000000000000 ) ) ;
#1340 = ORIENTED_EDGE ( 'NONE', *, *, #2812, .F. ) ;
#1341 = DIRECTION ( 'NONE',  ( -1.000000000000000000, 0.000000000000000000, 0.000000000000000000 ) ) ;
#1342 = EDGE_LOOP ( 'NONE', ( #234, #1853, #172, #83 ) ) ;
#1343 = DIRECTION ( 'NONE',  ( 0.000000000000000000, 0.000000000000000000, 1.000000000000000000 ) ) ;
#1344 = DIRECTION ( 'NONE',  ( -0.000000000000000000, -0.000000000000000000, 1.000000000000000000 ) ) ;
#1345 = EDGE_LOOP ( 'NONE', ( #2514, #2675 ) ) ;
#1346 = PLANE ( 'NONE',  #1279 ) ;
#1347 = LINE ( 'NONE', #2220, #2373 ) ;
#1348 = ADVANCED_FACE ( 'NONE', ( #110 ), #1865, .F. ) ;
#1349 = ORIENTED_EDGE ( 'NONE', *, *, #2812, .T. ) ;
#1350 = ADVANCED_FACE ( 'NONE', ( #994 ), #97, .F. ) ;
#1351 = CARTESIAN_POINT ( 'NONE',  ( -30.00000000000000000, 119.5000000000000000, -20.99999999999999645 ) ) ;
#1352 = ORIENTED_EDGE ( 'NONE', *, *, #877, .T. ) ;
#1353 = CYLINDRICAL_SURFACE ( 'NONE', #2107, 1.100000000000000311 ) ;
#1354 = VECTOR ( 'NONE', #982, 1000.000000000000000 ) ;
#1355 = ORIENTED_EDGE ( 'NONE', *, *, #2431, .F. ) ;
#1356 = CARTESIAN_POINT ( 'NONE',  ( -30.00000000000000000, 132.5000000000000000, -20.99999999999999645 ) ) ;
#1357 = CARTESIAN_POINT ( 'NONE',  ( -15.25000000000000000, 125.7500000000000000, -11.99999999999999822 ) ) ;
#1358 =( NAMED_UNIT ( * ) PLANE_ANGLE_UNIT ( ) SI_UNIT ( $, .RADIAN. ) );
#1359 = ORIENTED_EDGE ( 'NONE', *, *, #1263, .T. ) ;
#1360 = LINE ( 'NONE', #489, #355 ) ;
#1361 = FACE_OUTER_BOUND ( 'NONE', #1317, .T. ) ;
#1362 = DIRECTION ( 'NONE',  ( -1.000000000000000000, -0.000000000000000000, -0.000000000000000000 ) ) ;
#1363 = AXIS2_PLACEMENT_3D ( 'NONE', #1351, #906, #924 ) ;
#1364 = ORIENTED_EDGE ( 'NONE', *, *, #1053, .F. ) ;
#1365 = CYLINDRICAL_SURFACE ( 'NONE', #1588, 1.100000000000000311 ) ;
#1366 = ORGANIZATION ( 'UNSPECIFIED', 'UNSPECIFIED', '' ) ;
#1367 = CARTESIAN_POINT ( 'NONE',  ( -18.25000000000000000, 125.7500000000000000, -11.99999999999999822 ) ) ;
#1368 = CIRCLE ( 'NONE', #2144, 1.600000000000000755 ) ;
#1369 = EDGE_CURVE ( 'NONE', #2400, #523, #1411, .T. ) ;
#1370 = ORIENTED_EDGE ( 'NONE', *, *, #282, .F. ) ;
#1371 = DIRECTION ( 'NONE',  ( -0.000000000000000000, -0.000000000000000000, 1.000000000000000000 ) ) ;
#1372 = CALENDAR_DATE ( 2026, 29, 9 ) ;
#1373 = ORIENTED_EDGE ( 'NONE', *, *, #459, .T. ) ;
#1374 = FACE_OUTER_BOUND ( 'NONE', #280, .T. ) ;
#1375 = VECTOR ( 'NONE', #1723, 1000.000000000000000 ) ;
#1376 = CARTESIAN_POINT ( 'NONE',  ( 9.799999999999998934, 294.3000000000000114, -12.99999999999999822 ) ) ;
#1377 = PLANE ( 'NONE',  #1137 ) ;
#1378 = EDGE_LOOP ( 'NONE', ( #2533, #708 ) ) ;
#1379 = CARTESIAN_POINT ( 'NONE',  ( -23.00000000000000000, 0.000000000000000000, -18.00000000000000355 ) ) ;
#1380 = LINE ( 'NONE', #512, #2282 ) ;
#1381 = ORIENTED_EDGE ( 'NONE', *, *, #929, .F. ) ;
#1382 = EDGE_CURVE ( 'NONE', #499, #1, #343, .T. ) ;
#1383 = CARTESIAN_POINT ( 'NONE',  ( -12.25000000000000000, 125.7500000000000000, -18.00000000000000000 ) ) ;
#1384 = PERSON_AND_ORGANIZATION ( #977, #1366 ) ;
#1385 = ORIENTED_EDGE ( 'NONE', *, *, #327, .F. ) ;
#1386 = CARTESIAN_POINT ( 'NONE',  ( -15.00000000000000000, 150.0000000000000000, -13.99999999999999822 ) ) ;
#1387 = ADVANCED_FACE ( 'NONE', ( #1228 ), #2529, .F. ) ;
#1388 = DIRECTION ( 'NONE',  ( -0.000000000000000000, -0.000000000000000000, 1.000000000000000000 ) ) ;
#1389 = CARTESIAN_POINT ( 'NONE',  ( 41.00000000000000000, 58.00000000000000000, -18.00000000000000355 ) ) ;
#1390 = ORIENTED_EDGE ( 'NONE', *, *, #2493, .F. ) ;
#1391 = CARTESIAN_POINT ( 'NONE',  ( -12.25000000000000000, 95.25000000000000000, -11.99999999999999822 ) ) ;
#1392 = DIRECTION ( 'NONE',  ( 0.000000000000000000, -1.000000000000000000, 0.000000000000000000 ) ) ;
#1393 = ORIENTED_EDGE ( 'NONE', *, *, #53, .T. ) ;
#1394 = CARTESIAN_POINT ( 'NONE',  ( -15.25000000000000000, 95.25000000000000000, -11.99999999999999822 ) ) ;
#1395 = PERSON_AND_ORGANIZATION_ROLE ( 'design_supplier' ) ;
#1396 = EDGE_CURVE ( 'NONE', #2081, #2169, #576, .T. ) ;
#1397 = VERTEX_POINT ( 'NONE', #2050 ) ;
#1398 = DIRECTION ( 'NONE',  ( -1.000000000000000000, 0.000000000000000000, 0.000000000000000000 ) ) ;
#1399 = VECTOR ( 'NONE', #423, 1000.000000000000000 ) ;
#1400 = LINE ( 'NONE', #2070, #2594 ) ;
#1401 = EDGE_CURVE ( 'NONE', #1448, #2061, #1840, .T. ) ;
#1402 = DIRECTION ( 'NONE',  ( -0.000000000000000000, -0.000000000000000000, -1.000000000000000000 ) ) ;
#1403 = ORIENTED_EDGE ( 'NONE', *, *, #1432, .T. ) ;
#1404 = CARTESIAN_POINT ( 'NONE',  ( -15.00000000000000000, 150.0000000000000000, -18.00000000000000355 ) ) ;
#1405 = AXIS2_PLACEMENT_3D ( 'NONE', #585, #1905, #1238 ) ;
#1406 = DIRECTION ( 'NONE',  ( 1.000000000000000000, 0.000000000000000000, 0.000000000000000000 ) ) ;
#1407 = ORIENTED_EDGE ( 'NONE', *, *, #1182, .T. ) ;
#1408 = AXIS2_PLACEMENT_3D ( 'NONE', #1751, #2131, #2437 ) ;
#1409 = FACE_OUTER_BOUND ( 'NONE', #2468, .T. ) ;
#1410 = APPROVAL_ROLE ( '' ) ;
#1411 = CIRCLE ( 'NONE', #1697, 1.600000000000000755 ) ;
#1412 = VERTEX_POINT ( 'NONE', #949 ) ;
#1413 = DIRECTION ( 'NONE',  ( 1.000000000000000000, 0.000000000000000000, -0.000000000000000000 ) ) ;
#1414 = VECTOR ( 'NONE', #332, 1000.000000000000000 ) ;
#1415 = CARTESIAN_POINT ( 'NONE',  ( -41.00000000000000000, 58.00000000000000000, -21.00000000000000000 ) ) ;
#1416 = AXIS2_PLACEMENT_3D ( 'NONE', #856, #2205, #2030 ) ;
#1417 = LINE ( 'NONE', #1031, #1089 ) ;
#1418 = EDGE_CURVE ( 'NONE', #1666, #1779, #71, .T. ) ;
#1419 = EDGE_CURVE ( 'NONE', #1584, #851, #2253, .T. ) ;
#1420 = DIRECTION ( 'NONE',  ( -0.000000000000000000, -0.000000000000000000, -1.000000000000000000 ) ) ;
#1421 = EDGE_LOOP ( 'NONE', ( #1603, #1902 ) ) ;
#1422 = CARTESIAN_POINT ( 'NONE',  ( 10.90000000000000036, 274.6999999999999886, -20.99999999999999645 ) ) ;
#1423 = EDGE_CURVE ( 'NONE', #2061, #379, #2544, .T. ) ;
#1424 = CARTESIAN_POINT ( 'NONE',  ( -15.00000000000000000, 150.0000000000000000, -18.00000000000000000 ) ) ;
#1425 = EDGE_LOOP ( 'NONE', ( #1689, #782 ) ) ;
#1426 = DIRECTION ( 'NONE',  ( -0.000000000000000000, -0.000000000000000000, 1.000000000000000000 ) ) ;
#1427 = COORDINATED_UNIVERSAL_TIME_OFFSET ( 12, 0, .AHEAD. ) ;
#1428 = VERTEX_POINT ( 'NONE', #1457 ) ;
#1429 = FACE_OUTER_BOUND ( 'NONE', #2821, .T. ) ;
#1430 = CARTESIAN_POINT ( 'NONE',  ( 9.500000000000000000, 144.0000000000000000, -20.99999999999999645 ) ) ;
#1431 = CARTESIAN_POINT ( 'NONE',  ( 15.25000000000000000, 95.25000000000000000, -11.99999999999999822 ) ) ;
#1432 = EDGE_CURVE ( 'NONE', #1743, #895, #2563, .T. ) ;
#1433 = CARTESIAN_POINT ( 'NONE',  ( -23.00000000000000000, 119.5000000000000000, -20.99999999999999645 ) ) ;
#1434 = EDGE_CURVE ( 'NONE', #156, #2311, #2535, .T. ) ;
#1435 = ORIENTED_EDGE ( 'NONE', *, *, #29, .F. ) ;
#1436 = DIRECTION ( 'NONE',  ( -0.000000000000000000, -0.000000000000000000, 1.000000000000000000 ) ) ;
#1437 = DIRECTION ( 'NONE',  ( -0.000000000000000000, -0.000000000000000000, -1.000000000000000000 ) ) ;
#1438 = ORIENTED_EDGE ( 'NONE', *, *, #193, .F. ) ;
#1439 = CARTESIAN_POINT ( 'NONE',  ( -22.00000000000000000, 254.0000000000000000, -20.99999999999999645 ) ) ;
#1440 = ORIENTED_EDGE ( 'NONE', *, *, #1454, .F. ) ;
#1441 = CARTESIAN_POINT ( 'NONE',  ( 12.30000000000000071, 274.6999999999999886, -18.00000000000000355 ) ) ;
#1442 = VECTOR ( 'NONE', #2127, 1000.000000000000000 ) ;
#1443 = LINE ( 'NONE', #1915, #434 ) ;
#1444 = AXIS2_PLACEMENT_3D ( 'NONE', #1079, #1950, #2819 ) ;
#1445 = DIRECTION ( 'NONE',  ( -1.000000000000000000, 0.000000000000000000, 0.000000000000000000 ) ) ;
#1446 = CARTESIAN_POINT ( 'NONE',  ( -19.00000000000000000, 234.0000000000000000, -18.00000000000000355 ) ) ;
#1447 = CARTESIAN_POINT ( 'NONE',  ( -19.00000000000000000, 170.0000000000000000, -21.00000000000000000 ) ) ;
#1448 = VERTEX_POINT ( 'NONE', #2316 ) ;
#1449 = LINE ( 'NONE', #2321, #1528 ) ;
#1450 = ORIENTED_EDGE ( 'NONE', *, *, #112, .F. ) ;
#1451 = DIRECTION ( 'NONE',  ( 1.000000000000000000, 0.000000000000000000, 0.000000000000000000 ) ) ;
#1452 = EDGE_CURVE ( 'NONE', #1629, #2557, #368, .T. ) ;
#1453 = EDGE_LOOP ( 'NONE', ( #1943, #2342, #2404, #2761 ) ) ;
#1454 = EDGE_CURVE ( 'NONE', #1994, #1626, #1171, .T. ) ;
#1455 = LINE ( 'NONE', #2288, #2497 ) ;
#1456 = AXIS2_PLACEMENT_3D ( 'NONE', #2710, #2726, #2769 ) ;
#1457 = CARTESIAN_POINT ( 'NONE',  ( -7.299999999999998934, 294.3000000000000114, -18.00000000000000355 ) ) ;
#1458 = AXIS2_PLACEMENT_3D ( 'NONE', #2534, #2738, #1016 ) ;
#1459 = CARTESIAN_POINT ( 'NONE',  ( -18.25000000000000000, 95.25000000000000000, -11.99999999999999822 ) ) ;
#1460 = VECTOR ( 'NONE', #1628, 1000.000000000000000 ) ;
#1461 = DIRECTION ( 'NONE',  ( -0.000000000000000000, -1.000000000000000000, -0.000000000000000000 ) ) ;
#1462 = AXIS2_PLACEMENT_3D ( 'NONE', #628, #2375, #417 ) ;
#1463 = LINE ( 'NONE', #1225, #274 ) ;
#1464 = EDGE_LOOP ( 'NONE', ( #2239, #260, #1687, #1499 ) ) ;
#1465 = VECTOR ( 'NONE', #1194, 1000.000000000000000 ) ;
#1466 = DIRECTION ( 'NONE',  ( 0.000000000000000000, 0.000000000000000000, 1.000000000000000000 ) ) ;
#1467 = VECTOR ( 'NONE', #2242, 1000.000000000000000 ) ;
#1468 = VERTEX_POINT ( 'NONE', #2330 ) ;
#1469 = LINE ( 'NONE', #2299, #1634 ) ;
#1470 = ORIENTED_EDGE ( 'NONE', *, *, #1684, .F. ) ;
#1471 = CARTESIAN_POINT ( 'NONE',  ( -9.500000000000000000, 148.0000000000000000, -18.00000000000000355 ) ) ;
#1472 = EDGE_CURVE ( 'NONE', #330, #288, #2114, .T. ) ;
#1473 = EDGE_CURVE ( 'NONE', #695, #1150, #1486, .T. ) ;
#1474 = ADVANCED_FACE ( 'NONE', ( #2100 ), #144, .F. ) ;
#1475 = CARTESIAN_POINT ( 'NONE',  ( -41.00000000000000000, 58.00000000000000000, -18.00000000000000355 ) ) ;
#1476 = ORIENTED_EDGE ( 'NONE', *, *, #891, .F. ) ;
#1477 = LINE ( 'NONE', #1536, #1329 ) ;
#1478 = DIRECTION ( 'NONE',  ( -0.000000000000000000, -0.000000000000000000, 1.000000000000000000 ) ) ;
#1479 = DIRECTION ( 'NONE',  ( 0.000000000000000000, 1.000000000000000000, 0.000000000000000000 ) ) ;
#1480 = VERTEX_POINT ( 'NONE', #2369 ) ;
#1481 = CARTESIAN_POINT ( 'NONE',  ( 0.000000000000000000, 234.0000000000000000, -18.00000000000000355 ) ) ;
#1482 = VERTEX_POINT ( 'NONE', #2143 ) ;
#1483 = DIRECTION ( 'NONE',  ( 0.000000000000000000, 0.000000000000000000, 1.000000000000000000 ) ) ;
#1484 = EDGE_LOOP ( 'NONE', ( #1364, #720, #442, #2781 ) ) ;
#1485 = CARTESIAN_POINT ( 'NONE',  ( -9.500000000000000000, 144.0000000000000000, -20.99999999999999645 ) ) ;
#1486 = LINE ( 'NONE', #1503, #846 ) ;
#1487 = EDGE_CURVE ( 'NONE', #767, #2073, #1275, .T. ) ;
#1488 = ORIENTED_EDGE ( 'NONE', *, *, #510, .F. ) ;
#1489 = PLANE ( 'NONE',  #130 ) ;
#1490 = VECTOR ( 'NONE', #1895, 1000.000000000000000 ) ;
#1491 = AXIS2_PLACEMENT_3D ( 'NONE', #684, #6, #1575 ) ;
#1492 = CIRCLE ( 'NONE', #204, 1.100000000000000311 ) ;
#1493 = DIRECTION ( 'NONE',  ( 1.000000000000000000, 0.000000000000000000, -0.000000000000000000 ) ) ;
#1494 = EDGE_CURVE ( 'NONE', #1290, #2136, #2796, .T. ) ;
#1495 = VECTOR ( 'NONE', #1937, 1000.000000000000000 ) ;
#1496 = VERTEX_POINT ( 'NONE', #841 ) ;
#1497 = CARTESIAN_POINT ( 'NONE',  ( 18.25000000000000000, 95.25000000000000000, -18.00000000000000000 ) ) ;
#1498 = AXIS2_PLACEMENT_3D ( 'NONE', #2226, #2470, #96 ) ;
#1499 = ORIENTED_EDGE ( 'NONE', *, *, #2814, .F. ) ;
#1500 = FACE_OUTER_BOUND ( 'NONE', #2706, .T. ) ;
#1501 = ORIENTED_EDGE ( 'NONE', *, *, #2168, .T. ) ;
#1502 = LINE ( 'NONE', #2141, #2095 ) ;
#1503 = CARTESIAN_POINT ( 'NONE',  ( 19.00000000000000000, 170.0000000000000000, -20.99999999999999645 ) ) ;
#1504 = ORIENTED_EDGE ( 'NONE', *, *, #1452, .T. ) ;
#1505 = CIRCLE ( 'NONE', #119, 1.600000000000000755 ) ;
#1506 = DIRECTION ( 'NONE',  ( -0.000000000000000000, -0.000000000000000000, 1.000000000000000000 ) ) ;
#1507 = PRODUCT_DEFINITION ( 'UNKNOWN', '', #2236, #1785 ) ;
#1508 = CIRCLE ( 'NONE', #268, 1.100000000000000311 ) ;
#1509 = DIRECTION ( 'NONE',  ( -1.000000000000000000, 0.000000000000000000, 0.000000000000000000 ) ) ;
#1510 = AXIS2_PLACEMENT_3D ( 'NONE', #1658, #1406, #1186 ) ;
#1511 = VERTEX_POINT ( 'NONE', #381 ) ;
#1512 = EDGE_CURVE ( 'NONE', #388, #666, #2157, .T. ) ;
#1513 = VECTOR ( 'NONE', #1008, 1000.000000000000000 ) ;
#1514 = FACE_OUTER_BOUND ( 'NONE', #2327, .T. ) ;
#1515 = ADVANCED_FACE ( 'NONE', ( #829 ), #2752, .F. ) ;
#1516 = EDGE_LOOP ( 'NONE', ( #2174, #1373, #1791, #1301 ) ) ;
#1517 = EDGE_CURVE ( 'NONE', #32, #335, #1443, .T. ) ;
#1518 = CARTESIAN_POINT ( 'NONE',  ( 9.500000000000000000, 144.0000000000000000, -20.99999999999999645 ) ) ;
#1519 = ORIENTED_EDGE ( 'NONE', *, *, #1418, .T. ) ;
#1520 = DIRECTION ( 'NONE',  ( 1.000000000000000000, 0.000000000000000000, 0.000000000000000000 ) ) ;
#1521 = AXIS2_PLACEMENT_3D ( 'NONE', #57, #497, #2009 ) ;
#1522 = DIRECTION ( 'NONE',  ( 1.000000000000000000, 0.000000000000000000, 0.000000000000000000 ) ) ;
#1523 = EDGE_LOOP ( 'NONE', ( #1569, #168, #742, #1581 ) ) ;
#1524 = DIRECTION ( 'NONE',  ( 0.000000000000000000, 1.000000000000000000, 0.000000000000000000 ) ) ;
#1525 = FACE_BOUND ( 'NONE', #2378, .T. ) ;
#1526 = EDGE_LOOP ( 'NONE', ( #2389, #616 ) ) ;
#1527 = CARTESIAN_POINT ( 'NONE',  ( -9.799999999999998934, 294.3000000000000114, -12.99999999999999822 ) ) ;
#1528 = VECTOR ( 'NONE', #1882, 1000.000000000000000 ) ;
#1529 = EDGE_CURVE ( 'NONE', #1057, #499, #1059, .T. ) ;
#1530 = ORIENTED_EDGE ( 'NONE', *, *, #459, .F. ) ;
#1531 = DIRECTION ( 'NONE',  ( 1.000000000000000000, 0.000000000000000000, 0.000000000000000000 ) ) ;
#1532 = EDGE_LOOP ( 'NONE', ( #2591, #2434, #415, #1591 ) ) ;
#1533 = CARTESIAN_POINT ( 'NONE',  ( -41.00000000000000000, 58.00000000000000000, -18.00000000000000355 ) ) ;
#1534 = DIRECTION ( 'NONE',  ( 1.000000000000000000, 0.000000000000000000, 0.000000000000000000 ) ) ;
#1535 = ORIENTED_EDGE ( 'NONE', *, *, #543, .F. ) ;
#1536 = CARTESIAN_POINT ( 'NONE',  ( -22.00000000000000000, 234.0000000000000000, -20.99999999999999645 ) ) ;
#1537 = FACE_OUTER_BOUND ( 'NONE', #1526, .T. ) ;
#1538 = VERTEX_POINT ( 'NONE', #1708 ) ;
#1539 = FACE_BOUND ( 'NONE', #2337, .T. ) ;
#1540 = AXIS2_PLACEMENT_3D ( 'NONE', #1312, #649, #1531 ) ;
#1541 = VERTEX_POINT ( 'NONE', #1236 ) ;
#1542 = CARTESIAN_POINT ( 'NONE',  ( -7.500000000000000000, 144.0000000000000000, -20.99999999999999645 ) ) ;
#1543 = VERTEX_POINT ( 'NONE', #1693 ) ;
#1544 = DIRECTION ( 'NONE',  ( 1.000000000000000000, 0.000000000000000000, 0.000000000000000000 ) ) ;
#1545 = DIRECTION ( 'NONE',  ( -1.000000000000000000, 0.000000000000000000, 0.000000000000000000 ) ) ;
#1546 = EDGE_CURVE ( 'NONE', #2693, #304, #800, .T. ) ;
#1547 = CARTESIAN_POINT ( 'NONE',  ( 19.00000000000000000, 234.0000000000000000, -20.99999999999999645 ) ) ;
#1548 = EDGE_CURVE ( 'NONE', #851, #2052, #2549, .T. ) ;
#1549 = ORIENTED_EDGE ( 'NONE', *, *, #240, .T. ) ;
#1550 = DIRECTION ( 'NONE',  ( 0.000000000000000000, 0.000000000000000000, 1.000000000000000000 ) ) ;
#1551 = VECTOR ( 'NONE', #934, 1000.000000000000000 ) ;
#1552 = DIRECTION ( 'NONE',  ( -0.000000000000000000, -0.000000000000000000, -1.000000000000000000 ) ) ;
#1553 = ORIENTED_EDGE ( 'NONE', *, *, #2811, .F. ) ;
#1554 = CARTESIAN_POINT ( 'NONE',  ( -12.30000000000000071, 294.3000000000000114, -12.99999999999999822 ) ) ;
#1555 = AXIS2_PLACEMENT_3D ( 'NONE', #1151, #475, #1567 ) ;
#1556 = ORIENTED_EDGE ( 'NONE', *, *, #1635, .F. ) ;
#1557 = VECTOR ( 'NONE', #380, 1000.000000000000000 ) ;
#1558 = CARTESIAN_POINT ( 'NONE',  ( 9.799999999999998934, 274.6999999999999886, -20.99999999999999645 ) ) ;
#1559 = VECTOR ( 'NONE', #2466, 1000.000000000000000 ) ;
#1560 = ORIENTED_EDGE ( 'NONE', *, *, #2441, .F. ) ;
#1561 = CARTESIAN_POINT ( 'NONE',  ( -10.90000000000000036, 294.3000000000000114, -20.99999999999999645 ) ) ;
#1562 = EDGE_LOOP ( 'NONE', ( #1535, #865, #422, #1107 ) ) ;
#1563 = CARTESIAN_POINT ( 'NONE',  ( -15.25000000000000000, 95.25000000000000000, -11.99999999999999822 ) ) ;
#1564 = ADVANCED_FACE ( 'NONE', ( #1721 ), #2575, .F. ) ;
#1565 = ORIENTED_EDGE ( 'NONE', *, *, #1877, .F. ) ;
#1566 = EDGE_CURVE ( 'NONE', #1735, #4, #36, .T. ) ;
#1567 = DIRECTION ( 'NONE',  ( 0.000000000000000000, 0.000000000000000000, 1.000000000000000000 ) ) ;
#1568 = DIRECTION ( 'NONE',  ( -0.000000000000000000, -0.000000000000000000, -1.000000000000000000 ) ) ;
#1569 = ORIENTED_EDGE ( 'NONE', *, *, #310, .F. ) ;
#1570 = CARTESIAN_POINT ( 'NONE',  ( -9.500000000000000000, 148.0000000000000000, -20.99999999999999645 ) ) ;
#1571 = ORIENTED_EDGE ( 'NONE', *, *, #2741, .F. ) ;
#1572 = DIRECTION ( 'NONE',  ( 1.000000000000000000, 0.000000000000000000, 0.000000000000000000 ) ) ;
#1573 = ORIENTED_EDGE ( 'NONE', *, *, #135, .F. ) ;
#1574 = CARTESIAN_POINT ( 'NONE',  ( -41.00000000000000000, 132.5000000000000000, -21.00000000000000000 ) ) ;
#1575 = DIRECTION ( 'NONE',  ( 1.000000000000000000, 0.000000000000000000, 0.000000000000000000 ) ) ;
#1576 = DIRECTION ( 'NONE',  ( 1.000000000000000000, 0.000000000000000000, 0.000000000000000000 ) ) ;
#1577 = ORIENTED_EDGE ( 'NONE', *, *, #496, .T. ) ;
#1578 = CARTESIAN_POINT ( 'NONE',  ( 41.00000000000000000, 132.5000000000000000, -18.00000000000000355 ) ) ;
#1579 = EDGE_CURVE ( 'NONE', #1496, #1123, #900, .T. ) ;
#1580 = DIRECTION ( 'NONE',  ( 0.000000000000000000, -0.000000000000000000, -1.000000000000000000 ) ) ;
#1581 = ORIENTED_EDGE ( 'NONE', *, *, #1452, .F. ) ;
#1582 = FACE_OUTER_BOUND ( 'NONE', #1886, .T. ) ;
#1583 = EDGE_CURVE ( 'NONE', #1837, #1428, #2808, .T. ) ;
#1584 = VERTEX_POINT ( 'NONE', #486 ) ;
#1585 = CARTESIAN_POINT ( 'NONE',  ( -23.00000000000000000, 119.5000000000000000, -21.00000000000000000 ) ) ;
#1586 = AXIS2_PLACEMENT_3D ( 'NONE', #378, #1717, #1451 ) ;
#1587 = CARTESIAN_POINT ( 'NONE',  ( -15.00000000000000000, 262.0000000000000000, -13.99999999999999822 ) ) ;
#1588 = AXIS2_PLACEMENT_3D ( 'NONE', #1615, #1600, #2459 ) ;
#1589 = FACE_BOUND ( 'NONE', #642, .T. ) ;
#1590 = APPROVAL_STATUS ( 'not_yet_approved' ) ;
#1591 = ORIENTED_EDGE ( 'NONE', *, *, #2309, .T. ) ;
#1592 = CARTESIAN_POINT ( 'NONE',  ( -7.500000000000000000, 0.000000000000000000, -18.00000000000000355 ) ) ;
#1593 = DIRECTION ( 'NONE',  ( 0.000000000000000000, 0.000000000000000000, 1.000000000000000000 ) ) ;
#1594 = CARTESIAN_POINT ( 'NONE',  ( -15.25000000000000000, 125.7500000000000000, -20.99999999999999645 ) ) ;
#1595 = AXIS2_PLACEMENT_3D ( 'NONE', #93, #2495, #1679 ) ;
#1596 = ORIENTED_EDGE ( 'NONE', *, *, #450, .F. ) ;
#1597 = ADVANCED_FACE ( 'NONE', ( #250 ), #438, .T. ) ;
#1598 = EDGE_CURVE ( 'NONE', #2052, #1397, #1304, .T. ) ;
#1599 = VECTOR ( 'NONE', #253, 1000.000000000000000 ) ;
#1600 = DIRECTION ( 'NONE',  ( -0.000000000000000000, -0.000000000000000000, 1.000000000000000000 ) ) ;
#1601 = PLANE ( 'NONE',  #635 ) ;
#1602 = CIRCLE ( 'NONE', #1830, 2.500000000000000444 ) ;
#1603 = ORIENTED_EDGE ( 'NONE', *, *, #626, .F. ) ;
#1604 = EDGE_CURVE ( 'NONE', #2040, #2745, #2760, .T. ) ;
#1605 = CARTESIAN_POINT ( 'NONE',  ( 9.799999999999998934, 274.6999999999999886, -20.99999999999999645 ) ) ;
#1606 = APPLICATION_PROTOCOL_DEFINITION ( 'international standard', 'config_control_design', 1994, #2 ) ;
#1607 = CIRCLE ( 'NONE', #1326, 1.600000000000000755 ) ;
#1608 = ORIENTED_EDGE ( 'NONE', *, *, #1315, .T. ) ;
#1609 = CARTESIAN_POINT ( 'NONE',  ( 18.25000000000000000, 95.25000000000000000, -11.99999999999999822 ) ) ;
#1610 = AXIS2_PLACEMENT_3D ( 'NONE', #2565, #2607, #2385 ) ;
#1611 = CARTESIAN_POINT ( 'NONE',  ( 23.00000000000000000, 132.5000000000000000, -18.00000000000000355 ) ) ;
#1612 = DIRECTION ( 'NONE',  ( 1.000000000000000000, 0.000000000000000000, 0.000000000000000000 ) ) ;
#1613 = ORIENTED_EDGE ( 'NONE', *, *, #1724, .T. ) ;
#1614 = ADVANCED_FACE ( 'NONE', ( #1316 ), #2631, .F. ) ;
#1615 = CARTESIAN_POINT ( 'NONE',  ( 9.799999999999998934, 274.6999999999999886, -20.99999999999999645 ) ) ;
#1616 = DIRECTION ( 'NONE',  ( 0.000000000000000000, -0.000000000000000000, -1.000000000000000000 ) ) ;
#1617 = ORIENTED_EDGE ( 'NONE', *, *, #1177, .T. ) ;
#1618 = CARTESIAN_POINT ( 'NONE',  ( 23.00000000000000000, 132.5000000000000000, -20.99999999999999645 ) ) ;
#1619 = CALENDAR_DATE ( 2026, 29, 9 ) ;
#1620 = ORIENTED_EDGE ( 'NONE', *, *, #2776, .T. ) ;
#1621 = DIRECTION ( 'NONE',  ( -0.000000000000000000, -0.000000000000000000, -1.000000000000000000 ) ) ;
#1622 = DIRECTION ( 'NONE',  ( -0.000000000000000000, -0.000000000000000000, 1.000000000000000000 ) ) ;
#1623 = EDGE_CURVE ( 'NONE', #430, #1894, #2307, .T. ) ;
#1624 = PLANE ( 'NONE',  #1692 ) ;
#1625 = ORIENTED_EDGE ( 'NONE', *, *, #827, .F. ) ;
#1626 = VERTEX_POINT ( 'NONE', #2604 ) ;
#1627 = DIRECTION ( 'NONE',  ( 0.000000000000000000, -1.000000000000000000, 0.000000000000000000 ) ) ;
#1628 = DIRECTION ( 'NONE',  ( 0.000000000000000000, 1.000000000000000000, 0.000000000000000000 ) ) ;
#1629 = VERTEX_POINT ( 'NONE', #1100 ) ;
#1630 = DIRECTION ( 'NONE',  ( -1.000000000000000000, 0.000000000000000000, 0.000000000000000000 ) ) ;
#1631 = CALENDAR_DATE ( 2026, 29, 9 ) ;
#1632 = ORIENTED_EDGE ( 'NONE', *, *, #1669, .T. ) ;
#1633 = DIRECTION ( 'NONE',  ( -1.000000000000000000, -0.000000000000000000, -0.000000000000000000 ) ) ;
#1634 = VECTOR ( 'NONE', #1014, 1000.000000000000000 ) ;
#1635 = EDGE_CURVE ( 'NONE', #895, #152, #2649, .T. ) ;
#1636 = LINE ( 'NONE', #92, #595 ) ;
#1637 = EDGE_CURVE ( 'NONE', #908, #2195, #894, .T. ) ;
#1638 = DIRECTION ( 'NONE',  ( 1.000000000000000000, 0.000000000000000000, 0.000000000000000000 ) ) ;
#1639 = CARTESIAN_POINT ( 'NONE',  ( 9.799999999999998934, 294.3000000000000114, -18.00000000000000355 ) ) ;
#1640 = ORIENTED_EDGE ( 'NONE', *, *, #717, .T. ) ;
#1641 = LINE ( 'NONE', #169, #372 ) ;
#1642 = AXIS2_PLACEMENT_3D ( 'NONE', #1772, #1935, #2417 ) ;
#1643 = CARTESIAN_POINT ( 'NONE',  ( 15.00000000000000000, 150.0000000000000000, -13.99999999999999822 ) ) ;
#1644 = ORIENTED_EDGE ( 'NONE', *, *, #2187, .T. ) ;
#1645 = VECTOR ( 'NONE', #2301, 1000.000000000000000 ) ;
#1646 = CC_DESIGN_SECURITY_CLASSIFICATION ( #1280, ( #2236 ) ) ;
#1647 = DIRECTION ( 'NONE',  ( 1.000000000000000000, 0.000000000000000000, -0.000000000000000000 ) ) ;
#1648 = AXIS2_PLACEMENT_3D ( 'NONE', #1040, #2547, #838 ) ;
#1649 = ORIENTED_EDGE ( 'NONE', *, *, #1473, .F. ) ;
#1650 = DIRECTION ( 'NONE',  ( 0.000000000000000000, 0.000000000000000000, 1.000000000000000000 ) ) ;
#1651 = ADVANCED_FACE ( 'NONE', ( #1983, #2229 ), #1330, .T. ) ;
#1652 = EDGE_CURVE ( 'NONE', #1448, #356, #1265, .T. ) ;
#1653 = DIRECTION ( 'NONE',  ( 0.000000000000000000, 0.000000000000000000, 1.000000000000000000 ) ) ;
#1654 = DIRECTION ( 'NONE',  ( 1.000000000000000000, 0.000000000000000000, 0.000000000000000000 ) ) ;
#1655 = CARTESIAN_POINT ( 'NONE',  ( -22.00000000000000000, 254.0000000000000000, -20.99999999999999645 ) ) ;
#1656 = ORIENTED_EDGE ( 'NONE', *, *, #707, .T. ) ;
#1657 = DIRECTION ( 'NONE',  ( -0.000000000000000000, -0.000000000000000000, 1.000000000000000000 ) ) ;
#1658 = CARTESIAN_POINT ( 'NONE',  ( -41.00000000000000000, 58.00000000000000000, -18.00000000000000355 ) ) ;
#1659 = ORIENTED_EDGE ( 'NONE', *, *, #751, .F. ) ;
#1660 = CARTESIAN_POINT ( 'NONE',  ( 9.799999999999998934, 294.3000000000000114, -12.99999999999999822 ) ) ;
#1661 = EDGE_LOOP ( 'NONE', ( #2033, #1132, #1881, #1794 ) ) ;
#1662 = DIRECTION ( 'NONE',  ( -0.000000000000000000, -0.000000000000000000, 1.000000000000000000 ) ) ;
#1663 = DIRECTION ( 'NONE',  ( -0.000000000000000000, -1.000000000000000000, -0.000000000000000000 ) ) ;
#1664 = LINE ( 'NONE', #772, #2506 ) ;
#1665 = CYLINDRICAL_SURFACE ( 'NONE', #2045, 1.100000000000000311 ) ;
#1666 = VERTEX_POINT ( 'NONE', #641 ) ;
#1667 = ORIENTED_EDGE ( 'NONE', *, *, #2814, .T. ) ;
#1668 = CARTESIAN_POINT ( 'NONE',  ( 7.299999999999998934, 274.6999999999999886, -18.00000000000000355 ) ) ;
#1669 = EDGE_CURVE ( 'NONE', #1060, #1090, #2353, .T. ) ;
#1670 = DIRECTION ( 'NONE',  ( 1.000000000000000000, 0.000000000000000000, 0.000000000000000000 ) ) ;
#1671 = VERTEX_POINT ( 'NONE', #1942 ) ;
#1672 = FACE_OUTER_BOUND ( 'NONE', #131, .T. ) ;
#1673 = EDGE_LOOP ( 'NONE', ( #1381, #177, #1667, #997 ) ) ;
#1674 = CARTESIAN_POINT ( 'NONE',  ( -10.90000000000000036, 294.3000000000000114, -12.99999999999999822 ) ) ;
#1675 = VECTOR ( 'NONE', #396, 1000.000000000000000 ) ;
#1676 = CARTESIAN_POINT ( 'NONE',  ( -15.00000000000000000, 260.0000000000000000, -18.00000000000000000 ) ) ;
#1677 = VECTOR ( 'NONE', #2111, 1000.000000000000000 ) ;
#1678 = DIRECTION ( 'NONE',  ( 1.000000000000000000, 0.000000000000000000, 0.000000000000000000 ) ) ;
#1679 = DIRECTION ( 'NONE',  ( 0.000000000000000000, 0.000000000000000000, -1.000000000000000000 ) ) ;
#1680 = APPROVAL ( #754, 'UNSPECIFIED' ) ;
#1681 = CARTESIAN_POINT ( 'NONE',  ( -15.00000000000000000, 150.0000000000000000, -13.99999999999999822 ) ) ;
#1682 = ORIENTED_EDGE ( 'NONE', *, *, #2443, .T. ) ;
#1683 = FACE_OUTER_BOUND ( 'NONE', #1949, .T. ) ;
#1684 = EDGE_CURVE ( 'NONE', #2530, #2693, #1968, .T. ) ;
#1685 = ADVANCED_FACE ( 'NONE', ( #2589 ), #426, .T. ) ;
#1686 = EDGE_CURVE ( 'NONE', #379, #2061, #899, .T. ) ;
#1687 = ORIENTED_EDGE ( 'NONE', *, *, #874, .T. ) ;
#1688 = FACE_OUTER_BOUND ( 'NONE', #1516, .T. ) ;
#1689 = ORIENTED_EDGE ( 'NONE', *, *, #690, .T. ) ;
#1690 = DIRECTION ( 'NONE',  ( 0.000000000000000000, 0.000000000000000000, 1.000000000000000000 ) ) ;
#1691 = EDGE_CURVE ( 'NONE', #1412, #905, #2487, .T. ) ;
#1692 = AXIS2_PLACEMENT_3D ( 'NONE', #1990, #27, #2020 ) ;
#1693 = CARTESIAN_POINT ( 'NONE',  ( -12.30000000000000071, 294.3000000000000114, -12.99999999999999822 ) ) ;
#1694 = VECTOR ( 'NONE', #1333, 1000.000000000000000 ) ;
#1695 = ORIENTED_EDGE ( 'NONE', *, *, #2208, .T. ) ;
#1696 = DIRECTION ( 'NONE',  ( 1.000000000000000000, -0.000000000000000000, 0.000000000000000000 ) ) ;
#1697 = AXIS2_PLACEMENT_3D ( 'NONE', #2732, #2267, #781 ) ;
#1698 = DIRECTION ( 'NONE',  ( 1.000000000000000000, 0.000000000000000000, 0.000000000000000000 ) ) ;
#1699 = VECTOR ( 'NONE', #1388, 1000.000000000000000 ) ;
#1700 = LINE ( 'NONE', #1862, #2503 ) ;
#1701 = ORIENTED_EDGE ( 'NONE', *, *, #738, .F. ) ;
#1702 = LINE ( 'NONE', #2746, #476 ) ;
#1703 = VERTEX_POINT ( 'NONE', #1856 ) ;
#1704 = ADVANCED_FACE ( 'NONE', ( #928, #2038, #2013, #2463, #1808, #1204, #2692, #1147, #711, #2255, #2662, #2067, #513, #100, #1589, #2449, #538 ), #1189, .F. ) ;
#1705 = DIRECTION ( 'NONE',  ( 0.000000000000000000, -0.000000000000000000, -1.000000000000000000 ) ) ;
#1706 = ORIENTED_EDGE ( 'NONE', *, *, #521, .F. ) ;
#1707 = CARTESIAN_POINT ( 'NONE',  ( 19.00000000000000000, 254.0000000000000000, -20.99999999999999645 ) ) ;
#1708 = CARTESIAN_POINT ( 'NONE',  ( 15.00000000000000000, 262.0000000000000000, -18.00000000000000355 ) ) ;
#1709 = ADVANCED_FACE ( 'NONE', ( #2025, #764 ), #2720, .T. ) ;
#1710 = ORIENTED_EDGE ( 'NONE', *, *, #1401, .F. ) ;
#1711 = DIRECTION ( 'NONE',  ( 0.000000000000000000, 1.000000000000000000, 0.000000000000000000 ) ) ;
#1712 = CARTESIAN_POINT ( 'NONE',  ( 15.25000000000000000, 95.25000000000000000, -18.00000000000000000 ) ) ;
#1713 = ORIENTED_EDGE ( 'NONE', *, *, #2182, .F. ) ;
#1714 = CARTESIAN_POINT ( 'NONE',  ( -19.00000000000000000, 170.0000000000000000, -18.00000000000000355 ) ) ;
#1715 = APPLICATION_CONTEXT ( 'configuration controlled 3d designs of mechanical parts and assemblies' ) ;
#1716 = ORIENTED_EDGE ( 'NONE', *, *, #1906, .F. ) ;
#1717 = DIRECTION ( 'NONE',  ( 0.000000000000000000, 0.000000000000000000, 1.000000000000000000 ) ) ;
#1718 = CC_DESIGN_DATE_AND_TIME_ASSIGNMENT ( #2054, #514, ( #1507 ) ) ;
#1719 = EDGE_LOOP ( 'NONE', ( #495, #2319, #2606, #391 ) ) ;
#1720 = DIRECTION ( 'NONE',  ( 1.000000000000000000, 0.000000000000000000, 0.000000000000000000 ) ) ;
#1721 = FACE_OUTER_BOUND ( 'NONE', #197, .T. ) ;
#1722 = VERTEX_POINT ( 'NONE', #1383 ) ;
#1723 = DIRECTION ( 'NONE',  ( -0.000000000000000000, -1.000000000000000000, -0.000000000000000000 ) ) ;
#1724 = EDGE_CURVE ( 'NONE', #2311, #673, #939, .T. ) ;
#1725 = AXIS2_PLACEMENT_3D ( 'NONE', #2543, #2138, #1925 ) ;
#1726 = PLANE ( 'NONE',  #1462 ) ;
#1727 = ADVANCED_FACE ( 'NONE', ( #555 ), #501, .F. ) ;
#1728 = ORIENTED_EDGE ( 'NONE', *, *, #1000, .T. ) ;
#1729 = FACE_OUTER_BOUND ( 'NONE', #879, .T. ) ;
#1730 = VERTEX_POINT ( 'NONE', #951 ) ;
#1731 = DIRECTION ( 'NONE',  ( 1.000000000000000000, 0.000000000000000000, 0.000000000000000000 ) ) ;
#1732 = ORIENTED_EDGE ( 'NONE', *, *, #1740, .F. ) ;
#1733 = CARTESIAN_POINT ( 'NONE',  ( 7.299999999999998934, 294.3000000000000114, -12.99999999999999822 ) ) ;
#1734 = DIRECTION ( 'NONE',  ( -0.000000000000000000, -0.000000000000000000, 1.000000000000000000 ) ) ;
#1735 = VERTEX_POINT ( 'NONE', #724 ) ;
#1736 = AXIS2_PLACEMENT_3D ( 'NONE', #1254, #1436, #2121 ) ;
#1737 = LINE ( 'NONE', #2592, #2103 ) ;
#1738 = EDGE_CURVE ( 'NONE', #227, #624, #292, .T. ) ;
#1739 = APPROVAL_PERSON_ORGANIZATION ( #539, #1971, #2477 ) ;
#1740 = EDGE_CURVE ( 'NONE', #2169, #2623, #2475, .T. ) ;
#1741 = PLANE ( 'NONE',  #2828 ) ;
#1742 = AXIS2_PLACEMENT_3D ( 'NONE', #1533, #866, #2393 ) ;
#1743 = VERTEX_POINT ( 'NONE', #740 ) ;
#1744 = FACE_BOUND ( 'NONE', #1845, .T. ) ;
#1745 = CIRCLE ( 'NONE', #1876, 2.500000000000000444 ) ;
#1746 = ORIENTED_EDGE ( 'NONE', *, *, #1814, .T. ) ;
#1747 = CYLINDRICAL_SURFACE ( 'NONE', #1444, 1.600000000000000755 ) ;
#1748 = ORIENTED_EDGE ( 'NONE', *, *, #2741, .T. ) ;
#1749 = DIRECTION ( 'NONE',  ( 1.000000000000000000, 0.000000000000000000, 0.000000000000000000 ) ) ;
#1750 = CARTESIAN_POINT ( 'NONE',  ( -7.299999999999998934, 294.3000000000000114, -12.99999999999999822 ) ) ;
#1751 = CARTESIAN_POINT ( 'NONE',  ( 9.799999999999998934, 294.3000000000000114, -20.99999999999999645 ) ) ;
#1752 = VERTEX_POINT ( 'NONE', #59 ) ;
#1753 = CARTESIAN_POINT ( 'NONE',  ( -16.85000000000000142, 95.25000000000000000, -20.99999999999999645 ) ) ;
#1754 = CARTESIAN_POINT ( 'NONE',  ( 9.799999999999998934, 294.3000000000000114, -18.00000000000000355 ) ) ;
#1755 = ORIENTED_EDGE ( 'NONE', *, *, #1178, .F. ) ;
#1756 = FACE_BOUND ( 'NONE', #557, .T. ) ;
#1757 = VECTOR ( 'NONE', #2294, 1000.000000000000000 ) ;
#1758 = ORIENTED_EDGE ( 'NONE', *, *, #329, .T. ) ;
#1759 = ADVANCED_FACE ( 'NONE', ( #88 ), #969, .F. ) ;
#1760 = ADVANCED_FACE ( 'NONE', ( #1409 ), #266, .T. ) ;
#1761 = FACE_OUTER_BOUND ( 'NONE', #56, .T. ) ;
#1762 = ORIENTED_EDGE ( 'NONE', *, *, #1066, .F. ) ;
#1763 = CARTESIAN_POINT ( 'NONE',  ( 41.00000000000000000, 58.00000000000000000, -21.00000000000000000 ) ) ;
#1764 = DIRECTION ( 'NONE',  ( 0.000000000000000000, 0.000000000000000000, 1.000000000000000000 ) ) ;
#1765 = DIRECTION ( 'NONE',  ( 0.000000000000000000, 0.000000000000000000, 1.000000000000000000 ) ) ;
#1766 = ORIENTED_EDGE ( 'NONE', *, *, #2182, .T. ) ;
#1767 = DIRECTION ( 'NONE',  ( -0.000000000000000000, -0.000000000000000000, 1.000000000000000000 ) ) ;
#1768 = DIRECTION ( 'NONE',  ( 0.000000000000000000, 0.000000000000000000, 1.000000000000000000 ) ) ;
#1769 = ORIENTED_EDGE ( 'NONE', *, *, #14, .T. ) ;
#1770 = VECTOR ( 'NONE', #699, 1000.000000000000000 ) ;
#1771 = ADVANCED_BREP_SHAPE_REPRESENTATION ( 'Avionics Tray', ( #683, #633 ), #270 ) ;
#1772 = CARTESIAN_POINT ( 'NONE',  ( 15.25000000000000000, 125.7500000000000000, -11.99999999999999822 ) ) ;
#1773 = AXIS2_PLACEMENT_3D ( 'NONE', #1869, #783, #1912 ) ;
#1774 = ORIENTED_EDGE ( 'NONE', *, *, #804, .F. ) ;
#1775 = EDGE_CURVE ( 'NONE', #2195, #908, #2444, .T. ) ;
#1776 = CARTESIAN_POINT ( 'NONE',  ( 0.000000000000000000, 119.5000000000000000, -18.00000000000000355 ) ) ;
#1777 = EDGE_CURVE ( 'NONE', #1482, #2729, #2325, .T. ) ;
#1778 = ADVANCED_FACE ( 'NONE', ( #2793 ), #2078, .T. ) ;
#1779 = VERTEX_POINT ( 'NONE', #2123 ) ;
#1780 = DIRECTION ( 'NONE',  ( -0.000000000000000000, -0.000000000000000000, 1.000000000000000000 ) ) ;
#1781 = CARTESIAN_POINT ( 'NONE',  ( 7.500000000000000000, 148.0000000000000000, -20.99999999999999645 ) ) ;
#1782 =( NAMED_UNIT ( * ) SI_UNIT ( $, .STERADIAN. ) SOLID_ANGLE_UNIT ( ) );
#1783 = ORIENTED_EDGE ( 'NONE', *, *, #1724, .F. ) ;
#1784 = CARTESIAN_POINT ( 'NONE',  ( -22.00000000000000000, 234.0000000000000000, -20.99999999999999645 ) ) ;
#1785 = DESIGN_CONTEXT ( 'detailed design', #2, 'design' ) ;
#1786 = AXIS2_PLACEMENT_3D ( 'NONE', #1076, #847, #2582 ) ;
#1787 = DIRECTION ( 'NONE',  ( 0.000000000000000000, 0.000000000000000000, 1.000000000000000000 ) ) ;
#1788 = LOCAL_TIME ( 17, 50, 23.00000000000000000, #1427 ) ;
#1789 = ORIENTED_EDGE ( 'NONE', *, *, #717, .F. ) ;
#1790 = FACE_OUTER_BOUND ( 'NONE', #1661, .T. ) ;
#1791 = ORIENTED_EDGE ( 'NONE', *, *, #707, .F. ) ;
#1792 = AXIS2_PLACEMENT_3D ( 'NONE', #1376, #1787, #2249 ) ;
#1793 = DIRECTION ( 'NONE',  ( -1.000000000000000000, 0.000000000000000000, 0.000000000000000000 ) ) ;
#1794 = ORIENTED_EDGE ( 'NONE', *, *, #1940, .F. ) ;
#1795 = LINE ( 'NONE', #1763, #2370 ) ;
#1796 = EDGE_CURVE ( 'NONE', #2283, #763, #254, .T. ) ;
#1797 = ORIENTED_EDGE ( 'NONE', *, *, #15, .F. ) ;
#1798 = CARTESIAN_POINT ( 'NONE',  ( 0.000000000000000000, 254.0000000000000000, -18.00000000000000355 ) ) ;
#1799 = ORIENTED_EDGE ( 'NONE', *, *, #2135, .F. ) ;
#1800 = CARTESIAN_POINT ( 'NONE',  ( -19.00000000000000000, 234.0000000000000000, -21.00000000000000000 ) ) ;
#1801 = ADVANCED_FACE ( 'NONE', ( #2735 ), #114, .F. ) ;
#1802 = CARTESIAN_POINT ( 'NONE',  ( 15.00000000000000000, 262.0000000000000000, -13.99999999999999822 ) ) ;
#1803 = EDGE_LOOP ( 'NONE', ( #2550, #837 ) ) ;
#1804 = DIRECTION ( 'NONE',  ( 0.000000000000000000, 0.000000000000000000, 1.000000000000000000 ) ) ;
#1805 = ORIENTED_EDGE ( 'NONE', *, *, #1738, .T. ) ;
#1806 = CARTESIAN_POINT ( 'NONE',  ( 9.799999999999998934, 294.3000000000000114, -20.99999999999999645 ) ) ;
#1807 = FACE_OUTER_BOUND ( 'NONE', #1342, .T. ) ;
#1808 = FACE_BOUND ( 'NONE', #692, .T. ) ;
#1809 = ORIENTED_EDGE ( 'NONE', *, *, #1823, .T. ) ;
#1810 = FACE_OUTER_BOUND ( 'NONE', #968, .T. ) ;
#1811 = CARTESIAN_POINT ( 'NONE',  ( -15.25000000000000000, 95.25000000000000000, -20.99999999999999645 ) ) ;
#1812 = ADVANCED_FACE ( 'NONE', ( #2749 ), #579, .T. ) ;
#1813 = FACE_OUTER_BOUND ( 'NONE', #163, .T. ) ;
#1814 = EDGE_CURVE ( 'NONE', #1397, #2778, #1469, .T. ) ;
#1815 = VERTEX_POINT ( 'NONE', #1038 ) ;
#1816 = LINE ( 'NONE', #85, #2261 ) ;
#1817 = CIRCLE ( 'NONE', #1773, 2.500000000000000444 ) ;
#1818 = DIRECTION ( 'NONE',  ( -1.000000000000000000, -0.000000000000000000, -0.000000000000000000 ) ) ;
#1819 = DIRECTION ( 'NONE',  ( 0.000000000000000000, -0.000000000000000000, 1.000000000000000000 ) ) ;
#1820 = ORIENTED_EDGE ( 'NONE', *, *, #147, .F. ) ;
#1821 = CARTESIAN_POINT ( 'NONE',  ( -41.00000000000000000, 119.5000000000000000, -18.00000000000000355 ) ) ;
#1822 = CARTESIAN_POINT ( 'NONE',  ( 18.25000000000000000, 125.7500000000000000, -11.99999999999999822 ) ) ;
#1823 = EDGE_CURVE ( 'NONE', #1671, #1109, #2807, .T. ) ;
#1824 = DIRECTION ( 'NONE',  ( 0.000000000000000000, 0.000000000000000000, 1.000000000000000000 ) ) ;
#1825 = VECTOR ( 'NONE', #2193, 1000.000000000000000 ) ;
#1826 = VERTEX_POINT ( 'NONE', #361 ) ;
#1827 = LINE ( 'NONE', #289, #693 ) ;
#1828 = LOCAL_TIME ( 17, 50, 23.00000000000000000, #741 ) ;
#1829 = DIRECTION ( 'NONE',  ( 0.000000000000000000, -0.000000000000000000, 1.000000000000000000 ) ) ;
#1830 = AXIS2_PLACEMENT_3D ( 'NONE', #1928, #161, #1720 ) ;
#1831 = DIRECTION ( 'NONE',  ( -1.000000000000000000, 0.000000000000000000, -0.000000000000000000 ) ) ;
#1832 = ORIENTED_EDGE ( 'NONE', *, *, #2259, .F. ) ;
#1833 = DIRECTION ( 'NONE',  ( 0.000000000000000000, 0.000000000000000000, 1.000000000000000000 ) ) ;
#1834 = VECTOR ( 'NONE', #351, 1000.000000000000000 ) ;
#1835 = DIRECTION ( 'NONE',  ( 1.000000000000000000, 0.000000000000000000, 0.000000000000000000 ) ) ;
#1836 = DIRECTION ( 'NONE',  ( 0.000000000000000000, -0.000000000000000000, 1.000000000000000000 ) ) ;
#1837 = VERTEX_POINT ( 'NONE', #2558 ) ;
#1838 = EDGE_LOOP ( 'NONE', ( #2809, #2007, #981, #75 ) ) ;
#1839 = DIRECTION ( 'NONE',  ( -0.000000000000000000, -0.000000000000000000, 1.000000000000000000 ) ) ;
#1840 = LINE ( 'NONE', #126, #272 ) ;
#1841 = ADVANCED_FACE ( 'NONE', ( #1245 ), #1885, .F. ) ;
#1842 = ORIENTED_EDGE ( 'NONE', *, *, #1669, .F. ) ;
#1843 = DIRECTION ( 'NONE',  ( -0.000000000000000000, -0.000000000000000000, -1.000000000000000000 ) ) ;
#1844 = DATE_AND_TIME ( #74, #2588 ) ;
#1845 = EDGE_LOOP ( 'NONE', ( #87, #902, #1323, #2063 ) ) ;
#1846 = PLANE ( 'NONE',  #1004 ) ;
#1847 = CARTESIAN_POINT ( 'NONE',  ( 15.25000000000000000, 125.7500000000000000, -20.99999999999999645 ) ) ;
#1848 = DIRECTION ( 'NONE',  ( 1.000000000000000000, 0.000000000000000000, 0.000000000000000000 ) ) ;
#1849 = LINE ( 'NONE', #586, #2458 ) ;
#1850 = ORIENTED_EDGE ( 'NONE', *, *, #1686, .F. ) ;
#1851 = DIRECTION ( 'NONE',  ( -0.000000000000000000, -0.000000000000000000, 1.000000000000000000 ) ) ;
#1852 = CARTESIAN_POINT ( 'NONE',  ( 19.00000000000000000, 234.0000000000000000, -18.00000000000000355 ) ) ;
#1853 = ORIENTED_EDGE ( 'NONE', *, *, #31, .F. ) ;
#1854 = ADVANCED_FACE ( 'NONE', ( #1672 ), #2531, .F. ) ;
#1855 = EDGE_CURVE ( 'NONE', #1730, #1722, #836, .T. ) ;
#1856 = CARTESIAN_POINT ( 'NONE',  ( 16.85000000000000142, 95.25000000000000000, -11.99999999999999822 ) ) ;
#1857 = VECTOR ( 'NONE', #1965, 1000.000000000000000 ) ;
#1858 = ORIENTED_EDGE ( 'NONE', *, *, #282, .T. ) ;
#1859 = CARTESIAN_POINT ( 'NONE',  ( 15.25000000000000000, 95.25000000000000000, -20.99999999999999645 ) ) ;
#1860 = CARTESIAN_POINT ( 'NONE',  ( -15.25000000000000000, 95.25000000000000000, -11.99999999999999822 ) ) ;
#1861 = DIRECTION ( 'NONE',  ( -0.000000000000000000, -0.000000000000000000, 1.000000000000000000 ) ) ;
#1862 = CARTESIAN_POINT ( 'NONE',  ( -13.64999999999999858, 95.25000000000000000, -20.99999999999999645 ) ) ;
#1863 = ORIENTED_EDGE ( 'NONE', *, *, #1088, .T. ) ;
#1864 = CARTESIAN_POINT ( 'NONE',  ( -41.00000000000000000, 318.0000000000000000, -18.00000000000000355 ) ) ;
#1865 = PLANE ( 'NONE',  #2638 ) ;
#1866 = ORIENTED_EDGE ( 'NONE', *, *, #2358, .F. ) ;
#1867 = VECTOR ( 'NONE', #1234, 1000.000000000000000 ) ;
#1868 = VECTOR ( 'NONE', #2014, 1000.000000000000000 ) ;
#1869 = CARTESIAN_POINT ( 'NONE',  ( -9.799999999999998934, 274.6999999999999886, -18.00000000000000355 ) ) ;
#1870 = AXIS2_PLACEMENT_3D ( 'NONE', #2647, #452, #2661 ) ;
#1871 = EDGE_LOOP ( 'NONE', ( #1113, #199 ) ) ;
#1872 = DIRECTION ( 'NONE',  ( 1.000000000000000000, 0.000000000000000000, 0.000000000000000000 ) ) ;
#1873 = AXIS2_PLACEMENT_3D ( 'NONE', #2086, #573, #2292 ) ;
#1874 = DIRECTION ( 'NONE',  ( 0.000000000000000000, -0.000000000000000000, 1.000000000000000000 ) ) ;
#1875 = FACE_OUTER_BOUND ( 'NONE', #835, .T. ) ;
#1876 = AXIS2_PLACEMENT_3D ( 'NONE', #182, #1506, #2130 ) ;
#1877 = EDGE_CURVE ( 'NONE', #2557, #2000, #1817, .T. ) ;
#1878 = ADVANCED_FACE ( 'NONE', ( #1688 ), #1272, .F. ) ;
#1879 = FACE_OUTER_BOUND ( 'NONE', #2021, .T. ) ;
#1880 = ORIENTED_EDGE ( 'NONE', *, *, #1941, .F. ) ;
#1881 = ORIENTED_EDGE ( 'NONE', *, *, #607, .T. ) ;
#1882 = DIRECTION ( 'NONE',  ( 1.000000000000000000, 0.000000000000000000, 0.000000000000000000 ) ) ;
#1883 = DIRECTION ( 'NONE',  ( -0.000000000000000000, -0.000000000000000000, 1.000000000000000000 ) ) ;
#1884 = ORIENTED_EDGE ( 'NONE', *, *, #1472, .F. ) ;
#1885 = PLANE ( 'NONE',  #67 ) ;
#1886 = EDGE_LOOP ( 'NONE', ( #1470, #1762, #502, #1083 ) ) ;
#1887 = CARTESIAN_POINT ( 'NONE',  ( -7.299999999999998934, 274.6999999999999886, -12.99999999999999822 ) ) ;
#1888 = CARTESIAN_POINT ( 'NONE',  ( 15.25000000000000000, 125.7500000000000000, -11.99999999999999822 ) ) ;
#1889 = CARTESIAN_POINT ( 'NONE',  ( 10.90000000000000036, 294.3000000000000114, -20.99999999999999645 ) ) ;
#1890 = EDGE_CURVE ( 'NONE', #991, #488, #2762, .T. ) ;
#1891 = FACE_OUTER_BOUND ( 'NONE', #1143, .T. ) ;
#1892 = EDGE_CURVE ( 'NONE', #269, #983, #1232, .T. ) ;
#1893 = LINE ( 'NONE', #818, #410 ) ;
#1894 = VERTEX_POINT ( 'NONE', #141 ) ;
#1895 = DIRECTION ( 'NONE',  ( -0.000000000000000000, -0.000000000000000000, 1.000000000000000000 ) ) ;
#1896 = EDGE_CURVE ( 'NONE', #1111, #335, #620, .T. ) ;
#1897 = ORIENTED_EDGE ( 'NONE', *, *, #963, .T. ) ;
#1898 = DIRECTION ( 'NONE',  ( 0.000000000000000000, -1.000000000000000000, 0.000000000000000000 ) ) ;
#1899 = ORIENTED_EDGE ( 'NONE', *, *, #98, .T. ) ;
#1900 = CARTESIAN_POINT ( 'NONE',  ( 22.00000000000000000, 254.0000000000000000, -18.00000000000000355 ) ) ;
#1901 = CARTESIAN_POINT ( 'NONE',  ( 0.000000000000000000, 144.0000000000000000, -18.00000000000000355 ) ) ;
#1902 = ORIENTED_EDGE ( 'NONE', *, *, #1959, .F. ) ;
#1903 = AXIS2_PLACEMENT_3D ( 'NONE', #996, #2518, #1705 ) ;
#1904 = LINE ( 'NONE', #2102, #413 ) ;
#1905 = DIRECTION ( 'NONE',  ( 1.000000000000000000, -0.000000000000000000, 0.000000000000000000 ) ) ;
#1906 = EDGE_CURVE ( 'NONE', #1538, #2163, #594, .T. ) ;
#1907 = CARTESIAN_POINT ( 'NONE',  ( 22.00000000000000000, 190.0000000000000000, -18.00000000000000355 ) ) ;
#1908 = ORIENTED_EDGE ( 'NONE', *, *, #2811, .T. ) ;
#1909 = CARTESIAN_POINT ( 'NONE',  ( 23.00000000000000000, 119.5000000000000000, -20.99999999999999645 ) ) ;
#1910 = ORIENTED_EDGE ( 'NONE', *, *, #1652, .T. ) ;
#1911 = EDGE_CURVE ( 'NONE', #2149, #1468, #2626, .T. ) ;
#1912 = DIRECTION ( 'NONE',  ( -1.000000000000000000, 0.000000000000000000, 0.000000000000000000 ) ) ;
#1913 = ORIENTED_EDGE ( 'NONE', *, *, #663, .T. ) ;
#1914 = DIRECTION ( 'NONE',  ( 0.000000000000000000, 1.000000000000000000, 0.000000000000000000 ) ) ;
#1915 = CARTESIAN_POINT ( 'NONE',  ( -22.00000000000000000, 254.0000000000000000, -20.99999999999999645 ) ) ;
#1916 = AXIS2_PLACEMENT_3D ( 'NONE', #76, #2619, #671 ) ;
#1917 = VERTEX_POINT ( 'NONE', #188 ) ;
#1918 = CARTESIAN_POINT ( 'NONE',  ( -9.799999999999998934, 274.6999999999999886, -20.99999999999999645 ) ) ;
#1919 =( LENGTH_UNIT ( ) NAMED_UNIT ( * ) SI_UNIT ( .MILLI., .METRE. ) );
#1920 = VECTOR ( 'NONE', #2831, 1000.000000000000000 ) ;
#1921 = DIRECTION ( 'NONE',  ( 0.000000000000000000, 0.000000000000000000, 1.000000000000000000 ) ) ;
#1922 = ORIENTED_EDGE ( 'NONE', *, *, #1423, .T. ) ;
#1923 = LINE ( 'NONE', #2790, #584 ) ;
#1924 = ORIENTED_EDGE ( 'NONE', *, *, #1182, .F. ) ;
#1925 = DIRECTION ( 'NONE',  ( 0.000000000000000000, 0.000000000000000000, 1.000000000000000000 ) ) ;
#1926 = EDGE_LOOP ( 'NONE', ( #363, #676, #2028, #2387 ) ) ;
#1927 = EDGE_CURVE ( 'NONE', #288, #2073, #1110, .T. ) ;
#1928 = CARTESIAN_POINT ( 'NONE',  ( 9.799999999999998934, 274.6999999999999886, -12.99999999999999822 ) ) ;
#1929 = CARTESIAN_POINT ( 'NONE',  ( 7.500000000000000000, 148.0000000000000000, -20.99999999999999645 ) ) ;
#1930 = EDGE_CURVE ( 'NONE', #201, #1722, #2356, .T. ) ;
#1931 = ORIENTED_EDGE ( 'NONE', *, *, #2273, .T. ) ;
#1932 = DIRECTION ( 'NONE',  ( -0.000000000000000000, -1.000000000000000000, -0.000000000000000000 ) ) ;
#1933 = FACE_OUTER_BOUND ( 'NONE', #859, .T. ) ;
#1934 = ORIENTED_EDGE ( 'NONE', *, *, #1548, .F. ) ;
#1935 = DIRECTION ( 'NONE',  ( 0.000000000000000000, 0.000000000000000000, 1.000000000000000000 ) ) ;
#1936 = VERTEX_POINT ( 'NONE', #677 ) ;
#1937 = DIRECTION ( 'NONE',  ( 0.000000000000000000, 1.000000000000000000, 0.000000000000000000 ) ) ;
#1938 = ORIENTED_EDGE ( 'NONE', *, *, #14, .F. ) ;
#1939 = DIRECTION ( 'NONE',  ( 1.000000000000000000, 0.000000000000000000, 0.000000000000000000 ) ) ;
#1940 = EDGE_CURVE ( 'NONE', #2646, #1111, #16, .T. ) ;
#1941 = EDGE_CURVE ( 'NONE', #2530, #128, #1299, .T. ) ;
#1942 = CARTESIAN_POINT ( 'NONE',  ( 7.299999999999998934, 274.6999999999999886, -12.99999999999999822 ) ) ;
#1943 = ORIENTED_EDGE ( 'NONE', *, *, #1487, .T. ) ;
#1944 = CARTESIAN_POINT ( 'NONE',  ( -41.00000000000000000, 58.00000000000000000, -21.00000000000000000 ) ) ;
#1945 = AXIS2_PLACEMENT_3D ( 'NONE', #2053, #2284, #1647 ) ;
#1946 = FACE_OUTER_BOUND ( 'NONE', #1719, .T. ) ;
#1947 = ORIENTED_EDGE ( 'NONE', *, *, #1053, .T. ) ;
#1948 = FACE_OUTER_BOUND ( 'NONE', #2320, .T. ) ;
#1949 = EDGE_LOOP ( 'NONE', ( #701, #705, #2513, #1553 ) ) ;
#1950 = DIRECTION ( 'NONE',  ( -0.000000000000000000, -0.000000000000000000, 1.000000000000000000 ) ) ;
#1951 = ORIENTED_EDGE ( 'NONE', *, *, #387, .T. ) ;
#1952 = CARTESIAN_POINT ( 'NONE',  ( -15.25000000000000000, 125.7500000000000000, -11.99999999999999822 ) ) ;
#1953 = CARTESIAN_POINT ( 'NONE',  ( -9.799999999999998934, 294.3000000000000114, -20.99999999999999645 ) ) ;
#1954 = VERTEX_POINT ( 'NONE', #910 ) ;
#1955 = AXIS2_PLACEMENT_3D ( 'NONE', #775, #104, #120 ) ;
#1956 = PLANE ( 'NONE',  #2332 ) ;
#1957 = LINE ( 'NONE', #225, #2548 ) ;
#1958 = VECTOR ( 'NONE', #1818, 1000.000000000000000 ) ;
#1959 = EDGE_CURVE ( 'NONE', #2197, #2442, #1129, .T. ) ;
#1960 = ORIENTED_EDGE ( 'NONE', *, *, #2243, .T. ) ;
#1961 = AXIS2_PLACEMENT_3D ( 'NONE', #208, #2399, #644 ) ;
#1962 = FACE_BOUND ( 'NONE', #189, .T. ) ;
#1963 = AXIS2_PLACEMENT_3D ( 'NONE', #1970, #2578, #2799 ) ;
#1964 = EDGE_LOOP ( 'NONE', ( #142, #94 ) ) ;
#1965 = DIRECTION ( 'NONE',  ( -1.000000000000000000, -0.000000000000000000, -0.000000000000000000 ) ) ;
#1966 = EDGE_LOOP ( 'NONE', ( #2507, #1769, #619, #2300 ) ) ;
#1967 = DIRECTION ( 'NONE',  ( 0.000000000000000000, 1.000000000000000000, 0.000000000000000000 ) ) ;
#1968 = LINE ( 'NONE', #2214, #2398 ) ;
#1969 = EDGE_LOOP ( 'NONE', ( #84, #1716, #2415, #397 ) ) ;
#1970 = CARTESIAN_POINT ( 'NONE',  ( -15.25000000000000000, 95.25000000000000000, -11.99999999999999822 ) ) ;
#1971 = APPROVAL ( #60, 'UNSPECIFIED' ) ;
#1972 = LINE ( 'NONE', #873, #2286 ) ;
#1973 = EDGE_CURVE ( 'NONE', #2451, #269, #1095, .T. ) ;
#1974 = ORIENTED_EDGE ( 'NONE', *, *, #264, .F. ) ;
#1975 = EDGE_CURVE ( 'NONE', #947, #2517, #1492, .T. ) ;
#1976 = ADVANCED_FACE ( 'NONE', ( #2645 ), #1067, .F. ) ;
#1977 = CARTESIAN_POINT ( 'NONE',  ( -13.64999999999999858, 125.7500000000000000, -11.99999999999999822 ) ) ;
#1978 = VERTEX_POINT ( 'NONE', #2804 ) ;
#1979 = ADVANCED_FACE ( 'NONE', ( #1761 ), #636, .F. ) ;
#1980 = CARTESIAN_POINT ( 'NONE',  ( 0.000000000000000000, 234.0000000000000000, -18.00000000000000355 ) ) ;
#1981 = EDGE_LOOP ( 'NONE', ( #941, #962, #1755, #101 ) ) ;
#1982 = DIRECTION ( 'NONE',  ( 0.000000000000000000, -0.000000000000000000, 1.000000000000000000 ) ) ;
#1983 = FACE_BOUND ( 'NONE', #976, .T. ) ;
#1984 = PLANE ( 'NONE',  #1046 ) ;
#1985 = ORIENTED_EDGE ( 'NONE', *, *, #2259, .T. ) ;
#1986 = CARTESIAN_POINT ( 'NONE',  ( 9.799999999999998934, 274.6999999999999886, -12.99999999999999822 ) ) ;
#1987 = CARTESIAN_POINT ( 'NONE',  ( 15.25000000000000000, 125.7500000000000000, -11.99999999999999822 ) ) ;
#1988 = ORIENTED_EDGE ( 'NONE', *, *, #1517, .T. ) ;
#1989 = AXIS2_PLACEMENT_3D ( 'NONE', #1781, #668, #2394 ) ;
#1990 = CARTESIAN_POINT ( 'NONE',  ( -9.500000000000000000, 144.0000000000000000, -20.99999999999999645 ) ) ;
#1991 = ADVANCED_FACE ( 'NONE', ( #1500 ), #1125, .F. ) ;
#1992 = ORIENTED_EDGE ( 'NONE', *, *, #2441, .T. ) ;
#1993 = CARTESIAN_POINT ( 'NONE',  ( 0.000000000000000000, 132.5000000000000000, -18.00000000000000355 ) ) ;
#1994 = VERTEX_POINT ( 'NONE', #863 ) ;
#1995 = CARTESIAN_POINT ( 'NONE',  ( 22.00000000000000000, 170.0000000000000000, -21.00000000000000000 ) ) ;
#1996 = EDGE_CURVE ( 'NONE', #1482, #32, #409, .T. ) ;
#1997 = ORIENTED_EDGE ( 'NONE', *, *, #607, .F. ) ;
#1998 = DIRECTION ( 'NONE',  ( -0.000000000000000000, -0.000000000000000000, 1.000000000000000000 ) ) ;
#1999 = CARTESIAN_POINT ( 'NONE',  ( 12.25000000000000000, 95.25000000000000000, -11.99999999999999822 ) ) ;
#2000 = VERTEX_POINT ( 'NONE', #850 ) ;
#2001 = CARTESIAN_POINT ( 'NONE',  ( 18.25000000000000000, 125.7500000000000000, -11.99999999999999822 ) ) ;
#2002 = VECTOR ( 'NONE', #1181, 1000.000000000000000 ) ;
#2003 = DIRECTION ( 'NONE',  ( -1.000000000000000000, -0.000000000000000000, -0.000000000000000000 ) ) ;
#2004 = ORIENTED_EDGE ( 'NONE', *, *, #839, .T. ) ;
#2005 = CARTESIAN_POINT ( 'NONE',  ( 10.90000000000000036, 274.6999999999999886, -20.99999999999999645 ) ) ;
#2006 = VECTOR ( 'NONE', #2435, 1000.000000000000000 ) ;
#2007 = ORIENTED_EDGE ( 'NONE', *, *, #1529, .F. ) ;
#2008 = AXIS2_PLACEMENT_3D ( 'NONE', #1712, #1768, #2173 ) ;
#2009 = DIRECTION ( 'NONE',  ( 1.000000000000000000, 0.000000000000000000, 0.000000000000000000 ) ) ;
#2010 = CIRCLE ( 'NONE', #2147, 1.100000000000000311 ) ;
#2011 = ORIENTED_EDGE ( 'NONE', *, *, #420, .T. ) ;
#2012 = CARTESIAN_POINT ( 'NONE',  ( 0.000000000000000000, 148.0000000000000000, -18.00000000000000355 ) ) ;
#2013 = FACE_BOUND ( 'NONE', #2392, .T. ) ;
#2014 = DIRECTION ( 'NONE',  ( -0.000000000000000000, -0.000000000000000000, 1.000000000000000000 ) ) ;
#2015 = EDGE_CURVE ( 'NONE', #341, #1290, #2584, .T. ) ;
#2016 = EDGE_LOOP ( 'NONE', ( #424, #2663, #1748, #2482 ) ) ;
#2017 = DIRECTION ( 'NONE',  ( -0.000000000000000000, -0.000000000000000000, 1.000000000000000000 ) ) ;
#2018 = ADVANCED_FACE ( 'NONE', ( #893 ), #1747, .F. ) ;
#2019 = LINE ( 'NONE', #744, #2642 ) ;
#2020 = DIRECTION ( 'NONE',  ( 0.000000000000000000, -0.000000000000000000, -1.000000000000000000 ) ) ;
#2021 = EDGE_LOOP ( 'NONE', ( #1385, #2519, #1024, #1273 ) ) ;
#2022 = CARTESIAN_POINT ( 'NONE',  ( 15.00000000000000000, 260.0000000000000000, -13.99999999999999822 ) ) ;
#2023 = LINE ( 'NONE', #1356, #1958 ) ;
#2024 = VERTEX_POINT ( 'NONE', #2601 ) ;
#2025 = FACE_BOUND ( 'NONE', #1211, .T. ) ;
#2026 = APPROVAL_DATE_TIME ( #556, #872 ) ;
#2027 = EDGE_CURVE ( 'NONE', #875, #1480, #1077, .T. ) ;
#2028 = ORIENTED_EDGE ( 'NONE', *, *, #738, .T. ) ;
#2029 = CARTESIAN_POINT ( 'NONE',  ( 12.25000000000000000, 95.25000000000000000, -18.00000000000000000 ) ) ;
#2030 = DIRECTION ( 'NONE',  ( 1.000000000000000000, 0.000000000000000000, 0.000000000000000000 ) ) ;
#2031 = DIRECTION ( 'NONE',  ( 1.000000000000000000, 0.000000000000000000, 0.000000000000000000 ) ) ;
#2032 = VECTOR ( 'NONE', #1998, 1000.000000000000000 ) ;
#2033 = ORIENTED_EDGE ( 'NONE', *, *, #921, .F. ) ;
#2034 = DIRECTION ( 'NONE',  ( 1.000000000000000000, 0.000000000000000000, 0.000000000000000000 ) ) ;
#2035 = VECTOR ( 'NONE', #2177, 1000.000000000000000 ) ;
#2036 = CARTESIAN_POINT ( 'NONE',  ( -15.00000000000000000, 152.0000000000000000, -13.99999999999999822 ) ) ;
#2037 = ORIENTED_EDGE ( 'NONE', *, *, #2185, .T. ) ;
#2038 = FACE_BOUND ( 'NONE', #734, .T. ) ;
#2039 = PERSON_AND_ORGANIZATION ( #977, #1366 ) ;
#2040 = VERTEX_POINT ( 'NONE', #2390 ) ;
#2041 = DIRECTION ( 'NONE',  ( 0.000000000000000000, -0.000000000000000000, -1.000000000000000000 ) ) ;
#2042 = FACE_OUTER_BOUND ( 'NONE', #2648, .T. ) ;
#2043 = CARTESIAN_POINT ( 'NONE',  ( -9.799999999999998934, 274.6999999999999886, -12.99999999999999822 ) ) ;
#2044 = EDGE_CURVE ( 'NONE', #2311, #792, #662, .T. ) ;
#2045 = AXIS2_PLACEMENT_3D ( 'NONE', #802, #1478, #758 ) ;
#2046 = EDGE_LOOP ( 'NONE', ( #1997, #1659, #1988, #1246 ) ) ;
#2047 = CIRCLE ( 'NONE', #80, 2.500000000000000444 ) ;
#2048 = DIRECTION ( 'NONE',  ( -0.000000000000000000, -0.000000000000000000, -1.000000000000000000 ) ) ;
#2049 = CC_DESIGN_APPROVAL ( #872, ( #1507 ) ) ;
#2050 = CARTESIAN_POINT ( 'NONE',  ( 15.00000000000000000, 150.0000000000000000, -18.00000000000000355 ) ) ;
#2051 = CIRCLE ( 'NONE', #821, 2.500000000000000444 ) ;
#2052 = VERTEX_POINT ( 'NONE', #1404 ) ;
#2053 = CARTESIAN_POINT ( 'NONE',  ( 15.25000000000000000, 95.25000000000000000, -11.99999999999999822 ) ) ;
#2054 = DATE_AND_TIME ( #1619, #911 ) ;
#2055 = CLOSED_SHELL ( 'NONE', ( #2018, #2700, #441, #365, #1727, #1614, #2151, #165, #1071, #1778, #2379, #1685, #1760, #1052, #1597, #2098, #1704, #2395, #1387, #294, #1104, #1348, #1878, #2241, #2682, #1709, #1812, #283, #366, #2428, #613, #1651, #2716, #794, #897, #737, #978, #918, #840, #242, #371, #1976, #2633, #2060, #2152, #1142, #593, #314, #1979, #1564, #2690, #1841, #1139, #1801, #2759, #2580, #1163, #1018, #661, #2295, #789, #984, #421, #346, #2310, #2509, #1991, #2562, #2683, #1759, #857, #224, #2653, #2576, #1220, #1179, #1335, #1854, #2777, #1515, #150, #752, #1474, #2611, #1230, #477, #1350, #2225 ) ) ;
#2056 = VERTEX_POINT ( 'NONE', #948 ) ;
#2057 = DIRECTION ( 'NONE',  ( 1.000000000000000000, 0.000000000000000000, 0.000000000000000000 ) ) ;
#2058 = LINE ( 'NONE', #2551, #2460 ) ;
#2059 = DIRECTION ( 'NONE',  ( -1.000000000000000000, 0.000000000000000000, 0.000000000000000000 ) ) ;
#2060 = ADVANCED_FACE ( 'NONE', ( #926 ), #1365, .F. ) ;
#2061 = VERTEX_POINT ( 'NONE', #278 ) ;
#2062 = EDGE_CURVE ( 'NONE', #2363, #2539, #511, .T. ) ;
#2063 = ORIENTED_EDGE ( 'NONE', *, *, #154, .T. ) ;
#2064 = FACE_OUTER_BOUND ( 'NONE', #1464, .T. ) ;
#2065 = CARTESIAN_POINT ( 'NONE',  ( 8.699999999999999289, 274.6999999999999886, -20.99999999999999645 ) ) ;
#2066 = VERTEX_POINT ( 'NONE', #2280 ) ;
#2067 = FACE_BOUND ( 'NONE', #1421, .T. ) ;
#2068 = EDGE_LOOP ( 'NONE', ( #8, #1924, #634, #1293 ) ) ;
#2069 = CARTESIAN_POINT ( 'NONE',  ( 41.00000000000000000, 58.00000000000000000, -21.00000000000000000 ) ) ;
#2070 = CARTESIAN_POINT ( 'NONE',  ( 8.699999999999999289, 294.3000000000000114, -20.99999999999999645 ) ) ;
#2071 = FACE_OUTER_BOUND ( 'NONE', #316, .T. ) ;
#2072 = CARTESIAN_POINT ( 'NONE',  ( -13.64999999999999858, 125.7500000000000000, -20.99999999999999645 ) ) ;
#2073 = VERTEX_POINT ( 'NONE', #318 ) ;
#2074 = EDGE_CURVE ( 'NONE', #898, #953, #2719, .T. ) ;
#2075 = DIRECTION ( 'NONE',  ( -1.000000000000000000, 0.000000000000000000, 0.000000000000000000 ) ) ;
#2076 = DIRECTION ( 'NONE',  ( 0.000000000000000000, -1.000000000000000000, 0.000000000000000000 ) ) ;
#2077 = ORIENTED_EDGE ( 'NONE', *, *, #2600, .T. ) ;
#2078 = CYLINDRICAL_SURFACE ( 'NONE', #393, 2.500000000000000444 ) ;
#2079 = AXIS2_PLACEMENT_3D ( 'NONE', #2704, #753, #1630 ) ;
#2080 = PERSON_AND_ORGANIZATION ( #977, #1366 ) ;
#2081 = VERTEX_POINT ( 'NONE', #2252 ) ;
#2082 = EDGE_CURVE ( 'NONE', #2073, #2721, #748, .T. ) ;
#2083 = CARTESIAN_POINT ( 'NONE',  ( 9.799999999999998934, 274.6999999999999886, -12.99999999999999822 ) ) ;
#2084 = CARTESIAN_POINT ( 'NONE',  ( -9.500000000000000000, 148.0000000000000000, -20.99999999999999645 ) ) ;
#2085 = DIRECTION ( 'NONE',  ( -0.000000000000000000, -0.000000000000000000, -1.000000000000000000 ) ) ;
#2086 = CARTESIAN_POINT ( 'NONE',  ( 15.00000000000000000, 260.0000000000000000, -13.99999999999999822 ) ) ;
#2087 = EDGE_LOOP ( 'NONE', ( #2247, #262, #1992, #2004 ) ) ;
#2088 = LINE ( 'NONE', #2731, #247 ) ;
#2089 = AXIS2_PLACEMENT_3D ( 'NONE', #1527, #419, #2207 ) ;
#2090 = CC_DESIGN_DATE_AND_TIME_ASSIGNMENT ( #1844, #1217, ( #1280 ) ) ;
#2091 = DIRECTION ( 'NONE',  ( 0.000000000000000000, 1.000000000000000000, 0.000000000000000000 ) ) ;
#2092 = VERTEX_POINT ( 'NONE', #1200 ) ;
#2093 = LOCAL_TIME ( 17, 50, 23.00000000000000000, #1160 ) ;
#2094 = CARTESIAN_POINT ( 'NONE',  ( -22.00000000000000000, 0.000000000000000000, -18.00000000000000355 ) ) ;
#2095 = VECTOR ( 'NONE', #1914, 1000.000000000000000 ) ;
#2096 = ORIENTED_EDGE ( 'NONE', *, *, #367, .F. ) ;
#2097 = DIRECTION ( 'NONE',  ( 1.000000000000000000, 0.000000000000000000, 0.000000000000000000 ) ) ;
#2098 = ADVANCED_FACE ( 'NONE', ( #2064 ), #483, .T. ) ;
#2099 = CIRCLE ( 'NONE', #1961, 1.100000000000000311 ) ;
#2100 = FACE_OUTER_BOUND ( 'NONE', #2133, .T. ) ;
#2101 = EDGE_CURVE ( 'NONE', #1150, #2056, #1827, .T. ) ;
#2102 = CARTESIAN_POINT ( 'NONE',  ( 0.000000000000000000, 170.0000000000000000, -18.00000000000000355 ) ) ;
#2103 = VECTOR ( 'NONE', #1524, 1000.000000000000000 ) ;
#2104 = PRODUCT ( 'Avionics Tray', 'Avionics Tray', '', ( #457 ) ) ;
#2105 = FACE_OUTER_BOUND ( 'NONE', #465, .T. ) ;
#2106 = CARTESIAN_POINT ( 'NONE',  ( -15.00000000000000000, 260.0000000000000000, -13.99999999999999822 ) ) ;
#2107 = AXIS2_PLACEMENT_3D ( 'NONE', #1806, #1839, #2034 ) ;
#2108 = ORIENTED_EDGE ( 'NONE', *, *, #528, .F. ) ;
#2109 = DIRECTION ( 'NONE',  ( 0.000000000000000000, -1.000000000000000000, 0.000000000000000000 ) ) ;
#2110 = ORIENTED_EDGE ( 'NONE', *, *, #1396, .T. ) ;
#2111 = DIRECTION ( 'NONE',  ( -0.000000000000000000, -0.000000000000000000, -1.000000000000000000 ) ) ;
#2112 = EDGE_LOOP ( 'NONE', ( #1438, #333, #2684, #1858 ) ) ;
#2113 = DIRECTION ( 'NONE',  ( 0.000000000000000000, 0.000000000000000000, 1.000000000000000000 ) ) ;
#2114 = LINE ( 'NONE', #1475, #105 ) ;
#2115 = EDGE_CURVE ( 'NONE', #2539, #4, #1167, .T. ) ;
#2116 = ORIENTED_EDGE ( 'NONE', *, *, #1369, .F. ) ;
#2117 = DIRECTION ( 'NONE',  ( 1.000000000000000000, 0.000000000000000000, 0.000000000000000000 ) ) ;
#2118 = DIRECTION ( 'NONE',  ( -0.000000000000000000, -0.000000000000000000, 1.000000000000000000 ) ) ;
#2119 = CARTESIAN_POINT ( 'NONE',  ( 41.00000000000000000, 119.5000000000000000, -21.00000000000000000 ) ) ;
#2120 = ORIENTED_EDGE ( 'NONE', *, *, #1128, .F. ) ;
#2121 = DIRECTION ( 'NONE',  ( -1.000000000000000000, 0.000000000000000000, 0.000000000000000000 ) ) ;
#2122 = ORIENTED_EDGE ( 'NONE', *, *, #790, .T. ) ;
#2123 = CARTESIAN_POINT ( 'NONE',  ( -16.85000000000000142, 125.7500000000000000, -11.99999999999999822 ) ) ;
#2124 = ORIENTED_EDGE ( 'NONE', *, *, #751, .T. ) ;
#2125 = DIRECTION ( 'NONE',  ( 1.000000000000000000, 0.000000000000000000, 0.000000000000000000 ) ) ;
#2126 = AXIS2_PLACEMENT_3D ( 'NONE', #1114, #205, #20 ) ;
#2127 = DIRECTION ( 'NONE',  ( -0.000000000000000000, -1.000000000000000000, -0.000000000000000000 ) ) ;
#2128 = ORIENTED_EDGE ( 'NONE', *, *, #2274, .T. ) ;
#2129 = VECTOR ( 'NONE', #2701, 1000.000000000000000 ) ;
#2130 = DIRECTION ( 'NONE',  ( -1.000000000000000000, 0.000000000000000000, 0.000000000000000000 ) ) ;
#2131 = DIRECTION ( 'NONE',  ( 0.000000000000000000, 0.000000000000000000, 1.000000000000000000 ) ) ;
#2132 = VERTEX_POINT ( 'NONE', #2265 ) ;
#2133 = EDGE_LOOP ( 'NONE', ( #1009, #1985, #123, #1260 ) ) ;
#2134 = PLANE ( 'NONE',  #2775 ) ;
#2135 = EDGE_CURVE ( 'NONE', #430, #2197, #1141, .T. ) ;
#2136 = VERTEX_POINT ( 'NONE', #2687 ) ;
#2137 = EDGE_CURVE ( 'NONE', #523, #2400, #48, .T. ) ;
#2138 = DIRECTION ( 'NONE',  ( -1.000000000000000000, 0.000000000000000000, 0.000000000000000000 ) ) ;
#2139 = AXIS2_PLACEMENT_3D ( 'NONE', #2754, #2118, #1848 ) ;
#2140 = EDGE_LOOP ( 'NONE', ( #2271, #1037, #809, #1229 ) ) ;
#2141 = CARTESIAN_POINT ( 'NONE',  ( 15.00000000000000000, 260.0000000000000000, -18.00000000000000000 ) ) ;
#2142 = CIRCLE ( 'NONE', #1916, 2.999999999999999112 ) ;
#2143 = CARTESIAN_POINT ( 'NONE',  ( -19.00000000000000000, 254.0000000000000000, -20.99999999999999645 ) ) ;
#2144 = AXIS2_PLACEMENT_3D ( 'NONE', #18, #485, #2228 ) ;
#2145 = ORIENTED_EDGE ( 'NONE', *, *, #931, .F. ) ;
#2146 = CARTESIAN_POINT ( 'NONE',  ( -9.799999999999998934, 274.6999999999999886, -12.99999999999999822 ) ) ;
#2147 = AXIS2_PLACEMENT_3D ( 'NONE', #1918, #643, #612 ) ;
#2148 = DIRECTION ( 'NONE',  ( 1.000000000000000000, 0.000000000000000000, -0.000000000000000000 ) ) ;
#2149 = VERTEX_POINT ( 'NONE', #2660 ) ;
#2150 = CARTESIAN_POINT ( 'NONE',  ( 10.90000000000000036, 294.3000000000000114, -12.99999999999999822 ) ) ;
#2151 = ADVANCED_FACE ( 'NONE', ( #2484 ), #1353, .F. ) ;
#2152 = ADVANCED_FACE ( 'NONE', ( #302 ), #70, .F. ) ;
#2153 = VERTEX_POINT ( 'NONE', #1585 ) ;
#2154 = DIRECTION ( 'NONE',  ( -1.000000000000000000, -0.000000000000000000, -0.000000000000000000 ) ) ;
#2155 = ORIENTED_EDGE ( 'NONE', *, *, #681, .T. ) ;
#2156 = DIRECTION ( 'NONE',  ( -0.000000000000000000, -0.000000000000000000, -1.000000000000000000 ) ) ;
#2157 = LINE ( 'NONE', #1676, #1122 ) ;
#2158 = ORIENTED_EDGE ( 'NONE', *, *, #1231, .F. ) ;
#2159 = CARTESIAN_POINT ( 'NONE',  ( 7.500000000000000000, 148.0000000000000000, -18.00000000000000355 ) ) ;
#2160 = DIRECTION ( 'NONE',  ( 0.000000000000000000, -1.000000000000000000, 0.000000000000000000 ) ) ;
#2161 = ORIENTED_EDGE ( 'NONE', *, *, #1382, .F. ) ;
#2162 = DIRECTION ( 'NONE',  ( 0.000000000000000000, 0.000000000000000000, -1.000000000000000000 ) ) ;
#2163 = VERTEX_POINT ( 'NONE', #535 ) ;
#2164 = CARTESIAN_POINT ( 'NONE',  ( 0.000000000000000000, 170.0000000000000000, -18.00000000000000355 ) ) ;
#2165 = ORIENTED_EDGE ( 'NONE', *, *, #1598, .T. ) ;
#2166 = CARTESIAN_POINT ( 'NONE',  ( -13.64999999999999858, 95.25000000000000000, -11.99999999999999822 ) ) ;
#2167 = CARTESIAN_POINT ( 'NONE',  ( 9.799999999999998934, 294.3000000000000114, -12.99999999999999822 ) ) ;
#2168 = EDGE_CURVE ( 'NONE', #484, #2153, #520, .T. ) ;
#2169 = VERTEX_POINT ( 'NONE', #1157 ) ;
#2170 = CARTESIAN_POINT ( 'NONE',  ( 41.00000000000000000, 58.00000000000000000, -18.00000000000000355 ) ) ;
#2171 = AXIS2_PLACEMENT_3D ( 'NONE', #623, #786, #813 ) ;
#2172 = AXIS2_PLACEMENT_3D ( 'NONE', #448, #2419, #212 ) ;
#2173 = DIRECTION ( 'NONE',  ( 1.000000000000000000, 0.000000000000000000, 0.000000000000000000 ) ) ;
#2174 = ORIENTED_EDGE ( 'NONE', *, *, #1128, .T. ) ;
#2175 = PLANE ( 'NONE',  #1188 ) ;
#2176 = ORIENTED_EDGE ( 'NONE', *, *, #766, .F. ) ;
#2177 = DIRECTION ( 'NONE',  ( -1.000000000000000000, 0.000000000000000000, 0.000000000000000000 ) ) ;
#2178 = ORIENTED_EDGE ( 'NONE', *, *, #29, .T. ) ;
#2179 = CARTESIAN_POINT ( 'NONE',  ( 12.30000000000000071, 274.6999999999999886, -12.99999999999999822 ) ) ;
#2180 = DIRECTION ( 'NONE',  ( -1.000000000000000000, 0.000000000000000000, 0.000000000000000000 ) ) ;
#2181 = LINE ( 'NONE', #1101, #1002 ) ;
#2182 = EDGE_CURVE ( 'NONE', #145, #666, #1184, .T. ) ;
#2183 = ORIENTED_EDGE ( 'NONE', *, *, #2190, .F. ) ;
#2184 = CIRCLE ( 'NONE', #2453, 1.600000000000000755 ) ;
#2185 = EDGE_CURVE ( 'NONE', #792, #2136, #1816, .T. ) ;
#2186 = CARTESIAN_POINT ( 'NONE',  ( 22.00000000000000000, 234.0000000000000000, -20.99999999999999645 ) ) ;
#2187 = EDGE_CURVE ( 'NONE', #1743, #375, #2088, .T. ) ;
#2188 = CYLINDRICAL_SURFACE ( 'NONE', #1284, 1.100000000000000311 ) ;
#2189 = VECTOR ( 'NONE', #215, 1000.000000000000000 ) ;
#2190 = EDGE_CURVE ( 'NONE', #519, #2355, #822, .T. ) ;
#2191 = ORIENTED_EDGE ( 'NONE', *, *, #2062, .T. ) ;
#2192 = VECTOR ( 'NONE', #1420, 1000.000000000000000 ) ;
#2193 = DIRECTION ( 'NONE',  ( -0.000000000000000000, -0.000000000000000000, 1.000000000000000000 ) ) ;
#2194 = VECTOR ( 'NONE', #103, 1000.000000000000000 ) ;
#2195 = VERTEX_POINT ( 'NONE', #1668 ) ;
#2196 = CARTESIAN_POINT ( 'NONE',  ( -7.500000000000000000, 144.0000000000000000, -20.99999999999999645 ) ) ;
#2197 = VERTEX_POINT ( 'NONE', #2336 ) ;
#2198 = FACE_OUTER_BOUND ( 'NONE', #26, .T. ) ;
#2199 = EDGE_LOOP ( 'NONE', ( #826, #2418, #2349, #214 ) ) ;
#2200 = CARTESIAN_POINT ( 'NONE',  ( 22.00000000000000000, 190.0000000000000000, -20.99999999999999645 ) ) ;
#2201 = LINE ( 'NONE', #2215, #2498 ) ;
#2202 = VERTEX_POINT ( 'NONE', #358 ) ;
#2203 = CARTESIAN_POINT ( 'NONE',  ( -22.00000000000000000, 190.0000000000000000, -20.99999999999999645 ) ) ;
#2204 = EDGE_CURVE ( 'NONE', #1584, #1541, #604, .T. ) ;
#2205 = DIRECTION ( 'NONE',  ( 0.000000000000000000, 0.000000000000000000, 1.000000000000000000 ) ) ;
#2206 = EDGE_LOOP ( 'NONE', ( #1866, #2096 ) ) ;
#2207 = DIRECTION ( 'NONE',  ( -1.000000000000000000, 0.000000000000000000, 0.000000000000000000 ) ) ;
#2208 = EDGE_CURVE ( 'NONE', #608, #1327, #1641, .T. ) ;
#2209 = ORIENTED_EDGE ( 'NONE', *, *, #1434, .F. ) ;
#2210 = CARTESIAN_POINT ( 'NONE',  ( 7.500000000000000000, 144.0000000000000000, -20.99999999999999645 ) ) ;
#2211 = ORIENTED_EDGE ( 'NONE', *, *, #1454, .T. ) ;
#2212 = LINE ( 'NONE', #722, #2189 ) ;
#2213 = ORIENTED_EDGE ( 'NONE', *, *, #65, .T. ) ;
#2214 = CARTESIAN_POINT ( 'NONE',  ( -7.500000000000000000, 144.0000000000000000, -20.99999999999999645 ) ) ;
#2215 = CARTESIAN_POINT ( 'NONE',  ( -9.500000000000000000, 0.000000000000000000, -18.00000000000000355 ) ) ;
#2216 = VERTEX_POINT ( 'NONE', #2348 ) ;
#2217 = DIRECTION ( 'NONE',  ( 1.000000000000000000, 0.000000000000000000, -0.000000000000000000 ) ) ;
#2218 = AXIS2_PLACEMENT_3D ( 'NONE', #162, #1017, #1041 ) ;
#2219 = CC_DESIGN_PERSON_AND_ORGANIZATION_ASSIGNMENT ( #1384, #293, ( #2104 ) ) ;
#2220 = CARTESIAN_POINT ( 'NONE',  ( -15.00000000000000000, 262.0000000000000000, -13.99999999999999822 ) ) ;
#2221 = EDGE_LOOP ( 'NONE', ( #1029, #1203, #2178, #679 ) ) ;
#2222 = VECTOR ( 'NONE', #2154, 1000.000000000000000 ) ;
#2223 = FACE_OUTER_BOUND ( 'NONE', #2140, .T. ) ;
#2224 = ORIENTED_EDGE ( 'NONE', *, *, #240, .F. ) ;
#2225 = ADVANCED_FACE ( 'NONE', ( #109 ), #125, .F. ) ;
#2226 = CARTESIAN_POINT ( 'NONE',  ( -9.799999999999998934, 294.3000000000000114, -12.99999999999999822 ) ) ;
#2227 = ORIENTED_EDGE ( 'NONE', *, *, #203, .T. ) ;
#2228 = DIRECTION ( 'NONE',  ( 1.000000000000000000, 0.000000000000000000, 0.000000000000000000 ) ) ;
#2229 = FACE_OUTER_BOUND ( 'NONE', #1803, .T. ) ;
#2230 = DIRECTION ( 'NONE',  ( -1.000000000000000000, 0.000000000000000000, 0.000000000000000000 ) ) ;
#2231 = ORIENTED_EDGE ( 'NONE', *, *, #226, .T. ) ;
#2232 = DIRECTION ( 'NONE',  ( -1.000000000000000000, 0.000000000000000000, 0.000000000000000000 ) ) ;
#2233 = VECTOR ( 'NONE', #1402, 1000.000000000000000 ) ;
#2234 = DIRECTION ( 'NONE',  ( 0.000000000000000000, 0.000000000000000000, 1.000000000000000000 ) ) ;
#2235 = VECTOR ( 'NONE', #143, 1000.000000000000000 ) ;
#2236 = PRODUCT_DEFINITION_FORMATION_WITH_SPECIFIED_SOURCE ( 'ANY', '', #2104, .NOT_KNOWN. ) ;
#2237 = LINE ( 'NONE', #258, #1320 ) ;
#2238 = VECTOR ( 'NONE', #1883, 1000.000000000000000 ) ;
#2239 = ORIENTED_EDGE ( 'NONE', *, *, #876, .F. ) ;
#2240 = AXIS2_PLACEMENT_3D ( 'NONE', #1811, #2427, #2679 ) ;
#2241 = ADVANCED_FACE ( 'NONE', ( #1011 ), #552, .F. ) ;
#2242 = DIRECTION ( 'NONE',  ( 1.000000000000000000, 0.000000000000000000, 0.000000000000000000 ) ) ;
#2243 = EDGE_CURVE ( 'NONE', #1327, #1271, #575, .T. ) ;
#2244 = CIRCLE ( 'NONE', #1010, 1.100000000000000311 ) ;
#2245 = CARTESIAN_POINT ( 'NONE',  ( 19.00000000000000000, 234.0000000000000000, -20.99999999999999645 ) ) ;
#2246 = DIRECTION ( 'NONE',  ( 1.000000000000000000, 0.000000000000000000, 0.000000000000000000 ) ) ;
#2247 = ORIENTED_EDGE ( 'NONE', *, *, #1583, .F. ) ;
#2248 = DIRECTION ( 'NONE',  ( -0.000000000000000000, -1.000000000000000000, -0.000000000000000000 ) ) ;
#2249 = DIRECTION ( 'NONE',  ( 1.000000000000000000, 0.000000000000000000, 0.000000000000000000 ) ) ;
#2250 = PLANE ( 'NONE',  #542 ) ;
#2251 = ORIENTED_EDGE ( 'NONE', *, *, #961, .T. ) ;
#2252 = CARTESIAN_POINT ( 'NONE',  ( 41.00000000000000000, 132.5000000000000000, -21.00000000000000000 ) ) ;
#2253 = LINE ( 'NONE', #86, #219 ) ;
#2254 = ORIENTED_EDGE ( 'NONE', *, *, #2323, .F. ) ;
#2255 = FACE_BOUND ( 'NONE', #2586, .T. ) ;
#2256 = COORDINATED_UNIVERSAL_TIME_OFFSET ( 12, 0, .AHEAD. ) ;
#2257 = ORIENTED_EDGE ( 'NONE', *, *, #174, .F. ) ;
#2258 = LINE ( 'NONE', #932, #1045 ) ;
#2259 = EDGE_CURVE ( 'NONE', #17, #145, #1449, .T. ) ;
#2260 = CARTESIAN_POINT ( 'NONE',  ( 15.25000000000000000, 95.25000000000000000, -20.99999999999999645 ) ) ;
#2261 = VECTOR ( 'NONE', #721, 1000.000000000000000 ) ;
#2262 = LINE ( 'NONE', #1389, #2233 ) ;
#2263 = AXIS2_PLACEMENT_3D ( 'NONE', #1888, #2739, #1248 ) ;
#2264 = ORIENTED_EDGE ( 'NONE', *, *, #1911, .F. ) ;
#2265 = CARTESIAN_POINT ( 'NONE',  ( 7.299999999999998934, 294.3000000000000114, -18.00000000000000355 ) ) ;
#2266 = VECTOR ( 'NONE', #261, 1000.000000000000000 ) ;
#2267 = DIRECTION ( 'NONE',  ( 0.000000000000000000, 0.000000000000000000, 1.000000000000000000 ) ) ;
#2268 = ORIENTED_EDGE ( 'NONE', *, *, #1892, .T. ) ;
#2269 = DIRECTION ( 'NONE',  ( -1.000000000000000000, 0.000000000000000000, 0.000000000000000000 ) ) ;
#2270 = PERSON_AND_ORGANIZATION_ROLE ( 'creator' ) ;
#2271 = ORIENTED_EDGE ( 'NONE', *, *, #790, .F. ) ;
#2272 = LINE ( 'NONE', #102, #632 ) ;
#2273 = EDGE_CURVE ( 'NONE', #895, #1468, #780, .T. ) ;
#2274 = EDGE_CURVE ( 'NONE', #2517, #875, #2773, .T. ) ;
#2275 = DIRECTION ( 'NONE',  ( -0.000000000000000000, -0.000000000000000000, 1.000000000000000000 ) ) ;
#2276 = CIRCLE ( 'NONE', #1043, 1.100000000000000311 ) ;
#2277 = CARTESIAN_POINT ( 'NONE',  ( 22.00000000000000000, 170.0000000000000000, -20.99999999999999645 ) ) ;
#2278 = ORIENTED_EDGE ( 'NONE', *, *, #1214, .T. ) ;
#2279 = ORIENTED_EDGE ( 'NONE', *, *, #1231, .T. ) ;
#2280 = CARTESIAN_POINT ( 'NONE',  ( 8.699999999999999289, 294.3000000000000114, -20.99999999999999645 ) ) ;
#2281 = LINE ( 'NONE', #980, #914 ) ;
#2282 = VECTOR ( 'NONE', #1098, 1000.000000000000000 ) ;
#2283 = VERTEX_POINT ( 'NONE', #2515 ) ;
#2284 = DIRECTION ( 'NONE',  ( 0.000000000000000000, 0.000000000000000000, 1.000000000000000000 ) ) ;
#2285 = DATE_AND_TIME ( #952, #2093 ) ;
#2286 = VECTOR ( 'NONE', #2160, 1000.000000000000000 ) ;
#2287 = VERTEX_POINT ( 'NONE', #1212 ) ;
#2288 = CARTESIAN_POINT ( 'NONE',  ( 18.25000000000000000, 95.25000000000000000, -11.99999999999999822 ) ) ;
#2289 = DIRECTION ( 'NONE',  ( -0.000000000000000000, -1.000000000000000000, -0.000000000000000000 ) ) ;
#2290 = EDGE_CURVE ( 'NONE', #1287, #1412, #1702, .T. ) ;
#2291 = CARTESIAN_POINT ( 'NONE',  ( 19.00000000000000000, 234.0000000000000000, -20.99999999999999645 ) ) ;
#2292 = DIRECTION ( 'NONE',  ( 0.000000000000000000, 0.000000000000000000, 1.000000000000000000 ) ) ;
#2293 = ORIENTED_EDGE ( 'NONE', *, *, #543, .T. ) ;
#2294 = DIRECTION ( 'NONE',  ( -0.000000000000000000, -0.000000000000000000, 1.000000000000000000 ) ) ;
#2295 = ADVANCED_FACE ( 'NONE', ( #793 ), #2306, .F. ) ;
#2296 = DIRECTION ( 'NONE',  ( 0.000000000000000000, 1.000000000000000000, 0.000000000000000000 ) ) ;
#2298 = ORIENTED_EDGE ( 'NONE', *, *, #1635, .T. ) ;
#2297 = VECTOR ( 'NONE', #1657, 1000.000000000000000 ) ;
#2299 = CARTESIAN_POINT ( 'NONE',  ( 15.00000000000000000, 150.0000000000000000, -18.00000000000000000 ) ) ;
#2300 = ORIENTED_EDGE ( 'NONE', *, *, #891, .T. ) ;
#2301 = DIRECTION ( 'NONE',  ( -0.000000000000000000, -0.000000000000000000, 1.000000000000000000 ) ) ;
#2302 = DIRECTION ( 'NONE',  ( 0.000000000000000000, 1.000000000000000000, 0.000000000000000000 ) ) ;
#2303 = LINE ( 'NONE', #2537, #309 ) ;
#2304 = CARTESIAN_POINT ( 'NONE',  ( 15.00000000000000000, 260.0000000000000000, -13.99999999999999822 ) ) ;
#2305 = ORIENTED_EDGE ( 'NONE', *, *, #1637, .F. ) ;
#2306 = PLANE ( 'NONE',  #157 ) ;
#2307 = CIRCLE ( 'NONE', #2620, 2.999999999999999112 ) ;
#2308 = DIRECTION ( 'NONE',  ( -0.000000000000000000, -1.000000000000000000, -0.000000000000000000 ) ) ;
#2309 = EDGE_CURVE ( 'NONE', #1826, #2826, #1270, .T. ) ;
#2310 = ADVANCED_FACE ( 'NONE', ( #1683 ), #2134, .F. ) ;
#2311 = VERTEX_POINT ( 'NONE', #1051 ) ;
#2312 = CARTESIAN_POINT ( 'NONE',  ( 0.000000000000000000, 148.0000000000000000, -18.00000000000000355 ) ) ;
#2313 = AXIS2_PLACEMENT_3D ( 'NONE', #1953, #652, #1070 ) ;
#2314 = EDGE_LOOP ( 'NONE', ( #1625, #1072, #919, #394 ) ) ;
#2315 = DIRECTION ( 'NONE',  ( 1.000000000000000000, 0.000000000000000000, 0.000000000000000000 ) ) ;
#2316 = CARTESIAN_POINT ( 'NONE',  ( 12.25000000000000000, 125.7500000000000000, -11.99999999999999822 ) ) ;
#2317 = CARTESIAN_POINT ( 'NONE',  ( -15.00000000000000000, 262.0000000000000000, -13.99999999999999822 ) ) ;
#2318 = CYLINDRICAL_SURFACE ( 'NONE', #2139, 1.600000000000000755 ) ;
#2319 = ORIENTED_EDGE ( 'NONE', *, *, #382, .T. ) ;
#2320 = EDGE_LOOP ( 'NONE', ( #1026, #682, #1403, #2298, #2120, #938, #2627, #1501, #2670, #320, #1276, #1732 ) ) ;
#2321 = CARTESIAN_POINT ( 'NONE',  ( -15.00000000000000000, 260.0000000000000000, -13.99999999999999822 ) ) ;
#2322 = VERTEX_POINT ( 'NONE', #376 ) ;
#2323 = EDGE_CURVE ( 'NONE', #1428, #1917, #2725, .T. ) ;
#2324 = VECTOR ( 'NONE', #1344, 1000.000000000000000 ) ;
#2325 = LINE ( 'NONE', #1025, #107 ) ;
#2326 = AXIS2_PLACEMENT_3D ( 'NONE', #233, #2461, #1982 ) ;
#2327 = EDGE_LOOP ( 'NONE', ( #360, #562, #2572, #1560 ) ) ;
#2328 = LINE ( 'NONE', #336, #2728 ) ;
#2329 = VECTOR ( 'NONE', #1048, 1000.000000000000000 ) ;
#2330 = CARTESIAN_POINT ( 'NONE',  ( 23.00000000000000000, 119.5000000000000000, -18.00000000000000355 ) ) ;
#2331 = CARTESIAN_POINT ( 'NONE',  ( -12.25000000000000000, 95.25000000000000000, -11.99999999999999822 ) ) ;
#2332 = AXIS2_PLACEMENT_3D ( 'NONE', #2827, #903, #271 ) ;
#2333 = CARTESIAN_POINT ( 'NONE',  ( -7.500000000000000000, 144.0000000000000000, -18.00000000000000355 ) ) ;
#2334 = FACE_OUTER_BOUND ( 'NONE', #1244, .T. ) ;
#2335 = ORIENTED_EDGE ( 'NONE', *, *, #1487, .F. ) ;
#2336 = CARTESIAN_POINT ( 'NONE',  ( -12.25000000000000000, 95.25000000000000000, -18.00000000000000000 ) ) ;
#2337 = EDGE_LOOP ( 'NONE', ( #257, #1174 ) ) ;
#2338 = DIRECTION ( 'NONE',  ( -0.000000000000000000, -0.000000000000000000, 1.000000000000000000 ) ) ;
#2339 = ORIENTED_EDGE ( 'NONE', *, *, #174, .T. ) ;
#2340 = CARTESIAN_POINT ( 'NONE',  ( -22.00000000000000000, 190.0000000000000000, -20.99999999999999645 ) ) ;
#2341 = DIRECTION ( 'NONE',  ( -0.000000000000000000, -0.000000000000000000, 1.000000000000000000 ) ) ;
#2342 = ORIENTED_EDGE ( 'NONE', *, *, #1927, .F. ) ;
#2343 = DIRECTION ( 'NONE',  ( -0.000000000000000000, -0.000000000000000000, 1.000000000000000000 ) ) ;
#2344 = EDGE_CURVE ( 'NONE', #1090, #1060, #629, .T. ) ;
#2345 = LINE ( 'NONE', #669, #405 ) ;
#2346 = DIRECTION ( 'NONE',  ( -0.000000000000000000, -0.000000000000000000, 1.000000000000000000 ) ) ;
#2347 = ORIENTED_EDGE ( 'NONE', *, *, #1266, .F. ) ;
#2348 = CARTESIAN_POINT ( 'NONE',  ( -19.00000000000000000, 190.0000000000000000, -20.99999999999999645 ) ) ;
#2349 = ORIENTED_EDGE ( 'NONE', *, *, #1566, .T. ) ;
#2350 = DIRECTION ( 'NONE',  ( -0.000000000000000000, 1.000000000000000000, 0.000000000000000000 ) ) ;
#2351 = EDGE_LOOP ( 'NONE', ( #181, #237 ) ) ;
#2352 = FACE_OUTER_BOUND ( 'NONE', #2016, .T. ) ;
#2353 = CIRCLE ( 'NONE', #2313, 1.100000000000000311 ) ;
#2354 = DIRECTION ( 'NONE',  ( 1.000000000000000000, 0.000000000000000000, 0.000000000000000000 ) ) ;
#2355 = VERTEX_POINT ( 'NONE', #2150 ) ;
#2356 = CIRCLE ( 'NONE', #1033, 2.999999999999999112 ) ;
#2357 = LINE ( 'NONE', #1944, #275 ) ;
#2358 = EDGE_CURVE ( 'NONE', #2355, #1752, #2276, .T. ) ;
#2359 = EDGE_CURVE ( 'NONE', #1894, #430, #858, .T. ) ;
#2360 = LINE ( 'NONE', #1105, #2416 ) ;
#2361 = ORIENTED_EDGE ( 'NONE', *, *, #1302, .T. ) ;
#2362 = LINE ( 'NONE', #2802, #1825 ) ;
#2363 = VERTEX_POINT ( 'NONE', #860 ) ;
#2364 = DIRECTION ( 'NONE',  ( 1.000000000000000000, -0.000000000000000000, 0.000000000000000000 ) ) ;
#2365 = CIRCLE ( 'NONE', #1642, 1.600000000000000755 ) ;
#2366 = ORIENTED_EDGE ( 'NONE', *, *, #880, .F. ) ;
#2367 = PLANE ( 'NONE',  #173 ) ;
#2368 = CIRCLE ( 'NONE', #1140, 1.600000000000000755 ) ;
#2369 = CARTESIAN_POINT ( 'NONE',  ( 8.699999999999999289, 274.6999999999999886, -12.99999999999999822 ) ) ;
#2370 = VECTOR ( 'NONE', #1967, 1000.000000000000000 ) ;
#2371 = EDGE_LOOP ( 'NONE', ( #1746, #2396, #2347, #2227 ) ) ;
#2372 = CARTESIAN_POINT ( 'NONE',  ( 22.00000000000000000, 234.0000000000000000, -21.00000000000000000 ) ) ;
#2373 = VECTOR ( 'NONE', #2003, 1000.000000000000000 ) ;
#2374 = AXIS2_PLACEMENT_3D ( 'NONE', #1860, #337, #2742 ) ;
#2375 = DIRECTION ( 'NONE',  ( -1.000000000000000000, 0.000000000000000000, 0.000000000000000000 ) ) ;
#2376 = VERTEX_POINT ( 'NONE', #1497 ) ;
#2377 = FACE_BOUND ( 'NONE', #301, .T. ) ;
#2378 = EDGE_LOOP ( 'NONE', ( #1218, #1313 ) ) ;
#2379 = ADVANCED_FACE ( 'NONE', ( #1514 ), #2610, .T. ) ;
#2380 = CARTESIAN_POINT ( 'NONE',  ( -15.25000000000000000, 125.7500000000000000, -18.00000000000000000 ) ) ;
#2381 = ORIENTED_EDGE ( 'NONE', *, *, #1686, .T. ) ;
#2382 = DIRECTION ( 'NONE',  ( 1.000000000000000000, 0.000000000000000000, 0.000000000000000000 ) ) ;
#2383 = DIRECTION ( 'NONE',  ( -0.000000000000000000, -0.000000000000000000, 1.000000000000000000 ) ) ;
#2384 = ORIENTED_EDGE ( 'NONE', *, *, #461, .T. ) ;
#2385 = DIRECTION ( 'NONE',  ( 1.000000000000000000, 0.000000000000000000, 0.000000000000000000 ) ) ;
#2386 = PLANE ( 'NONE',  #2783 ) ;
#2387 = ORIENTED_EDGE ( 'NONE', *, *, #2669, .F. ) ;
#2388 = FACE_BOUND ( 'NONE', #596, .T. ) ;
#2389 = ORIENTED_EDGE ( 'NONE', *, *, #2493, .T. ) ;
#2390 = CARTESIAN_POINT ( 'NONE',  ( 12.30000000000000071, 294.3000000000000114, -12.99999999999999822 ) ) ;
#2391 = EDGE_CURVE ( 'NONE', #509, #991, #2362, .T. ) ;
#2392 = EDGE_LOOP ( 'NONE', ( #2569, #1908, #2609, #2785 ) ) ;
#2393 = DIRECTION ( 'NONE',  ( 0.000000000000000000, 0.000000000000000000, -1.000000000000000000 ) ) ;
#2394 = DIRECTION ( 'NONE',  ( 0.000000000000000000, -0.000000000000000000, 1.000000000000000000 ) ) ;
#2395 = ADVANCED_FACE ( 'NONE', ( #878, #1962, #2388, #1744, #2377, #2597, #1539, #431, #12, #1309, #659, #1108, #198, #631, #1948 ), #2175, .T. ) ;
#2396 = ORIENTED_EDGE ( 'NONE', *, *, #387, .F. ) ;
#2397 = CARTESIAN_POINT ( 'NONE',  ( -8.699999999999999289, 274.6999999999999886, -12.99999999999999822 ) ) ;
#2398 = VECTOR ( 'NONE', #1734, 1000.000000000000000 ) ;
#2399 = DIRECTION ( 'NONE',  ( 0.000000000000000000, 0.000000000000000000, 1.000000000000000000 ) ) ;
#2400 = VERTEX_POINT ( 'NONE', #2816 ) ;
#2401 = PLANE ( 'NONE',  #400 ) ;
#2402 = ORIENTED_EDGE ( 'NONE', *, *, #2489, .F. ) ;
#2403 = DIRECTION ( 'NONE',  ( -0.000000000000000000, -0.000000000000000000, 1.000000000000000000 ) ) ;
#2404 = ORIENTED_EDGE ( 'NONE', *, *, #1005, .T. ) ;
#2405 = CARTESIAN_POINT ( 'NONE',  ( -9.500000000000000000, 144.0000000000000000, -20.99999999999999645 ) ) ;
#2406 = EDGE_CURVE ( 'NONE', #1298, #304, #2568, .T. ) ;
#2407 = DIRECTION ( 'NONE',  ( 1.000000000000000000, 0.000000000000000000, 0.000000000000000000 ) ) ;
#2408 = CARTESIAN_POINT ( 'NONE',  ( 16.85000000000000142, 95.25000000000000000, -20.99999999999999645 ) ) ;
#2409 = VERTEX_POINT ( 'NONE', #2833 ) ;
#2410 = DIRECTION ( 'NONE',  ( 0.000000000000000000, -0.000000000000000000, -1.000000000000000000 ) ) ;
#2411 = AXIS2_PLACEMENT_3D ( 'NONE', #541, #2113, #1413 ) ;
#2412 = VECTOR ( 'NONE', #1331, 1000.000000000000000 ) ;
#2413 = CARTESIAN_POINT ( 'NONE',  ( -9.799999999999998934, 274.6999999999999886, -20.99999999999999645 ) ) ;
#2414 = VECTOR ( 'NONE', #412, 1000.000000000000000 ) ;
#2415 = ORIENTED_EDGE ( 'NONE', *, *, #1001, .F. ) ;
#2416 = VECTOR ( 'NONE', #1307, 1000.000000000000000 ) ;
#2417 = DIRECTION ( 'NONE',  ( 1.000000000000000000, 0.000000000000000000, 0.000000000000000000 ) ) ;
#2418 = ORIENTED_EDGE ( 'NONE', *, *, #154, .F. ) ;
#2419 = DIRECTION ( 'NONE',  ( 0.000000000000000000, 0.000000000000000000, 1.000000000000000000 ) ) ;
#2420 = EDGE_LOOP ( 'NONE', ( #244, #241 ) ) ;
#2421 = LINE ( 'NONE', #2405, #2006 ) ;
#2422 = ORIENTED_EDGE ( 'NONE', *, *, #2344, .T. ) ;
#2423 = DIRECTION ( 'NONE',  ( 0.000000000000000000, 0.000000000000000000, 1.000000000000000000 ) ) ;
#2424 = FACE_OUTER_BOUND ( 'NONE', #1199, .T. ) ;
#2425 = VERTEX_POINT ( 'NONE', #186 ) ;
#2426 = FACE_BOUND ( 'NONE', #1964, .T. ) ;
#2427 = DIRECTION ( 'NONE',  ( -0.000000000000000000, -0.000000000000000000, 1.000000000000000000 ) ) ;
#2428 = ADVANCED_FACE ( 'NONE', ( #1756, #1729 ), #2401, .T. ) ;
#2429 = EDGE_LOOP ( 'NONE', ( #1799, #2748, #1577, #11 ) ) ;
#2430 = DIRECTION ( 'NONE',  ( 0.000000000000000000, 0.000000000000000000, 1.000000000000000000 ) ) ;
#2431 = EDGE_CURVE ( 'NONE', #1626, #1994, #2365, .T. ) ;
#2432 = VERTEX_POINT ( 'NONE', #1977 ) ;
#2433 = DIRECTION ( 'NONE',  ( -0.000000000000000000, -0.000000000000000000, -1.000000000000000000 ) ) ;
#2434 = ORIENTED_EDGE ( 'NONE', *, *, #2678, .T. ) ;
#2435 = DIRECTION ( 'NONE',  ( -0.000000000000000000, -1.000000000000000000, -0.000000000000000000 ) ) ;
#2436 = CARTESIAN_POINT ( 'NONE',  ( 9.799999999999998934, 274.6999999999999886, -18.00000000000000355 ) ) ;
#2437 = DIRECTION ( 'NONE',  ( 1.000000000000000000, 0.000000000000000000, 0.000000000000000000 ) ) ;
#2438 = VERTEX_POINT ( 'NONE', #2624 ) ;
#2439 = PLANE ( 'NONE',  #1555 ) ;
#2440 = CARTESIAN_POINT ( 'NONE',  ( -15.25000000000000000, 125.7500000000000000, -20.99999999999999645 ) ) ;
#2441 = EDGE_CURVE ( 'NONE', #1543, #1917, #674, .T. ) ;
#2442 = VERTEX_POINT ( 'NONE', #466 ) ;
#2443 = EDGE_CURVE ( 'NONE', #763, #2635, #1923, .T. ) ;
#2444 = CIRCLE ( 'NONE', #2079, 2.500000000000000444 ) ;
#2445 = LINE ( 'NONE', #2277, #2002 ) ;
#2446 = EDGE_LOOP ( 'NONE', ( #2734, #474, #1269, #2798 ) ) ;
#2447 = CARTESIAN_POINT ( 'NONE',  ( -30.00000000000000000, 119.5000000000000000, -20.99999999999999645 ) ) ;
#2448 = DIRECTION ( 'NONE',  ( -0.000000000000000000, -0.000000000000000000, -1.000000000000000000 ) ) ;
#2449 = FACE_BOUND ( 'NONE', #2068, .T. ) ;
#2450 = PERSON_AND_ORGANIZATION_ROLE ( 'creator' ) ;
#2451 = VERTEX_POINT ( 'NONE', #1714 ) ;
#2452 = DIRECTION ( 'NONE',  ( 0.000000000000000000, -1.000000000000000000, 0.000000000000000000 ) ) ;
#2453 = AXIS2_PLACEMENT_3D ( 'NONE', #532, #1824, #480 ) ;
#2454 = CYLINDRICAL_SURFACE ( 'NONE', #2240, 1.600000000000000755 ) ;
#2455 = CARTESIAN_POINT ( 'NONE',  ( -12.30000000000000071, 274.6999999999999886, -18.00000000000000355 ) ) ;
#2456 = VECTOR ( 'NONE', #2076, 1000.000000000000000 ) ;
#2457 = EDGE_LOOP ( 'NONE', ( #2641, #1640, #824, #99, #578, #187, #1620, #2213, #870, #1656, #1308, #658 ) ) ;
#2458 = VECTOR ( 'NONE', #1252, 1000.000000000000000 ) ;
#2459 = DIRECTION ( 'NONE',  ( 1.000000000000000000, 0.000000000000000000, 0.000000000000000000 ) ) ;
#2460 = VECTOR ( 'NONE', #801, 1000.000000000000000 ) ;
#2461 = DIRECTION ( 'NONE',  ( 0.000000000000000000, 1.000000000000000000, 0.000000000000000000 ) ) ;
#2462 = EDGE_CURVE ( 'NONE', #1671, #2195, #617, .T. ) ;
#2463 = FACE_BOUND ( 'NONE', #1241, .T. ) ;
#2464 = ORIENTED_EDGE ( 'NONE', *, *, #1001, .T. ) ;
#2465 = PLANE ( 'NONE',  #453 ) ;
#2466 = DIRECTION ( 'NONE',  ( -0.000000000000000000, -0.000000000000000000, 1.000000000000000000 ) ) ;
#2467 = CARTESIAN_POINT ( 'NONE',  ( -41.00000000000000000, 318.0000000000000000, -21.00000000000000000 ) ) ;
#2468 = EDGE_LOOP ( 'NONE', ( #886, #592, #2644, #2791 ) ) ;
#2469 = CC_DESIGN_PERSON_AND_ORGANIZATION_ASSIGNMENT ( #89, #2450, ( #1507 ) ) ;
#2470 = DIRECTION ( 'NONE',  ( 0.000000000000000000, 0.000000000000000000, 1.000000000000000000 ) ) ;
#2471 = LINE ( 'NONE', #2065, #589 ) ;
#2472 = ORIENTED_EDGE ( 'NONE', *, *, #367, .T. ) ;
#2473 = EDGE_CURVE ( 'NONE', #1629, #1511, #950, .T. ) ;
#2474 = EDGE_CURVE ( 'NONE', #128, #509, #68, .T. ) ;
#2475 = LINE ( 'NONE', #1170, #1222 ) ;
#2476 = EDGE_CURVE ( 'NONE', #1102, #1815, #2184, .T. ) ;
#2477 = APPROVAL_ROLE ( '' ) ;
#2478 = ORIENTED_EDGE ( 'NONE', *, *, #1579, .T. ) ;
#2479 = DIRECTION ( 'NONE',  ( 0.000000000000000000, 0.000000000000000000, 1.000000000000000000 ) ) ;
#2480 = CYLINDRICAL_SURFACE ( 'NONE', #637, 1.600000000000000755 ) ;
#2481 = DIRECTION ( 'NONE',  ( 1.000000000000000000, 0.000000000000000000, 0.000000000000000000 ) ) ;
#2482 = ORIENTED_EDGE ( 'NONE', *, *, #1579, .F. ) ;
#2483 = ORIENTED_EDGE ( 'NONE', *, *, #2774, .T. ) ;
#2484 = FACE_OUTER_BOUND ( 'NONE', #111, .T. ) ;
#2485 = DIRECTION ( 'NONE',  ( -0.000000000000000000, -0.000000000000000000, -1.000000000000000000 ) ) ;
#2486 = ORIENTED_EDGE ( 'NONE', *, *, #615, .F. ) ;
#2487 = LINE ( 'NONE', #50, #1354 ) ;
#2488 = DATE_AND_TIME ( #1631, #1788 ) ;
#2489 = EDGE_CURVE ( 'NONE', #1150, #1735, #2445, .T. ) ;
#2490 = ORIENTED_EDGE ( 'NONE', *, *, #2792, .T. ) ;
#2491 = FACE_BOUND ( 'NONE', #2206, .T. ) ;
#2492 = LINE ( 'NONE', #559, #1152 ) ;
#2493 = EDGE_CURVE ( 'NONE', #206, #1730, #77, .T. ) ;
#2494 = AXIS2_PLACEMENT_3D ( 'NONE', #153, #2714, #761 ) ;
#2495 = DIRECTION ( 'NONE',  ( 1.000000000000000000, -0.000000000000000000, 0.000000000000000000 ) ) ;
#2496 = DIRECTION ( 'NONE',  ( 1.000000000000000000, 0.000000000000000000, 0.000000000000000000 ) ) ;
#2497 = VECTOR ( 'NONE', #324, 1000.000000000000000 ) ;
#2498 = VECTOR ( 'NONE', #901, 1000.000000000000000 ) ;
#2499 = ORIENTED_EDGE ( 'NONE', *, *, #946, .F. ) ;
#2500 = AXIS2_PLACEMENT_3D ( 'NONE', #736, #1168, #2516 ) ;
#2501 = CARTESIAN_POINT ( 'NONE',  ( 0.000000000000000000, 0.000000000000000000, -13.99999999999999822 ) ) ;
#2502 = DIRECTION ( 'NONE',  ( -0.000000000000000000, -0.000000000000000000, 1.000000000000000000 ) ) ;
#2503 = VECTOR ( 'NONE', #2538, 1000.000000000000000 ) ;
#2504 = ORIENTED_EDGE ( 'NONE', *, *, #1940, .T. ) ;
#2505 = CARTESIAN_POINT ( 'NONE',  ( 7.500000000000000000, 148.0000000000000000, -20.99999999999999645 ) ) ;
#2506 = VECTOR ( 'NONE', #146, 1000.000000000000000 ) ;
#2507 = ORIENTED_EDGE ( 'NONE', *, *, #1419, .T. ) ;
#2508 = DIRECTION ( 'NONE',  ( 0.000000000000000000, -1.000000000000000000, 0.000000000000000000 ) ) ;
#2509 = ADVANCED_FACE ( 'NONE', ( #2680 ), #1136, .F. ) ;
#2510 = CARTESIAN_POINT ( 'NONE',  ( -22.00000000000000000, 170.0000000000000000, -20.99999999999999645 ) ) ;
#2511 = CARTESIAN_POINT ( 'NONE',  ( -19.00000000000000000, 254.0000000000000000, -18.00000000000000355 ) ) ;
#2512 = EDGE_CURVE ( 'NONE', #2635, #1703, #1505, .T. ) ;
#2513 = ORIENTED_EDGE ( 'NONE', *, *, #2391, .T. ) ;
#2514 = ORIENTED_EDGE ( 'NONE', *, *, #1369, .T. ) ;
#2515 = CARTESIAN_POINT ( 'NONE',  ( 16.85000000000000142, 95.25000000000000000, -20.99999999999999645 ) ) ;
#2516 = DIRECTION ( 'NONE',  ( 0.000000000000000000, 0.000000000000000000, -1.000000000000000000 ) ) ;
#2517 = VERTEX_POINT ( 'NONE', #2005 ) ;
#2518 = DIRECTION ( 'NONE',  ( 0.000000000000000000, -1.000000000000000000, 0.000000000000000000 ) ) ;
#2519 = ORIENTED_EDGE ( 'NONE', *, *, #461, .F. ) ;
#2520 = LINE ( 'NONE', #2722, #1645 ) ;
#2521 = DIRECTION ( 'NONE',  ( -1.000000000000000000, 0.000000000000000000, 0.000000000000000000 ) ) ;
#2522 = DIRECTION ( 'NONE',  ( 1.000000000000000000, 0.000000000000000000, 0.000000000000000000 ) ) ;
#2523 = CYLINDRICAL_SURFACE ( 'NONE', #2820, 2.999999999999999112 ) ;
#2524 = EDGE_CURVE ( 'NONE', #220, #905, #2262, .T. ) ;
#2525 = LINE ( 'NONE', #2755, #2192 ) ;
#2526 = ORIENTED_EDGE ( 'NONE', *, *, #1300, .T. ) ;
#2527 = CARTESIAN_POINT ( 'NONE',  ( -15.00000000000000000, 152.0000000000000000, -13.99999999999999822 ) ) ;
#2528 = VECTOR ( 'NONE', #2766, 1000.000000000000000 ) ;
#2529 = PLANE ( 'NONE',  #1510 ) ;
#2530 = VERTEX_POINT ( 'NONE', #2643 ) ;
#2531 = PLANE ( 'NONE',  #1903 ) ;
#2532 = VECTOR ( 'NONE', #1793, 1000.000000000000000 ) ;
#2533 = ORIENTED_EDGE ( 'NONE', *, *, #1796, .T. ) ;
#2534 = CARTESIAN_POINT ( 'NONE',  ( -9.799999999999998934, 294.3000000000000114, -12.99999999999999822 ) ) ;
#2535 = LINE ( 'NONE', #1929, #64 ) ;
#2536 = DIRECTION ( 'NONE',  ( 0.000000000000000000, 1.000000000000000000, 0.000000000000000000 ) ) ;
#2537 = CARTESIAN_POINT ( 'NONE',  ( 19.00000000000000000, 234.0000000000000000, -20.99999999999999645 ) ) ;
#2538 = DIRECTION ( 'NONE',  ( -0.000000000000000000, -0.000000000000000000, 1.000000000000000000 ) ) ;
#2539 = VERTEX_POINT ( 'NONE', #2658 ) ;
#2540 = CARTESIAN_POINT ( 'NONE',  ( 19.00000000000000000, 254.0000000000000000, -20.99999999999999645 ) ) ;
#2541 = CIRCLE ( 'NONE', #2771, 1.600000000000000755 ) ;
#2542 = EDGE_LOOP ( 'NONE', ( #1530, #1556, #1931, #2264 ) ) ;
#2543 = CARTESIAN_POINT ( 'NONE',  ( 41.00000000000000000, 58.00000000000000000, -18.00000000000000355 ) ) ;
#2544 = CIRCLE ( 'NONE', #2171, 2.999999999999999112 ) ;
#2545 = ORIENTED_EDGE ( 'NONE', *, *, #648, .F. ) ;
#2546 = EDGE_CURVE ( 'NONE', #1543, #1837, #1235, .T. ) ;
#2547 = DIRECTION ( 'NONE',  ( -0.000000000000000000, -0.000000000000000000, -1.000000000000000000 ) ) ;
#2548 = VECTOR ( 'NONE', #1552, 1000.000000000000000 ) ;
#2549 = LINE ( 'NONE', #1259, #1675 ) ;
#2550 = ORIENTED_EDGE ( 'NONE', *, *, #2359, .T. ) ;
#2551 = CARTESIAN_POINT ( 'NONE',  ( 23.00000000000000000, 0.000000000000000000, -18.00000000000000355 ) ) ;
#2552 = AXIS2_PLACEMENT_3D ( 'NONE', #443, #1318, #1044 ) ;
#2553 = CARTESIAN_POINT ( 'NONE',  ( 15.25000000000000000, 95.25000000000000000, -11.99999999999999822 ) ) ;
#2554 = DIRECTION ( 'NONE',  ( 0.000000000000000000, 0.000000000000000000, 1.000000000000000000 ) ) ;
#2555 = ORIENTED_EDGE ( 'NONE', *, *, #2668, .T. ) ;
#2556 = DIRECTION ( 'NONE',  ( 0.000000000000000000, -1.000000000000000000, 0.000000000000000000 ) ) ;
#2557 = VERTEX_POINT ( 'NONE', #2455 ) ;
#2558 = CARTESIAN_POINT ( 'NONE',  ( -7.299999999999998934, 294.3000000000000114, -12.99999999999999822 ) ) ;
#2559 = ORIENTED_EDGE ( 'NONE', *, *, #1005, .F. ) ;
#2560 = CARTESIAN_POINT ( 'NONE',  ( -15.25000000000000000, 95.25000000000000000, -20.99999999999999645 ) ) ;
#2561 = EDGE_CURVE ( 'NONE', #1666, #2438, #2541, .T. ) ;
#2562 = ADVANCED_FACE ( 'NONE', ( #1582 ), #1624, .F. ) ;
#2563 = LINE ( 'NONE', #414, #1442 ) ;
#2564 = ORIENTED_EDGE ( 'NONE', *, *, #79, .T. ) ;
#2565 = CARTESIAN_POINT ( 'NONE',  ( -15.25000000000000000, 125.7500000000000000, -20.99999999999999645 ) ) ;
#2566 = CARTESIAN_POINT ( 'NONE',  ( -22.00000000000000000, 170.0000000000000000, -18.00000000000000355 ) ) ;
#2567 = ORIENTED_EDGE ( 'NONE', *, *, #1494, .F. ) ;
#2568 = LINE ( 'NONE', #1337, #35 ) ;
#2569 = ORIENTED_EDGE ( 'NONE', *, *, #1546, .T. ) ;
#2570 = DIRECTION ( 'NONE',  ( 0.000000000000000000, 1.000000000000000000, 0.000000000000000000 ) ) ;
#2571 = VECTOR ( 'NONE', #2341, 1000.000000000000000 ) ;
#2572 = ORIENTED_EDGE ( 'NONE', *, *, #2323, .T. ) ;
#2573 = DIRECTION ( 'NONE',  ( 0.000000000000000000, -0.000000000000000000, 1.000000000000000000 ) ) ;
#2574 = AXIS2_PLACEMENT_3D ( 'NONE', #1618, #524, #1819 ) ;
#2575 = PLANE ( 'NONE',  #1989 ) ;
#2576 = ADVANCED_FACE ( 'NONE', ( #2223 ), #276, .F. ) ;
#2577 = ORIENTED_EDGE ( 'NONE', *, *, #2274, .F. ) ;
#2578 = DIRECTION ( 'NONE',  ( -0.000000000000000000, -0.000000000000000000, -1.000000000000000000 ) ) ;
#2579 = DIRECTION ( 'NONE',  ( 0.000000000000000000, -0.000000000000000000, 1.000000000000000000 ) ) ;
#2580 = ADVANCED_FACE ( 'NONE', ( #1790 ), #2250, .F. ) ;
#2581 = ORIENTED_EDGE ( 'NONE', *, *, #2757, .T. ) ;
#2582 = DIRECTION ( 'NONE',  ( 1.000000000000000000, 0.000000000000000000, 0.000000000000000000 ) ) ;
#2583 = ORIENTED_EDGE ( 'NONE', *, *, #1517, .F. ) ;
#2584 = LINE ( 'NONE', #1518, #848 ) ;
#2585 = VECTOR ( 'NONE', #1861, 1000.000000000000000 ) ;
#2586 = EDGE_LOOP ( 'NONE', ( #37, #2254 ) ) ;
#2587 = CARTESIAN_POINT ( 'NONE',  ( -9.799999999999998934, 294.3000000000000114, -12.99999999999999822 ) ) ;
#2588 = LOCAL_TIME ( 17, 50, 23.00000000000000000, #2256 ) ;
#2589 = FACE_OUTER_BOUND ( 'NONE', #1093, .T. ) ;
#2590 = AXIS2_PLACEMENT_3D ( 'NONE', #1952, #425, #1303 ) ;
#2591 = ORIENTED_EDGE ( 'NONE', *, *, #2651, .T. ) ;
#2592 = CARTESIAN_POINT ( 'NONE',  ( 41.00000000000000000, 58.00000000000000000, -18.00000000000000355 ) ) ;
#2593 = AXIS2_PLACEMENT_3D ( 'NONE', #134, #1696, #2724 ) ;
#2594 = VECTOR ( 'NONE', #2275, 1000.000000000000000 ) ;
#2595 = FACE_OUTER_BOUND ( 'NONE', #1453, .T. ) ;
#2596 = ORIENTED_EDGE ( 'NONE', *, *, #1250, .T. ) ;
#2597 = FACE_BOUND ( 'NONE', #1345, .T. ) ;
#2598 = EDGE_CURVE ( 'NONE', #2216, #1057, #2237, .T. ) ;
#2599 = ORIENTED_EDGE ( 'NONE', *, *, #774, .F. ) ;
#2600 = EDGE_CURVE ( 'NONE', #2136, #673, #719, .T. ) ;
#2601 = CARTESIAN_POINT ( 'NONE',  ( -16.85000000000000142, 95.25000000000000000, -20.99999999999999645 ) ) ;
#2602 = ORIENTED_EDGE ( 'NONE', *, *, #1684, .T. ) ;
#2603 = DIRECTION ( 'NONE',  ( 0.000000000000000000, 0.000000000000000000, 1.000000000000000000 ) ) ;
#2604 = CARTESIAN_POINT ( 'NONE',  ( 13.64999999999999858, 125.7500000000000000, -11.99999999999999822 ) ) ;
#2605 = LINE ( 'NONE', #2408, #171 ) ;
#2606 = ORIENTED_EDGE ( 'NONE', *, *, #718, .T. ) ;
#2607 = DIRECTION ( 'NONE',  ( -0.000000000000000000, -0.000000000000000000, 1.000000000000000000 ) ) ;
#2608 = CARTESIAN_POINT ( 'NONE',  ( -22.00000000000000000, 170.0000000000000000, -20.99999999999999645 ) ) ;
#2609 = ORIENTED_EDGE ( 'NONE', *, *, #1890, .T. ) ;
#2610 = CYLINDRICAL_SURFACE ( 'NONE', #2089, 2.500000000000000444 ) ;
#2611 = ADVANCED_FACE ( 'NONE', ( #1813 ), #1377, .F. ) ;
#2612 = ORIENTED_EDGE ( 'NONE', *, *, #1423, .F. ) ;
#2613 = DIRECTION ( 'NONE',  ( 0.000000000000000000, 0.000000000000000000, -1.000000000000000000 ) ) ;
#2614 = ORIENTED_EDGE ( 'NONE', *, *, #65, .F. ) ;
#2615 = DIRECTION ( 'NONE',  ( 1.000000000000000000, 0.000000000000000000, 0.000000000000000000 ) ) ;
#2616 = DIRECTION ( 'NONE',  ( 1.000000000000000000, 0.000000000000000000, 0.000000000000000000 ) ) ;
#2617 = DIRECTION ( 'NONE',  ( 1.000000000000000000, 0.000000000000000000, 0.000000000000000000 ) ) ;
#2618 = ORIENTED_EDGE ( 'NONE', *, *, #1177, .F. ) ;
#2619 = DIRECTION ( 'NONE',  ( 0.000000000000000000, 0.000000000000000000, 1.000000000000000000 ) ) ;
#2620 = AXIS2_PLACEMENT_3D ( 'NONE', #1563, #2423, #2616 ) ;
#2621 = VECTOR ( 'NONE', #1426, 1000.000000000000000 ) ;
#2622 = CARTESIAN_POINT ( 'NONE',  ( -15.25000000000000000, 125.7500000000000000, -11.99999999999999822 ) ) ;
#2623 = VERTEX_POINT ( 'NONE', #2467 ) ;
#2624 = CARTESIAN_POINT ( 'NONE',  ( -13.64999999999999858, 125.7500000000000000, -20.99999999999999645 ) ) ;
#2625 = VERTEX_POINT ( 'NONE', #518 ) ;
#2626 = LINE ( 'NONE', #1776, #2532 ) ;
#2627 = ORIENTED_EDGE ( 'NONE', *, *, #564, .F. ) ;
#2628 = FACE_OUTER_BOUND ( 'NONE', #811, .T. ) ;
#2629 = ORIENTED_EDGE ( 'NONE', *, *, #2829, .T. ) ;
#2630 = AXIS2_PLACEMENT_3D ( 'NONE', #2697, #745, #733 ) ;
#2631 = CYLINDRICAL_SURFACE ( 'NONE', #1491, 1.100000000000000311 ) ;
#2632 = CARTESIAN_POINT ( 'NONE',  ( -15.00000000000000000, 260.0000000000000000, -13.99999999999999822 ) ) ;
#2633 = ADVANCED_FACE ( 'NONE', ( #2071 ), #1665, .F. ) ;
#2634 = AXIS2_PLACEMENT_3D ( 'NONE', #1207, #2751, #2057 ) ;
#2635 = VERTEX_POINT ( 'NONE', #312 ) ;
#2636 = AXIS2_PLACEMENT_3D ( 'NONE', #2632, #1576, #267 ) ;
#2637 = PLANE ( 'NONE',  #587 ) ;
#2638 = AXIS2_PLACEMENT_3D ( 'NONE', #1202, #2747, #1829 ) ;
#2639 = LINE ( 'NONE', #256, #1559 ) ;
#2640 = AXIS2_PLACEMENT_3D ( 'NONE', #436, #2156, #639 ) ;
#2641 = ORIENTED_EDGE ( 'NONE', *, *, #2669, .T. ) ;
#2642 = VECTOR ( 'NONE', #1622, 1000.000000000000000 ) ;
#2643 = CARTESIAN_POINT ( 'NONE',  ( -7.500000000000000000, 144.0000000000000000, -21.00000000000000000 ) ) ;
#2644 = ORIENTED_EDGE ( 'NONE', *, *, #1959, .T. ) ;
#2645 = FACE_OUTER_BOUND ( 'NONE', #1562, .T. ) ;
#2646 = VERTEX_POINT ( 'NONE', #1446 ) ;
#2647 = CARTESIAN_POINT ( 'NONE',  ( -22.00000000000000000, 234.0000000000000000, -20.99999999999999645 ) ) ;
#2648 = EDGE_LOOP ( 'NONE', ( #1097, #19, #1805, #1352 ) ) ;
#2649 = LINE ( 'NONE', #472, #1770 ) ;
#2650 = DIRECTION ( 'NONE',  ( 0.000000000000000000, 0.000000000000000000, -1.000000000000000000 ) ) ;
#2651 = EDGE_CURVE ( 'NONE', #2826, #2202, #1209, .T. ) ;
#2652 = ORIENTED_EDGE ( 'NONE', *, *, #2512, .T. ) ;
#2653 = ADVANCED_FACE ( 'NONE', ( #548 ), #136, .F. ) ;
#2654 = CARTESIAN_POINT ( 'NONE',  ( -9.799999999999998934, 294.3000000000000114, -18.00000000000000355 ) ) ;
#2655 = UNCERTAINTY_MEASURE_WITH_UNIT (LENGTH_MEASURE( 1.000000000000000082E-05 ), #1919, 'distance_accuracy_value', 'NONE');
#2656 = DIRECTION ( 'NONE',  ( -0.000000000000000000, -0.000000000000000000, -1.000000000000000000 ) ) ;
#2657 = ORIENTED_EDGE ( 'NONE', *, *, #1512, .T. ) ;
#2658 = CARTESIAN_POINT ( 'NONE',  ( 19.00000000000000000, 190.0000000000000000, -18.00000000000000355 ) ) ;
#2659 = EDGE_LOOP ( 'NONE', ( #2145, #418, #630, #638 ) ) ;
#2660 = CARTESIAN_POINT ( 'NONE',  ( 41.00000000000000000, 119.5000000000000000, -18.00000000000000355 ) ) ;
#2661 = DIRECTION ( 'NONE',  ( 0.000000000000000000, 0.000000000000000000, 1.000000000000000000 ) ) ;
#2662 = FACE_BOUND ( 'NONE', #760, .T. ) ;
#2663 = ORIENTED_EDGE ( 'NONE', *, *, #2309, .F. ) ;
#2664 = LINE ( 'NONE', #2001, #1599 ) ;
#2665 = FACE_OUTER_BOUND ( 'NONE', #2764, .T. ) ;
#2666 = AXIS2_PLACEMENT_3D ( 'NONE', #1394, #1843, #2269 ) ;
#2667 = DIRECTION ( 'NONE',  ( -1.000000000000000000, -0.000000000000000000, -0.000000000000000000 ) ) ;
#2668 = EDGE_CURVE ( 'NONE', #1090, #953, #989, .T. ) ;
#2669 = EDGE_CURVE ( 'NONE', #375, #714, #373, .T. ) ;
#2670 = ORIENTED_EDGE ( 'NONE', *, *, #135, .T. ) ;
#2671 = CARTESIAN_POINT ( 'NONE',  ( -15.25000000000000000, 95.25000000000000000, -20.99999999999999645 ) ) ;
#2672 = FACE_OUTER_BOUND ( 'NONE', #2199, .T. ) ;
#2673 = ORIENTED_EDGE ( 'NONE', *, *, #916, .F. ) ;
#2674 = CARTESIAN_POINT ( 'NONE',  ( 0.000000000000000000, 0.000000000000000000, -18.00000000000000355 ) ) ;
#2675 = ORIENTED_EDGE ( 'NONE', *, *, #2137, .T. ) ;
#2676 = FACE_OUTER_BOUND ( 'NONE', #2542, .T. ) ;
#2677 = AXIS2_PLACEMENT_3D ( 'NONE', #2553, #601, #1654 ) ;
#2678 = EDGE_CURVE ( 'NONE', #2202, #608, #2303, .T. ) ;
#2679 = DIRECTION ( 'NONE',  ( 1.000000000000000000, 0.000000000000000000, 0.000000000000000000 ) ) ;
#2680 = FACE_OUTER_BOUND ( 'NONE', #1255, .T. ) ;
#2681 = CIRCLE ( 'NONE', #2590, 1.600000000000000755 ) ;
#2682 = ADVANCED_FACE ( 'NONE', ( #353 ), #2523, .T. ) ;
#2683 = ADVANCED_FACE ( 'NONE', ( #2105 ), #1251, .F. ) ;
#2684 = ORIENTED_EDGE ( 'NONE', *, *, #1036, .T. ) ;
#2685 = EDGE_CURVE ( 'NONE', #2081, #1743, #1417, .T. ) ;
#2686 = VECTOR ( 'NONE', #888, 1000.000000000000000 ) ;
#2687 = CARTESIAN_POINT ( 'NONE',  ( 7.500000000000000000, 144.0000000000000000, -18.00000000000000355 ) ) ;
#2688 = VECTOR ( 'NONE', #2522, 1000.000000000000000 ) ;
#2689 = LINE ( 'NONE', #536, #2456 ) ;
#2690 = ADVANCED_FACE ( 'NONE', ( #1879 ), #572, .F. ) ;
#2691 = VECTOR ( 'NONE', #2433, 1000.000000000000000 ) ;
#2692 = FACE_BOUND ( 'NONE', #687, .T. ) ;
#2693 = VERTEX_POINT ( 'NONE', #2333 ) ;
#2694 = FACE_OUTER_BOUND ( 'NONE', #2112, .T. ) ;
#2695 = AXIS2_PLACEMENT_3D ( 'NONE', #1864, #2109, #342 ) ;
#2696 = DIRECTION ( 'NONE',  ( -0.000000000000000000, -0.000000000000000000, 1.000000000000000000 ) ) ;
#2697 = CARTESIAN_POINT ( 'NONE',  ( -9.799999999999998934, 294.3000000000000114, -12.99999999999999822 ) ) ;
#2698 = ORIENTED_EDGE ( 'NONE', *, *, #1975, .F. ) ;
#2699 = ORIENTED_EDGE ( 'NONE', *, *, #1085, .T. ) ;
#2700 = ADVANCED_FACE ( 'NONE', ( #1891 ), #2318, .F. ) ;
#2701 = DIRECTION ( 'NONE',  ( -0.000000000000000000, -1.000000000000000000, -0.000000000000000000 ) ) ;
#2702 = LINE ( 'NONE', #319, #1414 ) ;
#2703 = ORIENTED_EDGE ( 'NONE', *, *, #327, .T. ) ;
#2704 = CARTESIAN_POINT ( 'NONE',  ( 9.799999999999998934, 274.6999999999999886, -18.00000000000000355 ) ) ;
#2705 = COORDINATED_UNIVERSAL_TIME_OFFSET ( 12, 0, .AHEAD. ) ;
#2706 = EDGE_LOOP ( 'NONE', ( #611, #1880, #2602, #1774 ) ) ;
#2707 = EDGE_CURVE ( 'NONE', #1978, #2539, #338, .T. ) ;
#2708 = LINE ( 'NONE', #768, #544 ) ;
#2709 = DIRECTION ( 'NONE',  ( -0.000000000000000000, -0.000000000000000000, 1.000000000000000000 ) ) ;
#2710 = CARTESIAN_POINT ( 'NONE',  ( 9.799999999999998934, 274.6999999999999886, -12.99999999999999822 ) ) ;
#2711 = AXIS2_PLACEMENT_3D ( 'NONE', #1357, #1130, #1545 ) ;
#2712 = ORIENTED_EDGE ( 'NONE', *, *, #2101, .F. ) ;
#2713 = ORIENTED_EDGE ( 'NONE', *, *, #704, .F. ) ;
#2714 = DIRECTION ( 'NONE',  ( 0.000000000000000000, 0.000000000000000000, 1.000000000000000000 ) ) ;
#2715 = VECTOR ( 'NONE', #810, 1000.000000000000000 ) ;
#2716 = ADVANCED_FACE ( 'NONE', ( #1006 ), #149, .T. ) ;
#2717 = CARTESIAN_POINT ( 'NONE',  ( -41.00000000000000000, 58.00000000000000000, -18.00000000000000355 ) ) ;
#2718 = EDGE_LOOP ( 'NONE', ( #2612, #1850 ) ) ;
#2719 = CIRCLE ( 'NONE', #1498, 1.100000000000000311 ) ;
#2720 = PLANE ( 'NONE',  #1945 ) ;
#2721 = VERTEX_POINT ( 'NONE', #817 ) ;
#2722 = CARTESIAN_POINT ( 'NONE',  ( -19.00000000000000000, 234.0000000000000000, -20.99999999999999645 ) ) ;
#2723 = EDGE_CURVE ( 'NONE', #377, #807, #907, .T. ) ;
#2724 = DIRECTION ( 'NONE',  ( 0.000000000000000000, 0.000000000000000000, -1.000000000000000000 ) ) ;
#2725 = CIRCLE ( 'NONE', #1736, 2.500000000000000444 ) ;
#2726 = DIRECTION ( 'NONE',  ( -0.000000000000000000, -0.000000000000000000, -1.000000000000000000 ) ) ;
#2727 = DIRECTION ( 'NONE',  ( -1.000000000000000000, -0.000000000000000000, -0.000000000000000000 ) ) ;
#2728 = VECTOR ( 'NONE', #2508, 1000.000000000000000 ) ;
#2729 = VERTEX_POINT ( 'NONE', #2511 ) ;
#2730 = VECTOR ( 'NONE', #927, 1000.000000000000000 ) ;
#2731 = CARTESIAN_POINT ( 'NONE',  ( 23.00000000000000000, 132.5000000000000000, -20.99999999999999645 ) ) ;
#2732 = CARTESIAN_POINT ( 'NONE',  ( 15.25000000000000000, 125.7500000000000000, -20.99999999999999645 ) ) ;
#2733 = VECTOR ( 'NONE', #1479, 1000.000000000000000 ) ;
#2734 = ORIENTED_EDGE ( 'NONE', *, *, #2792, .F. ) ;
#2735 = FACE_OUTER_BOUND ( 'NONE', #209, .T. ) ;
#2736 = AXIS2_PLACEMENT_3D ( 'NONE', #1003, #1019, #2117 ) ;
#2737 = EDGE_LOOP ( 'NONE', ( #2011, #1332 ) ) ;
#2738 = DIRECTION ( 'NONE',  ( -0.000000000000000000, -0.000000000000000000, -1.000000000000000000 ) ) ;
#2739 = DIRECTION ( 'NONE',  ( 0.000000000000000000, 0.000000000000000000, 1.000000000000000000 ) ) ;
#2740 = EDGE_CURVE ( 'NONE', #356, #1448, #675, .T. ) ;
#2741 = EDGE_CURVE ( 'NONE', #1826, #1123, #1047, .T. ) ;
#2742 = DIRECTION ( 'NONE',  ( 1.000000000000000000, 0.000000000000000000, 0.000000000000000000 ) ) ;
#2743 = DIRECTION ( 'NONE',  ( 1.000000000000000000, 0.000000000000000000, 0.000000000000000000 ) ) ;
#2744 = EDGE_LOOP ( 'NONE', ( #2124, #2805, #2581, #447 ) ) ;
#2745 = VERTEX_POINT ( 'NONE', #1115 ) ;
#2746 = CARTESIAN_POINT ( 'NONE',  ( -41.00000000000000000, 58.00000000000000000, -18.00000000000000355 ) ) ;
#2747 = DIRECTION ( 'NONE',  ( 0.000000000000000000, 1.000000000000000000, 0.000000000000000000 ) ) ;
#2748 = ORIENTED_EDGE ( 'NONE', *, *, #2359, .F. ) ;
#2749 = FACE_OUTER_BOUND ( 'NONE', #1039, .T. ) ;
#2750 = EDGE_LOOP ( 'NONE', ( #1842, #1617, #493, #401 ) ) ;
#2751 = DIRECTION ( 'NONE',  ( 0.000000000000000000, 0.000000000000000000, 1.000000000000000000 ) ) ;
#2752 = PLANE ( 'NONE',  #940 ) ;
#2753 = CARTESIAN_POINT ( 'NONE',  ( 13.64999999999999858, 125.7500000000000000, -20.99999999999999645 ) ) ;
#2754 = CARTESIAN_POINT ( 'NONE',  ( -15.25000000000000000, 125.7500000000000000, -20.99999999999999645 ) ) ;
#2755 = CARTESIAN_POINT ( 'NONE',  ( -15.00000000000000000, 260.0000000000000000, -13.99999999999999822 ) ) ;
#2756 = ORIENTED_EDGE ( 'NONE', *, *, #2115, .T. ) ;
#2757 = EDGE_CURVE ( 'NONE', #833, #1482, #1131, .T. ) ;
#2758 = DIRECTION ( 'NONE',  ( -0.000000000000000000, -0.000000000000000000, -1.000000000000000000 ) ) ;
#2759 = ADVANCED_FACE ( 'NONE', ( #2424 ), #1984, .F. ) ;
#2760 = CIRCLE ( 'NONE', #712, 2.500000000000000444 ) ;
#2761 = ORIENTED_EDGE ( 'NONE', *, *, #1201, .F. ) ;
#2762 = LINE ( 'NONE', #2312, #340 ) ;
#2763 = AXIS2_PLACEMENT_3D ( 'NONE', #2210, #1325, #245 ) ;
#2764 = EDGE_LOOP ( 'NONE', ( #2767, #1338, #2629, #2279 ) ) ;
#2765 = CARTESIAN_POINT ( 'NONE',  ( -15.25000000000000000, 95.25000000000000000, -20.99999999999999645 ) ) ;
#2766 = DIRECTION ( 'NONE',  ( -0.000000000000000000, -1.000000000000000000, -0.000000000000000000 ) ) ;
#2767 = ORIENTED_EDGE ( 'NONE', *, *, #2443, .F. ) ;
#2768 = DIRECTION ( 'NONE',  ( -1.000000000000000000, 0.000000000000000000, 0.000000000000000000 ) ) ;
#2769 = DIRECTION ( 'NONE',  ( -1.000000000000000000, 0.000000000000000000, 0.000000000000000000 ) ) ;
#2770 = DIRECTION ( 'NONE',  ( -1.000000000000000000, 0.000000000000000000, 0.000000000000000000 ) ) ;
#2771 = AXIS2_PLACEMENT_3D ( 'NONE', #1594, #1121, #694 ) ;
#2772 = ORIENTED_EDGE ( 'NONE', *, *, #2524, .F. ) ;
#2773 = LINE ( 'NONE', #1422, #2297 ) ;
#2774 = EDGE_CURVE ( 'NONE', #128, #488, #2181, .T. ) ;
#2775 = AXIS2_PLACEMENT_3D ( 'NONE', #590, #2075, #1466 ) ;
#2776 = EDGE_CURVE ( 'NONE', #2721, #660, #2345, .T. ) ;
#2777 = ADVANCED_FACE ( 'NONE', ( #440 ), #487, .F. ) ;
#2778 = VERTEX_POINT ( 'NONE', #385 ) ;
#2779 = CARTESIAN_POINT ( 'NONE',  ( -15.00000000000000000, 262.0000000000000000, -18.00000000000000000 ) ) ;
#2780 = AXIS2_PLACEMENT_3D ( 'NONE', #49, #1112, #2615 ) ;
#2781 = ORIENTED_EDGE ( 'NONE', *, *, #98, .F. ) ;
#2782 = DIRECTION ( 'NONE',  ( -0.000000000000000000, 1.000000000000000000, 0.000000000000000000 ) ) ;
#2783 = AXIS2_PLACEMENT_3D ( 'NONE', #656, #1921, #1493 ) ;
#2784 = DIRECTION ( 'NONE',  ( -1.000000000000000000, 0.000000000000000000, 0.000000000000000000 ) ) ;
#2785 = ORIENTED_EDGE ( 'NONE', *, *, #804, .T. ) ;
#2786 = LINE ( 'NONE', #831, #507 ) ;
#2787 = CARTESIAN_POINT ( 'NONE',  ( 22.00000000000000000, 254.0000000000000000, -20.99999999999999645 ) ) ;
#2788 = LINE ( 'NONE', #10, #1920 ) ;
#2789 = ORIENTED_EDGE ( 'NONE', *, *, #113, .F. ) ;
#2790 = CARTESIAN_POINT ( 'NONE',  ( 13.64999999999999858, 95.25000000000000000, -20.99999999999999645 ) ) ;
#2791 = ORIENTED_EDGE ( 'NONE', *, *, #496, .F. ) ;
#2792 = EDGE_CURVE ( 'NONE', #2202, #1271, #473, .T. ) ;
#2793 = FACE_OUTER_BOUND ( 'NONE', #2221, .T. ) ;
#2794 = ORIENTED_EDGE ( 'NONE', *, *, #577, .F. ) ;
#2795 = CYLINDRICAL_SURFACE ( 'NONE', #2640, 2.999999999999999112 ) ;
#2796 = LINE ( 'NONE', #570, #297 ) ;
#2797 = EDGE_CURVE ( 'NONE', #519, #2066, #122, .T. ) ;
#2798 = ORIENTED_EDGE ( 'NONE', *, *, #1281, .F. ) ;
#2799 = DIRECTION ( 'NONE',  ( -1.000000000000000000, 0.000000000000000000, 0.000000000000000000 ) ) ;
#2800 = CARTESIAN_POINT ( 'NONE',  ( -18.25000000000000000, 125.7500000000000000, -11.99999999999999822 ) ) ;
#2801 = ORIENTED_EDGE ( 'NONE', *, *, #2561, .F. ) ;
#2802 = CARTESIAN_POINT ( 'NONE',  ( -9.500000000000000000, 148.0000000000000000, -20.99999999999999645 ) ) ;
#2803 = ORIENTED_EDGE ( 'NONE', *, *, #2473, .F. ) ;
#2804 = CARTESIAN_POINT ( 'NONE',  ( 19.00000000000000000, 190.0000000000000000, -20.99999999999999645 ) ) ;
#2805 = ORIENTED_EDGE ( 'NONE', *, *, #463, .T. ) ;
#2806 = DIRECTION ( 'NONE',  ( 0.000000000000000000, 0.000000000000000000, 1.000000000000000000 ) ) ;
#2807 = CIRCLE ( 'NONE', #1586, 2.500000000000000444 ) ;
#2808 = LINE ( 'NONE', #1750, #1221 ) ;
#2809 = ORIENTED_EDGE ( 'NONE', *, *, #190, .F. ) ;
#2810 = DIRECTION ( 'NONE',  ( 0.000000000000000000, 0.000000000000000000, 1.000000000000000000 ) ) ;
#2811 = EDGE_CURVE ( 'NONE', #304, #991, #2201, .T. ) ;
#2812 = EDGE_CURVE ( 'NONE', #1, #2451, #218, .T. ) ;
#2813 = FACE_BOUND ( 'NONE', #650, .T. ) ;
#2814 = EDGE_CURVE ( 'NONE', #377, #814, #251, .T. ) ;
#2815 = ORIENTED_EDGE ( 'NONE', *, *, #259, .F. ) ;
#2816 = CARTESIAN_POINT ( 'NONE',  ( 16.85000000000000142, 125.7500000000000000, -20.99999999999999645 ) ) ;
#2817 = VECTOR ( 'NONE', #808, 1000.000000000000000 ) ;
#2818 = EDGE_LOOP ( 'NONE', ( #2504, #526, #2231, #1897 ) ) ;
#2819 = DIRECTION ( 'NONE',  ( 1.000000000000000000, 0.000000000000000000, 0.000000000000000000 ) ) ;
#2820 = AXIS2_PLACEMENT_3D ( 'NONE', #1431, #2085, #2059 ) ;
#2821 = EDGE_LOOP ( 'NONE', ( #854, #1049 ) ) ;
#2822 = PLANE ( 'NONE',  #1742 ) ;
#2823 = VECTOR ( 'NONE', #2452, 1000.000000000000000 ) ;
#2824 = CARTESIAN_POINT ( 'NONE',  ( 9.799999999999998934, 274.6999999999999886, -12.99999999999999822 ) ) ;
#2825 = AXIS2_PLACEMENT_3D ( 'NONE', #2765, #1690, #597 ) ;
#2826 = VERTEX_POINT ( 'NONE', #21 ) ;
#2827 = CARTESIAN_POINT ( 'NONE',  ( -9.799999999999998934, 294.3000000000000114, -12.99999999999999822 ) ) ;
#2828 = AXIS2_PLACEMENT_3D ( 'NONE', #1319, #844, #2579 ) ;
#2829 = EDGE_CURVE ( 'NONE', #2283, #1703, #2605, .T. ) ;
#2830 = CIRCLE ( 'NONE', #732, 1.100000000000000311 ) ;
#2831 = DIRECTION ( 'NONE',  ( 1.000000000000000000, 0.000000000000000000, 0.000000000000000000 ) ) ;
#2832 = ORIENTED_EDGE ( 'NONE', *, *, #408, .T. ) ;
#2833 = CARTESIAN_POINT ( 'NONE',  ( 12.30000000000000071, 294.3000000000000114, -18.00000000000000355 ) ) ;
ENDSEC;
END-ISO-10303-21;
