ISO-10303-21;
HEADER;
FILE_DESCRIPTION (( 'STEP AP203' ),
    '1' );
FILE_NAME ('Body.step',
    '2026-09-29T05:06:39',
    ( '' ),
    ( '' ),
    '',
    '',
    '' );
FILE_SCHEMA (( 'CONFIG_CONTROL_DESIGN' ));
ENDSEC;

DATA;
#1 = CARTESIAN_POINT ( 'NONE',  ( 32.88046532517448384, 176.5866740378391739, 32.88046532517445542 ) ) ;
#2 = CARTESIAN_POINT ( 'NONE',  ( -40.15053420550684393, 101.0166046022987985, 25.61039644484207400 ) ) ;
#3 = CARTESIAN_POINT ( 'NONE',  ( -32.49898569560905770, 37.17140469785623935, -33.26194495473988155 ) ) ;
#4 = CARTESIAN_POINT ( 'NONE',  ( 42.55474908577791382, 135.9913053418302127, -26.25072632901945369 ) ) ;
#5 = CARTESIAN_POINT ( 'NONE',  ( -45.46696603029500494, 52.00000000000000000, 45.04270196158308437 ) ) ;
#6 = VERTEX_POINT ( 'NONE', #4867 ) ;
#7 = B_SPLINE_CURVE_WITH_KNOTS ( 'NONE', 3,
 ( #3538, #5203, #5630, #4625 ),
 .UNSPECIFIED., .F., .F.,
 ( 4, 4 ),
 ( 0.000000000000000000, 0.009128091185151952433 ),
 .UNSPECIFIED. ) ;
#8 = ORIENTED_EDGE ( 'NONE', *, *, #6137, .F. ) ;
#9 = DIRECTION ( 'NONE',  ( 0.000000000000000000, 0.000000000000000000, -1.000000000000000000 ) ) ;
#10 = CARTESIAN_POINT ( 'NONE',  ( -43.94697918396571623, 157.2818685057020218, -46.56268880791239440 ) ) ;
#11 = CARTESIAN_POINT ( 'NONE',  ( -47.00000000000000000, 194.9311061388172845, 2.395508128715533758 ) ) ;
#12 = CARTESIAN_POINT ( 'NONE',  ( 0.000000000000000000, 335.0000000000000000, 50.00000000000000000 ) ) ;
#13 = CARTESIAN_POINT ( 'NONE',  ( -37.00988115598539707, 66.80701258836775480, 28.75104949436351731 ) ) ;
#14 = CARTESIAN_POINT ( 'NONE',  ( 37.49320649782439574, 71.28898199371604960, 28.26772415252454351 ) ) ;
#15 = ORIENTED_EDGE ( 'NONE', *, *, #4026, .T. ) ;
#16 = ORIENTED_EDGE ( 'NONE', *, *, #3082, .T. ) ;
#17 = CARTESIAN_POINT ( 'NONE',  ( 25.61039644484207756, 101.0166046022987985, 40.15053420550685814 ) ) ;
#18 = CARTESIAN_POINT ( 'NONE',  ( 24.37365805196742130, 126.6764942988443892, -41.38727259838148598 ) ) ;
#19 = CARTESIAN_POINT ( 'NONE',  ( -45.51935232921328378, 52.44175755770030634, 44.99031566266479842 ) ) ;
#20 = APPLICATION_PROTOCOL_DEFINITION ( 'international standard', 'config_control_design', 1994, #4591 ) ;
#21 = CARTESIAN_POINT ( 'NONE',  ( 29.19682311961569354, 162.4383763707146215, 40.59050206124566529 ) ) ;
#22 = CARTESIAN_POINT ( 'NONE',  ( 24.37365805196742130, 126.6764942988443892, -41.38727259838148598 ) ) ;
#23 = CARTESIAN_POINT ( 'NONE',  ( 24.39235554936074735, 141.0186408901463437, 41.36857510098818835 ) ) ;
#24 = ORIENTED_EDGE ( 'NONE', *, *, #5257, .T. ) ;
#25 = DIRECTION ( 'NONE',  ( 0.7071067811865474617, 0.000000000000000000, -0.7071067811865474617 ) ) ;
#26 = CARTESIAN_POINT ( 'NONE',  ( 47.31597781508198608, 69.12979561808754170, -43.19369017679610323 ) ) ;
#27 = FACE_OUTER_BOUND ( 'NONE', #5627, .T. ) ;
#28 = CARTESIAN_POINT ( 'NONE',  ( 28.67738453376395569, 68.33317738998587743, -37.24544781882608646 ) ) ;
#29 = ORIENTED_EDGE ( 'NONE', *, *, #5781, .T. ) ;
#30 = CARTESIAN_POINT ( 'NONE',  ( -31.16249184016698592, 49.00211377389215528, 35.06995688179171111 ) ) ;
#31 = CARTESIAN_POINT ( 'NONE',  ( 0.000000000000000000, 54.99999999999999289, 0.000000000000000000 ) ) ;
#32 = CARTESIAN_POINT ( 'NONE',  ( 50.58970023380035741, 130.9941881811296014, -39.91996775807773901 ) ) ;
#33 = CARTESIAN_POINT ( 'NONE',  ( -24.37365805196744262, 126.6764942988443892, -41.38727259838150019 ) ) ;
#34 = AXIS2_PLACEMENT_3D ( 'NONE', #2898, #6167, #1188 ) ;
#35 = PRODUCT_DEFINITION_SHAPE ( 'NONE', 'NONE',  #1790 ) ;
#36 = CARTESIAN_POINT ( 'NONE',  ( -37.49320649782438153, 71.28898199371604960, 28.26772415252452575 ) ) ;
#37 = CARTESIAN_POINT ( 'NONE',  ( -24.37365805196744262, 126.6764942988443892, -41.38727259838150019 ) ) ;
#38 = CARTESIAN_POINT ( 'NONE',  ( 44.99031566266479132, 52.44175755770031344, -45.51935232921329089 ) ) ;
#39 = CARTESIAN_POINT ( 'NONE',  ( -30.12822377908831228, 54.97802726448587407, 35.63270687126059499 ) ) ;
#40 = LINE ( 'NONE', #110, #3843 ) ;
#41 = CARTESIAN_POINT ( 'NONE',  ( 25.10761244709873452, 153.6225640485288011, 40.65331820325020118 ) ) ;
#42 = CARTESIAN_POINT ( 'NONE',  ( -49.58005470913413149, 96.97051065983893636, 40.92961328274396493 ) ) ;
#43 = CARTESIAN_POINT ( 'NONE',  ( -40.33924585287351761, 140.4589426390626556, -50.17042213900459302 ) ) ;
#44 = CARTESIAN_POINT ( 'NONE',  ( 38.67929575223243432, 65.05334878492827499, -31.69400693055744611 ) ) ;
#45 = EDGE_CURVE ( 'NONE', #6630, #942, #711, .T. ) ;
#46 = B_SPLINE_CURVE_WITH_KNOTS ( 'NONE', 3,
 ( #1607, #2728, #2179, #3350 ),
 .UNSPECIFIED., .F., .F.,
 ( 4, 4 ),
 ( 0.000000000000000000, 0.01571456560818404805 ),
 .UNSPECIFIED. ) ;
#47 = VERTEX_POINT ( 'NONE', #2643 ) ;
#48 = ORIENTED_EDGE ( 'NONE', *, *, #353, .F. ) ;
#49 = CARTESIAN_POINT ( 'NONE',  ( -84.99999999999998579, 212.0000000000000000, 0.000000000000000000 ) ) ;
#50 = CARTESIAN_POINT ( 'NONE',  ( -36.46736499287372624, 173.1609393494194364, -29.29356565747520946 ) ) ;
#51 = EDGE_CURVE ( 'NONE', #4622, #1914, #6458, .T. ) ;
#52 = CARTESIAN_POINT ( 'NONE',  ( -108.0000000000000000, 192.6091567009482901, 0.5838041569574790035 ) ) ;
#53 = CYLINDRICAL_SURFACE ( 'NONE', #1248, 1.800000000000000266 ) ;
#54 = CARTESIAN_POINT ( 'NONE',  ( -32.88046532517444120, 176.5866740378391739, 32.88046532517448384 ) ) ;
#55 = CARTESIAN_POINT ( 'NONE',  ( 33.17716150233881223, 36.58494384897175422, 32.58376914801012703 ) ) ;
#56 = CARTESIAN_POINT ( 'NONE',  ( -33.65783052772525252, 49.44931349178472857, -36.87807467727505895 ) ) ;
#57 = DIRECTION ( 'NONE',  ( -0.7071067811865474617, 0.000000000000000000, -0.7071067811865474617 ) ) ;
#58 = CARTESIAN_POINT ( 'NONE',  ( 49.93783009309770904, 143.4569695494772930, -40.57183789878038027 ) ) ;
#59 = EDGE_CURVE ( 'NONE', #1726, #5606, #2032, .T. ) ;
#60 = CARTESIAN_POINT ( 'NONE',  ( -42.78460399787552149, 155.3921848145515128, 47.72506399400256782 ) ) ;
#61 = DIRECTION ( 'NONE',  ( 0.000000000000000000, 0.000000000000000000, 1.000000000000000000 ) ) ;
#62 = CARTESIAN_POINT ( 'NONE',  ( 47.88935570772442674, 75.23276251545792093, -42.62031228415365547 ) ) ;
#63 = EDGE_LOOP ( 'NONE', ( #6746, #5467, #2445 ) ) ;
#64 = CARTESIAN_POINT ( 'NONE',  ( -38.90225724876550828, 85.63114929373708151, -26.85867340158342742 ) ) ;
#65 = EDGE_LOOP ( 'NONE', ( #6636, #1744, #2463 ) ) ;
#66 = CARTESIAN_POINT ( 'NONE',  ( -32.32732609223455000, 60.02193514452851275, -38.15377554675334437 ) ) ;
#67 = CARTESIAN_POINT ( 'NONE',  ( -44.58347426246773182, 55.93620152028918113, -45.92619372941037170 ) ) ;
#68 = CARTESIAN_POINT ( 'NONE',  ( 45.77674598141884843, 54.62836855260157876, -44.73292201045924088 ) ) ;
#69 = CARTESIAN_POINT ( 'NONE',  ( -29.67952824767895237, 58.70654625247944125, -36.08140240266997978 ) ) ;
#70 = CARTESIAN_POINT ( 'NONE',  ( 32.49898569560906481, 37.17140469785621093, 33.26194495473987445 ) ) ;
#71 = CARTESIAN_POINT ( 'NONE',  ( -38.43390449649705687, 80.61020279584469961, 27.32702615385185752 ) ) ;
#72 = VECTOR ( 'NONE', #3977, 1000.000000000000000 ) ;
#73 = CARTESIAN_POINT ( 'NONE',  ( 48.18764232538011782, 78.60787726850115575, -42.32202566649796438 ) ) ;
#74 = CARTESIAN_POINT ( 'NONE',  ( -40.86045618393048784, 90.27506426511754967, 28.82478188321240964 ) ) ;
#75 = CARTESIAN_POINT ( 'NONE',  ( 33.26194495473987445, 37.17140469785623225, 32.49898569560906481 ) ) ;
#76 = CARTESIAN_POINT ( 'NONE',  ( -24.29434890298206540, 131.8280114082709815, 41.46658174736685254 ) ) ;
#77 = CARTESIAN_POINT ( 'NONE',  ( -29.77058309641641287, 57.99999999999999289, -35.99034755393252283 ) ) ;
#78 = ORIENTED_EDGE ( 'NONE', *, *, #3681, .T. ) ;
#79 = AXIS2_PLACEMENT_3D ( 'NONE', #1071, #5503, #3303 ) ;
#80 = EDGE_LOOP ( 'NONE', ( #4935, #4455 ) ) ;
#81 = CARTESIAN_POINT ( 'NONE',  ( -34.81447876247083428, 48.51213425699023674, -30.94645188787811207 ) ) ;
#82 = CARTESIAN_POINT ( 'NONE',  ( -41.36857510098818835, 141.0186408901463437, -24.39235554936074735 ) ) ;
#83 = PLANE ( 'NONE',  #5660 ) ;
#84 = DIRECTION ( 'NONE',  ( -0.000000000000000000, 1.000000000000000000, -0.000000000000000000 ) ) ;
#85 = CARTESIAN_POINT ( 'NONE',  ( 49.31902728797151525, 148.1781441586251162, 41.19064070390659538 ) ) ;
#86 = CARTESIAN_POINT ( 'NONE',  ( -39.75138694003533857, 95.69680212022358035, 26.00954371031357582 ) ) ;
#87 = CARTESIAN_POINT ( 'NONE',  ( 40.24733569863606419, 157.6066838202880831, 25.51359495171287506 ) ) ;
#88 = EDGE_LOOP ( 'NONE', ( #3852, #1179, #5622, #1046 ) ) ;
#89 = CARTESIAN_POINT ( 'NONE',  ( 45.25483399593903044, 94.50000000000000000, -45.25483399593904466 ) ) ;
#90 = ADVANCED_FACE ( 'NONE', ( #4184 ), #6963, .T. ) ;
#91 = CARTESIAN_POINT ( 'NONE',  ( -44.58347426246773182, 55.93620152028918113, -45.92619372941037170 ) ) ;
#92 = CARTESIAN_POINT ( 'NONE',  ( 25.61039644484206690, 101.0166046022987985, -40.15053420550685104 ) ) ;
#93 = CARTESIAN_POINT ( 'NONE',  ( 50.22349097781341243, 108.7025900201346644, -40.28617701406468399 ) ) ;
#94 = VECTOR ( 'NONE', #7153, 1000.000000000000000 ) ;
#95 = CARTESIAN_POINT ( 'NONE',  ( -50.49399183426301363, 134.5090890707682831, 40.01567615761508279 ) ) ;
#96 = CARTESIAN_POINT ( 'NONE',  ( 31.44502779986159524, 168.8494741638954793, 38.87472714422170839 ) ) ;
#97 = ORIENTED_EDGE ( 'NONE', *, *, #4277, .F. ) ;
#98 = CARTESIAN_POINT ( 'NONE',  ( 32.88046532517446963, 176.5866740378391455, -32.88046532517444120 ) ) ;
#99 = AXIS2_PLACEMENT_3D ( 'NONE', #5809, #6364, #2040 ) ;
#100 = PLANE ( 'NONE',  #1496 ) ;
#101 = VERTEX_POINT ( 'NONE', #960 ) ;
#102 = CARTESIAN_POINT ( 'NONE',  ( -28.32233409766219623, 95.33333850038710011, -41.20837082990141198 ) ) ;
#103 = CARTESIAN_POINT ( 'NONE',  ( 108.0000000000000000, 217.4653392061624118, -1.334084237489151059 ) ) ;
#104 = CARTESIAN_POINT ( 'NONE',  ( -46.99564887098593147, 212.8406384459446485, 0.6442385569967340464 ) ) ;
#105 = CYLINDRICAL_SURFACE ( 'NONE', #2373, 36.00000000000000000 ) ;
#106 = B_SPLINE_CURVE_WITH_KNOTS ( 'NONE', 3,
 ( #6061, #5554, #4512, #4477 ),
 .UNSPECIFIED., .F., .F.,
 ( 4, 4 ),
 ( 0.01740447811742002610, 0.01776587260767739651 ),
 .UNSPECIFIED. ) ;
#107 = CARTESIAN_POINT ( 'NONE',  ( -36.08140240266997267, 58.70654625247946967, 29.67952824767894526 ) ) ;
#108 = CARTESIAN_POINT ( 'NONE',  ( -43.47092483188747281, 66.31954352124843410, -47.03874315999063072 ) ) ;
#109 = CARTESIAN_POINT ( 'NONE',  ( 38.90225724876550117, 85.63114929373706730, -26.85867340158341676 ) ) ;
#110 = CARTESIAN_POINT ( 'NONE',  ( 49.90991885387112603, 335.0000000000000000, -3.000000000000000000 ) ) ;
#111 = ADVANCED_FACE ( 'NONE', ( #2060 ), #6927, .T. ) ;
#112 = CARTESIAN_POINT ( 'NONE',  ( 33.09259735953043702, 36.00000000000000000, 32.66833329081850223 ) ) ;
#113 = CARTESIAN_POINT ( 'NONE',  ( -24.37365805196742130, 126.6764942988443892, 41.38727259838148598 ) ) ;
#114 = CARTESIAN_POINT ( 'NONE',  ( 48.15397179880390155, 94.50000000000000000, 42.35569619307420908 ) ) ;
#115 = CARTESIAN_POINT ( 'NONE',  ( 37.11866614447280455, 171.5663486130605691, -33.50048380369811696 ) ) ;
#116 = EDGE_LOOP ( 'NONE', ( #3885, #6596, #2076, #5005, #7023, #5427, #6118, #3906 ) ) ;
#117 = ORIENTED_EDGE ( 'NONE', *, *, #6037, .F. ) ;
#118 = CARTESIAN_POINT ( 'NONE',  ( -32.67364828946945465, 42.63130802165773048, -33.08728236087949881 ) ) ;
#119 = CARTESIAN_POINT ( 'NONE',  ( -27.19834591289386694, 166.8763353538257945, -38.56258473745506166 ) ) ;
#120 = CARTESIAN_POINT ( 'NONE',  ( -47.00000000000000000, 177.7845559105077200, 1.453014774495211991 ) ) ;
#121 = CARTESIAN_POINT ( 'NONE',  ( -46.98886752245416432, 211.7248693911286921, 1.022499668736245537 ) ) ;
#122 = CARTESIAN_POINT ( 'NONE',  ( 45.25483399593905176, 158.6226686892998146, 45.25483399593905176 ) ) ;
#123 = CARTESIAN_POINT ( 'NONE',  ( -40.79466709084000797, 111.3121957717727071, 24.96626355950890641 ) ) ;
#124 = CARTESIAN_POINT ( 'NONE',  ( 45.77674598141886264, 54.62836855260158586, 44.73292201045924799 ) ) ;
#125 = CARTESIAN_POINT ( 'NONE',  ( -34.15368864456463172, 43.91141705726548849, -35.98550691814759972 ) ) ;
#126 = CARTESIAN_POINT ( 'NONE',  ( 45.77674598141886264, 54.62836855260158586, 44.73292201045924799 ) ) ;
#127 = DIRECTION ( 'NONE',  ( 0.000000000000000000, 1.000000000000000000, 0.000000000000000000 ) ) ;
#128 = CARTESIAN_POINT ( 'NONE',  ( 40.92961328274395783, 96.97051065983893636, -49.58005470913413859 ) ) ;
#129 = CARTESIAN_POINT ( 'NONE',  ( 26.53717206652076399, 163.8347417721553541, -39.22375858382815039 ) ) ;
#130 = CARTESIAN_POINT ( 'NONE',  ( -32.88046532517444120, 176.5866740378391739, 32.88046532517448384 ) ) ;
#131 = CARTESIAN_POINT ( 'NONE',  ( 38.00000000000000000, 320.0000000000000000, -21.00000000000000000 ) ) ;
#133 = EDGE_CURVE ( 'NONE', #1220, #2558, #3740, .T. ) ;
#132 = ORIENTED_EDGE ( 'NONE', *, *, #4150, .F. ) ;
#134 = CARTESIAN_POINT ( 'NONE',  ( 38.90225724876550117, 85.63114929373706730, -26.85867340158341676 ) ) ;
#135 = ADVANCED_FACE ( 'NONE', ( #276 ), #7167, .T. ) ;
#136 = CARTESIAN_POINT ( 'NONE',  ( -48.91202582514207364, 150.5005888525397211, 41.59764216673601567 ) ) ;
#137 = CARTESIAN_POINT ( 'NONE',  ( 0.000000000000000000, 52.00000000000000000, 0.000000000000000000 ) ) ;
#138 = CARTESIAN_POINT ( 'NONE',  ( -30.70837199911685289, 167.1820244838547183, -39.45967609108607377 ) ) ;
#139 = CARTESIAN_POINT ( 'NONE',  ( 47.00000000000000000, 242.1251027914491374, -3.543797287136489782 ) ) ;
#140 = DIRECTION ( 'NONE',  ( 0.7071067811865475727, 0.000000000000000000, -0.7071067811865475727 ) ) ;
#141 = EDGE_CURVE ( 'NONE', #1065, #2089, #1218, .T. ) ;
#142 = DIRECTION ( 'NONE',  ( -0.7071067811865474617, 0.000000000000000000, -0.7071067811865474617 ) ) ;
#143 = DIRECTION ( 'NONE',  ( 0.9088285370321854684, -0.4171671973262494615, 0.001489882847593746373 ) ) ;
#144 = AXIS2_PLACEMENT_3D ( 'NONE', #2058, #7096, #6526 ) ;
#145 = CARTESIAN_POINT ( 'NONE',  ( -39.75138694003533857, 95.69680212022358035, 26.00954371031357582 ) ) ;
#146 = ADVANCED_FACE ( 'NONE', ( #3147 ), #374, .T. ) ;
#147 = CARTESIAN_POINT ( 'NONE',  ( 0.000000000000000000, 2.000000000000000000, -0.4000000000000000222 ) ) ;
#148 = CARTESIAN_POINT ( 'NONE',  ( 48.91202582514208075, 150.5005888525397495, -41.59764216673601567 ) ) ;
#149 = CARTESIAN_POINT ( 'NONE',  ( -41.23134657392092350, 158.7821440013520942, 28.29327770100406170 ) ) ;
#150 = TOROIDAL_SURFACE ( 'NONE', #6187, -106.2500185044916066, 153.2499806421508879 ) ;
#151 = CARTESIAN_POINT ( 'NONE',  ( 35.63270687126060210, 54.97802726448587407, 30.12822377908832649 ) ) ;
#152 = CARTESIAN_POINT ( 'NONE',  ( 0.000000000000000000, 2.000000000000000000, -0.4000000000000000222 ) ) ;
#153 = DIRECTION ( 'NONE',  ( -0.000000000000000000, -1.000000000000000000, -0.000000000000000000 ) ) ;
#154 = EDGE_CURVE ( 'NONE', #6306, #4841, #5457, .T. ) ;
#155 = ORIENTED_EDGE ( 'NONE', *, *, #6845, .T. ) ;
#156 = VERTEX_POINT ( 'NONE', #5931 ) ;
#157 = CARTESIAN_POINT ( 'NONE',  ( 36.16138306720321083, 57.99999999999999289, -30.02250515210873871 ) ) ;
#158 = CARTESIAN_POINT ( 'NONE',  ( -28.75104949436352442, 66.80701258836774059, -37.00988115598541128 ) ) ;
#159 = CARTESIAN_POINT ( 'NONE',  ( -47.00000000000000000, 262.3741519413206902, 2.327531496599666294 ) ) ;
#160 = DIRECTION ( 'NONE',  ( 0.000000000000000000, 0.000000000000000000, 1.000000000000000000 ) ) ;
#161 = CARTESIAN_POINT ( 'NONE',  ( -45.77674598141884843, 54.62836855260160718, 44.73292201045924088 ) ) ;
#162 = VERTEX_POINT ( 'NONE', #2637 ) ;
#163 = CARTESIAN_POINT ( 'NONE',  ( -42.35569619307421618, 94.50000000000000000, -48.15397179880389444 ) ) ;
#164 = CARTESIAN_POINT ( 'NONE',  ( 38.00000000000000000, 58.00000000000000000, -24.00000000000000000 ) ) ;
#165 = B_SPLINE_CURVE_WITH_KNOTS ( 'NONE', 3,
 ( #3820, #463, #4338, #5553, #3890, #1010, #5024 ),
 .UNSPECIFIED., .F., .F.,
 ( 4, 1, 1, 1, 4 ),
 ( 0.4666068527273555255, 0.4855543320873984547, 0.5000000000000001110, 0.5144456679126017118, 0.5333931472725572664 ),
 .UNSPECIFIED. ) ;
#166 = CARTESIAN_POINT ( 'NONE',  ( 42.62031228415365547, 75.23276251545789250, -47.88935570772444095 ) ) ;
#167 = CARTESIAN_POINT ( 'NONE',  ( 47.72506399400256072, 155.3921848145515412, -42.78460399787553570 ) ) ;
#168 = CARTESIAN_POINT ( 'NONE',  ( -49.31902728797149393, 148.1781441586250878, 41.19064070390658117 ) ) ;
#169 = CARTESIAN_POINT ( 'NONE',  ( 32.91604603026927833, 171.0050973860435874, 37.63774848785929095 ) ) ;
#170 = VERTEX_POINT ( 'NONE', #545 ) ;
#171 = CARTESIAN_POINT ( 'NONE',  ( 50.38968031787177893, 112.7299032302373263, -40.11998767400631749 ) ) ;
#172 = CARTESIAN_POINT ( 'NONE',  ( 46.90411965852687359, 335.0000000000000000, 3.000000000000000000 ) ) ;
#173 = CARTESIAN_POINT ( 'NONE',  ( 31.86944620052008759, 42.89533936217837606, 33.89148444982885877 ) ) ;
#174 = CARTESIAN_POINT ( 'NONE',  ( -41.06358789818639821, 116.6762642137271797, -24.69734275216253749 ) ) ;
#175 = CARTESIAN_POINT ( 'NONE',  ( -29.19682311961011223, 162.4383763706936179, -40.59050206124965143 ) ) ;
#176 = EDGE_CURVE ( 'NONE', #3950, #1081, #863, .T. ) ;
#177 = CARTESIAN_POINT ( 'NONE',  ( 108.0000000000000000, 206.2805933915486492, -1.450619313817413047 ) ) ;
#178 = CARTESIAN_POINT ( 'NONE',  ( -46.98823194100207701, 212.0000000000000000, -1.050000000000000044 ) ) ;
#179 = CARTESIAN_POINT ( 'NONE',  ( 45.25483399593903044, 157.9999999999999716, -45.25483399593904466 ) ) ;
#180 = CARTESIAN_POINT ( 'NONE',  ( -49.97972150021531945, 265.4888363200624326, -1.431908601993187480 ) ) ;
#181 = CARTESIAN_POINT ( 'NONE',  ( -50.22349097781341243, 108.7025900201346502, 40.28617701406468399 ) ) ;
#182 = CARTESIAN_POINT ( 'NONE',  ( 33.83408293086011298, 41.21309918220622137, -31.92684771948880140 ) ) ;
#183 = CARTESIAN_POINT ( 'NONE',  ( -42.46477052410322273, 141.0908456005896028, 26.39603316579688652 ) ) ;
#184 = EDGE_CURVE ( 'NONE', #6056, #4279, #40, .T. ) ;
#185 = CARTESIAN_POINT ( 'NONE',  ( 40.79466709084002218, 111.3121957717727071, 24.96626355950891352 ) ) ;
#186 = CARTESIAN_POINT ( 'NONE',  ( 28.26772415252453285, 71.28898199371604960, 37.49320649782439574 ) ) ;
#187 = CARTESIAN_POINT ( 'NONE',  ( -34.81447876247081297, 48.51213425699023674, 30.94645188787810497 ) ) ;
#188 = DIRECTION ( 'NONE',  ( -0.000000000000000000, 1.000000000000000000, -0.000000000000000000 ) ) ;
#189 = CARTESIAN_POINT ( 'NONE',  ( 33.90048142760019800, 171.8733151468583173, -36.75370899144105152 ) ) ;
#190 = ORIENTED_EDGE ( 'NONE', *, *, #667, .F. ) ;
#191 = ORIENTED_EDGE ( 'NONE', *, *, #1929, .T. ) ;
#192 = CARTESIAN_POINT ( 'NONE',  ( -33.29355706763396228, 42.66555428302491748, -32.46737358271499119 ) ) ;
#193 = CARTESIAN_POINT ( 'NONE',  ( -37.57616459432502154, 54.99999999999999289, -32.98532786528268446 ) ) ;
#194 = B_SPLINE_SURFACE_WITH_KNOTS ( 'NONE', 3, 1, ( 
 ( #4945, #3154 ),
 ( #4366, #4907 ),
 ( #1633, #7141 ),
 ( #5440, #6568 ),
 ( #2210, #6607 ),
 ( #1491, #1599 ),
 ( #2171, #5368 ),
 ( #3746, #1077 ),
 ( #454, #384 ),
 ( #3274, #3308 ),
 ( #5402, #4399 ),
 ( #3781, #5507 ),
 ( #528, #2612 ),
 ( #2067, #7106 ),
 ( #965, #6462 ),
 ( #5940, #4294 ),
 ( #6500, #416 ),
 ( #2649, #1529 ),
 ( #490, #3193 ),
 ( #1562, #4872 ),
 ( #7072, #3814 ),
 ( #6014, #4328 ),
 ( #1041, #5477 ),
 ( #6535, #5977 ),
 ( #1001, #2684 ),
 ( #6678, #2367 ),
 ( #4002, #60 ),
 ( #5544, #2939 ),
 ( #130, #6243 ),
 ( #2793, #2287 ),
 ( #2866, #5126 ),
 ( #1818, #6170 ),
 ( #5161, #4579 ),
 ( #2830, #168 ),
 ( #4429, #1781 ),
 ( #5090, #1192 ),
 ( #5054, #95 ),
 ( #3378, #5581 ),
 ( #4506, #6640 ),
 ( #6717, #5016 ),
 ( #6789, #1669 ),
 ( #3922, #1235 ),
 ( #2327, #3454 ),
 ( #4541, #1742 ),
 ( #6752, #3963 ),
 ( #1706, #3418 ),
 ( #3882, #713 ),
 ( #5619, #6094 ),
 ( #639, #677 ),
 ( #6207, #6132 ),
 ( #1111, #5659 ),
 ( #1151, #603 ),
 ( #2901, #4042 ),
 ( #1274, #3490 ),
 ( #5692, #3340 ),
 ( #566, #19 ),
 ( #2249, #4470 ) ),
 .UNSPECIFIED., .F., .F., .F.,
 ( 4, 1, 1, 1, 1, 1, 1, 1, 1, 1, 1, 1, 1, 1, 1, 1, 1, 1, 1, 1, 1, 1, 1, 1, 1, 1, 1, 1, 1, 1, 1, 1, 1, 1, 1, 1, 1, 1, 1, 1, 1, 1, 1, 1, 1, 1, 1, 1, 1, 1, 1, 1, 1, 1, 4 ),
 ( 2, 2 ),
 ( 0.000000000000000000, 0.006185920264467840990, 0.006201962899188698426, 0.02441097605636065315, 0.02448136905349916972, 0.05370574164729763345, 0.05388345649501025819, 0.09253774940744020905, 0.09289034474279105058, 0.1389060332195526937, 0.1395093084148930351, 0.1904437008900517758, 0.1913742588137488654, 0.2445345556009105303, 0.2458629933516659483, 0.2984579075547035831, 0.3002380933255869855, 0.3495648249652614226, 0.3518114771965040188, 0.3954646363279900600, 0.3981158618259910686, 0.4341890767744074897, 0.4370593218643058497, 0.4643545367854607919, 0.4670784500627876423, 0.4855543320873984547, 0.4874746266155715047, 0.5000000000000001110, 0.5125253733844284953, 0.5144456679126017118, 0.5329215499372124132, 0.5356454632145394301, 0.5629406781356941503, 0.5658109232255926768, 0.6018841381740089869, 0.6045353636720101065, 0.6481885228034960367, 0.6504351750347387995, 0.6997619066744130700, 0.7015420924452966389, 0.7541370066483340517, 0.7554654443990895807, 0.8086257411862511901, 0.8095562991099484185, 0.8604906915851070481, 0.8610939667804474729, 0.9071096552572089911, 0.9074622505925599159, 0.9461165435049897487, 0.9462942583527024221, 0.9755186309465009309, 0.9755890239436393330, 0.9937980371008113822, 0.9938140797355320410, 1.000000000000000000 ),
 ( 0.000000000000000000, 1.000000000000000000 ),
 .UNSPECIFIED. ) ;
#195 = CARTESIAN_POINT ( 'NONE',  ( -108.0000000000000000, 198.8312510100193720, -1.058200111551040212 ) ) ;
#196 = CARTESIAN_POINT ( 'NONE',  ( -40.01567615761507568, 134.5090890707682547, 50.49399183426301363 ) ) ;
#197 = CARTESIAN_POINT ( 'NONE',  ( 49.99862320701095797, 267.4529598412292444, 0.3882712703140988597 ) ) ;
#198 = FACE_OUTER_BOUND ( 'NONE', #5965, .T. ) ;
#199 = CARTESIAN_POINT ( 'NONE',  ( 32.49898569560905059, 37.17140469785621093, -33.26194495473986734 ) ) ;
#200 = CARTESIAN_POINT ( 'NONE',  ( 28.26772415252452220, 71.28898199371606381, -37.49320649782438863 ) ) ;
#201 = CARTESIAN_POINT ( 'NONE',  ( 37.49320649782438863, 71.28898199371604960, -28.26772415252453641 ) ) ;
#202 = CARTESIAN_POINT ( 'NONE',  ( -37.25277915899236092, 171.2031378497270566, -28.50815149135657478 ) ) ;
#203 = LOCAL_TIME ( 18, 6, 39.00000000000000000, #4471 ) ;
#204 = CARTESIAN_POINT ( 'NONE',  ( 41.18630044091796805, 95.00178607668590303, 28.35440726274827483 ) ) ;
#205 = ORIENTED_EDGE ( 'NONE', *, *, #5215, .T. ) ;
#206 = CARTESIAN_POINT ( 'NONE',  ( 46.56268880791238018, 157.2818685057020218, -43.94697918396571623 ) ) ;
#207 = AXIS2_PLACEMENT_3D ( 'NONE', #7177, #7034, #4832 ) ;
#208 = CARTESIAN_POINT ( 'NONE',  ( -50.22349097781342664, 108.7025900201346644, -40.28617701406468399 ) ) ;
#209 = VERTEX_POINT ( 'NONE', #6694 ) ;
#210 = CARTESIAN_POINT ( 'NONE',  ( -41.31997436739747087, 157.8790455269385973, -28.15541547932849298 ) ) ;
#211 = CARTESIAN_POINT ( 'NONE',  ( 108.0000000000000000, 221.8135536382135342, -0.3230486906495440569 ) ) ;
#212 = CARTESIAN_POINT ( 'NONE',  ( 33.59269824446733566, 39.48056780803440091, -32.16823240588158228 ) ) ;
#213 = CARTESIAN_POINT ( 'NONE',  ( -28.04587946174962454, 169.6705890994746824, 37.71505118860347494 ) ) ;
#214 = CARTESIAN_POINT ( 'NONE',  ( -49.99055546127500804, 266.5335893355497774, 0.9785999270901333258 ) ) ;
#215 = AXIS2_PLACEMENT_3D ( 'NONE', #1819, #604, #2902 ) ;
#216 = CARTESIAN_POINT ( 'NONE',  ( 38.56258473745505455, 166.8763353538257945, -27.19834591289385983 ) ) ;
#217 = CARTESIAN_POINT ( 'NONE',  ( -40.59050206124845062, 162.4383763706998423, 29.19682311961178200 ) ) ;
#218 = CARTESIAN_POINT ( 'NONE',  ( 41.59764216673602277, 150.5005888525397211, 48.91202582514209496 ) ) ;
#219 = DIRECTION ( 'NONE',  ( 0.000000000000000000, 1.000000000000000000, 0.000000000000000000 ) ) ;
#220 = CARTESIAN_POINT ( 'NONE',  ( -28.04587946176237878, 73.51205311379843010, 37.71505118858653560 ) ) ;
#221 = CARTESIAN_POINT ( 'NONE',  ( 34.77817033144835079, 172.3210456249873062, -35.92463511080489980 ) ) ;
#222 = EDGE_CURVE ( 'NONE', #5585, #5727, #6732, .T. ) ;
#223 = ORIENTED_EDGE ( 'NONE', *, *, #5426, .F. ) ;
#224 = ADVANCED_FACE ( 'NONE', ( #6523 ), #4486, .F. ) ;
#225 = CARTESIAN_POINT ( 'NONE',  ( -24.39235554936074735, 141.0186408901463722, -41.36857510098818835 ) ) ;
#226 = CARTESIAN_POINT ( 'NONE',  ( -44.73292201045924799, 54.62836855260157876, -45.77674598141885554 ) ) ;
#227 = CARTESIAN_POINT ( 'NONE',  ( -108.0000000000000000, 207.5675974538935122, -1.493175898235320709 ) ) ;
#228 = CARTESIAN_POINT ( 'NONE',  ( -29.67952824767894171, 58.70654625247946257, 36.08140240266996557 ) ) ;
#229 = CARTESIAN_POINT ( 'NONE',  ( 49.88990721864698230, 246.1006604031577751, 3.317120188695652061 ) ) ;
#230 = AXIS2_PLACEMENT_3D ( 'NONE', #461, #3754, #6542 ) ;
#231 = ORIENTED_EDGE ( 'NONE', *, *, #2850, .T. ) ;
#232 = CARTESIAN_POINT ( 'NONE',  ( 32.16823240588159649, 39.48056780803435828, 33.59269824446734276 ) ) ;
#233 = CARTESIAN_POINT ( 'NONE',  ( 29.29356565747519880, 173.1609393494194364, -36.46736499287371913 ) ) ;
#234 = CARTESIAN_POINT ( 'NONE',  ( -37.71505118859931116, 169.6705890994767003, -28.04587946174760660 ) ) ;
#235 = CARTESIAN_POINT ( 'NONE',  ( 47.88935570772444805, 75.23276251545793514, 42.62031228415367679 ) ) ;
#236 = CARTESIAN_POINT ( 'NONE',  ( -47.72506399400258204, 155.3921848145515128, -42.78460399787553570 ) ) ;
#237 = CARTESIAN_POINT ( 'NONE',  ( 37.64972211470096397, 170.9903000646124269, 32.90234388850893055 ) ) ;
#238 = ORIENTED_EDGE ( 'NONE', *, *, #2865, .F. ) ;
#239 = CARTESIAN_POINT ( 'NONE',  ( 47.45860420640313748, 156.3633846497057789, 43.05106378547497314 ) ) ;
#240 = ORIENTED_EDGE ( 'NONE', *, *, #4771, .T. ) ;
#241 = EDGE_CURVE ( 'NONE', #2709, #5517, #585, .T. ) ;
#242 = CARTESIAN_POINT ( 'NONE',  ( 31.45444816953536815, 46.00849753284948207, 34.61057804017213613 ) ) ;
#243 = ORIENTED_EDGE ( 'NONE', *, *, #1445, .F. ) ;
#244 = LINE ( 'NONE', #7134, #1841 ) ;
#245 = CARTESIAN_POINT ( 'NONE',  ( -40.14265841673479684, 164.5601747625663904, -29.80966340996208785 ) ) ;
#246 = CARTESIAN_POINT ( 'NONE',  ( 47.00000000000000000, 265.6562804570706930, -1.950454484879272865 ) ) ;
#247 = CARTESIAN_POINT ( 'NONE',  ( -27.19834591289385628, 166.8763353538257945, 38.56258473745505455 ) ) ;
#248 = CARTESIAN_POINT ( 'NONE',  ( -34.32022455349910217, 175.2086278155801438, 32.11329746821123621 ) ) ;
#249 = CARTESIAN_POINT ( 'NONE',  ( -49.90588651823698285, 252.5501890653239911, 3.071903830253980505 ) ) ;
#250 = DIRECTION ( 'NONE',  ( 0.000000000000000000, -1.000000000000000000, 0.000000000000000000 ) ) ;
#251 = CARTESIAN_POINT ( 'NONE',  ( -25.10761244709871676, 153.6225640485287727, 40.65331820325018697 ) ) ;
#252 = CARTESIAN_POINT ( 'NONE',  ( -42.50986971695703431, 125.8057764561876581, 26.32341191398444380 ) ) ;
#253 = CARTESIAN_POINT ( 'NONE',  ( 28.75104949436352442, 66.80701258836775480, 37.00988115598541128 ) ) ;
#254 = CARTESIAN_POINT ( 'NONE',  ( -36.08140240266997267, 58.70654625247946967, 29.67952824767894526 ) ) ;
#255 = LINE ( 'NONE', #878, #3582 ) ;
#256 = CARTESIAN_POINT ( 'NONE',  ( 27.08565407319166596, 110.0851088579684784, -42.02959319973474095 ) ) ;
#257 = VERTEX_POINT ( 'NONE', #7193 ) ;
#258 = VECTOR ( 'NONE', #3806, 1000.000000000000000 ) ;
#259 = ORIENTED_EDGE ( 'NONE', *, *, #2943, .F. ) ;
#260 = CARTESIAN_POINT ( 'NONE',  ( -25.51359495171287506, 157.6066838202880831, -40.24733569863606419 ) ) ;
#261 = CARTESIAN_POINT ( 'NONE',  ( 46.99564887098593147, 211.1593615540552662, -0.6442385569967340464 ) ) ;
#262 = CARTESIAN_POINT ( 'NONE',  ( -108.0000000000000000, 221.2045783221282704, 0.7135065983535353595 ) ) ;
#263 = CARTESIAN_POINT ( 'NONE',  ( -44.58347426246772471, 55.93620152028918824, 45.92619372941037170 ) ) ;
#264 = CC_DESIGN_PERSON_AND_ORGANIZATION_ASSIGNMENT ( #3782, #3883, ( #3358 ) ) ;
#265 = CARTESIAN_POINT ( 'NONE',  ( 49.99939035820827371, 267.5542546531630705, -0.2530097613609345597 ) ) ;
#266 = VECTOR ( 'NONE', #6040, 1000.000000000000000 ) ;
#267 = CARTESIAN_POINT ( 'NONE',  ( -44.20390395962768793, 59.33385514974001751, 46.30576403225040139 ) ) ;
#268 = CARTESIAN_POINT ( 'NONE',  ( 24.69734275216253394, 116.6762642137271797, 41.06358789818640531 ) ) ;
#269 = CARTESIAN_POINT ( 'NONE',  ( 31.31356217171363099, 45.71524904810726753, -34.44736847863527629 ) ) ;
#270 = EDGE_CURVE ( 'NONE', #7093, #5384, #891, .T. ) ;
#271 = DIRECTION ( 'NONE',  ( 1.000000000000000000, -0.000000000000000000, -0.000000000000000000 ) ) ;
#272 = DIRECTION ( 'NONE',  ( 0.000000000000000000, 0.000000000000000000, 1.000000000000000000 ) ) ;
#273 = CARTESIAN_POINT ( 'NONE',  ( 2.293931114067158106, -3.548243663850593421, 2.293931114067158106 ) ) ;
#274 = B_SPLINE_CURVE_WITH_KNOTS ( 'NONE', 3,
 ( #6051, #3848, #933, #2754 ),
 .UNSPECIFIED., .F., .F.,
 ( 4, 4 ),
 ( 0.01740447811742004344, 0.01776587260767740345 ),
 .UNSPECIFIED. ) ;
#275 = CARTESIAN_POINT ( 'NONE',  ( 34.56857423806032159, 172.2436984526349875, 36.12624812829143650 ) ) ;
#276 = FACE_OUTER_BOUND ( 'NONE', #65, .T. ) ;
#277 = FACE_OUTER_BOUND ( 'NONE', #5719, .T. ) ;
#278 = CARTESIAN_POINT ( 'NONE',  ( 38.90225724876551539, 85.63114929373708151, 26.85867340158342742 ) ) ;
#279 = EDGE_CURVE ( 'NONE', #296, #1138, #1597, .T. ) ;
#280 = CARTESIAN_POINT ( 'NONE',  ( -37.71505118858642902, 73.51205704305236566, -28.04587946176250313 ) ) ;
#281 = DIRECTION ( 'NONE',  ( 0.000000000000000000, 1.000000000000000000, 0.000000000000000000 ) ) ;
#282 = CARTESIAN_POINT ( 'NONE',  ( -41.61076682821889250, 155.3918562705150919, -27.72384869572751143 ) ) ;
#283 = CARTESIAN_POINT ( 'NONE',  ( 47.00000000000000000, 162.7289639002187016, 0.4518216655316358299 ) ) ;
#284 = CARTESIAN_POINT ( 'NONE',  ( -24.96626355950889931, 111.3121957717727071, 40.79466709084002218 ) ) ;
#285 = FACE_OUTER_BOUND ( 'NONE', #3734, .T. ) ;
#286 = CARTESIAN_POINT ( 'NONE',  ( -49.96813814866771253, 264.1646428432053995, 1.790079189498648526 ) ) ;
#287 = CARTESIAN_POINT ( 'NONE',  ( -41.19064070390658117, 148.1781441586251162, 49.31902728797150104 ) ) ;
#288 = CARTESIAN_POINT ( 'NONE',  ( -37.11866614448401691, 171.5663486130500814, 33.50048380368576773 ) ) ;
#289 = CARTESIAN_POINT ( 'NONE',  ( -35.67620357438801904, 174.0484005150372866, -30.59914242696009623 ) ) ;
#290 = CARTESIAN_POINT ( 'NONE',  ( 43.47092483188747991, 66.31954352124841989, 47.03874315999063072 ) ) ;
#291 = CARTESIAN_POINT ( 'NONE',  ( -41.36857510098818835, 141.0186408901463437, -24.39235554936074735 ) ) ;
#292 = CARTESIAN_POINT ( 'NONE',  ( 39.86548770796168384, 124.0985968565961315, -50.64418028391641258 ) ) ;
#293 = CARTESIAN_POINT ( 'NONE',  ( 46.56268880791239440, 157.2818685057019650, 43.94697918396571623 ) ) ;
#294 = CARTESIAN_POINT ( 'NONE',  ( -33.59269824446734276, 39.48056780803436538, -32.16823240588159649 ) ) ;
#295 = EDGE_LOOP ( 'NONE', ( #3591, #6710, #7185, #6426 ) ) ;
#296 = VERTEX_POINT ( 'NONE', #6437 ) ;
#297 = CARTESIAN_POINT ( 'NONE',  ( -48.14642419775779558, 153.8348667856812142, -42.36324379412032215 ) ) ;
#298 = LINE ( 'NONE', #6414, #6418 ) ;
#299 = CARTESIAN_POINT ( 'NONE',  ( -108.0000000000000000, 221.8135536382135342, -0.3230486906495440569 ) ) ;
#300 = CARTESIAN_POINT ( 'NONE',  ( -40.57183789878038027, 143.4569695494772930, 49.93783009309771614 ) ) ;
#301 = CARTESIAN_POINT ( 'NONE',  ( 39.86548770796168384, 124.0985968565961315, 50.64418028391641968 ) ) ;
#302 = CARTESIAN_POINT ( 'NONE',  ( 49.99981284856050934, 267.6123599537020255, 0.1534703804227275092 ) ) ;
#303 = CARTESIAN_POINT ( 'NONE',  ( 25.10761244709873452, 153.6225640485288011, 40.65331820325020118 ) ) ;
#304 = VECTOR ( 'NONE', #5813, 1000.000000000000114 ) ;
#305 = CC_DESIGN_PERSON_AND_ORGANIZATION_ASSIGNMENT ( #491, #2721, ( #5421 ) ) ;
#306 = CARTESIAN_POINT ( 'NONE',  ( 43.97682058470661559, 61.44371818057052792, -46.53284740717148082 ) ) ;
#307 = CARTESIAN_POINT ( 'NONE',  ( 30.60489854012008593, 52.00000000784747556, 35.32342563974985694 ) ) ;
#308 = CARTESIAN_POINT ( 'NONE',  ( 38.43390449649707108, 80.61020279584469961, 27.32702615385186462 ) ) ;
#309 = CARTESIAN_POINT ( 'NONE',  ( 33.09259735953042281, 36.00000000000000000, -32.66833329081849513 ) ) ;
#310 = CARTESIAN_POINT ( 'NONE',  ( 40.05907280636137102, 79.96170033941656641, 29.92843488487929804 ) ) ;
#311 = DIRECTION ( 'NONE',  ( 0.7071067811865475727, 0.000000000000000000, -0.7071067811865475727 ) ) ;
#312 = DIRECTION ( 'NONE',  ( 0.000000000000000000, -0.000000000000000000, -1.000000000000000000 ) ) ;
#313 = ADVANCED_FACE ( 'NONE', ( #3683, #2009 ), #2041, .T. ) ;
#314 = CARTESIAN_POINT ( 'NONE',  ( 48.18764232538012493, 78.60787726850115575, 42.32202566649797859 ) ) ;
#316 = DIRECTION ( 'NONE',  ( -0.7071067811865474617, 0.000000000000000000, -0.7071067811865474617 ) ) ;
#315 = AXIS2_PLACEMENT_3D ( 'NONE', #2315, #6705, #3952 ) ;
#317 = CARTESIAN_POINT ( 'NONE',  ( 108.0000000000000000, 188.0000000000000000, -0.1499999999999999944 ) ) ;
#318 = CARTESIAN_POINT ( 'NONE',  ( -41.73424116573493592, 154.1365289939363379, -27.53707542704336930 ) ) ;
#319 = CARTESIAN_POINT ( 'NONE',  ( -36.76708621042920555, 64.61538329461539831, -28.99384443991973725 ) ) ;
#320 = CARTESIAN_POINT ( 'NONE',  ( -44.58347426246772471, 55.93620152028918824, 45.92619372941037170 ) ) ;
#321 = CARTESIAN_POINT ( 'NONE',  ( 33.09259735953042281, 36.00000000000000000, -32.66833329081849513 ) ) ;
#322 = CARTESIAN_POINT ( 'NONE',  ( 0.000000000000000000, 57.99999999999999289, 0.000000000000000000 ) ) ;
#323 = AXIS2_PLACEMENT_3D ( 'NONE', #2883, #2459, #5071 ) ;
#324 = CARTESIAN_POINT ( 'NONE',  ( -45.25483399593905176, 158.6226686892998146, -45.25483399593905176 ) ) ;
#325 = CARTESIAN_POINT ( 'NONE',  ( 40.15053420550684393, 101.0166046022987985, -25.61039644484207400 ) ) ;
#326 = CARTESIAN_POINT ( 'NONE',  ( -37.27138604942563660, 171.0675929918469365, -28.63349660291512677 ) ) ;
#327 = ORIENTED_EDGE ( 'NONE', *, *, #7061, .F. ) ;
#328 = CARTESIAN_POINT ( 'NONE',  ( 44.58347426246773182, 55.93620152028918824, 45.92619372941037881 ) ) ;
#329 = AXIS2_PLACEMENT_3D ( 'NONE', #5766, #3011, #5868 ) ;
#330 = CARTESIAN_POINT ( 'NONE',  ( -50.59218501756917874, 120.2343318316845853, -39.91748297430893899 ) ) ;
#331 = CARTESIAN_POINT ( 'NONE',  ( 32.58376914801011281, 36.58494384897174712, -33.17716150233880512 ) ) ;
#332 = CARTESIAN_POINT ( 'NONE',  ( -34.44736847863528340, 45.71524904810726753, -31.31356217171364520 ) ) ;
#333 = VERTEX_POINT ( 'NONE', #5880 ) ;
#334 = CARTESIAN_POINT ( 'NONE',  ( -47.72506399400258204, 155.3921848145515128, -42.78460399787553570 ) ) ;
#335 = CARTESIAN_POINT ( 'NONE',  ( 0.000000000000000000, 55.00000000000000000, -106.2500000000000000 ) ) ;
#336 = FACE_OUTER_BOUND ( 'NONE', #5073, .T. ) ;
#337 = CARTESIAN_POINT ( 'NONE',  ( -40.28617701406467688, 108.7025900201346644, 50.22349097781341243 ) ) ;
#338 = CARTESIAN_POINT ( 'NONE',  ( 49.87865280791421441, 237.1744815688053620, 3.481378554185870833 ) ) ;
#339 = CARTESIAN_POINT ( 'NONE',  ( -40.11998767400632460, 112.7299032302373263, -50.38968031787179314 ) ) ;
#340 = CARTESIAN_POINT ( 'NONE',  ( 24.55371574811974256, 145.7020373835962062, 41.20721490222918959 ) ) ;
#341 = CARTESIAN_POINT ( 'NONE',  ( 40.68351489493348083, 100.9687423887486943, -49.82615309694460137 ) ) ;
#342 = FACE_OUTER_BOUND ( 'NONE', #2219, .T. ) ;
#343 = CARTESIAN_POINT ( 'NONE',  ( 35.45918685583339425, 52.00000000000000000, 30.80394296248341846 ) ) ;
#344 = CARTESIAN_POINT ( 'NONE',  ( 42.56869902803978789, 132.7716359899458780, 26.22797537150327329 ) ) ;
#345 = CARTESIAN_POINT ( 'NONE',  ( 35.63270687126060210, 54.97802726448587407, 30.12822377908832649 ) ) ;
#346 = CARTESIAN_POINT ( 'NONE',  ( 33.17716150233879802, 36.58494384897175422, -32.58376914801011992 ) ) ;
#347 = ORIENTED_EDGE ( 'NONE', *, *, #4251, .T. ) ;
#348 = CARTESIAN_POINT ( 'NONE',  ( -42.35569619307419487, 157.9999999999999716, 48.15397179880389444 ) ) ;
#349 = FACE_OUTER_BOUND ( 'NONE', #3514, .T. ) ;
#350 = CARTESIAN_POINT ( 'NONE',  ( 47.00000000000000711, 223.0766262928863739, 3.435922054811924031 ) ) ;
#351 = CARTESIAN_POINT ( 'NONE',  ( -32.66833329081848802, 36.00000000000000000, 33.09259735953042991 ) ) ;
#352 = CARTESIAN_POINT ( 'NONE',  ( 50.38968031787177893, 112.7299032302373263, -40.11998767400631749 ) ) ;
#353 = EDGE_CURVE ( 'NONE', #6649, #1886, #3145, .T. ) ;
#354 = CARTESIAN_POINT ( 'NONE',  ( -49.88547651273927386, 243.6474928663324704, 3.382432060738779001 ) ) ;
#355 = PLANE ( 'NONE',  #7166 ) ;
#356 = CARTESIAN_POINT ( 'NONE',  ( -40.92961328274395072, 96.97051065983893636, 49.58005470913413149 ) ) ;
#357 = CARTESIAN_POINT ( 'NONE',  ( -26.24179909868676219, 135.2892170286769442, 42.56023145310031452 ) ) ;
#358 = CARTESIAN_POINT ( 'NONE',  ( -31.07117060072573622, 174.4941600914320645, -35.26586455544638454 ) ) ;
#359 = EDGE_CURVE ( 'NONE', #4355, #6861, #4917, .T. ) ;
#360 = ORIENTED_EDGE ( 'NONE', *, *, #1064, .F. ) ;
#361 = CARTESIAN_POINT ( 'NONE',  ( 40.24733569863606419, 157.6066838202880831, 25.51359495171287506 ) ) ;
#362 = CARTESIAN_POINT ( 'NONE',  ( -50.38968031787179314, 112.7299032302373263, -40.11998767400631749 ) ) ;
#363 = CARTESIAN_POINT ( 'NONE',  ( 42.32202566649796438, 78.60787726850114154, -48.18764232538012493 ) ) ;
#364 = CARTESIAN_POINT ( 'NONE',  ( -25.51359495171287506, 157.6066838202880831, -40.24733569863606419 ) ) ;
#365 = ADVANCED_FACE ( 'NONE', ( #908, #6404 ), #5948, .T. ) ;
#366 = ORIENTED_EDGE ( 'NONE', *, *, #4235, .T. ) ;
#367 = EDGE_CURVE ( 'NONE', #1515, #3858, #6621, .T. ) ;
#368 = CARTESIAN_POINT ( 'NONE',  ( -36.46736499287372624, 173.1609393494194364, -29.29356565747520946 ) ) ;
#369 = CARTESIAN_POINT ( 'NONE',  ( -47.00000000000000000, 162.7289639002186163, -0.4518216655316359964 ) ) ;
#370 = FACE_OUTER_BOUND ( 'NONE', #6320, .T. ) ;
#371 = CARTESIAN_POINT ( 'NONE',  ( -48.14642419775778137, 153.8348667856811858, 42.36324379412031504 ) ) ;
#372 = CARTESIAN_POINT ( 'NONE',  ( -41.14849579182903483, 93.39148535881979285, 49.36117220004905448 ) ) ;
#373 = ORIENTED_EDGE ( 'NONE', *, *, #2504, .F. ) ;
#374 = PLANE ( 'NONE',  #5011 ) ;
#375 = CARTESIAN_POINT ( 'NONE',  ( 45.77674598141886264, 54.62836855260158586, 44.73292201045924799 ) ) ;
#376 = CARTESIAN_POINT ( 'NONE',  ( 35.32342564570036814, 52.00000000000000000, 30.60489855371855583 ) ) ;
#377 = AXIS2_PLACEMENT_3D ( 'NONE', #5405, #7037, #419 ) ;
#378 = CARTESIAN_POINT ( 'NONE',  ( -39.91748297430892478, 120.2343318316846421, 50.59218501756915742 ) ) ;
#379 = CARTESIAN_POINT ( 'NONE',  ( -32.88046532517444120, 176.0000000000000000, 32.88046532517448384 ) ) ;
#380 = CARTESIAN_POINT ( 'NONE',  ( 50.54757796528363656, 116.5874508295665635, 39.96209002659447407 ) ) ;
#381 = CARTESIAN_POINT ( 'NONE',  ( 43.94697918396570202, 157.2818685057019650, 46.56268880791240861 ) ) ;
#382 = ORIENTED_EDGE ( 'NONE', *, *, #5594, .T. ) ;
#383 = CARTESIAN_POINT ( 'NONE',  ( -108.0000000000000000, 204.9984294160720424, 1.407972151344734080 ) ) ;
#384 = CARTESIAN_POINT ( 'NONE',  ( -43.19369017679609613, 69.12979561808754170, 47.31597781508198608 ) ) ;
#385 = CARTESIAN_POINT ( 'NONE',  ( 107.9999999999999858, 202.4922469032945003, 1.278898672072648068 ) ) ;
#386 = CARTESIAN_POINT ( 'NONE',  ( -25.10761244709871676, 153.6225640485287727, 40.65331820325018697 ) ) ;
#387 = CARTESIAN_POINT ( 'NONE',  ( -34.35490803650082370, 41.14839227088495477, 35.48620448978829955 ) ) ;
#388 = FACE_OUTER_BOUND ( 'NONE', #4067, .T. ) ;
#389 = CARTESIAN_POINT ( 'NONE',  ( -28.04587946174962454, 169.6705890994746824, 37.71505118860347494 ) ) ;
#390 = CARTESIAN_POINT ( 'NONE',  ( -39.91996775807772480, 130.9941881811295445, 50.58970023380036451 ) ) ;
#391 = CARTESIAN_POINT ( 'NONE',  ( -39.96209002659447407, 116.5874508295665635, -50.54757796528363656 ) ) ;
#392 = EDGE_CURVE ( 'NONE', #5556, #333, #7041, .T. ) ;
#393 = CARTESIAN_POINT ( 'NONE',  ( 39.22375858382815039, 163.8347417721553256, -26.53717206652076044 ) ) ;
#394 = ORIENTED_EDGE ( 'NONE', *, *, #2419, .F. ) ;
#395 = CARTESIAN_POINT ( 'NONE',  ( -45.04270196158309147, 52.00000000000000000, -45.46696603029501915 ) ) ;
#396 = CARTESIAN_POINT ( 'NONE',  ( -40.28617701406469109, 108.7025900201346644, -50.22349097781342664 ) ) ;
#397 = CARTESIAN_POINT ( 'NONE',  ( 32.16823240588158228, 39.48056780803436538, -33.59269824446733566 ) ) ;
#398 = CARTESIAN_POINT ( 'NONE',  ( -49.93783009309771614, 143.4569695494772361, -40.57183789878039448 ) ) ;
#399 = EDGE_CURVE ( 'NONE', #4389, #5517, #6817, .T. ) ;
#400 = CARTESIAN_POINT ( 'NONE',  ( -41.74177417787063860, 85.62404022679615423, -48.76789381400747203 ) ) ;
#401 = DIRECTION ( 'NONE',  ( 0.000000000000000000, -1.000000000000000000, 0.000000000000000000 ) ) ;
#402 = CARTESIAN_POINT ( 'NONE',  ( -37.00988115598540418, 66.80701258836775480, -28.75104949436352442 ) ) ;
#403 = CARTESIAN_POINT ( 'NONE',  ( -34.44736847863527629, 45.71524904810726753, 31.31356217171363809 ) ) ;
#404 = LINE ( 'NONE', #2705, #5438 ) ;
#405 = ORIENTED_EDGE ( 'NONE', *, *, #3122, .T. ) ;
#406 = CARTESIAN_POINT ( 'NONE',  ( 40.10103315935764812, 137.5203383235722470, -50.40863483252044119 ) ) ;
#407 = ORIENTED_EDGE ( 'NONE', *, *, #2279, .F. ) ;
#408 = CARTESIAN_POINT ( 'NONE',  ( 34.44736847863528340, 45.71524904810725332, 31.31356217171364520 ) ) ;
#409 = CARTESIAN_POINT ( 'NONE',  ( -50.22349097781342664, 108.7025900201346644, -40.28617701406468399 ) ) ;
#410 = DIRECTION ( 'NONE',  ( 0.000000000000000000, -0.000000000000000000, 1.000000000000000000 ) ) ;
#411 = CARTESIAN_POINT ( 'NONE',  ( -41.74177417787062438, 85.62404022679615423, 48.76789381400745782 ) ) ;
#412 = CARTESIAN_POINT ( 'NONE',  ( 47.03874315999062361, 66.31954352124843410, 43.47092483188747281 ) ) ;
#413 = CARTESIAN_POINT ( 'NONE',  ( 33.79063506663601402, 175.4114255477894915, -32.66844815590996376 ) ) ;
#414 = VERTEX_POINT ( 'NONE', #5624 ) ;
#415 = CARTESIAN_POINT ( 'NONE',  ( -37.33082592828149160, 69.78879219389069988, 28.43010472206742634 ) ) ;
#416 = CARTESIAN_POINT ( 'NONE',  ( -40.11998767400631039, 112.7299032302373263, 50.38968031787177893 ) ) ;
#417 = CARTESIAN_POINT ( 'NONE',  ( 108.0000000000000000, 188.2844865614401897, 0.1789959886829862179 ) ) ;
#418 = DIRECTION ( 'NONE',  ( 0.000000000000000000, 0.000000000000000000, 1.000000000000000000 ) ) ;
#419 = DIRECTION ( 'NONE',  ( -0.7071067811865474617, 0.000000000000000000, -0.7071067811865474617 ) ) ;
#420 = CARTESIAN_POINT ( 'NONE',  ( -34.94075078326840611, 38.38965361115112529, 34.51648671455648554 ) ) ;
#421 = ORIENTED_EDGE ( 'NONE', *, *, #2855, .T. ) ;
#422 = CIRCLE ( 'NONE', #3595, 46.99996213765929554 ) ;
#423 = CARTESIAN_POINT ( 'NONE',  ( -27.07602383751882869, 150.3730014174499843, 42.03461616943197754 ) ) ;
#424 = CARTESIAN_POINT ( 'NONE',  ( 40.24733569863604998, 157.6066838202880831, -25.51359495171286795 ) ) ;
#425 = CARTESIAN_POINT ( 'NONE',  ( 30.91401160849295593, 48.76015656176384283, -34.84691904185596911 ) ) ;
#426 = FACE_OUTER_BOUND ( 'NONE', #4153, .T. ) ;
#427 = ORIENTED_EDGE ( 'NONE', *, *, #4544, .T. ) ;
#428 = CARTESIAN_POINT ( 'NONE',  ( 45.46696603029501915, 52.00000000000000000, 45.04270196158309147 ) ) ;
#429 = CARTESIAN_POINT ( 'NONE',  ( -42.78460399787553570, 155.3921848145515412, -47.72506399400257493 ) ) ;
#430 = CARTESIAN_POINT ( 'NONE',  ( 47.03874315999061650, 66.31954352124843410, -43.47092483188747281 ) ) ;
#431 = CARTESIAN_POINT ( 'NONE',  ( -49.82615309694460848, 100.9687423887486943, -40.68351489493349504 ) ) ;
#432 = VECTOR ( 'NONE', #2222, 1000.000000000000000 ) ;
#433 = CARTESIAN_POINT ( 'NONE',  ( 44.73292201045922667, 54.62836855260160718, -45.77674598141885554 ) ) ;
#434 = VECTOR ( 'NONE', #5812, 1000.000000000000000 ) ;
#435 = CARTESIAN_POINT ( 'NONE',  ( 29.67952824767895237, 58.70654625247946967, 36.08140240266998688 ) ) ;
#436 = EDGE_CURVE ( 'NONE', #5983, #4969, #3090, .T. ) ;
#437 = CARTESIAN_POINT ( 'NONE',  ( -32.58376914801011281, 36.58494384897175422, 33.17716150233880512 ) ) ;
#438 = CARTESIAN_POINT ( 'NONE',  ( -43.19369017679611034, 69.12979561808754170, -47.31597781508200029 ) ) ;
#439 = CARTESIAN_POINT ( 'NONE',  ( -40.65331820325018697, 153.6225640485288011, 25.10761244709872742 ) ) ;
#440 = CARTESIAN_POINT ( 'NONE',  ( -41.89008183373208993, 152.1318062554275912, 48.61958615814599227 ) ) ;
#441 = EDGE_CURVE ( 'NONE', #6826, #6541, #1158, .T. ) ;
#442 = VECTOR ( 'NONE', #2404, 1000.000000000000000 ) ;
#443 = ORIENTED_EDGE ( 'NONE', *, *, #4993, .F. ) ;
#444 = ORIENTED_EDGE ( 'NONE', *, *, #1345, .F. ) ;
#445 = CARTESIAN_POINT ( 'NONE',  ( 44.93779350453366561, 52.88466077438591384, 45.57187448734443080 ) ) ;
#446 = CYLINDRICAL_SURFACE ( 'NONE', #3410, 50.00000000000000000 ) ;
#447 = EDGE_CURVE ( 'NONE', #6056, #5043, #1170, .T. ) ;
#448 = CARTESIAN_POINT ( 'NONE',  ( -41.00000000000000000, 57.99999999999999289, -21.00000000000000000 ) ) ;
#449 = CARTESIAN_POINT ( 'NONE',  ( -25.10761244709871676, 153.6225640485287727, 40.65331820325018697 ) ) ;
#450 = CARTESIAN_POINT ( 'NONE',  ( 46.59833688019348585, 94.50000000000000000, 52.39661248592317833 ) ) ;
#451 = VERTEX_POINT ( 'NONE', #6574 ) ;
#452 = CARTESIAN_POINT ( 'NONE',  ( 27.19834591289388470, 166.8763353538258514, 38.56258473745506166 ) ) ;
#453 = CARTESIAN_POINT ( 'NONE',  ( 43.97682058470661559, 61.44371818057052792, -46.53284740717148082 ) ) ;
#454 = CARTESIAN_POINT ( 'NONE',  ( -29.67952824767894171, 58.70654625247946257, 36.08140240266996557 ) ) ;
#455 = DATE_AND_TIME ( #6015, #203 ) ;
#456 = CARTESIAN_POINT ( 'NONE',  ( -37.49320649782438153, 71.28898199371604960, 28.26772415252452575 ) ) ;
#457 = CARTESIAN_POINT ( 'NONE',  ( 45.46696603029500494, 52.00000000000000000, -45.04270196158308437 ) ) ;
#458 = DIRECTION ( 'NONE',  ( 0.7071067811865474617, -0.000000000000000000, -0.7071067811865474617 ) ) ;
#459 = ORIENTED_EDGE ( 'NONE', *, *, #3532, .F. ) ;
#460 = DIRECTION ( 'NONE',  ( -0.000000000000000000, 1.000000000000000000, -0.000000000000000000 ) ) ;
#461 = CARTESIAN_POINT ( 'NONE',  ( 0.000000000000000000, 10.00000000000000000, 0.000000000000000000 ) ) ;
#462 = CARTESIAN_POINT ( 'NONE',  ( 50.59218501756915742, 120.2343318316846279, -39.91748297430893189 ) ) ;
#463 = CARTESIAN_POINT ( 'NONE',  ( 37.19206485552194863, 171.3537213827805772, -28.56886579482696220 ) ) ;
#464 = FACE_OUTER_BOUND ( 'NONE', #3031, .T. ) ;
#465 = EDGE_LOOP ( 'NONE', ( #3087, #6213 ) ) ;
#466 = CARTESIAN_POINT ( 'NONE',  ( 108.0000000000000000, 221.3340369568884398, -0.7072749410835352801 ) ) ;
#467 = CARTESIAN_POINT ( 'NONE',  ( -31.92684771948880851, 41.21309918220622137, -33.83408293086012719 ) ) ;
#468 = CARTESIAN_POINT ( 'NONE',  ( 38.43390449649705687, 80.61020279584469961, -27.32702615385185752 ) ) ;
#469 = CARTESIAN_POINT ( 'NONE',  ( -37.49320649782439574, 71.28898199371606381, -28.26772415252453641 ) ) ;
#470 = CARTESIAN_POINT ( 'NONE',  ( 43.47092483188746570, 66.31954352124841989, -47.03874315999062361 ) ) ;
#471 = CARTESIAN_POINT ( 'NONE',  ( 24.96626355950891352, 111.3121957717727071, 40.79466709084002218 ) ) ;
#472 = CARTESIAN_POINT ( 'NONE',  ( -41.74177417787062438, 85.62404022679615423, 48.76789381400745782 ) ) ;
#473 = CARTESIAN_POINT ( 'NONE',  ( -40.92961328274396493, 96.97051065983893636, -49.58005470913414570 ) ) ;
#474 = CARTESIAN_POINT ( 'NONE',  ( -34.94075078326840611, 38.38965361115108976, -34.51648671455647843 ) ) ;
#475 = CARTESIAN_POINT ( 'NONE',  ( 49.94173754644742758, 196.9203548972782016, -2.421102335063152200 ) ) ;
#476 = ORIENTED_EDGE ( 'NONE', *, *, #6137, .T. ) ;
#477 = VERTEX_POINT ( 'NONE', #6020 ) ;
#478 = CARTESIAN_POINT ( 'NONE',  ( 43.97682058470662270, 61.44371818057052792, 46.53284740717148082 ) ) ;
#479 = EDGE_CURVE ( 'NONE', #7094, #4622, #6529, .T. ) ;
#480 = CARTESIAN_POINT ( 'NONE',  ( -45.51935232921329799, 52.44175755770031344, -44.99031566266480553 ) ) ;
#481 = CARTESIAN_POINT ( 'NONE',  ( 32.98532786528268446, 54.99999999999999289, -37.57616459432502865 ) ) ;
#482 = LINE ( 'NONE', #4285, #2492 ) ;
#483 = CARTESIAN_POINT ( 'NONE',  ( -40.28617701406467688, 108.7025900201346644, 50.22349097781341243 ) ) ;
#484 = CARTESIAN_POINT ( 'NONE',  ( 30.36448191016011222, 173.7963362840430364, -35.87586871433717306 ) ) ;
#485 = ORIENTED_EDGE ( 'NONE', *, *, #4453, .T. ) ;
#486 = CARTESIAN_POINT ( 'NONE',  ( 24.55371574811974256, 145.7020373835962062, 41.20721490222918959 ) ) ;
#487 = ADVANCED_FACE ( 'NONE', ( #6174 ), #2216, .F. ) ;
#488 = CIRCLE ( 'NONE', #4117, 50.00000000000000000 ) ;
#489 = CARTESIAN_POINT ( 'NONE',  ( 30.12822377908831584, 54.97802726448587407, -35.63270687126060210 ) ) ;
#490 = CARTESIAN_POINT ( 'NONE',  ( -24.29434890298206540, 131.8280114082709815, 41.46658174736685254 ) ) ;
#491 = PERSON_AND_ORGANIZATION ( #5920, #2535 ) ;
#492 = CARTESIAN_POINT ( 'NONE',  ( -50.58970023380035741, 130.9941881811295445, 39.91996775807773190 ) ) ;
#493 = ORIENTED_EDGE ( 'NONE', *, *, #5074, .F. ) ;
#494 = CARTESIAN_POINT ( 'NONE',  ( 42.62031228415365547, 75.23276251545789250, -47.88935570772444095 ) ) ;
#495 = VECTOR ( 'NONE', #4496, 1000.000000000000000 ) ;
#496 = ORIENTED_EDGE ( 'NONE', *, *, #3873, .F. ) ;
#497 = FACE_BOUND ( 'NONE', #1446, .T. ) ;
#498 = DIRECTION ( 'NONE',  ( -1.000000000000000000, 0.000000000000000000, -0.000000000000000000 ) ) ;
#499 = CARTESIAN_POINT ( 'NONE',  ( 34.65886550037445346, 38.39089156305787043, -34.80028685661177690 ) ) ;
#500 = LINE ( 'NONE', #5449, #2655 ) ;
#501 = ORIENTED_EDGE ( 'NONE', *, *, #3175, .F. ) ;
#502 = DIRECTION ( 'NONE',  ( 0.9088285370321855794, 0.4171671973262491284, -0.001489882847593747457 ) ) ;
#503 = CARTESIAN_POINT ( 'NONE',  ( 33.65783052772524542, 49.44931349178472146, 36.87807467727505184 ) ) ;
#504 = CARTESIAN_POINT ( 'NONE',  ( 48.76789381400745782, 85.62404022679615423, 41.74177417787063860 ) ) ;
#505 = CARTESIAN_POINT ( 'NONE',  ( 45.46696603029500494, 52.00000000000000000, -45.04270196158308437 ) ) ;
#506 = CARTESIAN_POINT ( 'NONE',  ( 34.81447876247081297, 48.51213425699022963, -30.94645188787810497 ) ) ;
#507 = CARTESIAN_POINT ( 'NONE',  ( 31.08035469695843389, 175.3233815820528605, 34.68057595339049470 ) ) ;
#508 = CARTESIAN_POINT ( 'NONE',  ( -36.46736499287372624, 173.1609393494194364, -29.29356565747520946 ) ) ;
#509 = CARTESIAN_POINT ( 'NONE',  ( 24.29434890298206184, 131.8280114082709815, -41.46658174736684543 ) ) ;
#510 = B_SPLINE_CURVE_WITH_KNOTS ( 'NONE', 3,
 ( #2652, #1603, #870, #5307, #2552, #387, #2615, #7075 ),
 .UNSPECIFIED., .F., .F.,
 ( 4, 2, 2, 4 ),
 ( 1.387778780781445676E-17, 0.008445642262737987349, 0.01266846339410696368, 0.01689128452547594000 ),
 .UNSPECIFIED. ) ;
#511 = CARTESIAN_POINT ( 'NONE',  ( 42.32202566649796438, 78.60787726850114154, 48.18764232538012493 ) ) ;
#512 = CARTESIAN_POINT ( 'NONE',  ( -41.19064070390658117, 148.1781441586251162, 49.31902728797150104 ) ) ;
#513 = CARTESIAN_POINT ( 'NONE',  ( -32.16823240588158228, 39.48056780803440091, -33.59269824446734987 ) ) ;
#514 = CARTESIAN_POINT ( 'NONE',  ( -36.46736499287371203, 173.1609393494194364, 29.29356565747520236 ) ) ;
#515 = CARTESIAN_POINT ( 'NONE',  ( -39.82026051515520493, 127.6151589264297428, 50.68940747672288438 ) ) ;
#516 = UNCERTAINTY_MEASURE_WITH_UNIT (LENGTH_MEASURE( 1.000000000000000082E-05 ), #2172, 'distance_accuracy_value', 'NONE');
#517 = EDGE_LOOP ( 'NONE', ( #6357, #2782, #1788 ) ) ;
#518 = ORIENTED_EDGE ( 'NONE', *, *, #1565, .F. ) ;
#519 = CARTESIAN_POINT ( 'NONE',  ( 30.94645188787811207, 48.51213425699023674, 34.81447876247082718 ) ) ;
#520 = CARTESIAN_POINT ( 'NONE',  ( 48.15397179880387313, 157.9999999999999716, -42.35569619307420908 ) ) ;
#521 = DIRECTION ( 'NONE',  ( -0.000000000000000000, -1.000000000000000000, -0.000000000000000000 ) ) ;
#522 = CARTESIAN_POINT ( 'NONE',  ( -28.04587946176237878, 340.0000000000000000, 37.71505118858653560 ) ) ;
#523 = CARTESIAN_POINT ( 'NONE',  ( -43.97682058470661559, 61.44371818057052792, 46.53284740717148082 ) ) ;
#524 = CARTESIAN_POINT ( 'NONE',  ( 37.71505118860601868, 169.6705890994531103, -28.04587946173982971 ) ) ;
#525 = CARTESIAN_POINT ( 'NONE',  ( 41.45303252024856278, 89.40149471062305508, 49.05663547162955496 ) ) ;
#526 = B_SPLINE_CURVE_WITH_KNOTS ( 'NONE', 3,
 ( #5212, #1836, #6267, #5601, #1325 ),
 .UNSPECIFIED., .F., .F.,
 ( 4, 1, 4 ),
 ( 0.8684778216905898462, 0.9074622505925599159, 0.9227094376715985202 ),
 .UNSPECIFIED. ) ;
#527 = CARTESIAN_POINT ( 'NONE',  ( 25.61039644484206690, 101.0166046022987985, -40.15053420550685104 ) ) ;
#528 = CARTESIAN_POINT ( 'NONE',  ( -26.85867340158341321, 85.63114929373708151, 38.90225724876551539 ) ) ;
#529 = APPROVAL_STATUS ( 'not_yet_approved' ) ;
#530 = CARTESIAN_POINT ( 'NONE',  ( -45.57187448734442370, 52.88466077438591384, 44.93779350453365851 ) ) ;
#532 = EDGE_CURVE ( 'NONE', #6439, #5480, #46, .T. ) ;
#531 = ORIENTED_EDGE ( 'NONE', *, *, #1302, .F. ) ;
#533 = CARTESIAN_POINT ( 'NONE',  ( -28.21356056934323675, 94.50000000000000000, 34.01183617507293633 ) ) ;
#534 = CARTESIAN_POINT ( 'NONE',  ( -38.56258473745504034, 166.8763353538258514, 27.19834591289388115 ) ) ;
#535 = ORIENTED_EDGE ( 'NONE', *, *, #154, .T. ) ;
#536 = CARTESIAN_POINT ( 'NONE',  ( -50.07277075913016517, 104.9875858014058423, -40.43689723274794545 ) ) ;
#537 = CARTESIAN_POINT ( 'NONE',  ( -1.301187224094062685E-14, 55.00000000000000000, 106.2500000000000000 ) ) ;
#538 = CARTESIAN_POINT ( 'NONE',  ( -37.00988115598540418, 66.80701258836775480, -28.75104949436352442 ) ) ;
#539 = ORIENTED_EDGE ( 'NONE', *, *, #532, .T. ) ;
#540 = CARTESIAN_POINT ( 'NONE',  ( 108.0000000000000000, 188.1420704083295163, 0.1644803745078677881 ) ) ;
#541 = DIRECTION ( 'NONE',  ( -0.000000000000000000, 0.000000000000000000, 1.000000000000000000 ) ) ;
#542 = CARTESIAN_POINT ( 'NONE',  ( 41.20721490222918959, 145.7020373835961777, -24.55371574811973190 ) ) ;
#543 = DIRECTION ( 'NONE',  ( 0.000000000000000000, -0.000000000000000000, 1.000000000000000000 ) ) ;
#544 = CARTESIAN_POINT ( 'NONE',  ( 40.33924585287350340, 140.4589426390626272, -50.17042213900458592 ) ) ;
#545 = CARTESIAN_POINT ( 'NONE',  ( 84.99999999999998579, 212.0000000000000000, -1.050000000000000044 ) ) ;
#546 = DIRECTION ( 'NONE',  ( -0.7071067811865472397, -0.000000000000000000, 0.7071067811865479058 ) ) ;
#547 = CARTESIAN_POINT ( 'NONE',  ( 44.73292201045924799, 54.62836855260160718, 45.77674598141886264 ) ) ;
#548 = CARTESIAN_POINT ( 'NONE',  ( -36.46736499287371203, 173.1609393494194364, 29.29356565747520236 ) ) ;
#549 = CARTESIAN_POINT ( 'NONE',  ( -26.00954371031358647, 95.69680212022358035, -39.75138694003535278 ) ) ;
#550 = CARTESIAN_POINT ( 'NONE',  ( 42.56805623992434562, 133.4434379767990890, -26.22901137448830511 ) ) ;
#551 = CARTESIAN_POINT ( 'NONE',  ( -49.98298835007486218, 265.7746878644298931, 1.324404837173750460 ) ) ;
#552 = ORIENTED_EDGE ( 'NONE', *, *, #1362, .F. ) ;
#553 = AXIS2_PLACEMENT_3D ( 'NONE', #6733, #3435, #2992 ) ;
#554 = B_SPLINE_SURFACE_WITH_KNOTS ( 'NONE', 3, 1, ( 
 ( #2436, #6278 ),
 ( #3524, #5729 ),
 ( #199, #4650 ),
 ( #4684, #5326 ),
 ( #5796, #6550 ),
 ( #269, #1410 ),
 ( #4382, #306 ),
 ( #3668, #4178 ),
 ( #6585, #2505 ),
 ( #4718, #5864 ),
 ( #6922, #3631 ),
 ( #1579, #3251 ),
 ( #5458, #6959 ),
 ( #888, #3800 ),
 ( #3115, #341 ),
 ( #2573, #6768 ),
 ( #1287, #6223 ),
 ( #2455, #2420 ),
 ( #838, #4632 ),
 ( #6264, #6299 ),
 ( #1320, #767 ),
 ( #3507, #5816 ),
 ( #2991, #3469 ),
 ( #2491, #6873 ),
 ( #1907, #3025 ),
 ( #5247, #1395 ),
 ( #3614, #4337 ),
 ( #1978, #1009 ),
 ( #1429, #4264 ),
 ( #3652, #5344 ),
 ( #1569, #5852 ),
 ( #2109, #3789 ),
 ( #1463, #4229 ),
 ( #393, #1536 ),
 ( #424, #2620 ),
 ( #873, #6471 ),
 ( #4840, #5986 ),
 ( #5447, #6438 ),
 ( #909, #1499 ),
 ( #3100, #462 ),
 ( #5916, #4737 ),
 ( #6943, #3684 ),
 ( #325, #3164 ),
 ( #4301, #3755 ),
 ( #5949, #973 ),
 ( #3200, #5410 ),
 ( #2658, #4880 ),
 ( #4436, #3855 ),
 ( #7114, #26 ),
 ( #1749, #1675 ),
 ( #6059, #6722 ),
 ( #5514, #6021 ),
 ( #3279, #1048 ),
 ( #5552, #2763 ),
 ( #6646, #3968 ),
 ( #1199, #6684 ),
 ( #3889, #3423 ) ),
 .UNSPECIFIED., .F., .F., .F.,
 ( 4, 1, 1, 1, 1, 1, 1, 1, 1, 1, 1, 1, 1, 1, 1, 1, 1, 1, 1, 1, 1, 1, 1, 1, 1, 1, 1, 1, 1, 1, 1, 1, 1, 1, 1, 1, 1, 1, 1, 1, 1, 1, 1, 1, 1, 1, 1, 1, 1, 1, 1, 1, 1, 1, 4 ),
 ( 2, 2 ),
 ( 0.000000000000000000, 0.006185920264467958951, 0.006201962899188617762, 0.02441097605636066703, 0.02448136905349906911, 0.05370574164729757793, 0.05388345649501025125, 0.09253774940744008415, 0.09289034474279100895, 0.1389060332195525271, 0.1395093084148929519, 0.1904437008900515815, 0.1913742588137488099, 0.2445345556009104193, 0.2458629933516659483, 0.2984579075547033611, 0.3002380933255869300, 0.3495648249652612005, 0.3518114771965039633, 0.3954646363279898935, 0.3981158618259910131, 0.4341890767744073232, 0.4370593218643058497, 0.4643545367854605699, 0.4670784500627875868, 0.4855543320873982882, 0.4874746266155715047, 0.4999999999999998890, 0.5125253733844284953, 0.5144456679126014897, 0.5329215499372124132, 0.5356454632145392081, 0.5629406781356941503, 0.5658109232255925658, 0.6018841381740089869, 0.6045353636720098844, 0.6481885228034960367, 0.6504351750347385774, 0.6997619066744129590, 0.7015420924452964169, 0.7541370066483340517, 0.7554654443990894697, 0.8086257411862511901, 0.8095562991099481964, 0.8604906915851069371, 0.8610939667804473618, 0.9071096552572089911, 0.9074622505925598048, 0.9461165435049897487, 0.9462942583527023110, 0.9755186309465008199, 0.9755890239436393330, 0.9937980371008112712, 0.9938140797355321521, 1.000000000000000000 ),
 ( 0.000000000000000000, 1.000000000000000000 ),
 .UNSPECIFIED. ) ;
#555 = ORIENTED_EDGE ( 'NONE', *, *, #1125, .T. ) ;
#556 = CARTESIAN_POINT ( 'NONE',  ( 39.91996775807773901, 130.9941881811295445, 50.58970023380037162 ) ) ;
#557 = CARTESIAN_POINT ( 'NONE',  ( -41.45303252024854856, 89.40149471062302666, -49.05663547162955496 ) ) ;
#558 = DIRECTION ( 'NONE',  ( 0.000000000000000000, 0.000000000000000000, -1.000000000000000000 ) ) ;
#559 = CARTESIAN_POINT ( 'NONE',  ( 29.68759046701156024, 174.1961081890134722, 36.07334018333737191 ) ) ;
#560 = VECTOR ( 'NONE', #6897, 1000.000000000000000 ) ;
#561 = CARTESIAN_POINT ( 'NONE',  ( -34.68057595339048049, 175.3233815820528605, 31.08035469695843389 ) ) ;
#562 = DIRECTION ( 'NONE',  ( 0.000000000000000000, -1.000000000000000000, 0.000000000000000000 ) ) ;
#563 = ORIENTED_EDGE ( 'NONE', *, *, #5225, .T. ) ;
#564 = DIRECTION ( 'NONE',  ( 0.000000000000000000, -1.000000000000000000, 0.000000000000000000 ) ) ;
#565 = CARTESIAN_POINT ( 'NONE',  ( 31.92684771948880140, 41.21309918220619295, -33.83408293086011298 ) ) ;
#566 = CARTESIAN_POINT ( 'NONE',  ( -33.17716150233879802, 36.58494384897174712, 32.58376914801011992 ) ) ;
#567 = PERSON_AND_ORGANIZATION ( #5920, #2535 ) ;
#568 = FACE_OUTER_BOUND ( 'NONE', #6023, .T. ) ;
#569 = PLANE ( 'NONE',  #4986 ) ;
#570 = CARTESIAN_POINT ( 'NONE',  ( 40.33924585287351761, 140.4589426390626556, 50.17042213900459302 ) ) ;
#571 = ORIENTED_EDGE ( 'NONE', *, *, #2674, .F. ) ;
#572 = CARTESIAN_POINT ( 'NONE',  ( 30.53588494905745776, 51.75724084996459595, 35.22504570129147794 ) ) ;
#573 = CARTESIAN_POINT ( 'NONE',  ( -30.50535599256534169, 52.00000000000000000, -35.25557465778359756 ) ) ;
#574 = CARTESIAN_POINT ( 'NONE',  ( -48.76789381400746493, 85.62404022679615423, -41.74177417787065281 ) ) ;
#575 = ORIENTED_EDGE ( 'NONE', *, *, #3021, .T. ) ;
#576 = CARTESIAN_POINT ( 'NONE',  ( 33.17716150233881223, 36.58494384897175422, 32.58376914801012703 ) ) ;
#577 = CARTESIAN_POINT ( 'NONE',  ( -35.59165798699057603, 172.3871567451918168, -35.11778775206403935 ) ) ;
#578 = ADVANCED_FACE ( 'NONE', ( #6101 ), #4403, .F. ) ;
#579 = CARTESIAN_POINT ( 'NONE',  ( -1.301187450708726811E-14, 55.00000568419856961, 106.2500185044916066 ) ) ;
#580 = CARTESIAN_POINT ( 'NONE',  ( 36.46736499287372624, 173.1609393494194080, -29.29356565747519880 ) ) ;
#581 = CARTESIAN_POINT ( 'NONE',  ( -32.66833329081850223, 36.00000000000000000, -33.09259735953043702 ) ) ;
#582 = CARTESIAN_POINT ( 'NONE',  ( -39.91996775807773901, 130.9941881811296014, -50.58970023380037162 ) ) ;
#583 = FACE_OUTER_BOUND ( 'NONE', #4895, .T. ) ;
#584 = CARTESIAN_POINT ( 'NONE',  ( -30.94645188787809786, 48.51213425699024384, 34.81447876247082007 ) ) ;
#585 = LINE ( 'NONE', #3981, #1520 ) ;
#586 = EDGE_CURVE ( 'NONE', #4324, #4418, #1117, .T. ) ;
#587 = CARTESIAN_POINT ( 'NONE',  ( 31.92684771948880851, 41.21309918220618584, 33.83408293086011298 ) ) ;
#588 = CARTESIAN_POINT ( 'NONE',  ( -40.65331820325018697, 153.6225640485288011, 25.10761244709872742 ) ) ;
#589 = CARTESIAN_POINT ( 'NONE',  ( -44.99031566266480553, 52.44175755770029212, -45.51935232921329799 ) ) ;
#590 = CARTESIAN_POINT ( 'NONE',  ( 38.64111387782605789, 169.3775914625086330, -31.73166403062775132 ) ) ;
#591 = EDGE_LOOP ( 'NONE', ( #1573, #2047, #6286, #6551 ) ) ;
#592 = EDGE_CURVE ( 'NONE', #812, #1813, #2333, .T. ) ;
#593 = ORIENTED_EDGE ( 'NONE', *, *, #2279, .T. ) ;
#594 = CARTESIAN_POINT ( 'NONE',  ( 24.37365805196743551, 126.6764942988443892, 41.38727259838150019 ) ) ;
#595 = CARTESIAN_POINT ( 'NONE',  ( -29.67952824767895237, 58.70654625247944125, -36.08140240266997978 ) ) ;
#596 = CARTESIAN_POINT ( 'NONE',  ( -47.00000000000000000, 159.9999999999999716, 0.2499999999999999445 ) ) ;
#597 = CARTESIAN_POINT ( 'NONE',  ( -46.99255975965463250, 211.3549315430131230, 0.8397189570709606699 ) ) ;
#598 = CARTESIAN_POINT ( 'NONE',  ( -41.36857510098817414, 141.0186408901463437, 24.39235554936074024 ) ) ;
#599 = CARTESIAN_POINT ( 'NONE',  ( 50.38968031787179314, 112.7299032302373263, 40.11998767400631749 ) ) ;
#600 = CARTESIAN_POINT ( 'NONE',  ( 25.10761244709873452, 153.6225640485288011, 40.65331820325020118 ) ) ;
#601 = CARTESIAN_POINT ( 'NONE',  ( -31.92684771948880851, 41.21309918220622137, -33.83408293086012719 ) ) ;
#602 = CARTESIAN_POINT ( 'NONE',  ( 41.20721490222918959, 145.7020373835961777, -24.55371574811973190 ) ) ;
#603 = CARTESIAN_POINT ( 'NONE',  ( -46.30576403225039428, 59.33385514974001751, 44.20390395962768793 ) ) ;
#604 = DIRECTION ( 'NONE',  ( -1.000000000000000000, 0.000000000000000000, 0.000000000000000000 ) ) ;
#605 = CARTESIAN_POINT ( 'NONE',  ( 35.63270687126059499, 54.97802726448586697, -30.12822377908831939 ) ) ;
#606 = ORIENTED_EDGE ( 'NONE', *, *, #6579, .F. ) ;
#607 = DIRECTION ( 'NONE',  ( 0.000000000000000000, -1.000000000000000000, 0.000000000000000000 ) ) ;
#608 = CARTESIAN_POINT ( 'NONE',  ( -35.63270687126060920, 54.97802726448587407, -30.12822377908833360 ) ) ;
#609 = VERTEX_POINT ( 'NONE', #172 ) ;
#610 = CARTESIAN_POINT ( 'NONE',  ( -37.31012873558584886, 171.3761559227166344, -33.28693591194471679 ) ) ;
#611 = DIRECTION ( 'NONE',  ( 0.7071067811865479058, -0.000000000000000000, 0.7071067811865472397 ) ) ;
#612 = FACE_BOUND ( 'NONE', #1552, .T. ) ;
#613 = CARTESIAN_POINT ( 'NONE',  ( -30.12822377908832649, 54.97802726448586697, -35.63270687126060210 ) ) ;
#614 = VECTOR ( 'NONE', #993, 1000.000000000000000 ) ;
#615 = CARTESIAN_POINT ( 'NONE',  ( -45.51935232921328378, 52.44175755770030634, 44.99031566266479842 ) ) ;
#616 = CARTESIAN_POINT ( 'NONE',  ( 39.75138694003533857, 95.69680212022358035, -26.00954371031357937 ) ) ;
#617 = CARTESIAN_POINT ( 'NONE',  ( 40.75980735771283037, 145.8271779734262452, -49.74986063416525184 ) ) ;
#618 = CARTESIAN_POINT ( 'NONE',  ( 41.20721490222918959, 145.7020373835961493, 24.55371574811973545 ) ) ;
#619 = CARTESIAN_POINT ( 'NONE',  ( -48.91202582514207364, 150.5005888525397211, 41.59764216673601567 ) ) ;
#620 = CARTESIAN_POINT ( 'NONE',  ( 29.98132752230960918, 176.0000000000000000, -35.77960312803931231 ) ) ;
#621 = CARTESIAN_POINT ( 'NONE',  ( 40.24733569863606419, 157.6066838202880831, 25.51359495171287506 ) ) ;
#622 = PLANE ( 'NONE',  #1363 ) ;
#623 = EDGE_CURVE ( 'NONE', #4135, #1768, #2407, .T. ) ;
#624 = ORIENTED_EDGE ( 'NONE', *, *, #1436, .F. ) ;
#625 = ORIENTED_EDGE ( 'NONE', *, *, #2504, .T. ) ;
#626 = CARTESIAN_POINT ( 'NONE',  ( -33.17716150233881223, 36.58494384897174712, -32.58376914801012703 ) ) ;
#627 = CARTESIAN_POINT ( 'NONE',  ( -40.33924585287351761, 140.4589426390626556, -50.17042213900459302 ) ) ;
#628 = CARTESIAN_POINT ( 'NONE',  ( 36.74166306702384333, 172.3850631284893780, 29.31276646092290150 ) ) ;
#629 = CARTESIAN_POINT ( 'NONE',  ( 28.04587946176248536, 169.6705890995218340, 37.71505118858645034 ) ) ;
#630 = CARTESIAN_POINT ( 'NONE',  ( 50.49399183426302073, 134.5090890707682547, 40.01567615761508989 ) ) ;
#631 = ADVANCED_BREP_SHAPE_REPRESENTATION ( 'Body', ( #5709, #1131 ), #5779 ) ;
#632 = CARTESIAN_POINT ( 'NONE',  ( -46.56268880791239440, 157.2818685057019650, 43.94697918396570202 ) ) ;
#633 = CARTESIAN_POINT ( 'NONE',  ( 41.20721490222918959, 145.7020373835961493, 24.55371574811973545 ) ) ;
#634 = ORIENTED_EDGE ( 'NONE', *, *, #5339, .F. ) ;
#635 = CARTESIAN_POINT ( 'NONE',  ( 46.99714884873045406, 212.9169720311944616, -0.5296784880253745387 ) ) ;
#636 = CARTESIAN_POINT ( 'NONE',  ( -43.19369017679611034, 69.12979561808754170, -47.31597781508200029 ) ) ;
#637 = CARTESIAN_POINT ( 'NONE',  ( 41.45303252024854146, 89.40149471062304087, -49.05663547162954075 ) ) ;
#638 = CARTESIAN_POINT ( 'NONE',  ( 41.19064070390658117, 148.1781441586250878, -49.31902728797151525 ) ) ;
#639 = CARTESIAN_POINT ( 'NONE',  ( -36.08140240266997267, 58.70654625247946967, 29.67952824767894526 ) ) ;
#640 = CARTESIAN_POINT ( 'NONE',  ( 30.09056553259729938, 165.4343660277920947, 39.93261097207530241 ) ) ;
#641 = EDGE_LOOP ( 'NONE', ( #1693, #5958, #6202, #4513, #846, #1549, #1538, #5022, #3550, #3460, #1534, #6019 ) ) ;
#642 = DIRECTION ( 'NONE',  ( -0.000000000000000000, 1.000000000000000000, -0.000000000000000000 ) ) ;
#643 = CARTESIAN_POINT ( 'NONE',  ( 50.38968031787179314, 112.7299032302373263, 40.11998767400631749 ) ) ;
#644 = CARTESIAN_POINT ( 'NONE',  ( 47.31597781508198608, 69.12979561808754170, -43.19369017679610323 ) ) ;
#645 = DIRECTION ( 'NONE',  ( 0.000000000000000000, 1.000000000000000000, 0.000000000000000000 ) ) ;
#646 = CARTESIAN_POINT ( 'NONE',  ( 29.98132752230963050, 145.5000000000000000, 35.77960312803931942 ) ) ;
#647 = VERTEX_POINT ( 'NONE', #3600 ) ;
#648 = CARTESIAN_POINT ( 'NONE',  ( -31.73166403061347651, 169.3775914624838776, -38.64111387783777474 ) ) ;
#649 = CARTESIAN_POINT ( 'NONE',  ( 47.00000000000000000, 210.8546602966869727, -3.077860624859115379 ) ) ;
#650 = CARTESIAN_POINT ( 'NONE',  ( 45.46696603029500494, 52.00000000000000000, -45.04270196158308437 ) ) ;
#651 = CARTESIAN_POINT ( 'NONE',  ( -31.92684771948880851, 41.21309918220622137, -33.83408293086012719 ) ) ;
#652 = CARTESIAN_POINT ( 'NONE',  ( 46.90411965852687359, 325.0000000000000000, -3.000000000000000000 ) ) ;
#653 = CARTESIAN_POINT ( 'NONE',  ( 45.77674598141884843, 54.62836855260157876, -44.73292201045924088 ) ) ;
#654 = CARTESIAN_POINT ( 'NONE',  ( 50.54757796528362235, 116.5874508295665635, -39.96209002659446696 ) ) ;
#655 = DIRECTION ( 'NONE',  ( -0.7071067811865474617, 0.000000000000000000, 0.7071067811865474617 ) ) ;
#656 = CARTESIAN_POINT ( 'NONE',  ( -39.75138694003533857, 95.69680212022358035, 26.00954371031357582 ) ) ;
#657 = CARTESIAN_POINT ( 'NONE',  ( 40.41035066590497848, 58.00000000000000000, -24.00000000000000000 ) ) ;
#658 = CARTESIAN_POINT ( 'NONE',  ( 48.14642419775778848, 153.8348667856812142, 42.36324379412032215 ) ) ;
#659 = CARTESIAN_POINT ( 'NONE',  ( 37.63774848785701010, 171.0050973860462875, -32.91604603027191445 ) ) ;
#660 = ORIENTED_EDGE ( 'NONE', *, *, #1524, .T. ) ;
#661 = ADVANCED_FACE ( 'NONE', ( #1346 ), #754, .F. ) ;
#662 = ORIENTED_EDGE ( 'NONE', *, *, #3632, .F. ) ;
#663 = LINE ( 'NONE', #5045, #2944 ) ;
#664 = CARTESIAN_POINT ( 'NONE',  ( -29.29356565747520236, 173.1609393494194080, -36.46736499287372624 ) ) ;
#665 = CARTESIAN_POINT ( 'NONE',  ( -107.9999999999999858, 189.2661038502330939, 0.2768941404019777952 ) ) ;
#666 = DIRECTION ( 'NONE',  ( 0.000000000000000000, 1.000000000000000000, 0.000000000000000000 ) ) ;
#667 = EDGE_CURVE ( 'NONE', #1948, #1343, #3174, .T. ) ;
#668 = CARTESIAN_POINT ( 'NONE',  ( 48.91202582514209496, 150.5005888525397495, 41.59764216673601567 ) ) ;
#669 = CARTESIAN_POINT ( 'NONE',  ( -47.31597781508198608, 69.12979561808752749, 43.19369017679610323 ) ) ;
#670 = CARTESIAN_POINT ( 'NONE',  ( 34.81447876247082718, 48.51213425699024384, 30.94645188787810852 ) ) ;
#671 = ORIENTED_EDGE ( 'NONE', *, *, #4553, .T. ) ;
#672 = CARTESIAN_POINT ( 'NONE',  ( -34.51648671455649264, 38.38965361115111108, -34.94075078326842032 ) ) ;
#673 = CARTESIAN_POINT ( 'NONE',  ( -32.49898569560905770, 37.17140469785623935, -33.26194495473988155 ) ) ;
#674 = EDGE_CURVE ( 'NONE', #5686, #6306, #2005, .T. ) ;
#675 = CARTESIAN_POINT ( 'NONE',  ( 24.69734275216252328, 116.6762642137271797, -41.06358789818639821 ) ) ;
#676 = CARTESIAN_POINT ( 'NONE',  ( 25.51359495171286440, 157.6066838202881399, -40.24733569863604998 ) ) ;
#677 = CARTESIAN_POINT ( 'NONE',  ( -47.31597781508198608, 69.12979561808752749, 43.19369017679610323 ) ) ;
#678 = CARTESIAN_POINT ( 'NONE',  ( 31.88379191189866191, 169.6337938413909399, 38.51580684761087525 ) ) ;
#679 = EDGE_LOOP ( 'NONE', ( #15, #6593 ) ) ;
#680 = CARTESIAN_POINT ( 'NONE',  ( 41.46658174736685254, 131.8280114082709815, 24.29434890298207961 ) ) ;
#681 = CARTESIAN_POINT ( 'NONE',  ( 41.06358789818639110, 116.6762642137271371, -24.69734275216253394 ) ) ;
#682 = EDGE_CURVE ( 'NONE', #5163, #6531, #6514, .T. ) ;
#683 = CARTESIAN_POINT ( 'NONE',  ( 35.22504574050594783, 51.75724116078401948, -30.53588490984295589 ) ) ;
#684 = CARTESIAN_POINT ( 'NONE',  ( -37.49320649782439574, 71.28898199371606381, -28.26772415252453641 ) ) ;
#685 = CARTESIAN_POINT ( 'NONE',  ( -27.43689252658123223, 105.4697018383767926, -41.80312624289121715 ) ) ;
#686 = CARTESIAN_POINT ( 'NONE',  ( 47.00000000000000000, 266.9817559752150373, 1.823765569793515118 ) ) ;
#687 = CARTESIAN_POINT ( 'NONE',  ( 33.69872066686550482, 42.79893798239410785, -32.06220998348344153 ) ) ;
#688 = CARTESIAN_POINT ( 'NONE',  ( -28.18405024541376136, 170.0262037789077283, 37.61230384976516206 ) ) ;
#689 = CARTESIAN_POINT ( 'NONE',  ( -49.99956292605768482, 267.5775568380034883, -0.2167406219662277311 ) ) ;
#690 = CARTESIAN_POINT ( 'NONE',  ( 34.44736847863527629, 45.71524904810724621, -31.31356217171364520 ) ) ;
#691 = CARTESIAN_POINT ( 'NONE',  ( -39.93261097207899724, 165.4343660277772869, 30.09056553259240374 ) ) ;
#692 = FACE_OUTER_BOUND ( 'NONE', #6039, .T. ) ;
#693 = CARTESIAN_POINT ( 'NONE',  ( -48.76789381400745071, 85.62404022679615423, 41.74177417787063860 ) ) ;
#694 = DIRECTION ( 'NONE',  ( 0.000000000000000000, 1.000000000000000000, 0.000000000000000000 ) ) ;
#695 = ORIENTED_EDGE ( 'NONE', *, *, #4235, .F. ) ;
#696 = VECTOR ( 'NONE', #3361, 1000.000000000000000 ) ;
#697 = ORIENTED_EDGE ( 'NONE', *, *, #1394, .T. ) ;
#698 = DIRECTION ( 'NONE',  ( 0.000000000000000000, 0.000000000000000000, 1.000000000000000000 ) ) ;
#699 = CARTESIAN_POINT ( 'NONE',  ( -42.32202566649797859, 78.60787726850115575, -48.18764232538013204 ) ) ;
#700 = CARTESIAN_POINT ( 'NONE',  ( -108.0000000000000142, 219.7421362064134200, 0.9965551934078540341 ) ) ;
#701 = DIRECTION ( 'NONE',  ( -0.000000000000000000, -0.000000000000000000, 1.000000000000000000 ) ) ;
#702 = CARTESIAN_POINT ( 'NONE',  ( 39.22375858382816460, 163.8347417721553256, 26.53717206652076754 ) ) ;
#703 = CARTESIAN_POINT ( 'NONE',  ( -34.44736847863527629, 45.71524904810726753, 31.31356217171363809 ) ) ;
#704 = CARTESIAN_POINT ( 'NONE',  ( 34.68057595339050891, 175.3233815820528605, 31.08035469695842679 ) ) ;
#705 = ORIENTED_EDGE ( 'NONE', *, *, #279, .F. ) ;
#706 = DIRECTION ( 'NONE',  ( -0.7071067811865474617, 0.000000000000000000, -0.7071067811865474617 ) ) ;
#707 = ADVANCED_FACE ( 'NONE', ( #7086 ), #4981, .T. ) ;
#708 = CARTESIAN_POINT ( 'NONE',  ( -32.16823240588158228, 39.48056780803440091, -33.59269824446734987 ) ) ;
#709 = CARTESIAN_POINT ( 'NONE',  ( 39.91996775807772480, 130.9941881811295445, -50.58970023380036451 ) ) ;
#710 = CARTESIAN_POINT ( 'NONE',  ( 28.50815149135656057, 171.2031378497270566, -37.25277915899235381 ) ) ;
#711 = B_SPLINE_CURVE_WITH_KNOTS ( 'NONE', 3,
 ( #6494, #6999, #5298, #4722 ),
 .UNSPECIFIED., .F., .F.,
 ( 4, 4 ),
 ( 0.000000000000000000, 0.0003044949188797632829 ),
 .UNSPECIFIED. ) ;
#712 = B_SPLINE_CURVE_WITH_KNOTS ( 'NONE', 3,
 ( #3893, #30, #4550, #4084 ),
 .UNSPECIFIED., .F., .F.,
 ( 4, 4 ),
 ( 0.000000000000000000, 0.009128091185151860493 ),
 .UNSPECIFIED. ) ;
#713 = CARTESIAN_POINT ( 'NONE',  ( -48.18764232538011782, 78.60787726850114154, 42.32202566649796438 ) ) ;
#714 = CARTESIAN_POINT ( 'NONE',  ( 29.71275661871213103, 164.2458856828350804, 40.21452035317366125 ) ) ;
#715 = ORIENTED_EDGE ( 'NONE', *, *, #623, .T. ) ;
#716 = CARTESIAN_POINT ( 'NONE',  ( 34.81447876247081297, 48.51213425699022963, -30.94645188787810497 ) ) ;
#717 = B_SPLINE_SURFACE_WITH_KNOTS ( 'NONE', 3, 1, ( 
 ( #6534, #4397 ),
 ( #2136, #1561 ),
 ( #4979, #1632 ),
 ( #6639, #3881 ),
 ( #565, #4906 ),
 ( #5976, #3780 ),
 ( #6093, #453 ),
 ( #489, #6013 ),
 ( #5541, #3847 ),
 ( #1074, #4365 ),
 ( #3272, #5476 ),
 ( #2719, #4944 ),
 ( #7140, #2170 ),
 ( #3307, #5506 ),
 ( #527, #2209 ),
 ( #1666, #1110 ),
 ( #2792, #5015 ),
 ( #18, #2248 ),
 ( #4469, #3920 ),
 ( #4613, #5732 ),
 ( #5658, #1741 ),
 ( #3962, #6169 ),
 ( #676, #2402 ),
 ( #129, #638 ),
 ( #2937, #2974 ),
 ( #710, #4077 ),
 ( #6281, #3377 ),
 ( #4505, #5160 ),
 ( #1190, #4001 ),
 ( #2900, #1234 ),
 ( #3453, #167 ),
 ( #5618, #2864 ),
 ( #2326, #6677 ),
 ( #5089, #5053 ),
 ( #749, #58 ),
 ( #1705, #1779 ),
 ( #602, #3417 ),
 ( #2829, #6715 ),
 ( #5691, #2438 ),
 ( #1305, #3526 ),
 ( #5195, #5580 ),
 ( #6206, #93 ),
 ( #4540, #6751 ),
 ( #6130, #5125 ),
 ( #2365, #2286 ),
 ( #4578, #6788 ),
 ( #201, #1817 ),
 ( #4041, #6242 ),
 ( #1272, #3489 ),
 ( #1149, #6822 ),
 ( #1855, #1450 ),
 ( #1995, #6858 ),
 ( #6925, #5798 ),
 ( #4212, #5867 ),
 ( #2509, #1958 ),
 ( #4146, #5361 ),
 ( #309, #1339 ) ),
 .UNSPECIFIED., .F., .F., .F.,
 ( 4, 1, 1, 1, 1, 1, 1, 1, 1, 1, 1, 1, 1, 1, 1, 1, 1, 1, 1, 1, 1, 1, 1, 1, 1, 1, 1, 1, 1, 1, 1, 1, 1, 1, 1, 1, 1, 1, 1, 1, 1, 1, 1, 1, 1, 1, 1, 1, 1, 1, 1, 1, 1, 1, 4 ),
 ( 2, 2 ),
 ( 0.000000000000000000, 0.006185920264467958951, 0.006201962899188617762, 0.02441097605636066703, 0.02448136905349906911, 0.05370574164729757793, 0.05388345649501025125, 0.09253774940744008415, 0.09289034474279100895, 0.1389060332195525271, 0.1395093084148929519, 0.1904437008900515815, 0.1913742588137488099, 0.2445345556009104193, 0.2458629933516659483, 0.2984579075547033611, 0.3002380933255869300, 0.3495648249652612005, 0.3518114771965039633, 0.3954646363279898935, 0.3981158618259910131, 0.4341890767744073232, 0.4370593218643058497, 0.4643545367854605699, 0.4670784500627875868, 0.4855543320873982882, 0.4874746266155715047, 0.4999999999999998890, 0.5125253733844284953, 0.5144456679126014897, 0.5329215499372124132, 0.5356454632145392081, 0.5629406781356941503, 0.5658109232255925658, 0.6018841381740089869, 0.6045353636720098844, 0.6481885228034960367, 0.6504351750347385774, 0.6997619066744129590, 0.7015420924452964169, 0.7541370066483340517, 0.7554654443990894697, 0.8086257411862511901, 0.8095562991099481964, 0.8604906915851069371, 0.8610939667804473618, 0.9071096552572089911, 0.9074622505925598048, 0.9461165435049897487, 0.9462942583527023110, 0.9755186309465008199, 0.9755890239436393330, 0.9937980371008112712, 0.9938140797355321521, 1.000000000000000000 ),
 ( 0.000000000000000000, 1.000000000000000000 ),
 .UNSPECIFIED. ) ;
#718 = EDGE_CURVE ( 'NONE', #4855, #4168, #4786, .T. ) ;
#719 = CARTESIAN_POINT ( 'NONE',  ( -50.38968031787179314, 112.7299032302373263, -40.11998767400631749 ) ) ;
#720 = ORIENTED_EDGE ( 'NONE', *, *, #1949, .T. ) ;
#721 = CARTESIAN_POINT ( 'NONE',  ( -32.37302178412350884, 170.3547063632715322, -38.10567307477190013 ) ) ;
#722 = CARTESIAN_POINT ( 'NONE',  ( 47.00000000000000711, 169.8038876996392617, -0.9438988005394841618 ) ) ;
#723 = CARTESIAN_POINT ( 'NONE',  ( 33.26194495473986734, 37.17140469785623935, -32.49898569560905059 ) ) ;
#724 = CARTESIAN_POINT ( 'NONE',  ( -33.79063506660730809, 175.4114255477974780, 32.66844815593966445 ) ) ;
#725 = CARTESIAN_POINT ( 'NONE',  ( -49.91050786925382710, 210.3979357549058591, -2.993449714918090088 ) ) ;
#726 = CARTESIAN_POINT ( 'NONE',  ( 32.16823240588159649, 39.48056780803435828, 33.59269824446734276 ) ) ;
#727 = CARTESIAN_POINT ( 'NONE',  ( -33.59269824446732855, 39.48056780803435828, 32.16823240588158228 ) ) ;
#728 = CARTESIAN_POINT ( 'NONE',  ( 50.17042213900457881, 140.4589426390626556, -40.33924585287350340 ) ) ;
#729 = CARTESIAN_POINT ( 'NONE',  ( -40.70381606865043977, 161.8315952542197635, 29.03846933655047735 ) ) ;
#730 = AXIS2_PLACEMENT_3D ( 'NONE', #49, #3989, #5116 ) ;
#731 = CARTESIAN_POINT ( 'NONE',  ( 34.81447876247082718, 48.51213425699024384, 30.94645188787810852 ) ) ;
#732 = CARTESIAN_POINT ( 'NONE',  ( 40.68351489493349504, 100.9687423887486943, 49.82615309694461558 ) ) ;
#733 = CARTESIAN_POINT ( 'NONE',  ( -49.58005470913414570, 96.97051065983893636, -40.92961328274397204 ) ) ;
#734 = CARTESIAN_POINT ( 'NONE',  ( 0.000000000000000000, 10.00000000000000888, 0.000000000000000000 ) ) ;
#735 = CARTESIAN_POINT ( 'NONE',  ( 32.36658742414860512, 170.3459842883255817, -38.11112295582965714 ) ) ;
#736 = VERTEX_POINT ( 'NONE', #1108 ) ;
#737 = ORIENTED_EDGE ( 'NONE', *, *, #674, .F. ) ;
#738 = CARTESIAN_POINT ( 'NONE',  ( -45.51935232921329799, 52.44175755770031344, -44.99031566266480553 ) ) ;
#739 = CARTESIAN_POINT ( 'NONE',  ( -31.92684771948880851, 41.21309918220622137, -33.83408293086012719 ) ) ;
#740 = CARTESIAN_POINT ( 'NONE',  ( -108.0000000000000000, 207.5675974538935407, 1.493175898235321375 ) ) ;
#741 = CARTESIAN_POINT ( 'NONE',  ( -41.74177417787062438, 85.62404022679615423, 48.76789381400745782 ) ) ;
#742 = CARTESIAN_POINT ( 'NONE',  ( 28.50815149135656767, 171.2031378497270850, 37.25277915899236092 ) ) ;
#743 = CARTESIAN_POINT ( 'NONE',  ( 49.96485920632741085, 263.6146457147561364, -1.875484831539453889 ) ) ;
#744 = ORIENTED_EDGE ( 'NONE', *, *, #1476, .T. ) ;
#745 = CARTESIAN_POINT ( 'NONE',  ( -36.16138306720321083, 57.99999999999999289, 30.02250515210873871 ) ) ;
#746 = CARTESIAN_POINT ( 'NONE',  ( -29.67952824767895237, 58.70654625247944125, -36.08140240266997978 ) ) ;
#747 = CARTESIAN_POINT ( 'NONE',  ( 41.36857510098818125, 141.0186408901463722, -24.39235554936074024 ) ) ;
#748 = PLANE ( 'NONE',  #6885 ) ;
#749 = CARTESIAN_POINT ( 'NONE',  ( 40.24733569863604998, 157.6066838202880831, -25.51359495171286795 ) ) ;
#750 = CARTESIAN_POINT ( 'NONE',  ( -45.92619372941037881, 55.93620152028918824, -44.58347426246772471 ) ) ;
#751 = CARTESIAN_POINT ( 'NONE',  ( 42.56023145310038558, 135.2892170286663145, 26.24179909868663074 ) ) ;
#752 = ORIENTED_EDGE ( 'NONE', *, *, #1445, .T. ) ;
#753 = CARTESIAN_POINT ( 'NONE',  ( 41.19064070390658117, 148.1781441586250878, -49.31902728797151525 ) ) ;
#754 = PLANE ( 'NONE',  #6304 ) ;
#755 = CARTESIAN_POINT ( 'NONE',  ( -50.17042213900460013, 140.4589426390626272, -40.33924585287351761 ) ) ;
#756 = ADVANCED_FACE ( 'NONE', ( #5578 ), #3338, .F. ) ;
#757 = VERTEX_POINT ( 'NONE', #3522 ) ;
#758 = CARTESIAN_POINT ( 'NONE',  ( -42.49951656549622925, 125.2144882378569690, -26.34014186967786486 ) ) ;
#759 = CARTESIAN_POINT ( 'NONE',  ( 47.00000000000000000, 259.9730972603334749, -2.655267262506161519 ) ) ;
#760 = CARTESIAN_POINT ( 'NONE',  ( -46.99933398641599780, 213.0228484331536549, 0.2742432185657226462 ) ) ;
#761 = CARTESIAN_POINT ( 'NONE',  ( -32.12638060451847366, 175.2150490470389741, 34.30797173411197321 ) ) ;
#762 = EDGE_CURVE ( 'NONE', #1921, #812, #6819, .T. ) ;
#763 = CARTESIAN_POINT ( 'NONE',  ( -49.99831359931559405, 267.4148781495130720, 0.4132524430709400565 ) ) ;
#764 = CARTESIAN_POINT ( 'NONE',  ( -40.92961328274396493, 96.97051065983893636, -49.58005470913414570 ) ) ;
#765 = CARTESIAN_POINT ( 'NONE',  ( 45.92619372941036460, 55.93620152028918113, -44.58347426246772471 ) ) ;
#766 = CARTESIAN_POINT ( 'NONE',  ( -27.72384869572678667, 155.3918562705104307, 41.61076682821938988 ) ) ;
#767 = CARTESIAN_POINT ( 'NONE',  ( 40.01567615761507568, 134.5090890707682831, -50.49399183426302073 ) ) ;
#768 = CARTESIAN_POINT ( 'NONE',  ( 50.59218501756917163, 120.2343318316846421, 39.91748297430894610 ) ) ;
#769 = CARTESIAN_POINT ( 'NONE',  ( 24.96626355950891352, 111.3121957717727071, 40.79466709084002218 ) ) ;
#770 = CARTESIAN_POINT ( 'NONE',  ( -33.59269824446732855, 39.48056780803435828, 32.16823240588158228 ) ) ;
#771 = DIRECTION ( 'NONE',  ( 0.5218651776778592266, -0.6747691995449354163, -0.5218651776778592266 ) ) ;
#772 = CARTESIAN_POINT ( 'NONE',  ( 26.73605438546261226, 146.6058843461780725, -42.25155410946620549 ) ) ;
#773 = ORIENTED_EDGE ( 'NONE', *, *, #2943, .T. ) ;
#774 = EDGE_LOOP ( 'NONE', ( #1751, #3786, #4491, #2571 ) ) ;
#775 = CARTESIAN_POINT ( 'NONE',  ( -49.58005470913414570, 96.97051065983893636, -40.92961328274397204 ) ) ;
#776 = CARTESIAN_POINT ( 'NONE',  ( 46.99103765065072480, 211.4709691909127400, -0.9173879470754520149 ) ) ;
#777 = CARTESIAN_POINT ( 'NONE',  ( -47.00000000000000000, 230.9268094518325825, -3.564198051132346112 ) ) ;
#778 = CARTESIAN_POINT ( 'NONE',  ( -31.08035469695841968, 175.3233815820528605, 34.68057595339050891 ) ) ;
#779 = CARTESIAN_POINT ( 'NONE',  ( 49.90676536548279785, 252.7890258498289882, 3.058006745793873549 ) ) ;
#780 = ORIENTED_EDGE ( 'NONE', *, *, #1696, .T. ) ;
#781 = AXIS2_PLACEMENT_3D ( 'NONE', #322, #6972, #1495 ) ;
#782 = CARTESIAN_POINT ( 'NONE',  ( 25.61039644484207756, 101.0166046022987985, 40.15053420550685814 ) ) ;
#783 = CARTESIAN_POINT ( 'NONE',  ( 25.10761244709872031, 153.6225640485288011, -40.65331820325020118 ) ) ;
#784 = CARTESIAN_POINT ( 'NONE',  ( 0.000000000000000000, 54.99999999999999289, 0.000000000000000000 ) ) ;
#785 = B_SPLINE_CURVE_WITH_KNOTS ( 'NONE', 3,
 ( #280, #5367, #5235, #1999 ),
 .UNSPECIFIED., .F., .F.,
 ( 4, 4 ),
 ( 0.000000000000000000, 0.01571456849098217673 ),
 .UNSPECIFIED. ) ;
#786 = CARTESIAN_POINT ( 'NONE',  ( -33.83408293086012009, 41.21309918220619295, -31.92684771948881561 ) ) ;
#787 = VECTOR ( 'NONE', #3267, 1000.000000000000000 ) ;
#788 = CARTESIAN_POINT ( 'NONE',  ( 42.53846368260460764, 127.7342765327450564, 26.27698492125285767 ) ) ;
#789 = ORIENTED_EDGE ( 'NONE', *, *, #4854, .F. ) ;
#790 = CARTESIAN_POINT ( 'NONE',  ( 45.46696603029501915, 52.00000000000000000, 45.04270196158309147 ) ) ;
#791 = VECTOR ( 'NONE', #4623, 1000.000000000000000 ) ;
#792 = CARTESIAN_POINT ( 'NONE',  ( -108.0000000000000000, 188.7030918747323653, 0.2216618877870078497 ) ) ;
#793 = CARTESIAN_POINT ( 'NONE',  ( -29.29356565747520236, 173.1609393494194080, -36.46736499287372624 ) ) ;
#794 = ORIENTED_EDGE ( 'NONE', *, *, #6595, .T. ) ;
#795 = CARTESIAN_POINT ( 'NONE',  ( -39.54399360121216489, 166.9004939136051746, -30.59992134144360776 ) ) ;
#796 = CARTESIAN_POINT ( 'NONE',  ( 108.0000000000000000, 203.7731879320645305, -1.344733633374165738 ) ) ;
#797 = CARTESIAN_POINT ( 'NONE',  ( -46.56268880791239440, 157.2818685057019650, 43.94697918396570202 ) ) ;
#798 = CARTESIAN_POINT ( 'NONE',  ( -41.00000000000000000, 58.00000000000000000, -18.00000000000000000 ) ) ;
#799 = CARTESIAN_POINT ( 'NONE',  ( -49.89942805277866711, 250.3241509894190244, 3.170637531558718081 ) ) ;
#800 = CARTESIAN_POINT ( 'NONE',  ( 42.36324379412032215, 153.8348667856811858, 48.14642419775779558 ) ) ;
#801 = VECTOR ( 'NONE', #2096, 1000.000000000000000 ) ;
#802 = CARTESIAN_POINT ( 'NONE',  ( -50.17042213900457881, 140.4589426390626556, 40.33924585287351050 ) ) ;
#803 = CARTESIAN_POINT ( 'NONE',  ( -24.96626355950889931, 111.3121957717727071, 40.79466709084002218 ) ) ;
#804 = CARTESIAN_POINT ( 'NONE',  ( -42.32413524936830385, 118.1757342628955598, 26.62135493071102488 ) ) ;
#805 = EDGE_CURVE ( 'NONE', #3928, #6521, #6711, .T. ) ;
#806 = CARTESIAN_POINT ( 'NONE',  ( 32.88046532517448384, 176.5866740378391739, 32.88046532517445542 ) ) ;
#807 = CARTESIAN_POINT ( 'NONE',  ( -35.32342563975260674, 52.00000000784747556, 30.60489854012412536 ) ) ;
#808 = CARTESIAN_POINT ( 'NONE',  ( 43.97682058470661559, 61.44371818057052792, -46.53284740717148082 ) ) ;
#809 = B_SPLINE_CURVE_WITH_KNOTS ( 'NONE', 3,
 ( #6706, #3953, #6122, #5610, #559, #1183, #629 ),
 .UNSPECIFIED., .F., .F.,
 ( 4, 1, 1, 1, 4 ),
 ( 0.4666068527274366828, 0.4855543320873984547, 0.5000000000000001110, 0.5144456679126017118, 0.5333931472723870693 ),
 .UNSPECIFIED. ) ;
#810 = CARTESIAN_POINT ( 'NONE',  ( 30.39400384064316185, 166.3214578944358664, -39.70221989020411968 ) ) ;
#811 = EDGE_CURVE ( 'NONE', #5679, #2681, #6203, .T. ) ;
#812 = VERTEX_POINT ( 'NONE', #163 ) ;
#813 = VERTEX_POINT ( 'NONE', #4575 ) ;
#814 = CARTESIAN_POINT ( 'NONE',  ( -49.93783009309771614, 143.4569695494772361, -40.57183789878039448 ) ) ;
#815 = CARTESIAN_POINT ( 'NONE',  ( -44.58347426246773182, 55.93620152028918113, -45.92619372941037170 ) ) ;
#816 = CARTESIAN_POINT ( 'NONE',  ( -108.0000000000000000, 220.7712470389694488, -0.8099658592145445590 ) ) ;
#817 = CARTESIAN_POINT ( 'NONE',  ( -39.91996775807772480, 130.9941881811295445, 50.58970023380036451 ) ) ;
#818 = CARTESIAN_POINT ( 'NONE',  ( 49.99491467346713591, 267.0058188284390326, 0.7324535736653798867 ) ) ;
#819 = ORIENTED_EDGE ( 'NONE', *, *, #2273, .T. ) ;
#820 = EDGE_CURVE ( 'NONE', #5061, #1813, #3558, .T. ) ;
#821 = CARTESIAN_POINT ( 'NONE',  ( 42.78460399787552859, 155.3921848145514844, 47.72506399400258204 ) ) ;
#822 = CARTESIAN_POINT ( 'NONE',  ( 39.22375858382816460, 163.8347417721553256, 26.53717206652076754 ) ) ;
#823 = CARTESIAN_POINT ( 'NONE',  ( 41.15279711400425811, 159.1130762893312180, 28.40006792114243694 ) ) ;
#824 = CARTESIAN_POINT ( 'NONE',  ( 47.88935570772444805, 75.23276251545793514, 42.62031228415367679 ) ) ;
#825 = CARTESIAN_POINT ( 'NONE',  ( 50.64418028391641968, 124.0985968565961883, 39.86548770796169094 ) ) ;
#826 = CARTESIAN_POINT ( 'NONE',  ( 43.05106378547496604, 156.3633846497057505, 47.45860420640314459 ) ) ;
#827 = CARTESIAN_POINT ( 'NONE',  ( 49.58005470913413859, 96.97051065983893636, 40.92961328274396493 ) ) ;
#828 = CARTESIAN_POINT ( 'NONE',  ( -108.0000000000000000, 208.7190203635717864, -1.531725937652305802 ) ) ;
#829 = ORIENTED_EDGE ( 'NONE', *, *, #2323, .F. ) ;
#830 = CARTESIAN_POINT ( 'NONE',  ( 30.58808547364862207, 174.0370018940721764, 35.68568161601032074 ) ) ;
#831 = CARTESIAN_POINT ( 'NONE',  ( 4.408728476930470856E-15, 57.99999999999999289, 36.00000000000000000 ) ) ;
#832 = CARTESIAN_POINT ( 'NONE',  ( 36.10435860796366825, 58.00000000000000711, 29.93853977154257606 ) ) ;
#833 = CARTESIAN_POINT ( 'NONE',  ( -40.68351489493348083, 100.9687423887486943, 49.82615309694460848 ) ) ;
#834 = CARTESIAN_POINT ( 'NONE',  ( -32.96085372608889230, 175.4713705888825928, 33.50548176671999556 ) ) ;
#835 = DIRECTION ( 'NONE',  ( 0.000000000000000000, 0.000000000000000000, -1.000000000000000000 ) ) ;
#836 = CARTESIAN_POINT ( 'NONE',  ( -24.37365805196742130, 126.6764942988443892, 41.38727259838148598 ) ) ;
#837 = CARTESIAN_POINT ( 'NONE',  ( -33.90048142761231276, 171.8733151468667586, 36.75370899142989600 ) ) ;
#838 = CARTESIAN_POINT ( 'NONE',  ( 24.29434890298206184, 131.8280114082709815, -41.46658174736684543 ) ) ;
#839 = CARTESIAN_POINT ( 'NONE',  ( -29.70434460654461972, 172.9592403366417841, -36.42405306805229515 ) ) ;
#840 = CARTESIAN_POINT ( 'NONE',  ( 29.67952824767895237, 58.70654625247946967, 36.08140240266998688 ) ) ;
#841 = CARTESIAN_POINT ( 'NONE',  ( -33.83408293086010588, 41.21309918220618584, 31.92684771948880140 ) ) ;
#842 = CARTESIAN_POINT ( 'NONE',  ( 44.20390395962769503, 59.33385514974001751, -46.30576403225040849 ) ) ;
#843 = CARTESIAN_POINT ( 'NONE',  ( 28.85455087168509181, 89.98461695144877126, -40.83938568045744688 ) ) ;
#844 = ORIENTED_EDGE ( 'NONE', *, *, #1565, .T. ) ;
#845 = VECTOR ( 'NONE', #4918, 1000.000000000000114 ) ;
#846 = ORIENTED_EDGE ( 'NONE', *, *, #2718, .T. ) ;
#847 = CARTESIAN_POINT ( 'NONE',  ( -40.24733569863605709, 157.6066838202881399, -25.51359495171287861 ) ) ;
#848 = CARTESIAN_POINT ( 'NONE',  ( 46.98823194100207701, 212.0000000000000000, 1.050000000000000044 ) ) ;
#849 = EDGE_CURVE ( 'NONE', #3281, #2162, #6776, .T. ) ;
#850 = CARTESIAN_POINT ( 'NONE',  ( -47.00000000000000000, 265.6562804570706930, 1.950454484879274419 ) ) ;
#851 = CARTESIAN_POINT ( 'NONE',  ( -40.33924585287350340, 140.4589426390626556, 50.17042213900458592 ) ) ;
#852 = CARTESIAN_POINT ( 'NONE',  ( 49.90588651824134558, 252.5501890665249221, -3.071903830185191975 ) ) ;
#853 = VECTOR ( 'NONE', #4463, 1000.000000000000114 ) ;
#854 = CC_DESIGN_DATE_AND_TIME_ASSIGNMENT ( #1152, #4946, ( #5421 ) ) ;
#855 = VERTEX_POINT ( 'NONE', #2934 ) ;
#856 = CARTESIAN_POINT ( 'NONE',  ( 41.45303252024856278, 89.40149471062305508, 49.05663547162955496 ) ) ;
#857 = DIRECTION ( 'NONE',  ( 0.000000000000000000, -1.000000000000000000, 0.000000000000000000 ) ) ;
#858 = CARTESIAN_POINT ( 'NONE',  ( 46.30576403225041560, 59.33385514974001751, 44.20390395962770214 ) ) ;
#859 = DIRECTION ( 'NONE',  ( 0.000000000000000000, -1.000000000000000000, 0.000000000000000000 ) ) ;
#860 = CARTESIAN_POINT ( 'NONE',  ( 41.78104421726136763, 105.0519756244900975, 27.47049506919387341 ) ) ;
#861 = ORIENTED_EDGE ( 'NONE', *, *, #4007, .F. ) ;
#862 = CARTESIAN_POINT ( 'NONE',  ( 45.51948818842615196, 52.44290321668560750, 44.99017980345195866 ) ) ;
#863 = B_SPLINE_CURVE_WITH_KNOTS ( 'NONE', 3,
 ( #4316, #1800, #5107, #5068, #3183 ),
 .UNSPECIFIED., .F., .F.,
 ( 4, 1, 4 ),
 ( 0.02471769912871566929, 0.05370574164729763345, 0.05626039372291163909 ),
 .UNSPECIFIED. ) ;
#864 = CARTESIAN_POINT ( 'NONE',  ( 40.24733569863606419, 157.6066838202880831, 25.51359495171287506 ) ) ;
#865 = CARTESIAN_POINT ( 'NONE',  ( -108.0000000000000000, 188.1420704083295163, 0.1644803745078677881 ) ) ;
#866 = CARTESIAN_POINT ( 'NONE',  ( 48.15397179880390155, 145.5000000000000000, 42.35569619307420908 ) ) ;
#867 = PLANE ( 'NONE',  #6371 ) ;
#868 = CARTESIAN_POINT ( 'NONE',  ( 47.00000000000000000, 254.9285904774020253, 3.139449734291469341 ) ) ;
#869 = DIRECTION ( 'NONE',  ( -0.7071067811865474617, 0.000000000000000000, 0.7071067811865474617 ) ) ;
#870 = CARTESIAN_POINT ( 'NONE',  ( -33.65753773153343786, 49.45210526212275681, 36.87847621481375882 ) ) ;
#871 = CARTESIAN_POINT ( 'NONE',  ( -48.15397179880388734, 145.5000000000000000, 42.35569619307420197 ) ) ;
#872 = CARTESIAN_POINT ( 'NONE',  ( -41.14849579182904904, 93.39148535881979285, -49.36117220004906159 ) ) ;
#873 = CARTESIAN_POINT ( 'NONE',  ( 40.65331820325018697, 153.6225640485287443, -25.10761244709872742 ) ) ;
#874 = CARTESIAN_POINT ( 'NONE',  ( -32.52754583687669054, 175.3686818598621642, -33.92626584900036590 ) ) ;
#875 = ORIENTED_EDGE ( 'NONE', *, *, #6031, .T. ) ;
#876 = CARTESIAN_POINT ( 'NONE',  ( 40.11998767400631749, 112.7299032302373121, 50.38968031787179314 ) ) ;
#877 = CARTESIAN_POINT ( 'NONE',  ( -24.37365805196744262, 126.6764942988443892, -41.38727259838150019 ) ) ;
#878 = CARTESIAN_POINT ( 'NONE',  ( 2.204364238465235576E-16, 11.00000000000000000, 1.399999999999999911 ) ) ;
#879 = CARTESIAN_POINT ( 'NONE',  ( 34.11210485453442232, 172.0119194015612436, -36.55755952384151897 ) ) ;
#880 = B_SPLINE_CURVE_WITH_KNOTS ( 'NONE', 3,
 ( #77, #3473, #3547, #2307, #3984 ),
 .UNSPECIFIED., .F., .F.,
 ( 4, 1, 4 ),
 ( 0.07729056236012901704, 0.09253774940744020905, 0.1315221783094062957 ),
 .UNSPECIFIED. ) ;
#881 = ORIENTED_EDGE ( 'NONE', *, *, #2919, .T. ) ;
#882 = CARTESIAN_POINT ( 'NONE',  ( -50.58970023380037873, 130.9941881811295445, -39.91996775807773901 ) ) ;
#883 = FACE_OUTER_BOUND ( 'NONE', #4727, .T. ) ;
#884 = CARTESIAN_POINT ( 'NONE',  ( 0.000000000000000000, 10.00000000000000000, -0.4000000000000000222 ) ) ;
#885 = CARTESIAN_POINT ( 'NONE',  ( -26.85867340158341321, 85.63114929373708151, 38.90225724876551539 ) ) ;
#886 = CARTESIAN_POINT ( 'NONE',  ( 49.87997736561682416, 239.1953253646901487, -3.462581631403419902 ) ) ;
#887 = CARTESIAN_POINT ( 'NONE',  ( 28.26772415252453285, 71.28898199371604960, 37.49320649782439574 ) ) ;
#888 = CARTESIAN_POINT ( 'NONE',  ( 26.00954371031357226, 95.69680212022356613, -39.75138694003533857 ) ) ;
#889 = CARTESIAN_POINT ( 'NONE',  ( 36.46736499287372624, 173.1609393494194080, 29.29356565747520236 ) ) ;
#890 = EDGE_CURVE ( 'NONE', #477, #970, #4702, .T. ) ;
#891 = B_SPLINE_CURVE_WITH_KNOTS ( 'NONE', 3,
 ( #5035, #988, #6185, #4857, #3217, #5428, #955, #2265, #5636, #654, #1721, #2228, #1551, #2345, #4558, #6767, #6112, #5392, #617, #406, #7060, #2775, #2088, #5967, #5564, #4998, #4447, #6657, #1685, #3900, #3394 ),
 .UNSPECIFIED., .F., .F.,
 ( 4, 1, 1, 1, 1, 1, 1, 1, 1, 1, 1, 1, 1, 1, 1, 1, 1, 1, 1, 1, 1, 1, 1, 1, 1, 1, 1, 1, 4 ),
 ( 0.000000000000000000, 0.006201962899188698426, 0.02448136905349916972, 0.05388345649501025819, 0.09289034474279105058, 0.1395093084148930351, 0.1913742588137488654, 0.2458629933516659483, 0.3002380933255869855, 0.3518114771965040188, 0.3981158618259910686, 0.4370593218643058497, 0.4670784500627876423, 0.4874746266155715047, 0.5000000000000000000, 0.5125253733844284953, 0.5329215499372124132, 0.5629406781356941503, 0.6018841381740089869, 0.6481885228034960367, 0.6997619066744130700, 0.7541370066483340517, 0.8086257411862511901, 0.8604906915851070481, 0.9071096552572089911, 0.9461165435049897487, 0.9755186309465009309, 0.9937980371008113822, 1.000000000000000000 ),
 .UNSPECIFIED. ) ;
#892 = CARTESIAN_POINT ( 'NONE',  ( -37.19206485551604402, 171.3537213827956123, -28.56886579483288457 ) ) ;
#893 = LINE ( 'NONE', #3119, #4066 ) ;
#894 = CARTESIAN_POINT ( 'NONE',  ( 33.17716150233881223, 36.58494384897175422, 32.58376914801012703 ) ) ;
#895 = CARTESIAN_POINT ( 'NONE',  ( 45.72681195956042188, 54.19120085711174539, 44.78285603231768874 ) ) ;
#896 = EDGE_CURVE ( 'NONE', #4956, #5061, #1737, .T. ) ;
#898 = CARTESIAN_POINT ( 'NONE',  ( -37.25696021647659251, 52.22473461303809472, 33.34895851616630580 ) ) ;
#897 = AXIS2_PLACEMENT_3D ( 'NONE', #5519, #541, #1754 ) ;
#899 = CARTESIAN_POINT ( 'NONE',  ( -42.18719615595125561, 147.8619356179305271, -26.83766949384112266 ) ) ;
#900 = CARTESIAN_POINT ( 'NONE',  ( 108.0000000000000000, 188.8455625563292983, 0.2356386559728524122 ) ) ;
#901 = CARTESIAN_POINT ( 'NONE',  ( -45.25483399593903755, 158.6226686892998146, 45.25483399593904466 ) ) ;
#902 = CARTESIAN_POINT ( 'NONE',  ( 6.123233995736766085E-15, 335.0000000000000000, -50.00000000000000000 ) ) ;
#903 = CARTESIAN_POINT ( 'NONE',  ( -49.88948353355487342, 245.8732475138295968, 3.323446269479795934 ) ) ;
#904 = VECTOR ( 'NONE', #6806, 1000.000000000000114 ) ;
#905 = CARTESIAN_POINT ( 'NONE',  ( -34.08013314533000937, 43.01938834715528515, -31.68079750501894054 ) ) ;
#906 = ADVANCED_FACE ( 'NONE', ( #4500 ), #6747, .F. ) ;
#907 = CARTESIAN_POINT ( 'NONE',  ( -41.45303252024854146, 89.40149471062302666, 49.05663547162955496 ) ) ;
#908 = FACE_OUTER_BOUND ( 'NONE', #6629, .T. ) ;
#909 = CARTESIAN_POINT ( 'NONE',  ( 41.46658174736684543, 131.8280114082709815, -24.29434890298207250 ) ) ;
#910 = EDGE_LOOP ( 'NONE', ( #2336, #531, #394, #4830 ) ) ;
#911 = CARTESIAN_POINT ( 'NONE',  ( 40.33924585287351761, 140.4589426390626556, 50.17042213900459302 ) ) ;
#912 = AXIS2_PLACEMENT_3D ( 'NONE', #2080, #1983, #6477 ) ;
#913 = CARTESIAN_POINT ( 'NONE',  ( -41.20721490222918959, 145.7020373835961777, -24.55371574811974256 ) ) ;
#914 = LINE ( 'NONE', #2495, #6117 ) ;
#915 = CARTESIAN_POINT ( 'NONE',  ( -38.56258473745505455, 166.8763353538258514, -27.19834591289388470 ) ) ;
#916 = ORIENTED_EDGE ( 'NONE', *, *, #3620, .F. ) ;
#917 = CARTESIAN_POINT ( 'NONE',  ( -39.22375858382816460, 163.8347417721553541, -26.53717206652077110 ) ) ;
#918 = CARTESIAN_POINT ( 'NONE',  ( -43.97682058470661559, 61.44371818057052792, 46.53284740717148082 ) ) ;
#919 = CARTESIAN_POINT ( 'NONE',  ( -47.03874315999063072, 66.31954352124841989, -43.47092483188748702 ) ) ;
#920 = CARTESIAN_POINT ( 'NONE',  ( -37.49320649782438153, 71.28898199371604960, 28.26772415252452575 ) ) ;
#921 = CARTESIAN_POINT ( 'NONE',  ( -46.16691639851457296, 58.04302010026673031, 44.34275159336351635 ) ) ;
#922 = VERTEX_POINT ( 'NONE', #6785 ) ;
#923 = CARTESIAN_POINT ( 'NONE',  ( 30.02250515210873161, 57.99999999999999289, 36.16138306720321083 ) ) ;
#924 = CARTESIAN_POINT ( 'NONE',  ( 45.51935232921329799, 52.44175755770029923, 44.99031566266481263 ) ) ;
#925 = CARTESIAN_POINT ( 'NONE',  ( 35.25557465562761195, 52.00000000000000000, 30.50535599403128373 ) ) ;
#926 = CARTESIAN_POINT ( 'NONE',  ( -28.75104949436351376, 66.80701258836774059, 37.00988115598539707 ) ) ;
#927 = CARTESIAN_POINT ( 'NONE',  ( 36.08140240266997978, 58.70654625247946257, 29.67952824767894882 ) ) ;
#928 = LINE ( 'NONE', #2512, #1856 ) ;
#929 = EDGE_CURVE ( 'NONE', #1921, #47, #1814, .T. ) ;
#930 = CARTESIAN_POINT ( 'NONE',  ( 31.08035469695843389, 175.3233815820528605, 34.68057595339049470 ) ) ;
#931 = EDGE_LOOP ( 'NONE', ( #4388, #1327, #6127, #1879 ) ) ;
#932 = CARTESIAN_POINT ( 'NONE',  ( -108.0000000000000000, 221.3340369568884398, -0.7072749410835352801 ) ) ;
#933 = CARTESIAN_POINT ( 'NONE',  ( 30.60489855371933388, 51.99999999999998579, -35.32342564570091525 ) ) ;
#934 = CARTESIAN_POINT ( 'NONE',  ( 108.0000000000000000, 188.0000000000000000, 0.1499999999999999944 ) ) ;
#935 = CARTESIAN_POINT ( 'NONE',  ( -40.92961328274395072, 96.97051065983893636, 49.58005470913413149 ) ) ;
#936 = EDGE_CURVE ( 'NONE', #4267, #2026, #1269, .T. ) ;
#937 = CARTESIAN_POINT ( 'NONE',  ( -31.68079727559472403, 43.01938849801636877, 34.08013337475419746 ) ) ;
#938 = CARTESIAN_POINT ( 'NONE',  ( -49.92838439272034634, 256.9832948496347740, 2.678361751876571883 ) ) ;
#939 = CARTESIAN_POINT ( 'NONE',  ( -37.19206485550474639, 171.3537213828242898, 28.56886579484415734 ) ) ;
#940 = DIRECTION ( 'NONE',  ( 0.000000000000000000, -1.000000000000000000, 0.000000000000000000 ) ) ;
#941 = CARTESIAN_POINT ( 'NONE',  ( -37.61230384976507679, 170.0262037789081262, -28.18405024541385018 ) ) ;
#942 = VERTEX_POINT ( 'NONE', #745 ) ;
#943 = CARTESIAN_POINT ( 'NONE',  ( 38.56258473745506876, 166.8763353538257945, 27.19834591289386694 ) ) ;
#944 = CARTESIAN_POINT ( 'NONE',  ( -40.33924585287351761, 140.4589426390626556, -50.17042213900459302 ) ) ;
#945 = CARTESIAN_POINT ( 'NONE',  ( 40.28617701406466978, 108.7025900201346644, -50.22349097781341243 ) ) ;
#946 = CARTESIAN_POINT ( 'NONE',  ( -34.68057595339049470, 175.3233815820528605, -31.08035469695844100 ) ) ;
#947 = ORIENTED_EDGE ( 'NONE', *, *, #2323, .T. ) ;
#948 = CARTESIAN_POINT ( 'NONE',  ( -27.32702615385186107, 80.61020279584469961, -38.43390449649707108 ) ) ;
#949 = CARTESIAN_POINT ( 'NONE',  ( -108.0000000000000142, 190.3598493564052774, -0.3817261621686082740 ) ) ;
#950 = CARTESIAN_POINT ( 'NONE',  ( -29.98132752230960918, 145.5000000000000000, 35.77960312803930520 ) ) ;
#951 = CARTESIAN_POINT ( 'NONE',  ( -46.30576403225039428, 59.33385514974001751, 44.20390395962768793 ) ) ;
#952 = FACE_OUTER_BOUND ( 'NONE', #5378, .T. ) ;
#953 = VECTOR ( 'NONE', #4831, 1000.000000000000114 ) ;
#954 = VERTEX_POINT ( 'NONE', #2970 ) ;
#955 = CARTESIAN_POINT ( 'NONE',  ( 48.52056619669234294, 82.37800232306901194, -41.98910179518574637 ) ) ;
#956 = CARTESIAN_POINT ( 'NONE',  ( 47.31597781508200029, 69.12979561808754170, 43.19369017679611034 ) ) ;
#957 = CARTESIAN_POINT ( 'NONE',  ( -47.88935570772444805, 75.23276251545789250, -42.62031228415366968 ) ) ;
#958 = AXIS2_PLACEMENT_3D ( 'NONE', #5057, #642, #4744 ) ;
#959 = CARTESIAN_POINT ( 'NONE',  ( -27.19834591289385628, 166.8763353538257945, 38.56258473745505455 ) ) ;
#960 = CARTESIAN_POINT ( 'NONE',  ( -37.71505118858642902, 73.51205704305236566, -28.04587946176250313 ) ) ;
#961 = CARTESIAN_POINT ( 'NONE',  ( 28.04587946174751423, 169.6705890994764445, -37.71505118859937511 ) ) ;
#962 = CARTESIAN_POINT ( 'NONE',  ( 48.76789381400745782, 85.62404022679615423, 41.74177417787063860 ) ) ;
#963 = B_SPLINE_CURVE_WITH_KNOTS ( 'NONE', 3,
 ( #6890, #307, #6421, #2574 ),
 .UNSPECIFIED., .F., .F.,
 ( 4, 4 ),
 ( 0.000000000000000000, 0.0003614012583409528692 ),
 .UNSPECIFIED. ) ;
#964 = CARTESIAN_POINT ( 'NONE',  ( 34.94075078326841322, 38.38965361115109687, 34.51648671455648554 ) ) ;
#965 = CARTESIAN_POINT ( 'NONE',  ( -25.61039644484207045, 101.0166046022987985, 40.15053420550685104 ) ) ;
#966 = CARTESIAN_POINT ( 'NONE',  ( 108.0000000000000000, 200.0436515574730834, 1.136500775115126372 ) ) ;
#967 = LINE ( 'NONE', #2212, #5894 ) ;
#968 = LINE ( 'NONE', #3157, #3533 ) ;
#969 = CARTESIAN_POINT ( 'NONE',  ( 24.29434890298206184, 131.8280114082709815, -41.46658174736684543 ) ) ;
#970 = VERTEX_POINT ( 'NONE', #5192 ) ;
#971 = CARTESIAN_POINT ( 'NONE',  ( -84.99999999999998579, 212.0000000000000000, -1.050000000000000044 ) ) ;
#972 = ADVANCED_FACE ( 'NONE', ( #198 ), #2435, .F. ) ;
#973 = CARTESIAN_POINT ( 'NONE',  ( 49.05663547162954075, 89.40149471062302666, -41.45303252024854146 ) ) ;
#974 = CARTESIAN_POINT ( 'NONE',  ( 34.08013314532964699, 43.01938834715430460, -31.68079750501926739 ) ) ;
#975 = ORIENTED_EDGE ( 'NONE', *, *, #4444, .T. ) ;
#976 = CARTESIAN_POINT ( 'NONE',  ( 34.35492515600356711, 41.14807402462483310, 35.48613965603914266 ) ) ;
#977 = EDGE_CURVE ( 'NONE', #3950, #4969, #1038, .T. ) ;
#978 = CARTESIAN_POINT ( 'NONE',  ( -38.56258473745505455, 166.8763353538258514, -27.19834591289388470 ) ) ;
#979 = CARTESIAN_POINT ( 'NONE',  ( 41.38727259838148598, 126.6764942988443892, -24.37365805196743551 ) ) ;
#980 = CARTESIAN_POINT ( 'NONE',  ( -41.20721490222918959, 145.7020373835961777, -24.55371574811974256 ) ) ;
#981 = CARTESIAN_POINT ( 'NONE',  ( 45.57187448734443791, 52.88466077438589963, 44.93779350453366561 ) ) ;
#982 = CARTESIAN_POINT ( 'NONE',  ( 24.69734275216253394, 116.6762642137271797, 41.06358789818640531 ) ) ;
#983 = CARTESIAN_POINT ( 'NONE',  ( -44.73292201045923377, 54.62836855260158586, 45.77674598141885554 ) ) ;
#984 = CARTESIAN_POINT ( 'NONE',  ( -48.76789381400746493, 85.62404022679615423, -41.74177417787065281 ) ) ;
#985 = CARTESIAN_POINT ( 'NONE',  ( -49.31902728797149393, 148.1781441586250878, 41.19064070390658117 ) ) ;
#986 = CARTESIAN_POINT ( 'NONE',  ( 37.33082606141897486, 69.78879341568604389, 28.43010458892995729 ) ) ;
#987 = ORIENTED_EDGE ( 'NONE', *, *, #2589, .T. ) ;
#988 = CARTESIAN_POINT ( 'NONE',  ( 45.51948818842613775, 52.44290321668560750, -44.99017980345195156 ) ) ;
#989 = ORIENTED_EDGE ( 'NONE', *, *, #1696, .F. ) ;
#990 = CARTESIAN_POINT ( 'NONE',  ( 31.31356217171364520, 45.71524904810726753, 34.44736847863529050 ) ) ;
#991 = CARTESIAN_POINT ( 'NONE',  ( -45.77674598141886975, 54.62836855260160718, -44.73292201045924088 ) ) ;
#992 = CARTESIAN_POINT ( 'NONE',  ( -32.88046532517444120, 145.5000000000000000, 32.88046532517448384 ) ) ;
#993 = DIRECTION ( 'NONE',  ( -1.000000000000000000, 0.000000000000000000, 0.000000000000000000 ) ) ;
#994 = CARTESIAN_POINT ( 'NONE',  ( -24.29434890298206540, 131.8280114082709815, 41.46658174736685254 ) ) ;
#995 = CARTESIAN_POINT ( 'NONE',  ( 0.000000000000000000, 10.00000000000000000, -0.4000000000000000222 ) ) ;
#996 = CARTESIAN_POINT ( 'NONE',  ( -49.31902728797149393, 148.1781441586250878, 41.19064070390658117 ) ) ;
#997 = CARTESIAN_POINT ( 'NONE',  ( 37.33082634058653326, 69.78879597759180342, -28.43010430976238112 ) ) ;
#998 = LINE ( 'NONE', #1288, #5433 ) ;
#999 = CARTESIAN_POINT ( 'NONE',  ( 44.58347426246771050, 55.93620152028918824, -45.92619372941037170 ) ) ;
#1000 = CARTESIAN_POINT ( 'NONE',  ( 37.25696040262568687, 52.22473623147815402, 33.34895830410930273 ) ) ;
#1001 = CARTESIAN_POINT ( 'NONE',  ( -27.19834591289385628, 166.8763353538257945, 38.56258473745505455 ) ) ;
#1002 = CARTESIAN_POINT ( 'NONE',  ( -37.25277915899234671, 171.2031378497270850, 28.50815149135656412 ) ) ;
#1003 = CARTESIAN_POINT ( 'NONE',  ( 33.59269824446733566, 39.48056780803440091, -32.16823240588158228 ) ) ;
#1004 = CARTESIAN_POINT ( 'NONE',  ( 44.93779350453366561, 52.88466077438591384, -45.57187448734442370 ) ) ;
#1005 = EDGE_CURVE ( 'NONE', #4340, #296, #1660, .T. ) ;
#1006 = ORIENTED_EDGE ( 'NONE', *, *, #1580, .F. ) ;
#1007 = VECTOR ( 'NONE', #2482, 1000.000000000000114 ) ;
#1008 = CARTESIAN_POINT ( 'NONE',  ( -40.43689723274794545, 104.9875858014058423, -50.07277075913016517 ) ) ;
#1009 = CARTESIAN_POINT ( 'NONE',  ( 43.94697918396568781, 157.2818685057019650, -46.56268880791239440 ) ) ;
#1010 = CARTESIAN_POINT ( 'NONE',  ( 28.56886579483280997, 171.3537213827954986, -37.19206485551610797 ) ) ;
#1011 = DIRECTION ( 'NONE',  ( 0.000000000000000000, 0.000000000000000000, 1.000000000000000000 ) ) ;
#1012 = EDGE_LOOP ( 'NONE', ( #5450, #1652 ) ) ;
#1013 = CARTESIAN_POINT ( 'NONE',  ( 108.0000000000000000, 208.7190203635717864, -1.531725937652305802 ) ) ;
#1014 = CARTESIAN_POINT ( 'NONE',  ( -49.93783009309771614, 143.4569695494772361, -40.57183789878039448 ) ) ;
#1015 = CARTESIAN_POINT ( 'NONE',  ( 50.22349097781341243, 108.7025900201346644, -40.28617701406468399 ) ) ;
#1016 = CARTESIAN_POINT ( 'NONE',  ( -40.79466709084002218, 111.3121957717727071, -24.96626355950891352 ) ) ;
#1017 = CARTESIAN_POINT ( 'NONE',  ( 24.39235554936073669, 141.0186408901463437, -41.36857510098818125 ) ) ;
#1018 = ADVANCED_FACE ( 'NONE', ( #2334 ), #6830, .T. ) ;
#1019 = DIRECTION ( 'NONE',  ( 0.000000000000000000, 0.000000000000000000, -1.000000000000000000 ) ) ;
#1020 = AXIS2_PLACEMENT_3D ( 'NONE', #5626, #1750, #2256 ) ;
#1021 = CARTESIAN_POINT ( 'NONE',  ( 42.36324379412032215, 153.8348667856811858, 48.14642419775779558 ) ) ;
#1022 = CARTESIAN_POINT ( 'NONE',  ( -107.9999999999999858, 196.5653704246423956, -0.8992161131770317617 ) ) ;
#1023 = CARTESIAN_POINT ( 'NONE',  ( -28.50815149135657123, 171.2031378497270566, -37.25277915899236092 ) ) ;
#1024 = CARTESIAN_POINT ( 'NONE',  ( -35.63270687126059499, 54.97802726448587407, 30.12822377908832294 ) ) ;
#1025 = CARTESIAN_POINT ( 'NONE',  ( 0.000000000000000000, 145.5000000000000000, 0.000000000000000000 ) ) ;
#1026 = CARTESIAN_POINT ( 'NONE',  ( -43.05106378547495893, 156.3633846497057789, 47.45860420640313038 ) ) ;
#1027 = EDGE_CURVE ( 'NONE', #2656, #2271, #1748, .T. ) ;
#1028 = VECTOR ( 'NONE', #2715, 1000.000000000000000 ) ;
#1029 = EDGE_LOOP ( 'NONE', ( #6157, #240, #4065, #3934 ) ) ;
#1030 = ORIENTED_EDGE ( 'NONE', *, *, #5081, .T. ) ;
#1031 = CARTESIAN_POINT ( 'NONE',  ( 40.68351489493349504, 100.9687423887486943, 49.82615309694461558 ) ) ;
#1032 = CARTESIAN_POINT ( 'NONE',  ( -46.53284740717148082, 61.44371818057052792, -43.97682058470662270 ) ) ;
#1033 = DIRECTION ( 'NONE',  ( -1.000000000000000000, 0.000000000000000000, -0.000000000000000000 ) ) ;
#1034 = CARTESIAN_POINT ( 'NONE',  ( 36.72941530738228266, 63.16230588991562911, -29.33832402439915299 ) ) ;
#1035 = CARTESIAN_POINT ( 'NONE',  ( -32.49898569560905059, 37.17140469785623225, 33.26194495473987445 ) ) ;
#1036 = CARTESIAN_POINT ( 'NONE',  ( 32.53986656638038966, 175.3727113013669907, -33.91444719233923166 ) ) ;
#1037 = CARTESIAN_POINT ( 'NONE',  ( 42.32202566649796438, 78.60787726850114154, 48.18764232538012493 ) ) ;
#1038 = B_SPLINE_CURVE_WITH_KNOTS ( 'NONE', 3,
 ( #4660, #5096, #1310, #3495, #4119, #3969, #5132, #3424, #173, #6324 ),
 .UNSPECIFIED., .F., .F.,
 ( 4, 2, 2, 2, 4 ),
 ( 0.01053358343978141702, 0.01139667271132505967, 0.01225976198286870406, 0.01312285125441234671, 0.01398594052595598936 ),
 .UNSPECIFIED. ) ;
#1039 = FACE_OUTER_BOUND ( 'NONE', #3492, .T. ) ;
#1040 = CARTESIAN_POINT ( 'NONE',  ( 37.00988115598541128, 66.80701258836774059, 28.75104949436352797 ) ) ;
#1041 = CARTESIAN_POINT ( 'NONE',  ( -25.51359495171286085, 157.6066838202880831, 40.24733569863604998 ) ) ;
#1042 = PERSON_AND_ORGANIZATION ( #5920, #2535 ) ;
#1043 = CARTESIAN_POINT ( 'NONE',  ( -36.46736499287371203, 173.1609393494194364, 29.29356565747520236 ) ) ;
#1044 = CARTESIAN_POINT ( 'NONE',  ( 41.45303252024854146, 89.40149471062304087, -49.05663547162954075 ) ) ;
#1045 = B_SPLINE_CURVE_WITH_KNOTS ( 'NONE', 3,
 ( #2634, #6036, #2160, #7057, #2602, #1061, #5356, #372, #3215, #6520, #515, #6989, #5425, #440, #1026, #3696, #7092, #3260, #2025, #6453, #4387, #1477, #4933, #2123, #5893, #4353, #7128, #921, #3144, #6486, #5 ),
 .UNSPECIFIED., .F., .F.,
 ( 4, 1, 1, 1, 1, 1, 1, 1, 1, 1, 1, 1, 1, 1, 1, 1, 1, 1, 1, 1, 1, 1, 1, 1, 1, 1, 1, 1, 4 ),
 ( 0.000000000000000000, 0.006201962899188698426, 0.02448136905349916972, 0.05388345649501025819, 0.09289034474279105058, 0.1395093084148930351, 0.1913742588137488654, 0.2458629933516659483, 0.3002380933255869855, 0.3518114771965040188, 0.3981158618259910686, 0.4370593218643058497, 0.4670784500627876423, 0.4874746266155715047, 0.5000000000000000000, 0.5125253733844284953, 0.5329215499372124132, 0.5629406781356941503, 0.6018841381740089869, 0.6481885228034960367, 0.6997619066744130700, 0.7541370066483340517, 0.8086257411862511901, 0.8604906915851070481, 0.9071096552572089911, 0.9461165435049897487, 0.9755186309465009309, 0.9937980371008113822, 1.000000000000000000 ),
 .UNSPECIFIED. ) ;
#1046 = ORIENTED_EDGE ( 'NONE', *, *, #4771, .F. ) ;
#1047 = VECTOR ( 'NONE', #1962, 1000.000000000000000 ) ;
#1048 = CARTESIAN_POINT ( 'NONE',  ( 45.92619372941036460, 55.93620152028918113, -44.58347426246772471 ) ) ;
#1049 = LINE ( 'NONE', #3932, #6424 ) ;
#1050 = ORIENTED_EDGE ( 'NONE', *, *, #6090, .T. ) ;
#1051 = DIRECTION ( 'NONE',  ( -0.000000000000000000, 1.000000000000000000, -0.000000000000000000 ) ) ;
#1052 = FACE_OUTER_BOUND ( 'NONE', #1012, .T. ) ;
#1053 = CARTESIAN_POINT ( 'NONE',  ( 40.79466709084000797, 111.3121957717727071, -24.96626355950890641 ) ) ;
#1054 = CARTESIAN_POINT ( 'NONE',  ( -50.22349097781342664, 108.7025900201346644, -40.28617701406468399 ) ) ;
#1055 = CARTESIAN_POINT ( 'NONE',  ( 41.45303252024854146, 89.40149471062304087, -49.05663547162954075 ) ) ;
#1056 = CARTESIAN_POINT ( 'NONE',  ( 41.59764216673602277, 150.5005888525397211, 48.91202582514209496 ) ) ;
#1057 = CARTESIAN_POINT ( 'NONE',  ( -47.72506399400256782, 155.3921848145514844, 42.78460399787552149 ) ) ;
#1058 = CARTESIAN_POINT ( 'NONE',  ( -29.29356565747520236, 173.1609393494194080, -36.46736499287372624 ) ) ;
#1059 = CARTESIAN_POINT ( 'NONE',  ( 50.64418028391641968, 124.0985968565961883, 39.86548770796169094 ) ) ;
#1060 = CARTESIAN_POINT ( 'NONE',  ( -37.25277915899234671, 171.2031378497270850, 28.50815149135656412 ) ) ;
#1061 = CARTESIAN_POINT ( 'NONE',  ( -42.86151494923075944, 72.49854646718331708, 47.64815304264732987 ) ) ;
#1062 = ORIENTED_EDGE ( 'NONE', *, *, #2628, .T. ) ;
#1063 = VECTOR ( 'NONE', #546, 1000.000000000000000 ) ;
#1064 = EDGE_CURVE ( 'NONE', #6444, #1335, #1840, .T. ) ;
#1065 = VERTEX_POINT ( 'NONE', #6499 ) ;
#1066 = CARTESIAN_POINT ( 'NONE',  ( 41.45303252024856278, 89.40149471062305508, 49.05663547162955496 ) ) ;
#1067 = CARTESIAN_POINT ( 'NONE',  ( -49.58005470913414570, 96.97051065983893636, -40.92961328274397204 ) ) ;
#1068 = CARTESIAN_POINT ( 'NONE',  ( -38.00000000000000000, 320.0000000000000000, -21.00000000000000000 ) ) ;
#1069 = B_SPLINE_CURVE_WITH_KNOTS ( 'NONE', 3,
 ( #481, #4938, #2515, #6395, #5237, #7065, #2092, #4358 ),
 .UNSPECIFIED., .F., .F.,
 ( 4, 2, 2, 4 ),
 ( 1.387778780781445676E-17, 0.008445642262737983880, 0.01266846339410695847, 0.01689128452547593306 ),
 .UNSPECIFIED. ) ;
#1070 = CARTESIAN_POINT ( 'NONE',  ( -43.47092483188745859, 66.31954352124843410, 47.03874315999061650 ) ) ;
#1071 = CARTESIAN_POINT ( 'NONE',  ( 0.000000000000000000, 0.000000000000000000, -0.4000000000000000222 ) ) ;
#1072 = CARTESIAN_POINT ( 'NONE',  ( 26.00954371031358292, 95.69680212022358035, 39.75138694003535278 ) ) ;
#1073 = TOROIDAL_SURFACE ( 'NONE', #2828, -106.2500000000000000, 156.2500000000000000 ) ;
#1074 = CARTESIAN_POINT ( 'NONE',  ( 28.75104949436350665, 66.80701258836775480, -37.00988115598539707 ) ) ;
#1075 = VECTOR ( 'NONE', #3646, 1000.000000000000114 ) ;
#1076 = B_SPLINE_SURFACE_WITH_KNOTS ( 'NONE', 3, 1, ( 
 ( #2507, #3148 ),
 ( #4211, #924 ),
 ( #4247, #4283 ),
 ( #4179, #375 ),
 ( #6422, #6348 ),
 ( #408, #858 ),
 ( #6455, #1411 ),
 ( #3633, #2575 ),
 ( #4789, #956 ),
 ( #3083, #3042 ),
 ( #6891, #5294 ),
 ( #308, #4719 ),
 ( #6924, #1957 ),
 ( #1993, #4825 ),
 ( #5834, #7025 ),
 ( #6385, #6490 ),
 ( #1924, #2057 ),
 ( #2639, #4144 ),
 ( #1517, #1377 ),
 ( #3593, #6994 ),
 ( #2537, #6961 ),
 ( #1449, #3736 ),
 ( #5866, #5797 ),
 ( #822, #5932 ),
 ( #2029, #3669 ),
 ( #1483, #5263 ),
 ( #889, #3116 ),
 ( #3184, #3701 ),
 ( #5897, #5327 ),
 ( #5360, #5393 ),
 ( #7169, #7063 ),
 ( #6005, #6119 ),
 ( #6081, #6666 ),
 ( #7132, #7095 ),
 ( #5571, #2200 ),
 ( #6525, #1590 ),
 ( #2090, #6631 ),
 ( #4318, #556 ),
 ( #3805, #2710 ),
 ( #594, #6597 ),
 ( #4970, #5468 ),
 ( #3839, #2784 ),
 ( #5498, #1031 ),
 ( #1100, #1139 ),
 ( #2747, #1066 ),
 ( #3219, #4860 ),
 ( #5532, #1553 ),
 ( #3773, #2128 ),
 ( #3264, #3369 ),
 ( #6559, #5969 ),
 ( #519, #478 ),
 ( #990, #5430 ),
 ( #4936, #4356 ),
 ( #3907, #2238 ),
 ( #2676, #445 ),
 ( #4897, #2163 ),
 ( #4390, #1625 ) ),
 .UNSPECIFIED., .F., .F., .F.,
 ( 4, 1, 1, 1, 1, 1, 1, 1, 1, 1, 1, 1, 1, 1, 1, 1, 1, 1, 1, 1, 1, 1, 1, 1, 1, 1, 1, 1, 1, 1, 1, 1, 1, 1, 1, 1, 1, 1, 1, 1, 1, 1, 1, 1, 1, 1, 1, 1, 1, 1, 1, 1, 1, 1, 4 ),
 ( 2, 2 ),
 ( 0.000000000000000000, 0.006185920264467840990, 0.006201962899188698426, 0.02441097605636065315, 0.02448136905349916972, 0.05370574164729763345, 0.05388345649501025819, 0.09253774940744020905, 0.09289034474279105058, 0.1389060332195526937, 0.1395093084148930351, 0.1904437008900517758, 0.1913742588137488654, 0.2445345556009105303, 0.2458629933516659483, 0.2984579075547035831, 0.3002380933255869855, 0.3495648249652614226, 0.3518114771965040188, 0.3954646363279900600, 0.3981158618259910686, 0.4341890767744074897, 0.4370593218643058497, 0.4643545367854607919, 0.4670784500627876423, 0.4855543320873984547, 0.4874746266155715047, 0.5000000000000001110, 0.5125253733844284953, 0.5144456679126017118, 0.5329215499372124132, 0.5356454632145394301, 0.5629406781356941503, 0.5658109232255926768, 0.6018841381740089869, 0.6045353636720101065, 0.6481885228034960367, 0.6504351750347387995, 0.6997619066744130700, 0.7015420924452966389, 0.7541370066483340517, 0.7554654443990895807, 0.8086257411862511901, 0.8095562991099484185, 0.8604906915851070481, 0.8610939667804474729, 0.9071096552572089911, 0.9074622505925599159, 0.9461165435049897487, 0.9462942583527024221, 0.9755186309465009309, 0.9755890239436393330, 0.9937980371008113822, 0.9938140797355320410, 1.000000000000000000 ),
 ( 0.000000000000000000, 1.000000000000000000 ),
 .UNSPECIFIED. ) ;
#1077 = CARTESIAN_POINT ( 'NONE',  ( -43.47092483188745859, 66.31954352124843410, 47.03874315999061650 ) ) ;
#1078 = CARTESIAN_POINT ( 'NONE',  ( -36.16335210565489433, 59.45114241664888510, -29.59757854469405203 ) ) ;
#1079 = CARTESIAN_POINT ( 'NONE',  ( -45.51935232921328378, 52.44175755770030634, 44.99031566266479842 ) ) ;
#1080 = CARTESIAN_POINT ( 'NONE',  ( 31.31356217171363099, 45.71524904810726753, -34.44736847863527629 ) ) ;
#1081 = VERTEX_POINT ( 'NONE', #2611 ) ;
#1082 = CARTESIAN_POINT ( 'NONE',  ( -45.04270196158307726, 52.00000000000000000, 45.46696603029501205 ) ) ;
#1083 = CARTESIAN_POINT ( 'NONE',  ( -50.40863483252044830, 137.5203383235722470, -40.10103315935766233 ) ) ;
#1084 = FACE_OUTER_BOUND ( 'NONE', #5789, .T. ) ;
#1085 = DIRECTION ( 'NONE',  ( 0.000000000000000000, -1.000000000000000000, 0.000000000000000000 ) ) ;
#1086 = ORIENTED_EDGE ( 'NONE', *, *, #2017, .T. ) ;
#1087 = CARTESIAN_POINT ( 'NONE',  ( 108.0000000000000000, 204.9984294160720424, 1.407972151344734080 ) ) ;
#1088 = CARTESIAN_POINT ( 'NONE',  ( 38.90225724876551539, 85.63114929373708151, 26.85867340158342742 ) ) ;
#1089 = LINE ( 'NONE', #7187, #432 ) ;
#1090 = CARTESIAN_POINT ( 'NONE',  ( 42.36324379412030794, 153.8348667856812142, -48.14642419775778848 ) ) ;
#1091 = CARTESIAN_POINT ( 'NONE',  ( -42.62031228415366968, 75.23276251545792093, -47.88935570772444095 ) ) ;
#1092 = CARTESIAN_POINT ( 'NONE',  ( 24.69734275216252328, 116.6762642137271797, -41.06358789818639821 ) ) ;
#1093 = CARTESIAN_POINT ( 'NONE',  ( 27.32702615385186462, 80.61020279584469961, 38.43390449649707108 ) ) ;
#1094 = CARTESIAN_POINT ( 'NONE',  ( -40.92961328274395072, 96.97051065983893636, 49.58005470913413149 ) ) ;
#1095 = CARTESIAN_POINT ( 'NONE',  ( -27.32702615385186107, 80.61020279584469961, -38.43390449649707108 ) ) ;
#1096 = CARTESIAN_POINT ( 'NONE',  ( 50.22349097781342664, 108.7025900201346644, 40.28617701406468399 ) ) ;
#1097 = FACE_BOUND ( 'NONE', #5006, .T. ) ;
#1098 = ORIENTED_EDGE ( 'NONE', *, *, #133, .T. ) ;
#1099 = ORIENTED_EDGE ( 'NONE', *, *, #6664, .T. ) ;
#1100 = CARTESIAN_POINT ( 'NONE',  ( 26.00954371031358292, 95.69680212022358035, 39.75138694003535278 ) ) ;
#1101 = CARTESIAN_POINT ( 'NONE',  ( -48.18764232538013204, 78.60787726850114154, -42.32202566649797859 ) ) ;
#1102 = CARTESIAN_POINT ( 'NONE',  ( 28.04587946176248536, 169.6705890995218340, 37.71505118858645034 ) ) ;
#1103 = LINE ( 'NONE', #4423, #3999 ) ;
#1104 =( BOUNDED_CURVE ( )  B_SPLINE_CURVE ( 3, ( #4415, #1690, #6115, #1133 ),
 .UNSPECIFIED., .F., .F. ) 
 B_SPLINE_CURVE_WITH_KNOTS ( ( 4, 4 ),
 ( 6.278283628513246839, 6.288086985845925625 ),
 .UNSPECIFIED. ) 
 CURVE ( )  GEOMETRIC_REPRESENTATION_ITEM ( )  RATIONAL_B_SPLINE_CURVE ( ( 1.000000000000000000, 0.9999919911981193232, 0.9999919911981193232, 1.000000000000000000 ) ) 
 REPRESENTATION_ITEM ( '' )  );
#1105 = CARTESIAN_POINT ( 'NONE',  ( -50.17042213900457881, 140.4589426390626556, 40.33924585287351050 ) ) ;
#1106 = LINE ( 'NONE', #4395, #4743 ) ;
#1107 = ORIENTED_EDGE ( 'NONE', *, *, #4724, .F. ) ;
#1108 = CARTESIAN_POINT ( 'NONE',  ( -37.71505118858650718, 169.6705890995216350, 28.04587946176240720 ) ) ;
#1109 = EDGE_CURVE ( 'NONE', #101, #954, #785, .T. ) ;
#1110 = CARTESIAN_POINT ( 'NONE',  ( 40.28617701406466978, 108.7025900201346644, -50.22349097781341243 ) ) ;
#1111 = CARTESIAN_POINT ( 'NONE',  ( -34.81447876247081297, 48.51213425699023674, 30.94645188787810497 ) ) ;
#1112 = SECURITY_CLASSIFICATION_LEVEL ( 'unclassified' ) ;
#1113 = DIRECTION ( 'NONE',  ( -0.000000000000000000, 1.000000000000000000, -0.000000000000000000 ) ) ;
#1114 = CARTESIAN_POINT ( 'NONE',  ( 31.92684771948880140, 41.21309918220619295, -33.83408293086011298 ) ) ;
#1115 = EDGE_CURVE ( 'NONE', #4969, #2597, #5975, .T. ) ;
#1116 = ORIENTED_EDGE ( 'NONE', *, *, #929, .T. ) ;
#1117 = LINE ( 'NONE', #5551, #4215 ) ;
#1118 = DIRECTION ( 'NONE',  ( 0.000000000000000000, -1.000000000000000000, 0.000000000000000000 ) ) ;
#1119 = CARTESIAN_POINT ( 'NONE',  ( -47.03874315999063072, 66.31954352124841989, -43.47092483188748702 ) ) ;
#1120 = VERTEX_POINT ( 'NONE', #6898 ) ;
#1121 = CARTESIAN_POINT ( 'NONE',  ( 28.43010472206638894, 69.78879219390020694, 37.33082592828253610 ) ) ;
#1122 = CARTESIAN_POINT ( 'NONE',  ( -34.51648671455645712, 38.38965361115108976, 34.94075078326839900 ) ) ;
#1123 = CARTESIAN_POINT ( 'NONE',  ( 35.63270687126059499, 54.97802726448586697, -30.12822377908831939 ) ) ;
#1124 = CARTESIAN_POINT ( 'NONE',  ( -40.92961328274396493, 96.97051065983893636, -49.58005470913414570 ) ) ;
#1125 = EDGE_CURVE ( 'NONE', #942, #855, #6341, .T. ) ;
#1126 = CARTESIAN_POINT ( 'NONE',  ( -45.57187448734442370, 52.88466077438591384, 44.93779350453365851 ) ) ;
#1127 = CARTESIAN_POINT ( 'NONE',  ( -24.55371574811973900, 145.7020373835961777, -41.20721490222919670 ) ) ;
#1128 = CARTESIAN_POINT ( 'NONE',  ( 32.88046532517446963, 176.5866740378391455, -32.88046532517444120 ) ) ;
#1129 = CARTESIAN_POINT ( 'NONE',  ( -38.15377554675337990, 60.02193514452882539, 32.32732609223450737 ) ) ;
#1130 = LINE ( 'NONE', #3362, #6244 ) ;
#1131 = AXIS2_PLACEMENT_3D ( 'NONE', #4983, #6608, #5017 ) ;
#1132 = CARTESIAN_POINT ( 'NONE',  ( -40.68351489493348083, 100.9687423887486943, 49.82615309694460848 ) ) ;
#1133 = CARTESIAN_POINT ( 'NONE',  ( 49.99939933985893248, 161.3767734674762266, -0.2450829519018705716 ) ) ;
#1134 = CARTESIAN_POINT ( 'NONE',  ( 50.58970023380037162, 130.9941881811295445, 39.91996775807773901 ) ) ;
#1135 = B_SPLINE_CURVE_WITH_KNOTS ( 'NONE', 3,
 ( #2137, #2101, #2720, #3712 ),
 .UNSPECIFIED., .F., .F.,
 ( 4, 4 ),
 ( 0.000000000000000000, 0.009128091185152053047 ),
 .UNSPECIFIED. ) ;
#1136 = ORIENTED_EDGE ( 'NONE', *, *, #849, .T. ) ;
#1137 = VECTOR ( 'NONE', #1892, 1000.000000000000114 ) ;
#1138 = VERTEX_POINT ( 'NONE', #2066 ) ;
#1139 = CARTESIAN_POINT ( 'NONE',  ( 40.92961328274397204, 96.97051065983893636, 49.58005470913415280 ) ) ;
#1140 = CARTESIAN_POINT ( 'NONE',  ( -25.61039644484208466, 101.0166046022987985, -40.15053420550685814 ) ) ;
#1141 = CARTESIAN_POINT ( 'NONE',  ( 37.61230384976509100, 170.0262037789080125, 28.18405024541387149 ) ) ;
#1142 = CARTESIAN_POINT ( 'NONE',  ( 37.25277915899236092, 171.2031378497270282, 28.50815149135656767 ) ) ;
#1143 = AXIS2_PLACEMENT_3D ( 'NONE', #2679, #2714, #3705 ) ;
#1144 = LINE ( 'NONE', #2823, #3944 ) ;
#1145 = CARTESIAN_POINT ( 'NONE',  ( 38.43390449649707108, 80.61020279584469961, 27.32702615385186462 ) ) ;
#1146 = ORIENTED_EDGE ( 'NONE', *, *, #4553, .F. ) ;
#1147 = ORIENTED_EDGE ( 'NONE', *, *, #4779, .T. ) ;
#1148 = CARTESIAN_POINT ( 'NONE',  ( 40.33924585287351761, 140.4589426390626556, 50.17042213900459302 ) ) ;
#1149 = CARTESIAN_POINT ( 'NONE',  ( 35.63270687126059499, 54.97802726448586697, -30.12822377908831939 ) ) ;
#1150 = B_SPLINE_CURVE_WITH_KNOTS ( 'NONE', 3,
 ( #2986, #4626, #1828, #3058, #4052, #3607, #5241, #1902, #6330, #2951, #5808, #2449, #248, #3539, #724, #6256, #6399, #1316, #834, #5744, #1282, #761, #6938, #4732, #5776, #1353, #5275, #5204, #5702, #4193, #3500, #5173, #688, #213 ),
 .UNSPECIFIED., .F., .F.,
 ( 4, 2, 2, 2, 2, 2, 2, 2, 2, 2, 2, 2, 2, 2, 2, 2, 4 ),
 ( 0.000000000000000000, 0.002341570909608286545, 0.003512356364412428083, 0.004683141819216569621, 0.005853927274020710725, 0.007024712728824851829, 0.008195498183628992933, 0.008780890911031038332, 0.009366283638433083730, 0.009951676365835129129, 0.01053706909323717279, 0.01170785454804126359, 0.01287864000284535092, 0.01404942545764944171, 0.01639099636725767709, 0.01756178182206179217, 0.01873256727686591072 ),
 .UNSPECIFIED. ) ;
#1151 = CARTESIAN_POINT ( 'NONE',  ( -34.44736847863527629, 45.71524904810726753, 31.31356217171363809 ) ) ;
#1152 = DATE_AND_TIME ( #5545, #1259 ) ;
#1153 = FACE_BOUND ( 'NONE', #3237, .T. ) ;
#1154 = ORIENTED_EDGE ( 'NONE', *, *, #6275, .T. ) ;
#1155 = EDGE_CURVE ( 'NONE', #3242, #1065, #6394, .T. ) ;
#1156 = CARTESIAN_POINT ( 'NONE',  ( 50.59218501756915742, 120.2343318316846279, -39.91748297430893189 ) ) ;
#1157 = ORIENTED_EDGE ( 'NONE', *, *, #4993, .T. ) ;
#1158 = LINE ( 'NONE', #4953, #4659 ) ;
#1159 = CARTESIAN_POINT ( 'NONE',  ( 32.66833329081848802, 35.99999999999999289, -33.09259735953042991 ) ) ;
#1160 = CARTESIAN_POINT ( 'NONE',  ( -40.41035066590497848, 58.00000000000000000, -24.00000000000000000 ) ) ;
#1161 = CARTESIAN_POINT ( 'NONE',  ( -45.77674598141886975, 54.62836855260160718, -44.73292201045924088 ) ) ;
#1162 = ADVANCED_FACE ( 'NONE', ( #2581 ), #1383, .F. ) ;
#1163 = ORIENTED_EDGE ( 'NONE', *, *, #2727, .T. ) ;
#1164 = CARTESIAN_POINT ( 'NONE',  ( -28.82478188321260149, 90.27506426511546067, -40.86045618393034573 ) ) ;
#1165 = CARTESIAN_POINT ( 'NONE',  ( 49.82615309694461558, 100.9687423887486943, 40.68351489493350215 ) ) ;
#1166 = DIRECTION ( 'NONE',  ( -0.000000000000000000, 1.000000000000000000, 0.000000000000000000 ) ) ;
#1167 = DIRECTION ( 'NONE',  ( -1.000000000000000000, 0.000000000000000000, -0.000000000000000000 ) ) ;
#1168 = DIRECTION ( 'NONE',  ( 1.000000000000000000, 0.000000000000000000, -0.000000000000000000 ) ) ;
#1169 = CARTESIAN_POINT ( 'NONE',  ( 39.91748297430893189, 120.2343318316845853, 50.59218501756917874 ) ) ;
#1170 = CIRCLE ( 'NONE', #2457, 50.00000000000000000 ) ;
#1171 = CARTESIAN_POINT ( 'NONE',  ( -45.92619372941035749, 55.93620152028918824, 44.58347426246772471 ) ) ;
#1172 = CARTESIAN_POINT ( 'NONE',  ( 32.16823240588158228, 39.48056780803436538, -33.59269824446733566 ) ) ;
#1173 = CARTESIAN_POINT ( 'NONE',  ( -38.67929575223223537, 65.05334878492654127, 31.69400693055770546 ) ) ;
#1174 = CARTESIAN_POINT ( 'NONE',  ( 41.36857510098818125, 141.0186408901463153, 24.39235554936074735 ) ) ;
#1175 = CARTESIAN_POINT ( 'NONE',  ( -49.93783009309770193, 143.4569695494772645, 40.57183789878038738 ) ) ;
#1176 = CARTESIAN_POINT ( 'NONE',  ( -28.26772415252453996, 71.28898199371604960, -37.49320649782439574 ) ) ;
#1177 = CARTESIAN_POINT ( 'NONE',  ( -2.293931114067158106, -3.548243663850593421, -2.293931114067158106 ) ) ;
#1178 = VERTEX_POINT ( 'NONE', #5907 ) ;
#1179 = ORIENTED_EDGE ( 'NONE', *, *, #682, .F. ) ;
#1180 = DIRECTION ( 'NONE',  ( 0.000000000000000000, 0.000000000000000000, 1.000000000000000000 ) ) ;
#1181 = CARTESIAN_POINT ( 'NONE',  ( -41.59764216673602277, 150.5005888525397495, -48.91202582514209496 ) ) ;
#1182 = CARTESIAN_POINT ( 'NONE',  ( -107.9999999999999858, 193.5126614618645817, 0.6599525275824663639 ) ) ;
#1183 = CARTESIAN_POINT ( 'NONE',  ( 28.56886579484422484, 171.3537213828244319, 37.19206485550470376 ) ) ;
#1184 = CARTESIAN_POINT ( 'NONE',  ( -50.38968031787177893, 112.7299032302373121, 40.11998767400631039 ) ) ;
#1185 = CARTESIAN_POINT ( 'NONE',  ( 35.63270687126060210, 54.97802726448587407, 30.12822377908832649 ) ) ;
#1186 = EDGE_LOOP ( 'NONE', ( #4371, #3456, #6674, #2969 ) ) ;
#1187 = CARTESIAN_POINT ( 'NONE',  ( -34.03994575403819312, 45.29474480594071650, -36.21980700434896505 ) ) ;
#1188 = DIRECTION ( 'NONE',  ( 0.000000000000000000, 0.000000000000000000, 1.000000000000000000 ) ) ;
#1189 = CARTESIAN_POINT ( 'NONE',  ( 50.49399183426300652, 134.5090890707682831, -40.01567615761508279 ) ) ;
#1190 = CARTESIAN_POINT ( 'NONE',  ( 32.88046532517446963, 176.5866740378391455, -32.88046532517444120 ) ) ;
#1191 = AXIS2_PLACEMENT_3D ( 'NONE', #2021, #5826, #2965 ) ;
#1192 = CARTESIAN_POINT ( 'NONE',  ( -50.17042213900457881, 140.4589426390626556, 40.33924585287351050 ) ) ;
#1193 = CARTESIAN_POINT ( 'NONE',  ( 31.69400693055751006, 65.05334878492789130, 38.67929575223242011 ) ) ;
#1194 = VERTEX_POINT ( 'NONE', #6931 ) ;
#1195 = CARTESIAN_POINT ( 'NONE',  ( 49.93783009309770904, 143.4569695494772930, -40.57183789878038027 ) ) ;
#1196 = AXIS2_PLACEMENT_3D ( 'NONE', #6855, #1887, #6314 ) ;
#1198 = CARTESIAN_POINT ( 'NONE',  ( -48.52056619669235715, 82.37800232306902615, -41.98910179518575347 ) ) ;
#1197 = AXIS2_PLACEMENT_3D ( 'NONE', #1974, #2413, #4088 ) ;
#1199 = CARTESIAN_POINT ( 'NONE',  ( 33.17716150233879802, 36.58494384897175422, -32.58376914801011992 ) ) ;
#1200 = CARTESIAN_POINT ( 'NONE',  ( 3.551475717527323832E-16, 2.000000000000000000, 2.499999999999999556 ) ) ;
#1201 = EDGE_LOOP ( 'NONE', ( #2693, #5351, #405, #2963 ) ) ;
#1202 = CARTESIAN_POINT ( 'NONE',  ( -30.28861713263957611, 166.0223565838130924, -39.78278296250712742 ) ) ;
#1203 = DIRECTION ( 'NONE',  ( 1.000000000000000000, 0.000000000000000000, 1.224646799147353207E-16 ) ) ;
#1204 = CARTESIAN_POINT ( 'NONE',  ( -46.98823194100194200, 212.0000000000005400, 1.050000000005465450 ) ) ;
#1205 = CARTESIAN_POINT ( 'NONE',  ( 32.88046532517448384, 94.50000000000000000, -32.88046532517444831 ) ) ;
#1206 = VECTOR ( 'NONE', #6591, 999.9999999999998863 ) ;
#1207 = CARTESIAN_POINT ( 'NONE',  ( -47.88935570772442674, 75.23276251545790672, 42.62031228415365547 ) ) ;
#1208 = EDGE_CURVE ( 'NONE', #6165, #296, #6429, .T. ) ;
#1209 = CARTESIAN_POINT ( 'NONE',  ( -41.45303252024854856, 89.40149471062302666, -49.05663547162955496 ) ) ;
#1210 = CARTESIAN_POINT ( 'NONE',  ( 47.03874315999061650, 66.31954352124843410, -43.47092483188747281 ) ) ;
#1211 = DIRECTION ( 'NONE',  ( 1.000000000000000000, -0.000000000000000000, -0.000000000000000000 ) ) ;
#1212 = EDGE_CURVE ( 'NONE', #3420, #3012, #5335, .T. ) ;
#1213 = CARTESIAN_POINT ( 'NONE',  ( 45.92619372941038591, 55.93620152028918824, 44.58347426246773892 ) ) ;
#1214 = CARTESIAN_POINT ( 'NONE',  ( -41.36857510098817414, 141.0186408901463437, 24.39235554936074024 ) ) ;
#1215 = CARTESIAN_POINT ( 'NONE',  ( 0.000000000000000000, 11.00000000000000000, -2.200000000000000178 ) ) ;
#1216 = CARTESIAN_POINT ( 'NONE',  ( 39.22375858382816460, 163.8347417721553256, 26.53717206652076754 ) ) ;
#1217 = CARTESIAN_POINT ( 'NONE',  ( 40.59050206124482685, 162.4383763707187427, -29.19682311961679844 ) ) ;
#1218 = B_SPLINE_CURVE_WITH_KNOTS ( 'NONE', 3,
 ( #3592, #5226, #7024, #923 ),
 .UNSPECIFIED., .F., .F.,
 ( 4, 4 ),
 ( 0.000000000000000000, 0.0003044949188741477119 ),
 .UNSPECIFIED. ) ;
#1219 = EDGE_CURVE ( 'NONE', #6544, #5761, #2683, .T. ) ;
#1220 = VERTEX_POINT ( 'NONE', #5939 ) ;
#1221 = EDGE_LOOP ( 'NONE', ( #3450, #789, #2851, #947 ) ) ;
#1222 = CARTESIAN_POINT ( 'NONE',  ( 37.57616459432502154, 54.99999999999999289, -32.98532786528269156 ) ) ;
#1223 = CARTESIAN_POINT ( 'NONE',  ( -41.46658174736685964, 131.8280114082709815, -24.29434890298207961 ) ) ;
#1224 = CARTESIAN_POINT ( 'NONE',  ( 5.510910596163091133E-15, 0.000000000000000000, -40.00000000000000000 ) ) ;
#1225 = CARTESIAN_POINT ( 'NONE',  ( 0.000000000000000000, 11.00000000000000000, -0.4000000000000000222 ) ) ;
#1226 = CARTESIAN_POINT ( 'NONE',  ( 38.56258473745506876, 166.8763353538257945, 27.19834591289386694 ) ) ;
#1227 = CARTESIAN_POINT ( 'NONE',  ( 0.000000000000000000, 57.99999999999999289, 0.000000000000000000 ) ) ;
#1228 = CARTESIAN_POINT ( 'NONE',  ( 41.46658174736685254, 131.8280114082709815, 24.29434890298207961 ) ) ;
#1229 = VERTEX_POINT ( 'NONE', #1598 ) ;
#1230 = EDGE_CURVE ( 'NONE', #1229, #6412, #3044, .T. ) ;
#1231 = CARTESIAN_POINT ( 'NONE',  ( 46.99995953443368535, 213.0498834747164381, -0.1393498690075949120 ) ) ;
#1232 = LINE ( 'NONE', #4503, #4347 ) ;
#1233 = CARTESIAN_POINT ( 'NONE',  ( 24.39235554936073669, 141.0186408901463437, -41.36857510098818125 ) ) ;
#1234 = CARTESIAN_POINT ( 'NONE',  ( 46.56268880791238018, 157.2818685057020218, -43.94697918396571623 ) ) ;
#1235 = CARTESIAN_POINT ( 'NONE',  ( -50.22349097781341243, 108.7025900201346502, 40.28617701406468399 ) ) ;
#1236 = CARTESIAN_POINT ( 'NONE',  ( 27.14520631303203047, 151.2543003863761157, 41.99181708300191218 ) ) ;
#1237 = ORIENTED_EDGE ( 'NONE', *, *, #3255, .T. ) ;
#1238 = CARTESIAN_POINT ( 'NONE',  ( 50.49399183426300652, 134.5090890707682831, -40.01567615761508279 ) ) ;
#1239 = B_SPLINE_CURVE_WITH_KNOTS ( 'NONE', 3,
 ( #4523, #1253, #5141, #5209, #5749, #2421, #5109, #4487 ),
 .UNSPECIFIED., .F., .F.,
 ( 4, 2, 2, 4 ),
 ( 0.000000000000000000, 0.004222814332542844905, 0.008445628665085689810, 0.01689125733017137615 ),
 .UNSPECIFIED. ) ;
#1240 = CARTESIAN_POINT ( 'NONE',  ( -33.83408293086012009, 41.21309918220619295, -31.92684771948881561 ) ) ;
#1241 = ORIENTED_EDGE ( 'NONE', *, *, #2461, .T. ) ;
#1242 = CARTESIAN_POINT ( 'NONE',  ( -33.30164342620648910, 171.3897812518985688, -37.29700715360359453 ) ) ;
#1243 = CARTESIAN_POINT ( 'NONE',  ( 108.0000000000000000, 188.2844865614402181, -0.1789959886829862457 ) ) ;
#1244 = CARTESIAN_POINT ( 'NONE',  ( -46.99716309754730759, 212.9176809069981289, -0.5282718661745081645 ) ) ;
#1245 = DIRECTION ( 'NONE',  ( 0.000000000000000000, 0.000000000000000000, -1.000000000000000000 ) ) ;
#1246 = CARTESIAN_POINT ( 'NONE',  ( -49.99939933985896090, 161.3767734674762266, -0.2450829519018705716 ) ) ;
#1247 = CARTESIAN_POINT ( 'NONE',  ( -31.86778842368786968, 42.89642949105437708, 33.89314222666106957 ) ) ;
#1248 = AXIS2_PLACEMENT_3D ( 'NONE', #1225, #2891, #2356 ) ;
#1249 = CARTESIAN_POINT ( 'NONE',  ( -27.32702615385186107, 80.61020279584469961, -38.43390449649707108 ) ) ;
#1250 = CARTESIAN_POINT ( 'NONE',  ( 50.38968031787177893, 112.7299032302373263, -40.11998767400631749 ) ) ;
#1251 = CARTESIAN_POINT ( 'NONE',  ( -31.05252923575232415, 168.0308239955317049, 39.18957825874107925 ) ) ;
#1252 = B_SPLINE_CURVE_WITH_KNOTS ( 'NONE', 3,
 ( #5320, #5926, #1473, #4311 ),
 .UNSPECIFIED., .F., .F.,
 ( 4, 4 ),
 ( 0.01740447811740719261, 0.01776587260766538182 ),
 .UNSPECIFIED. ) ;
#1253 = CARTESIAN_POINT ( 'NONE',  ( 35.22013817769530419, 39.76829827018090668, -34.44339636571283592 ) ) ;
#1254 = CARTESIAN_POINT ( 'NONE',  ( -46.53284740717148082, 61.44371818057052792, -43.97682058470662270 ) ) ;
#1255 = CARTESIAN_POINT ( 'NONE',  ( 34.94075078326841322, 38.38965361115111818, -34.51648671455649264 ) ) ;
#1256 = CARTESIAN_POINT ( 'NONE',  ( 40.34597417625933247, 163.6450384062927128, -29.53380614872940058 ) ) ;
#1257 = CC_DESIGN_PERSON_AND_ORGANIZATION_ASSIGNMENT ( #1042, #1670, ( #2647 ) ) ;
#1258 = ORIENTED_EDGE ( 'NONE', *, *, #7030, .T. ) ;
#1259 = LOCAL_TIME ( 18, 6, 39.00000000000000000, #3341 ) ;
#1260 = EDGE_LOOP ( 'NONE', ( #5570, #563, #2351, #1086, #3658, #7144 ) ) ;
#1261 = CARTESIAN_POINT ( 'NONE',  ( -46.53284740717148082, 61.44371818057052792, -43.97682058470662270 ) ) ;
#1262 = CARTESIAN_POINT ( 'NONE',  ( -39.86548770796169094, 124.0985968565961741, -50.64418028391641258 ) ) ;
#1263 = EDGE_CURVE ( 'NONE', #813, #5317, #3230, .T. ) ;
#1264 = CARTESIAN_POINT ( 'NONE',  ( -47.00000000000000000, 245.7159877520656153, 3.467667383507734069 ) ) ;
#1265 = DIRECTION ( 'NONE',  ( 0.7071067811865473507, -0.000000000000000000, -0.7071067811865477948 ) ) ;
#1266 = CARTESIAN_POINT ( 'NONE',  ( -38.43390449649705687, 80.61020279584469961, 27.32702615385185752 ) ) ;
#1267 = CARTESIAN_POINT ( 'NONE',  ( 48.14642419775778848, 153.8348667856812142, 42.36324379412032215 ) ) ;
#1268 = CIRCLE ( 'NONE', #4060, 46.97059542429539647 ) ;
#1269 = LINE ( 'NONE', #4074, #2488 ) ;
#1270 = CARTESIAN_POINT ( 'NONE',  ( 45.25483399593903044, 145.5000000000000000, -45.25483399593904466 ) ) ;
#1271 = CARTESIAN_POINT ( 'NONE',  ( 40.24733569863604998, 157.6066838202880831, -25.51359495171286795 ) ) ;
#1272 = CARTESIAN_POINT ( 'NONE',  ( 36.08140240266996557, 58.70654625247944125, -29.67952824767894526 ) ) ;
#1273 = CIRCLE ( 'NONE', #99, 46.99996213765929554 ) ;
#1274 = CARTESIAN_POINT ( 'NONE',  ( -33.59269824446732855, 39.48056780803435828, 32.16823240588158228 ) ) ;
#1275 = CARTESIAN_POINT ( 'NONE',  ( 31.31115607659010180, 168.5790100066184323, 38.98253048539271504 ) ) ;
#1276 = EDGE_LOOP ( 'NONE', ( #259, #1408, #3343, #5694, #1877, #155, #2181, #4405, #875, #660, #1154, #117, #2369, #2502, #2746, #2097, #459, #4883, #3871, #2294, #3278, #5655, #715, #231 ) ) ;
#1277 = CARTESIAN_POINT ( 'NONE',  ( 43.94697918396568781, 157.2818685057019650, -46.56268880791239440 ) ) ;
#1278 = CARTESIAN_POINT ( 'NONE',  ( -49.93783009309771614, 143.4569695494772361, -40.57183789878039448 ) ) ;
#1279 = CARTESIAN_POINT ( 'NONE',  ( -26.50182654239710800, 120.7183223083671493, -42.39887059890459398 ) ) ;
#1280 = CARTESIAN_POINT ( 'NONE',  ( 107.9999999999999858, 191.0383283497592117, -0.4443020421252298902 ) ) ;
#1281 = CARTESIAN_POINT ( 'NONE',  ( 34.08013314532964699, 43.01938834715430460, -31.68079750501926739 ) ) ;
#1282 = CARTESIAN_POINT ( 'NONE',  ( -32.53986656635576935, 175.3727113013590042, 33.91444719236285721 ) ) ;
#1283 = DIRECTION ( 'NONE',  ( -0.7071067811865475727, 0.000000000000000000, -0.7071067811865475727 ) ) ;
#1284 = CARTESIAN_POINT ( 'NONE',  ( -45.77674598141884843, 54.62836855260160718, 44.73292201045924088 ) ) ;
#1285 = LINE ( 'NONE', #2417, #3590 ) ;
#1286 = CARTESIAN_POINT ( 'NONE',  ( -41.53184048916860149, 156.2938203314783152, 27.84387101844173529 ) ) ;
#1287 = CARTESIAN_POINT ( 'NONE',  ( 24.69734275216252328, 116.6762642137271797, -41.06358789818639821 ) ) ;
#1288 = CARTESIAN_POINT ( 'NONE',  ( 28.04587946176237878, 340.0000000000000000, -37.71505118858653560 ) ) ;
#1289 = CARTESIAN_POINT ( 'NONE',  ( 40.92961328274397204, 96.97051065983893636, 49.58005470913415280 ) ) ;
#1290 = CARTESIAN_POINT ( 'NONE',  ( -48.18764232538013204, 78.60787726850114154, -42.32202566649797859 ) ) ;
#1291 = CARTESIAN_POINT ( 'NONE',  ( 0.000000000000000000, 0.000000000000000000, 0.000000000000000000 ) ) ;
#1292 = CARTESIAN_POINT ( 'NONE',  ( 45.25483399593905176, 158.6226686892998146, 45.25483399593905176 ) ) ;
#1293 = CARTESIAN_POINT ( 'NONE',  ( 26.36587291666718258, 140.3216086453123239, -42.48347992596021783 ) ) ;
#1294 = ORIENTED_EDGE ( 'NONE', *, *, #2737, .F. ) ;
#1295 = ORIENTED_EDGE ( 'NONE', *, *, #667, .T. ) ;
#1296 = CARTESIAN_POINT ( 'NONE',  ( -32.06220998348531737, 42.79893798239337599, -33.69872066686364320 ) ) ;
#1297 = CARTESIAN_POINT ( 'NONE',  ( -47.72506399400258204, 155.3921848145515128, -42.78460399787553570 ) ) ;
#1298 = CARTESIAN_POINT ( 'NONE',  ( -47.00000000000000000, 198.8384312691162279, -2.581365136496106327 ) ) ;
#1299 = CARTESIAN_POINT ( 'NONE',  ( 38.00000000000000000, 58.00000000000000000, -21.00000000000000000 ) ) ;
#1300 = CARTESIAN_POINT ( 'NONE',  ( 49.95195503535386905, 192.5606852514746379, 2.204732956121143950 ) ) ;
#1301 = CARTESIAN_POINT ( 'NONE',  ( 46.99996472437832296, 213.0501157864175639, 0.1375882683655855476 ) ) ;
#1302 = EDGE_CURVE ( 'NONE', #6544, #7043, #2100, .T. ) ;
#1303 = CARTESIAN_POINT ( 'NONE',  ( -50.00020022165055877, 161.3771410853478585, 0.08169497157947117061 ) ) ;
#1304 = CARTESIAN_POINT ( 'NONE',  ( 48.14642419775777427, 153.8348667856812142, -42.36324379412032926 ) ) ;
#1305 = CARTESIAN_POINT ( 'NONE',  ( 41.38727259838148598, 126.6764942988443892, -24.37365805196743551 ) ) ;
#1306 = CARTESIAN_POINT ( 'NONE',  ( -40.24733569863605709, 157.6066838202881399, -25.51359495171287861 ) ) ;
#1307 = CARTESIAN_POINT ( 'NONE',  ( 27.43689252658040800, 105.4697018383869818, 41.80312624289176426 ) ) ;
#1308 = ORIENTED_EDGE ( 'NONE', *, *, #2551, .F. ) ;
#1309 = CARTESIAN_POINT ( 'NONE',  ( 27.19834591289387049, 166.8763353538258514, -38.56258473745504745 ) ) ;
#1310 = CARTESIAN_POINT ( 'NONE',  ( 33.69872078113331781, 42.79893802968336303, 32.06220986921563565 ) ) ;
#1311 = CARTESIAN_POINT ( 'NONE',  ( -36.46736499287372624, 173.1609393494194364, -29.29356565747520946 ) ) ;
#1312 = EDGE_LOOP ( 'NONE', ( #1864, #3033, #6128, #3313 ) ) ;
#1313 = CARTESIAN_POINT ( 'NONE',  ( -38.99282277376641304, 168.5816071365169933, -31.30007401324317584 ) ) ;
#1314 = CARTESIAN_POINT ( 'NONE',  ( 47.00000000000000000, 245.7159877520656437, -3.467667383507734957 ) ) ;
#1315 = CARTESIAN_POINT ( 'NONE',  ( -46.99996322182071395, 213.0500485290940276, 0.1366018453194451088 ) ) ;
#1316 = CARTESIAN_POINT ( 'NONE',  ( -33.10233586290068786, 175.4862839454901007, 33.36570883847546298 ) ) ;
#1317 = CARTESIAN_POINT ( 'NONE',  ( -49.88575415043368366, 223.7836521786674666, -3.378619232771091330 ) ) ;
#1318 = CARTESIAN_POINT ( 'NONE',  ( 32.66833329081848802, 36.00000000000000000, -33.09259735953042991 ) ) ;
#1319 = CARTESIAN_POINT ( 'NONE',  ( -30.39400384064872185, 166.3214578944517825, 39.70221989019987063 ) ) ;
#1320 = CARTESIAN_POINT ( 'NONE',  ( 24.55371574811972479, 145.7020373835961777, -41.20721490222918959 ) ) ;
#1321 = CIRCLE ( 'NONE', #958, 50.00000000000000000 ) ;
#1322 = CARTESIAN_POINT ( 'NONE',  ( 33.17716150233881223, 36.58494384897175422, 32.58376914801012703 ) ) ;
#1323 = CARTESIAN_POINT ( 'NONE',  ( 40.11998767400631749, 112.7299032302373121, 50.38968031787179314 ) ) ;
#1324 = CARTESIAN_POINT ( 'NONE',  ( -34.44736847863527629, 45.71524904810726753, 31.31356217171363809 ) ) ;
#1325 = CARTESIAN_POINT ( 'NONE',  ( 29.77058309862684027, 57.99999999121062899, -35.99034755172208122 ) ) ;
#1326 = CARTESIAN_POINT ( 'NONE',  ( 36.12624812828885723, 172.2436984526362096, -34.56857423806303586 ) ) ;
#1327 = ORIENTED_EDGE ( 'NONE', *, *, #1896, .T. ) ;
#1328 = ORIENTED_EDGE ( 'NONE', *, *, #2508, .T. ) ;
#1329 = FACE_BOUND ( 'NONE', #4317, .T. ) ;
#1330 = CARTESIAN_POINT ( 'NONE',  ( -35.45918685583342267, 52.00000000000000711, 30.80394296248343267 ) ) ;
#1331 = CARTESIAN_POINT ( 'NONE',  ( -108.0000000000000000, 221.8135536382135342, 0.3230486906495420585 ) ) ;
#1332 = CARTESIAN_POINT ( 'NONE',  ( -24.29434890298206540, 131.8280114082709815, 41.46658174736685254 ) ) ;
#1333 = CARTESIAN_POINT ( 'NONE',  ( 49.94174405927994798, 259.1939977067223140, -2.416482993636297483 ) ) ;
#1334 = CARTESIAN_POINT ( 'NONE',  ( 26.53717206652077820, 163.8347417721553541, 39.22375858382816460 ) ) ;
#1335 = VERTEX_POINT ( 'NONE', #2648 ) ;
#1336 = DIRECTION ( 'NONE',  ( 0.000000000000000000, -1.000000000000000000, 0.000000000000000000 ) ) ;
#1337 = CARTESIAN_POINT ( 'NONE',  ( -32.88046532517444120, 94.50000000000000000, 32.88046532517448384 ) ) ;
#1338 = CARTESIAN_POINT ( 'NONE',  ( 27.32702615385185396, 80.61020279584469961, -38.43390449649706397 ) ) ;
#1339 = CARTESIAN_POINT ( 'NONE',  ( 45.46696603029500494, 52.00000000000000000, -45.04270196158308437 ) ) ;
#1340 = ORIENTED_EDGE ( 'NONE', *, *, #7030, .F. ) ;
#1341 = CARTESIAN_POINT ( 'NONE',  ( -50.49399183426302073, 134.5090890707682831, -40.01567615761508989 ) ) ;
#1342 = PLANE ( 'NONE',  #329 ) ;
#1343 = VERTEX_POINT ( 'NONE', #5401 ) ;
#1344 = CARTESIAN_POINT ( 'NONE',  ( 45.51935232921328378, 52.44175755770029212, -44.99031566266479842 ) ) ;
#1345 = EDGE_CURVE ( 'NONE', #855, #6630, #5472, .T. ) ;
#1346 = FACE_OUTER_BOUND ( 'NONE', #4080, .T. ) ;
#1347 = DIRECTION ( 'NONE',  ( -0.000000000000000000, 1.000000000000000000, -0.000000000000000000 ) ) ;
#1348 = CARTESIAN_POINT ( 'NONE',  ( -40.65331820325020118, 153.6225640485288011, -25.10761244709873452 ) ) ;
#1349 = DIRECTION ( 'NONE',  ( 0.000000000000000000, 1.000000000000000000, 0.000000000000000000 ) ) ;
#1350 = CARTESIAN_POINT ( 'NONE',  ( 47.00000000000000000, 160.9181783982463969, -0.3183282180949054130 ) ) ;
#1351 = CARTESIAN_POINT ( 'NONE',  ( -30.94645188787809786, 48.51213425699024384, 34.81447876247082007 ) ) ;
#1352 = ADVANCED_FACE ( 'NONE', ( #1039 ), #717, .T. ) ;
#1353 = CARTESIAN_POINT ( 'NONE',  ( -30.59914242695926490, 174.0484005150363771, 35.67620357438872247 ) ) ;
#1354 = CARTESIAN_POINT ( 'NONE',  ( -49.92322734332954326, 256.1231826365734605, -2.771376959546029362 ) ) ;
#1355 = CARTESIAN_POINT ( 'NONE',  ( -34.01183617507293633, 145.5000000000000000, -28.21356056934323675 ) ) ;
#1356 = CARTESIAN_POINT ( 'NONE',  ( -40.68351489493348083, 100.9687423887486943, 49.82615309694460848 ) ) ;
#1357 = CARTESIAN_POINT ( 'NONE',  ( -34.77817033146149583, 172.3210456249914557, 35.92463511079219529 ) ) ;
#1358 = CARTESIAN_POINT ( 'NONE',  ( 24.96626355950891352, 111.3121957717727071, 40.79466709084002218 ) ) ;
#1359 = CARTESIAN_POINT ( 'NONE',  ( -45.57187448734442370, 52.88466077438591384, 44.93779350453365851 ) ) ;
#1360 = LINE ( 'NONE', #2388, #904 ) ;
#1361 = CARTESIAN_POINT ( 'NONE',  ( 26.52597244525790643, 120.1731893915917198, -42.38377953709482426 ) ) ;
#1362 = EDGE_CURVE ( 'NONE', #4855, #6524, #5296, .T. ) ;
#1363 = AXIS2_PLACEMENT_3D ( 'NONE', #1177, #2780, #2390 ) ;
#1364 = ORIENTED_EDGE ( 'NONE', *, *, #2855, .F. ) ;
#1365 = ORIENTED_EDGE ( 'NONE', *, *, #1889, .F. ) ;
#1366 = CARTESIAN_POINT ( 'NONE',  ( -48.91202582514209496, 150.5005888525396927, -41.59764216673601567 ) ) ;
#1367 = CARTESIAN_POINT ( 'NONE',  ( -30.12822377908832649, 54.97802726448586697, -35.63270687126060210 ) ) ;
#1368 = CARTESIAN_POINT ( 'NONE',  ( -108.0000000000000000, 214.5964125124565101, 1.494343917309273628 ) ) ;
#1369 = CARTESIAN_POINT ( 'NONE',  ( -42.62031228415366257, 75.23276251545793514, 47.88935570772444095 ) ) ;
#1370 = CARTESIAN_POINT ( 'NONE',  ( 49.87962192101903725, 230.4791400898401719, 3.467592938277081593 ) ) ;
#1371 = CARTESIAN_POINT ( 'NONE',  ( 41.59764216673602277, 150.5005888525397211, 48.91202582514209496 ) ) ;
#1372 = VERTEX_POINT ( 'NONE', #6423 ) ;
#1373 = APPROVAL_PERSON_ORGANIZATION ( #7142, #3442, #3924 ) ;
#1374 = CARTESIAN_POINT ( 'NONE',  ( -44.58347426246772471, 55.93620152028918824, 45.92619372941037170 ) ) ;
#1375 = CARTESIAN_POINT ( 'NONE',  ( 40.57183789878039448, 143.4569695494772645, 49.93783009309771614 ) ) ;
#1376 = CARTESIAN_POINT ( 'NONE',  ( -33.89148442998933319, 42.89533934913200852, 31.86944622035958830 ) ) ;
#1377 = CARTESIAN_POINT ( 'NONE',  ( 50.64418028391641968, 124.0985968565961883, 39.86548770796169094 ) ) ;
#1378 = LINE ( 'NONE', #1891, #2938 ) ;
#1379 = CARTESIAN_POINT ( 'NONE',  ( 40.14265841673879720, 164.5601747625490816, 29.80966340995669839 ) ) ;
#1380 = CARTESIAN_POINT ( 'NONE',  ( 46.30576403225041560, 59.33385514974001751, 44.20390395962770214 ) ) ;
#1381 = LINE ( 'NONE', #4691, #560 ) ;
#1382 = VECTOR ( 'NONE', #6583, 1000.000000000000000 ) ;
#1383 = PLANE ( 'NONE',  #6990 ) ;
#1384 = CARTESIAN_POINT ( 'NONE',  ( 29.70434460654487552, 172.9592403366421252, 36.42405306805208198 ) ) ;
#1385 = DIRECTION ( 'NONE',  ( -0.7071067811865472397, -0.000000000000000000, 0.7071067811865479058 ) ) ;
#1386 = CARTESIAN_POINT ( 'NONE',  ( 47.00000000000000711, 160.4585312546849707, 0.2841225884134122026 ) ) ;
#1387 = CARTESIAN_POINT ( 'NONE',  ( -43.97682058470661559, 61.44371818057052792, 46.53284740717148082 ) ) ;
#1388 = DIRECTION ( 'NONE',  ( 0.7071067811865475727, 0.000000000000000000, -0.7071067811865475727 ) ) ;
#1389 = CARTESIAN_POINT ( 'NONE',  ( -49.91081243920955757, 210.2605929485459342, 2.988384256015728102 ) ) ;
#1390 = AXIS2_PLACEMENT_3D ( 'NONE', #6763, #6218, #2381 ) ;
#1391 = DIRECTION ( 'NONE',  ( -0.7071067811865479058, 0.000000000000000000, -0.7071067811865472397 ) ) ;
#1392 = CARTESIAN_POINT ( 'NONE',  ( -25.51359495171286085, 157.6066838202880831, 40.24733569863604998 ) ) ;
#1393 = CARTESIAN_POINT ( 'NONE',  ( -38.98253048539829990, 168.5790100066039372, 31.31115607658310651 ) ) ;
#1394 = EDGE_CURVE ( 'NONE', #5938, #2257, #1930, .T. ) ;
#1395 = CARTESIAN_POINT ( 'NONE',  ( 42.36324379412030794, 153.8348667856812142, -48.14642419775778848 ) ) ;
#1396 = CARTESIAN_POINT ( 'NONE',  ( 39.91748297430893189, 120.2343318316845853, 50.59218501756917874 ) ) ;
#1397 = CARTESIAN_POINT ( 'NONE',  ( -39.75138694003534567, 95.69680212022356613, -26.00954371031358647 ) ) ;
#1398 = CARTESIAN_POINT ( 'NONE',  ( 24.29434890298206184, 131.8280114082709815, -41.46658174736684543 ) ) ;
#1399 = CARTESIAN_POINT ( 'NONE',  ( -33.17716150233881223, 36.58494384897174712, -32.58376914801012703 ) ) ;
#1400 = ORIENTED_EDGE ( 'NONE', *, *, #1219, .F. ) ;
#1401 = ORIENTED_EDGE ( 'NONE', *, *, #1436, .T. ) ;
#1402 = CARTESIAN_POINT ( 'NONE',  ( -50.59218501756917874, 120.2343318316845853, -39.91748297430893899 ) ) ;
#1403 = DIRECTION ( 'NONE',  ( -1.000000000000000000, 0.000000000000000000, 0.000000000000000000 ) ) ;
#1404 = CARTESIAN_POINT ( 'NONE',  ( -47.00000000000000000, 242.1251027914491658, 3.543797287136489782 ) ) ;
#1405 = CARTESIAN_POINT ( 'NONE',  ( -24.37365805196742130, 126.6764942988443892, 41.38727259838148598 ) ) ;
#1406 = CARTESIAN_POINT ( 'NONE',  ( 49.88583636945003263, 243.8691548153215933, 3.377136828497912191 ) ) ;
#1407 = B_SPLINE_CURVE_WITH_KNOTS ( 'NONE', 3,
 ( #2547, #4863, #5303, #2130 ),
 .UNSPECIFIED., .F., .F.,
 ( 4, 4 ),
 ( 2.520754229927989125E-14, 0.0003614012583410220413 ),
 .UNSPECIFIED. ) ;
#1408 = ORIENTED_EDGE ( 'NONE', *, *, #5208, .F. ) ;
#1409 = CARTESIAN_POINT ( 'NONE',  ( 44.73292201045924799, 54.62836855260160718, 45.77674598141886264 ) ) ;
#1410 = CARTESIAN_POINT ( 'NONE',  ( 44.20390395962769503, 59.33385514974001751, -46.30576403225040849 ) ) ;
#1411 = CARTESIAN_POINT ( 'NONE',  ( 46.53284740717148793, 61.44371818057052792, 43.97682058470662980 ) ) ;
#1412 = CARTESIAN_POINT ( 'NONE',  ( 0.000000000000000000, 320.0000000000000000, 0.000000000000000000 ) ) ;
#1413 = ADVANCED_FACE ( 'NONE', ( #6893 ), #3670, .F. ) ;
#1414 = CARTESIAN_POINT ( 'NONE',  ( 37.12955697799481669, 171.5561179699268735, 33.48841238799528242 ) ) ;
#1415 = DIRECTION ( 'NONE',  ( -0.7071067811865474617, 0.000000000000000000, 0.7071067811865474617 ) ) ;
#1416 = CARTESIAN_POINT ( 'NONE',  ( 44.78285603231768874, 54.19120085711175960, 45.72681195956042188 ) ) ;
#1417 = CARTESIAN_POINT ( 'NONE',  ( 41.36857510098818125, 141.0186408901463153, 24.39235554936074735 ) ) ;
#1418 = ORIENTED_EDGE ( 'NONE', *, *, #367, .F. ) ;
#1419 = B_SPLINE_CURVE_WITH_KNOTS ( 'NONE', 3,
 ( #2007, #6402, #3610, #3649 ),
 .UNSPECIFIED., .F., .F.,
 ( 4, 4 ),
 ( 0.01747249955575046546, 0.01777699149090817762 ),
 .UNSPECIFIED. ) ;
#1420 = CARTESIAN_POINT ( 'NONE',  ( -35.48613965603914977, 41.14807402462480468, 34.35492515600356711 ) ) ;
#1421 = CARTESIAN_POINT ( 'NONE',  ( 5.755835319193124785E-15, 57.99999999999999289, -46.99996213765929554 ) ) ;
#1422 = DIRECTION ( 'NONE',  ( 0.7071067811865472397, 0.000000000000000000, -0.7071067811865479058 ) ) ;
#1423 = DIRECTION ( 'NONE',  ( -1.000000000000000000, 0.000000000000000000, -0.000000000000000000 ) ) ;
#1424 = CARTESIAN_POINT ( 'NONE',  ( -29.67952824767894171, 58.70654625247946257, 36.08140240266996557 ) ) ;
#1425 = PLANE ( 'NONE',  #1197 ) ;
#1426 = DIRECTION ( 'NONE',  ( 0.000000000000000000, 0.000000000000000000, 1.000000000000000000 ) ) ;
#1427 = CARTESIAN_POINT ( 'NONE',  ( 36.08140240266997978, 58.70654625247946257, 29.67952824767894882 ) ) ;
#1428 = CARTESIAN_POINT ( 'NONE',  ( -32.33280779337670907, 59.98009825480384194, 38.14896356789953558 ) ) ;
#1429 = CARTESIAN_POINT ( 'NONE',  ( 32.88046532517446963, 176.5866740378391455, -32.88046532517444120 ) ) ;
#1430 = CARTESIAN_POINT ( 'NONE',  ( -35.03403024654929965, 174.7093979249179938, -31.33268355529273563 ) ) ;
#1431 = CARTESIAN_POINT ( 'NONE',  ( 25.51359495171288216, 157.6066838202881399, 40.24733569863605709 ) ) ;
#1432 = CARTESIAN_POINT ( 'NONE',  ( -29.29356565747520236, 173.1609393494194080, -36.46736499287372624 ) ) ;
#1433 = CARTESIAN_POINT ( 'NONE',  ( 29.67952824767894526, 58.70654625247947678, -36.08140240266997978 ) ) ;
#1434 = CARTESIAN_POINT ( 'NONE',  ( 26.47683376497476715, 142.8363999835722211, -42.41484396826362513 ) ) ;
#1435 = VECTOR ( 'NONE', #2035, 1000.000000000000000 ) ;
#1436 = EDGE_CURVE ( 'NONE', #7043, #6739, #4720, .T. ) ;
#1437 = ADVANCED_FACE ( 'NONE', ( #6386 ), #5764, .F. ) ;
#1438 = VECTOR ( 'NONE', #6778, 1000.000000000000000 ) ;
#1439 = ORIENTED_EDGE ( 'NONE', *, *, #6920, .T. ) ;
#1440 = CARTESIAN_POINT ( 'NONE',  ( -40.57183789878039448, 143.4569695494772930, -49.93783009309771614 ) ) ;
#1441 = LINE ( 'NONE', #1988, #6764 ) ;
#1442 = CARTESIAN_POINT ( 'NONE',  ( -108.0000000000000000, 188.2844865614402181, -0.1789959886829863289 ) ) ;
#1443 = CARTESIAN_POINT ( 'NONE',  ( -32.16823240588157518, 39.48056780803440091, 33.59269824446734276 ) ) ;
#1444 = CARTESIAN_POINT ( 'NONE',  ( 49.92080071457974810, 205.9371844116374461, 2.820036877487435589 ) ) ;
#1445 = EDGE_CURVE ( 'NONE', #7147, #6509, #4755, .T. ) ;
#1446 = EDGE_LOOP ( 'NONE', ( #2997, #1136 ) ) ;
#1447 = EDGE_CURVE ( 'NONE', #1138, #5888, #3865, .T. ) ;
#1448 = CARTESIAN_POINT ( 'NONE',  ( 32.58376914801012703, 36.58494384897174712, 33.17716150233881223 ) ) ;
#1449 = CARTESIAN_POINT ( 'NONE',  ( 40.65331820325020118, 153.6225640485287727, 25.10761244709872742 ) ) ;
#1450 = CARTESIAN_POINT ( 'NONE',  ( 46.53284740717146661, 61.44371818057052792, -43.97682058470661559 ) ) ;
#1451 = CARTESIAN_POINT ( 'NONE',  ( 35.47935076381347130, 172.3992787183036626, 35.23125842033054766 ) ) ;
#1452 = EDGE_CURVE ( 'NONE', #1515, #1081, #6073, .T. ) ;
#1453 = CARTESIAN_POINT ( 'NONE',  ( -30.50535599403126952, 51.99999999999998579, 35.25557465562760484 ) ) ;
#1454 = CARTESIAN_POINT ( 'NONE',  ( 37.25277915899236092, 171.2031378497270282, 28.50815149135656767 ) ) ;
#1455 = ORIENTED_EDGE ( 'NONE', *, *, #592, .T. ) ;
#1456 = DIRECTION ( 'NONE',  ( 0.7071067811865475727, 0.000000000000000000, -0.7071067811865475727 ) ) ;
#1457 = CARTESIAN_POINT ( 'NONE',  ( -84.99999999999998579, 212.0000000000000000, 0.000000000000000000 ) ) ;
#1458 = CARTESIAN_POINT ( 'NONE',  ( 47.00000000000000000, 218.9313642205669055, 3.332580657541731828 ) ) ;
#1459 = CARTESIAN_POINT ( 'NONE',  ( -31.08035469695841968, 175.3233815820528605, 34.68057595339050891 ) ) ;
#1460 = LINE ( 'NONE', #902, #4573 ) ;
#1461 = CARTESIAN_POINT ( 'NONE',  ( -49.88600874798373042, 223.6091354691474749, 3.374880170636908705 ) ) ;
#1462 = CARTESIAN_POINT ( 'NONE',  ( -27.47049506919340089, 105.0519756244960377, 41.78104421726169448 ) ) ;
#1463 = CARTESIAN_POINT ( 'NONE',  ( 38.56258473745505455, 166.8763353538257945, -27.19834591289385983 ) ) ;
#1464 = CARTESIAN_POINT ( 'NONE',  ( -28.32114118803932357, 170.3790392360402848, -37.51035950841359323 ) ) ;
#1465 = ORIENTED_EDGE ( 'NONE', *, *, #2724, .T. ) ;
#1466 = CARTESIAN_POINT ( 'NONE',  ( 49.31902728797151525, 148.1781441586251162, 41.19064070390659538 ) ) ;
#1467 = CARTESIAN_POINT ( 'NONE',  ( -50.64418028391641968, 124.0985968565961315, -39.86548770796169094 ) ) ;
#1468 = CARTESIAN_POINT ( 'NONE',  ( 30.02250515210871029, 57.99999999999999289, -36.16138306720323925 ) ) ;
#1469 = CARTESIAN_POINT ( 'NONE',  ( -50.59218501756917874, 120.2343318316845853, -39.91748297430893899 ) ) ;
#1470 = VERTEX_POINT ( 'NONE', #3008 ) ;
#1471 = CARTESIAN_POINT ( 'NONE',  ( -48.18764232538013204, 78.60787726850114154, -42.32202566649797859 ) ) ;
#1472 = CARTESIAN_POINT ( 'NONE',  ( -44.99031566266480553, 52.44175755770029212, -45.51935232921329799 ) ) ;
#1473 = CARTESIAN_POINT ( 'NONE',  ( -30.60489855371956125, 51.99999999999998579, 35.32342564570105026 ) ) ;
#1474 = CARTESIAN_POINT ( 'NONE',  ( -50.64418028391641968, 124.0985968565961315, -39.86548770796169094 ) ) ;
#1475 = CARTESIAN_POINT ( 'NONE',  ( -28.26772415252452930, 71.28898199371604960, 37.49320649782438863 ) ) ;
#1476 = EDGE_CURVE ( 'NONE', #5761, #6739, #1378, .T. ) ;
#1477 = CARTESIAN_POINT ( 'NONE',  ( -50.54757796528362945, 116.5874508295665777, 39.96209002659446696 ) ) ;
#1478 = ORIENTED_EDGE ( 'NONE', *, *, #4150, .T. ) ;
#1479 = CARTESIAN_POINT ( 'NONE',  ( -43.97682058470661559, 61.44371818057052792, 46.53284740717148082 ) ) ;
#1480 = CARTESIAN_POINT ( 'NONE',  ( 32.66833329081850223, 35.99999999999999289, 33.09259735953043702 ) ) ;
#1481 = VECTOR ( 'NONE', #1265, 999.9999999999998863 ) ;
#1482 = EDGE_CURVE ( 'NONE', #4529, #2597, #3640, .T. ) ;
#1483 = CARTESIAN_POINT ( 'NONE',  ( 37.25277915899236092, 171.2031378497270282, 28.50815149135656767 ) ) ;
#1484 = CARTESIAN_POINT ( 'NONE',  ( -45.46696603029501915, 52.00000000000000000, -45.04270196158309147 ) ) ;
#1485 = CARTESIAN_POINT ( 'NONE',  ( 40.53643829274378163, 162.7673015036227468, 29.27444961139488910 ) ) ;
#1486 = CARTESIAN_POINT ( 'NONE',  ( 33.09259735953043702, 36.00000000000000000, 32.66833329081850223 ) ) ;
#1487 = CARTESIAN_POINT ( 'NONE',  ( 47.64815304264733697, 72.49854646718331708, 42.86151494923077365 ) ) ;
#1488 = CARTESIAN_POINT ( 'NONE',  ( 32.88046532517448384, 176.5866740378391739, 32.88046532517445542 ) ) ;
#1490 = CARTESIAN_POINT ( 'NONE',  ( -108.0000000000000000, 201.2789572189547869, -1.216411794072249641 ) ) ;
#1489 = AXIS2_PLACEMENT_3D ( 'NONE', #31, #6651, #1680 ) ;
#1491 = CARTESIAN_POINT ( 'NONE',  ( -31.31356217171363099, 45.71524904810725332, 34.44736847863527629 ) ) ;
#1492 = CARTESIAN_POINT ( 'NONE',  ( 108.0000000000000000, 189.2661038502330939, 0.2768941404019777952 ) ) ;
#1493 = CARTESIAN_POINT ( 'NONE',  ( -32.88046532517444120, 176.5866740378391739, 32.88046532517448384 ) ) ;
#1494 = CARTESIAN_POINT ( 'NONE',  ( 45.57187448734442370, 52.88466077438589963, -44.93779350453366561 ) ) ;
#1495 = DIRECTION ( 'NONE',  ( 0.000000000000000000, -0.000000000000000000, 1.000000000000000000 ) ) ;
#1496 = AXIS2_PLACEMENT_3D ( 'NONE', #3970, #3857, #5025 ) ;
#1497 = CARTESIAN_POINT ( 'NONE',  ( 34.08013337475412641, 43.01938849801626930, 31.68079727559481995 ) ) ;
#1498 = CARTESIAN_POINT ( 'NONE',  ( -27.53707542704272981, 154.1365289939318188, 41.73424116573537646 ) ) ;
#1499 = CARTESIAN_POINT ( 'NONE',  ( 50.64418028391640547, 124.0985968565961741, -39.86548770796168384 ) ) ;
#1500 = CARTESIAN_POINT ( 'NONE',  ( -35.87586871434723435, 173.7963362840297066, -30.36448191014822484 ) ) ;
#1501 = DIRECTION ( 'NONE',  ( 0.7071067811865474617, -0.000000000000000000, 0.7071067811865474617 ) ) ;
#1502 = ORIENTED_EDGE ( 'NONE', *, *, #1027, .T. ) ;
#1503 = CARTESIAN_POINT ( 'NONE',  ( 48.91202582514209496, 150.5005888525397495, 41.59764216673601567 ) ) ;
#1504 = AXIS2_PLACEMENT_3D ( 'NONE', #6436, #3716, #1426 ) ;
#1505 = CARTESIAN_POINT ( 'NONE',  ( -25.10761244709873097, 153.6225640485287443, -40.65331820325020118 ) ) ;
#1506 = CARTESIAN_POINT ( 'NONE',  ( 45.04270196158307726, 52.00000000000000000, -45.46696603029501205 ) ) ;
#1507 = CARTESIAN_POINT ( 'NONE',  ( -24.55371574811973900, 145.7020373835961777, -41.20721490222919670 ) ) ;
#1508 = ORIENTED_EDGE ( 'NONE', *, *, #6845, .F. ) ;
#1509 = B_SPLINE_CURVE_WITH_KNOTS ( 'NONE', 3,
 ( #2840, #2806, #2771, #6217, #4996 ),
 .UNSPECIFIED., .F., .F.,
 ( 4, 1, 4 ),
 ( 0.02471769912871604399, 0.05370574164729763345, 0.05626039372291158358 ),
 .UNSPECIFIED. ) ;
#1510 = CARTESIAN_POINT ( 'NONE',  ( -41.46658174736685964, 131.8280114082709815, -24.29434890298207961 ) ) ;
#1511 = CARTESIAN_POINT ( 'NONE',  ( -47.00000000000000000, 167.6150733960352852, -0.7962789259304907663 ) ) ;
#1512 = CARTESIAN_POINT ( 'NONE',  ( -48.91202582514209496, 150.5005888525396927, -41.59764216673601567 ) ) ;
#1513 = CARTESIAN_POINT ( 'NONE',  ( -38.56258473745504034, 166.8763353538258514, 27.19834591289388115 ) ) ;
#1514 = CARTESIAN_POINT ( 'NONE',  ( 35.99034706512416193, 58.00000011627452068, 29.77058358522477377 ) ) ;
#1515 = VERTEX_POINT ( 'NONE', #4112 ) ;
#1516 = CARTESIAN_POINT ( 'NONE',  ( 42.36324379412032215, 153.8348667856811858, 48.14642419775779558 ) ) ;
#1517 = CARTESIAN_POINT ( 'NONE',  ( 41.46658174736685254, 131.8280114082709815, 24.29434890298207961 ) ) ;
#1518 = CARTESIAN_POINT ( 'NONE',  ( -34.81447876247083428, 48.51213425699023674, -30.94645188787811207 ) ) ;
#1519 = CARTESIAN_POINT ( 'NONE',  ( 0.000000000000000000, 52.00000000000000000, 0.000000000000000000 ) ) ;
#1520 = VECTOR ( 'NONE', #6153, 1000.000000000000114 ) ;
#1521 = CARTESIAN_POINT ( 'NONE',  ( -32.16823240588157518, 39.48056780803440091, 33.59269824446734276 ) ) ;
#1522 = CARTESIAN_POINT ( 'NONE',  ( 0.000000000000000000, 340.0000000000000000, 46.99996213765929554 ) ) ;
#1523 = CARTESIAN_POINT ( 'NONE',  ( 31.33268355531006222, 174.7093979249316078, -35.03403024653382403 ) ) ;
#1524 = EDGE_CURVE ( 'NONE', #2797, #2924, #6533, .T. ) ;
#1525 = CARTESIAN_POINT ( 'NONE',  ( 41.20721490222918959, 145.7020373835961493, 24.55371574811973545 ) ) ;
#1526 = EDGE_CURVE ( 'NONE', #5517, #4389, #4248, .T. ) ;
#1527 = ORIENTED_EDGE ( 'NONE', *, *, #4563, .T. ) ;
#1528 = CARTESIAN_POINT ( 'NONE',  ( 35.77960312803929810, 176.0000000000000000, -29.98132752230962694 ) ) ;
#1529 = CARTESIAN_POINT ( 'NONE',  ( -39.91748297430892478, 120.2343318316846421, 50.59218501756915742 ) ) ;
#1530 = CARTESIAN_POINT ( 'NONE',  ( 47.00000000000000000, 167.6150733960352284, 0.7962789259304907663 ) ) ;
#1531 = CARTESIAN_POINT ( 'NONE',  ( -38.56258473745504034, 166.8763353538258514, 27.19834591289388115 ) ) ;
#1532 = CARTESIAN_POINT ( 'NONE',  ( 47.31597781508198608, 69.12979561808754170, -43.19369017679610323 ) ) ;
#1533 = CARTESIAN_POINT ( 'NONE',  ( -49.87856882242468259, 236.9688922424747091, 3.482581293853035831 ) ) ;
#1534 = ORIENTED_EDGE ( 'NONE', *, *, #890, .T. ) ;
#1535 = CARTESIAN_POINT ( 'NONE',  ( -28.85455087168455535, 89.98461695145402928, 40.83938568045786610 ) ) ;
#1536 = CARTESIAN_POINT ( 'NONE',  ( 49.31902728797150814, 148.1781441586251447, -41.19064070390658827 ) ) ;
#1537 = CARTESIAN_POINT ( 'NONE',  ( -28.04587946176248536, 169.6705890995218056, -37.71505118858645034 ) ) ;
#1538 = ORIENTED_EDGE ( 'NONE', *, *, #1208, .T. ) ;
#1539 = CARTESIAN_POINT ( 'NONE',  ( -37.57616459432502154, 54.99999999999999289, -32.98532786528268446 ) ) ;
#1540 = CARTESIAN_POINT ( 'NONE',  ( -32.88046532517444831, 176.5866740378391455, -32.88046532517448384 ) ) ;
#1541 = CARTESIAN_POINT ( 'NONE',  ( 48.14642419775777427, 153.8348667856812142, -42.36324379412032926 ) ) ;
#1542 = CARTESIAN_POINT ( 'NONE',  ( -50.49399183426302073, 134.5090890707682831, -40.01567615761508989 ) ) ;
#1543 = CARTESIAN_POINT ( 'NONE',  ( 44.58347426246773182, 55.93620152028918824, 45.92619372941037881 ) ) ;
#1544 = CARTESIAN_POINT ( 'NONE',  ( -24.96626355950891352, 111.3121957717727071, -40.79466709084002218 ) ) ;
#1545 = CARTESIAN_POINT ( 'NONE',  ( 0.000000000000000000, 0.000000000000000000, -3.299999999999999822 ) ) ;
#1546 = CARTESIAN_POINT ( 'NONE',  ( -50.58970023380037873, 130.9941881811295445, -39.91996775807773901 ) ) ;
#1547 = CARTESIAN_POINT ( 'NONE',  ( -50.59218501756915742, 120.2343318316845853, 39.91748297430893189 ) ) ;
#1548 = CARTESIAN_POINT ( 'NONE',  ( 49.98055880591046218, 179.1420416727841314, -1.475636790357645278 ) ) ;
#1549 = ORIENTED_EDGE ( 'NONE', *, *, #3078, .F. ) ;
#1550 = CARTESIAN_POINT ( 'NONE',  ( -26.53717206652076754, 163.8347417721553256, -39.22375858382816460 ) ) ;
#1551 = CARTESIAN_POINT ( 'NONE',  ( 49.74986063416524473, 145.8271779734263021, -40.75980735771283747 ) ) ;
#1552 = EDGE_LOOP ( 'NONE', ( #671, #1099, #5767, #4291 ) ) ;
#1553 = CARTESIAN_POINT ( 'NONE',  ( 42.32202566649796438, 78.60787726850114154, 48.18764232538012493 ) ) ;
#1554 = CARTESIAN_POINT ( 'NONE',  ( -33.26194495473987445, 37.17140469785621093, -32.49898569560906481 ) ) ;
#1555 = CARTESIAN_POINT ( 'NONE',  ( 31.84627522967828384, 175.0603972572627072, 34.56783199814899632 ) ) ;
#1556 = CARTESIAN_POINT ( 'NONE',  ( 41.00000000000000000, 320.0000000000000000, -21.00000000000000000 ) ) ;
#1557 = AXIS2_PLACEMENT_3D ( 'NONE', #4359, #3334, #6562 ) ;
#1558 = CARTESIAN_POINT ( 'NONE',  ( -44.99031566266479842, 52.44175755770029923, 45.51935232921329799 ) ) ;
#1559 = CARTESIAN_POINT ( 'NONE',  ( 35.68568161603808164, 174.0370018940387524, -30.58808547361626751 ) ) ;
#1560 = CARTESIAN_POINT ( 'NONE',  ( 28.50815149135656767, 171.2031378497270850, 37.25277915899236092 ) ) ;
#1561 = CARTESIAN_POINT ( 'NONE',  ( 44.99031566266479132, 52.44175755770031344, -45.51935232921329089 ) ) ;
#1562 = CARTESIAN_POINT ( 'NONE',  ( -24.39235554936073669, 141.0186408901463153, 41.36857510098818125 ) ) ;
#1563 = CARTESIAN_POINT ( 'NONE',  ( 0.000000000000000000, 10.00000000000000888, 0.000000000000000000 ) ) ;
#1564 = CARTESIAN_POINT ( 'NONE',  ( 33.17716150233879802, 36.58494384897175422, -32.58376914801011992 ) ) ;
#1565 = EDGE_CURVE ( 'NONE', #2681, #3957, #2451, .T. ) ;
#1566 = CARTESIAN_POINT ( 'NONE',  ( 24.55371574811972479, 145.7020373835961777, -41.20721490222918959 ) ) ;
#1567 = VERTEX_POINT ( 'NONE', #6006 ) ;
#1568 = DIRECTION ( 'NONE',  ( 0.000000000000000000, 0.000000000000000000, 1.000000000000000000 ) ) ;
#1569 = CARTESIAN_POINT ( 'NONE',  ( 36.46736499287372624, 173.1609393494194080, -29.29356565747519880 ) ) ;
#1570 = DIRECTION ( 'NONE',  ( 0.000000000000000000, 0.000000000000000000, 1.000000000000000000 ) ) ;
#1571 = DIRECTION ( 'NONE',  ( 0.000000000000000000, -1.000000000000000000, 0.000000000000000000 ) ) ;
#1572 = ADVANCED_FACE ( 'NONE', ( #6560 ), #5469, .F. ) ;
#1573 = ORIENTED_EDGE ( 'NONE', *, *, #3568, .F. ) ;
#1574 = CARTESIAN_POINT ( 'NONE',  ( 32.98532786528269156, 54.99999999999999289, 37.57616459432502154 ) ) ;
#1575 = CARTESIAN_POINT ( 'NONE',  ( -41.45303252024854856, 89.40149471062302666, -49.05663547162955496 ) ) ;
#1576 = CARTESIAN_POINT ( 'NONE',  ( 50.38968031787177893, 112.7299032302373263, -40.11998767400631749 ) ) ;
#1577 = CARTESIAN_POINT ( 'NONE',  ( -25.10761244709873097, 153.6225640485287443, -40.65331820325020118 ) ) ;
#1578 = CARTESIAN_POINT ( 'NONE',  ( 32.58376914801011281, 36.58494384897174712, -33.17716150233880512 ) ) ;
#1579 = CARTESIAN_POINT ( 'NONE',  ( 27.32702615385185396, 80.61020279584469961, -38.43390449649706397 ) ) ;
#1580 = EDGE_CURVE ( 'NONE', #4910, #942, #6182, .T. ) ;
#1581 = DIRECTION ( 'NONE',  ( -0.5218651776778592266, 0.6747691995449354163, -0.5218651776778592266 ) ) ;
#1582 = CARTESIAN_POINT ( 'NONE',  ( -28.26772415252452930, 71.28898199371604960, 37.49320649782438863 ) ) ;
#1583 = CARTESIAN_POINT ( 'NONE',  ( -29.67952824767895237, 58.70654625247944125, -36.08140240266997978 ) ) ;
#1584 = CARTESIAN_POINT ( 'NONE',  ( -47.72506399400256782, 155.3921848145514844, 42.78460399787552149 ) ) ;
#1585 = CARTESIAN_POINT ( 'NONE',  ( 49.05663547162955496, 89.40149471062302666, 41.45303252024855567 ) ) ;
#1586 = CARTESIAN_POINT ( 'NONE',  ( 49.88600874798249407, 223.6091354700094769, -3.374880170655542244 ) ) ;
#1587 = ADVANCED_FACE ( 'NONE', ( #4861 ), #4826, .T. ) ;
#1588 = EDGE_LOOP ( 'NONE', ( #3811, #3557, #3441, #5754 ) ) ;
#1589 = EDGE_LOOP ( 'NONE', ( #5059, #1966 ) ) ;
#1590 = CARTESIAN_POINT ( 'NONE',  ( 40.33924585287351761, 140.4589426390626556, 50.17042213900459302 ) ) ;
#1591 = CARTESIAN_POINT ( 'NONE',  ( -35.22504574114779530, 51.75724116587121415, -30.53588490920115106 ) ) ;
#1592 = CARTESIAN_POINT ( 'NONE',  ( 0.000000000000000000, 2.000000000000000000, -2.200000000000000178 ) ) ;
#1593 = CARTESIAN_POINT ( 'NONE',  ( 0.000000000000000000, 0.000000000000000000, -0.4000000000000000222 ) ) ;
#1594 = CARTESIAN_POINT ( 'NONE',  ( -44.73292201045923377, 54.62836855260158586, 45.77674598141885554 ) ) ;
#1595 = CARTESIAN_POINT ( 'NONE',  ( 36.25127792577973906, 173.2497798332735215, -29.91528168013389077 ) ) ;
#1596 = CARTESIAN_POINT ( 'NONE',  ( 24.96626355950891352, 111.3121957717727071, 40.79466709084002218 ) ) ;
#1597 = B_SPLINE_CURVE_WITH_KNOTS ( 'NONE', 3,
 ( #2810, #1129, #1173, #5596, #2843, #74, #5177, #3024, #4631, #804, #5246, #252, #4736, #5278, #5707, #183, #3506, #6872, #5674, #1286, #149, #729, #217, #5207, #5815, #691, #1942, #2490, #4596, #1393, #2454, #6222, #4161, #4705, #6262, #2989, #1906, #6942, #288, #6368, #6840, #4130, #6335, #2418, #6802, #2385, #6907, #1357, #4669, #3612, #837, #3063, #2523, #1872, #2956, #4092, #4058, #3577, #4019, #6297, #1251, #5780, #1319, #5140, #3468, #2918, #1832, #3543, #5748, #766, #1498, #5343, #423, #4300, #4196, #3132, #4263, #357, #3239, #6507, #3199, #7009, #6470, #4228, #1462, #2690, #1535, #4879, #3787, #4839, #1428, #1977 ),
 .UNSPECIFIED., .F., .F.,
 ( 4, 2, 2, 2, 2, 2, 2, 2, 2, 2, 2, 2, 2, 2, 2, 2, 2, 2, 2, 2, 2, 2, 2, 2, 2, 2, 2, 2, 2, 2, 2, 2, 2, 2, 2, 2, 2, 2, 2, 2, 2, 2, 2, 2, 2, 4 ),
 ( 0.000000000000000000, 0.01529258496823012597, 0.03058516993646025195, 0.04587775490469037792, 0.06117033987292050390, 0.06881663235703559811, 0.07646292484115072008, 0.08410921732526585592, 0.09175550980938099177, 0.09940180229349612762, 0.1070480947776112496, 0.1089596678986399780, 0.1108712410196687204, 0.1127828141406974627, 0.1146943872617262050, 0.1156501738222405762, 0.1166059603827549473, 0.1175617469432693185, 0.1185175335037836758, 0.1194733200642980470, 0.1204291066248124181, 0.1213848931853267893, 0.1218627864655839610, 0.1223406797458411466, 0.1232964663063555177, 0.1242522528668699028, 0.1252080394273842878, 0.1261638259878986590, 0.1271196125484130579, 0.1280753991089274291, 0.1299869722299561714, 0.1318985453509849137, 0.1338101184720136561, 0.1376332647140711130, 0.1414564109561286254, 0.1452795571981860823, 0.1491027034402435669, 0.1529258496823010516, 0.1605721421664161042, 0.1682184346505311567, 0.1758647271346462371, 0.1835110196187612897, 0.1988036045869913948, 0.2140961895552215555, 0.2293887745234516606, 0.2446813594916817935 ),
 .UNSPECIFIED. ) ;
#1598 = CARTESIAN_POINT ( 'NONE',  ( 37.57616459432502154, 54.99999999999999289, 32.98532786528269867 ) ) ;
#1599 = CARTESIAN_POINT ( 'NONE',  ( -44.20390395962768793, 59.33385514974001751, 46.30576403225040139 ) ) ;
#1600 =( NAMED_UNIT ( * ) SI_UNIT ( $, .STERADIAN. ) SOLID_ANGLE_UNIT ( ) );
#1601 = CARTESIAN_POINT ( 'NONE',  ( -48.91202582514207364, 150.5005888525397211, 41.59764216673601567 ) ) ;
#1602 = ORIENTED_EDGE ( 'NONE', *, *, #4816, .F. ) ;
#1603 = CARTESIAN_POINT ( 'NONE',  ( -33.34895830410929563, 52.22473623147816113, 37.25696040262568687 ) ) ;
#1604 = CARTESIAN_POINT ( 'NONE',  ( 44.58347426246771050, 55.93620152028918824, -45.92619372941037170 ) ) ;
#1605 = ORIENTED_EDGE ( 'NONE', *, *, #4242, .F. ) ;
#1606 = VECTOR ( 'NONE', #6599, 1000.000000000000000 ) ;
#1607 = CARTESIAN_POINT ( 'NONE',  ( -30.02250515210873161, 57.99999999999999289, -36.16138306720321083 ) ) ;
#1608 = CARTESIAN_POINT ( 'NONE',  ( 41.00000000000000000, 320.0000000000000000, -21.00000000000000000 ) ) ;
#1609 = ORIENTED_EDGE ( 'NONE', *, *, #1230, .F. ) ;
#1610 = DIRECTION ( 'NONE',  ( -0.7071067811865474617, 0.000000000000000000, -0.7071067811865474617 ) ) ;
#1611 = CARTESIAN_POINT ( 'NONE',  ( -28.75104949436352442, 66.80701258836774059, -37.00988115598541128 ) ) ;
#1612 = CARTESIAN_POINT ( 'NONE',  ( 50.59218501756915742, 120.2343318316846279, -39.91748297430893189 ) ) ;
#1613 = CARTESIAN_POINT ( 'NONE',  ( -32.88046532517444831, 176.5866740378391455, -32.88046532517448384 ) ) ;
#1614 = B_SPLINE_SURFACE_WITH_KNOTS ( 'NONE', 3, 1, ( 
 ( #1713, #1677 ),
 ( #4584, #3933 ),
 ( #6142, #2218 ),
 ( #1640, #1161 ),
 ( #1240, #5097 ),
 ( #5516, #5665 ),
 ( #2335, #5587 ),
 ( #608, #1119 ),
 ( #2835, #3316 ),
 ( #538, #5060 ),
 ( #684, #2907 ),
 ( #2765, #574 ),
 ( #64, #2293 ),
 ( #4990, #6723 ),
 ( #7184, #4438 ),
 ( #6648, #208 ),
 ( #174, #719 ),
 ( #4082, #5200 ),
 ( #5697, #6251 ),
 ( #2408, #6864 ),
 ( #3496, #2444 ),
 ( #1348, #755 ),
 ( #1824, #1278 ),
 ( #2946, #1897 ),
 ( #4120, #4661 ),
 ( #3534, #6289 ),
 ( #1311, #6793 ),
 ( #6325, #3567 ),
 ( #5771, #4048 ),
 ( #5738, #2981 ),
 ( #793, #5168 ),
 ( #4621, #1683 ),
 ( #6522, #5358 ),
 ( #1550, #7191 ),
 ( #2225, #5966 ),
 ( #6655, #3898 ),
 ( #1127, #5562 ),
 ( #4484, #582 ),
 ( #5324, #5032 ),
 ( #37, #2263 ),
 ( #6692, #339 ),
 ( #6992, #2027 ),
 ( #4243, #4667 ),
 ( #1870, #764 ),
 ( #6260, #1209 ),
 ( #1249, #2302 ),
 ( #3504, #1904 ),
 ( #5634, #6151 ),
 ( #3432, #6838 ),
 ( #3392, #108 ),
 ( #2343, #2452 ),
 ( #5066, #3979 ),
 ( #2878, #5105 ),
 ( #5705, #5175 ),
 ( #6765, #1798 ),
 ( #2416, #4090 ),
 ( #3541, #5746 ) ),
 .UNSPECIFIED., .F., .F., .F.,
 ( 4, 1, 1, 1, 1, 1, 1, 1, 1, 1, 1, 1, 1, 1, 1, 1, 1, 1, 1, 1, 1, 1, 1, 1, 1, 1, 1, 1, 1, 1, 1, 1, 1, 1, 1, 1, 1, 1, 1, 1, 1, 1, 1, 1, 1, 1, 1, 1, 1, 1, 1, 1, 1, 1, 4 ),
 ( 2, 2 ),
 ( 0.000000000000000000, 0.006185920264467958951, 0.006201962899188617762, 0.02441097605636066703, 0.02448136905349906911, 0.05370574164729757793, 0.05388345649501025125, 0.09253774940744008415, 0.09289034474279100895, 0.1389060332195525271, 0.1395093084148929519, 0.1904437008900515815, 0.1913742588137488099, 0.2445345556009104193, 0.2458629933516659483, 0.2984579075547033611, 0.3002380933255869300, 0.3495648249652612005, 0.3518114771965039633, 0.3954646363279898935, 0.3981158618259910131, 0.4341890767744073232, 0.4370593218643058497, 0.4643545367854605699, 0.4670784500627875868, 0.4855543320873982882, 0.4874746266155715047, 0.4999999999999998890, 0.5125253733844284953, 0.5144456679126014897, 0.5329215499372124132, 0.5356454632145392081, 0.5629406781356941503, 0.5658109232255925658, 0.6018841381740089869, 0.6045353636720098844, 0.6481885228034960367, 0.6504351750347385774, 0.6997619066744129590, 0.7015420924452964169, 0.7541370066483340517, 0.7554654443990894697, 0.8086257411862511901, 0.8095562991099481964, 0.8604906915851069371, 0.8610939667804473618, 0.9071096552572089911, 0.9074622505925598048, 0.9461165435049897487, 0.9462942583527023110, 0.9755186309465008199, 0.9755890239436393330, 0.9937980371008112712, 0.9938140797355321521, 1.000000000000000000 ),
 ( 0.000000000000000000, 1.000000000000000000 ),
 .UNSPECIFIED. ) ;
#1615 = ADVANCED_FACE ( 'NONE', ( #4899, #2201 ), #446, .T. ) ;
#1616 = CARTESIAN_POINT ( 'NONE',  ( 31.92684771948880140, 41.21309918220619295, -33.83408293086011298 ) ) ;
#1617 = VECTOR ( 'NONE', #5747, 1000.000000000000114 ) ;
#1618 = CARTESIAN_POINT ( 'NONE',  ( 40.28617701406468399, 108.7025900201346502, 50.22349097781342664 ) ) ;
#1619 = CARTESIAN_POINT ( 'NONE',  ( -42.78460399787552149, 155.3921848145515128, 47.72506399400256782 ) ) ;
#1620 = CARTESIAN_POINT ( 'NONE',  ( -28.75104949436352442, 66.80701258836774059, -37.00988115598541128 ) ) ;
#1621 = CARTESIAN_POINT ( 'NONE',  ( -50.38968031787177893, 112.7299032302373121, 40.11998767400631039 ) ) ;
#1622 = CARTESIAN_POINT ( 'NONE',  ( 49.89327691669884501, 219.1586073475168917, -3.268112194702410989 ) ) ;
#1623 = ORIENTED_EDGE ( 'NONE', *, *, #1929, .F. ) ;
#1624 = ORIENTED_EDGE ( 'NONE', *, *, #6808, .F. ) ;
#1625 = CARTESIAN_POINT ( 'NONE',  ( 45.04270196158309147, 52.00000000000000000, 45.46696603029501915 ) ) ;
#1626 = CARTESIAN_POINT ( 'NONE',  ( -37.00988115598540418, 66.80701258836775480, -28.75104949436352442 ) ) ;
#1627 = CARTESIAN_POINT ( 'NONE',  ( 42.35569619307418066, 94.50000000000000000, -48.15397179880390155 ) ) ;
#1628 = CARTESIAN_POINT ( 'NONE',  ( -24.37365805196742130, 126.6764942988443892, 41.38727259838148598 ) ) ;
#1629 = CARTESIAN_POINT ( 'NONE',  ( 32.88046532517448384, 145.5000000000000000, -32.88046532517444831 ) ) ;
#1630 = CARTESIAN_POINT ( 'NONE',  ( 43.97682058470662270, 61.44371818057052792, 46.53284740717148082 ) ) ;
#1631 = CARTESIAN_POINT ( 'NONE',  ( -32.88046532517444120, 176.5866740378391739, 32.88046532517448384 ) ) ;
#1632 = CARTESIAN_POINT ( 'NONE',  ( 44.93779350453366561, 52.88466077438591384, -45.57187448734442370 ) ) ;
#1633 = CARTESIAN_POINT ( 'NONE',  ( -32.49898569560905059, 37.17140469785623225, 33.26194495473987445 ) ) ;
#1634 = CARTESIAN_POINT ( 'NONE',  ( -45.77674598141884843, 54.62836855260160718, 44.73292201045924088 ) ) ;
#1635 = CARTESIAN_POINT ( 'NONE',  ( 32.88046532517449805, 176.0000000000000000, 32.88046532517445542 ) ) ;
#1636 = ORIENTED_EDGE ( 'NONE', *, *, #2983, .F. ) ;
#1637 = DIRECTION ( 'NONE',  ( 0.000000000000000000, 0.000000000000000000, 1.000000000000000000 ) ) ;
#1638 = DIRECTION ( 'NONE',  ( -1.000000000000000000, 0.000000000000000000, 0.000000000000000000 ) ) ;
#1639 = DIRECTION ( 'NONE',  ( 0.000000000000000000, 0.000000000000000000, -1.000000000000000000 ) ) ;
#1640 = CARTESIAN_POINT ( 'NONE',  ( -33.59269824446734276, 39.48056780803436538, -32.16823240588159649 ) ) ;
#1641 = ORIENTED_EDGE ( 'NONE', *, *, #1884, .F. ) ;
#1642 = CARTESIAN_POINT ( 'NONE',  ( 108.0000000000000000, 221.3340369568884398, 0.7072749410835352801 ) ) ;
#1643 = CARTESIAN_POINT ( 'NONE',  ( -30.12822377908832649, 54.97802726448586697, -35.63270687126060210 ) ) ;
#1644 = CARTESIAN_POINT ( 'NONE',  ( 34.68057595339049470, 175.3233815820528321, -31.08035469695841968 ) ) ;
#1645 = CARTESIAN_POINT ( 'NONE',  ( -44.99031566266480553, 52.44175755770029212, -45.51935232921329799 ) ) ;
#1646 = CARTESIAN_POINT ( 'NONE',  ( 44.20390395962769503, 59.33385514974001751, -46.30576403225040849 ) ) ;
#1647 = CARTESIAN_POINT ( 'NONE',  ( 42.78460399787552859, 155.3921848145514844, 47.72506399400258204 ) ) ;
#1648 = CARTESIAN_POINT ( 'NONE',  ( -42.36324379412030794, 153.8348667856812142, 48.14642419775777427 ) ) ;
#1649 = CARTESIAN_POINT ( 'NONE',  ( -39.91996775807773901, 130.9941881811296014, -50.58970023380037162 ) ) ;
#1650 = CARTESIAN_POINT ( 'NONE',  ( -49.99870942633568660, 267.4651755866570966, 0.3634636607442721656 ) ) ;
#1651 = EDGE_CURVE ( 'NONE', #3928, #3874, #5533, .T. ) ;
#1652 = ORIENTED_EDGE ( 'NONE', *, *, #4846, .F. ) ;
#1653 = VERTEX_POINT ( 'NONE', #7026 ) ;
#1654 = CARTESIAN_POINT ( 'NONE',  ( 0.000000000000000000, 320.0000000000000000, 0.000000000000000000 ) ) ;
#1655 = CARTESIAN_POINT ( 'NONE',  ( 0.000000000000000000, 335.0000000000000000, 0.000000000000000000 ) ) ;
#1656 = ADVANCED_FACE ( 'NONE', ( #2164 ), #2927, .T. ) ;
#1657 = CARTESIAN_POINT ( 'NONE',  ( -47.00000000000000000, 162.7289639002187016, 0.4518216655316358299 ) ) ;
#1658 = B_SPLINE_CURVE_WITH_KNOTS ( 'NONE', 3,
 ( #790, #862, #895, #4829, #1895, #1487, #3707, #6321, #5364, #380, #5768, #3088, #2610, #2479, #239, #3121, #826, #5870, #5901, #4116, #3048, #2578, #5267, #6390, #4794, #2542, #3152, #3013, #1416, #5232, #4758 ),
 .UNSPECIFIED., .F., .F.,
 ( 4, 1, 1, 1, 1, 1, 1, 1, 1, 1, 1, 1, 1, 1, 1, 1, 1, 1, 1, 1, 1, 1, 1, 1, 1, 1, 1, 1, 4 ),
 ( 0.000000000000000000, 0.006201962899188698426, 0.02448136905349916972, 0.05388345649501025819, 0.09289034474279105058, 0.1395093084148930351, 0.1913742588137488654, 0.2458629933516659483, 0.3002380933255869855, 0.3518114771965040188, 0.3981158618259910686, 0.4370593218643058497, 0.4670784500627876423, 0.4874746266155715047, 0.5000000000000000000, 0.5125253733844284953, 0.5329215499372124132, 0.5629406781356941503, 0.6018841381740089869, 0.6481885228034960367, 0.6997619066744130700, 0.7541370066483340517, 0.8086257411862511901, 0.8604906915851070481, 0.9071096552572089911, 0.9461165435049897487, 0.9755186309465009309, 0.9937980371008113822, 1.000000000000000000 ),
 .UNSPECIFIED. ) ;
#1659 = CARTESIAN_POINT ( 'NONE',  ( -47.72506399400256782, 155.3921848145514844, 42.78460399787552149 ) ) ;
#1660 = CIRCLE ( 'NONE', #5264, 50.00000000000000000 ) ;
#1661 = CARTESIAN_POINT ( 'NONE',  ( 44.00000000000000000, 325.0000000000000000, -3.000000000000000000 ) ) ;
#1662 = ORIENTED_EDGE ( 'NONE', *, *, #532, .F. ) ;
#1663 = CARTESIAN_POINT ( 'NONE',  ( 37.71505118858653560, 73.51205704305368727, -28.04587946176237878 ) ) ;
#1664 = CARTESIAN_POINT ( 'NONE',  ( 46.30576403225041560, 59.33385514974001751, 44.20390395962770214 ) ) ;
#1665 = VECTOR ( 'NONE', #6786, 1000.000000000000000 ) ;
#1666 = CARTESIAN_POINT ( 'NONE',  ( 24.96626355950889931, 111.3121957717727071, -40.79466709084002218 ) ) ;
#1667 = B_SPLINE_SURFACE_WITH_KNOTS ( 'NONE', 3, 1, ( 
 ( #2527, #1506 ),
 ( #331, #3689 ),
 ( #2561, #5855 ),
 ( #397, #5884 ),
 ( #3137, #3068 ),
 ( #5785, #842 ),
 ( #5349, #808 ),
 ( #5314, #7046 ),
 ( #1433, #3028 ),
 ( #4306, #6373 ),
 ( #7013, #363 ),
 ( #4776, #5250 ),
 ( #2593, #2625 ),
 ( #4741, #3725 ),
 ( #2014, #2045 ),
 ( #4270, #945 ),
 ( #4844, #3170 ),
 ( #6512, #5282 ),
 ( #1398, #292 ),
 ( #3580, #3618 ),
 ( #5819, #3656 ),
 ( #6616, #3760 ),
 ( #3826, #3796 ),
 ( #2260, #6067 ),
 ( #3206, #5453 ),
 ( #4995, #1090 ),
 ( #3284, #3321 ),
 ( #7119, #6652 ),
 ( #4482, #5487 ),
 ( #1644, #2152 ),
 ( #580, #2114 ),
 ( #4442, #1541 ),
 ( #3861, #7083 ),
 ( #5520, #7156 ),
 ( #4923, #6026 ),
 ( #5416, #2223 ),
 ( #542, #4379 ),
 ( #2696, #32 ),
 ( #6581, #2185 ),
 ( #979, #1612 ),
 ( #2770, #1576 ),
 ( #1053, #1015 ),
 ( #2805, #6108 ),
 ( #6547, #5030 ),
 ( #4343, #3248 ),
 ( #468, #1681 ),
 ( #4959, #4408 ),
 ( #7188, #5992 ),
 ( #3895, #5955 ),
 ( #1123, #430 ),
 ( #506, #2735 ),
 ( #3355, #2664 ),
 ( #4886, #5560 ),
 ( #212, #68 ),
 ( #723, #4589 ),
 ( #2412, #1867 ),
 ( #3976, #650 ) ),
 .UNSPECIFIED., .F., .F., .F.,
 ( 4, 1, 1, 1, 1, 1, 1, 1, 1, 1, 1, 1, 1, 1, 1, 1, 1, 1, 1, 1, 1, 1, 1, 1, 1, 1, 1, 1, 1, 1, 1, 1, 1, 1, 1, 1, 1, 1, 1, 1, 1, 1, 1, 1, 1, 1, 1, 1, 1, 1, 1, 1, 1, 1, 4 ),
 ( 2, 2 ),
 ( 0.000000000000000000, 0.006185920264467958951, 0.006201962899188617762, 0.02441097605636066703, 0.02448136905349906911, 0.05370574164729757793, 0.05388345649501025125, 0.09253774940744008415, 0.09289034474279100895, 0.1389060332195525271, 0.1395093084148929519, 0.1904437008900515815, 0.1913742588137488099, 0.2445345556009104193, 0.2458629933516659483, 0.2984579075547033611, 0.3002380933255869300, 0.3495648249652612005, 0.3518114771965039633, 0.3954646363279898935, 0.3981158618259910131, 0.4341890767744073232, 0.4370593218643058497, 0.4643545367854605699, 0.4670784500627875868, 0.4855543320873982882, 0.4874746266155715047, 0.4999999999999998890, 0.5125253733844284953, 0.5144456679126014897, 0.5329215499372124132, 0.5356454632145392081, 0.5629406781356941503, 0.5658109232255925658, 0.6018841381740089869, 0.6045353636720098844, 0.6481885228034960367, 0.6504351750347385774, 0.6997619066744129590, 0.7015420924452964169, 0.7541370066483340517, 0.7554654443990894697, 0.8086257411862511901, 0.8095562991099481964, 0.8604906915851069371, 0.8610939667804473618, 0.9071096552572089911, 0.9074622505925598048, 0.9461165435049897487, 0.9462942583527023110, 0.9755186309465008199, 0.9755890239436393330, 0.9937980371008112712, 0.9938140797355321521, 1.000000000000000000 ),
 ( 0.000000000000000000, 1.000000000000000000 ),
 .UNSPECIFIED. ) ;
#1668 = EDGE_CURVE ( 'NONE', #4340, #2709, #3744, .T. ) ;
#1669 = CARTESIAN_POINT ( 'NONE',  ( -50.38968031787177893, 112.7299032302373121, 40.11998767400631039 ) ) ;
#1670 = PERSON_AND_ORGANIZATION_ROLE ( 'creator' ) ;
#1671 = CARTESIAN_POINT ( 'NONE',  ( -28.04587946176250313, 73.51205704305240829, -37.71505118858642902 ) ) ;
#1672 = CARTESIAN_POINT ( 'NONE',  ( 43.47092483188746570, 66.31954352124841989, -47.03874315999062361 ) ) ;
#1673 = EDGE_LOOP ( 'NONE', ( #6104, #5614, #4772, #4796 ) ) ;
#1674 = CARTESIAN_POINT ( 'NONE',  ( -47.45860420640314459, 156.3633846497057505, -43.05106378547496604 ) ) ;
#1675 = CARTESIAN_POINT ( 'NONE',  ( 47.03874315999061650, 66.31954352124843410, -43.47092483188747281 ) ) ;
#1676 = CARTESIAN_POINT ( 'NONE',  ( 30.53588490920113685, 51.75724116587121415, -35.22504574114778819 ) ) ;
#1677 = CARTESIAN_POINT ( 'NONE',  ( -45.46696603029501915, 52.00000000000000000, -45.04270196158309147 ) ) ;
#1678 = ORIENTED_EDGE ( 'NONE', *, *, #2521, .T. ) ;
#1679 = CARTESIAN_POINT ( 'NONE',  ( 108.0000000000000000, 197.7459818005252146, 0.9880518776675256687 ) ) ;
#1680 = DIRECTION ( 'NONE',  ( 0.000000000000000000, 0.000000000000000000, 1.000000000000000000 ) ) ;
#1681 = CARTESIAN_POINT ( 'NONE',  ( 48.76789381400745782, 85.62404022679615423, -41.74177417787063149 ) ) ;
#1682 = CARTESIAN_POINT ( 'NONE',  ( -43.97682058470661559, 61.44371818057052792, -46.53284740717148082 ) ) ;
#1683 = CARTESIAN_POINT ( 'NONE',  ( -42.36324379412032926, 153.8348667856812142, -48.14642419775778848 ) ) ;
#1684 = CARTESIAN_POINT ( 'NONE',  ( 31.08035469695842679, 175.3233815820528605, -34.68057595339048760 ) ) ;
#1685 = CARTESIAN_POINT ( 'NONE',  ( 44.78285603231767453, 54.19120085711175960, -45.72681195956041478 ) ) ;
#1686 = CARTESIAN_POINT ( 'NONE',  ( 45.46696603029501915, 52.00000000000000000, 45.04270196158309147 ) ) ;
#1687 = B_SPLINE_CURVE_WITH_KNOTS ( 'NONE', 3,
 ( #2184, #5063, #4515, #6726 ),
 .UNSPECIFIED., .F., .F.,
 ( 4, 4 ),
 ( 0.002524964209716088447, 0.003124964209716103898 ),
 .UNSPECIFIED. ) ;
#1688 = CARTESIAN_POINT ( 'NONE',  ( 43.97682058470662270, 61.44371818057052792, 46.53284740717148082 ) ) ;
#1689 = CARTESIAN_POINT ( 'NONE',  ( -40.33924585287350340, 140.4589426390626556, 50.17042213900458592 ) ) ;
#1690 = CARTESIAN_POINT ( 'NONE',  ( 50.00020022165055877, 161.3771410853478585, 0.08169497157947117061 ) ) ;
#1691 = CARTESIAN_POINT ( 'NONE',  ( 40.21452035317271623, 164.2458856828391731, -29.71275661871343132 ) ) ;
#1692 = DESIGN_CONTEXT ( 'detailed design', #4591, 'design' ) ;
#1693 = ORIENTED_EDGE ( 'NONE', *, *, #1969, .F. ) ;
#1694 = VERTEX_POINT ( 'NONE', #1330 ) ;
#1695 = CARTESIAN_POINT ( 'NONE',  ( 84.99999999999998579, 212.0000000000000000, 0.000000000000000000 ) ) ;
#1696 = EDGE_CURVE ( 'NONE', #4418, #6412, #1441, .T. ) ;
#1697 = CARTESIAN_POINT ( 'NONE',  ( -39.91748297430894610, 120.2343318316846279, -50.59218501756916453 ) ) ;
#1698 = CARTESIAN_POINT ( 'NONE',  ( 35.25587864481383349, 174.5039055581198966, 31.08250375579040892 ) ) ;
#1699 = CARTESIAN_POINT ( 'NONE',  ( -46.99561851544654445, 211.1611912024371236, 0.6462515316770567342 ) ) ;
#1700 = CARTESIAN_POINT ( 'NONE',  ( 108.0000000000000000, 188.0000000000000000, 0.1499999999999999944 ) ) ;
#1701 = CARTESIAN_POINT ( 'NONE',  ( 37.25277915899236092, 171.2031378497270282, 28.50815149135656767 ) ) ;
#1702 = CARTESIAN_POINT ( 'NONE',  ( 31.92684771948880851, 41.21309918220618584, 33.83408293086011298 ) ) ;
#1703 = EDGE_CURVE ( 'NONE', #1653, #5888, #4914, .T. ) ;
#1704 = CARTESIAN_POINT ( 'NONE',  ( 44.93779350453366561, 52.88466077438591384, -45.57187448734442370 ) ) ;
#1705 = CARTESIAN_POINT ( 'NONE',  ( 40.65331820325018697, 153.6225640485287443, -25.10761244709872742 ) ) ;
#1706 = CARTESIAN_POINT ( 'NONE',  ( -38.43390449649705687, 80.61020279584469961, 27.32702615385185752 ) ) ;
#1707 = APPROVAL_STATUS ( 'not_yet_approved' ) ;
#1708 = CARTESIAN_POINT ( 'NONE',  ( -84.99999999999998579, 212.0000000000000000, -1.050000000000000044 ) ) ;
#1709 = CARTESIAN_POINT ( 'NONE',  ( 44.73292201045922667, 54.62836855260160718, -45.77674598141885554 ) ) ;
#1710 = ORIENTED_EDGE ( 'NONE', *, *, #3532, .T. ) ;
#1711 = CARTESIAN_POINT ( 'NONE',  ( -50.54757796528364366, 116.5874508295665777, -39.96209002659446696 ) ) ;
#1712 = DIRECTION ( 'NONE',  ( -0.000000000000000000, 1.000000000000000000, -0.000000000000000000 ) ) ;
#1713 = CARTESIAN_POINT ( 'NONE',  ( -33.09259735953043702, 35.99999999999999289, -32.66833329081850223 ) ) ;
#1714 = ORIENTED_EDGE ( 'NONE', *, *, #1524, .F. ) ;
#1715 = CARTESIAN_POINT ( 'NONE',  ( -30.09056553259032185, 165.4343660277709489, -39.93261097208056754 ) ) ;
#1716 = CARTESIAN_POINT ( 'NONE',  ( -32.66833329081850223, 36.00000000000000000, -33.09259735953043702 ) ) ;
#1717 = CARTESIAN_POINT ( 'NONE',  ( -46.98823194100206990, 212.1370599529851120, 1.049999999999884359 ) ) ;
#1718 = CARTESIAN_POINT ( 'NONE',  ( -32.16823240588158228, 39.48056780803440091, -33.59269824446734987 ) ) ;
#1719 = AXIS2_PLACEMENT_3D ( 'NONE', #4785, #3181, #4278 ) ;
#1720 = CARTESIAN_POINT ( 'NONE',  ( 40.28617701406466978, 108.7025900201346644, -50.22349097781341243 ) ) ;
#1721 = CARTESIAN_POINT ( 'NONE',  ( 50.68940747672287728, 127.6151589264297428, -39.82026051515521203 ) ) ;
#1722 = CARTESIAN_POINT ( 'NONE',  ( 37.49320649782439574, 71.28898199371604960, 28.26772415252454351 ) ) ;
#1723 = CIRCLE ( 'NONE', #5091, 153.2499806421508879 ) ;
#1724 = CARTESIAN_POINT ( 'NONE',  ( -41.45303252024854146, 89.40149471062302666, 49.05663547162955496 ) ) ;
#1725 = CARTESIAN_POINT ( 'NONE',  ( -41.74177417787063860, 85.62404022679615423, -48.76789381400747203 ) ) ;
#1726 = VERTEX_POINT ( 'NONE', #2429 ) ;
#1727 = CIRCLE ( 'NONE', #4865, 46.99996213765929554 ) ;
#1728 = ORIENTED_EDGE ( 'NONE', *, *, #2897, .T. ) ;
#1729 = FACE_OUTER_BOUND ( 'NONE', #4499, .T. ) ;
#1730 = CARTESIAN_POINT ( 'NONE',  ( -49.31902728797152236, 148.1781441586250878, -41.19064070390658827 ) ) ;
#1731 = CARTESIAN_POINT ( 'NONE',  ( 108.0000000000000000, 188.0000000000000000, 0.1499999999999999944 ) ) ;
#1732 = CARTESIAN_POINT ( 'NONE',  ( -46.99996472437832296, 210.9498842135824361, -0.1375882683655855476 ) ) ;
#1733 = AXIS2_PLACEMENT_3D ( 'NONE', #6257, #1283, #2913 ) ;
#1734 = CARTESIAN_POINT ( 'NONE',  ( -45.57187448734442370, 52.88466077438591384, 44.93779350453365851 ) ) ;
#1735 = CARTESIAN_POINT ( 'NONE',  ( 45.51935232921329799, 52.44175755770029923, 44.99031566266481263 ) ) ;
#1736 = ORIENTED_EDGE ( 'NONE', *, *, #3122, .F. ) ;
#1737 = LINE ( 'NONE', #2861, #4106 ) ;
#1738 = CARTESIAN_POINT ( 'NONE',  ( -36.46736499287371203, 173.1609393494194364, 29.29356565747520236 ) ) ;
#1739 = CARTESIAN_POINT ( 'NONE',  ( -43.97682058470661559, 61.44371818057052792, -46.53284740717148082 ) ) ;
#1740 = CARTESIAN_POINT ( 'NONE',  ( 43.97682058470661559, 61.44371818057052792, -46.53284740717148082 ) ) ;
#1741 = CARTESIAN_POINT ( 'NONE',  ( 40.01567615761507568, 134.5090890707682831, -50.49399183426302073 ) ) ;
#1742 = CARTESIAN_POINT ( 'NONE',  ( -49.58005470913413149, 96.97051065983893636, 40.92961328274396493 ) ) ;
#1743 = CARTESIAN_POINT ( 'NONE',  ( 32.32732609223439368, 60.02193514452952883, 38.15377554675346516 ) ) ;
#1745 = EDGE_CURVE ( 'NONE', #757, #2923, #4345, .T. ) ;
#1744 = ORIENTED_EDGE ( 'NONE', *, *, #5169, .T. ) ;
#1746 = CARTESIAN_POINT ( 'NONE',  ( 33.59269824446733566, 39.48056780803440091, -32.16823240588158228 ) ) ;
#1747 = EDGE_CURVE ( 'NONE', #2162, #3281, #5456, .T. ) ;
#1748 = B_SPLINE_CURVE_WITH_KNOTS ( 'NONE', 3,
 ( #5664, #4547, #6211, #683, #6755 ),
 .UNSPECIFIED., .F., .F.,
 ( 4, 1, 4 ),
 ( 0.02471769840525942299, 0.05370574164729763345, 0.05626039372446038633 ),
 .UNSPECIFIED. ) ;
#1749 = CARTESIAN_POINT ( 'NONE',  ( 35.63270687126059499, 54.97802726448586697, -30.12822377908831939 ) ) ;
#1750 = DIRECTION ( 'NONE',  ( 0.4771338767340425058, 0.7380288120022735487, -0.4771338767340425613 ) ) ;
#1751 = ORIENTED_EDGE ( 'NONE', *, *, #6595, .F. ) ;
#1752 = CARTESIAN_POINT ( 'NONE',  ( 47.00000000000000000, 160.0000000000000000, 0.2500000000000000000 ) ) ;
#1753 = CARTESIAN_POINT ( 'NONE',  ( -31.69400693055773743, 65.05334878492584494, -38.67929575223219274 ) ) ;
#1754 = DIRECTION ( 'NONE',  ( 1.000000000000000000, 0.000000000000000000, 0.000000000000000000 ) ) ;
#1755 = CARTESIAN_POINT ( 'NONE',  ( 33.29205724559754742, 42.66503589154218901, -32.46887340475138473 ) ) ;
#1756 = ADVANCED_FACE ( 'NONE', ( #1951 ), #4171, .T. ) ;
#1757 = CARTESIAN_POINT ( 'NONE',  ( 46.98823194100194200, 211.9999999999994316, -1.050000000005465450 ) ) ;
#1758 = CARTESIAN_POINT ( 'NONE',  ( 32.58376914801012703, 36.58494384897174712, 33.17716150233881223 ) ) ;
#1759 = CARTESIAN_POINT ( 'NONE',  ( -33.83408293086010588, 41.21309918220618584, 31.92684771948880140 ) ) ;
#1760 = EDGE_CURVE ( 'NONE', #4910, #7069, #298, .T. ) ;
#1761 = CARTESIAN_POINT ( 'NONE',  ( 40.79466709084000797, 111.3121957717727071, -24.96626355950890641 ) ) ;
#1762 = CARTESIAN_POINT ( 'NONE',  ( -84.99999999999998579, 212.0000000000000000, 0.000000000000000000 ) ) ;
#1763 = CARTESIAN_POINT ( 'NONE',  ( -32.88046532517445542, 145.5000000000000000, -32.88046532517449805 ) ) ;
#1764 = CARTESIAN_POINT ( 'NONE',  ( -38.56258473745504034, 166.8763353538258514, 27.19834591289388115 ) ) ;
#1765 = LINE ( 'NONE', #1215, #2662 ) ;
#1766 = CARTESIAN_POINT ( 'NONE',  ( 42.05083400847065178, 110.5507506516473626, -27.05260081779372072 ) ) ;
#1767 = EDGE_LOOP ( 'NONE', ( #4439, #4913, #989, #4027 ) ) ;
#1768 = VERTEX_POINT ( 'NONE', #5858 ) ;
#1769 = CARTESIAN_POINT ( 'NONE',  ( -35.63270687126060920, 54.97802726448587407, -30.12822377908833360 ) ) ;
#1770 = CARTESIAN_POINT ( 'NONE',  ( -26.53717206652076754, 163.8347417721553256, -39.22375858382816460 ) ) ;
#1771 = CARTESIAN_POINT ( 'NONE',  ( -107.9999999999999858, 198.8312510100193720, 1.058200111551040434 ) ) ;
#1772 = CARTESIAN_POINT ( 'NONE',  ( -38.00000000000000000, 320.0000000000000000, -24.00000000000000000 ) ) ;
#1773 = CARTESIAN_POINT ( 'NONE',  ( -40.15053420550684393, 101.0166046022987985, 25.61039644484207400 ) ) ;
#1774 = CARTESIAN_POINT ( 'NONE',  ( 47.31597781508200029, 69.12979561808754170, 43.19369017679611034 ) ) ;
#1775 = ORIENTED_EDGE ( 'NONE', *, *, #5130, .T. ) ;
#1776 = CARTESIAN_POINT ( 'NONE',  ( 38.00000000000000000, 320.0000000000000000, -21.00000000000000000 ) ) ;
#1777 = LINE ( 'NONE', #164, #4925 ) ;
#1778 = CARTESIAN_POINT ( 'NONE',  ( 30.12822377908831584, 54.97802726448587407, -35.63270687126060210 ) ) ;
#1779 = CARTESIAN_POINT ( 'NONE',  ( 50.17042213900457881, 140.4589426390626556, -40.33924585287350340 ) ) ;
#1780 = AXIS2_PLACEMENT_3D ( 'NONE', #6379, #3075, #5288 ) ;
#1781 = CARTESIAN_POINT ( 'NONE',  ( -49.93783009309770193, 143.4569695494772645, 40.57183789878038738 ) ) ;
#1782 = CARTESIAN_POINT ( 'NONE',  ( -45.46696603029501915, 52.00000000000000000, -45.04270196158309147 ) ) ;
#1783 = ORIENTED_EDGE ( 'NONE', *, *, #6363, .F. ) ;
#1784 = CARTESIAN_POINT ( 'NONE',  ( 34.68057595339049470, 175.3233815820528321, -31.08035469695841968 ) ) ;
#1785 = VECTOR ( 'NONE', #271, 1000.000000000000000 ) ;
#1786 = CARTESIAN_POINT ( 'NONE',  ( -108.0000000000000000, 188.0000000000000000, -0.1499999999999999944 ) ) ;
#1787 = FACE_OUTER_BOUND ( 'NONE', #4920, .T. ) ;
#1788 = ORIENTED_EDGE ( 'NONE', *, *, #3305, .T. ) ;
#1789 = LINE ( 'NONE', #5170, #3817 ) ;
#1790 = PRODUCT_DEFINITION ( 'UNKNOWN', '', #2647, #1692 ) ;
#1791 = CARTESIAN_POINT ( 'NONE',  ( 108.0000000000000000, 202.4922469032945287, -1.278898672072648068 ) ) ;
#1792 = CARTESIAN_POINT ( 'NONE',  ( -30.02250515210873161, 57.99999999999999289, -36.16138306720321083 ) ) ;
#1793 = CARTESIAN_POINT ( 'NONE',  ( -42.32202566649797859, 78.60787726850115575, -48.18764232538013204 ) ) ;
#1794 = CIRCLE ( 'NONE', #2713, 46.97059542429539647 ) ;
#1795 = CARTESIAN_POINT ( 'NONE',  ( -49.98047694068767299, 179.1898827804714074, -1.478702751974990681 ) ) ;
#1796 = CARTESIAN_POINT ( 'NONE',  ( 44.20390395962770214, 59.33385514974001751, 46.30576403225040849 ) ) ;
#1797 = CARTESIAN_POINT ( 'NONE',  ( -41.06358789818638400, 116.6762642137271797, 24.69734275216252684 ) ) ;
#1798 = CARTESIAN_POINT ( 'NONE',  ( -44.93779350453366561, 52.88466077438589963, -45.57187448734443080 ) ) ;
#1799 = CARTESIAN_POINT ( 'NONE',  ( 40.15053420550684393, 101.0166046022987985, -25.61039644484207400 ) ) ;
#1800 = CARTESIAN_POINT ( 'NONE',  ( 34.45413194533576728, 45.76678402021402547, 31.30679870501316842 ) ) ;
#1801 = ADVANCED_FACE ( 'NONE', ( #883 ), #6001, .T. ) ;
#1802 = CARTESIAN_POINT ( 'NONE',  ( 48.18764232538012493, 78.60787726850115575, 42.32202566649797859 ) ) ;
#1803 = CARTESIAN_POINT ( 'NONE',  ( -33.09259735953043702, 35.99999999999999289, -32.66833329081850223 ) ) ;
#1804 = LINE ( 'NONE', #620, #4518 ) ;
#1805 = CARTESIAN_POINT ( 'NONE',  ( 38.15377554675346516, 60.02193514452968515, -32.32732609223437237 ) ) ;
#1806 = ORIENTED_EDGE ( 'NONE', *, *, #4693, .T. ) ;
#1807 = ORIENTED_EDGE ( 'NONE', *, *, #896, .F. ) ;
#1808 = CARTESIAN_POINT ( 'NONE',  ( -41.00000000000000000, 320.0000000000000000, -21.00000000000000000 ) ) ;
#1809 = CARTESIAN_POINT ( 'NONE',  ( -48.91202582514209496, 150.5005888525396927, -41.59764216673601567 ) ) ;
#1810 = CARTESIAN_POINT ( 'NONE',  ( 33.91444719236291405, 175.3727113013590326, 32.53986656635571961 ) ) ;
#1811 = CARTESIAN_POINT ( 'NONE',  ( -48.14642419775778137, 153.8348667856811858, 42.36324379412031504 ) ) ;
#1812 = CARTESIAN_POINT ( 'NONE',  ( 39.75138694003535278, 95.69680212022356613, 26.00954371031358647 ) ) ;
#1813 = VERTEX_POINT ( 'NONE', #4893 ) ;
#1814 = LINE ( 'NONE', #4037, #4565 ) ;
#1815 = CARTESIAN_POINT ( 'NONE',  ( 0.000000000000000000, 52.00000000000000000, 0.000000000000000000 ) ) ;
#1816 = CARTESIAN_POINT ( 'NONE',  ( 43.94697918396568781, 157.2818685057019650, -46.56268880791239440 ) ) ;
#1817 = CARTESIAN_POINT ( 'NONE',  ( 48.18764232538011782, 78.60787726850115575, -42.32202566649796438 ) ) ;
#1818 = CARTESIAN_POINT ( 'NONE',  ( -37.25277915899234671, 171.2031378497270850, 28.50815149135656412 ) ) ;
#1819 = CARTESIAN_POINT ( 'NONE',  ( 84.99999999999998579, 212.0000000000000000, 0.000000000000000000 ) ) ;
#1820 = ORIENTED_EDGE ( 'NONE', *, *, #1476, .F. ) ;
#1821 = CARTESIAN_POINT ( 'NONE',  ( 50.22349097781341243, 108.7025900201346644, -40.28617701406468399 ) ) ;
#1822 = CARTESIAN_POINT ( 'NONE',  ( 43.97682058470662270, 61.44371818057052792, 46.53284740717148082 ) ) ;
#1823 = CARTESIAN_POINT ( 'NONE',  ( -108.0000000000000000, 188.7030918747324222, -0.2216618877870081827 ) ) ;
#1824 = CARTESIAN_POINT ( 'NONE',  ( -40.24733569863605709, 157.6066838202881399, -25.51359495171287861 ) ) ;
#1825 = CARTESIAN_POINT ( 'NONE',  ( -31.88379191188692729, 169.6337938413718121, -38.51580684762058837 ) ) ;
#1826 = CARTESIAN_POINT ( 'NONE',  ( 108.0000000000000000, 189.2661038502330939, -0.2768941404019777397 ) ) ;
#1827 = CARTESIAN_POINT ( 'NONE',  ( 32.67640397024700150, 42.63100731622576944, -33.08452668010193065 ) ) ;
#1828 = CARTESIAN_POINT ( 'NONE',  ( -37.28534852059510740, 171.0681637838222002, 28.61795832013477536 ) ) ;
#1829 = CARTESIAN_POINT ( 'NONE',  ( -49.87842946264868971, 232.7110218063714626, -3.484577005832004915 ) ) ;
#1830 = CARTESIAN_POINT ( 'NONE',  ( 31.92684771948880851, 41.21309918220618584, 33.83408293086011298 ) ) ;
#1831 = CARTESIAN_POINT ( 'NONE',  ( 33.09259735953042281, 36.00000000000000000, -32.66833329081849513 ) ) ;
#1832 = CARTESIAN_POINT ( 'NONE',  ( -28.95941040735856475, 161.5572563240553166, 40.76112261812810544 ) ) ;
#1833 = CARTESIAN_POINT ( 'NONE',  ( 50.22349097781342664, 108.7025900201346644, 40.28617701406468399 ) ) ;
#1834 = CARTESIAN_POINT ( 'NONE',  ( 26.00954371031358292, 95.69680212022358035, 39.75138694003535278 ) ) ;
#1835 = CARTESIAN_POINT ( 'NONE',  ( -38.43390449649705687, 80.61020279584469961, 27.32702615385185752 ) ) ;
#1836 = CARTESIAN_POINT ( 'NONE',  ( 28.43010430976237757, 69.78879597759170395, -37.33082634058653326 ) ) ;
#1837 = CARTESIAN_POINT ( 'NONE',  ( -45.92619372941037881, 55.93620152028918824, -44.58347426246772471 ) ) ;
#1838 = EDGE_CURVE ( 'NONE', #1372, #4956, #4352, .T. ) ;
#1839 = ORIENTED_EDGE ( 'NONE', *, *, #1747, .F. ) ;
#1840 = B_SPLINE_CURVE_WITH_KNOTS ( 'NONE', 3,
 ( #1786, #2906, #1823, #4047, #2546, #4760, #5802, #1490, #2480, #828, #3053, #3566, #6967, #6461, #932, #4219, #4726, #4152, #7002, #7033, #4293, #1931, #383, #4188, #6355, #5770, #5269, #4254, #792, #865, #3015 ),
 .UNSPECIFIED., .F., .F.,
 ( 4, 1, 1, 1, 1, 1, 1, 1, 1, 1, 1, 1, 1, 1, 1, 1, 1, 1, 1, 1, 1, 1, 1, 1, 1, 1, 1, 1, 4 ),
 ( 0.000000000000000000, 0.006232979306320806864, 0.02461339579161693492, 0.05420483296167832865, 0.09350669060714099368, 0.1405342250060607479, 0.1929186024039734881, 0.2480252474747844382, 0.3030897219878512239, 0.3553669908744937489, 0.4022832416398304245, 0.4415771578883115334, 0.4714347921258625895, 0.4907041958757833999, 0.5000000000000000000, 0.5092958041242166001, 0.5285652078741374105, 0.5584228421116885777, 0.5977167583601695755, 0.6446330091255062511, 0.6969102780121487761, 0.7519747525252156173, 0.8070813975960264841, 0.8594657749939392799, 0.9064933093928589924, 0.9457951670383216713, 0.9753866042083830790, 0.9937670206936791706, 1.000000000000000000 ),
 .UNSPECIFIED. ) ;
#1841 = VECTOR ( 'NONE', #3092, 1000.000000000000000 ) ;
#1842 = ORIENTED_EDGE ( 'NONE', *, *, #6322, .F. ) ;
#1843 = CARTESIAN_POINT ( 'NONE',  ( -46.30576403225040849, 59.33385514974001751, -44.20390395962770214 ) ) ;
#1844 = CARTESIAN_POINT ( 'NONE',  ( -50.64418028391641968, 124.0985968565961315, -39.86548770796169094 ) ) ;
#1845 = CARTESIAN_POINT ( 'NONE',  ( -47.00000000000000000, 245.7159877520656437, -3.467667383507734957 ) ) ;
#1846 = LINE ( 'NONE', #2822, #495 ) ;
#1847 = CARTESIAN_POINT ( 'NONE',  ( 29.29356565747520946, 173.1609393494194364, 36.46736499287372624 ) ) ;
#1848 = CARTESIAN_POINT ( 'NONE',  ( 49.99956292605275365, 267.5775568373370561, 0.2167406230759867936 ) ) ;
#1849 = B_SPLINE_CURVE_WITH_KNOTS ( 'NONE', 3,
 ( #4561, #3105, #6911, #4233 ),
 .UNSPECIFIED., .F., .F.,
 ( 4, 4 ),
 ( 0.000000000000000000, 0.01571456849098223918 ),
 .UNSPECIFIED. ) ;
#1850 = CIRCLE ( 'NONE', #5887, 40.24419999999999931 ) ;
#1851 = ORIENTED_EDGE ( 'NONE', *, *, #2983, .T. ) ;
#1852 = DIRECTION ( 'NONE',  ( -0.7071067811865477948, -0.000000000000000000, -0.7071067811865473507 ) ) ;
#1853 = LINE ( 'NONE', #4039, #1665 ) ;
#1854 = CARTESIAN_POINT ( 'NONE',  ( 41.59764216673600146, 150.5005888525396927, -48.91202582514208075 ) ) ;
#1855 = CARTESIAN_POINT ( 'NONE',  ( 34.81447876247081297, 48.51213425699022963, -30.94645188787810497 ) ) ;
#1856 = VECTOR ( 'NONE', #4723, 1000.000000000000114 ) ;
#1857 = CARTESIAN_POINT ( 'NONE',  ( -49.05663547162955496, 89.40149471062304087, -41.45303252024855567 ) ) ;
#1858 = CYLINDRICAL_SURFACE ( 'NONE', #5549, 46.99996213765929554 ) ;
#1859 = ORIENTED_EDGE ( 'NONE', *, *, #399, .F. ) ;
#1860 = CARTESIAN_POINT ( 'NONE',  ( 40.15053420550684393, 101.0166046022987985, -25.61039644484207400 ) ) ;
#1861 = CARTESIAN_POINT ( 'NONE',  ( -29.29356565747519170, 173.1609393494194080, 36.46736499287372624 ) ) ;
#1862 = DIRECTION ( 'NONE',  ( -0.000000000000000000, 1.000000000000000000, -0.000000000000000000 ) ) ;
#1863 = CARTESIAN_POINT ( 'NONE',  ( 0.000000000000000000, 145.5000000000000000, 0.000000000000000000 ) ) ;
#1864 = ORIENTED_EDGE ( 'NONE', *, *, #3799, .T. ) ;
#1865 = CARTESIAN_POINT ( 'NONE',  ( -34.79250474473221288, 172.3257622397510715, -35.91078380664988856 ) ) ;
#1866 = CARTESIAN_POINT ( 'NONE',  ( 47.00000000000000000, 174.8707557546558462, -1.273156625868755221 ) ) ;
#1867 = CARTESIAN_POINT ( 'NONE',  ( 45.51935232921328378, 52.44175755770029212, -44.99031566266479842 ) ) ;
#1868 = CARTESIAN_POINT ( 'NONE',  ( -42.35569619307419487, 94.50000000000000000, 48.15397179880388734 ) ) ;
#1869 = PLANE ( 'NONE',  #1733 ) ;
#1870 = CARTESIAN_POINT ( 'NONE',  ( -26.00954371031358647, 95.69680212022358035, -39.75138694003535278 ) ) ;
#1871 = CARTESIAN_POINT ( 'NONE',  ( 41.36857510098818125, 141.0186408901463722, -24.39235554936074024 ) ) ;
#1872 = CARTESIAN_POINT ( 'NONE',  ( -32.90234388851732916, 170.9903000646214934, 37.64972211469364538 ) ) ;
#1873 = CARTESIAN_POINT ( 'NONE',  ( 45.51935232921329799, 52.44175755770029923, 44.99031566266481263 ) ) ;
#1874 = CARTESIAN_POINT ( 'NONE',  ( -33.26194495473987445, 37.17140469785621093, -32.49898569560906481 ) ) ;
#1875 = LINE ( 'NONE', #4062, #6131 ) ;
#1876 = CARTESIAN_POINT ( 'NONE',  ( 30.59992134143586284, 166.9004939135840289, -39.54399360121814055 ) ) ;
#1877 = ORIENTED_EDGE ( 'NONE', *, *, #6405, .F. ) ;
#1878 = AXIS2_PLACEMENT_3D ( 'NONE', #5408, #2556, #1568 ) ;
#1879 = ORIENTED_EDGE ( 'NONE', *, *, #4544, .F. ) ;
#1880 = CARTESIAN_POINT ( 'NONE',  ( 0.000000000000000000, 55.00000568419856961, -106.2500185044916066 ) ) ;
#1881 = CARTESIAN_POINT ( 'NONE',  ( -32.49898569560905770, 37.17140469785623935, -33.26194495473988155 ) ) ;
#1882 = CARTESIAN_POINT ( 'NONE',  ( -108.0000000000000000, 214.5964125124564816, -1.494343917309273406 ) ) ;
#1883 = CARTESIAN_POINT ( 'NONE',  ( -26.53717206652075689, 163.8347417721553256, 39.22375858382815750 ) ) ;
#1884 = EDGE_CURVE ( 'NONE', #209, #922, #4174, .T. ) ;
#1885 = CARTESIAN_POINT ( 'NONE',  ( 49.99967341390733111, 267.5929066380649601, -0.1927366362296401014 ) ) ;
#1886 = VERTEX_POINT ( 'NONE', #2704 ) ;
#1887 = DIRECTION ( 'NONE',  ( 1.000000000000000000, -0.000000000000000000, 0.000000000000000000 ) ) ;
#1888 = CARTESIAN_POINT ( 'NONE',  ( -49.99939933985896090, 161.3767734674762266, -0.2450829519018705716 ) ) ;
#1889 = EDGE_CURVE ( 'NONE', #5938, #2257, #6055, .T. ) ;
#1890 = CARTESIAN_POINT ( 'NONE',  ( 37.25277915899235381, 171.2031378497270566, -28.50815149135656767 ) ) ;
#1891 = CARTESIAN_POINT ( 'NONE',  ( -38.00000000000000000, 320.0000000000000000, -24.00000000000000000 ) ) ;
#1892 = DIRECTION ( 'NONE',  ( -0.7071067811865474617, 0.000000000000000000, -0.7071067811865474617 ) ) ;
#1893 = CARTESIAN_POINT ( 'NONE',  ( 36.75370899143871384, 171.8733151468601932, 33.90048142760274885 ) ) ;
#1894 = ORIENTED_EDGE ( 'NONE', *, *, #718, .T. ) ;
#1895 = CARTESIAN_POINT ( 'NONE',  ( 46.83469415941800662, 64.24886354028815560, 43.67497383246009690 ) ) ;
#1896 = EDGE_CURVE ( 'NONE', #6531, #4009, #6508, .T. ) ;
#1897 = CARTESIAN_POINT ( 'NONE',  ( -49.31902728797152236, 148.1781441586250878, -41.19064070390658827 ) ) ;
#1898 = ORIENTED_EDGE ( 'NONE', *, *, #3662, .F. ) ;
#1899 = CARTESIAN_POINT ( 'NONE',  ( -40.05907280636171208, 79.96170033942061650, -29.92843488487883619 ) ) ;
#1900 = CARTESIAN_POINT ( 'NONE',  ( 107.9999999999999858, 220.7712470389694204, 0.8099658592145441149 ) ) ;
#1901 = CARTESIAN_POINT ( 'NONE',  ( -25.51359495171286085, 157.6066838202880831, 40.24733569863604998 ) ) ;
#1902 = CARTESIAN_POINT ( 'NONE',  ( -35.88229713838135382, 173.7877746191155097, 30.35687700220149665 ) ) ;
#1903 = CARTESIAN_POINT ( 'NONE',  ( -49.97013309399908110, 264.4300821822941998, -1.734566819573112761 ) ) ;
#1904 = CARTESIAN_POINT ( 'NONE',  ( -42.32202566649797859, 78.60787726850115575, -48.18764232538013204 ) ) ;
#1905 = CARTESIAN_POINT ( 'NONE',  ( 37.25277915899235381, 171.2031378497270566, -28.50815149135656767 ) ) ;
#1906 = CARTESIAN_POINT ( 'NONE',  ( -37.63774848786770377, 171.0050973860333272, 32.91604603025970732 ) ) ;
#1907 = CARTESIAN_POINT ( 'NONE',  ( 27.19834591289387049, 166.8763353538258514, -38.56258473745504745 ) ) ;
#1908 = CIRCLE ( 'NONE', #5489, 156.2500000000000000 ) ;
#1909 = CARTESIAN_POINT ( 'NONE',  ( 25.61039644484207756, 101.0166046022987985, 40.15053420550685814 ) ) ;
#1910 = CARTESIAN_POINT ( 'NONE',  ( -46.53284740717146661, 61.44371818057052792, 43.97682058470661559 ) ) ;
#1911 = CARTESIAN_POINT ( 'NONE',  ( 31.68079750501921765, 43.01938834715467408, 34.08013314532970384 ) ) ;
#1912 = CARTESIAN_POINT ( 'NONE',  ( 32.90234388850670655, 170.9903000646099827, -37.64972211470291796 ) ) ;
#1913 = VERTEX_POINT ( 'NONE', #6685 ) ;
#1914 = VERTEX_POINT ( 'NONE', #2180 ) ;
#1915 = CARTESIAN_POINT ( 'NONE',  ( -24.29434890298208316, 131.8280114082709815, -41.46658174736685964 ) ) ;
#1916 = CARTESIAN_POINT ( 'NONE',  ( 46.98886408183592067, 211.7250867810285229, 1.022679479307043060 ) ) ;
#1917 = CARTESIAN_POINT ( 'NONE',  ( -47.00000000000000000, 194.9311061388172561, -2.395508128715534202 ) ) ;
#1918 = CARTESIAN_POINT ( 'NONE',  ( -43.19369017679609613, 69.12979561808754170, 47.31597781508198608 ) ) ;
#1919 = CARTESIAN_POINT ( 'NONE',  ( 49.89299158671180834, 219.3211832684615672, 3.272449769041413159 ) ) ;
#1920 = CARTESIAN_POINT ( 'NONE',  ( 40.57183789878039448, 143.4569695494772645, 49.93783009309771614 ) ) ;
#1921 = VERTEX_POINT ( 'NONE', #7115 ) ;
#1922 = CARTESIAN_POINT ( 'NONE',  ( -44.73292201045923377, 54.62836855260158586, 45.77674598141885554 ) ) ;
#1923 = CARTESIAN_POINT ( 'NONE',  ( -29.77058358522447534, 58.00000011627446383, 35.99034706512443904 ) ) ;
#1924 = CARTESIAN_POINT ( 'NONE',  ( 41.06358789818639821, 116.6762642137271513, 24.69734275216253749 ) ) ;
#1925 = CARTESIAN_POINT ( 'NONE',  ( 0.000000000000000000, 57.99999999999999289, 0.000000000000000000 ) ) ;
#1926 = CARTESIAN_POINT ( 'NONE',  ( 38.25277611542087186, 170.1142467439746611, 32.19888822754870716 ) ) ;
#1927 = ORIENTED_EDGE ( 'NONE', *, *, #2341, .F. ) ;
#1928 = PLANE ( 'NONE',  #5217 ) ;
#1929 = EDGE_CURVE ( 'NONE', #5679, #5550, #5365, .T. ) ;
#1930 = B_SPLINE_CURVE_WITH_KNOTS ( 'NONE', 3,
 ( #4653, #3043, #4688, #3560, #2576, #892, #234 ),
 .UNSPECIFIED., .F., .F.,
 ( 4, 1, 1, 1, 4 ),
 ( 0.4666068527276130418, 0.4855543320873984547, 0.5000000000000001110, 0.5144456679126017118, 0.5333931472725562672 ),
 .UNSPECIFIED. ) ;
#1931 = CARTESIAN_POINT ( 'NONE',  ( -108.0000000000000000, 208.7190203635718149, 1.531725937652306024 ) ) ;
#1932 = ORIENTED_EDGE ( 'NONE', *, *, #5380, .T. ) ;
#1933 = CARTESIAN_POINT ( 'NONE',  ( 28.61795832013484997, 171.0681637838224560, 37.28534852059502924 ) ) ;
#1934 = CARTESIAN_POINT ( 'NONE',  ( -38.11112295581877873, 170.3459842883428621, -32.36658742416143753 ) ) ;
#1935 = CARTESIAN_POINT ( 'NONE',  ( 47.00000000000000000, 164.0860123415720579, -0.5490809186924493490 ) ) ;
#1936 = CARTESIAN_POINT ( 'NONE',  ( -39.91748297430892478, 120.2343318316846421, 50.59218501756915742 ) ) ;
#1937 = DIRECTION ( 'NONE',  ( 0.000000000000000000, 0.000000000000000000, 1.000000000000000000 ) ) ;
#1938 = CYLINDRICAL_SURFACE ( 'NONE', #6376, 1.800000000000000266 ) ;
#1939 = CARTESIAN_POINT ( 'NONE',  ( -41.36857510098817414, 141.0186408901463437, 24.39235554936074024 ) ) ;
#1940 = DIRECTION ( 'NONE',  ( 1.000000000000000000, 0.000000000000000000, 0.000000000000000000 ) ) ;
#1941 = CARTESIAN_POINT ( 'NONE',  ( -28.75104949436351376, 66.80701258836774059, 37.00988115598539707 ) ) ;
#1942 = CARTESIAN_POINT ( 'NONE',  ( -39.78278296250547896, 166.0223565838193736, 30.28861713264172550 ) ) ;
#1943 = CARTESIAN_POINT ( 'NONE',  ( -34.56082353836158205, 175.0649071256262630, -31.85388218792922643 ) ) ;
#1944 = CARTESIAN_POINT ( 'NONE',  ( 45.25483399593905176, 158.6226686892998146, 45.25483399593905176 ) ) ;
#1945 = CARTESIAN_POINT ( 'NONE',  ( -45.51935232921328378, 52.44175755770030634, 44.99031566266479842 ) ) ;
#1946 = CARTESIAN_POINT ( 'NONE',  ( -29.77058309641641287, 57.99999999999999289, -35.99034755393252283 ) ) ;
#1947 = CARTESIAN_POINT ( 'NONE',  ( 32.98532786528268446, 54.99999999999999289, -37.57616459432502865 ) ) ;
#1948 = VERTEX_POINT ( 'NONE', #2729 ) ;
#1949 = EDGE_CURVE ( 'NONE', #4099, #1178, #165, .T. ) ;
#1950 = CARTESIAN_POINT ( 'NONE',  ( -38.56258473745505455, 166.8763353538258514, -27.19834591289388470 ) ) ;
#1951 = FACE_OUTER_BOUND ( 'NONE', #774, .T. ) ;
#1952 = CARTESIAN_POINT ( 'NONE',  ( -47.00000000000000000, 269.1626897086180179, 0.8761597236124090138 ) ) ;
#1953 = FACE_OUTER_BOUND ( 'NONE', #6682, .T. ) ;
#1954 = CARTESIAN_POINT ( 'NONE',  ( 49.92838439272775020, 256.9832948508730510, -2.678361751738738583 ) ) ;
#1955 = ORIENTED_EDGE ( 'NONE', *, *, #3032, .F. ) ;
#1956 = CARTESIAN_POINT ( 'NONE',  ( 39.91996775807773901, 130.9941881811295445, 50.58970023380037162 ) ) ;
#1957 = CARTESIAN_POINT ( 'NONE',  ( 49.05663547162955496, 89.40149471062302666, 41.45303252024855567 ) ) ;
#1958 = CARTESIAN_POINT ( 'NONE',  ( 45.57187448734442370, 52.88466077438589963, -44.93779350453366561 ) ) ;
#1959 = DIRECTION ( 'NONE',  ( 0.7071067811865477948, 0.000000000000000000, 0.7071067811865473507 ) ) ;
#1960 = ADVANCED_FACE ( 'NONE', ( #5515 ), #1073, .T. ) ;
#1961 = CARTESIAN_POINT ( 'NONE',  ( 42.25155410946604917, 146.6058843461813126, 26.73605438546285384 ) ) ;
#1962 = DIRECTION ( 'NONE',  ( -0.000000000000000000, -1.000000000000000000, -0.000000000000000000 ) ) ;
#1963 = LINE ( 'NONE', #3564, #2190 ) ;
#1964 = DIRECTION ( 'NONE',  ( -0.7071067811865474617, 0.000000000000000000, -0.7071067811865474617 ) ) ;
#1965 = CARTESIAN_POINT ( 'NONE',  ( 50.38968031787179314, 112.7299032302373263, 40.11998767400631749 ) ) ;
#1966 = ORIENTED_EDGE ( 'NONE', *, *, #1889, .T. ) ;
#1967 = VECTOR ( 'NONE', #1085, 1000.000000000000000 ) ;
#1968 = CARTESIAN_POINT ( 'NONE',  ( -34.94075078326840611, 38.38965361115112529, 34.51648671455648554 ) ) ;
#1969 = EDGE_CURVE ( 'NONE', #6775, #2923, #1908, .T. ) ;
#1970 = CARTESIAN_POINT ( 'NONE',  ( 33.36570883847551272, 175.4862839454900438, 33.10233586290058128 ) ) ;
#1971 = CARTESIAN_POINT ( 'NONE',  ( 0.000000000000000000, 52.00000000000000000, -36.00000000000000000 ) ) ;
#1972 = CARTESIAN_POINT ( 'NONE',  ( 47.00000000000000000, 245.7159877520656437, 3.467667383507734069 ) ) ;
#1973 = CARTESIAN_POINT ( 'NONE',  ( -43.19369017679609613, 69.12979561808754170, 47.31597781508198608 ) ) ;
#1974 = CARTESIAN_POINT ( 'NONE',  ( -32.88046532517445542, 176.0000000000000000, -32.88046532517449805 ) ) ;
#1975 = EDGE_CURVE ( 'NONE', #647, #1120, #3790, .T. ) ;
#1976 = CARTESIAN_POINT ( 'NONE',  ( -35.45918685583340135, 52.00000000000000000, -30.80394296248341135 ) ) ;
#1977 = CARTESIAN_POINT ( 'NONE',  ( -32.98532786528267735, 54.99999999999999289, 37.57616459432502865 ) ) ;
#1978 = CARTESIAN_POINT ( 'NONE',  ( 31.08035469695842679, 175.3233815820528605, -34.68057595339048760 ) ) ;
#1979 = CARTESIAN_POINT ( 'NONE',  ( -29.13063671876258098, 172.0413855346515959, -36.88427203083097083 ) ) ;
#1980 = ADVANCED_FACE ( 'NONE', ( #27 ), #2255, .T. ) ;
#1981 = CARTESIAN_POINT ( 'NONE',  ( 43.97682058470662270, 61.44371818057052792, 46.53284740717148082 ) ) ;
#1982 = CARTESIAN_POINT ( 'NONE',  ( -24.39235554936074735, 141.0186408901463722, -41.36857510098818835 ) ) ;
#1983 = DIRECTION ( 'NONE',  ( 0.000000000000000000, 1.000000000000000000, 0.000000000000000000 ) ) ;
#1984 = CARTESIAN_POINT ( 'NONE',  ( -45.77674598141886975, 54.62836855260160718, -44.73292201045924088 ) ) ;
#1985 = EDGE_LOOP ( 'NONE', ( #4725, #625, #1258, #5184 ) ) ;
#1986 = EDGE_CURVE ( 'NONE', #2042, #5026, #3306, .T. ) ;
#1987 = CARTESIAN_POINT ( 'NONE',  ( -50.17042213900460013, 140.4589426390626272, -40.33924585287351761 ) ) ;
#1988 = CARTESIAN_POINT ( 'NONE',  ( 39.27978169491272098, 44.00000000000000000, 38.85551762620079330 ) ) ;
#1989 = CARTESIAN_POINT ( 'NONE',  ( -108.0000000000000000, 216.5326798399412382, 1.397826202467195467 ) ) ;
#1990 = CARTESIAN_POINT ( 'NONE',  ( -40.92961328274395072, 96.97051065983893636, 49.58005470913413149 ) ) ;
#1991 = CARTESIAN_POINT ( 'NONE',  ( 49.88547651274106443, 243.6474928674390981, -3.382432060712637689 ) ) ;
#1992 = CARTESIAN_POINT ( 'NONE',  ( 28.75104949436352442, 66.80701258836775480, 37.00988115598541128 ) ) ;
#1993 = CARTESIAN_POINT ( 'NONE',  ( 39.75138694003535278, 95.69680212022356613, 26.00954371031358647 ) ) ;
#1994 = FACE_OUTER_BOUND ( 'NONE', #4896, .T. ) ;
#1995 = CARTESIAN_POINT ( 'NONE',  ( 34.44736847863527629, 45.71524904810724621, -31.31356217171364520 ) ) ;
#1996 = CARTESIAN_POINT ( 'NONE',  ( 38.67037218050477065, 64.96805734563794488, 31.70475716768725860 ) ) ;
#1997 = CARTESIAN_POINT ( 'NONE',  ( 45.51935232921329799, 52.44175755770029923, 44.99031566266481263 ) ) ;
#1998 = CARTESIAN_POINT ( 'NONE',  ( 33.09259735953042281, 36.00000000000000000, -32.66833329081849513 ) ) ;
#1999 = CARTESIAN_POINT ( 'NONE',  ( -36.16138306720322504, 57.99999999999999289, -30.02250515210871740 ) ) ;
#2000 = CARTESIAN_POINT ( 'NONE',  ( -38.64485246353704184, 169.3695786487783437, -31.72710345030998269 ) ) ;
#2001 = CARTESIAN_POINT ( 'NONE',  ( 108.0000000000000142, 216.5326798399412382, 1.397826202467195467 ) ) ;
#2002 = CARTESIAN_POINT ( 'NONE',  ( -45.04270196158307726, 52.00000000000000000, 45.46696603029501205 ) ) ;
#2003 = DIRECTION ( 'NONE',  ( 0.000000000000000000, 0.000000000000000000, 1.000000000000000000 ) ) ;
#2004 = CARTESIAN_POINT ( 'NONE',  ( -49.92108712948631677, 205.8131284285745153, 2.814950352195107808 ) ) ;
#2005 = B_SPLINE_CURVE_WITH_KNOTS ( 'NONE', 3,
 ( #6620, #5000, #3252, #5459 ),
 .UNSPECIFIED., .F., .F.,
 ( 4, 4 ),
 ( 0.01747249955573672645, 0.01777699149090818803 ),
 .UNSPECIFIED. ) ;
#2006 = AXIS2_PLACEMENT_3D ( 'NONE', #5540, #564, #3413 ) ;
#2007 = CARTESIAN_POINT ( 'NONE',  ( -36.16138306720322504, 57.99999999999999289, -30.02250515210871740 ) ) ;
#2008 = CARTESIAN_POINT ( 'NONE',  ( -40.28617701406467688, 108.7025900201346644, 50.22349097781341243 ) ) ;
#2009 = FACE_OUTER_BOUND ( 'NONE', #80, .T. ) ;
#2010 = EDGE_CURVE ( 'NONE', #257, #5606, #5153, .T. ) ;
#2011 = ORIENTED_EDGE ( 'NONE', *, *, #2865, .T. ) ;
#2012 = CARTESIAN_POINT ( 'NONE',  ( 32.16823240588159649, 39.48056780803435828, 33.59269824446734276 ) ) ;
#2013 = CARTESIAN_POINT ( 'NONE',  ( -27.32702615385186107, 80.61020279584469961, -38.43390449649707108 ) ) ;
#2014 = CARTESIAN_POINT ( 'NONE',  ( 25.61039644484206690, 101.0166046022987985, -40.15053420550685104 ) ) ;
#2015 = CARTESIAN_POINT ( 'NONE',  ( -46.30576403225040849, 59.33385514974001751, -44.20390395962770214 ) ) ;
#2016 = VECTOR ( 'NONE', #2753, 1000.000000000000000 ) ;
#2017 = EDGE_CURVE ( 'NONE', #3563, #5465, #1049, .T. ) ;
#2018 = AXIS2_PLACEMENT_3D ( 'NONE', #2764, #1118, #4989 ) ;
#2019 = ORIENTED_EDGE ( 'NONE', *, *, #6037, .T. ) ;
#2020 = CARTESIAN_POINT ( 'NONE',  ( -27.19834591289386694, 166.8763353538257945, -38.56258473745506166 ) ) ;
#2021 = CARTESIAN_POINT ( 'NONE',  ( 0.000000000000000000, 54.99999999999999289, 0.000000000000000000 ) ) ;
#2022 = CARTESIAN_POINT ( 'NONE',  ( -30.12822377908831228, 54.97802726448587407, 35.63270687126059499 ) ) ;
#2023 = CARTESIAN_POINT ( 'NONE',  ( -50.38968031787179314, 112.7299032302373263, -40.11998767400631749 ) ) ;
#2024 = CARTESIAN_POINT ( 'NONE',  ( -40.11998767400631039, 112.7299032302373263, 50.38968031787177893 ) ) ;
#2025 = CARTESIAN_POINT ( 'NONE',  ( -49.74986063416524473, 145.8271779734262452, 40.75980735771283747 ) ) ;
#2026 = VERTEX_POINT ( 'NONE', #1160 ) ;
#2027 = CARTESIAN_POINT ( 'NONE',  ( -40.28617701406469109, 108.7025900201346644, -50.22349097781342664 ) ) ;
#2028 = CARTESIAN_POINT ( 'NONE',  ( 39.86548770796168384, 124.0985968565961315, 50.64418028391641968 ) ) ;
#2029 = CARTESIAN_POINT ( 'NONE',  ( 38.56258473745506876, 166.8763353538257945, 27.19834591289386694 ) ) ;
#2030 = DIRECTION ( 'NONE',  ( 0.000000000000000000, 1.000000000000000000, 0.000000000000000000 ) ) ;
#2031 = CARTESIAN_POINT ( 'NONE',  ( 37.80954862241100756, 170.7839353711409558, 32.71836957137322344 ) ) ;
#2032 = LINE ( 'NONE', #1522, #2215 ) ;
#2033 = CARTESIAN_POINT ( 'NONE',  ( -29.77058358522447534, 58.00000011627446383, 35.99034706512443904 ) ) ;
#2034 = CARTESIAN_POINT ( 'NONE',  ( 36.46736499287372624, 173.1609393494194080, 29.29356565747520236 ) ) ;
#2035 = DIRECTION ( 'NONE',  ( 0.000000000000000000, 1.000000000000000000, 0.000000000000000000 ) ) ;
#2036 = CARTESIAN_POINT ( 'NONE',  ( -38.51940243238779260, 169.6266751731417060, -31.87944353150545140 ) ) ;
#2037 = CARTESIAN_POINT ( 'NONE',  ( 47.00000000000000000, 210.8546602966869159, 3.077860624859114491 ) ) ;
#2038 = CARTESIAN_POINT ( 'NONE',  ( -42.78460399787552149, 155.3921848145515128, 47.72506399400256782 ) ) ;
#2039 = CARTESIAN_POINT ( 'NONE',  ( 50.22349097781341243, 108.7025900201346644, -40.28617701406468399 ) ) ;
#2040 = DIRECTION ( 'NONE',  ( 0.000000000000000000, 0.000000000000000000, -1.000000000000000000 ) ) ;
#2041 = PLANE ( 'NONE',  #230 ) ;
#2042 = VERTEX_POINT ( 'NONE', #7150 ) ;
#2043 = CARTESIAN_POINT ( 'NONE',  ( 49.93783009309771614, 143.4569695494772930, 40.57183789878039448 ) ) ;
#2044 = CARTESIAN_POINT ( 'NONE',  ( -28.50815149135657123, 171.2031378497270566, -37.25277915899236092 ) ) ;
#2045 = CARTESIAN_POINT ( 'NONE',  ( 40.68351489493348083, 100.9687423887486943, -49.82615309694460137 ) ) ;
#2046 = CARTESIAN_POINT ( 'NONE',  ( -40.33924585287351761, 140.4589426390626556, -50.17042213900459302 ) ) ;
#2047 = ORIENTED_EDGE ( 'NONE', *, *, #3078, .T. ) ;
#2048 = CARTESIAN_POINT ( 'NONE',  ( -40.79466709084002218, 111.3121957717727071, -24.96626355950891352 ) ) ;
#2049 = ADVANCED_FACE ( 'NONE', ( #6141 ), #3383, .F. ) ;
#2050 = CARTESIAN_POINT ( 'NONE',  ( -32.49898569560905059, 37.17140469785623225, 33.26194495473987445 ) ) ;
#2051 = CARTESIAN_POINT ( 'NONE',  ( -38.56258473745505455, 166.8763353538258514, -27.19834591289388470 ) ) ;
#2052 = CARTESIAN_POINT ( 'NONE',  ( -47.31597781508198608, 69.12979561808752749, 43.19369017679610323 ) ) ;
#2053 = CARTESIAN_POINT ( 'NONE',  ( 38.85551762620079330, 44.00000000000000000, 39.27978169491272098 ) ) ;
#2054 = ADVANCED_FACE ( 'NONE', ( #1084 ), #3315, .F. ) ;
#2055 = ORIENTED_EDGE ( 'NONE', *, *, #5643, .T. ) ;
#2056 = DIRECTION ( 'NONE',  ( 0.000000000000000000, -1.000000000000000000, 0.000000000000000000 ) ) ;
#2057 = CARTESIAN_POINT ( 'NONE',  ( 50.38968031787179314, 112.7299032302373263, 40.11998767400631749 ) ) ;
#2058 = CARTESIAN_POINT ( 'NONE',  ( 0.000000000000000000, 57.99999999999999289, 0.000000000000000000 ) ) ;
#2059 = CARTESIAN_POINT ( 'NONE',  ( -31.31356217171363099, 45.71524904810725332, 34.44736847863527629 ) ) ;
#2060 = FACE_OUTER_BOUND ( 'NONE', #7051, .T. ) ;
#2061 = VECTOR ( 'NONE', #6556, 1000.000000000000114 ) ;
#2062 = CARTESIAN_POINT ( 'NONE',  ( 33.38057152442902975, 175.4851932568773236, -33.08734819499255764 ) ) ;
#2063 = CARTESIAN_POINT ( 'NONE',  ( -45.25483399593903755, 158.6226686892998146, 45.25483399593904466 ) ) ;
#2064 = ORIENTED_EDGE ( 'NONE', *, *, #762, .F. ) ;
#2066 = CARTESIAN_POINT ( 'NONE',  ( -32.98532786528267735, 54.99999999999999289, 37.57616459432502865 ) ) ;
#2065 = VECTOR ( 'NONE', #521, 1000.000000000000000 ) ;
#2067 = CARTESIAN_POINT ( 'NONE',  ( -26.00954371031357582, 95.69680212022356613, 39.75138694003534567 ) ) ;
#2068 = CARTESIAN_POINT ( 'NONE',  ( 47.00000000000000000, 184.1311746075469955, 1.825843266918902863 ) ) ;
#2069 = CARTESIAN_POINT ( 'NONE',  ( -47.03874315999061650, 66.31954352124841989, 43.47092483188747281 ) ) ;
#2070 = CARTESIAN_POINT ( 'NONE',  ( 48.18764232538011782, 78.60787726850115575, -42.32202566649796438 ) ) ;
#2071 = CARTESIAN_POINT ( 'NONE',  ( 0.000000000000000000, 57.99999999999999289, 0.000000000000000000 ) ) ;
#2072 = AXIS2_PLACEMENT_3D ( 'NONE', #137, #6175, #3351 ) ;
#2073 = ORIENTED_EDGE ( 'NONE', *, *, #6575, .T. ) ;
#2074 = CARTESIAN_POINT ( 'NONE',  ( -40.75980735771284458, 145.8271779734263021, -49.74986063416525894 ) ) ;
#2075 = CARTESIAN_POINT ( 'NONE',  ( -33.78038696514426675, 175.4143508792200805, -32.67905511574268473 ) ) ;
#2076 = ORIENTED_EDGE ( 'NONE', *, *, #4546, .T. ) ;
#2077 = CARTESIAN_POINT ( 'NONE',  ( -84.99999999999998579, 212.0000000000000000, 1.050000000000000044 ) ) ;
#2078 = VECTOR ( 'NONE', #5299, 1000.000000000000000 ) ;
#2079 = CARTESIAN_POINT ( 'NONE',  ( -41.38727259838149308, 126.6764942988443892, -24.37365805196743551 ) ) ;
#2080 = CARTESIAN_POINT ( 'NONE',  ( 0.000000000000000000, 57.99999999999999289, 0.000000000000000000 ) ) ;
#2081 = CARTESIAN_POINT ( 'NONE',  ( -50.58970023380037873, 130.9941881811295445, -39.91996775807773901 ) ) ;
#2082 = CARTESIAN_POINT ( 'NONE',  ( -40.68351489493350215, 100.9687423887486943, -49.82615309694460848 ) ) ;
#2083 = CARTESIAN_POINT ( 'NONE',  ( -44.20390395962768793, 59.33385514974001751, 46.30576403225040139 ) ) ;
#2084 = CARTESIAN_POINT ( 'NONE',  ( -40.79466709084002218, 111.3121957717727071, -24.96626355950891352 ) ) ;
#2085 = CARTESIAN_POINT ( 'NONE',  ( -41.38727259838148598, 126.6764942988443892, 24.37365805196743196 ) ) ;
#2086 = DIRECTION ( 'NONE',  ( -0.7071067811865474617, 0.000000000000000000, -0.7071067811865474617 ) ) ;
#2087 = ORIENTED_EDGE ( 'NONE', *, *, #2521, .F. ) ;
#2088 = CARTESIAN_POINT ( 'NONE',  ( 40.43689723274793124, 104.9875858014058423, -50.07277075913015807 ) ) ;
#2089 = VERTEX_POINT ( 'NONE', #7183 ) ;
#2090 = CARTESIAN_POINT ( 'NONE',  ( 24.55371574811974256, 145.7020373835962062, 41.20721490222918959 ) ) ;
#2091 = CARTESIAN_POINT ( 'NONE',  ( -33.59269824446734276, 39.48056780803436538, -32.16823240588159649 ) ) ;
#2092 = CARTESIAN_POINT ( 'NONE',  ( 34.44339648251113317, 39.76829606710785470, -35.22013773123445191 ) ) ;
#2093 = B_SPLINE_CURVE_WITH_KNOTS ( 'NONE', 3,
 ( #4884, #2623, #976, #2661, #3859, #503, #3204, #1574 ),
 .UNSPECIFIED., .F., .F.,
 ( 4, 2, 2, 4 ),
 ( 6.938893903907227607E-18, 0.004222814332542851844, 0.008445628665085696749, 0.01689125733017138656 ),
 .UNSPECIFIED. ) ;
#2094 = CARTESIAN_POINT ( 'NONE',  ( 84.99999999999998579, 212.0000000000000000, -1.050000000000000044 ) ) ;
#2095 = CARTESIAN_POINT ( 'NONE',  ( -32.58376914801011281, 36.58494384897175422, 33.17716150233880512 ) ) ;
#2096 = DIRECTION ( 'NONE',  ( -1.000000000000000000, -0.000000000000000000, -0.000000000000000000 ) ) ;
#2097 = ORIENTED_EDGE ( 'NONE', *, *, #5225, .F. ) ;
#2098 = CARTESIAN_POINT ( 'NONE',  ( 42.62031228415365547, 75.23276251545790672, 47.88935570772444095 ) ) ;
#2099 = EDGE_CURVE ( 'NONE', #7116, #2162, #2217, .T. ) ;
#2100 = LINE ( 'NONE', #3192, #2016 ) ;
#2101 = CARTESIAN_POINT ( 'NONE',  ( -31.45444816953543565, 46.00849753284912680, -34.61057804017210771 ) ) ;
#2102 = CARTESIAN_POINT ( 'NONE',  ( 108.0000000000000000, 191.0383283497592402, 0.4443020421252301122 ) ) ;
#2103 = CARTESIAN_POINT ( 'NONE',  ( -34.81447876247081297, 48.51213425699023674, 30.94645188787810497 ) ) ;
#2104 = CARTESIAN_POINT ( 'NONE',  ( 48.76789381400745782, 85.62404022679615423, -41.74177417787063149 ) ) ;
#2105 = CARTESIAN_POINT ( 'NONE',  ( 39.91996775807772480, 130.9941881811295445, -50.58970023380036451 ) ) ;
#2106 = ORIENTED_EDGE ( 'NONE', *, *, #6850, .T. ) ;
#2107 = EDGE_CURVE ( 'NONE', #6017, #922, #4862, .T. ) ;
#2108 = CARTESIAN_POINT ( 'NONE',  ( -42.86151494923077365, 72.49854646718331708, -47.64815304264733697 ) ) ;
#2109 = CARTESIAN_POINT ( 'NONE',  ( 37.25277915899235381, 171.2031378497270566, -28.50815149135656767 ) ) ;
#2110 = CARTESIAN_POINT ( 'NONE',  ( 30.50535599246782681, 52.00000000784751109, -35.25557465788109113 ) ) ;
#2111 = ORIENTED_EDGE ( 'NONE', *, *, #184, .F. ) ;
#2112 = CARTESIAN_POINT ( 'NONE',  ( 108.0000000000000000, 188.7030918747324222, -0.2216618877870081827 ) ) ;
#2113 = CARTESIAN_POINT ( 'NONE',  ( -25.61039644484208466, 101.0166046022987985, -40.15053420550685814 ) ) ;
#2114 = CARTESIAN_POINT ( 'NONE',  ( 47.72506399400256072, 155.3921848145515412, -42.78460399787553570 ) ) ;
#2115 = CARTESIAN_POINT ( 'NONE',  ( -46.53284740717148082, 61.44371818057052792, -43.97682058470662270 ) ) ;
#2116 = CARTESIAN_POINT ( 'NONE',  ( 40.92961328274395783, 96.97051065983893636, -49.58005470913413859 ) ) ;
#2117 = CARTESIAN_POINT ( 'NONE',  ( 46.30576403225041560, 59.33385514974001751, 44.20390395962770214 ) ) ;
#2118 = AXIS2_PLACEMENT_3D ( 'NONE', #1925, #5835, #3117 ) ;
#2119 = CARTESIAN_POINT ( 'NONE',  ( 32.66833329081850223, 35.99999999999999289, 33.09259735953043702 ) ) ;
#2120 = CARTESIAN_POINT ( 'NONE',  ( -108.0000000000000142, 193.5126614618646101, -0.6599525275824663639 ) ) ;
#2121 = CARTESIAN_POINT ( 'NONE',  ( -43.97682058470661559, 61.44371818057052792, -46.53284740717148082 ) ) ;
#2122 = CARTESIAN_POINT ( 'NONE',  ( -39.75138694003533857, 95.69680212022358035, 26.00954371031357582 ) ) ;
#2123 = CARTESIAN_POINT ( 'NONE',  ( -49.36117220004904738, 93.39148535881982127, 41.14849579182904193 ) ) ;
#2124 = VECTOR ( 'NONE', #4100, 1000.000000000000000 ) ;
#2125 = ORIENTED_EDGE ( 'NONE', *, *, #2757, .F. ) ;
#2126 = B_SPLINE_SURFACE_WITH_KNOTS ( 'NONE', 3, 1, ( 
 ( #1803, #4132 ),
 ( #4022, #6266 ),
 ( #1874, #2458 ),
 ( #6337, #3472 ),
 ( #4672, #3579 ),
 ( #6226, #3027 ),
 ( #5249, #1254 ),
 ( #2494, #5142 ),
 ( #5676, #6910 ),
 ( #4163, #6842 ),
 ( #2387, #1290 ),
 ( #6805, #4061 ),
 ( #6372, #5713 ),
 ( #1397, #733 ),
 ( #5180, #5991 ),
 ( #7045, #3688 ),
 ( #5348, #362 ),
 ( #2079, #330 ),
 ( #5415, #1467 ),
 ( #291, #2592 ),
 ( #913, #5883 ),
 ( #5313, #5921 ),
 ( #3795, #1014 ),
 ( #3724, #4813 ),
 ( #978, #3247 ),
 ( #3205, #4305 ),
 ( #2526, #3136 ),
 ( #4843, #6511 ),
 ( #1540, #7012 ),
 ( #4740, #3759 ),
 ( #1432, #429 ),
 ( #2044, #5954 ),
 ( #4269, #2663 ),
 ( #6408, #2560 ),
 ( #6476, #6947 ),
 ( #1505, #944 ),
 ( #3655, #3169 ),
 ( #1982, #4200 ),
 ( #4885, #5854 ),
 ( #877, #5381 ),
 ( #7082, #3104 ),
 ( #4775, #396 ),
 ( #2113, #4342 ),
 ( #2624, #6979 ),
 ( #6546, #1575 ),
 ( #2013, #4232 ),
 ( #6441, #2151 ),
 ( #1611, #6107 ),
 ( #7155, #2297 ),
 ( #1643, #6615 ),
 ( #3320, #6580 ),
 ( #6179, #3894 ),
 ( #467, #67 ),
 ( #2695, #3825 ),
 ( #2804, #3860 ),
 ( #3354, #4922 ),
 ( #1716, #5591 ) ),
 .UNSPECIFIED., .F., .F., .F.,
 ( 4, 1, 1, 1, 1, 1, 1, 1, 1, 1, 1, 1, 1, 1, 1, 1, 1, 1, 1, 1, 1, 1, 1, 1, 1, 1, 1, 1, 1, 1, 1, 1, 1, 1, 1, 1, 1, 1, 1, 1, 1, 1, 1, 1, 1, 1, 1, 1, 1, 1, 1, 1, 1, 1, 4 ),
 ( 2, 2 ),
 ( 0.000000000000000000, 0.006185920264467958951, 0.006201962899188617762, 0.02441097605636066703, 0.02448136905349906911, 0.05370574164729757793, 0.05388345649501025125, 0.09253774940744008415, 0.09289034474279100895, 0.1389060332195525271, 0.1395093084148929519, 0.1904437008900515815, 0.1913742588137488099, 0.2445345556009104193, 0.2458629933516659483, 0.2984579075547033611, 0.3002380933255869300, 0.3495648249652612005, 0.3518114771965039633, 0.3954646363279898935, 0.3981158618259910131, 0.4341890767744073232, 0.4370593218643058497, 0.4643545367854605699, 0.4670784500627875868, 0.4855543320873982882, 0.4874746266155715047, 0.4999999999999998890, 0.5125253733844284953, 0.5144456679126014897, 0.5329215499372124132, 0.5356454632145392081, 0.5629406781356941503, 0.5658109232255925658, 0.6018841381740089869, 0.6045353636720098844, 0.6481885228034960367, 0.6504351750347385774, 0.6997619066744129590, 0.7015420924452964169, 0.7541370066483340517, 0.7554654443990894697, 0.8086257411862511901, 0.8095562991099481964, 0.8604906915851069371, 0.8610939667804473618, 0.9071096552572089911, 0.9074622505925598048, 0.9461165435049897487, 0.9462942583527023110, 0.9755186309465008199, 0.9755890239436393330, 0.9937980371008112712, 0.9938140797355321521, 1.000000000000000000 ),
 ( 0.000000000000000000, 1.000000000000000000 ),
 .UNSPECIFIED. ) ;
#2127 = ORIENTED_EDGE ( 'NONE', *, *, #2332, .F. ) ;
#2128 = CARTESIAN_POINT ( 'NONE',  ( 42.62031228415365547, 75.23276251545790672, 47.88935570772444095 ) ) ;
#2129 = DIRECTION ( 'NONE',  ( -0.9088295457203461325, -0.4171676603306506692, 0.000000000000000000 ) ) ;
#2130 = CARTESIAN_POINT ( 'NONE',  ( 35.45918685583342267, 52.00000000000000711, -30.80394296248343622 ) ) ;
#2131 = DIRECTION ( 'NONE',  ( 0.000000000000000000, -1.000000000000000000, 0.000000000000000000 ) ) ;
#2132 = AXIS2_PLACEMENT_3D ( 'NONE', #2691, #1712, #3240 ) ;
#2133 = CARTESIAN_POINT ( 'NONE',  ( -39.91996775807772480, 130.9941881811295445, 50.58970023380036451 ) ) ;
#2134 = CARTESIAN_POINT ( 'NONE',  ( 35.04077431783380803, 174.7035535478023291, -31.32513990812032389 ) ) ;
#2135 = CARTESIAN_POINT ( 'NONE',  ( 40.01567615761508989, 134.5090890707682831, 50.49399183426302073 ) ) ;
#2136 = CARTESIAN_POINT ( 'NONE',  ( 32.58376914801011281, 36.58494384897174712, -33.17716150233880512 ) ) ;
#2137 = CARTESIAN_POINT ( 'NONE',  ( -31.68079750501928515, 43.01938834715414117, -34.08013314532963278 ) ) ;
#2138 = APPROVAL_DATE_TIME ( #7107, #5122 ) ;
#2139 = CARTESIAN_POINT ( 'NONE',  ( -41.06358789818638400, 116.6762642137271797, 24.69734275216252684 ) ) ;
#2141 = EDGE_CURVE ( 'NONE', #2476, #1120, #5987, .T. ) ;
#2140 = ORIENTED_EDGE ( 'NONE', *, *, #2311, .T. ) ;
#2142 = CARTESIAN_POINT ( 'NONE',  ( 35.63270687126059499, 54.97802726448586697, -30.12822377908831939 ) ) ;
#2143 = CARTESIAN_POINT ( 'NONE',  ( 32.66833329081848802, 35.99999999999999289, -33.09259735953042991 ) ) ;
#2144 = ORIENTED_EDGE ( 'NONE', *, *, #2950, .T. ) ;
#2145 = CARTESIAN_POINT ( 'NONE',  ( 0.000000000000000000, 340.0000000000000000, 0.000000000000000000 ) ) ;
#2146 = CARTESIAN_POINT ( 'NONE',  ( 32.58376914801011281, 36.58494384897174712, -33.17716150233880512 ) ) ;
#2147 = CARTESIAN_POINT ( 'NONE',  ( -30.70442761880741855, 51.99999999999997868, -35.39129624322331580 ) ) ;
#2148 = CARTESIAN_POINT ( 'NONE',  ( 49.90991885387112603, 335.0000000000000000, 3.000000000000000000 ) ) ;
#2149 = ORIENTED_EDGE ( 'NONE', *, *, #1760, .F. ) ;
#2150 = CARTESIAN_POINT ( 'NONE',  ( 108.0000000000000000, 212.2520230457143384, 1.564538599336978031 ) ) ;
#2151 = CARTESIAN_POINT ( 'NONE',  ( -42.32202566649797859, 78.60787726850115575, -48.18764232538013204 ) ) ;
#2152 = CARTESIAN_POINT ( 'NONE',  ( 46.56268880791238018, 157.2818685057020218, -43.94697918396571623 ) ) ;
#2153 = CARTESIAN_POINT ( 'NONE',  ( -50.38968031787179314, 112.7299032302373263, -40.11998767400631749 ) ) ;
#2154 = CARTESIAN_POINT ( 'NONE',  ( 25.10761244709872031, 153.6225640485288011, -40.65331820325020118 ) ) ;
#2155 = CARTESIAN_POINT ( 'NONE',  ( 33.17716150233881223, 36.58494384897175422, 32.58376914801012703 ) ) ;
#2156 = CARTESIAN_POINT ( 'NONE',  ( 31.08035469695843389, 175.3233815820528605, 34.68057595339049470 ) ) ;
#2157 = CARTESIAN_POINT ( 'NONE',  ( -108.0000000000000142, 192.6091567009482901, -0.5838041569574792256 ) ) ;
#2158 = CARTESIAN_POINT ( 'NONE',  ( -32.88046532517444831, 176.5866740378391455, -32.88046532517448384 ) ) ;
#2159 = FACE_OUTER_BOUND ( 'NONE', #4536, .T. ) ;
#2160 = CARTESIAN_POINT ( 'NONE',  ( -44.78285603231767453, 54.19120085711174539, 45.72681195956041478 ) ) ;
#2161 = ORIENTED_EDGE ( 'NONE', *, *, #1115, .F. ) ;
#2162 = VERTEX_POINT ( 'NONE', #4754 ) ;
#2163 = CARTESIAN_POINT ( 'NONE',  ( 44.99031566266480553, 52.44175755770030634, 45.51935232921329799 ) ) ;
#2164 = FACE_OUTER_BOUND ( 'NONE', #6498, .T. ) ;
#2165 = DIRECTION ( 'NONE',  ( -0.7071067811865474617, -0.000000000000000000, -0.7071067811865474617 ) ) ;
#2166 = LINE ( 'NONE', #522, #5841 ) ;
#2167 = CARTESIAN_POINT ( 'NONE',  ( -27.32702615385185396, 80.61020279584469961, 38.43390449649707108 ) ) ;
#2168 = CARTESIAN_POINT ( 'NONE',  ( 28.32786105134762522, 170.3776853043428048, -37.50420821734560661 ) ) ;
#2169 = CARTESIAN_POINT ( 'NONE',  ( 29.67952824767895237, 58.70654625247946967, 36.08140240266998688 ) ) ;
#2170 = CARTESIAN_POINT ( 'NONE',  ( 41.45303252024854146, 89.40149471062304087, -49.05663547162954075 ) ) ;
#2171 = CARTESIAN_POINT ( 'NONE',  ( -30.94645188787809786, 48.51213425699024384, 34.81447876247082007 ) ) ;
#2172 =( LENGTH_UNIT ( ) NAMED_UNIT ( * ) SI_UNIT ( .MILLI., .METRE. ) );
#2173 = CARTESIAN_POINT ( 'NONE',  ( -46.53284740717146661, 61.44371818057052792, 43.97682058470661559 ) ) ;
#2174 = ORIENTED_EDGE ( 'NONE', *, *, #1745, .F. ) ;
#2175 = CARTESIAN_POINT ( 'NONE',  ( 32.58376914801011281, 36.58494384897174712, -33.17716150233880512 ) ) ;
#2176 = ORIENTED_EDGE ( 'NONE', *, *, #5830, .T. ) ;
#2177 = CYLINDRICAL_SURFACE ( 'NONE', #2433, 46.99996213765929554 ) ;
#2178 = CIRCLE ( 'NONE', #4975, 46.97059542429539647 ) ;
#2179 = CARTESIAN_POINT ( 'NONE',  ( -28.67738455632922623, 68.33317720493137415, -37.24544780204595185 ) ) ;
#2180 = CARTESIAN_POINT ( 'NONE',  ( 4.408728476930470856E-15, 52.00000000000000000, 36.00000000000000000 ) ) ;
#2181 = ORIENTED_EDGE ( 'NONE', *, *, #2950, .F. ) ;
#2182 = CARTESIAN_POINT ( 'NONE',  ( 0.000000000000000000, 2.000000000000000000, -3.299999999999999822 ) ) ;
#2183 = ADVANCED_FACE ( 'NONE', ( #342 ), #1076, .T. ) ;
#2184 = CARTESIAN_POINT ( 'NONE',  ( 34.51648671455647843, 38.38965361115110397, 34.94075078326841322 ) ) ;
#2185 = CARTESIAN_POINT ( 'NONE',  ( 50.64418028391640547, 124.0985968565961741, -39.86548770796168384 ) ) ;
#2186 = CARTESIAN_POINT ( 'NONE',  ( -43.47092483188747281, 66.31954352124843410, -47.03874315999063072 ) ) ;
#2187 = VECTOR ( 'NONE', #4703, 1000.000000000000114 ) ;
#2188 = CARTESIAN_POINT ( 'NONE',  ( 29.29356565747519880, 173.1609393494194364, -36.46736499287371913 ) ) ;
#2189 = EDGE_CURVE ( 'NONE', #6290, #1220, #4420, .T. ) ;
#2190 = VECTOR ( 'NONE', #4216, 1000.000000000000000 ) ;
#2191 = CARTESIAN_POINT ( 'NONE',  ( 44.20390395962770214, 59.33385514974001751, 46.30576403225040849 ) ) ;
#2192 = CARTESIAN_POINT ( 'NONE',  ( -41.20721490222918248, 145.7020373835962062, 24.55371574811973545 ) ) ;
#2193 = CARTESIAN_POINT ( 'NONE',  ( -45.04270196158309147, 52.00000000000000000, -45.46696603029501915 ) ) ;
#2194 = CARTESIAN_POINT ( 'NONE',  ( -33.09259735953042281, 35.99999999999999289, 32.66833329081849513 ) ) ;
#2195 = CARTESIAN_POINT ( 'NONE',  ( 40.15053420550686525, 101.0166046022987985, 25.61039644484208111 ) ) ;
#2196 = CARTESIAN_POINT ( 'NONE',  ( 35.77960312803931942, 145.5000000000000000, 29.98132752230962694 ) ) ;
#2197 = ORIENTED_EDGE ( 'NONE', *, *, #936, .T. ) ;
#2198 = EDGE_CURVE ( 'NONE', #4267, #5429, #6070, .T. ) ;
#2199 = EDGE_LOOP ( 'NONE', ( #4376, #3530, #24, #2622 ) ) ;
#2200 = CARTESIAN_POINT ( 'NONE',  ( 40.57183789878039448, 143.4569695494772645, 49.93783009309771614 ) ) ;
#2201 = FACE_OUTER_BOUND ( 'NONE', #3005, .T. ) ;
#2202 = FACE_OUTER_BOUND ( 'NONE', #1588, .T. ) ;
#2203 = PLANE ( 'NONE',  #3762 ) ;
#2204 = CARTESIAN_POINT ( 'NONE',  ( -43.94697918396570202, 157.2818685057019650, 46.56268880791238018 ) ) ;
#2205 = LINE ( 'NONE', #1629, #7048 ) ;
#2206 = ORIENTED_EDGE ( 'NONE', *, *, #3836, .F. ) ;
#2207 = CARTESIAN_POINT ( 'NONE',  ( 27.32702615385186462, 80.61020279584469961, 38.43390449649707108 ) ) ;
#2208 = CARTESIAN_POINT ( 'NONE',  ( 45.92619372941038591, 55.93620152028918824, 44.58347426246773892 ) ) ;
#2209 = CARTESIAN_POINT ( 'NONE',  ( 40.68351489493348083, 100.9687423887486943, -49.82615309694460137 ) ) ;
#2210 = CARTESIAN_POINT ( 'NONE',  ( -31.92684771948879785, 41.21309918220622848, 33.83408293086011298 ) ) ;
#2211 = COORDINATED_UNIVERSAL_TIME_OFFSET ( 12, 0, .AHEAD. ) ;
#2212 = CARTESIAN_POINT ( 'NONE',  ( 32.88046532517446963, 52.00000000000000000, 32.88046532517446963 ) ) ;
#2213 = CARTESIAN_POINT ( 'NONE',  ( 40.92961328274395783, 96.97051065983893636, -49.58005470913413859 ) ) ;
#2214 = ORIENTED_EDGE ( 'NONE', *, *, #6356, .F. ) ;
#2215 = VECTOR ( 'NONE', #5397, 1000.000000000000000 ) ;
#2216 = PLANE ( 'NONE',  #5936 ) ;
#2217 = LINE ( 'NONE', #4437, #5946 ) ;
#2218 = CARTESIAN_POINT ( 'NONE',  ( -45.57187448734443791, 52.88466077438591384, -44.93779350453367272 ) ) ;
#2219 = EDGE_LOOP ( 'NONE', ( #1609, #2707, #4543, #29, #3102, #780 ) ) ;
#2220 = LINE ( 'NONE', #2732, #94 ) ;
#2221 = CARTESIAN_POINT ( 'NONE',  ( 108.0000000000000000, 197.7459818005252146, -0.9880518776675252246 ) ) ;
#2222 = DIRECTION ( 'NONE',  ( 0.000000000000000000, -1.000000000000000000, 0.000000000000000000 ) ) ;
#2223 = CARTESIAN_POINT ( 'NONE',  ( 50.17042213900457881, 140.4589426390626556, -40.33924585287350340 ) ) ;
#2224 = DIRECTION ( 'NONE',  ( -0.000000000000000000, -1.000000000000000000, -0.000000000000000000 ) ) ;
#2225 = CARTESIAN_POINT ( 'NONE',  ( -25.51359495171287506, 157.6066838202880831, -40.24733569863606419 ) ) ;
#2226 = CARTESIAN_POINT ( 'NONE',  ( 26.53717206652076399, 163.8347417721553541, -39.22375858382815039 ) ) ;
#2227 = EDGE_CURVE ( 'NONE', #170, #7116, #2372, .T. ) ;
#2228 = CARTESIAN_POINT ( 'NONE',  ( 50.40863483252043409, 137.5203383235722185, -40.10103315935765522 ) ) ;
#2229 = CARTESIAN_POINT ( 'NONE',  ( 33.59269824446734987, 39.48056780803440091, 32.16823240588158939 ) ) ;
#2230 = CARTESIAN_POINT ( 'NONE',  ( 24.55371574811974256, 145.7020373835962062, 41.20721490222918959 ) ) ;
#2231 = CARTESIAN_POINT ( 'NONE',  ( -34.68057595339048049, 175.3233815820528605, 31.08035469695843389 ) ) ;
#2232 = CARTESIAN_POINT ( 'NONE',  ( -32.58376914801012703, 36.58494384897175422, -33.17716150233881223 ) ) ;
#2233 = CARTESIAN_POINT ( 'NONE',  ( 42.54579159191746385, 128.3506640521404449, -26.26511122278993327 ) ) ;
#2234 = CARTESIAN_POINT ( 'NONE',  ( -49.99613229384478075, 170.2797061194485195, -0.9115933601339236692 ) ) ;
#2235 = EDGE_CURVE ( 'NONE', #1335, #6444, #4459, .T. ) ;
#2236 = ORIENTED_EDGE ( 'NONE', *, *, #392, .T. ) ;
#2237 = ORIENTED_EDGE ( 'NONE', *, *, #6628, .F. ) ;
#2238 = CARTESIAN_POINT ( 'NONE',  ( 44.73292201045924799, 54.62836855260160718, 45.77674598141886264 ) ) ;
#2239 = CARTESIAN_POINT ( 'NONE',  ( -46.56268880791240861, 157.2818685057019650, -43.94697918396570202 ) ) ;
#2240 = CARTESIAN_POINT ( 'NONE',  ( -47.00000000000000000, 210.8546602966869443, 3.077860624859114935 ) ) ;
#2241 = CARTESIAN_POINT ( 'NONE',  ( -34.51648671455645712, 38.38965361115108976, 34.94075078326839900 ) ) ;
#2242 = CARTESIAN_POINT ( 'NONE',  ( 41.20721490222918959, 145.7020373835961493, 24.55371574811973545 ) ) ;
#2243 = CARTESIAN_POINT ( 'NONE',  ( -33.59269824446732855, 39.48056780803435828, 32.16823240588158228 ) ) ;
#2244 = CARTESIAN_POINT ( 'NONE',  ( 50.58970023380037162, 130.9941881811295445, 39.91996775807773901 ) ) ;
#2245 = ORIENTED_EDGE ( 'NONE', *, *, #3228, .F. ) ;
#2246 = CARTESIAN_POINT ( 'NONE',  ( 41.59764216673602277, 150.5005888525397211, 48.91202582514209496 ) ) ;
#2247 = CIRCLE ( 'NONE', #5042, 1.800000000000000044 ) ;
#2248 = CARTESIAN_POINT ( 'NONE',  ( 39.91748297430892478, 120.2343318316845853, -50.59218501756916453 ) ) ;
#2249 = CARTESIAN_POINT ( 'NONE',  ( -33.09259735953042281, 35.99999999999999289, 32.66833329081849513 ) ) ;
#2250 = PERSON_AND_ORGANIZATION_ROLE ( 'creator' ) ;
#2251 = CYLINDRICAL_SURFACE ( 'NONE', #215, 1.050000000000000044 ) ;
#2252 = CARTESIAN_POINT ( 'NONE',  ( 39.91748297430892478, 120.2343318316845853, -50.59218501756916453 ) ) ;
#2253 = CARTESIAN_POINT ( 'NONE',  ( 39.91996775807773901, 130.9941881811295445, 50.58970023380037162 ) ) ;
#2254 = ORIENTED_EDGE ( 'NONE', *, *, #2235, .F. ) ;
#2255 = PLANE ( 'NONE',  #2706 ) ;
#2256 = DIRECTION ( 'NONE',  ( 0.000000000000000000, 0.5429190384632399669, 0.8397850425401437446 ) ) ;
#2257 = VERTEX_POINT ( 'NONE', #3551 ) ;
#2258 = CARTESIAN_POINT ( 'NONE',  ( -26.89765380023358432, 148.7199520483055437, -42.14932971709629328 ) ) ;
#2259 = CARTESIAN_POINT ( 'NONE',  ( -41.00000000000000000, 58.00000000000000000, -18.00000000000000000 ) ) ;
#2260 = CARTESIAN_POINT ( 'NONE',  ( 26.53717206652076399, 163.8347417721553541, -39.22375858382815039 ) ) ;
#2261 = DIRECTION ( 'NONE',  ( -0.7071067811865474617, 0.000000000000000000, -0.7071067811865474617 ) ) ;
#2262 = CARTESIAN_POINT ( 'NONE',  ( -33.17716150233879802, 36.58494384897174712, 32.58376914801011992 ) ) ;
#2263 = CARTESIAN_POINT ( 'NONE',  ( -39.91748297430894610, 120.2343318316846279, -50.59218501756916453 ) ) ;
#2264 = CARTESIAN_POINT ( 'NONE',  ( 30.94645188787809786, 48.51213425699023674, -34.81447876247082007 ) ) ;
#2265 = CARTESIAN_POINT ( 'NONE',  ( 49.36117220004904738, 93.39148535881979285, -41.14849579182904193 ) ) ;
#2266 = CARTESIAN_POINT ( 'NONE',  ( 47.03874315999062361, 66.31954352124843410, 43.47092483188747281 ) ) ;
#2267 = CARTESIAN_POINT ( 'NONE',  ( -48.14642419775778137, 153.8348667856811858, 42.36324379412031504 ) ) ;
#2268 = CARTESIAN_POINT ( 'NONE',  ( -40.68351489493350215, 100.9687423887486943, -49.82615309694460848 ) ) ;
#2269 = CARTESIAN_POINT ( 'NONE',  ( 41.06358789818639821, 116.6762642137271513, 24.69734275216253749 ) ) ;
#2270 = CARTESIAN_POINT ( 'NONE',  ( 42.32413524936863780, 118.1757342629069569, -26.62135493071043868 ) ) ;
#2271 = VERTEX_POINT ( 'NONE', #3477 ) ;
#2272 = B_SPLINE_CURVE_WITH_KNOTS ( 'NONE', 3,
 ( #6171, #1743, #1193, #6285, #5162, #3419, #5583, #1307, #3379, #2831, #6208, #2867, #3529, #2795, #5621, #4003, #4043, #3925, #1236, #6790, #5018, #3455, #21, #4472, #714, #640, #5056, #5661, #5092, #1275, #96, #2329, #678, #2368, #4580, #2940, #169, #4689, #2540, #2577, #4249, #275, #4756, #6895, #3045, #1451, #6388, #6998, #2441, #5265, #1893, #1414, #4791, #237, #2031, #2477, #1926, #4147, #6351, #3596, #6860, #4114, #3635, #6457, #1379, #1485, #5799, #823, #2510, #4721, #6926, #6319, #3086, #5197, #1961, #3562, #5837, #751, #344, #788, #2977, #5230, #5734, #5297, #860, #204, #4183, #310, #6962, #1996, #4213, #6425 ),
 .UNSPECIFIED., .F., .F.,
 ( 4, 2, 2, 2, 2, 2, 2, 2, 2, 2, 2, 2, 2, 2, 2, 2, 2, 2, 2, 2, 2, 2, 2, 2, 2, 2, 2, 2, 2, 2, 2, 2, 2, 2, 2, 2, 2, 2, 2, 2, 2, 2, 2, 2, 2, 4 ),
 ( 0.000000000000000000, 0.01529258496823194917, 0.03058516993646389834, 0.04587775490469584577, 0.06117033987292779668, 0.06881663235704375825, 0.07646292484115978227, 0.08410921732527579242, 0.09175550980939181644, 0.09940180229350782659, 0.1070480947776238506, 0.1089596678986528427, 0.1108712410196818349, 0.1127828141407108270, 0.1146943872617398191, 0.1156501738222542736, 0.1166059603827687419, 0.1175617469432831824, 0.1185175335037976507, 0.1194733200643120913, 0.1204291066248265596, 0.1213848931853410140, 0.1218627864655982551, 0.1223406797458554823, 0.1232964663063699506, 0.1242522528668844328, 0.1252080394273988873, 0.1261638259879133694, 0.1271196125484278239, 0.1280753991089423061, 0.1299869722299713259, 0.1318985453510003458, 0.1338101184720293657, 0.1376332647140874887, 0.1414564109561456118, 0.1452795571982037348, 0.1491027034402618578, 0.1529258496823199809, 0.1605721421664363102, 0.1682184346505526118, 0.1758647271346689689, 0.1835110196187853537, 0.1988036045870180402, 0.2140961895552507543, 0.2293887745234834685, 0.2446813594917161827 ),
 .UNSPECIFIED. ) ;
#2273 = EDGE_CURVE ( 'NONE', #3134, #5895, #663, .T. ) ;
#2274 = ORIENTED_EDGE ( 'NONE', *, *, #6050, .F. ) ;
#2275 = FACE_OUTER_BOUND ( 'NONE', #116, .T. ) ;
#2276 = CARTESIAN_POINT ( 'NONE',  ( -25.10761244709873097, 153.6225640485287443, -40.65331820325020118 ) ) ;
#2277 = LINE ( 'NONE', #5500, #2065 ) ;
#2278 = LINE ( 'NONE', #12, #6774 ) ;
#2279 = EDGE_CURVE ( 'NONE', #3987, #4529, #6996, .T. ) ;
#2280 = CARTESIAN_POINT ( 'NONE',  ( 50.17042213900458592, 140.4589426390626556, 40.33924585287351761 ) ) ;
#2281 = CARTESIAN_POINT ( 'NONE',  ( -37.49320649782438153, 71.28898199371604960, 28.26772415252452575 ) ) ;
#2282 = CARTESIAN_POINT ( 'NONE',  ( 46.30576403225041560, 59.33385514974001751, 44.20390395962770214 ) ) ;
#2283 = EDGE_LOOP ( 'NONE', ( #2237, #6393, #829, #7152 ) ) ;
#2284 = CARTESIAN_POINT ( 'NONE',  ( -32.98532786528268446, 54.99999999999999289, -37.57616459432502154 ) ) ;
#2285 = CARTESIAN_POINT ( 'NONE',  ( 38.00000000000000000, 58.00000000000000000, -21.00000000000000000 ) ) ;
#2286 = CARTESIAN_POINT ( 'NONE',  ( 49.05663547162954075, 89.40149471062302666, -41.45303252024854146 ) ) ;
#2287 = CARTESIAN_POINT ( 'NONE',  ( -46.56268880791239440, 157.2818685057019650, 43.94697918396570202 ) ) ;
#2288 = CARTESIAN_POINT ( 'NONE',  ( -35.99034755172208833, 57.99999999121065741, -29.77058309862684737 ) ) ;
#2289 = CARTESIAN_POINT ( 'NONE',  ( 0.000000000000000000, 340.0000000000000000, 0.000000000000000000 ) ) ;
#2290 = CARTESIAN_POINT ( 'NONE',  ( 33.83408293086011298, 41.21309918220622137, -31.92684771948880140 ) ) ;
#2291 = CARTESIAN_POINT ( 'NONE',  ( 0.000000000000000000, 57.99999999999999289, 0.000000000000000000 ) ) ;
#2292 = B_SPLINE_CURVE_WITH_KNOTS ( 'NONE', 3,
 ( #4973, #1034, #3268, #4939 ),
 .UNSPECIFIED., .F., .F.,
 ( 4, 4 ),
 ( 6.938893903907228378E-18, 0.01571456560818440193 ),
 .UNSPECIFIED. ) ;
#2293 = CARTESIAN_POINT ( 'NONE',  ( -49.05663547162955496, 89.40149471062304087, -41.45303252024855567 ) ) ;
#2294 = ORIENTED_EDGE ( 'NONE', *, *, #5332, .T. ) ;
#2295 = CARTESIAN_POINT ( 'NONE',  ( -36.55755952382614993, 172.0119194015712765, -34.11210485455092112 ) ) ;
#2296 = CARTESIAN_POINT ( 'NONE',  ( 38.43390449649707108, 80.61020279584469961, 27.32702615385186462 ) ) ;
#2297 = CARTESIAN_POINT ( 'NONE',  ( -43.19369017679611034, 69.12979561808754170, -47.31597781508200029 ) ) ;
#2298 = CARTESIAN_POINT ( 'NONE',  ( -29.77058309641641287, 57.99999999999999289, -35.99034755393252283 ) ) ;
#2299 = CARTESIAN_POINT ( 'NONE',  ( -31.31356217171365230, 45.71524904810724621, -34.44736847863528340 ) ) ;
#2300 = CARTESIAN_POINT ( 'NONE',  ( 44.93779350453366561, 52.88466077438591384, 45.57187448734443080 ) ) ;
#2301 = TOROIDAL_SURFACE ( 'NONE', #4167, -106.2500185044916066, 153.2499806421508879 ) ;
#2302 = CARTESIAN_POINT ( 'NONE',  ( -41.74177417787063860, 85.62404022679615423, -48.76789381400747203 ) ) ;
#2303 = CARTESIAN_POINT ( 'NONE',  ( 49.05663547162954075, 89.40149471062302666, -41.45303252024854146 ) ) ;
#2304 = CARTESIAN_POINT ( 'NONE',  ( -28.04587946176237878, 73.51205311379843010, 37.71505118858653560 ) ) ;
#2305 = CARTESIAN_POINT ( 'NONE',  ( 40.65331820325020118, 153.6225640485287727, 25.10761244709872742 ) ) ;
#2306 = CARTESIAN_POINT ( 'NONE',  ( -32.88046532517444120, 176.5866740378391739, 32.88046532517448384 ) ) ;
#2307 = CARTESIAN_POINT ( 'NONE',  ( -28.43010430976247349, 69.78879597759092235, -37.33082634058646931 ) ) ;
#2308 = CARTESIAN_POINT ( 'NONE',  ( 40.79466709084002218, 111.3121957717727071, 24.96626355950891352 ) ) ;
#2309 = EDGE_LOOP ( 'NONE', ( #2214, #4028, #48, #5755 ) ) ;
#2310 = VECTOR ( 'NONE', #1385, 1000.000000000000000 ) ;
#2311 = EDGE_CURVE ( 'NONE', #5556, #4334, #6312, .T. ) ;
#2312 = ORIENTED_EDGE ( 'NONE', *, *, #3788, .T. ) ;
#2313 = LINE ( 'NONE', #6271, #2124 ) ;
#2314 = CARTESIAN_POINT ( 'NONE',  ( -40.65331820325020118, 153.6225640485288011, -25.10761244709873452 ) ) ;
#2315 = CARTESIAN_POINT ( 'NONE',  ( -32.88046532517445542, 176.0000000000000000, -32.88046532517449805 ) ) ;
#2316 = CARTESIAN_POINT ( 'NONE',  ( -46.98823194100206280, 211.8629710376052344, 1.050000000000115952 ) ) ;
#2317 = AXIS2_PLACEMENT_3D ( 'NONE', #3835, #5964, #4894 ) ;
#2318 = CARTESIAN_POINT ( 'NONE',  ( -33.83408293086010588, 41.21309918220618584, 31.92684771948880140 ) ) ;
#2319 = CARTESIAN_POINT ( 'NONE',  ( 46.53284740717148793, 61.44371818057052792, 43.97682058470662980 ) ) ;
#2320 = ORIENTED_EDGE ( 'NONE', *, *, #3799, .F. ) ;
#2321 = CARTESIAN_POINT ( 'NONE',  ( -44.93779350453365851, 52.88466077438589963, 45.57187448734442370 ) ) ;
#2322 = DIRECTION ( 'NONE',  ( -0.7071067811865474617, 0.000000000000000000, 0.7071067811865474617 ) ) ;
#2323 = EDGE_CURVE ( 'NONE', #1913, #7069, #2313, .T. ) ;
#2324 = CARTESIAN_POINT ( 'NONE',  ( -32.66833329081850223, 36.00000000000000000, -33.09259735953043702 ) ) ;
#2325 = CARTESIAN_POINT ( 'NONE',  ( 43.19369017679609613, 69.12979561808752749, -47.31597781508199319 ) ) ;
#2326 = CARTESIAN_POINT ( 'NONE',  ( 38.56258473745505455, 166.8763353538257945, -27.19834591289385983 ) ) ;
#2327 = CARTESIAN_POINT ( 'NONE',  ( -40.15053420550684393, 101.0166046022987985, 25.61039644484207400 ) ) ;
#2328 = SHAPE_DEFINITION_REPRESENTATION ( #35, #631 ) ;
#2329 = CARTESIAN_POINT ( 'NONE',  ( 31.73166403062526442, 169.3775914625044550, 38.64111387782809004 ) ) ;
#2330 = ORIENTED_EDGE ( 'NONE', *, *, #45, .T. ) ;
#2331 = CARTESIAN_POINT ( 'NONE',  ( 25.51359495171286440, 157.6066838202881399, -40.24733569863604998 ) ) ;
#2332 = EDGE_CURVE ( 'NONE', #4855, #3051, #4085, .T. ) ;
#2333 = LINE ( 'NONE', #5166, #4793 ) ;
#2334 = FACE_OUTER_BOUND ( 'NONE', #931, .T. ) ;
#2335 = CARTESIAN_POINT ( 'NONE',  ( -34.81447876247083428, 48.51213425699023674, -30.94645188787811207 ) ) ;
#2336 = ORIENTED_EDGE ( 'NONE', *, *, #4020, .T. ) ;
#2337 = CARTESIAN_POINT ( 'NONE',  ( -26.32341191398457170, 125.8057764561833807, -42.50986971695700589 ) ) ;
#2338 = CARTESIAN_POINT ( 'NONE',  ( 108.0000000000000000, 210.0060237486752328, -1.543678944899053773 ) ) ;
#2339 = CARTESIAN_POINT ( 'NONE',  ( -46.99255158743632421, 212.6446432266480144, 0.8403281653368579462 ) ) ;
#2340 = CARTESIAN_POINT ( 'NONE',  ( 0.000000000000000000, 57.99999999999999289, 0.000000000000000000 ) ) ;
#2341 = EDGE_CURVE ( 'NONE', #451, #3957, #4260, .T. ) ;
#2342 = DIRECTION ( 'NONE',  ( 0.000000000000000000, 0.000000000000000000, 1.000000000000000000 ) ) ;
#2343 = CARTESIAN_POINT ( 'NONE',  ( -30.94645188787811207, 48.51213425699022963, -34.81447876247082718 ) ) ;
#2344 = CARTESIAN_POINT ( 'NONE',  ( 47.72506399400256072, 155.3921848145515412, -42.78460399787553570 ) ) ;
#2345 = CARTESIAN_POINT ( 'NONE',  ( 48.61958615814599227, 152.1318062554275912, -41.89008183373210414 ) ) ;
#2346 = CARTESIAN_POINT ( 'NONE',  ( 46.53284740717148793, 61.44371818057052792, 43.97682058470662980 ) ) ;
#2347 = CARTESIAN_POINT ( 'NONE',  ( -45.46696603029500494, 52.00000000000000000, 45.04270196158308437 ) ) ;
#2348 = CARTESIAN_POINT ( 'NONE',  ( -41.00000000000000000, 320.0000000000000000, -21.00000000000000000 ) ) ;
#2349 = CARTESIAN_POINT ( 'NONE',  ( 36.46736499287372624, 173.1609393494194080, 29.29356565747520236 ) ) ;
#2350 = CARTESIAN_POINT ( 'NONE',  ( 39.45967609107859175, 167.1820244838797009, -30.70837199912645943 ) ) ;
#2351 = ORIENTED_EDGE ( 'NONE', *, *, #3021, .F. ) ;
#2352 = ORIENTED_EDGE ( 'NONE', *, *, #45, .F. ) ;
#2353 = CARTESIAN_POINT ( 'NONE',  ( -45.46696603029501915, 52.00000000000000000, -45.04270196158309147 ) ) ;
#2354 = CARTESIAN_POINT ( 'NONE',  ( -41.19064070390658827, 148.1781441586251447, -49.31902728797152236 ) ) ;
#2355 = CARTESIAN_POINT ( 'NONE',  ( -108.0000000000000000, 196.5653704246423956, 0.8992161131770320948 ) ) ;
#2356 = DIRECTION ( 'NONE',  ( 0.000000000000000000, 0.000000000000000000, -1.000000000000000000 ) ) ;
#2357 = CARTESIAN_POINT ( 'NONE',  ( 31.08035469695843389, 175.3233815820528605, 34.68057595339049470 ) ) ;
#2358 = CARTESIAN_POINT ( 'NONE',  ( -38.90225724876550117, 85.63114929373708151, 26.85867340158341676 ) ) ;
#2359 = CARTESIAN_POINT ( 'NONE',  ( 38.56258473745506876, 166.8763353538257945, 27.19834591289386694 ) ) ;
#2360 = CARTESIAN_POINT ( 'NONE',  ( -32.16823240588157518, 39.48056780803440091, 33.59269824446734276 ) ) ;
#2361 = CARTESIAN_POINT ( 'NONE',  ( 46.99932455725360114, 213.0224219453465366, -0.2757723197565564166 ) ) ;
#2362 = CARTESIAN_POINT ( 'NONE',  ( 0.000000000000000000, 57.99999999999999289, 0.000000000000000000 ) ) ;
#2363 = B_SPLINE_CURVE_WITH_KNOTS ( 'NONE', 3,
 ( #1514, #5390, #4314, #986, #6002 ),
 .UNSPECIFIED., .F., .F.,
 ( 4, 1, 4 ),
 ( 0.07729056235918738138, 0.09253774940744020905, 0.1315221648814960120 ),
 .UNSPECIFIED. ) ;
#2364 = CARTESIAN_POINT ( 'NONE',  ( 26.53717206652076399, 163.8347417721553541, -39.22375858382815039 ) ) ;
#2365 = CARTESIAN_POINT ( 'NONE',  ( 38.90225724876550117, 85.63114929373706730, -26.85867340158341676 ) ) ;
#2366 = AXIS2_PLACEMENT_3D ( 'NONE', #1412, #859, #3085 ) ;
#2367 = CARTESIAN_POINT ( 'NONE',  ( -42.36324379412030794, 153.8348667856812142, 48.14642419775777427 ) ) ;
#2368 = CARTESIAN_POINT ( 'NONE',  ( 32.20423504670466741, 170.1219111502269641, 38.24827850845476007 ) ) ;
#2369 = ORIENTED_EDGE ( 'NONE', *, *, #5169, .F. ) ;
#2370 = CARTESIAN_POINT ( 'NONE',  ( 41.20721490222918959, 145.7020373835961777, -24.55371574811973190 ) ) ;
#2371 = CARTESIAN_POINT ( 'NONE',  ( 47.31597781508200029, 69.12979561808754170, 43.19369017679611034 ) ) ;
#2372 = CIRCLE ( 'NONE', #5373, 1.050000000000000044 ) ;
#2373 = AXIS2_PLACEMENT_3D ( 'NONE', #2340, #2224, #1245 ) ;
#2374 = CARTESIAN_POINT ( 'NONE',  ( 30.12822377908833005, 54.97802726448587407, 35.63270687126060210 ) ) ;
#2375 = CARTESIAN_POINT ( 'NONE',  ( 29.33832445349480977, 63.16230265228912799, -36.72941495113135346 ) ) ;
#2376 = ADVANCED_FACE ( 'NONE', ( #2275, #1329 ), #2925, .T. ) ;
#2377 = CARTESIAN_POINT ( 'NONE',  ( -34.12743092665181877, 172.0212866422652951, -36.54327006475716644 ) ) ;
#2378 = CARTESIAN_POINT ( 'NONE',  ( 47.00000000000000000, 218.9313642205669055, -3.332580657541732272 ) ) ;
#2379 = DIRECTION ( 'NONE',  ( 0.000000000000000000, 0.000000000000000000, -1.000000000000000000 ) ) ;
#2380 = CARTESIAN_POINT ( 'NONE',  ( 0.000000000000000000, 54.99999999999999289, 0.000000000000000000 ) ) ;
#2381 = DIRECTION ( 'NONE',  ( 0.000000000000000000, 0.000000000000000000, 1.000000000000000000 ) ) ;
#2382 = B_SPLINE_CURVE_WITH_KNOTS ( 'NONE', 3,
 ( #3682, #6332, #5850, #3098 ),
 .UNSPECIFIED., .F., .F.,
 ( 4, 4 ),
 ( 0.000000000000000000, 0.01571456849098284286 ),
 .UNSPECIFIED. ) ;
#2383 = CARTESIAN_POINT ( 'NONE',  ( -38.90225724876550117, 85.63114929373708151, 26.85867340158341676 ) ) ;
#2384 = CARTESIAN_POINT ( 'NONE',  ( 49.31902728797150814, 148.1781441586251447, -41.19064070390658827 ) ) ;
#2385 = CARTESIAN_POINT ( 'NONE',  ( -35.23125842034104949, 172.3992787183044584, 35.47935076380301211 ) ) ;
#2386 = CARTESIAN_POINT ( 'NONE',  ( 37.00988115598541128, 66.80701258836774059, 28.75104949436352797 ) ) ;
#2387 = CARTESIAN_POINT ( 'NONE',  ( -37.49320649782439574, 71.28898199371606381, -28.26772415252453641 ) ) ;
#2388 = CARTESIAN_POINT ( 'NONE',  ( 45.04270196158307726, 52.00000000000000000, -45.46696603029501205 ) ) ;
#2389 = CARTESIAN_POINT ( 'NONE',  ( 34.68057595339050891, 175.3233815820528605, 31.08035469695842679 ) ) ;
#2390 = DIRECTION ( 'NONE',  ( 0.000000000000000000, 0.5429190384632399669, -0.8397850425401437446 ) ) ;
#2391 = ORIENTED_EDGE ( 'NONE', *, *, #4685, .T. ) ;
#2392 = ORIENTED_EDGE ( 'NONE', *, *, #4546, .F. ) ;
#2393 = CARTESIAN_POINT ( 'NONE',  ( -33.69677363529524428, 42.79827236540801039, -32.06415701505371629 ) ) ;
#2394 = CARTESIAN_POINT ( 'NONE',  ( -42.62031228415366968, 75.23276251545792093, -47.88935570772444095 ) ) ;
#2395 = CARTESIAN_POINT ( 'NONE',  ( -47.00000000000000000, 223.0766262928863171, -3.435922054811924031 ) ) ;
#2396 = CARTESIAN_POINT ( 'NONE',  ( -45.51935232921328378, 52.44175755770030634, 44.99031566266479842 ) ) ;
#2397 = ORIENTED_EDGE ( 'NONE', *, *, #4020, .F. ) ;
#2398 = CARTESIAN_POINT ( 'NONE',  ( -31.92684771948879785, 41.21309918220622848, 33.83408293086011298 ) ) ;
#2399 = CARTESIAN_POINT ( 'NONE',  ( 46.99255975965463250, 212.6450684569868486, -0.8397189570709606699 ) ) ;
#2400 = CARTESIAN_POINT ( 'NONE',  ( 30.80394296248341846, 51.99999999999999289, 35.45918685583342267 ) ) ;
#2401 = CARTESIAN_POINT ( 'NONE',  ( 24.96626355950889931, 111.3121957717727071, -40.79466709084002218 ) ) ;
#2402 = CARTESIAN_POINT ( 'NONE',  ( 40.57183789878038027, 143.4569695494772361, -49.93783009309771614 ) ) ;
#2403 = CARTESIAN_POINT ( 'NONE',  ( -45.77674598141886975, 54.62836855260160718, -44.73292201045924088 ) ) ;
#2404 = DIRECTION ( 'NONE',  ( 0.000000000000000000, -1.000000000000000000, 0.000000000000000000 ) ) ;
#2405 = VERTEX_POINT ( 'NONE', #1222 ) ;
#2406 = CARTESIAN_POINT ( 'NONE',  ( 40.79466709084000797, 111.3121957717727071, -24.96626355950890641 ) ) ;
#2407 = LINE ( 'NONE', #4658, #5254 ) ;
#2408 = CARTESIAN_POINT ( 'NONE',  ( -41.36857510098818835, 141.0186408901463437, -24.39235554936074735 ) ) ;
#2409 = EDGE_LOOP ( 'NONE', ( #493, #3329, #7174, #1107, #5346, #4695, #3182, #6176, #6702, #3549, #6230, #407 ) ) ;
#2410 = CARTESIAN_POINT ( 'NONE',  ( -27.14520631302988818, 151.2543003863566184, -41.99181708300331195 ) ) ;
#2411 = CARTESIAN_POINT ( 'NONE',  ( 47.00000000000000000, 160.4585312546849991, -0.2841225884134122026 ) ) ;
#2412 = CARTESIAN_POINT ( 'NONE',  ( 33.17716150233879802, 36.58494384897175422, -32.58376914801011992 ) ) ;
#2413 = DIRECTION ( 'NONE',  ( -0.7071067811865475727, 0.000000000000000000, -0.7071067811865475727 ) ) ;
#2414 = CARTESIAN_POINT ( 'NONE',  ( -49.99264442300617617, 266.7552437443340523, -0.8662685217448538033 ) ) ;
#2415 = CARTESIAN_POINT ( 'NONE',  ( -41.38727259838148598, 126.6764942988443892, 24.37365805196743196 ) ) ;
#2416 = CARTESIAN_POINT ( 'NONE',  ( -32.58376914801012703, 36.58494384897175422, -33.17716150233881223 ) ) ;
#2417 = CARTESIAN_POINT ( 'NONE',  ( -37.71505118858642902, 340.0000000000000000, -28.04587946176250313 ) ) ;
#2418 = CARTESIAN_POINT ( 'NONE',  ( -35.57395586169644019, 172.3895762982198221, 35.13572767647076489 ) ) ;
#2419 = EDGE_CURVE ( 'NONE', #5183, #6544, #4567, .T. ) ;
#2420 = CARTESIAN_POINT ( 'NONE',  ( 39.91748297430892478, 120.2343318316845853, -50.59218501756916453 ) ) ;
#2421 = CARTESIAN_POINT ( 'NONE',  ( 36.87807467727506605, 49.44931349178472857, -33.65783052772525252 ) ) ;
#2422 = CARTESIAN_POINT ( 'NONE',  ( -35.25557274529061402, 52.00000000000000000, 30.50535790505831102 ) ) ;
#2423 = CARTESIAN_POINT ( 'NONE',  ( 0.000000000000000000, 2.000000000000000000, -0.4000000000000000222 ) ) ;
#2424 = CARTESIAN_POINT ( 'NONE',  ( 33.48841238799288078, 171.5561179699247134, -37.12955697799699095 ) ) ;
#2425 = ADVANCED_FACE ( 'NONE', ( #1729 ), #150, .F. ) ;
#2426 = ORIENTED_EDGE ( 'NONE', *, *, #6497, .T. ) ;
#2427 = ORIENTED_EDGE ( 'NONE', *, *, #7061, .T. ) ;
#2428 = CARTESIAN_POINT ( 'NONE',  ( -33.89148396714931266, 42.89533910137051009, -31.86944668319964435 ) ) ;
#2429 = CARTESIAN_POINT ( 'NONE',  ( 0.000000000000000000, 57.99999999999999289, 46.99996213765929554 ) ) ;
#2430 = CARTESIAN_POINT ( 'NONE',  ( -47.00000000000000000, 254.9285904774020821, -3.139449734291466676 ) ) ;
#2431 = CARTESIAN_POINT ( 'NONE',  ( -44.99031566266479842, 52.44175755770029923, 45.51935232921329799 ) ) ;
#2432 = CARTESIAN_POINT ( 'NONE',  ( 49.95706216199204874, 261.9560307230838134, -2.071950637384306404 ) ) ;
#2433 = AXIS2_PLACEMENT_3D ( 'NONE', #2145, #460, #1637 ) ;
#2434 = ADVANCED_FACE ( 'NONE', ( #4029 ), #3231, .T. ) ;
#2435 = PLANE ( 'NONE',  #1196 ) ;
#2436 = CARTESIAN_POINT ( 'NONE',  ( 32.66833329081848802, 35.99999999999999289, -33.09259735953042991 ) ) ;
#2437 = CARTESIAN_POINT ( 'NONE',  ( 30.94645188787809786, 48.51213425699023674, -34.81447876247082007 ) ) ;
#2438 = CARTESIAN_POINT ( 'NONE',  ( 50.64418028391640547, 124.0985968565961741, -39.86548770796168384 ) ) ;
#2439 = CIRCLE ( 'NONE', #2996, 46.99996213765929554 ) ;
#2440 = CARTESIAN_POINT ( 'NONE',  ( -34.81447876247083428, 48.51213425699023674, -30.94645188787811207 ) ) ;
#2441 = CARTESIAN_POINT ( 'NONE',  ( 36.14363019647821318, 172.2360455000678598, 34.55038136064774079 ) ) ;
#2442 = ORIENTED_EDGE ( 'NONE', *, *, #6411, .T. ) ;
#2443 = CARTESIAN_POINT ( 'NONE',  ( 31.08035469695842679, 175.3233815820528605, -34.68057595339048760 ) ) ;
#2444 = CARTESIAN_POINT ( 'NONE',  ( -50.49399183426302073, 134.5090890707682831, -40.01567615761508989 ) ) ;
#2445 = ORIENTED_EDGE ( 'NONE', *, *, #176, .T. ) ;
#2446 = CARTESIAN_POINT ( 'NONE',  ( -41.18630044091845122, 95.00178607669278108, -28.35440726274761403 ) ) ;
#2447 = CARTESIAN_POINT ( 'NONE',  ( 108.0000000000000000, 222.1604013880388493, -2.056595995933441223E-15 ) ) ;
#2448 = PLANE ( 'NONE',  #4522 ) ;
#2449 = CARTESIAN_POINT ( 'NONE',  ( -34.56783199814906027, 175.0603972572625935, 31.84627522967819502 ) ) ;
#2450 = CARTESIAN_POINT ( 'NONE',  ( -49.97729515213317342, 265.2493064197394119, 1.513004568925013116 ) ) ;
#2451 = B_SPLINE_CURVE_WITH_KNOTS ( 'NONE', 3,
 ( #2606, #1591, #5499, #7170, #3265 ),
 .UNSPECIFIED., .F., .F.,
 ( 4, 1, 4 ),
 ( 0.9437396062487697357, 0.9462942583527024221, 0.9752823015947369445 ),
 .UNSPECIFIED. ) ;
#2452 = CARTESIAN_POINT ( 'NONE',  ( -43.97682058470661559, 61.44371818057052792, -46.53284740717148082 ) ) ;
#2453 = CARTESIAN_POINT ( 'NONE',  ( 49.93783009309770904, 143.4569695494772930, -40.57183789878038027 ) ) ;
#2454 = CARTESIAN_POINT ( 'NONE',  ( -38.87472714422764852, 168.8494741638809842, 31.44502779985428020 ) ) ;
#2455 = CARTESIAN_POINT ( 'NONE',  ( 24.37365805196742130, 126.6764942988443892, -41.38727259838148598 ) ) ;
#2456 = CARTESIAN_POINT ( 'NONE',  ( 41.19064070390658827, 148.1781441586250878, 49.31902728797151525 ) ) ;
#2457 = AXIS2_PLACEMENT_3D ( 'NONE', #5023, #3382, #7182 ) ;
#2458 = CARTESIAN_POINT ( 'NONE',  ( -45.57187448734443791, 52.88466077438591384, -44.93779350453367272 ) ) ;
#2459 = DIRECTION ( 'NONE',  ( 0.000000000000000000, 0.000000000000000000, -1.000000000000000000 ) ) ;
#2460 = CARTESIAN_POINT ( 'NONE',  ( 32.19888822754670343, 170.1142467439717905, -38.25277611542248479 ) ) ;
#2461 = EDGE_CURVE ( 'NONE', #954, #2026, #3060, .T. ) ;
#2462 = EDGE_LOOP ( 'NONE', ( #1030, #2836, #4640, #6758 ) ) ;
#2463 = ORIENTED_EDGE ( 'NONE', *, *, #7122, .T. ) ;
#2464 = CARTESIAN_POINT ( 'NONE',  ( -24.69734275216253749, 116.6762642137271371, -41.06358789818640531 ) ) ;
#2465 = DIRECTION ( 'NONE',  ( -0.5218651776778592266, -0.6747691995449354163, -0.5218651776778592266 ) ) ;
#2466 = EDGE_CURVE ( 'NONE', #6158, #1470, #5193, .T. ) ;
#2467 = CARTESIAN_POINT ( 'NONE',  ( -47.00000000000000000, 218.9313642205669339, -3.332580657541732716 ) ) ;
#2468 = CARTESIAN_POINT ( 'NONE',  ( -32.88046532517444120, 176.5866740378391739, 32.88046532517448384 ) ) ;
#2469 = CARTESIAN_POINT ( 'NONE',  ( 49.98540131473456682, 266.0036018151652115, 1.232609278104570549 ) ) ;
#2470 = B_SPLINE_CURVE_WITH_KNOTS ( 'NONE', 3,
 ( #6835, #4700, #6904, #6362 ),
 .UNSPECIFIED., .F., .F.,
 ( 4, 4 ),
 ( 0.000000000000000000, 0.01571456560818393355 ),
 .UNSPECIFIED. ) ;
#2471 = ORIENTED_EDGE ( 'NONE', *, *, #141, .F. ) ;
#2472 = CARTESIAN_POINT ( 'NONE',  ( 29.67952824767895237, 58.70654625247946967, 36.08140240266998688 ) ) ;
#2473 = CARTESIAN_POINT ( 'NONE',  ( -33.29355735933108917, 42.66555434063411667, 32.46737329101784297 ) ) ;
#2474 = CARTESIAN_POINT ( 'NONE',  ( 27.19834591289387049, 166.8763353538258514, -38.56258473745504745 ) ) ;
#2475 = CARTESIAN_POINT ( 'NONE',  ( -38.00000000000000000, 58.00000000000000000, -21.00000000000000000 ) ) ;
#2476 = VERTEX_POINT ( 'NONE', #2285 ) ;
#2477 = CARTESIAN_POINT ( 'NONE',  ( 38.11112295582793763, 170.3459842883284523, 32.36658742415065859 ) ) ;
#2478 = ORIENTED_EDGE ( 'NONE', *, *, #6135, .T. ) ;
#2479 = CARTESIAN_POINT ( 'NONE',  ( 48.61958615814599938, 152.1318062554275912, 41.89008183373210414 ) ) ;
#2480 = CARTESIAN_POINT ( 'NONE',  ( -108.0000000000000000, 204.9984294160720424, -1.407972151344733858 ) ) ;
#2481 = VERTEX_POINT ( 'NONE', #6316 ) ;
#2482 = DIRECTION ( 'NONE',  ( -0.7071067811865474617, 0.000000000000000000, -0.7071067811865474617 ) ) ;
#2483 = CARTESIAN_POINT ( 'NONE',  ( -39.62546294327303542, 74.95886082563336572, -30.50265559212950706 ) ) ;
#2484 = CARTESIAN_POINT ( 'NONE',  ( 47.00000000000000000, 266.9817559752150373, -1.823765569793514008 ) ) ;
#2485 = CARTESIAN_POINT ( 'NONE',  ( -40.11998767400631039, 112.7299032302373263, 50.38968031787177893 ) ) ;
#2486 = DIRECTION ( 'NONE',  ( -0.000000000000000000, 1.000000000000000000, -0.000000000000000000 ) ) ;
#2487 = CARTESIAN_POINT ( 'NONE',  ( -49.98055880591082456, 179.1420416725459575, 1.475636790342401250 ) ) ;
#2488 = VECTOR ( 'NONE', #6277, 1000.000000000000000 ) ;
#2489 = DIRECTION ( 'NONE',  ( 0.000000000000000000, -0.000000000000000000, -1.000000000000000000 ) ) ;
#2490 = CARTESIAN_POINT ( 'NONE',  ( -39.45967609108421925, 167.1820244838609710, 30.70837199911920479 ) ) ;
#2491 = CARTESIAN_POINT ( 'NONE',  ( 26.53717206652076399, 163.8347417721553541, -39.22375858382815039 ) ) ;
#2492 = VECTOR ( 'NONE', #3222, 1000.000000000000000 ) ;
#2493 = CARTESIAN_POINT ( 'NONE',  ( 42.36324379412032215, 153.8348667856811858, 48.14642419775779558 ) ) ;
#2494 = CARTESIAN_POINT ( 'NONE',  ( -35.63270687126060920, 54.97802726448587407, -30.12822377908833360 ) ) ;
#2495 = CARTESIAN_POINT ( 'NONE',  ( 28.04587946176250313, 340.0000000000000000, 37.71505118858642902 ) ) ;
#2496 = CARTESIAN_POINT ( 'NONE',  ( 29.99793184607197816, 165.1521464230335710, -40.00232266548496085 ) ) ;
#2497 = ORIENTED_EDGE ( 'NONE', *, *, #5215, .F. ) ;
#2498 = CARTESIAN_POINT ( 'NONE',  ( -38.43390449649707108, 80.61020279584469961, -27.32702615385186462 ) ) ;
#2499 = CARTESIAN_POINT ( 'NONE',  ( 46.98886141627406232, 211.7254980694067115, -1.022801511781935124 ) ) ;
#2500 = CARTESIAN_POINT ( 'NONE',  ( -47.00000000000000000, 262.3741519413206902, -2.327531496599664962 ) ) ;
#2501 = CARTESIAN_POINT ( 'NONE',  ( 49.99703806078347412, 267.2571945688090977, -0.5520385651617569778 ) ) ;
#2502 = ORIENTED_EDGE ( 'NONE', *, *, #2017, .F. ) ;
#2503 = CARTESIAN_POINT ( 'NONE',  ( 30.12822377908833005, 54.97802726448587407, 35.63270687126060210 ) ) ;
#2504 = EDGE_CURVE ( 'NONE', #3874, #1948, #3998, .T. ) ;
#2505 = CARTESIAN_POINT ( 'NONE',  ( 43.19369017679609613, 69.12979561808752749, -47.31597781508199319 ) ) ;
#2506 = LINE ( 'NONE', #1752, #2545 ) ;
#2507 = CARTESIAN_POINT ( 'NONE',  ( 33.09259735953043702, 36.00000000000000000, 32.66833329081850223 ) ) ;
#2508 = EDGE_CURVE ( 'NONE', #5145, #5727, #1777, .T. ) ;
#2509 = CARTESIAN_POINT ( 'NONE',  ( 33.26194495473986734, 37.17140469785623935, -32.49898569560905059 ) ) ;
#2510 = CARTESIAN_POINT ( 'NONE',  ( 41.31997436739963803, 157.8790455269215727, 28.15541547932528843 ) ) ;
#2511 = EDGE_LOOP ( 'NONE', ( #444, #4745, #5717, #3686, #5286, #2176 ) ) ;
#2512 = CARTESIAN_POINT ( 'NONE',  ( 45.25483399593905176, 94.50000000000000000, 45.25483399593905176 ) ) ;
#2513 = EDGE_CURVE ( 'NONE', #2797, #5585, #1232, .T. ) ;
#2514 = CARTESIAN_POINT ( 'NONE',  ( -36.72941530738230398, 63.16230588991587780, 29.33832402439912101 ) ) ;
#2515 = CARTESIAN_POINT ( 'NONE',  ( 33.65753773153345207, 49.45210526212274971, -36.87847621481377303 ) ) ;
#2516 = CARTESIAN_POINT ( 'NONE',  ( -42.53846368260479238, 127.7342765327587273, -26.27698492125257346 ) ) ;
#2517 = PLANE ( 'NONE',  #3466 ) ;
#2518 = CARTESIAN_POINT ( 'NONE',  ( -24.69734275216252328, 116.6762642137271513, 41.06358789818639110 ) ) ;
#2519 = FACE_BOUND ( 'NONE', #1985, .T. ) ;
#2520 = FACE_BOUND ( 'NONE', #5114, .T. ) ;
#2521 = EDGE_CURVE ( 'NONE', #2978, #4877, #6782, .T. ) ;
#2522 = CARTESIAN_POINT ( 'NONE',  ( -24.29434890298206540, 131.8280114082709815, 41.46658174736685254 ) ) ;
#2523 = CARTESIAN_POINT ( 'NONE',  ( -33.28693591194103618, 171.3761559227131954, 37.31012873558915288 ) ) ;
#2524 = CARTESIAN_POINT ( 'NONE',  ( -36.43109891601192629, 172.9891755310175085, -29.70024544798777910 ) ) ;
#2525 = CARTESIAN_POINT ( 'NONE',  ( 41.74177417787064570, 85.62404022679615423, 48.76789381400746493 ) ) ;
#2526 = CARTESIAN_POINT ( 'NONE',  ( -36.46736499287372624, 173.1609393494194364, -29.29356565747520946 ) ) ;
#2527 = CARTESIAN_POINT ( 'NONE',  ( 32.66833329081848802, 35.99999999999999289, -33.09259735953042991 ) ) ;
#2528 = CARTESIAN_POINT ( 'NONE',  ( 32.71836957137101365, 170.7839353711384263, -37.80954862241287628 ) ) ;
#2529 = EDGE_LOOP ( 'NONE', ( #4368, #5645, #2206, #6193 ) ) ;
#2530 = CARTESIAN_POINT ( 'NONE',  ( -49.05663547162955496, 89.40149471062304087, -41.45303252024855567 ) ) ;
#2531 = CARTESIAN_POINT ( 'NONE',  ( 46.99256891767858946, 211.3542661126024598, 0.8392249818351562585 ) ) ;
#2532 = CARTESIAN_POINT ( 'NONE',  ( -108.0000000000000142, 203.7731879320645305, -1.344733633374165738 ) ) ;
#2533 = CARTESIAN_POINT ( 'NONE',  ( -43.97682058470661559, 61.44371818057052792, 46.53284740717148082 ) ) ;
#2534 = CARTESIAN_POINT ( 'NONE',  ( 49.88015961303176482, 239.4061085785753278, 3.459971158321283990 ) ) ;
#2535 = ORGANIZATION ( 'UNSPECIFIED', 'UNSPECIFIED', '' ) ;
#2536 = CARTESIAN_POINT ( 'NONE',  ( 39.91748297430893189, 120.2343318316845853, 50.59218501756917874 ) ) ;
#2537 = CARTESIAN_POINT ( 'NONE',  ( 41.20721490222918959, 145.7020373835961493, 24.55371574811973545 ) ) ;
#2538 = DIRECTION ( 'NONE',  ( 0.000000000000000000, 0.5429190384632399669, 0.8397850425401437446 ) ) ;
#2539 = CIRCLE ( 'NONE', #3118, 40.00000000000000000 ) ;
#2540 = CARTESIAN_POINT ( 'NONE',  ( 33.50048380369551637, 171.5663486130584090, 37.11866614447522039 ) ) ;
#2541 = ORIENTED_EDGE ( 'NONE', *, *, #586, .T. ) ;
#2542 = CARTESIAN_POINT ( 'NONE',  ( 42.86151494923076655, 72.49854646718330287, 47.64815304264734408 ) ) ;
#2543 = EDGE_CURVE ( 'NONE', #6097, #5550, #4806, .T. ) ;
#2544 = CARTESIAN_POINT ( 'NONE',  ( 47.88935570772444805, 75.23276251545793514, 42.62031228415367679 ) ) ;
#2545 = VECTOR ( 'NONE', #502, 1000.000000000000227 ) ;
#2546 = CARTESIAN_POINT ( 'NONE',  ( -108.0000000000000000, 191.9302026907495247, -0.5265706568650424524 ) ) ;
#2547 = CARTESIAN_POINT ( 'NONE',  ( 35.25557465778358335, 52.00000000000000000, -30.50535599256534169 ) ) ;
#2548 = CARTESIAN_POINT ( 'NONE',  ( -38.67037218050491276, 64.96805734563962176, -31.70475716768706675 ) ) ;
#2549 = CARTESIAN_POINT ( 'NONE',  ( 108.0000000000000142, 210.0060237486753181, 1.543678944899053773 ) ) ;
#2550 = CARTESIAN_POINT ( 'NONE',  ( -41.59764216673600146, 150.5005888525397495, 48.91202582514208075 ) ) ;
#2551 = EDGE_CURVE ( 'NONE', #647, #6290, #1853, .T. ) ;
#2552 = CARTESIAN_POINT ( 'NONE',  ( -34.15356504387186476, 43.91303109689122408, 35.98579126513809001 ) ) ;
#2553 = CARTESIAN_POINT ( 'NONE',  ( -49.87997736561590045, 239.1953253636337422, 3.462581631416211447 ) ) ;
#2554 = CARTESIAN_POINT ( 'NONE',  ( -41.20721490222918248, 145.7020373835962062, 24.55371574811973545 ) ) ;
#2555 = DIRECTION ( 'NONE',  ( 0.7071067811865472397, 0.000000000000000000, -0.7071067811865479058 ) ) ;
#2556 = DIRECTION ( 'NONE',  ( 0.000000000000000000, 1.000000000000000000, 0.000000000000000000 ) ) ;
#2557 = CARTESIAN_POINT ( 'NONE',  ( -37.50420821734639532, 170.3776853043403037, -28.32786105134656651 ) ) ;
#2558 = VERTEX_POINT ( 'NONE', #2972 ) ;
#2559 = CARTESIAN_POINT ( 'NONE',  ( 41.45303252024856278, 89.40149471062305508, 49.05663547162955496 ) ) ;
#2560 = CARTESIAN_POINT ( 'NONE',  ( -41.19064070390658827, 148.1781441586251447, -49.31902728797152236 ) ) ;
#2561 = CARTESIAN_POINT ( 'NONE',  ( 32.49898569560905059, 37.17140469785621093, -33.26194495473986734 ) ) ;
#2562 = CARTESIAN_POINT ( 'NONE',  ( 29.80966340995571429, 164.5601747625458415, -40.14265841673948643 ) ) ;
#2563 = EDGE_LOOP ( 'NONE', ( #662, #5980, #223, #3218, #1364, #697 ) ) ;
#2564 = CARTESIAN_POINT ( 'NONE',  ( -42.78460399787553570, 155.3921848145515412, -47.72506399400257493 ) ) ;
#2565 = CARTESIAN_POINT ( 'NONE',  ( -35.22013773123445901, 39.76829606710785470, -34.44339648251114738 ) ) ;
#2566 = CARTESIAN_POINT ( 'NONE',  ( -108.0000000000000000, 188.8455625563293552, -0.2356386559728526897 ) ) ;
#2567 = CARTESIAN_POINT ( 'NONE',  ( -34.68057595339049470, 175.3233815820528605, -31.08035469695844100 ) ) ;
#2568 = CARTESIAN_POINT ( 'NONE',  ( -25.10761244709871676, 153.6225640485287727, 40.65331820325018697 ) ) ;
#2569 = CARTESIAN_POINT ( 'NONE',  ( 49.90004989492314991, 250.5606248189319842, 3.160877902677657225 ) ) ;
#2570 = AXIS2_PLACEMENT_3D ( 'NONE', #4770, #6974, #3720 ) ;
#2571 = ORIENTED_EDGE ( 'NONE', *, *, #2273, .F. ) ;
#2572 = CARTESIAN_POINT ( 'NONE',  ( 24.29434890298207961, 131.8280114082709815, 41.46658174736686675 ) ) ;
#2573 = CARTESIAN_POINT ( 'NONE',  ( 24.96626355950889931, 111.3121957717727071, -40.79466709084002218 ) ) ;
#2574 = CARTESIAN_POINT ( 'NONE',  ( 30.80394296248341846, 51.99999999999999289, 35.45918685583342267 ) ) ;
#2575 = CARTESIAN_POINT ( 'NONE',  ( 47.03874315999062361, 66.31954352124843410, 43.47092483188747281 ) ) ;
#2576 = CARTESIAN_POINT ( 'NONE',  ( -36.07334018334866244, 174.1961081890043204, -29.68759046700027326 ) ) ;
#2577 = CARTESIAN_POINT ( 'NONE',  ( 33.91249852952400801, 171.8815705400468516, 36.74262150298627461 ) ) ;
#2578 = CARTESIAN_POINT ( 'NONE',  ( 39.96209002659446696, 116.5874508295665777, 50.54757796528364366 ) ) ;
#2579 = CARTESIAN_POINT ( 'NONE',  ( 41.06358789818639821, 116.6762642137271513, 24.69734275216253749 ) ) ;
#2580 = ORIENTED_EDGE ( 'NONE', *, *, #2198, .T. ) ;
#2581 = FACE_OUTER_BOUND ( 'NONE', #6481, .T. ) ;
#2582 = DIRECTION ( 'NONE',  ( 0.7071067811865479058, 0.000000000000000000, 0.7071067811865472397 ) ) ;
#2583 = CARTESIAN_POINT ( 'NONE',  ( 47.00000000000000000, 206.7281651688462034, 2.920414631902330527 ) ) ;
#2584 = CARTESIAN_POINT ( 'NONE',  ( -28.75104949436351376, 66.80701258836774059, 37.00988115598539707 ) ) ;
#2585 = CARTESIAN_POINT ( 'NONE',  ( 40.79466709084000797, 111.3121957717727071, -24.96626355950890641 ) ) ;
#2586 = CARTESIAN_POINT ( 'NONE',  ( -49.87975240298576551, 230.2881154146127471, 3.465720914810209941 ) ) ;
#2587 = LINE ( 'NONE', #3650, #304 ) ;
#2588 = CARTESIAN_POINT ( 'NONE',  ( 0.000000000000000000, 52.00000000000000000, 0.000000000000000000 ) ) ;
#2589 = EDGE_CURVE ( 'NONE', #1653, #6775, #5726, .T. ) ;
#2590 = ORIENTED_EDGE ( 'NONE', *, *, #4335, .T. ) ;
#2591 = CARTESIAN_POINT ( 'NONE',  ( 26.85867340158342387, 85.63114929373708151, 38.90225724876550828 ) ) ;
#2592 = CARTESIAN_POINT ( 'NONE',  ( -50.58970023380037873, 130.9941881811295445, -39.91996775807773901 ) ) ;
#2593 = CARTESIAN_POINT ( 'NONE',  ( 26.85867340158341321, 85.63114929373708151, -38.90225724876550117 ) ) ;
#2594 = CARTESIAN_POINT ( 'NONE',  ( -41.46658174736685964, 131.8280114082709815, -24.29434890298207961 ) ) ;
#2595 = AXIS2_PLACEMENT_3D ( 'NONE', #335, #1403, #6447 ) ;
#2596 = AXIS2_PLACEMENT_3D ( 'NONE', #6102, #4404, #1639 ) ;
#2597 = VERTEX_POINT ( 'NONE', #2400 ) ;
#2598 = CARTESIAN_POINT ( 'NONE',  ( -25.10761244709873097, 153.6225640485287443, -40.65331820325020118 ) ) ;
#2599 = FACE_OUTER_BOUND ( 'NONE', #2409, .T. ) ;
#2600 = CARTESIAN_POINT ( 'NONE',  ( -46.53284740717148082, 61.44371818057052792, -43.97682058470662270 ) ) ;
#2601 = CARTESIAN_POINT ( 'NONE',  ( -45.92619372941035749, 55.93620152028918824, 44.58347426246772471 ) ) ;
#2602 = CARTESIAN_POINT ( 'NONE',  ( -43.67497383246008269, 64.24886354028815560, 46.83469415941799951 ) ) ;
#2603 = ORIENTED_EDGE ( 'NONE', *, *, #5376, .F. ) ;
#2604 = CARTESIAN_POINT ( 'NONE',  ( 26.53717206652077820, 163.8347417721553541, 39.22375858382816460 ) ) ;
#2605 = CARTESIAN_POINT ( 'NONE',  ( 41.00000000000000000, 58.00000000000000000, -21.00000000000000000 ) ) ;
#2606 = CARTESIAN_POINT ( 'NONE',  ( -35.25557465788109823, 52.00000000784751109, -30.50535599246784457 ) ) ;
#2607 = CARTESIAN_POINT ( 'NONE',  ( 5.755835319193124785E-15, 340.0000000000000000, -46.99996213765929554 ) ) ;
#2608 = CYLINDRICAL_SURFACE ( 'NONE', #1143, 1.050000000000000044 ) ;
#2609 = CARTESIAN_POINT ( 'NONE',  ( 34.44736847863528340, 45.71524904810725332, 31.31356217171364520 ) ) ;
#2610 = CARTESIAN_POINT ( 'NONE',  ( 49.74986063416525894, 145.8271779734263021, 40.75980735771284458 ) ) ;
#2611 = CARTESIAN_POINT ( 'NONE',  ( 35.25557465562761195, 52.00000000000000000, 30.50535599403128373 ) ) ;
#2612 = CARTESIAN_POINT ( 'NONE',  ( -41.45303252024854146, 89.40149471062302666, 49.05663547162955496 ) ) ;
#2613 = CARTESIAN_POINT ( 'NONE',  ( 36.04734683592621991, 57.99999999999999289, 29.85456570832901591 ) ) ;
#2614 = CARTESIAN_POINT ( 'NONE',  ( -49.31902728797149393, 148.1781441586250878, 41.19064070390658117 ) ) ;
#2615 = CARTESIAN_POINT ( 'NONE',  ( -34.44339648251114028, 39.76829606710787601, 35.22013773123448033 ) ) ;
#2616 = CARTESIAN_POINT ( 'NONE',  ( -49.95969246208958481, 262.5090558390237447, 2.007527931143981093 ) ) ;
#2617 = ORIENTED_EDGE ( 'NONE', *, *, #2543, .F. ) ;
#2618 = FACE_BOUND ( 'NONE', #3636, .T. ) ;
#2619 = CARTESIAN_POINT ( 'NONE',  ( -40.10103315935766233, 137.5203383235722185, -50.40863483252044830 ) ) ;
#2620 = CARTESIAN_POINT ( 'NONE',  ( 49.93783009309770904, 143.4569695494772930, -40.57183789878038027 ) ) ;
#2621 = CARTESIAN_POINT ( 'NONE',  ( -29.31272387618463071, 172.3557253146921937, -36.73995031797405630 ) ) ;
#2622 = ORIENTED_EDGE ( 'NONE', *, *, #4693, .F. ) ;
#2623 = CARTESIAN_POINT ( 'NONE',  ( 34.44339636571282881, 39.76829827018089247, 35.22013817769529709 ) ) ;
#2624 = CARTESIAN_POINT ( 'NONE',  ( -26.00954371031358647, 95.69680212022358035, -39.75138694003535278 ) ) ;
#2625 = CARTESIAN_POINT ( 'NONE',  ( 41.45303252024854146, 89.40149471062304087, -49.05663547162954075 ) ) ;
#2626 = B_SPLINE_CURVE_WITH_KNOTS ( 'NONE', 3,
 ( #1468, #4201, #5922, #4708 ),
 .UNSPECIFIED., .F., .F.,
 ( 4, 4 ),
 ( 0.01747249955575045505, 0.01777699149090819150 ),
 .UNSPECIFIED. ) ;
#2627 = CARTESIAN_POINT ( 'NONE',  ( -48.91202582514209496, 150.5005888525396927, -41.59764216673601567 ) ) ;
#2628 = EDGE_CURVE ( 'NONE', #609, #3764, #4611, .T. ) ;
#2629 = CARTESIAN_POINT ( 'NONE',  ( -26.00954371031358647, 95.69680212022358035, -39.75138694003535278 ) ) ;
#2630 = CARTESIAN_POINT ( 'NONE',  ( -32.66833329081848802, 36.00000000000000000, 33.09259735953042991 ) ) ;
#2631 = CARTESIAN_POINT ( 'NONE',  ( -33.09259735953043702, 35.99999999999999289, -32.66833329081850223 ) ) ;
#2632 = CARTESIAN_POINT ( 'NONE',  ( -50.58970023380035741, 130.9941881811295445, 39.91996775807773190 ) ) ;
#2633 = CARTESIAN_POINT ( 'NONE',  ( 39.75138694003535278, 95.69680212022356613, 26.00954371031358647 ) ) ;
#2634 = CARTESIAN_POINT ( 'NONE',  ( -45.04270196158307726, 52.00000000000000000, 45.46696603029501205 ) ) ;
#2635 = ADVANCED_FACE ( 'NONE', ( #4109 ), #554, .T. ) ;
#2636 = ORIENTED_EDGE ( 'NONE', *, *, #2227, .F. ) ;
#2637 = CARTESIAN_POINT ( 'NONE',  ( 28.04587946176250313, 73.51205123985398870, 37.71505118858642902 ) ) ;
#2638 = ORIENTED_EDGE ( 'NONE', *, *, #6892, .T. ) ;
#2639 = CARTESIAN_POINT ( 'NONE',  ( 41.38727259838149308, 126.6764942988443892, 24.37365805196743551 ) ) ;
#2640 = CARTESIAN_POINT ( 'NONE',  ( -47.31597781508200029, 69.12979561808752749, -43.19369017679611034 ) ) ;
#2641 = DIRECTION ( 'NONE',  ( -0.7071067811865474617, -0.000000000000000000, -0.7071067811865474617 ) ) ;
#2642 = CARTESIAN_POINT ( 'NONE',  ( -30.50535599256534169, 52.00000000000000000, -35.25557465778359756 ) ) ;
#2643 = CARTESIAN_POINT ( 'NONE',  ( -35.77960312803932652, 94.50000000000000000, -29.98132752230961984 ) ) ;
#2644 = ADVANCED_FACE ( 'NONE', ( #3931 ), #6298, .T. ) ;
#2645 = CIRCLE ( 'NONE', #3584, 50.00000000000000000 ) ;
#2646 = CARTESIAN_POINT ( 'NONE',  ( 31.85388218794960125, 175.0649071256384275, -34.56082353834284504 ) ) ;
#2648 = CARTESIAN_POINT ( 'NONE',  ( -108.0000000000000000, 188.0000000000000000, 0.1499999999999999944 ) ) ;
#2647 = PRODUCT_DEFINITION_FORMATION_WITH_SPECIFIED_SOURCE ( 'ANY', '', #3358, .NOT_KNOWN. ) ;
#2649 = CARTESIAN_POINT ( 'NONE',  ( -24.37365805196742130, 126.6764942988443892, 41.38727259838148598 ) ) ;
#2650 = CARTESIAN_POINT ( 'NONE',  ( 108.0000000000000142, 213.4833387586855622, 1.528005135380340107 ) ) ;
#2651 = LINE ( 'NONE', #5127, #442 ) ;
#2652 = CARTESIAN_POINT ( 'NONE',  ( -32.98532786528267735, 54.99999999999999289, 37.57616459432502865 ) ) ;
#2653 = FACE_OUTER_BOUND ( 'NONE', #3071, .T. ) ;
#2654 = CARTESIAN_POINT ( 'NONE',  ( -35.77960312803932652, 145.5000000000000000, -29.98132752230961984 ) ) ;
#2655 = VECTOR ( 'NONE', #3241, 999.9999999999998863 ) ;
#2656 = VERTEX_POINT ( 'NONE', #3715 ) ;
#2657 = CARTESIAN_POINT ( 'NONE',  ( -45.04270196158309147, 52.00000000000000000, -45.46696603029501915 ) ) ;
#2658 = CARTESIAN_POINT ( 'NONE',  ( 37.49320649782438863, 71.28898199371604960, -28.26772415252453641 ) ) ;
#2659 = CARTESIAN_POINT ( 'NONE',  ( 31.30679872303169375, 45.76678388289742117, -34.45413192731722063 ) ) ;
#2660 = ORIENTED_EDGE ( 'NONE', *, *, #1668, .F. ) ;
#2661 = CARTESIAN_POINT ( 'NONE',  ( 34.15368864456461750, 43.91141705726553113, 35.98550691814760683 ) ) ;
#2662 = VECTOR ( 'NONE', #5639, 1000.000000000000000 ) ;
#2663 = CARTESIAN_POINT ( 'NONE',  ( -41.59764216673602277, 150.5005888525397495, -48.91202582514209496 ) ) ;
#2664 = CARTESIAN_POINT ( 'NONE',  ( 46.30576403225039428, 59.33385514974001751, -44.20390395962768793 ) ) ;
#2665 = CARTESIAN_POINT ( 'NONE',  ( -47.03874315999063072, 66.31954352124841989, -43.47092483188748702 ) ) ;
#2666 = CARTESIAN_POINT ( 'NONE',  ( 28.26772415252452220, 71.28898199371606381, -37.49320649782438863 ) ) ;
#2667 = CARTESIAN_POINT ( 'NONE',  ( 45.92619372941038591, 55.93620152028918824, 44.58347426246773892 ) ) ;
#2668 = CARTESIAN_POINT ( 'NONE',  ( 32.58376914801012703, 36.58494384897174712, 33.17716150233881223 ) ) ;
#2669 = CARTESIAN_POINT ( 'NONE',  ( -30.94645188787809786, 48.51213425699024384, 34.81447876247082007 ) ) ;
#2670 = CARTESIAN_POINT ( 'NONE',  ( -43.47092483188747281, 66.31954352124843410, -47.03874315999063072 ) ) ;
#2671 = CARTESIAN_POINT ( 'NONE',  ( -38.90225724876550117, 85.63114929373708151, 26.85867340158341676 ) ) ;
#2672 = CARTESIAN_POINT ( 'NONE',  ( 49.99614057289628732, 170.2571451155072566, -0.9099043499465507834 ) ) ;
#2673 = VERTEX_POINT ( 'NONE', #937 ) ;
#2674 = EDGE_CURVE ( 'NONE', #4877, #6444, #968, .T. ) ;
#2675 = ORIENTED_EDGE ( 'NONE', *, *, #2466, .T. ) ;
#2676 = CARTESIAN_POINT ( 'NONE',  ( 32.49898569560906481, 37.17140469785621093, 33.26194495473987445 ) ) ;
#2677 = CARTESIAN_POINT ( 'NONE',  ( -47.03874315999063072, 66.31954352124841989, -43.47092483188748702 ) ) ;
#2678 = CARTESIAN_POINT ( 'NONE',  ( 36.16138306720323925, 57.99999999999999289, 30.02250515210871740 ) ) ;
#2679 = CARTESIAN_POINT ( 'NONE',  ( -84.99999999999998579, 212.0000000000000000, 0.000000000000000000 ) ) ;
#2680 = CARTESIAN_POINT ( 'NONE',  ( 37.51035950843370159, 170.3790392359750001, -28.32114118801631975 ) ) ;
#2681 = VERTEX_POINT ( 'NONE', #7109 ) ;
#2682 = CARTESIAN_POINT ( 'NONE',  ( 41.74177417787064570, 85.62404022679615423, 48.76789381400746493 ) ) ;
#2683 = LINE ( 'NONE', #7176, #3172 ) ;
#2684 = CARTESIAN_POINT ( 'NONE',  ( -41.59764216673600146, 150.5005888525397495, 48.91202582514208075 ) ) ;
#2685 = APPROVAL_ROLE ( '' ) ;
#2686 = CARTESIAN_POINT ( 'NONE',  ( -45.46696603029500494, 52.00000000000000000, 45.04270196158308437 ) ) ;
#2687 = CARTESIAN_POINT ( 'NONE',  ( 41.38727259838148598, 126.6764942988443892, -24.37365805196743551 ) ) ;
#2688 = DIRECTION ( 'NONE',  ( -0.7071067811865475727, -0.000000000000000000, 0.7071067811865474617 ) ) ;
#2689 = ORIENTED_EDGE ( 'NONE', *, *, #4326, .T. ) ;
#2690 = CARTESIAN_POINT ( 'NONE',  ( -28.35440726274781298, 95.00178607669083419, 41.18630044091833753 ) ) ;
#2691 = CARTESIAN_POINT ( 'NONE',  ( 0.000000000000000000, 335.0000000000000000, 0.000000000000000000 ) ) ;
#2692 = PLANE ( 'NONE',  #5542 ) ;
#2693 = ORIENTED_EDGE ( 'NONE', *, *, #6315, .F. ) ;
#2694 = CARTESIAN_POINT ( 'NONE',  ( 108.0000000000000000, 220.1113353915708615, 0.9303783449379624537 ) ) ;
#2695 = CARTESIAN_POINT ( 'NONE',  ( -32.16823240588158228, 39.48056780803440091, -33.59269824446734987 ) ) ;
#2696 = CARTESIAN_POINT ( 'NONE',  ( 41.36857510098818125, 141.0186408901463722, -24.39235554936074024 ) ) ;
#2697 = CARTESIAN_POINT ( 'NONE',  ( -41.36857510098818835, 141.0186408901463437, -24.39235554936074735 ) ) ;
#2698 = CARTESIAN_POINT ( 'NONE',  ( 40.01567615761507568, 134.5090890707682831, -50.49399183426302073 ) ) ;
#2699 = DIRECTION ( 'NONE',  ( 0.000000000000000000, 1.000000000000000000, 0.000000000000000000 ) ) ;
#2700 = CARTESIAN_POINT ( 'NONE',  ( 40.92961328274397204, 96.97051065983893636, 49.58005470913415280 ) ) ;
#2701 = CARTESIAN_POINT ( 'NONE',  ( -47.00000000000000000, 164.0860123415720579, -0.5490809186924491270 ) ) ;
#2702 = CARTESIAN_POINT ( 'NONE',  ( -31.31356217171365230, 45.71524904810724621, -34.44736847863528340 ) ) ;
#2703 = CARTESIAN_POINT ( 'NONE',  ( -49.05663547162954075, 89.40149471062305508, 41.45303252024855567 ) ) ;
#2704 = CARTESIAN_POINT ( 'NONE',  ( 2.204364238465235576E-16, 2.000000000000000000, 1.399999999999999911 ) ) ;
#2705 = CARTESIAN_POINT ( 'NONE',  ( -32.88046532517446252, 57.99999999999999289, 32.88046532517446252 ) ) ;
#2706 = AXIS2_PLACEMENT_3D ( 'NONE', #6543, #4476, #5448 ) ;
#2707 = ORIENTED_EDGE ( 'NONE', *, *, #5597, .F. ) ;
#2708 = B_SPLINE_SURFACE_WITH_KNOTS ( 'NONE', 3, 1, ( 
 ( #5455, #4411 ),
 ( #1578, #38 ),
 ( #6152, #2774 ),
 ( #1172, #433 ),
 ( #1616, #3286 ),
 ( #5418, #1646 ),
 ( #2264, #3323 ),
 ( #4485, #470 ),
 ( #3798, #4927 ),
 ( #6028, #6693 ),
 ( #2666, #6072 ),
 ( #3360, #7085 ),
 ( #5563, #1055 ),
 ( #7158, #2116 ),
 ( #7192, #5523 ),
 ( #5994, #1720 ),
 ( #1092, #5490 ),
 ( #3942, #4381 ),
 ( #509, #7123 ),
 ( #1017, #5033 ),
 ( #3250, #2698 ),
 ( #2154, #544 ),
 ( #4997, #3864 ),
 ( #2226, #4446 ),
 ( #3899, #2738 ),
 ( #6656, #4961 ),
 ( #2188, #6618 ),
 ( #1684, #6111 ),
 ( #1128, #4018 ),
 ( #5206, #2842 ),
 ( #5067, #2344 ),
 ( #1905, #4557 ),
 ( #216, #148 ),
 ( #3433, #2384 ),
 ( #4520, #2453 ),
 ( #4128, #728 ),
 ( #6333, #5595 ),
 ( #1871, #5706 ),
 ( #6766, #5673 ),
 ( #4668, #2955 ),
 ( #6870, #1250 ),
 ( #1761, #2879 ),
 ( #1799, #3393 ),
 ( #616, #4057 ),
 ( #109, #2303 ),
 ( #3542, #6221 ),
 ( #5139, #73 ),
 ( #5176, #3505 ),
 ( #6731, #3980 ),
 ( #6184, #1210 ),
 ( #3467, #5106 ),
 ( #690, #4630 ),
 ( #182, #765 ),
 ( #5635, #653 ),
 ( #2917, #6296 ),
 ( #4595, #6801 ),
 ( #1831, #6261 ) ),
 .UNSPECIFIED., .F., .F., .F.,
 ( 4, 1, 1, 1, 1, 1, 1, 1, 1, 1, 1, 1, 1, 1, 1, 1, 1, 1, 1, 1, 1, 1, 1, 1, 1, 1, 1, 1, 1, 1, 1, 1, 1, 1, 1, 1, 1, 1, 1, 1, 1, 1, 1, 1, 1, 1, 1, 1, 1, 1, 1, 1, 1, 1, 4 ),
 ( 2, 2 ),
 ( 0.000000000000000000, 0.006185920264467958951, 0.006201962899188617762, 0.02441097605636066703, 0.02448136905349906911, 0.05370574164729757793, 0.05388345649501025125, 0.09253774940744008415, 0.09289034474279100895, 0.1389060332195525271, 0.1395093084148929519, 0.1904437008900515815, 0.1913742588137488099, 0.2445345556009104193, 0.2458629933516659483, 0.2984579075547033611, 0.3002380933255869300, 0.3495648249652612005, 0.3518114771965039633, 0.3954646363279898935, 0.3981158618259910131, 0.4341890767744073232, 0.4370593218643058497, 0.4643545367854605699, 0.4670784500627875868, 0.4855543320873982882, 0.4874746266155715047, 0.4999999999999998890, 0.5125253733844284953, 0.5144456679126014897, 0.5329215499372124132, 0.5356454632145392081, 0.5629406781356941503, 0.5658109232255925658, 0.6018841381740089869, 0.6045353636720098844, 0.6481885228034960367, 0.6504351750347385774, 0.6997619066744129590, 0.7015420924452964169, 0.7541370066483340517, 0.7554654443990894697, 0.8086257411862511901, 0.8095562991099481964, 0.8604906915851069371, 0.8610939667804473618, 0.9071096552572089911, 0.9074622505925598048, 0.9461165435049897487, 0.9462942583527023110, 0.9755186309465008199, 0.9755890239436393330, 0.9937980371008112712, 0.9938140797355321521, 1.000000000000000000 ),
 ( 0.000000000000000000, 1.000000000000000000 ),
 .UNSPECIFIED. ) ;
#2709 = VERTEX_POINT ( 'NONE', #5848 ) ;
#2710 = CARTESIAN_POINT ( 'NONE',  ( 39.86548770796168384, 124.0985968565961315, 50.64418028391641968 ) ) ;
#2711 = CARTESIAN_POINT ( 'NONE',  ( -38.43390449649707108, 80.61020279584469961, -27.32702615385186462 ) ) ;
#2712 = CARTESIAN_POINT ( 'NONE',  ( -41.00000000000000000, 320.0000000000000000, -21.00000000000000000 ) ) ;
#2713 = AXIS2_PLACEMENT_3D ( 'NONE', #5651, #666, #2857 ) ;
#2714 = DIRECTION ( 'NONE',  ( 1.000000000000000000, -0.000000000000000000, -0.000000000000000000 ) ) ;
#2715 = DIRECTION ( 'NONE',  ( 0.000000000000000000, 1.000000000000000000, 0.000000000000000000 ) ) ;
#2716 = ADVANCED_FACE ( 'NONE', ( #5340, #5371 ), #4369, .F. ) ;
#2717 = CARTESIAN_POINT ( 'NONE',  ( 30.94645188787811207, 48.51213425699023674, 34.81447876247082718 ) ) ;
#2718 = EDGE_CURVE ( 'NONE', #1138, #6965, #510, .T. ) ;
#2719 = CARTESIAN_POINT ( 'NONE',  ( 27.32702615385185396, 80.61020279584469961, -38.43390449649706397 ) ) ;
#2720 = CARTESIAN_POINT ( 'NONE',  ( -31.16249184016697882, 49.00211377389208423, -35.06995688179167558 ) ) ;
#2721 = PERSON_AND_ORGANIZATION_ROLE ( 'classification_officer' ) ;
#2722 = CARTESIAN_POINT ( 'NONE',  ( -50.22349097781341243, 108.7025900201346502, 40.28617701406468399 ) ) ;
#2723 = CARTESIAN_POINT ( 'NONE',  ( 25.61039644484206690, 101.0166046022987985, -40.15053420550685104 ) ) ;
#2724 = EDGE_CURVE ( 'NONE', #6847, #414, #488, .T. ) ;
#2725 = CARTESIAN_POINT ( 'NONE',  ( 45.04270196158309147, 52.00000000000000000, 45.46696603029501915 ) ) ;
#2726 = ORIENTED_EDGE ( 'NONE', *, *, #6448, .F. ) ;
#2727 = EDGE_CURVE ( 'NONE', #2923, #6847, #1460, .T. ) ;
#2728 = CARTESIAN_POINT ( 'NONE',  ( -29.33832402439917786, 63.16230588991551542, -36.72941530738224003 ) ) ;
#2729 = CARTESIAN_POINT ( 'NONE',  ( 42.35569619307418066, 145.5000000000000000, -48.15397179880390155 ) ) ;
#2730 = CARTESIAN_POINT ( 'NONE',  ( -84.99999999999998579, 212.0000000000000000, 0.000000000000000000 ) ) ;
#2731 = ORIENTED_EDGE ( 'NONE', *, *, #3568, .T. ) ;
#2732 = CARTESIAN_POINT ( 'NONE',  ( -84.99999999999998579, 212.0000000000000000, 1.050000000000000044 ) ) ;
#2733 = CARTESIAN_POINT ( 'NONE',  ( 108.0000000000000000, 191.9302026907495247, -0.5265706568650424524 ) ) ;
#2734 = FACE_OUTER_BOUND ( 'NONE', #1029, .T. ) ;
#2735 = CARTESIAN_POINT ( 'NONE',  ( 46.53284740717146661, 61.44371818057052792, -43.97682058470661559 ) ) ;
#2736 = FACE_OUTER_BOUND ( 'NONE', #5496, .T. ) ;
#2737 = EDGE_CURVE ( 'NONE', #4279, #6847, #1321, .T. ) ;
#2738 = CARTESIAN_POINT ( 'NONE',  ( 41.59764216673600146, 150.5005888525396927, -48.91202582514208075 ) ) ;
#2739 = CARTESIAN_POINT ( 'NONE',  ( -29.67952824767894171, 58.70654625247946257, 36.08140240266996557 ) ) ;
#2740 = CARTESIAN_POINT ( 'NONE',  ( 30.12822377908833005, 54.97802726448587407, 35.63270687126060210 ) ) ;
#2741 = CARTESIAN_POINT ( 'NONE',  ( -50.58970023380035741, 130.9941881811295445, 39.91996775807773190 ) ) ;
#2742 = CARTESIAN_POINT ( 'NONE',  ( -44.73292201045924799, 54.62836855260157876, -45.77674598141885554 ) ) ;
#2743 = CARTESIAN_POINT ( 'NONE',  ( -45.51935232921328378, 52.44175755770030634, 44.99031566266479842 ) ) ;
#2744 = CARTESIAN_POINT ( 'NONE',  ( -49.99775095300978478, 267.3436135945893852, -0.4815547757308891175 ) ) ;
#2745 = ORIENTED_EDGE ( 'NONE', *, *, #6356, .T. ) ;
#2746 = ORIENTED_EDGE ( 'NONE', *, *, #6670, .F. ) ;
#2747 = CARTESIAN_POINT ( 'NONE',  ( 26.85867340158342387, 85.63114929373708151, 38.90225724876550828 ) ) ;
#2748 = CARTESIAN_POINT ( 'NONE',  ( -40.79466709084002218, 111.3121957717727071, -24.96626355950891352 ) ) ;
#2749 = DIRECTION ( 'NONE',  ( -0.7071067811865477948, 0.000000000000000000, -0.7071067811865473507 ) ) ;
#2750 = CARTESIAN_POINT ( 'NONE',  ( -42.78460399787552149, 155.3921848145515128, 47.72506399400256782 ) ) ;
#2751 = CARTESIAN_POINT ( 'NONE',  ( 37.28534852061622473, 171.0681637837629125, -28.61795832010721696 ) ) ;
#2752 = CARTESIAN_POINT ( 'NONE',  ( 44.58347426246773182, 55.93620152028918824, 45.92619372941037881 ) ) ;
#2753 = DIRECTION ( 'NONE',  ( -0.000000000000000000, -1.000000000000000000, -0.000000000000000000 ) ) ;
#2754 = CARTESIAN_POINT ( 'NONE',  ( 30.50535599246782681, 52.00000000784751109, -35.25557465788109113 ) ) ;
#2755 = APPROVAL_DATE_TIME ( #5978, #6178 ) ;
#2756 = CARTESIAN_POINT ( 'NONE',  ( 37.71505118858642902, 73.51205311375596807, 28.04587946176250313 ) ) ;
#2757 = EDGE_CURVE ( 'NONE', #1886, #6649, #2247, .T. ) ;
#2758 = CARTESIAN_POINT ( 'NONE',  ( -35.22504570129149215, 51.75724084996480201, 30.53588494905742579 ) ) ;
#2759 = ORIENTED_EDGE ( 'NONE', *, *, #447, .F. ) ;
#2760 = CARTESIAN_POINT ( 'NONE',  ( -32.49898569560905059, 37.17140469785623225, 33.26194495473987445 ) ) ;
#2761 = CIRCLE ( 'NONE', #79, 2.899999999999999911 ) ;
#2762 = CARTESIAN_POINT ( 'NONE',  ( -46.83469415941800662, 64.24886354028815560, -43.67497383246009690 ) ) ;
#2763 = CARTESIAN_POINT ( 'NONE',  ( 45.77674598141884843, 54.62836855260157876, -44.73292201045924088 ) ) ;
#2764 = CARTESIAN_POINT ( 'NONE',  ( 0.000000000000000000, 2.000000000000000000, -0.4000000000000000222 ) ) ;
#2765 = CARTESIAN_POINT ( 'NONE',  ( -38.43390449649707108, 80.61020279584469961, -27.32702615385186462 ) ) ;
#2766 = ADVANCED_FACE ( 'NONE', ( #1994 ), #748, .T. ) ;
#2767 = ORIENTED_EDGE ( 'NONE', *, *, #6664, .F. ) ;
#2768 = CARTESIAN_POINT ( 'NONE',  ( 108.0000000000000000, 188.0000000000000000, 0.1499999999999999944 ) ) ;
#2769 = FACE_OUTER_BOUND ( 'NONE', #3080, .T. ) ;
#2770 = CARTESIAN_POINT ( 'NONE',  ( 41.06358789818639110, 116.6762642137271371, -24.69734275216253394 ) ) ;
#2771 = CARTESIAN_POINT ( 'NONE',  ( -30.91401160017258221, 48.76015662781989590, 34.84691905017633928 ) ) ;
#2772 = VECTOR ( 'NONE', #1501, 1000.000000000000114 ) ;
#2773 = B_SPLINE_SURFACE_WITH_KNOTS ( 'NONE', 3, 1, ( 
 ( #2143, #6098 ),
 ( #2175, #4401 ),
 ( #4432, #1004 ),
 ( #6054, #1709 ),
 ( #1114, #1604 ),
 ( #1080, #3816 ),
 ( #3197, #6572 ),
 ( #6610, #1672 ),
 ( #3346, #3236 ),
 ( #5945, #494 ),
 ( #4985, #4370 ),
 ( #5982, #6018 ),
 ( #5444, #1044 ),
 ( #7180, #2213 ),
 ( #2723, #4950 ),
 ( #7146, #6643 ),
 ( #7076, #5548 ),
 ( #22, #2252 ),
 ( #969, #5406 ),
 ( #4876, #2105 ),
 ( #1566, #4332 ),
 ( #3785, #4081 ),
 ( #2331, #5584 ),
 ( #5736, #753 ),
 ( #1309, #5663 ),
 ( #4657, #6827 ),
 ( #4545, #6862 ),
 ( #2443, #1277 ),
 ( #98, #5164 ),
 ( #1784, #206 ),
 ( #3967, #5095 ),
 ( #3421, #6754 ),
 ( #3531, #4006 ),
 ( #2979, #4509 ),
 ( #6210, #1195 ),
 ( #6287, #2942 ),
 ( #2370, #1238 ),
 ( #6173, #2904 ),
 ( #3926, #6136 ),
 ( #3457, #1156 ),
 ( #681, #171 ),
 ( #2406, #1821 ),
 ( #1860, #5199 ),
 ( #5623, #5129 ),
 ( #134, #4582 ),
 ( #6792, #4045 ),
 ( #6247, #3380 ),
 ( #3493, #62 ),
 ( #5695, #644 ),
 ( #605, #2869 ),
 ( #716, #2832 ),
 ( #5058, #4617 ),
 ( #2290, #6719 ),
 ( #1746, #6964 ),
 ( #6459, #5331 ),
 ( #346, #1344 ),
 ( #1998, #6427 ) ),
 .UNSPECIFIED., .F., .F., .F.,
 ( 4, 1, 1, 1, 1, 1, 1, 1, 1, 1, 1, 1, 1, 1, 1, 1, 1, 1, 1, 1, 1, 1, 1, 1, 1, 1, 1, 1, 1, 1, 1, 1, 1, 1, 1, 1, 1, 1, 1, 1, 1, 1, 1, 1, 1, 1, 1, 1, 1, 1, 1, 1, 1, 1, 4 ),
 ( 2, 2 ),
 ( 0.000000000000000000, 0.006185920264467958951, 0.006201962899188617762, 0.02441097605636066703, 0.02448136905349906911, 0.05370574164729757793, 0.05388345649501025125, 0.09253774940744008415, 0.09289034474279100895, 0.1389060332195525271, 0.1395093084148929519, 0.1904437008900515815, 0.1913742588137488099, 0.2445345556009104193, 0.2458629933516659483, 0.2984579075547033611, 0.3002380933255869300, 0.3495648249652612005, 0.3518114771965039633, 0.3954646363279898935, 0.3981158618259910131, 0.4341890767744073232, 0.4370593218643058497, 0.4643545367854605699, 0.4670784500627875868, 0.4855543320873982882, 0.4874746266155715047, 0.4999999999999998890, 0.5125253733844284953, 0.5144456679126014897, 0.5329215499372124132, 0.5356454632145392081, 0.5629406781356941503, 0.5658109232255925658, 0.6018841381740089869, 0.6045353636720098844, 0.6481885228034960367, 0.6504351750347385774, 0.6997619066744129590, 0.7015420924452964169, 0.7541370066483340517, 0.7554654443990894697, 0.8086257411862511901, 0.8095562991099481964, 0.8604906915851069371, 0.8610939667804473618, 0.9071096552572089911, 0.9074622505925598048, 0.9461165435049897487, 0.9462942583527023110, 0.9755186309465008199, 0.9755890239436393330, 0.9937980371008112712, 0.9938140797355321521, 1.000000000000000000 ),
 ( 0.000000000000000000, 1.000000000000000000 ),
 .UNSPECIFIED. ) ;
#2774 = CARTESIAN_POINT ( 'NONE',  ( 44.93779350453366561, 52.88466077438591384, -45.57187448734442370 ) ) ;
#2775 = CARTESIAN_POINT ( 'NONE',  ( 39.96209002659445275, 116.5874508295665777, -50.54757796528362945 ) ) ;
#2776 = VECTOR ( 'NONE', #4079, 1000.000000000000000 ) ;
#2777 = CARTESIAN_POINT ( 'NONE',  ( 32.49898569560906481, 37.17140469785621093, 33.26194495473987445 ) ) ;
#2778 = CARTESIAN_POINT ( 'NONE',  ( -41.46658174736684543, 131.8280114082709815, 24.29434890298207605 ) ) ;
#2779 = CARTESIAN_POINT ( 'NONE',  ( -44.58347426246773182, 55.93620152028918113, -45.92619372941037170 ) ) ;
#2780 = DIRECTION ( 'NONE',  ( -0.4771338767340425058, -0.7380288120022735487, -0.4771338767340425613 ) ) ;
#2781 = CARTESIAN_POINT ( 'NONE',  ( -49.95835313927612020, 262.2228966497272609, -2.040578463139699927 ) ) ;
#2782 = ORIENTED_EDGE ( 'NONE', *, *, #4461, .T. ) ;
#2783 = EDGE_LOOP ( 'NONE', ( #5093, #1710, #5044 ) ) ;
#2784 = CARTESIAN_POINT ( 'NONE',  ( 40.28617701406468399, 108.7025900201346502, 50.22349097781342664 ) ) ;
#2785 = CARTESIAN_POINT ( 'NONE',  ( -49.93783009309771614, 143.4569695494772361, -40.57183789878039448 ) ) ;
#2786 = CARTESIAN_POINT ( 'NONE',  ( 52.39661248592316412, 145.5000000000000000, -46.59833688019350006 ) ) ;
#2787 = CARTESIAN_POINT ( 'NONE',  ( -48.76789381400745071, 85.62404022679615423, 41.74177417787063860 ) ) ;
#2788 = CARTESIAN_POINT ( 'NONE',  ( 35.88229713840851787, 173.7877746190795847, -30.35687700216934815 ) ) ;
#2789 = ORIENTED_EDGE ( 'NONE', *, *, #2757, .T. ) ;
#2790 = CARTESIAN_POINT ( 'NONE',  ( 42.36324379412032215, 153.8348667856811858, 48.14642419775779558 ) ) ;
#2791 = CARTESIAN_POINT ( 'NONE',  ( 44.99031566266479132, 52.44175755770031344, -45.51935232921329089 ) ) ;
#2792 = CARTESIAN_POINT ( 'NONE',  ( 24.69734275216252328, 116.6762642137271797, -41.06358789818639821 ) ) ;
#2793 = CARTESIAN_POINT ( 'NONE',  ( -34.68057595339048049, 175.3233815820528605, 31.08035469695843389 ) ) ;
#2794 =( NAMED_UNIT ( * ) PLANE_ANGLE_UNIT ( ) SI_UNIT ( $, .RADIAN. ) );
#2795 = CARTESIAN_POINT ( 'NONE',  ( 26.22901137448827313, 133.4434379767959911, 42.56805623992434562 ) ) ;
#2796 = CARTESIAN_POINT ( 'NONE',  ( -52.39661248592317122, 94.50000000000000000, 46.59833688019348585 ) ) ;
#2797 = VERTEX_POINT ( 'NONE', #4182 ) ;
#2798 = CARTESIAN_POINT ( 'NONE',  ( -49.36117220004906159, 93.39148535881982127, -41.14849579182904904 ) ) ;
#2799 = DIRECTION ( 'NONE',  ( 1.224646799147353207E-16, 0.000000000000000000, -1.000000000000000000 ) ) ;
#2800 = CARTESIAN_POINT ( 'NONE',  ( 30.02250515210871029, 57.99999999999999289, -36.16138306720323925 ) ) ;
#2801 = ORIENTED_EDGE ( 'NONE', *, *, #2850, .F. ) ;
#2802 = CARTESIAN_POINT ( 'NONE',  ( 33.26194495473987445, 37.17140469785623225, 32.49898569560906481 ) ) ;
#2803 = CARTESIAN_POINT ( 'NONE',  ( -35.47935076379862807, 172.3992787183048279, -35.23125842034547617 ) ) ;
#2804 = CARTESIAN_POINT ( 'NONE',  ( -32.49898569560905770, 37.17140469785623935, -33.26194495473988155 ) ) ;
#2805 = CARTESIAN_POINT ( 'NONE',  ( 40.15053420550684393, 101.0166046022987985, -25.61039644484207400 ) ) ;
#2806 = CARTESIAN_POINT ( 'NONE',  ( -31.30679870501314355, 45.76678402021408942, 34.45413194533577439 ) ) ;
#2807 = CARTESIAN_POINT ( 'NONE',  ( -40.79466709084000797, 111.3121957717727071, 24.96626355950890641 ) ) ;
#2808 = ADVANCED_FACE ( 'NONE', ( #6387, #7135 ), #2203, .F. ) ;
#2809 = CARTESIAN_POINT ( 'NONE',  ( -35.77960312803929810, 176.0000000000000000, 29.98132752230961628 ) ) ;
#2810 = CARTESIAN_POINT ( 'NONE',  ( -37.57616459432502154, 54.99999999999999289, 32.98532786528269156 ) ) ;
#2811 = EDGE_CURVE ( 'NONE', #170, #3281, #7098, .T. ) ;
#2812 = CARTESIAN_POINT ( 'NONE',  ( 41.45303252024856278, 89.40149471062305508, 49.05663547162955496 ) ) ;
#2813 = CARTESIAN_POINT ( 'NONE',  ( -40.79466709084000797, 111.3121957717727071, 24.96626355950890641 ) ) ;
#2814 = CARTESIAN_POINT ( 'NONE',  ( -24.69734275216253749, 116.6762642137271371, -41.06358789818640531 ) ) ;
#2815 = CARTESIAN_POINT ( 'NONE',  ( 38.10567307475909615, 170.3547063632915126, -32.37302178413853682 ) ) ;
#2816 = ORIENTED_EDGE ( 'NONE', *, *, #5511, .F. ) ;
#2817 = AXIS2_PLACEMENT_3D ( 'NONE', #1776, #5085, #3485 ) ;
#2818 = ORIENTED_EDGE ( 'NONE', *, *, #936, .F. ) ;
#2819 = CARTESIAN_POINT ( 'NONE',  ( 36.10435859987737217, 57.99999999999997868, -29.93853975963596170 ) ) ;
#2820 = CARTESIAN_POINT ( 'NONE',  ( -50.59218501756917874, 120.2343318316845853, -39.91748297430893899 ) ) ;
#2821 = CARTESIAN_POINT ( 'NONE',  ( -108.0000000000000000, 188.1420704083295163, 0.1644803745078677881 ) ) ;
#2822 = CARTESIAN_POINT ( 'NONE',  ( 50.00000000000000000, 335.0000000000000000, -3.000000000000000000 ) ) ;
#2823 = CARTESIAN_POINT ( 'NONE',  ( 3.551475717527323832E-16, 2.000000000000000000, 2.499999999999999556 ) ) ;
#2824 = VECTOR ( 'NONE', #4180, 1000.000000000000000 ) ;
#2825 = CARTESIAN_POINT ( 'NONE',  ( 34.44736847863528340, 45.71524904810725332, 31.31356217171364520 ) ) ;
#2826 = CARTESIAN_POINT ( 'NONE',  ( -34.44339636571282881, 39.76829827018088537, -35.22013817769529709 ) ) ;
#2827 = CARTESIAN_POINT ( 'NONE',  ( -44.73292201045924799, 54.62836855260157876, -45.77674598141885554 ) ) ;
#2828 = AXIS2_PLACEMENT_3D ( 'NONE', #6022, #5482, #1570 ) ;
#2829 = CARTESIAN_POINT ( 'NONE',  ( 41.36857510098818125, 141.0186408901463722, -24.39235554936074024 ) ) ;
#2830 = CARTESIAN_POINT ( 'NONE',  ( -39.22375858382815039, 163.8347417721553541, 26.53717206652077110 ) ) ;
#2831 = CARTESIAN_POINT ( 'NONE',  ( 26.62135493071058079, 118.1757342629044558, 42.32413524936858096 ) ) ;
#2832 = CARTESIAN_POINT ( 'NONE',  ( 46.53284740717146661, 61.44371818057052792, -43.97682058470661559 ) ) ;
#2833 = EDGE_LOOP ( 'NONE', ( #3403, #5400, #1157, #861 ) ) ;
#2834 = CARTESIAN_POINT ( 'NONE',  ( 30.50535790505960776, 52.00000000000000000, 35.25557274528932794 ) ) ;
#2835 = CARTESIAN_POINT ( 'NONE',  ( -36.08140240266998688, 58.70654625247947678, -29.67952824767895947 ) ) ;
#2836 = ORIENTED_EDGE ( 'NONE', *, *, #5737, .T. ) ;
#2837 = CARTESIAN_POINT ( 'NONE',  ( -33.50048380368160394, 171.5663486130465287, -37.11866614448774726 ) ) ;
#2838 = FACE_OUTER_BOUND ( 'NONE', #3412, .T. ) ;
#2839 = CARTESIAN_POINT ( 'NONE',  ( 31.68079750502943881, 43.01938834714778181, -34.08013314531949334 ) ) ;
#2840 = CARTESIAN_POINT ( 'NONE',  ( -31.68079727559472403, 43.01938849801636877, 34.08013337475419746 ) ) ;
#2841 = CARTESIAN_POINT ( 'NONE',  ( -49.82615309694459427, 100.9687423887486943, 40.68351489493349504 ) ) ;
#2842 = CARTESIAN_POINT ( 'NONE',  ( 46.56268880791238018, 157.2818685057020218, -43.94697918396571623 ) ) ;
#2843 = CARTESIAN_POINT ( 'NONE',  ( -40.07697081585678234, 80.17275260433950734, 29.90453712062164371 ) ) ;
#2844 = CARTESIAN_POINT ( 'NONE',  ( 33.59269824446734987, 39.48056780803440091, 32.16823240588158939 ) ) ;
#2845 = CARTESIAN_POINT ( 'NONE',  ( -39.22375858382815039, 163.8347417721553541, 26.53717206652077110 ) ) ;
#2846 = DIRECTION ( 'NONE',  ( 0.000000000000000000, 1.000000000000000000, 0.000000000000000000 ) ) ;
#2847 = CARTESIAN_POINT ( 'NONE',  ( 38.56258473745506876, 166.8763353538257945, 27.19834591289386694 ) ) ;
#2848 = CARTESIAN_POINT ( 'NONE',  ( 41.99181708300166349, 151.2543003863798674, -27.14520631303244258 ) ) ;
#2849 = CARTESIAN_POINT ( 'NONE',  ( 40.79466709084002218, 111.3121957717727071, 24.96626355950891352 ) ) ;
#2850 = EDGE_CURVE ( 'NONE', #1768, #257, #4692, .T. ) ;
#2851 = ORIENTED_EDGE ( 'NONE', *, *, #6369, .F. ) ;
#2852 = VERTEX_POINT ( 'NONE', #3301 ) ;
#2853 = CARTESIAN_POINT ( 'NONE',  ( -33.59269824446734276, 39.48056780803436538, -32.16823240588159649 ) ) ;
#2854 = CARTESIAN_POINT ( 'NONE',  ( -39.22375858382816460, 163.8347417721553541, -26.53717206652077110 ) ) ;
#2855 = EDGE_CURVE ( 'NONE', #5938, #5480, #6044, .T. ) ;
#2856 = CARTESIAN_POINT ( 'NONE',  ( 37.14638582585607907, 171.4065011673017125, 28.79566584424679831 ) ) ;
#2857 = DIRECTION ( 'NONE',  ( 0.000000000000000000, 0.000000000000000000, 1.000000000000000000 ) ) ;
#2858 = CARTESIAN_POINT ( 'NONE',  ( -40.65331820325018697, 153.6225640485288011, 25.10761244709872742 ) ) ;
#2859 = CARTESIAN_POINT ( 'NONE',  ( 40.79466709084002218, 111.3121957717727071, 24.96626355950891352 ) ) ;
#2860 = ORIENTED_EDGE ( 'NONE', *, *, #4849, .F. ) ;
#2861 = CARTESIAN_POINT ( 'NONE',  ( -45.25483399593905176, 145.5000000000000000, -45.25483399593905176 ) ) ;
#2862 = CARTESIAN_POINT ( 'NONE',  ( -28.75104949436352442, 66.80701258836774059, -37.00988115598541128 ) ) ;
#2863 = CARTESIAN_POINT ( 'NONE',  ( 40.11998767400630328, 112.7299032302373263, -50.38968031787177893 ) ) ;
#2864 = CARTESIAN_POINT ( 'NONE',  ( 48.14642419775777427, 153.8348667856812142, -42.36324379412032926 ) ) ;
#2865 = EDGE_CURVE ( 'NONE', #1120, #1220, #482, .T. ) ;
#2866 = CARTESIAN_POINT ( 'NONE',  ( -36.46736499287371203, 173.1609393494194364, 29.29356565747520236 ) ) ;
#2867 = CARTESIAN_POINT ( 'NONE',  ( 26.32341191398415603, 125.8057764561976768, 42.50986971695722616 ) ) ;
#2868 = ORIENTED_EDGE ( 'NONE', *, *, #6575, .F. ) ;
#2869 = CARTESIAN_POINT ( 'NONE',  ( 47.03874315999061650, 66.31954352124843410, -43.47092483188747281 ) ) ;
#2870 = CARTESIAN_POINT ( 'NONE',  ( -48.61958615814599227, 152.1318062554275912, -41.89008183373211125 ) ) ;
#2871 = CARTESIAN_POINT ( 'NONE',  ( 48.15397179880387313, 145.5000000000000000, -42.35569619307420908 ) ) ;
#2872 = ORIENTED_EDGE ( 'NONE', *, *, #1212, .T. ) ;
#2873 = CARTESIAN_POINT ( 'NONE',  ( -32.72860058173506559, 170.7959266676695336, -37.80070851026450640 ) ) ;
#2874 = CARTESIAN_POINT ( 'NONE',  ( 107.9999999999999858, 213.4833387586855338, -1.528005135380340107 ) ) ;
#2875 = CARTESIAN_POINT ( 'NONE',  ( -32.88046532517444120, 176.0000000000000000, 32.88046532517448384 ) ) ;
#2876 = CARTESIAN_POINT ( 'NONE',  ( -44.20390395962769503, 59.33385514974001751, -46.30576403225040849 ) ) ;
#2877 = CC_DESIGN_APPROVAL ( #3442, ( #5421 ) ) ;
#2878 = CARTESIAN_POINT ( 'NONE',  ( -31.92684771948880851, 41.21309918220622137, -33.83408293086012719 ) ) ;
#2879 = CARTESIAN_POINT ( 'NONE',  ( 50.22349097781341243, 108.7025900201346644, -40.28617701406468399 ) ) ;
#2880 = CARTESIAN_POINT ( 'NONE',  ( -28.99384458908446049, 64.61538201888454580, 36.76708606126445034 ) ) ;
#2881 = DIRECTION ( 'NONE',  ( -0.000000000000000000, 1.000000000000000000, -0.000000000000000000 ) ) ;
#2882 = CARTESIAN_POINT ( 'NONE',  ( -24.55371574811972124, 145.7020373835961493, 41.20721490222918959 ) ) ;
#2883 = CARTESIAN_POINT ( 'NONE',  ( -45.50000000000000000, 320.0000000000000000, -18.00000000000000000 ) ) ;
#2884 = CARTESIAN_POINT ( 'NONE',  ( 49.31902728797151525, 148.1781441586251162, 41.19064070390659538 ) ) ;
#2885 = ORIENTED_EDGE ( 'NONE', *, *, #2737, .T. ) ;
#2886 = AXIS2_PLACEMENT_3D ( 'NONE', #1457, #3232, #5908 ) ;
#2887 = ORIENTED_EDGE ( 'NONE', *, *, #5301, .F. ) ;
#2888 = CARTESIAN_POINT ( 'NONE',  ( -45.57187448734443791, 52.88466077438591384, -44.93779350453367272 ) ) ;
#2889 = CARTESIAN_POINT ( 'NONE',  ( -40.24733569863605709, 157.6066838202881399, -25.51359495171287861 ) ) ;
#2890 = CARTESIAN_POINT ( 'NONE',  ( -47.00000000000000000, 160.4585312546849707, 0.2841225884134121471 ) ) ;
#2891 = DIRECTION ( 'NONE',  ( 0.000000000000000000, -1.000000000000000000, 0.000000000000000000 ) ) ;
#2892 = CARTESIAN_POINT ( 'NONE',  ( 48.14642419775778848, 153.8348667856812142, 42.36324379412032215 ) ) ;
#2893 = CARTESIAN_POINT ( 'NONE',  ( -33.26194495473986024, 37.17140469785621093, 32.49898569560905770 ) ) ;
#2894 = CARTESIAN_POINT ( 'NONE',  ( 50.17042213900458592, 140.4589426390626556, 40.33924585287351761 ) ) ;
#2895 = B_SPLINE_CURVE_WITH_KNOTS ( 'NONE', 3,
 ( #4548, #4008, #6212, #6103 ),
 .UNSPECIFIED., .F., .F.,
 ( 4, 4 ),
 ( 0.000000000000000000, 0.009128091185151799777 ),
 .UNSPECIFIED. ) ;
#2896 = CARTESIAN_POINT ( 'NONE',  ( -34.35492515600355290, 41.14807402462480468, -35.48613965603915688 ) ) ;
#2897 = EDGE_CURVE ( 'NONE', #6861, #2852, #6540, .T. ) ;
#2898 = CARTESIAN_POINT ( 'NONE',  ( 0.000000000000000000, 0.000000000000000000, 0.000000000000000000 ) ) ;
#2899 = CARTESIAN_POINT ( 'NONE',  ( 25.51359495171286440, 157.6066838202881399, -40.24733569863604998 ) ) ;
#2900 = CARTESIAN_POINT ( 'NONE',  ( 34.68057595339049470, 175.3233815820528321, -31.08035469695841968 ) ) ;
#2901 = CARTESIAN_POINT ( 'NONE',  ( -33.83408293086010588, 41.21309918220618584, 31.92684771948880140 ) ) ;
#2902 = DIRECTION ( 'NONE',  ( 0.000000000000000000, 0.000000000000000000, 1.000000000000000000 ) ) ;
#2903 = ORIENTED_EDGE ( 'NONE', *, *, #2235, .T. ) ;
#2904 = CARTESIAN_POINT ( 'NONE',  ( 50.58970023380035741, 130.9941881811296014, -39.91996775807773901 ) ) ;
#2905 = CARTESIAN_POINT ( 'NONE',  ( 28.75104949436352442, 66.80701258836775480, 37.00988115598541128 ) ) ;
#2906 = CARTESIAN_POINT ( 'NONE',  ( -108.0000000000000000, 188.1420704083295448, -0.1644803745078677881 ) ) ;
#2907 = CARTESIAN_POINT ( 'NONE',  ( -48.18764232538013204, 78.60787726850114154, -42.32202566649797859 ) ) ;
#2908 = EDGE_LOOP ( 'NONE', ( #4711, #2745 ) ) ;
#2909 = CARTESIAN_POINT ( 'NONE',  ( -29.90453712062181424, 80.17275260433805784, -40.07697081585666155 ) ) ;
#2910 = CARTESIAN_POINT ( 'NONE',  ( 107.9999999999999858, 196.5653704246423956, -0.8992161131770318727 ) ) ;
#2911 = CARTESIAN_POINT ( 'NONE',  ( -46.99563008875959724, 212.8394559012160698, -0.6454336630384526208 ) ) ;
#2912 = CARTESIAN_POINT ( 'NONE',  ( -28.21356056934323675, 145.5000000000000000, 34.01183617507293633 ) ) ;
#2913 = DIRECTION ( 'NONE',  ( -0.7071067811865474617, 0.000000000000000000, 0.7071067811865474617 ) ) ;
#2914 = VECTOR ( 'NONE', #4288, 1000.000000000000000 ) ;
#2915 = CARTESIAN_POINT ( 'NONE',  ( -50.64418028391639837, 124.0985968565961315, 39.86548770796168384 ) ) ;
#2916 = CYLINDRICAL_SURFACE ( 'NONE', #6009, 2.899999999999999911 ) ;
#2917 = CARTESIAN_POINT ( 'NONE',  ( 33.26194495473986734, 37.17140469785623935, -32.49898569560905059 ) ) ;
#2918 = CARTESIAN_POINT ( 'NONE',  ( -29.27444961139821800, 162.7673015036350250, 40.53643829274133736 ) ) ;
#2919 = EDGE_CURVE ( 'NONE', #5115, #647, #6601, .T. ) ;
#2920 = CARTESIAN_POINT ( 'NONE',  ( 38.43390449649707108, 80.61020279584469961, 27.32702615385186462 ) ) ;
#2921 = CARTESIAN_POINT ( 'NONE',  ( -37.00988115598539707, 66.80701258836775480, 28.75104949436351731 ) ) ;
#2922 = CARTESIAN_POINT ( 'NONE',  ( -41.00000000000000000, 320.0000000000000000, -21.00000000000000000 ) ) ;
#2923 = VERTEX_POINT ( 'NONE', #3776 ) ;
#2924 = VERTEX_POINT ( 'NONE', #5501 ) ;
#2925 = CYLINDRICAL_SURFACE ( 'NONE', #4454, 50.00000000000000000 ) ;
#2926 = CARTESIAN_POINT ( 'NONE',  ( -41.38727259838149308, 126.6764942988443892, -24.37365805196743551 ) ) ;
#2927 = B_SPLINE_SURFACE_WITH_KNOTS ( 'NONE', 3, 1, ( 
 ( #4284, #4319 ),
 ( #5431, #480 ),
 ( #1554, #3774 ),
 ( #2091, #991 ),
 ( #4421, #5970 ),
 ( #6083, #3185 ),
 ( #1518, #1032 ),
 ( #3737, #2677 ),
 ( #5933, #2640 ),
 ( #1626, #957 ),
 ( #6632, #1101 ),
 ( #2711, #7064 ),
 ( #4391, #3840 ),
 ( #6041, #1067 ),
 ( #5394, #3299 ),
 ( #2748, #409 ),
 ( #4971, #3445 ),
 ( #2926, #2820 ),
 ( #1223, #1844 ),
 ( #82, #3908 ),
 ( #6812, #6741 ),
 ( #2314, #3951 ),
 ( #2889, #2785 ),
 ( #2854, #1730 ),
 ( #5117, #1809 ),
 ( #5608, #5078 ),
 ( #50, #1297 ),
 ( #5648, #2239 ),
 ( #6160, #5008 ),
 ( #5681, #10 ),
 ( #664, #4494 ),
 ( #3516, #4531 ),
 ( #119, #1181 ),
 ( #1770, #2354 ),
 ( #4460, #3990 ),
 ( #2276, #627 ),
 ( #4605, #4568 ),
 ( #6667, #6120 ),
 ( #5046, #1262 ),
 ( #6197, #1697 ),
 ( #6779, #4069 ),
 ( #5149, #4030 ),
 ( #1140, #6272 ),
 ( #6233, #6704 ),
 ( #3405, #557 ),
 ( #3370, #3478 ),
 ( #5572, #699 ),
 ( #158, #2394 ),
 ( #595, #6881 ),
 ( #1367, #5721 ),
 ( #4137, #4101 ),
 ( #4781, #6308 ),
 ( #739, #815 ),
 ( #6849, #226 ),
 ( #1881, #5757 ),
 ( #4747, #1472 ),
 ( #5319, #3109 ) ),
 .UNSPECIFIED., .F., .F., .F.,
 ( 4, 1, 1, 1, 1, 1, 1, 1, 1, 1, 1, 1, 1, 1, 1, 1, 1, 1, 1, 1, 1, 1, 1, 1, 1, 1, 1, 1, 1, 1, 1, 1, 1, 1, 1, 1, 1, 1, 1, 1, 1, 1, 1, 1, 1, 1, 1, 1, 1, 1, 1, 1, 1, 1, 4 ),
 ( 2, 2 ),
 ( 0.000000000000000000, 0.006185920264467958951, 0.006201962899188617762, 0.02441097605636066703, 0.02448136905349906911, 0.05370574164729757793, 0.05388345649501025125, 0.09253774940744008415, 0.09289034474279100895, 0.1389060332195525271, 0.1395093084148929519, 0.1904437008900515815, 0.1913742588137488099, 0.2445345556009104193, 0.2458629933516659483, 0.2984579075547033611, 0.3002380933255869300, 0.3495648249652612005, 0.3518114771965039633, 0.3954646363279898935, 0.3981158618259910131, 0.4341890767744073232, 0.4370593218643058497, 0.4643545367854605699, 0.4670784500627875868, 0.4855543320873982882, 0.4874746266155715047, 0.4999999999999998890, 0.5125253733844284953, 0.5144456679126014897, 0.5329215499372124132, 0.5356454632145392081, 0.5629406781356941503, 0.5658109232255925658, 0.6018841381740089869, 0.6045353636720098844, 0.6481885228034960367, 0.6504351750347385774, 0.6997619066744129590, 0.7015420924452964169, 0.7541370066483340517, 0.7554654443990894697, 0.8086257411862511901, 0.8095562991099481964, 0.8604906915851069371, 0.8610939667804473618, 0.9071096552572089911, 0.9074622505925598048, 0.9461165435049897487, 0.9462942583527023110, 0.9755186309465008199, 0.9755890239436393330, 0.9937980371008112712, 0.9938140797355321521, 1.000000000000000000 ),
 ( 0.000000000000000000, 1.000000000000000000 ),
 .UNSPECIFIED. ) ;
#2928 = CARTESIAN_POINT ( 'NONE',  ( -108.0000000000000000, 216.5326798399412382, -1.397826202467195689 ) ) ;
#2929 = CARTESIAN_POINT ( 'NONE',  ( 0.000000000000000000, 57.99999999999999289, 0.000000000000000000 ) ) ;
#2930 = CARTESIAN_POINT ( 'NONE',  ( 38.90225724876551539, 85.63114929373708151, 26.85867340158342742 ) ) ;
#2931 = CARTESIAN_POINT ( 'NONE',  ( -41.38727259838148598, 126.6764942988443892, 24.37365805196743196 ) ) ;
#2932 = CARTESIAN_POINT ( 'NONE',  ( 33.59269824446734987, 39.48056780803440091, 32.16823240588158939 ) ) ;
#2933 = EDGE_LOOP ( 'NONE', ( #2689, #4230, #1807, #4083 ) ) ;
#2934 = CARTESIAN_POINT ( 'NONE',  ( -37.71505118858653560, 73.51205123983933731, 28.04587946176237878 ) ) ;
#2935 = CARTESIAN_POINT ( 'NONE',  ( -31.31356217171365230, 45.71524904810724621, -34.44736847863528340 ) ) ;
#2936 = CARTESIAN_POINT ( 'NONE',  ( 38.56258473745505455, 166.8763353538257945, -27.19834591289385983 ) ) ;
#2937 = CARTESIAN_POINT ( 'NONE',  ( 27.19834591289387049, 166.8763353538258514, -38.56258473745504745 ) ) ;
#2938 = VECTOR ( 'NONE', #3149, 1000.000000000000000 ) ;
#2939 = CARTESIAN_POINT ( 'NONE',  ( -43.94697918396570202, 157.2818685057019650, 46.56268880791238018 ) ) ;
#2940 = CARTESIAN_POINT ( 'NONE',  ( 32.72860058174847353, 170.7959266676850518, 37.80070851025288192 ) ) ;
#2941 = ORIENTED_EDGE ( 'NONE', *, *, #2551, .T. ) ;
#2942 = CARTESIAN_POINT ( 'NONE',  ( 50.17042213900457881, 140.4589426390626556, -40.33924585287350340 ) ) ;
#2943 = EDGE_CURVE ( 'NONE', #6644, #257, #3808, .T. ) ;
#2944 = VECTOR ( 'NONE', #5756, 1000.000000000000000 ) ;
#2945 = AXIS2_PLACEMENT_3D ( 'NONE', #179, #1388, #142 ) ;
#2946 = CARTESIAN_POINT ( 'NONE',  ( -39.22375858382816460, 163.8347417721553541, -26.53717206652077110 ) ) ;
#2947 = CARTESIAN_POINT ( 'NONE',  ( -29.53380614872200027, 163.6450384062672470, -40.34597417626473259 ) ) ;
#2948 = CARTESIAN_POINT ( 'NONE',  ( 47.00000000000000000, 187.6273319016061407, -2.018801020640145438 ) ) ;
#2949 = DIRECTION ( 'NONE',  ( 1.000000000000000000, 0.000000000000000000, 0.000000000000000000 ) ) ;
#2950 = EDGE_CURVE ( 'NONE', #3051, #4168, #2292, .T. ) ;
#2951 = CARTESIAN_POINT ( 'NONE',  ( -35.26586455544612875, 174.4941600914323487, 31.07117060072601689 ) ) ;
#2952 = CARTESIAN_POINT ( 'NONE',  ( -49.87865280791457678, 237.1744815696540911, -3.481378554180692309 ) ) ;
#2953 = CARTESIAN_POINT ( 'NONE',  ( -46.30576403225039428, 59.33385514974001751, 44.20390395962768793 ) ) ;
#2954 = EDGE_CURVE ( 'NONE', #2481, #4841, #2166, .T. ) ;
#2955 = CARTESIAN_POINT ( 'NONE',  ( 50.59218501756915742, 120.2343318316846279, -39.91748297430893189 ) ) ;
#2956 = CARTESIAN_POINT ( 'NONE',  ( -32.71836957138132362, 170.7839353711503918, 37.80954862240392345 ) ) ;
#2957 = CARTESIAN_POINT ( 'NONE',  ( 50.64418028391641968, 124.0985968565961883, 39.86548770796169094 ) ) ;
#2958 = CARTESIAN_POINT ( 'NONE',  ( -48.18764232538011782, 78.60787726850114154, 42.32202566649796438 ) ) ;
#2959 = DIRECTION ( 'NONE',  ( 0.000000000000000000, 0.000000000000000000, 1.000000000000000000 ) ) ;
#2960 = CARTESIAN_POINT ( 'NONE',  ( 26.34014186967830184, 125.2144882378412802, -42.49951656549590950 ) ) ;
#2961 = EDGE_CURVE ( 'NONE', #6531, #5895, #1103, .T. ) ;
#2962 = ORIENTED_EDGE ( 'NONE', *, *, #2189, .T. ) ;
#2963 = ORIENTED_EDGE ( 'NONE', *, *, #623, .F. ) ;
#2964 = CARTESIAN_POINT ( 'NONE',  ( -36.08140240266998688, 58.70654625247947678, -29.67952824767895947 ) ) ;
#2965 = DIRECTION ( 'NONE',  ( 0.000000000000000000, 0.000000000000000000, 1.000000000000000000 ) ) ;
#2966 = CARTESIAN_POINT ( 'NONE',  ( -47.00000000000000000, 266.9817559752150373, -1.823765569793514674 ) ) ;
#2967 = CARTESIAN_POINT ( 'NONE',  ( -24.96626355950889931, 111.3121957717727071, 40.79466709084002218 ) ) ;
#2968 = CARTESIAN_POINT ( 'NONE',  ( 49.97972150020402893, 265.4888363189596703, 1.431908602380793427 ) ) ;
#2969 = ORIENTED_EDGE ( 'NONE', *, *, #222, .T. ) ;
#2970 = CARTESIAN_POINT ( 'NONE',  ( -36.16138306720322504, 57.99999999999999289, -30.02250515210871740 ) ) ;
#2971 = CARTESIAN_POINT ( 'NONE',  ( -48.14642419775778137, 153.8348667856811858, 42.36324379412031504 ) ) ;
#2972 = CARTESIAN_POINT ( 'NONE',  ( 43.41654570485090403, 58.00000000000000000, -18.00000000000000000 ) ) ;
#2973 = CARTESIAN_POINT ( 'NONE',  ( 40.68351489493348083, 100.9687423887486943, -49.82615309694460137 ) ) ;
#2974 = CARTESIAN_POINT ( 'NONE',  ( 41.59764216673600146, 150.5005888525396927, -48.91202582514208075 ) ) ;
#2975 = B_SPLINE_CURVE_WITH_KNOTS ( 'NONE', 3,
 ( #5028, #66, #1753, #6795, #2909, #1164, #102, #685, #3497, #3974, #1279, #2337, #6291, #4010, #5134, #3461, #6177, #2258, #2410, #3935, #4479, #6252, #175, #2947, #5699, #1715, #1202, #138, #6214, #4049, #3427, #648, #1825, #6688, #721, #2873, #6832, #1242, #2837, #5666, #2377, #4586, #1865, #3353, #5558, #2803, #577, #6144, #3386, #2295, #4514, #5590, #610, #5062, #6901, #1934, #6865, #2036, #2000, #1313, #4697, #795, #5304, #4662, #245, #4155, #4729, #4762, #210, #282, #318, #4255, #3536, #899, #5873, #5740, #4800, #7003, #5201, #2516, #758, #2982, #6359, #5773, #3126, #2446, #6934, #1899, #2483, #2548, #5336, #4122 ),
 .UNSPECIFIED., .F., .F.,
 ( 4, 2, 2, 2, 2, 2, 2, 2, 2, 2, 2, 2, 2, 2, 2, 2, 2, 2, 2, 2, 2, 2, 2, 2, 2, 2, 2, 2, 2, 2, 2, 2, 2, 2, 2, 2, 2, 2, 2, 2, 2, 2, 2, 2, 2, 4 ),
 ( 0.000000000000000000, 0.01529258496822956392, 0.03058516993645912785, 0.04587775490468869177, 0.06117033987291825570, 0.06881663235703300296, 0.07646292484114783350, 0.08410921732526263628, 0.09175550980937745293, 0.09940180229349225571, 0.1070480947776070585, 0.1089596678986357453, 0.1108712410196644321, 0.1127828141406931051, 0.1146943872617217919, 0.1156501738222361214, 0.1166059603827504648, 0.1175617469432647944, 0.1185175335037791239, 0.1194733200642934673, 0.1204291066248077968, 0.1213848931853221264, 0.1218627864655792981, 0.1223406797458364698, 0.1232964663063508132, 0.1242522528668651705, 0.1252080394273795139, 0.1261638259878938573, 0.1271196125484082007, 0.1280753991089225441, 0.1299869722299511754, 0.1318985453509797789, 0.1338101184720083825, 0.1376332647140655896, 0.1414564109561227967, 0.1452795571981800038, 0.1491027034402371831, 0.1529258496822944180, 0.1605721421664087767, 0.1682184346505231909, 0.1758647271346376051, 0.1835110196187519915, 0.1988036045869808199, 0.2140961895552096206, 0.2293887745234384212, 0.2446813594916672219 ),
 .UNSPECIFIED. ) ;
#2976 = CARTESIAN_POINT ( 'NONE',  ( -39.75138694003534567, 95.69680212022356613, -26.00954371031358647 ) ) ;
#2977 = CARTESIAN_POINT ( 'NONE',  ( 42.49951656549597345, 125.2144882378439235, 26.34014186967824500 ) ) ;
#2978 = VERTEX_POINT ( 'NONE', #4864 ) ;
#2979 = CARTESIAN_POINT ( 'NONE',  ( 39.22375858382815039, 163.8347417721553256, -26.53717206652076044 ) ) ;
#2980 = CARTESIAN_POINT ( 'NONE',  ( 0.000000000000000000, 94.50000000000000000, 0.000000000000000000 ) ) ;
#2981 = CARTESIAN_POINT ( 'NONE',  ( -43.94697918396571623, 157.2818685057020218, -46.56268880791239440 ) ) ;
#2982 = CARTESIAN_POINT ( 'NONE',  ( -42.38377953709522927, 120.1731893916055185, -26.52597244525730602 ) ) ;
#2983 = EDGE_CURVE ( 'NONE', #3134, #4823, #7066, .T. ) ;
#2984 = CARTESIAN_POINT ( 'NONE',  ( 108.0000000000000142, 219.0159610516838029, -1.126926010874052642 ) ) ;
#2985 = CARTESIAN_POINT ( 'NONE',  ( -46.98886141627406232, 212.2745019305933454, 1.022801511781935124 ) ) ;
#2986 = CARTESIAN_POINT ( 'NONE',  ( -37.71505118858650718, 169.6705890995216350, 28.04587946176240720 ) ) ;
#2987 = CARTESIAN_POINT ( 'NONE',  ( -49.95195503535315851, 192.5606852518236849, -2.204732956139140221 ) ) ;
#2988 = CARTESIAN_POINT ( 'NONE',  ( -40.41035066590497848, 320.0000000000000000, -24.00000000000000000 ) ) ;
#2989 = CARTESIAN_POINT ( 'NONE',  ( -37.80070851026098211, 170.7959266676741379, 32.72860058173907305 ) ) ;
#2990 = EDGE_CURVE ( 'NONE', #4466, #333, #6445, .T. ) ;
#2991 = CARTESIAN_POINT ( 'NONE',  ( 25.51359495171286440, 157.6066838202881399, -40.24733569863604998 ) ) ;
#2992 = DIRECTION ( 'NONE',  ( 0.000000000000000000, -0.000000000000000000, 1.000000000000000000 ) ) ;
#2993 = CARTESIAN_POINT ( 'NONE',  ( -34.08013314532966120, 43.01938834715441118, 31.68079750501924607 ) ) ;
#2994 = DIRECTION ( 'NONE',  ( 0.000000000000000000, 0.000000000000000000, 1.000000000000000000 ) ) ;
#2995 = CARTESIAN_POINT ( 'NONE',  ( 35.91078380663273606, 172.3257622397563580, -34.79250474474996224 ) ) ;
#2996 = AXIS2_PLACEMENT_3D ( 'NONE', #1227, #3589, #6276 ) ;
#2997 = ORIENTED_EDGE ( 'NONE', *, *, #1747, .T. ) ;
#2998 = ORIENTED_EDGE ( 'NONE', *, *, #3742, .T. ) ;
#2999 = CARTESIAN_POINT ( 'NONE',  ( -26.53717206652076754, 163.8347417721553256, -39.22375858382816460 ) ) ;
#3000 = CARTESIAN_POINT ( 'NONE',  ( 46.98823194100206990, 211.8629400470149164, -1.049999999999884359 ) ) ;
#3001 = CARTESIAN_POINT ( 'NONE',  ( -47.00000000000000000, 251.9412599742290695, 3.265112851063872057 ) ) ;
#3002 = CARTESIAN_POINT ( 'NONE',  ( -43.94697918396570202, 157.2818685057019650, 46.56268880791238018 ) ) ;
#3003 = CARTESIAN_POINT ( 'NONE',  ( 49.97013309399036274, 264.4300821811802393, 1.734566819819222117 ) ) ;
#3004 = VECTOR ( 'NONE', #1964, 1000.000000000000114 ) ;
#3005 = EDGE_LOOP ( 'NONE', ( #4272, #1163, #1294, #2111, #3146, #2868, #3401, #1955, #4987, #3226, #2427, #4817 ) ) ;
#3006 = CARTESIAN_POINT ( 'NONE',  ( 40.01567615761508989, 134.5090890707682831, 50.49399183426302073 ) ) ;
#3007 = CARTESIAN_POINT ( 'NONE',  ( 28.50815149135656057, 171.2031378497270566, -37.25277915899235381 ) ) ;
#3008 = CARTESIAN_POINT ( 'NONE',  ( -35.77960312803930520, 94.50000000000000000, 29.98132752230961984 ) ) ;
#3009 = VECTOR ( 'NONE', #771, 1000.000000000000114 ) ;
#3010 = CARTESIAN_POINT ( 'NONE',  ( -36.46736499287372624, 173.1609393494194364, -29.29356565747520946 ) ) ;
#3011 = DIRECTION ( 'NONE',  ( -1.000000000000000000, 0.000000000000000000, 0.000000000000000000 ) ) ;
#3012 = VERTEX_POINT ( 'NONE', #3910 ) ;
#3013 = CARTESIAN_POINT ( 'NONE',  ( 44.34275159336352345, 58.04302010026673031, 46.16691639851458717 ) ) ;
#3014 = DIRECTION ( 'NONE',  ( 0.000000000000000000, -1.000000000000000000, 0.000000000000000000 ) ) ;
#3015 = CARTESIAN_POINT ( 'NONE',  ( -108.0000000000000000, 188.0000000000000000, 0.1499999999999999944 ) ) ;
#3016 = CARTESIAN_POINT ( 'NONE',  ( 28.21356056934323320, 94.50000000000000000, -34.01183617507293633 ) ) ;
#3017 = CARTESIAN_POINT ( 'NONE',  ( 107.9999999999999858, 190.3598493564052490, -0.3817261621686081630 ) ) ;
#3018 = CARTESIAN_POINT ( 'NONE',  ( -26.00954371031357582, 95.69680212022356613, 39.75138694003534567 ) ) ;
#3019 = DIRECTION ( 'NONE',  ( 0.000000000000000000, 0.000000000000000000, -1.000000000000000000 ) ) ;
#3020 = CARTESIAN_POINT ( 'NONE',  ( -49.95567683431921324, 261.6796552519377315, 2.105110369948496540 ) ) ;
#3021 = EDGE_CURVE ( 'NONE', #3563, #6700, #809, .T. ) ;
#3022 = LINE ( 'NONE', #6366, #2187 ) ;
#3023 = CARTESIAN_POINT ( 'NONE',  ( -39.86548770796168384, 124.0985968565961883, 50.64418028391641258 ) ) ;
#3024 = CARTESIAN_POINT ( 'NONE',  ( -41.80312624289138057, 105.4697018383798479, 27.43689252658097999 ) ) ;
#3025 = CARTESIAN_POINT ( 'NONE',  ( 41.59764216673600146, 150.5005888525396927, -48.91202582514208075 ) ) ;
#3026 = CARTESIAN_POINT ( 'NONE',  ( 28.26772415252453285, 71.28898199371604960, 37.49320649782439574 ) ) ;
#3027 = CARTESIAN_POINT ( 'NONE',  ( -46.30576403225040849, 59.33385514974001751, -44.20390395962770214 ) ) ;
#3028 = CARTESIAN_POINT ( 'NONE',  ( 43.19369017679609613, 69.12979561808752749, -47.31597781508199319 ) ) ;
#3029 = CARTESIAN_POINT ( 'NONE',  ( 31.87944353149404364, 169.6266751731230613, -38.51940243239717176 ) ) ;
#3030 = EDGE_CURVE ( 'NONE', #209, #6097, #1794, .T. ) ;
#3031 = EDGE_LOOP ( 'NONE', ( #2140, #2391 ) ) ;
#3032 = EDGE_CURVE ( 'NONE', #5888, #414, #2278, .T. ) ;
#3033 = ORIENTED_EDGE ( 'NONE', *, *, #3742, .F. ) ;
#3034 = CARTESIAN_POINT ( 'NONE',  ( -31.08035469695842679, 175.3233815820528321, -34.68057595339050891 ) ) ;
#3035 = CARTESIAN_POINT ( 'NONE',  ( 46.99104037128101652, 211.4707507656320615, 0.9172490628406658741 ) ) ;
#3036 = CARTESIAN_POINT ( 'NONE',  ( -47.00000000000000000, 254.9285904774020253, 3.139449734291469341 ) ) ;
#3037 = CARTESIAN_POINT ( 'NONE',  ( 49.99775095300193328, 267.3436135936285041, 0.4815547765336153363 ) ) ;
#3038 = EDGE_CURVE ( 'NONE', #5727, #2476, #6743, .T. ) ;
#3039 = ORIENTED_EDGE ( 'NONE', *, *, #2099, .T. ) ;
#3040 = CARTESIAN_POINT ( 'NONE',  ( 40.68351489493349504, 100.9687423887486943, 49.82615309694461558 ) ) ;
#3041 = DIRECTION ( 'NONE',  ( 0.000000000000000000, -0.000000000000000000, -1.000000000000000000 ) ) ;
#3042 = CARTESIAN_POINT ( 'NONE',  ( 47.88935570772444805, 75.23276251545793514, 42.62031228415367679 ) ) ;
#3043 = CARTESIAN_POINT ( 'NONE',  ( -28.56886579484421773, 171.3537213828244035, -37.19206485550470376 ) ) ;
#3044 = B_SPLINE_CURVE_WITH_KNOTS ( 'NONE', 3,
 ( #7071, #1000, #6048, #7105, #3339, #6606, #3745, #964 ),
 .UNSPECIFIED., .F., .F.,
 ( 4, 2, 2, 4 ),
 ( 0.000000000000000000, 0.008445642262737970002, 0.01266846339410694633, 0.01689128452547592266 ),
 .UNSPECIFIED. ) ;
#3045 = CARTESIAN_POINT ( 'NONE',  ( 35.25181839960809071, 172.4006591004290954, 35.45892271379482708 ) ) ;
#3046 = CARTESIAN_POINT ( 'NONE',  ( 37.49320649782439574, 71.28898199371604960, 28.26772415252454351 ) ) ;
#3047 = CARTESIAN_POINT ( 'NONE',  ( 41.36857510098818125, 141.0186408901463153, 24.39235554936074735 ) ) ;
#3048 = CARTESIAN_POINT ( 'NONE',  ( 39.82026051515521914, 127.6151589264297144, 50.68940747672289149 ) ) ;
#3049 = CARTESIAN_POINT ( 'NONE',  ( 49.82615309694461558, 100.9687423887486943, 40.68351489493350215 ) ) ;
#3050 = CARTESIAN_POINT ( 'NONE',  ( -43.94697918396570202, 157.2818685057019650, 46.56268880791238018 ) ) ;
#3051 = VERTEX_POINT ( 'NONE', #4607 ) ;
#3052 = AXIS2_PLACEMENT_3D ( 'NONE', #3220, #7133, #6598 ) ;
#3053 = CARTESIAN_POINT ( 'NONE',  ( -108.0000000000000000, 212.2520230457143668, -1.564538599336978475 ) ) ;
#3054 = CARTESIAN_POINT ( 'NONE',  ( 28.32114118803943370, 170.3790392360403416, 37.51035950841352928 ) ) ;
#3055 = LINE ( 'NONE', #6327, #5103 ) ;
#3056 = FACE_OUTER_BOUND ( 'NONE', #4934, .T. ) ;
#3057 = CARTESIAN_POINT ( 'NONE',  ( -32.88046532517446963, 57.99999999999999289, -32.88046532517446963 ) ) ;
#3058 = CARTESIAN_POINT ( 'NONE',  ( -36.88427203083094952, 172.0413855346516527, 29.13063671876262717 ) ) ;
#3059 = LINE ( 'NONE', #5276, #6487 ) ;
#3060 = CIRCLE ( 'NONE', #3173, 46.99996213765929554 ) ;
#3061 = FACE_OUTER_BOUND ( 'NONE', #4187, .T. ) ;
#3062 = CARTESIAN_POINT ( 'NONE',  ( -39.91748297430892478, 120.2343318316846421, 50.59218501756915742 ) ) ;
#3063 = CARTESIAN_POINT ( 'NONE',  ( -33.48841238800439868, 171.5561179699346042, 37.12955697798660992 ) ) ;
#3064 = CARTESIAN_POINT ( 'NONE',  ( -32.66844815593911022, 175.4114255477972790, -33.79063506660781258 ) ) ;
#3065 = VECTOR ( 'NONE', #3992, 1000.000000000000000 ) ;
#3066 = CARTESIAN_POINT ( 'NONE',  ( 43.19369017679611034, 69.12979561808752749, 47.31597781508200029 ) ) ;
#3067 = CARTESIAN_POINT ( 'NONE',  ( -45.92619372941035749, 55.93620152028918824, 44.58347426246772471 ) ) ;
#3068 = CARTESIAN_POINT ( 'NONE',  ( 44.58347426246771050, 55.93620152028918824, -45.92619372941037170 ) ) ;
#3069 = B_SPLINE_CURVE_WITH_KNOTS ( 'NONE', 3,
 ( #6814, #5574, #6669, #2241 ),
 .UNSPECIFIED., .F., .F.,
 ( 4, 4 ),
 ( 0.002524964209716083242, 0.003124964209716093923 ),
 .UNSPECIFIED. ) ;
#3070 = CARTESIAN_POINT ( 'NONE',  ( 31.72710345029909718, 169.3695786487593864, -38.64485246354594494 ) ) ;
#3071 = EDGE_LOOP ( 'NONE', ( #6565, #5391, #5824, #6673 ) ) ;
#3072 = ORIENTED_EDGE ( 'NONE', *, *, #2107, .F. ) ;
#3073 = CARTESIAN_POINT ( 'NONE',  ( 47.03874315999062361, 66.31954352124843410, 43.47092483188747281 ) ) ;
#3074 = CARTESIAN_POINT ( 'NONE',  ( -45.25483399593905176, 158.6226686892998146, -45.25483399593905176 ) ) ;
#3075 = DIRECTION ( 'NONE',  ( -0.7071067811865475727, 0.000000000000000000, 0.7071067811865475727 ) ) ;
#3076 = CARTESIAN_POINT ( 'NONE',  ( -47.00000000000000000, 218.9313642205669055, 3.332580657541732272 ) ) ;
#3077 = CARTESIAN_POINT ( 'NONE',  ( -30.94645188787809786, 48.51213425699024384, 34.81447876247082007 ) ) ;
#3078 = EDGE_CURVE ( 'NONE', #6165, #6965, #3069, .T. ) ;
#3079 = CARTESIAN_POINT ( 'NONE',  ( 49.99290417737708481, 266.7832322986190547, -0.8553904651157879790 ) ) ;
#3080 = EDGE_LOOP ( 'NONE', ( #5831, #3966, #2759, #5654 ) ) ;
#3081 = CARTESIAN_POINT ( 'NONE',  ( 41.59764216673602277, 150.5005888525397211, 48.91202582514209496 ) ) ;
#3082 = EDGE_CURVE ( 'NONE', #5761, #4267, #4533, .T. ) ;
#3083 = CARTESIAN_POINT ( 'NONE',  ( 37.00988115598541128, 66.80701258836774059, 28.75104949436352797 ) ) ;
#3084 = DIRECTION ( 'NONE',  ( 0.000000000000000000, 1.000000000000000000, 0.000000000000000000 ) ) ;
#3085 = DIRECTION ( 'NONE',  ( 0.000000000000000000, 0.000000000000000000, -1.000000000000000000 ) ) ;
#3086 = CARTESIAN_POINT ( 'NONE',  ( 42.03461616943275203, 150.3730014174385303, 27.07602383751762432 ) ) ;
#3087 = ORIENTED_EDGE ( 'NONE', *, *, #5832, .T. ) ;
#3088 = CARTESIAN_POINT ( 'NONE',  ( 50.40863483252044830, 137.5203383235722185, 40.10103315935766233 ) ) ;
#3089 = CARTESIAN_POINT ( 'NONE',  ( 49.93783009309771614, 143.4569695494772930, 40.57183789878039448 ) ) ;
#3090 = B_SPLINE_CURVE_WITH_KNOTS ( 'NONE', 3,
 ( #2834, #572, #3422, #3819, #6645 ),
 .UNSPECIFIED., .F., .F.,
 ( 4, 1, 4 ),
 ( 0.9437396079111429747, 0.9462942583527024221, 0.9752823015947392760 ),
 .UNSPECIFIED. ) ;
#3091 = CARTESIAN_POINT ( 'NONE',  ( 31.16249184016698948, 49.00211377389226186, 35.06995688179173953 ) ) ;
#3092 = DIRECTION ( 'NONE',  ( 0.000000000000000000, -1.000000000000000000, 0.000000000000000000 ) ) ;
#3093 = CARTESIAN_POINT ( 'NONE',  ( 45.25483399593905176, 157.9999999999999716, 45.25483399593905176 ) ) ;
#3094 = CARTESIAN_POINT ( 'NONE',  ( 108.0000000000000000, 188.1420704083295163, 0.1644803745078677881 ) ) ;
#3095 = CARTESIAN_POINT ( 'NONE',  ( -39.91996775807772480, 130.9941881811295445, 50.58970023380036451 ) ) ;
#3096 = CARTESIAN_POINT ( 'NONE',  ( 46.53284740717146661, 61.44371818057052792, -43.97682058470661559 ) ) ;
#3097 = CARTESIAN_POINT ( 'NONE',  ( 49.90991885387112603, 325.0000000000000000, -3.000000000000000000 ) ) ;
#3098 = CARTESIAN_POINT ( 'NONE',  ( -30.02250515210871740, 57.99999999999999289, 36.16138306720323214 ) ) ;
#3099 = CARTESIAN_POINT ( 'NONE',  ( -41.89008183373210414, 152.1318062554275912, -48.61958615814599938 ) ) ;
#3100 = CARTESIAN_POINT ( 'NONE',  ( 41.38727259838148598, 126.6764942988443892, -24.37365805196743551 ) ) ;
#3101 = CARTESIAN_POINT ( 'NONE',  ( -36.74166306702326779, 172.3850631284906001, -29.31276646092364047 ) ) ;
#3102 = ORIENTED_EDGE ( 'NONE', *, *, #6194, .F. ) ;
#3103 = CARTESIAN_POINT ( 'NONE',  ( 27.19834591289388470, 166.8763353538258514, 38.56258473745506166 ) ) ;
#3104 = CARTESIAN_POINT ( 'NONE',  ( -40.11998767400632460, 112.7299032302373263, -50.38968031787179314 ) ) ;
#3105 = CARTESIAN_POINT ( 'NONE',  ( 37.24544781882603672, 68.33317738998538005, 28.67738453376401964 ) ) ;
#3106 = CARTESIAN_POINT ( 'NONE',  ( 29.27444961139395474, 162.7673015036193931, -40.53643829274438559 ) ) ;
#3107 = ORIENTED_EDGE ( 'NONE', *, *, #5902, .T. ) ;
#3108 = CARTESIAN_POINT ( 'NONE',  ( -39.86548770796169094, 124.0985968565961741, -50.64418028391641258 ) ) ;
#3109 = CARTESIAN_POINT ( 'NONE',  ( -45.04270196158309147, 52.00000000000000000, -45.46696603029501915 ) ) ;
#3110 = CARTESIAN_POINT ( 'NONE',  ( 37.71505118858653560, 340.0000000000000000, -28.04587946176237878 ) ) ;
#3111 = CARTESIAN_POINT ( 'NONE',  ( -45.04270196158307726, 52.00000000000000000, 45.46696603029501205 ) ) ;
#3112 = CARTESIAN_POINT ( 'NONE',  ( 49.96090536810629601, 262.7778989250646760, 1.977104866206808920 ) ) ;
#3113 = VECTOR ( 'NONE', #558, 1000.000000000000000 ) ;
#3114 = CARTESIAN_POINT ( 'NONE',  ( 28.50815149135656767, 171.2031378497270850, 37.25277915899236092 ) ) ;
#3115 = CARTESIAN_POINT ( 'NONE',  ( 25.61039644484206690, 101.0166046022987985, -40.15053420550685104 ) ) ;
#3116 = CARTESIAN_POINT ( 'NONE',  ( 47.72506399400257493, 155.3921848145515128, 42.78460399787553570 ) ) ;
#3117 = DIRECTION ( 'NONE',  ( 0.000000000000000000, 0.000000000000000000, -1.000000000000000000 ) ) ;
#3118 = AXIS2_PLACEMENT_3D ( 'NONE', #1291, #6338, #2959 ) ;
#3119 = CARTESIAN_POINT ( 'NONE',  ( -45.25483399593903755, 94.50000000000000000, 45.25483399593904466 ) ) ;
#3120 = CARTESIAN_POINT ( 'NONE',  ( 33.83408293086012719, 41.21309918220622848, 31.92684771948880851 ) ) ;
#3121 = CARTESIAN_POINT ( 'NONE',  ( 45.25483399593905176, 158.6226686892998146, 45.25483399593905176 ) ) ;
#3122 = EDGE_CURVE ( 'NONE', #4279, #1768, #1846, .T. ) ;
#3123 = CARTESIAN_POINT ( 'NONE',  ( 48.14642419775778848, 153.8348667856812142, 42.36324379412032215 ) ) ;
#3124 = CIRCLE ( 'NONE', #912, 46.99996213765929554 ) ;
#3125 = CARTESIAN_POINT ( 'NONE',  ( -37.57616459432502154, 54.99999999999999289, 32.98532786528269156 ) ) ;
#3126 = CARTESIAN_POINT ( 'NONE',  ( -41.78104421726179396, 105.0519756244985530, -27.47049506919319839 ) ) ;
#3127 = CARTESIAN_POINT ( 'NONE',  ( 107.9999999999999858, 219.0159610516838029, 1.126926010874051309 ) ) ;
#3128 = CARTESIAN_POINT ( 'NONE',  ( -31.31356217171363099, 45.71524904810725332, 34.44736847863527629 ) ) ;
#3129 = CARTESIAN_POINT ( 'NONE',  ( 34.81447876247081297, 48.51213425699022963, -30.94645188787810497 ) ) ;
#3130 = CARTESIAN_POINT ( 'NONE',  ( -49.99614057289633706, 170.2571451153893349, 0.9099043499377282851 ) ) ;
#3131 = CARTESIAN_POINT ( 'NONE',  ( -36.07334018333741454, 174.1961081890134153, 29.68759046701149984 ) ) ;
#3132 = CARTESIAN_POINT ( 'NONE',  ( -26.47683376497551677, 142.8363999835868015, 42.41484396826313485 ) ) ;
#3133 = CARTESIAN_POINT ( 'NONE',  ( 31.45444816953517986, 46.00849753285227450, -34.61057804017264061 ) ) ;
#3134 = VERTEX_POINT ( 'NONE', #6199 ) ;
#3135 = CARTESIAN_POINT ( 'NONE',  ( 40.01567615761508989, 134.5090890707682831, 50.49399183426302073 ) ) ;
#3136 = CARTESIAN_POINT ( 'NONE',  ( -47.72506399400258204, 155.3921848145515128, -42.78460399787553570 ) ) ;
#3137 = CARTESIAN_POINT ( 'NONE',  ( 31.92684771948880140, 41.21309918220619295, -33.83408293086011298 ) ) ;
#3138 = CARTESIAN_POINT ( 'NONE',  ( -26.53717206652076754, 163.8347417721553256, -39.22375858382816460 ) ) ;
#3139 = ORIENTED_EDGE ( 'NONE', *, *, #6031, .F. ) ;
#3140 = CARTESIAN_POINT ( 'NONE',  ( -24.37365805196744262, 126.6764942988443892, -41.38727259838150019 ) ) ;
#3141 = CARTESIAN_POINT ( 'NONE',  ( -43.19369017679609613, 69.12979561808754170, 47.31597781508198608 ) ) ;
#3142 = CARTESIAN_POINT ( 'NONE',  ( -47.31597781508200029, 69.12979561808752749, -43.19369017679611034 ) ) ;
#3143 = CARTESIAN_POINT ( 'NONE',  ( -34.81447876247081297, 48.51213425699023674, 30.94645188787810497 ) ) ;
#3144 = CARTESIAN_POINT ( 'NONE',  ( -45.72681195956040767, 54.19120085711175960, 44.78285603231768164 ) ) ;
#3145 = CIRCLE ( 'NONE', #1878, 1.800000000000000044 ) ;
#3146 = ORIENTED_EDGE ( 'NONE', *, *, #447, .T. ) ;
#3147 = FACE_OUTER_BOUND ( 'NONE', #2933, .T. ) ;
#3148 = CARTESIAN_POINT ( 'NONE',  ( 45.46696603029501915, 52.00000000000000000, 45.04270196158309147 ) ) ;
#3149 = DIRECTION ( 'NONE',  ( -0.000000000000000000, -1.000000000000000000, -0.000000000000000000 ) ) ;
#3150 = CARTESIAN_POINT ( 'NONE',  ( -44.93779350453365851, 52.88466077438589963, 45.57187448734442370 ) ) ;
#3151 = CARTESIAN_POINT ( 'NONE',  ( 47.31597781508200029, 69.12979561808754170, 43.19369017679611034 ) ) ;
#3152 = CARTESIAN_POINT ( 'NONE',  ( 43.67497383246009690, 64.24886354028815560, 46.83469415941800662 ) ) ;
#3153 = CARTESIAN_POINT ( 'NONE',  ( -37.24544780204604422, 68.33317720493209890, 28.67738455632914096 ) ) ;
#3154 = CARTESIAN_POINT ( 'NONE',  ( -45.04270196158307726, 52.00000000000000000, 45.46696603029501205 ) ) ;
#3155 = CARTESIAN_POINT ( 'NONE',  ( 84.99999999999998579, 212.0000000000000000, 1.050000000000000044 ) ) ;
#3156 = CARTESIAN_POINT ( 'NONE',  ( -40.57183789878038027, 143.4569695494772930, 49.93783009309771614 ) ) ;
#3157 = CARTESIAN_POINT ( 'NONE',  ( -77.50000000000000000, 174.0000000000000000, -0.1999999999999999833 ) ) ;
#3158 = ADVANCED_FACE ( 'NONE', ( #3519 ), #53, .F. ) ;
#3159 = CARTESIAN_POINT ( 'NONE',  ( 40.41035066590497848, 340.0000000000000000, -24.00000000000000000 ) ) ;
#3160 = VECTOR ( 'NONE', #1336, 1000.000000000000000 ) ;
#3161 = CARTESIAN_POINT ( 'NONE',  ( 0.000000000000000000, 10.00000000000000888, 40.24419999999999931 ) ) ;
#3162 = CARTESIAN_POINT ( 'NONE',  ( -25.61039644484207045, 101.0166046022987985, 40.15053420550685104 ) ) ;
#3163 = DIRECTION ( 'NONE',  ( 0.000000000000000000, 0.000000000000000000, 1.000000000000000000 ) ) ;
#3164 = CARTESIAN_POINT ( 'NONE',  ( 49.82615309694460137, 100.9687423887486943, -40.68351489493349504 ) ) ;
#3165 = CARTESIAN_POINT ( 'NONE',  ( -35.25587864481317268, 174.5039055581205218, -31.08250375579115854 ) ) ;
#3166 = EDGE_CURVE ( 'NONE', #813, #3928, #4570, .T. ) ;
#3167 = ORIENTED_EDGE ( 'NONE', *, *, #805, .T. ) ;
#3168 = CARTESIAN_POINT ( 'NONE',  ( 50.17042213900458592, 140.4589426390626556, 40.33924585287351761 ) ) ;
#3169 = CARTESIAN_POINT ( 'NONE',  ( -40.01567615761508989, 134.5090890707682831, -50.49399183426302073 ) ) ;
#3170 = CARTESIAN_POINT ( 'NONE',  ( 40.11998767400630328, 112.7299032302373263, -50.38968031787177893 ) ) ;
#3171 = CARTESIAN_POINT ( 'NONE',  ( -37.25277915899236092, 171.2031378497270566, -28.50815149135657478 ) ) ;
#3172 = VECTOR ( 'NONE', #6567, 1000.000000000000000 ) ;
#3173 = AXIS2_PLACEMENT_3D ( 'NONE', #2362, #5579, #6204 ) ;
#3174 = LINE ( 'NONE', #3287, #1063 ) ;
#3175 = EDGE_CURVE ( 'NONE', #4622, #7094, #5985, .T. ) ;
#3176 = CARTESIAN_POINT ( 'NONE',  ( -25.61039644484208466, 101.0166046022987985, -40.15053420550685814 ) ) ;
#3177 = CARTESIAN_POINT ( 'NONE',  ( -108.0000000000000000, 188.0000000000000000, -0.1499999999999999944 ) ) ;
#3178 = CARTESIAN_POINT ( 'NONE',  ( -34.44736847863528340, 45.71524904810726753, -31.31356217171364520 ) ) ;
#3179 = CARTESIAN_POINT ( 'NONE',  ( -52.39661248592317122, 145.5000000000000000, 46.59833688019348585 ) ) ;
#3180 = DIRECTION ( 'NONE',  ( 0.000000000000000000, -1.000000000000000000, 0.000000000000000000 ) ) ;
#3181 = DIRECTION ( 'NONE',  ( 0.000000000000000000, -1.000000000000000000, 0.000000000000000000 ) ) ;
#3182 = ORIENTED_EDGE ( 'NONE', *, *, #6537, .T. ) ;
#3183 = CARTESIAN_POINT ( 'NONE',  ( 35.25557465562761195, 52.00000000000000000, 30.50535599403128373 ) ) ;
#3184 = CARTESIAN_POINT ( 'NONE',  ( 34.68057595339050891, 175.3233815820528605, 31.08035469695842679 ) ) ;
#3185 = CARTESIAN_POINT ( 'NONE',  ( -46.30576403225040849, 59.33385514974001751, -44.20390395962770214 ) ) ;
#3186 = DIRECTION ( 'NONE',  ( 1.000000000000000000, -0.000000000000000000, -0.000000000000000000 ) ) ;
#3187 = CARTESIAN_POINT ( 'NONE',  ( -44.20390395962768793, 59.33385514974001751, 46.30576403225040139 ) ) ;
#3188 = CARTESIAN_POINT ( 'NONE',  ( 45.57187448734443791, 52.88466077438589963, 44.93779350453366561 ) ) ;
#3189 = DIRECTION ( 'NONE',  ( -0.7071067811865474617, 0.000000000000000000, -0.7071067811865474617 ) ) ;
#3190 = CARTESIAN_POINT ( 'NONE',  ( 50.17042213900458592, 140.4589426390626556, 40.33924585287351761 ) ) ;
#3191 = ORIENTED_EDGE ( 'NONE', *, *, #367, .T. ) ;
#3192 = CARTESIAN_POINT ( 'NONE',  ( -38.00000000000000000, 320.0000000000000000, -21.00000000000000000 ) ) ;
#3193 = CARTESIAN_POINT ( 'NONE',  ( -39.86548770796168384, 124.0985968565961883, 50.64418028391641258 ) ) ;
#3194 = CARTESIAN_POINT ( 'NONE',  ( 108.0000000000000142, 190.3598493564053058, 0.3817261621686084960 ) ) ;
#3195 = CARTESIAN_POINT ( 'NONE',  ( -50.49399183426301363, 134.5090890707682831, 40.01567615761508279 ) ) ;
#3196 = CARTESIAN_POINT ( 'NONE',  ( 41.46658174736684543, 131.8280114082709815, -24.29434890298207250 ) ) ;
#3197 = CARTESIAN_POINT ( 'NONE',  ( 30.94645188787809786, 48.51213425699023674, -34.81447876247082007 ) ) ;
#3198 = VERTEX_POINT ( 'NONE', #3664 ) ;
#3199 = CARTESIAN_POINT ( 'NONE',  ( -26.34014186967795723, 125.2144882378529189, 42.49951656549611556 ) ) ;
#3200 = CARTESIAN_POINT ( 'NONE',  ( 38.43390449649705687, 80.61020279584469961, -27.32702615385185752 ) ) ;
#3201 = CARTESIAN_POINT ( 'NONE',  ( 31.16249184016718132, 49.00211377388929890, -35.06995688179135584 ) ) ;
#3202 = CARTESIAN_POINT ( 'NONE',  ( 46.59833688019348585, 145.5000000000000000, 52.39661248592317833 ) ) ;
#3203 = ORIENTED_EDGE ( 'NONE', *, *, #3481, .T. ) ;
#3204 = CARTESIAN_POINT ( 'NONE',  ( 33.34895851616626317, 52.22473461303809472, 37.25696021647656409 ) ) ;
#3205 = CARTESIAN_POINT ( 'NONE',  ( -37.25277915899236092, 171.2031378497270566, -28.50815149135657478 ) ) ;
#3206 = CARTESIAN_POINT ( 'NONE',  ( 27.19834591289387049, 166.8763353538258514, -38.56258473745504745 ) ) ;
#3207 = CARTESIAN_POINT ( 'NONE',  ( -31.08035469695842679, 175.3233815820528321, -34.68057595339050891 ) ) ;
#3208 = ADVANCED_FACE ( 'NONE', ( #1953 ), #4858, .T. ) ;
#3209 = CARTESIAN_POINT ( 'NONE',  ( 45.77674598141886264, 54.62836855260158586, 44.73292201045924799 ) ) ;
#3210 = CARTESIAN_POINT ( 'NONE',  ( 25.61039644484207756, 101.0166046022987985, 40.15053420550685814 ) ) ;
#3211 = DIRECTION ( 'NONE',  ( 0.000000000000000000, 0.000000000000000000, 1.000000000000000000 ) ) ;
#3212 = CARTESIAN_POINT ( 'NONE',  ( -33.26194495473987445, 37.17140469785621093, -32.49898569560906481 ) ) ;
#3213 = CARTESIAN_POINT ( 'NONE',  ( -45.57187448734442370, 52.88466077438591384, 44.93779350453365851 ) ) ;
#3214 = DIRECTION ( 'NONE',  ( 0.000000000000000000, -0.000000000000000000, -1.000000000000000000 ) ) ;
#3215 = CARTESIAN_POINT ( 'NONE',  ( -40.43689723274793124, 104.9875858014058423, 50.07277075913015807 ) ) ;
#3216 = ORIENTED_EDGE ( 'NONE', *, *, #2419, .T. ) ;
#3217 = CARTESIAN_POINT ( 'NONE',  ( 46.83469415941799241, 64.24886354028815560, -43.67497383246008980 ) ) ;
#3218 = ORIENTED_EDGE ( 'NONE', *, *, #5041, .T. ) ;
#3219 = CARTESIAN_POINT ( 'NONE',  ( 27.32702615385186462, 80.61020279584469961, 38.43390449649707108 ) ) ;
#3220 = CARTESIAN_POINT ( 'NONE',  ( 52.48213096559379665, 114.3360710321864815, 0.000000000000000000 ) ) ;
#3221 = CARTESIAN_POINT ( 'NONE',  ( 31.07117060072615899, 174.4941600914324340, 35.26586455544600085 ) ) ;
#3222 = DIRECTION ( 'NONE',  ( -0.000000000000000000, -0.000000000000000000, 1.000000000000000000 ) ) ;
#3223 = CARTESIAN_POINT ( 'NONE',  ( -24.39235554936073669, 141.0186408901463153, 41.36857510098818125 ) ) ;
#3224 = CC_DESIGN_APPROVAL ( #6178, ( #1790 ) ) ;
#3225 = DIRECTION ( 'NONE',  ( 0.7071067811865474617, -0.000000000000000000, 0.7071067811865474617 ) ) ;
#3226 = ORIENTED_EDGE ( 'NONE', *, *, #5597, .T. ) ;
#3227 = CARTESIAN_POINT ( 'NONE',  ( 32.16823240588159649, 39.48056780803435828, 33.59269824446734276 ) ) ;
#3228 = EDGE_CURVE ( 'NONE', #2709, #477, #6956, .T. ) ;
#3229 = CARTESIAN_POINT ( 'NONE',  ( 31.31356217171363099, 45.71524904810726753, -34.44736847863527629 ) ) ;
#3230 = LINE ( 'NONE', #1528, #5146 ) ;
#3231 = B_SPLINE_SURFACE_WITH_KNOTS ( 'NONE', 3, 1, ( 
 ( #5148, #2353 ),
 ( #626, #738 ),
 ( #6740, #2888 ),
 ( #2853, #6232 ),
 ( #6811, #5647 ),
 ( #5077, #1843 ),
 ( #81, #1261 ),
 ( #1769, #3515 ),
 ( #2964, #5185 ),
 ( #5219, #6342 ),
 ( #5255, #1471 ),
 ( #2498, #5287 ),
 ( #4204, #2530 ),
 ( #4746, #775 ),
 ( #5318, #4780 ),
 ( #2048, #6915 ),
 ( #4136, #3623 ),
 ( #6378, #1402 ),
 ( #1510, #3692 ),
 ( #4170, #882 ),
 ( #5825, #6951 ),
 ( #5889, #1987 ),
 ( #847, #814 ),
 ( #917, #5352 ),
 ( #1950, #1366 ),
 ( #4273, #297 ),
 ( #368, #334 ),
 ( #4677, #4818 ),
 ( #4236, #3074 ),
 ( #3034, #3729 ),
 ( #6482, #2564 ),
 ( #6413, #6984 ),
 ( #2020, #6446 ),
 ( #2999, #4712 ),
 ( #260, #1440 ),
 ( #2598, #3660 ),
 ( #7017, #3585 ),
 ( #225, #5857 ),
 ( #1915, #3108 ),
 ( #3140, #6880 ),
 ( #2464, #5790 ),
 ( #1544, #5925 ),
 ( #3176, #2082 ),
 ( #2629, #5385 ),
 ( #4310, #6516 ),
 ( #948, #400 ),
 ( #4847, #7052 ),
 ( #2862, #5616 ),
 ( #746, #636 ),
 ( #6240, #6856 ),
 ( #5123, #1739 ),
 ( #2935, #5086 ),
 ( #601, #91 ),
 ( #708, #2827 ),
 ( #673, #6749 ),
 ( #5158, #6820 ),
 ( #2324, #5052 ) ),
 .UNSPECIFIED., .F., .F., .F.,
 ( 4, 1, 1, 1, 1, 1, 1, 1, 1, 1, 1, 1, 1, 1, 1, 1, 1, 1, 1, 1, 1, 1, 1, 1, 1, 1, 1, 1, 1, 1, 1, 1, 1, 1, 1, 1, 1, 1, 1, 1, 1, 1, 1, 1, 1, 1, 1, 1, 1, 1, 1, 1, 1, 1, 4 ),
 ( 2, 2 ),
 ( 0.000000000000000000, 0.006185920264467958951, 0.006201962899188617762, 0.02441097605636066703, 0.02448136905349906911, 0.05370574164729757793, 0.05388345649501025125, 0.09253774940744008415, 0.09289034474279100895, 0.1389060332195525271, 0.1395093084148929519, 0.1904437008900515815, 0.1913742588137488099, 0.2445345556009104193, 0.2458629933516659483, 0.2984579075547033611, 0.3002380933255869300, 0.3495648249652612005, 0.3518114771965039633, 0.3954646363279898935, 0.3981158618259910131, 0.4341890767744073232, 0.4370593218643058497, 0.4643545367854605699, 0.4670784500627875868, 0.4855543320873982882, 0.4874746266155715047, 0.4999999999999998890, 0.5125253733844284953, 0.5144456679126014897, 0.5329215499372124132, 0.5356454632145392081, 0.5629406781356941503, 0.5658109232255925658, 0.6018841381740089869, 0.6045353636720098844, 0.6481885228034960367, 0.6504351750347385774, 0.6997619066744129590, 0.7015420924452964169, 0.7541370066483340517, 0.7554654443990894697, 0.8086257411862511901, 0.8095562991099481964, 0.8604906915851069371, 0.8610939667804473618, 0.9071096552572089911, 0.9074622505925598048, 0.9461165435049897487, 0.9462942583527023110, 0.9755186309465008199, 0.9755890239436393330, 0.9937980371008112712, 0.9938140797355321521, 1.000000000000000000 ),
 ( 0.000000000000000000, 1.000000000000000000 ),
 .UNSPECIFIED. ) ;
#3232 = DIRECTION ( 'NONE',  ( 1.000000000000000000, 0.000000000000000000, 0.000000000000000000 ) ) ;
#3233 = APPROVAL_ROLE ( '' ) ;
#3234 = CARTESIAN_POINT ( 'NONE',  ( -48.76789381400745071, 85.62404022679615423, 41.74177417787063860 ) ) ;
#3235 = CARTESIAN_POINT ( 'NONE',  ( 50.64418028391640547, 124.0985968565961741, -39.86548770796168384 ) ) ;
#3236 = CARTESIAN_POINT ( 'NONE',  ( 43.19369017679609613, 69.12979561808752749, -47.31597781508199319 ) ) ;
#3237 = EDGE_LOOP ( 'NONE', ( #2603, #3697 ) ) ;
#3238 = DIRECTION ( 'NONE',  ( 0.000000000000000000, 0.000000000000000000, -1.000000000000000000 ) ) ;
#3239 = CARTESIAN_POINT ( 'NONE',  ( -26.22797537150326619, 132.7716359899562235, 42.56869902803979500 ) ) ;
#3240 = DIRECTION ( 'NONE',  ( 0.000000000000000000, 0.000000000000000000, -1.000000000000000000 ) ) ;
#3241 = DIRECTION ( 'NONE',  ( 0.7071067811865479058, -0.000000000000000000, 0.7071067811865472397 ) ) ;
#3242 = VERTEX_POINT ( 'NONE', #5494 ) ;
#3243 = CARTESIAN_POINT ( 'NONE',  ( 108.0000000000000000, 218.0682573214455431, -1.296976512692876504 ) ) ;
#3244 = CARTESIAN_POINT ( 'NONE',  ( 40.15053420550686525, 101.0166046022987985, 25.61039644484208111 ) ) ;
#3245 = VECTOR ( 'NONE', #2688, 1000.000000000000000 ) ;
#3246 = B_SPLINE_CURVE_WITH_KNOTS ( 'NONE', 3,
 ( #6900, #3054, #1933, #4154, #6358, #1384, #5804, #3642, #830, #3221, #5271, #1555, #3775, #5971, #4728, #5432, #6933, #1970, #4189, #5844, #1810, #4031, #6198, #5079, #1698, #6234, #4462, #3300, #628, #2856, #6668, #4532, #1141, #3371 ),
 .UNSPECIFIED., .F., .F.,
 ( 4, 2, 2, 2, 2, 2, 2, 2, 2, 2, 2, 2, 2, 2, 2, 2, 4 ),
 ( 0.000000000000000000, 0.002341570909608369812, 0.003512356364412552983, 0.004683141819216735287, 0.005853927274020918892, 0.007024712728825101629, 0.008195498183629284367, 0.008780890911031357521, 0.009366283638433432410, 0.009951676365835505564, 0.01053706909323757872, 0.01170785454804169727, 0.01287864000284583144, 0.01404942545764996387, 0.01639099636725822873, 0.01756178182206236116, 0.01873256727686649359 ),
 .UNSPECIFIED. ) ;
#3247 = CARTESIAN_POINT ( 'NONE',  ( -48.91202582514209496, 150.5005888525396927, -41.59764216673601567 ) ) ;
#3248 = CARTESIAN_POINT ( 'NONE',  ( 49.05663547162954075, 89.40149471062302666, -41.45303252024854146 ) ) ;
#3249 = CARTESIAN_POINT ( 'NONE',  ( -41.06358789818639821, 116.6762642137271797, -24.69734275216253749 ) ) ;
#3250 = CARTESIAN_POINT ( 'NONE',  ( 24.55371574811972479, 145.7020373835961777, -41.20721490222918959 ) ) ;
#3251 = CARTESIAN_POINT ( 'NONE',  ( 41.74177417787063860, 85.62404022679615423, -48.76789381400745782 ) ) ;
#3252 = CARTESIAN_POINT ( 'NONE',  ( -29.85456570832900525, 57.99999999999999289, 36.04734683592621280 ) ) ;
#3253 = ORIENTED_EDGE ( 'NONE', *, *, #1452, .T. ) ;
#3254 = CARTESIAN_POINT ( 'NONE',  ( 40.11998767400631749, 112.7299032302373121, 50.38968031787179314 ) ) ;
#3255 = EDGE_CURVE ( 'NONE', #4948, #6038, #4932, .T. ) ;
#3256 = CARTESIAN_POINT ( 'NONE',  ( -44.99031566266479842, 52.44175755770029923, 45.51935232921329799 ) ) ;
#3257 = CARTESIAN_POINT ( 'NONE',  ( -24.29434890298208316, 131.8280114082709815, -41.46658174736685964 ) ) ;
#3258 = CARTESIAN_POINT ( 'NONE',  ( -45.77674598141884843, 54.62836855260160718, 44.73292201045924088 ) ) ;
#3259 = CARTESIAN_POINT ( 'NONE',  ( -46.59833688019350006, 145.5000000000000000, -52.39661248592317122 ) ) ;
#3260 = CARTESIAN_POINT ( 'NONE',  ( -48.61958615814598517, 152.1318062554275912, 41.89008183373210414 ) ) ;
#3261 = ADVANCED_FACE ( 'NONE', ( #2159 ), #622, .T. ) ;
#3262 = ORIENTED_EDGE ( 'NONE', *, *, #3971, .F. ) ;
#3263 = ORIENTED_EDGE ( 'NONE', *, *, #3873, .T. ) ;
#3264 = CARTESIAN_POINT ( 'NONE',  ( 29.67952824767895237, 58.70654625247946967, 36.08140240266998688 ) ) ;
#3265 = CARTESIAN_POINT ( 'NONE',  ( -34.08013314533000937, 43.01938834715528515, -31.68079750501894054 ) ) ;
#3266 = EDGE_CURVE ( 'NONE', #2405, #757, #4118, .T. ) ;
#3267 = DIRECTION ( 'NONE',  ( 0.000000000000000000, -1.000000000000000000, 0.000000000000000000 ) ) ;
#3268 = CARTESIAN_POINT ( 'NONE',  ( 37.24544780204598027, 68.33317720493158731, -28.67738455632919781 ) ) ;
#3269 = CARTESIAN_POINT ( 'NONE',  ( -40.57183789878038027, 143.4569695494772930, 49.93783009309771614 ) ) ;
#3270 = CARTESIAN_POINT ( 'NONE',  ( 36.42405306807768284, 172.9592403365972473, -29.70434460651348374 ) ) ;
#3271 = CARTESIAN_POINT ( 'NONE',  ( 43.19369017679611034, 69.12979561808752749, 47.31597781508200029 ) ) ;
#3272 = CARTESIAN_POINT ( 'NONE',  ( 28.26772415252452220, 71.28898199371606381, -37.49320649782438863 ) ) ;
#3273 = ADVANCED_FACE ( 'NONE', ( #3657 ), #5708, .T. ) ;
#3274 = CARTESIAN_POINT ( 'NONE',  ( -28.75104949436351376, 66.80701258836774059, 37.00988115598539707 ) ) ;
#3275 = PERSON_AND_ORGANIZATION_ROLE ( 'design_supplier' ) ;
#3276 = CARTESIAN_POINT ( 'NONE',  ( -37.00988115598539707, 66.80701258836775480, 28.75104949436351731 ) ) ;
#3277 = CARTESIAN_POINT ( 'NONE',  ( -29.98132752230960918, 94.50000000000000000, 35.77960312803930520 ) ) ;
#3278 = ORIENTED_EDGE ( 'NONE', *, *, #5511, .T. ) ;
#3279 = CARTESIAN_POINT ( 'NONE',  ( 33.83408293086011298, 41.21309918220622137, -31.92684771948880140 ) ) ;
#3280 = CARTESIAN_POINT ( 'NONE',  ( -30.60489854011312971, 52.00000000784753240, -35.32342563974514604 ) ) ;
#3281 = VERTEX_POINT ( 'NONE', #1757 ) ;
#3282 = CARTESIAN_POINT ( 'NONE',  ( 108.0000000000000000, 201.2789572189547869, -1.216411794072249641 ) ) ;
#3283 = FACE_OUTER_BOUND ( 'NONE', #1201, .T. ) ;
#3284 = CARTESIAN_POINT ( 'NONE',  ( 29.29356565747519880, 173.1609393494194364, -36.46736499287371913 ) ) ;
#3285 = CARTESIAN_POINT ( 'NONE',  ( -45.25483399593905176, 158.6226686892998146, -45.25483399593905176 ) ) ;
#3286 = CARTESIAN_POINT ( 'NONE',  ( 44.58347426246771050, 55.93620152028918824, -45.92619372941037170 ) ) ;
#3287 = CARTESIAN_POINT ( 'NONE',  ( 28.21356056934323320, 145.5000000000000000, -34.01183617507293633 ) ) ;
#3288 = VECTOR ( 'NONE', #4357, 1000.000000000000114 ) ;
#3289 = CARTESIAN_POINT ( 'NONE',  ( 28.26772415252453285, 71.28898199371604960, 37.49320649782439574 ) ) ;
#3290 = CARTESIAN_POINT ( 'NONE',  ( -49.31902728797149393, 148.1781441586250878, 41.19064070390658117 ) ) ;
#3291 = CARTESIAN_POINT ( 'NONE',  ( -42.62031228415366968, 75.23276251545792093, -47.88935570772444095 ) ) ;
#3292 = CARTESIAN_POINT ( 'NONE',  ( -48.76789381400745071, 85.62404022679615423, 41.74177417787063860 ) ) ;
#3293 = CARTESIAN_POINT ( 'NONE',  ( 49.91081243920805122, 210.2605929492160328, -2.988384256040502507 ) ) ;
#3294 = AXIS2_PLACEMENT_3D ( 'NONE', #1654, #3875, #3331 ) ;
#3295 = ORIENTED_EDGE ( 'NONE', *, *, #3481, .F. ) ;
#3296 = ORIENTED_EDGE ( 'NONE', *, *, #270, .F. ) ;
#3297 = DIRECTION ( 'NONE',  ( 1.000000000000000000, 0.000000000000000000, 0.000000000000000000 ) ) ;
#3298 = ADVANCED_FACE ( 'NONE', ( #6069 ), #6148, .F. ) ;
#3299 = CARTESIAN_POINT ( 'NONE',  ( -49.82615309694460848, 100.9687423887486943, -40.68351489493349504 ) ) ;
#3300 = CARTESIAN_POINT ( 'NONE',  ( 36.43109891601253025, 172.9891755310164854, 29.70024544798704014 ) ) ;
#3301 = CARTESIAN_POINT ( 'NONE',  ( 3.551475717527323832E-16, 0.000000000000000000, 2.499999999999999556 ) ) ;
#3302 = CARTESIAN_POINT ( 'NONE',  ( -26.85867340158341321, 85.63114929373708151, 38.90225724876551539 ) ) ;
#3303 = DIRECTION ( 'NONE',  ( 0.000000000000000000, 0.000000000000000000, 1.000000000000000000 ) ) ;
#3304 = CARTESIAN_POINT ( 'NONE',  ( 32.66833329081850223, 35.99999999999999289, 33.09259735953043702 ) ) ;
#3305 = EDGE_CURVE ( 'NONE', #2673, #6246, #1509, .T. ) ;
#3306 = B_SPLINE_CURVE_WITH_KNOTS ( 'NONE', 3,
 ( #6612, #499, #4373, #4954 ),
 .UNSPECIFIED., .F., .F.,
 ( 4, 4 ),
 ( 0.002524831283748942262, 0.003124831283748948172 ),
 .UNSPECIFIED. ) ;
#3307 = CARTESIAN_POINT ( 'NONE',  ( 26.00954371031357226, 95.69680212022356613, -39.75138694003533857 ) ) ;
#3308 = CARTESIAN_POINT ( 'NONE',  ( -42.62031228415366257, 75.23276251545793514, 47.88935570772444095 ) ) ;
#3309 = PERSON_AND_ORGANIZATION ( #5920, #2535 ) ;
#3310 = CARTESIAN_POINT ( 'NONE',  ( -33.09259735953042281, 35.99999999999999289, 32.66833329081849513 ) ) ;
#3311 = DIRECTION ( 'NONE',  ( -0.7071067811865474617, 0.000000000000000000, 0.7071067811865474617 ) ) ;
#3312 = B_SPLINE_CURVE_WITH_KNOTS ( 'NONE', 3,
 ( #1976, #6504, #4804, #7007 ),
 .UNSPECIFIED., .F., .F.,
 ( 4, 4 ),
 ( 6.938893903907228378E-18, 0.009128091185150842210 ),
 .UNSPECIFIED. ) ;
#3313 = ORIENTED_EDGE ( 'NONE', *, *, #7101, .T. ) ;
#3314 = CARTESIAN_POINT ( 'NONE',  ( -32.58376914801011281, 36.58494384897175422, 33.17716150233880512 ) ) ;
#3315 = CYLINDRICAL_SURFACE ( 'NONE', #2018, 2.899999999999999911 ) ;
#3316 = CARTESIAN_POINT ( 'NONE',  ( -47.31597781508200029, 69.12979561808752749, -43.19369017679611034 ) ) ;
#3317 = ORIENTED_EDGE ( 'NONE', *, *, #2010, .T. ) ;
#3318 = CARTESIAN_POINT ( 'NONE',  ( 108.0000000000000000, 189.9390740440269383, 0.3429151594667022573 ) ) ;
#3319 = CARTESIAN_POINT ( 'NONE',  ( 39.75138694003535278, 95.69680212022356613, 26.00954371031358647 ) ) ;
#3320 = CARTESIAN_POINT ( 'NONE',  ( -30.94645188787811207, 48.51213425699022963, -34.81447876247082718 ) ) ;
#3321 = CARTESIAN_POINT ( 'NONE',  ( 42.78460399787551438, 155.3921848145515128, -47.72506399400257493 ) ) ;
#3322 = CARTESIAN_POINT ( 'NONE',  ( -32.58376914801012703, 36.58494384897175422, -33.17716150233881223 ) ) ;
#3323 = CARTESIAN_POINT ( 'NONE',  ( 43.97682058470661559, 61.44371818057052792, -46.53284740717148082 ) ) ;
#3324 = CARTESIAN_POINT ( 'NONE',  ( 33.09259735953043702, 36.00000000000000000, 32.66833329081850223 ) ) ;
#3325 = CARTESIAN_POINT ( 'NONE',  ( 28.75104949436352442, 66.80701258836775480, 37.00988115598541128 ) ) ;
#3326 = CARTESIAN_POINT ( 'NONE',  ( -40.01567615761507568, 134.5090890707682547, 50.49399183426301363 ) ) ;
#3327 = CARTESIAN_POINT ( 'NONE',  ( -30.12822377908832649, 54.97802726448586697, -35.63270687126060210 ) ) ;
#3328 = CARTESIAN_POINT ( 'NONE',  ( 0.000000000000000000, 54.99999999999999289, 50.00000000000000000 ) ) ;
#3329 = ORIENTED_EDGE ( 'NONE', *, *, #7056, .T. ) ;
#3330 = ORIENTED_EDGE ( 'NONE', *, *, #1949, .F. ) ;
#3331 = DIRECTION ( 'NONE',  ( 0.000000000000000000, 0.000000000000000000, 1.000000000000000000 ) ) ;
#3332 = DIRECTION ( 'NONE',  ( 0.000000000000000000, 0.000000000000000000, 1.000000000000000000 ) ) ;
#3333 = CARTESIAN_POINT ( 'NONE',  ( -108.0000000000000000, 188.8455625563292983, 0.2356386559728523844 ) ) ;
#3334 = DIRECTION ( 'NONE',  ( -0.000000000000000000, 1.000000000000000000, -0.000000000000000000 ) ) ;
#3335 = CARTESIAN_POINT ( 'NONE',  ( -50.22349097781341243, 108.7025900201346502, 40.28617701406468399 ) ) ;
#3336 = DIRECTION ( 'NONE',  ( -0.000000000000000000, 1.000000000000000000, -0.000000000000000000 ) ) ;
#3337 = ORIENTED_EDGE ( 'NONE', *, *, #3632, .T. ) ;
#3338 = PLANE ( 'NONE',  #2006 ) ;
#3339 = CARTESIAN_POINT ( 'NONE',  ( 35.98579126513807580, 43.91303109689120987, 34.15356504387185055 ) ) ;
#3340 = CARTESIAN_POINT ( 'NONE',  ( -45.57187448734442370, 52.88466077438591384, 44.93779350453365851 ) ) ;
#3341 = COORDINATED_UNIVERSAL_TIME_OFFSET ( 12, 0, .AHEAD. ) ;
#3342 = CARTESIAN_POINT ( 'NONE',  ( -41.20721490222918248, 145.7020373835962062, 24.55371574811973545 ) ) ;
#3344 = EDGE_CURVE ( 'NONE', #813, #6, #3390, .T. ) ;
#3343 = ORIENTED_EDGE ( 'NONE', *, *, #3794, .F. ) ;
#3345 = DIRECTION ( 'NONE',  ( -0.000000000000000000, 1.000000000000000000, -0.000000000000000000 ) ) ;
#3346 = CARTESIAN_POINT ( 'NONE',  ( 29.67952824767894526, 58.70654625247947678, -36.08140240266997978 ) ) ;
#3347 = EDGE_CURVE ( 'NONE', #855, #736, #7189, .T. ) ;
#3348 = ORIENTED_EDGE ( 'NONE', *, *, #1302, .T. ) ;
#3349 = LOCAL_TIME ( 18, 6, 39.00000000000000000, #4430 ) ;
#3350 = CARTESIAN_POINT ( 'NONE',  ( -28.04587946176250313, 73.51205704305240829, -37.71505118858642902 ) ) ;
#3351 = DIRECTION ( 'NONE',  ( 0.000000000000000000, 0.000000000000000000, 1.000000000000000000 ) ) ;
#3352 = ORIENTED_EDGE ( 'NONE', *, *, #4251, .F. ) ;
#3353 = CARTESIAN_POINT ( 'NONE',  ( -35.13572767646631689, 172.3895762982193673, -35.57395586170083845 ) ) ;
#3354 = CARTESIAN_POINT ( 'NONE',  ( -32.58376914801012703, 36.58494384897175422, -33.17716150233881223 ) ) ;
#3355 = CARTESIAN_POINT ( 'NONE',  ( 34.44736847863527629, 45.71524904810724621, -31.31356217171364520 ) ) ;
#3356 = CARTESIAN_POINT ( 'NONE',  ( -43.19369017679611034, 69.12979561808754170, -47.31597781508200029 ) ) ;
#3357 = CIRCLE ( 'NONE', #2886, 1.050000000000000044 ) ;
#3358 = PRODUCT ( 'Body', 'Body', '', ( #4908 ) ) ;
#3359 = CARTESIAN_POINT ( 'NONE',  ( 0.000000000000000000, 57.99999999999999289, 0.000000000000000000 ) ) ;
#3360 = CARTESIAN_POINT ( 'NONE',  ( 27.32702615385185396, 80.61020279584469961, -38.43390449649706397 ) ) ;
#3361 = DIRECTION ( 'NONE',  ( -0.000000000000000000, -1.000000000000000000, -0.000000000000000000 ) ) ;
#3362 = CARTESIAN_POINT ( 'NONE',  ( -32.66833329081850223, 36.00000000000000000, -33.09259735953043702 ) ) ;
#3363 = CARTESIAN_POINT ( 'NONE',  ( -26.53717206652075689, 163.8347417721553256, 39.22375858382815750 ) ) ;
#3364 = CARTESIAN_POINT ( 'NONE',  ( -25.61039644484208466, 101.0166046022987985, -40.15053420550685814 ) ) ;
#3365 = CARTESIAN_POINT ( 'NONE',  ( 41.20721490222918959, 145.7020373835961493, 24.55371574811973545 ) ) ;
#3366 = CARTESIAN_POINT ( 'NONE',  ( 42.14932971709495746, 148.7199520483279400, -26.89765380023562358 ) ) ;
#3367 = ORIENTED_EDGE ( 'NONE', *, *, #270, .T. ) ;
#3368 = ORIENTED_EDGE ( 'NONE', *, *, #1838, .T. ) ;
#3369 = CARTESIAN_POINT ( 'NONE',  ( 43.19369017679611034, 69.12979561808752749, 47.31597781508200029 ) ) ;
#3370 = CARTESIAN_POINT ( 'NONE',  ( -27.32702615385186107, 80.61020279584469961, -38.43390449649707108 ) ) ;
#3371 = CARTESIAN_POINT ( 'NONE',  ( 37.71505118860339678, 169.6705890994749666, 28.04587946174971691 ) ) ;
#3372 = CARTESIAN_POINT ( 'NONE',  ( -46.99933661931596873, 210.9770268301392093, -0.2738953549688894484 ) ) ;
#3373 = CARTESIAN_POINT ( 'NONE',  ( -49.05663547162954075, 89.40149471062305508, 41.45303252024855567 ) ) ;
#3374 = CARTESIAN_POINT ( 'NONE',  ( 40.65331820325020118, 153.6225640485287727, 25.10761244709872742 ) ) ;
#3375 = CARTESIAN_POINT ( 'NONE',  ( 35.99034755393251572, 57.99999999999999289, -29.77058309641640577 ) ) ;
#3376 = CARTESIAN_POINT ( 'NONE',  ( 44.73292201045922667, 54.62836855260160718, -45.77674598141885554 ) ) ;
#3377 = CARTESIAN_POINT ( 'NONE',  ( 42.78460399787551438, 155.3921848145515128, -47.72506399400257493 ) ) ;
#3378 = CARTESIAN_POINT ( 'NONE',  ( -41.36857510098817414, 141.0186408901463437, 24.39235554936074024 ) ) ;
#3379 = CARTESIAN_POINT ( 'NONE',  ( 27.05260081779386994, 110.5507506516451599, 42.05083400847055231 ) ) ;
#3380 = CARTESIAN_POINT ( 'NONE',  ( 48.18764232538011782, 78.60787726850115575, -42.32202566649796438 ) ) ;
#3381 = VERTEX_POINT ( 'NONE', #3430 ) ;
#3382 = DIRECTION ( 'NONE',  ( 0.000000000000000000, -1.000000000000000000, 0.000000000000000000 ) ) ;
#3383 = PLANE ( 'NONE',  #2596 ) ;
#3384 = PLANE ( 'NONE',  #1020 ) ;
#3385 = ORIENTED_EDGE ( 'NONE', *, *, #5832, .F. ) ;
#3386 = CARTESIAN_POINT ( 'NONE',  ( -36.14363019646434338, 172.2360455000740274, -34.55038136066228560 ) ) ;
#3387 = ADVANCED_FACE ( 'NONE', ( #5102 ), #105, .F. ) ;
#3388 = CARTESIAN_POINT ( 'NONE',  ( 0.000000000000000000, 57.99999999999999289, -36.00000000000000000 ) ) ;
#3389 = FACE_OUTER_BOUND ( 'NONE', #6209, .T. ) ;
#3390 = LINE ( 'NONE', #1205, #5409 ) ;
#3391 = CARTESIAN_POINT ( 'NONE',  ( -35.63270687126059499, 54.97802726448587407, 30.12822377908832294 ) ) ;
#3392 = CARTESIAN_POINT ( 'NONE',  ( -30.12822377908832649, 54.97802726448586697, -35.63270687126060210 ) ) ;
#3393 = CARTESIAN_POINT ( 'NONE',  ( 49.82615309694460137, 100.9687423887486943, -40.68351489493349504 ) ) ;
#3394 = CARTESIAN_POINT ( 'NONE',  ( 45.04270196158307726, 52.00000000000000000, -45.46696603029501205 ) ) ;
#3395 = ADVANCED_FACE ( 'NONE', ( #2736 ), #1425, .F. ) ;
#3396 = CARTESIAN_POINT ( 'NONE',  ( 50.58970023380037162, 130.9941881811295445, 39.91996775807773901 ) ) ;
#3397 = CARTESIAN_POINT ( 'NONE',  ( -50.49399183426301363, 134.5090890707682831, 40.01567615761508279 ) ) ;
#3398 = CARTESIAN_POINT ( 'NONE',  ( -25.10761244709873097, 153.6225640485287443, -40.65331820325020118 ) ) ;
#3399 = CARTESIAN_POINT ( 'NONE',  ( 40.65331820325020118, 153.6225640485287727, 25.10761244709872742 ) ) ;
#3400 = CARTESIAN_POINT ( 'NONE',  ( 40.07697081585717314, 80.17275260434406903, -29.90453712062112857 ) ) ;
#3401 = ORIENTED_EDGE ( 'NONE', *, *, #4410, .F. ) ;
#3402 = EDGE_CURVE ( 'NONE', #451, #5679, #7130, .T. ) ;
#3403 = ORIENTED_EDGE ( 'NONE', *, *, #1986, .F. ) ;
#3404 = DIRECTION ( 'NONE',  ( 0.000000000000000000, 0.000000000000000000, -1.000000000000000000 ) ) ;
#3405 = CARTESIAN_POINT ( 'NONE',  ( -26.85867340158342387, 85.63114929373706730, -38.90225724876551539 ) ) ;
#3406 = CARTESIAN_POINT ( 'NONE',  ( -108.0000000000000000, 195.4809161837167437, 0.8176760611520635935 ) ) ;
#3407 = CARTESIAN_POINT ( 'NONE',  ( -46.99102690267809379, 211.4721409493000408, 0.9179146186316973210 ) ) ;
#3408 = CARTESIAN_POINT ( 'NONE',  ( 49.93783009309771614, 143.4569695494772930, 40.57183789878039448 ) ) ;
#3409 = CARTESIAN_POINT ( 'NONE',  ( -45.92619372941035749, 55.93620152028918824, 44.58347426246772471 ) ) ;
#3410 = AXIS2_PLACEMENT_3D ( 'NONE', #1655, #4937, #3332 ) ;
#3411 = CARTESIAN_POINT ( 'NONE',  ( 40.15053420550686525, 101.0166046022987985, 25.61039644484208111 ) ) ;
#3412 = EDGE_LOOP ( 'NONE', ( #3915, #366, #6195, #243 ) ) ;
#3413 = DIRECTION ( 'NONE',  ( 0.000000000000000000, -0.000000000000000000, -1.000000000000000000 ) ) ;
#3414 = DIRECTION ( 'NONE',  ( 1.000000000000000000, 0.000000000000000000, 0.000000000000000000 ) ) ;
#3415 = AXIS2_PLACEMENT_3D ( 'NONE', #1593, #2131, #3738 ) ;
#3416 = CARTESIAN_POINT ( 'NONE',  ( 50.58970023380035741, 130.9941881811296014, -39.91996775807773901 ) ) ;
#3417 = CARTESIAN_POINT ( 'NONE',  ( 50.49399183426300652, 134.5090890707682831, -40.01567615761508279 ) ) ;
#3418 = CARTESIAN_POINT ( 'NONE',  ( -48.76789381400745071, 85.62404022679615423, 41.74177417787063860 ) ) ;
#3419 = CARTESIAN_POINT ( 'NONE',  ( 28.82478188321189805, 90.27506426512253768, 40.86045618393086443 ) ) ;
#3420 = VERTEX_POINT ( 'NONE', #1868 ) ;
#3421 = CARTESIAN_POINT ( 'NONE',  ( 37.25277915899235381, 171.2031378497270566, -28.50815149135656767 ) ) ;
#3422 = CARTESIAN_POINT ( 'NONE',  ( 30.91401162919337153, 48.76015640400927253, 34.84691902115557127 ) ) ;
#3423 = CARTESIAN_POINT ( 'NONE',  ( 45.46696603029500494, 52.00000000000000000, -45.04270196158308437 ) ) ;
#3424 = CARTESIAN_POINT ( 'NONE',  ( 32.06415658289038362, 42.79827254666444247, 33.69677406745856985 ) ) ;
#3425 = CARTESIAN_POINT ( 'NONE',  ( 28.04587946176237878, 73.51205704305357358, -37.71505118858653560 ) ) ;
#3426 = ORIENTED_EDGE ( 'NONE', *, *, #1263, .F. ) ;
#3427 = CARTESIAN_POINT ( 'NONE',  ( -31.44502779985109697, 168.8494741638748735, -38.87472714423019227 ) ) ;
#3428 = CARTESIAN_POINT ( 'NONE',  ( 47.00000000000000000, 160.0000000000000000, -0.2500000000000000000 ) ) ;
#3429 = CARTESIAN_POINT ( 'NONE',  ( 45.04270196158307726, 52.00000000000000000, -45.46696603029501205 ) ) ;
#3430 = CARTESIAN_POINT ( 'NONE',  ( 46.90411965852687359, 325.0000000000000000, 3.000000000000000000 ) ) ;
#3431 = CARTESIAN_POINT ( 'NONE',  ( -50.59218501756915742, 120.2343318316845853, 39.91748297430893189 ) ) ;
#3432 = CARTESIAN_POINT ( 'NONE',  ( -29.67952824767895237, 58.70654625247944125, -36.08140240266997978 ) ) ;
#3433 = CARTESIAN_POINT ( 'NONE',  ( 39.22375858382815039, 163.8347417721553256, -26.53717206652076044 ) ) ;
#3434 = DIRECTION ( 'NONE',  ( 0.000000000000000000, 0.000000000000000000, -1.000000000000000000 ) ) ;
#3435 = DIRECTION ( 'NONE',  ( 0.000000000000000000, 1.000000000000000000, 0.000000000000000000 ) ) ;
#3436 = CARTESIAN_POINT ( 'NONE',  ( -27.19834591289385628, 166.8763353538257945, 38.56258473745505455 ) ) ;
#3437 = CARTESIAN_POINT ( 'NONE',  ( -38.85551762620077909, 44.00000000000000000, 39.27978169491272098 ) ) ;
#3438 = CARTESIAN_POINT ( 'NONE',  ( 48.91202582514209496, 150.5005888525397495, 41.59764216673601567 ) ) ;
#3439 = CARTESIAN_POINT ( 'NONE',  ( 41.80312624289187085, 105.4697018383889855, -27.43689252658025879 ) ) ;
#3440 = EDGE_CURVE ( 'NONE', #736, #2481, #1150, .T. ) ;
#3441 = ORIENTED_EDGE ( 'NONE', *, *, #1064, .T. ) ;
#3442 = APPROVAL ( #1707, 'UNSPECIFIED' ) ;
#3443 = ORIENTED_EDGE ( 'NONE', *, *, #1230, .T. ) ;
#3444 = CARTESIAN_POINT ( 'NONE',  ( 0.000000000000000000, 55.00000568419856961, 0.000000000000000000 ) ) ;
#3445 = CARTESIAN_POINT ( 'NONE',  ( -50.38968031787179314, 112.7299032302373263, -40.11998767400631749 ) ) ;
#3446 = PLANE ( 'NONE',  #315 ) ;
#3447 = CARTESIAN_POINT ( 'NONE',  ( -46.98823194100207701, 212.0000000000000000, -1.050000000000000044 ) ) ;
#3448 = CARTESIAN_POINT ( 'NONE',  ( -46.30576403225039428, 59.33385514974001751, 44.20390395962768793 ) ) ;
#3449 = CARTESIAN_POINT ( 'NONE',  ( 49.31902728797151525, 148.1781441586251162, 41.19064070390659538 ) ) ;
#3450 = ORIENTED_EDGE ( 'NONE', *, *, #3494, .T. ) ;
#3451 = CARTESIAN_POINT ( 'NONE',  ( -46.59833688019350006, 94.50000000000000000, -52.39661248592317122 ) ) ;
#3452 = CARTESIAN_POINT ( 'NONE',  ( 24.37365805196742130, 126.6764942988443892, -41.38727259838148598 ) ) ;
#3453 = CARTESIAN_POINT ( 'NONE',  ( 36.46736499287372624, 173.1609393494194080, -29.29356565747519880 ) ) ;
#3454 = CARTESIAN_POINT ( 'NONE',  ( -49.82615309694459427, 100.9687423887486943, 40.68351489493349504 ) ) ;
#3455 = CARTESIAN_POINT ( 'NONE',  ( 29.03846933655418994, 161.8315952542342870, 40.70381606864778945 ) ) ;
#3456 = ORIENTED_EDGE ( 'NONE', *, *, #6713, .F. ) ;
#3457 = CARTESIAN_POINT ( 'NONE',  ( 41.38727259838148598, 126.6764942988443892, -24.37365805196743551 ) ) ;
#3458 = DIRECTION ( 'NONE',  ( 0.000000000000000000, -0.000000000000000000, -1.000000000000000000 ) ) ;
#3459 = FACE_OUTER_BOUND ( 'NONE', #591, .T. ) ;
#3460 = ORIENTED_EDGE ( 'NONE', *, *, #3228, .T. ) ;
#3461 = CARTESIAN_POINT ( 'NONE',  ( -26.39603316579666270, 141.0908456005844300, -42.46477052410336483 ) ) ;
#3462 = CARTESIAN_POINT ( 'NONE',  ( 47.00000000000000000, 269.1626897086180179, 0.8761597236124091248 ) ) ;
#3463 = DIRECTION ( 'NONE',  ( -0.7071067811865474617, 0.000000000000000000, -0.7071067811865474617 ) ) ;
#3464 = CARTESIAN_POINT ( 'NONE',  ( -40.28617701406469109, 108.7025900201346644, -50.22349097781342664 ) ) ;
#3465 = CARTESIAN_POINT ( 'NONE',  ( -49.88990721864873024, 246.1006604041060370, -3.317120188669325120 ) ) ;
#3466 = AXIS2_PLACEMENT_3D ( 'NONE', #4730, #6397, #1423 ) ;
#3467 = CARTESIAN_POINT ( 'NONE',  ( 34.81447876247081297, 48.51213425699022963, -30.94645188787810497 ) ) ;
#3468 = CARTESIAN_POINT ( 'NONE',  ( -29.80966340996051045, 164.5601747625613029, 40.14265841673596213 ) ) ;
#3469 = CARTESIAN_POINT ( 'NONE',  ( 40.57183789878038027, 143.4569695494772361, -49.93783009309771614 ) ) ;
#3470 = CARTESIAN_POINT ( 'NONE',  ( 49.58005470913413859, 96.97051065983893636, 40.92961328274396493 ) ) ;
#3471 = VECTOR ( 'NONE', #153, 1000.000000000000000 ) ;
#3472 = CARTESIAN_POINT ( 'NONE',  ( -45.77674598141886975, 54.62836855260160718, -44.73292201045924088 ) ) ;
#3473 = CARTESIAN_POINT ( 'NONE',  ( -29.59757854398764110, 59.45114242269137605, -36.16335210636129460 ) ) ;
#3474 = EDGE_LOOP ( 'NONE', ( #3988, #6809, #205 ) ) ;
#3475 = VECTOR ( 'NONE', #2949, 1000.000000000000000 ) ;
#3476 = ORIENTED_EDGE ( 'NONE', *, *, #6194, .T. ) ;
#3477 = CARTESIAN_POINT ( 'NONE',  ( 35.25557465778358335, 52.00000000000000000, -30.50535599256534169 ) ) ;
#3478 = CARTESIAN_POINT ( 'NONE',  ( -41.74177417787063860, 85.62404022679615423, -48.76789381400747203 ) ) ;
#3479 = CARTESIAN_POINT ( 'NONE',  ( -47.00000000000000000, 234.8814313122934436, 3.596535438769842052 ) ) ;
#3480 = CARTESIAN_POINT ( 'NONE',  ( -46.99995953443368535, 210.9501165252835619, 0.1393498690075949120 ) ) ;
#3481 = EDGE_CURVE ( 'NONE', #3012, #4778, #4665, .T. ) ;
#3482 = CARTESIAN_POINT ( 'NONE',  ( -49.93783009309770193, 143.4569695494772645, 40.57183789878038738 ) ) ;
#3483 = CARTESIAN_POINT ( 'NONE',  ( 36.46736499287372624, 173.1609393494194080, 29.29356565747520236 ) ) ;
#3484 = ORIENTED_EDGE ( 'NONE', *, *, #4563, .F. ) ;
#3485 = DIRECTION ( 'NONE',  ( 0.000000000000000000, 0.000000000000000000, -1.000000000000000000 ) ) ;
#3486 = DIRECTION ( 'NONE',  ( -0.7071067811865474617, 0.000000000000000000, -0.7071067811865474617 ) ) ;
#3487 = ADVANCED_FACE ( 'NONE', ( #285, #2519 ), #5137, .T. ) ;
#3488 = CARTESIAN_POINT ( 'NONE',  ( 39.22375858382815039, 163.8347417721553256, -26.53717206652076044 ) ) ;
#3489 = CARTESIAN_POINT ( 'NONE',  ( 47.31597781508198608, 69.12979561808754170, -43.19369017679610323 ) ) ;
#3490 = CARTESIAN_POINT ( 'NONE',  ( -45.77674598141884843, 54.62836855260160718, 44.73292201045924088 ) ) ;
#3491 = CARTESIAN_POINT ( 'NONE',  ( 38.00000000000000000, 320.0000000000000000, -24.00000000000000000 ) ) ;
#3492 = EDGE_LOOP ( 'NONE', ( #3753, #5224, #3072 ) ) ;
#3493 = CARTESIAN_POINT ( 'NONE',  ( 37.00988115598539707, 66.80701258836774059, -28.75104949436352086 ) ) ;
#3494 = EDGE_CURVE ( 'NONE', #7069, #6663, #3572, .T. ) ;
#3495 = CARTESIAN_POINT ( 'NONE',  ( 33.29205730601435675, 42.66503590177148908, 32.46887334433458250 ) ) ;
#3496 = CARTESIAN_POINT ( 'NONE',  ( -41.20721490222918959, 145.7020373835961777, -24.55371574811974256 ) ) ;
#3497 = CARTESIAN_POINT ( 'NONE',  ( -27.05260081779465509, 110.5507506516340186, -42.05083400847003361 ) ) ;
#3498 = CARTESIAN_POINT ( 'NONE',  ( 108.0000000000000000, 207.5675974538934270, -1.493175898235320931 ) ) ;
#3499 = CARTESIAN_POINT ( 'NONE',  ( 32.46737358272268636, 42.66555428302312691, -33.29355706762624578 ) ) ;
#3500 = CARTESIAN_POINT ( 'NONE',  ( -28.63349660291434873, 171.0675929918452596, 37.27138604942623346 ) ) ;
#3501 = CARTESIAN_POINT ( 'NONE',  ( -49.92080071457860413, 205.9371844121362187, -2.820036877507860584 ) ) ;
#3502 = CLOSED_SHELL ( 'NONE', ( #5649, #5555, #3940, #6042, #6818, #3387, #1960, #1615, #5522, #4108, #2376, #5865, #4639, #6757, #365, #5309, #2716, #4036, #3487, #6229, #7022, #5821, #5959, #2808, #1437, #313, #2425, #4282, #5632, #3298, #4905, #578, #6506, #756, #906, #5295, #972, #487, #5547, #6975, #7151, #6937, #4244, #707, #6082, #135, #4333, #6491, #1413, #2183, #3273, #4810, #3395, #2434, #6929, #3927, #3261, #1656, #6889, #5688, #111, #3208, #5435, #4111, #3829, #4766, #1352, #5293, #1162, #2644, #6186, #3629, #4597, #2635, #6729, #4587, #5811, #661, #1980, #90, #1801, #4064, #2766, #4016, #146, #3709, #7015, #1756, #1018, #4166, #3158, #7111, #5993, #1572, #6803, #6284, #1587, #2054, #3917, #5839, #2049, #224, #3749 ) ) ;
#3503 = CARTESIAN_POINT ( 'NONE',  ( -32.06220986933507078, 42.79893802536096814, 33.69872078101387558 ) ) ;
#3504 = CARTESIAN_POINT ( 'NONE',  ( -28.26772415252453996, 71.28898199371604960, -37.49320649782439574 ) ) ;
#3505 = CARTESIAN_POINT ( 'NONE',  ( 47.88935570772442674, 75.23276251545792093, -42.62031228415365547 ) ) ;
#3506 = CARTESIAN_POINT ( 'NONE',  ( -42.38768592517944001, 143.6402985707698008, 26.52044225623058082 ) ) ;
#3507 = CARTESIAN_POINT ( 'NONE',  ( 25.10761244709872031, 153.6225640485288011, -40.65331820325020118 ) ) ;
#3508 = CARTESIAN_POINT ( 'NONE',  ( 41.38727259838149308, 126.6764942988443892, 24.37365805196743551 ) ) ;
#3509 = CARTESIAN_POINT ( 'NONE',  ( 27.32702615385186462, 80.61020279584469961, 38.43390449649707108 ) ) ;
#3510 = CARTESIAN_POINT ( 'NONE',  ( -46.30576403225039428, 59.33385514974001751, 44.20390395962768793 ) ) ;
#3511 = LINE ( 'NONE', #4133, #4980 ) ;
#3512 = CARTESIAN_POINT ( 'NONE',  ( 26.22797537150329816, 132.7716359899428937, -42.56869902803983763 ) ) ;
#3513 = ORIENTED_EDGE ( 'NONE', *, *, #5386, .F. ) ;
#3514 = EDGE_LOOP ( 'NONE', ( #6488, #3484, #1340, #1295 ) ) ;
#3515 = CARTESIAN_POINT ( 'NONE',  ( -47.03874315999063072, 66.31954352124841989, -43.47092483188748702 ) ) ;
#3516 = CARTESIAN_POINT ( 'NONE',  ( -28.50815149135657123, 171.2031378497270566, -37.25277915899236092 ) ) ;
#3517 = B_SPLINE_SURFACE_WITH_KNOTS ( 'NONE', 3, 1, ( 
 ( #2631, #4312 ),
 ( #6484, #3731 ),
 ( #3212, #3767 ),
 ( #5229, #2403 ),
 ( #786, #750 ),
 ( #3178, #6823 ),
 ( #2440, #2600 ),
 ( #7019, #919 ),
 ( #5891, #3142 ),
 ( #402, #4654 ),
 ( #5354, #5423 ),
 ( #5962, #984 ),
 ( #3694, #1857 ),
 ( #2976, #4851 ),
 ( #4820, #7054 ),
 ( #2084, #6859 ),
 ( #4078, #2023 ),
 ( #6518, #6450 ),
 ( #4113, #1474 ),
 ( #3528, #1546 ),
 ( #6283, #1341 ),
 ( #5765, #6987 ),
 ( #1306, #5733 ),
 ( #5196, #4239 ),
 ( #2051, #1512 ),
 ( #202, #3561 ),
 ( #3010, #236 ),
 ( #2567, #4783 ),
 ( #2158, #3833 ),
 ( #6033, #6697 ),
 ( #1058, #5462 ),
 ( #1023, #7126 ),
 ( #3802, #6589 ),
 ( #3868, #3903 ),
 ( #6625, #6660 ),
 ( #3398, #43 ),
 ( #4891, #3947 ),
 ( #4350, #1649 ),
 ( #3257, #5999 ),
 ( #5526, #6076 ),
 ( #2814, #5039 ),
 ( #4489, #6156 ),
 ( #3364, #2268 ),
 ( #549, #473 ),
 ( #6554, #7162 ),
 ( #1095, #1725 ),
 ( #1176, #4385 ),
 ( #1620, #3291 ),
 ( #1583, #438 ),
 ( #3327, #2670 ),
 ( #7090, #2121 ),
 ( #2702, #5493 ),
 ( #5003, #2779 ),
 ( #513, #2742 ),
 ( #3, #4931 ),
 ( #2232, #589 ),
 ( #5567, #2193 ) ),
 .UNSPECIFIED., .F., .F., .F.,
 ( 4, 1, 1, 1, 1, 1, 1, 1, 1, 1, 1, 1, 1, 1, 1, 1, 1, 1, 1, 1, 1, 1, 1, 1, 1, 1, 1, 1, 1, 1, 1, 1, 1, 1, 1, 1, 1, 1, 1, 1, 1, 1, 1, 1, 1, 1, 1, 1, 1, 1, 1, 1, 1, 1, 4 ),
 ( 2, 2 ),
 ( 0.000000000000000000, 0.006185920264467958951, 0.006201962899188617762, 0.02441097605636066703, 0.02448136905349906911, 0.05370574164729757793, 0.05388345649501025125, 0.09253774940744008415, 0.09289034474279100895, 0.1389060332195525271, 0.1395093084148929519, 0.1904437008900515815, 0.1913742588137488099, 0.2445345556009104193, 0.2458629933516659483, 0.2984579075547033611, 0.3002380933255869300, 0.3495648249652612005, 0.3518114771965039633, 0.3954646363279898935, 0.3981158618259910131, 0.4341890767744073232, 0.4370593218643058497, 0.4643545367854605699, 0.4670784500627875868, 0.4855543320873982882, 0.4874746266155715047, 0.4999999999999998890, 0.5125253733844284953, 0.5144456679126014897, 0.5329215499372124132, 0.5356454632145392081, 0.5629406781356941503, 0.5658109232255925658, 0.6018841381740089869, 0.6045353636720098844, 0.6481885228034960367, 0.6504351750347385774, 0.6997619066744129590, 0.7015420924452964169, 0.7541370066483340517, 0.7554654443990894697, 0.8086257411862511901, 0.8095562991099481964, 0.8604906915851069371, 0.8610939667804473618, 0.9071096552572089911, 0.9074622505925598048, 0.9461165435049897487, 0.9462942583527023110, 0.9755186309465008199, 0.9755890239436393330, 0.9937980371008112712, 0.9938140797355321521, 1.000000000000000000 ),
 ( 0.000000000000000000, 1.000000000000000000 ),
 .UNSPECIFIED. ) ;
#3518 = CARTESIAN_POINT ( 'NONE',  ( -108.0000000000000000, 206.2805933915487060, 1.450619313817413714 ) ) ;
#3519 = FACE_OUTER_BOUND ( 'NONE', #3818, .T. ) ;
#3520 = CARTESIAN_POINT ( 'NONE',  ( 42.78460399787552859, 155.3921848145514844, 47.72506399400258204 ) ) ;
#3521 = CARTESIAN_POINT ( 'NONE',  ( 49.96813814867704195, 264.1646428445306469, -1.790079189244707880 ) ) ;
#3522 = CARTESIAN_POINT ( 'NONE',  ( 32.98532786528268446, 54.99999999999999289, -37.57616459432502865 ) ) ;
#3523 = EDGE_CURVE ( 'NONE', #2923, #970, #4799, .T. ) ;
#3524 = CARTESIAN_POINT ( 'NONE',  ( 32.58376914801011281, 36.58494384897174712, -33.17716150233880512 ) ) ;
#3525 = CARTESIAN_POINT ( 'NONE',  ( 49.31902728797150814, 148.1781441586251447, -41.19064070390658827 ) ) ;
#3526 = CARTESIAN_POINT ( 'NONE',  ( 50.59218501756915742, 120.2343318316846279, -39.91748297430893189 ) ) ;
#3527 = VECTOR ( 'NONE', #3703, 1000.000000000000227 ) ;
#3528 = CARTESIAN_POINT ( 'NONE',  ( -41.36857510098818835, 141.0186408901463437, -24.39235554936074735 ) ) ;
#3529 = CARTESIAN_POINT ( 'NONE',  ( 26.26511122278995813, 128.3506640521374607, 42.54579159191741411 ) ) ;
#3530 = ORIENTED_EDGE ( 'NONE', *, *, #3175, .T. ) ;
#3531 = CARTESIAN_POINT ( 'NONE',  ( 38.56258473745505455, 166.8763353538257945, -27.19834591289385983 ) ) ;
#3532 = EDGE_CURVE ( 'NONE', #2089, #162, #2470, .T. ) ;
#3533 = VECTOR ( 'NONE', #6503, 1000.000000000000227 ) ;
#3534 = CARTESIAN_POINT ( 'NONE',  ( -37.25277915899236092, 171.2031378497270566, -28.50815149135657478 ) ) ;
#3535 = ORIENTED_EDGE ( 'NONE', *, *, #1219, .T. ) ;
#3536 = CARTESIAN_POINT ( 'NONE',  ( -42.03461616943163648, 150.3730014174548444, -27.07602383751933317 ) ) ;
#3537 = CARTESIAN_POINT ( 'NONE',  ( 108.0000000000000000, 188.0000000000000000, -0.1499999999999999944 ) ) ;
#3538 = CARTESIAN_POINT ( 'NONE',  ( 35.45918685583339425, 52.00000000000000000, 30.80394296248341846 ) ) ;
#3539 = CARTESIAN_POINT ( 'NONE',  ( -33.92626584899984010, 175.3686818598623347, 32.52754583687722345 ) ) ;
#3540 = CARTESIAN_POINT ( 'NONE',  ( -49.99981284856427521, 267.6123599542261786, -0.1534703792554720780 ) ) ;
#3541 = CARTESIAN_POINT ( 'NONE',  ( -32.66833329081850223, 36.00000000000000000, -33.09259735953043702 ) ) ;
#3542 = CARTESIAN_POINT ( 'NONE',  ( 38.43390449649705687, 80.61020279584469961, -27.32702615385185752 ) ) ;
#3543 = CARTESIAN_POINT ( 'NONE',  ( -28.40006792114496292, 159.1130762893434678, 41.15279711400251017 ) ) ;
#3544 = CARTESIAN_POINT ( 'NONE',  ( 45.57187448734443791, 52.88466077438589963, 44.93779350453366561 ) ) ;
#3545 = CARTESIAN_POINT ( 'NONE',  ( 41.45303252024856278, 89.40149471062305508, 49.05663547162955496 ) ) ;
#3546 = CARTESIAN_POINT ( 'NONE',  ( -33.26194495473986024, 37.17140469785621093, 32.49898569560905770 ) ) ;
#3547 = CARTESIAN_POINT ( 'NONE',  ( -28.99384443958993174, 64.61538329764202615, -36.76708621075901107 ) ) ;
#3548 = CARTESIAN_POINT ( 'NONE',  ( 27.21337766141766679, 151.6279985229396914, -41.94603062283075445 ) ) ;
#3549 = ORIENTED_EDGE ( 'NONE', *, *, #4461, .F. ) ;
#3550 = ORIENTED_EDGE ( 'NONE', *, *, #1668, .T. ) ;
#3551 = CARTESIAN_POINT ( 'NONE',  ( -37.71505118859931116, 169.6705890994767003, -28.04587946174760660 ) ) ;
#3552 = CARTESIAN_POINT ( 'NONE',  ( 46.99255158743632421, 211.3553567733520140, -0.8403281653368579462 ) ) ;
#3553 = CARTESIAN_POINT ( 'NONE',  ( -107.9999999999999858, 219.7421362064133632, -0.9965551934078549223 ) ) ;
#3554 = CARTESIAN_POINT ( 'NONE',  ( -32.49898569560905059, 37.17140469785623225, 33.26194495473987445 ) ) ;
#3555 = CARTESIAN_POINT ( 'NONE',  ( 49.94150756741144903, 197.0186931267299713, 2.425855286153648205 ) ) ;
#3556 = CARTESIAN_POINT ( 'NONE',  ( 41.19064070390658827, 148.1781441586250878, 49.31902728797151525 ) ) ;
#3557 = ORIENTED_EDGE ( 'NONE', *, *, #2674, .T. ) ;
#3558 = LINE ( 'NONE', #4537, #3160 ) ;
#3559 = CARTESIAN_POINT ( 'NONE',  ( 40.01567615761507568, 134.5090890707682831, -50.49399183426302073 ) ) ;
#3560 = CARTESIAN_POINT ( 'NONE',  ( -32.88046532517446252, 176.7803523830567940, -32.88046532517447673 ) ) ;
#3561 = CARTESIAN_POINT ( 'NONE',  ( -48.14642419775779558, 153.8348667856812142, -42.36324379412032215 ) ) ;
#3562 = CARTESIAN_POINT ( 'NONE',  ( 42.41484396826349723, 142.8363999835755180, 26.47683376497494123 ) ) ;
#3563 = VERTEX_POINT ( 'NONE', #4590 ) ;
#3564 = CARTESIAN_POINT ( 'NONE',  ( 43.41654570485090403, 340.0000000000000000, -18.00000000000000000 ) ) ;
#3565 = DIRECTION ( 'NONE',  ( -0.7071067811865474617, 0.000000000000000000, 0.7071067811865474617 ) ) ;
#3566 = CARTESIAN_POINT ( 'NONE',  ( -108.0000000000000000, 215.4299438917481950, -1.470248844514086883 ) ) ;
#3567 = CARTESIAN_POINT ( 'NONE',  ( -46.56268880791240861, 157.2818685057019650, -43.94697918396570202 ) ) ;
#3568 = EDGE_CURVE ( 'NONE', #6165, #6826, #2587, .T. ) ;
#3569 = LINE ( 'NONE', #3016, #2310 ) ;
#3570 = CARTESIAN_POINT ( 'NONE',  ( 47.00000000000000711, 184.1311746075470239, -1.825843266918903307 ) ) ;
#3571 = CARTESIAN_POINT ( 'NONE',  ( -27.32702615385185396, 80.61020279584469961, 38.43390449649707108 ) ) ;
#3572 = LINE ( 'NONE', #798, #6997 ) ;
#3573 = EDGE_CURVE ( 'NONE', #1726, #2089, #6263, .T. ) ;
#3574 = CARTESIAN_POINT ( 'NONE',  ( -49.98540131474608472, 266.0036018162742266, -1.232609277655717595 ) ) ;
#3575 = DIRECTION ( 'NONE',  ( -0.7071067811865474617, 0.000000000000000000, -0.7071067811865474617 ) ) ;
#3576 = CARTESIAN_POINT ( 'NONE',  ( -40.01567615761507568, 134.5090890707682547, 50.49399183426301363 ) ) ;
#3577 = CARTESIAN_POINT ( 'NONE',  ( -31.87944353150262700, 169.6266751731370448, 38.51940243239008055 ) ) ;
#3578 = CARTESIAN_POINT ( 'NONE',  ( 31.08035469695843389, 175.3233815820528605, 34.68057595339049470 ) ) ;
#3579 = CARTESIAN_POINT ( 'NONE',  ( -45.92619372941037881, 55.93620152028918824, -44.58347426246772471 ) ) ;
#3580 = CARTESIAN_POINT ( 'NONE',  ( 24.39235554936073669, 141.0186408901463437, -41.36857510098818125 ) ) ;
#3581 = CARTESIAN_POINT ( 'NONE',  ( 26.64811512789382419, 117.6516938689265572, -42.30730197504285428 ) ) ;
#3582 = VECTOR ( 'NONE', #6948, 1000.000000000000000 ) ;
#3583 = ORIENTED_EDGE ( 'NONE', *, *, #4779, .F. ) ;
#3584 = AXIS2_PLACEMENT_3D ( 'NONE', #4289, #3336, #5538 ) ;
#3585 = CARTESIAN_POINT ( 'NONE',  ( -40.01567615761508989, 134.5090890707682831, -50.49399183426302073 ) ) ;
#3586 = CARTESIAN_POINT ( 'NONE',  ( -36.87847621481379434, 49.45210526212276392, -33.65753773153347339 ) ) ;
#3587 = CARTESIAN_POINT ( 'NONE',  ( -47.00000000000000000, 187.6273319016061407, -2.018801020640145438 ) ) ;
#3588 = CARTESIAN_POINT ( 'NONE',  ( -27.19834591289385628, 166.8763353538257945, 38.56258473745505455 ) ) ;
#3589 = DIRECTION ( 'NONE',  ( 0.000000000000000000, 1.000000000000000000, 0.000000000000000000 ) ) ;
#3590 = VECTOR ( 'NONE', #6839, 1000.000000000000000 ) ;
#3591 = ORIENTED_EDGE ( 'NONE', *, *, #1263, .T. ) ;
#3592 = CARTESIAN_POINT ( 'NONE',  ( 29.77058395744706942, 57.99999999999999289, 35.99034669290186628 ) ) ;
#3593 = CARTESIAN_POINT ( 'NONE',  ( 41.36857510098818125, 141.0186408901463153, 24.39235554936074735 ) ) ;
#3594 = DIRECTION ( 'NONE',  ( 0.000000000000000000, 0.000000000000000000, 1.000000000000000000 ) ) ;
#3595 = AXIS2_PLACEMENT_3D ( 'NONE', #6293, #4087, #3937 ) ;
#3596 = CARTESIAN_POINT ( 'NONE',  ( 38.99282277377285766, 168.5816071365001676, 31.30007401323508276 ) ) ;
#3597 = CARTESIAN_POINT ( 'NONE',  ( 34.81447876247082718, 48.51213425699024384, 30.94645188787810852 ) ) ;
#3598 = FACE_OUTER_BOUND ( 'NONE', #6932, .T. ) ;
#3599 = CARTESIAN_POINT ( 'NONE',  ( -31.08035469695841968, 175.3233815820528605, 34.68057595339050891 ) ) ;
#3600 = CARTESIAN_POINT ( 'NONE',  ( 41.00000000000000000, 320.0000000000000000, -21.00000000000000000 ) ) ;
#3601 = CARTESIAN_POINT ( 'NONE',  ( -37.71505118858653560, 73.51205123983933731, 28.04587946176237878 ) ) ;
#3602 = EDGE_LOOP ( 'NONE', ( #5800, #2726 ) ) ;
#3603 = CARTESIAN_POINT ( 'NONE',  ( -35.99034669289962807, 57.99999999999999289, 29.77058395744929697 ) ) ;
#3604 = FACE_OUTER_BOUND ( 'NONE', #2833, .T. ) ;
#3605 = CARTESIAN_POINT ( 'NONE',  ( 49.99939933985893248, 161.3767734674762266, -0.2450829519018705716 ) ) ;
#3606 = FACE_OUTER_BOUND ( 'NONE', #5924, .T. ) ;
#3607 = CARTESIAN_POINT ( 'NONE',  ( -36.42405306805221699, 172.9592403366418694, 29.70434460654473341 ) ) ;
#3608 = CARTESIAN_POINT ( 'NONE',  ( -49.94173754644855734, 196.9203548967950610, 2.421102335039791775 ) ) ;
#3609 = CARTESIAN_POINT ( 'NONE',  ( -40.24733569863604288, 157.6066838202881399, 25.51359495171287506 ) ) ;
#3610 = CARTESIAN_POINT ( 'NONE',  ( -36.04734683592365485, 57.99999999999997868, -29.85456570832522871 ) ) ;
#3611 = CARTESIAN_POINT ( 'NONE',  ( -26.53717206652075689, 163.8347417721553256, 39.22375858382815750 ) ) ;
#3612 = CARTESIAN_POINT ( 'NONE',  ( -34.11210485454679286, 172.0119194015688322, 36.55755952382997265 ) ) ;
#3613 = CC_DESIGN_DATE_AND_TIME_ASSIGNMENT ( #455, #5508, ( #1790 ) ) ;
#3614 = CARTESIAN_POINT ( 'NONE',  ( 29.29356565747519880, 173.1609393494194364, -36.46736499287371913 ) ) ;
#3615 = CARTESIAN_POINT ( 'NONE',  ( 30.80394296248330122, 52.00000000000000000, -35.45918685583350083 ) ) ;
#3616 = CARTESIAN_POINT ( 'NONE',  ( 37.25277915899236092, 171.2031378497270282, 28.50815149135656767 ) ) ;
#3617 = CARTESIAN_POINT ( 'NONE',  ( -47.31597781508198608, 69.12979561808752749, 43.19369017679610323 ) ) ;
#3618 = CARTESIAN_POINT ( 'NONE',  ( 39.91996775807772480, 130.9941881811295445, -50.58970023380036451 ) ) ;
#3619 = CARTESIAN_POINT ( 'NONE',  ( -45.51935232921329799, 52.44175755770031344, -44.99031566266480553 ) ) ;
#3620 = EDGE_CURVE ( 'NONE', #4948, #1470, #4888, .T. ) ;
#3621 = VERTEX_POINT ( 'NONE', #6549 ) ;
#3622 = ORIENTED_EDGE ( 'NONE', *, *, #5380, .F. ) ;
#3623 = CARTESIAN_POINT ( 'NONE',  ( -50.38968031787179314, 112.7299032302373263, -40.11998767400631749 ) ) ;
#3624 = CARTESIAN_POINT ( 'NONE',  ( -34.94075078326840611, 38.38965361115108976, -34.51648671455647843 ) ) ;
#3625 = CARTESIAN_POINT ( 'NONE',  ( -108.0000000000000142, 219.0159610516838029, 1.126926010874051309 ) ) ;
#3626 = CARTESIAN_POINT ( 'NONE',  ( -39.91748297430892478, 120.2343318316846421, 50.59218501756915742 ) ) ;
#3627 = CARTESIAN_POINT ( 'NONE',  ( 49.92188363720440236, 255.8766924792531654, -2.795363964101401422 ) ) ;
#3628 = VERTEX_POINT ( 'NONE', #4346 ) ;
#3629 = ADVANCED_FACE ( 'NONE', ( #583 ), #2708, .T. ) ;
#3630 = CARTESIAN_POINT ( 'NONE',  ( 32.49898569560906481, 37.17140469785621093, 33.26194495473987445 ) ) ;
#3631 = CARTESIAN_POINT ( 'NONE',  ( 42.32202566649796438, 78.60787726850114154, -48.18764232538012493 ) ) ;
#3632 = EDGE_CURVE ( 'NONE', #101, #2257, #1285, .T. ) ;
#3633 = CARTESIAN_POINT ( 'NONE',  ( 35.63270687126060210, 54.97802726448587407, 30.12822377908832649 ) ) ;
#3634 = CARTESIAN_POINT ( 'NONE',  ( 32.88046532517446252, 57.99999999999999289, -32.88046532517446252 ) ) ;
#3635 = CARTESIAN_POINT ( 'NONE',  ( 39.70221989020323150, 166.3214578944393622, 30.39400384064436977 ) ) ;
#3636 = EDGE_LOOP ( 'NONE', ( #4787, #3426, #3691, #2860 ) ) ;
#3637 = PLANE ( 'NONE',  #4292 ) ;
#3638 = CARTESIAN_POINT ( 'NONE',  ( 50.49399183426302073, 134.5090890707682547, 40.01567615761508989 ) ) ;
#3639 = ORIENTED_EDGE ( 'NONE', *, *, #592, .F. ) ;
#3640 = CIRCLE ( 'NONE', #4797, 46.97059542429539647 ) ;
#3641 = CARTESIAN_POINT ( 'NONE',  ( -35.98550691814761393, 43.91141705726548139, 34.15368864456462461 ) ) ;
#3642 = CARTESIAN_POINT ( 'NONE',  ( 30.35687700220167429, 173.7877746191157371, 35.88229713838119039 ) ) ;
#3643 = PLANE ( 'NONE',  #6602 ) ;
#3644 = CARTESIAN_POINT ( 'NONE',  ( 47.00000000000000000, 177.7845559105077200, 1.453014774495211991 ) ) ;
#3645 = CARTESIAN_POINT ( 'NONE',  ( -32.58376914801011281, 36.58494384897175422, 33.17716150233880512 ) ) ;
#3646 = DIRECTION ( 'NONE',  ( 0.7071067811865474617, -0.000000000000000000, -0.7071067811865474617 ) ) ;
#3647 = LINE ( 'NONE', #3159, #5323 ) ;
#3648 = VECTOR ( 'NONE', #3414, 1000.000000000000000 ) ;
#3649 = CARTESIAN_POINT ( 'NONE',  ( -35.99034755172208833, 57.99999999121065741, -29.77058309862684737 ) ) ;
#3650 = CARTESIAN_POINT ( 'NONE',  ( -39.27978169491271387, 44.00000000000000000, 38.85551762620079330 ) ) ;
#3651 = CARTESIAN_POINT ( 'NONE',  ( -44.78285603231768874, 54.19120085711174539, -45.72681195956042188 ) ) ;
#3652 = CARTESIAN_POINT ( 'NONE',  ( 34.68057595339049470, 175.3233815820528321, -31.08035469695841968 ) ) ;
#3653 = VECTOR ( 'NONE', #701, 1000.000000000000000 ) ;
#3654 = CARTESIAN_POINT ( 'NONE',  ( 29.29356565747520946, 173.1609393494194364, 36.46736499287372624 ) ) ;
#3655 = CARTESIAN_POINT ( 'NONE',  ( -24.55371574811973900, 145.7020373835961777, -41.20721490222919670 ) ) ;
#3656 = CARTESIAN_POINT ( 'NONE',  ( 40.01567615761507568, 134.5090890707682831, -50.49399183426302073 ) ) ;
#3657 = FACE_OUTER_BOUND ( 'NONE', #4362, .T. ) ;
#3658 = ORIENTED_EDGE ( 'NONE', *, *, #5823, .F. ) ;
#3659 = CARTESIAN_POINT ( 'NONE',  ( 36.08140240266997978, 58.70654625247946257, 29.67952824767894882 ) ) ;
#3660 = CARTESIAN_POINT ( 'NONE',  ( -40.33924585287351761, 140.4589426390626556, -50.17042213900459302 ) ) ;
#3661 = DIRECTION ( 'NONE',  ( 1.000000000000000000, 0.000000000000000000, 0.000000000000000000 ) ) ;
#3662 = EDGE_CURVE ( 'NONE', #2042, #5384, #4091, .T. ) ;
#3663 = CARTESIAN_POINT ( 'NONE',  ( 0.000000000000000000, 55.00000568419856961, 0.000000000000000000 ) ) ;
#3664 = CARTESIAN_POINT ( 'NONE',  ( -35.45918685583340135, 52.00000000000000000, -30.80394296248341135 ) ) ;
#3665 = CARTESIAN_POINT ( 'NONE',  ( 49.91050786925505633, 210.3979357543572064, 2.993449714897891134 ) ) ;
#3666 = ORIENTED_EDGE ( 'NONE', *, *, #4410, .T. ) ;
#3667 = CARTESIAN_POINT ( 'NONE',  ( 41.19064070390658827, 148.1781441586250878, 49.31902728797151525 ) ) ;
#3668 = CARTESIAN_POINT ( 'NONE',  ( 30.12822377908831584, 54.97802726448587407, -35.63270687126060210 ) ) ;
#3669 = CARTESIAN_POINT ( 'NONE',  ( 48.91202582514209496, 150.5005888525397495, 41.59764216673601567 ) ) ;
#3670 = PLANE ( 'NONE',  #5036 ) ;
#3671 = FACE_OUTER_BOUND ( 'NONE', #5803, .T. ) ;
#3672 = CARTESIAN_POINT ( 'NONE',  ( 33.26194495473987445, 37.17140469785623225, 32.49898569560906481 ) ) ;
#3673 = DIRECTION ( 'NONE',  ( -1.000000000000000000, 0.000000000000000000, 0.000000000000000000 ) ) ;
#3674 = CARTESIAN_POINT ( 'NONE',  ( -39.22375858382815039, 163.8347417721553541, 26.53717206652077110 ) ) ;
#3675 = CARTESIAN_POINT ( 'NONE',  ( -35.22013817769530419, 39.76829827018091379, 34.44339636571284302 ) ) ;
#3676 = CARTESIAN_POINT ( 'NONE',  ( 2.293931114067153221, -3.548243663850585872, -2.293931114067153221 ) ) ;
#3677 = CARTESIAN_POINT ( 'NONE',  ( 47.00000000000000000, 234.8814313122934720, 3.596535438769842941 ) ) ;
#3678 = CARTESIAN_POINT ( 'NONE',  ( -26.85867340158341321, 85.63114929373708151, 38.90225724876551539 ) ) ;
#3679 = CARTESIAN_POINT ( 'NONE',  ( 50.59218501756915742, 120.2343318316846279, -39.91748297430893189 ) ) ;
#3680 = CARTESIAN_POINT ( 'NONE',  ( -49.89327691670025899, 219.1586073467193501, 3.268112194681045857 ) ) ;
#3681 = EDGE_CURVE ( 'NONE', #2656, #3858, #5155, .T. ) ;
#3682 = CARTESIAN_POINT ( 'NONE',  ( -28.04587946176237878, 73.51205311379843010, 37.71505118858653560 ) ) ;
#3683 = FACE_BOUND ( 'NONE', #2908, .T. ) ;
#3684 = CARTESIAN_POINT ( 'NONE',  ( 50.22349097781341243, 108.7025900201346644, -40.28617701406468399 ) ) ;
#3685 = CARTESIAN_POINT ( 'NONE',  ( 31.68079750502943881, 43.01938834714778181, -34.08013314531949334 ) ) ;
#3686 = ORIENTED_EDGE ( 'NONE', *, *, #2954, .T. ) ;
#3687 = CARTESIAN_POINT ( 'NONE',  ( 42.78460399787552859, 155.3921848145514844, 47.72506399400258204 ) ) ;
#3688 = CARTESIAN_POINT ( 'NONE',  ( -50.22349097781342664, 108.7025900201346644, -40.28617701406468399 ) ) ;
#3689 = CARTESIAN_POINT ( 'NONE',  ( 44.99031566266479132, 52.44175755770031344, -45.51935232921329089 ) ) ;
#3690 = CARTESIAN_POINT ( 'NONE',  ( -37.00988115598540418, 66.80701258836775480, -28.75104949436352442 ) ) ;
#3691 = ORIENTED_EDGE ( 'NONE', *, *, #3344, .T. ) ;
#3692 = CARTESIAN_POINT ( 'NONE',  ( -50.64418028391641968, 124.0985968565961315, -39.86548770796169094 ) ) ;
#3693 = CARTESIAN_POINT ( 'NONE',  ( -43.47092483188745859, 66.31954352124843410, 47.03874315999061650 ) ) ;
#3694 = CARTESIAN_POINT ( 'NONE',  ( -38.90225724876550828, 85.63114929373708151, -26.85867340158342742 ) ) ;
#3695 = CARTESIAN_POINT ( 'NONE',  ( -50.17042213900457881, 140.4589426390626556, 40.33924585287351050 ) ) ;
#3696 = CARTESIAN_POINT ( 'NONE',  ( -45.25483399593903755, 158.6226686892998146, 45.25483399593904466 ) ) ;
#3697 = ORIENTED_EDGE ( 'NONE', *, *, #2990, .F. ) ;
#3698 = VECTOR ( 'NONE', #2165, 1000.000000000000114 ) ;
#3699 = CARTESIAN_POINT ( 'NONE',  ( -43.47092483188745859, 66.31954352124843410, 47.03874315999061650 ) ) ;
#3700 = CARTESIAN_POINT ( 'NONE',  ( 40.92961328274397204, 96.97051065983893636, 49.58005470913415280 ) ) ;
#3701 = CARTESIAN_POINT ( 'NONE',  ( 46.56268880791239440, 157.2818685057019650, 43.94697918396571623 ) ) ;
#3702 = EDGE_CURVE ( 'NONE', #3850, #4009, #6473, .T. ) ;
#3703 = DIRECTION ( 'NONE',  ( 0.9088285370321855794, 0.4171671973262491284, 0.001489882847593747457 ) ) ;
#3704 = AXIS2_PLACEMENT_3D ( 'NONE', #2423, #4637, #6843 ) ;
#3705 = DIRECTION ( 'NONE',  ( 0.000000000000000000, 0.000000000000000000, -1.000000000000000000 ) ) ;
#3706 = ORIENTED_EDGE ( 'NONE', *, *, #4197, .T. ) ;
#3707 = CARTESIAN_POINT ( 'NONE',  ( 48.52056619669235715, 82.37800232306901194, 41.98910179518575347 ) ) ;
#3708 = CARTESIAN_POINT ( 'NONE',  ( 45.25483399593905176, 158.6226686892998146, 45.25483399593905176 ) ) ;
#3709 = ADVANCED_FACE ( 'NONE', ( #426 ), #4882, .F. ) ;
#3710 = EDGE_LOOP ( 'NONE', ( #2127, #6505, #2497, #4616, #1478, #2887, #7039, #3262, #1241, #2274, #624, #2397, #6143, #2149, #6079, #2352, #4602, #737, #6238, #5662, #2471, #5930, #6305, #2019, #5334, #238, #5445, #4121, #3949, #5772 ) ) ;
#3711 = CARTESIAN_POINT ( 'NONE',  ( 31.68079750501921765, 43.01938834715467408, 34.08013314532970384 ) ) ;
#3712 = CARTESIAN_POINT ( 'NONE',  ( -30.80394296248341846, 51.99999999999999289, -35.45918685583342267 ) ) ;
#3713 = CARTESIAN_POINT ( 'NONE',  ( 47.00000000000000000, 160.9181783982463969, 0.3183282180949054130 ) ) ;
#3714 = CARTESIAN_POINT ( 'NONE',  ( -32.16823240588157518, 39.48056780803440091, 33.59269824446734276 ) ) ;
#3715 = CARTESIAN_POINT ( 'NONE',  ( 34.08013314532964699, 43.01938834715430460, -31.68079750501926739 ) ) ;
#3716 = DIRECTION ( 'NONE',  ( -1.000000000000000000, 0.000000000000000000, 0.000000000000000000 ) ) ;
#3717 = CARTESIAN_POINT ( 'NONE',  ( -32.88046532517444831, 176.7803523830567940, 32.88046532517446963 ) ) ;
#3718 = EDGE_CURVE ( 'NONE', #5686, #1726, #6946, .T. ) ;
#3719 = CARTESIAN_POINT ( 'NONE',  ( -40.11998767400631039, 112.7299032302373263, 50.38968031787177893 ) ) ;
#3720 = DIRECTION ( 'NONE',  ( -0.7071067811865474617, 0.000000000000000000, 0.7071067811865474617 ) ) ;
#3721 = CARTESIAN_POINT ( 'NONE',  ( -33.50548176671938450, 175.4713705888826212, -32.96085372608955311 ) ) ;
#3722 = ORIENTED_EDGE ( 'NONE', *, *, #2628, .F. ) ;
#3723 = CARTESIAN_POINT ( 'NONE',  ( 46.56268880791239440, 157.2818685057019650, 43.94697918396571623 ) ) ;
#3724 = CARTESIAN_POINT ( 'NONE',  ( -39.22375858382816460, 163.8347417721553541, -26.53717206652077110 ) ) ;
#3725 = CARTESIAN_POINT ( 'NONE',  ( 40.92961328274395783, 96.97051065983893636, -49.58005470913413859 ) ) ;
#3726 = CARTESIAN_POINT ( 'NONE',  ( -49.31902728797152236, 148.1781441586250878, -41.19064070390658827 ) ) ;
#3727 = AXIS2_PLACEMENT_3D ( 'NONE', #1762, #1211, #3434 ) ;
#3728 = ORIENTED_EDGE ( 'NONE', *, *, #2107, .T. ) ;
#3729 = CARTESIAN_POINT ( 'NONE',  ( -43.94697918396571623, 157.2818685057020218, -46.56268880791239440 ) ) ;
#3730 = CARTESIAN_POINT ( 'NONE',  ( -44.58347426246772471, 55.93620152028918824, 45.92619372941037170 ) ) ;
#3731 = CARTESIAN_POINT ( 'NONE',  ( -45.51935232921329799, 52.44175755770031344, -44.99031566266480553 ) ) ;
#3732 = CARTESIAN_POINT ( 'NONE',  ( -33.83408293086010588, 41.21309918220618584, 31.92684771948880140 ) ) ;
#3733 = CARTESIAN_POINT ( 'NONE',  ( 49.87975240298508339, 230.2881154155731451, -3.465720914819818255 ) ) ;
#3734 = EDGE_LOOP ( 'NONE', ( #3296, #443 ) ) ;
#3735 = CARTESIAN_POINT ( 'NONE',  ( 27.32702615385186462, 80.61020279584469961, 38.43390449649707108 ) ) ;
#3736 = CARTESIAN_POINT ( 'NONE',  ( 50.17042213900458592, 140.4589426390626556, 40.33924585287351761 ) ) ;
#3737 = CARTESIAN_POINT ( 'NONE',  ( -35.63270687126060920, 54.97802726448587407, -30.12822377908833360 ) ) ;
#3738 = DIRECTION ( 'NONE',  ( 0.000000000000000000, 0.000000000000000000, 1.000000000000000000 ) ) ;
#3739 = CARTESIAN_POINT ( 'NONE',  ( -41.19064070390658117, 148.1781441586251162, 49.31902728797150104 ) ) ;
#3740 = LINE ( 'NONE', #4148, #2914 ) ;
#3741 = CARTESIAN_POINT ( 'NONE',  ( 30.59914242697331233, 174.0484005150509859, -35.67620357437670719 ) ) ;
#3742 = EDGE_CURVE ( 'NONE', #1813, #47, #500, .T. ) ;
#3743 = CARTESIAN_POINT ( 'NONE',  ( 49.31902728797151525, 148.1781441586251162, 41.19064070390659538 ) ) ;
#3744 = B_SPLINE_CURVE_WITH_KNOTS ( 'NONE', 3,
 ( #193, #4713, #3586, #5220, #5791, #6985, #2565, #3624 ),
 .UNSPECIFIED., .F., .F.,
 ( 4, 2, 2, 4 ),
 ( 0.000000000000000000, 0.008445642262737952655, 0.01266846339410693939, 0.01689128452547592613 ),
 .UNSPECIFIED. ) ;
#3745 = CARTESIAN_POINT ( 'NONE',  ( 35.22013773123447322, 39.76829606710786891, 34.44339648251114028 ) ) ;
#3746 = CARTESIAN_POINT ( 'NONE',  ( -30.12822377908831228, 54.97802726448587407, 35.63270687126059499 ) ) ;
#3747 = CARTESIAN_POINT ( 'NONE',  ( 47.00000000000000000, 174.8707557546559030, 1.273156625868754999 ) ) ;
#3748 = CARTESIAN_POINT ( 'NONE',  ( -48.18764232538011782, 78.60787726850114154, 42.32202566649796438 ) ) ;
#3749 = ADVANCED_FACE ( 'NONE', ( #464 ), #2692, .T. ) ;
#3750 = CARTESIAN_POINT ( 'NONE',  ( 33.83408293086011298, 41.21309918220622137, -31.92684771948880140 ) ) ;
#3751 = CARTESIAN_POINT ( 'NONE',  ( 30.50535790505960776, 52.00000000000000000, 35.25557274528932794 ) ) ;
#3752 = B_SPLINE_CURVE_WITH_KNOTS ( 'NONE', 3,
 ( #7081, #5414, #2112, #4341, #2733, #3793, #2221, #3282, #5990, #1013, #4957, #4406, #3243, #5451, #466, #6064, #1642, #2694, #4921, #7117, #2150, #6650, #1087, #4377, #1679, #3823, #6024, #3318, #5518, #540, #2768 ),
 .UNSPECIFIED., .F., .F.,
 ( 4, 1, 1, 1, 1, 1, 1, 1, 1, 1, 1, 1, 1, 1, 1, 1, 1, 1, 1, 1, 1, 1, 1, 1, 1, 1, 1, 1, 4 ),
 ( 0.000000000000000000, 0.006232979306320806864, 0.02461339579161693492, 0.05420483296167832865, 0.09350669060714099368, 0.1405342250060607479, 0.1929186024039734881, 0.2480252474747844382, 0.3030897219878512239, 0.3553669908744937489, 0.4022832416398304245, 0.4415771578883115334, 0.4714347921258625895, 0.4907041958757833999, 0.5000000000000000000, 0.5092958041242166001, 0.5285652078741374105, 0.5584228421116885777, 0.5977167583601695755, 0.6446330091255062511, 0.6969102780121487761, 0.7519747525252156173, 0.8070813975960264841, 0.8594657749939392799, 0.9064933093928589924, 0.9457951670383216713, 0.9753866042083830790, 0.9937670206936791706, 1.000000000000000000 ),
 .UNSPECIFIED. ) ;
#3753 = ORIENTED_EDGE ( 'NONE', *, *, #4761, .F. ) ;
#3754 = DIRECTION ( 'NONE',  ( -0.000000000000000000, 1.000000000000000000, 0.000000000000000000 ) ) ;
#3755 = CARTESIAN_POINT ( 'NONE',  ( 49.58005470913413859, 96.97051065983893636, -40.92961328274395783 ) ) ;
#3756 = CARTESIAN_POINT ( 'NONE',  ( 45.25483399593905176, 145.5000000000000000, 45.25483399593905176 ) ) ;
#3757 = EDGE_LOOP ( 'NONE', ( #5413, #2636 ) ) ;
#3758 = CARTESIAN_POINT ( 'NONE',  ( 29.59757855955462347, 59.45114228953400470, 36.16335209079431223 ) ) ;
#3759 = CARTESIAN_POINT ( 'NONE',  ( -43.94697918396571623, 157.2818685057020218, -46.56268880791239440 ) ) ;
#3760 = CARTESIAN_POINT ( 'NONE',  ( 40.33924585287350340, 140.4589426390626272, -50.17042213900458592 ) ) ;
#3761 = CARTESIAN_POINT ( 'NONE',  ( -29.29356565747520236, 173.1609393494194080, -36.46736499287372624 ) ) ;
#3762 = AXIS2_PLACEMENT_3D ( 'NONE', #1519, #6085, #410 ) ;
#3763 = CARTESIAN_POINT ( 'NONE',  ( 45.51935232921329799, 52.44175755770029923, 44.99031566266481263 ) ) ;
#3764 = VERTEX_POINT ( 'NONE', #2148 ) ;
#3765 = CARTESIAN_POINT ( 'NONE',  ( 24.29434890298207961, 131.8280114082709815, 41.46658174736686675 ) ) ;
#3766 = CARTESIAN_POINT ( 'NONE',  ( -108.0000000000000000, 191.0383283497592402, -0.4443020421252301122 ) ) ;
#3767 = CARTESIAN_POINT ( 'NONE',  ( -45.57187448734443791, 52.88466077438591384, -44.93779350453367272 ) ) ;
#3768 = CARTESIAN_POINT ( 'NONE',  ( -46.56268880791239440, 157.2818685057019650, 43.94697918396570202 ) ) ;
#3769 = CARTESIAN_POINT ( 'NONE',  ( 49.87856882242510181, 236.9688922435076108, -3.482581293847268000 ) ) ;
#3770 = ORIENTED_EDGE ( 'NONE', *, *, #4501, .F. ) ;
#3771 = CARTESIAN_POINT ( 'NONE',  ( -28.43010458892693038, 69.78879341571374084, 37.33082606142198046 ) ) ;
#3772 = EDGE_LOOP ( 'NONE', ( #4585, #4564, #4142 ) ) ;
#3773 = CARTESIAN_POINT ( 'NONE',  ( 28.75104949436352442, 66.80701258836775480, 37.00988115598541128 ) ) ;
#3774 = CARTESIAN_POINT ( 'NONE',  ( -45.57187448734443791, 52.88466077438591384, -44.93779350453367272 ) ) ;
#3775 = CARTESIAN_POINT ( 'NONE',  ( 32.11329746821136411, 175.2086278155802006, 34.32022455349903112 ) ) ;
#3776 = CARTESIAN_POINT ( 'NONE',  ( 6.123233995736766085E-15, 54.99999999999999289, -50.00000000000000000 ) ) ;
#3777 = CARTESIAN_POINT ( 'NONE',  ( -24.96626355950889931, 111.3121957717727071, 40.79466709084002218 ) ) ;
#3778 = CARTESIAN_POINT ( 'NONE',  ( 33.10233586292772401, 175.4862839454919197, -33.36570883844861868 ) ) ;
#3779 = CARTESIAN_POINT ( 'NONE',  ( 40.11998767400631749, 112.7299032302373121, 50.38968031787179314 ) ) ;
#3780 = CARTESIAN_POINT ( 'NONE',  ( 44.20390395962769503, 59.33385514974001751, -46.30576403225040849 ) ) ;
#3781 = CARTESIAN_POINT ( 'NONE',  ( -27.32702615385185396, 80.61020279584469961, 38.43390449649707108 ) ) ;
#3782 = PERSON_AND_ORGANIZATION ( #5920, #2535 ) ;
#3783 = CARTESIAN_POINT ( 'NONE',  ( -50.59218501756915742, 120.2343318316845853, 39.91748297430893189 ) ) ;
#3784 = CARTESIAN_POINT ( 'NONE',  ( 38.43390449649705687, 80.61020279584469961, -27.32702615385185752 ) ) ;
#3785 = CARTESIAN_POINT ( 'NONE',  ( 25.10761244709872031, 153.6225640485288011, -40.65331820325020118 ) ) ;
#3786 = ORIENTED_EDGE ( 'NONE', *, *, #682, .T. ) ;
#3787 = CARTESIAN_POINT ( 'NONE',  ( -30.50265559212962074, 74.95886082563229991, 39.62546294327291463 ) ) ;
#3788 = EDGE_CURVE ( 'NONE', #6899, #1694, #2895, .T. ) ;
#3789 = CARTESIAN_POINT ( 'NONE',  ( 48.14642419775777427, 153.8348667856812142, -42.36324379412032926 ) ) ;
#3790 = LINE ( 'NONE', #1608, #3870 ) ;
#3791 = CARTESIAN_POINT ( 'NONE',  ( 0.000000000000000000, 57.99999999999999289, 0.000000000000000000 ) ) ;
#3792 = EDGE_LOOP ( 'NONE', ( #5218, #5019, #3039, #6991 ) ) ;
#3793 = CARTESIAN_POINT ( 'NONE',  ( 108.0000000000000000, 194.5767617142269330, -0.7496665276302577618 ) ) ;
#3794 = EDGE_CURVE ( 'NONE', #3628, #5539, #4457, .T. ) ;
#3795 = CARTESIAN_POINT ( 'NONE',  ( -40.24733569863605709, 157.6066838202881399, -25.51359495171287861 ) ) ;
#3796 = CARTESIAN_POINT ( 'NONE',  ( 40.57183789878038027, 143.4569695494772361, -49.93783009309771614 ) ) ;
#3797 = CARTESIAN_POINT ( 'NONE',  ( -42.78460399787553570, 155.3921848145515412, -47.72506399400257493 ) ) ;
#3798 = CARTESIAN_POINT ( 'NONE',  ( 29.67952824767894526, 58.70654625247947678, -36.08140240266997978 ) ) ;
#3799 = EDGE_CURVE ( 'NONE', #4250, #47, #4374, .T. ) ;
#3800 = CARTESIAN_POINT ( 'NONE',  ( 40.92961328274395783, 96.97051065983893636, -49.58005470913413859 ) ) ;
#3801 = CARTESIAN_POINT ( 'NONE',  ( 29.29356565747520946, 173.1609393494194364, 36.46736499287372624 ) ) ;
#3802 = CARTESIAN_POINT ( 'NONE',  ( -27.19834591289386694, 166.8763353538257945, -38.56258473745506166 ) ) ;
#3803 = CARTESIAN_POINT ( 'NONE',  ( -37.00988115598539707, 66.80701258836775480, 28.75104949436351731 ) ) ;
#3804 = ORIENTED_EDGE ( 'NONE', *, *, #2919, .F. ) ;
#3805 = CARTESIAN_POINT ( 'NONE',  ( 24.29434890298207961, 131.8280114082709815, 41.46658174736686675 ) ) ;
#3806 = DIRECTION ( 'NONE',  ( 0.000000000000000000, 1.000000000000000000, 0.000000000000000000 ) ) ;
#3807 = CARTESIAN_POINT ( 'NONE',  ( 0.000000000000000000, 52.00000000000000000, 0.000000000000000000 ) ) ;
#3808 = LINE ( 'NONE', #2607, #4928 ) ;
#3809 = CARTESIAN_POINT ( 'NONE',  ( -42.62031228415366257, 75.23276251545793514, 47.88935570772444095 ) ) ;
#3810 = CARTESIAN_POINT ( 'NONE',  ( 34.56783199817789409, 175.0603972572440341, -31.84627522964691337 ) ) ;
#3811 = ORIENTED_EDGE ( 'NONE', *, *, #5902, .F. ) ;
#3812 = CARTESIAN_POINT ( 'NONE',  ( 24.69734275216253394, 116.6762642137271797, 41.06358789818640531 ) ) ;
#3813 = CARTESIAN_POINT ( 'NONE',  ( -36.76708598271334694, 64.61538134244881348, 28.99384466763557811 ) ) ;
#3814 = CARTESIAN_POINT ( 'NONE',  ( -40.01567615761507568, 134.5090890707682547, 50.49399183426301363 ) ) ;
#3815 = CARTESIAN_POINT ( 'NONE',  ( -40.15053420550684393, 101.0166046022987985, 25.61039644484207400 ) ) ;
#3816 = CARTESIAN_POINT ( 'NONE',  ( 44.20390395962769503, 59.33385514974001751, -46.30576403225040849 ) ) ;
#3817 = VECTOR ( 'NONE', #6725, 1000.000000000000114 ) ;
#3818 = EDGE_LOOP ( 'NONE', ( #4299, #1624, #1775, #2125 ) ) ;
#3819 = CARTESIAN_POINT ( 'NONE',  ( 31.30679872303088729, 45.76678388290363841, 34.45413192731804486 ) ) ;
#3820 = CARTESIAN_POINT ( 'NONE',  ( 37.71505118860601868, 169.6705890994531103, -28.04587946173982971 ) ) ;
#3821 = CARTESIAN_POINT ( 'NONE',  ( 34.61057804017210771, 46.00849753284924049, -31.45444816953541789 ) ) ;
#3822 = ORIENTED_EDGE ( 'NONE', *, *, #3030, .T. ) ;
#3823 = CARTESIAN_POINT ( 'NONE',  ( 108.0000000000000000, 194.5767617142269614, 0.7496665276302574288 ) ) ;
#3824 = CARTESIAN_POINT ( 'NONE',  ( 48.18764232538012493, 78.60787726850115575, 42.32202566649797859 ) ) ;
#3825 = CARTESIAN_POINT ( 'NONE',  ( -44.73292201045924799, 54.62836855260157876, -45.77674598141885554 ) ) ;
#3826 = CARTESIAN_POINT ( 'NONE',  ( 25.51359495171286440, 157.6066838202881399, -40.24733569863604998 ) ) ;
#3827 = CARTESIAN_POINT ( 'NONE',  ( -39.75138694003534567, 95.69680212022356613, -26.00954371031358647 ) ) ;
#3828 = DIRECTION ( 'NONE',  ( 0.000000000000000000, 0.000000000000000000, 1.000000000000000000 ) ) ;
#3829 = ADVANCED_FACE ( 'NONE', ( #3459 ), #3384, .F. ) ;
#3830 = CARTESIAN_POINT ( 'NONE',  ( 48.15397179880390155, 157.9999999999999716, 42.35569619307420908 ) ) ;
#3831 = CARTESIAN_POINT ( 'NONE',  ( 27.19834591289388470, 166.8763353538258514, 38.56258473745506166 ) ) ;
#3832 = CARTESIAN_POINT ( 'NONE',  ( -43.94697918396570202, 157.2818685057019650, 46.56268880791238018 ) ) ;
#3833 = CARTESIAN_POINT ( 'NONE',  ( -45.25483399593905176, 158.6226686892998146, -45.25483399593905176 ) ) ;
#3834 = CARTESIAN_POINT ( 'NONE',  ( -40.15053420550684393, 101.0166046022987985, 25.61039644484207400 ) ) ;
#3835 = CARTESIAN_POINT ( 'NONE',  ( 0.000000000000000000, 55.00000000000000000, 0.000000000000000000 ) ) ;
#3836 = EDGE_CURVE ( 'NONE', #4581, #1914, #4635, .T. ) ;
#3837 = VERTEX_POINT ( 'NONE', #1200 ) ;
#3838 = ORIENTED_EDGE ( 'NONE', *, *, #6275, .F. ) ;
#3839 = CARTESIAN_POINT ( 'NONE',  ( 24.96626355950891352, 111.3121957717727071, 40.79466709084002218 ) ) ;
#3840 = CARTESIAN_POINT ( 'NONE',  ( -49.05663547162955496, 89.40149471062304087, -41.45303252024855567 ) ) ;
#3841 = CARTESIAN_POINT ( 'NONE',  ( 29.77058309862684027, 57.99999999121062899, -35.99034755172208122 ) ) ;
#3842 = APPLICATION_CONTEXT ( 'configuration controlled 3d designs of mechanical parts and assemblies' ) ;
#3843 = VECTOR ( 'NONE', #3943, 1000.000000000000000 ) ;
#3844 = CARTESIAN_POINT ( 'NONE',  ( -29.67952824767894171, 58.70654625247946257, 36.08140240266996557 ) ) ;
#3845 = CARTESIAN_POINT ( 'NONE',  ( 34.94075078326841322, 38.38965361115109687, 34.51648671455648554 ) ) ;
#3846 = CARTESIAN_POINT ( 'NONE',  ( 40.57183789878039448, 143.4569695494772645, 49.93783009309771614 ) ) ;
#3847 = CARTESIAN_POINT ( 'NONE',  ( 43.19369017679609613, 69.12979561808752749, -47.31597781508199319 ) ) ;
#3848 = CARTESIAN_POINT ( 'NONE',  ( 30.70442763091195815, 52.00000000000002132, -35.39129625148119374 ) ) ;
#3849 = CARTESIAN_POINT ( 'NONE',  ( -41.36857510098817414, 141.0186408901463437, 24.39235554936074024 ) ) ;
#3850 = VERTEX_POINT ( 'NONE', #646 ) ;
#3851 = LINE ( 'NONE', #2796, #3245 ) ;
#3852 = ORIENTED_EDGE ( 'NONE', *, *, #1896, .F. ) ;
#3853 = CARTESIAN_POINT ( 'NONE',  ( -32.66833329081848802, 36.00000000000000000, 33.09259735953042991 ) ) ;
#3854 = DIRECTION ( 'NONE',  ( 0.000000000000000000, 0.000000000000000000, 1.000000000000000000 ) ) ;
#3855 = CARTESIAN_POINT ( 'NONE',  ( 47.88935570772442674, 75.23276251545792093, -42.62031228415365547 ) ) ;
#3856 = DIRECTION ( 'NONE',  ( -0.000000000000000000, -1.000000000000000000, -0.000000000000000000 ) ) ;
#3857 = DIRECTION ( 'NONE',  ( 0.000000000000000000, 1.000000000000000000, 0.000000000000000000 ) ) ;
#3858 = VERTEX_POINT ( 'NONE', #5133 ) ;
#3859 = CARTESIAN_POINT ( 'NONE',  ( 34.03994575403818601, 45.29474480594073071, 36.21980700434897926 ) ) ;
#3860 = CARTESIAN_POINT ( 'NONE',  ( -44.93779350453366561, 52.88466077438589963, -45.57187448734443080 ) ) ;
#3861 = CARTESIAN_POINT ( 'NONE',  ( 38.56258473745505455, 166.8763353538257945, -27.19834591289385983 ) ) ;
#3862 = CARTESIAN_POINT ( 'NONE',  ( -26.85867340158342387, 85.63114929373706730, -38.90225724876551539 ) ) ;
#3863 = VECTOR ( 'NONE', #3958, 1000.000000000000114 ) ;
#3864 = CARTESIAN_POINT ( 'NONE',  ( 40.57183789878038027, 143.4569695494772361, -49.93783009309771614 ) ) ;
#3865 = CIRCLE ( 'NONE', #5598, 50.00000000000000000 ) ;
#3866 = CARTESIAN_POINT ( 'NONE',  ( 26.53717206652077820, 163.8347417721553541, 39.22375858382816460 ) ) ;
#3867 = CARTESIAN_POINT ( 'NONE',  ( -31.08035469695841968, 175.3233815820528605, 34.68057595339050891 ) ) ;
#3868 = CARTESIAN_POINT ( 'NONE',  ( -26.53717206652076754, 163.8347417721553256, -39.22375858382816460 ) ) ;
#3869 = CARTESIAN_POINT ( 'NONE',  ( -49.96638609908099227, 263.8850798301706391, -1.834600412228027499 ) ) ;
#3870 = VECTOR ( 'NONE', #3856, 1000.000000000000000 ) ;
#3871 = ORIENTED_EDGE ( 'NONE', *, *, #59, .T. ) ;
#3872 = B_SPLINE_SURFACE_WITH_KNOTS ( 'NONE', 3, 1, ( 
 ( #5396, #7067 ),
 ( #2095, #1558 ),
 ( #1035, #3150 ),
 ( #1521, #1594 ),
 ( #5502, #5934 ),
 ( #2059, #3187 ),
 ( #4321, #523 ),
 ( #5899, #1070 ),
 ( #3844, #7136 ),
 ( #926, #3809 ),
 ( #4901, #7099 ),
 ( #2167, #411 ),
 ( #3302, #4827 ),
 ( #6528, #6603 ),
 ( #4287, #6010 ),
 ( #3777, #483 ),
 ( #4393, #5972 ),
 ( #1628, #378 ),
 ( #994, #6045 ),
 ( #3223, #2133 ),
 ( #5362, #7028 ),
 ( #449, #6493 ),
 ( #7172, #3269 ),
 ( #5434, #3739 ),
 ( #959, #4360 ),
 ( #6563, #5473 ),
 ( #4940, #2750 ),
 ( #4974, #2204 ),
 ( #54, #5082 ),
 ( #561, #632 ),
 ( #4608, #1659 ),
 ( #5152, #1811 ),
 ( #3878, #4534 ),
 ( #5119, #6086 ),
 ( #6124, #3482 ),
 ( #2858, #1105 ),
 ( #5652, #5684 ),
 ( #598, #4572 ),
 ( #5612, #6744 ),
 ( #2931, #5536 ),
 ( #5048, #1184 ),
 ( #123, #3335 ),
 ( #1773, #6200 ),
 ( #86, #3912 ),
 ( #2358, #3373 ),
 ( #1266, #2787 ),
 ( #2281, #6783 ),
 ( #13, #3993 ),
 ( #6708, #669 ),
 ( #4033, #4497 ),
 ( #6236, #5012 ),
 ( #703, #3448 ),
 ( #2318, #3409 ),
 ( #2243, #161 ),
 ( #2893, #1734 ),
 ( #4464, #2396 ),
 ( #5575, #3955 ) ),
 .UNSPECIFIED., .F., .F., .F.,
 ( 4, 1, 1, 1, 1, 1, 1, 1, 1, 1, 1, 1, 1, 1, 1, 1, 1, 1, 1, 1, 1, 1, 1, 1, 1, 1, 1, 1, 1, 1, 1, 1, 1, 1, 1, 1, 1, 1, 1, 1, 1, 1, 1, 1, 1, 1, 1, 1, 1, 1, 1, 1, 1, 1, 4 ),
 ( 2, 2 ),
 ( 0.000000000000000000, 0.006185920264467840990, 0.006201962899188698426, 0.02441097605636065315, 0.02448136905349916972, 0.05370574164729763345, 0.05388345649501025819, 0.09253774940744020905, 0.09289034474279105058, 0.1389060332195526937, 0.1395093084148930351, 0.1904437008900517758, 0.1913742588137488654, 0.2445345556009105303, 0.2458629933516659483, 0.2984579075547035831, 0.3002380933255869855, 0.3495648249652614226, 0.3518114771965040188, 0.3954646363279900600, 0.3981158618259910686, 0.4341890767744074897, 0.4370593218643058497, 0.4643545367854607919, 0.4670784500627876423, 0.4855543320873984547, 0.4874746266155715047, 0.5000000000000001110, 0.5125253733844284953, 0.5144456679126017118, 0.5329215499372124132, 0.5356454632145394301, 0.5629406781356941503, 0.5658109232255926768, 0.6018841381740089869, 0.6045353636720101065, 0.6481885228034960367, 0.6504351750347387995, 0.6997619066744130700, 0.7015420924452966389, 0.7541370066483340517, 0.7554654443990895807, 0.8086257411862511901, 0.8095562991099484185, 0.8604906915851070481, 0.8610939667804474729, 0.9071096552572089911, 0.9074622505925599159, 0.9461165435049897487, 0.9462942583527024221, 0.9755186309465009309, 0.9755890239436393330, 0.9937980371008113822, 0.9938140797355320410, 1.000000000000000000 ),
 ( 0.000000000000000000, 1.000000000000000000 ),
 .UNSPECIFIED. ) ;
#3873 = EDGE_CURVE ( 'NONE', #3198, #2681, #106, .T. ) ;
#3874 = VERTEX_POINT ( 'NONE', #2871 ) ;
#3875 = DIRECTION ( 'NONE',  ( 0.000000000000000000, 1.000000000000000000, 0.000000000000000000 ) ) ;
#3876 = CARTESIAN_POINT ( 'NONE',  ( -52.48213096559379665, 114.3360710321864815, 0.000000000000000000 ) ) ;
#3877 = CARTESIAN_POINT ( 'NONE',  ( -47.00000000000000000, 184.1311746075469955, 1.825843266918903085 ) ) ;
#3878 = CARTESIAN_POINT ( 'NONE',  ( -38.56258473745504034, 166.8763353538258514, 27.19834591289388115 ) ) ;
#3879 = DIRECTION ( 'NONE',  ( 0.000000000000000000, 0.000000000000000000, -1.000000000000000000 ) ) ;
#3880 = CARTESIAN_POINT ( 'NONE',  ( 32.49898569560906481, 37.17140469785621093, 33.26194495473987445 ) ) ;
#3881 = CARTESIAN_POINT ( 'NONE',  ( 44.73292201045922667, 54.62836855260160718, -45.77674598141885554 ) ) ;
#3882 = CARTESIAN_POINT ( 'NONE',  ( -37.49320649782438153, 71.28898199371604960, 28.26772415252452575 ) ) ;
#3883 = PERSON_AND_ORGANIZATION_ROLE ( 'design_owner' ) ;
#3884 = DIRECTION ( 'NONE',  ( -0.7071067811865474617, 0.000000000000000000, 0.7071067811865474617 ) ) ;
#3885 = ORIENTED_EDGE ( 'NONE', *, *, #2727, .F. ) ;
#3886 = LINE ( 'NONE', #533, #5788 ) ;
#3887 = ORIENTED_EDGE ( 'NONE', *, *, #3681, .F. ) ;
#3888 = DIRECTION ( 'NONE',  ( 0.000000000000000000, 0.000000000000000000, -1.000000000000000000 ) ) ;
#3889 = CARTESIAN_POINT ( 'NONE',  ( 33.09259735953042281, 36.00000000000000000, -32.66833329081849513 ) ) ;
#3890 = CARTESIAN_POINT ( 'NONE',  ( 29.68759046700018800, 174.1961081890042635, -36.07334018334872638 ) ) ;
#3891 = FACE_OUTER_BOUND ( 'NONE', #1589, .T. ) ;
#3892 = ORIENTED_EDGE ( 'NONE', *, *, #5081, .F. ) ;
#3893 = CARTESIAN_POINT ( 'NONE',  ( -30.80394296248340069, 52.00000000000000000, 35.45918685583340135 ) ) ;
#3894 = CARTESIAN_POINT ( 'NONE',  ( -44.20390395962769503, 59.33385514974001751, -46.30576403225040849 ) ) ;
#3895 = CARTESIAN_POINT ( 'NONE',  ( 36.08140240266996557, 58.70654625247944125, -29.67952824767894526 ) ) ;
#3896 = CARTESIAN_POINT ( 'NONE',  ( -24.39235554936074735, 141.0186408901463722, -41.36857510098818835 ) ) ;
#3897 = CARTESIAN_POINT ( 'NONE',  ( -34.44736847863527629, 45.71524904810726753, 31.31356217171363809 ) ) ;
#3898 = CARTESIAN_POINT ( 'NONE',  ( -40.33924585287351761, 140.4589426390626556, -50.17042213900459302 ) ) ;
#3899 = CARTESIAN_POINT ( 'NONE',  ( 27.19834591289387049, 166.8763353538258514, -38.56258473745504745 ) ) ;
#3900 = CARTESIAN_POINT ( 'NONE',  ( 44.99017980345194445, 52.44290321668560750, -45.51948818842614486 ) ) ;
#3901 = CARTESIAN_POINT ( 'NONE',  ( 44.93779350453366561, 52.88466077438591384, 45.57187448734443080 ) ) ;
#3902 = CARTESIAN_POINT ( 'NONE',  ( -25.61039644484207045, 101.0166046022987985, 40.15053420550685104 ) ) ;
#3903 = CARTESIAN_POINT ( 'NONE',  ( -41.19064070390658827, 148.1781441586251447, -49.31902728797152236 ) ) ;
#3904 = CARTESIAN_POINT ( 'NONE',  ( 39.93261097207425792, 165.4343660277961590, -30.09056553259868849 ) ) ;
#3905 = EDGE_LOOP ( 'NONE', ( #3838, #3770, #2962, #1098 ) ) ;
#3906 = ORIENTED_EDGE ( 'NONE', *, *, #2724, .F. ) ;
#3907 = CARTESIAN_POINT ( 'NONE',  ( 32.16823240588159649, 39.48056780803435828, 33.59269824446734276 ) ) ;
#3908 = CARTESIAN_POINT ( 'NONE',  ( -50.58970023380037873, 130.9941881811295445, -39.91996775807773901 ) ) ;
#3909 = LINE ( 'NONE', #1731, #3113 ) ;
#3910 = CARTESIAN_POINT ( 'NONE',  ( -42.35569619307419487, 145.5000000000000000, 48.15397179880388734 ) ) ;
#3911 = CARTESIAN_POINT ( 'NONE',  ( 47.72506399400257493, 155.3921848145515128, 42.78460399787553570 ) ) ;
#3912 = CARTESIAN_POINT ( 'NONE',  ( -49.58005470913413149, 96.97051065983893636, 40.92961328274396493 ) ) ;
#3913 = CARTESIAN_POINT ( 'NONE',  ( 50.59218501756917163, 120.2343318316846421, 39.91748297430894610 ) ) ;
#3914 = ORIENTED_EDGE ( 'NONE', *, *, #4916, .F. ) ;
#3915 = ORIENTED_EDGE ( 'NONE', *, *, #5753, .F. ) ;
#3916 = CARTESIAN_POINT ( 'NONE',  ( 29.29356565747520946, 173.1609393494194364, 36.46736499287372624 ) ) ;
#3917 = ADVANCED_FACE ( 'NONE', ( #6686, #1787 ), #100, .F. ) ;
#3918 = CARTESIAN_POINT ( 'NONE',  ( 35.63270687126060210, 54.97802726448587407, 30.12822377908832649 ) ) ;
#3919 = CARTESIAN_POINT ( 'NONE',  ( 32.16823240588158228, 39.48056780803436538, -33.59269824446733566 ) ) ;
#3920 = CARTESIAN_POINT ( 'NONE',  ( 39.86548770796168384, 124.0985968565961315, -50.64418028391641258 ) ) ;
#3921 = B_SPLINE_CURVE_WITH_KNOTS ( 'NONE', 3,
 ( #524, #2680, #2751, #4361, #6530, #3270, #1595, #2788, #1559, #5398, #2134, #3810, #4902, #7100, #413, #7031, #2062, #3778, #6011, #5973, #1036, #5474, #2646, #1523, #4976, #3741, #484, #7068, #4941, #4322, #7137, #2168, #6604, #961 ),
 .UNSPECIFIED., .F., .F.,
 ( 4, 2, 2, 2, 2, 2, 2, 2, 2, 2, 2, 2, 2, 2, 2, 2, 4 ),
 ( 0.000000000000000000, 0.002341570909616881666, 0.003512356364425324885, 0.004683141819233767669, 0.005853927274042211755, 0.007024712728850654106, 0.008195498183659097324, 0.008780890911063318066, 0.009366283638467540543, 0.009951676365871761284, 0.01053706909327598376, 0.01170785454808441484, 0.01287864000289284244, 0.01404942545770127005, 0.01639099636731812179, 0.01756178182212658409, 0.01873256727693504639 ),
 .UNSPECIFIED. ) ;
#3922 = CARTESIAN_POINT ( 'NONE',  ( -40.79466709084000797, 111.3121957717727071, 24.96626355950890641 ) ) ;
#3923 = VECTOR ( 'NONE', #143, 1000.000000000000114 ) ;
#3924 = APPROVAL_ROLE ( '' ) ;
#3925 = CARTESIAN_POINT ( 'NONE',  ( 26.89765380023529318, 148.7199520483242736, 42.14932971709517062 ) ) ;
#3926 = CARTESIAN_POINT ( 'NONE',  ( 41.46658174736684543, 131.8280114082709815, -24.29434890298207250 ) ) ;
#3927 = ADVANCED_FACE ( 'NONE', ( #3891 ), #1614, .T. ) ;
#3928 = VERTEX_POINT ( 'NONE', #4017 ) ;
#3929 = AXIS2_PLACEMENT_3D ( 'NONE', #884, #5353, #3211 ) ;
#3930 = CARTESIAN_POINT ( 'NONE',  ( -49.74986063416525894, 145.8271779734262452, -40.75980735771284458 ) ) ;
#3931 = FACE_OUTER_BOUND ( 'NONE', #5050, .T. ) ;
#3932 = CARTESIAN_POINT ( 'NONE',  ( 37.71505118858642902, 340.0000000000000000, 28.04587946176250313 ) ) ;
#3933 = CARTESIAN_POINT ( 'NONE',  ( -45.51935232921329799, 52.44175755770031344, -44.99031566266480553 ) ) ;
#3934 = ORIENTED_EDGE ( 'NONE', *, *, #6619, .F. ) ;
#3935 = CARTESIAN_POINT ( 'NONE',  ( -27.84387101844075474, 156.2938203314724035, -41.53184048916929783 ) ) ;
#3936 = PLANE ( 'NONE',  #5537 ) ;
#3937 = DIRECTION ( 'NONE',  ( 0.000000000000000000, 0.000000000000000000, -1.000000000000000000 ) ) ;
#3938 = CARTESIAN_POINT ( 'NONE',  ( -27.32702615385186107, 80.61020279584469961, -38.43390449649707108 ) ) ;
#3939 = AXIS2_PLACEMENT_3D ( 'NONE', #6923, #857, #3041 ) ;
#3940 = ADVANCED_FACE ( 'NONE', ( #6220 ), #2916, .F. ) ;
#3941 = CARTESIAN_POINT ( 'NONE',  ( -33.26194495473986024, 37.17140469785621093, 32.49898569560905770 ) ) ;
#3942 = CARTESIAN_POINT ( 'NONE',  ( 24.37365805196742130, 126.6764942988443892, -41.38727259838148598 ) ) ;
#3943 = DIRECTION ( 'NONE',  ( -0.000000000000000000, 1.000000000000000000, -0.000000000000000000 ) ) ;
#3944 = VECTOR ( 'NONE', #6163, 1000.000000000000000 ) ;
#3945 = CARTESIAN_POINT ( 'NONE',  ( 39.75138694003535278, 95.69680212022356613, 26.00954371031358647 ) ) ;
#3946 = CARTESIAN_POINT ( 'NONE',  ( -24.96626355950889931, 111.3121957717727071, 40.79466709084002218 ) ) ;
#3947 = CARTESIAN_POINT ( 'NONE',  ( -40.01567615761508989, 134.5090890707682831, -50.49399183426302073 ) ) ;
#3948 = CARTESIAN_POINT ( 'NONE',  ( 49.58005470913413859, 96.97051065983893636, 40.92961328274396493 ) ) ;
#3949 = ORIENTED_EDGE ( 'NONE', *, *, #2508, .F. ) ;
#3950 = VERTEX_POINT ( 'NONE', #1497 ) ;
#3951 = CARTESIAN_POINT ( 'NONE',  ( -50.17042213900460013, 140.4589426390626272, -40.33924585287351761 ) ) ;
#3952 = DIRECTION ( 'NONE',  ( -0.7071067811865474617, 0.000000000000000000, 0.7071067811865474617 ) ) ;
#3953 = CARTESIAN_POINT ( 'NONE',  ( 37.19206485551652719, 171.3537213827943901, 28.56886579483240496 ) ) ;
#3954 = CARTESIAN_POINT ( 'NONE',  ( 50.58970023380037162, 130.9941881811295445, 39.91996775807773901 ) ) ;
#3955 = CARTESIAN_POINT ( 'NONE',  ( -45.46696603029500494, 52.00000000000000000, 45.04270196158308437 ) ) ;
#3956 = CARTESIAN_POINT ( 'NONE',  ( 33.26194495473987445, 37.17140469785623225, 32.49898569560906481 ) ) ;
#3957 = VERTEX_POINT ( 'NONE', #905 ) ;
#3958 = DIRECTION ( 'NONE',  ( -0.7071067811865474617, 0.000000000000000000, 0.7071067811865474617 ) ) ;
#3959 = CARTESIAN_POINT ( 'NONE',  ( -47.72506399400256782, 155.3921848145514844, 42.78460399787552149 ) ) ;
#3960 = DIRECTION ( 'NONE',  ( 0.000000000000000000, 0.000000000000000000, 1.000000000000000000 ) ) ;
#3961 = CARTESIAN_POINT ( 'NONE',  ( 34.68057595339049470, 175.3233815820528321, -31.08035469695841968 ) ) ;
#3962 = CARTESIAN_POINT ( 'NONE',  ( 25.10761244709872031, 153.6225640485288011, -40.65331820325020118 ) ) ;
#3963 = CARTESIAN_POINT ( 'NONE',  ( -49.05663547162954075, 89.40149471062305508, 41.45303252024855567 ) ) ;
#3964 = DATE_AND_TIME ( #5582, #6354 ) ;
#3965 = DIRECTION ( 'NONE',  ( -0.000000000000000000, 1.000000000000000000, -0.000000000000000000 ) ) ;
#3966 = ORIENTED_EDGE ( 'NONE', *, *, #5386, .T. ) ;
#3967 = CARTESIAN_POINT ( 'NONE',  ( 36.46736499287372624, 173.1609393494194080, -29.29356565747519880 ) ) ;
#3968 = CARTESIAN_POINT ( 'NONE',  ( 45.57187448734442370, 52.88466077438589963, -44.93779350453366561 ) ) ;
#3969 = CARTESIAN_POINT ( 'NONE',  ( 32.67640373118162955, 42.63100733527210906, 33.08452691916733812 ) ) ;
#3970 = CARTESIAN_POINT ( 'NONE',  ( 0.000000000000000000, 2.000000000000000000, -0.4000000000000000222 ) ) ;
#3971 = EDGE_CURVE ( 'NONE', #954, #4676, #1419, .T. ) ;
#3972 = EDGE_LOOP ( 'NONE', ( #6957, #1806 ) ) ;
#3973 = CARTESIAN_POINT ( 'NONE',  ( 33.59269824446734987, 39.48056780803440091, 32.16823240588158939 ) ) ;
#3974 = CARTESIAN_POINT ( 'NONE',  ( -26.62135493071119541, 118.1757342628917087, -42.32413524936814753 ) ) ;
#3975 = FACE_BOUND ( 'NONE', #3602, .T. ) ;
#3976 = CARTESIAN_POINT ( 'NONE',  ( 33.09259735953042281, 36.00000000000000000, -32.66833329081849513 ) ) ;
#3977 = DIRECTION ( 'NONE',  ( -0.000000000000000000, 1.000000000000000000, -0.000000000000000000 ) ) ;
#3978 = CARTESIAN_POINT ( 'NONE',  ( -45.46696603029500494, 52.00000000000000000, 45.04270196158308437 ) ) ;
#3979 = CARTESIAN_POINT ( 'NONE',  ( -44.20390395962769503, 59.33385514974001751, -46.30576403225040849 ) ) ;
#3980 = CARTESIAN_POINT ( 'NONE',  ( 47.31597781508198608, 69.12979561808754170, -43.19369017679610323 ) ) ;
#3981 = CARTESIAN_POINT ( 'NONE',  ( -33.09259735953043702, 36.00000000000000000, -32.66833329081850223 ) ) ;
#3982 = CARTESIAN_POINT ( 'NONE',  ( 45.46696603029501915, 52.00000000000000000, 45.04270196158309147 ) ) ;
#3983 = CARTESIAN_POINT ( 'NONE',  ( -41.38727259838148598, 126.6764942988443892, 24.37365805196743196 ) ) ;
#3984 = CARTESIAN_POINT ( 'NONE',  ( -28.04587946176250313, 73.51205704305240829, -37.71505118858642902 ) ) ;
#3985 = CARTESIAN_POINT ( 'NONE',  ( 41.36857510098818125, 141.0186408901463153, 24.39235554936074735 ) ) ;
#3986 = CARTESIAN_POINT ( 'NONE',  ( 38.24827850845271371, 170.1219111502304315, -32.20423504670710457 ) ) ;
#3987 = VERTEX_POINT ( 'NONE', #3161 ) ;
#3988 = ORIENTED_EDGE ( 'NONE', *, *, #4999, .F. ) ;
#3989 = DIRECTION ( 'NONE',  ( 1.000000000000000000, 0.000000000000000000, 0.000000000000000000 ) ) ;
#3990 = CARTESIAN_POINT ( 'NONE',  ( -40.57183789878039448, 143.4569695494772930, -49.93783009309771614 ) ) ;
#3991 = FACE_OUTER_BOUND ( 'NONE', #295, .T. ) ;
#3992 = DIRECTION ( 'NONE',  ( -1.000000000000000000, 0.000000000000000000, 0.000000000000000000 ) ) ;
#3993 = CARTESIAN_POINT ( 'NONE',  ( -47.88935570772442674, 75.23276251545790672, 42.62031228415365547 ) ) ;
#3994 = VECTOR ( 'NONE', #3486, 1000.000000000000114 ) ;
#3995 = EDGE_CURVE ( 'NONE', #4841, #5686, #2382, .T. ) ;
#3996 = CARTESIAN_POINT ( 'NONE',  ( 38.90225724876551539, 85.63114929373708151, 26.85867340158342742 ) ) ;
#3997 = CARTESIAN_POINT ( 'NONE',  ( 46.99563705851122108, 212.8398454935629616, 0.6449407921122869425 ) ) ;
#3998 = LINE ( 'NONE', #1270, #3994 ) ;
#3999 = VECTOR ( 'NONE', #2641, 1000.000000000000114 ) ;
#4000 = CARTESIAN_POINT ( 'NONE',  ( 42.32202566649796438, 78.60787726850114154, -48.18764232538012493 ) ) ;
#4001 = CARTESIAN_POINT ( 'NONE',  ( 45.25483399593903755, 158.6226686892998146, -45.25483399593904466 ) ) ;
#4002 = CARTESIAN_POINT ( 'NONE',  ( -29.29356565747519170, 173.1609393494194080, 36.46736499287372624 ) ) ;
#4003 = CARTESIAN_POINT ( 'NONE',  ( 26.39603316579739456, 141.0908456006017673, 42.46477052410290298 ) ) ;
#4004 = ORIENTED_EDGE ( 'NONE', *, *, #1482, .T. ) ;
#4005 = CARTESIAN_POINT ( 'NONE',  ( 50.59218501756917163, 120.2343318316846421, 39.91748297430894610 ) ) ;
#4006 = CARTESIAN_POINT ( 'NONE',  ( 48.91202582514208075, 150.5005888525397495, -41.59764216673601567 ) ) ;
#4007 = EDGE_CURVE ( 'NONE', #5026, #7093, #3022, .T. ) ;
#4008 = CARTESIAN_POINT ( 'NONE',  ( -34.61057804017211481, 46.00849753284931154, 31.45444816953540368 ) ) ;
#4009 = VERTEX_POINT ( 'NONE', #5879 ) ;
#4010 = CARTESIAN_POINT ( 'NONE',  ( -26.22901137448825182, 133.4434379767801602, -42.56805623992440246 ) ) ;
#4011 = CARTESIAN_POINT ( 'NONE',  ( 47.00000000000000000, 251.9412599742291832, -3.265112851063870281 ) ) ;
#4012 = CARTESIAN_POINT ( 'NONE',  ( -46.99104037128101652, 212.5292492343677395, -0.9172490628406658741 ) ) ;
#4013 = CARTESIAN_POINT ( 'NONE',  ( -24.69734275216253749, 116.6762642137271371, -41.06358789818640531 ) ) ;
#4014 = FACE_OUTER_BOUND ( 'NONE', #1260, .T. ) ;
#4015 = CARTESIAN_POINT ( 'NONE',  ( -31.68079727559472403, 43.01938849801636877, 34.08013337475419746 ) ) ;
#4016 = ADVANCED_FACE ( 'NONE', ( #4734 ), #355, .T. ) ;
#4017 = CARTESIAN_POINT ( 'NONE',  ( 48.15397179880387313, 94.50000000000000000, -42.35569619307420908 ) ) ;
#4018 = CARTESIAN_POINT ( 'NONE',  ( 45.25483399593903755, 158.6226686892998146, -45.25483399593904466 ) ) ;
#4019 = CARTESIAN_POINT ( 'NONE',  ( -31.72710345030726842, 169.3695786487736257, 38.64485246353921610 ) ) ;
#4020 = EDGE_CURVE ( 'NONE', #6663, #7043, #4768, .T. ) ;
#4021 = CARTESIAN_POINT ( 'NONE',  ( 49.05663547162955496, 89.40149471062302666, 41.45303252024855567 ) ) ;
#4022 = CARTESIAN_POINT ( 'NONE',  ( -33.17716150233881223, 36.58494384897174712, -32.58376914801012703 ) ) ;
#4023 = CARTESIAN_POINT ( 'NONE',  ( -35.77960312803930520, 145.5000000000000000, 29.98132752230961984 ) ) ;
#4024 = CARTESIAN_POINT ( 'NONE',  ( 32.88046532517448384, 176.5866740378391739, 32.88046532517445542 ) ) ;
#4025 = CARTESIAN_POINT ( 'NONE',  ( 36.74262150298380902, 171.8815705400486422, -33.91249852952660859 ) ) ;
#4026 = EDGE_CURVE ( 'NONE', #2481, #736, #5906, .T. ) ;
#4027 = ORIENTED_EDGE ( 'NONE', *, *, #586, .F. ) ;
#4028 = ORIENTED_EDGE ( 'NONE', *, *, #5285, .T. ) ;
#4029 = FACE_OUTER_BOUND ( 'NONE', #4977, .T. ) ;
#4030 = CARTESIAN_POINT ( 'NONE',  ( -40.28617701406469109, 108.7025900201346644, -50.22349097781342664 ) ) ;
#4031 = CARTESIAN_POINT ( 'NONE',  ( 34.30797173411200163, 175.2150490470389741, 32.12638060451842392 ) ) ;
#4032 = CARTESIAN_POINT ( 'NONE',  ( -46.99716202619870842, 211.0823562961279833, -0.5286045823416880562 ) ) ;
#4033 = CARTESIAN_POINT ( 'NONE',  ( -35.63270687126059499, 54.97802726448587407, 30.12822377908832294 ) ) ;
#4034 = CARTESIAN_POINT ( 'NONE',  ( 48.18764232538012493, 78.60787726850115575, 42.32202566649797859 ) ) ;
#4035 = CARTESIAN_POINT ( 'NONE',  ( 49.58005470913413859, 96.97051065983893636, 40.92961328274396493 ) ) ;
#4036 = ADVANCED_FACE ( 'NONE', ( #4807, #2618 ), #7008, .F. ) ;
#4037 = CARTESIAN_POINT ( 'NONE',  ( -32.88046532517445542, 94.50000000000000000, -32.88046532517449805 ) ) ;
#4038 = CARTESIAN_POINT ( 'NONE',  ( 33.83408293086012719, 41.21309918220622848, 31.92684771948880851 ) ) ;
#4039 = CARTESIAN_POINT ( 'NONE',  ( 41.00000000000000000, 320.0000000000000000, -18.00000000000000000 ) ) ;
#4040 = CARTESIAN_POINT ( 'NONE',  ( 32.88046532517446963, 176.5866740378391455, -32.88046532517444120 ) ) ;
#4041 = CARTESIAN_POINT ( 'NONE',  ( 37.00988115598539707, 66.80701258836774059, -28.75104949436352086 ) ) ;
#4042 = CARTESIAN_POINT ( 'NONE',  ( -45.92619372941035749, 55.93620152028918824, 44.58347426246772471 ) ) ;
#4043 = CARTESIAN_POINT ( 'NONE',  ( 26.52044225623127005, 143.6402985707824485, 42.38768592517899236 ) ) ;
#4044 = ORIENTED_EDGE ( 'NONE', *, *, #5861, .F. ) ;
#4045 = CARTESIAN_POINT ( 'NONE',  ( 48.76789381400745782, 85.62404022679615423, -41.74177417787063149 ) ) ;
#4046 = CARTESIAN_POINT ( 'NONE',  ( 29.67952824767895237, 58.70654625247946967, 36.08140240266998688 ) ) ;
#4047 = CARTESIAN_POINT ( 'NONE',  ( -108.0000000000000000, 189.9390740440268814, -0.3429151594667018688 ) ) ;
#4048 = CARTESIAN_POINT ( 'NONE',  ( -45.25483399593905176, 158.6226686892998146, -45.25483399593905176 ) ) ;
#4049 = CARTESIAN_POINT ( 'NONE',  ( -31.31115607658012223, 168.5790100065977413, -38.98253048540072996 ) ) ;
#4050 = CARTESIAN_POINT ( 'NONE',  ( 47.00000000000000711, 206.7281651688462318, -2.920414631902332303 ) ) ;
#4051 = CARTESIAN_POINT ( 'NONE',  ( 41.00000000000000000, 320.0000000000000000, -21.00000000000000000 ) ) ;
#4052 = CARTESIAN_POINT ( 'NONE',  ( -36.73995031797399946, 172.3557253146922505, 29.31272387618468400 ) ) ;
#4053 = CARTESIAN_POINT ( 'NONE',  ( -49.96090536811139060, 262.7778989261992706, -1.977104866078158718 ) ) ;
#4054 = CARTESIAN_POINT ( 'NONE',  ( 44.73292201045924799, 54.62836855260160718, 45.77674598141886264 ) ) ;
#4055 = CARTESIAN_POINT ( 'NONE',  ( -37.00988115598539707, 66.80701258836775480, 28.75104949436351731 ) ) ;
#4056 = AXIS2_PLACEMENT_3D ( 'NONE', #2712, #6043, #1033 ) ;
#4057 = CARTESIAN_POINT ( 'NONE',  ( 49.58005470913413859, 96.97051065983893636, -40.92961328274395783 ) ) ;
#4058 = CARTESIAN_POINT ( 'NONE',  ( -32.19888822755601154, 170.1142467439850918, 38.25277611541469014 ) ) ;
#4059 = CARTESIAN_POINT ( 'NONE',  ( 50.38968031787179314, 112.7299032302373263, 40.11998767400631749 ) ) ;
#4060 = AXIS2_PLACEMENT_3D ( 'NONE', #4673, #694, #2994 ) ;
#4061 = CARTESIAN_POINT ( 'NONE',  ( -48.76789381400746493, 85.62404022679615423, -41.74177417787065281 ) ) ;
#4062 = CARTESIAN_POINT ( 'NONE',  ( 52.39661248592316412, 145.5000000000000000, -46.59833688019350006 ) ) ;
#4063 = CARTESIAN_POINT ( 'NONE',  ( 27.72384869572452715, 155.3918562704960493, -41.61076682822088912 ) ) ;
#4064 = ADVANCED_FACE ( 'NONE', ( #3061 ), #7040, .F. ) ;
#4065 = ORIENTED_EDGE ( 'NONE', *, *, #6350, .F. ) ;
#4066 = VECTOR ( 'NONE', #5329, 1000.000000000000114 ) ;
#4067 = EDGE_LOOP ( 'NONE', ( #485, #5968 ) ) ;
#4068 = CARTESIAN_POINT ( 'NONE',  ( -33.08452668010874476, 42.63100731622667183, -32.67640397024020871 ) ) ;
#4069 = CARTESIAN_POINT ( 'NONE',  ( -40.11998767400632460, 112.7299032302373263, -50.38968031787179314 ) ) ;
#4070 = EDGE_CURVE ( 'NONE', #7116, #170, #5671, .T. ) ;
#4071 = CARTESIAN_POINT ( 'NONE',  ( -47.00000000000000000, 206.7281651688462318, -2.920414631902332303 ) ) ;
#4072 = CARTESIAN_POINT ( 'NONE',  ( -46.99563705851122108, 211.1601545064369532, -0.6449407921122869425 ) ) ;
#4073 = CARTESIAN_POINT ( 'NONE',  ( 50.00004631882679007, 267.6458643458765323, 0.01435840943101407419 ) ) ;
#4074 = CARTESIAN_POINT ( 'NONE',  ( -40.41035066590497848, 340.0000000000000000, -24.00000000000000000 ) ) ;
#4075 = CARTESIAN_POINT ( 'NONE',  ( 50.00000000000000000, 335.0000000000000000, 3.000000000000000000 ) ) ;
#4076 = CARTESIAN_POINT ( 'NONE',  ( 42.36324379412030794, 153.8348667856812142, -48.14642419775778848 ) ) ;
#4077 = CARTESIAN_POINT ( 'NONE',  ( 42.36324379412030794, 153.8348667856812142, -48.14642419775778848 ) ) ;
#4078 = CARTESIAN_POINT ( 'NONE',  ( -41.06358789818639821, 116.6762642137271797, -24.69734275216253749 ) ) ;
#4079 = DIRECTION ( 'NONE',  ( -0.000000000000000000, -0.000000000000000000, 1.000000000000000000 ) ) ;
#4080 = EDGE_LOOP ( 'NONE', ( #6879, #3167, #1527, #4474 ) ) ;
#4081 = CARTESIAN_POINT ( 'NONE',  ( 40.33924585287350340, 140.4589426390626272, -50.17042213900458592 ) ) ;
#4082 = CARTESIAN_POINT ( 'NONE',  ( -41.38727259838149308, 126.6764942988443892, -24.37365805196743551 ) ) ;
#4083 = ORIENTED_EDGE ( 'NONE', *, *, #1838, .F. ) ;
#4084 = CARTESIAN_POINT ( 'NONE',  ( -31.68079727559472403, 43.01938849801636877, 34.08013337475419746 ) ) ;
#4085 = B_SPLINE_CURVE_WITH_KNOTS ( 'NONE', 3,
 ( #4643, #5680, #2819, #157 ),
 .UNSPECIFIED., .F., .F.,
 ( 4, 4 ),
 ( 0.000000000000000000, 0.0003044949188649981840 ),
 .UNSPECIFIED. ) ;
#4086 = CARTESIAN_POINT ( 'NONE',  ( 108.0000000000000000, 211.2349972917179741, -1.554547180778681925 ) ) ;
#4087 = DIRECTION ( 'NONE',  ( -0.000000000000000000, 1.000000000000000000, -0.000000000000000000 ) ) ;
#4088 = DIRECTION ( 'NONE',  ( -0.7071067811865474617, 0.000000000000000000, 0.7071067811865474617 ) ) ;
#4089 = CARTESIAN_POINT ( 'NONE',  ( -49.94150756741053954, 197.0186931271288984, -2.425855286172906133 ) ) ;
#4090 = CARTESIAN_POINT ( 'NONE',  ( -44.99031566266480553, 52.44175755770029212, -45.51935232921329799 ) ) ;
#4091 = LINE ( 'NONE', #1318, #1617 ) ;
#4092 = CARTESIAN_POINT ( 'NONE',  ( -32.36658742415821877, 170.3459842883385704, 38.11112295582145748 ) ) ;
#4093 = CARTESIAN_POINT ( 'NONE',  ( 38.90225724876551539, 85.63114929373708151, 26.85867340158342742 ) ) ;
#4094 = CARTESIAN_POINT ( 'NONE',  ( 24.69734275216253394, 116.6762642137271797, 41.06358789818640531 ) ) ;
#4095 = CARTESIAN_POINT ( 'NONE',  ( -49.05663547162954075, 89.40149471062305508, 41.45303252024855567 ) ) ;
#4096 = DIRECTION ( 'NONE',  ( 0.000000000000000000, 0.000000000000000000, 1.000000000000000000 ) ) ;
#4097 = CARTESIAN_POINT ( 'NONE',  ( 28.15541547932470223, 157.8790455269185031, -41.31997436740005725 ) ) ;
#4098 = EDGE_LOOP ( 'NONE', ( #6794, #4566, #4528 ) ) ;
#4099 = VERTEX_POINT ( 'NONE', #4878 ) ;
#4100 = DIRECTION ( 'NONE',  ( -0.000000000000000000, -1.000000000000000000, -0.000000000000000000 ) ) ;
#4101 = CARTESIAN_POINT ( 'NONE',  ( -43.97682058470661559, 61.44371818057052792, -46.53284740717148082 ) ) ;
#4102 = B_SPLINE_SURFACE_WITH_KNOTS ( 'NONE', 3, 1, ( 
 ( #3428, #3537 ),
 ( #2411, #4624 ),
 ( #1350, #1243 ),
 ( #5774, #5239 ),
 ( #1935, #1826 ),
 ( #6292, #3017 ),
 ( #722, #1280 ),
 ( #1866, #4123 ),
 ( #4156, #6328 ),
 ( #3570, #6796 ),
 ( #2948, #2910 ),
 ( #6360, #5135 ),
 ( #5700, #5171 ),
 ( #4050, #1791 ),
 ( #649, #796 ),
 ( #2378, #177 ),
 ( #5629, #3498 ),
 ( #6866, #2338 ),
 ( #6833, #4086 ),
 ( #139, #2874 ),
 ( #1314, #5100 ),
 ( #4011, #5741 ),
 ( #6902, #103 ),
 ( #759, #2984 ),
 ( #5202, #5667 ),
 ( #246, #4551 ),
 ( #2484, #6215 ),
 ( #6760, #211 ),
 ( #4698, #2447 ),
 ( #3462, #4588 ),
 ( #686, #6253 ),
 ( #4663, #1900 ),
 ( #4295, #5874 ),
 ( #4801, #3127 ),
 ( #868, #6935 ),
 ( #5337, #2001 ),
 ( #1972, #4873 ),
 ( #6501, #2650 ),
 ( #3677, #5909 ),
 ( #4221, #2549 ),
 ( #350, #4763 ),
 ( #1458, #7004 ),
 ( #2037, #4833 ),
 ( #2583, #385 ),
 ( #4329, #966 ),
 ( #5806, #7073 ),
 ( #5273, #4256 ),
 ( #2068, #4191 ),
 ( #3644, #6463 ),
 ( #3747, #5941 ),
 ( #6969, #2102 ),
 ( #1530, #3194 ),
 ( #5403, #1492 ),
 ( #283, #900 ),
 ( #3713, #417 ),
 ( #1386, #3094 ),
 ( #6433, #934 ) ),
 .UNSPECIFIED., .F., .F., .F.,
 ( 4, 1, 1, 1, 1, 1, 1, 1, 1, 1, 1, 1, 1, 1, 1, 1, 1, 1, 1, 1, 1, 1, 1, 1, 1, 1, 1, 1, 1, 1, 1, 1, 1, 1, 1, 1, 1, 1, 1, 1, 1, 1, 1, 1, 1, 1, 1, 1, 1, 1, 1, 1, 1, 1, 4 ),
 ( 2, 2 ),
 ( 0.000000000000000000, 0.006232979306320806864, 0.006248147982836442342, 0.02461339579161693492, 0.02467609858717131205, 0.05420483296167832865, 0.05435197753588578984, 0.09350669060714099368, 0.09377882000134744878, 0.1405342250060607479, 0.1409721304143803644, 0.1929186024039734881, 0.1935597343171894802, 0.2480252474747844382, 0.2489004274716022647, 0.3030897219878512239, 0.3042184005887503262, 0.3553669908744937489, 0.3567479986205571718, 0.4022832416398304245, 0.4038798534581819477, 0.4415771578883115334, 0.4432982519744572136, 0.4714347921258625895, 0.4731089029005272062, 0.4907041958757833999, 0.4920027407873517333, 0.4999999999999999445, 0.5079972592126481556, 0.5092958041242166001, 0.5268910970994726828, 0.5285652078741374105, 0.5567017480255426198, 0.5584228421116885777, 0.5961201465418179968, 0.5977167583601695755, 0.6432520013794427172, 0.6446330091255062511, 0.6957815994112496183, 0.6969102780121487761, 0.7510995725283975410, 0.7519747525252156173, 0.8064402656828103533, 0.8070813975960264841, 0.8590278695856196078, 0.8594657749939392799, 0.9062211799986524818, 0.9064933093928589924, 0.9456480224641141685, 0.9457951670383216713, 0.9753239014128286533, 0.9753866042083830790, 0.9937518520171635394, 0.9937670206936791706, 1.000000000000000000 ),
 ( 0.000000000000000000, 1.000000000000000000 ),
 .UNSPECIFIED. ) ;
#4103 = CARTESIAN_POINT ( 'NONE',  ( -47.00000000000000000, 234.8814313122934436, -3.596535438769842052 ) ) ;
#4104 = CARTESIAN_POINT ( 'NONE',  ( -39.86548770796168384, 124.0985968565961883, 50.64418028391641258 ) ) ;
#4105 = CARTESIAN_POINT ( 'NONE',  ( 49.99870942634268545, 267.4651755875580648, -0.3634636597862637708 ) ) ;
#4106 = VECTOR ( 'NONE', #2322, 1000.000000000000114 ) ;
#4107 = CARTESIAN_POINT ( 'NONE',  ( 46.98823194100207701, 212.0000000000000000, 1.050000000000000044 ) ) ;
#4108 = ADVANCED_FACE ( 'NONE', ( #7148, #497 ), #2177, .F. ) ;
#4109 = FACE_OUTER_BOUND ( 'NONE', #5952, .T. ) ;
#4110 = CARTESIAN_POINT ( 'NONE',  ( 50.17042213900457881, 140.4589426390626556, -40.33924585287350340 ) ) ;
#4111 = ADVANCED_FACE ( 'NONE', ( #4915 ), #4926, .T. ) ;
#4112 = CARTESIAN_POINT ( 'NONE',  ( 35.45918685583339425, 52.00000000000000000, 30.80394296248341846 ) ) ;
#4113 = CARTESIAN_POINT ( 'NONE',  ( -41.46658174736685964, 131.8280114082709815, -24.29434890298207961 ) ) ;
#4114 = CARTESIAN_POINT ( 'NONE',  ( 39.54399360121718132, 166.9004939135874110, 30.59992134143708853 ) ) ;
#4115 = ORIENTED_EDGE ( 'NONE', *, *, #6720, .F. ) ;
#4116 = CARTESIAN_POINT ( 'NONE',  ( 40.10103315935766233, 137.5203383235722470, 50.40863483252044830 ) ) ;
#4117 = AXIS2_PLACEMENT_3D ( 'NONE', #4765, #6971, #2003 ) ;
#4118 = B_SPLINE_CURVE_WITH_KNOTS ( 'NONE', 3,
 ( #6192, #1805, #44, #6773, #3400, #4601, #5602, #3439, #1766, #2270, #5527, #6077, #2233, #550, #4, #4527, #6699, #3366, #2848, #4452, #6662, #6228, #1217, #1256, #1691, #3904, #5568, #2350, #4490, #4562, #5072, #590, #6737, #3986, #2815, #5641, #659, #5112, #115, #4025, #5752, #1326, #2995, #6303, #5214, #5856, #4202, #221, #4638, #879, #189, #2424, #6807, #1912, #2528, #735, #2460, #3029, #3070, #5715, #5786, #1876, #810, #2496, #2562, #3106, #6949, #4674, #4097, #4063, #6339, #3548, #6268, #6877, #772, #1434, #1293, #5251, #3512, #4134, #2960, #1361, #3581, #256, #6844, #5182, #843, #4742, #4709, #5315, #6912, #1947 ),
 .UNSPECIFIED., .F., .F.,
 ( 4, 2, 2, 2, 2, 2, 2, 2, 2, 2, 2, 2, 2, 2, 2, 2, 2, 2, 2, 2, 2, 2, 2, 2, 2, 2, 2, 2, 2, 2, 2, 2, 2, 2, 2, 2, 2, 2, 2, 2, 2, 2, 2, 2, 2, 4 ),
 ( 1.387778780781445676E-17, 0.01529258496823308715, 0.03058516993646616042, 0.04587775490469923195, 0.06117033987293230696, 0.06881663235704882364, 0.07646292484116533339, 0.08410921732528184314, 0.09175550980939833901, 0.09940180229351484875, 0.1070480947776313585, 0.1089596678986605588, 0.1108712410196897452, 0.1127828141407189316, 0.1146943872617481180, 0.1156501738222627113, 0.1166059603827773045, 0.1175617469432918977, 0.1185175335038065048, 0.1194733200643210980, 0.1204291066248356912, 0.1213848931853502844, 0.1218627864656075671, 0.1223406797458648498, 0.1232964663063793737, 0.1242522528668939252, 0.1252080394274084352, 0.1261638259879230284, 0.1271196125484375106, 0.1280753991089521038, 0.1299869722299811237, 0.1318985453510101991, 0.1338101184720392745, 0.1376332647140974252, 0.1414564109561556315, 0.1452795571982138378, 0.1491027034402719886, 0.1529258496823301949, 0.1605721421664464965, 0.1682184346505628536, 0.1758647271346791552, 0.1835110196187954568, 0.1988036045870280599, 0.2140961895552606076, 0.2293887745234932107, 0.2446813594917257584 ),
 .UNSPECIFIED. ) ;
#4119 = CARTESIAN_POINT ( 'NONE',  ( 33.08728224766537807, 42.63130800235454387, 32.67364840268358250 ) ) ;
#4120 = CARTESIAN_POINT ( 'NONE',  ( -38.56258473745505455, 166.8763353538258514, -27.19834591289388470 ) ) ;
#4121 = ORIENTED_EDGE ( 'NONE', *, *, #3038, .F. ) ;
#4122 = CARTESIAN_POINT ( 'NONE',  ( -37.57616459432502154, 54.99999999999999289, -32.98532786528268446 ) ) ;
#4123 = CARTESIAN_POINT ( 'NONE',  ( 108.0000000000000142, 192.6091567009483185, -0.5838041569574790035 ) ) ;
#4124 = CARTESIAN_POINT ( 'NONE',  ( -43.41654570485090403, 320.0000000000000000, -18.00000000000000000 ) ) ;
#4125 = CARTESIAN_POINT ( 'NONE',  ( -31.30679872303093703, 45.76678388290326893, -34.45413192731800223 ) ) ;
#4126 = CARTESIAN_POINT ( 'NONE',  ( -49.99290417736661851, 266.7832322974787189, 0.8553904657148883039 ) ) ;
#4127 = CARTESIAN_POINT ( 'NONE',  ( 0.000000000000000000, 94.50000000000000000, 0.000000000000000000 ) ) ;
#4128 = CARTESIAN_POINT ( 'NONE',  ( 40.65331820325018697, 153.6225640485287443, -25.10761244709872742 ) ) ;
#4129 = CARTESIAN_POINT ( 'NONE',  ( -43.19369017679609613, 69.12979561808754170, 47.31597781508198608 ) ) ;
#4130 = CARTESIAN_POINT ( 'NONE',  ( -36.12624812830141252, 172.2436984526307810, 34.56857423804989082 ) ) ;
#4131 = CARTESIAN_POINT ( 'NONE',  ( 26.00954371031358292, 95.69680212022358035, 39.75138694003535278 ) ) ;
#4132 = CARTESIAN_POINT ( 'NONE',  ( -45.46696603029501915, 52.00000000000000000, -45.04270196158309147 ) ) ;
#4133 = CARTESIAN_POINT ( 'NONE',  ( -29.98132752230963405, 176.0000000000000000, -35.77960312803931231 ) ) ;
#4134 = CARTESIAN_POINT ( 'NONE',  ( 26.27698492125291096, 127.7342765327421859, -42.53846368260457211 ) ) ;
#4135 = VERTEX_POINT ( 'NONE', #652 ) ;
#4136 = CARTESIAN_POINT ( 'NONE',  ( -41.06358789818639821, 116.6762642137271797, -24.69734275216253749 ) ) ;
#4137 = CARTESIAN_POINT ( 'NONE',  ( -30.94645188787811207, 48.51213425699022963, -34.81447876247082718 ) ) ;
#4138 = CARTESIAN_POINT ( 'NONE',  ( -108.0000000000000000, 206.2805933915486776, -1.450619313817413270 ) ) ;
#4139 = CARTESIAN_POINT ( 'NONE',  ( -28.75104949436351376, 66.80701258836774059, 37.00988115598539707 ) ) ;
#4140 = CARTESIAN_POINT ( 'NONE',  ( 49.87842946264899524, 232.7110218055726989, 3.484577005828010332 ) ) ;
#4141 = CARTESIAN_POINT ( 'NONE',  ( 40.01567615761508989, 134.5090890707682831, 50.49399183426302073 ) ) ;
#4142 = ORIENTED_EDGE ( 'NONE', *, *, #3971, .T. ) ;
#4143 = CARTESIAN_POINT ( 'NONE',  ( -29.59757854400859500, 59.45114242251204217, 36.16335210634031938 ) ) ;
#4144 = CARTESIAN_POINT ( 'NONE',  ( 50.59218501756917163, 120.2343318316846421, 39.91748297430894610 ) ) ;
#4145 = CARTESIAN_POINT ( 'NONE',  ( 0.000000000000000000, 2.000000000000000000, -0.4000000000000000222 ) ) ;
#4146 = CARTESIAN_POINT ( 'NONE',  ( 33.17716150233879802, 36.58494384897175422, -32.58376914801011992 ) ) ;
#4147 = CARTESIAN_POINT ( 'NONE',  ( 38.51940243239570805, 169.6266751731259603, 31.87944353149586973 ) ) ;
#4148 = CARTESIAN_POINT ( 'NONE',  ( 45.50000000000000000, 58.00000000000000000, -18.00000000000000000 ) ) ;
#4149 = CARTESIAN_POINT ( 'NONE',  ( -108.0000000000000000, 222.0000000000000000, 0.000000000000000000 ) ) ;
#4150 = EDGE_CURVE ( 'NONE', #6644, #6439, #1727, .T. ) ;
#4151 = CARTESIAN_POINT ( 'NONE',  ( 49.05663547162955496, 89.40149471062302666, 41.45303252024855567 ) ) ;
#4152 = CARTESIAN_POINT ( 'NONE',  ( -108.0000000000000000, 220.1113353915708615, 0.9303783449379624537 ) ) ;
#4153 = EDGE_LOOP ( 'NONE', ( #6375, #1455, #2998, #6738 ) ) ;
#4154 = CARTESIAN_POINT ( 'NONE',  ( 29.13063671876274796, 172.0413855346519370, 36.88427203083084294 ) ) ;
#4155 = CARTESIAN_POINT ( 'NONE',  ( -40.53643829274030708, 162.7673015036402546, -29.27444961139963198 ) ) ;
#4156 = CARTESIAN_POINT ( 'NONE',  ( 47.00000000000000000, 177.7845559105077200, -1.453014774495211991 ) ) ;
#4157 = CARTESIAN_POINT ( 'NONE',  ( -24.29434890298206540, 131.8280114082709815, 41.46658174736685254 ) ) ;
#4158 = EDGE_CURVE ( 'NONE', #2673, #6899, #7120, .T. ) ;
#4159 = CARTESIAN_POINT ( 'NONE',  ( -30.91401160882595178, 48.76015655922633130, -34.84691904152298036 ) ) ;
#4160 = CARTESIAN_POINT ( 'NONE',  ( -49.99939933985900353, 161.3767734674762551, 0.2450829519018704605 ) ) ;
#4161 = CARTESIAN_POINT ( 'NONE',  ( -38.51580684761769646, 169.6337938413776669, 31.88379191189048711 ) ) ;
#4162 = CARTESIAN_POINT ( 'NONE',  ( 42.62031228415365547, 75.23276251545790672, 47.88935570772444095 ) ) ;
#4163 = CARTESIAN_POINT ( 'NONE',  ( -37.00988115598540418, 66.80701258836775480, -28.75104949436352442 ) ) ;
#4164 = FACE_OUTER_BOUND ( 'NONE', #4478, .T. ) ;
#4165 = CARTESIAN_POINT ( 'NONE',  ( -33.09259735953043702, 35.99999999999999289, -32.66833329081850223 ) ) ;
#4166 = ADVANCED_FACE ( 'NONE', ( #5730 ), #6960, .F. ) ;
#4167 = AXIS2_PLACEMENT_3D ( 'NONE', #3663, #6517, #5422 ) ;
#4168 = VERTEX_POINT ( 'NONE', #4246 ) ;
#4169 = EDGE_LOOP ( 'NONE', ( #1605, #7138, #2236, #6269 ) ) ;
#4170 = CARTESIAN_POINT ( 'NONE',  ( -41.36857510098818835, 141.0186408901463437, -24.39235554936074735 ) ) ;
#4171 = PLANE ( 'NONE',  #1780 ) ;
#4172 = CARTESIAN_POINT ( 'NONE',  ( -107.9999999999999858, 217.4653392061624118, 1.334084237489149505 ) ) ;
#4173 = CARTESIAN_POINT ( 'NONE',  ( -31.92684771948879785, 41.21309918220622848, 33.83408293086011298 ) ) ;
#4174 = B_SPLINE_CURVE_WITH_KNOTS ( 'NONE', 3,
 ( #3615, #3201, #3133, #3685 ),
 .UNSPECIFIED., .F., .F.,
 ( 4, 4 ),
 ( 9.185848120258996993E-17, 0.009128091185160945240 ),
 .UNSPECIFIED. ) ;
#4175 = CARTESIAN_POINT ( 'NONE',  ( 49.92988842028132268, 257.2329377324546158, 2.650281566327777227 ) ) ;
#4176 = VECTOR ( 'NONE', #655, 1000.000000000000114 ) ;
#4177 = CARTESIAN_POINT ( 'NONE',  ( 40.33924585287351761, 140.4589426390626556, 50.17042213900459302 ) ) ;
#4178 = CARTESIAN_POINT ( 'NONE',  ( 43.47092483188746570, 66.31954352124841989, -47.03874315999062361 ) ) ;
#4179 = CARTESIAN_POINT ( 'NONE',  ( 33.59269824446734987, 39.48056780803440091, 32.16823240588158939 ) ) ;
#4180 = DIRECTION ( 'NONE',  ( 0.000000000000000000, 0.000000000000000000, -1.000000000000000000 ) ) ;
#4181 = AXIS2_PLACEMENT_3D ( 'NONE', #2071, #5308, #5242 ) ;
#4182 = CARTESIAN_POINT ( 'NONE',  ( 40.41035066590497848, 320.0000000000000000, -24.00000000000000000 ) ) ;
#4183 = CARTESIAN_POINT ( 'NONE',  ( 40.83938568045757478, 89.98461695144983707, 28.85455087168497457 ) ) ;
#4184 = FACE_OUTER_BOUND ( 'NONE', #4218, .T. ) ;
#4185 = CARTESIAN_POINT ( 'NONE',  ( -48.15397179880388734, 157.9999999999999716, 42.35569619307420197 ) ) ;
#4186 = CARTESIAN_POINT ( 'NONE',  ( 41.46658174736685254, 131.8280114082709815, 24.29434890298207961 ) ) ;
#4187 = EDGE_LOOP ( 'NONE', ( #2675, #1050, #6665, #2478 ) ) ;
#4188 = CARTESIAN_POINT ( 'NONE',  ( -108.0000000000000000, 201.2789572189547584, 1.216411794072249197 ) ) ;
#4189 = CARTESIAN_POINT ( 'NONE',  ( 33.50548176672008793, 175.4713705888825359, 32.96085372608881414 ) ) ;
#4190 = PLANE ( 'NONE',  #6480 ) ;
#4191 = CARTESIAN_POINT ( 'NONE',  ( 107.9999999999999858, 195.4809161837167437, 0.8176760611520635935 ) ) ;
#4192 = CARTESIAN_POINT ( 'NONE',  ( -39.86548770796168384, 124.0985968565961883, 50.64418028391641258 ) ) ;
#4193 = CARTESIAN_POINT ( 'NONE',  ( -28.79566584424674147, 171.4065011673015135, 37.14638582585612170 ) ) ;
#4194 = PLANE ( 'NONE',  #781 ) ;
#4195 = CARTESIAN_POINT ( 'NONE',  ( -26.00954371031357582, 95.69680212022356613, 39.75138694003534567 ) ) ;
#4196 = CARTESIAN_POINT ( 'NONE',  ( -26.73605438546373136, 146.6058843461927665, 42.25155410946548074 ) ) ;
#4197 = EDGE_CURVE ( 'NONE', #5983, #2597, #963, .T. ) ;
#4198 = CARTESIAN_POINT ( 'NONE',  ( -29.91528168016545308, 173.2497798333151025, -36.25127792575369767 ) ) ;
#4199 = CARTESIAN_POINT ( 'NONE',  ( 31.31356217171364520, 45.71524904810726753, 34.44736847863529050 ) ) ;
#4200 = CARTESIAN_POINT ( 'NONE',  ( -39.91996775807773901, 130.9941881811296014, -50.58970023380037162 ) ) ;
#4201 = CARTESIAN_POINT ( 'NONE',  ( 29.93853977153500878, 58.00000000000001421, -36.10435860795852392 ) ) ;
#4202 = CARTESIAN_POINT ( 'NONE',  ( 35.11778775204638237, 172.3871567451893725, -35.59165798700799854 ) ) ;
#4203 = ORIENTED_EDGE ( 'NONE', *, *, #399, .T. ) ;
#4204 = CARTESIAN_POINT ( 'NONE',  ( -38.90225724876550828, 85.63114929373708151, -26.85867340158342742 ) ) ;
#4205 = CARTESIAN_POINT ( 'NONE',  ( 46.99716309754730759, 211.0823190930017290, 0.5282718661745081645 ) ) ;
#4206 = CARTESIAN_POINT ( 'NONE',  ( -47.00000000000000000, 210.8546602966869727, -3.077860624859115379 ) ) ;
#4207 = CARTESIAN_POINT ( 'NONE',  ( -40.68351489493348083, 100.9687423887486943, 49.82615309694460848 ) ) ;
#4208 = CARTESIAN_POINT ( 'NONE',  ( 49.88575415043469263, 223.7836521779687757, 3.378619232756137514 ) ) ;
#4209 = ORIENTED_EDGE ( 'NONE', *, *, #2198, .F. ) ;
#4210 = CARTESIAN_POINT ( 'NONE',  ( 43.19369017679611034, 69.12979561808752749, 47.31597781508200029 ) ) ;
#4211 = CARTESIAN_POINT ( 'NONE',  ( 33.17716150233881223, 36.58494384897175422, 32.58376914801012703 ) ) ;
#4212 = CARTESIAN_POINT ( 'NONE',  ( 33.59269824446733566, 39.48056780803440091, -32.16823240588158228 ) ) ;
#4213 = CARTESIAN_POINT ( 'NONE',  ( 38.14896356789949294, 59.98009825480316692, 32.33280779337681565 ) ) ;
#4214 = CARTESIAN_POINT ( 'NONE',  ( -28.21356056934323675, 145.5000000000000000, 34.01183617507293633 ) ) ;
#4215 = VECTOR ( 'NONE', #25, 1000.000000000000114 ) ;
#4216 = DIRECTION ( 'NONE',  ( 0.000000000000000000, -1.000000000000000000, 0.000000000000000000 ) ) ;
#4217 = CARTESIAN_POINT ( 'NONE',  ( 50.58970023380037162, 130.9941881811295445, 39.91996775807773901 ) ) ;
#4218 = EDGE_LOOP ( 'NONE', ( #7113, #2872, #3203, #1146 ) ) ;
#4219 = CARTESIAN_POINT ( 'NONE',  ( -108.0000000000000000, 222.2167203554061246, 2.888639853034277263E-17 ) ) ;
#4220 = DIRECTION ( 'NONE',  ( -0.7071067811865474617, 0.000000000000000000, 0.7071067811865474617 ) ) ;
#4221 = CARTESIAN_POINT ( 'NONE',  ( 47.00000000000000000, 230.9268094518326109, 3.564198051132347000 ) ) ;
#4222 = CARTESIAN_POINT ( 'NONE',  ( -44.93779350453365851, 52.88466077438589963, 45.57187448734442370 ) ) ;
#4223 = CARTESIAN_POINT ( 'NONE',  ( 46.30576403225039428, 59.33385514974001751, -44.20390395962768793 ) ) ;
#4224 = PLANE ( 'NONE',  #1504 ) ;
#4225 = AXIS2_PLACEMENT_3D ( 'NONE', #1025, #3180, #3214 ) ;
#4226 = CARTESIAN_POINT ( 'NONE',  ( -28.56886579483231969, 171.3537213827942196, 37.19206485551659824 ) ) ;
#4227 = CARTESIAN_POINT ( 'NONE',  ( -24.39235554936073669, 141.0186408901463153, 41.36857510098818125 ) ) ;
#4228 = CARTESIAN_POINT ( 'NONE',  ( -27.08565407319114371, 110.0851088579757402, 42.02959319973508912 ) ) ;
#4229 = CARTESIAN_POINT ( 'NONE',  ( 48.91202582514208075, 150.5005888525397495, -41.59764216673601567 ) ) ;
#4230 = ORIENTED_EDGE ( 'NONE', *, *, #7101, .F. ) ;
#4231 = CARTESIAN_POINT ( 'NONE',  ( 39.22375858382816460, 163.8347417721553256, 26.53717206652076754 ) ) ;
#4232 = CARTESIAN_POINT ( 'NONE',  ( -41.74177417787063860, 85.62404022679615423, -48.76789381400747203 ) ) ;
#4233 = CARTESIAN_POINT ( 'NONE',  ( 36.16138306720323925, 57.99999999999999289, 30.02250515210871740 ) ) ;
#4234 = CARTESIAN_POINT ( 'NONE',  ( -40.15053420550685104, 101.0166046022987985, -25.61039644484208111 ) ) ;
#4235 = EDGE_CURVE ( 'NONE', #156, #5735, #2506, .T. ) ;
#4236 = CARTESIAN_POINT ( 'NONE',  ( -32.88046532517444831, 176.5866740378391455, -32.88046532517448384 ) ) ;
#4237 = CARTESIAN_POINT ( 'NONE',  ( 46.99996105054538020, 210.9500486612530779, 0.1373468742300337497 ) ) ;
#4238 = CARTESIAN_POINT ( 'NONE',  ( -47.00000000000000000, 160.0000000000000000, -0.2500000000000000000 ) ) ;
#4239 = CARTESIAN_POINT ( 'NONE',  ( -49.31902728797152236, 148.1781441586250878, -41.19064070390658827 ) ) ;
#4240 = CARTESIAN_POINT ( 'NONE',  ( -29.29356565747519170, 173.1609393494194080, 36.46736499287372624 ) ) ;
#4241 = CARTESIAN_POINT ( 'NONE',  ( 49.87850033426988716, 232.5153467931204716, -3.483562062873095222 ) ) ;
#4242 = EDGE_CURVE ( 'NONE', #4334, #4466, #2220, .T. ) ;
#4243 = CARTESIAN_POINT ( 'NONE',  ( -25.61039644484208466, 101.0166046022987985, -40.15053420550685814 ) ) ;
#4244 = ADVANCED_FACE ( 'NONE', ( #6105 ), #4618, .T. ) ;
#4245 = CARTESIAN_POINT ( 'NONE',  ( 44.58347426246773182, 55.93620152028918824, 45.92619372941037881 ) ) ;
#4246 = CARTESIAN_POINT ( 'NONE',  ( 37.71505118858653560, 73.51205704305368727, -28.04587946176237878 ) ) ;
#4247 = CARTESIAN_POINT ( 'NONE',  ( 33.26194495473987445, 37.17140469785623225, 32.49898569560906481 ) ) ;
#4248 = LINE ( 'NONE', #1484, #3288 ) ;
#4249 = CARTESIAN_POINT ( 'NONE',  ( 34.12743092666633515, 172.0212866422740206, 36.54327006474362349 ) ) ;
#4250 = VERTEX_POINT ( 'NONE', #2654 ) ;
#4251 = EDGE_CURVE ( 'NONE', #2271, #6017, #5165, .T. ) ;
#4252 = LINE ( 'NONE', #1661, #801 ) ;
#4253 = CARTESIAN_POINT ( 'NONE',  ( 34.68057595339050891, 175.3233815820528605, 31.08035469695842679 ) ) ;
#4254 = CARTESIAN_POINT ( 'NONE',  ( -108.0000000000000000, 189.9390740440269383, 0.3429151594667022573 ) ) ;
#4255 = CARTESIAN_POINT ( 'NONE',  ( -41.94603062282930495, 151.6279985229589045, -27.21337766141989434 ) ) ;
#4256 = CARTESIAN_POINT ( 'NONE',  ( 107.9999999999999858, 196.5653704246423956, 0.8992161131770320948 ) ) ;
#4257 = CARTESIAN_POINT ( 'NONE',  ( -40.33924585287350340, 140.4589426390626556, 50.17042213900458592 ) ) ;
#4258 = CARTESIAN_POINT ( 'NONE',  ( 40.15053420550684393, 101.0166046022987985, -25.61039644484207400 ) ) ;
#4259 = CARTESIAN_POINT ( 'NONE',  ( -49.94174405927225280, 259.1939977054558426, 2.416482993795206813 ) ) ;
#4260 = B_SPLINE_CURVE_WITH_KNOTS ( 'NONE', 3,
 ( #6196, #5607, #1296, #6307, #118, #4068, #192, #2393, #2428, #6703 ),
 .UNSPECIFIED., .F., .F.,
 ( 4, 2, 2, 2, 4 ),
 ( 0.01053360932355906776, 0.01139669834895749162, 0.01225978737435591548, 0.01312287639975433934, 0.01398596542515276320 ),
 .UNSPECIFIED. ) ;
#4261 = CARTESIAN_POINT ( 'NONE',  ( 32.88046532517448384, 176.0000000000000000, -32.88046532517444831 ) ) ;
#4262 = DIRECTION ( 'NONE',  ( 0.000000000000000000, 1.000000000000000000, 0.000000000000000000 ) ) ;
#4263 = CARTESIAN_POINT ( 'NONE',  ( -26.36587291666770838, 140.3216086453267337, 42.48347992595989098 ) ) ;
#4264 = CARTESIAN_POINT ( 'NONE',  ( 45.25483399593903755, 158.6226686892998146, -45.25483399593904466 ) ) ;
#4265 = CARTESIAN_POINT ( 'NONE',  ( -32.11329746821077435, 175.2086278155798880, -34.32022455349956402 ) ) ;
#4266 = CARTESIAN_POINT ( 'NONE',  ( 35.45918685583342267, 52.00000000000000711, -30.80394296248343622 ) ) ;
#4267 = VERTEX_POINT ( 'NONE', #2988 ) ;
#4268 = CARTESIAN_POINT ( 'NONE',  ( 40.28617701406468399, 108.7025900201346502, 50.22349097781342664 ) ) ;
#4269 = CARTESIAN_POINT ( 'NONE',  ( -27.19834591289386694, 166.8763353538257945, -38.56258473745506166 ) ) ;
#4270 = CARTESIAN_POINT ( 'NONE',  ( 24.96626355950889931, 111.3121957717727071, -40.79466709084002218 ) ) ;
#4271 = CARTESIAN_POINT ( 'NONE',  ( -34.81447876247083428, 48.51213425699023674, -30.94645188787811207 ) ) ;
#4272 = ORIENTED_EDGE ( 'NONE', *, *, #1745, .T. ) ;
#4273 = CARTESIAN_POINT ( 'NONE',  ( -37.25277915899236092, 171.2031378497270566, -28.50815149135657478 ) ) ;
#4274 = CARTESIAN_POINT ( 'NONE',  ( -28.75104949436351376, 66.80701258836774059, 37.00988115598539707 ) ) ;
#4275 = CARTESIAN_POINT ( 'NONE',  ( -32.88046532517446252, 52.00000000000000000, 32.88046532517446252 ) ) ;
#4276 = CARTESIAN_POINT ( 'NONE',  ( -40.79466709084000797, 111.3121957717727071, 24.96626355950890641 ) ) ;
#4277 = EDGE_CURVE ( 'NONE', #3628, #1178, #998, .T. ) ;
#4278 = DIRECTION ( 'NONE',  ( 0.000000000000000000, 0.000000000000000000, -1.000000000000000000 ) ) ;
#4279 = VERTEX_POINT ( 'NONE', #6804 ) ;
#4280 = CC_DESIGN_SECURITY_CLASSIFICATION ( #5421, ( #2647 ) ) ;
#4281 = DIRECTION ( 'NONE',  ( 0.000000000000000000, -0.000000000000000000, -1.000000000000000000 ) ) ;
#4282 = ADVANCED_FACE ( 'NONE', ( #692 ), #6841, .T. ) ;
#4283 = CARTESIAN_POINT ( 'NONE',  ( 45.57187448734443791, 52.88466077438589963, 44.93779350453366561 ) ) ;
#4284 = CARTESIAN_POINT ( 'NONE',  ( -33.09259735953043702, 35.99999999999999289, -32.66833329081850223 ) ) ;
#4285 = CARTESIAN_POINT ( 'NONE',  ( 41.00000000000000000, 58.00000000000000000, -18.00000000000000000 ) ) ;
#4286 = VECTOR ( 'NONE', #1610, 1000.000000000000114 ) ;
#4287 = CARTESIAN_POINT ( 'NONE',  ( -25.61039644484207045, 101.0166046022987985, 40.15053420550685104 ) ) ;
#4288 = DIRECTION ( 'NONE',  ( 1.000000000000000000, -0.000000000000000000, -0.000000000000000000 ) ) ;
#4289 = CARTESIAN_POINT ( 'NONE',  ( 0.000000000000000000, 54.99999999999999289, 0.000000000000000000 ) ) ;
#4290 = CARTESIAN_POINT ( 'NONE',  ( 41.38727259838149308, 126.6764942988443892, 24.37365805196743551 ) ) ;
#4291 = ORIENTED_EDGE ( 'NONE', *, *, #2466, .F. ) ;
#4292 = AXIS2_PLACEMENT_3D ( 'NONE', #6928, #7000, #312 ) ;
#4293 = CARTESIAN_POINT ( 'NONE',  ( -108.0000000000000000, 212.2520230457143384, 1.564538599336978031 ) ) ;
#4294 = CARTESIAN_POINT ( 'NONE',  ( -40.28617701406467688, 108.7025900201346644, 50.22349097781341243 ) ) ;
#4295 = CARTESIAN_POINT ( 'NONE',  ( 47.00000000000000000, 262.3741519413206333, 2.327531496599665850 ) ) ;
#4296 = CARTESIAN_POINT ( 'NONE',  ( -34.44736847863527629, 45.71524904810726753, 31.31356217171363809 ) ) ;
#4297 = CARTESIAN_POINT ( 'NONE',  ( 45.92619372941036460, 55.93620152028918113, -44.58347426246772471 ) ) ;
#4298 = DIRECTION ( 'NONE',  ( 0.000000000000000000, -1.000000000000000000, 0.000000000000000000 ) ) ;
#4299 = ORIENTED_EDGE ( 'NONE', *, *, #5285, .F. ) ;
#4300 = CARTESIAN_POINT ( 'NONE',  ( -26.83766949384072120, 147.8619356179256670, 42.18719615595154693 ) ) ;
#4301 = CARTESIAN_POINT ( 'NONE',  ( 39.75138694003533857, 95.69680212022358035, -26.00954371031357937 ) ) ;
#4302 = CARTESIAN_POINT ( 'NONE',  ( -37.71505118859931116, 169.6705890994767003, -28.04587946174760660 ) ) ;
#4303 = ORIENTED_EDGE ( 'NONE', *, *, #5737, .F. ) ;
#4304 = CARTESIAN_POINT ( 'NONE',  ( 32.66833329081850223, 35.99999999999999289, 33.09259735953043702 ) ) ;
#4305 = CARTESIAN_POINT ( 'NONE',  ( -48.14642419775779558, 153.8348667856812142, -42.36324379412032215 ) ) ;
#4306 = CARTESIAN_POINT ( 'NONE',  ( 28.75104949436350665, 66.80701258836775480, -37.00988115598539707 ) ) ;
#4307 = CARTESIAN_POINT ( 'NONE',  ( -41.59764216673602277, 150.5005888525397495, -48.91202582514209496 ) ) ;
#4308 = ORIENTED_EDGE ( 'NONE', *, *, #479, .F. ) ;
#4309 = CARTESIAN_POINT ( 'NONE',  ( 40.01567615761508989, 134.5090890707682831, 50.49399183426302073 ) ) ;
#4310 = CARTESIAN_POINT ( 'NONE',  ( -26.85867340158342387, 85.63114929373706730, -38.90225724876551539 ) ) ;
#4311 = CARTESIAN_POINT ( 'NONE',  ( -30.50535599403126952, 51.99999999999998579, 35.25557465562760484 ) ) ;
#4312 = CARTESIAN_POINT ( 'NONE',  ( -45.46696603029501915, 52.00000000000000000, -45.04270196158309147 ) ) ;
#4313 = CARTESIAN_POINT ( 'NONE',  ( -50.49399183426301363, 134.5090890707682831, 40.01567615761508279 ) ) ;
#4314 = CARTESIAN_POINT ( 'NONE',  ( 36.76708606126284451, 64.61538201887070443, 28.99384458908608764 ) ) ;
#4315 = ORIENTED_EDGE ( 'NONE', *, *, #4007, .T. ) ;
#4316 = CARTESIAN_POINT ( 'NONE',  ( 34.08013337475412641, 43.01938849801626930, 31.68079727559481995 ) ) ;
#4317 = EDGE_LOOP ( 'NONE', ( #1678, #3107 ) ) ;
#4318 = CARTESIAN_POINT ( 'NONE',  ( 24.39235554936074735, 141.0186408901463437, 41.36857510098818835 ) ) ;
#4319 = CARTESIAN_POINT ( 'NONE',  ( -45.46696603029501915, 52.00000000000000000, -45.04270196158309147 ) ) ;
#4320 = DIRECTION ( 'NONE',  ( 0.000000000000000000, 0.000000000000000000, 1.000000000000000000 ) ) ;
#4321 = CARTESIAN_POINT ( 'NONE',  ( -30.94645188787809786, 48.51213425699024384, 34.81447876247082007 ) ) ;
#4322 = CARTESIAN_POINT ( 'NONE',  ( 28.79566584425074538, 171.4065011673097274, -37.14638582585304505 ) ) ;
#4323 = EDGE_CURVE ( 'NONE', #5026, #2405, #1239, .T. ) ;
#4324 = VERTEX_POINT ( 'NONE', #6224 ) ;
#4325 = CARTESIAN_POINT ( 'NONE',  ( 24.37365805196743551, 126.6764942988443892, 41.38727259838150019 ) ) ;
#4326 = EDGE_CURVE ( 'NONE', #1372, #4250, #5637, .T. ) ;
#4327 = CARTESIAN_POINT ( 'NONE',  ( -37.71505118858653560, 73.51205123983933731, 28.04587946176237878 ) ) ;
#4328 = CARTESIAN_POINT ( 'NONE',  ( -40.33924585287350340, 140.4589426390626556, 50.17042213900458592 ) ) ;
#4329 = CARTESIAN_POINT ( 'NONE',  ( 47.00000000000000000, 198.8384312691162563, 2.581365136496105439 ) ) ;
#4330 = CARTESIAN_POINT ( 'NONE',  ( -38.90225724876550117, 85.63114929373708151, 26.85867340158341676 ) ) ;
#4331 = CARTESIAN_POINT ( 'NONE',  ( 47.88935570772442674, 75.23276251545792093, -42.62031228415365547 ) ) ;
#4332 = CARTESIAN_POINT ( 'NONE',  ( 40.01567615761507568, 134.5090890707682831, -50.49399183426302073 ) ) ;
#4333 = ADVANCED_FACE ( 'NONE', ( #6695 ), #6071, .T. ) ;
#4334 = VERTEX_POINT ( 'NONE', #2077 ) ;
#4335 = EDGE_CURVE ( 'NONE', #3012, #6038, #6510, .T. ) ;
#4336 = CARTESIAN_POINT ( 'NONE',  ( -39.82026051515521914, 127.6151589264297428, -50.68940747672289149 ) ) ;
#4337 = CARTESIAN_POINT ( 'NONE',  ( 42.78460399787551438, 155.3921848145515128, -47.72506399400257493 ) ) ;
#4338 = CARTESIAN_POINT ( 'NONE',  ( 36.07334018335453862, 174.1961081889995455, -29.68759046699437576 ) ) ;
#4339 = CARTESIAN_POINT ( 'NONE',  ( 0.000000000000000000, 94.50000000000000000, 0.000000000000000000 ) ) ;
#4340 = VERTEX_POINT ( 'NONE', #1539 ) ;
#4341 = CARTESIAN_POINT ( 'NONE',  ( 108.0000000000000000, 189.9390740440268814, -0.3429151594667018688 ) ) ;
#4342 = CARTESIAN_POINT ( 'NONE',  ( -40.68351489493350215, 100.9687423887486943, -49.82615309694460848 ) ) ;
#4343 = CARTESIAN_POINT ( 'NONE',  ( 38.90225724876550117, 85.63114929373706730, -26.85867340158341676 ) ) ;
#4344 = CARTESIAN_POINT ( 'NONE',  ( -48.18764232538013204, 78.60787726850114154, -42.32202566649797859 ) ) ;
#4345 = CIRCLE ( 'NONE', #1191, 50.00000000000000000 ) ;
#4346 = CARTESIAN_POINT ( 'NONE',  ( 28.04587946176237878, 73.51205704305357358, -37.71505118858653560 ) ) ;
#4347 = VECTOR ( 'NONE', #4576, 1000.000000000000000 ) ;
#4348 = CARTESIAN_POINT ( 'NONE',  ( 42.62031228415365547, 75.23276251545790672, 47.88935570772444095 ) ) ;
#4349 = CARTESIAN_POINT ( 'NONE',  ( -44.93779350453365851, 52.88466077438589963, 45.57187448734442370 ) ) ;
#4350 = CARTESIAN_POINT ( 'NONE',  ( -24.39235554936074735, 141.0186408901463722, -41.36857510098818835 ) ) ;
#4351 = CARTESIAN_POINT ( 'NONE',  ( -47.03874315999061650, 66.31954352124841989, 43.47092483188747281 ) ) ;
#4352 = LINE ( 'NONE', #3259, #1206 ) ;
#4353 = CARTESIAN_POINT ( 'NONE',  ( -47.64815304264732987, 72.49854646718330287, 42.86151494923076655 ) ) ;
#4354 = ORIENTED_EDGE ( 'NONE', *, *, #4323, .T. ) ;
#4355 = VERTEX_POINT ( 'NONE', #2182 ) ;
#4356 = CARTESIAN_POINT ( 'NONE',  ( 44.58347426246773182, 55.93620152028918824, 45.92619372941037881 ) ) ;
#4357 = DIRECTION ( 'NONE',  ( 0.7071067811865474617, 0.000000000000000000, -0.7071067811865474617 ) ) ;
#4358 = CARTESIAN_POINT ( 'NONE',  ( 34.51648671455647133, 38.38965361115109687, -34.94075078326840611 ) ) ;
#4359 = CARTESIAN_POINT ( 'NONE',  ( 0.000000000000000000, 335.0000000000000000, 0.000000000000000000 ) ) ;
#4360 = CARTESIAN_POINT ( 'NONE',  ( -41.59764216673600146, 150.5005888525397495, 48.91202582514208075 ) ) ;
#4361 = CARTESIAN_POINT ( 'NONE',  ( 36.88427203085415584, 172.0413855345993284, -29.13063671873322846 ) ) ;
#4362 = EDGE_LOOP ( 'NONE', ( #496, #5989, #518 ) ) ;
#4363 = CARTESIAN_POINT ( 'NONE',  ( 39.86548770796168384, 124.0985968565961315, 50.64418028391641968 ) ) ;
#4364 = CARTESIAN_POINT ( 'NONE',  ( 44.20390395962769503, 59.33385514974001751, -46.30576403225040849 ) ) ;
#4365 = CARTESIAN_POINT ( 'NONE',  ( 42.62031228415365547, 75.23276251545789250, -47.88935570772444095 ) ) ;
#4366 = CARTESIAN_POINT ( 'NONE',  ( -32.58376914801011281, 36.58494384897175422, 33.17716150233880512 ) ) ;
#4367 = CARTESIAN_POINT ( 'NONE',  ( -50.38968031787177893, 112.7299032302373121, 40.11998767400631039 ) ) ;
#4368 = ORIENTED_EDGE ( 'NONE', *, *, #479, .T. ) ;
#4369 = PLANE ( 'NONE',  #377 ) ;
#4370 = CARTESIAN_POINT ( 'NONE',  ( 42.32202566649796438, 78.60787726850114154, -48.18764232538012493 ) ) ;
#4371 = ORIENTED_EDGE ( 'NONE', *, *, #3038, .T. ) ;
#4372 = CARTESIAN_POINT ( 'NONE',  ( -45.51948818842615196, 52.44290321668560750, -44.99017980345195866 ) ) ;
#4373 = CARTESIAN_POINT ( 'NONE',  ( 34.80028685661176979, 38.39089156305787753, -34.65886550037446057 ) ) ;
#4374 = LINE ( 'NONE', #6756, #1967 ) ;
#4375 = EDGE_CURVE ( 'NONE', #162, #1065, #7027, .T. ) ;
#4376 = ORIENTED_EDGE ( 'NONE', *, *, #51, .F. ) ;
#4377 = CARTESIAN_POINT ( 'NONE',  ( 108.0000000000000000, 201.2789572189547584, 1.216411794072249197 ) ) ;
#4378 = DIRECTION ( 'NONE',  ( 0.000000000000000000, -1.000000000000000000, 0.000000000000000000 ) ) ;
#4379 = CARTESIAN_POINT ( 'NONE',  ( 50.49399183426300652, 134.5090890707682831, -40.01567615761508279 ) ) ;
#4380 = CARTESIAN_POINT ( 'NONE',  ( -41.38727259838149308, 126.6764942988443892, -24.37365805196743551 ) ) ;
#4381 = CARTESIAN_POINT ( 'NONE',  ( 39.91748297430892478, 120.2343318316845853, -50.59218501756916453 ) ) ;
#4382 = CARTESIAN_POINT ( 'NONE',  ( 30.94645188787809786, 48.51213425699023674, -34.81447876247082007 ) ) ;
#4383 = CARTESIAN_POINT ( 'NONE',  ( 39.91748297430893189, 120.2343318316845853, 50.59218501756917874 ) ) ;
#4384 = CARTESIAN_POINT ( 'NONE',  ( -39.86548770796168384, 124.0985968565961883, 50.64418028391641258 ) ) ;
#4385 = CARTESIAN_POINT ( 'NONE',  ( -42.32202566649797859, 78.60787726850115575, -48.18764232538013204 ) ) ;
#4386 = CARTESIAN_POINT ( 'NONE',  ( -48.91202582514207364, 150.5005888525397211, 41.59764216673601567 ) ) ;
#4387 = CARTESIAN_POINT ( 'NONE',  ( -50.68940747672287728, 127.6151589264297144, 39.82026051515521203 ) ) ;
#4388 = ORIENTED_EDGE ( 'NONE', *, *, #2961, .F. ) ;
#4389 = VERTEX_POINT ( 'NONE', #395 ) ;
#4390 = CARTESIAN_POINT ( 'NONE',  ( 32.66833329081850223, 35.99999999999999289, 33.09259735953043702 ) ) ;
#4391 = CARTESIAN_POINT ( 'NONE',  ( -38.90225724876550828, 85.63114929373708151, -26.85867340158342742 ) ) ;
#4392 = LINE ( 'NONE', #6561, #1606 ) ;
#4393 = CARTESIAN_POINT ( 'NONE',  ( -24.69734275216252328, 116.6762642137271513, 41.06358789818639110 ) ) ;
#4394 = CC_DESIGN_APPROVAL ( #5122, ( #2647 ) ) ;
#4395 = CARTESIAN_POINT ( 'NONE',  ( -41.00000000000000000, 320.0000000000000000, -18.00000000000000000 ) ) ;
#4396 = CARTESIAN_POINT ( 'NONE',  ( 24.39235554936074735, 141.0186408901463437, 41.36857510098818835 ) ) ;
#4397 = CARTESIAN_POINT ( 'NONE',  ( 45.04270196158307726, 52.00000000000000000, -45.46696603029501205 ) ) ;
#4398 = AXIS2_PLACEMENT_3D ( 'NONE', #3791, #5988, #1011 ) ;
#4399 = CARTESIAN_POINT ( 'NONE',  ( -42.32202566649796438, 78.60787726850115575, 48.18764232538012493 ) ) ;
#4400 = CARTESIAN_POINT ( 'NONE',  ( -45.92619372941035749, 55.93620152028918824, 44.58347426246772471 ) ) ;
#4401 = CARTESIAN_POINT ( 'NONE',  ( 44.99031566266479132, 52.44175755770031344, -45.51935232921329089 ) ) ;
#4402 = ORIENTED_EDGE ( 'NONE', *, *, #1027, .F. ) ;
#4403 = PLANE ( 'NONE',  #6983 ) ;
#4404 = DIRECTION ( 'NONE',  ( 1.000000000000000000, 0.000000000000000000, 0.000000000000000000 ) ) ;
#4405 = ORIENTED_EDGE ( 'NONE', *, *, #5743, .F. ) ;
#4406 = CARTESIAN_POINT ( 'NONE',  ( 108.0000000000000000, 215.4299438917481950, -1.470248844514086883 ) ) ;
#4407 = DIRECTION ( 'NONE',  ( 0.000000000000000000, -0.000000000000000000, -1.000000000000000000 ) ) ;
#4408 = CARTESIAN_POINT ( 'NONE',  ( 48.18764232538011782, 78.60787726850115575, -42.32202566649796438 ) ) ;
#4409 = CARTESIAN_POINT ( 'NONE',  ( -44.93779350453366561, 52.88466077438589963, -45.57187448734443080 ) ) ;
#4410 = EDGE_CURVE ( 'NONE', #414, #3764, #6249, .T. ) ;
#4411 = CARTESIAN_POINT ( 'NONE',  ( 45.04270196158307726, 52.00000000000000000, -45.46696603029501205 ) ) ;
#4412 = CARTESIAN_POINT ( 'NONE',  ( 34.44736847863528340, 45.71524904810725332, 31.31356217171364520 ) ) ;
#4413 = CARTESIAN_POINT ( 'NONE',  ( 32.16823240588159649, 39.48056780803435828, 33.59269824446734276 ) ) ;
#4414 = CARTESIAN_POINT ( 'NONE',  ( -50.22349097781341243, 108.7025900201346502, 40.28617701406468399 ) ) ;
#4415 = CARTESIAN_POINT ( 'NONE',  ( 49.99939933985894669, 161.3767734674762266, 0.2450829519018705716 ) ) ;
#4416 = CARTESIAN_POINT ( 'NONE',  ( -41.06358789818638400, 116.6762642137271797, 24.69734275216252684 ) ) ;
#4417 = CYLINDRICAL_SURFACE ( 'NONE', #1390, 1.050000000000000044 ) ;
#4418 = VERTEX_POINT ( 'NONE', #428 ) ;
#4419 = ORIENTED_EDGE ( 'NONE', *, *, #4323, .F. ) ;
#4420 = LINE ( 'NONE', #5007, #266 ) ;
#4421 = CARTESIAN_POINT ( 'NONE',  ( -33.83408293086012009, 41.21309918220619295, -31.92684771948881561 ) ) ;
#4422 = CARTESIAN_POINT ( 'NONE',  ( -108.0000000000000000, 188.2844865614401897, 0.1789959886829862179 ) ) ;
#4423 = CARTESIAN_POINT ( 'NONE',  ( 34.01183617507293633, 145.5000000000000000, 28.21356056934324386 ) ) ;
#4424 = FACE_OUTER_BOUND ( 'NONE', #517, .T. ) ;
#4425 = CARTESIAN_POINT ( 'NONE',  ( 33.09259735953043702, 36.00000000000000000, 32.66833329081850223 ) ) ;
#4426 = ORIENTED_EDGE ( 'NONE', *, *, #4816, .T. ) ;
#4427 = CARTESIAN_POINT ( 'NONE',  ( 30.12822377908833005, 54.97802726448587407, 35.63270687126060210 ) ) ;
#4428 = CARTESIAN_POINT ( 'NONE',  ( -36.16335209079426249, 59.45114228953367075, 29.59757855955465899 ) ) ;
#4429 = CARTESIAN_POINT ( 'NONE',  ( -40.24733569863604288, 157.6066838202881399, 25.51359495171287506 ) ) ;
#4430 = COORDINATED_UNIVERSAL_TIME_OFFSET ( 12, 0, .AHEAD. ) ;
#4431 = CARTESIAN_POINT ( 'NONE',  ( -39.75138694003533857, 95.69680212022358035, 26.00954371031357582 ) ) ;
#4432 = CARTESIAN_POINT ( 'NONE',  ( 32.49898569560905059, 37.17140469785621093, -33.26194495473986734 ) ) ;
#4433 = CARTESIAN_POINT ( 'NONE',  ( 32.66833329081850223, 35.99999999999999289, 33.09259735953043702 ) ) ;
#4434 = ORIENTED_EDGE ( 'NONE', *, *, #6584, .T. ) ;
#4435 = CARTESIAN_POINT ( 'NONE',  ( 45.50000000000000000, 320.0000000000000000, -18.00000000000000000 ) ) ;
#4436 = CARTESIAN_POINT ( 'NONE',  ( 37.00988115598539707, 66.80701258836774059, -28.75104949436352086 ) ) ;
#4437 = CARTESIAN_POINT ( 'NONE',  ( 84.99999999999998579, 212.0000000000000000, 1.050000000000000044 ) ) ;
#4438 = CARTESIAN_POINT ( 'NONE',  ( -49.82615309694460848, 100.9687423887486943, -40.68351489493349504 ) ) ;
#4439 = ORIENTED_EDGE ( 'NONE', *, *, #5781, .F. ) ;
#4440 = CARTESIAN_POINT ( 'NONE',  ( 44.99031566266480553, 52.44175755770030634, 45.51935232921329799 ) ) ;
#4441 = CARTESIAN_POINT ( 'NONE',  ( 0.000000000000000000, 325.0000000000000000, 0.000000000000000000 ) ) ;
#4442 = CARTESIAN_POINT ( 'NONE',  ( 37.25277915899235381, 171.2031378497270566, -28.50815149135656767 ) ) ;
#4443 = CARTESIAN_POINT ( 'NONE',  ( -40.68351489493350215, 100.9687423887486943, -49.82615309694460848 ) ) ;
#4444 = EDGE_CURVE ( 'NONE', #5484, #6088, #2093, .T. ) ;
#4445 = VECTOR ( 'NONE', #1852, 999.9999999999998863 ) ;
#4446 = CARTESIAN_POINT ( 'NONE',  ( 41.19064070390658117, 148.1781441586250878, -49.31902728797151525 ) ) ;
#4447 = CARTESIAN_POINT ( 'NONE',  ( 43.67497383246008269, 64.24886354028815560, -46.83469415941799951 ) ) ;
#4448 = CARTESIAN_POINT ( 'NONE',  ( 34.81447876247082718, 48.51213425699024384, 30.94645188787810852 ) ) ;
#4449 = CARTESIAN_POINT ( 'NONE',  ( 24.39235554936074735, 141.0186408901463437, 41.36857510098818835 ) ) ;
#4450 = CARTESIAN_POINT ( 'NONE',  ( -50.59218501756915742, 120.2343318316845853, 39.91748297430893189 ) ) ;
#4451 = CARTESIAN_POINT ( 'NONE',  ( 29.98132752230963050, 94.50000000000000000, 35.77960312803931942 ) ) ;
#4452 = CARTESIAN_POINT ( 'NONE',  ( 41.53184048916664040, 156.2938203314962209, -27.84387101844470891 ) ) ;
#4453 = EDGE_CURVE ( 'NONE', #6509, #5735, #3752, .T. ) ;
#4454 = AXIS2_PLACEMENT_3D ( 'NONE', #4493, #4604, #4530 ) ;
#4455 = ORIENTED_EDGE ( 'NONE', *, *, #5074, .T. ) ;
#4456 = B_SPLINE_SURFACE_WITH_KNOTS ( 'NONE', 3, 1, ( 
 ( #2630, #6986 ),
 ( #437, #3256 ),
 ( #2050, #4349 ),
 ( #4850, #983 ),
 ( #7053, #3730 ),
 ( #5461, #2083 ),
 ( #2669, #918 ),
 ( #2022, #3693 ),
 ( #4890, #3141 ),
 ( #4274, #6483 ),
 ( #1582, #7089 ),
 ( #5998, #472 ),
 ( #5110, #1724 ),
 ( #6032, #1094 ),
 ( #3902, #1132 ),
 ( #3946, #5492 ),
 ( #6696, #5566 ),
 ( #113, #6114 ),
 ( #76, #4384 ),
 ( #4524, #4963 ),
 ( #2882, #3326 ),
 ( #5525, #1689 ),
 ( #5038, #5638 ),
 ( #3363, #512 ),
 ( #3436, #6075 ),
 ( #6588, #1648 ),
 ( #6155, #1619 ),
 ( #3867, #3832 ),
 ( #2306, #5600 ),
 ( #2231, #6659 ),
 ( #548, #1057 ),
 ( #6189, #2267 ),
 ( #1764, #619 ),
 ( #2845, #3290 ),
 ( #4488, #1175 ),
 ( #588, #6624 ),
 ( #2192, #3397 ),
 ( #1214, #2741 ),
 ( #2778, #6734 ),
 ( #3983, #4450 ),
 ( #7161, #5002 ),
 ( #2813, #4414 ),
 ( #2, #5070 ),
 ( #656, #42 ),
 ( #5750, #4095 ),
 ( #1835, #693 ),
 ( #6301, #2958 ),
 ( #2921, #5818 ),
 ( #254, #3617 ),
 ( #4636, #6875 ),
 ( #187, #1910 ),
 ( #1324, #3510 ),
 ( #841, #3067 ),
 ( #770, #5784 ),
 ( #3546, #1359 ),
 ( #5281, #1945 ),
 ( #6771, #2347 ) ),
 .UNSPECIFIED., .F., .F., .F.,
 ( 4, 1, 1, 1, 1, 1, 1, 1, 1, 1, 1, 1, 1, 1, 1, 1, 1, 1, 1, 1, 1, 1, 1, 1, 1, 1, 1, 1, 1, 1, 1, 1, 1, 1, 1, 1, 1, 1, 1, 1, 1, 1, 1, 1, 1, 1, 1, 1, 1, 1, 1, 1, 1, 1, 4 ),
 ( 2, 2 ),
 ( 0.000000000000000000, 0.006185920264467840990, 0.006201962899188698426, 0.02441097605636065315, 0.02448136905349916972, 0.05370574164729763345, 0.05388345649501025819, 0.09253774940744020905, 0.09289034474279105058, 0.1389060332195526937, 0.1395093084148930351, 0.1904437008900517758, 0.1913742588137488654, 0.2445345556009105303, 0.2458629933516659483, 0.2984579075547035831, 0.3002380933255869855, 0.3495648249652614226, 0.3518114771965040188, 0.3954646363279900600, 0.3981158618259910686, 0.4341890767744074897, 0.4370593218643058497, 0.4643545367854607919, 0.4670784500627876423, 0.4855543320873984547, 0.4874746266155715047, 0.5000000000000001110, 0.5125253733844284953, 0.5144456679126017118, 0.5329215499372124132, 0.5356454632145394301, 0.5629406781356941503, 0.5658109232255926768, 0.6018841381740089869, 0.6045353636720101065, 0.6481885228034960367, 0.6504351750347387995, 0.6997619066744130700, 0.7015420924452966389, 0.7541370066483340517, 0.7554654443990895807, 0.8086257411862511901, 0.8095562991099484185, 0.8604906915851070481, 0.8610939667804474729, 0.9071096552572089911, 0.9074622505925599159, 0.9461165435049897487, 0.9462942583527024221, 0.9755186309465009309, 0.9755890239436393330, 0.9937980371008113822, 0.9938140797355320410, 1.000000000000000000 ),
 ( 0.000000000000000000, 1.000000000000000000 ),
 .UNSPECIFIED. ) ;
#4457 = B_SPLINE_CURVE_WITH_KNOTS ( 'NONE', 3,
 ( #3425, #28, #2375, #2800 ),
 .UNSPECIFIED., .F., .F.,
 ( 4, 4 ),
 ( 0.000000000000000000, 0.01571456849098296082 ),
 .UNSPECIFIED. ) ;
#4458 = ORIENTED_EDGE ( 'NONE', *, *, #6279, .T. ) ;
#4459 = LINE ( 'NONE', #5720, #5836 ) ;
#4460 = CARTESIAN_POINT ( 'NONE',  ( -25.51359495171287506, 157.6066838202880831, -40.24733569863606419 ) ) ;
#4461 = EDGE_CURVE ( 'NONE', #1567, #2673, #712, .T. ) ;
#4462 = CARTESIAN_POINT ( 'NONE',  ( 35.87586871434790226, 173.7963362840287687, 30.36448191014744680 ) ) ;
#4463 = DIRECTION ( 'NONE',  ( -0.7071067811865474617, 0.000000000000000000, 0.7071067811865474617 ) ) ;
#4464 = CARTESIAN_POINT ( 'NONE',  ( -33.17716150233879802, 36.58494384897174712, 32.58376914801011992 ) ) ;
#4465 = CARTESIAN_POINT ( 'NONE',  ( 47.72506399400257493, 155.3921848145515128, 42.78460399787553570 ) ) ;
#4466 = VERTEX_POINT ( 'NONE', #4992 ) ;
#4467 = CARTESIAN_POINT ( 'NONE',  ( 32.58376914801012703, 36.58494384897174712, 33.17716150233881223 ) ) ;
#4468 = CARTESIAN_POINT ( 'NONE',  ( 46.53284740717148793, 61.44371818057052792, 43.97682058470662980 ) ) ;
#4469 = CARTESIAN_POINT ( 'NONE',  ( 24.29434890298206184, 131.8280114082709815, -41.46658174736684543 ) ) ;
#4470 = CARTESIAN_POINT ( 'NONE',  ( -45.46696603029500494, 52.00000000000000000, 45.04270196158308437 ) ) ;
#4471 = COORDINATED_UNIVERSAL_TIME_OFFSET ( 12, 0, .AHEAD. ) ;
#4472 = CARTESIAN_POINT ( 'NONE',  ( 29.53380614872816423, 163.6450384062885064, 40.34597417626025617 ) ) ;
#4473 = CARTESIAN_POINT ( 'NONE',  ( -34.45413192731801644, 45.76678388290346788, 31.30679872303090150 ) ) ;
#4474 = ORIENTED_EDGE ( 'NONE', *, *, #3344, .F. ) ;
#4475 = CARTESIAN_POINT ( 'NONE',  ( -45.46696603029501915, 52.00000000000000000, -45.04270196158309147 ) ) ;
#4476 = DIRECTION ( 'NONE',  ( 0.7071067811865474617, 0.000000000000000000, 0.7071067811865475727 ) ) ;
#4477 = CARTESIAN_POINT ( 'NONE',  ( -35.25557465788109823, 52.00000000784751109, -30.50535599246784457 ) ) ;
#4478 = EDGE_LOOP ( 'NONE', ( #606, #4402, #78 ) ) ;
#4479 = CARTESIAN_POINT ( 'NONE',  ( -28.29327770100282891, 158.7821440013459835, -41.23134657392176194 ) ) ;
#4480 = CARTESIAN_POINT ( 'NONE',  ( 49.05663547162955496, 89.40149471062302666, 41.45303252024855567 ) ) ;
#4481 = CARTESIAN_POINT ( 'NONE',  ( -34.01183617507293633, 145.5000000000000000, -28.21356056934323675 ) ) ;
#4482 = CARTESIAN_POINT ( 'NONE',  ( 32.88046532517446963, 176.5866740378391455, -32.88046532517444120 ) ) ;
#4483 = CARTESIAN_POINT ( 'NONE',  ( -24.29434890298208316, 131.8280114082709815, -41.46658174736685964 ) ) ;
#4484 = CARTESIAN_POINT ( 'NONE',  ( -24.39235554936074735, 141.0186408901463722, -41.36857510098818835 ) ) ;
#4485 = CARTESIAN_POINT ( 'NONE',  ( 30.12822377908831584, 54.97802726448587407, -35.63270687126060210 ) ) ;
#4486 = CYLINDRICAL_SURFACE ( 'NONE', #3727, 1.050000000000000044 ) ;
#4487 = CARTESIAN_POINT ( 'NONE',  ( 37.57616459432502154, 54.99999999999999289, -32.98532786528269156 ) ) ;
#4488 = CARTESIAN_POINT ( 'NONE',  ( -40.24733569863604288, 157.6066838202881399, 25.51359495171287506 ) ) ;
#4489 = CARTESIAN_POINT ( 'NONE',  ( -24.96626355950891352, 111.3121957717727071, -40.79466709084002218 ) ) ;
#4490 = CARTESIAN_POINT ( 'NONE',  ( 39.28526364579233388, 167.7527087702093240, -30.93174375733153170 ) ) ;
#4491 = ORIENTED_EDGE ( 'NONE', *, *, #2961, .T. ) ;
#4492 = ORIENTED_EDGE ( 'NONE', *, *, #3255, .F. ) ;
#4493 = CARTESIAN_POINT ( 'NONE',  ( 0.000000000000000000, 335.0000000000000000, 0.000000000000000000 ) ) ;
#4494 = CARTESIAN_POINT ( 'NONE',  ( -42.78460399787553570, 155.3921848145515412, -47.72506399400257493 ) ) ;
#4495 = CARTESIAN_POINT ( 'NONE',  ( -47.00000000000000000, 160.9181783982463969, 0.3183282180949054130 ) ) ;
#4496 = DIRECTION ( 'NONE',  ( -1.000000000000000000, 0.000000000000000000, 0.000000000000000000 ) ) ;
#4497 = CARTESIAN_POINT ( 'NONE',  ( -47.03874315999061650, 66.31954352124841989, 43.47092483188747281 ) ) ;
#4498 = CARTESIAN_POINT ( 'NONE',  ( 41.36857510098818125, 141.0186408901463153, 24.39235554936074735 ) ) ;
#4499 = EDGE_LOOP ( 'NONE', ( #6950, #5156, #593, #4004, #2161, #7181, #634, #3191, #3887, #1932, #1641, #3822 ) ) ;
#4500 = FACE_OUTER_BOUND ( 'NONE', #1186, .T. ) ;
#4501 = EDGE_CURVE ( 'NONE', #6290, #2924, #5628, .T. ) ;
#4502 = CARTESIAN_POINT ( 'NONE',  ( -34.68057595339048049, 175.3233815820528605, 31.08035469695843389 ) ) ;
#4503 = CARTESIAN_POINT ( 'NONE',  ( 38.00000000000000000, 320.0000000000000000, -24.00000000000000000 ) ) ;
#4504 = CARTESIAN_POINT ( 'NONE',  ( 31.92684771948880140, 41.21309918220619295, -33.83408293086011298 ) ) ;
#4505 = CARTESIAN_POINT ( 'NONE',  ( 31.08035469695842679, 175.3233815820528605, -34.68057595339048760 ) ) ;
#4506 = CARTESIAN_POINT ( 'NONE',  ( -41.46658174736684543, 131.8280114082709815, 24.29434890298207605 ) ) ;
#4507 = LOCAL_TIME ( 18, 6, 39.00000000000000000, #2211 ) ;
#4508 = FACE_OUTER_BOUND ( 'NONE', #5191, .T. ) ;
#4509 = CARTESIAN_POINT ( 'NONE',  ( 49.31902728797150814, 148.1781441586251447, -41.19064070390658827 ) ) ;
#4510 = AXIS2_PLACEMENT_3D ( 'NONE', #6066, #1166, #4994 ) ;
#4511 = CARTESIAN_POINT ( 'NONE',  ( -41.00000000000000000, 320.0000000000000000, -18.00000000000000000 ) ) ;
#4512 = CARTESIAN_POINT ( 'NONE',  ( -35.32342564570091525, 52.00000000000000000, -30.60489855371935164 ) ) ;
#4513 = ORIENTED_EDGE ( 'NONE', *, *, #1447, .F. ) ;
#4514 = CARTESIAN_POINT ( 'NONE',  ( -36.75370899142616565, 171.8733151468695723, -33.90048142761636285 ) ) ;
#4515 = CARTESIAN_POINT ( 'NONE',  ( 34.80028685661176979, 38.39089156305784911, 34.65886550037445346 ) ) ;
#4516 = CARTESIAN_POINT ( 'NONE',  ( -29.85456569808795635, 57.99999999144424834, -36.04734682555174174 ) ) ;
#4517 = CARTESIAN_POINT ( 'NONE',  ( -44.73292201045924799, 54.62836855260157876, -45.77674598141885554 ) ) ;
#4518 = VECTOR ( 'NONE', #5181, 1000.000000000000000 ) ;
#4519 = CARTESIAN_POINT ( 'NONE',  ( -50.38968031787177893, 112.7299032302373121, 40.11998767400631039 ) ) ;
#4520 = CARTESIAN_POINT ( 'NONE',  ( 40.24733569863604998, 157.6066838202880831, -25.51359495171286795 ) ) ;
#4521 = CARTESIAN_POINT ( 'NONE',  ( 38.00000000000000000, 320.0000000000000000, -24.00000000000000000 ) ) ;
#4522 = AXIS2_PLACEMENT_3D ( 'NONE', #4051, #2379, #1167 ) ;
#4523 = CARTESIAN_POINT ( 'NONE',  ( 34.94075078326841322, 38.38965361115111818, -34.51648671455649264 ) ) ;
#4524 = CARTESIAN_POINT ( 'NONE',  ( -24.39235554936073669, 141.0186408901463153, 41.36857510098818125 ) ) ;
#4525 = CARTESIAN_POINT ( 'NONE',  ( 49.90991885387112603, 325.0000000000000000, 3.000000000000000000 ) ) ;
#4526 = CARTESIAN_POINT ( 'NONE',  ( 41.38727259838149308, 126.6764942988443892, 24.37365805196743551 ) ) ;
#4527 = CARTESIAN_POINT ( 'NONE',  ( 42.46477052410278219, 141.0908456006050926, -26.39603316579751535 ) ) ;
#4528 = ORIENTED_EDGE ( 'NONE', *, *, #1115, .T. ) ;
#4529 = VERTEX_POINT ( 'NONE', #5099 ) ;
#4530 = DIRECTION ( 'NONE',  ( 0.000000000000000000, 0.000000000000000000, 1.000000000000000000 ) ) ;
#4531 = CARTESIAN_POINT ( 'NONE',  ( -42.36324379412032926, 153.8348667856812142, -48.14642419775778848 ) ) ;
#4532 = CARTESIAN_POINT ( 'NONE',  ( 37.50420821734692822, 170.3776853043387405, 28.32786105134594834 ) ) ;
#4533 = LINE ( 'NONE', #1772, #3065 ) ;
#4534 = CARTESIAN_POINT ( 'NONE',  ( -48.91202582514207364, 150.5005888525397211, 41.59764216673601567 ) ) ;
#4535 = CARTESIAN_POINT ( 'NONE',  ( 49.05663547162955496, 89.40149471062302666, 41.45303252024855567 ) ) ;
#4536 = EDGE_LOOP ( 'NONE', ( #2245, #4991, #7080, #5577 ) ) ;
#4537 = CARTESIAN_POINT ( 'NONE',  ( -48.15397179880390865, 157.9999999999999716, -42.35569619307420197 ) ) ;
#4538 = CARTESIAN_POINT ( 'NONE',  ( -49.99939933985900353, 161.3767734674762551, 0.2450829519018704605 ) ) ;
#4539 = CARTESIAN_POINT ( 'NONE',  ( 31.08035469695842679, 175.3233815820528605, -34.68057595339048760 ) ) ;
#4540 = CARTESIAN_POINT ( 'NONE',  ( 40.15053420550684393, 101.0166046022987985, -25.61039644484207400 ) ) ;
#4541 = CARTESIAN_POINT ( 'NONE',  ( -39.75138694003533857, 95.69680212022358035, 26.00954371031357582 ) ) ;
#4542 = DIRECTION ( 'NONE',  ( 1.000000000000000000, 0.000000000000000000, -0.000000000000000000 ) ) ;
#4544 = EDGE_CURVE ( 'NONE', #5895, #3850, #1789, .T. ) ;
#4543 = ORIENTED_EDGE ( 'NONE', *, *, #4444, .F. ) ;
#4545 = CARTESIAN_POINT ( 'NONE',  ( 29.29356565747519880, 173.1609393494194364, -36.46736499287371913 ) ) ;
#4546 = EDGE_CURVE ( 'NONE', #970, #4340, #2975, .T. ) ;
#4547 = CARTESIAN_POINT ( 'NONE',  ( 34.45413192731799512, 45.76678388290336130, -31.30679872303090860 ) ) ;
#4548 = CARTESIAN_POINT ( 'NONE',  ( -34.08013314532966120, 43.01938834715441118, 31.68079750501924607 ) ) ;
#4549 = ORIENTED_EDGE ( 'NONE', *, *, #222, .F. ) ;
#4550 = CARTESIAN_POINT ( 'NONE',  ( -31.45444816953540368, 46.00849753284926180, 34.61057804017211481 ) ) ;
#4551 = CARTESIAN_POINT ( 'NONE',  ( 108.0000000000000000, 220.7712470389694488, -0.8099658592145445590 ) ) ;
#4552 = CARTESIAN_POINT ( 'NONE',  ( 32.06415701506293914, 42.79827236540384661, -33.69677363528600722 ) ) ;
#4553 = EDGE_CURVE ( 'NONE', #6158, #4778, #3055, .T. ) ;
#4554 = CARTESIAN_POINT ( 'NONE',  ( -41.74177417787063860, 85.62404022679615423, -48.76789381400747203 ) ) ;
#4555 = CARTESIAN_POINT ( 'NONE',  ( -49.99491467347685614, 267.0058188295359400, -0.7324535730286386714 ) ) ;
#4556 = CARTESIAN_POINT ( 'NONE',  ( -34.81447876247081297, 48.51213425699023674, 30.94645188787810497 ) ) ;
#4557 = CARTESIAN_POINT ( 'NONE',  ( 48.14642419775777427, 153.8348667856812142, -42.36324379412032926 ) ) ;
#4558 = CARTESIAN_POINT ( 'NONE',  ( 47.45860420640312327, 156.3633846497057789, -43.05106378547496604 ) ) ;
#4559 = CARTESIAN_POINT ( 'NONE',  ( 47.31597781508200029, 69.12979561808754170, 43.19369017679611034 ) ) ;
#4560 = DIRECTION ( 'NONE',  ( 0.000000000000000000, 0.000000000000000000, 1.000000000000000000 ) ) ;
#4561 = CARTESIAN_POINT ( 'NONE',  ( 37.71505118858642902, 73.51205311375596807, 28.04587946176250313 ) ) ;
#4562 = CARTESIAN_POINT ( 'NONE',  ( 38.98253048539110921, 168.5790100066226103, -31.31115607659212685 ) ) ;
#4563 = EDGE_CURVE ( 'NONE', #6521, #6, #3569, .T. ) ;
#4564 = ORIENTED_EDGE ( 'NONE', *, *, #1109, .T. ) ;
#4565 = VECTOR ( 'NONE', #6239, 1000.000000000000114 ) ;
#4566 = ORIENTED_EDGE ( 'NONE', *, *, #436, .T. ) ;
#4567 = LINE ( 'NONE', #1808, #1438 ) ;
#4568 = CARTESIAN_POINT ( 'NONE',  ( -40.01567615761508989, 134.5090890707682831, -50.49399183426302073 ) ) ;
#4569 = CARTESIAN_POINT ( 'NONE',  ( -47.00000000000000000, 198.8384312691162279, 2.581365136496105439 ) ) ;
#4570 = LINE ( 'NONE', #6781, #1481 ) ;
#4571 = CARTESIAN_POINT ( 'NONE',  ( 43.94697918396570202, 157.2818685057019650, 46.56268880791240861 ) ) ;
#4572 = CARTESIAN_POINT ( 'NONE',  ( -50.58970023380035741, 130.9941881811295445, 39.91996775807773190 ) ) ;
#4573 = VECTOR ( 'NONE', #3345, 1000.000000000000000 ) ;
#4574 = CARTESIAN_POINT ( 'NONE',  ( 50.49399183426302073, 134.5090890707682547, 40.01567615761508989 ) ) ;
#4575 = CARTESIAN_POINT ( 'NONE',  ( 35.77960312803929810, 94.50000000000000000, -29.98132752230962694 ) ) ;
#4576 = DIRECTION ( 'NONE',  ( -1.000000000000000000, -0.000000000000000000, -0.000000000000000000 ) ) ;
#4577 = CARTESIAN_POINT ( 'NONE',  ( 42.78460399787551438, 155.3921848145515128, -47.72506399400257493 ) ) ;
#4578 = CARTESIAN_POINT ( 'NONE',  ( 38.43390449649705687, 80.61020279584469961, -27.32702615385185752 ) ) ;
#4579 = CARTESIAN_POINT ( 'NONE',  ( -48.91202582514207364, 150.5005888525397211, 41.59764216673601567 ) ) ;
#4580 = CARTESIAN_POINT ( 'NONE',  ( 32.37302178413610676, 170.3547063632882725, 38.10567307476117804 ) ) ;
#4581 = VERTEX_POINT ( 'NONE', #1971 ) ;
#4582 = CARTESIAN_POINT ( 'NONE',  ( 49.05663547162954075, 89.40149471062302666, -41.45303252024854146 ) ) ;
#4583 = CARTESIAN_POINT ( 'NONE',  ( 43.47092483188747991, 66.31954352124841989, 47.03874315999063072 ) ) ;
#4584 = CARTESIAN_POINT ( 'NONE',  ( -33.17716150233881223, 36.58494384897174712, -32.58376914801012703 ) ) ;
#4585 = ORIENTED_EDGE ( 'NONE', *, *, #7190, .F. ) ;
#4586 = CARTESIAN_POINT ( 'NONE',  ( -34.56857423804549256, 172.2436984526290189, -36.12624812830564736 ) ) ;
#4587 = ADVANCED_FACE ( 'NONE', ( #349 ), #4190, .T. ) ;
#4588 = CARTESIAN_POINT ( 'NONE',  ( 108.0000000000000000, 221.8135536382135342, 0.3230486906495420585 ) ) ;
#4589 = CARTESIAN_POINT ( 'NONE',  ( 45.57187448734442370, 52.88466077438589963, -44.93779350453366561 ) ) ;
#4590 = CARTESIAN_POINT ( 'NONE',  ( 37.71505118860339678, 169.6705890994749666, 28.04587946174971691 ) ) ;
#4591 = APPLICATION_CONTEXT ( 'configuration controlled 3d designs of mechanical parts and assemblies' ) ;
#4592 = CARTESIAN_POINT ( 'NONE',  ( -49.96214010274643869, 263.0557208303804941, -1.945746893170422709 ) ) ;
#4593 = CARTESIAN_POINT ( 'NONE',  ( -40.15053420550684393, 101.0166046022987985, 25.61039644484207400 ) ) ;
#4594 = DIRECTION ( 'NONE',  ( 0.000000000000000000, -1.000000000000000000, 0.000000000000000000 ) ) ;
#4595 = CARTESIAN_POINT ( 'NONE',  ( 33.17716150233879802, 36.58494384897175422, -32.58376914801011992 ) ) ;
#4596 = CARTESIAN_POINT ( 'NONE',  ( -39.28526364579835217, 167.7527087701905089, 30.93174375732379744 ) ) ;
#4597 = ADVANCED_FACE ( 'NONE', ( #3604 ), #3643, .T. ) ;
#4598 = CARTESIAN_POINT ( 'NONE',  ( 49.82615309694461558, 100.9687423887486943, 40.68351489493350215 ) ) ;
#4599 = CARTESIAN_POINT ( 'NONE',  ( -35.39129624322408318, 51.99999999999999289, 30.70442761880855542 ) ) ;
#4600 = DIRECTION ( 'NONE',  ( 0.7071067811865473507, -0.000000000000000000, -0.7071067811865477948 ) ) ;
#4601 = CARTESIAN_POINT ( 'NONE',  ( 40.86045618393096390, 90.27506426512395876, -28.82478188321175949 ) ) ;
#4602 = ORIENTED_EDGE ( 'NONE', *, *, #5830, .F. ) ;
#4603 = ORIENTED_EDGE ( 'NONE', *, *, #3995, .T. ) ;
#4604 = DIRECTION ( 'NONE',  ( -0.000000000000000000, 1.000000000000000000, -0.000000000000000000 ) ) ;
#4605 = CARTESIAN_POINT ( 'NONE',  ( -24.55371574811973900, 145.7020373835961777, -41.20721490222919670 ) ) ;
#4606 = CARTESIAN_POINT ( 'NONE',  ( -107.9999999999999858, 217.4653392061623833, -1.334084237489150615 ) ) ;
#4607 = CARTESIAN_POINT ( 'NONE',  ( 36.16138306720321083, 57.99999999999999289, -30.02250515210873871 ) ) ;
#4608 = CARTESIAN_POINT ( 'NONE',  ( -36.46736499287371203, 173.1609393494194364, 29.29356565747520236 ) ) ;
#4609 = EDGE_LOOP ( 'NONE', ( #6004, #2789 ) ) ;
#4610 = CARTESIAN_POINT ( 'NONE',  ( 46.99933661931596873, 213.0229731698608191, 0.2738953549688894484 ) ) ;
#4611 = LINE ( 'NONE', #4075, #3648 ) ;
#4612 = CARTESIAN_POINT ( 'NONE',  ( 39.91748297430892478, 120.2343318316845853, -50.59218501756916453 ) ) ;
#4613 = CARTESIAN_POINT ( 'NONE',  ( 24.39235554936073669, 141.0186408901463437, -41.36857510098818125 ) ) ;
#4614 = CARTESIAN_POINT ( 'NONE',  ( 42.35569619307420908, 157.9999999999999716, 48.15397179880390155 ) ) ;
#4615 = DIRECTION ( 'NONE',  ( 0.000000000000000000, 0.000000000000000000, 1.000000000000000000 ) ) ;
#4616 = ORIENTED_EDGE ( 'NONE', *, *, #5208, .T. ) ;
#4617 = CARTESIAN_POINT ( 'NONE',  ( 46.30576403225039428, 59.33385514974001751, -44.20390395962768793 ) ) ;
#4618 = B_SPLINE_SURFACE_WITH_KNOTS ( 'NONE', 3, 1, ( 
 ( #5557, #6063 ),
 ( #576, #5589 ),
 ( #2802, #5027 ),
 ( #3973, #126 ),
 ( #4038, #2208 ),
 ( #6638, #1664 ),
 ( #6091, #4468 ),
 ( #3918, #3073 ),
 ( #3659, #5710 ),
 ( #1040, #235 ),
 ( #6225, #3824 ),
 ( #2296, #6345 ),
 ( #2930, #1585 ),
 ( #2633, #3948 ),
 ( #2195, #5603 ),
 ( #2849, #5642 ),
 ( #5113, #643 ),
 ( #5094, #4005 ),
 ( #680, #825 ),
 ( #3047, #3954 ),
 ( #2242, #630 ),
 ( #5611, #2280 ),
 ( #6707, #3408 ),
 ( #702, #85 ),
 ( #1226, #668 ),
 ( #1142, #2892 ),
 ( #5189, #3911 ),
 ( #6815, #6123 ),
 ( #5724, #122 ),
 ( #2357, #4571 ),
 ( #1847, #3520 ),
 ( #742, #800 ),
 ( #4805, #1371 ),
 ( #1334, #3556 ),
 ( #6886, #1920 ),
 ( #6099, #570 ),
 ( #5021, #4141 ),
 ( #23, #2253 ),
 ( #6681, #301 ),
 ( #6452, #1169 ),
 ( #4094, #1323 ),
 ( #769, #4671 ),
 ( #4634, #732 ),
 ( #1834, #1289 ),
 ( #5712, #3545 ),
 ( #3509, #5179 ),
 ( #186, #6829 ),
 ( #2905, #5167 ),
 ( #4046, #5131 ),
 ( #2374, #4583 ),
 ( #6250, #1822 ),
 ( #5696, #1796 ),
 ( #1830, #6149 ),
 ( #726, #4054 ),
 ( #70, #2300 ),
 ( #1758, #5104 ),
 ( #4433, #2725 ) ),
 .UNSPECIFIED., .F., .F., .F.,
 ( 4, 1, 1, 1, 1, 1, 1, 1, 1, 1, 1, 1, 1, 1, 1, 1, 1, 1, 1, 1, 1, 1, 1, 1, 1, 1, 1, 1, 1, 1, 1, 1, 1, 1, 1, 1, 1, 1, 1, 1, 1, 1, 1, 1, 1, 1, 1, 1, 1, 1, 1, 1, 1, 1, 4 ),
 ( 2, 2 ),
 ( 0.000000000000000000, 0.006185920264467840990, 0.006201962899188698426, 0.02441097605636065315, 0.02448136905349916972, 0.05370574164729763345, 0.05388345649501025819, 0.09253774940744020905, 0.09289034474279105058, 0.1389060332195526937, 0.1395093084148930351, 0.1904437008900517758, 0.1913742588137488654, 0.2445345556009105303, 0.2458629933516659483, 0.2984579075547035831, 0.3002380933255869855, 0.3495648249652614226, 0.3518114771965040188, 0.3954646363279900600, 0.3981158618259910686, 0.4341890767744074897, 0.4370593218643058497, 0.4643545367854607919, 0.4670784500627876423, 0.4855543320873984547, 0.4874746266155715047, 0.5000000000000001110, 0.5125253733844284953, 0.5144456679126017118, 0.5329215499372124132, 0.5356454632145394301, 0.5629406781356941503, 0.5658109232255926768, 0.6018841381740089869, 0.6045353636720101065, 0.6481885228034960367, 0.6504351750347387995, 0.6997619066744130700, 0.7015420924452966389, 0.7541370066483340517, 0.7554654443990895807, 0.8086257411862511901, 0.8095562991099484185, 0.8604906915851070481, 0.8610939667804474729, 0.9071096552572089911, 0.9074622505925599159, 0.9461165435049897487, 0.9462942583527024221, 0.9755186309465009309, 0.9755890239436393330, 0.9937980371008113822, 0.9938140797355320410, 1.000000000000000000 ),
 ( 0.000000000000000000, 1.000000000000000000 ),
 .UNSPECIFIED. ) ;
#4619 = CARTESIAN_POINT ( 'NONE',  ( -42.36324379412030794, 153.8348667856812142, 48.14642419775777427 ) ) ;
#4620 = CARTESIAN_POINT ( 'NONE',  ( 0.000000000000000000, 54.99999999999999289, 0.000000000000000000 ) ) ;
#4621 = CARTESIAN_POINT ( 'NONE',  ( -28.50815149135657123, 171.2031378497270566, -37.25277915899236092 ) ) ;
#4622 = VERTEX_POINT ( 'NONE', #831 ) ;
#4623 = DIRECTION ( 'NONE',  ( 1.000000000000000000, -0.000000000000000000, -0.000000000000000000 ) ) ;
#4624 = CARTESIAN_POINT ( 'NONE',  ( 108.0000000000000000, 188.1420704083295448, -0.1644803745078677881 ) ) ;
#4625 = CARTESIAN_POINT ( 'NONE',  ( 34.08013337475412641, 43.01938849801626930, 31.68079727559481995 ) ) ;
#4626 = CARTESIAN_POINT ( 'NONE',  ( -37.51035950841358613, 170.3790392360400858, 28.32114118803933778 ) ) ;
#4627 = CARTESIAN_POINT ( 'NONE',  ( -50.00004631882735140, 267.6458643459609448, -0.01435840807221032064 ) ) ;
#4628 = CARTESIAN_POINT ( 'NONE',  ( -49.58005470913413149, 96.97051065983893636, 40.92961328274396493 ) ) ;
#4629 = CIRCLE ( 'NONE', #1489, 50.00000000000000000 ) ;
#4630 = CARTESIAN_POINT ( 'NONE',  ( 46.30576403225039428, 59.33385514974001751, -44.20390395962768793 ) ) ;
#4631 = CARTESIAN_POINT ( 'NONE',  ( -42.05083400847018993, 110.5507506516373297, 27.05260081779443482 ) ) ;
#4632 = CARTESIAN_POINT ( 'NONE',  ( 39.86548770796168384, 124.0985968565961315, -50.64418028391641258 ) ) ;
#4633 = CARTESIAN_POINT ( 'NONE',  ( 36.08140240266997978, 58.70654625247946257, 29.67952824767894882 ) ) ;
#4634 = CARTESIAN_POINT ( 'NONE',  ( 25.61039644484207756, 101.0166046022987985, 40.15053420550685814 ) ) ;
#4635 = CIRCLE ( 'NONE', #2072, 36.00000000000000000 ) ;
#4636 = CARTESIAN_POINT ( 'NONE',  ( -35.63270687126059499, 54.97802726448587407, 30.12822377908832294 ) ) ;
#4637 = DIRECTION ( 'NONE',  ( 0.000000000000000000, 1.000000000000000000, 0.000000000000000000 ) ) ;
#4638 = CARTESIAN_POINT ( 'NONE',  ( 34.55038136064504073, 172.2360455000667514, -36.14363019648080666 ) ) ;
#4639 = ADVANCED_FACE ( 'NONE', ( #5238, #5272 ), #867, .F. ) ;
#4640 = ORIENTED_EDGE ( 'NONE', *, *, #6448, .T. ) ;
#4641 = CIRCLE ( 'NONE', #5769, 1.800000000000000044 ) ;
#4642 = ORIENTED_EDGE ( 'NONE', *, *, #2513, .T. ) ;
#4643 = CARTESIAN_POINT ( 'NONE',  ( 35.99034755393251572, 57.99999999999999289, -29.77058309641640577 ) ) ;
#4644 = CARTESIAN_POINT ( 'NONE',  ( 46.99932433299913015, 210.9776073219888417, 0.2755406024704843970 ) ) ;
#4645 = CARTESIAN_POINT ( 'NONE',  ( -47.00000000000000000, 269.1626897086180179, -0.8761597236124033516 ) ) ;
#4646 = CARTESIAN_POINT ( 'NONE',  ( -25.51359495171286085, 157.6066838202880831, 40.24733569863604998 ) ) ;
#4647 = CARTESIAN_POINT ( 'NONE',  ( 49.95567683432584971, 261.6796552532404121, -2.105110369791339142 ) ) ;
#4648 = ORIENTED_EDGE ( 'NONE', *, *, #2954, .F. ) ;
#4649 = CARTESIAN_POINT ( 'NONE',  ( 46.98823194100206280, 212.1370289623947940, -1.050000000000115952 ) ) ;
#4650 = CARTESIAN_POINT ( 'NONE',  ( 44.93779350453366561, 52.88466077438591384, -45.57187448734442370 ) ) ;
#4651 = CARTESIAN_POINT ( 'NONE',  ( -33.08452690198653556, 42.63100733284451849, 32.67640374836237527 ) ) ;
#4652 = CARTESIAN_POINT ( 'NONE',  ( 40.28617701406466978, 108.7025900201346644, -50.22349097781341243 ) ) ;
#4653 = CARTESIAN_POINT ( 'NONE',  ( -28.04587946176248536, 169.6705890995218056, -37.71505118858645034 ) ) ;
#4654 = CARTESIAN_POINT ( 'NONE',  ( -47.88935570772444805, 75.23276251545789250, -42.62031228415366968 ) ) ;
#4655 = CARTESIAN_POINT ( 'NONE',  ( 0.000000000000000000, 335.0000000000000000, 46.99996213765929554 ) ) ;
#4656 = ORIENTED_EDGE ( 'NONE', *, *, #1125, .F. ) ;
#4657 = CARTESIAN_POINT ( 'NONE',  ( 28.50815149135656057, 171.2031378497270566, -37.25277915899235381 ) ) ;
#4658 = CARTESIAN_POINT ( 'NONE',  ( 46.90411965852687359, 340.0000000000000000, -3.000000000000000000 ) ) ;
#4659 = VECTOR ( 'NONE', #6683, 1000.000000000000114 ) ;
#4660 = CARTESIAN_POINT ( 'NONE',  ( 34.08013337475412641, 43.01938849801626930, 31.68079727559481995 ) ) ;
#4661 = CARTESIAN_POINT ( 'NONE',  ( -48.91202582514209496, 150.5005888525396927, -41.59764216673601567 ) ) ;
#4662 = CARTESIAN_POINT ( 'NONE',  ( -40.00232266547991600, 165.1521464230544609, -29.99793184607875318 ) ) ;
#4663 = CARTESIAN_POINT ( 'NONE',  ( 47.00000000000000000, 265.6562804570706930, 1.950454484879274641 ) ) ;
#4664 = CARTESIAN_POINT ( 'NONE',  ( -43.94697918396570202, 157.2818685057019650, 46.56268880791238018 ) ) ;
#4665 = LINE ( 'NONE', #2912, #1075 ) ;
#4666 = CARTESIAN_POINT ( 'NONE',  ( -49.94996058454611898, 260.5590343712279378, -2.240389629063976429 ) ) ;
#4667 = CARTESIAN_POINT ( 'NONE',  ( -40.68351489493350215, 100.9687423887486943, -49.82615309694460848 ) ) ;
#4668 = CARTESIAN_POINT ( 'NONE',  ( 41.38727259838148598, 126.6764942988443892, -24.37365805196743551 ) ) ;
#4669 = CARTESIAN_POINT ( 'NONE',  ( -34.55038136065798682, 172.2360455000721231, 36.14363019646842901 ) ) ;
#4670 = CARTESIAN_POINT ( 'NONE',  ( 40.57183789878039448, 143.4569695494772645, 49.93783009309771614 ) ) ;
#4671 = CARTESIAN_POINT ( 'NONE',  ( 40.28617701406468399, 108.7025900201346502, 50.22349097781342664 ) ) ;
#4672 = CARTESIAN_POINT ( 'NONE',  ( -33.83408293086012009, 41.21309918220619295, -31.92684771948881561 ) ) ;
#4673 = CARTESIAN_POINT ( 'NONE',  ( 0.000000000000000000, 52.00000000000000000, 0.000000000000000000 ) ) ;
#4674 = CARTESIAN_POINT ( 'NONE',  ( 28.40006792114175127, 159.1130762893280348, -41.15279711400471996 ) ) ;
#4675 = EDGE_LOOP ( 'NONE', ( #5147, #7077, #1116, #2320 ) ) ;
#4676 = VERTEX_POINT ( 'NONE', #6432 ) ;
#4677 = CARTESIAN_POINT ( 'NONE',  ( -34.68057595339049470, 175.3233815820528605, -31.08035469695844100 ) ) ;
#4678 = CARTESIAN_POINT ( 'NONE',  ( 46.99996322182071395, 210.9499514709060293, -0.1366018453194451088 ) ) ;
#4679 = CARTESIAN_POINT ( 'NONE',  ( -108.0000000000000000, 221.2045783221282989, -0.7135065983535374690 ) ) ;
#4680 = CARTESIAN_POINT ( 'NONE',  ( -45.25483399593903755, 158.6226686892998146, 45.25483399593904466 ) ) ;
#4681 = CARTESIAN_POINT ( 'NONE',  ( 49.95700856522425681, 261.9455108489900681, 2.073261794755243859 ) ) ;
#4682 = AXIS2_PLACEMENT_3D ( 'NONE', #2291, #645, #7149 ) ;
#4683 = CARTESIAN_POINT ( 'NONE',  ( 44.20390395962770214, 59.33385514974001751, 46.30576403225040849 ) ) ;
#4684 = CARTESIAN_POINT ( 'NONE',  ( 32.16823240588158228, 39.48056780803436538, -33.59269824446733566 ) ) ;
#4685 = EDGE_CURVE ( 'NONE', #4334, #5556, #3357, .T. ) ;
#4686 = CARTESIAN_POINT ( 'NONE',  ( -34.08013314532966120, 43.01938834715441118, 31.68079750501924607 ) ) ;
#4687 = CARTESIAN_POINT ( 'NONE',  ( 45.25483399593903755, 158.6226686892998146, -45.25483399593904466 ) ) ;
#4688 = CARTESIAN_POINT ( 'NONE',  ( -29.68759046701157445, 174.1961081890134722, -36.07334018333737191 ) ) ;
#4689 = CARTESIAN_POINT ( 'NONE',  ( 33.30164342622028784, 171.3897812519112733, 37.29700715359124530 ) ) ;
#4690 = ORIENTED_EDGE ( 'NONE', *, *, #6248, .F. ) ;
#4691 = CARTESIAN_POINT ( 'NONE',  ( -45.50000000000000000, 320.0000000000000000, -18.00000000000000000 ) ) ;
#4692 = CIRCLE ( 'NONE', #1557, 46.99996213765929554 ) ;
#4693 = EDGE_CURVE ( 'NONE', #1914, #4581, #5783, .T. ) ;
#4694 = CARTESIAN_POINT ( 'NONE',  ( 30.80394296248341846, 51.99999999999999289, 35.45918685583342267 ) ) ;
#4695 = ORIENTED_EDGE ( 'NONE', *, *, #5944, .F. ) ;
#4696 = CARTESIAN_POINT ( 'NONE',  ( -45.04270196158307726, 52.00000000000000000, 45.46696603029501205 ) ) ;
#4697 = CARTESIAN_POINT ( 'NONE',  ( -39.18957825873931711, 168.0308239955369061, -31.05252923575453750 ) ) ;
#4698 = CARTESIAN_POINT ( 'NONE',  ( 47.00000000000000000, 270.7203451527292941, -2.717380838160957008E-16 ) ) ;
#4699 = CARTESIAN_POINT ( 'NONE',  ( -44.20390395962768793, 59.33385514974001751, 46.30576403225040139 ) ) ;
#4700 = CARTESIAN_POINT ( 'NONE',  ( 29.33832402439916720, 63.16230588991547990, 36.72941530738226845 ) ) ;
#4701 = FACE_OUTER_BOUND ( 'NONE', #2309, .T. ) ;
#4702 = B_SPLINE_CURVE_WITH_KNOTS ( 'NONE', 3,
 ( #672, #2826, #2896, #125, #1187, #56, #5728, #2284 ),
 .UNSPECIFIED., .F., .F.,
 ( 4, 2, 2, 4 ),
 ( 0.000000000000000000, 0.004222814332542845772, 0.008445628665085691544, 0.01689125733017137962 ),
 .UNSPECIFIED. ) ;
#4703 = DIRECTION ( 'NONE',  ( 0.5218651776778592266, 0.6747691995449354163, -0.5218651776778592266 ) ) ;
#4704 = CARTESIAN_POINT ( 'NONE',  ( -40.33924585287350340, 140.4589426390626556, 50.17042213900458592 ) ) ;
#4705 = CARTESIAN_POINT ( 'NONE',  ( -38.24827850846201471, 170.1219111502147427, 32.20423504669611958 ) ) ;
#4706 = CARTESIAN_POINT ( 'NONE',  ( 39.91996775807773901, 130.9941881811295445, 50.58970023380037162 ) ) ;
#4707 = FACE_OUTER_BOUND ( 'NONE', #3772, .T. ) ;
#4708 = CARTESIAN_POINT ( 'NONE',  ( 29.77058309862684027, 57.99999999121062899, -35.99034755172208122 ) ) ;
#4709 = CARTESIAN_POINT ( 'NONE',  ( 30.50265559212995470, 74.95886082562928721, -39.62546294327263752 ) ) ;
#4710 = ORIENTED_EDGE ( 'NONE', *, *, #4999, .T. ) ;
#4711 = ORIENTED_EDGE ( 'NONE', *, *, #6808, .T. ) ;
#4712 = CARTESIAN_POINT ( 'NONE',  ( -41.19064070390658827, 148.1781441586251447, -49.31902728797152236 ) ) ;
#4713 = CARTESIAN_POINT ( 'NONE',  ( -37.25696040262569397, 52.22473623147814692, -33.34895830410928141 ) ) ;
#4714 = CARTESIAN_POINT ( 'NONE',  ( -107.9999999999999858, 213.4833387586855906, 1.528005135380340107 ) ) ;
#4715 = CARTESIAN_POINT ( 'NONE',  ( -31.31356217171363099, 45.71524904810725332, 34.44736847863527629 ) ) ;
#4716 = CARTESIAN_POINT ( 'NONE',  ( 49.99605955947365743, 267.1415919407882598, -0.6321145146380618973 ) ) ;
#4717 = CARTESIAN_POINT ( 'NONE',  ( 26.85867340158342387, 85.63114929373708151, 38.90225724876550828 ) ) ;
#4718 = CARTESIAN_POINT ( 'NONE',  ( 28.75104949436350665, 66.80701258836775480, -37.00988115598539707 ) ) ;
#4719 = CARTESIAN_POINT ( 'NONE',  ( 48.76789381400745782, 85.62404022679615423, 41.74177417787063860 ) ) ;
#4720 = LINE ( 'NONE', #2475, #2824 ) ;
#4721 = CARTESIAN_POINT ( 'NONE',  ( 41.61076682822057649, 155.3918562704989483, 27.72384869572498545 ) ) ;
#4722 = CARTESIAN_POINT ( 'NONE',  ( -36.16138306720321083, 57.99999999999999289, 30.02250515210873871 ) ) ;
#4723 = DIRECTION ( 'NONE',  ( -0.7071067811865474617, 0.000000000000000000, 0.7071067811865474617 ) ) ;
#4724 = EDGE_CURVE ( 'NONE', #451, #5550, #1135, .T. ) ;
#4725 = ORIENTED_EDGE ( 'NONE', *, *, #1651, .T. ) ;
#4726 = CARTESIAN_POINT ( 'NONE',  ( -108.0000000000000000, 221.3340369568884398, 0.7072749410835352801 ) ) ;
#4727 = EDGE_LOOP ( 'NONE', ( #3295, #2590, #4492, #2767 ) ) ;
#4728 = CARTESIAN_POINT ( 'NONE',  ( 32.66844815593975682, 175.4114255477974496, 33.79063506660716598 ) ) ;
#4729 = CARTESIAN_POINT ( 'NONE',  ( -40.76112261812716753, 161.5572563240604893, -28.95941040735983307 ) ) ;
#4730 = CARTESIAN_POINT ( 'NONE',  ( 44.00000000000000000, 336.0000000000000000, 3.000000000000000000 ) ) ;
#4731 = CARTESIAN_POINT ( 'NONE',  ( -43.47092483188745859, 66.31954352124843410, 47.03874315999061650 ) ) ;
#4732 = CARTESIAN_POINT ( 'NONE',  ( -31.33268355529192917, 174.7093979249174822, 35.03403024655001019 ) ) ;
#4733 = CARTESIAN_POINT ( 'NONE',  ( 0.000000000000000000, 11.00000000000000000, -0.4000000000000000222 ) ) ;
#4734 = FACE_OUTER_BOUND ( 'NONE', #1312, .T. ) ;
#4735 = CARTESIAN_POINT ( 'NONE',  ( -41.59764216673600146, 150.5005888525397495, 48.91202582514208075 ) ) ;
#4736 = CARTESIAN_POINT ( 'NONE',  ( -42.54579159191731463, 128.3506640521271436, 26.26511122279016419 ) ) ;
#4737 = CARTESIAN_POINT ( 'NONE',  ( 50.38968031787177893, 112.7299032302373263, -40.11998767400631749 ) ) ;
#4738 = CARTESIAN_POINT ( 'NONE',  ( 30.94645188787811207, 48.51213425699023674, 34.81447876247082718 ) ) ;
#4739 = DIRECTION ( 'NONE',  ( -0.7071067811865473507, 0.000000000000000000, 0.7071067811865477948 ) ) ;
#4740 = CARTESIAN_POINT ( 'NONE',  ( -31.08035469695842679, 175.3233815820528321, -34.68057595339050891 ) ) ;
#4741 = CARTESIAN_POINT ( 'NONE',  ( 26.00954371031357226, 95.69680212022356613, -39.75138694003533857 ) ) ;
#4742 = CARTESIAN_POINT ( 'NONE',  ( 29.92843488487936909, 79.96170033941575639, -40.05907280636127865 ) ) ;
#4743 = VECTOR ( 'NONE', #3879, 1000.000000000000000 ) ;
#4744 = DIRECTION ( 'NONE',  ( 0.000000000000000000, 0.000000000000000000, 1.000000000000000000 ) ) ;
#4745 = ORIENTED_EDGE ( 'NONE', *, *, #3347, .T. ) ;
#4746 = CARTESIAN_POINT ( 'NONE',  ( -39.75138694003534567, 95.69680212022356613, -26.00954371031358647 ) ) ;
#4747 = CARTESIAN_POINT ( 'NONE',  ( -32.58376914801012703, 36.58494384897175422, -33.17716150233881223 ) ) ;
#4748 = CARTESIAN_POINT ( 'NONE',  ( -47.00000000000000000, 259.9730972603335317, -2.655267262506161074 ) ) ;
#4749 = CARTESIAN_POINT ( 'NONE',  ( -30.12822377908831228, 54.97802726448587407, 35.63270687126059499 ) ) ;
#4750 = CARTESIAN_POINT ( 'NONE',  ( 49.88948353355700505, 245.8732475149629693, -3.323446269448276702 ) ) ;
#4751 = AXIS2_PLACEMENT_3D ( 'NONE', #2380, #2486, #1937 ) ;
#4752 = AXIS2_PLACEMENT_3D ( 'NONE', #4339, #1571, #5483 ) ;
#4753 = CARTESIAN_POINT ( 'NONE',  ( 41.74177417787064570, 85.62404022679615423, 48.76789381400746493 ) ) ;
#4754 = CARTESIAN_POINT ( 'NONE',  ( 46.98823194100207701, 212.0000000000000000, 1.050000000000000044 ) ) ;
#4755 = LINE ( 'NONE', #6349, #3527 ) ;
#4756 = CARTESIAN_POINT ( 'NONE',  ( 34.79250474474719113, 172.3257622397555338, 35.91078380663541481 ) ) ;
#4757 = CARTESIAN_POINT ( 'NONE',  ( 45.46696603029501915, 52.00000000000000000, 45.04270196158309147 ) ) ;
#4758 = CARTESIAN_POINT ( 'NONE',  ( 45.04270196158309147, 52.00000000000000000, 45.46696603029501915 ) ) ;
#4759 = CARTESIAN_POINT ( 'NONE',  ( 50.59218501756917163, 120.2343318316846421, 39.91748297430894610 ) ) ;
#4760 = CARTESIAN_POINT ( 'NONE',  ( -108.0000000000000000, 194.5767617142269330, -0.7496665276302577618 ) ) ;
#4761 = EDGE_CURVE ( 'NONE', #209, #6017, #274, .T. ) ;
#4762 = CARTESIAN_POINT ( 'NONE',  ( -41.15279711400178542, 159.1130762893485553, -28.40006792114600742 ) ) ;
#4763 = CARTESIAN_POINT ( 'NONE',  ( 107.9999999999999858, 207.5675974538935122, 1.493175898235321375 ) ) ;
#4764 = CARTESIAN_POINT ( 'NONE',  ( -28.50815149135655346, 171.2031378497270282, 37.25277915899235381 ) ) ;
#4765 = CARTESIAN_POINT ( 'NONE',  ( 0.000000000000000000, 335.0000000000000000, 0.000000000000000000 ) ) ;
#4766 = ADVANCED_FACE ( 'NONE', ( #4982 ), #194, .T. ) ;
#4767 = CARTESIAN_POINT ( 'NONE',  ( -49.87850033427027086, 232.5153467921315951, 3.483562062867771481 ) ) ;
#4768 = LINE ( 'NONE', #4838, #434 ) ;
#4769 = CARTESIAN_POINT ( 'NONE',  ( -28.26772415252452930, 71.28898199371604960, 37.49320649782438863 ) ) ;
#4770 = CARTESIAN_POINT ( 'NONE',  ( -45.25483399593905176, 157.9999999999999716, -45.25483399593905176 ) ) ;
#4771 = EDGE_CURVE ( 'NONE', #4009, #6430, #6318, .T. ) ;
#4772 = ORIENTED_EDGE ( 'NONE', *, *, #2990, .T. ) ;
#4773 = CARTESIAN_POINT ( 'NONE',  ( 40.68351489493349504, 100.9687423887486943, 49.82615309694461558 ) ) ;
#4774 = VECTOR ( 'NONE', #940, 1000.000000000000000 ) ;
#4775 = CARTESIAN_POINT ( 'NONE',  ( -24.96626355950891352, 111.3121957717727071, -40.79466709084002218 ) ) ;
#4776 = CARTESIAN_POINT ( 'NONE',  ( 27.32702615385185396, 80.61020279584469961, -38.43390449649706397 ) ) ;
#4777 = CARTESIAN_POINT ( 'NONE',  ( -43.94697918396571623, 157.2818685057020218, -46.56268880791239440 ) ) ;
#4778 = VERTEX_POINT ( 'NONE', #950 ) ;
#4779 = EDGE_CURVE ( 'NONE', #6246, #1194, #5388, .T. ) ;
#4780 = CARTESIAN_POINT ( 'NONE',  ( -49.82615309694460848, 100.9687423887486943, -40.68351489493349504 ) ) ;
#4781 = CARTESIAN_POINT ( 'NONE',  ( -31.31356217171365230, 45.71524904810724621, -34.44736847863528340 ) ) ;
#4782 = CARTESIAN_POINT ( 'NONE',  ( -47.00000000000000711, 160.4585312546849991, -0.2841225884134122581 ) ) ;
#4783 = CARTESIAN_POINT ( 'NONE',  ( -46.56268880791240861, 157.2818685057019650, -43.94697918396570202 ) ) ;
#4784 = CARTESIAN_POINT ( 'NONE',  ( -41.59764216673600146, 150.5005888525397495, 48.91202582514208075 ) ) ;
#4785 = CARTESIAN_POINT ( 'NONE',  ( 0.000000000000000000, 145.5000000000000000, 0.000000000000000000 ) ) ;
#4786 = B_SPLINE_CURVE_WITH_KNOTS ( 'NONE', 3,
 ( #3375, #5974, #4978, #997, #1663 ),
 .UNSPECIFIED., .F., .F.,
 ( 4, 1, 4 ),
 ( 0.07729056236012903092, 0.09253774940744020905, 0.1315221783094107921 ),
 .UNSPECIFIED. ) ;
#4787 = ORIENTED_EDGE ( 'NONE', *, *, #6411, .F. ) ;
#4788 = CARTESIAN_POINT ( 'NONE',  ( 40.11998767400631749, 112.7299032302373121, 50.38968031787179314 ) ) ;
#4789 = CARTESIAN_POINT ( 'NONE',  ( 36.08140240266997978, 58.70654625247946257, 29.67952824767894882 ) ) ;
#4790 = CARTESIAN_POINT ( 'NONE',  ( 35.39129625148687808, 52.00000000000000000, 30.70442763092030347 ) ) ;
#4791 = CARTESIAN_POINT ( 'NONE',  ( 37.31012873559708964, 171.3761559227049531, 33.28693591193213308 ) ) ;
#4792 = ORIENTED_EDGE ( 'NONE', *, *, #5301, .T. ) ;
#4793 = VECTOR ( 'NONE', #3565, 1000.000000000000114 ) ;
#4794 = CARTESIAN_POINT ( 'NONE',  ( 41.98910179518575347, 82.37800232306902615, 48.52056619669235715 ) ) ;
#4795 = CARTESIAN_POINT ( 'NONE',  ( 39.22375858382816460, 163.8347417721553256, 26.53717206652076754 ) ) ;
#4796 = ORIENTED_EDGE ( 'NONE', *, *, #392, .F. ) ;
#4797 = AXIS2_PLACEMENT_3D ( 'NONE', #6995, #2030, #3594 ) ;
#4798 = CARTESIAN_POINT ( 'NONE',  ( 32.88046532517446963, 57.99999999999999289, 32.88046532517446963 ) ) ;
#4799 = CIRCLE ( 'NONE', #4751, 50.00000000000000000 ) ;
#4800 = CARTESIAN_POINT ( 'NONE',  ( -42.48347992595972755, 140.3216086453315938, -26.36587291666787181 ) ) ;
#4801 = CARTESIAN_POINT ( 'NONE',  ( 47.00000000000000000, 259.9730972603334749, 2.655267262506165515 ) ) ;
#4802 = CARTESIAN_POINT ( 'NONE',  ( -41.74177417787062438, 85.62404022679615423, 48.76789381400745782 ) ) ;
#4803 = CARTESIAN_POINT ( 'NONE',  ( 41.06358789818639110, 116.6762642137271371, -24.69734275216253394 ) ) ;
#4804 = CARTESIAN_POINT ( 'NONE',  ( -34.61057804017207218, 46.00849753284902732, -31.45444816953542855 ) ) ;
#4805 = CARTESIAN_POINT ( 'NONE',  ( 27.19834591289388470, 166.8763353538258514, 38.56258473745506166 ) ) ;
#4806 = CIRCLE ( 'NONE', #6769, 46.97059542429539647 ) ;
#4807 = FACE_OUTER_BOUND ( 'NONE', #5905, .T. ) ;
#4808 = CARTESIAN_POINT ( 'NONE',  ( 0.000000000000000000, 57.99999999999999289, 0.000000000000000000 ) ) ;
#4809 = DIRECTION ( 'NONE',  ( 1.000000000000000000, -0.000000000000000000, -0.000000000000000000 ) ) ;
#4810 = ADVANCED_FACE ( 'NONE', ( #370 ), #3517, .T. ) ;
#4811 = ORIENTED_EDGE ( 'NONE', *, *, #1109, .F. ) ;
#4812 = CARTESIAN_POINT ( 'NONE',  ( 47.72506399400257493, 155.3921848145515128, 42.78460399787553570 ) ) ;
#4813 = CARTESIAN_POINT ( 'NONE',  ( -49.31902728797152236, 148.1781441586250878, -41.19064070390658827 ) ) ;
#4814 = CARTESIAN_POINT ( 'NONE',  ( 0.000000000000000000, 57.99999999999999289, -36.00000000000000000 ) ) ;
#4815 = CARTESIAN_POINT ( 'NONE',  ( -46.56268880791240861, 157.2818685057019650, -43.94697918396570202 ) ) ;
#4816 = EDGE_CURVE ( 'NONE', #156, #7147, #1104, .T. ) ;
#4817 = ORIENTED_EDGE ( 'NONE', *, *, #3266, .T. ) ;
#4818 = CARTESIAN_POINT ( 'NONE',  ( -46.56268880791240861, 157.2818685057019650, -43.94697918396570202 ) ) ;
#4819 = CARTESIAN_POINT ( 'NONE',  ( -47.00000000000000000, 174.8707557546558462, -1.273156625868754999 ) ) ;
#4820 = CARTESIAN_POINT ( 'NONE',  ( -40.15053420550685104, 101.0166046022987985, -25.61039644484208111 ) ) ;
#4821 = CARTESIAN_POINT ( 'NONE',  ( -49.82615309694459427, 100.9687423887486943, 40.68351489493349504 ) ) ;
#4822 = CARTESIAN_POINT ( 'NONE',  ( 49.99939933985893248, 161.3767734674762266, -0.2450829519018705716 ) ) ;
#4823 = VERTEX_POINT ( 'NONE', #4451 ) ;
#4824 = CARTESIAN_POINT ( 'NONE',  ( 24.96626355950891352, 111.3121957717727071, 40.79466709084002218 ) ) ;
#4825 = CARTESIAN_POINT ( 'NONE',  ( 49.58005470913413859, 96.97051065983893636, 40.92961328274396493 ) ) ;
#4826 = PLANE ( 'NONE',  #3052 ) ;
#4827 = CARTESIAN_POINT ( 'NONE',  ( -41.45303252024854146, 89.40149471062302666, 49.05663547162955496 ) ) ;
#4828 = CARTESIAN_POINT ( 'NONE',  ( 37.00988115598541128, 66.80701258836774059, 28.75104949436352797 ) ) ;
#4829 = CARTESIAN_POINT ( 'NONE',  ( 46.16691639851458717, 58.04302010026673031, 44.34275159336352345 ) ) ;
#4830 = ORIENTED_EDGE ( 'NONE', *, *, #4854, .T. ) ;
#4831 = DIRECTION ( 'NONE',  ( -0.7071067811865474617, 0.000000000000000000, 0.7071067811865474617 ) ) ;
#4832 = DIRECTION ( 'NONE',  ( 0.000000000000000000, 0.000000000000000000, 1.000000000000000000 ) ) ;
#4833 = CARTESIAN_POINT ( 'NONE',  ( 107.9999999999999858, 203.7731879320645305, 1.344733633374165738 ) ) ;
#4834 = CARTESIAN_POINT ( 'NONE',  ( -47.31597781508198608, 69.12979561808752749, 43.19369017679610323 ) ) ;
#4835 = CARTESIAN_POINT ( 'NONE',  ( 36.08140240266996557, 58.70654625247944125, -29.67952824767894526 ) ) ;
#4836 = FACE_OUTER_BOUND ( 'NONE', #3710, .T. ) ;
#4837 = ORIENTED_EDGE ( 'NONE', *, *, #6713, .T. ) ;
#4838 = CARTESIAN_POINT ( 'NONE',  ( -41.00000000000000000, 58.00000000000000000, -21.00000000000000000 ) ) ;
#4839 = CARTESIAN_POINT ( 'NONE',  ( -31.70475716768712715, 64.96805734563908175, 38.67037218050484171 ) ) ;
#4840 = CARTESIAN_POINT ( 'NONE',  ( 41.20721490222918959, 145.7020373835961777, -24.55371574811973190 ) ) ;
#4841 = VERTEX_POINT ( 'NONE', #220 ) ;
#4842 = CARTESIAN_POINT ( 'NONE',  ( 45.04270196158309147, 52.00000000000000000, 45.46696603029501915 ) ) ;
#4843 = CARTESIAN_POINT ( 'NONE',  ( -34.68057595339049470, 175.3233815820528605, -31.08035469695844100 ) ) ;
#4844 = CARTESIAN_POINT ( 'NONE',  ( 24.69734275216252328, 116.6762642137271797, -41.06358789818639821 ) ) ;
#4845 = CARTESIAN_POINT ( 'NONE',  ( -48.14642419775779558, 153.8348667856812142, -42.36324379412032215 ) ) ;
#4846 = EDGE_CURVE ( 'NONE', #6775, #1653, #2539, .T. ) ;
#4847 = CARTESIAN_POINT ( 'NONE',  ( -28.26772415252453996, 71.28898199371604960, -37.49320649782439574 ) ) ;
#4848 = CIRCLE ( 'NONE', #4181, 46.99996213765929554 ) ;
#4849 = EDGE_CURVE ( 'NONE', #1343, #6, #1804, .T. ) ;
#4850 = CARTESIAN_POINT ( 'NONE',  ( -32.16823240588157518, 39.48056780803440091, 33.59269824446734276 ) ) ;
#4851 = CARTESIAN_POINT ( 'NONE',  ( -49.58005470913414570, 96.97051065983893636, -40.92961328274397204 ) ) ;
#4852 = CARTESIAN_POINT ( 'NONE',  ( -46.53284740717146661, 61.44371818057052792, 43.97682058470661559 ) ) ;
#4853 = FACE_OUTER_BOUND ( 'NONE', #641, .T. ) ;
#4854 = EDGE_CURVE ( 'NONE', #5183, #6663, #5677, .T. ) ;
#4855 = VERTEX_POINT ( 'NONE', #6876 ) ;
#4856 = VECTOR ( 'NONE', #611, 999.9999999999998863 ) ;
#4857 = CARTESIAN_POINT ( 'NONE',  ( 46.16691639851457296, 58.04302010026673031, -44.34275159336351635 ) ) ;
#4858 = B_SPLINE_SURFACE_WITH_KNOTS ( 'NONE', 3, 1, ( 
 ( #6954, #3111 ),
 ( #5321, #2431 ),
 ( #3554, #6416 ),
 ( #1443, #5259 ),
 ( #4173, #263 ),
 ( #4715, #5723 ),
 ( #3077, #2533 ),
 ( #4749, #6451 ),
 ( #228, #1918 ),
 ( #4139, #1369 ),
 ( #1475, #5860 ),
 ( #6310, #741 ),
 ( #885, #6852 ),
 ( #6381, #1990 ),
 ( #6918, #4207 ),
 ( #2967, #337 ),
 ( #5188, #2024 ),
 ( #1405, #3626 ),
 ( #1332, #4104 ),
 ( #5828, #817 ),
 ( #5222, #196 ),
 ( #2568, #851 ),
 ( #4646, #300 ),
 ( #1883, #5290 ),
 ( #3588, #4784 ),
 ( #5759, #6988 ),
 ( #4240, #5793 ),
 ( #778, #3002 ),
 ( #2468, #4680 ),
 ( #6883, #3768 ),
 ( #514, #1584 ),
 ( #1060, #371 ),
 ( #1513, #4386 ),
 ( #6590, #985 ),
 ( #7091, #5424 ),
 ( #439, #3695 ),
 ( #6555, #4313 ),
 ( #4964, #2632 ),
 ( #7020, #6519 ),
 ( #2085, #1547 ),
 ( #4416, #1621 ),
 ( #4276, #5892 ),
 ( #3834, #4821 ),
 ( #2122, #7127 ),
 ( #2671, #2703 ),
 ( #6626, #3292 ),
 ( #920, #7163 ),
 ( #3803, #6000 ),
 ( #6485, #2052 ),
 ( #1024, #4351 ),
 ( #3143, #4852 ),
 ( #403, #951 ),
 ( #3732, #2601 ),
 ( #6035, #3258 ),
 ( #5928, #3213 ),
 ( #5463, #2743 ),
 ( #2194, #5389 ) ),
 .UNSPECIFIED., .F., .F., .F.,
 ( 4, 1, 1, 1, 1, 1, 1, 1, 1, 1, 1, 1, 1, 1, 1, 1, 1, 1, 1, 1, 1, 1, 1, 1, 1, 1, 1, 1, 1, 1, 1, 1, 1, 1, 1, 1, 1, 1, 1, 1, 1, 1, 1, 1, 1, 1, 1, 1, 1, 1, 1, 1, 1, 1, 4 ),
 ( 2, 2 ),
 ( 0.000000000000000000, 0.006185920264467840990, 0.006201962899188698426, 0.02441097605636065315, 0.02448136905349916972, 0.05370574164729763345, 0.05388345649501025819, 0.09253774940744020905, 0.09289034474279105058, 0.1389060332195526937, 0.1395093084148930351, 0.1904437008900517758, 0.1913742588137488654, 0.2445345556009105303, 0.2458629933516659483, 0.2984579075547035831, 0.3002380933255869855, 0.3495648249652614226, 0.3518114771965040188, 0.3954646363279900600, 0.3981158618259910686, 0.4341890767744074897, 0.4370593218643058497, 0.4643545367854607919, 0.4670784500627876423, 0.4855543320873984547, 0.4874746266155715047, 0.5000000000000001110, 0.5125253733844284953, 0.5144456679126017118, 0.5329215499372124132, 0.5356454632145394301, 0.5629406781356941503, 0.5658109232255926768, 0.6018841381740089869, 0.6045353636720101065, 0.6481885228034960367, 0.6504351750347387995, 0.6997619066744130700, 0.7015420924452966389, 0.7541370066483340517, 0.7554654443990895807, 0.8086257411862511901, 0.8095562991099484185, 0.8604906915851070481, 0.8610939667804474729, 0.9071096552572089911, 0.9074622505925599159, 0.9461165435049897487, 0.9462942583527024221, 0.9755186309465009309, 0.9755890239436393330, 0.9937980371008113822, 0.9938140797355320410, 1.000000000000000000 ),
 ( 0.000000000000000000, 1.000000000000000000 ),
 .UNSPECIFIED. ) ;
#4859 = ORIENTED_EDGE ( 'NONE', *, *, #6670, .T. ) ;
#4860 = CARTESIAN_POINT ( 'NONE',  ( 41.74177417787064570, 85.62404022679615423, 48.76789381400746493 ) ) ;
#4861 = FACE_OUTER_BOUND ( 'NONE', #6810, .T. ) ;
#4862 = B_SPLINE_CURVE_WITH_KNOTS ( 'NONE', 3,
 ( #2110, #1676, #425, #2659, #4881 ),
 .UNSPECIFIED., .F., .F.,
 ( 4, 1, 4 ),
 ( 0.9437396062487697357, 0.9462942583527024221, 0.9752823015947720275 ),
 .UNSPECIFIED. ) ;
#4863 = CARTESIAN_POINT ( 'NONE',  ( 35.32342563974514604, 52.00000000784753240, -30.60489854011312971 ) ) ;
#4864 = CARTESIAN_POINT ( 'NONE',  ( -49.99939933985900353, 161.3767734674762551, 0.2450829519018704605 ) ) ;
#4865 = AXIS2_PLACEMENT_3D ( 'NONE', #3359, #6219, #2342 ) ;
#4866 = CARTESIAN_POINT ( 'NONE',  ( -30.02250515210871740, 57.99999999999999289, 36.16138306720323214 ) ) ;
#4867 = CARTESIAN_POINT ( 'NONE',  ( 29.98132752230961273, 94.50000000000000000, -35.77960312803931231 ) ) ;
#4868 = CARTESIAN_POINT ( 'NONE',  ( -30.02250515210873161, 57.99999999999999289, -36.16138306720321083 ) ) ;
#4869 = CARTESIAN_POINT ( 'NONE',  ( 44.73292201045924799, 54.62836855260160718, 45.77674598141886264 ) ) ;
#4870 = VECTOR ( 'NONE', #869, 1000.000000000000114 ) ;
#4871 = CARTESIAN_POINT ( 'NONE',  ( -35.99034669289962807, 57.99999999999999289, 29.77058395744929697 ) ) ;
#4872 = CARTESIAN_POINT ( 'NONE',  ( -39.91996775807772480, 130.9941881811295445, 50.58970023380036451 ) ) ;
#4873 = CARTESIAN_POINT ( 'NONE',  ( 108.0000000000000142, 214.5964125124564816, 1.494343917309273406 ) ) ;
#4874 = CARTESIAN_POINT ( 'NONE',  ( -35.63270687126059499, 54.97802726448587407, 30.12822377908832294 ) ) ;
#4875 = CARTESIAN_POINT ( 'NONE',  ( 37.49320649782438863, 71.28898199371604960, -28.26772415252453641 ) ) ;
#4876 = CARTESIAN_POINT ( 'NONE',  ( 24.39235554936073669, 141.0186408901463437, -41.36857510098818125 ) ) ;
#4877 = VERTEX_POINT ( 'NONE', #5111 ) ;
#4878 = CARTESIAN_POINT ( 'NONE',  ( 37.71505118860601868, 169.6705890994531103, -28.04587946173982971 ) ) ;
#4879 = CARTESIAN_POINT ( 'NONE',  ( -29.92843488487895343, 79.96170033941945121, 40.05907280636161261 ) ) ;
#4880 = CARTESIAN_POINT ( 'NONE',  ( 48.18764232538011782, 78.60787726850115575, -42.32202566649796438 ) ) ;
#4881 = CARTESIAN_POINT ( 'NONE',  ( 31.68079750502943881, 43.01938834714778181, -34.08013314531949334 ) ) ;
#4882 = PLANE ( 'NONE',  #4752 ) ;
#4883 = ORIENTED_EDGE ( 'NONE', *, *, #3573, .F. ) ;
#4884 = CARTESIAN_POINT ( 'NONE',  ( 34.51648671455647843, 38.38965361115110397, 34.94075078326841322 ) ) ;
#4885 = CARTESIAN_POINT ( 'NONE',  ( -24.29434890298208316, 131.8280114082709815, -41.46658174736685964 ) ) ;
#4886 = CARTESIAN_POINT ( 'NONE',  ( 33.83408293086011298, 41.21309918220622137, -31.92684771948880140 ) ) ;
#4887 = CARTESIAN_POINT ( 'NONE',  ( -38.90225724876550828, 85.63114929373708151, -26.85867340158342742 ) ) ;
#4888 = LINE ( 'NONE', #2809, #1382 ) ;
#4889 = CARTESIAN_POINT ( 'NONE',  ( 39.91996775807773901, 130.9941881811295445, 50.58970023380037162 ) ) ;
#4890 = CARTESIAN_POINT ( 'NONE',  ( -29.67952824767894171, 58.70654625247946257, 36.08140240266996557 ) ) ;
#4891 = CARTESIAN_POINT ( 'NONE',  ( -24.55371574811973900, 145.7020373835961777, -41.20721490222919670 ) ) ;
#4892 = CARTESIAN_POINT ( 'NONE',  ( -34.51648671455649264, 38.38965361115111108, -34.94075078326842032 ) ) ;
#4893 = CARTESIAN_POINT ( 'NONE',  ( -48.15397179880391576, 94.50000000000000000, -42.35569619307419487 ) ) ;
#4894 = DIRECTION ( 'NONE',  ( 0.000000000000000000, 0.000000000000000000, 1.000000000000000000 ) ) ;
#4895 = EDGE_LOOP ( 'NONE', ( #3330, #6913 ) ) ;
#4896 = EDGE_LOOP ( 'NONE', ( #5918, #3368, #1842, #2064 ) ) ;
#4897 = CARTESIAN_POINT ( 'NONE',  ( 32.58376914801012703, 36.58494384897174712, 33.17716150233881223 ) ) ;
#4898 = CC_DESIGN_PERSON_AND_ORGANIZATION_ASSIGNMENT ( #7178, #2250, ( #1790 ) ) ;
#4899 = FACE_BOUND ( 'NONE', #5266, .T. ) ;
#4900 = LINE ( 'NONE', #7097, #3698 ) ;
#4901 = CARTESIAN_POINT ( 'NONE',  ( -28.26772415252452930, 71.28898199371604960, 37.49320649782438863 ) ) ;
#4902 = CARTESIAN_POINT ( 'NONE',  ( 34.32022455352797863, 175.2086278155647960, -32.11329746818042707 ) ) ;
#4903 = ORIENTED_EDGE ( 'NONE', *, *, #7103, .F. ) ;
#4904 = CARTESIAN_POINT ( 'NONE',  ( 40.28617701406468399, 108.7025900201346502, 50.22349097781342664 ) ) ;
#4905 = ADVANCED_FACE ( 'NONE', ( #6190 ), #6227, .F. ) ;
#4906 = CARTESIAN_POINT ( 'NONE',  ( 44.58347426246771050, 55.93620152028918824, -45.92619372941037170 ) ) ;
#4907 = CARTESIAN_POINT ( 'NONE',  ( -44.99031566266479842, 52.44175755770029923, 45.51935232921329799 ) ) ;
#4908 = MECHANICAL_CONTEXT ( 'NONE', #3842, 'mechanical' ) ;
#4909 = CARTESIAN_POINT ( 'NONE',  ( -47.72506399400256782, 155.3921848145514844, 42.78460399787552149 ) ) ;
#4910 = VERTEX_POINT ( 'NONE', #5143 ) ;
#4911 = CARTESIAN_POINT ( 'NONE',  ( 49.82615309694460137, 100.9687423887486943, -40.68351489493349504 ) ) ;
#4912 = CARTESIAN_POINT ( 'NONE',  ( -35.25557274529061402, 52.00000000000000000, 30.50535790505831102 ) ) ;
#4913 = ORIENTED_EDGE ( 'NONE', *, *, #7103, .T. ) ;
#4914 = CIRCLE ( 'NONE', #2595, 156.2500000000000000 ) ;
#4915 = FACE_OUTER_BOUND ( 'NONE', #679, .T. ) ;
#4916 = EDGE_CURVE ( 'NONE', #1567, #4529, #1268, .T. ) ;
#4917 = LINE ( 'NONE', #7078, #4774 ) ;
#4918 = DIRECTION ( 'NONE',  ( -0.7071067811865474617, 0.000000000000000000, 0.7071067811865474617 ) ) ;
#4919 = DIRECTION ( 'NONE',  ( 0.000000000000000000, 0.000000000000000000, -1.000000000000000000 ) ) ;
#4920 = EDGE_LOOP ( 'NONE', ( #3892, #6914 ) ) ;
#4921 = CARTESIAN_POINT ( 'NONE',  ( 108.0000000000000000, 218.0682573214455431, 1.296976512692874950 ) ) ;
#4922 = CARTESIAN_POINT ( 'NONE',  ( -44.99031566266480553, 52.44175755770029212, -45.51935232921329799 ) ) ;
#4923 = CARTESIAN_POINT ( 'NONE',  ( 40.24733569863604998, 157.6066838202880831, -25.51359495171286795 ) ) ;
#4924 = CARTESIAN_POINT ( 'NONE',  ( -47.72506399400258204, 155.3921848145515128, -42.78460399787553570 ) ) ;
#4925 = VECTOR ( 'NONE', #6714, 1000.000000000000000 ) ;
#4926 = B_SPLINE_SURFACE_WITH_KNOTS ( 'NONE', 3, 1, ( 
 ( #3853, #1082 ),
 ( #3314, #5513 ),
 ( #2760, #2321 ),
 ( #2360, #1922 ),
 ( #2398, #1374 ),
 ( #5261, #267 ),
 ( #584, #1479 ),
 ( #39, #3699 ),
 ( #2739, #4129 ),
 ( #1941, #6469 ),
 ( #4769, #6334 ),
 ( #5814, #5374 ),
 ( #6403, #907 ),
 ( #4195, #356 ),
 ( #3162, #1356 ),
 ( #803, #2008 ),
 ( #6367, #3719 ),
 ( #836, #3062 ),
 ( #2522, #3023 ),
 ( #4227, #390 ),
 ( #6871, #3576 ),
 ( #251, #4704 ),
 ( #1392, #5277 ),
 ( #3611, #287 ),
 ( #6941, #4735 ),
 ( #4952, #4619 ),
 ( #1861, #6392 ),
 ( #3599, #3050 ),
 ( #1631, #2063 ),
 ( #4502, #6712 ),
 ( #1738, #3959 ),
 ( #6748, #2971 ),
 ( #534, #136 ),
 ( #3674, #996 ),
 ( #3609, #5778 ),
 ( #5810, #802 ),
 ( #2554, #5244 ),
 ( #1939, #6973 ),
 ( #5672, #2915 ),
 ( #2415, #3431 ),
 ( #1797, #4519 ),
 ( #2807, #181 ),
 ( #4593, #2841 ),
 ( #145, #4628 ),
 ( #2383, #6259 ),
 ( #71, #6183 ),
 ( #36, #6800 ),
 ( #4055, #1207 ),
 ( #107, #5633 ),
 ( #3391, #6110 ),
 ( #4556, #6730 ),
 ( #3897, #2953 ),
 ( #1759, #1171 ),
 ( #727, #1284 ),
 ( #3941, #1126 ),
 ( #2262, #615 ),
 ( #6150, #3978 ) ),
 .UNSPECIFIED., .F., .F., .F.,
 ( 4, 1, 1, 1, 1, 1, 1, 1, 1, 1, 1, 1, 1, 1, 1, 1, 1, 1, 1, 1, 1, 1, 1, 1, 1, 1, 1, 1, 1, 1, 1, 1, 1, 1, 1, 1, 1, 1, 1, 1, 1, 1, 1, 1, 1, 1, 1, 1, 1, 1, 1, 1, 1, 1, 4 ),
 ( 2, 2 ),
 ( 0.000000000000000000, 0.006185920264467840990, 0.006201962899188698426, 0.02441097605636065315, 0.02448136905349916972, 0.05370574164729763345, 0.05388345649501025819, 0.09253774940744020905, 0.09289034474279105058, 0.1389060332195526937, 0.1395093084148930351, 0.1904437008900517758, 0.1913742588137488654, 0.2445345556009105303, 0.2458629933516659483, 0.2984579075547035831, 0.3002380933255869855, 0.3495648249652614226, 0.3518114771965040188, 0.3954646363279900600, 0.3981158618259910686, 0.4341890767744074897, 0.4370593218643058497, 0.4643545367854607919, 0.4670784500627876423, 0.4855543320873984547, 0.4874746266155715047, 0.5000000000000001110, 0.5125253733844284953, 0.5144456679126017118, 0.5329215499372124132, 0.5356454632145394301, 0.5629406781356941503, 0.5658109232255926768, 0.6018841381740089869, 0.6045353636720101065, 0.6481885228034960367, 0.6504351750347387995, 0.6997619066744130700, 0.7015420924452966389, 0.7541370066483340517, 0.7554654443990895807, 0.8086257411862511901, 0.8095562991099484185, 0.8604906915851070481, 0.8610939667804474729, 0.9071096552572089911, 0.9074622505925599159, 0.9461165435049897487, 0.9462942583527024221, 0.9755186309465009309, 0.9755890239436393330, 0.9937980371008113822, 0.9938140797355320410, 1.000000000000000000 ),
 ( 0.000000000000000000, 1.000000000000000000 ),
 .UNSPECIFIED. ) ;
#4927 = CARTESIAN_POINT ( 'NONE',  ( 43.19369017679609613, 69.12979561808752749, -47.31597781508199319 ) ) ;
#4928 = VECTOR ( 'NONE', #6008, 1000.000000000000000 ) ;
#4929 = CARTESIAN_POINT ( 'NONE',  ( 41.74177417787064570, 85.62404022679615423, 48.76789381400746493 ) ) ;
#4930 = CARTESIAN_POINT ( 'NONE',  ( -47.00000000000000000, 169.8038876996392332, -0.9438988005394841618 ) ) ;
#4931 = CARTESIAN_POINT ( 'NONE',  ( -44.93779350453366561, 52.88466077438589963, -45.57187448734443080 ) ) ;
#4932 = LINE ( 'NONE', #3179, #4965 ) ;
#4933 = CARTESIAN_POINT ( 'NONE',  ( -50.07277075913015096, 104.9875858014058423, 40.43689723274793835 ) ) ;
#4934 = EDGE_LOOP ( 'NONE', ( #1062, #2073, #3513, #2816 ) ) ;
#4935 = ORIENTED_EDGE ( 'NONE', *, *, #5505, .T. ) ;
#4936 = CARTESIAN_POINT ( 'NONE',  ( 31.92684771948880851, 41.21309918220618584, 33.83408293086011298 ) ) ;
#4937 = DIRECTION ( 'NONE',  ( -0.000000000000000000, 1.000000000000000000, -0.000000000000000000 ) ) ;
#4938 = CARTESIAN_POINT ( 'NONE',  ( 33.34895830410930273, 52.22473623147816113, -37.25696040262568687 ) ) ;
#4939 = CARTESIAN_POINT ( 'NONE',  ( 37.71505118858653560, 73.51205704305368727, -28.04587946176237878 ) ) ;
#4940 = CARTESIAN_POINT ( 'NONE',  ( -29.29356565747519170, 173.1609393494194080, 36.46736499287372624 ) ) ;
#4941 = CARTESIAN_POINT ( 'NONE',  ( 29.31276646092959481, 172.3850631285008035, -36.74166306701854978 ) ) ;
#4942 = ORIENTED_EDGE ( 'NONE', *, *, #2513, .F. ) ;
#4943 = CARTESIAN_POINT ( 'NONE',  ( 31.31356217171364520, 45.71524904810726753, 34.44736847863529050 ) ) ;
#4944 = CARTESIAN_POINT ( 'NONE',  ( 41.74177417787063860, 85.62404022679615423, -48.76789381400745782 ) ) ;
#4945 = CARTESIAN_POINT ( 'NONE',  ( -32.66833329081848802, 36.00000000000000000, 33.09259735953042991 ) ) ;
#4946 = DATE_TIME_ROLE ( 'classification_date' ) ;
#4947 = CARTESIAN_POINT ( 'NONE',  ( -47.88935570772442674, 75.23276251545790672, 42.62031228415365547 ) ) ;
#4949 = EDGE_CURVE ( 'NONE', #5317, #3874, #1875, .T. ) ;
#4948 = VERTEX_POINT ( 'NONE', #4023 ) ;
#4950 = CARTESIAN_POINT ( 'NONE',  ( 40.68351489493348083, 100.9687423887486943, -49.82615309694460137 ) ) ;
#4951 = ORIENTED_EDGE ( 'NONE', *, *, #4724, .T. ) ;
#4952 = CARTESIAN_POINT ( 'NONE',  ( -28.50815149135655346, 171.2031378497270282, 37.25277915899235381 ) ) ;
#4953 = CARTESIAN_POINT ( 'NONE',  ( -45.46696603029500494, 52.00000000000000000, 45.04270196158308437 ) ) ;
#4954 = CARTESIAN_POINT ( 'NONE',  ( 34.94075078326841322, 38.38965361115111818, -34.51648671455649264 ) ) ;
#4955 = DIRECTION ( 'NONE',  ( 1.000000000000000000, 0.000000000000000000, 0.000000000000000000 ) ) ;
#4956 = VERTEX_POINT ( 'NONE', #6772 ) ;
#4957 = CARTESIAN_POINT ( 'NONE',  ( 108.0000000000000000, 212.2520230457143668, -1.564538599336978475 ) ) ;
#4958 = LINE ( 'NONE', #4481, #4856 ) ;
#4959 = CARTESIAN_POINT ( 'NONE',  ( 37.49320649782438863, 71.28898199371604960, -28.26772415252453641 ) ) ;
#4960 = CARTESIAN_POINT ( 'NONE',  ( -28.26772415252453996, 71.28898199371604960, -37.49320649782439574 ) ) ;
#4961 = CARTESIAN_POINT ( 'NONE',  ( 42.36324379412030794, 153.8348667856812142, -48.14642419775778848 ) ) ;
#4962 = CARTESIAN_POINT ( 'NONE',  ( 43.47092483188747991, 66.31954352124841989, 47.03874315999063072 ) ) ;
#4963 = CARTESIAN_POINT ( 'NONE',  ( -39.91996775807772480, 130.9941881811295445, 50.58970023380036451 ) ) ;
#4964 = CARTESIAN_POINT ( 'NONE',  ( -41.36857510098817414, 141.0186408901463437, 24.39235554936074024 ) ) ;
#4965 = VECTOR ( 'NONE', #7055, 1000.000000000000000 ) ;
#4966 = CARTESIAN_POINT ( 'NONE',  ( -49.99862320701812024, 267.4529598421461856, -0.3882712694360727079 ) ) ;
#4967 = ORIENTED_EDGE ( 'NONE', *, *, #6619, .T. ) ;
#4968 = B_SPLINE_CURVE_WITH_KNOTS ( 'NONE', 3,
 ( #4912, #2758, #5020, #4473, #7110 ),
 .UNSPECIFIED., .F., .F.,
 ( 4, 1, 4 ),
 ( 0.9437396079111418645, 0.9462942583527024221, 0.9752823015947401641 ),
 .UNSPECIFIED. ) ;
#4969 = VERTEX_POINT ( 'NONE', #1911 ) ;
#4970 = CARTESIAN_POINT ( 'NONE',  ( 24.69734275216253394, 116.6762642137271797, 41.06358789818640531 ) ) ;
#4971 = CARTESIAN_POINT ( 'NONE',  ( -41.06358789818639821, 116.6762642137271797, -24.69734275216253749 ) ) ;
#4972 = DIRECTION ( 'NONE',  ( -0.7071067811865473507, 0.000000000000000000, 0.7071067811865477948 ) ) ;
#4973 = CARTESIAN_POINT ( 'NONE',  ( 36.16138306720321083, 57.99999999999999289, -30.02250515210873871 ) ) ;
#4974 = CARTESIAN_POINT ( 'NONE',  ( -31.08035469695841968, 175.3233815820528605, 34.68057595339050891 ) ) ;
#4975 = AXIS2_PLACEMENT_3D ( 'NONE', #3807, #281, #4320 ) ;
#4976 = CARTESIAN_POINT ( 'NONE',  ( 31.08250375580712088, 174.5039055581343348, -35.25587864479915368 ) ) ;
#4977 = EDGE_LOOP ( 'NONE', ( #4792, #539, #6791 ) ) ;
#4978 = CARTESIAN_POINT ( 'NONE',  ( 36.76708621075904659, 64.61538329764245248, -28.99384443958987134 ) ) ;
#4979 = CARTESIAN_POINT ( 'NONE',  ( 32.49898569560905059, 37.17140469785621093, -33.26194495473986734 ) ) ;
#4980 = VECTOR ( 'NONE', #2846, 1000.000000000000000 ) ;
#4981 = B_SPLINE_SURFACE_WITH_KNOTS ( 'NONE', 3, 1, ( 
 ( #3324, #1686 ),
 ( #2155, #3763 ),
 ( #5957, #981 ),
 ( #2229, #3209 ),
 ( #5419, #2667 ),
 ( #4412, #2117 ),
 ( #4448, #6467 ),
 ( #6401, #5914 ),
 ( #1427, #2371 ),
 ( #5233, #2544 ),
 ( #5300, #314 ),
 ( #6930, #962 ),
 ( #278, #4151 ),
 ( #7032, #827 ),
 ( #6391, #3049 ),
 ( #5871, #5903 ),
 ( #2579, #1965 ),
 ( #4290, #4759 ),
 ( #4186, #6428 ),
 ( #1417, #4217 ),
 ( #1525, #3638 ),
 ( #6496, #3190 ),
 ( #864, #3089 ),
 ( #4795, #3743 ),
 ( #5399, #7001 ),
 ( #1454, #3123 ),
 ( #2034, #5333 ),
 ( #4253, #6460 ),
 ( #1488, #3708 ),
 ( #930, #381 ),
 ( #3916, #5437 ),
 ( #1560, #2790 ),
 ( #452, #2246 ),
 ( #7070, #5014 ),
 ( #7102, #3846 ),
 ( #600, #1148 ),
 ( #486, #2135 ),
 ( #4396, #6566 ),
 ( #5475, #4363 ),
 ( #4325, #6047 ),
 ( #3812, #3779 ),
 ( #1596, #4904 ),
 ( #17, #6012 ),
 ( #1072, #7139 ),
 ( #6675, #525 ),
 ( #2207, #2682 ),
 ( #6605, #1037 ),
 ( #7175, #2098 ),
 ( #2169, #3271 ),
 ( #4427, #6089 ),
 ( #2717, #1630 ),
 ( #4943, #6637 ),
 ( #1702, #2752 ),
 ( #3227, #4869 ),
 ( #3880, #6532 ),
 ( #4467, #6129 ),
 ( #3304, #5504 ) ),
 .UNSPECIFIED., .F., .F., .F.,
 ( 4, 1, 1, 1, 1, 1, 1, 1, 1, 1, 1, 1, 1, 1, 1, 1, 1, 1, 1, 1, 1, 1, 1, 1, 1, 1, 1, 1, 1, 1, 1, 1, 1, 1, 1, 1, 1, 1, 1, 1, 1, 1, 1, 1, 1, 1, 1, 1, 1, 1, 1, 1, 1, 1, 4 ),
 ( 2, 2 ),
 ( 0.000000000000000000, 0.006185920264467840990, 0.006201962899188698426, 0.02441097605636065315, 0.02448136905349916972, 0.05370574164729763345, 0.05388345649501025819, 0.09253774940744020905, 0.09289034474279105058, 0.1389060332195526937, 0.1395093084148930351, 0.1904437008900517758, 0.1913742588137488654, 0.2445345556009105303, 0.2458629933516659483, 0.2984579075547035831, 0.3002380933255869855, 0.3495648249652614226, 0.3518114771965040188, 0.3954646363279900600, 0.3981158618259910686, 0.4341890767744074897, 0.4370593218643058497, 0.4643545367854607919, 0.4670784500627876423, 0.4855543320873984547, 0.4874746266155715047, 0.5000000000000001110, 0.5125253733844284953, 0.5144456679126017118, 0.5329215499372124132, 0.5356454632145394301, 0.5629406781356941503, 0.5658109232255926768, 0.6018841381740089869, 0.6045353636720101065, 0.6481885228034960367, 0.6504351750347387995, 0.6997619066744130700, 0.7015420924452966389, 0.7541370066483340517, 0.7554654443990895807, 0.8086257411862511901, 0.8095562991099484185, 0.8604906915851070481, 0.8610939667804474729, 0.9071096552572089911, 0.9074622505925599159, 0.9461165435049897487, 0.9462942583527024221, 0.9755186309465009309, 0.9755890239436393330, 0.9937980371008113822, 0.9938140797355320410, 1.000000000000000000 ),
 ( 0.000000000000000000, 1.000000000000000000 ),
 .UNSPECIFIED. ) ;
#4982 = FACE_OUTER_BOUND ( 'NONE', #5842, .T. ) ;
#4983 = CARTESIAN_POINT ( 'NONE',  ( 0.000000000000000000, 0.000000000000000000, 0.000000000000000000 ) ) ;
#4984 = CARTESIAN_POINT ( 'NONE',  ( -50.64418028391639837, 124.0985968565961315, 39.86548770796168384 ) ) ;
#4985 = CARTESIAN_POINT ( 'NONE',  ( 28.26772415252452220, 71.28898199371606381, -37.49320649782438863 ) ) ;
#4986 = AXIS2_PLACEMENT_3D ( 'NONE', #1635, #6680, #3311 ) ;
#4987 = ORIENTED_EDGE ( 'NONE', *, *, #6363, .T. ) ;
#4988 = CARTESIAN_POINT ( 'NONE',  ( -45.72681195956042188, 54.19120085711175960, -44.78285603231768874 ) ) ;
#4989 = DIRECTION ( 'NONE',  ( 0.000000000000000000, 0.000000000000000000, -1.000000000000000000 ) ) ;
#4990 = CARTESIAN_POINT ( 'NONE',  ( -39.75138694003534567, 95.69680212022356613, -26.00954371031358647 ) ) ;
#4991 = ORIENTED_EDGE ( 'NONE', *, *, #241, .T. ) ;
#4992 = CARTESIAN_POINT ( 'NONE',  ( -46.98823194100194200, 212.0000000000005400, 1.050000000005465450 ) ) ;
#4993 = EDGE_CURVE ( 'NONE', #5384, #7093, #1360, .T. ) ;
#4994 = DIRECTION ( 'NONE',  ( 0.000000000000000000, 0.000000000000000000, 1.000000000000000000 ) ) ;
#4995 = CARTESIAN_POINT ( 'NONE',  ( 28.50815149135656057, 171.2031378497270566, -37.25277915899235381 ) ) ;
#4996 = CARTESIAN_POINT ( 'NONE',  ( -30.50535599403126952, 51.99999999999998579, 35.25557465562760484 ) ) ;
#4997 = CARTESIAN_POINT ( 'NONE',  ( 25.51359495171286440, 157.6066838202881399, -40.24733569863604998 ) ) ;
#4998 = CARTESIAN_POINT ( 'NONE',  ( 42.86151494923075234, 72.49854646718330287, -47.64815304264732987 ) ) ;
#4999 = EDGE_CURVE ( 'NONE', #3628, #6524, #526, .T. ) ;
#5000 = CARTESIAN_POINT ( 'NONE',  ( -29.93853977154257962, 58.00000000000000711, 36.10435860796365404 ) ) ;
#5001 = CARTESIAN_POINT ( 'NONE',  ( 40.68351489493349504, 100.9687423887486943, 49.82615309694461558 ) ) ;
#5002 = CARTESIAN_POINT ( 'NONE',  ( -50.38968031787177893, 112.7299032302373121, 40.11998767400631039 ) ) ;
#5003 = CARTESIAN_POINT ( 'NONE',  ( -31.92684771948880851, 41.21309918220622137, -33.83408293086012719 ) ) ;
#5004 = CARTESIAN_POINT ( 'NONE',  ( -49.87962192101848302, 230.4791400906139245, -3.467592938284531634 ) ) ;
#5005 = ORIENTED_EDGE ( 'NONE', *, *, #1005, .T. ) ;
#5006 = EDGE_LOOP ( 'NONE', ( #819, #427, #4967, #1636 ) ) ;
#5007 = CARTESIAN_POINT ( 'NONE',  ( 41.00000000000000000, 320.0000000000000000, -18.00000000000000000 ) ) ;
#5008 = CARTESIAN_POINT ( 'NONE',  ( -45.25483399593905176, 158.6226686892998146, -45.25483399593905176 ) ) ;
#5009 = CARTESIAN_POINT ( 'NONE',  ( -108.0000000000000000, 190.3598493564053058, 0.3817261621686084960 ) ) ;
#5010 = CARTESIAN_POINT ( 'NONE',  ( 32.88046532517449805, 94.50000000000000000, 32.88046532517445542 ) ) ;
#5011 = AXIS2_PLACEMENT_3D ( 'NONE', #6888, #2056, #4281 ) ;
#5012 = CARTESIAN_POINT ( 'NONE',  ( -46.53284740717146661, 61.44371818057052792, 43.97682058470661559 ) ) ;
#5013 = CARTESIAN_POINT ( 'NONE',  ( 50.64418028391641968, 124.0985968565961883, 39.86548770796169094 ) ) ;
#5014 = CARTESIAN_POINT ( 'NONE',  ( 41.19064070390658827, 148.1781441586250878, 49.31902728797151525 ) ) ;
#5015 = CARTESIAN_POINT ( 'NONE',  ( 40.11998767400630328, 112.7299032302373263, -50.38968031787177893 ) ) ;
#5016 = CARTESIAN_POINT ( 'NONE',  ( -50.59218501756915742, 120.2343318316845853, 39.91748297430893189 ) ) ;
#5017 = DIRECTION ( 'NONE',  ( 1.000000000000000000, 0.000000000000000000, 0.000000000000000000 ) ) ;
#5018 = CARTESIAN_POINT ( 'NONE',  ( 28.29327770100690387, 158.7821440013663903, 41.23134657391899793 ) ) ;
#5019 = ORIENTED_EDGE ( 'NONE', *, *, #2227, .T. ) ;
#5020 = CARTESIAN_POINT ( 'NONE',  ( -34.84691902115555706, 48.76015640400928675, 30.91401162919336087 ) ) ;
#5021 = CARTESIAN_POINT ( 'NONE',  ( 24.55371574811974256, 145.7020373835962062, 41.20721490222918959 ) ) ;
#5022 = ORIENTED_EDGE ( 'NONE', *, *, #1005, .F. ) ;
#5023 = CARTESIAN_POINT ( 'NONE',  ( 0.000000000000000000, 325.0000000000000000, 0.000000000000000000 ) ) ;
#5024 = CARTESIAN_POINT ( 'NONE',  ( 28.04587946174751423, 169.6705890994764445, -37.71505118859937511 ) ) ;
#5025 = DIRECTION ( 'NONE',  ( 0.000000000000000000, -0.000000000000000000, 1.000000000000000000 ) ) ;
#5026 = VERTEX_POINT ( 'NONE', #1255 ) ;
#5027 = CARTESIAN_POINT ( 'NONE',  ( 45.57187448734443791, 52.88466077438589963, 44.93779350453366561 ) ) ;
#5028 = CARTESIAN_POINT ( 'NONE',  ( -32.98532786528268446, 54.99999999999999289, -37.57616459432502154 ) ) ;
#5029 = DIRECTION ( 'NONE',  ( 1.224646799147353207E-16, 0.000000000000000000, -1.000000000000000000 ) ) ;
#5030 = CARTESIAN_POINT ( 'NONE',  ( 49.58005470913413859, 96.97051065983893636, -40.92961328274395783 ) ) ;
#5031 = CARTESIAN_POINT ( 'NONE',  ( -30.94645188787811207, 48.51213425699022963, -34.81447876247082718 ) ) ;
#5032 = CARTESIAN_POINT ( 'NONE',  ( -39.86548770796169094, 124.0985968565961741, -50.64418028391641258 ) ) ;
#5033 = CARTESIAN_POINT ( 'NONE',  ( 39.91996775807772480, 130.9941881811295445, -50.58970023380036451 ) ) ;
#5034 = EDGE_CURVE ( 'NONE', #1921, #1372, #3511, .T. ) ;
#5035 = CARTESIAN_POINT ( 'NONE',  ( 45.46696603029500494, 52.00000000000000000, -45.04270196158308437 ) ) ;
#5036 = AXIS2_PLACEMENT_3D ( 'NONE', #273, #6456, #2538 ) ;
#5037 = CARTESIAN_POINT ( 'NONE',  ( 46.56268880791239440, 157.2818685057019650, 43.94697918396571623 ) ) ;
#5038 = CARTESIAN_POINT ( 'NONE',  ( -25.51359495171286085, 157.6066838202880831, 40.24733569863604998 ) ) ;
#5039 = CARTESIAN_POINT ( 'NONE',  ( -40.11998767400632460, 112.7299032302373263, -50.38968031787179314 ) ) ;
#5040 = CARTESIAN_POINT ( 'NONE',  ( 50.49399183426302073, 134.5090890707682547, 40.01567615761508989 ) ) ;
#5041 = EDGE_CURVE ( 'NONE', #5216, #5480, #880, .T. ) ;
#5042 = AXIS2_PLACEMENT_3D ( 'NONE', #4145, #3084, #272 ) ;
#5043 = VERTEX_POINT ( 'NONE', #4525 ) ;
#5044 = ORIENTED_EDGE ( 'NONE', *, *, #4375, .T. ) ;
#5045 = CARTESIAN_POINT ( 'NONE',  ( 35.77960312803931942, 176.0000000000000000, 29.98132752230962694 ) ) ;
#5046 = CARTESIAN_POINT ( 'NONE',  ( -24.29434890298208316, 131.8280114082709815, -41.46658174736685964 ) ) ;
#5047 = CARTESIAN_POINT ( 'NONE',  ( -107.9999999999999858, 191.0383283497592402, 0.4443020421252301122 ) ) ;
#5048 = CARTESIAN_POINT ( 'NONE',  ( -41.06358789818638400, 116.6762642137271797, 24.69734275216252684 ) ) ;
#5049 = CARTESIAN_POINT ( 'NONE',  ( 49.93783009309771614, 143.4569695494772930, 40.57183789878039448 ) ) ;
#5050 = EDGE_LOOP ( 'NONE', ( #5822, #2144, #5497 ) ) ;
#5051 = CARTESIAN_POINT ( 'NONE',  ( 46.99716202619870842, 212.9176437038720167, 0.5286045823416880562 ) ) ;
#5052 = CARTESIAN_POINT ( 'NONE',  ( -45.04270196158309147, 52.00000000000000000, -45.46696603029501915 ) ) ;
#5053 = CARTESIAN_POINT ( 'NONE',  ( 49.31902728797150814, 148.1781441586251447, -41.19064070390658827 ) ) ;
#5054 = CARTESIAN_POINT ( 'NONE',  ( -41.20721490222918248, 145.7020373835962062, 24.55371574811973545 ) ) ;
#5055 = PERSON_AND_ORGANIZATION ( #5920, #2535 ) ;
#5056 = CARTESIAN_POINT ( 'NONE',  ( 30.28861713264671707, 166.0223565838341244, 39.78278296250166335 ) ) ;
#5057 = CARTESIAN_POINT ( 'NONE',  ( 0.000000000000000000, 335.0000000000000000, 0.000000000000000000 ) ) ;
#5058 = CARTESIAN_POINT ( 'NONE',  ( 34.44736847863527629, 45.71524904810724621, -31.31356217171364520 ) ) ;
#5059 = ORIENTED_EDGE ( 'NONE', *, *, #1394, .F. ) ;
#5060 = CARTESIAN_POINT ( 'NONE',  ( -47.88935570772444805, 75.23276251545789250, -42.62031228415366968 ) ) ;
#5061 = VERTEX_POINT ( 'NONE', #5714 ) ;
#5062 = CARTESIAN_POINT ( 'NONE',  ( -37.64972211469058294, 170.9903000646253304, -32.90234388852081793 ) ) ;
#5063 = CARTESIAN_POINT ( 'NONE',  ( 34.65886550037444636, 38.39089156305783490, 34.80028685661176269 ) ) ;
#5064 = CARTESIAN_POINT ( 'NONE',  ( -46.99103765065072480, 212.5290308090873452, 0.9173879470754520149 ) ) ;
#5065 = CARTESIAN_POINT ( 'NONE',  ( -37.71505118858653560, 340.0000000000000000, 28.04587946176237878 ) ) ;
#5066 = CARTESIAN_POINT ( 'NONE',  ( -31.31356217171365230, 45.71524904810724621, -34.44736847863528340 ) ) ;
#5067 = CARTESIAN_POINT ( 'NONE',  ( 36.46736499287372624, 173.1609393494194080, -29.29356565747519880 ) ) ;
#5068 = CARTESIAN_POINT ( 'NONE',  ( 35.22504574046883619, 51.75724116048971268, 30.53588490988010662 ) ) ;
#5069 = CARTESIAN_POINT ( 'NONE',  ( 50.49399183426302073, 134.5090890707682547, 40.01567615761508989 ) ) ;
#5070 = CARTESIAN_POINT ( 'NONE',  ( -49.82615309694459427, 100.9687423887486943, 40.68351489493349504 ) ) ;
#5071 = DIRECTION ( 'NONE',  ( -1.000000000000000000, 0.000000000000000000, -0.000000000000000000 ) ) ;
#5072 = CARTESIAN_POINT ( 'NONE',  ( 38.87472714421995335, 168.8494741638996572, -31.44502779986378016 ) ) ;
#5073 = EDGE_LOOP ( 'NONE', ( #7029, #476, #2312 ) ) ;
#5074 = EDGE_CURVE ( 'NONE', #5252, #3987, #1850, .T. ) ;
#5075 = ORIENTED_EDGE ( 'NONE', *, *, #6584, .F. ) ;
#5076 = AXIS2_PLACEMENT_3D ( 'NONE', #2929, #5151, #160 ) ;
#5077 = CARTESIAN_POINT ( 'NONE',  ( -34.44736847863528340, 45.71524904810726753, -31.31356217171364520 ) ) ;
#5078 = CARTESIAN_POINT ( 'NONE',  ( -48.14642419775779558, 153.8348667856812142, -42.36324379412032215 ) ) ;
#5079 = CARTESIAN_POINT ( 'NONE',  ( 35.03403024654998887, 174.7093979249175106, 31.33268355529198601 ) ) ;
#5080 = CARTESIAN_POINT ( 'NONE',  ( -46.99104307459782603, 211.4507243552620537, -0.9359233834302914667 ) ) ;
#5081 = EDGE_CURVE ( 'NONE', #4355, #3837, #6828, .T. ) ;
#5082 = CARTESIAN_POINT ( 'NONE',  ( -45.25483399593903755, 158.6226686892998146, 45.25483399593904466 ) ) ;
#5083 = CARTESIAN_POINT ( 'NONE',  ( 36.08140240266997978, 58.70654625247946257, 29.67952824767894882 ) ) ;
#5084 = ORIENTED_EDGE ( 'NONE', *, *, #3402, .T. ) ;
#5085 = DIRECTION ( 'NONE',  ( 1.000000000000000000, -0.000000000000000000, 0.000000000000000000 ) ) ;
#5086 = CARTESIAN_POINT ( 'NONE',  ( -44.20390395962769503, 59.33385514974001751, -46.30576403225040849 ) ) ;
#5087 = EDGE_CURVE ( 'NONE', #6541, #6965, #6302, .T. ) ;
#5088 = CARTESIAN_POINT ( 'NONE',  ( 24.55371574811972479, 145.7020373835961777, -41.20721490222918959 ) ) ;
#5089 = CARTESIAN_POINT ( 'NONE',  ( 39.22375858382815039, 163.8347417721553256, -26.53717206652076044 ) ) ;
#5090 = CARTESIAN_POINT ( 'NONE',  ( -40.65331820325018697, 153.6225640485288011, 25.10761244709872742 ) ) ;
#5091 = AXIS2_PLACEMENT_3D ( 'NONE', #579, #1203, #5029 ) ;
#5092 = CARTESIAN_POINT ( 'NONE',  ( 30.93174375732979797, 167.7527087702051745, 39.28526364579364838 ) ) ;
#5093 = ORIENTED_EDGE ( 'NONE', *, *, #141, .T. ) ;
#5094 = CARTESIAN_POINT ( 'NONE',  ( 41.38727259838149308, 126.6764942988443892, 24.37365805196743551 ) ) ;
#5095 = CARTESIAN_POINT ( 'NONE',  ( 47.72506399400256072, 155.3921848145515412, -42.78460399787553570 ) ) ;
#5096 = CARTESIAN_POINT ( 'NONE',  ( 33.89314221727669718, 42.89642948488349816, 31.86778843307225273 ) ) ;
#5097 = CARTESIAN_POINT ( 'NONE',  ( -45.92619372941037881, 55.93620152028918824, -44.58347426246772471 ) ) ;
#5098 = VERTEX_POINT ( 'NONE', #5751 ) ;
#5099 = CARTESIAN_POINT ( 'NONE',  ( 0.000000000000000000, 52.00000000000000000, 46.97059542429541068 ) ) ;
#5100 = CARTESIAN_POINT ( 'NONE',  ( 108.0000000000000000, 214.5964125124564816, -1.494343917309273184 ) ) ;
#5101 = CARTESIAN_POINT ( 'NONE',  ( -46.98823194100207701, 212.1387565285969572, -1.050000000000000044 ) ) ;
#5102 = FACE_OUTER_BOUND ( 'NONE', #2529, .T. ) ;
#5103 = VECTOR ( 'NONE', #1349, 1000.000000000000000 ) ;
#5104 = CARTESIAN_POINT ( 'NONE',  ( 44.99031566266480553, 52.44175755770030634, 45.51935232921329799 ) ) ;
#5105 = CARTESIAN_POINT ( 'NONE',  ( -44.58347426246773182, 55.93620152028918113, -45.92619372941037170 ) ) ;
#5106 = CARTESIAN_POINT ( 'NONE',  ( 46.53284740717146661, 61.44371818057052792, -43.97682058470661559 ) ) ;
#5107 = CARTESIAN_POINT ( 'NONE',  ( 34.84691905017633218, 48.76015662781987459, 30.91401160017260352 ) ) ;
#5108 = TOROIDAL_SURFACE ( 'NONE', #2317, -106.2500000000000000, 156.2500000000000000 ) ;
#5109 = CARTESIAN_POINT ( 'NONE',  ( 37.25696021647664935, 52.22473461303811604, -33.34895851616636264 ) ) ;
#5110 = CARTESIAN_POINT ( 'NONE',  ( -26.85867340158341321, 85.63114929373708151, 38.90225724876551539 ) ) ;
#5111 = CARTESIAN_POINT ( 'NONE',  ( -49.99939933985896090, 161.3767734674762266, -0.2450829519018705716 ) ) ;
#5112 = CARTESIAN_POINT ( 'NONE',  ( 37.29700715358895735, 171.3897812519136608, -33.30164342622293105 ) ) ;
#5113 = CARTESIAN_POINT ( 'NONE',  ( 41.06358789818639821, 116.6762642137271513, 24.69734275216253749 ) ) ;
#5114 = EDGE_LOOP ( 'NONE', ( #4308, #501 ) ) ;
#5115 = VERTEX_POINT ( 'NONE', #6735 ) ;
#5116 = DIRECTION ( 'NONE',  ( 0.000000000000000000, 0.000000000000000000, -1.000000000000000000 ) ) ;
#5117 = CARTESIAN_POINT ( 'NONE',  ( -38.56258473745505455, 166.8763353538258514, -27.19834591289388470 ) ) ;
#5118 = CARTESIAN_POINT ( 'NONE',  ( -47.00000000000000000, 167.6150733960352284, 0.7962789259304907663 ) ) ;
#5119 = CARTESIAN_POINT ( 'NONE',  ( -39.22375858382815039, 163.8347417721553541, 26.53717206652077110 ) ) ;
#5120 = CARTESIAN_POINT ( 'NONE',  ( 47.03874315999062361, 66.31954352124843410, 43.47092483188747281 ) ) ;
#5121 = CARTESIAN_POINT ( 'NONE',  ( 46.99104307459782603, 212.5492756447380884, 0.9359233834302914667 ) ) ;
#5122 = APPROVAL ( #529, 'UNSPECIFIED' ) ;
#5123 = CARTESIAN_POINT ( 'NONE',  ( -30.94645188787811207, 48.51213425699022963, -34.81447876247082718 ) ) ;
#5124 = CARTESIAN_POINT ( 'NONE',  ( 40.57183789878038027, 143.4569695494772361, -49.93783009309771614 ) ) ;
#5125 = CARTESIAN_POINT ( 'NONE',  ( 49.58005470913413859, 96.97051065983893636, -40.92961328274395783 ) ) ;
#5126 = CARTESIAN_POINT ( 'NONE',  ( -47.72506399400256782, 155.3921848145514844, 42.78460399787552149 ) ) ;
#5127 = CARTESIAN_POINT ( 'NONE',  ( 46.90411965852687359, 340.0000000000000000, 3.000000000000000000 ) ) ;
#5128 = ORIENTED_EDGE ( 'NONE', *, *, #6288, .T. ) ;
#5129 = CARTESIAN_POINT ( 'NONE',  ( 49.58005470913413859, 96.97051065983893636, -40.92961328274395783 ) ) ;
#5130 = EDGE_CURVE ( 'NONE', #3621, #6649, #1765, .T. ) ;
#5131 = CARTESIAN_POINT ( 'NONE',  ( 43.19369017679611034, 69.12979561808752749, 47.31597781508200029 ) ) ;
#5132 = CARTESIAN_POINT ( 'NONE',  ( 32.46737330370096686, 42.66555433585086377, 33.29355734664797239 ) ) ;
#5133 = CARTESIAN_POINT ( 'NONE',  ( 35.45918685583342267, 52.00000000000000711, -30.80394296248343622 ) ) ;
#5134 = CARTESIAN_POINT ( 'NONE',  ( -26.25072632901916947, 135.9913053418107438, -42.55474908577811277 ) ) ;
#5135 = CARTESIAN_POINT ( 'NONE',  ( 108.0000000000000000, 198.8312510100193720, -1.058200111551040434 ) ) ;
#5136 = CARTESIAN_POINT ( 'NONE',  ( -29.93853975963596170, 57.99999999999999289, -36.10435859987736507 ) ) ;
#5137 = PLANE ( 'NONE',  #2945 ) ;
#5138 = CARTESIAN_POINT ( 'NONE',  ( -49.89299158671063594, 219.3211832691102359, -3.272449769058653590 ) ) ;
#5139 = CARTESIAN_POINT ( 'NONE',  ( 37.49320649782438863, 71.28898199371604960, -28.26772415252453641 ) ) ;
#5140 = CARTESIAN_POINT ( 'NONE',  ( -29.99793184607706564, 165.1521464230492597, 40.00232266548115234 ) ) ;
#5141 = CARTESIAN_POINT ( 'NONE',  ( 35.48613965603917819, 41.14807402462482600, -34.35492515600358843 ) ) ;
#5142 = CARTESIAN_POINT ( 'NONE',  ( -47.03874315999063072, 66.31954352124841989, -43.47092483188748702 ) ) ;
#5143 = CARTESIAN_POINT ( 'NONE',  ( -43.41654570485090403, 58.00000000000000000, -18.00000000000000000 ) ) ;
#5144 = VECTOR ( 'NONE', #2699, 1000.000000000000000 ) ;
#5145 = VERTEX_POINT ( 'NONE', #657 ) ;
#5146 = VECTOR ( 'NONE', #5439, 1000.000000000000000 ) ;
#5147 = ORIENTED_EDGE ( 'NONE', *, *, #4326, .F. ) ;
#5148 = CARTESIAN_POINT ( 'NONE',  ( -33.09259735953043702, 35.99999999999999289, -32.66833329081850223 ) ) ;
#5149 = CARTESIAN_POINT ( 'NONE',  ( -24.96626355950891352, 111.3121957717727071, -40.79466709084002218 ) ) ;
#5150 = CARTESIAN_POINT ( 'NONE',  ( -108.0000000000000142, 202.4922469032945287, -1.278898672072648068 ) ) ;
#5151 = DIRECTION ( 'NONE',  ( 0.000000000000000000, 1.000000000000000000, 0.000000000000000000 ) ) ;
#5152 = CARTESIAN_POINT ( 'NONE',  ( -37.25277915899234671, 171.2031378497270850, 28.50815149135656412 ) ) ;
#5153 = CIRCLE ( 'NONE', #2132, 46.99996213765929554 ) ;
#5154 = CARTESIAN_POINT ( 'NONE',  ( 49.82615309694461558, 100.9687423887486943, 40.68351489493350215 ) ) ;
#5155 = B_SPLINE_CURVE_WITH_KNOTS ( 'NONE', 3,
 ( #974, #3821, #5412, #4266 ),
 .UNSPECIFIED., .F., .F.,
 ( 4, 4 ),
 ( 0.000000000000000000, 0.009128091185151905596 ),
 .UNSPECIFIED. ) ;
#5156 = ORIENTED_EDGE ( 'NONE', *, *, #5505, .F. ) ;
#5157 = CARTESIAN_POINT ( 'NONE',  ( -32.88046532517446963, 52.00000000000000000, -32.88046532517446963 ) ) ;
#5158 = CARTESIAN_POINT ( 'NONE',  ( -32.58376914801012703, 36.58494384897175422, -33.17716150233881223 ) ) ;
#5159 = CARTESIAN_POINT ( 'NONE',  ( 28.75104949436350665, 66.80701258836775480, -37.00988115598539707 ) ) ;
#5160 = CARTESIAN_POINT ( 'NONE',  ( 43.94697918396568781, 157.2818685057019650, -46.56268880791239440 ) ) ;
#5161 = CARTESIAN_POINT ( 'NONE',  ( -38.56258473745504034, 166.8763353538258514, 27.19834591289388115 ) ) ;
#5162 = CARTESIAN_POINT ( 'NONE',  ( 29.90453712062124225, 80.17275260434303163, 40.07697081585708787 ) ) ;
#5163 = VERTEX_POINT ( 'NONE', #114 ) ;
#5164 = CARTESIAN_POINT ( 'NONE',  ( 45.25483399593903755, 158.6226686892998146, -45.25483399593904466 ) ) ;
#5165 = LINE ( 'NONE', #6365, #3004 ) ;
#5166 = CARTESIAN_POINT ( 'NONE',  ( -45.25483399593905176, 94.50000000000000000, -45.25483399593905176 ) ) ;
#5167 = CARTESIAN_POINT ( 'NONE',  ( 42.62031228415365547, 75.23276251545790672, 47.88935570772444095 ) ) ;
#5168 = CARTESIAN_POINT ( 'NONE',  ( -42.78460399787553570, 155.3921848145515412, -47.72506399400257493 ) ) ;
#5169 = EDGE_CURVE ( 'NONE', #5465, #6573, #1849, .T. ) ;
#5170 = CARTESIAN_POINT ( 'NONE',  ( 32.88046532517449805, 145.5000000000000000, 32.88046532517445542 ) ) ;
#5171 = CARTESIAN_POINT ( 'NONE',  ( 107.9999999999999858, 200.0436515574731118, -1.136500775115126149 ) ) ;
#5172 = LINE ( 'NONE', #3057, #4870 ) ;
#5173 = CARTESIAN_POINT ( 'NONE',  ( -28.32786105134579202, 170.3776853043383994, 37.50420821734696375 ) ) ;
#5174 = CARTESIAN_POINT ( 'NONE',  ( -49.95700856522979905, 261.9455108501143741, -2.073261794621555687 ) ) ;
#5175 = CARTESIAN_POINT ( 'NONE',  ( -44.73292201045924799, 54.62836855260157876, -45.77674598141885554 ) ) ;
#5176 = CARTESIAN_POINT ( 'NONE',  ( 37.00988115598539707, 66.80701258836774059, -28.75104949436352086 ) ) ;
#5177 = CARTESIAN_POINT ( 'NONE',  ( -41.20837082990156830, 95.33333850038954438, 28.32233409766196885 ) ) ;
#5178 = CARTESIAN_POINT ( 'NONE',  ( 48.76789381400745782, 85.62404022679615423, 41.74177417787063860 ) ) ;
#5179 = CARTESIAN_POINT ( 'NONE',  ( 41.74177417787064570, 85.62404022679615423, 48.76789381400746493 ) ) ;
#5180 = CARTESIAN_POINT ( 'NONE',  ( -40.15053420550685104, 101.0166046022987985, -25.61039644484208111 ) ) ;
#5181 = DIRECTION ( 'NONE',  ( 0.000000000000000000, -1.000000000000000000, 0.000000000000000000 ) ) ;
#5182 = CARTESIAN_POINT ( 'NONE',  ( 28.35440726274840983, 95.00178607668459563, -41.18630044091789699 ) ) ;
#5183 = VERTEX_POINT ( 'NONE', #2348 ) ;
#5184 = ORIENTED_EDGE ( 'NONE', *, *, #805, .F. ) ;
#5185 = CARTESIAN_POINT ( 'NONE',  ( -47.31597781508200029, 69.12979561808752749, -43.19369017679611034 ) ) ;
#5186 = CARTESIAN_POINT ( 'NONE',  ( 46.98823194100207701, 211.8612434714030144, 1.050000000000000044 ) ) ;
#5187 = CARTESIAN_POINT ( 'NONE',  ( -108.0000000000000000, 200.0436515574730834, -1.136500775115126149 ) ) ;
#5188 = CARTESIAN_POINT ( 'NONE',  ( -24.69734275216252328, 116.6762642137271513, 41.06358789818639110 ) ) ;
#5189 = CARTESIAN_POINT ( 'NONE',  ( 36.46736499287372624, 173.1609393494194080, 29.29356565747520236 ) ) ;
#5190 = CARTESIAN_POINT ( 'NONE',  ( 49.94330312371646841, 259.4509246402943745, 2.384160887006322671 ) ) ;
#5191 = EDGE_LOOP ( 'NONE', ( #6270, #7165, #1839, #6172 ) ) ;
#5192 = CARTESIAN_POINT ( 'NONE',  ( -32.98532786528268446, 54.99999999999999289, -37.57616459432502154 ) ) ;
#5193 = LINE ( 'NONE', #1337, #7104 ) ;
#5194 = CARTESIAN_POINT ( 'NONE',  ( 29.67952824767894526, 58.70654625247947678, -36.08140240266997978 ) ) ;
#5195 = CARTESIAN_POINT ( 'NONE',  ( 41.06358789818639110, 116.6762642137271371, -24.69734275216253394 ) ) ;
#5196 = CARTESIAN_POINT ( 'NONE',  ( -39.22375858382816460, 163.8347417721553541, -26.53717206652077110 ) ) ;
#5197 = CARTESIAN_POINT ( 'NONE',  ( 42.18719615595213668, 147.8619356179141562, 26.83766949383974065 ) ) ;
#5198 = EDGE_LOOP ( 'NONE', ( #575, #4859 ) ) ;
#5199 = CARTESIAN_POINT ( 'NONE',  ( 49.82615309694460137, 100.9687423887486943, -40.68351489493349504 ) ) ;
#5200 = CARTESIAN_POINT ( 'NONE',  ( -50.59218501756917874, 120.2343318316845853, -39.91748297430893899 ) ) ;
#5201 = CARTESIAN_POINT ( 'NONE',  ( -42.56869902803982342, 132.7716359899607710, -26.22797537150328040 ) ) ;
#5202 = CARTESIAN_POINT ( 'NONE',  ( 47.00000000000000000, 262.3741519413206902, -2.327531496599664962 ) ) ;
#5203 = CARTESIAN_POINT ( 'NONE',  ( 35.06995688179168980, 49.00211377389211975, 31.16249184016700013 ) ) ;
#5204 = CARTESIAN_POINT ( 'NONE',  ( -29.70024544798695132, 172.9891755310163433, 36.43109891601260841 ) ) ;
#5205 = CARTESIAN_POINT ( 'NONE',  ( -49.99703806077488366, 267.2571945677786971, 0.5520385659266252576 ) ) ;
#5206 = CARTESIAN_POINT ( 'NONE',  ( 34.68057595339049470, 175.3233815820528321, -31.08035469695841968 ) ) ;
#5207 = CARTESIAN_POINT ( 'NONE',  ( -40.34597417626342519, 163.6450384062735850, 29.53380614872382992 ) ) ;
#5208 = EDGE_CURVE ( 'NONE', #5539, #6644, #3124, .T. ) ;
#5209 = CARTESIAN_POINT ( 'NONE',  ( 35.98550691814762814, 43.91141705726550981, -34.15368864456466724 ) ) ;
#5210 = AXIS2_PLACEMENT_3D ( 'NONE', #7186, #1051, #5379 ) ;
#5211 = CARTESIAN_POINT ( 'NONE',  ( -35.45918685583342267, 52.00000000000000711, 30.80394296248343267 ) ) ;
#5212 = CARTESIAN_POINT ( 'NONE',  ( 28.04587946176237878, 73.51205704305357358, -37.71505118858653560 ) ) ;
#5213 = CARTESIAN_POINT ( 'NONE',  ( 47.72506399400257493, 155.3921848145515128, 42.78460399787553570 ) ) ;
#5214 = CARTESIAN_POINT ( 'NONE',  ( 35.45892271379209149, 172.4006591004294933, -35.25181839961086894 ) ) ;
#5215 = EDGE_CURVE ( 'NONE', #5539, #6524, #2626, .T. ) ;
#5216 = VERTEX_POINT ( 'NONE', #1946 ) ;
#5217 = AXIS2_PLACEMENT_3D ( 'NONE', #4149, #3673, #6353 ) ;
#5218 = ORIENTED_EDGE ( 'NONE', *, *, #2811, .F. ) ;
#5219 = CARTESIAN_POINT ( 'NONE',  ( -37.00988115598540418, 66.80701258836775480, -28.75104949436352442 ) ) ;
#5220 = CARTESIAN_POINT ( 'NONE',  ( -36.22026865339365997, 45.29752987678865139, -34.03970758276494735 ) ) ;
#5221 = CARTESIAN_POINT ( 'NONE',  ( -108.0000000000000000, 213.4833387586855622, -1.528005135380340107 ) ) ;
#5222 = CARTESIAN_POINT ( 'NONE',  ( -24.55371574811972124, 145.7020373835961493, 41.20721490222918959 ) ) ;
#5223 = CARTESIAN_POINT ( 'NONE',  ( 49.98047694068797142, 179.1898827802721712, 1.478702751962263973 ) ) ;
#5224 = ORIENTED_EDGE ( 'NONE', *, *, #1884, .T. ) ;
#5225 = EDGE_CURVE ( 'NONE', #162, #6700, #914, .T. ) ;
#5226 = CARTESIAN_POINT ( 'NONE',  ( 29.85456569809049299, 57.99999999144424123, 36.04734682555345415 ) ) ;
#5227 = CARTESIAN_POINT ( 'NONE',  ( 26.85867340158341321, 85.63114929373708151, -38.90225724876550117 ) ) ;
#5228 = DIRECTION ( 'NONE',  ( -0.7071067811865474617, 0.000000000000000000, -0.7071067811865474617 ) ) ;
#5229 = CARTESIAN_POINT ( 'NONE',  ( -33.59269824446734276, 39.48056780803436538, -32.16823240588159649 ) ) ;
#5230 = CARTESIAN_POINT ( 'NONE',  ( 42.38377953709491663, 120.1731893915939651, 26.52597244525781406 ) ) ;
#5231 = ORIENTED_EDGE ( 'NONE', *, *, #3266, .F. ) ;
#5232 = CARTESIAN_POINT ( 'NONE',  ( 44.99017980345195866, 52.44290321668560750, 45.51948818842615196 ) ) ;
#5233 = CARTESIAN_POINT ( 'NONE',  ( 37.00988115598541128, 66.80701258836774059, 28.75104949436352797 ) ) ;
#5234 = AXIS2_PLACEMENT_3D ( 'NONE', #4214, #6389, #1415 ) ;
#5235 = CARTESIAN_POINT ( 'NONE',  ( -36.72941495113131793, 63.16230265228886509, -29.33832445349483820 ) ) ;
#5236 = ORIENTED_EDGE ( 'NONE', *, *, #3082, .F. ) ;
#5237 = CARTESIAN_POINT ( 'NONE',  ( 34.15356504387183634, 43.91303109689120276, -35.98579126513808291 ) ) ;
#5238 = FACE_OUTER_BOUND ( 'NONE', #6894, .T. ) ;
#5239 = CARTESIAN_POINT ( 'NONE',  ( 108.0000000000000000, 188.8455625563293552, -0.2356386559728526342 ) ) ;
#5240 = CARTESIAN_POINT ( 'NONE',  ( -44.73292201045923377, 54.62836855260158586, 45.77674598141885554 ) ) ;
#5241 = CARTESIAN_POINT ( 'NONE',  ( -36.25127792575357688, 173.2497798333151877, 29.91528168016558098 ) ) ;
#5242 = DIRECTION ( 'NONE',  ( 0.000000000000000000, 0.000000000000000000, 1.000000000000000000 ) ) ;
#5243 = B_SPLINE_CURVE_WITH_KNOTS ( 'NONE', 3,
 ( #5846, #5305, #319, #1078, #2288 ),
 .UNSPECIFIED., .F., .F.,
 ( 4, 1, 4 ),
 ( 0.8684778216905940651, 0.9074622505925599159, 0.9227094376715982982 ),
 .UNSPECIFIED. ) ;
#5244 = CARTESIAN_POINT ( 'NONE',  ( -50.49399183426301363, 134.5090890707682831, 40.01567615761508279 ) ) ;
#5245 = CARTESIAN_POINT ( 'NONE',  ( -37.71505118858650718, 169.6705890995216350, 28.04587946176240720 ) ) ;
#5246 = CARTESIAN_POINT ( 'NONE',  ( -42.39887059890469345, 120.7183223083711994, 26.50182654239695168 ) ) ;
#5247 = CARTESIAN_POINT ( 'NONE',  ( 28.50815149135656057, 171.2031378497270566, -37.25277915899235381 ) ) ;
#5248 = CARTESIAN_POINT ( 'NONE',  ( 34.68057595339050891, 175.3233815820528605, 31.08035469695842679 ) ) ;
#5249 = CARTESIAN_POINT ( 'NONE',  ( -34.81447876247083428, 48.51213425699023674, -30.94645188787811207 ) ) ;
#5250 = CARTESIAN_POINT ( 'NONE',  ( 41.74177417787063860, 85.62404022679615423, -48.76789381400745782 ) ) ;
#5251 = CARTESIAN_POINT ( 'NONE',  ( 26.24179909868658811, 135.2892170286631313, -42.56023145310042821 ) ) ;
#5252 = VERTEX_POINT ( 'NONE', #6980 ) ;
#5253 = ORIENTED_EDGE ( 'NONE', *, *, #3347, .F. ) ;
#5254 = VECTOR ( 'NONE', #1862, 1000.000000000000000 ) ;
#5255 = CARTESIAN_POINT ( 'NONE',  ( -37.49320649782439574, 71.28898199371606381, -28.26772415252453641 ) ) ;
#5256 = CARTESIAN_POINT ( 'NONE',  ( 46.99716253059126103, 211.0823346594002317, -0.5285059912583925934 ) ) ;
#5257 = EDGE_CURVE ( 'NONE', #7094, #4581, #6409, .T. ) ;
#5258 = CARTESIAN_POINT ( 'NONE',  ( -47.00000000000000000, 259.9730972603334749, 2.655267262506165515 ) ) ;
#5259 = CARTESIAN_POINT ( 'NONE',  ( -44.73292201045923377, 54.62836855260158586, 45.77674598141885554 ) ) ;
#5260 = CARTESIAN_POINT ( 'NONE',  ( 50.00001038705291023, 267.6403945092176855, -0.05873842811629015337 ) ) ;
#5261 = CARTESIAN_POINT ( 'NONE',  ( -31.31356217171363099, 45.71524904810725332, 34.44736847863527629 ) ) ;
#5262 = CARTESIAN_POINT ( 'NONE',  ( 31.92684771948880851, 41.21309918220618584, 33.83408293086011298 ) ) ;
#5263 = CARTESIAN_POINT ( 'NONE',  ( 48.14642419775778848, 153.8348667856812142, 42.36324379412032215 ) ) ;
#5264 = AXIS2_PLACEMENT_3D ( 'NONE', #4620, #1347, #5586 ) ;
#5265 = CARTESIAN_POINT ( 'NONE',  ( 36.55755952383909602, 172.0119194015628352, 34.11210485453700869 ) ) ;
#5266 = EDGE_LOOP ( 'NONE', ( #1602, #6558 ) ) ;
#5267 = CARTESIAN_POINT ( 'NONE',  ( 40.43689723274794545, 104.9875858014058423, 50.07277075913016517 ) ) ;
#5268 = AXIS2_PLACEMENT_3D ( 'NONE', #1880, #6848, #698 ) ;
#5269 = CARTESIAN_POINT ( 'NONE',  ( -108.0000000000000000, 191.9302026907494678, 0.5265706568650422303 ) ) ;
#5270 = ORIENTED_EDGE ( 'NONE', *, *, #2010, .F. ) ;
#5271 = CARTESIAN_POINT ( 'NONE',  ( 31.32513990815242977, 174.7035535478271981, 35.04077431780509500 ) ) ;
#5272 = FACE_BOUND ( 'NONE', #88, .T. ) ;
#5273 = CARTESIAN_POINT ( 'NONE',  ( 47.00000000000000000, 187.6273319016061407, 2.018801020640145438 ) ) ;
#5274 = CARTESIAN_POINT ( 'NONE',  ( -41.45303252024854146, 89.40149471062302666, 49.05663547162955496 ) ) ;
#5275 = CARTESIAN_POINT ( 'NONE',  ( -30.36448191014740061, 173.7963362840287687, 35.87586871434793778 ) ) ;
#5276 = CARTESIAN_POINT ( 'NONE',  ( -38.00000000000000000, 58.00000000000000000, -24.00000000000000000 ) ) ;
#5277 = CARTESIAN_POINT ( 'NONE',  ( -40.57183789878038027, 143.4569695494772930, 49.93783009309771614 ) ) ;
#5278 = CARTESIAN_POINT ( 'NONE',  ( -42.56805623992438115, 133.4434379767849350, 26.22901137448827313 ) ) ;
#5279 = CARTESIAN_POINT ( 'NONE',  ( -34.30797173411126977, 175.2150490470393720, -32.12638060451919131 ) ) ;
#5280 = CARTESIAN_POINT ( 'NONE',  ( 30.12822377908833005, 54.97802726448587407, 35.63270687126060210 ) ) ;
#5281 = CARTESIAN_POINT ( 'NONE',  ( -33.17716150233879802, 36.58494384897174712, 32.58376914801011992 ) ) ;
#5282 = CARTESIAN_POINT ( 'NONE',  ( 39.91748297430892478, 120.2343318316845853, -50.59218501756916453 ) ) ;
#5283 = CARTESIAN_POINT ( 'NONE',  ( -45.57187448734443791, 52.88466077438591384, -44.93779350453367272 ) ) ;
#5284 = ORIENTED_EDGE ( 'NONE', *, *, #4335, .F. ) ;
#5285 = EDGE_CURVE ( 'NONE', #5588, #1886, #255, .T. ) ;
#5286 = ORIENTED_EDGE ( 'NONE', *, *, #154, .F. ) ;
#5287 = CARTESIAN_POINT ( 'NONE',  ( -48.76789381400746493, 85.62404022679615423, -41.74177417787065281 ) ) ;
#5288 = DIRECTION ( 'NONE',  ( 0.7071067811865474617, 0.000000000000000000, 0.7071067811865474617 ) ) ;
#5289 = CARTESIAN_POINT ( 'NONE',  ( -107.9999999999999858, 210.0060237486752897, 1.543678944899053773 ) ) ;
#5290 = CARTESIAN_POINT ( 'NONE',  ( -41.19064070390658117, 148.1781441586251162, 49.31902728797150104 ) ) ;
#5291 = CARTESIAN_POINT ( 'NONE',  ( 49.89942805278172955, 250.3241509906085582, -3.170637531510492213 ) ) ;
#5292 = CARTESIAN_POINT ( 'NONE',  ( 24.39235554936074735, 141.0186408901463437, 41.36857510098818835 ) ) ;
#5293 = ADVANCED_FACE ( 'NONE', ( #4164 ), #1667, .T. ) ;
#5294 = CARTESIAN_POINT ( 'NONE',  ( 48.18764232538012493, 78.60787726850115575, 42.32202566649797859 ) ) ;
#5295 = ADVANCED_FACE ( 'NONE', ( #3389 ), #2448, .F. ) ;
#5296 = LINE ( 'NONE', #3634, #6057 ) ;
#5297 = CARTESIAN_POINT ( 'NONE',  ( 42.02959319973481911, 110.0851088579697858, 27.08565407319159490 ) ) ;
#5298 = CARTESIAN_POINT ( 'NONE',  ( -36.10435859988290730, 58.00000000000000711, 29.93853975964411873 ) ) ;
#5299 = DIRECTION ( 'NONE',  ( 0.000000000000000000, -1.000000000000000000, 0.000000000000000000 ) ) ;
#5300 = CARTESIAN_POINT ( 'NONE',  ( 37.49320649782439574, 71.28898199371604960, 28.26772415252454351 ) ) ;
#5301 = EDGE_CURVE ( 'NONE', #5216, #6439, #6255, .T. ) ;
#5302 = CARTESIAN_POINT ( 'NONE',  ( -36.16138306720321083, 57.99999999999999289, 30.02250515210873871 ) ) ;
#5303 = CARTESIAN_POINT ( 'NONE',  ( 35.39129624322332290, 52.00000000000002132, -30.70442761880743632 ) ) ;
#5304 = CARTESIAN_POINT ( 'NONE',  ( -39.70221989019847086, 166.3214578944569553, -30.39400384065057636 ) ) ;
#5305 = CARTESIAN_POINT ( 'NONE',  ( -37.33082634058646221, 69.78879597759089393, -28.43010430976247704 ) ) ;
#5306 = CARTESIAN_POINT ( 'NONE',  ( -41.19064070390658117, 148.1781441586251162, 49.31902728797150104 ) ) ;
#5307 = CARTESIAN_POINT ( 'NONE',  ( -34.03970758276494024, 45.29752987678863718, 36.22026865339361734 ) ) ;
#5308 = DIRECTION ( 'NONE',  ( 0.000000000000000000, 1.000000000000000000, 0.000000000000000000 ) ) ;
#5309 = ADVANCED_FACE ( 'NONE', ( #6797, #612 ), #6254, .T. ) ;
#5310 = CARTESIAN_POINT ( 'NONE',  ( -43.05106378547497314, 156.3633846497057789, -47.45860420640313748 ) ) ;
#5311 = EDGE_LOOP ( 'NONE', ( #987, #6982, #2174, #4434, #6313, #4354, #327, #3443, #4903, #975, #1783, #7062 ) ) ;
#5312 = CARTESIAN_POINT ( 'NONE',  ( 31.92684771948880851, 41.21309918220618584, 33.83408293086011298 ) ) ;
#5313 = CARTESIAN_POINT ( 'NONE',  ( -40.65331820325020118, 153.6225640485288011, -25.10761244709873452 ) ) ;
#5314 = CARTESIAN_POINT ( 'NONE',  ( 30.12822377908831584, 54.97802726448587407, -35.63270687126060210 ) ) ;
#5315 = CARTESIAN_POINT ( 'NONE',  ( 31.70475716768729413, 64.96805734563767487, -38.67037218050471381 ) ) ;
#5316 = AXIS2_PLACEMENT_3D ( 'NONE', #6906, #1940, #3238 ) ;
#5317 = VERTEX_POINT ( 'NONE', #5742 ) ;
#5318 = CARTESIAN_POINT ( 'NONE',  ( -40.15053420550685104, 101.0166046022987985, -25.61039644484208111 ) ) ;
#5319 = CARTESIAN_POINT ( 'NONE',  ( -32.66833329081850223, 36.00000000000000000, -33.09259735953043702 ) ) ;
#5320 = CARTESIAN_POINT ( 'NONE',  ( -30.80394296248340069, 52.00000000000000000, 35.45918685583340135 ) ) ;
#5321 = CARTESIAN_POINT ( 'NONE',  ( -32.58376914801011281, 36.58494384897175422, 33.17716150233880512 ) ) ;
#5322 = CARTESIAN_POINT ( 'NONE',  ( 49.92322734332374523, 256.1231826355162298, 2.771376959650570626 ) ) ;
#5323 = VECTOR ( 'NONE', #7038, 1000.000000000000000 ) ;
#5324 = CARTESIAN_POINT ( 'NONE',  ( -24.29434890298208316, 131.8280114082709815, -41.46658174736685964 ) ) ;
#5325 = CARTESIAN_POINT ( 'NONE',  ( 25.51359495171288216, 157.6066838202881399, 40.24733569863605709 ) ) ;
#5326 = CARTESIAN_POINT ( 'NONE',  ( 44.73292201045922667, 54.62836855260160718, -45.77674598141885554 ) ) ;
#5327 = CARTESIAN_POINT ( 'NONE',  ( 45.25483399593905176, 158.6226686892998146, 45.25483399593905176 ) ) ;
#5328 = DIRECTION ( 'NONE',  ( -0.000000000000000000, 1.000000000000000000, -0.000000000000000000 ) ) ;
#5329 = DIRECTION ( 'NONE',  ( -0.7071067811865474617, 0.000000000000000000, -0.7071067811865474617 ) ) ;
#5330 = CARTESIAN_POINT ( 'NONE',  ( 46.53284740717148793, 61.44371818057052792, 43.97682058470662980 ) ) ;
#5331 = CARTESIAN_POINT ( 'NONE',  ( 45.57187448734442370, 52.88466077438589963, -44.93779350453366561 ) ) ;
#5332 = EDGE_CURVE ( 'NONE', #5606, #609, #422, .T. ) ;
#5333 = CARTESIAN_POINT ( 'NONE',  ( 47.72506399400257493, 155.3921848145515128, 42.78460399787553570 ) ) ;
#5334 = ORIENTED_EDGE ( 'NONE', *, *, #133, .F. ) ;
#5335 = LINE ( 'NONE', #348, #1435 ) ;
#5336 = CARTESIAN_POINT ( 'NONE',  ( -38.14896356789960663, 59.98009825480410484, -32.33280779337667354 ) ) ;
#5337 = CARTESIAN_POINT ( 'NONE',  ( 47.00000000000000000, 251.9412599742290695, 3.265112851063872057 ) ) ;
#5338 = CARTESIAN_POINT ( 'NONE',  ( -40.01567615761507568, 134.5090890707682547, 50.49399183426301363 ) ) ;
#5339 = EDGE_CURVE ( 'NONE', #1515, #3950, #7, .T. ) ;
#5340 = FACE_OUTER_BOUND ( 'NONE', #465, .T. ) ;
#5341 = CARTESIAN_POINT ( 'NONE',  ( -49.96485920632036937, 263.6146457134313437, 1.875484831726210277 ) ) ;
#5342 = CARTESIAN_POINT ( 'NONE',  ( -29.68759046699971194, 174.1961081890038656, 36.07334018334920245 ) ) ;
#5343 = CARTESIAN_POINT ( 'NONE',  ( -27.21337766141935077, 151.6279985229542433, 41.94603062282968153 ) ) ;
#5344 = CARTESIAN_POINT ( 'NONE',  ( 46.56268880791238018, 157.2818685057020218, -43.94697918396571623 ) ) ;
#5345 = CARTESIAN_POINT ( 'NONE',  ( -28.61795832013480023, 171.0681637838222855, -37.28534852059507898 ) ) ;
#5346 = ORIENTED_EDGE ( 'NONE', *, *, #2341, .T. ) ;
#5347 = CARTESIAN_POINT ( 'NONE',  ( 24.69734275216253394, 116.6762642137271797, 41.06358789818640531 ) ) ;
#5348 = CARTESIAN_POINT ( 'NONE',  ( -41.06358789818639821, 116.6762642137271797, -24.69734275216253749 ) ) ;
#5349 = CARTESIAN_POINT ( 'NONE',  ( 30.94645188787809786, 48.51213425699023674, -34.81447876247082007 ) ) ;
#5350 = CARTESIAN_POINT ( 'NONE',  ( -49.58005470913414570, 96.97051065983893636, -40.92961328274397204 ) ) ;
#5351 = ORIENTED_EDGE ( 'NONE', *, *, #184, .T. ) ;
#5352 = CARTESIAN_POINT ( 'NONE',  ( -49.31902728797152236, 148.1781441586250878, -41.19064070390658827 ) ) ;
#5353 = DIRECTION ( 'NONE',  ( 0.000000000000000000, -1.000000000000000000, 0.000000000000000000 ) ) ;
#5354 = CARTESIAN_POINT ( 'NONE',  ( -37.49320649782439574, 71.28898199371606381, -28.26772415252453641 ) ) ;
#5355 = CARTESIAN_POINT ( 'NONE',  ( -34.80028685661174137, 38.39089156305781358, -34.65886550037442504 ) ) ;
#5356 = CARTESIAN_POINT ( 'NONE',  ( -41.98910179518573926, 82.37800232306901194, 48.52056619669235005 ) ) ;
#5357 = ORIENTED_EDGE ( 'NONE', *, *, #6288, .F. ) ;
#5358 = CARTESIAN_POINT ( 'NONE',  ( -41.59764216673602277, 150.5005888525397495, -48.91202582514209496 ) ) ;
#5359 = CARTESIAN_POINT ( 'NONE',  ( 31.31356217171364520, 45.71524904810726753, 34.44736847863529050 ) ) ;
#5360 = CARTESIAN_POINT ( 'NONE',  ( 31.08035469695843389, 175.3233815820528605, 34.68057595339049470 ) ) ;
#5361 = CARTESIAN_POINT ( 'NONE',  ( 45.51935232921328378, 52.44175755770029212, -44.99031566266479842 ) ) ;
#5362 = CARTESIAN_POINT ( 'NONE',  ( -24.55371574811972124, 145.7020373835961493, 41.20721490222918959 ) ) ;
#5363 = ORIENTED_EDGE ( 'NONE', *, *, #674, .T. ) ;
#5364 = CARTESIAN_POINT ( 'NONE',  ( 50.07277075913016517, 104.9875858014058423, 40.43689723274794545 ) ) ;
#5365 = B_SPLINE_CURVE_WITH_KNOTS ( 'NONE', 3,
 ( #573, #3280, #2147, #7079 ),
 .UNSPECIFIED., .F., .F.,
 ( 4, 4 ),
 ( 2.520754229927989440E-14, 0.0003614012583409969962 ),
 .UNSPECIFIED. ) ;
#5366 = AXIS2_PLACEMENT_3D ( 'NONE', #1863, #607, #3458 ) ;
#5367 = CARTESIAN_POINT ( 'NONE',  ( -37.24544781882602962, 68.33317738998533741, -28.67738453376403029 ) ) ;
#5368 = CARTESIAN_POINT ( 'NONE',  ( -43.97682058470661559, 61.44371818057052792, 46.53284740717148082 ) ) ;
#5369 = CARTESIAN_POINT ( 'NONE',  ( 36.16138306720323925, 57.99999999999999289, 30.02250515210871740 ) ) ;
#5370 = CARTESIAN_POINT ( 'NONE',  ( -28.26772415252452930, 71.28898199371604960, 37.49320649782438863 ) ) ;
#5371 = FACE_BOUND ( 'NONE', #7059, .T. ) ;
#5372 = CARTESIAN_POINT ( 'NONE',  ( -49.94846284983425022, 260.2981675183535231, 2.273600943963681509 ) ) ;
#5373 = AXIS2_PLACEMENT_3D ( 'NONE', #1695, #3297, #9 ) ;
#5374 = CARTESIAN_POINT ( 'NONE',  ( -41.74177417787062438, 85.62404022679615423, 48.76789381400745782 ) ) ;
#5375 = CARTESIAN_POINT ( 'NONE',  ( -44.34275159336352345, 58.04302010026673031, -46.16691639851458717 ) ) ;
#5376 = EDGE_CURVE ( 'NONE', #333, #4466, #6863, .T. ) ;
#5377 = CARTESIAN_POINT ( 'NONE',  ( -31.32513990815195015, 174.7035535478268855, -35.04077431780550000 ) ) ;
#5378 = EDGE_LOOP ( 'NONE', ( #2442, #190, #373, #5442 ) ) ;
#5379 = DIRECTION ( 'NONE',  ( 0.000000000000000000, 0.000000000000000000, 1.000000000000000000 ) ) ;
#5380 = EDGE_CURVE ( 'NONE', #2656, #922, #6944, .T. ) ;
#5381 = CARTESIAN_POINT ( 'NONE',  ( -39.91748297430894610, 120.2343318316846279, -50.59218501756916453 ) ) ;
#5382 = DIRECTION ( 'NONE',  ( -0.000000000000000000, -1.000000000000000000, -0.000000000000000000 ) ) ;
#5383 = CARTESIAN_POINT ( 'NONE',  ( -49.05663547162955496, 89.40149471062304087, -41.45303252024855567 ) ) ;
#5384 = VERTEX_POINT ( 'NONE', #3429 ) ;
#5385 = CARTESIAN_POINT ( 'NONE',  ( -40.92961328274396493, 96.97051065983893636, -49.58005470913414570 ) ) ;
#5386 = EDGE_CURVE ( 'NONE', #3381, #5043, #6761, .T. ) ;
#5387 = CARTESIAN_POINT ( 'NONE',  ( -107.9999999999999858, 195.4809161837167437, -0.8176760611520634825 ) ) ;
#5388 = LINE ( 'NONE', #4275, #1137 ) ;
#5389 = CARTESIAN_POINT ( 'NONE',  ( -45.46696603029500494, 52.00000000000000000, 45.04270196158308437 ) ) ;
#5390 = CARTESIAN_POINT ( 'NONE',  ( 36.16335210634033359, 59.45114242251203507, 29.59757854400860566 ) ) ;
#5391 = ORIENTED_EDGE ( 'NONE', *, *, #176, .F. ) ;
#5392 = CARTESIAN_POINT ( 'NONE',  ( 41.89008183373209704, 152.1318062554275912, -48.61958615814599227 ) ) ;
#5393 = CARTESIAN_POINT ( 'NONE',  ( 43.94697918396570202, 157.2818685057019650, 46.56268880791240861 ) ) ;
#5394 = CARTESIAN_POINT ( 'NONE',  ( -40.15053420550685104, 101.0166046022987985, -25.61039644484208111 ) ) ;
#5395 = DIRECTION ( 'NONE',  ( 0.000000000000000000, -1.000000000000000000, 0.000000000000000000 ) ) ;
#5396 = CARTESIAN_POINT ( 'NONE',  ( -32.66833329081848802, 36.00000000000000000, 33.09259735953042991 ) ) ;
#5397 = DIRECTION ( 'NONE',  ( -0.000000000000000000, 1.000000000000000000, -0.000000000000000000 ) ) ;
#5398 = CARTESIAN_POINT ( 'NONE',  ( 35.26586455547442966, 174.4941600914046376, -31.07117060069390035 ) ) ;
#5399 = CARTESIAN_POINT ( 'NONE',  ( 38.56258473745506876, 166.8763353538257945, 27.19834591289386694 ) ) ;
#5400 = ORIENTED_EDGE ( 'NONE', *, *, #3662, .T. ) ;
#5401 = CARTESIAN_POINT ( 'NONE',  ( 29.98132752230961273, 145.5000000000000000, -35.77960312803931231 ) ) ;
#5402 = CARTESIAN_POINT ( 'NONE',  ( -28.26772415252452930, 71.28898199371604960, 37.49320649782438863 ) ) ;
#5403 = CARTESIAN_POINT ( 'NONE',  ( 47.00000000000000000, 164.0860123415720579, 0.5490809186924490159 ) ) ;
#5404 = CARTESIAN_POINT ( 'NONE',  ( 34.51648671455647843, 38.38965361115110397, 34.94075078326841322 ) ) ;
#5405 = CARTESIAN_POINT ( 'NONE',  ( -45.25483399593903755, 157.9999999999999716, 45.25483399593904466 ) ) ;
#5406 = CARTESIAN_POINT ( 'NONE',  ( 39.86548770796168384, 124.0985968565961315, -50.64418028391641258 ) ) ;
#5407 = ORIENTED_EDGE ( 'NONE', *, *, #3718, .F. ) ;
#5408 = CARTESIAN_POINT ( 'NONE',  ( 0.000000000000000000, 2.000000000000000000, -0.4000000000000000222 ) ) ;
#5409 = VECTOR ( 'NONE', #2261, 1000.000000000000114 ) ;
#5410 = CARTESIAN_POINT ( 'NONE',  ( 48.76789381400745782, 85.62404022679615423, -41.74177417787063149 ) ) ;
#5411 = CARTESIAN_POINT ( 'NONE',  ( -37.14638582585553195, 171.4065011673031051, -28.79566584424750175 ) ) ;
#5412 = CARTESIAN_POINT ( 'NONE',  ( 35.06995688179168269, 49.00211377389214817, -31.16249184016698237 ) ) ;
#5413 = ORIENTED_EDGE ( 'NONE', *, *, #4070, .F. ) ;
#5414 = CARTESIAN_POINT ( 'NONE',  ( 108.0000000000000000, 188.1420704083295448, -0.1644803745078677881 ) ) ;
#5415 = CARTESIAN_POINT ( 'NONE',  ( -41.46658174736685964, 131.8280114082709815, -24.29434890298207961 ) ) ;
#5416 = CARTESIAN_POINT ( 'NONE',  ( 40.65331820325018697, 153.6225640485287443, -25.10761244709872742 ) ) ;
#5417 = CARTESIAN_POINT ( 'NONE',  ( -36.08140240266998688, 58.70654625247947678, -29.67952824767895947 ) ) ;
#5418 = CARTESIAN_POINT ( 'NONE',  ( 31.31356217171363099, 45.71524904810726753, -34.44736847863527629 ) ) ;
#5419 = CARTESIAN_POINT ( 'NONE',  ( 33.83408293086012719, 41.21309918220622848, 31.92684771948880851 ) ) ;
#5420 = CARTESIAN_POINT ( 'NONE',  ( 41.19064070390658827, 148.1781441586250878, 49.31902728797151525 ) ) ;
#5421 = SECURITY_CLASSIFICATION ( '', '', #1112 ) ;
#5422 = DIRECTION ( 'NONE',  ( 0.000000000000000000, 0.000000000000000000, 1.000000000000000000 ) ) ;
#5423 = CARTESIAN_POINT ( 'NONE',  ( -48.18764232538013204, 78.60787726850114154, -42.32202566649797859 ) ) ;
#5424 = CARTESIAN_POINT ( 'NONE',  ( -49.93783009309770193, 143.4569695494772645, 40.57183789878038738 ) ) ;
#5425 = CARTESIAN_POINT ( 'NONE',  ( -40.75980735771283037, 145.8271779734263021, 49.74986063416525184 ) ) ;
#5426 = EDGE_CURVE ( 'NONE', #5216, #4676, #5172, .T. ) ;
#5427 = ORIENTED_EDGE ( 'NONE', *, *, #1447, .T. ) ;
#5428 = CARTESIAN_POINT ( 'NONE',  ( 47.64815304264732276, 72.49854646718331708, -42.86151494923076655 ) ) ;
#5429 = VERTEX_POINT ( 'NONE', #4124 ) ;
#5430 = CARTESIAN_POINT ( 'NONE',  ( 44.20390395962770214, 59.33385514974001751, 46.30576403225040849 ) ) ;
#5431 = CARTESIAN_POINT ( 'NONE',  ( -33.17716150233881223, 36.58494384897174712, -32.58376914801012703 ) ) ;
#5432 = CARTESIAN_POINT ( 'NONE',  ( 32.94791830014411715, 175.4694692900230848, 33.51819211725139525 ) ) ;
#5433 = VECTOR ( 'NONE', #2881, 1000.000000000000000 ) ;
#5434 = CARTESIAN_POINT ( 'NONE',  ( -26.53717206652075689, 163.8347417721553256, 39.22375858382815750 ) ) ;
#5435 = ADVANCED_FACE ( 'NONE', ( #3606 ), #5543, .T. ) ;
#5436 = LINE ( 'NONE', #6495, #1028 ) ;
#5437 = CARTESIAN_POINT ( 'NONE',  ( 42.78460399787552859, 155.3921848145514844, 47.72506399400258204 ) ) ;
#5438 = VECTOR ( 'NONE', #2086, 1000.000000000000114 ) ;
#5439 = DIRECTION ( 'NONE',  ( 0.000000000000000000, 1.000000000000000000, 0.000000000000000000 ) ) ;
#5440 = CARTESIAN_POINT ( 'NONE',  ( -32.16823240588157518, 39.48056780803440091, 33.59269824446734276 ) ) ;
#5441 = CARTESIAN_POINT ( 'NONE',  ( -33.26194495473986024, 37.17140469785621093, 32.49898569560905770 ) ) ;
#5442 = ORIENTED_EDGE ( 'NONE', *, *, #4949, .F. ) ;
#5443 = CARTESIAN_POINT ( 'NONE',  ( 45.77674598141884843, 54.62836855260157876, -44.73292201045924088 ) ) ;
#5444 = CARTESIAN_POINT ( 'NONE',  ( 26.85867340158341321, 85.63114929373708151, -38.90225724876550117 ) ) ;
#5445 = ORIENTED_EDGE ( 'NONE', *, *, #2141, .F. ) ;
#5446 = CARTESIAN_POINT ( 'NONE',  ( -44.99017980345195866, 52.44290321668560750, -45.51948818842615196 ) ) ;
#5447 = CARTESIAN_POINT ( 'NONE',  ( 41.36857510098818125, 141.0186408901463722, -24.39235554936074024 ) ) ;
#5448 = DIRECTION ( 'NONE',  ( 0.7071067811865475727, 0.000000000000000000, -0.7071067811865474617 ) ) ;
#5449 = CARTESIAN_POINT ( 'NONE',  ( -34.01183617507293633, 94.50000000000000000, -28.21356056934323675 ) ) ;
#5450 = ORIENTED_EDGE ( 'NONE', *, *, #2589, .F. ) ;
#5451 = CARTESIAN_POINT ( 'NONE',  ( 108.0000000000000000, 220.1113353915708615, -0.9303783449379617876 ) ) ;
#5452 = DIRECTION ( 'NONE',  ( 0.7071067811865475727, 0.000000000000000000, -0.7071067811865475727 ) ) ;
#5453 = CARTESIAN_POINT ( 'NONE',  ( 41.59764216673600146, 150.5005888525396927, -48.91202582514208075 ) ) ;
#5454 = CARTESIAN_POINT ( 'NONE',  ( -50.64418028391641968, 124.0985968565961315, -39.86548770796169094 ) ) ;
#5455 = CARTESIAN_POINT ( 'NONE',  ( 32.66833329081848802, 35.99999999999999289, -33.09259735953042991 ) ) ;
#5457 = B_SPLINE_CURVE_WITH_KNOTS ( 'NONE', 3,
 ( #1923, #4143, #2880, #3771, #2304 ),
 .UNSPECIFIED., .F., .F.,
 ( 4, 1, 4 ),
 ( 0.07729056235918742301, 0.09253774940744020905, 0.1315221648816412292 ),
 .UNSPECIFIED. ) ;
#5456 = B_SPLINE_CURVE_WITH_KNOTS ( 'NONE', 3,
 ( #848, #5186, #1916, #3035, #2531, #6952, #4205, #4644, #4237, #4678, #6343, #5256, #261, #3552, #776, #2499, #3000, #6916 ),
 .UNSPECIFIED., .F., .F.,
 ( 4, 2, 2, 2, 2, 2, 2, 2, 4 ),
 ( 0.000000000000000000, 0.0004103602569452557297, 0.0008207205138905114593, 0.001231080770835767026, 0.001641441027781022919, 0.002051801284726278811, 0.002462161541671534920, 0.002872521798616791029, 0.003282882055562047138 ),
 .UNSPECIFIED. ) ;
#5458 = CARTESIAN_POINT ( 'NONE',  ( 26.85867340158341321, 85.63114929373708151, -38.90225724876550117 ) ) ;
#5459 = CARTESIAN_POINT ( 'NONE',  ( -29.77058358522447534, 58.00000011627446383, 35.99034706512443904 ) ) ;
#5460 = CARTESIAN_POINT ( 'NONE',  ( 26.85867340158342387, 85.63114929373708151, 38.90225724876550828 ) ) ;
#5461 = CARTESIAN_POINT ( 'NONE',  ( -31.31356217171363099, 45.71524904810725332, 34.44736847863527629 ) ) ;
#5462 = CARTESIAN_POINT ( 'NONE',  ( -42.78460399787553570, 155.3921848145515412, -47.72506399400257493 ) ) ;
#5463 = CARTESIAN_POINT ( 'NONE',  ( -33.17716150233879802, 36.58494384897174712, 32.58376914801011992 ) ) ;
#5464 = PLANE ( 'NONE',  #1719 ) ;
#5465 = VERTEX_POINT ( 'NONE', #2756 ) ;
#5466 = EDGE_CURVE ( 'NONE', #1081, #5983, #967, .T. ) ;
#5467 = ORIENTED_EDGE ( 'NONE', *, *, #5339, .T. ) ;
#5468 = CARTESIAN_POINT ( 'NONE',  ( 40.11998767400631749, 112.7299032302373121, 50.38968031787179314 ) ) ;
#5469 = PLANE ( 'NONE',  #5718 ) ;
#5470 = LINE ( 'NONE', #992, #1007 ) ;
#5471 = CARTESIAN_POINT ( 'NONE',  ( -28.04587946176250313, 340.0000000000000000, -37.71505118858642902 ) ) ;
#5472 = B_SPLINE_CURVE_WITH_KNOTS ( 'NONE', 3,
 ( #4327, #415, #3813, #4428, #4871 ),
 .UNSPECIFIED., .F., .F.,
 ( 4, 1, 4 ),
 ( 0.8684778415223946002, 0.9074622505925599159, 0.9227094383390403998 ),
 .UNSPECIFIED. ) ;
#5473 = CARTESIAN_POINT ( 'NONE',  ( -42.36324379412030794, 153.8348667856812142, 48.14642419775777427 ) ) ;
#5474 = CARTESIAN_POINT ( 'NONE',  ( 32.12638060454099787, 175.2150490470502291, -34.30797173409087719 ) ) ;
#5475 = CARTESIAN_POINT ( 'NONE',  ( 24.29434890298207961, 131.8280114082709815, 41.46658174736686675 ) ) ;
#5476 = CARTESIAN_POINT ( 'NONE',  ( 42.32202566649796438, 78.60787726850114154, -48.18764232538012493 ) ) ;
#5477 = CARTESIAN_POINT ( 'NONE',  ( -40.57183789878038027, 143.4569695494772930, 49.93783009309771614 ) ) ;
#5478 = CARTESIAN_POINT ( 'NONE',  ( -49.58005470913413149, 96.97051065983893636, 40.92961328274396493 ) ) ;
#5479 = FACE_OUTER_BOUND ( 'NONE', #3474, .T. ) ;
#5480 = VERTEX_POINT ( 'NONE', #1671 ) ;
#5481 = CARTESIAN_POINT ( 'NONE',  ( -46.16691639851458717, 58.04302010026673031, -44.34275159336352345 ) ) ;
#5482 = DIRECTION ( 'NONE',  ( -0.000000000000000000, 1.000000000000000000, -0.000000000000000000 ) ) ;
#5483 = DIRECTION ( 'NONE',  ( 0.000000000000000000, -0.000000000000000000, -1.000000000000000000 ) ) ;
#5484 = VERTEX_POINT ( 'NONE', #5404 ) ;
#5485 = CARTESIAN_POINT ( 'NONE',  ( 44.93779350453366561, 52.88466077438591384, 45.57187448734443080 ) ) ;
#5486 = CARTESIAN_POINT ( 'NONE',  ( -38.00000000000000000, 58.00000000000000000, -21.00000000000000000 ) ) ;
#5487 = CARTESIAN_POINT ( 'NONE',  ( 45.25483399593903755, 158.6226686892998146, -45.25483399593904466 ) ) ;
#5488 = CARTESIAN_POINT ( 'NONE',  ( -38.43390449649707108, 80.61020279584469961, -27.32702615385186462 ) ) ;
#5489 = AXIS2_PLACEMENT_3D ( 'NONE', #537, #6060, #2799 ) ;
#5490 = CARTESIAN_POINT ( 'NONE',  ( 40.11998767400630328, 112.7299032302373263, -50.38968031787177893 ) ) ;
#5491 = CARTESIAN_POINT ( 'NONE',  ( 40.57183789878039448, 143.4569695494772645, 49.93783009309771614 ) ) ;
#5492 = CARTESIAN_POINT ( 'NONE',  ( -40.28617701406467688, 108.7025900201346644, 50.22349097781341243 ) ) ;
#5493 = CARTESIAN_POINT ( 'NONE',  ( -44.20390395962769503, 59.33385514974001751, -46.30576403225040849 ) ) ;
#5494 = CARTESIAN_POINT ( 'NONE',  ( 35.99034706512416193, 58.00000011627452068, 29.77058358522477377 ) ) ;
#5495 = LINE ( 'NONE', #2053, #2061 ) ;
#5496 = EDGE_LOOP ( 'NONE', ( #5084, #7087, #844, #1927 ) ) ;
#5497 = ORIENTED_EDGE ( 'NONE', *, *, #718, .F. ) ;
#5498 = CARTESIAN_POINT ( 'NONE',  ( 25.61039644484207756, 101.0166046022987985, 40.15053420550685814 ) ) ;
#5499 = CARTESIAN_POINT ( 'NONE',  ( -34.84691904185639544, 48.76015656176718238, -30.91401160849255447 ) ) ;
#5500 = CARTESIAN_POINT ( 'NONE',  ( 38.00000000000000000, 320.0000000000000000, -21.00000000000000000 ) ) ;
#5501 = CARTESIAN_POINT ( 'NONE',  ( 43.41654570485090403, 320.0000000000000000, -18.00000000000000000 ) ) ;
#5502 = CARTESIAN_POINT ( 'NONE',  ( -31.92684771948879785, 41.21309918220622848, 33.83408293086011298 ) ) ;
#5503 = DIRECTION ( 'NONE',  ( 0.000000000000000000, -1.000000000000000000, 0.000000000000000000 ) ) ;
#5504 = CARTESIAN_POINT ( 'NONE',  ( 45.04270196158309147, 52.00000000000000000, 45.46696603029501915 ) ) ;
#5505 = EDGE_CURVE ( 'NONE', #3987, #5252, #6701, .T. ) ;
#5506 = CARTESIAN_POINT ( 'NONE',  ( 40.92961328274395783, 96.97051065983893636, -49.58005470913413859 ) ) ;
#5507 = CARTESIAN_POINT ( 'NONE',  ( -41.74177417787062438, 85.62404022679615423, 48.76789381400745782 ) ) ;
#5508 = DATE_TIME_ROLE ( 'creation_date' ) ;
#5509 = CARTESIAN_POINT ( 'NONE',  ( -41.46658174736684543, 131.8280114082709815, 24.29434890298207605 ) ) ;
#5510 = CARTESIAN_POINT ( 'NONE',  ( 32.98532786528269156, 54.99999999999999289, 37.57616459432502154 ) ) ;
#5511 = EDGE_CURVE ( 'NONE', #609, #3381, #2651, .T. ) ;
#5512 = EDGE_LOOP ( 'NONE', ( #1851, #6896, #4690, #794 ) ) ;
#5513 = CARTESIAN_POINT ( 'NONE',  ( -44.99031566266479842, 52.44175755770029923, 45.51935232921329799 ) ) ;
#5514 = CARTESIAN_POINT ( 'NONE',  ( 34.44736847863527629, 45.71524904810724621, -31.31356217171364520 ) ) ;
#5515 = FACE_OUTER_BOUND ( 'NONE', #5311, .T. ) ;
#5516 = CARTESIAN_POINT ( 'NONE',  ( -34.44736847863528340, 45.71524904810726753, -31.31356217171364520 ) ) ;
#5517 = VERTEX_POINT ( 'NONE', #1782 ) ;
#5518 = CARTESIAN_POINT ( 'NONE',  ( 108.0000000000000000, 188.7030918747323653, 0.2216618877870078497 ) ) ;
#5519 = CARTESIAN_POINT ( 'NONE',  ( 44.00000000000000000, 336.0000000000000000, -3.000000000000000000 ) ) ;
#5520 = CARTESIAN_POINT ( 'NONE',  ( 39.22375858382815039, 163.8347417721553256, -26.53717206652076044 ) ) ;
#5521 = CARTESIAN_POINT ( 'NONE',  ( -45.04270196158309147, 52.00000000000000000, -45.46696603029501915 ) ) ;
#5522 = ADVANCED_FACE ( 'NONE', ( #1153, #568 ), #1858, .F. ) ;
#5523 = CARTESIAN_POINT ( 'NONE',  ( 40.68351489493348083, 100.9687423887486943, -49.82615309694460137 ) ) ;
#5524 = CARTESIAN_POINT ( 'NONE',  ( 45.25483399593905176, 158.6226686892998146, 45.25483399593905176 ) ) ;
#5525 = CARTESIAN_POINT ( 'NONE',  ( -25.10761244709871676, 153.6225640485287727, 40.65331820325018697 ) ) ;
#5526 = CARTESIAN_POINT ( 'NONE',  ( -24.37365805196744262, 126.6764942988443892, -41.38727259838150019 ) ) ;
#5527 = CARTESIAN_POINT ( 'NONE',  ( 42.39887059890502741, 120.7183223083830086, -26.50182654239642943 ) ) ;
#5528 = AXIS2_PLACEMENT_3D ( 'NONE', #6181, #543, #1168 ) ;
#5529 = CARTESIAN_POINT ( 'NONE',  ( -49.99605955946435643, 267.1415919397002767, 0.6321145153717425691 ) ) ;
#5530 = ORIENTED_EDGE ( 'NONE', *, *, #241, .F. ) ;
#5531 = EDGE_LOOP ( 'NONE', ( #695, #4426, #752, #4115 ) ) ;
#5532 = CARTESIAN_POINT ( 'NONE',  ( 28.26772415252453285, 71.28898199371604960, 37.49320649782439574 ) ) ;
#5533 = LINE ( 'NONE', #520, #258 ) ;
#5534 = CARTESIAN_POINT ( 'NONE',  ( -108.0000000000000000, 202.4922469032945003, 1.278898672072647846 ) ) ;
#5535 = DIRECTION ( 'NONE',  ( 0.000000000000000000, -1.000000000000000000, 0.000000000000000000 ) ) ;
#5536 = CARTESIAN_POINT ( 'NONE',  ( -50.59218501756915742, 120.2343318316845853, 39.91748297430893189 ) ) ;
#5537 = AXIS2_PLACEMENT_3D ( 'NONE', #6025, #5452, #5559 ) ;
#5538 = DIRECTION ( 'NONE',  ( 0.000000000000000000, 0.000000000000000000, 1.000000000000000000 ) ) ;
#5539 = VERTEX_POINT ( 'NONE', #6679 ) ;
#5540 = CARTESIAN_POINT ( 'NONE',  ( 0.000000000000000000, 320.0000000000000000, 0.000000000000000000 ) ) ;
#5541 = CARTESIAN_POINT ( 'NONE',  ( 29.67952824767894526, 58.70654625247947678, -36.08140240266997978 ) ) ;
#5542 = AXIS2_PLACEMENT_3D ( 'NONE', #2730, #4955, #4919 ) ;
#5543 = B_SPLINE_SURFACE_WITH_KNOTS ( 'NONE', 3, 1, ( 
 ( #351, #2002 ),
 ( #3645, #6903 ),
 ( #6398, #4222 ),
 ( #3714, #5240 ),
 ( #6329, #320 ),
 ( #3128, #4699 ),
 ( #1351, #1387 ),
 ( #6464, #4731 ),
 ( #1424, #1973 ),
 ( #2584, #6434 ),
 ( #5370, #5807 ),
 ( #3571, #4802 ),
 ( #3678, #5274 ),
 ( #3018, #935 ),
 ( #6361, #833 ),
 ( #284, #5910 ),
 ( #2518, #2485 ),
 ( #6936, #1936 ),
 ( #4157, #4192 ),
 ( #5875, #3095 ),
 ( #5847, #5338 ),
 ( #386, #4257 ),
 ( #1901, #3156 ),
 ( #5775, #5306 ),
 ( #247, #2550 ),
 ( #4764, #6970 ),
 ( #7005, #2038 ),
 ( #1459, #4664 ),
 ( #1493, #901 ),
 ( #6867, #797 ),
 ( #1043, #4909 ),
 ( #1002, #6016 ),
 ( #1531, #1601 ),
 ( #5546, #2614 ),
 ( #7179, #7036 ),
 ( #6096, #6502 ),
 ( #3342, #3195 ),
 ( #3849, #492 ),
 ( #5509, #4984 ),
 ( #7074, #3783 ),
 ( #2139, #4367 ),
 ( #6570, #2722 ),
 ( #3815, #7108 ),
 ( #4431, #5478 ),
 ( #4330, #6642 ),
 ( #5979, #3234 ),
 ( #456, #3748 ),
 ( #3276, #4947 ),
 ( #7143, #4834 ),
 ( #4874, #2069 ),
 ( #2103, #2173 ),
 ( #4296, #6536 ),
 ( #6053, #4400 ),
 ( #6609, #1634 ),
 ( #5441, #530 ),
 ( #5942, #1079 ),
 ( #3310, #2686 ) ),
 .UNSPECIFIED., .F., .F., .F.,
 ( 4, 1, 1, 1, 1, 1, 1, 1, 1, 1, 1, 1, 1, 1, 1, 1, 1, 1, 1, 1, 1, 1, 1, 1, 1, 1, 1, 1, 1, 1, 1, 1, 1, 1, 1, 1, 1, 1, 1, 1, 1, 1, 1, 1, 1, 1, 1, 1, 1, 1, 1, 1, 1, 1, 4 ),
 ( 2, 2 ),
 ( 0.000000000000000000, 0.006185920264467840990, 0.006201962899188698426, 0.02441097605636065315, 0.02448136905349916972, 0.05370574164729763345, 0.05388345649501025819, 0.09253774940744020905, 0.09289034474279105058, 0.1389060332195526937, 0.1395093084148930351, 0.1904437008900517758, 0.1913742588137488654, 0.2445345556009105303, 0.2458629933516659483, 0.2984579075547035831, 0.3002380933255869855, 0.3495648249652614226, 0.3518114771965040188, 0.3954646363279900600, 0.3981158618259910686, 0.4341890767744074897, 0.4370593218643058497, 0.4643545367854607919, 0.4670784500627876423, 0.4855543320873984547, 0.4874746266155715047, 0.5000000000000001110, 0.5125253733844284953, 0.5144456679126017118, 0.5329215499372124132, 0.5356454632145394301, 0.5629406781356941503, 0.5658109232255926768, 0.6018841381740089869, 0.6045353636720101065, 0.6481885228034960367, 0.6504351750347387995, 0.6997619066744130700, 0.7015420924452966389, 0.7541370066483340517, 0.7554654443990895807, 0.8086257411862511901, 0.8095562991099484185, 0.8604906915851070481, 0.8610939667804474729, 0.9071096552572089911, 0.9074622505925599159, 0.9461165435049897487, 0.9462942583527024221, 0.9755186309465009309, 0.9755890239436393330, 0.9937980371008113822, 0.9938140797355320410, 1.000000000000000000 ),
 ( 0.000000000000000000, 1.000000000000000000 ),
 .UNSPECIFIED. ) ;
#5544 = CARTESIAN_POINT ( 'NONE',  ( -31.08035469695841968, 175.3233815820528605, 34.68057595339050891 ) ) ;
#5545 = CALENDAR_DATE ( 2026, 29, 9 ) ;
#5546 = CARTESIAN_POINT ( 'NONE',  ( -39.22375858382815039, 163.8347417721553541, 26.53717206652077110 ) ) ;
#5547 = ADVANCED_FACE ( 'NONE', ( #6753 ), #6718, .F. ) ;
#5548 = CARTESIAN_POINT ( 'NONE',  ( 40.11998767400630328, 112.7299032302373263, -50.38968031787177893 ) ) ;
#5549 = AXIS2_PLACEMENT_3D ( 'NONE', #2289, #3965, #61 ) ;
#5550 = VERTEX_POINT ( 'NONE', #6825 ) ;
#5551 = CARTESIAN_POINT ( 'NONE',  ( 45.04270196158309147, 52.00000000000000000, 45.46696603029501915 ) ) ;
#5552 = CARTESIAN_POINT ( 'NONE',  ( 33.59269824446733566, 39.48056780803440091, -32.16823240588158228 ) ) ;
#5553 = CARTESIAN_POINT ( 'NONE',  ( 32.88046532517446252, 176.7803523830567940, -32.88046532517445542 ) ) ;
#5554 = CARTESIAN_POINT ( 'NONE',  ( -35.39129625148120795, 52.00000000000000711, -30.70442763091197946 ) ) ;
#5555 = ADVANCED_FACE ( 'NONE', ( #4508 ), #2251, .F. ) ;
#5556 = VERTEX_POINT ( 'NONE', #1708 ) ;
#5557 = CARTESIAN_POINT ( 'NONE',  ( 33.09259735953043702, 36.00000000000000000, 32.66833329081850223 ) ) ;
#5558 = CARTESIAN_POINT ( 'NONE',  ( -35.25181839959305563, 172.4006591004282711, -35.45892271380974847 ) ) ;
#5559 = DIRECTION ( 'NONE',  ( -0.7071067811865474617, 0.000000000000000000, -0.7071067811865474617 ) ) ;
#5560 = CARTESIAN_POINT ( 'NONE',  ( 45.92619372941036460, 55.93620152028918113, -44.58347426246772471 ) ) ;
#5561 = CARTESIAN_POINT ( 'NONE',  ( -32.49898569560905770, 37.17140469785623935, -33.26194495473988155 ) ) ;
#5562 = CARTESIAN_POINT ( 'NONE',  ( -40.01567615761508989, 134.5090890707682831, -50.49399183426302073 ) ) ;
#5563 = CARTESIAN_POINT ( 'NONE',  ( 26.85867340158341321, 85.63114929373708151, -38.90225724876550117 ) ) ;
#5564 = CARTESIAN_POINT ( 'NONE',  ( 41.98910179518573926, 82.37800232306902615, -48.52056619669235005 ) ) ;
#5565 = FACE_OUTER_BOUND ( 'NONE', #910, .T. ) ;
#5566 = CARTESIAN_POINT ( 'NONE',  ( -40.11998767400631039, 112.7299032302373263, 50.38968031787177893 ) ) ;
#5567 = CARTESIAN_POINT ( 'NONE',  ( -32.66833329081850223, 36.00000000000000000, -33.09259735953043702 ) ) ;
#5568 = CARTESIAN_POINT ( 'NONE',  ( 39.78278296250062596, 166.0223565838383024, -30.28861713264812749 ) ) ;
#5569 = ORIENTED_EDGE ( 'NONE', *, *, #5087, .T. ) ;
#5570 = ORIENTED_EDGE ( 'NONE', *, *, #4375, .F. ) ;
#5571 = CARTESIAN_POINT ( 'NONE',  ( 25.51359495171288216, 157.6066838202881399, 40.24733569863605709 ) ) ;
#5572 = CARTESIAN_POINT ( 'NONE',  ( -28.26772415252453996, 71.28898199371604960, -37.49320649782439574 ) ) ;
#5573 = FACE_BOUND ( 'NONE', #4675, .T. ) ;
#5574 = CARTESIAN_POINT ( 'NONE',  ( -34.80028685661174137, 38.39089156305783490, 34.65886550037443925 ) ) ;
#5575 = CARTESIAN_POINT ( 'NONE',  ( -33.09259735953042281, 35.99999999999999289, 32.66833329081849513 ) ) ;
#5576 = CARTESIAN_POINT ( 'NONE',  ( 45.92619372941038591, 55.93620152028918824, 44.58347426246773892 ) ) ;
#5577 = ORIENTED_EDGE ( 'NONE', *, *, #6497, .F. ) ;
#5578 = FACE_OUTER_BOUND ( 'NONE', #6231, .T. ) ;
#5579 = DIRECTION ( 'NONE',  ( 0.000000000000000000, 1.000000000000000000, 0.000000000000000000 ) ) ;
#5580 = CARTESIAN_POINT ( 'NONE',  ( 50.38968031787177893, 112.7299032302373263, -40.11998767400631749 ) ) ;
#5581 = CARTESIAN_POINT ( 'NONE',  ( -50.58970023380035741, 130.9941881811295445, 39.91996775807773190 ) ) ;
#5582 = CALENDAR_DATE ( 2026, 29, 9 ) ;
#5583 = CARTESIAN_POINT ( 'NONE',  ( 28.32233409766141463, 95.33333850039525714, 41.20837082990195910 ) ) ;
#5584 = CARTESIAN_POINT ( 'NONE',  ( 40.57183789878038027, 143.4569695494772361, -49.93783009309771614 ) ) ;
#5585 = VERTEX_POINT ( 'NONE', #6245 ) ;
#5586 = DIRECTION ( 'NONE',  ( 0.000000000000000000, 0.000000000000000000, 1.000000000000000000 ) ) ;
#5587 = CARTESIAN_POINT ( 'NONE',  ( -46.53284740717148082, 61.44371818057052792, -43.97682058470662270 ) ) ;
#5588 = VERTEX_POINT ( 'NONE', #5693 ) ;
#5589 = CARTESIAN_POINT ( 'NONE',  ( 45.51935232921329799, 52.44175755770029923, 44.99031566266481263 ) ) ;
#5590 = CARTESIAN_POINT ( 'NONE',  ( -37.12955697798314247, 171.5561179699379011, -33.48841238800825693 ) ) ;
#5591 = CARTESIAN_POINT ( 'NONE',  ( -45.04270196158309147, 52.00000000000000000, -45.46696603029501915 ) ) ;
#5592 = CARTESIAN_POINT ( 'NONE',  ( -46.99996105054538020, 213.0499513387468937, -0.1373468742300337497 ) ) ;
#5593 = CARTESIAN_POINT ( 'NONE',  ( -24.96626355950891352, 111.3121957717727071, -40.79466709084002218 ) ) ;
#5594 = EDGE_CURVE ( 'NONE', #5585, #5115, #6134, .T. ) ;
#5595 = CARTESIAN_POINT ( 'NONE',  ( 50.49399183426300652, 134.5090890707682831, -40.01567615761508279 ) ) ;
#5596 = CARTESIAN_POINT ( 'NONE',  ( -39.64092262454941107, 75.12883906526531064, 30.48270409063766451 ) ) ;
#5597 = EDGE_CURVE ( 'NONE', #6088, #1229, #2272, .T. ) ;
#5598 = AXIS2_PLACEMENT_3D ( 'NONE', #784, #5328, #5898 ) ;
#5599 = CARTESIAN_POINT ( 'NONE',  ( 33.83408293086012719, 41.21309918220622848, 31.92684771948880851 ) ) ;
#5600 = CARTESIAN_POINT ( 'NONE',  ( -45.25483399593903755, 158.6226686892998146, 45.25483399593904466 ) ) ;
#5601 = CARTESIAN_POINT ( 'NONE',  ( 29.59757854469404137, 59.45114241664884247, -36.16335210565487301 ) ) ;
#5602 = CARTESIAN_POINT ( 'NONE',  ( 41.20837082990205857, 95.33333850039684876, -28.32233409766129384 ) ) ;
#5603 = CARTESIAN_POINT ( 'NONE',  ( 49.82615309694461558, 100.9687423887486943, 40.68351489493350215 ) ) ;
#5604 = VECTOR ( 'NONE', #5535, 1000.000000000000000 ) ;
#5605 = ORIENTED_EDGE ( 'NONE', *, *, #811, .F. ) ;
#5606 = VERTEX_POINT ( 'NONE', #4655 ) ;
#5607 = CARTESIAN_POINT ( 'NONE',  ( -31.86778859767710870, 42.89642940168629082, -33.89314205267184121 ) ) ;
#5608 = CARTESIAN_POINT ( 'NONE',  ( -37.25277915899236092, 171.2031378497270566, -28.50815149135657478 ) ) ;
#5609 = CARTESIAN_POINT ( 'NONE',  ( -47.00000000000000000, 187.6273319016061407, 2.018801020640145438 ) ) ;
#5610 = CARTESIAN_POINT ( 'NONE',  ( 32.88046532517447673, 176.7803523830567940, 32.88046532517446252 ) ) ;
#5611 = CARTESIAN_POINT ( 'NONE',  ( 40.65331820325020118, 153.6225640485287727, 25.10761244709872742 ) ) ;
#5612 = CARTESIAN_POINT ( 'NONE',  ( -41.46658174736684543, 131.8280114082709815, 24.29434890298207605 ) ) ;
#5613 = CARTESIAN_POINT ( 'NONE',  ( 41.38727259838149308, 126.6764942988443892, 24.37365805196743551 ) ) ;
#5614 = ORIENTED_EDGE ( 'NONE', *, *, #4242, .T. ) ;
#5615 = CARTESIAN_POINT ( 'NONE',  ( 46.99561851544654445, 212.8388087975628480, -0.6462515316770567342 ) ) ;
#5616 = CARTESIAN_POINT ( 'NONE',  ( -42.62031228415366968, 75.23276251545792093, -47.88935570772444095 ) ) ;
#5617 = CARTESIAN_POINT ( 'NONE',  ( 43.47092483188746570, 66.31954352124841989, -47.03874315999062361 ) ) ;
#5618 = CARTESIAN_POINT ( 'NONE',  ( 37.25277915899235381, 171.2031378497270566, -28.50815149135656767 ) ) ;
#5619 = CARTESIAN_POINT ( 'NONE',  ( -37.00988115598539707, 66.80701258836775480, 28.75104949436351731 ) ) ;
#5620 = APPROVAL_DATE_TIME ( #3964, #3442 ) ;
#5621 = CARTESIAN_POINT ( 'NONE',  ( 26.25072632901941105, 135.9913053418269726, 42.55474908577797777 ) ) ;
#5622 = ORIENTED_EDGE ( 'NONE', *, *, #6248, .T. ) ;
#5623 = CARTESIAN_POINT ( 'NONE',  ( 39.75138694003533857, 95.69680212022358035, -26.00954371031357937 ) ) ;
#5624 = CARTESIAN_POINT ( 'NONE',  ( 0.000000000000000000, 335.0000000000000000, 50.00000000000000000 ) ) ;
#5625 = CARTESIAN_POINT ( 'NONE',  ( 45.04270196158307726, 52.00000000000000000, -45.46696603029501205 ) ) ;
#5626 = CARTESIAN_POINT ( 'NONE',  ( -2.293931114067153221, -3.548243663850585872, 2.293931114067153221 ) ) ;
#5627 = EDGE_LOOP ( 'NONE', ( #1237, #5128, #5787, #916 ) ) ;
#5628 = LINE ( 'NONE', #6759, #791 ) ;
#5629 = CARTESIAN_POINT ( 'NONE',  ( 47.00000000000000000, 223.0766262928863171, -3.435922054811924031 ) ) ;
#5630 = CARTESIAN_POINT ( 'NONE',  ( 34.61057804017213613, 46.00849753284919785, 31.45444816953547118 ) ) ;
#5631 = CARTESIAN_POINT ( 'NONE',  ( -39.91748297430894610, 120.2343318316846279, -50.59218501756916453 ) ) ;
#5632 = ADVANCED_FACE ( 'NONE', ( #3671 ), #1342, .F. ) ;
#5633 = CARTESIAN_POINT ( 'NONE',  ( -47.31597781508198608, 69.12979561808752749, 43.19369017679610323 ) ) ;
#5634 = CARTESIAN_POINT ( 'NONE',  ( -28.75104949436352442, 66.80701258836774059, -37.00988115598541128 ) ) ;
#5635 = CARTESIAN_POINT ( 'NONE',  ( 33.59269824446733566, 39.48056780803440091, -32.16823240588158228 ) ) ;
#5636 = CARTESIAN_POINT ( 'NONE',  ( 50.07277075913015096, 104.9875858014058423, -40.43689723274793835 ) ) ;
#5637 = LINE ( 'NONE', #1763, #4176 ) ;
#5638 = CARTESIAN_POINT ( 'NONE',  ( -40.57183789878038027, 143.4569695494772930, 49.93783009309771614 ) ) ;
#5639 = DIRECTION ( 'NONE',  ( 0.000000000000000000, -1.000000000000000000, 0.000000000000000000 ) ) ;
#5640 = CARTESIAN_POINT ( 'NONE',  ( 37.25277915899236092, 171.2031378497270282, 28.50815149135656767 ) ) ;
#5641 = CARTESIAN_POINT ( 'NONE',  ( 37.80070851025061529, 170.7959266676879793, -32.72860058175103859 ) ) ;
#5642 = CARTESIAN_POINT ( 'NONE',  ( 50.22349097781342664, 108.7025900201346644, 40.28617701406468399 ) ) ;
#5643 = EDGE_CURVE ( 'NONE', #3420, #5098, #893, .T. ) ;
#5644 = B_SPLINE_CURVE_WITH_KNOTS ( 'NONE', 3,
 ( #6955, #6884, #5223, #1300, #3555, #1444, #3665, #1919, #4208, #1370, #4140, #338, #2534, #1406, #229, #2569, #779, #5322, #4175, #5190, #6346, #4681, #5794, #3112, #6382, #6853, #3003, #2968, #2469, #6816, #818, #3037, #197, #1848, #302, #4073, #5260, #1885, #265, #4105, #5760, #2501, #4716, #3079, #5725, #6919, #5829, #3521, #743, #6417, #5862, #2432, #4647, #6311, #1333, #1954, #3627, #852, #5291, #4750, #1991, #886, #3769, #4241, #3733, #1586, #1622, #3293, #5929, #475, #6592, #1548, #2672, #4822 ),
 .UNSPECIFIED., .F., .F.,
 ( 4, 2, 2, 2, 2, 2, 2, 2, 2, 2, 2, 2, 2, 2, 2, 2, 2, 2, 2, 2, 2, 2, 2, 2, 2, 2, 2, 2, 2, 2, 2, 2, 2, 2, 2, 2, 4 ),
 ( 0.000000000000000000, 0.02678353600980694013, 0.04017530401471045010, 0.05356707201961396353, 0.06695884002451746309, 0.07365472402696925103, 0.08035060802942105285, 0.08704649203187284079, 0.09374237603432472588, 0.09709031803555058515, 0.1004382600367764306, 0.1012752455370829058, 0.1021122310373893671, 0.1037862020380021372, 0.1054601730386149072, 0.1062971585389213547, 0.1067156512890745923, 0.1069248976641512527, 0.1071341440392279271, 0.1073433904143045875, 0.1075526367893812618, 0.1079711295395345688, 0.1088081150398413771, 0.1104820860404547994, 0.1121560570410682495, 0.1129930425413749606, 0.1138300280416816579, 0.1171779700429083498, 0.1205259120441350418, 0.1272217960465886200, 0.1339176800490421981, 0.1406135640514957486, 0.1473094480539492990, 0.1607012160588565108, 0.1740929840637637227, 0.1874847520686709346, 0.2142682880784853861 ),
 .UNSPECIFIED. ) ;
#5645 = ORIENTED_EDGE ( 'NONE', *, *, #51, .T. ) ;
#5646 = ORIENTED_EDGE ( 'NONE', *, *, #359, .T. ) ;
#5647 = CARTESIAN_POINT ( 'NONE',  ( -45.92619372941037881, 55.93620152028918824, -44.58347426246772471 ) ) ;
#5648 = CARTESIAN_POINT ( 'NONE',  ( -34.68057595339049470, 175.3233815820528605, -31.08035469695844100 ) ) ;
#5649 = ADVANCED_FACE ( 'NONE', ( #6634 ), #2608, .F. ) ;
#5650 = CARTESIAN_POINT ( 'NONE',  ( -108.0000000000000000, 188.0000000000000000, 0.1499999999999999944 ) ) ;
#5651 = CARTESIAN_POINT ( 'NONE',  ( 0.000000000000000000, 52.00000000000000000, 0.000000000000000000 ) ) ;
#5652 = CARTESIAN_POINT ( 'NONE',  ( -41.20721490222918248, 145.7020373835962062, 24.55371574811973545 ) ) ;
#5653 = CARTESIAN_POINT ( 'NONE',  ( 50.22349097781342664, 108.7025900201346644, 40.28617701406468399 ) ) ;
#5654 = ORIENTED_EDGE ( 'NONE', *, *, #6315, .T. ) ;
#5655 = ORIENTED_EDGE ( 'NONE', *, *, #5951, .F. ) ;
#5656 = CARTESIAN_POINT ( 'NONE',  ( 46.98823194100208411, 212.2774503087923961, 1.050000000000000044 ) ) ;
#5657 = CARTESIAN_POINT ( 'NONE',  ( 40.33924585287350340, 140.4589426390626272, -50.17042213900458592 ) ) ;
#5658 = CARTESIAN_POINT ( 'NONE',  ( 24.55371574811972479, 145.7020373835961777, -41.20721490222918959 ) ) ;
#5659 = CARTESIAN_POINT ( 'NONE',  ( -46.53284740717146661, 61.44371818057052792, 43.97682058470661559 ) ) ;
#5660 = AXIS2_PLACEMENT_3D ( 'NONE', #2786, #2749, #4972 ) ;
#5661 = CARTESIAN_POINT ( 'NONE',  ( 30.70837199912485005, 167.1820244838756082, 39.45967609107985652 ) ) ;
#5662 = ORIENTED_EDGE ( 'NONE', *, *, #3573, .T. ) ;
#5663 = CARTESIAN_POINT ( 'NONE',  ( 41.59764216673600146, 150.5005888525396927, -48.91202582514208075 ) ) ;
#5664 = CARTESIAN_POINT ( 'NONE',  ( 34.08013314532964699, 43.01938834715430460, -31.68079750501926739 ) ) ;
#5665 = CARTESIAN_POINT ( 'NONE',  ( -46.30576403225040849, 59.33385514974001751, -44.20390395962770214 ) ) ;
#5666 = CARTESIAN_POINT ( 'NONE',  ( -33.91249852950977584, 171.8815705400370746, -36.74262150299936280 ) ) ;
#5667 = CARTESIAN_POINT ( 'NONE',  ( 108.0000000000000142, 219.7421362064134200, -0.9965551934078553664 ) ) ;
#5668 = CARTESIAN_POINT ( 'NONE',  ( 33.89314205267277913, 42.89642940168671004, -31.86778859767616012 ) ) ;
#5669 = CARTESIAN_POINT ( 'NONE',  ( -41.45303252024854856, 89.40149471062302666, -49.05663547162955496 ) ) ;
#5670 = CARTESIAN_POINT ( 'NONE',  ( -49.92988842028777441, 257.2329377335237268, -2.650281566206242445 ) ) ;
#5671 = CIRCLE ( 'NONE', #5316, 1.050000000000000044 ) ;
#5672 = CARTESIAN_POINT ( 'NONE',  ( -41.46658174736684543, 131.8280114082709815, 24.29434890298207605 ) ) ;
#5673 = CARTESIAN_POINT ( 'NONE',  ( 50.64418028391640547, 124.0985968565961741, -39.86548770796168384 ) ) ;
#5674 = CARTESIAN_POINT ( 'NONE',  ( -41.99181708300289273, 151.2543003863623312, 27.14520631303052411 ) ) ;
#5675 = CARTESIAN_POINT ( 'NONE',  ( 34.44736847863528340, 45.71524904810725332, 31.31356217171364520 ) ) ;
#5676 = CARTESIAN_POINT ( 'NONE',  ( -36.08140240266998688, 58.70654625247947678, -29.67952824767895947 ) ) ;
#5677 = LINE ( 'NONE', #2922, #3471 ) ;
#5678 = EDGE_LOOP ( 'NONE', ( #6887, #7131, #6116, #3639 ) ) ;
#5679 = VERTEX_POINT ( 'NONE', #2642 ) ;
#5680 = CARTESIAN_POINT ( 'NONE',  ( 36.04734682555172753, 57.99999999144424834, -29.85456569808795280 ) ) ;
#5681 = CARTESIAN_POINT ( 'NONE',  ( -31.08035469695842679, 175.3233815820528321, -34.68057595339050891 ) ) ;
#5682 = CARTESIAN_POINT ( 'NONE',  ( -47.00000000000000000, 251.9412599742291263, -3.265112851063870281 ) ) ;
#5683 = CARTESIAN_POINT ( 'NONE',  ( -46.98823194100194200, 212.0000000000005400, 1.050000000005465450 ) ) ;
#5684 = CARTESIAN_POINT ( 'NONE',  ( -50.49399183426301363, 134.5090890707682831, 40.01567615761508279 ) ) ;
#5685 = CARTESIAN_POINT ( 'NONE',  ( 37.00988115598541128, 66.80701258836774059, 28.75104949436352797 ) ) ;
#5686 = VERTEX_POINT ( 'NONE', #4866 ) ;
#5687 = CARTESIAN_POINT ( 'NONE',  ( 46.98886752245416432, 212.2751306088713079, -1.022499668736245537 ) ) ;
#5688 = ADVANCED_FACE ( 'NONE', ( #4424 ), #3872, .T. ) ;
#5689 = CARTESIAN_POINT ( 'NONE',  ( -50.00020022165055877, 161.3771410853478585, -0.08169497157945891652 ) ) ;
#5690 = CARTESIAN_POINT ( 'NONE',  ( 40.65331820325018697, 153.6225640485287443, -25.10761244709872742 ) ) ;
#5691 = CARTESIAN_POINT ( 'NONE',  ( 41.46658174736684543, 131.8280114082709815, -24.29434890298207250 ) ) ;
#5692 = CARTESIAN_POINT ( 'NONE',  ( -33.26194495473986024, 37.17140469785621093, 32.49898569560905770 ) ) ;
#5693 = CARTESIAN_POINT ( 'NONE',  ( 2.204364238465235576E-16, 10.00000000000000000, 1.399999999999999911 ) ) ;
#5694 = ORIENTED_EDGE ( 'NONE', *, *, #4277, .T. ) ;
#5695 = CARTESIAN_POINT ( 'NONE',  ( 36.08140240266996557, 58.70654625247944125, -29.67952824767894526 ) ) ;
#5696 = CARTESIAN_POINT ( 'NONE',  ( 31.31356217171364520, 45.71524904810726753, 34.44736847863529050 ) ) ;
#5697 = CARTESIAN_POINT ( 'NONE',  ( -41.46658174736685964, 131.8280114082709815, -24.29434890298207961 ) ) ;
#5698 = ORIENTED_EDGE ( 'NONE', *, *, #3402, .F. ) ;
#5699 = CARTESIAN_POINT ( 'NONE',  ( -29.71275661870562246, 164.2458856828135936, -40.21452035317847162 ) ) ;
#5700 = CARTESIAN_POINT ( 'NONE',  ( 47.00000000000000000, 198.8384312691162279, -2.581365136496106327 ) ) ;
#5701 = CARTESIAN_POINT ( 'NONE',  ( -46.99716253059126103, 212.9176653405997399, 0.5285059912583925934 ) ) ;
#5702 = CARTESIAN_POINT ( 'NONE',  ( -29.31276646092285532, 172.3850631284892643, 36.74166306702388596 ) ) ;
#5703 = LINE ( 'NONE', #6078, #3923 ) ;
#5704 = CARTESIAN_POINT ( 'NONE',  ( -32.46887342163081058, 42.66503588060293595, 33.29205722871810735 ) ) ;
#5705 = CARTESIAN_POINT ( 'NONE',  ( -32.16823240588158228, 39.48056780803440091, -33.59269824446734987 ) ) ;
#5706 = CARTESIAN_POINT ( 'NONE',  ( 50.58970023380035741, 130.9941881811296014, -39.91996775807773901 ) ) ;
#5707 = CARTESIAN_POINT ( 'NONE',  ( -42.55474908577806303, 135.9913053418155187, 26.25072632901925473 ) ) ;
#5708 = B_SPLINE_SURFACE_WITH_KNOTS ( 'NONE', 3, 1, ( 
 ( #4165, #6374 ),
 ( #1399, #3619 ),
 ( #5820, #5283 ),
 ( #294, #1984 ),
 ( #6410, #1837 ),
 ( #332, #2015 ),
 ( #4271, #2115 ),
 ( #6582, #2665 ),
 ( #5417, #7047 ),
 ( #3690, #7121 ),
 ( #469, #4344 ),
 ( #5488, #6513 ),
 ( #4887, #5383 ),
 ( #3827, #5350 ),
 ( #4234, #431 ),
 ( #1016, #1054 ),
 ( #3249, #2153 ),
 ( #4380, #1469 ),
 ( #2594, #5454 ),
 ( #2697, #2081 ),
 ( #980, #1542 ),
 ( #6478, #6443 ),
 ( #7084, #398 ),
 ( #6027, #3726 ),
 ( #915, #2627 ),
 ( #3171, #4845 ),
 ( #508, #4924 ),
 ( #946, #4815 ),
 ( #1613, #3285 ),
 ( #3207, #4777 ),
 ( #3761, #3797 ),
 ( #6548, #6981 ),
 ( #5885, #4307 ),
 ( #3138, #5956 ),
 ( #364, #7014 ),
 ( #1577, #2046 ),
 ( #1507, #5923 ),
 ( #3896, #6653 ),
 ( #4483, #6728 ),
 ( #33, #5631 ),
 ( #4013, #6617 ),
 ( #5593, #3464 ),
 ( #6762, #4443 ),
 ( #6109, #1124 ),
 ( #3862, #5669 ),
 ( #3938, #4554 ),
 ( #4960, #1793 ),
 ( #7157, #1091 ),
 ( #69, #3356 ),
 ( #613, #2186 ),
 ( #5031, #1682 ),
 ( #2299, #2876 ),
 ( #651, #6691 ),
 ( #1718, #4517 ),
 ( #5561, #4409 ),
 ( #3322, #1645 ),
 ( #581, #5521 ) ),
 .UNSPECIFIED., .F., .F., .F.,
 ( 4, 1, 1, 1, 1, 1, 1, 1, 1, 1, 1, 1, 1, 1, 1, 1, 1, 1, 1, 1, 1, 1, 1, 1, 1, 1, 1, 1, 1, 1, 1, 1, 1, 1, 1, 1, 1, 1, 1, 1, 1, 1, 1, 1, 1, 1, 1, 1, 1, 1, 1, 1, 1, 1, 4 ),
 ( 2, 2 ),
 ( 0.000000000000000000, 0.006185920264467958951, 0.006201962899188617762, 0.02441097605636066703, 0.02448136905349906911, 0.05370574164729757793, 0.05388345649501025125, 0.09253774940744008415, 0.09289034474279100895, 0.1389060332195525271, 0.1395093084148929519, 0.1904437008900515815, 0.1913742588137488099, 0.2445345556009104193, 0.2458629933516659483, 0.2984579075547033611, 0.3002380933255869300, 0.3495648249652612005, 0.3518114771965039633, 0.3954646363279898935, 0.3981158618259910131, 0.4341890767744073232, 0.4370593218643058497, 0.4643545367854605699, 0.4670784500627875868, 0.4855543320873982882, 0.4874746266155715047, 0.4999999999999998890, 0.5125253733844284953, 0.5144456679126014897, 0.5329215499372124132, 0.5356454632145392081, 0.5629406781356941503, 0.5658109232255925658, 0.6018841381740089869, 0.6045353636720098844, 0.6481885228034960367, 0.6504351750347385774, 0.6997619066744129590, 0.7015420924452964169, 0.7541370066483340517, 0.7554654443990894697, 0.8086257411862511901, 0.8095562991099481964, 0.8604906915851069371, 0.8610939667804473618, 0.9071096552572089911, 0.9074622505925598048, 0.9461165435049897487, 0.9462942583527023110, 0.9755186309465008199, 0.9755890239436393330, 0.9937980371008112712, 0.9938140797355321521, 1.000000000000000000 ),
 ( 0.000000000000000000, 1.000000000000000000 ),
 .UNSPECIFIED. ) ;
#5709 = MANIFOLD_SOLID_BREP ( 'Cut-Extrude14', #3502 ) ;
#5710 = CARTESIAN_POINT ( 'NONE',  ( 47.31597781508200029, 69.12979561808754170, 43.19369017679611034 ) ) ;
#5711 = CARTESIAN_POINT ( 'NONE',  ( 46.30576403225041560, 59.33385514974001751, 44.20390395962770214 ) ) ;
#5712 = CARTESIAN_POINT ( 'NONE',  ( 26.85867340158342387, 85.63114929373708151, 38.90225724876550828 ) ) ;
#5713 = CARTESIAN_POINT ( 'NONE',  ( -49.05663547162955496, 89.40149471062304087, -41.45303252024855567 ) ) ;
#5714 = CARTESIAN_POINT ( 'NONE',  ( -48.15397179880391576, 145.5000000000000000, -42.35569619307419487 ) ) ;
#5715 = CARTESIAN_POINT ( 'NONE',  ( 31.30007401323353733, 168.5816071364968138, -38.99282277377408690 ) ) ;
#5716 = AXIS2_PLACEMENT_3D ( 'NONE', #4808, #4262, #3828 ) ;
#5717 = ORIENTED_EDGE ( 'NONE', *, *, #4026, .F. ) ;
#5718 = AXIS2_PLACEMENT_3D ( 'NONE', #3876, #6492, #2129 ) ;
#5719 = EDGE_LOOP ( 'NONE', ( #3722, #6080, #5270, #2801, #1736, #2885, #1465, #3666 ) ) ;
#5720 = CARTESIAN_POINT ( 'NONE',  ( -108.0000000000000000, 188.0000000000000000, 0.1499999999999999944 ) ) ;
#5721 = CARTESIAN_POINT ( 'NONE',  ( -43.47092483188747281, 66.31954352124843410, -47.03874315999063072 ) ) ;
#5722 = CARTESIAN_POINT ( 'NONE',  ( -108.0000000000000142, 211.2349972917180025, -1.554547180778681925 ) ) ;
#5723 = CARTESIAN_POINT ( 'NONE',  ( -44.20390395962768793, 59.33385514974001751, 46.30576403225040139 ) ) ;
#5724 = CARTESIAN_POINT ( 'NONE',  ( 32.88046532517448384, 176.5866740378391739, 32.88046532517445542 ) ) ;
#5725 = CARTESIAN_POINT ( 'NONE',  ( 49.99055546128615646, 266.5335893367093263, -0.9785999265239635481 ) ) ;
#5726 = CIRCLE ( 'NONE', #34, 40.00000000000000000 ) ;
#5727 = VERTEX_POINT ( 'NONE', #6671 ) ;
#5728 = CARTESIAN_POINT ( 'NONE',  ( -33.34895851616629869, 52.22473461303810183, -37.25696021647661382 ) ) ;
#5729 = CARTESIAN_POINT ( 'NONE',  ( 44.99031566266479132, 52.44175755770031344, -45.51935232921329089 ) ) ;
#5730 = FACE_OUTER_BOUND ( 'NONE', #5512, .T. ) ;
#5731 = CARTESIAN_POINT ( 'NONE',  ( 41.20721490222918959, 145.7020373835961777, -24.55371574811973190 ) ) ;
#5732 = CARTESIAN_POINT ( 'NONE',  ( 39.91996775807772480, 130.9941881811295445, -50.58970023380036451 ) ) ;
#5733 = CARTESIAN_POINT ( 'NONE',  ( -49.93783009309771614, 143.4569695494772361, -40.57183789878039448 ) ) ;
#5734 = CARTESIAN_POINT ( 'NONE',  ( 42.30730197504293955, 117.6516938689285752, 26.64811512789372827 ) ) ;
#5735 = VERTEX_POINT ( 'NONE', #1700 ) ;
#5736 = CARTESIAN_POINT ( 'NONE',  ( 26.53717206652076399, 163.8347417721553541, -39.22375858382815039 ) ) ;
#5737 = EDGE_CURVE ( 'NONE', #3837, #2852, #1144, .T. ) ;
#5738 = CARTESIAN_POINT ( 'NONE',  ( -31.08035469695842679, 175.3233815820528321, -34.68057595339050891 ) ) ;
#5739 = ORIENTED_EDGE ( 'NONE', *, *, #2189, .F. ) ;
#5740 = CARTESIAN_POINT ( 'NONE',  ( -42.41484396826297854, 142.8363999835918037, -26.47683376497577967 ) ) ;
#5741 = CARTESIAN_POINT ( 'NONE',  ( 108.0000000000000142, 216.5326798399412382, -1.397826202467195911 ) ) ;
#5742 = CARTESIAN_POINT ( 'NONE',  ( 35.77960312803929810, 145.5000000000000000, -29.98132752230962694 ) ) ;
#5743 = EDGE_CURVE ( 'NONE', #5145, #3051, #2439, .T. ) ;
#5744 = CARTESIAN_POINT ( 'NONE',  ( -32.67905511574198130, 175.4143508792199668, 33.78038696514489914 ) ) ;
#5745 = CARTESIAN_POINT ( 'NONE',  ( -49.94330312372308356, 259.4509246413887809, -2.384160886868273987 ) ) ;
#5746 = CARTESIAN_POINT ( 'NONE',  ( -45.04270196158309147, 52.00000000000000000, -45.46696603029501915 ) ) ;
#5747 = DIRECTION ( 'NONE',  ( 0.5218651776778592266, 0.6747691995449354163, -0.5218651776778592266 ) ) ;
#5748 = CARTESIAN_POINT ( 'NONE',  ( -28.15541547932755151, 157.8790455269334529, 41.31997436739808194 ) ) ;
#5749 = CARTESIAN_POINT ( 'NONE',  ( 36.21980700434895795, 45.29474480594071650, -34.03994575403817890 ) ) ;
#5750 = CARTESIAN_POINT ( 'NONE',  ( -38.90225724876550117, 85.63114929373708151, 26.85867340158341676 ) ) ;
#5751 = CARTESIAN_POINT ( 'NONE',  ( -48.15397179880388734, 94.50000000000000000, 42.35569619307420197 ) ) ;
#5752 = CARTESIAN_POINT ( 'NONE',  ( 36.54327006474119344, 172.0212866422755269, -34.12743092666894285 ) ) ;
#5753 = EDGE_CURVE ( 'NONE', #156, #7147, #5644, .T. ) ;
#5754 = ORIENTED_EDGE ( 'NONE', *, *, #5861, .T. ) ;
#5755 = ORIENTED_EDGE ( 'NONE', *, *, #5130, .F. ) ;
#5756 = DIRECTION ( 'NONE',  ( 0.000000000000000000, 1.000000000000000000, 0.000000000000000000 ) ) ;
#5757 = CARTESIAN_POINT ( 'NONE',  ( -44.93779350453366561, 52.88466077438589963, -45.57187448734443080 ) ) ;
#5758 = CARTESIAN_POINT ( 'NONE',  ( -108.0000000000000142, 220.7712470389694488, 0.8099658592145442260 ) ) ;
#5759 = CARTESIAN_POINT ( 'NONE',  ( -28.50815149135655346, 171.2031378497270282, 37.25277915899235381 ) ) ;
#5760 = CARTESIAN_POINT ( 'NONE',  ( 49.99831359932296948, 267.4148781504399039, -0.4132524421840677586 ) ) ;
#5761 = VERTEX_POINT ( 'NONE', #7021 ) ;
#5762 = CARTESIAN_POINT ( 'NONE',  ( 46.99102690267809379, 212.5278590506999876, -0.9179146186316973210 ) ) ;
#5763 = CARTESIAN_POINT ( 'NONE',  ( 24.29434890298206184, 131.8280114082709815, -41.46658174736684543 ) ) ;
#5764 = CYLINDRICAL_SURFACE ( 'NONE', #2118, 36.00000000000000000 ) ;
#5765 = CARTESIAN_POINT ( 'NONE',  ( -40.65331820325020118, 153.6225640485288011, -25.10761244709873452 ) ) ;
#5766 = CARTESIAN_POINT ( 'NONE',  ( -38.00000000000000000, 320.0000000000000000, -21.00000000000000000 ) ) ;
#5767 = ORIENTED_EDGE ( 'NONE', *, *, #3620, .T. ) ;
#5768 = CARTESIAN_POINT ( 'NONE',  ( 50.68940747672289149, 127.6151589264297428, 39.82026051515521914 ) ) ;
#5770 = CARTESIAN_POINT ( 'NONE',  ( -108.0000000000000000, 194.5767617142269614, 0.7496665276302574288 ) ) ;
#5769 = AXIS2_PLACEMENT_3D ( 'NONE', #995, #562, #6564 ) ;
#5771 = CARTESIAN_POINT ( 'NONE',  ( -32.88046532517444831, 176.5866740378391455, -32.88046532517448384 ) ) ;
#5772 = ORIENTED_EDGE ( 'NONE', *, *, #5743, .T. ) ;
#5773 = CARTESIAN_POINT ( 'NONE',  ( -42.02959319973520991, 110.0851088579780139, -27.08565407319098384 ) ) ;
#5774 = CARTESIAN_POINT ( 'NONE',  ( 47.00000000000000000, 162.7289639002186163, -0.4518216655316361630 ) ) ;
#5775 = CARTESIAN_POINT ( 'NONE',  ( -26.53717206652075689, 163.8347417721553256, 39.22375858382815750 ) ) ;
#5776 = CARTESIAN_POINT ( 'NONE',  ( -31.08250375579035563, 174.5039055581198966, 35.25587864481388323 ) ) ;
#5777 = CARTESIAN_POINT ( 'NONE',  ( -49.88015961303253931, 239.4061085794489259, -3.459971158310229722 ) ) ;
#5778 = CARTESIAN_POINT ( 'NONE',  ( -49.93783009309770193, 143.4569695494772645, 40.57183789878038738 ) ) ;
#5779 =( GEOMETRIC_REPRESENTATION_CONTEXT ( 3 ) GLOBAL_UNCERTAINTY_ASSIGNED_CONTEXT ( ( #516 ) ) GLOBAL_UNIT_ASSIGNED_CONTEXT ( ( #2172, #2794, #1600 ) ) REPRESENTATION_CONTEXT ( 'NONE', 'WORKASPACE' ) );
#5780 = CARTESIAN_POINT ( 'NONE',  ( -30.59992134144168219, 166.9004939135998882, 39.54399360121364282 ) ) ;
#5781 = EDGE_CURVE ( 'NONE', #5484, #4324, #5495, .T. ) ;
#5782 = CARTESIAN_POINT ( 'NONE',  ( 25.10761244709873452, 153.6225640485288011, 40.65331820325020118 ) ) ;
#5783 = CIRCLE ( 'NONE', #207, 36.00000000000000000 ) ;
#5784 = CARTESIAN_POINT ( 'NONE',  ( -45.77674598141884843, 54.62836855260160718, 44.73292201045924088 ) ) ;
#5785 = CARTESIAN_POINT ( 'NONE',  ( 31.31356217171363099, 45.71524904810726753, -34.44736847863527629 ) ) ;
#5786 = CARTESIAN_POINT ( 'NONE',  ( 31.05252923574563084, 168.0308239955162719, -39.18957825874636569 ) ) ;
#5787 = ORIENTED_EDGE ( 'NONE', *, *, #6090, .F. ) ;
#5788 = VECTOR ( 'NONE', #458, 1000.000000000000114 ) ;
#5789 = EDGE_LOOP ( 'NONE', ( #4303, #2638, #5646, #1728 ) ) ;
#5790 = CARTESIAN_POINT ( 'NONE',  ( -40.11998767400632460, 112.7299032302373263, -50.38968031787179314 ) ) ;
#5791 = CARTESIAN_POINT ( 'NONE',  ( -35.98579126513810422, 43.91303109689119566, -34.15356504387187897 ) ) ;
#5792 = CARTESIAN_POINT ( 'NONE',  ( -47.00000000000000000, 265.6562804570706930, -1.950454484879273309 ) ) ;
#5793 = CARTESIAN_POINT ( 'NONE',  ( -42.78460399787552149, 155.3921848145515128, 47.72506399400256782 ) ) ;
#5794 = CARTESIAN_POINT ( 'NONE',  ( 49.95835313927079824, 262.2228966485992601, 2.040578463269816289 ) ) ;
#5795 = CARTESIAN_POINT ( 'NONE',  ( 26.00954371031358292, 95.69680212022358035, 39.75138694003535278 ) ) ;
#5796 = CARTESIAN_POINT ( 'NONE',  ( 31.92684771948880140, 41.21309918220619295, -33.83408293086011298 ) ) ;
#5797 = CARTESIAN_POINT ( 'NONE',  ( 49.93783009309771614, 143.4569695494772930, 40.57183789878039448 ) ) ;
#5798 = CARTESIAN_POINT ( 'NONE',  ( 45.92619372941036460, 55.93620152028918113, -44.58347426246772471 ) ) ;
#5799 = CARTESIAN_POINT ( 'NONE',  ( 40.76112261813027970, 161.5572563240429815, 28.95941040735547389 ) ) ;
#5800 = ORIENTED_EDGE ( 'NONE', *, *, #2897, .F. ) ;
#5801 = CARTESIAN_POINT ( 'NONE',  ( 41.00000000000000000, 320.0000000000000000, -18.00000000000000000 ) ) ;
#5802 = CARTESIAN_POINT ( 'NONE',  ( -108.0000000000000000, 197.7459818005252146, -0.9880518776675252246 ) ) ;
#5803 = EDGE_LOOP ( 'NONE', ( #1401, #1820, #1400, #3348 ) ) ;
#5804 = CARTESIAN_POINT ( 'NONE',  ( 29.91528168016578348, 173.2497798333156140, 36.25127792575340635 ) ) ;
#5805 = DIRECTION ( 'NONE',  ( 0.4771338767340425058, -0.7380288120022735487, -0.4771338767340425613 ) ) ;
#5806 = CARTESIAN_POINT ( 'NONE',  ( 47.00000000000000000, 194.9311061388173130, 2.395508128715533758 ) ) ;
#5807 = CARTESIAN_POINT ( 'NONE',  ( -42.32202566649796438, 78.60787726850115575, 48.18764232538012493 ) ) ;
#5808 = CARTESIAN_POINT ( 'NONE',  ( -35.04077431780520158, 174.7035535478271413, 31.32513990815232674 ) ) ;
#5809 = CARTESIAN_POINT ( 'NONE',  ( 0.000000000000000000, 325.0000000000000000, 0.000000000000000000 ) ) ;
#5810 = CARTESIAN_POINT ( 'NONE',  ( -40.65331820325018697, 153.6225640485288011, 25.10761244709872742 ) ) ;
#5811 = ADVANCED_FACE ( 'NONE', ( #952 ), #5464, .T. ) ;
#5812 = DIRECTION ( 'NONE',  ( 1.000000000000000000, 0.000000000000000000, 0.000000000000000000 ) ) ;
#5813 = DIRECTION ( 'NONE',  ( -0.5218651776778591156, 0.6747691995449355273, 0.5218651776778591156 ) ) ;
#5814 = CARTESIAN_POINT ( 'NONE',  ( -27.32702615385185396, 80.61020279584469961, 38.43390449649707108 ) ) ;
#5815 = CARTESIAN_POINT ( 'NONE',  ( -40.21452035317703633, 164.2458856828200169, 29.71275661870757290 ) ) ;
#5816 = CARTESIAN_POINT ( 'NONE',  ( 40.33924585287350340, 140.4589426390626272, -50.17042213900458592 ) ) ;
#5817 = CARTESIAN_POINT ( 'NONE',  ( 27.32702615385186462, 80.61020279584469961, 38.43390449649707108 ) ) ;
#5818 = CARTESIAN_POINT ( 'NONE',  ( -47.88935570772442674, 75.23276251545790672, 42.62031228415365547 ) ) ;
#5819 = CARTESIAN_POINT ( 'NONE',  ( 24.55371574811972479, 145.7020373835961777, -41.20721490222918959 ) ) ;
#5820 = CARTESIAN_POINT ( 'NONE',  ( -33.26194495473987445, 37.17140469785621093, -32.49898569560906481 ) ) ;
#5821 = ADVANCED_FACE ( 'NONE', ( #4853 ), #5108, .T. ) ;
#5822 = ORIENTED_EDGE ( 'NONE', *, *, #2332, .T. ) ;
#5823 = EDGE_CURVE ( 'NONE', #3242, #5465, #2363, .T. ) ;
#5824 = ORIENTED_EDGE ( 'NONE', *, *, #977, .T. ) ;
#5825 = CARTESIAN_POINT ( 'NONE',  ( -41.20721490222918959, 145.7020373835961777, -24.55371574811974256 ) ) ;
#5826 = DIRECTION ( 'NONE',  ( -0.000000000000000000, 1.000000000000000000, -0.000000000000000000 ) ) ;
#5827 = CARTESIAN_POINT ( 'NONE',  ( -107.9999999999999858, 211.2349972917179741, 1.554547180778681925 ) ) ;
#5828 = CARTESIAN_POINT ( 'NONE',  ( -24.39235554936073669, 141.0186408901463153, 41.36857510098818125 ) ) ;
#5829 = CARTESIAN_POINT ( 'NONE',  ( 49.97729515214626161, 265.2493064210739249, -1.513004568499474400 ) ) ;
#5830 = EDGE_CURVE ( 'NONE', #6306, #6630, #404, .T. ) ;
#5831 = ORIENTED_EDGE ( 'NONE', *, *, #5951, .T. ) ;
#5832 = EDGE_CURVE ( 'NONE', #6541, #6826, #1045, .T. ) ;
#5833 = CARTESIAN_POINT ( 'NONE',  ( 24.37365805196743551, 126.6764942988443892, 41.38727259838150019 ) ) ;
#5834 = CARTESIAN_POINT ( 'NONE',  ( 40.15053420550686525, 101.0166046022987985, 25.61039644484208111 ) ) ;
#5835 = DIRECTION ( 'NONE',  ( -0.000000000000000000, -1.000000000000000000, -0.000000000000000000 ) ) ;
#5836 = VECTOR ( 'NONE', #3404, 1000.000000000000000 ) ;
#5837 = CARTESIAN_POINT ( 'NONE',  ( 42.48347992596010414, 140.3216086453155924, 26.36587291666729271 ) ) ;
#5838 = DIRECTION ( 'NONE',  ( -0.7071067811865474617, 0.000000000000000000, -0.7071067811865474617 ) ) ;
#5839 = ADVANCED_FACE ( 'NONE', ( #6627 ), #4417, .F. ) ;
#5840 = LINE ( 'NONE', #4185, #2078 ) ;
#5841 = VECTOR ( 'NONE', #5395, 1000.000000000000000 ) ;
#5842 = EDGE_LOOP ( 'NONE', ( #6831, #705, #6326, #2731, #3385, #5569 ) ) ;
#5843 = CARTESIAN_POINT ( 'NONE',  ( -36.21980700434896505, 45.29474480594073071, 34.03994575403819312 ) ) ;
#5844 = CARTESIAN_POINT ( 'NONE',  ( 33.78038696514496309, 175.4143508792199668, 32.67905511574194577 ) ) ;
#5845 = DIRECTION ( 'NONE',  ( 0.000000000000000000, 0.5429190384632399669, -0.8397850425401437446 ) ) ;
#5846 = CARTESIAN_POINT ( 'NONE',  ( -37.71505118858642902, 73.51205704305236566, -28.04587946176250313 ) ) ;
#5847 = CARTESIAN_POINT ( 'NONE',  ( -24.55371574811972124, 145.7020373835961493, 41.20721490222918959 ) ) ;
#5848 = CARTESIAN_POINT ( 'NONE',  ( -34.94075078326840611, 38.38965361115108976, -34.51648671455647843 ) ) ;
#5849 = CARTESIAN_POINT ( 'NONE',  ( -28.04587946176248536, 169.6705890995218056, -37.71505118858645034 ) ) ;
#5850 = CARTESIAN_POINT ( 'NONE',  ( -29.33832445349480977, 63.16230265228909957, 36.72941495113135346 ) ) ;
#5851 = CARTESIAN_POINT ( 'NONE',  ( -43.67497383246009690, 64.24886354028815560, -46.83469415941800662 ) ) ;
#5852 = CARTESIAN_POINT ( 'NONE',  ( 47.72506399400256072, 155.3921848145515412, -42.78460399787553570 ) ) ;
#5853 = CARTESIAN_POINT ( 'NONE',  ( 24.55371574811974256, 145.7020373835962062, 41.20721490222918959 ) ) ;
#5854 = CARTESIAN_POINT ( 'NONE',  ( -39.86548770796169094, 124.0985968565961741, -50.64418028391641258 ) ) ;
#5855 = CARTESIAN_POINT ( 'NONE',  ( 44.93779350453366561, 52.88466077438591384, -45.57187448734442370 ) ) ;
#5856 = CARTESIAN_POINT ( 'NONE',  ( 35.23125842032776944, 172.3992787183035489, -35.47935076381620689 ) ) ;
#5857 = CARTESIAN_POINT ( 'NONE',  ( -39.91996775807773901, 130.9941881811296014, -50.58970023380037162 ) ) ;
#5858 = CARTESIAN_POINT ( 'NONE',  ( 46.90411965852687359, 335.0000000000000000, -3.000000000000000000 ) ) ;
#5859 = CARTESIAN_POINT ( 'NONE',  ( -47.00000000000000000, 184.1311746075470239, -1.825843266918902863 ) ) ;
#5860 = CARTESIAN_POINT ( 'NONE',  ( -42.32202566649796438, 78.60787726850115575, 48.18764232538012493 ) ) ;
#5861 = EDGE_CURVE ( 'NONE', #1335, #2978, #5703, .T. ) ;
#5862 = CARTESIAN_POINT ( 'NONE',  ( 49.95969246209562442, 262.5090558403386467, -2.007527930993821652 ) ) ;
#5863 = CARTESIAN_POINT ( 'NONE',  ( 40.28617701406468399, 108.7025900201346502, 50.22349097781342664 ) ) ;
#5864 = CARTESIAN_POINT ( 'NONE',  ( 42.62031228415365547, 75.23276251545789250, -47.88935570772444095 ) ) ;
#5865 = ADVANCED_FACE ( 'NONE', ( #4014, #1097 ), #1869, .T. ) ;
#5866 = CARTESIAN_POINT ( 'NONE',  ( 40.24733569863606419, 157.6066838202880831, 25.51359495171287506 ) ) ;
#5867 = CARTESIAN_POINT ( 'NONE',  ( 45.77674598141884843, 54.62836855260157876, -44.73292201045924088 ) ) ;
#5868 = DIRECTION ( 'NONE',  ( 0.000000000000000000, 0.000000000000000000, 1.000000000000000000 ) ) ;
#5869 = CARTESIAN_POINT ( 'NONE',  ( 33.59269824446734987, 39.48056780803440091, 32.16823240588158939 ) ) ;
#5870 = CARTESIAN_POINT ( 'NONE',  ( 41.89008183373211125, 152.1318062554275912, 48.61958615814599227 ) ) ;
#5871 = CARTESIAN_POINT ( 'NONE',  ( 40.79466709084002218, 111.3121957717727071, 24.96626355950891352 ) ) ;
#5872 = CARTESIAN_POINT ( 'NONE',  ( -36.87807467727504473, 49.44931349178472857, 33.65783052772525252 ) ) ;
#5873 = CARTESIAN_POINT ( 'NONE',  ( -42.25155410946525336, 146.6058843461976835, -26.73605438546412572 ) ) ;
#5874 = CARTESIAN_POINT ( 'NONE',  ( 107.9999999999999858, 219.7421362064133916, 0.9965551934078538121 ) ) ;
#5875 = CARTESIAN_POINT ( 'NONE',  ( -24.39235554936073669, 141.0186408901463153, 41.36857510098818125 ) ) ;
#5876 = CARTESIAN_POINT ( 'NONE',  ( 29.29356565747520946, 173.1609393494194364, 36.46736499287372624 ) ) ;
#5877 = CARTESIAN_POINT ( 'NONE',  ( 49.05663547162954075, 89.40149471062302666, -41.45303252024854146 ) ) ;
#5878 = CARTESIAN_POINT ( 'NONE',  ( -49.95706216198560412, 261.9560307217770401, 2.071950637539572426 ) ) ;
#5879 = CARTESIAN_POINT ( 'NONE',  ( 42.35569619307420908, 145.5000000000000000, 48.15397179880390155 ) ) ;
#5880 = CARTESIAN_POINT ( 'NONE',  ( -46.98823194100207701, 212.0000000000000000, -1.050000000000000044 ) ) ;
#5881 = ORIENTED_EDGE ( 'NONE', *, *, #4158, .T. ) ;
#5882 = CARTESIAN_POINT ( 'NONE',  ( 28.50815149135656767, 171.2031378497270850, 37.25277915899236092 ) ) ;
#5883 = CARTESIAN_POINT ( 'NONE',  ( -50.49399183426302073, 134.5090890707682831, -40.01567615761508989 ) ) ;
#5884 = CARTESIAN_POINT ( 'NONE',  ( 44.73292201045922667, 54.62836855260160718, -45.77674598141885554 ) ) ;
#5885 = CARTESIAN_POINT ( 'NONE',  ( -27.19834591289386694, 166.8763353538257945, -38.56258473745506166 ) ) ;
#5886 = CIRCLE ( 'NONE', #3929, 1.800000000000000044 ) ;
#5887 = AXIS2_PLACEMENT_3D ( 'NONE', #734, #188, #4096 ) ;
#5888 = VERTEX_POINT ( 'NONE', #3328 ) ;
#5889 = CARTESIAN_POINT ( 'NONE',  ( -40.65331820325020118, 153.6225640485288011, -25.10761244709873452 ) ) ;
#5890 = LINE ( 'NONE', #3110, #6587 ) ;
#5891 = CARTESIAN_POINT ( 'NONE',  ( -36.08140240266998688, 58.70654625247947678, -29.67952824767895947 ) ) ;
#5892 = CARTESIAN_POINT ( 'NONE',  ( -50.22349097781341243, 108.7025900201346502, 40.28617701406468399 ) ) ;
#5893 = CARTESIAN_POINT ( 'NONE',  ( -48.52056619669234294, 82.37800232306902615, 41.98910179518574637 ) ) ;
#5894 = VECTOR ( 'NONE', #3884, 1000.000000000000114 ) ;
#5895 = VERTEX_POINT ( 'NONE', #2196 ) ;
#5896 = CARTESIAN_POINT ( 'NONE',  ( 45.04270196158309147, 52.00000000000000000, 45.46696603029501915 ) ) ;
#5897 = CARTESIAN_POINT ( 'NONE',  ( 32.88046532517448384, 176.5866740378391739, 32.88046532517445542 ) ) ;
#5898 = DIRECTION ( 'NONE',  ( 0.000000000000000000, 0.000000000000000000, 1.000000000000000000 ) ) ;
#5899 = CARTESIAN_POINT ( 'NONE',  ( -30.12822377908831228, 54.97802726448587407, 35.63270687126059499 ) ) ;
#5900 = CARTESIAN_POINT ( 'NONE',  ( 4.408728476930470856E-15, 57.99999999999999289, 36.00000000000000000 ) ) ;
#5901 = CARTESIAN_POINT ( 'NONE',  ( 40.75980735771284458, 145.8271779734262452, 49.74986063416525894 ) ) ;
#5902 = EDGE_CURVE ( 'NONE', #4877, #2978, #6600, .T. ) ;
#5903 = CARTESIAN_POINT ( 'NONE',  ( 50.22349097781342664, 108.7025900201346644, 40.28617701406468399 ) ) ;
#5904 = PRODUCT_RELATED_PRODUCT_CATEGORY ( 'detail', '', ( #3358 ) ) ;
#5905 = EDGE_LOOP ( 'NONE', ( #97, #4710, #552, #1894, #1508, #720 ) ) ;
#5906 = B_SPLINE_CURVE_WITH_KNOTS ( 'NONE', 3,
 ( #389, #4226, #5342, #3717, #3131, #939, #5245 ),
 .UNSPECIFIED., .F., .F.,
 ( 4, 1, 1, 1, 4 ),
 ( 0.4666068527274355726, 0.4855543320873984547, 0.5000000000000001110, 0.5144456679126017118, 0.5333931472723879574 ),
 .UNSPECIFIED. ) ;
#5907 = CARTESIAN_POINT ( 'NONE',  ( 28.04587946174751423, 169.6705890994764445, -37.71505118859937511 ) ) ;
#5908 = DIRECTION ( 'NONE',  ( 0.000000000000000000, 0.000000000000000000, -1.000000000000000000 ) ) ;
#5909 = CARTESIAN_POINT ( 'NONE',  ( 108.0000000000000000, 211.2349972917180025, 1.554547180778681703 ) ) ;
#5910 = CARTESIAN_POINT ( 'NONE',  ( -40.28617701406467688, 108.7025900201346644, 50.22349097781341243 ) ) ;
#5911 = CARTESIAN_POINT ( 'NONE',  ( 37.00988115598539707, 66.80701258836774059, -28.75104949436352086 ) ) ;
#5912 = CARTESIAN_POINT ( 'NONE',  ( 30.50535599246782681, 52.00000000784751109, -35.25557465788109113 ) ) ;
#5913 = AXIS2_PLACEMENT_3D ( 'NONE', #2588, #5915, #3163 ) ;
#5914 = CARTESIAN_POINT ( 'NONE',  ( 47.03874315999062361, 66.31954352124843410, 43.47092483188747281 ) ) ;
#5915 = DIRECTION ( 'NONE',  ( 0.000000000000000000, 1.000000000000000000, 0.000000000000000000 ) ) ;
#5916 = CARTESIAN_POINT ( 'NONE',  ( 41.06358789818639110, 116.6762642137271371, -24.69734275216253394 ) ) ;
#5917 = CARTESIAN_POINT ( 'NONE',  ( -32.94791830014345635, 175.4694692900228858, -33.51819211725206316 ) ) ;
#5918 = ORIENTED_EDGE ( 'NONE', *, *, #5034, .T. ) ;
#5919 = CARTESIAN_POINT ( 'NONE',  ( 26.53717206652077820, 163.8347417721553541, 39.22375858382816460 ) ) ;
#5920 = PERSON ( 'UNSPECIFIED', 'UNSPECIFIED', 'UNSPECIFIED', ('UNSPECIFIED'), ('UNSPECIFIED'), ('UNSPECIFIED') ) ;
#5921 = CARTESIAN_POINT ( 'NONE',  ( -50.17042213900460013, 140.4589426390626272, -40.33924585287351761 ) ) ;
#5922 = CARTESIAN_POINT ( 'NONE',  ( 29.85456570832522161, 58.00000000000002132, -36.04734683592364775 ) ) ;
#5923 = CARTESIAN_POINT ( 'NONE',  ( -40.01567615761508989, 134.5090890707682831, -50.49399183426302073 ) ) ;
#5924 = EDGE_LOOP ( 'NONE', ( #2330, #555, #6419 ) ) ;
#5925 = CARTESIAN_POINT ( 'NONE',  ( -40.28617701406469109, 108.7025900201346644, -50.22349097781342664 ) ) ;
#5926 = CARTESIAN_POINT ( 'NONE',  ( -30.70442763092232497, 52.00000000000000000, 35.39129625148825653 ) ) ;
#5927 = DIRECTION ( 'NONE',  ( 0.000000000000000000, -1.000000000000000000, 0.000000000000000000 ) ) ;
#5928 = CARTESIAN_POINT ( 'NONE',  ( -33.26194495473986024, 37.17140469785621093, 32.49898569560905770 ) ) ;
#5929 = CARTESIAN_POINT ( 'NONE',  ( 49.92108712948487437, 205.8131284291818304, -2.814950352220036756 ) ) ;
#5930 = ORIENTED_EDGE ( 'NONE', *, *, #1155, .F. ) ;
#5931 = CARTESIAN_POINT ( 'NONE',  ( 49.99939933985894669, 161.3767734674762266, 0.2450829519018705716 ) ) ;
#5932 = CARTESIAN_POINT ( 'NONE',  ( 49.31902728797151525, 148.1781441586251162, 41.19064070390659538 ) ) ;
#5933 = CARTESIAN_POINT ( 'NONE',  ( -36.08140240266998688, 58.70654625247947678, -29.67952824767895947 ) ) ;
#5934 = CARTESIAN_POINT ( 'NONE',  ( -44.58347426246772471, 55.93620152028918824, 45.92619372941037170 ) ) ;
#5935 = CARTESIAN_POINT ( 'NONE',  ( 45.77674598141886264, 54.62836855260158586, 44.73292201045924799 ) ) ;
#5936 = AXIS2_PLACEMENT_3D ( 'NONE', #4435, #3888, #498 ) ;
#5937 = CARTESIAN_POINT ( 'NONE',  ( 42.35569619307420908, 94.50000000000000000, 48.15397179880390155 ) ) ;
#5938 = VERTEX_POINT ( 'NONE', #5849 ) ;
#5939 = CARTESIAN_POINT ( 'NONE',  ( 41.00000000000000000, 58.00000000000000000, -18.00000000000000000 ) ) ;
#5940 = CARTESIAN_POINT ( 'NONE',  ( -24.96626355950889931, 111.3121957717727071, 40.79466709084002218 ) ) ;
#5941 = CARTESIAN_POINT ( 'NONE',  ( 107.9999999999999858, 192.6091567009482901, 0.5838041569574790035 ) ) ;
#5942 = CARTESIAN_POINT ( 'NONE',  ( -33.17716150233879802, 36.58494384897174712, 32.58376914801011992 ) ) ;
#5943 = CARTESIAN_POINT ( 'NONE',  ( 45.51935232921328378, 52.44175755770029212, -44.99031566266479842 ) ) ;
#5944 = EDGE_CURVE ( 'NONE', #3198, #3957, #3312, .T. ) ;
#5945 = CARTESIAN_POINT ( 'NONE',  ( 28.75104949436350665, 66.80701258836775480, -37.00988115598539707 ) ) ;
#5946 = VECTOR ( 'NONE', #6647, 1000.000000000000000 ) ;
#5947 = ORIENTED_EDGE ( 'NONE', *, *, #890, .F. ) ;
#5948 = PLANE ( 'NONE',  #2570 ) ;
#5949 = CARTESIAN_POINT ( 'NONE',  ( 38.90225724876550117, 85.63114929373706730, -26.85867340158341676 ) ) ;
#5950 = CARTESIAN_POINT ( 'NONE',  ( -33.08734819502001301, 175.4851932568794837, -33.38057152440183017 ) ) ;
#5951 = EDGE_CURVE ( 'NONE', #4135, #3381, #1273, .T. ) ;
#5952 = EDGE_LOOP ( 'NONE', ( #5075, #5231, #4419, #4315, #3367, #1898 ) ) ;
#5953 = CARTESIAN_POINT ( 'NONE',  ( 28.99384466763500612, 64.61538134245374465, 36.76708598271392958 ) ) ;
#5954 = CARTESIAN_POINT ( 'NONE',  ( -42.36324379412032926, 153.8348667856812142, -48.14642419775778848 ) ) ;
#5955 = CARTESIAN_POINT ( 'NONE',  ( 47.31597781508198608, 69.12979561808754170, -43.19369017679610323 ) ) ;
#5956 = CARTESIAN_POINT ( 'NONE',  ( -41.19064070390658827, 148.1781441586251447, -49.31902728797152236 ) ) ;
#5957 = CARTESIAN_POINT ( 'NONE',  ( 33.26194495473987445, 37.17140469785623225, 32.49898569560906481 ) ) ;
#5958 = ORIENTED_EDGE ( 'NONE', *, *, #4846, .T. ) ;
#5959 = ADVANCED_FACE ( 'NONE', ( #4836, #2520 ), #4194, .T. ) ;
#5960 = CARTESIAN_POINT ( 'NONE',  ( 28.50815149135656767, 171.2031378497270850, 37.25277915899236092 ) ) ;
#5961 = CARTESIAN_POINT ( 'NONE',  ( -108.0000000000000000, 189.2661038502330939, -0.2768941404019777952 ) ) ;
#5962 = CARTESIAN_POINT ( 'NONE',  ( -38.43390449649707108, 80.61020279584469961, -27.32702615385186462 ) ) ;
#5963 = CARTESIAN_POINT ( 'NONE',  ( -34.65886550037442504, 38.39089156305781358, -34.80028685661174137 ) ) ;
#5964 = DIRECTION ( 'NONE',  ( -0.000000000000000000, 1.000000000000000000, -0.000000000000000000 ) ) ;
#5965 = EDGE_LOOP ( 'NONE', ( #2011, #5739, #1308, #6474 ) ) ;
#5966 = CARTESIAN_POINT ( 'NONE',  ( -40.57183789878039448, 143.4569695494772930, -49.93783009309771614 ) ) ;
#5967 = CARTESIAN_POINT ( 'NONE',  ( 41.14849579182903483, 93.39148535881982127, -49.36117220004905448 ) ) ;
#5968 = ORIENTED_EDGE ( 'NONE', *, *, #6720, .T. ) ;
#5969 = CARTESIAN_POINT ( 'NONE',  ( 43.47092483188747991, 66.31954352124841989, 47.03874315999063072 ) ) ;
#5970 = CARTESIAN_POINT ( 'NONE',  ( -45.92619372941037881, 55.93620152028918824, -44.58347426246772471 ) ) ;
#5971 = CARTESIAN_POINT ( 'NONE',  ( 32.52754583687733714, 175.3686818598623347, 33.92626584899974773 ) ) ;
#5972 = CARTESIAN_POINT ( 'NONE',  ( -40.11998767400631039, 112.7299032302373263, 50.38968031787177893 ) ) ;
#5973 = CARTESIAN_POINT ( 'NONE',  ( 32.67905511576731925, 175.4143508792267312, -33.78038696512043515 ) ) ;
#5974 = CARTESIAN_POINT ( 'NONE',  ( 36.16335210636128039, 59.45114242269138316, -29.59757854398763399 ) ) ;
#5975 = B_SPLINE_CURVE_WITH_KNOTS ( 'NONE', 3,
 ( #3711, #242, #3091, #4694 ),
 .UNSPECIFIED., .F., .F.,
 ( 4, 4 ),
 ( 0.000000000000000000, 0.009128091185151520487 ),
 .UNSPECIFIED. ) ;
#5976 = CARTESIAN_POINT ( 'NONE',  ( 31.31356217171363099, 45.71524904810726753, -34.44736847863527629 ) ) ;
#5977 = CARTESIAN_POINT ( 'NONE',  ( -41.19064070390658117, 148.1781441586251162, 49.31902728797150104 ) ) ;
#5978 = DATE_AND_TIME ( #6052, #4507 ) ;
#5979 = CARTESIAN_POINT ( 'NONE',  ( -38.43390449649705687, 80.61020279584469961, 27.32702615385185752 ) ) ;
#5980 = ORIENTED_EDGE ( 'NONE', *, *, #7190, .T. ) ;
#5981 = CARTESIAN_POINT ( 'NONE',  ( 47.03874315999061650, 66.31954352124843410, -43.47092483188747281 ) ) ;
#5982 = CARTESIAN_POINT ( 'NONE',  ( 27.32702615385185396, 80.61020279584469961, -38.43390449649706397 ) ) ;
#5983 = VERTEX_POINT ( 'NONE', #3751 ) ;
#5984 = CARTESIAN_POINT ( 'NONE',  ( -41.98910179518575347, 82.37800232306901194, -48.52056619669235715 ) ) ;
#5985 = CIRCLE ( 'NONE', #5076, 36.00000000000000000 ) ;
#5986 = CARTESIAN_POINT ( 'NONE',  ( 50.49399183426300652, 134.5090890707682831, -40.01567615761508279 ) ) ;
#5987 = LINE ( 'NONE', #2605, #1785 ) ;
#5988 = DIRECTION ( 'NONE',  ( 0.000000000000000000, 1.000000000000000000, 0.000000000000000000 ) ) ;
#5989 = ORIENTED_EDGE ( 'NONE', *, *, #5944, .T. ) ;
#5990 = CARTESIAN_POINT ( 'NONE',  ( 108.0000000000000000, 204.9984294160720424, -1.407972151344733858 ) ) ;
#5991 = CARTESIAN_POINT ( 'NONE',  ( -49.82615309694460848, 100.9687423887486943, -40.68351489493349504 ) ) ;
#5992 = CARTESIAN_POINT ( 'NONE',  ( 47.88935570772442674, 75.23276251545792093, -42.62031228415365547 ) ) ;
#5993 = ADVANCED_FACE ( 'NONE', ( #388 ), #4224, .F. ) ;
#5994 = CARTESIAN_POINT ( 'NONE',  ( 24.96626355950889931, 111.3121957717727071, -40.79466709084002218 ) ) ;
#5995 = EDGE_LOOP ( 'NONE', ( #3352, #6577, #1418, #3253, #6613, #3706, #6377, #3914, #2106, #1147, #1439, #6777, #3263, #5605, #191, #2617, #6062, #7010 ) ) ;
#5996 = PLANE ( 'NONE',  #4056 ) ;
#5997 = APPROVAL_PERSON_ORGANIZATION ( #5055, #5122, #2685 ) ;
#5998 = CARTESIAN_POINT ( 'NONE',  ( -27.32702615385185396, 80.61020279584469961, 38.43390449649707108 ) ) ;
#5999 = CARTESIAN_POINT ( 'NONE',  ( -39.86548770796169094, 124.0985968565961741, -50.64418028391641258 ) ) ;
#6000 = CARTESIAN_POINT ( 'NONE',  ( -47.88935570772442674, 75.23276251545790672, 42.62031228415365547 ) ) ;
#6001 = PLANE ( 'NONE',  #4225 ) ;
#6002 = CARTESIAN_POINT ( 'NONE',  ( 37.71505118858642902, 73.51205311375596807, 28.04587946176250313 ) ) ;
#6003 = ORIENTED_EDGE ( 'NONE', *, *, #6369, .T. ) ;
#6004 = ORIENTED_EDGE ( 'NONE', *, *, #353, .T. ) ;
#6005 = CARTESIAN_POINT ( 'NONE',  ( 28.50815149135656767, 171.2031378497270850, 37.25277915899236092 ) ) ;
#6006 = CARTESIAN_POINT ( 'NONE',  ( -30.80394296248340069, 52.00000000000000000, 35.45918685583340135 ) ) ;
#6007 = LINE ( 'NONE', #6527, #787 ) ;
#6008 = DIRECTION ( 'NONE',  ( -0.000000000000000000, 1.000000000000000000, -0.000000000000000000 ) ) ;
#6009 = AXIS2_PLACEMENT_3D ( 'NONE', #147, #4594, #6940 ) ;
#6010 = CARTESIAN_POINT ( 'NONE',  ( -40.68351489493348083, 100.9687423887486943, 49.82615309694460848 ) ) ;
#6011 = CARTESIAN_POINT ( 'NONE',  ( 32.96085372611562292, 175.4713705888862592, -33.50548176669374811 ) ) ;
#6012 = CARTESIAN_POINT ( 'NONE',  ( 40.68351489493349504, 100.9687423887486943, 49.82615309694461558 ) ) ;
#6013 = CARTESIAN_POINT ( 'NONE',  ( 43.47092483188746570, 66.31954352124841989, -47.03874315999062361 ) ) ;
#6014 = CARTESIAN_POINT ( 'NONE',  ( -25.10761244709871676, 153.6225640485287727, 40.65331820325018697 ) ) ;
#6015 = CALENDAR_DATE ( 2026, 29, 9 ) ;
#6016 = CARTESIAN_POINT ( 'NONE',  ( -48.14642419775778137, 153.8348667856811858, 42.36324379412031504 ) ) ;
#6017 = VERTEX_POINT ( 'NONE', #5912 ) ;
#6018 = CARTESIAN_POINT ( 'NONE',  ( 41.74177417787063860, 85.62404022679615423, -48.76789381400745782 ) ) ;
#6019 = ORIENTED_EDGE ( 'NONE', *, *, #3523, .F. ) ;
#6020 = CARTESIAN_POINT ( 'NONE',  ( -34.51648671455649264, 38.38965361115111108, -34.94075078326842032 ) ) ;
#6021 = CARTESIAN_POINT ( 'NONE',  ( 46.30576403225039428, 59.33385514974001751, -44.20390395962768793 ) ) ;
#6022 = CARTESIAN_POINT ( 'NONE',  ( 0.000000000000000000, 55.00000000000000000, 0.000000000000000000 ) ) ;
#6023 = EDGE_LOOP ( 'NONE', ( #132, #773, #3317, #6139, #5407, #7168, #4648, #6977, #5253, #4656, #1006, #7129, #4209, #2197, #7016, #4811, #3337, #1365, #421, #1662 ) ) ;
#6024 = CARTESIAN_POINT ( 'NONE',  ( 108.0000000000000000, 191.9302026907494678, 0.5265706568650422303 ) ) ;
#6025 = CARTESIAN_POINT ( 'NONE',  ( 46.59833688019348585, 145.5000000000000000, 52.39661248592317833 ) ) ;
#6026 = CARTESIAN_POINT ( 'NONE',  ( 49.93783009309770904, 143.4569695494772930, -40.57183789878038027 ) ) ;
#6027 = CARTESIAN_POINT ( 'NONE',  ( -39.22375858382816460, 163.8347417721553541, -26.53717206652077110 ) ) ;
#6028 = CARTESIAN_POINT ( 'NONE',  ( 28.75104949436350665, 66.80701258836775480, -37.00988115598539707 ) ) ;
#6029 = CARTESIAN_POINT ( 'NONE',  ( -32.67364837514421083, 42.63130800481447835, 33.08728227520470710 ) ) ;
#6030 = CARTESIAN_POINT ( 'NONE',  ( 40.33924585287351761, 140.4589426390626556, 50.17042213900459302 ) ) ;
#6031 = EDGE_CURVE ( 'NONE', #5145, #2797, #3647, .T. ) ;
#6032 = CARTESIAN_POINT ( 'NONE',  ( -26.00954371031357582, 95.69680212022356613, 39.75138694003534567 ) ) ;
#6033 = CARTESIAN_POINT ( 'NONE',  ( -31.08035469695842679, 175.3233815820528321, -34.68057595339050891 ) ) ;
#6034 = CARTESIAN_POINT ( 'NONE',  ( 50.38968031787179314, 112.7299032302373263, 40.11998767400631749 ) ) ;
#6035 = CARTESIAN_POINT ( 'NONE',  ( -33.59269824446732855, 39.48056780803435828, 32.16823240588158228 ) ) ;
#6036 = CARTESIAN_POINT ( 'NONE',  ( -44.99017980345194445, 52.44290321668560750, 45.51948818842614486 ) ) ;
#6037 = EDGE_CURVE ( 'NONE', #6573, #2558, #4848, .T. ) ;
#6038 = VERTEX_POINT ( 'NONE', #871 ) ;
#6039 = EDGE_LOOP ( 'NONE', ( #16, #2580, #4458, #6003, #3216, #3535 ) ) ;
#6040 = DIRECTION ( 'NONE',  ( -0.000000000000000000, -1.000000000000000000, -0.000000000000000000 ) ) ;
#6041 = CARTESIAN_POINT ( 'NONE',  ( -39.75138694003534567, 95.69680212022356613, -26.00954371031358647 ) ) ;
#6042 = ADVANCED_FACE ( 'NONE', ( #4701 ), #1938, .F. ) ;
#6043 = DIRECTION ( 'NONE',  ( 0.000000000000000000, 0.000000000000000000, -1.000000000000000000 ) ) ;
#6044 = LINE ( 'NONE', #5471, #5604 ) ;
#6045 = CARTESIAN_POINT ( 'NONE',  ( -39.86548770796168384, 124.0985968565961883, 50.64418028391641258 ) ) ;
#6046 = CARTESIAN_POINT ( 'NONE',  ( -108.0000000000000000, 188.0000000000000000, -0.1499999999999999944 ) ) ;
#6047 = CARTESIAN_POINT ( 'NONE',  ( 39.91748297430893189, 120.2343318316845853, 50.59218501756917874 ) ) ;
#6048 = CARTESIAN_POINT ( 'NONE',  ( 36.87847621481376592, 49.45210526212279234, 33.65753773153343076 ) ) ;
#6049 = VECTOR ( 'NONE', #706, 1000.000000000000114 ) ;
#6050 = EDGE_CURVE ( 'NONE', #6739, #2026, #3059, .T. ) ;
#6051 = CARTESIAN_POINT ( 'NONE',  ( 30.80394296248330122, 52.00000000000000000, -35.45918685583350083 ) ) ;
#6052 = CALENDAR_DATE ( 2026, 29, 9 ) ;
#6053 = CARTESIAN_POINT ( 'NONE',  ( -33.83408293086010588, 41.21309918220618584, 31.92684771948880140 ) ) ;
#6054 = CARTESIAN_POINT ( 'NONE',  ( 32.16823240588158228, 39.48056780803436538, -33.59269824446733566 ) ) ;
#6055 = B_SPLINE_CURVE_WITH_KNOTS ( 'NONE', 3,
 ( #1537, #1464, #5345, #1979, #2621, #839, #4198, #6406, #6908, #358, #5377, #7042, #4265, #874, #3064, #5917, #5950, #6976, #3721, #2075, #6472, #5279, #1943, #1430, #3165, #289, #1500, #2524, #3101, #5411, #326, #2557, #941, #4302 ),
 .UNSPECIFIED., .F., .F.,
 ( 4, 2, 2, 2, 2, 2, 2, 2, 2, 2, 2, 2, 2, 2, 2, 2, 4 ),
 ( 0.000000000000000000, 0.002341570909608139961, 0.003512356364412173079, 0.004683141819216206196, 0.005853927274020238013, 0.007024712728824271564, 0.008195498183628290370, 0.008780890911030275053, 0.009366283638432258002, 0.009951676365834244420, 0.01053706909323622910, 0.01170785454804016031, 0.01287864000284409498, 0.01404942545764802792, 0.01639099636725595971, 0.01756178182205992214, 0.01873256727686388109 ),
 .UNSPECIFIED. ) ;
#6056 = VERTEX_POINT ( 'NONE', #3097 ) ;
#6057 = VECTOR ( 'NONE', #5228, 1000.000000000000114 ) ;
#6058 = CARTESIAN_POINT ( 'NONE',  ( -47.64815304264734408, 72.49854646718330287, -42.86151494923076655 ) ) ;
#6059 = CARTESIAN_POINT ( 'NONE',  ( 34.81447876247081297, 48.51213425699022963, -30.94645188787810497 ) ) ;
#6060 = DIRECTION ( 'NONE',  ( 1.000000000000000000, 0.000000000000000000, 1.224646799147353207E-16 ) ) ;
#6061 = CARTESIAN_POINT ( 'NONE',  ( -35.45918685583340135, 52.00000000000000000, -30.80394296248341135 ) ) ;
#6062 = ORIENTED_EDGE ( 'NONE', *, *, #3030, .F. ) ;
#6063 = CARTESIAN_POINT ( 'NONE',  ( 45.46696603029501915, 52.00000000000000000, 45.04270196158309147 ) ) ;
#6064 = CARTESIAN_POINT ( 'NONE',  ( 108.0000000000000000, 222.2167203554061246, 2.888639853034277263E-17 ) ) ;
#6065 = CARTESIAN_POINT ( 'NONE',  ( 38.43390449649707108, 80.61020279584469961, 27.32702615385186462 ) ) ;
#6066 = CARTESIAN_POINT ( 'NONE',  ( 0.000000000000000000, 0.000000000000000000, 0.000000000000000000 ) ) ;
#6067 = CARTESIAN_POINT ( 'NONE',  ( 41.19064070390658117, 148.1781441586250878, -49.31902728797151525 ) ) ;
#6068 = CARTESIAN_POINT ( 'NONE',  ( 43.94697918396570202, 157.2818685057019650, 46.56268880791240861 ) ) ;
#6069 = FACE_OUTER_BOUND ( 'NONE', #6611, .T. ) ;
#6070 = CIRCLE ( 'NONE', #3294, 46.99996213765929554 ) ;
#6071 = B_SPLINE_SURFACE_WITH_KNOTS ( 'NONE', 3, 1, ( 
 ( #112, #3982 ),
 ( #1322, #1873 ),
 ( #75, #3544 ),
 ( #2844, #6188 ),
 ( #5599, #1213 ),
 ( #5675, #5711 ),
 ( #731, #2346 ),
 ( #151, #2266 ),
 ( #4633, #4559 ),
 ( #2386, #6770 ),
 ( #1722, #1802 ),
 ( #2920, #5178 ),
 ( #4093, #4021 ),
 ( #3945, #3470 ),
 ( #6265, #4598 ),
 ( #185, #1833 ),
 ( #6154, #4059 ),
 ( #3508, #768 ),
 ( #6300, #2957 ),
 ( #1174, #3396 ),
 ( #618, #5069 ),
 ( #2305, #3168 ),
 ( #361, #2043 ),
 ( #4231, #1466 ),
 ( #943, #1503 ),
 ( #3616, #6909 ),
 ( #6475, #4812 ),
 ( #5248, #3723 ),
 ( #806, #1944 ),
 ( #3578, #6370 ),
 ( #3654, #3687 ),
 ( #5882, #2493 ),
 ( #3103, #218 ),
 ( #5919, #2456 ),
 ( #1431, #4670 ),
 ( #5782, #911 ),
 ( #5853, #3135 ),
 ( #7011, #4706 ),
 ( #6874, #6945 ),
 ( #6440, #1396 ),
 ( #5347, #876 ),
 ( #1358, #4268 ),
 ( #1909, #4773 ),
 ( #4131, #6336 ),
 ( #2591, #2559 ),
 ( #5817, #2525 ),
 ( #3026, #6978 ),
 ( #253, #4162 ),
 ( #840, #3066 ),
 ( #5280, #290 ),
 ( #4738, #1981 ),
 ( #4199, #6407 ),
 ( #5312, #328 ),
 ( #2012, #6106 ),
 ( #7154, #5485 ),
 ( #7044, #4440 ),
 ( #4304, #4842 ) ),
 .UNSPECIFIED., .F., .F., .F.,
 ( 4, 1, 1, 1, 1, 1, 1, 1, 1, 1, 1, 1, 1, 1, 1, 1, 1, 1, 1, 1, 1, 1, 1, 1, 1, 1, 1, 1, 1, 1, 1, 1, 1, 1, 1, 1, 1, 1, 1, 1, 1, 1, 1, 1, 1, 1, 1, 1, 1, 1, 1, 1, 1, 1, 4 ),
 ( 2, 2 ),
 ( 0.000000000000000000, 0.006185920264467840990, 0.006201962899188698426, 0.02441097605636065315, 0.02448136905349916972, 0.05370574164729763345, 0.05388345649501025819, 0.09253774940744020905, 0.09289034474279105058, 0.1389060332195526937, 0.1395093084148930351, 0.1904437008900517758, 0.1913742588137488654, 0.2445345556009105303, 0.2458629933516659483, 0.2984579075547035831, 0.3002380933255869855, 0.3495648249652614226, 0.3518114771965040188, 0.3954646363279900600, 0.3981158618259910686, 0.4341890767744074897, 0.4370593218643058497, 0.4643545367854607919, 0.4670784500627876423, 0.4855543320873984547, 0.4874746266155715047, 0.5000000000000001110, 0.5125253733844284953, 0.5144456679126017118, 0.5329215499372124132, 0.5356454632145394301, 0.5629406781356941503, 0.5658109232255926768, 0.6018841381740089869, 0.6045353636720101065, 0.6481885228034960367, 0.6504351750347387995, 0.6997619066744130700, 0.7015420924452966389, 0.7541370066483340517, 0.7554654443990895807, 0.8086257411862511901, 0.8095562991099484185, 0.8604906915851070481, 0.8610939667804474729, 0.9071096552572089911, 0.9074622505925599159, 0.9461165435049897487, 0.9462942583527024221, 0.9755186309465009309, 0.9755890239436393330, 0.9937980371008113822, 0.9938140797355320410, 1.000000000000000000 ),
 ( 0.000000000000000000, 1.000000000000000000 ),
 .UNSPECIFIED. ) ;
#6072 = CARTESIAN_POINT ( 'NONE',  ( 42.32202566649796438, 78.60787726850114154, -48.18764232538012493 ) ) ;
#6073 = B_SPLINE_CURVE_WITH_KNOTS ( 'NONE', 3,
 ( #343, #4790, #376, #925 ),
 .UNSPECIFIED., .F., .F.,
 ( 4, 4 ),
 ( 0.01740447811741088410, 0.01776587260766537835 ),
 .UNSPECIFIED. ) ;
#6074 = CARTESIAN_POINT ( 'NONE',  ( 26.00954371031358292, 95.69680212022358035, 39.75138694003535278 ) ) ;
#6075 = CARTESIAN_POINT ( 'NONE',  ( -41.59764216673600146, 150.5005888525397495, 48.91202582514208075 ) ) ;
#6076 = CARTESIAN_POINT ( 'NONE',  ( -39.91748297430894610, 120.2343318316846279, -50.59218501756916453 ) ) ;
#6077 = CARTESIAN_POINT ( 'NONE',  ( 42.50986971695724748, 125.8057764562003911, -26.32341191398409919 ) ) ;
#6078 = CARTESIAN_POINT ( 'NONE',  ( -77.50000000000000000, 174.0000000000000000, 0.1999999999999999833 ) ) ;
#6079 = ORIENTED_EDGE ( 'NONE', *, *, #1580, .T. ) ;
#6080 = ORIENTED_EDGE ( 'NONE', *, *, #5332, .F. ) ;
#6081 = CARTESIAN_POINT ( 'NONE',  ( 27.19834591289388470, 166.8763353538258514, 38.56258473745506166 ) ) ;
#6082 = ADVANCED_FACE ( 'NONE', ( #2653 ), #569, .T. ) ;
#6083 = CARTESIAN_POINT ( 'NONE',  ( -34.44736847863528340, 45.71524904810726753, -31.31356217171364520 ) ) ;
#6084 = CARTESIAN_POINT ( 'NONE',  ( -47.00000000000000000, 206.7281651688462034, 2.920414631902330971 ) ) ;
#6085 = DIRECTION ( 'NONE',  ( 0.000000000000000000, 1.000000000000000000, 0.000000000000000000 ) ) ;
#6086 = CARTESIAN_POINT ( 'NONE',  ( -49.31902728797149393, 148.1781441586250878, 41.19064070390658117 ) ) ;
#6087 = LINE ( 'NONE', #450, #6837 ) ;
#6088 = VERTEX_POINT ( 'NONE', #5510 ) ;
#6089 = CARTESIAN_POINT ( 'NONE',  ( 43.47092483188747991, 66.31954352124841989, 47.03874315999063072 ) ) ;
#6090 = EDGE_CURVE ( 'NONE', #1470, #5098, #3851, .T. ) ;
#6091 = CARTESIAN_POINT ( 'NONE',  ( 34.81447876247082718, 48.51213425699024384, 30.94645188787810852 ) ) ;
#6092 = B_SPLINE_CURVE_WITH_KNOTS ( 'NONE', 3,
 ( #2422, #807, #4599, #5211 ),
 .UNSPECIFIED., .F., .F.,
 ( 4, 4 ),
 ( 0.000000000000000000, 0.0003614012583556523738 ),
 .UNSPECIFIED. ) ;
#6093 = CARTESIAN_POINT ( 'NONE',  ( 30.94645188787809786, 48.51213425699023674, -34.81447876247082007 ) ) ;
#6094 = CARTESIAN_POINT ( 'NONE',  ( -47.88935570772442674, 75.23276251545790672, 42.62031228415365547 ) ) ;
#6095 = APPLICATION_PROTOCOL_DEFINITION ( 'international standard', 'config_control_design', 1994, #3842 ) ;
#6096 = CARTESIAN_POINT ( 'NONE',  ( -40.65331820325018697, 153.6225640485288011, 25.10761244709872742 ) ) ;
#6097 = VERTEX_POINT ( 'NONE', #6539 ) ;
#6098 = CARTESIAN_POINT ( 'NONE',  ( 45.04270196158307726, 52.00000000000000000, -45.46696603029501205 ) ) ;
#6099 = CARTESIAN_POINT ( 'NONE',  ( 25.10761244709873452, 153.6225640485288011, 40.65331820325020118 ) ) ;
#6100 = ORIENTED_EDGE ( 'NONE', *, *, #1526, .F. ) ;
#6101 = FACE_OUTER_BOUND ( 'NONE', #1221, .T. ) ;
#6102 = CARTESIAN_POINT ( 'NONE',  ( 84.99999999999998579, 212.0000000000000000, 0.000000000000000000 ) ) ;
#6103 = CARTESIAN_POINT ( 'NONE',  ( -35.45918685583342267, 52.00000000000000711, 30.80394296248343267 ) ) ;
#6104 = ORIENTED_EDGE ( 'NONE', *, *, #4685, .F. ) ;
#6105 = FACE_OUTER_BOUND ( 'NONE', #4098, .T. ) ;
#6106 = CARTESIAN_POINT ( 'NONE',  ( 44.73292201045924799, 54.62836855260160718, 45.77674598141886264 ) ) ;
#6107 = CARTESIAN_POINT ( 'NONE',  ( -42.62031228415366968, 75.23276251545792093, -47.88935570772444095 ) ) ;
#6108 = CARTESIAN_POINT ( 'NONE',  ( 49.82615309694460137, 100.9687423887486943, -40.68351489493349504 ) ) ;
#6109 = CARTESIAN_POINT ( 'NONE',  ( -26.00954371031358647, 95.69680212022358035, -39.75138694003535278 ) ) ;
#6110 = CARTESIAN_POINT ( 'NONE',  ( -47.03874315999061650, 66.31954352124841989, 43.47092483188747281 ) ) ;
#6111 = CARTESIAN_POINT ( 'NONE',  ( 43.94697918396568781, 157.2818685057019650, -46.56268880791239440 ) ) ;
#6112 = CARTESIAN_POINT ( 'NONE',  ( 43.05106378547495183, 156.3633846497057505, -47.45860420640313748 ) ) ;
#6113 = CARTESIAN_POINT ( 'NONE',  ( 44.99031566266480553, 52.44175755770030634, 45.51935232921329799 ) ) ;
#6114 = CARTESIAN_POINT ( 'NONE',  ( -39.91748297430892478, 120.2343318316846421, 50.59218501756915742 ) ) ;
#6115 = CARTESIAN_POINT ( 'NONE',  ( 50.00020022165055877, 161.3771410853478585, -0.08169497157945891652 ) ) ;
#6116 = ORIENTED_EDGE ( 'NONE', *, *, #820, .T. ) ;
#6117 = VECTOR ( 'NONE', #6442, 1000.000000000000000 ) ;
#6118 = ORIENTED_EDGE ( 'NONE', *, *, #3032, .T. ) ;
#6119 = CARTESIAN_POINT ( 'NONE',  ( 42.36324379412032215, 153.8348667856811858, 48.14642419775779558 ) ) ;
#6120 = CARTESIAN_POINT ( 'NONE',  ( -39.91996775807773901, 130.9941881811296014, -50.58970023380037162 ) ) ;
#6121 = FACE_OUTER_BOUND ( 'NONE', #2563, .T. ) ;
#6122 = CARTESIAN_POINT ( 'NONE',  ( 36.07334018334913850, 174.1961081890039509, 29.68759046699980431 ) ) ;
#6123 = CARTESIAN_POINT ( 'NONE',  ( 46.56268880791239440, 157.2818685057019650, 43.94697918396571623 ) ) ;
#6124 = CARTESIAN_POINT ( 'NONE',  ( -40.24733569863604288, 157.6066838202881399, 25.51359495171287506 ) ) ;
#6125 = AXIS2_PLACEMENT_3D ( 'NONE', #4441, #4378, #4407 ) ;
#6126 = CARTESIAN_POINT ( 'NONE',  ( 48.76789381400745782, 85.62404022679615423, 41.74177417787063860 ) ) ;
#6127 = ORIENTED_EDGE ( 'NONE', *, *, #3702, .F. ) ;
#6128 = ORIENTED_EDGE ( 'NONE', *, *, #820, .F. ) ;
#6129 = CARTESIAN_POINT ( 'NONE',  ( 44.99031566266480553, 52.44175755770030634, 45.51935232921329799 ) ) ;
#6130 = CARTESIAN_POINT ( 'NONE',  ( 39.75138694003533857, 95.69680212022358035, -26.00954371031357937 ) ) ;
#6131 = VECTOR ( 'NONE', #4600, 999.9999999999998863 ) ;
#6132 = CARTESIAN_POINT ( 'NONE',  ( -47.03874315999061650, 66.31954352124841989, 43.47092483188747281 ) ) ;
#6133 = COORDINATED_UNIVERSAL_TIME_OFFSET ( 12, 0, .AHEAD. ) ;
#6134 = LINE ( 'NONE', #131, #2776 ) ;
#6135 = EDGE_CURVE ( 'NONE', #3420, #6158, #3886, .T. ) ;
#6136 = CARTESIAN_POINT ( 'NONE',  ( 50.64418028391640547, 124.0985968565961741, -39.86548770796168384 ) ) ;
#6137 = EDGE_CURVE ( 'NONE', #1194, #6899, #4968, .T. ) ;
#6138 = AXIS2_PLACEMENT_3D ( 'NONE', #1563, #1113, #418 ) ;
#6139 = ORIENTED_EDGE ( 'NONE', *, *, #59, .F. ) ;
#6140 = CARTESIAN_POINT ( 'NONE',  ( -50.68940747672289149, 127.6151589264297144, -39.82026051515521914 ) ) ;
#6141 = FACE_OUTER_BOUND ( 'NONE', #3757, .T. ) ;
#6142 = CARTESIAN_POINT ( 'NONE',  ( -33.26194495473987445, 37.17140469785621093, -32.49898569560906481 ) ) ;
#6143 = ORIENTED_EDGE ( 'NONE', *, *, #3494, .F. ) ;
#6144 = CARTESIAN_POINT ( 'NONE',  ( -35.92463511078793914, 172.3210456249929052, -34.77817033146586567 ) ) ;
#6145 = CARTESIAN_POINT ( 'NONE',  ( 49.58005470913413859, 96.97051065983893636, 40.92961328274396493 ) ) ;
#6146 = PLANE ( 'NONE',  #4510 ) ;
#6147 = CARTESIAN_POINT ( 'NONE',  ( 33.08728236088434471, 42.63130802165809996, -32.67364828946458033 ) ) ;
#6148 = PLANE ( 'NONE',  #5528 ) ;
#6149 = CARTESIAN_POINT ( 'NONE',  ( 44.58347426246773182, 55.93620152028918824, 45.92619372941037881 ) ) ;
#6150 = CARTESIAN_POINT ( 'NONE',  ( -33.09259735953042281, 35.99999999999999289, 32.66833329081849513 ) ) ;
#6151 = CARTESIAN_POINT ( 'NONE',  ( -42.62031228415366968, 75.23276251545792093, -47.88935570772444095 ) ) ;
#6152 = CARTESIAN_POINT ( 'NONE',  ( 32.49898569560905059, 37.17140469785621093, -33.26194495473986734 ) ) ;
#6153 = DIRECTION ( 'NONE',  ( -0.5218651776778592266, 0.6747691995449354163, -0.5218651776778592266 ) ) ;
#6154 = CARTESIAN_POINT ( 'NONE',  ( 41.06358789818639821, 116.6762642137271513, 24.69734275216253749 ) ) ;
#6155 = CARTESIAN_POINT ( 'NONE',  ( -29.29356565747519170, 173.1609393494194080, 36.46736499287372624 ) ) ;
#6156 = CARTESIAN_POINT ( 'NONE',  ( -40.28617701406469109, 108.7025900201346644, -50.22349097781342664 ) ) ;
#6157 = ORIENTED_EDGE ( 'NONE', *, *, #3702, .T. ) ;
#6158 = VERTEX_POINT ( 'NONE', #3277 ) ;
#6159 = DIRECTION ( 'NONE',  ( -0.000000000000000000, 1.000000000000000000, -0.000000000000000000 ) ) ;
#6160 = CARTESIAN_POINT ( 'NONE',  ( -32.88046532517444831, 176.5866740378391455, -32.88046532517448384 ) ) ;
#6161 = CARTESIAN_POINT ( 'NONE',  ( -47.00000000000000000, 164.0860123415720579, 0.5490809186924489049 ) ) ;
#6162 = CARTESIAN_POINT ( 'NONE',  ( -46.99932455725360114, 210.9775780546536339, 0.2757723197565564166 ) ) ;
#6163 = DIRECTION ( 'NONE',  ( 0.000000000000000000, -1.000000000000000000, 0.000000000000000000 ) ) ;
#6164 = CARTESIAN_POINT ( 'NONE',  ( 45.57187448734443791, 52.88466077438589963, 44.93779350453366561 ) ) ;
#6165 = VERTEX_POINT ( 'NONE', #420 ) ;
#6166 = CARTESIAN_POINT ( 'NONE',  ( 46.98823194100194200, 211.9999999999994316, -1.050000000005465450 ) ) ;
#6167 = DIRECTION ( 'NONE',  ( -0.000000000000000000, 1.000000000000000000, -0.000000000000000000 ) ) ;
#6168 = CARTESIAN_POINT ( 'NONE',  ( 47.72506399400256072, 155.3921848145515412, -42.78460399787553570 ) ) ;
#6169 = CARTESIAN_POINT ( 'NONE',  ( 40.33924585287350340, 140.4589426390626272, -50.17042213900458592 ) ) ;
#6170 = CARTESIAN_POINT ( 'NONE',  ( -48.14642419775778137, 153.8348667856811858, 42.36324379412031504 ) ) ;
#6171 = CARTESIAN_POINT ( 'NONE',  ( 32.98532786528269156, 54.99999999999999289, 37.57616459432502154 ) ) ;
#6172 = ORIENTED_EDGE ( 'NONE', *, *, #2099, .F. ) ;
#6173 = CARTESIAN_POINT ( 'NONE',  ( 41.36857510098818125, 141.0186408901463722, -24.39235554936074024 ) ) ;
#6174 = FACE_OUTER_BOUND ( 'NONE', #3905, .T. ) ;
#6175 = DIRECTION ( 'NONE',  ( 0.000000000000000000, 1.000000000000000000, 0.000000000000000000 ) ) ;
#6176 = ORIENTED_EDGE ( 'NONE', *, *, #3788, .F. ) ;
#6177 = CARTESIAN_POINT ( 'NONE',  ( -26.52044225623026463, 143.6402985707646280, -42.38768592517963896 ) ) ;
#6178 = APPROVAL ( #6569, 'UNSPECIFIED' ) ;
#6179 = CARTESIAN_POINT ( 'NONE',  ( -31.31356217171365230, 45.71524904810724621, -34.44736847863528340 ) ) ;
#6180 = CARTESIAN_POINT ( 'NONE',  ( -46.99256891767858946, 212.6457338873974550, -0.8392249818351562585 ) ) ;
#6181 = CARTESIAN_POINT ( 'NONE',  ( -38.00000000000000000, 320.0000000000000000, -24.00000000000000000 ) ) ;
#6182 = CIRCLE ( 'NONE', #144, 46.99996213765929554 ) ;
#6183 = CARTESIAN_POINT ( 'NONE',  ( -48.76789381400745071, 85.62404022679615423, 41.74177417787063860 ) ) ;
#6184 = CARTESIAN_POINT ( 'NONE',  ( 35.63270687126059499, 54.97802726448586697, -30.12822377908831939 ) ) ;
#6185 = CARTESIAN_POINT ( 'NONE',  ( 45.72681195956040767, 54.19120085711174539, -44.78285603231768164 ) ) ;
#6186 = ADVANCED_FACE ( 'NONE', ( #5479 ), #2773, .T. ) ;
#6187 = AXIS2_PLACEMENT_3D ( 'NONE', #3444, #6159, #1180 ) ;
#6188 = CARTESIAN_POINT ( 'NONE',  ( 45.77674598141886264, 54.62836855260158586, 44.73292201045924799 ) ) ;
#6189 = CARTESIAN_POINT ( 'NONE',  ( -37.25277915899234671, 171.2031378497270850, 28.50815149135656412 ) ) ;
#6190 = FACE_OUTER_BOUND ( 'NONE', #2283, .T. ) ;
#6191 = CARTESIAN_POINT ( 'NONE',  ( 49.93783009309771614, 143.4569695494772930, 40.57183789878039448 ) ) ;
#6192 = CARTESIAN_POINT ( 'NONE',  ( 37.57616459432502154, 54.99999999999999289, -32.98532786528269156 ) ) ;
#6193 = ORIENTED_EDGE ( 'NONE', *, *, #5257, .F. ) ;
#6194 = EDGE_CURVE ( 'NONE', #4418, #4324, #1658, .T. ) ;
#6195 = ORIENTED_EDGE ( 'NONE', *, *, #4453, .F. ) ;
#6196 = CARTESIAN_POINT ( 'NONE',  ( -31.68079750501928515, 43.01938834715414117, -34.08013314532963278 ) ) ;
#6197 = CARTESIAN_POINT ( 'NONE',  ( -24.37365805196744262, 126.6764942988443892, -41.38727259838150019 ) ) ;
#6198 = CARTESIAN_POINT ( 'NONE',  ( 34.56082353836229260, 175.0649071256258082, 31.85388218792847681 ) ) ;
#6199 = CARTESIAN_POINT ( 'NONE',  ( 35.77960312803931942, 94.50000000000000000, 29.98132752230962694 ) ) ;
#6200 = CARTESIAN_POINT ( 'NONE',  ( -49.82615309694459427, 100.9687423887486943, 40.68351489493349504 ) ) ;
#6201 = CARTESIAN_POINT ( 'NONE',  ( 41.06358789818639821, 116.6762642137271513, 24.69734275216253749 ) ) ;
#6202 = ORIENTED_EDGE ( 'NONE', *, *, #1703, .T. ) ;
#6203 = LINE ( 'NONE', #5157, #3863 ) ;
#6204 = DIRECTION ( 'NONE',  ( 0.000000000000000000, 0.000000000000000000, 1.000000000000000000 ) ) ;
#6205 = CARTESIAN_POINT ( 'NONE',  ( 39.86548770796168384, 124.0985968565961315, -50.64418028391641258 ) ) ;
#6206 = CARTESIAN_POINT ( 'NONE',  ( 40.79466709084000797, 111.3121957717727071, -24.96626355950890641 ) ) ;
#6207 = CARTESIAN_POINT ( 'NONE',  ( -35.63270687126059499, 54.97802726448587407, 30.12822377908832294 ) ) ;
#6208 = CARTESIAN_POINT ( 'NONE',  ( 26.50182654239653246, 120.7183223083804648, 42.39887059890493504 ) ) ;
#6209 = EDGE_LOOP ( 'NONE', ( #6878, #6323, #3804, #4837 ) ) ;
#6210 = CARTESIAN_POINT ( 'NONE',  ( 40.24733569863604998, 157.6066838202880831, -25.51359495171286795 ) ) ;
#6211 = CARTESIAN_POINT ( 'NONE',  ( 34.84691904152296615, 48.76015655922637393, -30.91401160882593402 ) ) ;
#6212 = CARTESIAN_POINT ( 'NONE',  ( -35.06995688179169690, 49.00211377389216949, 31.16249184016698948 ) ) ;
#6213 = ORIENTED_EDGE ( 'NONE', *, *, #441, .T. ) ;
#6214 = CARTESIAN_POINT ( 'NONE',  ( -30.93174375732121817, 167.7527087701843982, -39.28526364580041275 ) ) ;
#6215 = CARTESIAN_POINT ( 'NONE',  ( 108.0000000000000000, 221.2045783221282989, -0.7135065983535374690 ) ) ;
#6216 = CARTESIAN_POINT ( 'NONE',  ( 44.00000000000000000, 325.0000000000000000, 3.000000000000000000 ) ) ;
#6217 = CARTESIAN_POINT ( 'NONE',  ( -30.53588490988009241, 51.75724116048969847, 35.22504574046882908 ) ) ;
#6218 = DIRECTION ( 'NONE',  ( -1.000000000000000000, 0.000000000000000000, 0.000000000000000000 ) ) ;
#6219 = DIRECTION ( 'NONE',  ( 0.000000000000000000, 1.000000000000000000, 0.000000000000000000 ) ) ;
#6220 = FACE_OUTER_BOUND ( 'NONE', #2462, .T. ) ;
#6221 = CARTESIAN_POINT ( 'NONE',  ( 48.76789381400745782, 85.62404022679615423, -41.74177417787063149 ) ) ;
#6222 = CARTESIAN_POINT ( 'NONE',  ( -38.64111387783484730, 169.3775914624900452, 31.73166403061707186 ) ) ;
#6223 = CARTESIAN_POINT ( 'NONE',  ( 40.11998767400630328, 112.7299032302373263, -50.38968031787177893 ) ) ;
#6224 = CARTESIAN_POINT ( 'NONE',  ( 45.04270196158309147, 52.00000000000000000, 45.46696603029501915 ) ) ;
#6225 = CARTESIAN_POINT ( 'NONE',  ( 37.49320649782439574, 71.28898199371604960, 28.26772415252454351 ) ) ;
#6226 = CARTESIAN_POINT ( 'NONE',  ( -34.44736847863528340, 45.71524904810726753, -31.31356217171364520 ) ) ;
#6227 = PLANE ( 'NONE',  #323 ) ;
#6228 = CARTESIAN_POINT ( 'NONE',  ( 40.70381606864702206, 161.8315952542384650, -29.03846933655524509 ) ) ;
#6229 = ADVANCED_FACE ( 'NONE', ( #277 ), #3637, .F. ) ;
#6230 = ORIENTED_EDGE ( 'NONE', *, *, #4916, .T. ) ;
#6231 = EDGE_LOOP ( 'NONE', ( #1714, #4642, #382, #881, #2941, #6687 ) ) ;
#6232 = CARTESIAN_POINT ( 'NONE',  ( -45.77674598141886975, 54.62836855260160718, -44.73292201045924088 ) ) ;
#6233 = CARTESIAN_POINT ( 'NONE',  ( -26.00954371031358647, 95.69680212022358035, -39.75138694003535278 ) ) ;
#6234 = CARTESIAN_POINT ( 'NONE',  ( 35.67620357438869405, 174.0484005150364339, 30.59914242695931819 ) ) ;
#6235 = CARTESIAN_POINT ( 'NONE',  ( -46.98823194100208411, 211.7225496912076039, -1.050000000000000044 ) ) ;
#6236 = CARTESIAN_POINT ( 'NONE',  ( -34.81447876247081297, 48.51213425699023674, 30.94645188787810497 ) ) ;
#6237 = CARTESIAN_POINT ( 'NONE',  ( 48.91202582514209496, 150.5005888525397495, 41.59764216673601567 ) ) ;
#6238 = ORIENTED_EDGE ( 'NONE', *, *, #3718, .T. ) ;
#6239 = DIRECTION ( 'NONE',  ( -0.7071067811865474617, 0.000000000000000000, 0.7071067811865474617 ) ) ;
#6240 = CARTESIAN_POINT ( 'NONE',  ( -30.12822377908832649, 54.97802726448586697, -35.63270687126060210 ) ) ;
#6241 = CARTESIAN_POINT ( 'NONE',  ( 48.91202582514208075, 150.5005888525397495, -41.59764216673601567 ) ) ;
#6242 = CARTESIAN_POINT ( 'NONE',  ( 47.88935570772442674, 75.23276251545792093, -42.62031228415365547 ) ) ;
#6243 = CARTESIAN_POINT ( 'NONE',  ( -45.25483399593903755, 158.6226686892998146, 45.25483399593904466 ) ) ;
#6244 = VECTOR ( 'NONE', #1581, 1000.000000000000114 ) ;
#6245 = CARTESIAN_POINT ( 'NONE',  ( 38.00000000000000000, 320.0000000000000000, -24.00000000000000000 ) ) ;
#6246 = VERTEX_POINT ( 'NONE', #1453 ) ;
#6247 = CARTESIAN_POINT ( 'NONE',  ( 37.49320649782438863, 71.28898199371604960, -28.26772415252453641 ) ) ;
#6248 = EDGE_CURVE ( 'NONE', #5163, #6430, #928, .T. ) ;
#6249 = CIRCLE ( 'NONE', #5210, 50.00000000000000000 ) ;
#6250 = CARTESIAN_POINT ( 'NONE',  ( 30.94645188787811207, 48.51213425699023674, 34.81447876247082718 ) ) ;
#6251 = CARTESIAN_POINT ( 'NONE',  ( -50.64418028391641968, 124.0985968565961315, -39.86548770796169094 ) ) ;
#6252 = CARTESIAN_POINT ( 'NONE',  ( -29.03846933654885376, 161.8315952542133687, -40.70381606865159085 ) ) ;
#6253 = CARTESIAN_POINT ( 'NONE',  ( 108.0000000000000000, 221.2045783221282989, 0.7135065983535352485 ) ) ;
#6254 = PLANE ( 'NONE',  #6258 ) ;
#6255 = B_SPLINE_CURVE_WITH_KNOTS ( 'NONE', 3,
 ( #2298, #4516, #5136, #1792 ),
 .UNSPECIFIED., .F., .F.,
 ( 4, 4 ),
 ( 0.000000000000000000, 0.0003044949188649799694 ),
 .UNSPECIFIED. ) ;
#6256 = CARTESIAN_POINT ( 'NONE',  ( -33.51819211725150893, 175.4694692900229995, 32.94791830014401768 ) ) ;
#6257 = CARTESIAN_POINT ( 'NONE',  ( 32.88046532517449805, 176.0000000000000000, 32.88046532517445542 ) ) ;
#6258 = AXIS2_PLACEMENT_3D ( 'NONE', #2875, #140, #3463 ) ;
#6259 = CARTESIAN_POINT ( 'NONE',  ( -49.05663547162954075, 89.40149471062305508, 41.45303252024855567 ) ) ;
#6260 = CARTESIAN_POINT ( 'NONE',  ( -26.85867340158342387, 85.63114929373706730, -38.90225724876551539 ) ) ;
#6261 = CARTESIAN_POINT ( 'NONE',  ( 45.46696603029500494, 52.00000000000000000, -45.04270196158308437 ) ) ;
#6262 = CARTESIAN_POINT ( 'NONE',  ( -38.10567307476865295, 170.3547063632765628, 32.37302178412730314 ) ) ;
#6263 = CIRCLE ( 'NONE', #5716, 46.99996213765929554 ) ;
#6264 = CARTESIAN_POINT ( 'NONE',  ( 24.39235554936073669, 141.0186408901463437, -41.36857510098818125 ) ) ;
#6265 = CARTESIAN_POINT ( 'NONE',  ( 40.15053420550686525, 101.0166046022987985, 25.61039644484208111 ) ) ;
#6266 = CARTESIAN_POINT ( 'NONE',  ( -45.51935232921329799, 52.44175755770031344, -44.99031566266480553 ) ) ;
#6267 = CARTESIAN_POINT ( 'NONE',  ( 28.99384443991968041, 64.61538329461578201, -36.76708621042923397 ) ) ;
#6268 = CARTESIAN_POINT ( 'NONE',  ( 27.07602383751730457, 150.3730014174354608, -42.03461616943295809 ) ) ;
#6269 = ORIENTED_EDGE ( 'NONE', *, *, #5376, .T. ) ;
#6270 = ORIENTED_EDGE ( 'NONE', *, *, #4070, .T. ) ;
#6271 = CARTESIAN_POINT ( 'NONE',  ( -41.00000000000000000, 320.0000000000000000, -18.00000000000000000 ) ) ;
#6272 = CARTESIAN_POINT ( 'NONE',  ( -40.68351489493350215, 100.9687423887486943, -49.82615309694460848 ) ) ;
#6273 = CARTESIAN_POINT ( 'NONE',  ( -47.00000000000000000, 242.1251027914491374, -3.543797287136489782 ) ) ;
#6274 = CARTESIAN_POINT ( 'NONE',  ( -46.99714884873045406, 211.0830279688054247, 0.5296784880253745387 ) ) ;
#6275 = EDGE_CURVE ( 'NONE', #2924, #2558, #1963, .T. ) ;
#6276 = DIRECTION ( 'NONE',  ( 0.000000000000000000, 0.000000000000000000, 1.000000000000000000 ) ) ;
#6277 = DIRECTION ( 'NONE',  ( 0.000000000000000000, -1.000000000000000000, 0.000000000000000000 ) ) ;
#6278 = CARTESIAN_POINT ( 'NONE',  ( 45.04270196158307726, 52.00000000000000000, -45.46696603029501205 ) ) ;
#6279 = EDGE_CURVE ( 'NONE', #5429, #1913, #1381, .T. ) ;
#6280 = CARTESIAN_POINT ( 'NONE',  ( 46.56268880791238018, 157.2818685057020218, -43.94697918396571623 ) ) ;
#6281 = CARTESIAN_POINT ( 'NONE',  ( 29.29356565747519880, 173.1609393494194364, -36.46736499287371913 ) ) ;
#6282 = AXIS2_PLACEMENT_3D ( 'NONE', #379, #311, #5838 ) ;
#6283 = CARTESIAN_POINT ( 'NONE',  ( -41.20721490222918959, 145.7020373835961777, -24.55371574811974256 ) ) ;
#6284 = ADVANCED_FACE ( 'NONE', ( #3598 ), #1928, .T. ) ;
#6285 = CARTESIAN_POINT ( 'NONE',  ( 30.48270409063731989, 75.12883906526809596, 39.64092262454965976 ) ) ;
#6286 = ORIENTED_EDGE ( 'NONE', *, *, #5087, .F. ) ;
#6287 = CARTESIAN_POINT ( 'NONE',  ( 40.65331820325018697, 153.6225640485287443, -25.10761244709872742 ) ) ;
#6288 = EDGE_CURVE ( 'NONE', #6038, #5098, #5840, .T. ) ;
#6289 = CARTESIAN_POINT ( 'NONE',  ( -48.14642419775779558, 153.8348667856812142, -42.36324379412032215 ) ) ;
#6290 = VERTEX_POINT ( 'NONE', #5801 ) ;
#6291 = CARTESIAN_POINT ( 'NONE',  ( -26.26511122279024590, 128.3506640521227382, -42.54579159191727911 ) ) ;
#6292 = CARTESIAN_POINT ( 'NONE',  ( 47.00000000000000711, 167.6150733960353136, -0.7962789259304910994 ) ) ;
#6293 = CARTESIAN_POINT ( 'NONE',  ( 0.000000000000000000, 335.0000000000000000, 0.000000000000000000 ) ) ;
#6294 = CARTESIAN_POINT ( 'NONE',  ( -31.68079750501928515, 43.01938834715414117, -34.08013314532963278 ) ) ;
#6295 = CARTESIAN_POINT ( 'NONE',  ( -49.99939035820288780, 267.5542546524362706, 0.2530097624214159846 ) ) ;
#6296 = CARTESIAN_POINT ( 'NONE',  ( 45.57187448734442370, 52.88466077438589963, -44.93779350453366561 ) ) ;
#6297 = CARTESIAN_POINT ( 'NONE',  ( -31.30007401324077421, 168.5816071365120479, 38.99282277376831019 ) ) ;
#6298 = B_SPLINE_SURFACE_WITH_KNOTS ( 'NONE', 3, 1, ( 
 ( #1159, #5625 ),
 ( #2146, #2791 ),
 ( #6676, #1704 ),
 ( #3919, #3376 ),
 ( #4504, #999 ),
 ( #3229, #4364 ),
 ( #2437, #1740 ),
 ( #1778, #5617 ),
 ( #5194, #2325 ),
 ( #5159, #166 ),
 ( #200, #4000 ),
 ( #1338, #6317 ),
 ( #5227, #637 ),
 ( #6821, #128 ),
 ( #92, #2973 ),
 ( #2401, #4652 ),
 ( #675, #2863 ),
 ( #3452, #4612 ),
 ( #5763, #6205 ),
 ( #1233, #709 ),
 ( #5088, #3559 ),
 ( #783, #5657 ),
 ( #2899, #5124 ),
 ( #2364, #6787 ),
 ( #2474, #1854 ),
 ( #3007, #4076 ),
 ( #233, #4577 ),
 ( #4539, #1816 ),
 ( #4040, #4687 ),
 ( #3961, #6280 ),
 ( #6857, #6168 ),
 ( #1890, #1304 ),
 ( #2936, #6241 ),
 ( #3488, #3525 ),
 ( #1271, #6750 ),
 ( #5690, #4110 ),
 ( #5731, #1189 ),
 ( #747, #3416 ),
 ( #3196, #3235 ),
 ( #2687, #3679 ),
 ( #4803, #352 ),
 ( #2585, #2039 ),
 ( #4258, #4911 ),
 ( #6571, #6538 ),
 ( #6465, #5877 ),
 ( #3784, #2104 ),
 ( #4875, #2070 ),
 ( #5911, #4331 ),
 ( #4835, #1532 ),
 ( #2142, #5981 ),
 ( #3129, #3096 ),
 ( #6435, #4223 ),
 ( #3750, #4297 ),
 ( #1003, #5443 ),
 ( #7006, #1494 ),
 ( #1564, #5943 ),
 ( #321, #457 ) ),
 .UNSPECIFIED., .F., .F., .F.,
 ( 4, 1, 1, 1, 1, 1, 1, 1, 1, 1, 1, 1, 1, 1, 1, 1, 1, 1, 1, 1, 1, 1, 1, 1, 1, 1, 1, 1, 1, 1, 1, 1, 1, 1, 1, 1, 1, 1, 1, 1, 1, 1, 1, 1, 1, 1, 1, 1, 1, 1, 1, 1, 1, 1, 4 ),
 ( 2, 2 ),
 ( 0.000000000000000000, 0.006185920264467958951, 0.006201962899188617762, 0.02441097605636066703, 0.02448136905349906911, 0.05370574164729757793, 0.05388345649501025125, 0.09253774940744008415, 0.09289034474279100895, 0.1389060332195525271, 0.1395093084148929519, 0.1904437008900515815, 0.1913742588137488099, 0.2445345556009104193, 0.2458629933516659483, 0.2984579075547033611, 0.3002380933255869300, 0.3495648249652612005, 0.3518114771965039633, 0.3954646363279898935, 0.3981158618259910131, 0.4341890767744073232, 0.4370593218643058497, 0.4643545367854605699, 0.4670784500627875868, 0.4855543320873982882, 0.4874746266155715047, 0.4999999999999998890, 0.5125253733844284953, 0.5144456679126014897, 0.5329215499372124132, 0.5356454632145392081, 0.5629406781356941503, 0.5658109232255925658, 0.6018841381740089869, 0.6045353636720098844, 0.6481885228034960367, 0.6504351750347385774, 0.6997619066744129590, 0.7015420924452964169, 0.7541370066483340517, 0.7554654443990894697, 0.8086257411862511901, 0.8095562991099481964, 0.8604906915851069371, 0.8610939667804473618, 0.9071096552572089911, 0.9074622505925598048, 0.9461165435049897487, 0.9462942583527023110, 0.9755186309465008199, 0.9755890239436393330, 0.9937980371008112712, 0.9938140797355321521, 1.000000000000000000 ),
 ( 0.000000000000000000, 1.000000000000000000 ),
 .UNSPECIFIED. ) ;
#6299 = CARTESIAN_POINT ( 'NONE',  ( 39.91996775807772480, 130.9941881811295445, -50.58970023380036451 ) ) ;
#6300 = CARTESIAN_POINT ( 'NONE',  ( 41.46658174736685254, 131.8280114082709815, 24.29434890298207961 ) ) ;
#6301 = CARTESIAN_POINT ( 'NONE',  ( -37.49320649782438153, 71.28898199371604960, 28.26772415252452575 ) ) ;
#6302 = LINE ( 'NONE', #3437, #3009 ) ;
#6303 = CARTESIAN_POINT ( 'NONE',  ( 35.57395586168325963, 172.3895762982215274, -35.13572767648415862 ) ) ;
#6304 = AXIS2_PLACEMENT_3D ( 'NONE', #2980, #3014, #1019 ) ;
#6305 = ORIENTED_EDGE ( 'NONE', *, *, #7122, .F. ) ;
#6306 = VERTEX_POINT ( 'NONE', #2033 ) ;
#6307 = CARTESIAN_POINT ( 'NONE',  ( -32.46887340475527139, 42.66503589154142162, -33.29205724559367496 ) ) ;
#6308 = CARTESIAN_POINT ( 'NONE',  ( -44.20390395962769503, 59.33385514974001751, -46.30576403225040849 ) ) ;
#6309 = CARTESIAN_POINT ( 'NONE',  ( -47.00000000000000000, 266.9817559752150373, 1.823765569793514896 ) ) ;
#6310 = CARTESIAN_POINT ( 'NONE',  ( -27.32702615385185396, 80.61020279584469961, 38.43390449649707108 ) ) ;
#6311 = CARTESIAN_POINT ( 'NONE',  ( 49.94846284984168250, 260.2981675196358538, -2.273600943800367702 ) ) ;
#6312 = CIRCLE ( 'NONE', #730, 1.050000000000000044 ) ;
#6313 = ORIENTED_EDGE ( 'NONE', *, *, #1986, .T. ) ;
#6314 = DIRECTION ( 'NONE',  ( 0.000000000000000000, 0.000000000000000000, -1.000000000000000000 ) ) ;
#6315 = EDGE_CURVE ( 'NONE', #6056, #4135, #4252, .T. ) ;
#6316 = CARTESIAN_POINT ( 'NONE',  ( -28.04587946174962454, 169.6705890994746824, 37.71505118860347494 ) ) ;
#6317 = CARTESIAN_POINT ( 'NONE',  ( 41.74177417787063860, 85.62404022679615423, -48.76789381400745782 ) ) ;
#6318 = LINE ( 'NONE', #4614, #6594 ) ;
#6319 = CARTESIAN_POINT ( 'NONE',  ( 41.94603062283053418, 151.6279985229427609, 27.21337766141802206 ) ) ;
#6320 = EDGE_LOOP ( 'NONE', ( #1623, #5698, #4951 ) ) ;
#6321 = CARTESIAN_POINT ( 'NONE',  ( 49.36117220004906159, 93.39148535881979285, 41.14849579182904904 ) ) ;
#6322 = EDGE_CURVE ( 'NONE', #812, #4956, #5436, .T. ) ;
#6323 = ORIENTED_EDGE ( 'NONE', *, *, #1975, .F. ) ;
#6324 = CARTESIAN_POINT ( 'NONE',  ( 31.68079750501921765, 43.01938834715467408, 34.08013314532970384 ) ) ;
#6325 = CARTESIAN_POINT ( 'NONE',  ( -34.68057595339049470, 175.3233815820528605, -31.08035469695844100 ) ) ;
#6326 = ORIENTED_EDGE ( 'NONE', *, *, #1208, .F. ) ;
#6327 = CARTESIAN_POINT ( 'NONE',  ( -29.98132752230960918, 176.0000000000000000, 35.77960312803930520 ) ) ;
#6328 = CARTESIAN_POINT ( 'NONE',  ( 108.0000000000000142, 193.5126614618646101, -0.6599525275824662529 ) ) ;
#6329 = CARTESIAN_POINT ( 'NONE',  ( -31.92684771948879785, 41.21309918220622848, 33.83408293086011298 ) ) ;
#6330 = CARTESIAN_POINT ( 'NONE',  ( -35.68568161601044864, 174.0370018940720342, 30.58808547364849773 ) ) ;
#6331 = CARTESIAN_POINT ( 'NONE',  ( -49.88583636945154609, 243.8691548162452136, -3.377136828475609587 ) ) ;
#6332 = CARTESIAN_POINT ( 'NONE',  ( -28.67738453376397345, 68.33317738998579216, 37.24544781882607936 ) ) ;
#6333 = CARTESIAN_POINT ( 'NONE',  ( 41.20721490222918959, 145.7020373835961777, -24.55371574811973190 ) ) ;
#6334 = CARTESIAN_POINT ( 'NONE',  ( -42.32202566649796438, 78.60787726850115575, 48.18764232538012493 ) ) ;
#6335 = CARTESIAN_POINT ( 'NONE',  ( -35.91078380664560399, 172.3257622397523789, 34.79250474473668220 ) ) ;
#6336 = CARTESIAN_POINT ( 'NONE',  ( 40.92961328274397204, 96.97051065983893636, 49.58005470913415280 ) ) ;
#6337 = CARTESIAN_POINT ( 'NONE',  ( -33.59269824446734276, 39.48056780803436538, -32.16823240588159649 ) ) ;
#6338 = DIRECTION ( 'NONE',  ( -0.000000000000000000, 1.000000000000000000, -0.000000000000000000 ) ) ;
#6339 = CARTESIAN_POINT ( 'NONE',  ( 27.53707542704070477, 154.1365289939176364, -41.73424116573671938 ) ) ;
#6340 = EDGE_LOOP ( 'NONE', ( #3139, #1328, #4549, #4942 ) ) ;
#6341 = B_SPLINE_CURVE_WITH_KNOTS ( 'NONE', 3,
 ( #5302, #2514, #3153, #3601 ),
 .UNSPECIFIED., .F., .F.,
 ( 4, 4 ),
 ( 0.000000000000000000, 0.01571456560818513745 ),
 .UNSPECIFIED. ) ;
#6342 = CARTESIAN_POINT ( 'NONE',  ( -47.88935570772444805, 75.23276251545789250, -42.62031228415366968 ) ) ;
#6343 = CARTESIAN_POINT ( 'NONE',  ( 46.99933398641599780, 210.9771515668464303, -0.2742432185657226462 ) ) ;
#6344 = CARTESIAN_POINT ( 'NONE',  ( -108.0000000000000000, 203.7731879320645305, 1.344733633374165960 ) ) ;
#6345 = CARTESIAN_POINT ( 'NONE',  ( 48.76789381400745782, 85.62404022679615423, 41.74177417787063860 ) ) ;
#6346 = CARTESIAN_POINT ( 'NONE',  ( 49.94996058453980936, 260.5590343701206280, 2.240389629204805999 ) ) ;
#6347 = CARTESIAN_POINT ( 'NONE',  ( 43.97682058470662270, 61.44371818057052792, 46.53284740717148082 ) ) ;
#6348 = CARTESIAN_POINT ( 'NONE',  ( 45.92619372941038591, 55.93620152028918824, 44.58347426246773892 ) ) ;
#6349 = CARTESIAN_POINT ( 'NONE',  ( 47.00000000000000000, 160.0000000000000000, -0.2500000000000000000 ) ) ;
#6350 = EDGE_CURVE ( 'NONE', #4823, #6430, #6087, .T. ) ;
#6351 = CARTESIAN_POINT ( 'NONE',  ( 38.64485246354453096, 169.3695786487623138, 31.72710345030080248 ) ) ;
#6352 = CARTESIAN_POINT ( 'NONE',  ( 45.92619372941038591, 55.93620152028918824, 44.58347426246773892 ) ) ;
#6353 = DIRECTION ( 'NONE',  ( 0.000000000000000000, 0.000000000000000000, 1.000000000000000000 ) ) ;
#6355 = CARTESIAN_POINT ( 'NONE',  ( -108.0000000000000000, 197.7459818005252146, 0.9880518776675256687 ) ) ;
#6354 = LOCAL_TIME ( 18, 6, 39.00000000000000000, #6133 ) ;
#6356 = EDGE_CURVE ( 'NONE', #5588, #3621, #4641, .T. ) ;
#6357 = ORIENTED_EDGE ( 'NONE', *, *, #6850, .F. ) ;
#6358 = CARTESIAN_POINT ( 'NONE',  ( 29.31272387618480124, 172.3557253146925063, 36.73995031797392130 ) ) ;
#6359 = CARTESIAN_POINT ( 'NONE',  ( -42.30730197504326640, 117.6516938689392617, -26.64811512789317050 ) ) ;
#6360 = CARTESIAN_POINT ( 'NONE',  ( 47.00000000000000000, 194.9311061388172845, -2.395508128715534202 ) ) ;
#6361 = CARTESIAN_POINT ( 'NONE',  ( -25.61039644484207045, 101.0166046022987985, 40.15053420550685104 ) ) ;
#6362 = CARTESIAN_POINT ( 'NONE',  ( 28.04587946176250313, 73.51205123985398870, 37.71505118858642902 ) ) ;
#6363 = EDGE_CURVE ( 'NONE', #5888, #6088, #2645, .T. ) ;
#6364 = DIRECTION ( 'NONE',  ( 0.000000000000000000, -1.000000000000000000, 0.000000000000000000 ) ) ;
#6365 = CARTESIAN_POINT ( 'NONE',  ( 32.88046532517446252, 52.00000000000000000, -32.88046532517446252 ) ) ;
#6366 = CARTESIAN_POINT ( 'NONE',  ( 33.09259735953042281, 36.00000000000000000, -32.66833329081849513 ) ) ;
#6367 = CARTESIAN_POINT ( 'NONE',  ( -24.69734275216252328, 116.6762642137271513, 41.06358789818639110 ) ) ;
#6368 = CARTESIAN_POINT ( 'NONE',  ( -36.74262150299547613, 171.8815705400399452, 33.91249852951399646 ) ) ;
#6369 = EDGE_CURVE ( 'NONE', #1913, #5183, #1106, .T. ) ;
#6370 = CARTESIAN_POINT ( 'NONE',  ( 43.94697918396570202, 157.2818685057019650, 46.56268880791240861 ) ) ;
#6371 = AXIS2_PLACEMENT_3D ( 'NONE', #3093, #6968, #4220 ) ;
#6372 = CARTESIAN_POINT ( 'NONE',  ( -38.90225724876550828, 85.63114929373708151, -26.85867340158342742 ) ) ;
#6373 = CARTESIAN_POINT ( 'NONE',  ( 42.62031228415365547, 75.23276251545789250, -47.88935570772444095 ) ) ;
#6374 = CARTESIAN_POINT ( 'NONE',  ( -45.46696603029501915, 52.00000000000000000, -45.04270196158309147 ) ) ;
#6375 = ORIENTED_EDGE ( 'NONE', *, *, #762, .T. ) ;
#6376 = AXIS2_PLACEMENT_3D ( 'NONE', #4733, #4298, #835 ) ;
#6377 = ORIENTED_EDGE ( 'NONE', *, *, #1482, .F. ) ;
#6378 = CARTESIAN_POINT ( 'NONE',  ( -41.38727259838149308, 126.6764942988443892, -24.37365805196743551 ) ) ;
#6379 = CARTESIAN_POINT ( 'NONE',  ( 34.01183617507293633, 145.5000000000000000, 28.21356056934324386 ) ) ;
#6380 = CARTESIAN_POINT ( 'NONE',  ( -47.00000000000000000, 270.7203451527292941, -2.717380838160957008E-16 ) ) ;
#6381 = CARTESIAN_POINT ( 'NONE',  ( -26.00954371031357582, 95.69680212022356613, 39.75138694003534567 ) ) ;
#6382 = CARTESIAN_POINT ( 'NONE',  ( 49.96214010274110251, 263.0557208292416362, 1.945746893307073400 ) ) ;
#6383 = CARTESIAN_POINT ( 'NONE',  ( 42.32202566649796438, 78.60787726850114154, 48.18764232538012493 ) ) ;
#6384 = CARTESIAN_POINT ( 'NONE',  ( -33.69677404368322016, 42.79827253823057731, 32.06415660666569067 ) ) ;
#6385 = CARTESIAN_POINT ( 'NONE',  ( 40.79466709084002218, 111.3121957717727071, 24.96626355950891352 ) ) ;
#6386 = FACE_OUTER_BOUND ( 'NONE', #2199, .T. ) ;
#6387 = FACE_BOUND ( 'NONE', #3972, .T. ) ;
#6388 = CARTESIAN_POINT ( 'NONE',  ( 35.59165798700527716, 172.3871567451897135, 35.11778775204913927 ) ) ;
#6389 = DIRECTION ( 'NONE',  ( -0.7071067811865475727, 0.000000000000000000, -0.7071067811865475727 ) ) ;
#6390 = CARTESIAN_POINT ( 'NONE',  ( 41.14849579182904904, 93.39148535881982127, 49.36117220004906159 ) ) ;
#6391 = CARTESIAN_POINT ( 'NONE',  ( 40.15053420550686525, 101.0166046022987985, 25.61039644484208111 ) ) ;
#6392 = CARTESIAN_POINT ( 'NONE',  ( -42.78460399787552149, 155.3921848145515128, 47.72506399400256782 ) ) ;
#6393 = ORIENTED_EDGE ( 'NONE', *, *, #1760, .T. ) ;
#6394 = LINE ( 'NONE', #4798, #953 ) ;
#6395 = CARTESIAN_POINT ( 'NONE',  ( 34.03970758276494735, 45.29752987678864429, -36.22026865339362445 ) ) ;
#6396 = CARTESIAN_POINT ( 'NONE',  ( 28.21356056934323320, 145.5000000000000000, -34.01183617507293633 ) ) ;
#6397 = DIRECTION ( 'NONE',  ( 0.000000000000000000, 0.000000000000000000, -1.000000000000000000 ) ) ;
#6398 = CARTESIAN_POINT ( 'NONE',  ( -32.49898569560905059, 37.17140469785623225, 33.26194495473987445 ) ) ;
#6399 = CARTESIAN_POINT ( 'NONE',  ( -33.38057152440124042, 175.4851932568795121, 33.08734819502059565 ) ) ;
#6400 = CARTESIAN_POINT ( 'NONE',  ( -49.96090576989676180, 262.7858303945899934, 1.977130336336366367 ) ) ;
#6401 = CARTESIAN_POINT ( 'NONE',  ( 35.63270687126060210, 54.97802726448587407, 30.12822377908832649 ) ) ;
#6402 = CARTESIAN_POINT ( 'NONE',  ( -36.10435860795852392, 57.99999999999999289, -29.93853977153500168 ) ) ;
#6403 = CARTESIAN_POINT ( 'NONE',  ( -26.85867340158341321, 85.63114929373708151, 38.90225724876551539 ) ) ;
#6404 = FACE_BOUND ( 'NONE', #5678, .T. ) ;
#6405 = EDGE_CURVE ( 'NONE', #4099, #1178, #3921, .T. ) ;
#6406 = CARTESIAN_POINT ( 'NONE',  ( -30.35687700220129770, 173.7877746191153108, -35.88229713838149593 ) ) ;
#6407 = CARTESIAN_POINT ( 'NONE',  ( 44.20390395962770214, 59.33385514974001751, 46.30576403225040849 ) ) ;
#6408 = CARTESIAN_POINT ( 'NONE',  ( -26.53717206652076754, 163.8347417721553256, -39.22375858382816460 ) ) ;
#6409 = LINE ( 'NONE', #4814, #6721 ) ;
#6410 = CARTESIAN_POINT ( 'NONE',  ( -33.83408293086012009, 41.21309918220619295, -31.92684771948881561 ) ) ;
#6411 = EDGE_CURVE ( 'NONE', #5317, #1343, #2205, .T. ) ;
#6412 = VERTEX_POINT ( 'NONE', #3845 ) ;
#6413 = CARTESIAN_POINT ( 'NONE',  ( -28.50815149135657123, 171.2031378497270566, -37.25277915899236092 ) ) ;
#6414 = CARTESIAN_POINT ( 'NONE',  ( -45.50000000000000000, 58.00000000000000000, -18.00000000000000000 ) ) ;
#6415 = CARTESIAN_POINT ( 'NONE',  ( -47.00000000000000000, 160.9181783982463969, -0.3183282180949054685 ) ) ;
#6416 = CARTESIAN_POINT ( 'NONE',  ( -44.93779350453365851, 52.88466077438589963, 45.57187448734442370 ) ) ;
#6417 = CARTESIAN_POINT ( 'NONE',  ( 49.96090576990267351, 262.7858303959084765, -1.977130336186801118 ) ) ;
#6418 = VECTOR ( 'NONE', #3661, 1000.000000000000000 ) ;
#6419 = ORIENTED_EDGE ( 'NONE', *, *, #1345, .T. ) ;
#6420 = CARTESIAN_POINT ( 'NONE',  ( 43.47092483188747991, 66.31954352124841989, 47.03874315999063072 ) ) ;
#6421 = CARTESIAN_POINT ( 'NONE',  ( 30.70442761880047655, 52.00000000000000711, 35.39129624321857648 ) ) ;
#6422 = CARTESIAN_POINT ( 'NONE',  ( 33.83408293086012719, 41.21309918220622848, 31.92684771948880851 ) ) ;
#6423 = CARTESIAN_POINT ( 'NONE',  ( -29.98132752230963405, 145.5000000000000000, -35.77960312803931231 ) ) ;
#6424 = VECTOR ( 'NONE', #6576, 1000.000000000000000 ) ;
#6425 = CARTESIAN_POINT ( 'NONE',  ( 37.57616459432502154, 54.99999999999999289, 32.98532786528269867 ) ) ;
#6426 = ORIENTED_EDGE ( 'NONE', *, *, #3166, .F. ) ;
#6427 = CARTESIAN_POINT ( 'NONE',  ( 45.46696603029500494, 52.00000000000000000, -45.04270196158308437 ) ) ;
#6428 = CARTESIAN_POINT ( 'NONE',  ( 50.64418028391641968, 124.0985968565961883, 39.86548770796169094 ) ) ;
#6429 = B_SPLINE_CURVE_WITH_KNOTS ( 'NONE', 3,
 ( #1968, #3675, #1420, #3641, #5843, #5872, #898, #3125 ),
 .UNSPECIFIED., .F., .F.,
 ( 4, 2, 2, 4 ),
 ( 0.000000000000000000, 0.004222814332542843170, 0.008445628665085686340, 0.01689125733017136921 ),
 .UNSPECIFIED. ) ;
#6430 = VERTEX_POINT ( 'NONE', #5937 ) ;
#6431 = CARTESIAN_POINT ( 'NONE',  ( 32.88046532517448384, 176.0000000000000000, -32.88046532517444831 ) ) ;
#6432 = CARTESIAN_POINT ( 'NONE',  ( -35.99034755172208833, 57.99999999121065741, -29.77058309862684737 ) ) ;
#6433 = CARTESIAN_POINT ( 'NONE',  ( 47.00000000000000000, 159.9999999999999716, 0.2499999999999999445 ) ) ;
#6434 = CARTESIAN_POINT ( 'NONE',  ( -42.62031228415366257, 75.23276251545793514, 47.88935570772444095 ) ) ;
#6435 = CARTESIAN_POINT ( 'NONE',  ( 34.44736847863527629, 45.71524904810724621, -31.31356217171364520 ) ) ;
#6436 = CARTESIAN_POINT ( 'NONE',  ( 108.0000000000000000, 222.0000000000000000, 0.000000000000000000 ) ) ;
#6437 = CARTESIAN_POINT ( 'NONE',  ( -37.57616459432502154, 54.99999999999999289, 32.98532786528269156 ) ) ;
#6438 = CARTESIAN_POINT ( 'NONE',  ( 50.58970023380035741, 130.9941881811296014, -39.91996775807773901 ) ) ;
#6439 = VERTEX_POINT ( 'NONE', #4868 ) ;
#6440 = CARTESIAN_POINT ( 'NONE',  ( 24.37365805196743551, 126.6764942988443892, 41.38727259838150019 ) ) ;
#6441 = CARTESIAN_POINT ( 'NONE',  ( -28.26772415252453996, 71.28898199371604960, -37.49320649782439574 ) ) ;
#6442 = DIRECTION ( 'NONE',  ( -0.000000000000000000, 1.000000000000000000, -0.000000000000000000 ) ) ;
#6443 = CARTESIAN_POINT ( 'NONE',  ( -50.17042213900460013, 140.4589426390626272, -40.33924585287351761 ) ) ;
#6444 = VERTEX_POINT ( 'NONE', #6046 ) ;
#6445 = B_SPLINE_CURVE_WITH_KNOTS ( 'NONE', 3,
 ( #5683, #2316, #121, #3407, #597, #1699, #6274, #6162, #3480, #1732, #3372, #4032, #4072, #5080, #6235, #3447 ),
 .UNSPECIFIED., .F., .F.,
 ( 4, 2, 2, 2, 2, 2, 2, 4 ),
 ( 0.003282882055562047138, 0.003693149526061713459, 0.004103416996561379780, 0.004513684467061046535, 0.004923951937560712422, 0.005334219408060378309, 0.005744486878560044196, 0.006565021819559317857 ),
 .UNSPECIFIED. ) ;
#6446 = CARTESIAN_POINT ( 'NONE',  ( -41.59764216673602277, 150.5005888525397495, -48.91202582514209496 ) ) ;
#6447 = DIRECTION ( 'NONE',  ( 0.000000000000000000, 0.000000000000000000, 1.000000000000000000 ) ) ;
#6448 = EDGE_CURVE ( 'NONE', #2852, #6861, #2761, .T. ) ;
#6449 = CARTESIAN_POINT ( 'NONE',  ( 6.123233995736766085E-15, 335.0000000000000000, -50.00000000000000000 ) ) ;
#6450 = CARTESIAN_POINT ( 'NONE',  ( -50.59218501756917874, 120.2343318316845853, -39.91748297430893899 ) ) ;
#6451 = CARTESIAN_POINT ( 'NONE',  ( -43.47092483188745859, 66.31954352124843410, 47.03874315999061650 ) ) ;
#6452 = CARTESIAN_POINT ( 'NONE',  ( 24.37365805196743551, 126.6764942988443892, 41.38727259838150019 ) ) ;
#6453 = CARTESIAN_POINT ( 'NONE',  ( -50.40863483252043409, 137.5203383235722470, 40.10103315935765522 ) ) ;
#6454 = CARTESIAN_POINT ( 'NONE',  ( 44.99031566266480553, 52.44175755770030634, 45.51935232921329799 ) ) ;
#6455 = CARTESIAN_POINT ( 'NONE',  ( 34.81447876247082718, 48.51213425699024384, 30.94645188787810852 ) ) ;
#6456 = DIRECTION ( 'NONE',  ( -0.4771338767340425058, 0.7380288120022735487, -0.4771338767340425613 ) ) ;
#6457 = CARTESIAN_POINT ( 'NONE',  ( 40.00232266548417925, 165.1521464230369247, 29.99793184607305818 ) ) ;
#6458 = LINE ( 'NONE', #5900, #1047 ) ;
#6459 = CARTESIAN_POINT ( 'NONE',  ( 33.26194495473986734, 37.17140469785623935, -32.49898569560905059 ) ) ;
#6460 = CARTESIAN_POINT ( 'NONE',  ( 46.56268880791239440, 157.2818685057019650, 43.94697918396571623 ) ) ;
#6461 = CARTESIAN_POINT ( 'NONE',  ( -108.0000000000000000, 220.1113353915708615, -0.9303783449379617876 ) ) ;
#6462 = CARTESIAN_POINT ( 'NONE',  ( -40.68351489493348083, 100.9687423887486943, 49.82615309694460848 ) ) ;
#6463 = CARTESIAN_POINT ( 'NONE',  ( 107.9999999999999858, 193.5126614618645817, 0.6599525275824661419 ) ) ;
#6464 = CARTESIAN_POINT ( 'NONE',  ( -30.12822377908831228, 54.97802726448587407, 35.63270687126059499 ) ) ;
#6465 = CARTESIAN_POINT ( 'NONE',  ( 38.90225724876550117, 85.63114929373706730, -26.85867340158341676 ) ) ;
#6466 = CARTESIAN_POINT ( 'NONE',  ( -49.92188363719780142, 255.8766924780263139, 2.795363964218919417 ) ) ;
#6467 = CARTESIAN_POINT ( 'NONE',  ( 46.53284740717148793, 61.44371818057052792, 43.97682058470662980 ) ) ;
#6468 = DIRECTION ( 'NONE',  ( 0.7071067811865475727, 0.000000000000000000, -0.7071067811865475727 ) ) ;
#6469 = CARTESIAN_POINT ( 'NONE',  ( -42.62031228415366257, 75.23276251545793514, 47.88935570772444095 ) ) ;
#6470 = CARTESIAN_POINT ( 'NONE',  ( -26.64811512789333392, 117.6516938689362064, 42.30730197504317402 ) ) ;
#6471 = CARTESIAN_POINT ( 'NONE',  ( 50.17042213900457881, 140.4589426390626556, -40.33924585287350340 ) ) ;
#6472 = CARTESIAN_POINT ( 'NONE',  ( -33.91444719236217509, 175.3727113013591747, -32.53986656635647279 ) ) ;
#6473 = LINE ( 'NONE', #3202, #2772 ) ;
#6474 = ORIENTED_EDGE ( 'NONE', *, *, #1975, .T. ) ;
#6475 = CARTESIAN_POINT ( 'NONE',  ( 36.46736499287372624, 173.1609393494194080, 29.29356565747520236 ) ) ;
#6476 = CARTESIAN_POINT ( 'NONE',  ( -25.51359495171287506, 157.6066838202880831, -40.24733569863606419 ) ) ;
#6477 = DIRECTION ( 'NONE',  ( 0.000000000000000000, 0.000000000000000000, 1.000000000000000000 ) ) ;
#6478 = CARTESIAN_POINT ( 'NONE',  ( -40.65331820325020118, 153.6225640485288011, -25.10761244709873452 ) ) ;
#6479 = APPROVAL_PERSON_ORGANIZATION ( #3309, #6178, #3233 ) ;
#6480 = AXIS2_PLACEMENT_3D ( 'NONE', #6396, #2582, #1422 ) ;
#6481 = EDGE_LOOP ( 'NONE', ( #1502, #347, #3728, #3622 ) ) ;
#6482 = CARTESIAN_POINT ( 'NONE',  ( -29.29356565747520236, 173.1609393494194080, -36.46736499287372624 ) ) ;
#6483 = CARTESIAN_POINT ( 'NONE',  ( -42.62031228415366257, 75.23276251545793514, 47.88935570772444095 ) ) ;
#6484 = CARTESIAN_POINT ( 'NONE',  ( -33.17716150233881223, 36.58494384897174712, -32.58376914801012703 ) ) ;
#6485 = CARTESIAN_POINT ( 'NONE',  ( -36.08140240266997267, 58.70654625247946967, 29.67952824767894526 ) ) ;
#6486 = CARTESIAN_POINT ( 'NONE',  ( -45.51948818842613775, 52.44290321668560750, 44.99017980345195156 ) ) ;
#6487 = VECTOR ( 'NONE', #6939, 1000.000000000000000 ) ;
#6488 = ORIENTED_EDGE ( 'NONE', *, *, #4849, .T. ) ;
#6489 = CARTESIAN_POINT ( 'NONE',  ( 44.93779350453366561, 52.88466077438591384, 45.57187448734443080 ) ) ;
#6490 = CARTESIAN_POINT ( 'NONE',  ( 50.22349097781342664, 108.7025900201346644, 40.28617701406468399 ) ) ;
#6491 = ADVANCED_FACE ( 'NONE', ( #7173 ), #7049, .T. ) ;
#6492 = DIRECTION ( 'NONE',  ( -0.4171676603306507247, 0.9088295457203462435, 0.000000000000000000 ) ) ;
#6493 = CARTESIAN_POINT ( 'NONE',  ( -40.33924585287350340, 140.4589426390626556, 50.17042213900458592 ) ) ;
#6494 = CARTESIAN_POINT ( 'NONE',  ( -35.99034669289962807, 57.99999999999999289, 29.77058395744929697 ) ) ;
#6495 = CARTESIAN_POINT ( 'NONE',  ( -42.35569619307421618, 157.9999999999999716, -48.15397179880389444 ) ) ;
#6496 = CARTESIAN_POINT ( 'NONE',  ( 40.65331820325020118, 153.6225640485287727, 25.10761244709872742 ) ) ;
#6497 = EDGE_CURVE ( 'NONE', #477, #4389, #1130, .T. ) ;
#6498 = EDGE_LOOP ( 'NONE', ( #2660, #2392, #5947, #2426, #4203, #5530 ) ) ;
#6499 = CARTESIAN_POINT ( 'NONE',  ( 29.77058395744706942, 57.99999999999999289, 35.99034669290186628 ) ) ;
#6500 = CARTESIAN_POINT ( 'NONE',  ( -24.69734275216252328, 116.6762642137271513, 41.06358789818639110 ) ) ;
#6501 = CARTESIAN_POINT ( 'NONE',  ( 47.00000000000000711, 242.1251027914491658, 3.543797287136490226 ) ) ;
#6502 = CARTESIAN_POINT ( 'NONE',  ( -50.17042213900457881, 140.4589426390626556, 40.33924585287351050 ) ) ;
#6503 = DIRECTION ( 'NONE',  ( -0.9088285370321855794, 0.4171671973262491284, 0.001489882847593747457 ) ) ;
#6504 = CARTESIAN_POINT ( 'NONE',  ( -35.06995688179174664, 49.00211377389248213, -31.16249184016693974 ) ) ;
#6505 = ORIENTED_EDGE ( 'NONE', *, *, #1362, .T. ) ;
#6506 = ADVANCED_FACE ( 'NONE', ( #5565 ), #5996, .F. ) ;
#6507 = CARTESIAN_POINT ( 'NONE',  ( -26.27698492125264451, 127.7342765327545209, 42.53846368260470001 ) ) ;
#6508 = LINE ( 'NONE', #3756, #845 ) ;
#6509 = VERTEX_POINT ( 'NONE', #317 ) ;
#6510 = LINE ( 'NONE', #6545, #4286 ) ;
#6511 = CARTESIAN_POINT ( 'NONE',  ( -46.56268880791240861, 157.2818685057019650, -43.94697918396570202 ) ) ;
#6512 = CARTESIAN_POINT ( 'NONE',  ( 24.37365805196742130, 126.6764942988443892, -41.38727259838148598 ) ) ;
#6513 = CARTESIAN_POINT ( 'NONE',  ( -48.76789381400746493, 85.62404022679615423, -41.74177417787065281 ) ) ;
#6514 = LINE ( 'NONE', #3830, #5144 ) ;
#6515 = CARTESIAN_POINT ( 'NONE',  ( 30.94645188787811207, 48.51213425699023674, 34.81447876247082718 ) ) ;
#6516 = CARTESIAN_POINT ( 'NONE',  ( -41.45303252024854856, 89.40149471062302666, -49.05663547162955496 ) ) ;
#6517 = DIRECTION ( 'NONE',  ( -0.000000000000000000, 1.000000000000000000, -0.000000000000000000 ) ) ;
#6518 = CARTESIAN_POINT ( 'NONE',  ( -41.38727259838149308, 126.6764942988443892, -24.37365805196743551 ) ) ;
#6519 = CARTESIAN_POINT ( 'NONE',  ( -50.64418028391639837, 124.0985968565961315, 39.86548770796168384 ) ) ;
#6520 = CARTESIAN_POINT ( 'NONE',  ( -39.96209002659445986, 116.5874508295665635, 50.54757796528362945 ) ) ;
#6521 = VERTEX_POINT ( 'NONE', #1627 ) ;
#6522 = CARTESIAN_POINT ( 'NONE',  ( -27.19834591289386694, 166.8763353538257945, -38.56258473745506166 ) ) ;
#6523 = FACE_OUTER_BOUND ( 'NONE', #4169, .T. ) ;
#6524 = VERTEX_POINT ( 'NONE', #3841 ) ;
#6525 = CARTESIAN_POINT ( 'NONE',  ( 25.10761244709873452, 153.6225640485288011, 40.65331820325020118 ) ) ;
#6526 = DIRECTION ( 'NONE',  ( 0.000000000000000000, 0.000000000000000000, 1.000000000000000000 ) ) ;
#6527 = CARTESIAN_POINT ( 'NONE',  ( 29.98132752230962694, 176.0000000000000000, 35.77960312803931942 ) ) ;
#6528 = CARTESIAN_POINT ( 'NONE',  ( -26.00954371031357582, 95.69680212022356613, 39.75138694003534567 ) ) ;
#6529 = CIRCLE ( 'NONE', #4682, 36.00000000000000000 ) ;
#6530 = CARTESIAN_POINT ( 'NONE',  ( 36.73995031799793765, 172.3557253146424557, -29.31272387615465291 ) ) ;
#6531 = VERTEX_POINT ( 'NONE', #866 ) ;
#6532 = CARTESIAN_POINT ( 'NONE',  ( 44.93779350453366561, 52.88466077438591384, 45.57187448734443080 ) ) ;
#6533 = CIRCLE ( 'NONE', #2366, 46.99996213765929554 ) ;
#6534 = CARTESIAN_POINT ( 'NONE',  ( 32.66833329081848802, 35.99999999999999289, -33.09259735953042991 ) ) ;
#6535 = CARTESIAN_POINT ( 'NONE',  ( -26.53717206652075689, 163.8347417721553256, 39.22375858382815750 ) ) ;
#6536 = CARTESIAN_POINT ( 'NONE',  ( -46.30576403225039428, 59.33385514974001751, 44.20390395962768793 ) ) ;
#6537 = EDGE_CURVE ( 'NONE', #3198, #1694, #2178, .T. ) ;
#6538 = CARTESIAN_POINT ( 'NONE',  ( 49.58005470913413859, 96.97051065983893636, -40.92961328274395783 ) ) ;
#6539 = CARTESIAN_POINT ( 'NONE',  ( 5.752238934040867374E-15, 52.00000000000000000, -46.97059542429541068 ) ) ;
#6540 = CIRCLE ( 'NONE', #3415, 2.899999999999999911 ) ;
#6541 = VERTEX_POINT ( 'NONE', #4696 ) ;
#6542 = DIRECTION ( 'NONE',  ( 0.000000000000000000, 0.000000000000000000, 1.000000000000000000 ) ) ;
#6543 = CARTESIAN_POINT ( 'NONE',  ( -52.39661248592317122, 145.5000000000000000, 46.59833688019348585 ) ) ;
#6544 = VERTEX_POINT ( 'NONE', #1068 ) ;
#6545 = CARTESIAN_POINT ( 'NONE',  ( -45.25483399593903755, 145.5000000000000000, 45.25483399593904466 ) ) ;
#6546 = CARTESIAN_POINT ( 'NONE',  ( -26.85867340158342387, 85.63114929373706730, -38.90225724876551539 ) ) ;
#6547 = CARTESIAN_POINT ( 'NONE',  ( 39.75138694003533857, 95.69680212022358035, -26.00954371031357937 ) ) ;
#6548 = CARTESIAN_POINT ( 'NONE',  ( -28.50815149135657123, 171.2031378497270566, -37.25277915899236092 ) ) ;
#6549 = CARTESIAN_POINT ( 'NONE',  ( 0.000000000000000000, 10.00000000000000000, -2.200000000000000178 ) ) ;
#6550 = CARTESIAN_POINT ( 'NONE',  ( 44.58347426246771050, 55.93620152028918824, -45.92619372941037170 ) ) ;
#6551 = ORIENTED_EDGE ( 'NONE', *, *, #441, .F. ) ;
#6552 = CARTESIAN_POINT ( 'NONE',  ( 45.04270196158309147, 52.00000000000000000, 45.46696603029501915 ) ) ;
#6553 = CARTESIAN_POINT ( 'NONE',  ( -45.46696603029500494, 52.00000000000000000, 45.04270196158308437 ) ) ;
#6554 = CARTESIAN_POINT ( 'NONE',  ( -26.85867340158342387, 85.63114929373706730, -38.90225724876551539 ) ) ;
#6555 = CARTESIAN_POINT ( 'NONE',  ( -41.20721490222918248, 145.7020373835962062, 24.55371574811973545 ) ) ;
#6556 = DIRECTION ( 'NONE',  ( 0.5218651776778591156, 0.6747691995449355273, 0.5218651776778591156 ) ) ;
#6557 = ORIENTED_EDGE ( 'NONE', *, *, #3305, .F. ) ;
#6558 = ORIENTED_EDGE ( 'NONE', *, *, #5753, .T. ) ;
#6559 = CARTESIAN_POINT ( 'NONE',  ( 30.12822377908833005, 54.97802726448587407, 35.63270687126060210 ) ) ;
#6560 = FACE_OUTER_BOUND ( 'NONE', #5531, .T. ) ;
#6561 = CARTESIAN_POINT ( 'NONE',  ( -43.41654570485090403, 340.0000000000000000, -18.00000000000000000 ) ) ;
#6562 = DIRECTION ( 'NONE',  ( 0.000000000000000000, 0.000000000000000000, -1.000000000000000000 ) ) ;
#6563 = CARTESIAN_POINT ( 'NONE',  ( -28.50815149135655346, 171.2031378497270282, 37.25277915899235381 ) ) ;
#6564 = DIRECTION ( 'NONE',  ( 0.000000000000000000, 0.000000000000000000, 1.000000000000000000 ) ) ;
#6565 = ORIENTED_EDGE ( 'NONE', *, *, #5466, .F. ) ;
#6566 = CARTESIAN_POINT ( 'NONE',  ( 39.91996775807773901, 130.9941881811295445, 50.58970023380037162 ) ) ;
#6567 = DIRECTION ( 'NONE',  ( 0.000000000000000000, 0.000000000000000000, -1.000000000000000000 ) ) ;
#6568 = CARTESIAN_POINT ( 'NONE',  ( -44.73292201045923377, 54.62836855260158586, 45.77674598141885554 ) ) ;
#6569 = APPROVAL_STATUS ( 'not_yet_approved' ) ;
#6570 = CARTESIAN_POINT ( 'NONE',  ( -40.79466709084000797, 111.3121957717727071, 24.96626355950890641 ) ) ;
#6571 = CARTESIAN_POINT ( 'NONE',  ( 39.75138694003533857, 95.69680212022358035, -26.00954371031357937 ) ) ;
#6572 = CARTESIAN_POINT ( 'NONE',  ( 43.97682058470661559, 61.44371818057052792, -46.53284740717148082 ) ) ;
#6573 = VERTEX_POINT ( 'NONE', #2678 ) ;
#6574 = CARTESIAN_POINT ( 'NONE',  ( -31.68079750501928515, 43.01938834715414117, -34.08013314532963278 ) ) ;
#6575 = EDGE_CURVE ( 'NONE', #3764, #5043, #244, .T. ) ;
#6576 = DIRECTION ( 'NONE',  ( 0.000000000000000000, -1.000000000000000000, 0.000000000000000000 ) ) ;
#6577 = ORIENTED_EDGE ( 'NONE', *, *, #6579, .T. ) ;
#6578 = CARTESIAN_POINT ( 'NONE',  ( 28.04587946176250313, 73.51205123985398870, 37.71505118858642902 ) ) ;
#6579 = EDGE_CURVE ( 'NONE', #2271, #3858, #1407, .T. ) ;
#6580 = CARTESIAN_POINT ( 'NONE',  ( -43.97682058470661559, 61.44371818057052792, -46.53284740717148082 ) ) ;
#6581 = CARTESIAN_POINT ( 'NONE',  ( 41.46658174736684543, 131.8280114082709815, -24.29434890298207250 ) ) ;
#6582 = CARTESIAN_POINT ( 'NONE',  ( -35.63270687126060920, 54.97802726448587407, -30.12822377908833360 ) ) ;
#6583 = DIRECTION ( 'NONE',  ( 0.000000000000000000, -1.000000000000000000, 0.000000000000000000 ) ) ;
#6584 = EDGE_CURVE ( 'NONE', #757, #2042, #1069, .T. ) ;
#6585 = CARTESIAN_POINT ( 'NONE',  ( 29.67952824767894526, 58.70654625247947678, -36.08140240266997978 ) ) ;
#6586 = CARTESIAN_POINT ( 'NONE',  ( 43.94697918396570202, 157.2818685057019650, 46.56268880791240861 ) ) ;
#6587 = VECTOR ( 'NONE', #401, 1000.000000000000000 ) ;
#6588 = CARTESIAN_POINT ( 'NONE',  ( -28.50815149135655346, 171.2031378497270282, 37.25277915899235381 ) ) ;
#6589 = CARTESIAN_POINT ( 'NONE',  ( -41.59764216673602277, 150.5005888525397495, -48.91202582514209496 ) ) ;
#6590 = CARTESIAN_POINT ( 'NONE',  ( -39.22375858382815039, 163.8347417721553541, 26.53717206652077110 ) ) ;
#6591 = DIRECTION ( 'NONE',  ( -0.7071067811865477948, -0.000000000000000000, -0.7071067811865473507 ) ) ;
#6592 = CARTESIAN_POINT ( 'NONE',  ( 49.95214764988239153, 192.4750630698704583, -2.200314928910215517 ) ) ;
#6593 = ORIENTED_EDGE ( 'NONE', *, *, #3440, .T. ) ;
#6594 = VECTOR ( 'NONE', #5927, 1000.000000000000000 ) ;
#6595 = EDGE_CURVE ( 'NONE', #5163, #3134, #4900, .T. ) ;
#6596 = ORIENTED_EDGE ( 'NONE', *, *, #3523, .T. ) ;
#6597 = CARTESIAN_POINT ( 'NONE',  ( 39.91748297430893189, 120.2343318316845853, 50.59218501756917874 ) ) ;
#6598 = DIRECTION ( 'NONE',  ( 0.9088295457203461325, -0.4171676603306506692, 0.000000000000000000 ) ) ;
#6599 = DIRECTION ( 'NONE',  ( -0.000000000000000000, 1.000000000000000000, -0.000000000000000000 ) ) ;
#6600 = B_SPLINE_CURVE_WITH_KNOTS ( 'NONE', 3,
 ( #1246, #2234, #1795, #2987, #4089, #3501, #725, #5138, #1317, #5004, #1829, #2952, #5777, #6331, #3465, #6836, #6869, #1354, #5670, #5745, #4666, #5174, #2781, #4053, #4592, #3869, #1903, #180, #3574, #2414, #4555, #2744, #4966, #689, #3540, #4627, #7164, #6799, #6295, #1650, #763, #5205, #5529, #4126, #214, #551, #2450, #286, #5341, #6400, #2616, #5878, #3020, #5372, #4259, #938, #6466, #249, #799, #903, #354, #2553, #1533, #4767, #2586, #1461, #3680, #1389, #2004, #3608, #6905, #2487, #3130, #4160 ),
 .UNSPECIFIED., .F., .F.,
 ( 4, 2, 2, 2, 2, 2, 2, 2, 2, 2, 2, 2, 2, 2, 2, 2, 2, 2, 2, 2, 2, 2, 2, 2, 2, 2, 2, 2, 2, 2, 2, 2, 2, 2, 2, 2, 4 ),
 ( 0.000000000000000000, 0.02678353601011115859, 0.04017530401516674482, 0.05356707202022231717, 0.06695884002527789647, 0.07365472402780573469, 0.08035060803033357291, 0.08704649203286141113, 0.09374237603538924934, 0.09709031803665317539, 0.1004382600379170737, 0.1012752455382330552, 0.1021122310385490228, 0.1037862020391811524, 0.1054601730398132819, 0.1062971585401293467, 0.1067156512902873722, 0.1069248976653663918, 0.1071341440404453976, 0.1073433904155244034, 0.1075526367906034370, 0.1079711295407613375, 0.1088081150410771386, 0.1104820860417089351, 0.1121560570423407038, 0.1129930425426566021, 0.1138300280429724726, 0.1171779700442362043, 0.1205259120454999361, 0.1272217960480272192, 0.1339176800505545162, 0.1406135640530817854, 0.1473094480556090824, 0.1607012160606636486, 0.1740929840657182148, 0.1874847520707727533, 0.2142682880808818024 ),
 .UNSPECIFIED. ) ;
#6601 = LINE ( 'NONE', #1556, #7112 ) ;
#6602 = AXIS2_PLACEMENT_3D ( 'NONE', #3676, #5805, #5845 ) ;
#6603 = CARTESIAN_POINT ( 'NONE',  ( -40.92961328274395072, 96.97051065983893636, 49.58005470913413149 ) ) ;
#6604 = CARTESIAN_POINT ( 'NONE',  ( 28.18405024541432979, 170.0262037789092915, -37.61230384976471441 ) ) ;
#6605 = CARTESIAN_POINT ( 'NONE',  ( 28.26772415252453285, 71.28898199371604960, 37.49320649782439574 ) ) ;
#6606 = CARTESIAN_POINT ( 'NONE',  ( 35.48620448978831377, 41.14839227088495477, 34.35490803650080949 ) ) ;
#6607 = CARTESIAN_POINT ( 'NONE',  ( -44.58347426246772471, 55.93620152028918824, 45.92619372941037170 ) ) ;
#6608 = DIRECTION ( 'NONE',  ( 0.000000000000000000, 0.000000000000000000, 1.000000000000000000 ) ) ;
#6609 = CARTESIAN_POINT ( 'NONE',  ( -33.59269824446732855, 39.48056780803435828, 32.16823240588158228 ) ) ;
#6610 = CARTESIAN_POINT ( 'NONE',  ( 30.12822377908831584, 54.97802726448587407, -35.63270687126060210 ) ) ;
#6611 = EDGE_LOOP ( 'NONE', ( #2818, #5236, #744, #6846 ) ) ;
#6612 = CARTESIAN_POINT ( 'NONE',  ( 34.51648671455647133, 38.38965361115109687, -34.94075078326840611 ) ) ;
#6613 = ORIENTED_EDGE ( 'NONE', *, *, #5466, .T. ) ;
#6614 = CARTESIAN_POINT ( 'NONE',  ( 29.77058395744706942, 57.99999999999999289, 35.99034669290186628 ) ) ;
#6615 = CARTESIAN_POINT ( 'NONE',  ( -43.47092483188747281, 66.31954352124843410, -47.03874315999063072 ) ) ;
#6616 = CARTESIAN_POINT ( 'NONE',  ( 25.10761244709872031, 153.6225640485288011, -40.65331820325020118 ) ) ;
#6617 = CARTESIAN_POINT ( 'NONE',  ( -40.11998767400632460, 112.7299032302373263, -50.38968031787179314 ) ) ;
#6618 = CARTESIAN_POINT ( 'NONE',  ( 42.78460399787551438, 155.3921848145515128, -47.72506399400257493 ) ) ;
#6619 = EDGE_CURVE ( 'NONE', #3850, #4823, #6007, .T. ) ;
#6620 = CARTESIAN_POINT ( 'NONE',  ( -30.02250515210871740, 57.99999999999999289, 36.16138306720323214 ) ) ;
#6621 = CIRCLE ( 'NONE', #5913, 46.97059542429539647 ) ;
#6622 = CARTESIAN_POINT ( 'NONE',  ( 25.51359495171288216, 157.6066838202881399, 40.24733569863605709 ) ) ;
#6623 = CARTESIAN_POINT ( 'NONE',  ( -46.59833688019350006, 145.5000000000000000, -52.39661248592317122 ) ) ;
#6624 = CARTESIAN_POINT ( 'NONE',  ( -50.17042213900457881, 140.4589426390626556, 40.33924585287351050 ) ) ;
#6625 = CARTESIAN_POINT ( 'NONE',  ( -25.51359495171287506, 157.6066838202880831, -40.24733569863606419 ) ) ;
#6626 = CARTESIAN_POINT ( 'NONE',  ( -38.43390449649705687, 80.61020279584469961, 27.32702615385185752 ) ) ;
#6627 = FACE_OUTER_BOUND ( 'NONE', #3792, .T. ) ;
#6628 = EDGE_CURVE ( 'NONE', #4910, #5429, #4392, .T. ) ;
#6629 = EDGE_LOOP ( 'NONE', ( #1859, #6100 ) ) ;
#6630 = VERTEX_POINT ( 'NONE', #3603 ) ;
#6631 = CARTESIAN_POINT ( 'NONE',  ( 40.01567615761508989, 134.5090890707682831, 50.49399183426302073 ) ) ;
#6632 = CARTESIAN_POINT ( 'NONE',  ( -37.49320649782439574, 71.28898199371606381, -28.26772415252453641 ) ) ;
#6633 = CARTESIAN_POINT ( 'NONE',  ( -47.00000000000000000, 169.8038876996392332, 0.9438988005394841618 ) ) ;
#6634 = FACE_OUTER_BOUND ( 'NONE', #1673, .T. ) ;
#6635 = CARTESIAN_POINT ( 'NONE',  ( 45.46696603029501915, 52.00000000000000000, 45.04270196158309147 ) ) ;
#6636 = ORIENTED_EDGE ( 'NONE', *, *, #5823, .T. ) ;
#6637 = CARTESIAN_POINT ( 'NONE',  ( 44.20390395962770214, 59.33385514974001751, 46.30576403225040849 ) ) ;
#6638 = CARTESIAN_POINT ( 'NONE',  ( 34.44736847863528340, 45.71524904810725332, 31.31356217171364520 ) ) ;
#6639 = CARTESIAN_POINT ( 'NONE',  ( 32.16823240588158228, 39.48056780803436538, -33.59269824446733566 ) ) ;
#6640 = CARTESIAN_POINT ( 'NONE',  ( -50.64418028391639837, 124.0985968565961315, 39.86548770796168384 ) ) ;
#6641 = CALENDAR_DATE ( 2026, 29, 9 ) ;
#6642 = CARTESIAN_POINT ( 'NONE',  ( -49.05663547162954075, 89.40149471062305508, 41.45303252024855567 ) ) ;
#6643 = CARTESIAN_POINT ( 'NONE',  ( 40.28617701406466978, 108.7025900201346644, -50.22349097781341243 ) ) ;
#6644 = VERTEX_POINT ( 'NONE', #1421 ) ;
#6645 = CARTESIAN_POINT ( 'NONE',  ( 31.68079750501921765, 43.01938834715467408, 34.08013314532970384 ) ) ;
#6646 = CARTESIAN_POINT ( 'NONE',  ( 33.26194495473986734, 37.17140469785623935, -32.49898569560905059 ) ) ;
#6647 = DIRECTION ( 'NONE',  ( -1.000000000000000000, 0.000000000000000000, 0.000000000000000000 ) ) ;
#6648 = CARTESIAN_POINT ( 'NONE',  ( -40.79466709084002218, 111.3121957717727071, -24.96626355950891352 ) ) ;
#6649 = VERTEX_POINT ( 'NONE', #1592 ) ;
#6650 = CARTESIAN_POINT ( 'NONE',  ( 108.0000000000000000, 208.7190203635718149, 1.531725937652306024 ) ) ;
#6651 = DIRECTION ( 'NONE',  ( -0.000000000000000000, 1.000000000000000000, -0.000000000000000000 ) ) ;
#6652 = CARTESIAN_POINT ( 'NONE',  ( 43.94697918396568781, 157.2818685057019650, -46.56268880791239440 ) ) ;
#6653 = CARTESIAN_POINT ( 'NONE',  ( -39.91996775807773901, 130.9941881811296014, -50.58970023380037162 ) ) ;
#6654 = B_SPLINE_SURFACE_WITH_KNOTS ( 'NONE', 3, 1, ( 
 ( #596, #5650 ),
 ( #2890, #2821 ),
 ( #4495, #4422 ),
 ( #1657, #3333 ),
 ( #6161, #665 ),
 ( #5118, #5009 ),
 ( #6633, #5047 ),
 ( #6742, #52 ),
 ( #120, #1182 ),
 ( #3877, #3406 ),
 ( #5609, #2355 ),
 ( #11, #1771 ),
 ( #4569, #6780 ),
 ( #6084, #5534 ),
 ( #2240, #6344 ),
 ( #3076, #3518 ),
 ( #6813, #740 ),
 ( #6851, #5289 ),
 ( #3479, #5827 ),
 ( #1404, #4714 ),
 ( #1264, #1368 ),
 ( #3001, #1989 ),
 ( #3036, #4172 ),
 ( #5258, #3625 ),
 ( #159, #700 ),
 ( #850, #5758 ),
 ( #6309, #262 ),
 ( #1952, #1331 ),
 ( #6380, #6953 ),
 ( #4645, #299 ),
 ( #2966, #4679 ),
 ( #5792, #816 ),
 ( #2500, #3553 ),
 ( #4748, #6917 ),
 ( #2430, #4606 ),
 ( #5682, #2928 ),
 ( #1845, #1882 ),
 ( #6273, #5221 ),
 ( #4103, #5722 ),
 ( #777, #6882 ),
 ( #2395, #227 ),
 ( #2467, #4138 ),
 ( #4206, #2532 ),
 ( #4071, #5150 ),
 ( #1298, #5187 ),
 ( #1917, #195 ),
 ( #3587, #1022 ),
 ( #5859, #5387 ),
 ( #7125, #2120 ),
 ( #4819, #2157 ),
 ( #4930, #3766 ),
 ( #1511, #949 ),
 ( #2701, #5961 ),
 ( #369, #2566 ),
 ( #6415, #1442 ),
 ( #4782, #7018 ),
 ( #4238, #3177 ) ),
 .UNSPECIFIED., .F., .F., .F.,
 ( 4, 1, 1, 1, 1, 1, 1, 1, 1, 1, 1, 1, 1, 1, 1, 1, 1, 1, 1, 1, 1, 1, 1, 1, 1, 1, 1, 1, 1, 1, 1, 1, 1, 1, 1, 1, 1, 1, 1, 1, 1, 1, 1, 1, 1, 1, 1, 1, 1, 1, 1, 1, 1, 1, 4 ),
 ( 2, 2 ),
 ( 0.000000000000000000, 0.006232979306320829416, 0.006248147982836460557, 0.02461339579161692104, 0.02467609858717134674, 0.05420483296167832865, 0.05435197753588583147, 0.09350669060714100755, 0.09377882000134751816, 0.1405342250060607201, 0.1409721304143803922, 0.1929186024039735159, 0.1935597343171896467, 0.2480252474747843827, 0.2489004274716024590, 0.3030897219878512239, 0.3042184005887503817, 0.3553669908744937489, 0.3567479986205572828, 0.4022832416398304245, 0.4038798534581820032, 0.4415771578883114223, 0.4432982519744573802, 0.4714347921258625895, 0.4731089029005273172, 0.4907041958757833999, 0.4920027407873518444, 0.5000000000000000000, 0.5079972592126482667, 0.5092958041242166001, 0.5268910970994727938, 0.5285652078741374105, 0.5567017480255427309, 0.5584228421116884666, 0.5961201465418179968, 0.5977167583601695755, 0.6432520013794428282, 0.6446330091255062511, 0.6957815994112497293, 0.6969102780121487761, 0.7510995725283977631, 0.7519747525252156173, 0.8064402656828104643, 0.8070813975960264841, 0.8590278695856196078, 0.8594657749939392799, 0.9062211799986525929, 0.9064933093928589924, 0.9456480224641141685, 0.9457951670383216713, 0.9753239014128286533, 0.9753866042083830790, 0.9937518520171635394, 0.9937670206936791706, 1.000000000000000000 ),
 ( 0.000000000000000000, 1.000000000000000000 ),
 .UNSPECIFIED. ) ;
#6655 = CARTESIAN_POINT ( 'NONE',  ( -25.10761244709873097, 153.6225640485287443, -40.65331820325020118 ) ) ;
#6656 = CARTESIAN_POINT ( 'NONE',  ( 28.50815149135656057, 171.2031378497270566, -37.25277915899235381 ) ) ;
#6657 = CARTESIAN_POINT ( 'NONE',  ( 44.34275159336350924, 58.04302010026673031, -46.16691639851458007 ) ) ;
#6658 = CARTESIAN_POINT ( 'NONE',  ( 24.37365805196743551, 126.6764942988443892, 41.38727259838150019 ) ) ;
#6659 = CARTESIAN_POINT ( 'NONE',  ( -46.56268880791239440, 157.2818685057019650, 43.94697918396570202 ) ) ;
#6660 = CARTESIAN_POINT ( 'NONE',  ( -40.57183789878039448, 143.4569695494772930, -49.93783009309771614 ) ) ;
#6661 = CARTESIAN_POINT ( 'NONE',  ( 50.59218501756917163, 120.2343318316846421, 39.91748297430894610 ) ) ;
#6662 = CARTESIAN_POINT ( 'NONE',  ( 41.23134657391845792, 158.7821440013703125, -28.29327770100769612 ) ) ;
#6663 = VERTEX_POINT ( 'NONE', #448 ) ;
#6664 = EDGE_CURVE ( 'NONE', #4778, #4948, #5470, .T. ) ;
#6665 = ORIENTED_EDGE ( 'NONE', *, *, #5643, .F. ) ;
#6666 = CARTESIAN_POINT ( 'NONE',  ( 41.59764216673602277, 150.5005888525397211, 48.91202582514209496 ) ) ;
#6667 = CARTESIAN_POINT ( 'NONE',  ( -24.39235554936074735, 141.0186408901463722, -41.36857510098818835 ) ) ;
#6668 = CARTESIAN_POINT ( 'NONE',  ( 37.27138604942618372, 171.0675929918454585, 28.63349660291448373 ) ) ;
#6669 = CARTESIAN_POINT ( 'NONE',  ( -34.65886550037443925, 38.39089156305784201, 34.80028685661175558 ) ) ;
#6670 = EDGE_CURVE ( 'NONE', #6700, #3563, #3246, .T. ) ;
#6671 = CARTESIAN_POINT ( 'NONE',  ( 38.00000000000000000, 58.00000000000000000, -24.00000000000000000 ) ) ;
#6672 = CARTESIAN_POINT ( 'NONE',  ( 39.22375858382816460, 163.8347417721553256, 26.53717206652076754 ) ) ;
#6673 = ORIENTED_EDGE ( 'NONE', *, *, #436, .F. ) ;
#6674 = ORIENTED_EDGE ( 'NONE', *, *, #5594, .F. ) ;
#6675 = CARTESIAN_POINT ( 'NONE',  ( 26.85867340158342387, 85.63114929373708151, 38.90225724876550828 ) ) ;
#6676 = CARTESIAN_POINT ( 'NONE',  ( 32.49898569560905059, 37.17140469785621093, -33.26194495473986734 ) ) ;
#6677 = CARTESIAN_POINT ( 'NONE',  ( 48.91202582514208075, 150.5005888525397495, -41.59764216673601567 ) ) ;
#6678 = CARTESIAN_POINT ( 'NONE',  ( -28.50815149135655346, 171.2031378497270282, 37.25277915899235381 ) ) ;
#6679 = CARTESIAN_POINT ( 'NONE',  ( 30.02250515210871029, 57.99999999999999289, -36.16138306720323925 ) ) ;
#6680 = DIRECTION ( 'NONE',  ( -0.7071067811865475727, 0.000000000000000000, -0.7071067811865475727 ) ) ;
#6681 = CARTESIAN_POINT ( 'NONE',  ( 24.29434890298207961, 131.8280114082709815, 41.46658174736686675 ) ) ;
#6682 = EDGE_LOOP ( 'NONE', ( #535, #4603, #5363 ) ) ;
#6683 = DIRECTION ( 'NONE',  ( 0.7071067811865474617, 0.000000000000000000, 0.7071067811865474617 ) ) ;
#6684 = CARTESIAN_POINT ( 'NONE',  ( 45.51935232921328378, 52.44175755770029212, -44.99031566266479842 ) ) ;
#6685 = CARTESIAN_POINT ( 'NONE',  ( -41.00000000000000000, 320.0000000000000000, -18.00000000000000000 ) ) ;
#6686 = FACE_BOUND ( 'NONE', #4609, .T. ) ;
#6687 = ORIENTED_EDGE ( 'NONE', *, *, #4501, .T. ) ;
#6688 = CARTESIAN_POINT ( 'NONE',  ( -32.20423504669240344, 170.1219111502095132, -38.24827850846508426 ) ) ;
#6689 = PLANE ( 'NONE',  #897 ) ;
#6690 = CARTESIAN_POINT ( 'NONE',  ( -46.99932433299913015, 213.0223926780110446, -0.2755406024704843970 ) ) ;
#6691 = CARTESIAN_POINT ( 'NONE',  ( -44.58347426246773182, 55.93620152028918113, -45.92619372941037170 ) ) ;
#6692 = CARTESIAN_POINT ( 'NONE',  ( -24.69734275216253749, 116.6762642137271371, -41.06358789818640531 ) ) ;
#6693 = CARTESIAN_POINT ( 'NONE',  ( 42.62031228415365547, 75.23276251545789250, -47.88935570772444095 ) ) ;
#6694 = CARTESIAN_POINT ( 'NONE',  ( 30.80394296248330122, 52.00000000000000000, -35.45918685583350083 ) ) ;
#6695 = FACE_OUTER_BOUND ( 'NONE', #2783, .T. ) ;
#6696 = CARTESIAN_POINT ( 'NONE',  ( -24.69734275216252328, 116.6762642137271513, 41.06358789818639110 ) ) ;
#6697 = CARTESIAN_POINT ( 'NONE',  ( -43.94697918396571623, 157.2818685057020218, -46.56268880791239440 ) ) ;
#6698 = CARTESIAN_POINT ( 'NONE',  ( 41.46658174736685254, 131.8280114082709815, 24.29434890298207961 ) ) ;
#6699 = CARTESIAN_POINT ( 'NONE',  ( 42.38768592517887157, 143.6402985707858591, -26.52044225623146900 ) ) ;
#6700 = VERTEX_POINT ( 'NONE', #1102 ) ;
#6701 = CIRCLE ( 'NONE', #6138, 40.24419999999999931 ) ;
#6702 = ORIENTED_EDGE ( 'NONE', *, *, #4158, .F. ) ;
#6703 = CARTESIAN_POINT ( 'NONE',  ( -34.08013314533000937, 43.01938834715528515, -31.68079750501894054 ) ) ;
#6704 = CARTESIAN_POINT ( 'NONE',  ( -40.92961328274396493, 96.97051065983893636, -49.58005470913414570 ) ) ;
#6705 = DIRECTION ( 'NONE',  ( -0.7071067811865475727, 0.000000000000000000, -0.7071067811865475727 ) ) ;
#6706 = CARTESIAN_POINT ( 'NONE',  ( 37.71505118860339678, 169.6705890994749666, 28.04587946174971691 ) ) ;
#6707 = CARTESIAN_POINT ( 'NONE',  ( 40.24733569863606419, 157.6066838202880831, 25.51359495171287506 ) ) ;
#6708 = CARTESIAN_POINT ( 'NONE',  ( -36.08140240266997267, 58.70654625247946967, 29.67952824767894526 ) ) ;
#6709 = CARTESIAN_POINT ( 'NONE',  ( 33.83408293086012719, 41.21309918220622848, 31.92684771948880851 ) ) ;
#6710 = ORIENTED_EDGE ( 'NONE', *, *, #4949, .T. ) ;
#6711 = LINE ( 'NONE', #89, #6049 ) ;
#6712 = CARTESIAN_POINT ( 'NONE',  ( -46.56268880791239440, 157.2818685057019650, 43.94697918396570202 ) ) ;
#6713 = EDGE_CURVE ( 'NONE', #5115, #2476, #2277, .T. ) ;
#6714 = DIRECTION ( 'NONE',  ( -1.000000000000000000, -0.000000000000000000, -0.000000000000000000 ) ) ;
#6715 = CARTESIAN_POINT ( 'NONE',  ( 50.58970023380035741, 130.9941881811296014, -39.91996775807773901 ) ) ;
#6716 = AXIS2_PLACEMENT_3D ( 'NONE', #4127, #250, #2489 ) ;
#6717 = CARTESIAN_POINT ( 'NONE',  ( -41.38727259838148598, 126.6764942988443892, 24.37365805196743196 ) ) ;
#6718 = PLANE ( 'NONE',  #7058 ) ;
#6719 = CARTESIAN_POINT ( 'NONE',  ( 45.92619372941036460, 55.93620152028918113, -44.58347426246772471 ) ) ;
#6720 = EDGE_CURVE ( 'NONE', #5735, #6509, #3909, .T. ) ;
#6721 = VECTOR ( 'NONE', #5382, 1000.000000000000000 ) ;
#6722 = CARTESIAN_POINT ( 'NONE',  ( 46.53284740717146661, 61.44371818057052792, -43.97682058470661559 ) ) ;
#6723 = CARTESIAN_POINT ( 'NONE',  ( -49.58005470913414570, 96.97051065983893636, -40.92961328274397204 ) ) ;
#6724 = ORIENTED_EDGE ( 'NONE', *, *, #1212, .F. ) ;
#6725 = DIRECTION ( 'NONE',  ( -0.7071067811865474617, 0.000000000000000000, 0.7071067811865474617 ) ) ;
#6726 = CARTESIAN_POINT ( 'NONE',  ( 34.94075078326841322, 38.38965361115109687, 34.51648671455648554 ) ) ;
#6727 = CARTESIAN_POINT ( 'NONE',  ( 31.86944668320958129, 42.89533910136503181, -33.89148396713933664 ) ) ;
#6728 = CARTESIAN_POINT ( 'NONE',  ( -39.86548770796169094, 124.0985968565961741, -50.64418028391641258 ) ) ;
#6729 = ADVANCED_FACE ( 'NONE', ( #3991 ), #83, .T. ) ;
#6730 = CARTESIAN_POINT ( 'NONE',  ( -46.53284740717146661, 61.44371818057052792, 43.97682058470661559 ) ) ;
#6731 = CARTESIAN_POINT ( 'NONE',  ( 36.08140240266996557, 58.70654625247944125, -29.67952824767894526 ) ) ;
#6732 = LINE ( 'NONE', #4521, #696 ) ;
#6733 = CARTESIAN_POINT ( 'NONE',  ( 0.000000000000000000, 320.0000000000000000, 0.000000000000000000 ) ) ;
#6734 = CARTESIAN_POINT ( 'NONE',  ( -50.64418028391639837, 124.0985968565961315, 39.86548770796168384 ) ) ;
#6735 = CARTESIAN_POINT ( 'NONE',  ( 38.00000000000000000, 320.0000000000000000, -21.00000000000000000 ) ) ;
#6736 = CARTESIAN_POINT ( 'NONE',  ( 50.17042213900458592, 140.4589426390626556, 40.33924585287351761 ) ) ;
#6737 = CARTESIAN_POINT ( 'NONE',  ( 38.51580684760889994, 169.6337938413948905, -31.88379191190106354 ) ) ;
#6738 = ORIENTED_EDGE ( 'NONE', *, *, #929, .F. ) ;
#6739 = VERTEX_POINT ( 'NONE', #7171 ) ;
#6740 = CARTESIAN_POINT ( 'NONE',  ( -33.26194495473987445, 37.17140469785621093, -32.49898569560906481 ) ) ;
#6741 = CARTESIAN_POINT ( 'NONE',  ( -50.49399183426302073, 134.5090890707682831, -40.01567615761508989 ) ) ;
#6742 = CARTESIAN_POINT ( 'NONE',  ( -47.00000000000000000, 174.8707557546559030, 1.273156625868754999 ) ) ;
#6743 = LINE ( 'NONE', #1299, #3653 ) ;
#6744 = CARTESIAN_POINT ( 'NONE',  ( -50.64418028391639837, 124.0985968565961315, 39.86548770796168384 ) ) ;
#6745 = CARTESIAN_POINT ( 'NONE',  ( 48.18764232538012493, 78.60787726850115575, 42.32202566649797859 ) ) ;
#6746 = ORIENTED_EDGE ( 'NONE', *, *, #1452, .F. ) ;
#6747 = PLANE ( 'NONE',  #2817 ) ;
#6748 = CARTESIAN_POINT ( 'NONE',  ( -37.25277915899234671, 171.2031378497270850, 28.50815149135656412 ) ) ;
#6749 = CARTESIAN_POINT ( 'NONE',  ( -44.93779350453366561, 52.88466077438589963, -45.57187448734443080 ) ) ;
#6750 = CARTESIAN_POINT ( 'NONE',  ( 49.93783009309770904, 143.4569695494772930, -40.57183789878038027 ) ) ;
#6751 = CARTESIAN_POINT ( 'NONE',  ( 49.82615309694460137, 100.9687423887486943, -40.68351489493349504 ) ) ;
#6752 = CARTESIAN_POINT ( 'NONE',  ( -38.90225724876550117, 85.63114929373708151, 26.85867340158341676 ) ) ;
#6753 = FACE_OUTER_BOUND ( 'NONE', #6340, .T. ) ;
#6754 = CARTESIAN_POINT ( 'NONE',  ( 48.14642419775777427, 153.8348667856812142, -42.36324379412032926 ) ) ;
#6755 = CARTESIAN_POINT ( 'NONE',  ( 35.25557465778358335, 52.00000000000000000, -30.50535599256534169 ) ) ;
#6756 = CARTESIAN_POINT ( 'NONE',  ( -35.77960312803932652, 176.0000000000000000, -29.98132752230962339 ) ) ;
#6757 = ADVANCED_FACE ( 'NONE', ( #6121, #5573 ), #3446, .F. ) ;
#6758 = ORIENTED_EDGE ( 'NONE', *, *, #359, .F. ) ;
#6759 = CARTESIAN_POINT ( 'NONE',  ( 45.50000000000000000, 320.0000000000000000, -18.00000000000000000 ) ) ;
#6760 = CARTESIAN_POINT ( 'NONE',  ( 47.00000000000000000, 269.1626897086180179, -0.8761597236124034627 ) ) ;
#6761 = LINE ( 'NONE', #6216, #3475 ) ;
#6762 = CARTESIAN_POINT ( 'NONE',  ( -25.61039644484208466, 101.0166046022987985, -40.15053420550685814 ) ) ;
#6763 = CARTESIAN_POINT ( 'NONE',  ( 84.99999999999998579, 212.0000000000000000, 0.000000000000000000 ) ) ;
#6764 = VECTOR ( 'NONE', #2465, 1000.000000000000114 ) ;
#6765 = CARTESIAN_POINT ( 'NONE',  ( -32.49898569560905770, 37.17140469785623935, -33.26194495473988155 ) ) ;
#6766 = CARTESIAN_POINT ( 'NONE',  ( 41.46658174736684543, 131.8280114082709815, -24.29434890298207250 ) ) ;
#6767 = CARTESIAN_POINT ( 'NONE',  ( 45.25483399593903755, 158.6226686892998146, -45.25483399593904466 ) ) ;
#6768 = CARTESIAN_POINT ( 'NONE',  ( 40.28617701406466978, 108.7025900201346644, -50.22349097781341243 ) ) ;
#6769 = AXIS2_PLACEMENT_3D ( 'NONE', #1815, #127, #3960 ) ;
#6770 = CARTESIAN_POINT ( 'NONE',  ( 47.88935570772444805, 75.23276251545793514, 42.62031228415367679 ) ) ;
#6771 = CARTESIAN_POINT ( 'NONE',  ( -33.09259735953042281, 35.99999999999999289, 32.66833329081849513 ) ) ;
#6772 = CARTESIAN_POINT ( 'NONE',  ( -42.35569619307421618, 145.5000000000000000, -48.15397179880389444 ) ) ;
#6773 = CARTESIAN_POINT ( 'NONE',  ( 39.64092262454970239, 75.12883906526886335, -30.48270409063723108 ) ) ;
#6774 = VECTOR ( 'NONE', #84, 1000.000000000000000 ) ;
#6775 = VERTEX_POINT ( 'NONE', #1224 ) ;
#6776 = B_SPLINE_CURVE_WITH_KNOTS ( 'NONE', 3,
 ( #6166, #4649, #5687, #5762, #2399, #5615, #635, #2361, #1231, #1301, #4610, #5051, #3997, #5121, #5656, #4107 ),
 .UNSPECIFIED., .F., .F.,
 ( 4, 2, 2, 2, 2, 2, 2, 4 ),
 ( 0.003282882055562047138, 0.003693149526061713459, 0.004103416996561379780, 0.004513684467061046535, 0.004923951937560712422, 0.005334219408060378309, 0.005744486878560044196, 0.006565021819559317857 ),
 .UNSPECIFIED. ) ;
#6777 = ORIENTED_EDGE ( 'NONE', *, *, #6537, .F. ) ;
#6778 = DIRECTION ( 'NONE',  ( 1.000000000000000000, 0.000000000000000000, 0.000000000000000000 ) ) ;
#6779 = CARTESIAN_POINT ( 'NONE',  ( -24.69734275216253749, 116.6762642137271371, -41.06358789818640531 ) ) ;
#6780 = CARTESIAN_POINT ( 'NONE',  ( -107.9999999999999858, 200.0436515574731118, 1.136500775115126149 ) ) ;
#6781 = CARTESIAN_POINT ( 'NONE',  ( 52.39661248592316412, 94.50000000000000000, -46.59833688019350006 ) ) ;
#6782 =( BOUNDED_CURVE ( )  B_SPLINE_CURVE ( 3, ( #4538, #1303, #5689, #1888 ),
 .UNSPECIFIED., .F., .F. ) 
 B_SPLINE_CURVE_WITH_KNOTS ( ( 4, 4 ),
 ( 6.278283628513246839, 6.288086985845925625 ),
 .UNSPECIFIED. ) 
 CURVE ( )  GEOMETRIC_REPRESENTATION_ITEM ( )  RATIONAL_B_SPLINE_CURVE ( ( 1.000000000000000000, 0.9999919911981193232, 0.9999919911981193232, 1.000000000000000000 ) ) 
 REPRESENTATION_ITEM ( '' )  );
#6783 = CARTESIAN_POINT ( 'NONE',  ( -48.18764232538011782, 78.60787726850114154, 42.32202566649796438 ) ) ;
#6784 = CARTESIAN_POINT ( 'NONE',  ( 47.88935570772444805, 75.23276251545793514, 42.62031228415367679 ) ) ;
#6785 = CARTESIAN_POINT ( 'NONE',  ( 31.68079750502943881, 43.01938834714778181, -34.08013314531949334 ) ) ;
#6786 = DIRECTION ( 'NONE',  ( -0.000000000000000000, -0.000000000000000000, 1.000000000000000000 ) ) ;
#6787 = CARTESIAN_POINT ( 'NONE',  ( 41.19064070390658117, 148.1781441586250878, -49.31902728797151525 ) ) ;
#6788 = CARTESIAN_POINT ( 'NONE',  ( 48.76789381400745782, 85.62404022679615423, -41.74177417787063149 ) ) ;
#6789 = CARTESIAN_POINT ( 'NONE',  ( -41.06358789818638400, 116.6762642137271797, 24.69734275216252684 ) ) ;
#6790 = CARTESIAN_POINT ( 'NONE',  ( 27.84387101844406942, 156.2938203314923271, 41.53184048916705962 ) ) ;
#6791 = ORIENTED_EDGE ( 'NONE', *, *, #5041, .F. ) ;
#6792 = CARTESIAN_POINT ( 'NONE',  ( 38.43390449649705687, 80.61020279584469961, -27.32702615385185752 ) ) ;
#6793 = CARTESIAN_POINT ( 'NONE',  ( -47.72506399400258204, 155.3921848145515128, -42.78460399787553570 ) ) ;
#6794 = ORIENTED_EDGE ( 'NONE', *, *, #4197, .F. ) ;
#6795 = CARTESIAN_POINT ( 'NONE',  ( -30.48270409063779951, 75.12883906526404587, -39.64092262454929028 ) ) ;
#6796 = CARTESIAN_POINT ( 'NONE',  ( 107.9999999999999858, 195.4809161837167153, -0.8176760611520634825 ) ) ;
#6797 = FACE_OUTER_BOUND ( 'NONE', #2511, .T. ) ;
#6798 = CARTESIAN_POINT ( 'NONE',  ( -30.53588490984297366, 51.75724116078403370, -35.22504574050596915 ) ) ;
#6799 = CARTESIAN_POINT ( 'NONE',  ( -49.99967341390272679, 267.5929066374330318, 0.1927366373979983172 ) ) ;
#6800 = CARTESIAN_POINT ( 'NONE',  ( -48.18764232538011782, 78.60787726850114154, 42.32202566649796438 ) ) ;
#6801 = CARTESIAN_POINT ( 'NONE',  ( 45.51935232921328378, 52.44175755770029212, -44.99031566266479842 ) ) ;
#6802 = CARTESIAN_POINT ( 'NONE',  ( -35.45892271380535021, 172.4006591004284417, 35.25181839959748942 ) ) ;
#6803 = ADVANCED_FACE ( 'NONE', ( #2202 ), #6654, .T. ) ;
#6804 = CARTESIAN_POINT ( 'NONE',  ( 49.90991885387112603, 335.0000000000000000, -3.000000000000000000 ) ) ;
#6805 = CARTESIAN_POINT ( 'NONE',  ( -38.43390449649707108, 80.61020279584469961, -27.32702615385186462 ) ) ;
#6806 = DIRECTION ( 'NONE',  ( 0.7071067811865474617, 0.000000000000000000, 0.7071067811865474617 ) ) ;
#6807 = CARTESIAN_POINT ( 'NONE',  ( 33.28693591192980961, 171.3761559227027931, -37.31012873559915022 ) ) ;
#6808 = EDGE_CURVE ( 'NONE', #3621, #5588, #5886, .T. ) ;
#6809 = ORIENTED_EDGE ( 'NONE', *, *, #3794, .T. ) ;
#6810 = EDGE_LOOP ( 'NONE', ( #2087, #4044, #2903, #571 ) ) ;
#6811 = CARTESIAN_POINT ( 'NONE',  ( -33.83408293086012009, 41.21309918220619295, -31.92684771948881561 ) ) ;
#6812 = CARTESIAN_POINT ( 'NONE',  ( -41.20721490222918959, 145.7020373835961777, -24.55371574811974256 ) ) ;
#6813 = CARTESIAN_POINT ( 'NONE',  ( -47.00000000000000000, 223.0766262928863171, 3.435922054811924031 ) ) ;
#6814 = CARTESIAN_POINT ( 'NONE',  ( -34.94075078326840611, 38.38965361115112529, 34.51648671455648554 ) ) ;
#6815 = CARTESIAN_POINT ( 'NONE',  ( 34.68057595339050891, 175.3233815820528605, 31.08035469695842679 ) ) ;
#6816 = CARTESIAN_POINT ( 'NONE',  ( 49.99264442299585198, 266.7552437432180454, 0.8662685223346947572 ) ) ;
#6817 = B_SPLINE_CURVE_WITH_KNOTS ( 'NONE', 3,
 ( #2657, #5446, #3651, #5375, #5851, #2108, #5984, #872, #1008, #391, #4336, #2619, #2074, #3099, #5310, #324, #1674, #2870, #3930, #1083, #6140, #1711, #536, #2798, #1198, #6058, #2762, #5481, #4988, #4372, #4475 ),
 .UNSPECIFIED., .F., .F.,
 ( 4, 1, 1, 1, 1, 1, 1, 1, 1, 1, 1, 1, 1, 1, 1, 1, 1, 1, 1, 1, 1, 1, 1, 1, 1, 1, 1, 1, 4 ),
 ( 0.000000000000000000, 0.006201962899188698426, 0.02448136905349916972, 0.05388345649501025819, 0.09289034474279105058, 0.1395093084148930351, 0.1913742588137488654, 0.2458629933516659483, 0.3002380933255869855, 0.3518114771965040188, 0.3981158618259910686, 0.4370593218643058497, 0.4670784500627876423, 0.4874746266155715047, 0.5000000000000000000, 0.5125253733844284953, 0.5329215499372124132, 0.5629406781356941503, 0.6018841381740089869, 0.6481885228034960367, 0.6997619066744130700, 0.7541370066483340517, 0.8086257411862511901, 0.8604906915851070481, 0.9071096552572089911, 0.9461165435049897487, 0.9755186309465009309, 0.9937980371008113822, 1.000000000000000000 ),
 .UNSPECIFIED. ) ;
#6818 = ADVANCED_FACE ( 'NONE', ( #2599 ), #2301, .F. ) ;
#6819 = LINE ( 'NONE', #3451, #4445 ) ;
#6820 = CARTESIAN_POINT ( 'NONE',  ( -44.99031566266480553, 52.44175755770029212, -45.51935232921329799 ) ) ;
#6821 = CARTESIAN_POINT ( 'NONE',  ( 26.00954371031357226, 95.69680212022356613, -39.75138694003533857 ) ) ;
#6822 = CARTESIAN_POINT ( 'NONE',  ( 47.03874315999061650, 66.31954352124843410, -43.47092483188747281 ) ) ;
#6823 = CARTESIAN_POINT ( 'NONE',  ( -46.30576403225040849, 59.33385514974001751, -44.20390395962770214 ) ) ;
#6824 = AXIS2_PLACEMENT_3D ( 'NONE', #152, #219, #4560 ) ;
#6825 = CARTESIAN_POINT ( 'NONE',  ( -30.80394296248341846, 51.99999999999999289, -35.45918685583342267 ) ) ;
#6826 = VERTEX_POINT ( 'NONE', #6553 ) ;
#6827 = CARTESIAN_POINT ( 'NONE',  ( 42.36324379412030794, 153.8348667856812142, -48.14642419775778848 ) ) ;
#6828 = CIRCLE ( 'NONE', #3704, 2.899999999999999911 ) ;
#6829 = CARTESIAN_POINT ( 'NONE',  ( 42.32202566649796438, 78.60787726850114154, 48.18764232538012493 ) ) ;
#6830 = PLANE ( 'NONE',  #5366 ) ;
#6831 = ORIENTED_EDGE ( 'NONE', *, *, #2718, .F. ) ;
#6832 = CARTESIAN_POINT ( 'NONE',  ( -32.91604603025560039, 171.0050973860288366, -37.63774848787127070 ) ) ;
#6833 = CARTESIAN_POINT ( 'NONE',  ( 47.00000000000000000, 234.8814313122934436, -3.596535438769842052 ) ) ;
#6834 = CARTESIAN_POINT ( 'NONE',  ( -46.98886408183592067, 212.2749132189714771, -1.022679479307043060 ) ) ;
#6835 = CARTESIAN_POINT ( 'NONE',  ( 30.02250515210873161, 57.99999999999999289, 36.16138306720321083 ) ) ;
#6836 = CARTESIAN_POINT ( 'NONE',  ( -49.90004989492582155, 250.5606248199293020, -3.160877902635823133 ) ) ;
#6837 = VECTOR ( 'NONE', #3225, 1000.000000000000114 ) ;
#6838 = CARTESIAN_POINT ( 'NONE',  ( -43.19369017679611034, 69.12979561808754170, -47.31597781508200029 ) ) ;
#6839 = DIRECTION ( 'NONE',  ( -0.000000000000000000, 1.000000000000000000, -0.000000000000000000 ) ) ;
#6840 = CARTESIAN_POINT ( 'NONE',  ( -36.54327006475315898, 172.0212866422678246, 34.12743092665611755 ) ) ;
#6841 = PLANE ( 'NONE',  #553 ) ;
#6842 = CARTESIAN_POINT ( 'NONE',  ( -47.88935570772444805, 75.23276251545789250, -42.62031228415366968 ) ) ;
#6843 = DIRECTION ( 'NONE',  ( 0.000000000000000000, 0.000000000000000000, 1.000000000000000000 ) ) ;
#6844 = CARTESIAN_POINT ( 'NONE',  ( 27.47049506919400841, 105.0519756244884633, -41.78104421726126105 ) ) ;
#6845 = EDGE_CURVE ( 'NONE', #4099, #4168, #5890, .T. ) ;
#6846 = ORIENTED_EDGE ( 'NONE', *, *, #6050, .T. ) ;
#6847 = VERTEX_POINT ( 'NONE', #6449 ) ;
#6848 = DIRECTION ( 'NONE',  ( -1.000000000000000000, 0.000000000000000000, 0.000000000000000000 ) ) ;
#6849 = CARTESIAN_POINT ( 'NONE',  ( -32.16823240588158228, 39.48056780803440091, -33.59269824446734987 ) ) ;
#6850 = EDGE_CURVE ( 'NONE', #1567, #6246, #1252, .T. ) ;
#6851 = CARTESIAN_POINT ( 'NONE',  ( -47.00000000000000000, 230.9268094518325825, 3.564198051132346556 ) ) ;
#6852 = CARTESIAN_POINT ( 'NONE',  ( -41.45303252024854146, 89.40149471062302666, 49.05663547162955496 ) ) ;
#6853 = CARTESIAN_POINT ( 'NONE',  ( 49.96638609907423501, 263.8850798290437183, 1.834600412410997139 ) ) ;
#6854 = VECTOR ( 'NONE', #4809, 1000.000000000000000 ) ;
#6855 = CARTESIAN_POINT ( 'NONE',  ( 41.00000000000000000, 320.0000000000000000, -18.00000000000000000 ) ) ;
#6856 = CARTESIAN_POINT ( 'NONE',  ( -43.47092483188747281, 66.31954352124843410, -47.03874315999063072 ) ) ;
#6857 = CARTESIAN_POINT ( 'NONE',  ( 36.46736499287372624, 173.1609393494194080, -29.29356565747519880 ) ) ;
#6858 = CARTESIAN_POINT ( 'NONE',  ( 46.30576403225039428, 59.33385514974001751, -44.20390395962768793 ) ) ;
#6859 = CARTESIAN_POINT ( 'NONE',  ( -50.22349097781342664, 108.7025900201346644, -40.28617701406468399 ) ) ;
#6860 = CARTESIAN_POINT ( 'NONE',  ( 39.18957825874523593, 168.0308239955196257, 31.05252923574705903 ) ) ;
#6861 = VERTEX_POINT ( 'NONE', #1545 ) ;
#6862 = CARTESIAN_POINT ( 'NONE',  ( 42.78460399787551438, 155.3921848145515128, -47.72506399400257493 ) ) ;
#6863 = B_SPLINE_CURVE_WITH_KNOTS ( 'NONE', 3,
 ( #178, #5101, #6834, #4012, #6180, #2911, #1244, #6690, #5592, #1315, #760, #5701, #104, #2339, #5064, #2985, #1717, #1204 ),
 .UNSPECIFIED., .F., .F.,
 ( 4, 2, 2, 2, 2, 2, 2, 2, 4 ),
 ( 0.000000000000000000, 0.0004103602569452557297, 0.0008207205138905114593, 0.001231080770835767026, 0.001641441027781022919, 0.002051801284726278811, 0.002462161541671534920, 0.002872521798616791029, 0.003282882055562047138 ),
 .UNSPECIFIED. ) ;
#6864 = CARTESIAN_POINT ( 'NONE',  ( -50.58970023380037873, 130.9941881811295445, -39.91996775807773901 ) ) ;
#6865 = CARTESIAN_POINT ( 'NONE',  ( -38.25277611541211087, 170.1142467439894972, -32.19888822755908819 ) ) ;
#6866 = CARTESIAN_POINT ( 'NONE',  ( 47.00000000000000000, 230.9268094518325540, -3.564198051132346112 ) ) ;
#6867 = CARTESIAN_POINT ( 'NONE',  ( -34.68057595339048049, 175.3233815820528605, 31.08035469695843389 ) ) ;
#6868 = CARTESIAN_POINT ( 'NONE',  ( -30.50535599256534169, 52.00000000000000000, -35.25557465778359756 ) ) ;
#6869 = CARTESIAN_POINT ( 'NONE',  ( -49.90676536548662767, 252.7890258508503791, -3.058006745733390819 ) ) ;
#6870 = CARTESIAN_POINT ( 'NONE',  ( 41.06358789818639110, 116.6762642137271371, -24.69734275216253394 ) ) ;
#6871 = CARTESIAN_POINT ( 'NONE',  ( -24.55371574811972124, 145.7020373835961493, 41.20721490222918959 ) ) ;
#6872 = CARTESIAN_POINT ( 'NONE',  ( -42.14932971709595222, 148.7199520483110007, 26.89765380023412433 ) ) ;
#6873 = CARTESIAN_POINT ( 'NONE',  ( 41.19064070390658117, 148.1781441586250878, -49.31902728797151525 ) ) ;
#6874 = CARTESIAN_POINT ( 'NONE',  ( 24.29434890298207961, 131.8280114082709815, 41.46658174736686675 ) ) ;
#6875 = CARTESIAN_POINT ( 'NONE',  ( -47.03874315999061650, 66.31954352124841989, 43.47092483188747281 ) ) ;
#6876 = CARTESIAN_POINT ( 'NONE',  ( 35.99034755393251572, 57.99999999999999289, -29.77058309641640577 ) ) ;
#6877 = CARTESIAN_POINT ( 'NONE',  ( 26.83766949383945644, 147.8619356179109730, -42.18719615595232852 ) ) ;
#6878 = ORIENTED_EDGE ( 'NONE', *, *, #2141, .T. ) ;
#6879 = ORIENTED_EDGE ( 'NONE', *, *, #3166, .T. ) ;
#6880 = CARTESIAN_POINT ( 'NONE',  ( -39.91748297430894610, 120.2343318316846279, -50.59218501756916453 ) ) ;
#6881 = CARTESIAN_POINT ( 'NONE',  ( -43.19369017679611034, 69.12979561808754170, -47.31597781508200029 ) ) ;
#6882 = CARTESIAN_POINT ( 'NONE',  ( -108.0000000000000142, 210.0060237486752612, -1.543678944899053773 ) ) ;
#6883 = CARTESIAN_POINT ( 'NONE',  ( -34.68057595339048049, 175.3233815820528605, 31.08035469695843389 ) ) ;
#6884 = CARTESIAN_POINT ( 'NONE',  ( 49.99613229384484470, 170.2797061193489014, 0.9115933601265097108 ) ) ;
#6885 = AXIS2_PLACEMENT_3D ( 'NONE', #6623, #4739, #1959 ) ;
#6886 = CARTESIAN_POINT ( 'NONE',  ( 25.51359495171288216, 157.6066838202881399, 40.24733569863605709 ) ) ;
#6887 = ORIENTED_EDGE ( 'NONE', *, *, #6322, .T. ) ;
#6888 = CARTESIAN_POINT ( 'NONE',  ( 0.000000000000000000, 145.5000000000000000, 0.000000000000000000 ) ) ;
#6889 = ADVANCED_FACE ( 'NONE', ( #336 ), #4456, .T. ) ;
#6890 = CARTESIAN_POINT ( 'NONE',  ( 30.50535790505960776, 52.00000000000000000, 35.25557274528932794 ) ) ;
#6891 = CARTESIAN_POINT ( 'NONE',  ( 37.49320649782439574, 71.28898199371604960, 28.26772415252454351 ) ) ;
#6892 = EDGE_CURVE ( 'NONE', #3837, #4355, #7160, .T. ) ;
#6893 = FACE_OUTER_BOUND ( 'NONE', #1767, .T. ) ;
#6894 = EDGE_LOOP ( 'NONE', ( #3476, #2541 ) ) ;
#6895 = CARTESIAN_POINT ( 'NONE',  ( 35.13572767648140172, 172.3895762982211579, 35.57395586168595258 ) ) ;
#6896 = ORIENTED_EDGE ( 'NONE', *, *, #6350, .T. ) ;
#6897 = DIRECTION ( 'NONE',  ( 1.000000000000000000, 0.000000000000000000, 0.000000000000000000 ) ) ;
#6898 = CARTESIAN_POINT ( 'NONE',  ( 41.00000000000000000, 57.99999999999999289, -21.00000000000000000 ) ) ;
#6899 = VERTEX_POINT ( 'NONE', #2993 ) ;
#6900 = CARTESIAN_POINT ( 'NONE',  ( 28.04587946176248536, 169.6705890995218340, 37.71505118858645034 ) ) ;
#6901 = CARTESIAN_POINT ( 'NONE',  ( -37.80954862240099601, 170.7839353711542856, -32.71836957138475555 ) ) ;
#6902 = CARTESIAN_POINT ( 'NONE',  ( 47.00000000000000000, 254.9285904774020821, -3.139449734291467120 ) ) ;
#6903 = CARTESIAN_POINT ( 'NONE',  ( -44.99031566266479842, 52.44175755770029923, 45.51935232921329799 ) ) ;
#6904 = CARTESIAN_POINT ( 'NONE',  ( 28.67738455632924044, 68.33317720493128888, 37.24544780204595895 ) ) ;
#6905 = CARTESIAN_POINT ( 'NONE',  ( -49.95214764988330813, 192.4750630694490212, 2.200314928888459587 ) ) ;
#6906 = CARTESIAN_POINT ( 'NONE',  ( 84.99999999999998579, 212.0000000000000000, 0.000000000000000000 ) ) ;
#6907 = CARTESIAN_POINT ( 'NONE',  ( -35.11778775205961267, 172.3871567451911062, 35.59165798699492456 ) ) ;
#6908 = CARTESIAN_POINT ( 'NONE',  ( -30.58808547364828456, 174.0370018940717785, -35.68568161601063338 ) ) ;
#6909 = CARTESIAN_POINT ( 'NONE',  ( 48.14642419775778848, 153.8348667856812142, 42.36324379412032215 ) ) ;
#6910 = CARTESIAN_POINT ( 'NONE',  ( -47.31597781508200029, 69.12979561808752749, -43.19369017679611034 ) ) ;
#6911 = CARTESIAN_POINT ( 'NONE',  ( 36.72941495113133925, 63.16230265228887930, 29.33832445349480977 ) ) ;
#6912 = CARTESIAN_POINT ( 'NONE',  ( 32.33280779337680144, 59.98009825480303903, -38.14896356789946452 ) ) ;
#6913 = ORIENTED_EDGE ( 'NONE', *, *, #6405, .T. ) ;
#6914 = ORIENTED_EDGE ( 'NONE', *, *, #6892, .F. ) ;
#6915 = CARTESIAN_POINT ( 'NONE',  ( -50.22349097781342664, 108.7025900201346644, -40.28617701406468399 ) ) ;
#6916 = CARTESIAN_POINT ( 'NONE',  ( 46.98823194100194200, 211.9999999999994316, -1.050000000005465450 ) ) ;
#6917 = CARTESIAN_POINT ( 'NONE',  ( -107.9999999999999858, 219.0159610516838029, -1.126926010874052198 ) ) ;
#6918 = CARTESIAN_POINT ( 'NONE',  ( -25.61039644484207045, 101.0166046022987985, 40.15053420550685104 ) ) ;
#6919 = CARTESIAN_POINT ( 'NONE',  ( 49.98298835008783669, 265.7746878656487297, -1.324404836694097698 ) ) ;
#6920 = EDGE_CURVE ( 'NONE', #1194, #1694, #6092, .T. ) ;
#6921 = CARTESIAN_POINT ( 'NONE',  ( 30.94645188787811207, 48.51213425699023674, 34.81447876247082718 ) ) ;
#6922 = CARTESIAN_POINT ( 'NONE',  ( 28.26772415252452220, 71.28898199371606381, -37.49320649782438863 ) ) ;
#6923 = CARTESIAN_POINT ( 'NONE',  ( 0.000000000000000000, 94.50000000000000000, 0.000000000000000000 ) ) ;
#6924 = CARTESIAN_POINT ( 'NONE',  ( 38.90225724876551539, 85.63114929373708151, 26.85867340158342742 ) ) ;
#6925 = CARTESIAN_POINT ( 'NONE',  ( 33.83408293086011298, 41.21309918220622137, -31.92684771948880140 ) ) ;
#6926 = CARTESIAN_POINT ( 'NONE',  ( 41.73424116573644227, 154.1365289939205070, 27.53707542704110622 ) ) ;
#6927 = PLANE ( 'NONE',  #6282 ) ;
#6928 = CARTESIAN_POINT ( 'NONE',  ( 50.00000000000000000, 335.0000000000000000, 0.000000000000000000 ) ) ;
#6929 = ADVANCED_FACE ( 'NONE', ( #4707 ), #2126, .T. ) ;
#6930 = CARTESIAN_POINT ( 'NONE',  ( 38.43390449649707108, 80.61020279584469961, 27.32702615385186462 ) ) ;
#6931 = CARTESIAN_POINT ( 'NONE',  ( -35.25557274529061402, 52.00000000000000000, 30.50535790505831102 ) ) ;
#6932 = EDGE_LOOP ( 'NONE', ( #360, #2254 ) ) ;
#6933 = CARTESIAN_POINT ( 'NONE',  ( 33.08734819502063829, 175.4851932568794552, 33.38057152440114095 ) ) ;
#6934 = CARTESIAN_POINT ( 'NONE',  ( -40.83938568045799400, 89.98461695145584827, -28.85455087168438837 ) ) ;
#6935 = CARTESIAN_POINT ( 'NONE',  ( 108.0000000000000000, 217.4653392061624118, 1.334084237489149727 ) ) ;
#6936 = CARTESIAN_POINT ( 'NONE',  ( -24.37365805196742130, 126.6764942988443892, 41.38727259838148598 ) ) ;
#6937 = ADVANCED_FACE ( 'NONE', ( #3283 ), #6689, .T. ) ;
#6938 = CARTESIAN_POINT ( 'NONE',  ( -31.85388218792846615, 175.0649071256258651, 34.56082353836228549 ) ) ;
#6939 = DIRECTION ( 'NONE',  ( -1.000000000000000000, 0.000000000000000000, 0.000000000000000000 ) ) ;
#6940 = DIRECTION ( 'NONE',  ( 0.000000000000000000, 0.000000000000000000, -1.000000000000000000 ) ) ;
#6941 = CARTESIAN_POINT ( 'NONE',  ( -27.19834591289385628, 166.8763353538257945, 38.56258473745505455 ) ) ;
#6942 = CARTESIAN_POINT ( 'NONE',  ( -37.29700715359990681, 171.3897812519024342, 33.30164342621064577 ) ) ;
#6943 = CARTESIAN_POINT ( 'NONE',  ( 40.79466709084000797, 111.3121957717727071, -24.96626355950890641 ) ) ;
#6944 = B_SPLINE_CURVE_WITH_KNOTS ( 'NONE', 3,
 ( #1281, #5668, #687, #1755, #6147, #1827, #3499, #4552, #6727, #2839 ),
 .UNSPECIFIED., .F., .F.,
 ( 4, 2, 2, 2, 4 ),
 ( 0.01053360932355917705, 0.01139669834895364574, 0.01225978737434811616, 0.01312287639974258485, 0.01398596542513705354 ),
 .UNSPECIFIED. ) ;
#6945 = CARTESIAN_POINT ( 'NONE',  ( 39.86548770796168384, 124.0985968565961315, 50.64418028391641968 ) ) ;
#6946 = CIRCLE ( 'NONE', #4398, 46.99996213765929554 ) ;
#6947 = CARTESIAN_POINT ( 'NONE',  ( -40.57183789878039448, 143.4569695494772930, -49.93783009309771614 ) ) ;
#6948 = DIRECTION ( 'NONE',  ( 0.000000000000000000, -1.000000000000000000, 0.000000000000000000 ) ) ;
#6949 = CARTESIAN_POINT ( 'NONE',  ( 28.95941040735465677, 161.5572563240397130, -40.76112261813086235 ) ) ;
#6950 = ORIENTED_EDGE ( 'NONE', *, *, #7056, .F. ) ;
#6951 = CARTESIAN_POINT ( 'NONE',  ( -50.49399183426302073, 134.5090890707682831, -40.01567615761508989 ) ) ;
#6952 = CARTESIAN_POINT ( 'NONE',  ( 46.99563008875959724, 211.1605440987839017, 0.6454336630384526208 ) ) ;
#6953 = CARTESIAN_POINT ( 'NONE',  ( -108.0000000000000142, 222.1604013880388777, -2.046431600566389619E-15 ) ) ;
#6954 = CARTESIAN_POINT ( 'NONE',  ( -32.66833329081848802, 36.00000000000000000, 33.09259735953042991 ) ) ;
#6955 = CARTESIAN_POINT ( 'NONE',  ( 49.99939933985894669, 161.3767734674762266, 0.2450829519018705716 ) ) ;
#6956 = B_SPLINE_CURVE_WITH_KNOTS ( 'NONE', 3,
 ( #474, #5355, #5963, #4892 ),
 .UNSPECIFIED., .F., .F.,
 ( 4, 4 ),
 ( 0.002524831283748947032, 0.003124831283748952943 ),
 .UNSPECIFIED. ) ;
#6957 = ORIENTED_EDGE ( 'NONE', *, *, #3836, .T. ) ;
#6958 = CARTESIAN_POINT ( 'NONE',  ( 27.19834591289388470, 166.8763353538258514, 38.56258473745506166 ) ) ;
#6959 = CARTESIAN_POINT ( 'NONE',  ( 41.45303252024854146, 89.40149471062304087, -49.05663547162954075 ) ) ;
#6960 = PLANE ( 'NONE',  #3939 ) ;
#6961 = CARTESIAN_POINT ( 'NONE',  ( 50.49399183426302073, 134.5090890707682547, 40.01567615761508989 ) ) ;
#6962 = CARTESIAN_POINT ( 'NONE',  ( 39.62546294327271568, 74.95886082562991248, 30.50265559212992628 ) ) ;
#6963 = PLANE ( 'NONE',  #5234 ) ;
#6964 = CARTESIAN_POINT ( 'NONE',  ( 45.77674598141884843, 54.62836855260157876, -44.73292201045924088 ) ) ;
#6965 = VERTEX_POINT ( 'NONE', #1122 ) ;
#6966 = B_SPLINE_CURVE_WITH_KNOTS ( 'NONE', 3,
 ( #5369, #832, #2613, #7035 ),
 .UNSPECIFIED., .F., .F.,
 ( 4, 4 ),
 ( 0.01747249955573675420, 0.01777699149090817762 ),
 .UNSPECIFIED. ) ;
#6967 = CARTESIAN_POINT ( 'NONE',  ( -108.0000000000000000, 218.0682573214455431, -1.296976512692876504 ) ) ;
#6968 = DIRECTION ( 'NONE',  ( -0.7071067811865475727, 0.000000000000000000, -0.7071067811865475727 ) ) ;
#6969 = CARTESIAN_POINT ( 'NONE',  ( 47.00000000000000000, 169.8038876996392332, 0.9438988005394840508 ) ) ;
#6970 = CARTESIAN_POINT ( 'NONE',  ( -42.36324379412030794, 153.8348667856812142, 48.14642419775777427 ) ) ;
#6971 = DIRECTION ( 'NONE',  ( -0.000000000000000000, 1.000000000000000000, -0.000000000000000000 ) ) ;
#6972 = DIRECTION ( 'NONE',  ( 0.000000000000000000, 1.000000000000000000, 0.000000000000000000 ) ) ;
#6973 = CARTESIAN_POINT ( 'NONE',  ( -50.58970023380035741, 130.9941881811295445, 39.91996775807773190 ) ) ;
#6974 = DIRECTION ( 'NONE',  ( -0.7071067811865475727, 0.000000000000000000, -0.7071067811865475727 ) ) ;
#6975 = ADVANCED_FACE ( 'NONE', ( #2769 ), #7118, .F. ) ;
#6976 = CARTESIAN_POINT ( 'NONE',  ( -33.36570883847483060, 175.4862839454901007, -33.10233586290128471 ) ) ;
#6977 = ORIENTED_EDGE ( 'NONE', *, *, #3440, .F. ) ;
#6978 = CARTESIAN_POINT ( 'NONE',  ( 42.32202566649796438, 78.60787726850114154, 48.18764232538012493 ) ) ;
#6979 = CARTESIAN_POINT ( 'NONE',  ( -40.92961328274396493, 96.97051065983893636, -49.58005470913414570 ) ) ;
#6980 = CARTESIAN_POINT ( 'NONE',  ( 5.340366002732731293E-15, 10.00000000000000888, -40.24419999999999931 ) ) ;
#6981 = CARTESIAN_POINT ( 'NONE',  ( -42.36324379412032926, 153.8348667856812142, -48.14642419775778848 ) ) ;
#6982 = ORIENTED_EDGE ( 'NONE', *, *, #1969, .T. ) ;
#6983 = AXIS2_PLACEMENT_3D ( 'NONE', #4511, #1638, #3854 ) ;
#6984 = CARTESIAN_POINT ( 'NONE',  ( -42.36324379412032926, 153.8348667856812142, -48.14642419775778848 ) ) ;
#6985 = CARTESIAN_POINT ( 'NONE',  ( -35.48620448978831377, 41.14839227088494766, -34.35490803650086633 ) ) ;
#6986 = CARTESIAN_POINT ( 'NONE',  ( -45.04270196158307726, 52.00000000000000000, 45.46696603029501205 ) ) ;
#6987 = CARTESIAN_POINT ( 'NONE',  ( -50.17042213900460013, 140.4589426390626272, -40.33924585287351761 ) ) ;
#6988 = CARTESIAN_POINT ( 'NONE',  ( -42.36324379412030794, 153.8348667856812142, 48.14642419775777427 ) ) ;
#6989 = CARTESIAN_POINT ( 'NONE',  ( -40.10103315935764812, 137.5203383235722185, 50.40863483252044119 ) ) ;
#6990 = AXIS2_PLACEMENT_3D ( 'NONE', #6431, #1456, #316 ) ;
#6991 = ORIENTED_EDGE ( 'NONE', *, *, #849, .F. ) ;
#6992 = CARTESIAN_POINT ( 'NONE',  ( -24.96626355950891352, 111.3121957717727071, -40.79466709084002218 ) ) ;
#6993 = CARTESIAN_POINT ( 'NONE',  ( 42.62031228415365547, 75.23276251545790672, 47.88935570772444095 ) ) ;
#6994 = CARTESIAN_POINT ( 'NONE',  ( 50.58970023380037162, 130.9941881811295445, 39.91996775807773901 ) ) ;
#6995 = CARTESIAN_POINT ( 'NONE',  ( 0.000000000000000000, 52.00000000000000000, 0.000000000000000000 ) ) ;
#6996 = CIRCLE ( 'NONE', #5268, 153.2499806421508879 ) ;
#6997 = VECTOR ( 'NONE', #3019, 1000.000000000000000 ) ;
#6998 = CARTESIAN_POINT ( 'NONE',  ( 35.92463511080224947, 172.3210456249881588, 34.77817033145112191 ) ) ;
#6999 = CARTESIAN_POINT ( 'NONE',  ( -36.04734682555448444, 57.99999999144424123, 29.85456569809203486 ) ) ;
#7000 = DIRECTION ( 'NONE',  ( 0.000000000000000000, -1.000000000000000000, 0.000000000000000000 ) ) ;
#7001 = CARTESIAN_POINT ( 'NONE',  ( 48.91202582514209496, 150.5005888525397495, 41.59764216673601567 ) ) ;
#7002 = CARTESIAN_POINT ( 'NONE',  ( -108.0000000000000000, 218.0682573214455431, 1.296976512692874950 ) ) ;
#7003 = CARTESIAN_POINT ( 'NONE',  ( -42.56023145310027900, 135.2892170286816338, -26.24179909868679061 ) ) ;
#7004 = CARTESIAN_POINT ( 'NONE',  ( 108.0000000000000000, 206.2805933915487060, 1.450619313817413714 ) ) ;
#7005 = CARTESIAN_POINT ( 'NONE',  ( -29.29356565747519170, 173.1609393494194080, 36.46736499287372624 ) ) ;
#7006 = CARTESIAN_POINT ( 'NONE',  ( 33.26194495473986734, 37.17140469785623935, -32.49898569560905059 ) ) ;
#7007 = CARTESIAN_POINT ( 'NONE',  ( -34.08013314533000937, 43.01938834715528515, -31.68079750501894054 ) ) ;
#7008 = PLANE ( 'NONE',  #7050 ) ;
#7009 = CARTESIAN_POINT ( 'NONE',  ( -26.52597244525743392, 120.1731893916020510, 42.38377953709515111 ) ) ;
#7010 = ORIENTED_EDGE ( 'NONE', *, *, #4761, .T. ) ;
#7011 = CARTESIAN_POINT ( 'NONE',  ( 24.39235554936074735, 141.0186408901463437, 41.36857510098818835 ) ) ;
#7012 = CARTESIAN_POINT ( 'NONE',  ( -45.25483399593905176, 158.6226686892998146, -45.25483399593905176 ) ) ;
#7013 = CARTESIAN_POINT ( 'NONE',  ( 28.26772415252452220, 71.28898199371606381, -37.49320649782438863 ) ) ;
#7014 = CARTESIAN_POINT ( 'NONE',  ( -40.57183789878039448, 143.4569695494772930, -49.93783009309771614 ) ) ;
#7015 = ADVANCED_FACE ( 'NONE', ( #2734 ), #3936, .T. ) ;
#7016 = ORIENTED_EDGE ( 'NONE', *, *, #2461, .F. ) ;
#7017 = CARTESIAN_POINT ( 'NONE',  ( -24.55371574811973900, 145.7020373835961777, -41.20721490222919670 ) ) ;
#7018 = CARTESIAN_POINT ( 'NONE',  ( -108.0000000000000000, 188.1420704083295448, -0.1644803745078677881 ) ) ;
#7019 = CARTESIAN_POINT ( 'NONE',  ( -35.63270687126060920, 54.97802726448587407, -30.12822377908833360 ) ) ;
#7020 = CARTESIAN_POINT ( 'NONE',  ( -41.46658174736684543, 131.8280114082709815, 24.29434890298207605 ) ) ;
#7021 = CARTESIAN_POINT ( 'NONE',  ( -38.00000000000000000, 320.0000000000000000, -24.00000000000000000 ) ) ;
#7022 = ADVANCED_FACE ( 'NONE', ( #3975, #1052 ), #6146, .F. ) ;
#7023 = ORIENTED_EDGE ( 'NONE', *, *, #279, .T. ) ;
#7024 = CARTESIAN_POINT ( 'NONE',  ( 29.93853975964103142, 57.99999999999999289, 36.10435859988081830 ) ) ;
#7025 = CARTESIAN_POINT ( 'NONE',  ( 49.82615309694461558, 100.9687423887486943, 40.68351489493350215 ) ) ;
#7026 = CARTESIAN_POINT ( 'NONE',  ( 0.000000000000000000, 0.000000000000000000, 40.00000000000000000 ) ) ;
#7027 = B_SPLINE_CURVE_WITH_KNOTS ( 'NONE', 3,
 ( #6578, #1121, #5953, #3758, #6614 ),
 .UNSPECIFIED., .F., .F.,
 ( 4, 1, 4 ),
 ( 0.8684778415223446402, 0.9074622505925599159, 0.9227094383390386234 ),
 .UNSPECIFIED. ) ;
#7028 = CARTESIAN_POINT ( 'NONE',  ( -40.01567615761507568, 134.5090890707682547, 50.49399183426301363 ) ) ;
#7029 = ORIENTED_EDGE ( 'NONE', *, *, #6920, .F. ) ;
#7030 = EDGE_CURVE ( 'NONE', #1948, #6521, #1089, .T. ) ;
#7031 = CARTESIAN_POINT ( 'NONE',  ( 33.51819211727965353, 175.4694692900189068, -32.94791830011540412 ) ) ;
#7032 = CARTESIAN_POINT ( 'NONE',  ( 39.75138694003535278, 95.69680212022356613, 26.00954371031358647 ) ) ;
#7033 = CARTESIAN_POINT ( 'NONE',  ( -108.0000000000000000, 215.4299438917482519, 1.470248844514087772 ) ) ;
#7034 = DIRECTION ( 'NONE',  ( 0.000000000000000000, 1.000000000000000000, 0.000000000000000000 ) ) ;
#7035 = CARTESIAN_POINT ( 'NONE',  ( 35.99034706512416193, 58.00000011627452068, 29.77058358522477377 ) ) ;
#7036 = CARTESIAN_POINT ( 'NONE',  ( -49.93783009309770193, 143.4569695494772645, 40.57183789878038738 ) ) ;
#7037 = DIRECTION ( 'NONE',  ( 0.7071067811865475727, 0.000000000000000000, -0.7071067811865475727 ) ) ;
#7038 = DIRECTION ( 'NONE',  ( -0.000000000000000000, 1.000000000000000000, -0.000000000000000000 ) ) ;
#7039 = ORIENTED_EDGE ( 'NONE', *, *, #5426, .T. ) ;
#7040 = PLANE ( 'NONE',  #6716 ) ;
#7041 = LINE ( 'NONE', #971, #6854 ) ;
#7042 = CARTESIAN_POINT ( 'NONE',  ( -31.84627522967774382, 175.0603972572624230, -34.56783199814944396 ) ) ;
#7043 = VERTEX_POINT ( 'NONE', #5486 ) ;
#7044 = CARTESIAN_POINT ( 'NONE',  ( 32.58376914801012703, 36.58494384897174712, 33.17716150233881223 ) ) ;
#7045 = CARTESIAN_POINT ( 'NONE',  ( -40.79466709084002218, 111.3121957717727071, -24.96626355950891352 ) ) ;
#7046 = CARTESIAN_POINT ( 'NONE',  ( 43.47092483188746570, 66.31954352124841989, -47.03874315999062361 ) ) ;
#7047 = CARTESIAN_POINT ( 'NONE',  ( -47.31597781508200029, 69.12979561808752749, -43.19369017679611034 ) ) ;
#7048 = VECTOR ( 'NONE', #3189, 1000.000000000000114 ) ;
#7049 = B_SPLINE_SURFACE_WITH_KNOTS ( 'NONE', 3, 1, ( 
 ( #4425, #6635 ),
 ( #55, #1735 ),
 ( #3956, #6164 ),
 ( #2932, #124 ),
 ( #6709, #5576 ),
 ( #2825, #2282 ),
 ( #670, #2319 ),
 ( #1185, #5120 ),
 ( #5083, #1774 ),
 ( #5685, #6784 ),
 ( #14, #6745 ),
 ( #1145, #6126 ),
 ( #3996, #4535 ),
 ( #1812, #4035 ),
 ( #3411, #5154 ),
 ( #2859, #5653 ),
 ( #6201, #599 ),
 ( #5613, #3913 ),
 ( #1228, #5013 ),
 ( #4498, #2244 ),
 ( #633, #4574 ),
 ( #3374, #2894 ),
 ( #87, #5049 ),
 ( #6672, #3449 ),
 ( #2359, #6237 ),
 ( #1701, #1267 ),
 ( #3483, #4465 ),
 ( #704, #5037 ),
 ( #1, #5524 ),
 ( #2156, #6586 ),
 ( #3801, #1647 ),
 ( #5960, #1021 ),
 ( #3831, #1056 ),
 ( #3866, #5420 ),
 ( #6622, #5491 ),
 ( #41, #6030 ),
 ( #2230, #4309 ),
 ( #4449, #4889 ),
 ( #3765, #7159 ),
 ( #6658, #4383 ),
 ( #982, #3254 ),
 ( #471, #1618 ),
 ( #3210, #5001 ),
 ( #6074, #2700 ),
 ( #5460, #2812 ),
 ( #1093, #4929 ),
 ( #3289, #511 ),
 ( #3325, #4348 ),
 ( #435, #7124 ),
 ( #2740, #4962 ),
 ( #6515, #1688 ),
 ( #7088, #2191 ),
 ( #587, #1543 ),
 ( #4413, #547 ),
 ( #2777, #3901 ),
 ( #2668, #6113 ),
 ( #2119, #6552 ) ),
 .UNSPECIFIED., .F., .F., .F.,
 ( 4, 1, 1, 1, 1, 1, 1, 1, 1, 1, 1, 1, 1, 1, 1, 1, 1, 1, 1, 1, 1, 1, 1, 1, 1, 1, 1, 1, 1, 1, 1, 1, 1, 1, 1, 1, 1, 1, 1, 1, 1, 1, 1, 1, 1, 1, 1, 1, 1, 1, 1, 1, 1, 1, 4 ),
 ( 2, 2 ),
 ( 0.000000000000000000, 0.006185920264467840990, 0.006201962899188698426, 0.02441097605636065315, 0.02448136905349916972, 0.05370574164729763345, 0.05388345649501025819, 0.09253774940744020905, 0.09289034474279105058, 0.1389060332195526937, 0.1395093084148930351, 0.1904437008900517758, 0.1913742588137488654, 0.2445345556009105303, 0.2458629933516659483, 0.2984579075547035831, 0.3002380933255869855, 0.3495648249652614226, 0.3518114771965040188, 0.3954646363279900600, 0.3981158618259910686, 0.4341890767744074897, 0.4370593218643058497, 0.4643545367854607919, 0.4670784500627876423, 0.4855543320873984547, 0.4874746266155715047, 0.5000000000000001110, 0.5125253733844284953, 0.5144456679126017118, 0.5329215499372124132, 0.5356454632145394301, 0.5629406781356941503, 0.5658109232255926768, 0.6018841381740089869, 0.6045353636720101065, 0.6481885228034960367, 0.6504351750347387995, 0.6997619066744130700, 0.7015420924452966389, 0.7541370066483340517, 0.7554654443990895807, 0.8086257411862511901, 0.8095562991099484185, 0.8604906915851070481, 0.8610939667804474729, 0.9071096552572089911, 0.9074622505925599159, 0.9461165435049897487, 0.9462942583527024221, 0.9755186309465009309, 0.9755890239436393330, 0.9937980371008113822, 0.9938140797355320410, 1.000000000000000000 ),
 ( 0.000000000000000000, 1.000000000000000000 ),
 .UNSPECIFIED. ) ;
#7050 = AXIS2_PLACEMENT_3D ( 'NONE', #4261, #6468, #3575 ) ;
#7051 = EDGE_LOOP ( 'NONE', ( #3583, #6557, #5881, #8 ) ) ;
#7052 = CARTESIAN_POINT ( 'NONE',  ( -42.32202566649797859, 78.60787726850115575, -48.18764232538013204 ) ) ;
#7053 = CARTESIAN_POINT ( 'NONE',  ( -31.92684771948879785, 41.21309918220622848, 33.83408293086011298 ) ) ;
#7054 = CARTESIAN_POINT ( 'NONE',  ( -49.82615309694460848, 100.9687423887486943, -40.68351489493349504 ) ) ;
#7055 = DIRECTION ( 'NONE',  ( -0.7071067811865475727, -0.000000000000000000, 0.7071067811865474617 ) ) ;
#7056 = EDGE_CURVE ( 'NONE', #5252, #6097, #1723, .T. ) ;
#7057 = CARTESIAN_POINT ( 'NONE',  ( -44.34275159336350924, 58.04302010026673031, 46.16691639851458007 ) ) ;
#7058 = AXIS2_PLACEMENT_3D ( 'NONE', #3491, #4615, #4542 ) ;
#7059 = EDGE_LOOP ( 'NONE', ( #5284, #6724, #2055, #5357 ) ) ;
#7060 = CARTESIAN_POINT ( 'NONE',  ( 39.82026051515520493, 127.6151589264297144, -50.68940747672288438 ) ) ;
#7061 = EDGE_CURVE ( 'NONE', #1229, #2405, #4629, .T. ) ;
#7062 = ORIENTED_EDGE ( 'NONE', *, *, #1703, .F. ) ;
#7063 = CARTESIAN_POINT ( 'NONE',  ( 42.78460399787552859, 155.3921848145514844, 47.72506399400258204 ) ) ;
#7064 = CARTESIAN_POINT ( 'NONE',  ( -48.76789381400746493, 85.62404022679615423, -41.74177417787065281 ) ) ;
#7065 = CARTESIAN_POINT ( 'NONE',  ( 34.35490803650080949, 41.14839227088494766, -35.48620448978828534 ) ) ;
#7066 = LINE ( 'NONE', #5010, #853 ) ;
#7067 = CARTESIAN_POINT ( 'NONE',  ( -45.04270196158307726, 52.00000000000000000, 45.46696603029501205 ) ) ;
#7068 = CARTESIAN_POINT ( 'NONE',  ( 29.70024544799589350, 172.9891755310295309, -36.43109891600536798 ) ) ;
#7069 = VERTEX_POINT ( 'NONE', #2259 ) ;
#7070 = CARTESIAN_POINT ( 'NONE',  ( 26.53717206652077820, 163.8347417721553541, 39.22375858382816460 ) ) ;
#7071 = CARTESIAN_POINT ( 'NONE',  ( 37.57616459432502154, 54.99999999999999289, 32.98532786528269867 ) ) ;
#7072 = CARTESIAN_POINT ( 'NONE',  ( -24.55371574811972124, 145.7020373835961493, 41.20721490222918959 ) ) ;
#7073 = CARTESIAN_POINT ( 'NONE',  ( 108.0000000000000000, 198.8312510100193720, 1.058200111551040656 ) ) ;
#7074 = CARTESIAN_POINT ( 'NONE',  ( -41.38727259838148598, 126.6764942988443892, 24.37365805196743196 ) ) ;
#7075 = CARTESIAN_POINT ( 'NONE',  ( -34.51648671455645712, 38.38965361115108976, 34.94075078326839900 ) ) ;
#7076 = CARTESIAN_POINT ( 'NONE',  ( 24.69734275216252328, 116.6762642137271797, -41.06358789818639821 ) ) ;
#7077 = ORIENTED_EDGE ( 'NONE', *, *, #5034, .F. ) ;
#7078 = CARTESIAN_POINT ( 'NONE',  ( 0.000000000000000000, 2.000000000000000000, -3.299999999999999822 ) ) ;
#7079 = CARTESIAN_POINT ( 'NONE',  ( -30.80394296248341846, 51.99999999999999289, -35.45918685583342267 ) ) ;
#7080 = ORIENTED_EDGE ( 'NONE', *, *, #1526, .T. ) ;
#7081 = CARTESIAN_POINT ( 'NONE',  ( 108.0000000000000000, 188.0000000000000000, -0.1499999999999999944 ) ) ;
#7082 = CARTESIAN_POINT ( 'NONE',  ( -24.69734275216253749, 116.6762642137271371, -41.06358789818640531 ) ) ;
#7083 = CARTESIAN_POINT ( 'NONE',  ( 48.91202582514208075, 150.5005888525397495, -41.59764216673601567 ) ) ;
#7084 = CARTESIAN_POINT ( 'NONE',  ( -40.24733569863605709, 157.6066838202881399, -25.51359495171287861 ) ) ;
#7085 = CARTESIAN_POINT ( 'NONE',  ( 41.74177417787063860, 85.62404022679615423, -48.76789381400745782 ) ) ;
#7086 = FACE_OUTER_BOUND ( 'NONE', #63, .T. ) ;
#7087 = ORIENTED_EDGE ( 'NONE', *, *, #811, .T. ) ;
#7088 = CARTESIAN_POINT ( 'NONE',  ( 31.31356217171364520, 45.71524904810726753, 34.44736847863529050 ) ) ;
#7089 = CARTESIAN_POINT ( 'NONE',  ( -42.32202566649796438, 78.60787726850115575, 48.18764232538012493 ) ) ;
#7090 = CARTESIAN_POINT ( 'NONE',  ( -30.94645188787811207, 48.51213425699022963, -34.81447876247082718 ) ) ;
#7091 = CARTESIAN_POINT ( 'NONE',  ( -40.24733569863604288, 157.6066838202881399, 25.51359495171287506 ) ) ;
#7092 = CARTESIAN_POINT ( 'NONE',  ( -47.45860420640313038, 156.3633846497057505, 43.05106378547495893 ) ) ;
#7093 = VERTEX_POINT ( 'NONE', #505 ) ;
#7094 = VERTEX_POINT ( 'NONE', #3388 ) ;
#7095 = CARTESIAN_POINT ( 'NONE',  ( 41.19064070390658827, 148.1781441586250878, 49.31902728797151525 ) ) ;
#7096 = DIRECTION ( 'NONE',  ( 0.000000000000000000, 1.000000000000000000, 0.000000000000000000 ) ) ;
#7097 = CARTESIAN_POINT ( 'NONE',  ( 34.01183617507293633, 94.50000000000000000, 28.21356056934324386 ) ) ;
#7098 = LINE ( 'NONE', #2094, #614 ) ;
#7099 = CARTESIAN_POINT ( 'NONE',  ( -42.32202566649796438, 78.60787726850115575, 48.18764232538012493 ) ) ;
#7100 = CARTESIAN_POINT ( 'NONE',  ( 33.92626584902873077, 175.3686818598524439, -32.52754583684713197 ) ) ;
#7101 = EDGE_CURVE ( 'NONE', #5061, #4250, #4958, .T. ) ;
#7102 = CARTESIAN_POINT ( 'NONE',  ( 25.51359495171288216, 157.6066838202881399, 40.24733569863605709 ) ) ;
#7103 = EDGE_CURVE ( 'NONE', #5484, #6412, #1687, .T. ) ;
#7104 = VECTOR ( 'NONE', #57, 1000.000000000000114 ) ;
#7105 = CARTESIAN_POINT ( 'NONE',  ( 36.22026865339361024, 45.29752987678865850, 34.03970758276492603 ) ) ;
#7106 = CARTESIAN_POINT ( 'NONE',  ( -40.92961328274395072, 96.97051065983893636, 49.58005470913413149 ) ) ;
#7107 = DATE_AND_TIME ( #6641, #3349 ) ;
#7108 = CARTESIAN_POINT ( 'NONE',  ( -49.82615309694459427, 100.9687423887486943, 40.68351489493349504 ) ) ;
#7109 = CARTESIAN_POINT ( 'NONE',  ( -35.25557465788109823, 52.00000000784751109, -30.50535599246784457 ) ) ;
#7110 = CARTESIAN_POINT ( 'NONE',  ( -34.08013314532966120, 43.01938834715441118, 31.68079750501924607 ) ) ;
#7111 = ADVANCED_FACE ( 'NONE', ( #2838 ), #4102, .T. ) ;
#7112 = VECTOR ( 'NONE', #3186, 1000.000000000000000 ) ;
#7113 = ORIENTED_EDGE ( 'NONE', *, *, #6135, .F. ) ;
#7114 = CARTESIAN_POINT ( 'NONE',  ( 36.08140240266996557, 58.70654625247944125, -29.67952824767894526 ) ) ;
#7115 = CARTESIAN_POINT ( 'NONE',  ( -29.98132752230963405, 94.50000000000000000, -35.77960312803931231 ) ) ;
#7116 = VERTEX_POINT ( 'NONE', #3155 ) ;
#7117 = CARTESIAN_POINT ( 'NONE',  ( 108.0000000000000000, 215.4299438917482519, 1.470248844514087772 ) ) ;
#7118 = PLANE ( 'NONE',  #6125 ) ;
#7119 = CARTESIAN_POINT ( 'NONE',  ( 31.08035469695842679, 175.3233815820528605, -34.68057595339048760 ) ) ;
#7120 = B_SPLINE_CURVE_WITH_KNOTS ( 'NONE', 3,
 ( #4015, #1247, #3503, #5704, #6029, #4651, #2473, #6384, #1376, #4686 ),
 .UNSPECIFIED., .F., .F.,
 ( 4, 2, 2, 2, 4 ),
 ( 0.01053360897057645934, 0.01139669828014024631, 0.01225978758970403329, 0.01312287689926781853, 0.01398596620883160550 ),
 .UNSPECIFIED. ) ;
#7121 = CARTESIAN_POINT ( 'NONE',  ( -47.88935570772444805, 75.23276251545789250, -42.62031228415366968 ) ) ;
#7122 = EDGE_CURVE ( 'NONE', #6573, #3242, #6966, .T. ) ;
#7123 = CARTESIAN_POINT ( 'NONE',  ( 39.86548770796168384, 124.0985968565961315, -50.64418028391641258 ) ) ;
#7124 = CARTESIAN_POINT ( 'NONE',  ( 43.19369017679611034, 69.12979561808752749, 47.31597781508200029 ) ) ;
#7125 = CARTESIAN_POINT ( 'NONE',  ( -47.00000000000000000, 177.7845559105076916, -1.453014774495211769 ) ) ;
#7126 = CARTESIAN_POINT ( 'NONE',  ( -42.36324379412032926, 153.8348667856812142, -48.14642419775778848 ) ) ;
#7127 = CARTESIAN_POINT ( 'NONE',  ( -49.58005470913413149, 96.97051065983893636, 40.92961328274396493 ) ) ;
#7128 = CARTESIAN_POINT ( 'NONE',  ( -46.83469415941799241, 64.24886354028815560, 43.67497383246008980 ) ) ;
#7129 = ORIENTED_EDGE ( 'NONE', *, *, #6628, .T. ) ;
#7130 = B_SPLINE_CURVE_WITH_KNOTS ( 'NONE', 3,
 ( #6294, #4125, #4159, #6798, #6868 ),
 .UNSPECIFIED., .F., .F.,
 ( 4, 1, 4 ),
 ( 0.02471769840525888176, 0.05370574164729763345, 0.05626039372446041409 ),
 .UNSPECIFIED. ) ;
#7131 = ORIENTED_EDGE ( 'NONE', *, *, #896, .T. ) ;
#7132 = CARTESIAN_POINT ( 'NONE',  ( 26.53717206652077820, 163.8347417721553541, 39.22375858382816460 ) ) ;
#7133 = DIRECTION ( 'NONE',  ( -0.4171676603306507247, -0.9088295457203462435, 0.000000000000000000 ) ) ;
#7134 = CARTESIAN_POINT ( 'NONE',  ( 49.90991885387112603, 335.0000000000000000, 3.000000000000000000 ) ) ;
#7135 = FACE_OUTER_BOUND ( 'NONE', #5995, .T. ) ;
#7136 = CARTESIAN_POINT ( 'NONE',  ( -43.19369017679609613, 69.12979561808754170, 47.31597781508198608 ) ) ;
#7137 = CARTESIAN_POINT ( 'NONE',  ( 28.63349660291754617, 171.0675929918521376, -37.27138604942377498 ) ) ;
#7138 = ORIENTED_EDGE ( 'NONE', *, *, #2311, .F. ) ;
#7139 = CARTESIAN_POINT ( 'NONE',  ( 40.92961328274397204, 96.97051065983893636, 49.58005470913415280 ) ) ;
#7140 = CARTESIAN_POINT ( 'NONE',  ( 26.85867340158341321, 85.63114929373708151, -38.90225724876550117 ) ) ;
#7141 = CARTESIAN_POINT ( 'NONE',  ( -44.93779350453365851, 52.88466077438589963, 45.57187448734442370 ) ) ;
#7142 = PERSON_AND_ORGANIZATION ( #5920, #2535 ) ;
#7143 = CARTESIAN_POINT ( 'NONE',  ( -36.08140240266997267, 58.70654625247946967, 29.67952824767894526 ) ) ;
#7144 = ORIENTED_EDGE ( 'NONE', *, *, #1155, .T. ) ;
#7145 = CC_DESIGN_PERSON_AND_ORGANIZATION_ASSIGNMENT ( #567, #3275, ( #2647 ) ) ;
#7146 = CARTESIAN_POINT ( 'NONE',  ( 24.96626355950889931, 111.3121957717727071, -40.79466709084002218 ) ) ;
#7147 = VERTEX_POINT ( 'NONE', #3605 ) ;
#7148 = FACE_OUTER_BOUND ( 'NONE', #1276, .T. ) ;
#7149 = DIRECTION ( 'NONE',  ( 0.000000000000000000, 0.000000000000000000, 1.000000000000000000 ) ) ;
#7150 = CARTESIAN_POINT ( 'NONE',  ( 34.51648671455647133, 38.38965361115109687, -34.94075078326840611 ) ) ;
#7151 = ADVANCED_FACE ( 'NONE', ( #3056 ), #2517, .T. ) ;
#7152 = ORIENTED_EDGE ( 'NONE', *, *, #6279, .F. ) ;
#7153 = DIRECTION ( 'NONE',  ( 1.000000000000000000, -0.000000000000000000, -0.000000000000000000 ) ) ;
#7154 = CARTESIAN_POINT ( 'NONE',  ( 32.49898569560906481, 37.17140469785621093, 33.26194495473987445 ) ) ;
#7155 = CARTESIAN_POINT ( 'NONE',  ( -29.67952824767895237, 58.70654625247944125, -36.08140240266997978 ) ) ;
#7156 = CARTESIAN_POINT ( 'NONE',  ( 49.31902728797150814, 148.1781441586251447, -41.19064070390658827 ) ) ;
#7157 = CARTESIAN_POINT ( 'NONE',  ( -28.75104949436352442, 66.80701258836774059, -37.00988115598541128 ) ) ;
#7158 = CARTESIAN_POINT ( 'NONE',  ( 26.00954371031357226, 95.69680212022356613, -39.75138694003533857 ) ) ;
#7159 = CARTESIAN_POINT ( 'NONE',  ( 39.86548770796168384, 124.0985968565961315, 50.64418028391641968 ) ) ;
#7160 = CIRCLE ( 'NONE', #6824, 2.899999999999999911 ) ;
#7161 = CARTESIAN_POINT ( 'NONE',  ( -41.06358789818638400, 116.6762642137271797, 24.69734275216252684 ) ) ;
#7162 = CARTESIAN_POINT ( 'NONE',  ( -41.45303252024854856, 89.40149471062302666, -49.05663547162955496 ) ) ;
#7163 = CARTESIAN_POINT ( 'NONE',  ( -48.18764232538011782, 78.60787726850114154, 42.32202566649796438 ) ) ;
#7164 = CARTESIAN_POINT ( 'NONE',  ( -50.00001038705131862, 267.6403945089853664, 0.05873842938674143921 ) ) ;
#7165 = ORIENTED_EDGE ( 'NONE', *, *, #2811, .T. ) ;
#7166 = AXIS2_PLACEMENT_3D ( 'NONE', #1355, #2555, #1391 ) ;
#7167 = B_SPLINE_SURFACE_WITH_KNOTS ( 'NONE', 3, 1, ( 
 ( #1486, #4757 ),
 ( #894, #1997 ),
 ( #3672, #3188 ),
 ( #5869, #5935 ),
 ( #3120, #6352 ),
 ( #2609, #1380 ),
 ( #3597, #5330 ),
 ( #345, #412 ),
 ( #927, #3151 ),
 ( #4828, #824 ),
 ( #3046, #4034 ),
 ( #6065, #504 ),
 ( #1088, #4480 ),
 ( #3319, #6145 ),
 ( #3244, #1165 ),
 ( #2308, #1096 ),
 ( #2269, #6034 ),
 ( #4526, #6661 ),
 ( #6698, #1059 ),
 ( #3985, #1134 ),
 ( #3365, #5040 ),
 ( #3399, #6736 ),
 ( #621, #6191 ),
 ( #1216, #2884 ),
 ( #2847, #3438 ),
 ( #5640, #658 ),
 ( #2349, #5213 ),
 ( #2389, #293 ),
 ( #4024, #1292 ),
 ( #507, #6068 ),
 ( #5876, #821 ),
 ( #3114, #1516 ),
 ( #6958, #3081 ),
 ( #2604, #3667 ),
 ( #5325, #1375 ),
 ( #303, #4177 ),
 ( #340, #3006 ),
 ( #5292, #1956 ),
 ( #2572, #2028 ),
 ( #5833, #2536 ),
 ( #268, #4788 ),
 ( #4824, #5863 ),
 ( #782, #3040 ),
 ( #5795, #3700 ),
 ( #4717, #856 ),
 ( #3735, #4753 ),
 ( #887, #6383 ),
 ( #1992, #6993 ),
 ( #2472, #4210 ),
 ( #2503, #6420 ),
 ( #6921, #6347 ),
 ( #5359, #4683 ),
 ( #5262, #4245 ),
 ( #232, #1409 ),
 ( #3630, #6489 ),
 ( #1448, #6454 ),
 ( #1480, #5896 ) ),
 .UNSPECIFIED., .F., .F., .F.,
 ( 4, 1, 1, 1, 1, 1, 1, 1, 1, 1, 1, 1, 1, 1, 1, 1, 1, 1, 1, 1, 1, 1, 1, 1, 1, 1, 1, 1, 1, 1, 1, 1, 1, 1, 1, 1, 1, 1, 1, 1, 1, 1, 1, 1, 1, 1, 1, 1, 1, 1, 1, 1, 1, 1, 4 ),
 ( 2, 2 ),
 ( 0.000000000000000000, 0.006185920264467840990, 0.006201962899188698426, 0.02441097605636065315, 0.02448136905349916972, 0.05370574164729763345, 0.05388345649501025819, 0.09253774940744020905, 0.09289034474279105058, 0.1389060332195526937, 0.1395093084148930351, 0.1904437008900517758, 0.1913742588137488654, 0.2445345556009105303, 0.2458629933516659483, 0.2984579075547035831, 0.3002380933255869855, 0.3495648249652614226, 0.3518114771965040188, 0.3954646363279900600, 0.3981158618259910686, 0.4341890767744074897, 0.4370593218643058497, 0.4643545367854607919, 0.4670784500627876423, 0.4855543320873984547, 0.4874746266155715047, 0.5000000000000001110, 0.5125253733844284953, 0.5144456679126017118, 0.5329215499372124132, 0.5356454632145394301, 0.5629406781356941503, 0.5658109232255926768, 0.6018841381740089869, 0.6045353636720101065, 0.6481885228034960367, 0.6504351750347387995, 0.6997619066744130700, 0.7015420924452966389, 0.7541370066483340517, 0.7554654443990895807, 0.8086257411862511901, 0.8095562991099484185, 0.8604906915851070481, 0.8610939667804474729, 0.9071096552572089911, 0.9074622505925599159, 0.9461165435049897487, 0.9462942583527024221, 0.9755186309465009309, 0.9755890239436393330, 0.9937980371008113822, 0.9938140797355320410, 1.000000000000000000 ),
 ( 0.000000000000000000, 1.000000000000000000 ),
 .UNSPECIFIED. ) ;
#7168 = ORIENTED_EDGE ( 'NONE', *, *, #3995, .F. ) ;
#7169 = CARTESIAN_POINT ( 'NONE',  ( 29.29356565747520946, 173.1609393494194364, 36.46736499287372624 ) ) ;
#7170 = CARTESIAN_POINT ( 'NONE',  ( -34.45413192731810881, 45.76678388290407895, -31.30679872303083400 ) ) ;
#7171 = CARTESIAN_POINT ( 'NONE',  ( -38.00000000000000000, 58.00000000000000000, -24.00000000000000000 ) ) ;
#7172 = CARTESIAN_POINT ( 'NONE',  ( -25.51359495171286085, 157.6066838202880831, 40.24733569863604998 ) ) ;
#7173 = FACE_OUTER_BOUND ( 'NONE', #5198, .T. ) ;
#7174 = ORIENTED_EDGE ( 'NONE', *, *, #2543, .T. ) ;
#7175 = CARTESIAN_POINT ( 'NONE',  ( 28.75104949436352442, 66.80701258836775480, 37.00988115598541128 ) ) ;
#7176 = CARTESIAN_POINT ( 'NONE',  ( -38.00000000000000000, 320.0000000000000000, -21.00000000000000000 ) ) ;
#7177 = CARTESIAN_POINT ( 'NONE',  ( 0.000000000000000000, 52.00000000000000000, 0.000000000000000000 ) ) ;
#7178 = PERSON_AND_ORGANIZATION ( #5920, #2535 ) ;
#7179 = CARTESIAN_POINT ( 'NONE',  ( -40.24733569863604288, 157.6066838202881399, 25.51359495171287506 ) ) ;
#7180 = CARTESIAN_POINT ( 'NONE',  ( 26.00954371031357226, 95.69680212022356613, -39.75138694003533857 ) ) ;
#7181 = ORIENTED_EDGE ( 'NONE', *, *, #977, .F. ) ;
#7182 = DIRECTION ( 'NONE',  ( 0.000000000000000000, 0.000000000000000000, -1.000000000000000000 ) ) ;
#7183 = CARTESIAN_POINT ( 'NONE',  ( 30.02250515210873161, 57.99999999999999289, 36.16138306720321083 ) ) ;
#7184 = CARTESIAN_POINT ( 'NONE',  ( -40.15053420550685104, 101.0166046022987985, -25.61039644484208111 ) ) ;
#7185 = ORIENTED_EDGE ( 'NONE', *, *, #1651, .F. ) ;
#7186 = CARTESIAN_POINT ( 'NONE',  ( 0.000000000000000000, 335.0000000000000000, 0.000000000000000000 ) ) ;
#7187 = CARTESIAN_POINT ( 'NONE',  ( 42.35569619307418066, 157.9999999999999716, -48.15397179880390155 ) ) ;
#7188 = CARTESIAN_POINT ( 'NONE',  ( 37.00988115598539707, 66.80701258836774059, -28.75104949436352086 ) ) ;
#7189 = LINE ( 'NONE', #5065, #72 ) ;
#7190 = EDGE_CURVE ( 'NONE', #101, #4676, #5243, .T. ) ;
#7191 = CARTESIAN_POINT ( 'NONE',  ( -41.19064070390658827, 148.1781441586251447, -49.31902728797152236 ) ) ;
#7192 = CARTESIAN_POINT ( 'NONE',  ( 25.61039644484206690, 101.0166046022987985, -40.15053420550685104 ) ) ;
#7193 = CARTESIAN_POINT ( 'NONE',  ( 5.755835319193124785E-15, 335.0000000000000000, -46.99996213765929554 ) ) ;
ENDSEC;
END-ISO-10303-21;
