ISO-10303-21;
HEADER;
FILE_DESCRIPTION (( 'STEP AP203' ),
    '1' );
FILE_NAME ('Body Rev 2.step',
    '2026-09-30T09:37:13',
    ( '' ),
    ( '' ),
    '',
    '',
    '' );
FILE_SCHEMA (( 'CONFIG_CONTROL_DESIGN' ));
ENDSEC;

DATA;
#1 = DIRECTION ( 'NONE',  ( -0.000000000000000000, -1.000000000000000000, -0.000000000000000000 ) ) ;
#2 = TOROIDAL_SURFACE ( 'NONE', #784, -106.2500000000000000, 156.2500000000000000 ) ;
#3 = CARTESIAN_POINT ( 'NONE',  ( 48.76789381400745782, 85.62404022679615423, -41.74177417787063149 ) ) ;
#4 = CARTESIAN_POINT ( 'NONE',  ( 33.51819211727965353, 175.4694692900189068, -32.94791830011540412 ) ) ;
#5 = CARTESIAN_POINT ( 'NONE',  ( -46.99102690267809379, 211.4721409493000408, 0.9179146186316973210 ) ) ;
#6 = EDGE_CURVE ( 'NONE', #7468, #8789, #8805, .T. ) ;
#7 = CARTESIAN_POINT ( 'NONE',  ( 39.70221989020323150, 166.3214578944393622, 30.39400384064436977 ) ) ;
#8 = CARTESIAN_POINT ( 'NONE',  ( -45.04270196158307726, 52.00000000000000000, 45.46696603029501205 ) ) ;
#9 = CARTESIAN_POINT ( 'NONE',  ( 48.39999999999999858, 264.0000000000000000, 0.000000000000000000 ) ) ;
#10 = CARTESIAN_POINT ( 'NONE',  ( 45.77674598141886264, 54.62836855260158586, 44.73292201045924799 ) ) ;
#11 = ORIENTED_EDGE ( 'NONE', *, *, #6825, .T. ) ;
#12 = CARTESIAN_POINT ( 'NONE',  ( 29.98132752230963050, 145.5000000000000000, 35.77960312803931942 ) ) ;
#13 = CARTESIAN_POINT ( 'NONE',  ( -40.65331820325020118, 153.6225640485288011, -25.10761244709873452 ) ) ;
#14 = CARTESIAN_POINT ( 'NONE',  ( 47.72506399400256072, 155.3921848145515412, -42.78460399787553570 ) ) ;
#15 = DIRECTION ( 'NONE',  ( 1.000000000000000000, -0.000000000000000000, 0.000000000000000000 ) ) ;
#16 = EDGE_CURVE ( 'NONE', #4334, #8847, #883, .T. ) ;
#17 = CARTESIAN_POINT ( 'NONE',  ( -45.25483399593905176, 158.6226686892998146, -45.25483399593905176 ) ) ;
#18 = CARTESIAN_POINT ( 'NONE',  ( -26.71506350946108910, 275.0000000000000000, 41.27184732581594773 ) ) ;
#19 = CARTESIAN_POINT ( 'NONE',  ( 37.25277915899235381, 171.2031378497270566, -28.50815149135656767 ) ) ;
#20 = LINE ( 'NONE', #3000, #4434 ) ;
#21 = ORIENTED_EDGE ( 'NONE', *, *, #1535, .T. ) ;
#22 = ORIENTED_EDGE ( 'NONE', *, *, #292, .T. ) ;
#23 = CARTESIAN_POINT ( 'NONE',  ( -48.76789381400745071, 85.62404022679615423, 41.74177417787063860 ) ) ;
#24 = PERSON_AND_ORGANIZATION_ROLE ( 'design_owner' ) ;
#25 = CARTESIAN_POINT ( 'NONE',  ( 47.72506399400257493, 155.3921848145515128, 42.78460399787553570 ) ) ;
#26 = CARTESIAN_POINT ( 'NONE',  ( 32.88046532517448384, 176.5866740378391739, 32.88046532517445542 ) ) ;
#27 = CARTESIAN_POINT ( 'NONE',  ( -107.9999999999999858, 219.0159610516838029, -1.126926010874052198 ) ) ;
#28 = DIRECTION ( 'NONE',  ( -0.7071067811865474617, 0.000000000000000000, -0.7071067811865474617 ) ) ;
#29 = CARTESIAN_POINT ( 'NONE',  ( -27.19834591289386694, 166.8763353538257945, -38.56258473745506166 ) ) ;
#30 = CARTESIAN_POINT ( 'NONE',  ( 37.49320649782439574, 71.28898199371604960, 28.26772415252454351 ) ) ;
#31 = CARTESIAN_POINT ( 'NONE',  ( 49.09999999999999432, 264.0000000000000000, 0.000000000000000000 ) ) ;
#32 = DIRECTION ( 'NONE',  ( 0.000000000000000000, 0.000000000000000000, -1.000000000000000000 ) ) ;
#33 = CARTESIAN_POINT ( 'NONE',  ( -36.08140240266998688, 58.70654625247947678, -29.67952824767895947 ) ) ;
#34 = VERTEX_POINT ( 'NONE', #780 ) ;
#35 = CARTESIAN_POINT ( 'NONE',  ( -46.56268880791239440, 157.2818685057019650, 43.94697918396570202 ) ) ;
#36 = CARTESIAN_POINT ( 'NONE',  ( 48.18764232538011782, 78.60787726850115575, -42.32202566649796438 ) ) ;
#37 = CARTESIAN_POINT ( 'NONE',  ( 40.11998767400631749, 112.7299032302373121, 50.38968031787179314 ) ) ;
#38 = CARTESIAN_POINT ( 'NONE',  ( 49.92080071457974810, 205.9371844116374461, 2.820036877487435589 ) ) ;
#39 = ORIENTED_EDGE ( 'NONE', *, *, #5880, .T. ) ;
#40 = ORIENTED_EDGE ( 'NONE', *, *, #279, .F. ) ;
#41 = CARTESIAN_POINT ( 'NONE',  ( -41.06358789818639821, 116.6762642137271797, -24.69734275216253749 ) ) ;
#42 = LINE ( 'NONE', #3229, #9089 ) ;
#43 = CARTESIAN_POINT ( 'NONE',  ( -49.99775095300978478, 267.3436135945893852, -0.4815547757308891175 ) ) ;
#44 = CARTESIAN_POINT ( 'NONE',  ( -22.38493649053889456, 268.0000000000000000, 43.77184732581595483 ) ) ;
#45 = ADVANCED_FACE ( 'NONE', ( #3751 ), #3857, .F. ) ;
#46 = CARTESIAN_POINT ( 'NONE',  ( -26.53717206652075689, 163.8347417721553256, 39.22375858382815750 ) ) ;
#47 = CARTESIAN_POINT ( 'NONE',  ( 49.31902728797150814, 148.1781441586251447, -41.19064070390658827 ) ) ;
#48 = VECTOR ( 'NONE', #1944, 1000.000000000000000 ) ;
#49 = CARTESIAN_POINT ( 'NONE',  ( 37.71505118860601868, 169.6705890994531103, -28.04587946173982971 ) ) ;
#50 = DIRECTION ( 'NONE',  ( -0.9694453498951388637, 0.000000000000000000, 0.2453073858788025474 ) ) ;
#51 = CARTESIAN_POINT ( 'NONE',  ( 33.30164342622028784, 171.3897812519112733, 37.29700715359124530 ) ) ;
#52 = CARTESIAN_POINT ( 'NONE',  ( -40.28617701406467688, 108.7025900201346644, 50.22349097781341243 ) ) ;
#53 = CARTESIAN_POINT ( 'NONE',  ( -25.10761244709873097, 153.6225640485287443, -40.65331820325020118 ) ) ;
#54 = CARTESIAN_POINT ( 'NONE',  ( 26.85867340158342387, 85.63114929373708151, 38.90225724876550828 ) ) ;
#55 = VERTEX_POINT ( 'NONE', #5258 ) ;
#56 = CARTESIAN_POINT ( 'NONE',  ( -25.16506350946111681, 30.00000000000000000, -38.58716857408416701 ) ) ;
#57 = CARTESIAN_POINT ( 'NONE',  ( -43.47092483188747281, 66.31954352124843410, -47.03874315999063072 ) ) ;
#58 = ORIENTED_EDGE ( 'NONE', *, *, #187, .T. ) ;
#59 = CARTESIAN_POINT ( 'NONE',  ( 41.46658174736684543, 131.8280114082709815, -24.29434890298207250 ) ) ;
#60 =( GEOMETRIC_REPRESENTATION_CONTEXT ( 3 ) GLOBAL_UNCERTAINTY_ASSIGNED_CONTEXT ( ( #5343 ) ) GLOBAL_UNIT_ASSIGNED_CONTEXT ( ( #6892, #6009, #9031 ) ) REPRESENTATION_CONTEXT ( 'NONE', 'WORKASPACE' ) );
#61 = DIRECTION ( 'NONE',  ( 0.000000000000000000, 0.000000000000000000, -1.000000000000000000 ) ) ;
#62 = CARTESIAN_POINT ( 'NONE',  ( -42.78460399787553570, 155.3921848145515412, -47.72506399400257493 ) ) ;
#63 = AXIS2_PLACEMENT_3D ( 'NONE', #4195, #7163, #492 ) ;
#64 = ADVANCED_FACE ( 'NONE', ( #6819 ), #8226, .F. ) ;
#65 = CARTESIAN_POINT ( 'NONE',  ( -31.32513990815195015, 174.7035535478268855, -35.04077431780550000 ) ) ;
#66 = CARTESIAN_POINT ( 'NONE',  ( 39.91748297430892478, 120.2343318316845853, -50.59218501756916453 ) ) ;
#67 = CARTESIAN_POINT ( 'NONE',  ( -45.25483399593903755, 158.6226686892998146, 45.25483399593904466 ) ) ;
#68 = ORIENTED_EDGE ( 'NONE', *, *, #7668, .T. ) ;
#69 = ORIENTED_EDGE ( 'NONE', *, *, #4461, .F. ) ;
#70 = AXIS2_PLACEMENT_3D ( 'NONE', #8036, #2109, #7481 ) ;
#71 = CARTESIAN_POINT ( 'NONE',  ( -25.10761244709871676, 153.6225640485287727, 40.65331820325018697 ) ) ;
#72 = CALENDAR_DATE ( 2026, 30, 9 ) ;
#73 = CARTESIAN_POINT ( 'NONE',  ( 46.56268880791239440, 157.2818685057019650, 43.94697918396571623 ) ) ;
#74 = CARTESIAN_POINT ( 'NONE',  ( 45.25483399593905176, 158.6226686892998146, 45.25483399593905176 ) ) ;
#75 = PLANE ( 'NONE',  #3586 ) ;
#76 = AXIS2_PLACEMENT_3D ( 'NONE', #6639, #5175, #1389 ) ;
#77 = VECTOR ( 'NONE', #7708, 1000.000000000000227 ) ;
#78 = DIRECTION ( 'NONE',  ( 0.000000000000000000, -1.000000000000000000, 0.000000000000000000 ) ) ;
#79 = EDGE_CURVE ( 'NONE', #9062, #4737, #366, .T. ) ;
#80 = CARTESIAN_POINT ( 'NONE',  ( -31.08035469695842679, 175.3233815820528321, -34.68057595339050891 ) ) ;
#81 = EDGE_LOOP ( 'NONE', ( #3703, #3371, #1780, #3395 ) ) ;
#82 = CARTESIAN_POINT ( 'NONE',  ( -21.38493649053892653, 35.50000000000000000, -42.03979651824705144 ) ) ;
#83 = VECTOR ( 'NONE', #6884, 1000.000000000000114 ) ;
#84 = CARTESIAN_POINT ( 'NONE',  ( 45.04270196158307726, 52.00000000000000000, -45.46696603029501205 ) ) ;
#85 = CARTESIAN_POINT ( 'NONE',  ( -41.89008183373208993, 152.1318062554275912, 48.61958615814599227 ) ) ;
#86 = DIRECTION ( 'NONE',  ( 0.000000000000000000, 0.000000000000000000, 1.000000000000000000 ) ) ;
#87 = ORIENTED_EDGE ( 'NONE', *, *, #7408, .F. ) ;
#88 = VECTOR ( 'NONE', #6981, 1000.000000000000114 ) ;
#89 = CARTESIAN_POINT ( 'NONE',  ( -40.33924585287350340, 140.4589426390626556, 50.17042213900458592 ) ) ;
#90 = CARTESIAN_POINT ( 'NONE',  ( 37.25277915899235381, 171.2031378497270566, -28.50815149135656767 ) ) ;
#91 = EDGE_CURVE ( 'NONE', #7042, #7893, #6182, .T. ) ;
#92 = CARTESIAN_POINT ( 'NONE',  ( 40.92961328274397204, 96.97051065983893636, 49.58005470913415280 ) ) ;
#93 = VECTOR ( 'NONE', #1564, 1000.000000000000227 ) ;
#94 = CARTESIAN_POINT ( 'NONE',  ( 50.00004631882679007, 267.6458643458765323, 0.01435840943101407419 ) ) ;
#95 = VERTEX_POINT ( 'NONE', #2547 ) ;
#96 = B_SPLINE_CURVE_WITH_KNOTS ( 'NONE', 3,
 ( #2648, #494, #2187, #1181 ),
 .UNSPECIFIED., .F., .F.,
 ( 4, 4 ),
 ( 0.000000000000000000, 0.01571456849098284286 ),
 .UNSPECIFIED. ) ;
#97 = ORIENTED_EDGE ( 'NONE', *, *, #9137, .T. ) ;
#98 = CARTESIAN_POINT ( 'NONE',  ( -48.14642419775779558, 153.8348667856812142, -42.36324379412032215 ) ) ;
#99 = DIRECTION ( 'NONE',  ( 0.7071067811865479058, 0.000000000000000000, 0.7071067811865472397 ) ) ;
#100 = CARTESIAN_POINT ( 'NONE',  ( -49.87975240298576551, 230.2881154146127471, 3.465720914810209941 ) ) ;
#101 = DIRECTION ( 'NONE',  ( 0.000000000000000000, 1.000000000000000000, 0.000000000000000000 ) ) ;
#102 = CARTESIAN_POINT ( 'NONE',  ( -39.22375858382815039, 163.8347417721553541, 26.53717206652077110 ) ) ;
#103 = CARTESIAN_POINT ( 'NONE',  ( 49.58005470913413859, 96.97051065983893636, -40.92961328274395783 ) ) ;
#104 = B_SPLINE_SURFACE_WITH_KNOTS ( 'NONE', 3, 1, ( 
 ( #8742, #2083 ),
 ( #9124, #2423 ),
 ( #6048, #1688 ),
 ( #4696, #1734 ),
 ( #5278, #6735 ),
 ( #5375, #165 ),
 ( #6888, #2472 ),
 ( #9027, #6200 ),
 ( #8347, #6791 ),
 ( #9170, #213 ),
 ( #901, #3200 ),
 ( #6155, #5421 ),
 ( #6841, #4648 ),
 ( #802, #8389 ),
 ( #120, #7660 ),
 ( #6096, #9072 ),
 ( #3102, #3921 ),
 ( #6005, #1000 ),
 ( #7617, #3970 ),
 ( #7515, #6941 ),
 ( #7467, #3052 ),
 ( #2517, #4603 ),
 ( #8249, #2370 ),
 ( #265, #1583 ),
 ( #4548, #3249 ),
 ( #3827, #953 ),
 ( #5469, #8437 ),
 ( #1779, #852 ),
 ( #3772, #67 ),
 ( #8981, #2320 ),
 ( #5320, #8298 ),
 ( #1636, #7570 ),
 ( #3875, #3149 ),
 ( #4693, #9270 ),
 ( #7801, #209 ),
 ( #7076, #996 ),
 ( #7757, #354 ),
 ( #5465, #7657 ),
 ( #9318, #6344 ),
 ( #4110, #3389 ),
 ( #3196, #6150 ),
 ( #412, #5515 ),
 ( #1136, #8385 ),
 ( #6983, #1730 ),
 ( #8488, #8534 ),
 ( #9121, #5608 ),
 ( #262, #7713 ),
 ( #8582, #4884 ),
 ( #1875, #6244 ),
 ( #307, #4061 ),
 ( #4017, #7027 ),
 ( #2468, #8434 ),
 ( #3335, #2658 ),
 ( #1922, #6297 ),
 ( #9213, #5417 ),
 ( #3965, #6936 ),
 ( #9165, #2611 ) ),
 .UNSPECIFIED., .F., .F., .F.,
 ( 4, 1, 1, 1, 1, 1, 1, 1, 1, 1, 1, 1, 1, 1, 1, 1, 1, 1, 1, 1, 1, 1, 1, 1, 1, 1, 1, 1, 1, 1, 1, 1, 1, 1, 1, 1, 1, 1, 1, 1, 1, 1, 1, 1, 1, 1, 1, 1, 1, 1, 1, 1, 1, 1, 4 ),
 ( 2, 2 ),
 ( 0.000000000000000000, 0.006185920264467840990, 0.006201962899188698426, 0.02441097605636065315, 0.02448136905349916972, 0.05370574164729763345, 0.05388345649501025819, 0.09253774940744020905, 0.09289034474279105058, 0.1389060332195526937, 0.1395093084148930351, 0.1904437008900517758, 0.1913742588137488654, 0.2445345556009105303, 0.2458629933516659483, 0.2984579075547035831, 0.3002380933255869855, 0.3495648249652614226, 0.3518114771965040188, 0.3954646363279900600, 0.3981158618259910686, 0.4341890767744074897, 0.4370593218643058497, 0.4643545367854607919, 0.4670784500627876423, 0.4855543320873984547, 0.4874746266155715047, 0.5000000000000001110, 0.5125253733844284953, 0.5144456679126017118, 0.5329215499372124132, 0.5356454632145394301, 0.5629406781356941503, 0.5658109232255926768, 0.6018841381740089869, 0.6045353636720101065, 0.6481885228034960367, 0.6504351750347387995, 0.6997619066744130700, 0.7015420924452966389, 0.7541370066483340517, 0.7554654443990895807, 0.8086257411862511901, 0.8095562991099484185, 0.8604906915851070481, 0.8610939667804474729, 0.9071096552572089911, 0.9074622505925599159, 0.9461165435049897487, 0.9462942583527024221, 0.9755186309465009309, 0.9755890239436393330, 0.9937980371008113822, 0.9938140797355320410, 1.000000000000000000 ),
 ( 0.000000000000000000, 1.000000000000000000 ),
 .UNSPECIFIED. ) ;
#105 = CARTESIAN_POINT ( 'NONE',  ( -32.66833329081848802, 36.00000000000000000, 33.09259735953042991 ) ) ;
#106 = CARTESIAN_POINT ( 'NONE',  ( 0.000000000000000000, 30.00000000000000000, 0.000000000000000000 ) ) ;
#107 = CARTESIAN_POINT ( 'NONE',  ( 41.15279711400425811, 159.1130762893312180, 28.40006792114243694 ) ) ;
#108 = CARTESIAN_POINT ( 'NONE',  ( -31.31356217171363099, 45.71524904810725332, 34.44736847863527629 ) ) ;
#109 = CARTESIAN_POINT ( 'NONE',  ( -42.32202566649797859, 78.60787726850115575, -48.18764232538013204 ) ) ;
#110 = CARTESIAN_POINT ( 'NONE',  ( 41.45303252024856278, 89.40149471062305508, 49.05663547162955496 ) ) ;
#111 = ORIENTED_EDGE ( 'NONE', *, *, #1271, .F. ) ;
#112 = DIRECTION ( 'NONE',  ( 0.000000000000000000, 0.000000000000000000, -1.000000000000000000 ) ) ;
#113 = CARTESIAN_POINT ( 'NONE',  ( -43.97682058470661559, 61.44371818057052792, -46.53284740717148082 ) ) ;
#114 = ORIENTED_EDGE ( 'NONE', *, *, #8118, .F. ) ;
#115 = CARTESIAN_POINT ( 'NONE',  ( 25.51359495171286440, 157.6066838202881399, -40.24733569863604998 ) ) ;
#116 = CARTESIAN_POINT ( 'NONE',  ( -38.87472714422764852, 168.8494741638809842, 31.44502779985428020 ) ) ;
#117 = CARTESIAN_POINT ( 'NONE',  ( -45.77674598141886975, 54.62836855260160718, -44.73292201045924088 ) ) ;
#118 = CARTESIAN_POINT ( 'NONE',  ( -40.79466709084002218, 111.3121957717727071, -24.96626355950891352 ) ) ;
#119 = CARTESIAN_POINT ( 'NONE',  ( 41.74177417787063860, 85.62404022679615423, -48.76789381400745782 ) ) ;
#120 = CARTESIAN_POINT ( 'NONE',  ( -25.61039644484207045, 101.0166046022987985, 40.15053420550685104 ) ) ;
#121 = ORIENTED_EDGE ( 'NONE', *, *, #6694, .T. ) ;
#122 = ORIENTED_EDGE ( 'NONE', *, *, #4267, .T. ) ;
#123 = CARTESIAN_POINT ( 'NONE',  ( -49.31902728797149393, 148.1781441586250878, 41.19064070390658117 ) ) ;
#124 = CARTESIAN_POINT ( 'NONE',  ( 0.000000000000000000, 0.000000000000000000, 0.000000000000000000 ) ) ;
#125 = CARTESIAN_POINT ( 'NONE',  ( 41.19064070390658827, 148.1781441586250878, 49.31902728797151525 ) ) ;
#126 = CARTESIAN_POINT ( 'NONE',  ( 49.05663547162955496, 89.40149471062302666, 41.45303252024855567 ) ) ;
#127 = CARTESIAN_POINT ( 'NONE',  ( -47.00000000000000000, 187.6273319016061407, -2.018801020640145438 ) ) ;
#128 = CARTESIAN_POINT ( 'NONE',  ( 42.05083400847065178, 110.5507506516473626, -27.05260081779372072 ) ) ;
#129 = CARTESIAN_POINT ( 'NONE',  ( -24.96626355950891352, 111.3121957717727071, -40.79466709084002218 ) ) ;
#130 = ORIENTED_EDGE ( 'NONE', *, *, #7578, .T. ) ;
#131 = CARTESIAN_POINT ( 'NONE',  ( 45.51935232921329799, 52.44175755770029923, 44.99031566266481263 ) ) ;
#132 = CARTESIAN_POINT ( 'NONE',  ( 40.68351489493348083, 100.9687423887486943, -49.82615309694460137 ) ) ;
#133 = CARTESIAN_POINT ( 'NONE',  ( -41.14849579182903483, 93.39148535881979285, 49.36117220004905448 ) ) ;
#134 = CARTESIAN_POINT ( 'NONE',  ( -31.08035469695842679, 175.3233815820528321, -34.68057595339050891 ) ) ;
#135 = ORIENTED_EDGE ( 'NONE', *, *, #2051, .T. ) ;
#136 = CARTESIAN_POINT ( 'NONE',  ( -25.61039644484207045, 101.0166046022987985, 40.15053420550685104 ) ) ;
#137 = CARTESIAN_POINT ( 'NONE',  ( 25.51359495171286440, 157.6066838202881399, -40.24733569863604998 ) ) ;
#138 = CARTESIAN_POINT ( 'NONE',  ( 29.77058309862684027, 57.99999999121062899, -35.99034755172208122 ) ) ;
#139 = CARTESIAN_POINT ( 'NONE',  ( 49.92188363720440236, 255.8766924792531654, -2.795363964101401422 ) ) ;
#140 = VERTEX_POINT ( 'NONE', #5497 ) ;
#141 = VERTEX_POINT ( 'NONE', #1172 ) ;
#142 = LINE ( 'NONE', #1075, #8953 ) ;
#143 = DIRECTION ( 'NONE',  ( 0.000000000000000000, -1.000000000000000000, 0.000000000000000000 ) ) ;
#144 = CARTESIAN_POINT ( 'NONE',  ( -49.99605955946435643, 267.1415919397002767, 0.6321145153717425691 ) ) ;
#145 = DIRECTION ( 'NONE',  ( -0.000000000000000000, -1.000000000000000000, 0.000000000000000000 ) ) ;
#146 = CARTESIAN_POINT ( 'NONE',  ( -31.08035469695841968, 175.3233815820528605, 34.68057595339050891 ) ) ;
#147 = CARTESIAN_POINT ( 'NONE',  ( 24.39235554936073669, 141.0186408901463437, -41.36857510098818125 ) ) ;
#148 = CIRCLE ( 'NONE', #9022, 46.80000000000000426 ) ;
#149 = CARTESIAN_POINT ( 'NONE',  ( 30.36448191016011222, 173.7963362840430364, -35.87586871433717306 ) ) ;
#150 = EDGE_CURVE ( 'NONE', #1507, #7571, #971, .T. ) ;
#151 = CARTESIAN_POINT ( 'NONE',  ( 34.03970758276494735, 45.29752987678864429, -36.22026865339362445 ) ) ;
#152 = CARTESIAN_POINT ( 'NONE',  ( 35.13572767648140172, 172.3895762982211579, 35.57395586168595258 ) ) ;
#153 = CARTESIAN_POINT ( 'NONE',  ( 31.30679872303088729, 45.76678388290363841, 34.45413192731804486 ) ) ;
#154 = CARTESIAN_POINT ( 'NONE',  ( 28.26772415252453285, 71.28898199371604960, 37.49320649782439574 ) ) ;
#155 = ORIENTED_EDGE ( 'NONE', *, *, #5016, .F. ) ;
#156 = CARTESIAN_POINT ( 'NONE',  ( -32.20423504669240344, 170.1219111502095132, -38.24827850846508426 ) ) ;
#157 = DIRECTION ( 'NONE',  ( 0.000000000000000000, 1.000000000000000000, 0.000000000000000000 ) ) ;
#158 = ORIENTED_EDGE ( 'NONE', *, *, #2715, .T. ) ;
#159 = CARTESIAN_POINT ( 'NONE',  ( 48.14642419775777427, 153.8348667856812142, -42.36324379412032926 ) ) ;
#160 = VECTOR ( 'NONE', #4344, 1000.000000000000000 ) ;
#161 = CARTESIAN_POINT ( 'NONE',  ( -34.11210485454679286, 172.0119194015688322, 36.55755952382997265 ) ) ;
#162 = CARTESIAN_POINT ( 'NONE',  ( -33.26194495473987445, 37.17140469785621093, -32.49898569560906481 ) ) ;
#163 = CARTESIAN_POINT ( 'NONE',  ( -35.63270687126060920, 54.97802726448587407, -30.12822377908833360 ) ) ;
#164 = CARTESIAN_POINT ( 'NONE',  ( 48.76789381400745782, 85.62404022679615423, -41.74177417787063149 ) ) ;
#165 = CARTESIAN_POINT ( 'NONE',  ( -44.20390395962768793, 59.33385514974001751, 46.30576403225040139 ) ) ;
#166 = ORIENTED_EDGE ( 'NONE', *, *, #6920, .F. ) ;
#167 = EDGE_LOOP ( 'NONE', ( #650, #9434, #6531, #9098 ) ) ;
#168 = CARTESIAN_POINT ( 'NONE',  ( -50.64418028391639837, 124.0985968565961315, 39.86548770796168384 ) ) ;
#169 = CALENDAR_DATE ( 2026, 30, 9 ) ;
#170 = CARTESIAN_POINT ( 'NONE',  ( 40.68351489493349504, 100.9687423887486943, 49.82615309694461558 ) ) ;
#171 = CARTESIAN_POINT ( 'NONE',  ( 33.83408293086012719, 41.21309918220622848, 31.92684771948880851 ) ) ;
#172 = CARTESIAN_POINT ( 'NONE',  ( 31.16249184016698948, 49.00211377389226186, 35.06995688179173953 ) ) ;
#173 = CARTESIAN_POINT ( 'NONE',  ( 39.64092262454970239, 75.12883906526886335, -30.48270409063723108 ) ) ;
#174 = LINE ( 'NONE', #8402, #5196 ) ;
#175 = VERTEX_POINT ( 'NONE', #5637 ) ;
#176 = CARTESIAN_POINT ( 'NONE',  ( 47.88935570772444805, 75.23276251545793514, 42.62031228415367679 ) ) ;
#177 = CARTESIAN_POINT ( 'NONE',  ( 44.73292201045922667, 54.62836855260160718, -45.77674598141885554 ) ) ;
#178 = LINE ( 'NONE', #6752, #4721 ) ;
#179 = CARTESIAN_POINT ( 'NONE',  ( -40.65331820325020118, 153.6225640485288011, -25.10761244709873452 ) ) ;
#180 = ORIENTED_EDGE ( 'NONE', *, *, #2377, .F. ) ;
#181 = CARTESIAN_POINT ( 'NONE',  ( -42.36324379412030794, 153.8348667856812142, 48.14642419775777427 ) ) ;
#182 = CARTESIAN_POINT ( 'NONE',  ( 48.14642419775777427, 153.8348667856812142, -42.36324379412032926 ) ) ;
#183 = B_SPLINE_SURFACE_WITH_KNOTS ( 'NONE', 3, 1, ( 
 ( #998, #7513 ),
 ( #849, #3873 ),
 ( #899, #3198 ),
 ( #9215, #6838 ),
 ( #2565, #3100 ),
 ( #5517, #5419 ),
 ( #7568, #4601 ),
 ( #163, #3825 ),
 ( #3968, #1777 ),
 ( #8386, #3147 ),
 ( #6094, #4745 ),
 ( #1050, #6939 ),
 ( #6789, #9167 ),
 ( #2368, #8435 ),
 ( #5318, #8296 ),
 ( #118, #9025 ),
 ( #6046, #6153 ),
 ( #9070, #7717 ),
 ( #4546, #8491 ),
 ( #1632, #2420 ),
 ( #263, #5373 ),
 ( #8345, #7614 ),
 ( #1686, #4646 ),
 ( #951, #3919 ),
 ( #6886, #6245 ),
 ( #211, #9122 ),
 ( #2470, #1732 ),
 ( #4694, #7658 ),
 ( #3247, #6198 ),
 ( #2515, #5467 ),
 ( #4018, #6984 ),
 ( #309, #3292 ),
 ( #9271, #2762 ),
 ( #413, #8684 ),
 ( #2660, #4163 ),
 ( #4111, #9319 ),
 ( #6494, #7078 ),
 ( #5753, #1285 ),
 ( #2613, #6439 ),
 ( #7904, #1093 ),
 ( #5565, #4063 ),
 ( #7129, #5609 ),
 ( #7028, #356 ),
 ( #4938, #5710 ),
 ( #9418, #8535 ),
 ( #555, #458 ),
 ( #3337, #5654 ),
 ( #3391, #2027 ),
 ( #6346, #9466 ),
 ( #3536, #8583 ),
 ( #7758, #7951 ),
 ( #3437, #6394 ),
 ( #1137, #1237 ),
 ( #1877, #1924 ),
 ( #2706, #6299 ),
 ( #4885, #1980 ),
 ( #4986, #7224 ) ),
 .UNSPECIFIED., .F., .F., .F.,
 ( 4, 1, 1, 1, 1, 1, 1, 1, 1, 1, 1, 1, 1, 1, 1, 1, 1, 1, 1, 1, 1, 1, 1, 1, 1, 1, 1, 1, 1, 1, 1, 1, 1, 1, 1, 1, 1, 1, 1, 1, 1, 1, 1, 1, 1, 1, 1, 1, 1, 1, 1, 1, 1, 1, 4 ),
 ( 2, 2 ),
 ( 0.000000000000000000, 0.006185920264467958951, 0.006201962899188617762, 0.02441097605636066703, 0.02448136905349906911, 0.05370574164729757793, 0.05388345649501025125, 0.09253774940744008415, 0.09289034474279100895, 0.1389060332195525271, 0.1395093084148929519, 0.1904437008900515815, 0.1913742588137488099, 0.2445345556009104193, 0.2458629933516659483, 0.2984579075547033611, 0.3002380933255869300, 0.3495648249652612005, 0.3518114771965039633, 0.3954646363279898935, 0.3981158618259910131, 0.4341890767744073232, 0.4370593218643058497, 0.4643545367854605699, 0.4670784500627875868, 0.4855543320873982882, 0.4874746266155715047, 0.4999999999999998890, 0.5125253733844284953, 0.5144456679126014897, 0.5329215499372124132, 0.5356454632145392081, 0.5629406781356941503, 0.5658109232255925658, 0.6018841381740089869, 0.6045353636720098844, 0.6481885228034960367, 0.6504351750347385774, 0.6997619066744129590, 0.7015420924452964169, 0.7541370066483340517, 0.7554654443990894697, 0.8086257411862511901, 0.8095562991099481964, 0.8604906915851069371, 0.8610939667804473618, 0.9071096552572089911, 0.9074622505925598048, 0.9461165435049897487, 0.9462942583527023110, 0.9755186309465008199, 0.9755890239436393330, 0.9937980371008112712, 0.9938140797355321521, 1.000000000000000000 ),
 ( 0.000000000000000000, 1.000000000000000000 ),
 .UNSPECIFIED. ) ;
#184 = EDGE_CURVE ( 'NONE', #1265, #9062, #4001, .T. ) ;
#185 = CARTESIAN_POINT ( 'NONE',  ( -38.73382223729372242, 200.0000000000000000, -29.18802862287433086 ) ) ;
#186 = CARTESIAN_POINT ( 'NONE',  ( 0.000000000000000000, 200.0000000000000000, 0.000000000000000000 ) ) ;
#187 = EDGE_CURVE ( 'NONE', #8340, #214, #6904, .T. ) ;
#188 = VERTEX_POINT ( 'NONE', #8518 ) ;
#189 = EDGE_LOOP ( 'NONE', ( #7469, #7941 ) ) ;
#190 = CARTESIAN_POINT ( 'NONE',  ( -26.85867340158342387, 85.63114929373706730, -38.90225724876551539 ) ) ;
#191 = DIRECTION ( 'NONE',  ( -0.000000000000000000, 0.000000000000000000, 1.000000000000000000 ) ) ;
#192 = CARTESIAN_POINT ( 'NONE',  ( -50.00004631882735140, 267.6458643459609448, -0.01435840807221032064 ) ) ;
#193 = CARTESIAN_POINT ( 'NONE',  ( 30.80394296248330122, 52.00000000000000000, -35.45918685583350083 ) ) ;
#194 = CARTESIAN_POINT ( 'NONE',  ( -41.38727259838148598, 126.6764942988443892, 24.37365805196743196 ) ) ;
#195 = CARTESIAN_POINT ( 'NONE',  ( 41.00000000000000000, 275.0000000000000000, -21.00000000000000000 ) ) ;
#196 = CARTESIAN_POINT ( 'NONE',  ( -44.58347426246772471, 55.93620152028918824, 45.92619372941037170 ) ) ;
#197 = ADVANCED_FACE ( 'NONE', ( #5450 ), #1761, .F. ) ;
#198 = CARTESIAN_POINT ( 'NONE',  ( -37.71505118859931116, 169.6705890994767003, -28.04587946174760660 ) ) ;
#199 = DIRECTION ( 'NONE',  ( -1.000000000000000000, -0.000000000000000000, -0.000000000000000000 ) ) ;
#200 = LINE ( 'NONE', #7019, #4405 ) ;
#201 = CARTESIAN_POINT ( 'NONE',  ( 50.17042213900458592, 140.4589426390626556, 40.33924585287351761 ) ) ;
#202 = VERTEX_POINT ( 'NONE', #7836 ) ;
#203 = CARTESIAN_POINT ( 'NONE',  ( -26.25072632901916947, 135.9913053418107438, -42.55474908577811277 ) ) ;
#204 = CARTESIAN_POINT ( 'NONE',  ( -44.20390395962769503, 59.33385514974001751, -46.30576403225040849 ) ) ;
#205 = ORIENTED_EDGE ( 'NONE', *, *, #4925, .T. ) ;
#206 = LINE ( 'NONE', #946, #88 ) ;
#207 = CARTESIAN_POINT ( 'NONE',  ( -34.77817033146149583, 172.3210456249914557, 35.92463511079219529 ) ) ;
#208 = VECTOR ( 'NONE', #768, 1000.000000000000000 ) ;
#209 = CARTESIAN_POINT ( 'NONE',  ( -49.93783009309770193, 143.4569695494772645, 40.57183789878038738 ) ) ;
#210 = EDGE_CURVE ( 'NONE', #2672, #1097, #7978, .T. ) ;
#211 = CARTESIAN_POINT ( 'NONE',  ( -37.25277915899236092, 171.2031378497270566, -28.50815149135657478 ) ) ;
#212 = CARTESIAN_POINT ( 'NONE',  ( 41.46658174736684543, 131.8280114082709815, -24.29434890298207250 ) ) ;
#213 = CARTESIAN_POINT ( 'NONE',  ( -42.62031228415366257, 75.23276251545793514, 47.88935570772444095 ) ) ;
#214 = VERTEX_POINT ( 'NONE', #8567 ) ;
#215 = ORIENTED_EDGE ( 'NONE', *, *, #7844, .F. ) ;
#216 = CARTESIAN_POINT ( 'NONE',  ( -33.83408293086010588, 41.21309918220618584, 31.92684771948880140 ) ) ;
#217 = CARTESIAN_POINT ( 'NONE',  ( 25.10761244709873452, 153.6225640485288011, 40.65331820325020118 ) ) ;
#218 = ADVANCED_FACE ( 'NONE', ( #7058 ), #2597, .T. ) ;
#219 = CARTESIAN_POINT ( 'NONE',  ( 37.71505118858642902, 340.0000000000000000, 28.04587946176250313 ) ) ;
#220 = CARTESIAN_POINT ( 'NONE',  ( 2.293931114067153221, -3.548243663850585872, -2.293931114067153221 ) ) ;
#221 = VECTOR ( 'NONE', #6960, 1000.000000000000114 ) ;
#222 = VECTOR ( 'NONE', #625, 1000.000000000000000 ) ;
#223 = VECTOR ( 'NONE', #2458, 1000.000000000000000 ) ;
#224 = CARTESIAN_POINT ( 'NONE',  ( -33.34895851616629869, 52.22473461303810183, -37.25696021647661382 ) ) ;
#225 = DIRECTION ( 'NONE',  ( -0.2453073858788025752, 0.000000000000000000, -0.9694453498951389747 ) ) ;
#226 = ORIENTED_EDGE ( 'NONE', *, *, #437, .F. ) ;
#227 = CARTESIAN_POINT ( 'NONE',  ( 32.88046532517448384, 176.5866740378391739, 32.88046532517445542 ) ) ;
#228 = CARTESIAN_POINT ( 'NONE',  ( 39.86548770796168384, 124.0985968565961315, -50.64418028391641258 ) ) ;
#229 = CARTESIAN_POINT ( 'NONE',  ( -29.98132752230963405, 176.0000000000000000, -35.77960312803931231 ) ) ;
#230 = CARTESIAN_POINT ( 'NONE',  ( -28.75104949436352442, 66.80701258836774059, -37.00988115598541128 ) ) ;
#231 = AXIS2_PLACEMENT_3D ( 'NONE', #3901, #4479, #7491 ) ;
#232 = ORIENTED_EDGE ( 'NONE', *, *, #6558, .F. ) ;
#233 = DIRECTION ( 'NONE',  ( -0.000000000000000000, -1.000000000000000000, -0.000000000000000000 ) ) ;
#234 = CARTESIAN_POINT ( 'NONE',  ( 33.17716150233879802, 36.58494384897175422, -32.58376914801011992 ) ) ;
#235 = AXIS2_PLACEMENT_3D ( 'NONE', #8163, #2383, #5962 ) ;
#236 = CARTESIAN_POINT ( 'NONE',  ( 48.15397179880387313, 94.50000000000000000, -42.35569619307420908 ) ) ;
#237 = VECTOR ( 'NONE', #4222, 1000.000000000000000 ) ;
#238 = FACE_OUTER_BOUND ( 'NONE', #4958, .T. ) ;
#239 = CIRCLE ( 'NONE', #552, 49.10000000000000142 ) ;
#240 = ORIENTED_EDGE ( 'NONE', *, *, #5376, .T. ) ;
#241 = CARTESIAN_POINT ( 'NONE',  ( -40.11998767400632460, 112.7299032302373263, -50.38968031787179314 ) ) ;
#242 = CARTESIAN_POINT ( 'NONE',  ( -29.77058309641641287, 57.99999999999999289, -35.99034755393252283 ) ) ;
#243 = CARTESIAN_POINT ( 'NONE',  ( 29.59757855955462347, 59.45114228953400470, 36.16335209079431223 ) ) ;
#244 = AXIS2_PLACEMENT_3D ( 'NONE', #9082, #1743, #3883 ) ;
#245 = CARTESIAN_POINT ( 'NONE',  ( 47.21198853989326238, 268.0000000000000000, -11.94646969229768452 ) ) ;
#246 = CARTESIAN_POINT ( 'NONE',  ( -45.77674598141884843, 54.62836855260160718, 44.73292201045924088 ) ) ;
#247 = EDGE_CURVE ( 'NONE', #3899, #1639, #3420, .T. ) ;
#248 = VECTOR ( 'NONE', #3345, 1000.000000000000000 ) ;
#249 = CARTESIAN_POINT ( 'NONE',  ( -28.04587946176250313, 73.51205704305240829, -37.71505118858642902 ) ) ;
#250 = CARTESIAN_POINT ( 'NONE',  ( -40.68351489493348083, 100.9687423887486943, 49.82615309694460848 ) ) ;
#251 = CARTESIAN_POINT ( 'NONE',  ( 34.51648671455647843, 38.38965361115110397, 34.94075078326841322 ) ) ;
#252 = CARTESIAN_POINT ( 'NONE',  ( -49.99939933985900353, 161.3767734674762551, 0.2450829519018704605 ) ) ;
#253 = CARTESIAN_POINT ( 'NONE',  ( 40.01567615761508989, 134.5090890707682831, 50.49399183426302073 ) ) ;
#254 = VERTEX_POINT ( 'NONE', #8470 ) ;
#255 = CARTESIAN_POINT ( 'NONE',  ( 32.88046532517449805, 145.5000000000000000, 32.88046532517445542 ) ) ;
#256 = DIRECTION ( 'NONE',  ( 0.000000000000000000, 1.000000000000000000, 0.000000000000000000 ) ) ;
#257 = EDGE_CURVE ( 'NONE', #9618, #4612, #394, .T. ) ;
#258 = VERTEX_POINT ( 'NONE', #4923 ) ;
#259 = DIRECTION ( 'NONE',  ( 0.000000000000000000, -1.000000000000000000, 0.000000000000000000 ) ) ;
#260 = CARTESIAN_POINT ( 'NONE',  ( -36.12624812830141252, 172.2436984526307810, 34.56857423804989082 ) ) ;
#261 = EDGE_CURVE ( 'NONE', #8894, #5756, #6967, .T. ) ;
#262 = CARTESIAN_POINT ( 'NONE',  ( -37.49320649782438153, 71.28898199371604960, 28.26772415252452575 ) ) ;
#263 = CARTESIAN_POINT ( 'NONE',  ( -41.20721490222918959, 145.7020373835961777, -24.55371574811974256 ) ) ;
#264 = CARTESIAN_POINT ( 'NONE',  ( -35.25557465788109823, 52.00000000784751109, -30.50535599246784457 ) ) ;
#265 = CARTESIAN_POINT ( 'NONE',  ( -26.53717206652075689, 163.8347417721553256, 39.22375858382815750 ) ) ;
#266 = ORIENTED_EDGE ( 'NONE', *, *, #3127, .F. ) ;
#267 = ORIENTED_EDGE ( 'NONE', *, *, #2937, .T. ) ;
#268 = CARTESIAN_POINT ( 'NONE',  ( 47.03874315999062361, 66.31954352124843410, 43.47092483188747281 ) ) ;
#269 = PERSON_AND_ORGANIZATION ( #910, #3334 ) ;
#270 = CARTESIAN_POINT ( 'NONE',  ( 26.53717206652077820, 163.8347417721553541, 39.22375858382816460 ) ) ;
#271 = CARTESIAN_POINT ( 'NONE',  ( 31.31356217171364520, 45.71524904810726753, 34.44736847863529050 ) ) ;
#272 = CARTESIAN_POINT ( 'NONE',  ( 26.22901137448827313, 133.4434379767959911, 42.56805623992434562 ) ) ;
#273 = CARTESIAN_POINT ( 'NONE',  ( 40.24733569863604998, 157.6066838202880831, -25.51359495171286795 ) ) ;
#274 = PRODUCT ( 'Body Rev 2', 'Body Rev 2', '', ( #7574 ) ) ;
#275 = DIRECTION ( 'NONE',  ( 0.000000000000000000, 0.000000000000000000, -1.000000000000000000 ) ) ;
#276 = DIRECTION ( 'NONE',  ( 0.000000000000000000, 1.000000000000000000, 0.000000000000000000 ) ) ;
#277 = ORIENTED_EDGE ( 'NONE', *, *, #2838, .F. ) ;
#278 = CARTESIAN_POINT ( 'NONE',  ( 39.22375858382816460, 163.8347417721553256, 26.53717206652076754 ) ) ;
#279 = EDGE_CURVE ( 'NONE', #4159, #6803, #6093, .T. ) ;
#280 = CARTESIAN_POINT ( 'NONE',  ( 24.55371574811972479, 145.7020373835961777, -41.20721490222918959 ) ) ;
#281 = CARTESIAN_POINT ( 'NONE',  ( -42.35569619307419487, 157.9999999999999716, 48.15397179880389444 ) ) ;
#282 = CARTESIAN_POINT ( 'NONE',  ( -40.28617701406469109, 108.7025900201346644, -50.22349097781342664 ) ) ;
#283 = EDGE_LOOP ( 'NONE', ( #9548, #3971, #7133, #2823, #4593, #9284 ) ) ;
#284 = CARTESIAN_POINT ( 'NONE',  ( -46.53284740717146661, 61.44371818057052792, 43.97682058470661559 ) ) ;
#285 = CARTESIAN_POINT ( 'NONE',  ( 33.83408293086011298, 41.21309918220622137, -31.92684771948880140 ) ) ;
#286 = CARTESIAN_POINT ( 'NONE',  ( 35.99034755393251572, 57.99999999999999289, -29.77058309641640577 ) ) ;
#287 = CARTESIAN_POINT ( 'NONE',  ( 37.27138604942618372, 171.0675929918454585, 28.63349660291448373 ) ) ;
#288 = CARTESIAN_POINT ( 'NONE',  ( -41.06358789818638400, 116.6762642137271797, 24.69734275216252684 ) ) ;
#289 = ORIENTED_EDGE ( 'NONE', *, *, #923, .T. ) ;
#290 = CARTESIAN_POINT ( 'NONE',  ( -31.31356217171365230, 45.71524904810724621, -34.44736847863528340 ) ) ;
#291 = CARTESIAN_POINT ( 'NONE',  ( 31.68079750502943881, 43.01938834714778181, -34.08013314531949334 ) ) ;
#292 = EDGE_CURVE ( 'NONE', #6098, #3595, #6331, .T. ) ;
#293 = DIRECTION ( 'NONE',  ( 0.000000000000000000, 0.000000000000000000, 1.000000000000000000 ) ) ;
#294 = DIRECTION ( 'NONE',  ( -0.5218651776778592266, -0.6747691995449354163, -0.5218651776778592266 ) ) ;
#295 = DIRECTION ( 'NONE',  ( 0.4999999999999997780, 0.000000000000000000, -0.8660254037844388186 ) ) ;
#296 = CARTESIAN_POINT ( 'NONE',  ( 45.92619372941036460, 55.93620152028918113, -44.58347426246772471 ) ) ;
#297 = CARTESIAN_POINT ( 'NONE',  ( -39.86548770796168384, 124.0985968565961883, 50.64418028391641258 ) ) ;
#298 = CARTESIAN_POINT ( 'NONE',  ( 28.04587946176237878, 73.51205704305357358, -37.71505118858653560 ) ) ;
#299 = LINE ( 'NONE', #5555, #2716 ) ;
#300 = CARTESIAN_POINT ( 'NONE',  ( 46.00000000000000000, 39.50000000000000000, -2.500000000000000000 ) ) ;
#301 = ORIENTED_EDGE ( 'NONE', *, *, #3836, .T. ) ;
#302 = CARTESIAN_POINT ( 'NONE',  ( -35.47935076379862807, 172.3992787183048279, -35.23125842034547617 ) ) ;
#303 = DIRECTION ( 'NONE',  ( 0.5218651776778592266, 0.6747691995449354163, -0.5218651776778592266 ) ) ;
#304 = ORIENTED_EDGE ( 'NONE', *, *, #875, .F. ) ;
#305 = CARTESIAN_POINT ( 'NONE',  ( 29.93853977153500878, 58.00000000000001421, -36.10435860795852392 ) ) ;
#306 = CARTESIAN_POINT ( 'NONE',  ( -36.54327006475315898, 172.0212866422678246, 34.12743092665611755 ) ) ;
#307 = CARTESIAN_POINT ( 'NONE',  ( -35.63270687126059499, 54.97802726448587407, 30.12822377908832294 ) ) ;
#308 = EDGE_CURVE ( 'NONE', #2991, #3685, #9240, .T. ) ;
#309 = CARTESIAN_POINT ( 'NONE',  ( -28.50815149135657123, 171.2031378497270566, -37.25277915899236092 ) ) ;
#310 = CARTESIAN_POINT ( 'NONE',  ( 50.17042213900457881, 140.4589426390626556, -40.33924585287350340 ) ) ;
#311 = VECTOR ( 'NONE', #4463, 1000.000000000000000 ) ;
#312 = DIRECTION ( 'NONE',  ( 1.000000000000000000, 0.000000000000000000, 0.000000000000000000 ) ) ;
#313 = ORIENTED_EDGE ( 'NONE', *, *, #383, .T. ) ;
#314 = VERTEX_POINT ( 'NONE', #339 ) ;
#315 = CARTESIAN_POINT ( 'NONE',  ( 24.69734275216253394, 116.6762642137271797, 41.06358789818640531 ) ) ;
#316 = EDGE_CURVE ( 'NONE', #4612, #7024, #9552, .T. ) ;
#317 = CARTESIAN_POINT ( 'NONE',  ( 0.000000000000000000, 264.0000000000000000, 0.000000000000000000 ) ) ;
#318 = CARTESIAN_POINT ( 'NONE',  ( 50.58970023380035741, 130.9941881811296014, -39.91996775807773901 ) ) ;
#319 = B_SPLINE_CURVE_WITH_KNOTS ( 'NONE', 3,
 ( #7735, #7959, #2817, #1245 ),
 .UNSPECIFIED., .F., .F.,
 ( 4, 4 ),
 ( 2.520754229927989125E-14, 0.0003614012583410220413 ),
 .UNSPECIFIED. ) ;
#320 = DIRECTION ( 'NONE',  ( 0.000000000000000000, 1.000000000000000000, 0.000000000000000000 ) ) ;
#321 = CARTESIAN_POINT ( 'NONE',  ( 34.94075078326841322, 38.38965361115111818, -34.51648671455649264 ) ) ;
#322 = EDGE_LOOP ( 'NONE', ( #4965, #7701, #5000, #4447 ) ) ;
#323 = CARTESIAN_POINT ( 'NONE',  ( 50.64418028391641968, 124.0985968565961883, 39.86548770796169094 ) ) ;
#324 = CARTESIAN_POINT ( 'NONE',  ( 47.03874315999061650, 66.31954352124843410, -43.47092483188747281 ) ) ;
#325 = LINE ( 'NONE', #281, #3943 ) ;
#326 = CARTESIAN_POINT ( 'NONE',  ( -50.49399183426302073, 134.5090890707682831, -40.01567615761508989 ) ) ;
#327 = ORIENTED_EDGE ( 'NONE', *, *, #1831, .T. ) ;
#328 = CARTESIAN_POINT ( 'NONE',  ( -29.93853975963596170, 57.99999999999999289, -36.10435859987736507 ) ) ;
#329 = DIRECTION ( 'NONE',  ( -0.000000000000000000, -1.000000000000000000, -0.000000000000000000 ) ) ;
#330 = EDGE_CURVE ( 'NONE', #2728, #4022, #9589, .T. ) ;
#331 = DIRECTION ( 'NONE',  ( 0.7071067811865475727, 0.000000000000000000, -0.7071067811865475727 ) ) ;
#332 = EDGE_CURVE ( 'NONE', #3250, #1896, #7368, .T. ) ;
#333 = CARTESIAN_POINT ( 'NONE',  ( 49.92108712948487437, 205.8131284291818304, -2.814950352220036756 ) ) ;
#334 = CARTESIAN_POINT ( 'NONE',  ( -33.17716150233879802, 36.58494384897174712, 32.58376914801011992 ) ) ;
#335 = ORIENTED_EDGE ( 'NONE', *, *, #8122, .T. ) ;
#336 = CARTESIAN_POINT ( 'NONE',  ( -43.47092483188747281, 66.31954352124843410, -47.03874315999063072 ) ) ;
#337 = B_SPLINE_CURVE_WITH_KNOTS ( 'NONE', 3,
 ( #7960, #3627, #3495, #9568 ),
 .UNSPECIFIED., .F., .F.,
 ( 4, 4 ),
 ( 0.000000000000000000, 0.01571456560818513745 ),
 .UNSPECIFIED. ) ;
#338 = CARTESIAN_POINT ( 'NONE',  ( 41.98910179518575347, 82.37800232306902615, 48.52056619669235715 ) ) ;
#339 = CARTESIAN_POINT ( 'NONE',  ( 46.98823194100206990, 212.0000000000000000, 1.050000000000000044 ) ) ;
#340 = DIRECTION ( 'NONE',  ( 0.000000000000000000, -1.000000000000000000, -0.000000000000000000 ) ) ;
#341 = DIRECTION ( 'NONE',  ( -0.000000000000000000, 1.000000000000000000, -0.000000000000000000 ) ) ;
#342 = CARTESIAN_POINT ( 'NONE',  ( 46.30576403225039428, 59.33385514974001751, -44.20390395962768793 ) ) ;
#343 = CARTESIAN_POINT ( 'NONE',  ( -40.01567615761507568, 134.5090890707682547, 50.49399183426301363 ) ) ;
#344 = CARTESIAN_POINT ( 'NONE',  ( 48.39999999999999858, 268.0000000000000000, 0.000000000000000000 ) ) ;
#345 = CARTESIAN_POINT ( 'NONE',  ( -13.26004803087596073, 268.0000000000000000, 46.86001628487620962 ) ) ;
#346 = CARTESIAN_POINT ( 'NONE',  ( 32.49898569560906481, 37.17140469785621093, 33.26194495473987445 ) ) ;
#347 = EDGE_CURVE ( 'NONE', #202, #7823, #6745, .T. ) ;
#348 = ORIENTED_EDGE ( 'NONE', *, *, #6946, .T. ) ;
#349 = CARTESIAN_POINT ( 'NONE',  ( -28.82478188321260149, 90.27506426511546067, -40.86045618393034573 ) ) ;
#350 = CARTESIAN_POINT ( 'NONE',  ( -46.99933398641599780, 213.0228484331536549, 0.2742432185657226462 ) ) ;
#351 = VERTEX_POINT ( 'NONE', #3467 ) ;
#352 = CARTESIAN_POINT ( 'NONE',  ( -108.0000000000000000, 189.9390740440269383, 0.3429151594667022573 ) ) ;
#353 = DIRECTION ( 'NONE',  ( 0.000000000000000000, 1.000000000000000000, -0.000000000000000000 ) ) ;
#354 = CARTESIAN_POINT ( 'NONE',  ( -50.49399183426301363, 134.5090890707682831, 40.01567615761508279 ) ) ;
#355 = B_SPLINE_CURVE_WITH_KNOTS ( 'NONE', 3,
 ( #8324, #7640, #4627, #928, #3900, #6867, #3174, #6125, #9100, #2450 ),
 .UNSPECIFIED., .F., .F.,
 ( 4, 2, 2, 2, 4 ),
 ( 0.01053358343978141702, 0.01139667271132505967, 0.01225976198286870406, 0.01312285125441234671, 0.01398594052595598936 ),
 .UNSPECIFIED. ) ;
#356 = CARTESIAN_POINT ( 'NONE',  ( -40.68351489493350215, 100.9687423887486943, -49.82615309694460848 ) ) ;
#357 = DIRECTION ( 'NONE',  ( 0.000000000000000000, 0.000000000000000000, 1.000000000000000000 ) ) ;
#358 = CARTESIAN_POINT ( 'NONE',  ( 31.92684771948880851, 41.21309918220618584, 33.83408293086011298 ) ) ;
#359 = ORIENTED_EDGE ( 'NONE', *, *, #2708, .F. ) ;
#360 = VERTEX_POINT ( 'NONE', #5105 ) ;
#361 = CARTESIAN_POINT ( 'NONE',  ( 47.31597781508200029, 69.12979561808754170, 43.19369017679611034 ) ) ;
#362 = CALENDAR_DATE ( 2026, 30, 9 ) ;
#363 = CARTESIAN_POINT ( 'NONE',  ( -38.90225724876550828, 85.63114929373708151, -26.85867340158342742 ) ) ;
#364 = CARTESIAN_POINT ( 'NONE',  ( 40.11998767400631749, 112.7299032302373121, 50.38968031787179314 ) ) ;
#365 = AXIS2_PLACEMENT_3D ( 'NONE', #8846, #2922, #1914 ) ;
#366 = CIRCLE ( 'NONE', #9538, 36.00000000000000000 ) ;
#367 = CARTESIAN_POINT ( 'NONE',  ( 39.75138694003533857, 95.69680212022358035, -26.00954371031357937 ) ) ;
#368 = EDGE_CURVE ( 'NONE', #141, #9574, #5062, .T. ) ;
#369 = CARTESIAN_POINT ( 'NONE',  ( 26.73605438546261226, 146.6058843461780725, -42.25155410946620549 ) ) ;
#370 = CC_DESIGN_APPROVAL ( #1171, ( #8769 ) ) ;
#371 = CARTESIAN_POINT ( 'NONE',  ( 50.07277075913015096, 104.9875858014058423, -40.43689723274793835 ) ) ;
#372 = EDGE_LOOP ( 'NONE', ( #6373, #9002, #8202, #7587 ) ) ;
#373 = CARTESIAN_POINT ( 'NONE',  ( 48.91202582514209496, 150.5005888525397495, 41.59764216673601567 ) ) ;
#374 = CARTESIAN_POINT ( 'NONE',  ( 47.00000000000000000, 251.9412599742290695, 3.265112851063872057 ) ) ;
#375 = EDGE_LOOP ( 'NONE', ( #8322, #4284, #3632, #2586 ) ) ;
#376 = CARTESIAN_POINT ( 'NONE',  ( 48.14642419775777427, 153.8348667856812142, -42.36324379412032926 ) ) ;
#377 = CARTESIAN_POINT ( 'NONE',  ( -13.77070729244089264, 35.50000000000000000, 45.04195400585899023 ) ) ;
#378 = DIRECTION ( 'NONE',  ( -1.000000000000000000, 0.000000000000000000, 0.000000000000000000 ) ) ;
#379 = VERTEX_POINT ( 'NONE', #2101 ) ;
#380 = EDGE_CURVE ( 'NONE', #440, #2311, #8801, .T. ) ;
#381 = CARTESIAN_POINT ( 'NONE',  ( 0.000000000000000000, 94.50000000000000000, 0.000000000000000000 ) ) ;
#382 = AXIS2_PLACEMENT_3D ( 'NONE', #4705, #9083, #3929 ) ;
#383 = EDGE_CURVE ( 'NONE', #3091, #7673, #2147, .T. ) ;
#384 = CARTESIAN_POINT ( 'NONE',  ( 29.98132752230960918, 176.0000000000000000, -35.77960312803931231 ) ) ;
#385 = CARTESIAN_POINT ( 'NONE',  ( 33.08734819502063829, 175.4851932568794552, 33.38057152440114095 ) ) ;
#386 = AXIS2_PLACEMENT_3D ( 'NONE', #4628, #980, #191 ) ;
#387 = CARTESIAN_POINT ( 'NONE',  ( -28.04587946176248536, 169.6705890995218056, -37.71505118858645034 ) ) ;
#388 = CARTESIAN_POINT ( 'NONE',  ( -40.15053420550684393, 101.0166046022987985, 25.61039644484207400 ) ) ;
#389 = ORIENTED_EDGE ( 'NONE', *, *, #3414, .F. ) ;
#390 = VECTOR ( 'NONE', #2697, 1000.000000000000000 ) ;
#391 = CARTESIAN_POINT ( 'NONE',  ( 33.09259735953043702, 36.00000000000000000, 32.66833329081850223 ) ) ;
#392 = CARTESIAN_POINT ( 'NONE',  ( 43.05106378547496604, 156.3633846497057505, 47.45860420640314459 ) ) ;
#393 = EDGE_CURVE ( 'NONE', #2913, #6124, #7304, .T. ) ;
#394 = LINE ( 'NONE', #1123, #8757 ) ;
#395 = ADVANCED_FACE ( 'NONE', ( #2192 ), #7257, .T. ) ;
#396 = CARTESIAN_POINT ( 'NONE',  ( 47.00000000000000711, 169.8038876996392617, -0.9438988005394841618 ) ) ;
#397 = AXIS2_PLACEMENT_3D ( 'NONE', #2973, #6659, #7439 ) ;
#398 = CARTESIAN_POINT ( 'NONE',  ( 45.46696603029501915, 52.00000000000000000, 45.04270196158309147 ) ) ;
#399 = AXIS2_PLACEMENT_3D ( 'NONE', #4957, #7923, #1256 ) ;
#400 = CARTESIAN_POINT ( 'NONE',  ( -28.50815149135655346, 171.2031378497270282, 37.25277915899235381 ) ) ;
#401 = DIRECTION ( 'NONE',  ( -0.000000000000000000, -1.000000000000000000, -0.000000000000000000 ) ) ;
#402 = AXIS2_PLACEMENT_3D ( 'NONE', #8952, #3851, #2342 ) ;
#403 = CARTESIAN_POINT ( 'NONE',  ( 30.02250515210873161, 57.99999999999999289, 36.16138306720321083 ) ) ;
#404 = CARTESIAN_POINT ( 'NONE',  ( 47.15951113560538488, 268.0000000000000000, -10.88763103024306567 ) ) ;
#405 = ORIENTED_EDGE ( 'NONE', *, *, #2750, .T. ) ;
#406 = CARTESIAN_POINT ( 'NONE',  ( -40.83938568045799400, 89.98461695145584827, -28.85455087168438837 ) ) ;
#407 = PLANE ( 'NONE',  #7237 ) ;
#408 = EDGE_LOOP ( 'NONE', ( #6341, #7317, #7482, #453 ) ) ;
#409 = CARTESIAN_POINT ( 'NONE',  ( -24.60000000000002274, 264.0000000000000000, -42.60844986619436980 ) ) ;
#410 = AXIS2_PLACEMENT_3D ( 'NONE', #943, #990, #9160 ) ;
#411 = CARTESIAN_POINT ( 'NONE',  ( 0.000000000000000000, 39.50000000000000000, 0.000000000000000000 ) ) ;
#412 = CARTESIAN_POINT ( 'NONE',  ( -40.79466709084000797, 111.3121957717727071, 24.96626355950890641 ) ) ;
#413 = CARTESIAN_POINT ( 'NONE',  ( -26.53717206652076754, 163.8347417721553256, -39.22375858382816460 ) ) ;
#414 = DIRECTION ( 'NONE',  ( -0.8660254037844383745, 0.000000000000000000, 0.5000000000000004441 ) ) ;
#415 = CARTESIAN_POINT ( 'NONE',  ( 43.97682058470662270, 61.44371818057052792, 46.53284740717148082 ) ) ;
#416 = ORIENTED_EDGE ( 'NONE', *, *, #2777, .F. ) ;
#417 = EDGE_LOOP ( 'NONE', ( #1607, #9594 ) ) ;
#418 = CARTESIAN_POINT ( 'NONE',  ( 46.53284740717148793, 61.44371818057052792, 43.97682058470662980 ) ) ;
#419 = CARTESIAN_POINT ( 'NONE',  ( -41.06358789818639821, 116.6762642137271797, -24.69734275216253749 ) ) ;
#420 = CARTESIAN_POINT ( 'NONE',  ( 25.10761244709873452, 153.6225640485288011, 40.65331820325020118 ) ) ;
#421 = EDGE_CURVE ( 'NONE', #6661, #3429, #1860, .T. ) ;
#422 = CARTESIAN_POINT ( 'NONE',  ( 50.38968031787177893, 112.7299032302373263, -40.11998767400631749 ) ) ;
#423 = CARTESIAN_POINT ( 'NONE',  ( 31.72710345029909718, 169.3695786487593864, -38.64485246354594494 ) ) ;
#424 = CARTESIAN_POINT ( 'NONE',  ( 48.61958615814599227, 152.1318062554275912, -41.89008183373210414 ) ) ;
#425 = VERTEX_POINT ( 'NONE', #1804 ) ;
#426 = CARTESIAN_POINT ( 'NONE',  ( 39.91748297430893189, 120.2343318316845853, 50.59218501756917874 ) ) ;
#427 = CARTESIAN_POINT ( 'NONE',  ( 47.00000000000000000, 164.0860123415720579, 0.5490809186924490159 ) ) ;
#428 = ORIENTED_EDGE ( 'NONE', *, *, #393, .T. ) ;
#429 = CARTESIAN_POINT ( 'NONE',  ( 50.58970023380035741, 130.9941881811296014, -39.91996775807773901 ) ) ;
#430 = CARTESIAN_POINT ( 'NONE',  ( 36.21980700434895795, 45.29474480594071650, -34.03994575403817890 ) ) ;
#431 = CARTESIAN_POINT ( 'NONE',  ( 49.09999999999999432, 275.0000000000000000, 2.500000000000000000 ) ) ;
#432 = ORIENTED_EDGE ( 'NONE', *, *, #6558, .T. ) ;
#433 = B_SPLINE_CURVE_WITH_KNOTS ( 'NONE', 3,
 ( #2293, #772, #5925, #3745, #6708, #9094, #6175 ),
 .UNSPECIFIED., .F., .F.,
 ( 4, 1, 1, 1, 4 ),
 ( 0.4666068527274355726, 0.4855543320873984547, 0.5000000000000001110, 0.5144456679126017118, 0.5333931472723879574 ),
 .UNSPECIFIED. ) ;
#434 = PLANE ( 'NONE',  #2962 ) ;
#435 = CARTESIAN_POINT ( 'NONE',  ( -38.00000000000000000, 263.0000000000000000, -24.00000000000000000 ) ) ;
#436 = CARTESIAN_POINT ( 'NONE',  ( -46.98823194100194200, 212.0000000000005400, 1.050000000005465450 ) ) ;
#437 = EDGE_CURVE ( 'NONE', #4430, #5486, #4859, .T. ) ;
#438 = CARTESIAN_POINT ( 'NONE',  ( 28.99384443991968041, 64.61538329461578201, -36.76708621042923397 ) ) ;
#439 = CARTESIAN_POINT ( 'NONE',  ( -42.78460399787552149, 155.3921848145515128, 47.72506399400256782 ) ) ;
#440 = VERTEX_POINT ( 'NONE', #7736 ) ;
#441 = CARTESIAN_POINT ( 'NONE',  ( -35.22504574114779530, 51.75724116587121415, -30.53588490920115106 ) ) ;
#442 = CARTESIAN_POINT ( 'NONE',  ( 47.59976667985130661, 200.0000000000000000, -12.04459264664920326 ) ) ;
#443 = DIRECTION ( 'NONE',  ( -0.7071067811865475727, 0.000000000000000000, -0.7071067811865475727 ) ) ;
#444 = CARTESIAN_POINT ( 'NONE',  ( 38.00000000000000000, 275.0000000000000000, -21.00000000000000000 ) ) ;
#445 = CARTESIAN_POINT ( 'NONE',  ( 49.93783009309771614, 143.4569695494772930, 40.57183789878039448 ) ) ;
#446 = LINE ( 'NONE', #3424, #9244 ) ;
#447 = VERTEX_POINT ( 'NONE', #6219 ) ;
#448 = FACE_OUTER_BOUND ( 'NONE', #5510, .T. ) ;
#449 = CARTESIAN_POINT ( 'NONE',  ( 52.39661248592316412, 145.5000000000000000, -46.59833688019350006 ) ) ;
#450 = VERTEX_POINT ( 'NONE', #7824 ) ;
#451 = CARTESIAN_POINT ( 'NONE',  ( -36.14363019646434338, 172.2360455000740274, -34.55038136066228560 ) ) ;
#452 = CARTESIAN_POINT ( 'NONE',  ( -46.99716253059126103, 212.9176653405997399, 0.5285059912583925934 ) ) ;
#453 = ORIENTED_EDGE ( 'NONE', *, *, #7199, .F. ) ;
#454 = CARTESIAN_POINT ( 'NONE',  ( 108.0000000000000000, 208.7190203635717864, -1.531725937652305802 ) ) ;
#455 = CYLINDRICAL_SURFACE ( 'NONE', #7855, 46.69999999999999574 ) ;
#456 = CARTESIAN_POINT ( 'NONE',  ( 27.32702615385185396, 80.61020279584469961, -38.43390449649706397 ) ) ;
#457 = B_SPLINE_CURVE_WITH_KNOTS ( 'NONE', 3,
 ( #1337, #4164, #9419, #2853, #8685 ),
 .UNSPECIFIED., .F., .F.,
 ( 4, 1, 4 ),
 ( 0.07729056235918738138, 0.09253774940744020905, 0.1315221648814960120 ),
 .UNSPECIFIED. ) ;
#458 = CARTESIAN_POINT ( 'NONE',  ( -41.74177417787063860, 85.62404022679615423, -48.76789381400747203 ) ) ;
#459 = CARTESIAN_POINT ( 'NONE',  ( 45.89283005138457838, 35.50000000000000000, -10.59519465959604112 ) ) ;
#460 = CARTESIAN_POINT ( 'NONE',  ( 36.16138306720321083, 57.99999999999999289, -30.02250515210873871 ) ) ;
#461 = ORIENTED_EDGE ( 'NONE', *, *, #3744, .F. ) ;
#462 = ORIENTED_EDGE ( 'NONE', *, *, #6130, .T. ) ;
#463 = CARTESIAN_POINT ( 'NONE',  ( 24.39235554936074735, 141.0186408901463437, 41.36857510098818835 ) ) ;
#464 = CARTESIAN_POINT ( 'NONE',  ( -50.22349097781342664, 108.7025900201346644, -40.28617701406468399 ) ) ;
#465 = DIRECTION ( 'NONE',  ( 0.4999999999999997780, -0.000000000000000000, -0.8660254037844387076 ) ) ;
#466 = CARTESIAN_POINT ( 'NONE',  ( 41.46658174736684543, 131.8280114082709815, -24.29434890298207250 ) ) ;
#467 = CARTESIAN_POINT ( 'NONE',  ( 38.87472714421995335, 168.8494741638996572, -31.44502779986378016 ) ) ;
#468 = CIRCLE ( 'NONE', #9169, 1.050000000000000044 ) ;
#469 = CARTESIAN_POINT ( 'NONE',  ( 40.10103315935764812, 137.5203383235722470, -50.40863483252044119 ) ) ;
#470 = VERTEX_POINT ( 'NONE', #4137 ) ;
#471 = DIRECTION ( 'NONE',  ( 0.000000000000000000, -1.000000000000000000, 0.000000000000000000 ) ) ;
#472 = CARTESIAN_POINT ( 'NONE',  ( 47.00000000000000000, 160.9181783982463969, 0.3183282180949054130 ) ) ;
#473 = ORIENTED_EDGE ( 'NONE', *, *, #8399, .F. ) ;
#474 = CARTESIAN_POINT ( 'NONE',  ( 30.02250515210873161, 57.99999999999999289, 36.16138306720321083 ) ) ;
#475 = CARTESIAN_POINT ( 'NONE',  ( 37.57616459432502154, 54.99999999999999289, -32.98532786528269156 ) ) ;
#476 = CARTESIAN_POINT ( 'NONE',  ( -34.51648671455649264, 38.38965361115111108, -34.94075078326842032 ) ) ;
#477 = EDGE_LOOP ( 'NONE', ( #7067, #9362, #2845, #584 ) ) ;
#478 = CARTESIAN_POINT ( 'NONE',  ( -108.0000000000000142, 219.7421362064134200, 0.9965551934078540341 ) ) ;
#479 = CIRCLE ( 'NONE', #7625, 50.00000000000000000 ) ;
#480 = LINE ( 'NONE', #6416, #3958 ) ;
#481 = CARTESIAN_POINT ( 'NONE',  ( -41.36857510098818835, 141.0186408901463437, -24.39235554936074735 ) ) ;
#482 = CARTESIAN_POINT ( 'NONE',  ( 32.16823240588158228, 39.48056780803436538, -33.59269824446733566 ) ) ;
#483 = CARTESIAN_POINT ( 'NONE',  ( -40.79466709084000797, 111.3121957717727071, 24.96626355950890641 ) ) ;
#484 = ORIENTED_EDGE ( 'NONE', *, *, #6472, .T. ) ;
#485 = PLANE ( 'NONE',  #2759 ) ;
#486 = CARTESIAN_POINT ( 'NONE',  ( 32.46737358272268636, 42.66555428302312691, -33.29355706762624578 ) ) ;
#487 = CARTESIAN_POINT ( 'NONE',  ( 45.04270196158307726, 52.00000000000000000, -45.46696603029501205 ) ) ;
#488 = LINE ( 'NONE', #6377, #5525 ) ;
#489 = EDGE_CURVE ( 'NONE', #8001, #7242, #2182, .T. ) ;
#490 = CARTESIAN_POINT ( 'NONE',  ( 38.43390449649707108, 80.61020279584469961, 27.32702615385186462 ) ) ;
#491 = EDGE_CURVE ( 'NONE', #4851, #7823, #1095, .T. ) ;
#492 = DIRECTION ( 'NONE',  ( 0.000000000000000000, 0.000000000000000000, 1.000000000000000000 ) ) ;
#493 = VERTEX_POINT ( 'NONE', #1021 ) ;
#494 = CARTESIAN_POINT ( 'NONE',  ( -28.67738453376397345, 68.33317738998579216, 37.24544781882607936 ) ) ;
#495 = CARTESIAN_POINT ( 'NONE',  ( 32.16823240588159649, 39.48056780803435828, 33.59269824446734276 ) ) ;
#496 = VERTEX_POINT ( 'NONE', #6322 ) ;
#497 = CARTESIAN_POINT ( 'NONE',  ( -38.14896356789960663, 59.98009825480410484, -32.33280779337667354 ) ) ;
#498 = CARTESIAN_POINT ( 'NONE',  ( 37.24544780204598027, 68.33317720493158731, -28.67738455632919781 ) ) ;
#499 = EDGE_LOOP ( 'NONE', ( #3747, #9407, #7010 ) ) ;
#500 = CARTESIAN_POINT ( 'NONE',  ( -41.00000000000000000, 275.0000000000000000, -18.00000000000000000 ) ) ;
#501 = CARTESIAN_POINT ( 'NONE',  ( -35.77960312803930520, 145.5000000000000000, 29.98132752230961984 ) ) ;
#502 = CARTESIAN_POINT ( 'NONE',  ( -22.05269856716356003, 200.0000000000000000, 43.19639436232870366 ) ) ;
#503 = EDGE_CURVE ( 'NONE', #7721, #1420, #1159, .T. ) ;
#504 = LINE ( 'NONE', #4253, #5353 ) ;
#505 = CARTESIAN_POINT ( 'NONE',  ( 35.45918685583339425, 52.00000000000000000, 30.80394296248341846 ) ) ;
#506 = DIRECTION ( 'NONE',  ( -0.000000000000000000, 1.000000000000000000, -0.000000000000000000 ) ) ;
#507 = EDGE_LOOP ( 'NONE', ( #1012, #3251, #2145, #7517 ) ) ;
#508 = VERTEX_POINT ( 'NONE', #4038 ) ;
#509 = CARTESIAN_POINT ( 'NONE',  ( 27.19834591289388470, 166.8763353538258514, 38.56258473745506166 ) ) ;
#510 = LINE ( 'NONE', #9326, #5368 ) ;
#511 = CARTESIAN_POINT ( 'NONE',  ( 40.01567615761507568, 134.5090890707682831, -50.49399183426302073 ) ) ;
#512 = CARTESIAN_POINT ( 'NONE',  ( -29.85456569808795635, 57.99999999144424834, -36.04734682555174174 ) ) ;
#513 = EDGE_CURVE ( 'NONE', #8982, #8515, #1753, .T. ) ;
#514 = CARTESIAN_POINT ( 'NONE',  ( 0.000000000000000000, 42.00000000000000000, 0.000000000000000000 ) ) ;
#515 = CARTESIAN_POINT ( 'NONE',  ( 40.70381606864702206, 161.8315952542384650, -29.03846933655524509 ) ) ;
#516 = CARTESIAN_POINT ( 'NONE',  ( 46.83469415941799241, 64.24886354028815560, -43.67497383246008980 ) ) ;
#517 = ORIENTED_EDGE ( 'NONE', *, *, #3001, .F. ) ;
#518 = CARTESIAN_POINT ( 'NONE',  ( 32.49898569560905059, 37.17140469785621093, -33.26194495473986734 ) ) ;
#519 = EDGE_CURVE ( 'NONE', #8813, #9575, #7102, .T. ) ;
#520 = CARTESIAN_POINT ( 'NONE',  ( 47.00000000000000711, 223.0766262928863739, 3.435922054811924031 ) ) ;
#521 = ORIENTED_EDGE ( 'NONE', *, *, #1442, .F. ) ;
#522 = CARTESIAN_POINT ( 'NONE',  ( -42.62031228415366257, 75.23276251545793514, 47.88935570772444095 ) ) ;
#523 = LINE ( 'NONE', #3503, #1457 ) ;
#524 = LINE ( 'NONE', #8702, #9570 ) ;
#525 = ORIENTED_EDGE ( 'NONE', *, *, #4781, .T. ) ;
#526 = CARTESIAN_POINT ( 'NONE',  ( -47.00000000000000000, 206.7281651688462034, 2.920414631902330971 ) ) ;
#527 = VECTOR ( 'NONE', #7632, 1000.000000000000114 ) ;
#528 = CARTESIAN_POINT ( 'NONE',  ( 46.99716202619870842, 212.9176437038720167, 0.5286045823416880562 ) ) ;
#529 = CARTESIAN_POINT ( 'NONE',  ( -40.15053420550685104, 101.0166046022987985, -25.61039644484208111 ) ) ;
#530 = CARTESIAN_POINT ( 'NONE',  ( 44.20390395962769503, 59.33385514974001751, -46.30576403225040849 ) ) ;
#531 = CARTESIAN_POINT ( 'NONE',  ( -32.96085372608889230, 175.4713705888825928, 33.50548176671999556 ) ) ;
#532 = ORIENTED_EDGE ( 'NONE', *, *, #9542, .T. ) ;
#533 = LINE ( 'NONE', #3516, #6938 ) ;
#534 = VECTOR ( 'NONE', #4046, 999.9999999999998863 ) ;
#535 = CARTESIAN_POINT ( 'NONE',  ( -32.49898569560905059, 37.17140469785623225, 33.26194495473987445 ) ) ;
#536 = CARTESIAN_POINT ( 'NONE',  ( 43.19369017679609613, 69.12979561808752749, -47.31597781508199319 ) ) ;
#537 = CARTESIAN_POINT ( 'NONE',  ( 47.00000000000000000, 194.9311061388172845, -2.395508128715534202 ) ) ;
#538 = AXIS2_PLACEMENT_3D ( 'NONE', #3712, #7451, #5936 ) ;
#539 = CARTESIAN_POINT ( 'NONE',  ( 41.59764216673602277, 150.5005888525397211, 48.91202582514209496 ) ) ;
#540 = CARTESIAN_POINT ( 'NONE',  ( -45.51935232921328378, 52.44175755770030634, 44.99031566266479842 ) ) ;
#541 = CIRCLE ( 'NONE', #7534, 47.10000000000000142 ) ;
#542 = VECTOR ( 'NONE', #7598, 1000.000000000000114 ) ;
#543 = ORIENTED_EDGE ( 'NONE', *, *, #6669, .F. ) ;
#544 = FACE_OUTER_BOUND ( 'NONE', #4759, .T. ) ;
#545 = ORIENTED_EDGE ( 'NONE', *, *, #5628, .T. ) ;
#546 = CARTESIAN_POINT ( 'NONE',  ( -42.56023145310027900, 135.2892170286816338, -26.24179909868679061 ) ) ;
#547 = LINE ( 'NONE', #9547, #2270 ) ;
#548 = ORIENTED_EDGE ( 'NONE', *, *, #9452, .T. ) ;
#549 = VECTOR ( 'NONE', #2349, 1000.000000000000000 ) ;
#550 = DIRECTION ( 'NONE',  ( 0.000000000000000000, 0.000000000000000000, 1.000000000000000000 ) ) ;
#551 = DIRECTION ( 'NONE',  ( 0.000000000000000000, 0.000000000000000000, 1.000000000000000000 ) ) ;
#552 = AXIS2_PLACEMENT_3D ( 'NONE', #2411, #5364, #944 ) ;
#553 = CARTESIAN_POINT ( 'NONE',  ( 26.85867340158341321, 85.63114929373708151, -38.90225724876550117 ) ) ;
#554 = AXIS2_PLACEMENT_3D ( 'NONE', #934, #7061, #5454 ) ;
#555 = CARTESIAN_POINT ( 'NONE',  ( -27.32702615385186107, 80.61020279584469961, -38.43390449649707108 ) ) ;
#556 = CARTESIAN_POINT ( 'NONE',  ( -5.642550599658322952, 35.50000000000000000, 45.95488682099321665 ) ) ;
#557 = ADVANCED_FACE ( 'NONE', ( #8557 ), #7680, .F. ) ;
#558 = CARTESIAN_POINT ( 'NONE',  ( 50.59218501756917163, 120.2343318316846421, 39.91748297430894610 ) ) ;
#559 = ORIENTED_EDGE ( 'NONE', *, *, #8166, .F. ) ;
#560 = ORIENTED_EDGE ( 'NONE', *, *, #5729, .F. ) ;
#561 = AXIS2_PLACEMENT_3D ( 'NONE', #7415, #749, #3719 ) ;
#562 = CARTESIAN_POINT ( 'NONE',  ( 41.20721490222918959, 145.7020373835961493, 24.55371574811973545 ) ) ;
#563 = CARTESIAN_POINT ( 'NONE',  ( -49.05663547162955496, 89.40149471062304087, -41.45303252024855567 ) ) ;
#564 = DIRECTION ( 'NONE',  ( 0.000000000000000000, 0.000000000000000000, -1.000000000000000000 ) ) ;
#565 = B_SPLINE_CURVE_WITH_KNOTS ( 'NONE', 3,
 ( #6654, #2233, #5192, #6060 ),
 .UNSPECIFIED., .F., .F.,
 ( 4, 4 ),
 ( 0.01747249955573675420, 0.01777699149090817762 ),
 .UNSPECIFIED. ) ;
#566 = ADVANCED_FACE ( 'NONE', ( #9191 ), #434, .F. ) ;
#567 = CARTESIAN_POINT ( 'NONE',  ( -36.08140240266997267, 58.70654625247946967, 29.67952824767894526 ) ) ;
#568 = PLANE ( 'NONE',  #1950 ) ;
#569 = VECTOR ( 'NONE', #3083, 1000.000000000000000 ) ;
#570 = CARTESIAN_POINT ( 'NONE',  ( -32.12212275894370350, 35.50000000000000000, -34.44675934626292246 ) ) ;
#571 = CARTESIAN_POINT ( 'NONE',  ( -31.86778842368786968, 42.89642949105437708, 33.89314222666106957 ) ) ;
#572 = DIRECTION ( 'NONE',  ( 0.000000000000000000, -1.000000000000000000, 0.000000000000000000 ) ) ;
#573 = VERTEX_POINT ( 'NONE', #2632 ) ;
#574 = CARTESIAN_POINT ( 'NONE',  ( 34.44736847863527629, 45.71524904810724621, -31.31356217171364520 ) ) ;
#575 = PLANE ( 'NONE',  #2395 ) ;
#576 = DIRECTION ( 'NONE',  ( 1.000000000000000000, 0.000000000000000000, 0.000000000000000000 ) ) ;
#577 = ORIENTED_EDGE ( 'NONE', *, *, #7006, .F. ) ;
#578 = CARTESIAN_POINT ( 'NONE',  ( -47.00000000000000000, 177.7845559105077200, 1.453014774495211991 ) ) ;
#579 = PLANE ( 'NONE',  #6617 ) ;
#580 = EDGE_CURVE ( 'NONE', #792, #4328, #3222, .T. ) ;
#581 = CARTESIAN_POINT ( 'NONE',  ( -47.88935570772444805, 75.23276251545789250, -42.62031228415366968 ) ) ;
#582 = CARTESIAN_POINT ( 'NONE',  ( 41.74177417787063860, 85.62404022679615423, -48.76789381400745782 ) ) ;
#583 = CARTESIAN_POINT ( 'NONE',  ( -30.60489855371956125, 51.99999999999998579, 35.32342564570105026 ) ) ;
#584 = ORIENTED_EDGE ( 'NONE', *, *, #1895, .F. ) ;
#585 = DIRECTION ( 'NONE',  ( 0.9622179935292853870, 0.000000000000000000, 0.2722802470405741859 ) ) ;
#586 = CARTESIAN_POINT ( 'NONE',  ( 31.31356217171363099, 45.71524904810726753, -34.44736847863527629 ) ) ;
#587 = CARTESIAN_POINT ( 'NONE',  ( 47.00000000000000000, 265.6562804570706930, 1.950454484879274641 ) ) ;
#588 = CARTESIAN_POINT ( 'NONE',  ( 28.50815149135656767, 171.2031378497270850, 37.25277915899236092 ) ) ;
#589 = CARTESIAN_POINT ( 'NONE',  ( -47.31597781508198608, 69.12979561808752749, 43.19369017679610323 ) ) ;
#590 = ORIENTED_EDGE ( 'NONE', *, *, #257, .T. ) ;
#591 = EDGE_CURVE ( 'NONE', #9575, #1304, #7636, .T. ) ;
#592 = CARTESIAN_POINT ( 'NONE',  ( -45.57187448734443791, 52.88466077438591384, -44.93779350453367272 ) ) ;
#593 = ORIENTED_EDGE ( 'NONE', *, *, #8171, .F. ) ;
#594 = CARTESIAN_POINT ( 'NONE',  ( -38.99282277376641304, 168.5816071365169933, -31.30007401324317584 ) ) ;
#595 = DIRECTION ( 'NONE',  ( 0.000000000000000000, -1.000000000000000000, 0.000000000000000000 ) ) ;
#596 = CARTESIAN_POINT ( 'NONE',  ( -49.90676536548662767, 252.7890258508503791, -3.058006745733390819 ) ) ;
#597 = CARTESIAN_POINT ( 'NONE',  ( 84.99999999999998579, 212.0000000000000000, 0.000000000000000000 ) ) ;
#598 = PRODUCT_DEFINITION_SHAPE ( 'NONE', 'NONE',  #3077 ) ;
#599 = CARTESIAN_POINT ( 'NONE',  ( -30.12822377908831228, 54.97802726448587407, 35.63270687126059499 ) ) ;
#600 = CARTESIAN_POINT ( 'NONE',  ( 48.00000000000000000, 264.0000000000000000, 3.500000000000000000 ) ) ;
#601 = ADVANCED_FACE ( 'NONE', ( #8456 ), #3312, .T. ) ;
#602 = DIRECTION ( 'NONE',  ( 0.7986355100472930513, 0.000000000000000000, 0.6018150231520480453 ) ) ;
#603 = DIRECTION ( 'NONE',  ( 0.000000000000000000, 0.000000000000000000, 1.000000000000000000 ) ) ;
#604 = CARTESIAN_POINT ( 'NONE',  ( 33.09259735953043702, 36.00000000000000000, 32.66833329081850223 ) ) ;
#605 = ORIENTED_EDGE ( 'NONE', *, *, #6698, .T. ) ;
#606 = CARTESIAN_POINT ( 'NONE',  ( 26.00954371031358292, 95.69680212022358035, 39.75138694003535278 ) ) ;
#607 = CARTESIAN_POINT ( 'NONE',  ( -47.72506399400258204, 155.3921848145515128, -42.78460399787553570 ) ) ;
#608 = CARTESIAN_POINT ( 'NONE',  ( 44.20390395962769503, 59.33385514974001751, -46.30576403225040849 ) ) ;
#609 = FACE_OUTER_BOUND ( 'NONE', #6734, .T. ) ;
#610 = ADVANCED_FACE ( 'NONE', ( #4321 ), #7406, .T. ) ;
#611 = LINE ( 'NONE', #6548, #4740 ) ;
#612 = ADVANCED_FACE ( 'NONE', ( #6650 ), #9624, .F. ) ;
#613 = CARTESIAN_POINT ( 'NONE',  ( -35.25587864481317268, 174.5039055581205218, -31.08250375579115854 ) ) ;
#614 = CARTESIAN_POINT ( 'NONE',  ( -46.16691639851458717, 58.04302010026673031, -44.34275159336352345 ) ) ;
#615 = CARTESIAN_POINT ( 'NONE',  ( 49.09999999999999432, 268.0000000000000000, 0.000000000000000000 ) ) ;
#616 = ORIENTED_EDGE ( 'NONE', *, *, #2216, .F. ) ;
#617 = ORIENTED_EDGE ( 'NONE', *, *, #6408, .T. ) ;
#618 = CARTESIAN_POINT ( 'NONE',  ( -25.61039644484207045, 101.0166046022987985, 40.15053420550685104 ) ) ;
#619 = CARTESIAN_POINT ( 'NONE',  ( -38.00000000000000000, 275.0000000000000000, -21.00000000000000000 ) ) ;
#620 = CARTESIAN_POINT ( 'NONE',  ( 34.44736847863528340, 45.71524904810725332, 31.31356217171364520 ) ) ;
#621 = EDGE_LOOP ( 'NONE', ( #3972, #6314, #5977, #9125, #8870, #4182, #3789, #6302, #5338 ) ) ;
#622 = CARTESIAN_POINT ( 'NONE',  ( -108.0000000000000000, 203.7731879320645305, 1.344733633374165960 ) ) ;
#623 = EDGE_CURVE ( 'NONE', #5659, #8813, #8157, .T. ) ;
#624 = CARTESIAN_POINT ( 'NONE',  ( 0.000000000000000000, 42.00000000000000000, -46.50000000000000000 ) ) ;
#625 = DIRECTION ( 'NONE',  ( -1.000000000000000000, -0.000000000000000000, -0.000000000000000000 ) ) ;
#626 = CARTESIAN_POINT ( 'NONE',  ( 31.92684771948880140, 41.21309918220619295, -33.83408293086011298 ) ) ;
#627 = CARTESIAN_POINT ( 'NONE',  ( -28.79566584424674147, 171.4065011673015135, 37.14638582585612170 ) ) ;
#628 = AXIS2_PLACEMENT_3D ( 'NONE', #9519, #2041, #2722 ) ;
#629 = ORIENTED_EDGE ( 'NONE', *, *, #646, .F. ) ;
#630 = CARTESIAN_POINT ( 'NONE',  ( -21.05131002302671561, 39.50000000000000000, -41.46193852576619321 ) ) ;
#631 = DIRECTION ( 'NONE',  ( 0.000000000000000000, 0.000000000000000000, -1.000000000000000000 ) ) ;
#632 = CARTESIAN_POINT ( 'NONE',  ( 47.00000000000000000, 242.1251027914491374, -3.543797287136489782 ) ) ;
#633 = EDGE_CURVE ( 'NONE', #5393, #5728, #7430, .T. ) ;
#634 = CARTESIAN_POINT ( 'NONE',  ( 38.56258473745506876, 166.8763353538257945, 27.19834591289386694 ) ) ;
#635 = CARTESIAN_POINT ( 'NONE',  ( -34.81447876247081297, 48.51213425699023674, 30.94645188787810497 ) ) ;
#636 = ORIENTED_EDGE ( 'NONE', *, *, #6664, .T. ) ;
#637 = ADVANCED_FACE ( 'NONE', ( #6744 ), #75, .T. ) ;
#638 = CARTESIAN_POINT ( 'NONE',  ( -50.59218501756917874, 120.2343318316845853, -39.91748297430893899 ) ) ;
#639 = ORIENTED_EDGE ( 'NONE', *, *, #633, .T. ) ;
#640 = CARTESIAN_POINT ( 'NONE',  ( -41.36857510098818835, 141.0186408901463437, -24.39235554936074735 ) ) ;
#641 = DIRECTION ( 'NONE',  ( -0.3907311284892737158, 0.000000000000000000, -0.9205048534524403747 ) ) ;
#642 = ORIENTED_EDGE ( 'NONE', *, *, #2950, .T. ) ;
#643 = CARTESIAN_POINT ( 'NONE',  ( 46.80000000000000426, 263.0000000000000000, 0.000000000000000000 ) ) ;
#644 = CARTESIAN_POINT ( 'NONE',  ( -39.91748297430892478, 120.2343318316846421, 50.59218501756915742 ) ) ;
#645 = FACE_OUTER_BOUND ( 'NONE', #408, .T. ) ;
#646 = EDGE_CURVE ( 'NONE', #1373, #7571, #6260, .T. ) ;
#647 = CARTESIAN_POINT ( 'NONE',  ( -46.99561851544654445, 211.1611912024371236, 0.6462515316770567342 ) ) ;
#648 = DIRECTION ( 'NONE',  ( -0.000000000000000000, -1.000000000000000000, -0.000000000000000000 ) ) ;
#649 = CARTESIAN_POINT ( 'NONE',  ( 50.58970023380037162, 130.9941881811295445, 39.91996775807773901 ) ) ;
#650 = ORIENTED_EDGE ( 'NONE', *, *, #6505, .T. ) ;
#651 = CARTESIAN_POINT ( 'NONE',  ( 43.94697918396570202, 157.2818685057019650, 46.56268880791240861 ) ) ;
#652 = CARTESIAN_POINT ( 'NONE',  ( -50.17042213900460013, 140.4589426390626272, -40.33924585287351761 ) ) ;
#653 = CARTESIAN_POINT ( 'NONE',  ( 28.26772415252452220, 71.28898199371606381, -37.49320649782438863 ) ) ;
#654 = CARTESIAN_POINT ( 'NONE',  ( -40.07697081585678234, 80.17275260433950734, 29.90453712062164371 ) ) ;
#655 = DIRECTION ( 'NONE',  ( 0.000000000000000000, 0.000000000000000000, -1.000000000000000000 ) ) ;
#656 = CARTESIAN_POINT ( 'NONE',  ( -29.31272387618463071, 172.3557253146921937, -36.73995031797405630 ) ) ;
#657 = CARTESIAN_POINT ( 'NONE',  ( -50.68940747672289149, 127.6151589264297144, -39.82026051515521914 ) ) ;
#658 = LINE ( 'NONE', #5043, #6137 ) ;
#659 = EDGE_LOOP ( 'NONE', ( #636, #1167, #8057, #3104 ) ) ;
#660 = ORIENTED_EDGE ( 'NONE', *, *, #261, .F. ) ;
#661 = CARTESIAN_POINT ( 'NONE',  ( 33.26194495473986734, 37.17140469785623935, -32.49898569560905059 ) ) ;
#662 = DIRECTION ( 'NONE',  ( -0.000000000000000000, -1.000000000000000000, -0.000000000000000000 ) ) ;
#663 = CARTESIAN_POINT ( 'NONE',  ( 35.63270687126060210, 54.97802726448587407, 30.12822377908832649 ) ) ;
#665 = EDGE_CURVE ( 'NONE', #7081, #3794, #2328, .T. ) ;
#664 = CARTESIAN_POINT ( 'NONE',  ( -47.00000000000000000, 259.9730972603334749, 2.655267262506165515 ) ) ;
#666 = LINE ( 'NONE', #8989, #719 ) ;
#667 = CARTESIAN_POINT ( 'NONE',  ( -25.61039644484208466, 101.0166046022987985, -40.15053420550685814 ) ) ;
#668 = CARTESIAN_POINT ( 'NONE',  ( -37.51035950841358613, 170.3790392360400858, 28.32114118803933778 ) ) ;
#669 = CARTESIAN_POINT ( 'NONE',  ( -12.82439963561104435, 0.000000000000000000, 45.32046749522934448 ) ) ;
#670 = EDGE_CURVE ( 'NONE', #4419, #9042, #1525, .T. ) ;
#671 = ORIENTED_EDGE ( 'NONE', *, *, #718, .F. ) ;
#672 = DIRECTION ( 'NONE',  ( 0.5218651776778592266, 0.6747691995449354163, -0.5218651776778592266 ) ) ;
#673 = CARTESIAN_POINT ( 'NONE',  ( 39.86548770796168384, 124.0985968565961315, -50.64418028391641258 ) ) ;
#674 = B_SPLINE_CURVE_WITH_KNOTS ( 'NONE', 3,
 ( #7386, #668, #5058, #7297, #8663, #6562, #5146, #1311, #8112, #2833, #2738, #1264, #4233, #7974, #9585, #7203, #5779, #1408, #531, #8710, #8798, #4369, #1452, #4415, #4283, #726, #2097, #3513, #3561, #627, #6609, #9532, #2874, #3694 ),
 .UNSPECIFIED., .F., .F.,
 ( 4, 2, 2, 2, 2, 2, 2, 2, 2, 2, 2, 2, 2, 2, 2, 2, 4 ),
 ( 0.000000000000000000, 0.002341570909608286545, 0.003512356364412428083, 0.004683141819216569621, 0.005853927274020710725, 0.007024712728824851829, 0.008195498183628992933, 0.008780890911031038332, 0.009366283638433083730, 0.009951676365835129129, 0.01053706909323717279, 0.01170785454804126359, 0.01287864000284535092, 0.01404942545764944171, 0.01639099636725767709, 0.01756178182206179217, 0.01873256727686591072 ),
 .UNSPECIFIED. ) ;
#675 = EDGE_CURVE ( 'NONE', #4851, #5583, #2345, .T. ) ;
#676 = AXIS2_PLACEMENT_3D ( 'NONE', #8572, #9586, #3381 ) ;
#677 = VECTOR ( 'NONE', #7445, 1000.000000000000000 ) ;
#678 = CARTESIAN_POINT ( 'NONE',  ( 108.0000000000000000, 221.2045783221282989, -0.7135065983535374690 ) ) ;
#679 = CARTESIAN_POINT ( 'NONE',  ( 30.94645188787811207, 48.51213425699023674, 34.81447876247082718 ) ) ;
#680 = CARTESIAN_POINT ( 'NONE',  ( 49.88015961303176482, 239.4061085785753278, 3.459971158321283990 ) ) ;
#681 = APPROVAL_PERSON_ORGANIZATION ( #9076, #2793, #9221 ) ;
#682 = ORIENTED_EDGE ( 'NONE', *, *, #3640, .F. ) ;
#683 = ADVANCED_FACE ( 'NONE', ( #5554 ), #7792, .T. ) ;
#684 = ORIENTED_EDGE ( 'NONE', *, *, #3160, .T. ) ;
#685 = CARTESIAN_POINT ( 'NONE',  ( -50.58970023380037873, 130.9941881811295445, -39.91996775807773901 ) ) ;
#686 = CARTESIAN_POINT ( 'NONE',  ( -35.77960312803932652, 145.5000000000000000, -29.98132752230961984 ) ) ;
#687 = VERTEX_POINT ( 'NONE', #4100 ) ;
#688 = PLANE ( 'NONE',  #6782 ) ;
#689 = CARTESIAN_POINT ( 'NONE',  ( -32.16823240588157518, 39.48056780803440091, 33.59269824446734276 ) ) ;
#690 = AXIS2_PLACEMENT_3D ( 'NONE', #5143, #4322, #9529 ) ;
#691 = VECTOR ( 'NONE', #5575, 1000.000000000000114 ) ;
#692 = AXIS2_PLACEMENT_3D ( 'NONE', #9252, #4822, #7013 ) ;
#693 = VECTOR ( 'NONE', #8190, 1000.000000000000000 ) ;
#694 = CARTESIAN_POINT ( 'NONE',  ( 49.93783009309770904, 143.4569695494772930, -40.57183789878038027 ) ) ;
#695 = CARTESIAN_POINT ( 'NONE',  ( 39.93261097207425792, 165.4343660277961590, -30.09056553259868849 ) ) ;
#696 = DIRECTION ( 'NONE',  ( -0.8660254037844383745, 0.000000000000000000, 0.5000000000000003331 ) ) ;
#697 = CARTESIAN_POINT ( 'NONE',  ( -39.91748297430892478, 120.2343318316846421, 50.59218501756915742 ) ) ;
#698 = AXIS2_PLACEMENT_3D ( 'NONE', #8069, #585, #2742 ) ;
#699 = DIRECTION ( 'NONE',  ( 0.000000000000000000, 1.000000000000000000, 0.000000000000000000 ) ) ;
#700 = DIRECTION ( 'NONE',  ( -0.7071067811865474617, 0.000000000000000000, 0.7071067811865474617 ) ) ;
#701 = VERTEX_POINT ( 'NONE', #4782 ) ;
#702 = CARTESIAN_POINT ( 'NONE',  ( 49.09999999999999432, 264.0000000000000000, -3.135283081318203546 ) ) ;
#703 = CARTESIAN_POINT ( 'NONE',  ( -39.91748297430894610, 120.2343318316846279, -50.59218501756916453 ) ) ;
#704 = CARTESIAN_POINT ( 'NONE',  ( 50.17042213900457881, 140.4589426390626556, -40.33924585287350340 ) ) ;
#705 = AXIS2_PLACEMENT_3D ( 'NONE', #1650, #9038, #6059 ) ;
#706 = CARTESIAN_POINT ( 'NONE',  ( -42.54579159191731463, 128.3506640521271436, 26.26511122279016419 ) ) ;
#707 = CARTESIAN_POINT ( 'NONE',  ( -33.09259735953043702, 35.99999999999999289, -32.66833329081850223 ) ) ;
#708 = AXIS2_PLACEMENT_3D ( 'NONE', #7284, #3589, #3726 ) ;
#709 = VECTOR ( 'NONE', #1771, 1000.000000000000000 ) ;
#710 = CARTESIAN_POINT ( 'NONE',  ( -34.61057804017207218, 46.00849753284902732, -31.45444816953542855 ) ) ;
#711 = CARTESIAN_POINT ( 'NONE',  ( 39.86548770796168384, 124.0985968565961315, -50.64418028391641258 ) ) ;
#712 = FACE_OUTER_BOUND ( 'NONE', #5493, .T. ) ;
#713 = ORIENTED_EDGE ( 'NONE', *, *, #4062, .F. ) ;
#714 = ORIENTED_EDGE ( 'NONE', *, *, #6526, .T. ) ;
#715 = CARTESIAN_POINT ( 'NONE',  ( -37.49320649782438153, 71.28898199371604960, 28.26772415252452575 ) ) ;
#716 = CARTESIAN_POINT ( 'NONE',  ( -35.98550691814761393, 43.91141705726548139, 34.15368864456462461 ) ) ;
#717 = CARTESIAN_POINT ( 'NONE',  ( 33.09259735953043702, 36.00000000000000000, 32.66833329081850223 ) ) ;
#718 = EDGE_CURVE ( 'NONE', #8882, #8763, #148, .T. ) ;
#719 = VECTOR ( 'NONE', #6013, 1000.000000000000000 ) ;
#720 = CARTESIAN_POINT ( 'NONE',  ( -36.76708621042920555, 64.61538329461539831, -28.99384443991973725 ) ) ;
#721 = CARTESIAN_POINT ( 'NONE',  ( -47.00000000000000711, 160.4585312546849991, -0.2841225884134122581 ) ) ;
#722 = CIRCLE ( 'NONE', #8024, 46.70000000000000284 ) ;
#723 = DIRECTION ( 'NONE',  ( 0.000000000000000000, 0.000000000000000000, -1.000000000000000000 ) ) ;
#724 = CARTESIAN_POINT ( 'NONE',  ( -40.68351489493350215, 100.9687423887486943, -49.82615309694460848 ) ) ;
#725 = FACE_OUTER_BOUND ( 'NONE', #3151, .T. ) ;
#726 = CARTESIAN_POINT ( 'NONE',  ( -30.59914242695926490, 174.0484005150363771, 35.67620357438872247 ) ) ;
#727 = CARTESIAN_POINT ( 'NONE',  ( 32.88046532517447673, 176.7803523830567940, 32.88046532517446252 ) ) ;
#728 = ORIENTED_EDGE ( 'NONE', *, *, #8109, .T. ) ;
#729 = CARTESIAN_POINT ( 'NONE',  ( -44.93779350453365851, 52.88466077438589963, 45.57187448734442370 ) ) ;
#730 = CARTESIAN_POINT ( 'NONE',  ( 49.31902728797150814, 148.1781441586251447, -41.19064070390658827 ) ) ;
#731 = ADVANCED_FACE ( 'NONE', ( #7748 ), #3379, .T. ) ;
#732 = FACE_OUTER_BOUND ( 'NONE', #3528, .T. ) ;
#733 = CARTESIAN_POINT ( 'NONE',  ( 49.95700856522425681, 261.9455108489900681, 2.073261794755243859 ) ) ;
#734 = ORIENTED_EDGE ( 'NONE', *, *, #812, .F. ) ;
#735 = ORIENTED_EDGE ( 'NONE', *, *, #2701, .F. ) ;
#736 = CARTESIAN_POINT ( 'NONE',  ( -41.20721490222918959, 145.7020373835961777, -24.55371574811974256 ) ) ;
#737 = DIRECTION ( 'NONE',  ( -0.9743700647852351349, 0.000000000000000000, 0.2249510543438649757 ) ) ;
#738 = EDGE_LOOP ( 'NONE', ( #2766, #4009, #6737, #8215, #5672, #9335 ) ) ;
#739 = CARTESIAN_POINT ( 'NONE',  ( 48.15397179880387313, 145.5000000000000000, -42.35569619307420908 ) ) ;
#740 = CARTESIAN_POINT ( 'NONE',  ( -40.33924585287350340, 140.4589426390626556, 50.17042213900458592 ) ) ;
#741 = CARTESIAN_POINT ( 'NONE',  ( 50.17042213900457881, 140.4589426390626556, -40.33924585287350340 ) ) ;
#742 = CARTESIAN_POINT ( 'NONE',  ( 28.18405024541432979, 170.0262037789092915, -37.61230384976471441 ) ) ;
#743 = CARTESIAN_POINT ( 'NONE',  ( -33.95194050901731231, 264.0000000000000000, -34.91354659257850557 ) ) ;
#744 = CARTESIAN_POINT ( 'NONE',  ( 35.92463511080224947, 172.3210456249881588, 34.77817033145112191 ) ) ;
#745 = CARTESIAN_POINT ( 'NONE',  ( -27.19834591289385628, 166.8763353538257945, 38.56258473745505455 ) ) ;
#746 = CARTESIAN_POINT ( 'NONE',  ( -32.66833329081850223, 36.00000000000000000, -33.09259735953043702 ) ) ;
#747 = DIRECTION ( 'NONE',  ( -1.598721155460225418E-14, 0.000000000000000000, -1.000000000000000000 ) ) ;
#748 = VERTEX_POINT ( 'NONE', #3953 ) ;
#749 = DIRECTION ( 'NONE',  ( 1.000000000000000000, -0.000000000000000000, 0.000000000000000000 ) ) ;
#750 = CARTESIAN_POINT ( 'NONE',  ( -26.53717206652076754, 163.8347417721553256, -39.22375858382816460 ) ) ;
#751 = CARTESIAN_POINT ( 'NONE',  ( 50.49399183426300652, 134.5090890707682831, -40.01567615761508279 ) ) ;
#752 = DIRECTION ( 'NONE',  ( 0.000000000000000000, 1.000000000000000000, 0.000000000000000000 ) ) ;
#753 = CARTESIAN_POINT ( 'NONE',  ( -40.65331820325020118, 153.6225640485288011, -25.10761244709873452 ) ) ;
#754 = FACE_OUTER_BOUND ( 'NONE', #6435, .T. ) ;
#755 = CARTESIAN_POINT ( 'NONE',  ( 48.91202582514208075, 150.5005888525397495, -41.59764216673601567 ) ) ;
#756 = DIRECTION ( 'NONE',  ( 0.000000000000000000, 0.000000000000000000, 1.000000000000000000 ) ) ;
#757 = EDGE_LOOP ( 'NONE', ( #6157, #3942, #1835, #4574, #955, #432 ) ) ;
#758 = ORIENTED_EDGE ( 'NONE', *, *, #7006, .T. ) ;
#759 = CARTESIAN_POINT ( 'NONE',  ( -42.36324379412030794, 153.8348667856812142, 48.14642419775777427 ) ) ;
#760 = CARTESIAN_POINT ( 'NONE',  ( 45.77674598141886264, 54.62836855260158586, 44.73292201045924799 ) ) ;
#761 = CARTESIAN_POINT ( 'NONE',  ( 36.46736499287372624, 173.1609393494194080, 29.29356565747520236 ) ) ;
#762 = CARTESIAN_POINT ( 'NONE',  ( -107.9999999999999858, 196.5653704246423956, -0.8992161131770317617 ) ) ;
#763 = PLANE ( 'NONE',  #4735 ) ;
#764 = CARTESIAN_POINT ( 'NONE',  ( -30.94645188787811207, 48.51213425699022963, -34.81447876247082718 ) ) ;
#765 = DIRECTION ( 'NONE',  ( 0.8660254037844383745, 0.000000000000000000, -0.5000000000000004441 ) ) ;
#766 = ADVANCED_FACE ( 'NONE', ( #7018 ), #5598, .F. ) ;
#767 = CARTESIAN_POINT ( 'NONE',  ( 32.66833329081848802, 35.99999999999999289, -33.09259735953042991 ) ) ;
#768 = DIRECTION ( 'NONE',  ( -0.000000000000000000, -1.000000000000000000, -0.000000000000000000 ) ) ;
#769 = EDGE_LOOP ( 'NONE', ( #6815, #7171, #6764, #8712, #3285, #5627, #3671, #3464, #7096 ) ) ;
#770 = CARTESIAN_POINT ( 'NONE',  ( -24.96626355950889931, 111.3121957717727071, 40.79466709084002218 ) ) ;
#771 = CARTESIAN_POINT ( 'NONE',  ( 49.93783009309770904, 143.4569695494772930, -40.57183789878038027 ) ) ;
#772 = CARTESIAN_POINT ( 'NONE',  ( -28.56886579483231969, 171.3537213827942196, 37.19206485551659824 ) ) ;
#773 = CARTESIAN_POINT ( 'NONE',  ( 49.99290417737708481, 266.7832322986190547, -0.8553904651157879790 ) ) ;
#774 = AXIS2_PLACEMENT_3D ( 'NONE', #8511, #1901, #1851 ) ;
#775 = ORIENTED_EDGE ( 'NONE', *, *, #3757, .F. ) ;
#776 = ORIENTED_EDGE ( 'NONE', *, *, #6167, .T. ) ;
#777 = CARTESIAN_POINT ( 'NONE',  ( -37.49320649782439574, 71.28898199371606381, -28.26772415252453641 ) ) ;
#778 = EDGE_CURVE ( 'NONE', #2749, #3568, #5408, .T. ) ;
#779 = LINE ( 'NONE', #7546, #8473 ) ;
#780 = CARTESIAN_POINT ( 'NONE',  ( 0.000000000000000000, 275.0000000000000000, 50.00000000000000000 ) ) ;
#781 = LINE ( 'NONE', #6715, #4917 ) ;
#782 = CARTESIAN_POINT ( 'NONE',  ( -45.04270196158307726, 52.00000000000000000, 45.46696603029501205 ) ) ;
#783 = ADVANCED_FACE ( 'NONE', ( #8571 ), #4873, .F. ) ;
#784 = AXIS2_PLACEMENT_3D ( 'NONE', #7620, #1783, #956 ) ;
#785 = CARTESIAN_POINT ( 'NONE',  ( 34.68057595339049470, 175.3233815820528321, -31.08035469695841968 ) ) ;
#786 = CARTESIAN_POINT ( 'NONE',  ( -36.16138306720321083, 57.99999999999999289, 30.02250515210873871 ) ) ;
#787 = DIRECTION ( 'NONE',  ( 0.000000000000000000, -1.000000000000000000, 0.000000000000000000 ) ) ;
#788 = CARTESIAN_POINT ( 'NONE',  ( 39.62546294327271568, 74.95886082562991248, 30.50265559212992628 ) ) ;
#789 = CARTESIAN_POINT ( 'NONE',  ( -32.16823240588157518, 39.48056780803440091, 33.59269824446734276 ) ) ;
#790 = CARTESIAN_POINT ( 'NONE',  ( -40.92961328274396493, 96.97051065983893636, -49.58005470913414570 ) ) ;
#791 = CARTESIAN_POINT ( 'NONE',  ( 27.19834591289388470, 166.8763353538258514, 38.56258473745506166 ) ) ;
#792 = VERTEX_POINT ( 'NONE', #6187 ) ;
#793 = DIRECTION ( 'NONE',  ( 0.000000000000000000, 1.000000000000000000, 0.000000000000000000 ) ) ;
#794 = CARTESIAN_POINT ( 'NONE',  ( -40.28617701406469109, 108.7025900201346644, -50.22349097781342664 ) ) ;
#795 = ORIENTED_EDGE ( 'NONE', *, *, #7928, .F. ) ;
#796 = CARTESIAN_POINT ( 'NONE',  ( 34.81447876247081297, 48.51213425699022963, -30.94645188787810497 ) ) ;
#797 = LINE ( 'NONE', #7321, #9411 ) ;
#798 = EDGE_CURVE ( 'NONE', #2510, #6058, #7841, .T. ) ;
#799 = CARTESIAN_POINT ( 'NONE',  ( -31.08035469695842679, 175.3233815820528321, -34.68057595339050891 ) ) ;
#800 = CARTESIAN_POINT ( 'NONE',  ( -35.87586871434723435, 173.7963362840297066, -30.36448191014822484 ) ) ;
#801 = CARTESIAN_POINT ( 'NONE',  ( 40.11998767400630328, 112.7299032302373263, -50.38968031787177893 ) ) ;
#802 = CARTESIAN_POINT ( 'NONE',  ( -26.00954371031357582, 95.69680212022356613, 39.75138694003534567 ) ) ;
#803 = VERTEX_POINT ( 'NONE', #1864 ) ;
#804 = ORIENTED_EDGE ( 'NONE', *, *, #4085, .F. ) ;
#805 = CARTESIAN_POINT ( 'NONE',  ( -47.72506399400256782, 155.3921848145514844, 42.78460399787552149 ) ) ;
#806 = APPROVAL_ROLE ( '' ) ;
#807 = CARTESIAN_POINT ( 'NONE',  ( 50.49399183426302073, 134.5090890707682547, 40.01567615761508989 ) ) ;
#808 = EDGE_CURVE ( 'NONE', #1957, #5942, #9111, .T. ) ;
#809 = CARTESIAN_POINT ( 'NONE',  ( 37.25277915899236092, 171.2031378497270282, 28.50815149135656767 ) ) ;
#810 = DIRECTION ( 'NONE',  ( 0.000000000000000000, -1.000000000000000000, 0.000000000000000000 ) ) ;
#811 = PLANE ( 'NONE',  #8172 ) ;
#812 = EDGE_CURVE ( 'NONE', #9560, #4256, #7931, .T. ) ;
#813 = CARTESIAN_POINT ( 'NONE',  ( -44.73292201045924799, 54.62836855260157876, -45.77674598141885554 ) ) ;
#814 = EDGE_LOOP ( 'NONE', ( #6063, #6156, #2449, #7218 ) ) ;
#815 = CARTESIAN_POINT ( 'NONE',  ( 49.58005470913413859, 96.97051065983893636, 40.92961328274396493 ) ) ;
#816 = CARTESIAN_POINT ( 'NONE',  ( 25.61039644484206690, 101.0166046022987985, -40.15053420550685104 ) ) ;
#817 = CARTESIAN_POINT ( 'NONE',  ( 0.000000000000000000, 39.50000000000000000, 0.000000000000000000 ) ) ;
#818 = CARTESIAN_POINT ( 'NONE',  ( -23.54999999999999361, 39.50000000000000000, 40.78979651824707275 ) ) ;
#819 = VERTEX_POINT ( 'NONE', #4006 ) ;
#820 = CARTESIAN_POINT ( 'NONE',  ( -41.19064070390658117, 148.1781441586251162, 49.31902728797150104 ) ) ;
#821 = CARTESIAN_POINT ( 'NONE',  ( 41.59764216673600146, 150.5005888525396927, -48.91202582514208075 ) ) ;
#822 = CARTESIAN_POINT ( 'NONE',  ( 41.74177417787064570, 85.62404022679615423, 48.76789381400746493 ) ) ;
#823 = LINE ( 'NONE', #6068, #5508 ) ;
#824 = ORIENTED_EDGE ( 'NONE', *, *, #7580, .F. ) ;
#825 = VERTEX_POINT ( 'NONE', #6925 ) ;
#826 = AXIS2_PLACEMENT_3D ( 'NONE', #2818, #9430, #8830 ) ;
#827 = CARTESIAN_POINT ( 'NONE',  ( -39.22375858382816460, 163.8347417721553541, -26.53717206652077110 ) ) ;
#828 = AXIS2_PLACEMENT_3D ( 'NONE', #1563, #830, #3276 ) ;
#829 = DIRECTION ( 'NONE',  ( 0.000000000000000000, 0.5429190384632399669, 0.8397850425401437446 ) ) ;
#830 = DIRECTION ( 'NONE',  ( -0.6018150231520480453, 0.000000000000000000, 0.7986355100472930513 ) ) ;
#831 = DIRECTION ( 'NONE',  ( 0.2923717047227364918, 0.000000000000000000, -0.9563047559630355465 ) ) ;
#832 = CARTESIAN_POINT ( 'NONE',  ( -50.22349097781341243, 108.7025900201346502, 40.28617701406468399 ) ) ;
#833 = CARTESIAN_POINT ( 'NONE',  ( 28.50815149135656057, 171.2031378497270566, -37.25277915899235381 ) ) ;
#834 = VECTOR ( 'NONE', #7793, 1000.000000000000227 ) ;
#835 = FACE_OUTER_BOUND ( 'NONE', #8379, .T. ) ;
#836 = CYLINDRICAL_SURFACE ( 'NONE', #1633, 48.70000000000000284 ) ;
#837 = CARTESIAN_POINT ( 'NONE',  ( 38.64485246354453096, 169.3695786487623138, 31.72710345030080248 ) ) ;
#838 = CARTESIAN_POINT ( 'NONE',  ( -41.59764216673600146, 150.5005888525397495, 48.91202582514208075 ) ) ;
#839 = CYLINDRICAL_SURFACE ( 'NONE', #8003, 46.50000000000000000 ) ;
#840 = CARTESIAN_POINT ( 'NONE',  ( 48.14642419775778848, 153.8348667856812142, 42.36324379412032215 ) ) ;
#841 = ORIENTED_EDGE ( 'NONE', *, *, #3836, .F. ) ;
#842 = CARTESIAN_POINT ( 'NONE',  ( 43.19369017679611034, 69.12979561808752749, 47.31597781508200029 ) ) ;
#843 = DIRECTION ( 'NONE',  ( 0.000000000000000000, 0.000000000000000000, 1.000000000000000000 ) ) ;
#844 = ORIENTED_EDGE ( 'NONE', *, *, #421, .T. ) ;
#845 = CARTESIAN_POINT ( 'NONE',  ( 45.92619372941036460, 55.93620152028918113, -44.58347426246772471 ) ) ;
#846 = CARTESIAN_POINT ( 'NONE',  ( -35.91078380664560399, 172.3257622397523789, 34.79250474473668220 ) ) ;
#847 = VECTOR ( 'NONE', #2836, 1000.000000000000000 ) ;
#848 = CARTESIAN_POINT ( 'NONE',  ( -49.82615309694460848, 100.9687423887486943, -40.68351489493349504 ) ) ;
#849 = CARTESIAN_POINT ( 'NONE',  ( -33.17716150233881223, 36.58494384897174712, -32.58376914801012703 ) ) ;
#850 = VECTOR ( 'NONE', #6507, 1000.000000000000000 ) ;
#851 = CARTESIAN_POINT ( 'NONE',  ( 31.92684771948880140, 41.21309918220619295, -33.83408293086011298 ) ) ;
#852 = CARTESIAN_POINT ( 'NONE',  ( -43.94697918396570202, 157.2818685057019650, 46.56268880791238018 ) ) ;
#853 = EDGE_LOOP ( 'NONE', ( #5780, #1001, #2235, #7189 ) ) ;
#854 = VERTEX_POINT ( 'NONE', #1821 ) ;
#855 = VECTOR ( 'NONE', #7131, 1000.000000000000114 ) ;
#856 = CARTESIAN_POINT ( 'NONE',  ( -26.53717206652075689, 163.8347417721553256, 39.22375858382815750 ) ) ;
#857 = CARTESIAN_POINT ( 'NONE',  ( 47.10000000000000142, 39.50000000000000000, 0.000000000000000000 ) ) ;
#858 = CARTESIAN_POINT ( 'NONE',  ( 40.11998767400631749, 112.7299032302373121, 50.38968031787179314 ) ) ;
#859 = CARTESIAN_POINT ( 'NONE',  ( 39.22375858382816460, 163.8347417721553256, 26.53717206652076754 ) ) ;
#860 = CARTESIAN_POINT ( 'NONE',  ( -47.00000000000000000, 184.1311746075470239, -1.825843266918902863 ) ) ;
#861 = VECTOR ( 'NONE', #1435, 1000.000000000000000 ) ;
#862 = VECTOR ( 'NONE', #8529, 1000.000000000000000 ) ;
#863 = DIRECTION ( 'NONE',  ( 1.224646799147353207E-16, 0.000000000000000000, -1.000000000000000000 ) ) ;
#864 = CARTESIAN_POINT ( 'NONE',  ( -41.19064070390658827, 148.1781441586251447, -49.31902728797152236 ) ) ;
#865 = ORIENTED_EDGE ( 'NONE', *, *, #292, .F. ) ;
#866 = DIRECTION ( 'NONE',  ( 0.7071067811865473507, -0.000000000000000000, -0.7071067811865477948 ) ) ;
#867 = AXIS2_PLACEMENT_3D ( 'NONE', #5816, #6595, #1351 ) ;
#868 = CARTESIAN_POINT ( 'NONE',  ( 30.94645188787809786, 48.51213425699023674, -34.81447876247082007 ) ) ;
#869 = CARTESIAN_POINT ( 'NONE',  ( -46.16691639851457296, 58.04302010026673031, 44.34275159336351635 ) ) ;
#870 = CARTESIAN_POINT ( 'NONE',  ( -37.25277915899236092, 171.2031378497270566, -28.50815149135657478 ) ) ;
#871 = ORIENTED_EDGE ( 'NONE', *, *, #5543, .F. ) ;
#872 = VECTOR ( 'NONE', #7710, 1000.000000000000114 ) ;
#873 = CARTESIAN_POINT ( 'NONE',  ( -39.86548770796168384, 124.0985968565961883, 50.64418028391641258 ) ) ;
#874 = CARTESIAN_POINT ( 'NONE',  ( 38.56258473745505455, 166.8763353538257945, -27.19834591289385983 ) ) ;
#875 = EDGE_CURVE ( 'NONE', #1663, #7081, #5790, .T. ) ;
#876 = EDGE_CURVE ( 'NONE', #7770, #8001, #3483, .T. ) ;
#877 = CARTESIAN_POINT ( 'NONE',  ( 44.58347426246773182, 55.93620152028918824, 45.92619372941037881 ) ) ;
#878 = CARTESIAN_POINT ( 'NONE',  ( 49.94996058453980936, 260.5590343701206280, 2.240389629204805999 ) ) ;
#879 = ORIENTED_EDGE ( 'NONE', *, *, #184, .F. ) ;
#880 = ORIENTED_EDGE ( 'NONE', *, *, #3558, .T. ) ;
#881 = CARTESIAN_POINT ( 'NONE',  ( -27.32702615385186107, 80.61020279584469961, -38.43390449649707108 ) ) ;
#882 = DIRECTION ( 'NONE',  ( 0.000000000000000000, -1.000000000000000000, 0.000000000000000000 ) ) ;
#883 = LINE ( 'NONE', #4480, #677 ) ;
#884 = CARTESIAN_POINT ( 'NONE',  ( 108.0000000000000000, 188.0000000000000000, 0.1499999999999999944 ) ) ;
#885 = CARTESIAN_POINT ( 'NONE',  ( -41.19064070390658117, 148.1781441586251162, 49.31902728797150104 ) ) ;
#886 = CARTESIAN_POINT ( 'NONE',  ( 50.49399183426300652, 134.5090890707682831, -40.01567615761508279 ) ) ;
#887 = CARTESIAN_POINT ( 'NONE',  ( 28.35440726274840983, 95.00178607668459563, -41.18630044091789699 ) ) ;
#888 = CARTESIAN_POINT ( 'NONE',  ( -24.20000000000002061, 268.0000000000000000, -41.91562954316682266 ) ) ;
#889 = CARTESIAN_POINT ( 'NONE',  ( 40.53643829274378163, 162.7673015036227468, 29.27444961139488910 ) ) ;
#890 = CARTESIAN_POINT ( 'NONE',  ( -26.00954371031358647, 95.69680212022358035, -39.75138694003535278 ) ) ;
#891 = CARTESIAN_POINT ( 'NONE',  ( 24.69734275216253394, 116.6762642137271797, 41.06358789818640531 ) ) ;
#892 = EDGE_LOOP ( 'NONE', ( #5769, #4649, #1868, #6366 ) ) ;
#893 = LINE ( 'NONE', #3867, #8400 ) ;
#894 = CARTESIAN_POINT ( 'NONE',  ( -13.65375861055179918, 35.50000000000000000, 44.65943210347376180 ) ) ;
#895 = ORIENTED_EDGE ( 'NONE', *, *, #9398, .F. ) ;
#896 = CARTESIAN_POINT ( 'NONE',  ( 36.46736499287372624, 173.1609393494194080, -29.29356565747519880 ) ) ;
#897 = CARTESIAN_POINT ( 'NONE',  ( -39.93261097207899724, 165.4343660277772869, 30.09056553259240374 ) ) ;
#898 = CARTESIAN_POINT ( 'NONE',  ( -50.38968031787179314, 112.7299032302373263, -40.11998767400631749 ) ) ;
#899 = CARTESIAN_POINT ( 'NONE',  ( -33.26194495473987445, 37.17140469785621093, -32.49898569560906481 ) ) ;
#900 = CARTESIAN_POINT ( 'NONE',  ( 49.93783009309770904, 143.4569695494772930, -40.57183789878038027 ) ) ;
#901 = CARTESIAN_POINT ( 'NONE',  ( -28.26772415252452930, 71.28898199371604960, 37.49320649782438863 ) ) ;
#902 = ORIENTED_EDGE ( 'NONE', *, *, #9307, .F. ) ;
#903 = ORIENTED_EDGE ( 'NONE', *, *, #6167, .F. ) ;
#904 = CARTESIAN_POINT ( 'NONE',  ( -34.68057595339048049, 175.3233815820528605, 31.08035469695843389 ) ) ;
#905 = CARTESIAN_POINT ( 'NONE',  ( 42.78460399787552859, 155.3921848145514844, 47.72506399400258204 ) ) ;
#906 = CARTESIAN_POINT ( 'NONE',  ( 48.18764232538012493, 78.60787726850115575, 42.32202566649797859 ) ) ;
#907 = ADVANCED_FACE ( 'NONE', ( #1766 ), #5503, .T. ) ;
#908 = CARTESIAN_POINT ( 'NONE',  ( -47.00000000000000000, 160.0000000000000000, -0.2500000000000000000 ) ) ;
#909 = EDGE_CURVE ( 'NONE', #2616, #7571, #5128, .T. ) ;
#910 = PERSON ( 'UNSPECIFIED', 'UNSPECIFIED', 'UNSPECIFIED', ('UNSPECIFIED'), ('UNSPECIFIED'), ('UNSPECIFIED') ) ;
#911 = CARTESIAN_POINT ( 'NONE',  ( 38.67929575223243432, 65.05334878492827499, -31.69400693055744611 ) ) ;
#912 = DIRECTION ( 'NONE',  ( 1.224646799147353207E-16, 0.000000000000000000, -1.000000000000000000 ) ) ;
#913 = ORIENTED_EDGE ( 'NONE', *, *, #7057, .F. ) ;
#914 = CARTESIAN_POINT ( 'NONE',  ( 33.59269824446734987, 39.48056780803440091, 32.16823240588158939 ) ) ;
#915 = LINE ( 'NONE', #3887, #5596 ) ;
#916 = CARTESIAN_POINT ( 'NONE',  ( -45.25483399593903755, 158.6226686892998146, 45.25483399593904466 ) ) ;
#917 = CARTESIAN_POINT ( 'NONE',  ( -38.56258473745505455, 166.8763353538258514, -27.19834591289388470 ) ) ;
#918 = ORIENTED_EDGE ( 'NONE', *, *, #1236, .F. ) ;
#919 = CARTESIAN_POINT ( 'NONE',  ( -42.32202566649796438, 78.60787726850115575, 48.18764232538012493 ) ) ;
#920 = CARTESIAN_POINT ( 'NONE',  ( 42.78460399787551438, 155.3921848145515128, -47.72506399400257493 ) ) ;
#921 = EDGE_CURVE ( 'NONE', #8428, #7845, #5674, .T. ) ;
#922 = B_SPLINE_CURVE_WITH_KNOTS ( 'NONE', 3,
 ( #7905, #4304, #7272, #3438 ),
 .UNSPECIFIED., .F., .F.,
 ( 4, 4 ),
 ( 0.000000000000000000, 0.009128091185151952433 ),
 .UNSPECIFIED. ) ;
#923 = EDGE_CURVE ( 'NONE', #34, #8223, #8242, .T. ) ;
#924 = FACE_BOUND ( 'NONE', #7305, .T. ) ;
#925 = CARTESIAN_POINT ( 'NONE',  ( 49.87850033426988716, 232.5153467931204716, -3.483562062873095222 ) ) ;
#926 = ORIENTED_EDGE ( 'NONE', *, *, #9131, .F. ) ;
#927 = ORIENTED_EDGE ( 'NONE', *, *, #5676, .T. ) ;
#928 = CARTESIAN_POINT ( 'NONE',  ( 33.29205730601435675, 42.66503590177148908, 32.46887334433458250 ) ) ;
#929 = CARTESIAN_POINT ( 'NONE',  ( 46.43274706497559379, 30.00000000000000000, -2.499999999999999112 ) ) ;
#930 = EDGE_CURVE ( 'NONE', #7709, #701, #1390, .T. ) ;
#931 = CARTESIAN_POINT ( 'NONE',  ( -49.88547651273927386, 243.6474928663324704, 3.382432060738779001 ) ) ;
#932 = DIRECTION ( 'NONE',  ( -0.2722802470405741304, 0.000000000000000000, 0.9622179935292852759 ) ) ;
#933 = CARTESIAN_POINT ( 'NONE',  ( -40.79466709084000797, 111.3121957717727071, 24.96626355950890641 ) ) ;
#934 = CARTESIAN_POINT ( 'NONE',  ( 0.000000000000000000, 0.000000000000000000, 0.000000000000000000 ) ) ;
#935 = VECTOR ( 'NONE', #603, 1000.000000000000000 ) ;
#936 = CARTESIAN_POINT ( 'NONE',  ( 36.88427203085415584, 172.0413855345993284, -29.13063671873322846 ) ) ;
#937 = EDGE_CURVE ( 'NONE', #8982, #4550, #468, .T. ) ;
#938 = PLANE ( 'NONE',  #5826 ) ;
#939 = CARTESIAN_POINT ( 'NONE',  ( 40.05907280636137102, 79.96170033941656641, 29.92843488487929804 ) ) ;
#940 = CARTESIAN_POINT ( 'NONE',  ( 34.94075078326841322, 38.38965361115109687, 34.51648671455648554 ) ) ;
#941 = CARTESIAN_POINT ( 'NONE',  ( 28.75104949436352442, 66.80701258836775480, 37.00988115598541128 ) ) ;
#942 = ORIENTED_EDGE ( 'NONE', *, *, #332, .T. ) ;
#943 = CARTESIAN_POINT ( 'NONE',  ( 45.25483399593905176, 157.9999999999999716, 45.25483399593905176 ) ) ;
#944 = DIRECTION ( 'NONE',  ( 0.8660254037844388186, 0.000000000000000000, 0.4999999999999997780 ) ) ;
#945 = ORIENTED_EDGE ( 'NONE', *, *, #921, .T. ) ;
#946 = CARTESIAN_POINT ( 'NONE',  ( -21.38493649053892653, 30.00000000000000000, -42.03979651824705144 ) ) ;
#947 = CIRCLE ( 'NONE', #2512, 1.050000000000000044 ) ;
#948 = CARTESIAN_POINT ( 'NONE',  ( -27.72384869572678667, 155.3918562705104307, 41.61076682821938988 ) ) ;
#949 = CARTESIAN_POINT ( 'NONE',  ( -47.72506399400258204, 155.3921848145515128, -42.78460399787553570 ) ) ;
#950 = B_SPLINE_CURVE_WITH_KNOTS ( 'NONE', 3,
 ( #3141, #4734, #4786, #4640, #3912, #349, #2508, #6141, #3286, #5412, #2606, #5460, #5558, #3957, #203, #6086, #3329, #9063, #9208, #8528, #1869, #9115, #6239, #4831, #7796, #5507, #8482, #1044, #1131, #8380, #1724, #4688, #6831, #156, #2410, #5363, #1825, #8338, #7707, #6930, #1679, #7607, #8429, #4010, #6977, #302, #7752, #1086, #451, #7215, #2651, #5704, #4296, #8677, #2021, #4978, #7068, #6488, #4200, #594, #3571, #7945, #4932, #5647, #2846, #5792, #3384, #5602, #8626, #7898, #7846, #1230, #6432, #5020, #1279, #2755, #7987, #546, #6532, #2064, #1184, #4246, #1973, #3475, #4157, #9408, #406, #7169, #9460, #7122, #497, #3430 ),
 .UNSPECIFIED., .F., .F.,
 ( 4, 2, 2, 2, 2, 2, 2, 2, 2, 2, 2, 2, 2, 2, 2, 2, 2, 2, 2, 2, 2, 2, 2, 2, 2, 2, 2, 2, 2, 2, 2, 2, 2, 2, 2, 2, 2, 2, 2, 2, 2, 2, 2, 2, 2, 4 ),
 ( 0.000000000000000000, 0.01529258496822956392, 0.03058516993645912785, 0.04587775490468869177, 0.06117033987291825570, 0.06881663235703300296, 0.07646292484114783350, 0.08410921732526263628, 0.09175550980937745293, 0.09940180229349225571, 0.1070480947776070585, 0.1089596678986357453, 0.1108712410196644321, 0.1127828141406931051, 0.1146943872617217919, 0.1156501738222361214, 0.1166059603827504648, 0.1175617469432647944, 0.1185175335037791239, 0.1194733200642934673, 0.1204291066248077968, 0.1213848931853221264, 0.1218627864655792981, 0.1223406797458364698, 0.1232964663063508132, 0.1242522528668651705, 0.1252080394273795139, 0.1261638259878938573, 0.1271196125484082007, 0.1280753991089225441, 0.1299869722299511754, 0.1318985453509797789, 0.1338101184720083825, 0.1376332647140655896, 0.1414564109561227967, 0.1452795571981800038, 0.1491027034402371831, 0.1529258496822944180, 0.1605721421664087767, 0.1682184346505231909, 0.1758647271346376051, 0.1835110196187519915, 0.1988036045869808199, 0.2140961895552096206, 0.2293887745234384212, 0.2446813594916672219 ),
 .UNSPECIFIED. ) ;
#951 = CARTESIAN_POINT ( 'NONE',  ( -39.22375858382816460, 163.8347417721553541, -26.53717206652077110 ) ) ;
#952 = CARTESIAN_POINT ( 'NONE',  ( 34.81447876247081297, 48.51213425699022963, -30.94645188787810497 ) ) ;
#953 = CARTESIAN_POINT ( 'NONE',  ( -42.36324379412030794, 153.8348667856812142, 48.14642419775777427 ) ) ;
#954 = VERTEX_POINT ( 'NONE', #3588 ) ;
#955 = ORIENTED_EDGE ( 'NONE', *, *, #4554, .T. ) ;
#956 = DIRECTION ( 'NONE',  ( 0.000000000000000000, 0.000000000000000000, 1.000000000000000000 ) ) ;
#957 = ORIENTED_EDGE ( 'NONE', *, *, #3034, .F. ) ;
#958 = APPLICATION_PROTOCOL_DEFINITION ( 'international standard', 'config_control_design', 1994, #3169 ) ;
#959 = CARTESIAN_POINT ( 'NONE',  ( 39.86548770796168384, 124.0985968565961315, 50.64418028391641968 ) ) ;
#960 = CARTESIAN_POINT ( 'NONE',  ( 41.36857510098818125, 141.0186408901463153, 24.39235554936074735 ) ) ;
#961 = CARTESIAN_POINT ( 'NONE',  ( 26.50182654239653246, 120.7183223083804648, 42.39887059890493504 ) ) ;
#962 = CARTESIAN_POINT ( 'NONE',  ( -42.35569619307421618, 145.5000000000000000, -48.15397179880389444 ) ) ;
#963 = CARTESIAN_POINT ( 'NONE',  ( -44.99031566266480553, 52.44175755770029212, -45.51935232921329799 ) ) ;
#964 = EDGE_LOOP ( 'NONE', ( #7720, #7754, #4306, #2827, #2289, #4626, #5822, #1130, #3774, #1410, #2321, #1493, #5721, #9274, #4604, #6585 ) ) ;
#965 = CARTESIAN_POINT ( 'NONE',  ( 28.50815149135656767, 171.2031378497270850, 37.25277915899236092 ) ) ;
#966 = DIRECTION ( 'NONE',  ( -0.7071067811865474617, -0.000000000000000000, -0.7071067811865474617 ) ) ;
#967 = CARTESIAN_POINT ( 'NONE',  ( 40.00000000000000000, 42.00000000000000000, 0.000000000000000000 ) ) ;
#968 = CARTESIAN_POINT ( 'NONE',  ( -43.97682058470661559, 61.44371818057052792, -46.53284740717148082 ) ) ;
#969 = EDGE_CURVE ( 'NONE', #7109, #5287, #8787, .T. ) ;
#970 = EDGE_LOOP ( 'NONE', ( #2531, #5049, #7039, #9423 ) ) ;
#971 = B_SPLINE_CURVE_WITH_KNOTS ( 'NONE', 3,
 ( #4149, #3319, #3230, #9151 ),
 .UNSPECIFIED., .F., .F.,
 ( 4, 4 ),
 ( 0.000000000000000000, 0.0003614012583409528692 ),
 .UNSPECIFIED. ) ;
#972 = CARTESIAN_POINT ( 'NONE',  ( -27.32702615385185396, 80.61020279584469961, 38.43390449649707108 ) ) ;
#973 = CARTESIAN_POINT ( 'NONE',  ( 37.71505118858642902, 73.51205311375596807, 28.04587946176250313 ) ) ;
#974 = DIRECTION ( 'NONE',  ( 0.000000000000000000, 1.000000000000000000, 0.000000000000000000 ) ) ;
#975 = CARTESIAN_POINT ( 'NONE',  ( 49.95214764988239153, 192.4750630698704583, -2.200314928910215517 ) ) ;
#976 = EDGE_CURVE ( 'NONE', #450, #3316, #6840, .T. ) ;
#977 = ADVANCED_FACE ( 'NONE', ( #3451 ), #8802, .T. ) ;
#978 = ORIENTED_EDGE ( 'NONE', *, *, #4985, .T. ) ;
#979 = FACE_OUTER_BOUND ( 'NONE', #7424, .T. ) ;
#980 = DIRECTION ( 'NONE',  ( -1.000000000000000000, 0.000000000000000000, -0.000000000000000000 ) ) ;
#981 = CARTESIAN_POINT ( 'NONE',  ( -28.99384458908446049, 64.61538201888454580, 36.76708606126445034 ) ) ;
#982 = LINE ( 'NONE', #3277, #7690 ) ;
#983 = CARTESIAN_POINT ( 'NONE',  ( -33.59269824446732855, 39.48056780803435828, 32.16823240588158228 ) ) ;
#984 = CARTESIAN_POINT ( 'NONE',  ( 46.53284740717146661, 61.44371818057052792, -43.97682058470661559 ) ) ;
#985 = CARTESIAN_POINT ( 'NONE',  ( -42.62031228415366257, 75.23276251545793514, 47.88935570772444095 ) ) ;
#986 = DIRECTION ( 'NONE',  ( -0.8660254037844384856, 0.000000000000000000, 0.5000000000000004441 ) ) ;
#987 = DIRECTION ( 'NONE',  ( 0.000000000000000000, 0.000000000000000000, -1.000000000000000000 ) ) ;
#988 = CARTESIAN_POINT ( 'NONE',  ( 42.62031228415365547, 75.23276251545790672, 47.88935570772444095 ) ) ;
#989 = ORIENTED_EDGE ( 'NONE', *, *, #4743, .F. ) ;
#990 = DIRECTION ( 'NONE',  ( -0.7071067811865475727, 0.000000000000000000, -0.7071067811865475727 ) ) ;
#991 = CARTESIAN_POINT ( 'NONE',  ( 0.000000000000000000, 42.00000000000000000, 0.000000000000000000 ) ) ;
#992 = VERTEX_POINT ( 'NONE', #5374 ) ;
#993 = CARTESIAN_POINT ( 'NONE',  ( 33.09259735953042281, 36.00000000000000000, -32.66833329081849513 ) ) ;
#994 = CARTESIAN_POINT ( 'NONE',  ( -38.10567307476865295, 170.3547063632765628, 32.37302178412730314 ) ) ;
#995 = AXIS2_PLACEMENT_3D ( 'NONE', #3989, #3308, #8601 ) ;
#996 = CARTESIAN_POINT ( 'NONE',  ( -50.17042213900457881, 140.4589426390626556, 40.33924585287351050 ) ) ;
#997 = ADVANCED_FACE ( 'NONE', ( #6940, #8536 ), #1094, .T. ) ;
#998 = CARTESIAN_POINT ( 'NONE',  ( -33.09259735953043702, 35.99999999999999289, -32.66833329081850223 ) ) ;
#999 = CARTESIAN_POINT ( 'NONE',  ( 33.83408293086011298, 41.21309918220622137, -31.92684771948880140 ) ) ;
#1000 = CARTESIAN_POINT ( 'NONE',  ( -39.91748297430892478, 120.2343318316846421, 50.59218501756915742 ) ) ;
#1001 = ORIENTED_EDGE ( 'NONE', *, *, #519, .T. ) ;
#1002 = ORIENTED_EDGE ( 'NONE', *, *, #3966, .T. ) ;
#1003 = CARTESIAN_POINT ( 'NONE',  ( 45.92619372941038591, 55.93620152028918824, 44.58347426246773892 ) ) ;
#1004 = DIRECTION ( 'NONE',  ( -0.000000000000000000, -1.000000000000000000, -0.000000000000000000 ) ) ;
#1005 = CARTESIAN_POINT ( 'NONE',  ( 40.01567615761508989, 134.5090890707682831, 50.49399183426302073 ) ) ;
#1006 = DIRECTION ( 'NONE',  ( 0.4771338767340425058, -0.7380288120022735487, -0.4771338767340425613 ) ) ;
#1007 = CARTESIAN_POINT ( 'NONE',  ( 49.05663547162954075, 89.40149471062302666, -41.45303252024854146 ) ) ;
#1008 = CIRCLE ( 'NONE', #6446, 46.44757944331641397 ) ;
#1009 = AXIS2_PLACEMENT_3D ( 'NONE', #8978, #8877, #5862 ) ;
#1010 = CARTESIAN_POINT ( 'NONE',  ( 0.000000000000000000, 57.99999999999999289, 0.000000000000000000 ) ) ;
#1011 = DIRECTION ( 'NONE',  ( -0.9694453498951388637, 0.000000000000000000, 0.2453073858788025474 ) ) ;
#1012 = ORIENTED_EDGE ( 'NONE', *, *, #8533, .F. ) ;
#1013 = CARTESIAN_POINT ( 'NONE',  ( 30.12822377908833005, 54.97802726448587407, 35.63270687126060210 ) ) ;
#1014 = EDGE_CURVE ( 'NONE', #2754, #8835, #8808, .T. ) ;
#1015 = CARTESIAN_POINT ( 'NONE',  ( 48.91202582514208075, 150.5005888525397495, -41.59764216673601567 ) ) ;
#1016 = FACE_OUTER_BOUND ( 'NONE', #507, .T. ) ;
#1017 = CARTESIAN_POINT ( 'NONE',  ( -24.96626355950891352, 111.3121957717727071, -40.79466709084002218 ) ) ;
#1018 = VECTOR ( 'NONE', #2545, 1000.000000000000000 ) ;
#1019 = ORIENTED_EDGE ( 'NONE', *, *, #8622, .F. ) ;
#1020 = CARTESIAN_POINT ( 'NONE',  ( -34.81447876247081297, 48.51213425699023674, 30.94645188787810497 ) ) ;
#1021 = CARTESIAN_POINT ( 'NONE',  ( -25.71506350946109265, 39.50000000000000000, 39.53979651824707275 ) ) ;
#1022 = VECTOR ( 'NONE', #1768, 1000.000000000000114 ) ;
#1023 = CARTESIAN_POINT ( 'NONE',  ( -5.666924468339352927, 35.50000000000000000, 46.15339605132148648 ) ) ;
#1024 = VECTOR ( 'NONE', #4060, 1000.000000000000227 ) ;
#1025 = CARTESIAN_POINT ( 'NONE',  ( 49.99614057289628732, 170.2571451155072566, -0.9099043499465507834 ) ) ;
#1026 = VECTOR ( 'NONE', #8125, 1000.000000000000114 ) ;
#1027 = CARTESIAN_POINT ( 'NONE',  ( -41.36857510098817414, 141.0186408901463437, 24.39235554936074024 ) ) ;
#1028 = ORIENTED_EDGE ( 'NONE', *, *, #5502, .F. ) ;
#1029 = CARTESIAN_POINT ( 'NONE',  ( -40.92961328274396493, 96.97051065983893636, -49.58005470913414570 ) ) ;
#1030 = CARTESIAN_POINT ( 'NONE',  ( 47.64815304264733697, 72.49854646718331708, 42.86151494923077365 ) ) ;
#1031 = DIRECTION ( 'NONE',  ( 0.2722802470405741304, 0.000000000000000000, -0.9622179935292852759 ) ) ;
#1032 = AXIS2_PLACEMENT_3D ( 'NONE', #2491, #331, #4814 ) ;
#1033 = CARTESIAN_POINT ( 'NONE',  ( -12.71548753679481614, 35.50000000000000000, 44.93558029781763707 ) ) ;
#1034 = CARTESIAN_POINT ( 'NONE',  ( -29.29356565747519170, 173.1609393494194080, 36.46736499287372624 ) ) ;
#1035 = EDGE_CURVE ( 'NONE', #3053, #2043, #7759, .T. ) ;
#1036 = VECTOR ( 'NONE', #9050, 1000.000000000000114 ) ;
#1037 = CARTESIAN_POINT ( 'NONE',  ( 34.44736847863528340, 45.71524904810725332, 31.31356217171364520 ) ) ;
#1038 = CARTESIAN_POINT ( 'NONE',  ( -43.94697918396570202, 157.2818685057019650, 46.56268880791238018 ) ) ;
#1039 = EDGE_CURVE ( 'NONE', #7634, #7124, #5903, .T. ) ;
#1040 = DIRECTION ( 'NONE',  ( 0.8660254037844388186, 0.000000000000000000, 0.4999999999999998335 ) ) ;
#1041 = CARTESIAN_POINT ( 'NONE',  ( 29.93853975964103142, 57.99999999999999289, 36.10435859988081830 ) ) ;
#1042 = CARTESIAN_POINT ( 'NONE',  ( 45.04270196158309147, 52.00000000000000000, 45.46696603029501915 ) ) ;
#1043 = ORIENTED_EDGE ( 'NONE', *, *, #1591, .T. ) ;
#1044 = CARTESIAN_POINT ( 'NONE',  ( -30.70837199911685289, 167.1820244838547183, -39.45967609108607377 ) ) ;
#1045 = LINE ( 'NONE', #2559, #7861 ) ;
#1046 = VERTEX_POINT ( 'NONE', #9272 ) ;
#1047 = DIRECTION ( 'NONE',  ( 0.8660254037844387076, 0.000000000000000000, 0.4999999999999998335 ) ) ;
#1048 = CARTESIAN_POINT ( 'NONE',  ( -31.30007401324077421, 168.5816071365120479, 38.99282277376831019 ) ) ;
#1049 = LINE ( 'NONE', #2564, #7548 ) ;
#1050 = CARTESIAN_POINT ( 'NONE',  ( -38.43390449649707108, 80.61020279584469961, -27.32702615385186462 ) ) ;
#1051 = CARTESIAN_POINT ( 'NONE',  ( 33.26194495473986734, 37.17140469785623935, -32.49898569560905059 ) ) ;
#1052 = CARTESIAN_POINT ( 'NONE',  ( -84.99999999999998579, 212.0000000000000000, 0.000000000000000000 ) ) ;
#1053 = ORIENTED_EDGE ( 'NONE', *, *, #8218, .F. ) ;
#1054 = VERTEX_POINT ( 'NONE', #8346 ) ;
#1055 = CARTESIAN_POINT ( 'NONE',  ( 0.000000000000000000, 54.99999999999999289, 0.000000000000000000 ) ) ;
#1056 = DIRECTION ( 'NONE',  ( 1.000000000000000000, -0.000000000000000000, -0.000000000000000000 ) ) ;
#1057 = CC_DESIGN_PERSON_AND_ORGANIZATION_ASSIGNMENT ( #2476, #6204, ( #6589 ) ) ;
#1058 = CARTESIAN_POINT ( 'NONE',  ( 24.96626355950891352, 111.3121957717727071, 40.79466709084002218 ) ) ;
#1059 = CARTESIAN_POINT ( 'NONE',  ( 40.65331820325018697, 153.6225640485287443, -25.10761244709872742 ) ) ;
#1060 = CARTESIAN_POINT ( 'NONE',  ( 41.20837082990205857, 95.33333850039684876, -28.32233409766129384 ) ) ;
#1061 = DIRECTION ( 'NONE',  ( 0.000000000000000000, 0.000000000000000000, 1.000000000000000000 ) ) ;
#1062 = ORIENTED_EDGE ( 'NONE', *, *, #3269, .T. ) ;
#1063 = CARTESIAN_POINT ( 'NONE',  ( 27.19834591289388470, 166.8763353538258514, 38.56258473745506166 ) ) ;
#1064 = CARTESIAN_POINT ( 'NONE',  ( 39.91996775807772480, 130.9941881811295445, -50.58970023380036451 ) ) ;
#1065 = CARTESIAN_POINT ( 'NONE',  ( 35.45918685583342267, 52.00000000000000711, -30.80394296248343622 ) ) ;
#1066 = CARTESIAN_POINT ( 'NONE',  ( -26.85867340158342387, 85.63114929373706730, -38.90225724876551539 ) ) ;
#1067 = ORIENTED_EDGE ( 'NONE', *, *, #4847, .T. ) ;
#1068 = CARTESIAN_POINT ( 'NONE',  ( -37.00988115598539707, 66.80701258836775480, 28.75104949436351731 ) ) ;
#1069 = CARTESIAN_POINT ( 'NONE',  ( 0.000000000000000000, 55.00000000000000000, -106.2500000000000000 ) ) ;
#1070 = DIRECTION ( 'NONE',  ( 0.8660254037844387076, 0.000000000000000000, 0.4999999999999997224 ) ) ;
#1071 = EDGE_CURVE ( 'NONE', #1158, #2054, #922, .T. ) ;
#1072 = DIRECTION ( 'NONE',  ( -0.000000000000000000, -1.000000000000000000, -0.000000000000000000 ) ) ;
#1073 = CARTESIAN_POINT ( 'NONE',  ( -46.30576403225039428, 59.33385514974001751, 44.20390395962768793 ) ) ;
#1074 = ORIENTED_EDGE ( 'NONE', *, *, #876, .T. ) ;
#1075 = CARTESIAN_POINT ( 'NONE',  ( 46.00000000000000000, 30.00000000000000000, -2.500000000000000000 ) ) ;
#1076 = CARTESIAN_POINT ( 'NONE',  ( 0.000000000000000000, 268.0000000000000000, 0.000000000000000000 ) ) ;
#1077 = CARTESIAN_POINT ( 'NONE',  ( -28.04587946176237878, 73.51205311379843010, 37.71505118858653560 ) ) ;
#1078 = CARTESIAN_POINT ( 'NONE',  ( 28.04587946176250313, 340.0000000000000000, 37.71505118858642902 ) ) ;
#1079 = CARTESIAN_POINT ( 'NONE',  ( 108.0000000000000000, 189.2661038502330939, -0.2768941404019777397 ) ) ;
#1080 = CARTESIAN_POINT ( 'NONE',  ( 34.81447876247081297, 48.51213425699022963, -30.94645188787810497 ) ) ;
#1081 = CARTESIAN_POINT ( 'NONE',  ( -24.39235554936073669, 141.0186408901463153, 41.36857510098818125 ) ) ;
#1082 = CARTESIAN_POINT ( 'NONE',  ( -34.23080655015913010, 200.0000000000000000, -35.20031083563868179 ) ) ;
#1083 = DIRECTION ( 'NONE',  ( -0.5000000000000004441, 0.000000000000000000, -0.8660254037844383745 ) ) ;
#1084 = CARTESIAN_POINT ( 'NONE',  ( 5.939536975864663363E-15, 200.0000000000000000, 48.50000000000000000 ) ) ;
#1085 = ORIENTED_EDGE ( 'NONE', *, *, #6811, .T. ) ;
#1086 = CARTESIAN_POINT ( 'NONE',  ( -35.92463511078793914, 172.3210456249929052, -34.77817033146586567 ) ) ;
#1087 = PLANE ( 'NONE',  #6304 ) ;
#1088 = ADVANCED_FACE ( 'NONE', ( #7999 ), #2072, .T. ) ;
#1089 = EDGE_LOOP ( 'NONE', ( #9339, #1871, #728, #4842, #3406, #5998, #7848, #913, #7399, #605 ) ) ;
#1090 = CARTESIAN_POINT ( 'NONE',  ( -108.0000000000000000, 197.7459818005252146, 0.9880518776675256687 ) ) ;
#1091 = CARTESIAN_POINT ( 'NONE',  ( -32.55761030330818784, 39.50000000000000000, -33.47972537727753206 ) ) ;
#1092 = DIRECTION ( 'NONE',  ( 1.000000000000000000, 0.000000000000000000, 0.000000000000000000 ) ) ;
#1093 = CARTESIAN_POINT ( 'NONE',  ( -39.91748297430894610, 120.2343318316846279, -50.59218501756916453 ) ) ;
#1094 = CYLINDRICAL_SURFACE ( 'NONE', #1879, 50.00000000000000000 ) ;
#1095 = CIRCLE ( 'NONE', #8711, 156.2500000000000000 ) ;
#1096 = LINE ( 'NONE', #3339, #6605 ) ;
#1097 = VERTEX_POINT ( 'NONE', #2707 ) ;
#1098 = ORIENTED_EDGE ( 'NONE', *, *, #5850, .T. ) ;
#1099 = CARTESIAN_POINT ( 'NONE',  ( -35.63270687126059499, 54.97802726448587407, 30.12822377908832294 ) ) ;
#1100 = CARTESIAN_POINT ( 'NONE',  ( -37.49320649782439574, 71.28898199371606381, -28.26772415252453641 ) ) ;
#1101 = DIRECTION ( 'NONE',  ( 0.000000000000000000, -1.000000000000000000, 0.000000000000000000 ) ) ;
#1102 = EDGE_CURVE ( 'NONE', #1811, #9574, #4254, .T. ) ;
#1103 = CARTESIAN_POINT ( 'NONE',  ( 39.22375858382815039, 163.8347417721553256, -26.53717206652076044 ) ) ;
#1104 = CARTESIAN_POINT ( 'NONE',  ( 26.27698492125291096, 127.7342765327421859, -42.53846368260457211 ) ) ;
#1105 = DIRECTION ( 'NONE',  ( -1.000000000000000000, 0.000000000000000000, -0.000000000000000000 ) ) ;
#1106 = ORIENTED_EDGE ( 'NONE', *, *, #9531, .F. ) ;
#1107 = CARTESIAN_POINT ( 'NONE',  ( 28.26772415252453285, 71.28898199371604960, 37.49320649782439574 ) ) ;
#1108 = EDGE_CURVE ( 'NONE', #4573, #4156, #7079, .T. ) ;
#1109 = FACE_OUTER_BOUND ( 'NONE', #9141, .T. ) ;
#1110 = ORIENTED_EDGE ( 'NONE', *, *, #8520, .T. ) ;
#1111 = CARTESIAN_POINT ( 'NONE',  ( 39.22375858382815039, 163.8347417721553256, -26.53717206652076044 ) ) ;
#1112 = CARTESIAN_POINT ( 'NONE',  ( 36.87807467727506605, 49.44931349178472857, -33.65783052772525252 ) ) ;
#1113 = DIRECTION ( 'NONE',  ( 0.5000000000000004441, 0.000000000000000000, 0.8660254037844383745 ) ) ;
#1114 = ORIENTED_EDGE ( 'NONE', *, *, #5429, .T. ) ;
#1115 = CARTESIAN_POINT ( 'NONE',  ( -33.00872062702494247, 264.0000000000000000, -35.39751915836783525 ) ) ;
#1116 = DIRECTION ( 'NONE',  ( 0.000000000000000000, 0.000000000000000000, 1.000000000000000000 ) ) ;
#1117 = CARTESIAN_POINT ( 'NONE',  ( 30.58808547364862207, 174.0370018940721764, 35.68568161601032074 ) ) ;
#1118 = CARTESIAN_POINT ( 'NONE',  ( -37.57616459432502154, 54.99999999999999289, -32.98532786528268446 ) ) ;
#1119 = CARTESIAN_POINT ( 'NONE',  ( -45.25483399593903755, 158.6226686892998146, 45.25483399593904466 ) ) ;
#1120 = ORIENTED_EDGE ( 'NONE', *, *, #3224, .T. ) ;
#1121 = LINE ( 'NONE', #4865, #7716 ) ;
#1122 = CARTESIAN_POINT ( 'NONE',  ( 38.00000000000000000, 58.00000000000000000, -24.00000000000000000 ) ) ;
#1123 = CARTESIAN_POINT ( 'NONE',  ( -12.71548753679481614, 39.50000000000000000, 44.93558029781763707 ) ) ;
#1124 = CARTESIAN_POINT ( 'NONE',  ( 47.00000000000000000, 162.7289639002186163, -0.4518216655316361630 ) ) ;
#1125 = CARTESIAN_POINT ( 'NONE',  ( 33.09259735953043702, 36.00000000000000000, 32.66833329081850223 ) ) ;
#1126 = CARTESIAN_POINT ( 'NONE',  ( -43.19369017679609613, 69.12979561808754170, 47.31597781508198608 ) ) ;
#1127 = DIRECTION ( 'NONE',  ( -0.000000000000000000, -1.000000000000000000, -0.000000000000000000 ) ) ;
#1128 = CARTESIAN_POINT ( 'NONE',  ( 30.50535790505960776, 52.00000000000000000, 35.25557274528932794 ) ) ;
#1129 = CARTESIAN_POINT ( 'NONE',  ( 0.000000000000000000, 200.0000000000000000, 0.000000000000000000 ) ) ;
#1130 = ORIENTED_EDGE ( 'NONE', *, *, #4840, .F. ) ;
#1131 = CARTESIAN_POINT ( 'NONE',  ( -30.93174375732121817, 167.7527087701843982, -39.28526364580041275 ) ) ;
#1132 = CARTESIAN_POINT ( 'NONE',  ( 49.07535022799124391, 268.0000000000000000, -3.500000000000000000 ) ) ;
#1133 = ORIENTED_EDGE ( 'NONE', *, *, #6863, .T. ) ;
#1134 = CARTESIAN_POINT ( 'NONE',  ( -108.0000000000000000, 215.4299438917481950, -1.470248844514086883 ) ) ;
#1135 = LINE ( 'NONE', #1234, #3811 ) ;
#1136 = CARTESIAN_POINT ( 'NONE',  ( -40.15053420550684393, 101.0166046022987985, 25.61039644484207400 ) ) ;
#1137 = CARTESIAN_POINT ( 'NONE',  ( -31.92684771948880851, 41.21309918220622137, -33.83408293086012719 ) ) ;
#1138 = CARTESIAN_POINT ( 'NONE',  ( -48.15397179880388734, 157.9999999999999716, 42.35569619307420197 ) ) ;
#1139 = CARTESIAN_POINT ( 'NONE',  ( 0.000000000000000000, 39.50000000000000000, 0.000000000000000000 ) ) ;
#1140 = EDGE_LOOP ( 'NONE', ( #8703, #7002, #2568, #4092, #5601, #4469, #8658, #8651, #5612, #8733, #5714, #2322, #6201, #9630 ) ) ;
#1141 = ORIENTED_EDGE ( 'NONE', *, *, #1333, .T. ) ;
#1142 = CARTESIAN_POINT ( 'NONE',  ( 45.46696603029501915, 52.00000000000000000, 45.04270196158309147 ) ) ;
#1143 = CARTESIAN_POINT ( 'NONE',  ( -40.15053420550685104, 101.0166046022987985, -25.61039644484208111 ) ) ;
#1144 = CARTESIAN_POINT ( 'NONE',  ( 27.32702615385186462, 80.61020279584469961, 38.43390449649707108 ) ) ;
#1145 = CIRCLE ( 'NONE', #8908, 46.50000000000000000 ) ;
#1146 = EDGE_CURVE ( 'NONE', #6576, #4991, #6441, .T. ) ;
#1147 = CARTESIAN_POINT ( 'NONE',  ( 33.17716150233879802, 36.58494384897175422, -32.58376914801011992 ) ) ;
#1148 = CARTESIAN_POINT ( 'NONE',  ( 37.11866614447280455, 171.5663486130605691, -33.50048380369811696 ) ) ;
#1149 = CC_DESIGN_APPROVAL ( #7240, ( #3077 ) ) ;
#1150 = DIRECTION ( 'NONE',  ( 0.000000000000000000, 1.000000000000000000, 0.000000000000000000 ) ) ;
#1151 = VERTEX_POINT ( 'NONE', #3392 ) ;
#1152 = CARTESIAN_POINT ( 'NONE',  ( 40.28617701406468399, 108.7025900201346502, 50.22349097781342664 ) ) ;
#1153 = DIRECTION ( 'NONE',  ( 0.7071067811865475727, 0.000000000000000000, -0.7071067811865475727 ) ) ;
#1154 = ORIENTED_EDGE ( 'NONE', *, *, #2988, .T. ) ;
#1155 = CARTESIAN_POINT ( 'NONE',  ( 37.25277915899235381, 171.2031378497270566, -28.50815149135656767 ) ) ;
#1156 = CARTESIAN_POINT ( 'NONE',  ( 35.22013817769530419, 39.76829827018090668, -34.44339636571283592 ) ) ;
#1157 = FACE_OUTER_BOUND ( 'NONE', #9195, .T. ) ;
#1158 = VERTEX_POINT ( 'NONE', #505 ) ;
#1159 = LINE ( 'NONE', #5584, #6681 ) ;
#1160 = CIRCLE ( 'NONE', #2731, 46.69999999999999574 ) ;
#1161 = CARTESIAN_POINT ( 'NONE',  ( -33.95194050901731231, 268.0000000000000000, -34.91354659257850557 ) ) ;
#1162 = DIRECTION ( 'NONE',  ( 0.000000000000000000, -1.000000000000000000, 0.000000000000000000 ) ) ;
#1163 = VECTOR ( 'NONE', #4526, 1000.000000000000114 ) ;
#1164 = CARTESIAN_POINT ( 'NONE',  ( 28.43010430976237757, 69.78879597759170395, -37.33082634058653326 ) ) ;
#1165 = CARTESIAN_POINT ( 'NONE',  ( -41.20721490222918248, 145.7020373835962062, 24.55371574811973545 ) ) ;
#1166 = CIRCLE ( 'NONE', #1470, 46.50000000000000000 ) ;
#1167 = ORIENTED_EDGE ( 'NONE', *, *, #6393, .F. ) ;
#1168 = VECTOR ( 'NONE', #8624, 1000.000000000000000 ) ;
#1169 = DIRECTION ( 'NONE',  ( 0.2923717047227364918, 0.000000000000000000, -0.9563047559630355465 ) ) ;
#1170 = CARTESIAN_POINT ( 'NONE',  ( -31.57652407089370072, 39.50000000000000000, -33.86167638496758769 ) ) ;
#1171 = APPROVAL ( #8393, 'UNSPECIFIED' ) ;
#1172 = CARTESIAN_POINT ( 'NONE',  ( 40.17760570267969911, 263.0000000000000000, -24.00000000000000000 ) ) ;
#1173 = CARTESIAN_POINT ( 'NONE',  ( -25.71506350946109265, 39.50000000000000000, 39.53979651824707275 ) ) ;
#1174 = AXIS2_PLACEMENT_3D ( 'NONE', #9269, #2610, #5562 ) ;
#1175 = EDGE_CURVE ( 'NONE', #5659, #8854, #8074, .T. ) ;
#1176 = CARTESIAN_POINT ( 'NONE',  ( 50.64418028391641968, 124.0985968565961883, 39.86548770796169094 ) ) ;
#1177 = AXIS2_PLACEMENT_3D ( 'NONE', #4169, #7034, #8541 ) ;
#1178 = CARTESIAN_POINT ( 'NONE',  ( -31.08035469695841968, 175.3233815820528605, 34.68057595339050891 ) ) ;
#1179 = CARTESIAN_POINT ( 'NONE',  ( -41.00000000000000000, 320.0000000000000000, -21.00000000000000000 ) ) ;
#1180 = VECTOR ( 'NONE', #7591, 1000.000000000000000 ) ;
#1181 = CARTESIAN_POINT ( 'NONE',  ( -30.02250515210871740, 57.99999999999999289, 36.16138306720323214 ) ) ;
#1182 = CARTESIAN_POINT ( 'NONE',  ( 84.99999999999998579, 212.0000000000000000, 1.050000000000000044 ) ) ;
#1183 = VERTEX_POINT ( 'NONE', #6348 ) ;
#1184 = CARTESIAN_POINT ( 'NONE',  ( -42.49951656549622925, 125.2144882378569690, -26.34014186967786486 ) ) ;
#1185 = CARTESIAN_POINT ( 'NONE',  ( -46.99255158743632421, 212.6446432266480144, 0.8403281653368579462 ) ) ;
#1186 = ORIENTED_EDGE ( 'NONE', *, *, #7827, .T. ) ;
#1187 = LINE ( 'NONE', #8579, #6620 ) ;
#1188 = AXIS2_PLACEMENT_3D ( 'NONE', #597, #8726, #4340 ) ;
#1189 = DIRECTION ( 'NONE',  ( 0.000000000000000000, 1.000000000000000000, 0.000000000000000000 ) ) ;
#1190 = CARTESIAN_POINT ( 'NONE',  ( 45.04270196158307726, 52.00000000000000000, -45.46696603029501205 ) ) ;
#1191 = DIRECTION ( 'NONE',  ( -0.000000000000000000, -1.000000000000000000, -0.000000000000000000 ) ) ;
#1192 = CARTESIAN_POINT ( 'NONE',  ( -43.41654570485090403, 263.0000000000000000, -18.00000000000000000 ) ) ;
#1193 = CARTESIAN_POINT ( 'NONE',  ( 42.35569619307420908, 145.5000000000000000, 48.15397179880390155 ) ) ;
#1194 = VERTEX_POINT ( 'NONE', #459 ) ;
#1195 = ORIENTED_EDGE ( 'NONE', *, *, #210, .T. ) ;
#1196 = CARTESIAN_POINT ( 'NONE',  ( 24.55371574811974256, 145.7020373835962062, 41.20721490222918959 ) ) ;
#1197 = CARTESIAN_POINT ( 'NONE',  ( 44.55243490709811027, 268.0000000000000000, -18.91138661888084727 ) ) ;
#1198 = CARTESIAN_POINT ( 'NONE',  ( -84.99999999999998579, 212.0000000000000000, -1.050000000000000044 ) ) ;
#1199 = CARTESIAN_POINT ( 'NONE',  ( 37.00988115598539707, 66.80701258836774059, -28.75104949436352086 ) ) ;
#1200 = CARTESIAN_POINT ( 'NONE',  ( 35.11778775204638237, 172.3871567451893725, -35.59165798700799854 ) ) ;
#1201 = CARTESIAN_POINT ( 'NONE',  ( 43.05106378547495183, 156.3633846497057505, -47.45860420640313748 ) ) ;
#1202 = ORIENTED_EDGE ( 'NONE', *, *, #4227, .T. ) ;
#1203 = CARTESIAN_POINT ( 'NONE',  ( -45.51948818842615196, 52.44290321668560750, -44.99017980345195866 ) ) ;
#1204 = CARTESIAN_POINT ( 'NONE',  ( 108.0000000000000000, 198.8312510100193720, 1.058200111551040656 ) ) ;
#1205 = EDGE_LOOP ( 'NONE', ( #9099, #6193, #4843 ) ) ;
#1206 = CARTESIAN_POINT ( 'NONE',  ( 38.00000000000000000, 320.0000000000000000, -24.00000000000000000 ) ) ;
#1207 = EDGE_CURVE ( 'NONE', #687, #5942, #6495, .T. ) ;
#1208 = LINE ( 'NONE', #7000, #48 ) ;
#1209 = DIRECTION ( 'NONE',  ( -0.000000000000000000, 1.000000000000000000, -0.000000000000000000 ) ) ;
#1210 = ORIENTED_EDGE ( 'NONE', *, *, #6759, .F. ) ;
#1212 = EDGE_CURVE ( 'NONE', #6398, #6661, #457, .T. ) ;
#1211 = CARTESIAN_POINT ( 'NONE',  ( -108.0000000000000000, 188.8455625563292983, 0.2356386559728523844 ) ) ;
#1213 = DIRECTION ( 'NONE',  ( 0.000000000000000000, 0.000000000000000000, 1.000000000000000000 ) ) ;
#1214 = CARTESIAN_POINT ( 'NONE',  ( -50.59218501756917874, 120.2343318316845853, -39.91748297430893899 ) ) ;
#1215 = CARTESIAN_POINT ( 'NONE',  ( 28.50815149135656057, 171.2031378497270566, -37.25277915899235381 ) ) ;
#1216 = CARTESIAN_POINT ( 'NONE',  ( -49.93783009309770193, 143.4569695494772645, 40.57183789878038738 ) ) ;
#1217 = ORIENTED_EDGE ( 'NONE', *, *, #2104, .T. ) ;
#1218 = CARTESIAN_POINT ( 'NONE',  ( 0.000000000000000000, 263.0000000000000000, 46.99996213765929554 ) ) ;
#1219 = DIRECTION ( 'NONE',  ( 0.6819983600624988096, 0.000000000000000000, 0.7313537016191701268 ) ) ;
#1220 = CARTESIAN_POINT ( 'NONE',  ( 44.20390395962769503, 59.33385514974001751, -46.30576403225040849 ) ) ;
#1221 = ADVANCED_FACE ( 'NONE', ( #9320 ), #2661, .F. ) ;
#1222 = CARTESIAN_POINT ( 'NONE',  ( 47.00000000000000000, 164.0860123415720579, -0.5490809186924493490 ) ) ;
#1223 = CARTESIAN_POINT ( 'NONE',  ( 50.38968031787179314, 112.7299032302373263, 40.11998767400631749 ) ) ;
#1224 = CARTESIAN_POINT ( 'NONE',  ( 48.37354648979130189, 275.0000000000000000, -3.500000000000000000 ) ) ;
#1225 = ORIENTED_EDGE ( 'NONE', *, *, #2539, .F. ) ;
#1226 = EDGE_CURVE ( 'NONE', #954, #3112, #7226, .T. ) ;
#1227 = CARTESIAN_POINT ( 'NONE',  ( 36.07334018334913850, 174.1961081890039509, 29.68759046699980431 ) ) ;
#1228 = DIRECTION ( 'NONE',  ( 0.000000000000000000, 0.000000000000000000, 1.000000000000000000 ) ) ;
#1229 = ORIENTED_EDGE ( 'NONE', *, *, #2056, .F. ) ;
#1230 = CARTESIAN_POINT ( 'NONE',  ( -41.94603062282930495, 151.6279985229589045, -27.21337766141989434 ) ) ;
#1231 = CARTESIAN_POINT ( 'NONE',  ( 43.20000000000000284, 263.0000000000000000, -18.00000000000000000 ) ) ;
#1232 = VERTEX_POINT ( 'NONE', #5803 ) ;
#1233 = FACE_BOUND ( 'NONE', #769, .T. ) ;
#1234 = CARTESIAN_POINT ( 'NONE',  ( -45.25483399593903755, 145.5000000000000000, 45.25483399593904466 ) ) ;
#1235 = CARTESIAN_POINT ( 'NONE',  ( 41.74177417787063860, 85.62404022679615423, -48.76789381400745782 ) ) ;
#1236 = EDGE_CURVE ( 'NONE', #4030, #8240, #5610, .T. ) ;
#1237 = CARTESIAN_POINT ( 'NONE',  ( -44.58347426246773182, 55.93620152028918113, -45.92619372941037170 ) ) ;
#1238 = LINE ( 'NONE', #9467, #6220 ) ;
#1239 = CARTESIAN_POINT ( 'NONE',  ( -35.22504570129149215, 51.75724084996480201, 30.53588494905742579 ) ) ;
#1240 = ORIENTED_EDGE ( 'NONE', *, *, #6325, .F. ) ;
#1241 = VERTEX_POINT ( 'NONE', #8772 ) ;
#1242 = CARTESIAN_POINT ( 'NONE',  ( 24.69734275216253394, 116.6762642137271797, 41.06358789818640531 ) ) ;
#1243 = CARTESIAN_POINT ( 'NONE',  ( -33.26194495473987445, 37.17140469785621093, -32.49898569560906481 ) ) ;
#1244 = CARTESIAN_POINT ( 'NONE',  ( 39.86548770796168384, 124.0985968565961315, -50.64418028391641258 ) ) ;
#1245 = CARTESIAN_POINT ( 'NONE',  ( 35.45918685583342267, 52.00000000000000711, -30.80394296248343622 ) ) ;
#1246 = CARTESIAN_POINT ( 'NONE',  ( 41.00000000000000000, 275.0000000000000000, -18.00000000000000000 ) ) ;
#1247 = CARTESIAN_POINT ( 'NONE',  ( 40.59050206124482685, 162.4383763707187427, -29.19682311961679844 ) ) ;
#1248 = VECTOR ( 'NONE', #5754, 1000.000000000000000 ) ;
#1249 = CARTESIAN_POINT ( 'NONE',  ( 39.82026051515520493, 127.6151589264297144, -50.68940747672288438 ) ) ;
#1250 = ORIENTED_EDGE ( 'NONE', *, *, #6034, .T. ) ;
#1251 = CARTESIAN_POINT ( 'NONE',  ( 45.04270196158307726, 52.00000000000000000, -45.46696603029501205 ) ) ;
#1252 = CARTESIAN_POINT ( 'NONE',  ( 44.64448539244335734, 200.0000000000000000, -18.95045973172977583 ) ) ;
#1253 = ORIENTED_EDGE ( 'NONE', *, *, #9420, .F. ) ;
#1254 = CARTESIAN_POINT ( 'NONE',  ( 33.83408293086011298, 41.21309918220622137, -31.92684771948880140 ) ) ;
#1255 = DIRECTION ( 'NONE',  ( 0.000000000000000000, 0.000000000000000000, 1.000000000000000000 ) ) ;
#1256 = DIRECTION ( 'NONE',  ( -0.9205048534524403747, 0.000000000000000000, 0.3907311284892737158 ) ) ;
#1257 = VERTEX_POINT ( 'NONE', #9367 ) ;
#1258 = CARTESIAN_POINT ( 'NONE',  ( -47.00000000000000000, 194.9311061388172845, 2.395508128715533758 ) ) ;
#1259 = AXIS2_PLACEMENT_3D ( 'NONE', #8189, #648, #4392 ) ;
#1260 = CARTESIAN_POINT ( 'NONE',  ( -30.53588490984297366, 51.75724116078403370, -35.22504574050596915 ) ) ;
#1261 = CARTESIAN_POINT ( 'NONE',  ( -45.51935232921329799, 52.44175755770031344, -44.99031566266480553 ) ) ;
#1262 = EDGE_CURVE ( 'NONE', #7893, #3341, #1238, .T. ) ;
#1263 = CARTESIAN_POINT ( 'NONE',  ( 40.57183789878038027, 143.4569695494772361, -49.93783009309771614 ) ) ;
#1264 = CARTESIAN_POINT ( 'NONE',  ( -34.56783199814906027, 175.0603972572625935, 31.84627522967819502 ) ) ;
#1265 = VERTEX_POINT ( 'NONE', #1981 ) ;
#1266 = DIRECTION ( 'NONE',  ( 0.9563047559630355465, 0.000000000000000000, 0.2923717047227364918 ) ) ;
#1267 = CARTESIAN_POINT ( 'NONE',  ( -44.58347426246772471, 55.93620152028918824, 45.92619372941037170 ) ) ;
#1268 = CARTESIAN_POINT ( 'NONE',  ( 42.32202566649796438, 78.60787726850114154, -48.18764232538012493 ) ) ;
#1269 = CARTESIAN_POINT ( 'NONE',  ( 108.0000000000000000, 188.1420704083295448, -0.1644803745078677881 ) ) ;
#1270 = CARTESIAN_POINT ( 'NONE',  ( 39.86548770796168384, 124.0985968565961315, 50.64418028391641968 ) ) ;
#1271 = EDGE_CURVE ( 'NONE', #1463, #6576, #9636, .T. ) ;
#1272 = CARTESIAN_POINT ( 'NONE',  ( -49.58005470913413149, 96.97051065983893636, 40.92961328274396493 ) ) ;
#1273 = EDGE_CURVE ( 'NONE', #5333, #9638, #2810, .T. ) ;
#1274 = VERTEX_POINT ( 'NONE', #1192 ) ;
#1275 = B_SPLINE_CURVE_WITH_KNOTS ( 'NONE', 3,
 ( #3237, #7704, #1041, #403 ),
 .UNSPECIFIED., .F., .F.,
 ( 4, 4 ),
 ( 0.000000000000000000, 0.0003044949188741477119 ),
 .UNSPECIFIED. ) ;
#1276 = LINE ( 'NONE', #4370, #208 ) ;
#1277 = CARTESIAN_POINT ( 'NONE',  ( -33.59269824446734276, 39.48056780803436538, -32.16823240588159649 ) ) ;
#1278 = EDGE_LOOP ( 'NONE', ( #9291, #5521, #4371, #682 ) ) ;
#1279 = CARTESIAN_POINT ( 'NONE',  ( -42.25155410946525336, 146.6058843461976835, -26.73605438546412572 ) ) ;
#1280 = CARTESIAN_POINT ( 'NONE',  ( -12.71548753679481614, 39.50000000000000000, 44.93558029781763707 ) ) ;
#1281 = VERTEX_POINT ( 'NONE', #4939 ) ;
#1282 = CARTESIAN_POINT ( 'NONE',  ( -25.71506350946111752, 30.00000000000000000, -39.53979651824705144 ) ) ;
#1283 = CARTESIAN_POINT ( 'NONE',  ( -26.52597244525743392, 120.1731893916020510, 42.38377953709515111 ) ) ;
#1284 = CARTESIAN_POINT ( 'NONE',  ( 24.96626355950889931, 111.3121957717727071, -40.79466709084002218 ) ) ;
#1285 = CARTESIAN_POINT ( 'NONE',  ( -39.91996775807773901, 130.9941881811296014, -50.58970023380037162 ) ) ;
#1286 = CARTESIAN_POINT ( 'NONE',  ( -30.02250515210871740, 57.99999999999999289, 36.16138306720323214 ) ) ;
#1287 = CARTESIAN_POINT ( 'NONE',  ( 47.88935570772444805, 75.23276251545793514, 42.62031228415367679 ) ) ;
#1288 = VERTEX_POINT ( 'NONE', #1286 ) ;
#1289 = ORIENTED_EDGE ( 'NONE', *, *, #5328, .F. ) ;
#1290 = CARTESIAN_POINT ( 'NONE',  ( 48.91202582514209496, 150.5005888525397495, 41.59764216673601567 ) ) ;
#1291 = CARTESIAN_POINT ( 'NONE',  ( -35.63270687126060920, 54.97802726448587407, -30.12822377908833360 ) ) ;
#1292 = CARTESIAN_POINT ( 'NONE',  ( 40.11998767400630328, 112.7299032302373263, -50.38968031787177893 ) ) ;
#1293 = DIRECTION ( 'NONE',  ( 0.000000000000000000, -1.000000000000000000, 0.000000000000000000 ) ) ;
#1294 = EDGE_CURVE ( 'NONE', #6866, #3341, #4208, .T. ) ;
#1295 = CYLINDRICAL_SURFACE ( 'NONE', #826, 48.50000000000000000 ) ;
#1296 = LINE ( 'NONE', #9283, #2106 ) ;
#1297 = DIRECTION ( 'NONE',  ( -0.000000000000000000, -1.000000000000000000, -0.000000000000000000 ) ) ;
#1298 = CARTESIAN_POINT ( 'NONE',  ( 108.0000000000000142, 214.5964125124564816, 1.494343917309273406 ) ) ;
#1299 = ORIENTED_EDGE ( 'NONE', *, *, #2932, .F. ) ;
#1300 = VECTOR ( 'NONE', #2640, 1000.000000000000114 ) ;
#1301 = CARTESIAN_POINT ( 'NONE',  ( -44.58347426246772471, 55.93620152028918824, 45.92619372941037170 ) ) ;
#1302 = CARTESIAN_POINT ( 'NONE',  ( 35.99034755393251572, 57.99999999999999289, -29.77058309641640577 ) ) ;
#1303 = CARTESIAN_POINT ( 'NONE',  ( 45.50000000000000000, 263.0000000000000000, -18.00000000000000000 ) ) ;
#1304 = VERTEX_POINT ( 'NONE', #7315 ) ;
#1305 = CARTESIAN_POINT ( 'NONE',  ( -108.0000000000000000, 188.0000000000000000, 0.1499999999999999944 ) ) ;
#1306 = CIRCLE ( 'NONE', #6739, 47.10000000000000142 ) ;
#1307 = DIRECTION ( 'NONE',  ( 1.000000000000000000, 0.000000000000000000, 0.000000000000000000 ) ) ;
#1308 = EDGE_CURVE ( 'NONE', #2295, #9511, #3810, .T. ) ;
#1309 = CARTESIAN_POINT ( 'NONE',  ( -41.06358789818639821, 116.6762642137271797, -24.69734275216253749 ) ) ;
#1310 = CARTESIAN_POINT ( 'NONE',  ( 42.62031228415365547, 75.23276251545789250, -47.88935570772444095 ) ) ;
#1311 = CARTESIAN_POINT ( 'NONE',  ( -35.88229713838135382, 173.7877746191155097, 30.35687700220149665 ) ) ;
#1312 = VERTEX_POINT ( 'NONE', #6778 ) ;
#1313 = AXIS2_PLACEMENT_3D ( 'NONE', #3518, #6480, #631 ) ;
#1314 = CARTESIAN_POINT ( 'NONE',  ( 45.11333399955639578, 35.50000000000000000, -10.41523381612094923 ) ) ;
#1315 = CARTESIAN_POINT ( 'NONE',  ( -26.71506350946108910, 268.0000000000000000, 41.27184732581594773 ) ) ;
#1316 = CARTESIAN_POINT ( 'NONE',  ( 47.00000000000000711, 184.1311746075470239, -1.825843266918903307 ) ) ;
#1317 = AXIS2_PLACEMENT_3D ( 'NONE', #2841, #1370, #3606 ) ;
#1318 = CARTESIAN_POINT ( 'NONE',  ( 41.36857510098818125, 141.0186408901463153, 24.39235554936074735 ) ) ;
#1319 = CARTESIAN_POINT ( 'NONE',  ( -45.57187448734442370, 52.88466077438591384, 44.93779350453365851 ) ) ;
#1320 = CIRCLE ( 'NONE', #4581, 49.20000000000000284 ) ;
#1321 = VECTOR ( 'NONE', #3693, 1000.000000000000114 ) ;
#1322 = EDGE_LOOP ( 'NONE', ( #2098, #8123 ) ) ;
#1323 = FACE_BOUND ( 'NONE', #9347, .T. ) ;
#1324 = ORIENTED_EDGE ( 'NONE', *, *, #1039, .F. ) ;
#1325 = CARTESIAN_POINT ( 'NONE',  ( -33.26194495473987445, 37.17140469785621093, -32.49898569560906481 ) ) ;
#1326 = EDGE_CURVE ( 'NONE', #175, #2043, #7162, .T. ) ;
#1327 = CARTESIAN_POINT ( 'NONE',  ( -31.86778859767710870, 42.89642940168629082, -33.89314205267184121 ) ) ;
#1328 = ORIENTED_EDGE ( 'NONE', *, *, #2002, .T. ) ;
#1329 = CARTESIAN_POINT ( 'NONE',  ( 47.59976667985130661, 264.0000000000000000, -12.04459264664920326 ) ) ;
#1330 = CARTESIAN_POINT ( 'NONE',  ( -44.20390395962768793, 59.33385514974001751, 46.30576403225040139 ) ) ;
#1331 = VECTOR ( 'NONE', #595, 1000.000000000000000 ) ;
#1332 = DIRECTION ( 'NONE',  ( -0.7071067811865474617, 0.000000000000000000, 0.7071067811865474617 ) ) ;
#1333 = EDGE_CURVE ( 'NONE', #3288, #3341, #3759, .T. ) ;
#1334 = AXIS2_PLACEMENT_3D ( 'NONE', #2863, #3630, #8879 ) ;
#1336 = VERTEX_POINT ( 'NONE', #2308 ) ;
#1335 = CARTESIAN_POINT ( 'NONE',  ( -46.98823194100208411, 211.7225496912076039, -1.050000000000000044 ) ) ;
#1337 = CARTESIAN_POINT ( 'NONE',  ( 35.99034706512416193, 58.00000011627452068, 29.77058358522477377 ) ) ;
#1338 = CARTESIAN_POINT ( 'NONE',  ( 35.63270687126060210, 54.97802726448587407, 30.12822377908832649 ) ) ;
#1339 = EDGE_LOOP ( 'NONE', ( #6833, #735, #5248, #2834 ) ) ;
#1340 = AXIS2_PLACEMENT_3D ( 'NONE', #7833, #1266, #1169 ) ;
#1341 = CARTESIAN_POINT ( 'NONE',  ( 50.58970023380037162, 130.9941881811295445, 39.91996775807773901 ) ) ;
#1342 = CARTESIAN_POINT ( 'NONE',  ( -50.59218501756917874, 120.2343318316845853, -39.91748297430893899 ) ) ;
#1343 = FACE_OUTER_BOUND ( 'NONE', #6552, .T. ) ;
#1344 = ADVANCED_FACE ( 'NONE', ( #5939 ), #2983, .T. ) ;
#1345 = CYLINDRICAL_SURFACE ( 'NONE', #5352, 49.09999999999999432 ) ;
#1346 = CARTESIAN_POINT ( 'NONE',  ( 46.98886141627406232, 211.7254980694067115, -1.022801511781935124 ) ) ;
#1347 = VECTOR ( 'NONE', #1467, 1000.000000000000227 ) ;
#1348 = CARTESIAN_POINT ( 'NONE',  ( 45.72681195956040767, 54.19120085711174539, -44.78285603231768164 ) ) ;
#1349 = CARTESIAN_POINT ( 'NONE',  ( -43.05106378547497314, 156.3633846497057789, -47.45860420640313748 ) ) ;
#1350 = EDGE_CURVE ( 'NONE', #2054, #3441, #6368, .T. ) ;
#1351 = DIRECTION ( 'NONE',  ( 0.000000000000000000, 0.000000000000000000, -1.000000000000000000 ) ) ;
#1352 = VERTEX_POINT ( 'NONE', #4964 ) ;
#1353 = CARTESIAN_POINT ( 'NONE',  ( -26.00954371031357582, 95.69680212022356613, 39.75138694003534567 ) ) ;
#1354 = DIRECTION ( 'NONE',  ( -0.000000000000000000, 1.000000000000000000, -0.000000000000000000 ) ) ;
#1355 = CARTESIAN_POINT ( 'NONE',  ( 38.43390449649707108, 80.61020279584469961, 27.32702615385186462 ) ) ;
#1356 = EDGE_CURVE ( 'NONE', #6004, #992, #8845, .T. ) ;
#1357 = ORIENTED_EDGE ( 'NONE', *, *, #9437, .F. ) ;
#1358 = CARTESIAN_POINT ( 'NONE',  ( -107.9999999999999858, 213.4833387586855906, 1.528005135380340107 ) ) ;
#1359 = CARTESIAN_POINT ( 'NONE',  ( 49.99939933985893248, 161.3767734674762266, -0.2450829519018705716 ) ) ;
#1360 = CARTESIAN_POINT ( 'NONE',  ( -50.38968031787179314, 112.7299032302373263, -40.11998767400631749 ) ) ;
#1361 = CARTESIAN_POINT ( 'NONE',  ( 40.68351489493348083, 100.9687423887486943, -49.82615309694460137 ) ) ;
#1362 = CARTESIAN_POINT ( 'NONE',  ( 49.09999999999999432, 264.0000000000000000, -3.500000000000000000 ) ) ;
#1363 = B_SPLINE_CURVE_WITH_KNOTS ( 'NONE', 3,
 ( #8559, #4860, #2786, #8606, #3557, #5585, #2733, #6517, #3412, #9486, #7926, #528, #7826, #5630, #9342, #2830 ),
 .UNSPECIFIED., .F., .F.,
 ( 4, 2, 2, 2, 2, 2, 2, 4 ),
 ( 0.003282882055562047138, 0.003693149526061713459, 0.004103416996561379780, 0.004513684467061046535, 0.004923951937560712422, 0.005334219408060378309, 0.005744486878560044196, 0.006565021819559317857 ),
 .UNSPECIFIED. ) ;
#1364 = EDGE_LOOP ( 'NONE', ( #6645, #335, #9609, #4834, #2886, #6611, #942, #6487, #7031, #4457, #525, #4562, #8587, #461 ) ) ;
#1365 = CARTESIAN_POINT ( 'NONE',  ( -37.57616459432502154, 54.99999999999999289, 32.98532786528269156 ) ) ;
#1366 = CARTESIAN_POINT ( 'NONE',  ( 41.45303252024854146, 89.40149471062304087, -49.05663547162954075 ) ) ;
#1367 = CARTESIAN_POINT ( 'NONE',  ( 108.0000000000000000, 198.8312510100193720, -1.058200111551040434 ) ) ;
#1368 = EDGE_CURVE ( 'NONE', #7572, #4430, #3600, .T. ) ;
#1369 = CARTESIAN_POINT ( 'NONE',  ( 47.88935570772444805, 75.23276251545793514, 42.62031228415367679 ) ) ;
#1370 = DIRECTION ( 'NONE',  ( -0.000000000000000000, -1.000000000000000000, -0.000000000000000000 ) ) ;
#1371 = ORIENTED_EDGE ( 'NONE', *, *, #8009, .T. ) ;
#1372 = CARTESIAN_POINT ( 'NONE',  ( -49.82615309694460848, 100.9687423887486943, -40.68351489493349504 ) ) ;
#1373 = VERTEX_POINT ( 'NONE', #2921 ) ;
#1374 = CARTESIAN_POINT ( 'NONE',  ( -25.51359495171287506, 157.6066838202880831, -40.24733569863606419 ) ) ;
#1375 = DIRECTION ( 'NONE',  ( -0.000000000000000000, 1.000000000000000000, -0.000000000000000000 ) ) ;
#1376 = EDGE_LOOP ( 'NONE', ( #8506, #4902, #3457, #5366, #8290, #9323, #926, #155, #6178, #2338, #5004, #5856, #871, #7907, #1324, #903 ) ) ;
#1377 = CARTESIAN_POINT ( 'NONE',  ( 108.0000000000000000, 221.3340369568884398, -0.7072749410835352801 ) ) ;
#1378 = CARTESIAN_POINT ( 'NONE',  ( -24.96626355950889931, 111.3121957717727071, 40.79466709084002218 ) ) ;
#1379 = B_SPLINE_CURVE_WITH_KNOTS ( 'NONE', 3,
 ( #7876, #1898, #7776, #4810 ),
 .UNSPECIFIED., .F., .F.,
 ( 4, 4 ),
 ( 0.002524964209716088447, 0.003124964209716103898 ),
 .UNSPECIFIED. ) ;
#1380 = LINE ( 'NONE', #600, #5681 ) ;
#1381 = CARTESIAN_POINT ( 'NONE',  ( 0.000000000000000000, 39.50000000000000000, 0.000000000000000000 ) ) ;
#1382 = CARTESIAN_POINT ( 'NONE',  ( -40.57183789878038027, 143.4569695494772930, 49.93783009309771614 ) ) ;
#1383 = EDGE_CURVE ( 'NONE', #3829, #8240, #5735, .T. ) ;
#1384 = FACE_OUTER_BOUND ( 'NONE', #4749, .T. ) ;
#1385 = VERTEX_POINT ( 'NONE', #7930 ) ;
#1386 = CARTESIAN_POINT ( 'NONE',  ( 32.88046532517448384, 176.5866740378391739, 32.88046532517445542 ) ) ;
#1387 = CARTESIAN_POINT ( 'NONE',  ( -26.85867340158342387, 85.63114929373706730, -38.90225724876551539 ) ) ;
#1388 = CARTESIAN_POINT ( 'NONE',  ( -25.71506350946111752, 35.50000000000000000, -39.53979651824705144 ) ) ;
#1389 = DIRECTION ( 'NONE',  ( 0.000000000000000000, 0.000000000000000000, 1.000000000000000000 ) ) ;
#1390 = B_SPLINE_CURVE_WITH_KNOTS ( 'NONE', 3,
 ( #2862, #8696, #8597, #4903, #6550, #4357, #9477, #5042, #4266, #3499, #8014, #1939, #2776, #7872, #1349, #7324, #9435, #7239, #4176, #5673, #657, #3548, #8652, #6508, #5815, #5090, #6360, #614, #9333, #1203, #8741 ),
 .UNSPECIFIED., .F., .F.,
 ( 4, 1, 1, 1, 1, 1, 1, 1, 1, 1, 1, 1, 1, 1, 1, 1, 1, 1, 1, 1, 1, 1, 1, 1, 1, 1, 1, 1, 4 ),
 ( 0.000000000000000000, 0.006201962899188698426, 0.02448136905349916972, 0.05388345649501025819, 0.09289034474279105058, 0.1395093084148930351, 0.1913742588137488654, 0.2458629933516659483, 0.3002380933255869855, 0.3518114771965040188, 0.3981158618259910686, 0.4370593218643058497, 0.4670784500627876423, 0.4874746266155715047, 0.5000000000000000000, 0.5125253733844284953, 0.5329215499372124132, 0.5629406781356941503, 0.6018841381740089869, 0.6481885228034960367, 0.6997619066744130700, 0.7541370066483340517, 0.8086257411862511901, 0.8604906915851070481, 0.9071096552572089911, 0.9461165435049897487, 0.9755186309465009309, 0.9937980371008113822, 1.000000000000000000 ),
 .UNSPECIFIED. ) ;
#1391 = DIRECTION ( 'NONE',  ( -0.000000000000000000, -1.000000000000000000, -0.000000000000000000 ) ) ;
#1392 = EDGE_CURVE ( 'NONE', #8223, #34, #479, .T. ) ;
#1393 = CARTESIAN_POINT ( 'NONE',  ( 44.99017980345194445, 52.44290321668560750, -45.51948818842614486 ) ) ;
#1394 = CARTESIAN_POINT ( 'NONE',  ( -34.08013314532966120, 43.01938834715441118, 31.68079750501924607 ) ) ;
#1395 = CARTESIAN_POINT ( 'NONE',  ( -30.70442761880741855, 51.99999999999997868, -35.39129624322331580 ) ) ;
#1396 = EDGE_CURVE ( 'NONE', #2311, #573, #674, .T. ) ;
#1397 = EDGE_LOOP ( 'NONE', ( #7860, #8121, #58 ) ) ;
#1398 = ORIENTED_EDGE ( 'NONE', *, *, #1350, .F. ) ;
#1399 = CARTESIAN_POINT ( 'NONE',  ( -40.11998767400631039, 112.7299032302373263, 50.38968031787177893 ) ) ;
#1400 = DIRECTION ( 'NONE',  ( 0.000000000000000000, 0.000000000000000000, -1.000000000000000000 ) ) ;
#1401 = CARTESIAN_POINT ( 'NONE',  ( 49.93783009309771614, 143.4569695494772930, 40.57183789878039448 ) ) ;
#1402 = EDGE_CURVE ( 'NONE', #5160, #2244, #8099, .T. ) ;
#1403 = CARTESIAN_POINT ( 'NONE',  ( -47.00000000000000000, 251.9412599742290695, 3.265112851063872057 ) ) ;
#1404 = AXIS2_PLACEMENT_3D ( 'NONE', #1720, #3184, #2459 ) ;
#1405 = ORIENTED_EDGE ( 'NONE', *, *, #9296, .T. ) ;
#1406 = CARTESIAN_POINT ( 'NONE',  ( 49.99939933985894669, 161.3767734674762266, 0.2450829519018705716 ) ) ;
#1407 = CARTESIAN_POINT ( 'NONE',  ( -46.56268880791240861, 157.2818685057019650, -43.94697918396570202 ) ) ;
#1408 = CARTESIAN_POINT ( 'NONE',  ( -33.10233586290068786, 175.4862839454901007, 33.36570883847546298 ) ) ;
#1409 = VECTOR ( 'NONE', #5963, 1000.000000000000000 ) ;
#1410 = ORIENTED_EDGE ( 'NONE', *, *, #876, .F. ) ;
#1411 = CARTESIAN_POINT ( 'NONE',  ( 33.09259735953042281, 36.00000000000000000, -32.66833329081849513 ) ) ;
#1412 = CARTESIAN_POINT ( 'NONE',  ( 32.66833329081848802, 35.99999999999999289, -33.09259735953042991 ) ) ;
#1413 = CARTESIAN_POINT ( 'NONE',  ( 47.00000000000000000, 262.3741519413206902, -2.327531496599664962 ) ) ;
#1414 = CARTESIAN_POINT ( 'NONE',  ( 5.939536975864663363E-15, 275.0000000000000000, 48.50000000000000000 ) ) ;
#1415 = CARTESIAN_POINT ( 'NONE',  ( -38.43390449649705687, 80.61020279584469961, 27.32702615385185752 ) ) ;
#1416 = ORIENTED_EDGE ( 'NONE', *, *, #9527, .T. ) ;
#1417 = VERTEX_POINT ( 'NONE', #5830 ) ;
#1418 = CARTESIAN_POINT ( 'NONE',  ( -36.46736499287372624, 173.1609393494194364, -29.29356565747520946 ) ) ;
#1419 = PLANE ( 'NONE',  #7236 ) ;
#1420 = VERTEX_POINT ( 'NONE', #6520 ) ;
#1421 = CARTESIAN_POINT ( 'NONE',  ( 108.0000000000000000, 208.7190203635718149, 1.531725937652306024 ) ) ;
#1422 = CARTESIAN_POINT ( 'NONE',  ( -24.29434890298206540, 131.8280114082709815, 41.46658174736685254 ) ) ;
#1423 = CARTESIAN_POINT ( 'NONE',  ( 38.43390449649705687, 80.61020279584469961, -27.32702615385185752 ) ) ;
#1424 = B_SPLINE_SURFACE_WITH_KNOTS ( 'NONE', 3, 1, ( 
 ( #3322, #4823 ),
 ( #2013, #1269 ),
 ( #4924, #4777 ),
 ( #1124, #7890 ),
 ( #1222, #1079 ),
 ( #6969, #4097 ),
 ( #396, #9397 ),
 ( #5697, #2058 ),
 ( #8716, #9590 ),
 ( #1316, #5739 ),
 ( #5013, #3565 ),
 ( #537, #1367 ),
 ( #7301, #2926 ),
 ( #5106, #9539 ),
 ( #6481, #6525 ),
 ( #2148, #2193 ),
 ( #5152, #5879 ),
 ( #8803, #4331 ),
 ( #5063, #8850 ),
 ( #632, #8071 ),
 ( #7979, #4288 ),
 ( #4375, #3519 ),
 ( #9454, #4238 ),
 ( #2795, #7208 ),
 ( #1413, #7341 ),
 ( #9494, #2839 ),
 ( #7258, #678 ),
 ( #3604, #5784 ),
 ( #1458, #6568 ),
 ( #4424, #2102 ),
 ( #8117, #7392 ),
 ( #587, #8032 ),
 ( #3648, #2879 ),
 ( #8758, #6615 ),
 ( #5835, #2778 ),
 ( #374, #9286 ),
 ( #7963, #1298 ),
 ( #7873, #8505 ),
 ( #8551, #3452 ),
 ( #9334, #5533 ),
 ( #520, #4177 ),
 ( #2626, #4268 ),
 ( #7041, #3353 ),
 ( #6461, #5675 ),
 ( #6409, #1845 ),
 ( #3500, #1204 ),
 ( #7142, #6261 ),
 ( #3405, #9436 ),
 ( #5723, #5622 ),
 ( #6316, #2580 ),
 ( #4999, #4904 ),
 ( #7241, #4807 ),
 ( #427, #5578 ),
 ( #2723, #1894 ),
 ( #472, #3306 ),
 ( #9380, #9232 ),
 ( #8653, #4952 ) ),
 .UNSPECIFIED., .F., .F., .F.,
 ( 4, 1, 1, 1, 1, 1, 1, 1, 1, 1, 1, 1, 1, 1, 1, 1, 1, 1, 1, 1, 1, 1, 1, 1, 1, 1, 1, 1, 1, 1, 1, 1, 1, 1, 1, 1, 1, 1, 1, 1, 1, 1, 1, 1, 1, 1, 1, 1, 1, 1, 1, 1, 1, 1, 4 ),
 ( 2, 2 ),
 ( 0.000000000000000000, 0.006232979306320806864, 0.006248147982836442342, 0.02461339579161693492, 0.02467609858717131205, 0.05420483296167832865, 0.05435197753588578984, 0.09350669060714099368, 0.09377882000134744878, 0.1405342250060607479, 0.1409721304143803644, 0.1929186024039734881, 0.1935597343171894802, 0.2480252474747844382, 0.2489004274716022647, 0.3030897219878512239, 0.3042184005887503262, 0.3553669908744937489, 0.3567479986205571718, 0.4022832416398304245, 0.4038798534581819477, 0.4415771578883115334, 0.4432982519744572136, 0.4714347921258625895, 0.4731089029005272062, 0.4907041958757833999, 0.4920027407873517333, 0.4999999999999999445, 0.5079972592126481556, 0.5092958041242166001, 0.5268910970994726828, 0.5285652078741374105, 0.5567017480255426198, 0.5584228421116885777, 0.5961201465418179968, 0.5977167583601695755, 0.6432520013794427172, 0.6446330091255062511, 0.6957815994112496183, 0.6969102780121487761, 0.7510995725283975410, 0.7519747525252156173, 0.8064402656828103533, 0.8070813975960264841, 0.8590278695856196078, 0.8594657749939392799, 0.9062211799986524818, 0.9064933093928589924, 0.9456480224641141685, 0.9457951670383216713, 0.9753239014128286533, 0.9753866042083830790, 0.9937518520171635394, 0.9937670206936791706, 1.000000000000000000 ),
 ( 0.000000000000000000, 1.000000000000000000 ),
 .UNSPECIFIED. ) ;
#1425 = CARTESIAN_POINT ( 'NONE',  ( 38.10567307475909615, 170.3547063632915126, -32.37302178413853682 ) ) ;
#1426 = EDGE_CURVE ( 'NONE', #7770, #9422, #6476, .T. ) ;
#1427 = PLANE ( 'NONE',  #8777 ) ;
#1428 = CARTESIAN_POINT ( 'NONE',  ( -24.96626355950889931, 111.3121957717727071, 40.79466709084002218 ) ) ;
#1429 = CARTESIAN_POINT ( 'NONE',  ( -40.68351489493350215, 100.9687423887486943, -49.82615309694460848 ) ) ;
#1430 = CARTESIAN_POINT ( 'NONE',  ( 33.83408293086012719, 41.21309918220622848, 31.92684771948880851 ) ) ;
#1431 = ORIENTED_EDGE ( 'NONE', *, *, #8246, .T. ) ;
#1432 = LINE ( 'NONE', #4591, #3125 ) ;
#1433 = CARTESIAN_POINT ( 'NONE',  ( -38.56258473745505455, 166.8763353538258514, -27.19834591289388470 ) ) ;
#1434 = CARTESIAN_POINT ( 'NONE',  ( 41.45303252024854146, 89.40149471062304087, -49.05663547162954075 ) ) ;
#1435 = DIRECTION ( 'NONE',  ( -0.000000000000000000, -1.000000000000000000, -0.000000000000000000 ) ) ;
#1436 = CARTESIAN_POINT ( 'NONE',  ( -52.39661248592317122, 145.5000000000000000, 46.59833688019348585 ) ) ;
#1437 = CARTESIAN_POINT ( 'NONE',  ( -33.08734819502001301, 175.4851932568794837, -33.38057152440183017 ) ) ;
#1438 = CARTESIAN_POINT ( 'NONE',  ( 25.51359495171286440, 157.6066838202881399, -40.24733569863604998 ) ) ;
#1439 = CARTESIAN_POINT ( 'NONE',  ( -30.50535599256534169, 52.00000000000000000, -35.25557465778359756 ) ) ;
#1440 = ORIENTED_EDGE ( 'NONE', *, *, #3768, .T. ) ;
#1441 = ORIENTED_EDGE ( 'NONE', *, *, #9241, .T. ) ;
#1442 = EDGE_CURVE ( 'NONE', #4830, #1312, #8752, .T. ) ;
#1443 = CARTESIAN_POINT ( 'NONE',  ( -41.38727259838148598, 126.6764942988443892, 24.37365805196743196 ) ) ;
#1444 = CARTESIAN_POINT ( 'NONE',  ( 0.000000000000000000, 52.00000000000000000, 0.000000000000000000 ) ) ;
#1445 = CARTESIAN_POINT ( 'NONE',  ( 45.92619372941038591, 55.93620152028918824, 44.58347426246773892 ) ) ;
#1446 = CARTESIAN_POINT ( 'NONE',  ( -31.16249184016698592, 49.00211377389215528, 35.06995688179171111 ) ) ;
#1447 = EDGE_CURVE ( 'NONE', #5171, #5942, #5920, .T. ) ;
#1448 = CARTESIAN_POINT ( 'NONE',  ( -108.0000000000000000, 191.0383283497592402, -0.4443020421252301122 ) ) ;
#1449 = FACE_OUTER_BOUND ( 'NONE', #3877, .T. ) ;
#1450 = CARTESIAN_POINT ( 'NONE',  ( -32.88046532517444831, 176.5866740378391455, -32.88046532517448384 ) ) ;
#1451 = CARTESIAN_POINT ( 'NONE',  ( -33.55431931507494170, 268.0000000000000000, -35.98260211966317712 ) ) ;
#1452 = CARTESIAN_POINT ( 'NONE',  ( -31.85388218792846615, 175.0649071256258651, 34.56082353836228549 ) ) ;
#1453 = CARTESIAN_POINT ( 'NONE',  ( 43.20000000000000284, 275.0000000000000000, -18.00000000000000000 ) ) ;
#1454 = VERTEX_POINT ( 'NONE', #1504 ) ;
#1455 = DIRECTION ( 'NONE',  ( -0.000000000000000000, 1.000000000000000000, -0.000000000000000000 ) ) ;
#1456 = CARTESIAN_POINT ( 'NONE',  ( 28.50815149135656057, 171.2031378497270566, -37.25277915899235381 ) ) ;
#1457 = VECTOR ( 'NONE', #5726, 1000.000000000000000 ) ;
#1458 = CARTESIAN_POINT ( 'NONE',  ( 47.00000000000000000, 270.7203451527292941, -2.717380838160957008E-16 ) ) ;
#1459 = CARTESIAN_POINT ( 'NONE',  ( 40.28617701406468399, 108.7025900201346502, 50.22349097781342664 ) ) ;
#1460 = CARTESIAN_POINT ( 'NONE',  ( 49.98047694068797142, 179.1898827802721712, 1.478702751962263973 ) ) ;
#1461 = ORIENTED_EDGE ( 'NONE', *, *, #2524, .F. ) ;
#1462 = EDGE_CURVE ( 'NONE', #3429, #6398, #565, .T. ) ;
#1463 = VERTEX_POINT ( 'NONE', #9628 ) ;
#1464 = CARTESIAN_POINT ( 'NONE',  ( -40.01567615761508989, 134.5090890707682831, -50.49399183426302073 ) ) ;
#1465 = CARTESIAN_POINT ( 'NONE',  ( 0.000000000000000000, 39.50000000000000000, 0.000000000000000000 ) ) ;
#1466 = CARTESIAN_POINT ( 'NONE',  ( -49.88575415043368366, 223.7836521786674666, -3.378619232771091330 ) ) ;
#1467 = DIRECTION ( 'NONE',  ( 0.9088285370321855794, 0.4171671973262491284, -0.001489882847593747457 ) ) ;
#1468 = DIRECTION ( 'NONE',  ( 0.7071067811865474617, 0.000000000000000000, 0.7071067811865474617 ) ) ;
#1469 = AXIS2_PLACEMENT_3D ( 'NONE', #186, #1072, #7638 ) ;
#1470 = AXIS2_PLACEMENT_3D ( 'NONE', #106, #3862, #6035 ) ;
#1471 = CARTESIAN_POINT ( 'NONE',  ( 50.59218501756915742, 120.2343318316846279, -39.91748297430893189 ) ) ;
#1472 = CARTESIAN_POINT ( 'NONE',  ( 35.68568161603808164, 174.0370018940387524, -30.58808547361626751 ) ) ;
#1473 = LINE ( 'NONE', #5937, #5663 ) ;
#1474 = CARTESIAN_POINT ( 'NONE',  ( 31.73166403062526442, 169.3775914625044550, 38.64111387782809004 ) ) ;
#1475 = CARTESIAN_POINT ( 'NONE',  ( -41.19064070390658117, 148.1781441586251162, 49.31902728797150104 ) ) ;
#1476 = VECTOR ( 'NONE', #9588, 999.9999999999998863 ) ;
#1477 = CARTESIAN_POINT ( 'NONE',  ( -44.20390395962769503, 59.33385514974001751, -46.30576403225040849 ) ) ;
#1478 = LINE ( 'NONE', #6676, #2107 ) ;
#1479 = ORIENTED_EDGE ( 'NONE', *, *, #1207, .F. ) ;
#1480 = CARTESIAN_POINT ( 'NONE',  ( 43.97682058470662270, 61.44371818057052792, 46.53284740717148082 ) ) ;
#1481 = CARTESIAN_POINT ( 'NONE',  ( -50.58970023380037873, 130.9941881811295445, -39.91996775807773901 ) ) ;
#1482 = CARTESIAN_POINT ( 'NONE',  ( 48.76789381400745782, 85.62404022679615423, -41.74177417787063149 ) ) ;
#1483 = VECTOR ( 'NONE', #700, 1000.000000000000114 ) ;
#1484 = CARTESIAN_POINT ( 'NONE',  ( -42.32413524936830385, 118.1757342628955598, 26.62135493071102488 ) ) ;
#1485 = CARTESIAN_POINT ( 'NONE',  ( -33.83408293086012009, 41.21309918220619295, -31.92684771948881561 ) ) ;
#1486 = AXIS2_PLACEMENT_3D ( 'NONE', #7837, #9253, #2549 ) ;
#1487 = EDGE_CURVE ( 'NONE', #6866, #7042, #4467, .T. ) ;
#1488 = VECTOR ( 'NONE', #7146, 999.9999999999998863 ) ;
#1489 = CARTESIAN_POINT ( 'NONE',  ( -36.74166306702326779, 172.3850631284906001, -29.31276646092364047 ) ) ;
#1490 = CARTESIAN_POINT ( 'NONE',  ( 41.59764216673600146, 150.5005888525396927, -48.91202582514208075 ) ) ;
#1491 = CARTESIAN_POINT ( 'NONE',  ( -36.97682411518967172, 35.50000000000000000, -27.86403557193981584 ) ) ;
#1492 = VERTEX_POINT ( 'NONE', #2385 ) ;
#1493 = ORIENTED_EDGE ( 'NONE', *, *, #7164, .F. ) ;
#1494 = CARTESIAN_POINT ( 'NONE',  ( -39.91996775807772480, 130.9941881811295445, 50.58970023380036451 ) ) ;
#1495 = CARTESIAN_POINT ( 'NONE',  ( 50.38968031787179314, 112.7299032302373263, 40.11998767400631749 ) ) ;
#1496 = AXIS2_PLACEMENT_3D ( 'NONE', #1902, #3364, #6369 ) ;
#1497 = CARTESIAN_POINT ( 'NONE',  ( 46.53284740717148793, 61.44371818057052792, 43.97682058470662980 ) ) ;
#1498 = CARTESIAN_POINT ( 'NONE',  ( -38.00000000000000000, 275.0000000000000000, -24.00000000000000000 ) ) ;
#1499 = VECTOR ( 'NONE', #4056, 1000.000000000000000 ) ;
#1500 = FACE_OUTER_BOUND ( 'NONE', #499, .T. ) ;
#1501 = CARTESIAN_POINT ( 'NONE',  ( -30.12822377908832649, 54.97802726448586697, -35.63270687126060210 ) ) ;
#1502 = EDGE_CURVE ( 'NONE', #360, #4167, #915, .T. ) ;
#1503 = DIRECTION ( 'NONE',  ( 0.000000000000000000, -1.000000000000000000, 0.000000000000000000 ) ) ;
#1504 = CARTESIAN_POINT ( 'NONE',  ( 40.17760570267969911, 275.0000000000000000, -24.00000000000000000 ) ) ;
#1505 = CARTESIAN_POINT ( 'NONE',  ( -50.54757796528362945, 116.5874508295665777, 39.96209002659446696 ) ) ;
#1506 = EDGE_CURVE ( 'NONE', #1751, #1638, #5335, .T. ) ;
#1507 = VERTEX_POINT ( 'NONE', #7434 ) ;
#1508 = CARTESIAN_POINT ( 'NONE',  ( -43.94697918396570202, 157.2818685057019650, 46.56268880791238018 ) ) ;
#1509 = CARTESIAN_POINT ( 'NONE',  ( 37.49320649782438863, 71.28898199371604960, -28.26772415252453641 ) ) ;
#1510 = B_SPLINE_SURFACE_WITH_KNOTS ( 'NONE', 3, 1, ( 
 ( #9439, #6598 ),
 ( #9576, #7965 ),
 ( #1998, #7329 ),
 ( #9523, #2915 ),
 ( #2867, #1301 ),
 ( #5138, #5725 ),
 ( #7243, #4179 ),
 ( #4954, #8699 ),
 ( #7921, #8744 ),
 ( #4224, #522 ),
 ( #3502, #2087 ),
 ( #2044, #4361 ),
 ( #6463, #5001 ),
 ( #1353, #7288 ),
 ( #618, #5818 ),
 ( #8790, #2137 ),
 ( #8059, #1399 ),
 ( #3055, #5911 ),
 ( #3152, #5323 ),
 ( #3831, #1494 ),
 ( #8301, #2374 ),
 ( #71, #1641 ),
 ( #6008, #8984 ),
 ( #856, #8203 ),
 ( #7573, #3729 ),
 ( #5182, #759 ),
 ( #6646, #4406 ),
 ( #2956, #5235 ),
 ( #4459, #6794 ),
 ( #904, #4606 ),
 ( #7374, #805 ),
 ( #7520, #2323 ),
 ( #8153, #3775 ),
 ( #3004, #123 ),
 ( #1542, #8884 ),
 ( #5281, #7426 ),
 ( #2427, #3878 ),
 ( #6691, #3105 ),
 ( #6844, #168 ),
 ( #1443, #6051 ),
 ( #9030, #8930 ),
 ( #7470, #8252 ),
 ( #2275, #6099 ),
 ( #9075, #8103 ),
 ( #2224, #1587 ),
 ( #4551, #23 ),
 ( #715, #3686 ),
 ( #9619, #5955 ),
 ( #4503, #6740 ),
 ( #1099, #4023 ),
 ( #6203, #6944 ),
 ( #3924, #1691 ),
 ( #216, #2520 ),
 ( #1737, #7763 ),
 ( #7809, #1883 ),
 ( #4651, #7722 ),
 ( #5472, #5522 ) ),
 .UNSPECIFIED., .F., .F., .F.,
 ( 4, 1, 1, 1, 1, 1, 1, 1, 1, 1, 1, 1, 1, 1, 1, 1, 1, 1, 1, 1, 1, 1, 1, 1, 1, 1, 1, 1, 1, 1, 1, 1, 1, 1, 1, 1, 1, 1, 1, 1, 1, 1, 1, 1, 1, 1, 1, 1, 1, 1, 1, 1, 1, 1, 4 ),
 ( 2, 2 ),
 ( 0.000000000000000000, 0.006185920264467840990, 0.006201962899188698426, 0.02441097605636065315, 0.02448136905349916972, 0.05370574164729763345, 0.05388345649501025819, 0.09253774940744020905, 0.09289034474279105058, 0.1389060332195526937, 0.1395093084148930351, 0.1904437008900517758, 0.1913742588137488654, 0.2445345556009105303, 0.2458629933516659483, 0.2984579075547035831, 0.3002380933255869855, 0.3495648249652614226, 0.3518114771965040188, 0.3954646363279900600, 0.3981158618259910686, 0.4341890767744074897, 0.4370593218643058497, 0.4643545367854607919, 0.4670784500627876423, 0.4855543320873984547, 0.4874746266155715047, 0.5000000000000001110, 0.5125253733844284953, 0.5144456679126017118, 0.5329215499372124132, 0.5356454632145394301, 0.5629406781356941503, 0.5658109232255926768, 0.6018841381740089869, 0.6045353636720101065, 0.6481885228034960367, 0.6504351750347387995, 0.6997619066744130700, 0.7015420924452966389, 0.7541370066483340517, 0.7554654443990895807, 0.8086257411862511901, 0.8095562991099484185, 0.8604906915851070481, 0.8610939667804474729, 0.9071096552572089911, 0.9074622505925599159, 0.9461165435049897487, 0.9462942583527024221, 0.9755186309465009309, 0.9755890239436393330, 0.9937980371008113822, 0.9938140797355320410, 1.000000000000000000 ),
 ( 0.000000000000000000, 1.000000000000000000 ),
 .UNSPECIFIED. ) ;
#1511 = CARTESIAN_POINT ( 'NONE',  ( 35.99034706512416193, 58.00000011627452068, 29.77058358522477377 ) ) ;
#1512 = CARTESIAN_POINT ( 'NONE',  ( 49.92322734332374523, 256.1231826355162298, 2.771376959650570626 ) ) ;
#1513 = ORIENTED_EDGE ( 'NONE', *, *, #6102, .T. ) ;
#1514 = EDGE_CURVE ( 'NONE', #8428, #2244, #2785, .T. ) ;
#1515 = ORIENTED_EDGE ( 'NONE', *, *, #2162, .T. ) ;
#1516 = CARTESIAN_POINT ( 'NONE',  ( -50.64418028391641968, 124.0985968565961315, -39.86548770796169094 ) ) ;
#1517 = DIRECTION ( 'NONE',  ( 0.000000000000000000, 1.000000000000000000, -0.000000000000000000 ) ) ;
#1518 = CARTESIAN_POINT ( 'NONE',  ( -49.95214764988330813, 192.4750630694490212, 2.200314928888459587 ) ) ;
#1519 = CARTESIAN_POINT ( 'NONE',  ( -35.45918685583340135, 52.00000000000000000, -30.80394296248341135 ) ) ;
#1520 = CYLINDRICAL_SURFACE ( 'NONE', #5983, 49.10000000000000142 ) ;
#1521 = CARTESIAN_POINT ( 'NONE',  ( 48.91202582514208075, 150.5005888525397495, -41.59764216673601567 ) ) ;
#1522 = CARTESIAN_POINT ( 'NONE',  ( 37.28534852061622473, 171.0681637837629125, -28.61795832010721696 ) ) ;
#1523 = ADVANCED_FACE ( 'NONE', ( #3114 ), #7326, .T. ) ;
#1524 = CARTESIAN_POINT ( 'NONE',  ( -46.99995953443368535, 210.9501165252835619, 0.1393498690075949120 ) ) ;
#1525 = LINE ( 'NONE', #1179, #3280 ) ;
#1526 = CARTESIAN_POINT ( 'NONE',  ( -28.75104949436351376, 66.80701258836774059, 37.00988115598539707 ) ) ;
#1527 = DIRECTION ( 'NONE',  ( -0.000000000000000000, -1.000000000000000000, -0.000000000000000000 ) ) ;
#1528 = CARTESIAN_POINT ( 'NONE',  ( 40.68351489493349504, 100.9687423887486943, 49.82615309694461558 ) ) ;
#1529 = ORIENTED_EDGE ( 'NONE', *, *, #1895, .T. ) ;
#1530 = DIRECTION ( 'NONE',  ( 0.000000000000000000, -1.000000000000000000, 0.000000000000000000 ) ) ;
#1531 = CARTESIAN_POINT ( 'NONE',  ( -34.68057595339049470, 175.3233815820528605, -31.08035469695844100 ) ) ;
#1532 = ORIENTED_EDGE ( 'NONE', *, *, #4423, .T. ) ;
#1533 = CARTESIAN_POINT ( 'NONE',  ( 37.00988115598539707, 66.80701258836774059, -28.75104949436352086 ) ) ;
#1534 = DIRECTION ( 'NONE',  ( 0.000000000000000000, 0.000000000000000000, -1.000000000000000000 ) ) ;
#1535 = EDGE_CURVE ( 'NONE', #1540, #4854, #4317, .T. ) ;
#1536 = CARTESIAN_POINT ( 'NONE',  ( -41.46658174736685964, 131.8280114082709815, -24.29434890298207961 ) ) ;
#1537 = CARTESIAN_POINT ( 'NONE',  ( 44.78285603231767453, 54.19120085711175960, -45.72681195956041478 ) ) ;
#1538 = CARTESIAN_POINT ( 'NONE',  ( 28.75104949436350665, 66.80701258836775480, -37.00988115598539707 ) ) ;
#1539 = FACE_OUTER_BOUND ( 'NONE', #3331, .T. ) ;
#1540 = VERTEX_POINT ( 'NONE', #6553 ) ;
#1541 = ORIENTED_EDGE ( 'NONE', *, *, #3558, .F. ) ;
#1542 = CARTESIAN_POINT ( 'NONE',  ( -40.24733569863604288, 157.6066838202881399, 25.51359495171287506 ) ) ;
#1543 = PLANE ( 'NONE',  #7992 ) ;
#1544 = CARTESIAN_POINT ( 'NONE',  ( 38.56258473745506876, 166.8763353538257945, 27.19834591289386694 ) ) ;
#1545 = CARTESIAN_POINT ( 'NONE',  ( 40.65331820325020118, 153.6225640485287727, 25.10761244709872742 ) ) ;
#1546 = CARTESIAN_POINT ( 'NONE',  ( -108.0000000000000000, 220.7712470389694488, -0.8099658592145445590 ) ) ;
#1547 = CARTESIAN_POINT ( 'NONE',  ( 0.000000000000000000, 57.99999999999999289, -36.00000000000000000 ) ) ;
#1548 = CARTESIAN_POINT ( 'NONE',  ( -24.69734275216253749, 116.6762642137271371, -41.06358789818640531 ) ) ;
#1549 = CARTESIAN_POINT ( 'NONE',  ( 38.90225724876551539, 85.63114929373708151, 26.85867340158342742 ) ) ;
#1550 = CARTESIAN_POINT ( 'NONE',  ( 41.74177417787063860, 85.62404022679615423, -48.76789381400745782 ) ) ;
#1551 = CARTESIAN_POINT ( 'NONE',  ( 49.09999999999999432, 264.0000000000000000, 2.500000000000000000 ) ) ;
#1552 = CARTESIAN_POINT ( 'NONE',  ( -41.36857510098818835, 141.0186408901463437, -24.39235554936074735 ) ) ;
#1553 = ORIENTED_EDGE ( 'NONE', *, *, #6278, .T. ) ;
#1554 = CARTESIAN_POINT ( 'NONE',  ( -40.28617701406467688, 108.7025900201346644, 50.22349097781341243 ) ) ;
#1555 = CARTESIAN_POINT ( 'NONE',  ( 36.08140240266996557, 58.70654625247944125, -29.67952824767894526 ) ) ;
#1556 = CARTESIAN_POINT ( 'NONE',  ( 32.66833329081850223, 35.99999999999999289, 33.09259735953043702 ) ) ;
#1557 = CARTESIAN_POINT ( 'NONE',  ( 49.97729515214626161, 265.2493064210739249, -1.513004568499474400 ) ) ;
#1558 = VECTOR ( 'NONE', #9292, 1000.000000000000000 ) ;
#1559 = VERTEX_POINT ( 'NONE', #5046 ) ;
#1560 = ORIENTED_EDGE ( 'NONE', *, *, #1567, .T. ) ;
#1561 = CARTESIAN_POINT ( 'NONE',  ( -39.75138694003534567, 95.69680212022356613, -26.00954371031358647 ) ) ;
#1562 = DIRECTION ( 'NONE',  ( -0.4771338767340425058, 0.7380288120022735487, -0.4771338767340425613 ) ) ;
#1563 = CARTESIAN_POINT ( 'NONE',  ( 0.000000000000000000, 0.000000000000000000, 0.000000000000000000 ) ) ;
#1564 = DIRECTION ( 'NONE',  ( 0.8660254037844382635, 0.000000000000000000, -0.5000000000000004441 ) ) ;
#1565 = CARTESIAN_POINT ( 'NONE',  ( -50.59218501756915742, 120.2343318316845853, 39.91748297430893189 ) ) ;
#1566 = CARTESIAN_POINT ( 'NONE',  ( 43.94697918396568781, 157.2818685057019650, -46.56268880791239440 ) ) ;
#1567 = EDGE_CURVE ( 'NONE', #1420, #5205, #5132, .T. ) ;
#1568 = DIRECTION ( 'NONE',  ( 0.000000000000000000, 0.000000000000000000, -1.000000000000000000 ) ) ;
#1569 = CARTESIAN_POINT ( 'NONE',  ( 108.0000000000000000, 188.0000000000000000, 0.1499999999999999944 ) ) ;
#1570 = CARTESIAN_POINT ( 'NONE',  ( 37.12955697799481669, 171.5561179699268735, 33.48841238799528242 ) ) ;
#1571 = CARTESIAN_POINT ( 'NONE',  ( -24.39235554936073669, 141.0186408901463153, 41.36857510098818125 ) ) ;
#1572 = CARTESIAN_POINT ( 'NONE',  ( -28.26772415252453996, 71.28898199371604960, -37.49320649782439574 ) ) ;
#1573 = CARTESIAN_POINT ( 'NONE',  ( 41.19064070390658827, 148.1781441586250878, 49.31902728797151525 ) ) ;
#1574 = ORIENTED_EDGE ( 'NONE', *, *, #3099, .T. ) ;
#1575 = LINE ( 'NONE', #9561, #2969 ) ;
#1576 = FACE_OUTER_BOUND ( 'NONE', #9449, .T. ) ;
#1577 = VERTEX_POINT ( 'NONE', #474 ) ;
#1578 = CARTESIAN_POINT ( 'NONE',  ( 37.25277915899235381, 171.2031378497270566, -28.50815149135656767 ) ) ;
#1579 = CARTESIAN_POINT ( 'NONE',  ( -28.40006792114496292, 159.1130762893434678, 41.15279711400251017 ) ) ;
#1580 = CARTESIAN_POINT ( 'NONE',  ( -27.19834591289386694, 166.8763353538257945, -38.56258473745506166 ) ) ;
#1581 = CARTESIAN_POINT ( 'NONE',  ( -37.61230384976507679, 170.0262037789081262, -28.18405024541385018 ) ) ;
#1582 = CARTESIAN_POINT ( 'NONE',  ( 24.29434890298206184, 131.8280114082709815, -41.46658174736684543 ) ) ;
#1583 = CARTESIAN_POINT ( 'NONE',  ( -41.19064070390658117, 148.1781441586251162, 49.31902728797150104 ) ) ;
#1584 = B_SPLINE_SURFACE_WITH_KNOTS ( 'NONE', 3, 1, ( 
 ( #3841, #8891 ),
 ( #4613, #131 ),
 ( #7583, #4563 ),
 ( #914, #6853 ),
 ( #2232, #6700 ),
 ( #5191, #8942 ),
 ( #3113, #6016 ),
 ( #5334, #1596 ),
 ( #8310, #4466 ),
 ( #8992, #176 ),
 ( #30, #7433 ),
 ( #3159, #3010 ),
 ( #1549, #6109 ),
 ( #7478, #815 ),
 ( #2185, #3785 ),
 ( #5145, #2334 ),
 ( #8111, #5288 ),
 ( #7384, #9285 ),
 ( #6997, #323 ),
 ( #1844, #9185 ),
 ( #6953, #5577 ),
 ( #3305, #7817 ),
 ( #8358, #7629 ),
 ( #278, #3214 ),
 ( #1797, #373 ),
 ( #7730, #3352 ),
 ( #4760, #1701 ),
 ( #9231, #3261 ),
 ( #227, #3986 ),
 ( #6213, #4806 ),
 ( #2532, #5435 ),
 ( #965, #6166 ),
 ( #1063, #4129 ),
 ( #7771, #6315 ),
 ( #8404, #2625 ),
 ( #3931, #2579 ),
 ( #4662, #1746 ),
 ( #8450, #6259 ),
 ( #5481, #8549 ),
 ( #4077, #426 ),
 ( #1892, #6899 ),
 ( #9136, #1152 ),
 ( #5532, #4852 ),
 ( #7094, #3404 ),
 ( #8503, #9085 ),
 ( #2438, #2484 ),
 ( #1107, #5388 ),
 ( #7040, #4707 ),
 ( #4031, #7674 ),
 ( #1013, #8637 ),
 ( #9421, #415 ),
 ( #7760, #4794 ),
 ( #358, #4747 ),
 ( #9368, #6443 ),
 ( #9321, #2567 ),
 ( #2764, #1982 ),
 ( #7719, #4020 ) ),
 .UNSPECIFIED., .F., .F., .F.,
 ( 4, 1, 1, 1, 1, 1, 1, 1, 1, 1, 1, 1, 1, 1, 1, 1, 1, 1, 1, 1, 1, 1, 1, 1, 1, 1, 1, 1, 1, 1, 1, 1, 1, 1, 1, 1, 1, 1, 1, 1, 1, 1, 1, 1, 1, 1, 1, 1, 1, 1, 1, 1, 1, 1, 4 ),
 ( 2, 2 ),
 ( 0.000000000000000000, 0.006185920264467840990, 0.006201962899188698426, 0.02441097605636065315, 0.02448136905349916972, 0.05370574164729763345, 0.05388345649501025819, 0.09253774940744020905, 0.09289034474279105058, 0.1389060332195526937, 0.1395093084148930351, 0.1904437008900517758, 0.1913742588137488654, 0.2445345556009105303, 0.2458629933516659483, 0.2984579075547035831, 0.3002380933255869855, 0.3495648249652614226, 0.3518114771965040188, 0.3954646363279900600, 0.3981158618259910686, 0.4341890767744074897, 0.4370593218643058497, 0.4643545367854607919, 0.4670784500627876423, 0.4855543320873984547, 0.4874746266155715047, 0.5000000000000001110, 0.5125253733844284953, 0.5144456679126017118, 0.5329215499372124132, 0.5356454632145394301, 0.5629406781356941503, 0.5658109232255926768, 0.6018841381740089869, 0.6045353636720101065, 0.6481885228034960367, 0.6504351750347387995, 0.6997619066744130700, 0.7015420924452966389, 0.7541370066483340517, 0.7554654443990895807, 0.8086257411862511901, 0.8095562991099484185, 0.8604906915851070481, 0.8610939667804474729, 0.9071096552572089911, 0.9074622505925599159, 0.9461165435049897487, 0.9462942583527024221, 0.9755186309465009309, 0.9755890239436393330, 0.9937980371008113822, 0.9938140797355320410, 1.000000000000000000 ),
 ( 0.000000000000000000, 1.000000000000000000 ),
 .UNSPECIFIED. ) ;
#1585 = ORIENTED_EDGE ( 'NONE', *, *, #2051, .F. ) ;
#1586 = VERTEX_POINT ( 'NONE', #7193 ) ;
#1587 = CARTESIAN_POINT ( 'NONE',  ( -49.05663547162954075, 89.40149471062305508, 41.45303252024855567 ) ) ;
#1588 = DIRECTION ( 'NONE',  ( -0.4999999999999997780, 0.000000000000000000, 0.8660254037844387076 ) ) ;
#1589 = CARTESIAN_POINT ( 'NONE',  ( 39.91996775807773901, 130.9941881811295445, 50.58970023380037162 ) ) ;
#1590 = CARTESIAN_POINT ( 'NONE',  ( 45.92619372941038591, 55.93620152028918824, 44.58347426246773892 ) ) ;
#1591 = EDGE_CURVE ( 'NONE', #6293, #2295, #947, .T. ) ;
#1592 = CARTESIAN_POINT ( 'NONE',  ( -108.0000000000000000, 200.0436515574730834, -1.136500775115126149 ) ) ;
#1593 = DIRECTION ( 'NONE',  ( 0.000000000000000000, -1.000000000000000000, 0.000000000000000000 ) ) ;
#1594 = CARTESIAN_POINT ( 'NONE',  ( -43.94697918396571623, 157.2818685057020218, -46.56268880791239440 ) ) ;
#1595 = EDGE_LOOP ( 'NONE', ( #6303, #9522, #7504, #3601, #8588, #3065 ) ) ;
#1596 = CARTESIAN_POINT ( 'NONE',  ( 47.03874315999062361, 66.31954352124843410, 43.47092483188747281 ) ) ;
#1597 = CARTESIAN_POINT ( 'NONE',  ( -30.91401160017258221, 48.76015662781989590, 34.84691905017633928 ) ) ;
#1598 = CARTESIAN_POINT ( 'NONE',  ( -32.12212275894370350, 39.50000000000000000, -34.44675934626292246 ) ) ;
#1599 = CARTESIAN_POINT ( 'NONE',  ( -33.26194495473987445, 37.17140469785621093, -32.49898569560906481 ) ) ;
#1600 = EDGE_LOOP ( 'NONE', ( #2790, #6785, #4295, #3043 ) ) ;
#1601 = CARTESIAN_POINT ( 'NONE',  ( -40.65331820325018697, 153.6225640485288011, 25.10761244709872742 ) ) ;
#1602 = CARTESIAN_POINT ( 'NONE',  ( 39.75138694003533857, 95.69680212022358035, -26.00954371031357937 ) ) ;
#1603 = EDGE_CURVE ( 'NONE', #5713, #4320, #5678, .T. ) ;
#1604 = CARTESIAN_POINT ( 'NONE',  ( 32.16823240588159649, 39.48056780803435828, 33.59269824446734276 ) ) ;
#1605 = CARTESIAN_POINT ( 'NONE',  ( 49.99831359932296948, 267.4148781504399039, -0.4132524421840677586 ) ) ;
#1606 = ORIENTED_EDGE ( 'NONE', *, *, #7294, .T. ) ;
#1607 = ORIENTED_EDGE ( 'NONE', *, *, #2668, .F. ) ;
#1608 = VECTOR ( 'NONE', #4515, 1000.000000000000114 ) ;
#1609 = CARTESIAN_POINT ( 'NONE',  ( -26.00954371031358647, 95.69680212022358035, -39.75138694003535278 ) ) ;
#1610 = CARTESIAN_POINT ( 'NONE',  ( 0.000000000000000000, 268.0000000000000000, 0.000000000000000000 ) ) ;
#1611 = CARTESIAN_POINT ( 'NONE',  ( -49.92838439272034634, 256.9832948496347740, 2.678361751876571883 ) ) ;
#1612 = CARTESIAN_POINT ( 'NONE',  ( 108.0000000000000000, 212.2520230457143384, 1.564538599336978031 ) ) ;
#1613 = CARTESIAN_POINT ( 'NONE',  ( -48.14642419775778137, 153.8348667856811858, 42.36324379412031504 ) ) ;
#1614 = CARTESIAN_POINT ( 'NONE',  ( 41.59764216673600146, 150.5005888525396927, -48.91202582514208075 ) ) ;
#1615 = CARTESIAN_POINT ( 'NONE',  ( -44.99031566266479842, 52.44175755770029923, 45.51935232921329799 ) ) ;
#1616 = DIRECTION ( 'NONE',  ( 0.000000000000000000, -0.000000000000000000, 1.000000000000000000 ) ) ;
#1617 = ADVANCED_FACE ( 'NONE', ( #8655 ), #1510, .T. ) ;
#1618 = CARTESIAN_POINT ( 'NONE',  ( 39.54399360121718132, 166.9004939135874110, 30.59992134143708853 ) ) ;
#1619 = CARTESIAN_POINT ( 'NONE',  ( -44.99031566266480553, 52.44175755770029212, -45.51935232921329799 ) ) ;
#1620 = CARTESIAN_POINT ( 'NONE',  ( 40.65331820325020118, 153.6225640485287727, 25.10761244709872742 ) ) ;
#1621 = ORIENTED_EDGE ( 'NONE', *, *, #2997, .F. ) ;
#1622 = DIRECTION ( 'NONE',  ( 0.000000000000000000, -1.000000000000000000, -0.000000000000000000 ) ) ;
#1623 = CARTESIAN_POINT ( 'NONE',  ( -34.08013314533000937, 43.01938834715528515, -31.68079750501894054 ) ) ;
#1624 = EDGE_CURVE ( 'NONE', #1232, #8676, #6891, .T. ) ;
#1625 = ORIENTED_EDGE ( 'NONE', *, *, #8910, .T. ) ;
#1626 = CARTESIAN_POINT ( 'NONE',  ( 40.57183789878038027, 143.4569695494772361, -49.93783009309771614 ) ) ;
#1627 = VECTOR ( 'NONE', #9476, 1000.000000000000000 ) ;
#1628 = CARTESIAN_POINT ( 'NONE',  ( -31.87944353150262700, 169.6266751731370448, 38.51940243239008055 ) ) ;
#1629 = VECTOR ( 'NONE', #3603, 1000.000000000000114 ) ;
#1630 = CARTESIAN_POINT ( 'NONE',  ( -45.92619372941037881, 55.93620152028918824, -44.58347426246772471 ) ) ;
#1631 = VECTOR ( 'NONE', #5737, 999.9999999999998863 ) ;
#1632 = CARTESIAN_POINT ( 'NONE',  ( -41.36857510098818835, 141.0186408901463437, -24.39235554936074735 ) ) ;
#1633 = AXIS2_PLACEMENT_3D ( 'NONE', #6326, #7602, #5587 ) ;
#1634 = CARTESIAN_POINT ( 'NONE',  ( 43.94697918396568781, 157.2818685057019650, -46.56268880791239440 ) ) ;
#1635 = ORIENTED_EDGE ( 'NONE', *, *, #91, .F. ) ;
#1636 = CARTESIAN_POINT ( 'NONE',  ( -37.25277915899234671, 171.2031378497270850, 28.50815149135656412 ) ) ;
#1637 = ADVANCED_FACE ( 'NONE', ( #4699 ), #2, .T. ) ;
#1638 = VERTEX_POINT ( 'NONE', #4068 ) ;
#1639 = VERTEX_POINT ( 'NONE', #6989 ) ;
#1640 = VECTOR ( 'NONE', #7167, 1000.000000000000000 ) ;
#1641 = CARTESIAN_POINT ( 'NONE',  ( -40.33924585287350340, 140.4589426390626556, 50.17042213900458592 ) ) ;
#1642 = CARTESIAN_POINT ( 'NONE',  ( 39.91748297430893189, 120.2343318316845853, 50.59218501756917874 ) ) ;
#1643 = CARTESIAN_POINT ( 'NONE',  ( 38.56258473745506876, 166.8763353538257945, 27.19834591289386694 ) ) ;
#1644 = CARTESIAN_POINT ( 'NONE',  ( -108.0000000000000142, 211.2349972917180025, -1.554547180778681925 ) ) ;
#1645 = AXIS2_PLACEMENT_3D ( 'NONE', #8201, #572, #3549 ) ;
#1646 = VECTOR ( 'NONE', #6726, 1000.000000000000000 ) ;
#1647 = CARTESIAN_POINT ( 'NONE',  ( 42.55474908577791382, 135.9913053418302127, -26.25072632901945369 ) ) ;
#1648 = FACE_OUTER_BOUND ( 'NONE', #322, .T. ) ;
#1649 = ORIENTED_EDGE ( 'NONE', *, *, #9603, .T. ) ;
#1650 = CARTESIAN_POINT ( 'NONE',  ( 0.000000000000000000, 268.0000000000000000, 0.000000000000000000 ) ) ;
#1651 = EDGE_CURVE ( 'NONE', #4346, #4517, #5570, .T. ) ;
#1652 = CIRCLE ( 'NONE', #244, 48.50000000000000000 ) ;
#1653 = CARTESIAN_POINT ( 'NONE',  ( 29.67952824767894526, 58.70654625247947678, -36.08140240266997978 ) ) ;
#1654 = CARTESIAN_POINT ( 'NONE',  ( -44.78285603231767453, 54.19120085711174539, 45.72681195956041478 ) ) ;
#1655 = CARTESIAN_POINT ( 'NONE',  ( -40.68351489493350215, 100.9687423887486943, -49.82615309694460848 ) ) ;
#1656 = ORIENTED_EDGE ( 'NONE', *, *, #6181, .F. ) ;
#1657 = VECTOR ( 'NONE', #9505, 1000.000000000000000 ) ;
#1658 = CARTESIAN_POINT ( 'NONE',  ( -48.91202582514207364, 150.5005888525397211, 41.59764216673601567 ) ) ;
#1659 = CARTESIAN_POINT ( 'NONE',  ( 48.91202582514208075, 150.5005888525397495, -41.59764216673601567 ) ) ;
#1660 = EDGE_CURVE ( 'NONE', #8221, #5031, #6224, .T. ) ;
#1661 = CARTESIAN_POINT ( 'NONE',  ( 36.10435859987737217, 57.99999999999997868, -29.93853975963596170 ) ) ;
#1662 = CARTESIAN_POINT ( 'NONE',  ( 35.03403024654998887, 174.7093979249175106, 31.33268355529198601 ) ) ;
#1663 = VERTEX_POINT ( 'NONE', #9127 ) ;
#1664 = ORIENTED_EDGE ( 'NONE', *, *, #4324, .T. ) ;
#1665 = CARTESIAN_POINT ( 'NONE',  ( -44.58347426246773182, 55.93620152028918113, -45.92619372941037170 ) ) ;
#1666 = DIRECTION ( 'NONE',  ( -0.7071067811865474617, 0.000000000000000000, -0.7071067811865474617 ) ) ;
#1667 = CARTESIAN_POINT ( 'NONE',  ( -49.98540131474608472, 266.0036018162742266, -1.232609277655717595 ) ) ;
#1668 = LINE ( 'NONE', #6075, #542 ) ;
#1669 = ADVANCED_FACE ( 'NONE', ( #3297 ), #6707, .T. ) ;
#1670 = CARTESIAN_POINT ( 'NONE',  ( -48.76789381400745071, 85.62404022679615423, 41.74177417787063860 ) ) ;
#1671 = DIRECTION ( 'NONE',  ( 0.000000000000000000, 1.000000000000000000, 0.000000000000000000 ) ) ;
#1672 = B_SPLINE_SURFACE_WITH_KNOTS ( 'NONE', 3, 1, ( 
 ( #707, #3678 ),
 ( #4597, #2317 ),
 ( #162, #8875 ),
 ( #2366, #117 ),
 ( #1485, #1630 ),
 ( #4545, #5370 ),
 ( #5317, #5905 ),
 ( #3146, #7512 ),
 ( #9024, #5228 ),
 ( #2217, #8343 ),
 ( #6684, #2951 ),
 ( #2996, #5275 ),
 ( #1684, #5948 ),
 ( #4645, #5176 ),
 ( #7612, #848 ),
 ( #8922, #2268 ),
 ( #8295, #898 ),
 ( #4453, #7420 ),
 ( #1536, #3872 ),
 ( #8245, #6091 ),
 ( #6045, #3821 ),
 ( #753, #4497 ),
 ( #7565, #3098 ),
 ( #6836, #9069 ),
 ( #8976, #8144 ),
 ( #7464, #2418 ),
 ( #8198, #949 ),
 ( #6641, #9614 ),
 ( #3723, #17 ),
 ( #799, #3769 ),
 ( #6730, #62 ),
 ( #3047, #6001 ),
 ( #1580, #6788 ),
 ( #3669, #9015 ),
 ( #8821, #6722 ),
 ( #53, #8087 ),
 ( #5897, #5992 ),
 ( #6779, #8914 ),
 ( #3760, #8968 ),
 ( #8235, #5854 ),
 ( #2309, #8868 ),
 ( #2358, #5267 ),
 ( #7557, #1429 ),
 ( #890, #790 ),
 ( #2943, #9607 ),
 ( #5169, #2164 ),
 ( #1572, #109 ),
 ( #3038, #2209 ),
 ( #8136, #3089 ),
 ( #9558, #4588 ),
 ( #3864, #5122 ),
 ( #2898, #1477 ),
 ( #4393, #2989 ),
 ( #7357, #4445 ),
 ( #5940, #7412 ),
 ( #2260, #1619 ),
 ( #746, #3716 ) ),
 .UNSPECIFIED., .F., .F., .F.,
 ( 4, 1, 1, 1, 1, 1, 1, 1, 1, 1, 1, 1, 1, 1, 1, 1, 1, 1, 1, 1, 1, 1, 1, 1, 1, 1, 1, 1, 1, 1, 1, 1, 1, 1, 1, 1, 1, 1, 1, 1, 1, 1, 1, 1, 1, 1, 1, 1, 1, 1, 1, 1, 1, 1, 4 ),
 ( 2, 2 ),
 ( 0.000000000000000000, 0.006185920264467958951, 0.006201962899188617762, 0.02441097605636066703, 0.02448136905349906911, 0.05370574164729757793, 0.05388345649501025125, 0.09253774940744008415, 0.09289034474279100895, 0.1389060332195525271, 0.1395093084148929519, 0.1904437008900515815, 0.1913742588137488099, 0.2445345556009104193, 0.2458629933516659483, 0.2984579075547033611, 0.3002380933255869300, 0.3495648249652612005, 0.3518114771965039633, 0.3954646363279898935, 0.3981158618259910131, 0.4341890767744073232, 0.4370593218643058497, 0.4643545367854605699, 0.4670784500627875868, 0.4855543320873982882, 0.4874746266155715047, 0.4999999999999998890, 0.5125253733844284953, 0.5144456679126014897, 0.5329215499372124132, 0.5356454632145392081, 0.5629406781356941503, 0.5658109232255925658, 0.6018841381740089869, 0.6045353636720098844, 0.6481885228034960367, 0.6504351750347385774, 0.6997619066744129590, 0.7015420924452964169, 0.7541370066483340517, 0.7554654443990894697, 0.8086257411862511901, 0.8095562991099481964, 0.8604906915851069371, 0.8610939667804473618, 0.9071096552572089911, 0.9074622505925598048, 0.9461165435049897487, 0.9462942583527023110, 0.9755186309465008199, 0.9755890239436393330, 0.9937980371008112712, 0.9938140797355321521, 1.000000000000000000 ),
 ( 0.000000000000000000, 1.000000000000000000 ),
 .UNSPECIFIED. ) ;
#1673 = CARTESIAN_POINT ( 'NONE',  ( 29.70024544799589350, 172.9891755310295309, -36.43109891600536798 ) ) ;
#1674 = CARTESIAN_POINT ( 'NONE',  ( 29.59757854469404137, 59.45114241664884247, -36.16335210565487301 ) ) ;
#1675 = CARTESIAN_POINT ( 'NONE',  ( 41.73424116573644227, 154.1365289939205070, 27.53707542704110622 ) ) ;
#1676 = CARTESIAN_POINT ( 'NONE',  ( 45.50000000000000000, 58.00000000000000000, -18.00000000000000000 ) ) ;
#1677 = CARTESIAN_POINT ( 'NONE',  ( 42.78460399787552859, 155.3921848145514844, 47.72506399400258204 ) ) ;
#1678 = ORIENTED_EDGE ( 'NONE', *, *, #5086, .T. ) ;
#1679 = CARTESIAN_POINT ( 'NONE',  ( -34.12743092665181877, 172.0212866422652951, -36.54327006475716644 ) ) ;
#1680 = PLANE ( 'NONE',  #8168 ) ;
#1681 = ORIENTED_EDGE ( 'NONE', *, *, #6979, .F. ) ;
#1682 = LINE ( 'NONE', #2466, #2592 ) ;
#1683 = CARTESIAN_POINT ( 'NONE',  ( -26.73605438546373136, 146.6058843461927665, 42.25155410946548074 ) ) ;
#1684 = CARTESIAN_POINT ( 'NONE',  ( -38.90225724876550828, 85.63114929373708151, -26.85867340158342742 ) ) ;
#1685 = EDGE_CURVE ( 'NONE', #701, #7709, #3815, .T. ) ;
#1686 = CARTESIAN_POINT ( 'NONE',  ( -40.24733569863605709, 157.6066838202881399, -25.51359495171287861 ) ) ;
#1687 = CARTESIAN_POINT ( 'NONE',  ( -35.45918685583340135, 52.00000000000000000, -30.80394296248341135 ) ) ;
#1688 = CARTESIAN_POINT ( 'NONE',  ( -44.93779350453365851, 52.88466077438589963, 45.57187448734442370 ) ) ;
#1689 = ORIENTED_EDGE ( 'NONE', *, *, #3446, .F. ) ;
#1690 = ORIENTED_EDGE ( 'NONE', *, *, #4227, .F. ) ;
#1691 = CARTESIAN_POINT ( 'NONE',  ( -46.30576403225039428, 59.33385514974001751, 44.20390395962768793 ) ) ;
#1692 = CARTESIAN_POINT ( 'NONE',  ( -5.740046074382442853, 39.50000000000000000, 46.74892374230628178 ) ) ;
#1693 = CARTESIAN_POINT ( 'NONE',  ( 24.55371574811974256, 145.7020373835962062, 41.20721490222918959 ) ) ;
#1694 = CARTESIAN_POINT ( 'NONE',  ( 47.88935570772444805, 75.23276251545793514, 42.62031228415367679 ) ) ;
#1695 = CARTESIAN_POINT ( 'NONE',  ( 31.69400693055751006, 65.05334878492789130, 38.67929575223242011 ) ) ;
#1696 = EDGE_CURVE ( 'NONE', #1577, #8340, #2303, .T. ) ;
#1697 = CARTESIAN_POINT ( 'NONE',  ( -34.15368864456463172, 43.91141705726548849, -35.98550691814759972 ) ) ;
#1698 = EDGE_CURVE ( 'NONE', #6556, #4830, #1432, .T. ) ;
#1699 = DIRECTION ( 'NONE',  ( 0.000000000000000000, 1.000000000000000000, 0.000000000000000000 ) ) ;
#1700 = VERTEX_POINT ( 'NONE', #8193 ) ;
#1701 = CARTESIAN_POINT ( 'NONE',  ( 47.72506399400257493, 155.3921848145515128, 42.78460399787553570 ) ) ;
#1702 = CARTESIAN_POINT ( 'NONE',  ( -31.30679870501314355, 45.76678402021408942, 34.45413194533577439 ) ) ;
#1703 = CARTESIAN_POINT ( 'NONE',  ( -43.05106378547495893, 156.3633846497057789, 47.45860420640313038 ) ) ;
#1704 = CARTESIAN_POINT ( 'NONE',  ( -24.39235554936074735, 141.0186408901463722, -41.36857510098818835 ) ) ;
#1705 = ORIENTED_EDGE ( 'NONE', *, *, #5186, .T. ) ;
#1706 = CARTESIAN_POINT ( 'NONE',  ( -42.62031228415366257, 75.23276251545793514, 47.88935570772444095 ) ) ;
#1707 = CARTESIAN_POINT ( 'NONE',  ( 34.44736847863527629, 45.71524904810724621, -31.31356217171364520 ) ) ;
#1708 = DIRECTION ( 'NONE',  ( 0.000000000000000000, 1.000000000000000000, 0.000000000000000000 ) ) ;
#1709 = CARTESIAN_POINT ( 'NONE',  ( 29.13063671876274796, 172.0413855346519370, 36.88427203083084294 ) ) ;
#1710 = ORIENTED_EDGE ( 'NONE', *, *, #5016, .T. ) ;
#1711 = LINE ( 'NONE', #7595, #1036 ) ;
#1712 = CARTESIAN_POINT ( 'NONE',  ( -29.33832402439917786, 63.16230588991551542, -36.72941530738224003 ) ) ;
#1713 = CARTESIAN_POINT ( 'NONE',  ( -49.94173754644855734, 196.9203548967950610, 2.421102335039791775 ) ) ;
#1714 = CARTESIAN_POINT ( 'NONE',  ( -26.16506350946111681, 268.0000000000000000, -40.31921938165304908 ) ) ;
#1715 = ADVANCED_FACE ( 'NONE', ( #4396 ), #2946, .F. ) ;
#1716 = CARTESIAN_POINT ( 'NONE',  ( -46.30576403225039428, 59.33385514974001751, 44.20390395962768793 ) ) ;
#1717 = CARTESIAN_POINT ( 'NONE',  ( 45.51935232921328378, 52.44175755770029212, -44.99031566266479842 ) ) ;
#1718 = AXIS2_PLACEMENT_3D ( 'NONE', #7141, #471, #1994 ) ;
#1719 = CARTESIAN_POINT ( 'NONE',  ( -40.92961328274395072, 96.97051065983893636, 49.58005470913413149 ) ) ;
#1720 = CARTESIAN_POINT ( 'NONE',  ( 34.01183617507293633, 145.5000000000000000, 28.21356056934324386 ) ) ;
#1721 = CARTESIAN_POINT ( 'NONE',  ( 30.91401162919337153, 48.76015640400927253, 34.84691902115557127 ) ) ;
#1722 = CARTESIAN_POINT ( 'NONE',  ( 39.22375858382816460, 163.8347417721553256, 26.53717206652076754 ) ) ;
#1723 = ORIENTED_EDGE ( 'NONE', *, *, #1961, .F. ) ;
#1724 = CARTESIAN_POINT ( 'NONE',  ( -31.44502779985109697, 168.8494741638748735, -38.87472714423019227 ) ) ;
#1725 = CARTESIAN_POINT ( 'NONE',  ( -35.32342563975260674, 52.00000000784747556, 30.60489854012412536 ) ) ;
#1726 = ORIENTED_EDGE ( 'NONE', *, *, #4743, .T. ) ;
#1727 = LINE ( 'NONE', #4691, #872 ) ;
#1728 = VECTOR ( 'NONE', #6158, 1000.000000000000000 ) ;
#1729 = CARTESIAN_POINT ( 'NONE',  ( -40.59050206124845062, 162.4383763706998423, 29.19682311961178200 ) ) ;
#1730 = CARTESIAN_POINT ( 'NONE',  ( -49.58005470913413149, 96.97051065983893636, 40.92961328274396493 ) ) ;
#1731 = EDGE_CURVE ( 'NONE', #1559, #6462, #1575, .T. ) ;
#1732 = CARTESIAN_POINT ( 'NONE',  ( -47.72506399400258204, 155.3921848145515128, -42.78460399787553570 ) ) ;
#1733 = CARTESIAN_POINT ( 'NONE',  ( 38.90225724876550117, 85.63114929373706730, -26.85867340158341676 ) ) ;
#1734 = CARTESIAN_POINT ( 'NONE',  ( -44.73292201045923377, 54.62836855260158586, 45.77674598141885554 ) ) ;
#1735 = EDGE_LOOP ( 'NONE', ( #5322, #6497, #4720, #1461, #4808, #5646, #9358, #7254, #7924, #8068 ) ) ;
#1736 = VERTEX_POINT ( 'NONE', #4539 ) ;
#1737 = CARTESIAN_POINT ( 'NONE',  ( -33.59269824446732855, 39.48056780803435828, 32.16823240588158228 ) ) ;
#1738 = SHAPE_DEFINITION_REPRESENTATION ( #598, #8581 ) ;
#1739 = CARTESIAN_POINT ( 'NONE',  ( 43.94697918396570202, 157.2818685057019650, 46.56268880791240861 ) ) ;
#1740 = CARTESIAN_POINT ( 'NONE',  ( 40.33924585287351761, 140.4589426390626556, 50.17042213900459302 ) ) ;
#1741 = CARTESIAN_POINT ( 'NONE',  ( 26.25072632901941105, 135.9913053418269726, 42.55474908577797777 ) ) ;
#1742 = CARTESIAN_POINT ( 'NONE',  ( 31.08035469695842679, 175.3233815820528605, -34.68057595339048760 ) ) ;
#1743 = DIRECTION ( 'NONE',  ( -0.000000000000000000, -1.000000000000000000, -0.000000000000000000 ) ) ;
#1744 = DIRECTION ( 'NONE',  ( 0.000000000000000000, -1.000000000000000000, 0.000000000000000000 ) ) ;
#1745 = ORIENTED_EDGE ( 'NONE', *, *, #2162, .F. ) ;
#1746 = CARTESIAN_POINT ( 'NONE',  ( 40.01567615761508989, 134.5090890707682831, 50.49399183426302073 ) ) ;
#1747 = CARTESIAN_POINT ( 'NONE',  ( 38.90225724876550117, 85.63114929373706730, -26.85867340158341676 ) ) ;
#1748 = EDGE_CURVE ( 'NONE', #9275, #5393, #3763, .T. ) ;
#1749 = PLANE ( 'NONE',  #3172 ) ;
#1750 = CARTESIAN_POINT ( 'NONE',  ( -26.53717206652076754, 163.8347417721553256, -39.22375858382816460 ) ) ;
#1751 = VERTEX_POINT ( 'NONE', #6783 ) ;
#1752 = CARTESIAN_POINT ( 'NONE',  ( -49.58005470913413149, 96.97051065983893636, 40.92961328274396493 ) ) ;
#1753 = LINE ( 'NONE', #6907, #1558 ) ;
#1754 = EDGE_CURVE ( 'NONE', #493, #3685, #893, .T. ) ;
#1755 = DIRECTION ( 'NONE',  ( 0.000000000000000000, -1.000000000000000000, 0.000000000000000000 ) ) ;
#1756 = CARTESIAN_POINT ( 'NONE',  ( 34.30797173411200163, 175.2150490470389741, 32.12638060451842392 ) ) ;
#1757 = CARTESIAN_POINT ( 'NONE',  ( -36.08140240266997267, 58.70654625247946967, 29.67952824767894526 ) ) ;
#1758 = ORIENTED_EDGE ( 'NONE', *, *, #5466, .T. ) ;
#1759 = CARTESIAN_POINT ( 'NONE',  ( -32.49898569560905770, 37.17140469785623935, -33.26194495473988155 ) ) ;
#1760 = CARTESIAN_POINT ( 'NONE',  ( 44.99017980345195866, 52.44290321668560750, 45.51948818842615196 ) ) ;
#1761 = PLANE ( 'NONE',  #2553 ) ;
#1762 = CARTESIAN_POINT ( 'NONE',  ( -36.16138306720322504, 57.99999999999999289, -30.02250515210871740 ) ) ;
#1763 = CARTESIAN_POINT ( 'NONE',  ( -47.72506399400256782, 155.3921848145514844, 42.78460399787552149 ) ) ;
#1764 = CARTESIAN_POINT ( 'NONE',  ( 45.77674598141886264, 54.62836855260158586, 44.73292201045924799 ) ) ;
#1765 = CARTESIAN_POINT ( 'NONE',  ( -25.10761244709871676, 153.6225640485287727, 40.65331820325018697 ) ) ;
#1766 = FACE_OUTER_BOUND ( 'NONE', #9521, .T. ) ;
#1767 = DIRECTION ( 'NONE',  ( 1.000000000000000000, 0.000000000000000000, 0.000000000000000000 ) ) ;
#1768 = DIRECTION ( 'NONE',  ( -0.9743700647852351349, -0.000000000000000000, 0.2249510543438649757 ) ) ;
#1769 = ORIENTED_EDGE ( 'NONE', *, *, #6992, .T. ) ;
#1770 = FACE_OUTER_BOUND ( 'NONE', #5310, .T. ) ;
#1771 = DIRECTION ( 'NONE',  ( 0.000000000000000000, 0.000000000000000000, -1.000000000000000000 ) ) ;
#1772 = ORIENTED_EDGE ( 'NONE', *, *, #7814, .F. ) ;
#1773 = CARTESIAN_POINT ( 'NONE',  ( -108.0000000000000000, 204.9984294160720424, -1.407972151344733858 ) ) ;
#1774 = CARTESIAN_POINT ( 'NONE',  ( -39.78278296250547896, 166.0223565838193736, 30.28861713264172550 ) ) ;
#1775 = VECTOR ( 'NONE', #6319, 1000.000000000000000 ) ;
#1776 = CARTESIAN_POINT ( 'NONE',  ( -24.19999999999999218, 264.0000000000000000, 41.91562954316684397 ) ) ;
#1777 = CARTESIAN_POINT ( 'NONE',  ( -47.31597781508200029, 69.12979561808752749, -43.19369017679611034 ) ) ;
#1778 = CARTESIAN_POINT ( 'NONE',  ( 41.20721490222918959, 145.7020373835961777, -24.55371574811973190 ) ) ;
#1779 = CARTESIAN_POINT ( 'NONE',  ( -31.08035469695841968, 175.3233815820528605, 34.68057595339050891 ) ) ;
#1780 = ORIENTED_EDGE ( 'NONE', *, *, #8424, .T. ) ;
#1781 = VERTEX_POINT ( 'NONE', #702 ) ;
#1782 = LOCAL_TIME ( 22, 37, 13.00000000000000000, #8441 ) ;
#1783 = DIRECTION ( 'NONE',  ( -0.000000000000000000, 1.000000000000000000, -0.000000000000000000 ) ) ;
#1784 = AXIS2_PLACEMENT_3D ( 'NONE', #4096, #5593, #6524 ) ;
#1785 = DATE_AND_TIME ( #362, #1782 ) ;
#1786 = CYLINDRICAL_SURFACE ( 'NONE', #4285, 1.050000000000000044 ) ;
#1787 = CARTESIAN_POINT ( 'NONE',  ( 44.73292201045924799, 54.62836855260160718, 45.77674598141886264 ) ) ;
#1788 = CARTESIAN_POINT ( 'NONE',  ( 27.14520631303203047, 151.2543003863761157, 41.99181708300191218 ) ) ;
#1789 = EDGE_CURVE ( 'NONE', #9385, #6656, #2902, .T. ) ;
#1790 = AXIS2_PLACEMENT_3D ( 'NONE', #5490, #8459, #1070 ) ;
#1791 = CARTESIAN_POINT ( 'NONE',  ( 45.46696603029500494, 52.00000000000000000, -45.04270196158308437 ) ) ;
#1792 = AXIS2_PLACEMENT_3D ( 'NONE', #1436, #4311, #7280 ) ;
#1793 = DIRECTION ( 'NONE',  ( 1.000000000000000000, 0.000000000000000000, 1.224646799147353207E-16 ) ) ;
#1794 = AXIS2_PLACEMENT_3D ( 'NONE', #8088, #4989, #5941 ) ;
#1795 = DIRECTION ( 'NONE',  ( 0.000000000000000000, 1.000000000000000000, 0.000000000000000000 ) ) ;
#1796 = ORIENTED_EDGE ( 'NONE', *, *, #8279, .T. ) ;
#1797 = CARTESIAN_POINT ( 'NONE',  ( 38.56258473745506876, 166.8763353538257945, 27.19834591289386694 ) ) ;
#1798 = CARTESIAN_POINT ( 'NONE',  ( 35.63270687126059499, 54.97802726448586697, -30.12822377908831939 ) ) ;
#1799 = DIRECTION ( 'NONE',  ( 0.000000000000000000, 0.000000000000000000, -1.000000000000000000 ) ) ;
#1800 = CARTESIAN_POINT ( 'NONE',  ( -39.86548770796169094, 124.0985968565961741, -50.64418028391641258 ) ) ;
#1801 = AXIS2_PLACEMENT_3D ( 'NONE', #6906, #233, #9613 ) ;
#1802 = ORIENTED_EDGE ( 'NONE', *, *, #1462, .T. ) ;
#1803 = DIRECTION ( 'NONE',  ( -0.000000000000000000, -1.000000000000000000, -0.000000000000000000 ) ) ;
#1804 = CARTESIAN_POINT ( 'NONE',  ( 42.35569619307418066, 94.50000000000000000, -48.15397179880390155 ) ) ;
#1805 = CIRCLE ( 'NONE', #3210, 46.44757944331641397 ) ;
#1806 = DIRECTION ( 'NONE',  ( 0.000000000000000000, -1.000000000000000000, 0.000000000000000000 ) ) ;
#1807 = CARTESIAN_POINT ( 'NONE',  ( 37.61230384976509100, 170.0262037789080125, 28.18405024541387149 ) ) ;
#1808 = EDGE_CURVE ( 'NONE', #2578, #7673, #6636, .T. ) ;
#1809 = VECTOR ( 'NONE', #4773, 1000.000000000000000 ) ;
#1810 = CARTESIAN_POINT ( 'NONE',  ( -33.83408293086010588, 41.21309918220618584, 31.92684771948880140 ) ) ;
#1811 = VERTEX_POINT ( 'NONE', #8871 ) ;
#1812 = CARTESIAN_POINT ( 'NONE',  ( -41.45303252024854856, 89.40149471062302666, -49.05663547162955496 ) ) ;
#1813 = CARTESIAN_POINT ( 'NONE',  ( 50.07277075913016517, 104.9875858014058423, 40.43689723274794545 ) ) ;
#1814 = CARTESIAN_POINT ( 'NONE',  ( 4.408728476930470856E-15, 57.99999999999999289, 36.00000000000000000 ) ) ;
#1815 = CARTESIAN_POINT ( 'NONE',  ( 31.45444816953517986, 46.00849753285227450, -34.61057804017264061 ) ) ;
#1816 = DIRECTION ( 'NONE',  ( 0.000000000000000000, 0.000000000000000000, 1.000000000000000000 ) ) ;
#1817 = VECTOR ( 'NONE', #5846, 1000.000000000000000 ) ;
#1818 = CARTESIAN_POINT ( 'NONE',  ( 35.63270687126060210, 54.97802726448587407, 30.12822377908832649 ) ) ;
#1819 = CARTESIAN_POINT ( 'NONE',  ( -37.25277915899234671, 171.2031378497270850, 28.50815149135656412 ) ) ;
#1820 = ADVANCED_FACE ( 'NONE', ( #2212 ), #5172, .F. ) ;
#1821 = CARTESIAN_POINT ( 'NONE',  ( -5.666924468339352927, 39.50000000000000000, 46.15339605132148648 ) ) ;
#1822 = CARTESIAN_POINT ( 'NONE',  ( 36.87847621481376592, 49.45210526212279234, 33.65753773153343076 ) ) ;
#1823 = CARTESIAN_POINT ( 'NONE',  ( 108.0000000000000000, 222.0000000000000000, 0.000000000000000000 ) ) ;
#1824 = VERTEX_POINT ( 'NONE', #12 ) ;
#1825 = CARTESIAN_POINT ( 'NONE',  ( -32.91604603025560039, 171.0050973860288366, -37.63774848787127070 ) ) ;
#1826 = DIRECTION ( 'NONE',  ( -0.5000000000000003331, 0.000000000000000000, -0.8660254037844383745 ) ) ;
#1827 = ORIENTED_EDGE ( 'NONE', *, *, #1368, .T. ) ;
#1828 = CARTESIAN_POINT ( 'NONE',  ( -108.0000000000000000, 218.0682573214455431, 1.296976512692874950 ) ) ;
#1829 = DIRECTION ( 'NONE',  ( 0.000000000000000000, 0.000000000000000000, 1.000000000000000000 ) ) ;
#1830 = DIRECTION ( 'NONE',  ( 0.000000000000000000, 0.000000000000000000, -1.000000000000000000 ) ) ;
#1831 = EDGE_CURVE ( 'NONE', #4175, #7397, #7395, .T. ) ;
#1832 = DIRECTION ( 'NONE',  ( -0.2722802470405741304, 0.000000000000000000, 0.9622179935292852759 ) ) ;
#1833 = DIRECTION ( 'NONE',  ( 0.000000000000000000, 0.000000000000000000, 1.000000000000000000 ) ) ;
#1834 = DIRECTION ( 'NONE',  ( 0.9622179935292853870, 0.000000000000000000, 0.2722802470405741859 ) ) ;
#1835 = ORIENTED_EDGE ( 'NONE', *, *, #2417, .F. ) ;
#1836 = ORIENTED_EDGE ( 'NONE', *, *, #1396, .T. ) ;
#1837 = DIRECTION ( 'NONE',  ( 0.000000000000000000, 0.000000000000000000, 1.000000000000000000 ) ) ;
#1838 = CARTESIAN_POINT ( 'NONE',  ( -45.46696603029501915, 52.00000000000000000, -45.04270196158309147 ) ) ;
#1839 = CARTESIAN_POINT ( 'NONE',  ( 44.99031566266480553, 52.44175755770030634, 45.51935232921329799 ) ) ;
#1840 = CARTESIAN_POINT ( 'NONE',  ( 34.81447876247081297, 48.51213425699022963, -30.94645188787810497 ) ) ;
#1841 = CARTESIAN_POINT ( 'NONE',  ( 26.83766949383945644, 147.8619356179109730, -42.18719615595232852 ) ) ;
#1842 = CARTESIAN_POINT ( 'NONE',  ( -23.54999999999999716, 35.50000000000000000, 40.78979651824707275 ) ) ;
#1843 = ORIENTED_EDGE ( 'NONE', *, *, #1426, .F. ) ;
#1844 = CARTESIAN_POINT ( 'NONE',  ( 41.36857510098818125, 141.0186408901463153, 24.39235554936074735 ) ) ;
#1845 = CARTESIAN_POINT ( 'NONE',  ( 108.0000000000000000, 200.0436515574730834, 1.136500775115126372 ) ) ;
#1846 = ORIENTED_EDGE ( 'NONE', *, *, #3019, .F. ) ;
#1847 = CARTESIAN_POINT ( 'NONE',  ( 27.19834591289387049, 166.8763353538258514, -38.56258473745504745 ) ) ;
#1848 = CARTESIAN_POINT ( 'NONE',  ( -21.83493649053892582, 275.0000000000000000, -42.81921938165304908 ) ) ;
#1849 = CARTESIAN_POINT ( 'NONE',  ( -27.32702615385186107, 80.61020279584469961, -38.43390449649707108 ) ) ;
#1850 = ORIENTED_EDGE ( 'NONE', *, *, #1273, .F. ) ;
#1851 = DIRECTION ( 'NONE',  ( 0.000000000000000000, 0.5429190384632399669, -0.8397850425401437446 ) ) ;
#1852 = DIRECTION ( 'NONE',  ( 0.8660254037844387076, 0.000000000000000000, 0.4999999999999998335 ) ) ;
#1853 = CARTESIAN_POINT ( 'NONE',  ( 35.25587864481383349, 174.5039055581198966, 31.08250375579040892 ) ) ;
#1854 = CARTESIAN_POINT ( 'NONE',  ( 6.123233995736766085E-15, 275.0000000000000000, -50.00000000000000000 ) ) ;
#1855 = CARTESIAN_POINT ( 'NONE',  ( -48.76789381400745071, 85.62404022679615423, 41.74177417787063860 ) ) ;
#1856 = EDGE_LOOP ( 'NONE', ( #2222, #8300, #4199 ) ) ;
#1857 = DIRECTION ( 'NONE',  ( 0.7071067811865479058, -0.000000000000000000, 0.7071067811865472397 ) ) ;
#1858 = DIRECTION ( 'NONE',  ( 0.000000000000000000, -1.000000000000000000, 0.000000000000000000 ) ) ;
#1859 = CARTESIAN_POINT ( 'NONE',  ( 0.000000000000000000, 268.0000000000000000, 0.000000000000000000 ) ) ;
#1860 = B_SPLINE_CURVE_WITH_KNOTS ( 'NONE', 3,
 ( #973, #3994, #3268, #6174 ),
 .UNSPECIFIED., .F., .F.,
 ( 4, 4 ),
 ( 0.000000000000000000, 0.01571456849098223918 ),
 .UNSPECIFIED. ) ;
#1861 = FACE_OUTER_BOUND ( 'NONE', #964, .T. ) ;
#1862 = CARTESIAN_POINT ( 'NONE',  ( 35.63270687126059499, 54.97802726448586697, -30.12822377908831939 ) ) ;
#1863 = CARTESIAN_POINT ( 'NONE',  ( -40.57183789878038027, 143.4569695494772930, 49.93783009309771614 ) ) ;
#1864 = CARTESIAN_POINT ( 'NONE',  ( 45.04270196158307726, 52.00000000000000000, -45.46696603029501205 ) ) ;
#1865 = MANIFOLD_SOLID_BREP ( 'Cut-Extrude19', #4872 ) ;
#1866 = CARTESIAN_POINT ( 'NONE',  ( 37.57616459432502154, 54.99999999999999289, 32.98532786528269867 ) ) ;
#1867 = LINE ( 'NONE', #404, #1022 ) ;
#1868 = ORIENTED_EDGE ( 'NONE', *, *, #2506, .T. ) ;
#1869 = CARTESIAN_POINT ( 'NONE',  ( -28.29327770100282891, 158.7821440013459835, -41.23134657392176194 ) ) ;
#1870 = CARTESIAN_POINT ( 'NONE',  ( -46.98886141627406232, 212.2745019305933454, 1.022801511781935124 ) ) ;
#1871 = ORIENTED_EDGE ( 'NONE', *, *, #8122, .F. ) ;
#1872 = CARTESIAN_POINT ( 'NONE',  ( -108.0000000000000000, 188.7030918747324222, -0.2216618877870081827 ) ) ;
#1873 = LINE ( 'NONE', #4204, #5056 ) ;
#1874 = VECTOR ( 'NONE', #5621, 1000.000000000000114 ) ;
#1875 = CARTESIAN_POINT ( 'NONE',  ( -36.08140240266997267, 58.70654625247946967, 29.67952824767894526 ) ) ;
#1876 = EDGE_CURVE ( 'NONE', #819, #351, #6290, .T. ) ;
#1877 = CARTESIAN_POINT ( 'NONE',  ( -32.16823240588158228, 39.48056780803440091, -33.59269824446734987 ) ) ;
#1878 = CARTESIAN_POINT ( 'NONE',  ( -35.32342564570091525, 52.00000000000000000, -30.60489855371935164 ) ) ;
#1879 = AXIS2_PLACEMENT_3D ( 'NONE', #9123, #5566, #1833 ) ;
#1880 = CARTESIAN_POINT ( 'NONE',  ( -34.45413192731801644, 45.76678388290346788, 31.30679872303090150 ) ) ;
#1881 = EDGE_LOOP ( 'NONE', ( #3551, #2488, #8391, #8403 ) ) ;
#1882 = EDGE_LOOP ( 'NONE', ( #9029, #7229 ) ) ;
#1883 = CARTESIAN_POINT ( 'NONE',  ( -45.57187448734442370, 52.88466077438591384, 44.93779350453365851 ) ) ;
#1884 = APPROVAL_DATE_TIME ( #1785, #1171 ) ;
#1885 = DIRECTION ( 'NONE',  ( 0.000000000000000000, 1.000000000000000000, 0.000000000000000000 ) ) ;
#1886 = CARTESIAN_POINT ( 'NONE',  ( 41.45303252024856278, 89.40149471062305508, 49.05663547162955496 ) ) ;
#1887 = B_SPLINE_CURVE_WITH_KNOTS ( 'NONE', 3,
 ( #3961, #305, #9316, #3289 ),
 .UNSPECIFIED., .F., .F.,
 ( 4, 4 ),
 ( 0.01747249955575045505, 0.01777699149090819150 ),
 .UNSPECIFIED. ) ;
#1888 = CARTESIAN_POINT ( 'NONE',  ( 46.53284740717146661, 61.44371818057052792, -43.97682058470661559 ) ) ;
#1889 = CARTESIAN_POINT ( 'NONE',  ( 36.12624812828885723, 172.2436984526362096, -34.56857423806303586 ) ) ;
#1890 = FACE_BOUND ( 'NONE', #2223, .T. ) ;
#1891 = ORIENTED_EDGE ( 'NONE', *, *, #9080, .T. ) ;
#1892 = CARTESIAN_POINT ( 'NONE',  ( 24.69734275216253394, 116.6762642137271797, 41.06358789818640531 ) ) ;
#1893 = EDGE_CURVE ( 'NONE', #6913, #1824, #9264, .T. ) ;
#1894 = CARTESIAN_POINT ( 'NONE',  ( 108.0000000000000000, 188.8455625563292983, 0.2356386559728524122 ) ) ;
#1895 = EDGE_CURVE ( 'NONE', #5486, #3227, #7022, .T. ) ;
#1896 = VERTEX_POINT ( 'NONE', #2463 ) ;
#1897 = CARTESIAN_POINT ( 'NONE',  ( 38.56258473745505455, 166.8763353538257945, -27.19834591289385983 ) ) ;
#1898 = CARTESIAN_POINT ( 'NONE',  ( 34.65886550037444636, 38.39089156305783490, 34.80028685661176269 ) ) ;
#1899 = DIRECTION ( 'NONE',  ( 0.000000000000000000, 0.000000000000000000, -1.000000000000000000 ) ) ;
#1900 = ORIENTED_EDGE ( 'NONE', *, *, #6066, .F. ) ;
#1901 = DIRECTION ( 'NONE',  ( -0.4771338767340425058, -0.7380288120022735487, -0.4771338767340425613 ) ) ;
#1902 = CARTESIAN_POINT ( 'NONE',  ( 0.000000000000000000, 268.0000000000000000, 0.000000000000000000 ) ) ;
#1903 = CARTESIAN_POINT ( 'NONE',  ( -49.05663547162955496, 89.40149471062304087, -41.45303252024855567 ) ) ;
#1904 = CARTESIAN_POINT ( 'NONE',  ( 43.35577859760994812, 39.50000000000000000, -18.40343615184479376 ) ) ;
#1905 = CARTESIAN_POINT ( 'NONE',  ( -31.08035469695841968, 175.3233815820528605, 34.68057595339050891 ) ) ;
#1906 = ORIENTED_EDGE ( 'NONE', *, *, #2056, .T. ) ;
#1907 = FACE_OUTER_BOUND ( 'NONE', #2711, .T. ) ;
#1908 = DIRECTION ( 'NONE',  ( -0.000000000000000000, -1.000000000000000000, -0.000000000000000000 ) ) ;
#1909 = CARTESIAN_POINT ( 'NONE',  ( 28.04587946176250313, 73.51205123985398870, 37.71505118858642902 ) ) ;
#1910 = FACE_OUTER_BOUND ( 'NONE', #7533, .T. ) ;
#1911 = CARTESIAN_POINT ( 'NONE',  ( 49.82615309694461558, 100.9687423887486943, 40.68351489493350215 ) ) ;
#1912 = CARTESIAN_POINT ( 'NONE',  ( -26.53717206652075689, 163.8347417721553256, 39.22375858382815750 ) ) ;
#1913 = DIRECTION ( 'NONE',  ( 0.000000000000000000, 0.000000000000000000, -1.000000000000000000 ) ) ;
#1914 = DIRECTION ( 'NONE',  ( 0.000000000000000000, 0.000000000000000000, 1.000000000000000000 ) ) ;
#1915 = CARTESIAN_POINT ( 'NONE',  ( 44.99031566266480553, 52.44175755770030634, 45.51935232921329799 ) ) ;
#1916 = ORIENTED_EDGE ( 'NONE', *, *, #9144, .T. ) ;
#1917 = CARTESIAN_POINT ( 'NONE',  ( -46.30576403225040849, 59.33385514974001751, -44.20390395962770214 ) ) ;
#1918 = CARTESIAN_POINT ( 'NONE',  ( 37.71505118858653560, 73.51205704305368727, -28.04587946176237878 ) ) ;
#1919 = ORIENTED_EDGE ( 'NONE', *, *, #4354, .T. ) ;
#1920 = CARTESIAN_POINT ( 'NONE',  ( -35.77960312803932652, 176.0000000000000000, -29.98132752230962339 ) ) ;
#1921 = CARTESIAN_POINT ( 'NONE',  ( -31.70475716768712715, 64.96805734563908175, 38.67037218050484171 ) ) ;
#1922 = CARTESIAN_POINT ( 'NONE',  ( -33.59269824446732855, 39.48056780803435828, 32.16823240588158228 ) ) ;
#1923 = ADVANCED_FACE ( 'NONE', ( #1770, #2558 ), #7652, .F. ) ;
#1924 = CARTESIAN_POINT ( 'NONE',  ( -44.73292201045924799, 54.62836855260157876, -45.77674598141885554 ) ) ;
#1925 = CARTESIAN_POINT ( 'NONE',  ( 0.000000000000000000, 35.50000000000000000, 0.000000000000000000 ) ) ;
#1926 = EDGE_CURVE ( 'NONE', #7359, #8221, #950, .T. ) ;
#1927 = FACE_OUTER_BOUND ( 'NONE', #2605, .T. ) ;
#1928 = ORIENTED_EDGE ( 'NONE', *, *, #308, .F. ) ;
#1929 = ORIENTED_EDGE ( 'NONE', *, *, #7700, .T. ) ;
#1930 = CARTESIAN_POINT ( 'NONE',  ( 50.17042213900458592, 140.4589426390626556, 40.33924585287351761 ) ) ;
#1931 = CARTESIAN_POINT ( 'NONE',  ( -46.53284740717148082, 61.44371818057052792, -43.97682058470662270 ) ) ;
#1932 = CARTESIAN_POINT ( 'NONE',  ( 38.00000000000000000, 58.00000000000000000, -21.00000000000000000 ) ) ;
#1933 = AXIS2_PLACEMENT_3D ( 'NONE', #7337, #3472, #7166 ) ;
#1934 = CARTESIAN_POINT ( 'NONE',  ( 50.59218501756915742, 120.2343318316846279, -39.91748297430893189 ) ) ;
#1935 = CARTESIAN_POINT ( 'NONE',  ( 33.90048142760019800, 171.8733151468583173, -36.75370899144105152 ) ) ;
#1936 = ADVANCED_FACE ( 'NONE', ( #9359, #6339 ), #2801, .F. ) ;
#1937 = CARTESIAN_POINT ( 'NONE',  ( 47.45860420640312327, 156.3633846497057789, -43.05106378547496604 ) ) ;
#1938 = ORIENTED_EDGE ( 'NONE', *, *, #6206, .T. ) ;
#1939 = CARTESIAN_POINT ( 'NONE',  ( -40.10103315935766233, 137.5203383235722185, -50.40863483252044830 ) ) ;
#1940 = DIRECTION ( 'NONE',  ( 0.000000000000000000, -1.000000000000000000, 0.000000000000000000 ) ) ;
#1941 = ADVANCED_FACE ( 'NONE', ( #5746 ), #5151, .T. ) ;
#1942 = ORIENTED_EDGE ( 'NONE', *, *, #4761, .F. ) ;
#1943 = CARTESIAN_POINT ( 'NONE',  ( 50.59218501756915742, 120.2343318316846279, -39.91748297430893189 ) ) ;
#1944 = DIRECTION ( 'NONE',  ( 0.000000000000000000, 1.000000000000000000, 0.000000000000000000 ) ) ;
#1945 = LINE ( 'NONE', #1303, #4912 ) ;
#1946 = ORIENTED_EDGE ( 'NONE', *, *, #8504, .F. ) ;
#1947 = AXIS2_PLACEMENT_3D ( 'NONE', #1010, #2481, #275 ) ;
#1948 = CARTESIAN_POINT ( 'NONE',  ( -47.00000000000000000, 266.9817559752150373, 1.823765569793514896 ) ) ;
#1949 = AXIS2_PLACEMENT_3D ( 'NONE', #6951, #6057, #1105 ) ;
#1950 = AXIS2_PLACEMENT_3D ( 'NONE', #6506, #5130, #5763 ) ;
#1951 = CARTESIAN_POINT ( 'NONE',  ( -28.04587946176237878, 73.51205311379843010, 37.71505118858653560 ) ) ;
#1952 = EDGE_CURVE ( 'NONE', #4991, #9587, #2595, .T. ) ;
#1953 = CARTESIAN_POINT ( 'NONE',  ( -50.22349097781342664, 108.7025900201346644, -40.28617701406468399 ) ) ;
#1954 = VECTOR ( 'NONE', #1455, 1000.000000000000000 ) ;
#1955 = CARTESIAN_POINT ( 'NONE',  ( 24.96626355950889931, 111.3121957717727071, -40.79466709084002218 ) ) ;
#1956 = CARTESIAN_POINT ( 'NONE',  ( -48.91202582514207364, 150.5005888525397211, 41.59764216673601567 ) ) ;
#1957 = VERTEX_POINT ( 'NONE', #7741 ) ;
#1958 = AXIS2_PLACEMENT_3D ( 'NONE', #1139, #4113, #7080 ) ;
#1959 = CARTESIAN_POINT ( 'NONE',  ( -46.59833688019350006, 145.5000000000000000, -52.39661248592317122 ) ) ;
#1960 = CARTESIAN_POINT ( 'NONE',  ( 50.54757796528363656, 116.5874508295665635, 39.96209002659447407 ) ) ;
#1961 = EDGE_CURVE ( 'NONE', #1151, #4795, #142, .T. ) ;
#1962 = DIRECTION ( 'NONE',  ( -0.7071067811865474617, 0.000000000000000000, 0.7071067811865474617 ) ) ;
#1963 = CARTESIAN_POINT ( 'NONE',  ( 0.000000000000000000, 264.0000000000000000, 0.000000000000000000 ) ) ;
#1964 = AXIS2_PLACEMENT_3D ( 'NONE', #6196, #5563, #1830 ) ;
#1965 = CARTESIAN_POINT ( 'NONE',  ( 50.17042213900458592, 140.4589426390626556, 40.33924585287351761 ) ) ;
#1966 = AXIS2_PLACEMENT_3D ( 'NONE', #8394, #1004, #3976 ) ;
#1967 = DIRECTION ( 'NONE',  ( -0.5000000000000003331, 0.000000000000000000, -0.8660254037844383745 ) ) ;
#1968 = ORIENTED_EDGE ( 'NONE', *, *, #8881, .F. ) ;
#1969 = VECTOR ( 'NONE', #3062, 1000.000000000000000 ) ;
#1970 = CARTESIAN_POINT ( 'NONE',  ( 28.04587946176248536, 169.6705890995218340, 37.71505118858645034 ) ) ;
#1971 = CARTESIAN_POINT ( 'NONE',  ( 0.000000000000000000, 94.50000000000000000, 0.000000000000000000 ) ) ;
#1972 = EDGE_LOOP ( 'NONE', ( #7734, #3866, #304, #2914, #2242, #7795 ) ) ;
#1973 = CARTESIAN_POINT ( 'NONE',  ( -42.30730197504326640, 117.6516938689392617, -26.64811512789317050 ) ) ;
#1974 = CARTESIAN_POINT ( 'NONE',  ( -46.99716309754730759, 212.9176809069981289, -0.5282718661745081645 ) ) ;
#1975 = EDGE_LOOP ( 'NONE', ( #3765, #8761, #532, #5817 ) ) ;
#1976 = CARTESIAN_POINT ( 'NONE',  ( 108.0000000000000000, 221.3340369568884398, 0.7072749410835352801 ) ) ;
#1977 = AXIS2_PLACEMENT_3D ( 'NONE', #643, #4203, #9549 ) ;
#1978 = LINE ( 'NONE', #8487, #6298 ) ;
#1979 = CARTESIAN_POINT ( 'NONE',  ( 32.58376914801011281, 36.58494384897174712, -33.17716150233880512 ) ) ;
#1980 = CARTESIAN_POINT ( 'NONE',  ( -44.99031566266480553, 52.44175755770029212, -45.51935232921329799 ) ) ;
#1981 = CARTESIAN_POINT ( 'NONE',  ( 4.408728476930470856E-15, 57.99999999999999289, 36.00000000000000000 ) ) ;
#1982 = CARTESIAN_POINT ( 'NONE',  ( 44.99031566266480553, 52.44175755770030634, 45.51935232921329799 ) ) ;
#1983 = EDGE_LOOP ( 'NONE', ( #9048, #7628, #9028, #5660, #5253, #4104, #226, #6988, #8855, #2934 ) ) ;
#1984 = ORIENTED_EDGE ( 'NONE', *, *, #4012, .F. ) ;
#1985 = CARTESIAN_POINT ( 'NONE',  ( 24.37365805196743551, 126.6764942988443892, 41.38727259838150019 ) ) ;
#1986 = CARTESIAN_POINT ( 'NONE',  ( -24.54999999999999716, 268.0000000000000000, 42.52184732581595483 ) ) ;
#1987 = CARTESIAN_POINT ( 'NONE',  ( 40.28617701406466978, 108.7025900201346644, -50.22349097781341243 ) ) ;
#1988 = CARTESIAN_POINT ( 'NONE',  ( -48.76789381400745071, 85.62404022679615423, 41.74177417787063860 ) ) ;
#1989 = LINE ( 'NONE', #4947, #6604 ) ;
#1990 = EDGE_CURVE ( 'NONE', #5447, #6248, #7011, .T. ) ;
#1991 = CARTESIAN_POINT ( 'NONE',  ( 29.27444961139395474, 162.7673015036193931, -40.53643829274438559 ) ) ;
#1992 = CARTESIAN_POINT ( 'NONE',  ( -37.13655121719912700, 0.000000000000000000, -27.98439857657023211 ) ) ;
#1993 = EDGE_LOOP ( 'NONE', ( #7489, #2650, #1745 ) ) ;
#1994 = DIRECTION ( 'NONE',  ( -0.8660254037844384856, 0.000000000000000000, 0.5000000000000004441 ) ) ;
#1995 = DIRECTION ( 'NONE',  ( 0.000000000000000000, 1.000000000000000000, 0.000000000000000000 ) ) ;
#1996 = ORIENTED_EDGE ( 'NONE', *, *, #5229, .T. ) ;
#1997 = B_SPLINE_CURVE_WITH_KNOTS ( 'NONE', 3,
 ( #4065, #1239, #8686, #1880, #5611 ),
 .UNSPECIFIED., .F., .F.,
 ( 4, 1, 4 ),
 ( 0.9437396079111418645, 0.9462942583527024221, 0.9752823015947401641 ),
 .UNSPECIFIED. ) ;
#1998 = CARTESIAN_POINT ( 'NONE',  ( -32.49898569560905059, 37.17140469785623225, 33.26194495473987445 ) ) ;
#1999 = CARTESIAN_POINT ( 'NONE',  ( 37.33082634058653326, 69.78879597759180342, -28.43010430976238112 ) ) ;
#2000 = LINE ( 'NONE', #7245, #6763 ) ;
#2001 = EDGE_LOOP ( 'NONE', ( #7082, #5070, #232, #4772, #3573 ) ) ;
#2002 = EDGE_CURVE ( 'NONE', #351, #4339, #7545, .T. ) ;
#2003 = CARTESIAN_POINT ( 'NONE',  ( -47.00000000000000000, 162.7289639002187016, 0.4518216655316358299 ) ) ;
#2004 = EDGE_CURVE ( 'NONE', #3568, #6710, #1711, .T. ) ;
#2005 = DIRECTION ( 'NONE',  ( 0.000000000000000000, -1.000000000000000000, 0.000000000000000000 ) ) ;
#2006 = CARTESIAN_POINT ( 'NONE',  ( -49.82615309694460848, 100.9687423887486943, -40.68351489493349504 ) ) ;
#2007 = CARTESIAN_POINT ( 'NONE',  ( 24.39235554936073669, 141.0186408901463437, -41.36857510098818125 ) ) ;
#2008 = CARTESIAN_POINT ( 'NONE',  ( 35.25557465562761195, 52.00000000000000000, 30.50535599403128373 ) ) ;
#2009 = ORIENTED_EDGE ( 'NONE', *, *, #9445, .F. ) ;
#2010 = LINE ( 'NONE', #8516, #2281 ) ;
#2011 = CARTESIAN_POINT ( 'NONE',  ( -44.73292201045923377, 54.62836855260158586, 45.77674598141885554 ) ) ;
#2012 = CARTESIAN_POINT ( 'NONE',  ( 26.85867340158341321, 85.63114929373708151, -38.90225724876550117 ) ) ;
#2013 = CARTESIAN_POINT ( 'NONE',  ( 47.00000000000000000, 160.4585312546849991, -0.2841225884134122026 ) ) ;
#2014 = CARTESIAN_POINT ( 'NONE',  ( 24.55371574811974256, 145.7020373835962062, 41.20721490222918959 ) ) ;
#2015 = CARTESIAN_POINT ( 'NONE',  ( -41.06358789818638400, 116.6762642137271797, 24.69734275216252684 ) ) ;
#2016 = ORIENTED_EDGE ( 'NONE', *, *, #6837, .F. ) ;
#2017 = CARTESIAN_POINT ( 'NONE',  ( -46.59833688019350006, 94.50000000000000000, -52.39661248592317122 ) ) ;
#2018 = CARTESIAN_POINT ( 'NONE',  ( -35.63270687126060920, 54.97802726448587407, -30.12822377908833360 ) ) ;
#2019 = EDGE_CURVE ( 'NONE', #2054, #1373, #355, .T. ) ;
#2020 = ORIENTED_EDGE ( 'NONE', *, *, #6798, .T. ) ;
#2021 = CARTESIAN_POINT ( 'NONE',  ( -37.80954862240099601, 170.7839353711542856, -32.71836957138475555 ) ) ;
#2022 = CARTESIAN_POINT ( 'NONE',  ( -21.83493649053889740, 268.0000000000000000, 42.81921938165307040 ) ) ;
#2023 = CARTESIAN_POINT ( 'NONE',  ( -49.92080071457860413, 205.9371844121362187, -2.820036877507860584 ) ) ;
#2024 = CARTESIAN_POINT ( 'NONE',  ( -34.51648671455645712, 38.38965361115108976, 34.94075078326839900 ) ) ;
#2025 = CARTESIAN_POINT ( 'NONE',  ( 36.07334018335453862, 174.1961081889995455, -29.68759046699437576 ) ) ;
#2026 = CARTESIAN_POINT ( 'NONE',  ( 26.00954371031357226, 95.69680212022356613, -39.75138694003533857 ) ) ;
#2027 = CARTESIAN_POINT ( 'NONE',  ( -42.62031228415366968, 75.23276251545792093, -47.88935570772444095 ) ) ;
#2028 = DIRECTION ( 'NONE',  ( -0.8660254037844383745, 0.000000000000000000, 0.5000000000000004441 ) ) ;
#2029 = CARTESIAN_POINT ( 'NONE',  ( 46.30576403225041560, 59.33385514974001751, 44.20390395962770214 ) ) ;
#2030 = ORIENTED_EDGE ( 'NONE', *, *, #3097, .F. ) ;
#2031 = EDGE_LOOP ( 'NONE', ( #6338, #795, #3956, #8883 ) ) ;
#2032 = CARTESIAN_POINT ( 'NONE',  ( 40.68351489493349504, 100.9687423887486943, 49.82615309694461558 ) ) ;
#2033 = CARTESIAN_POINT ( 'NONE',  ( 49.20000000000000284, 264.0000000000000000, 0.000000000000000000 ) ) ;
#2034 = CARTESIAN_POINT ( 'NONE',  ( 39.91748297430892478, 120.2343318316845853, -50.59218501756916453 ) ) ;
#2035 = CARTESIAN_POINT ( 'NONE',  ( -49.05663547162954075, 89.40149471062305508, 41.45303252024855567 ) ) ;
#2036 = ADVANCED_FACE ( 'NONE', ( #979 ), #485, .F. ) ;
#2037 = CARTESIAN_POINT ( 'NONE',  ( 46.98823194100194200, 211.9999999999994316, -1.050000000005465450 ) ) ;
#2038 = AXIS2_PLACEMENT_3D ( 'NONE', #1925, #5029, #4887 ) ;
#2039 = DIRECTION ( 'NONE',  ( -0.7071067811865474617, 0.000000000000000000, -0.7071067811865474617 ) ) ;
#2040 = ORIENTED_EDGE ( 'NONE', *, *, #79, .F. ) ;
#2041 = DIRECTION ( 'NONE',  ( 0.000000000000000000, 1.000000000000000000, 0.000000000000000000 ) ) ;
#2042 = LINE ( 'NONE', #1252, #237 ) ;
#2043 = VERTEX_POINT ( 'NONE', #1218 ) ;
#2044 = CARTESIAN_POINT ( 'NONE',  ( -27.32702615385185396, 80.61020279584469961, 38.43390449649707108 ) ) ;
#2045 = LINE ( 'NONE', #7966, #6106 ) ;
#2046 = CARTESIAN_POINT ( 'NONE',  ( 0.000000000000000000, 268.0000000000000000, 0.000000000000000000 ) ) ;
#2047 = ORIENTED_EDGE ( 'NONE', *, *, #1506, .T. ) ;
#2048 = CARTESIAN_POINT ( 'NONE',  ( -47.00000000000000000, 210.8546602966869443, 3.077860624859114935 ) ) ;
#2049 = FACE_OUTER_BOUND ( 'NONE', #970, .T. ) ;
#2050 = CARTESIAN_POINT ( 'NONE',  ( -45.77674598141886975, 54.62836855260160718, -44.73292201045924088 ) ) ;
#2051 = EDGE_CURVE ( 'NONE', #5160, #8428, #3849, .T. ) ;
#2052 = CARTESIAN_POINT ( 'NONE',  ( 30.94645188787809786, 48.51213425699023674, -34.81447876247082007 ) ) ;
#2053 = CARTESIAN_POINT ( 'NONE',  ( -30.50535599403126952, 51.99999999999998579, 35.25557465562760484 ) ) ;
#2054 = VERTEX_POINT ( 'NONE', #6421 ) ;
#2055 = CARTESIAN_POINT ( 'NONE',  ( -2.293931114067153221, -3.548243663850585872, 2.293931114067153221 ) ) ;
#2056 = EDGE_CURVE ( 'NONE', #3441, #1507, #1121, .T. ) ;
#2057 = CARTESIAN_POINT ( 'NONE',  ( 32.49898569560905059, 37.17140469785621093, -33.26194495473986734 ) ) ;
#2058 = CARTESIAN_POINT ( 'NONE',  ( 108.0000000000000142, 192.6091567009483185, -0.5838041569574790035 ) ) ;
#2059 = CARTESIAN_POINT ( 'NONE',  ( 41.06358789818639821, 116.6762642137271513, 24.69734275216253749 ) ) ;
#2060 = CARTESIAN_POINT ( 'NONE',  ( -47.03874315999061650, 66.31954352124841989, 43.47092483188747281 ) ) ;
#2061 = ORIENTED_EDGE ( 'NONE', *, *, #5628, .F. ) ;
#2062 = CARTESIAN_POINT ( 'NONE',  ( -33.09259735953043702, 35.99999999999999289, -32.66833329081850223 ) ) ;
#2063 = ORIENTED_EDGE ( 'NONE', *, *, #6143, .F. ) ;
#2064 = CARTESIAN_POINT ( 'NONE',  ( -42.53846368260479238, 127.7342765327587273, -26.27698492125257346 ) ) ;
#2065 = CARTESIAN_POINT ( 'NONE',  ( -33.29355706763396228, 42.66555428302491748, -32.46737358271499119 ) ) ;
#2066 = CARTESIAN_POINT ( 'NONE',  ( -49.92322734332954326, 256.1231826365734605, -2.771376959546029362 ) ) ;
#2067 = CARTESIAN_POINT ( 'NONE',  ( 108.0000000000000000, 201.2789572189547869, -1.216411794072249641 ) ) ;
#2068 = CARTESIAN_POINT ( 'NONE',  ( -40.92961328274395072, 96.97051065983893636, 49.58005470913413149 ) ) ;
#2069 = CARTESIAN_POINT ( 'NONE',  ( 32.49898569560905059, 37.17140469785621093, -33.26194495473986734 ) ) ;
#2070 = CC_DESIGN_PERSON_AND_ORGANIZATION_ASSIGNMENT ( #6692, #24, ( #274 ) ) ;
#2071 = CARTESIAN_POINT ( 'NONE',  ( -26.16506350946109194, 264.0000000000000000, 40.31921938165306329 ) ) ;
#2072 = PLANE ( 'NONE',  #3121 ) ;
#2073 = CARTESIAN_POINT ( 'NONE',  ( 45.92619372941038591, 55.93620152028918824, 44.58347426246773892 ) ) ;
#2074 = ORIENTED_EDGE ( 'NONE', *, *, #7516, .F. ) ;
#2075 = ORIENTED_EDGE ( 'NONE', *, *, #5731, .T. ) ;
#2076 = CARTESIAN_POINT ( 'NONE',  ( 47.72506399400257493, 155.3921848145515128, 42.78460399787553570 ) ) ;
#2077 = CARTESIAN_POINT ( 'NONE',  ( -31.08035469695842679, 175.3233815820528321, -34.68057595339050891 ) ) ;
#2078 = DIRECTION ( 'NONE',  ( 0.7071067811865473507, -0.000000000000000000, -0.7071067811865477948 ) ) ;
#2079 = CARTESIAN_POINT ( 'NONE',  ( -37.49320649782438153, 71.28898199371604960, 28.26772415252452575 ) ) ;
#2080 = CARTESIAN_POINT ( 'NONE',  ( 46.99563008875959724, 211.1605440987839017, 0.6454336630384526208 ) ) ;
#2081 = CARTESIAN_POINT ( 'NONE',  ( 32.88046532517449805, 176.0000000000000000, 32.88046532517445542 ) ) ;
#2082 = CARTESIAN_POINT ( 'NONE',  ( -32.46887342163081058, 42.66503588060293595, 33.29205722871810735 ) ) ;
#2083 = CARTESIAN_POINT ( 'NONE',  ( -45.04270196158307726, 52.00000000000000000, 45.46696603029501205 ) ) ;
#2084 = ORIENTED_EDGE ( 'NONE', *, *, #4354, .F. ) ;
#2085 = CIRCLE ( 'NONE', #7511, 48.50000000000000000 ) ;
#2086 = VECTOR ( 'NONE', #6376, 1000.000000000000000 ) ;
#2087 = CARTESIAN_POINT ( 'NONE',  ( -42.32202566649796438, 78.60787726850115575, 48.18764232538012493 ) ) ;
#2088 = CARTESIAN_POINT ( 'NONE',  ( 49.09999999999999432, 264.0000000000000000, 2.500000000000000000 ) ) ;
#2089 = FACE_OUTER_BOUND ( 'NONE', #757, .T. ) ;
#2090 = ADVANCED_FACE ( 'NONE', ( #1907 ), #7110, .F. ) ;
#2091 = EDGE_LOOP ( 'NONE', ( #3681, #1405, #4697, #1225 ) ) ;
#2092 = CARTESIAN_POINT ( 'NONE',  ( -47.00000000000000000, 184.1311746075469955, 1.825843266918903085 ) ) ;
#2093 = AXIS2_PLACEMENT_3D ( 'NONE', #1444, #6554, #1255 ) ;
#2094 = CARTESIAN_POINT ( 'NONE',  ( -30.91401160882595178, 48.76015655922633130, -34.84691904152298036 ) ) ;
#2095 = CARTESIAN_POINT ( 'NONE',  ( -46.53284740717148082, 61.44371818057052792, -43.97682058470662270 ) ) ;
#2096 = CARTESIAN_POINT ( 'NONE',  ( 39.91748297430892478, 120.2343318316845853, -50.59218501756916453 ) ) ;
#2097 = CARTESIAN_POINT ( 'NONE',  ( -30.36448191014740061, 173.7963362840287687, 35.87586871434793778 ) ) ;
#2098 = ORIENTED_EDGE ( 'NONE', *, *, #2506, .F. ) ;
#2099 = CC_DESIGN_APPROVAL ( #2793, ( #6589 ) ) ;
#2100 = CARTESIAN_POINT ( 'NONE',  ( 47.10000000000000142, 39.50000000000000000, 2.500000000000000000 ) ) ;
#2101 = CARTESIAN_POINT ( 'NONE',  ( 6.123233995736766085E-15, 54.99999999999999289, -50.00000000000000000 ) ) ;
#2102 = CARTESIAN_POINT ( 'NONE',  ( 108.0000000000000000, 221.8135536382135342, 0.3230486906495420585 ) ) ;
#2103 = CARTESIAN_POINT ( 'NONE',  ( 37.49320649782439574, 71.28898199371604960, 28.26772415252454351 ) ) ;
#2104 = EDGE_CURVE ( 'NONE', #8894, #9184, #4089, .T. ) ;
#2105 = CARTESIAN_POINT ( 'NONE',  ( -50.49399183426301363, 134.5090890707682831, 40.01567615761508279 ) ) ;
#2106 = VECTOR ( 'NONE', #7238, 1000.000000000000114 ) ;
#2107 = VECTOR ( 'NONE', #8732, 1000.000000000000000 ) ;
#2108 = ORIENTED_EDGE ( 'NONE', *, *, #1731, .T. ) ;
#2109 = DIRECTION ( 'NONE',  ( -0.000000000000000000, -1.000000000000000000, -0.000000000000000000 ) ) ;
#2110 = ORIENTED_EDGE ( 'NONE', *, *, #2292, .F. ) ;
#2111 = CARTESIAN_POINT ( 'NONE',  ( -45.57187448734443791, 52.88466077438591384, -44.93779350453367272 ) ) ;
#2112 = CARTESIAN_POINT ( 'NONE',  ( -33.21332013504369485, 264.0000000000000000, -35.61692526885359200 ) ) ;
#2113 = CARTESIAN_POINT ( 'NONE',  ( -49.88583636945154609, 243.8691548162452136, -3.377136828475609587 ) ) ;
#2114 = CARTESIAN_POINT ( 'NONE',  ( 108.0000000000000000, 188.0000000000000000, -0.1499999999999999944 ) ) ;
#2115 = CARTESIAN_POINT ( 'NONE',  ( -43.47092483188745859, 66.31954352124843410, 47.03874315999061650 ) ) ;
#2116 = ADVANCED_FACE ( 'NONE', ( #9394 ), #6311, .F. ) ;
#2117 = VECTOR ( 'NONE', #2847, 1000.000000000000000 ) ;
#2118 = CARTESIAN_POINT ( 'NONE',  ( 43.47092483188746570, 66.31954352124841989, -47.03874315999062361 ) ) ;
#2119 = ADVANCED_FACE ( 'NONE', ( #5141 ), #2741, .F. ) ;
#2120 = VECTOR ( 'NONE', #3246, 999.9999999999998863 ) ;
#2121 = CARTESIAN_POINT ( 'NONE',  ( -46.99933661931596873, 210.9770268301392093, -0.2738953549688894484 ) ) ;
#2122 = DIRECTION ( 'NONE',  ( 0.000000000000000000, -1.000000000000000000, 0.000000000000000000 ) ) ;
#2123 = CARTESIAN_POINT ( 'NONE',  ( 32.88046532517446963, 57.99999999999999289, 32.88046532517446963 ) ) ;
#2124 = ORIENTED_EDGE ( 'NONE', *, *, #7827, .F. ) ;
#2125 = VECTOR ( 'NONE', #5347, 1000.000000000000114 ) ;
#2126 = CARTESIAN_POINT ( 'NONE',  ( 40.79466709084002218, 111.3121957717727071, 24.96626355950891352 ) ) ;
#2127 = CARTESIAN_POINT ( 'NONE',  ( -24.29434890298208316, 131.8280114082709815, -41.46658174736685964 ) ) ;
#2128 = CARTESIAN_POINT ( 'NONE',  ( 32.66833329081848802, 35.99999999999999289, -33.09259735953042991 ) ) ;
#2129 = DIRECTION ( 'NONE',  ( 0.000000000000000000, 1.000000000000000000, 0.000000000000000000 ) ) ;
#2130 = ADVANCED_FACE ( 'NONE', ( #2638 ), #4820, .F. ) ;
#2131 = LINE ( 'NONE', #7914, #8925 ) ;
#2132 = CARTESIAN_POINT ( 'NONE',  ( 45.04270196158307726, 52.00000000000000000, -45.46696603029501205 ) ) ;
#2133 = CARTESIAN_POINT ( 'NONE',  ( -33.89148442998933319, 42.89533934913200852, 31.86944622035958830 ) ) ;
#2134 = CARTESIAN_POINT ( 'NONE',  ( 49.09999999999999432, 264.0000000000000000, -3.500000000000000000 ) ) ;
#2135 = ORIENTED_EDGE ( 'NONE', *, *, #778, .F. ) ;
#2136 = ORIENTED_EDGE ( 'NONE', *, *, #2657, .T. ) ;
#2137 = CARTESIAN_POINT ( 'NONE',  ( -40.28617701406467688, 108.7025900201346644, 50.22349097781341243 ) ) ;
#2138 = CARTESIAN_POINT ( 'NONE',  ( 0.000000000000000000, 264.0000000000000000, 0.000000000000000000 ) ) ;
#2139 = CARTESIAN_POINT ( 'NONE',  ( 50.59218501756917163, 120.2343318316846421, 39.91748297430894610 ) ) ;
#2140 = ORIENTED_EDGE ( 'NONE', *, *, #7510, .T. ) ;
#2141 = CARTESIAN_POINT ( 'NONE',  ( -47.00000000000000000, 223.0766262928863171, 3.435922054811924031 ) ) ;
#2142 = DIRECTION ( 'NONE',  ( 0.000000000000000000, 0.000000000000000000, -1.000000000000000000 ) ) ;
#2143 = CARTESIAN_POINT ( 'NONE',  ( -41.45303252024854856, 89.40149471062302666, -49.05663547162955496 ) ) ;
#2144 = CARTESIAN_POINT ( 'NONE',  ( -45.25483399593903755, 94.50000000000000000, 45.25483399593904466 ) ) ;
#2145 = ORIENTED_EDGE ( 'NONE', *, *, #5762, .T. ) ;
#2146 = CARTESIAN_POINT ( 'NONE',  ( -41.00000000000000000, 58.00000000000000000, -18.00000000000000000 ) ) ;
#2147 = LINE ( 'NONE', #8849, #4350 ) ;
#2148 = CARTESIAN_POINT ( 'NONE',  ( 47.00000000000000000, 218.9313642205669055, -3.332580657541732272 ) ) ;
#2149 = EDGE_CURVE ( 'NONE', #5677, #7109, #2180, .T. ) ;
#2150 = FACE_OUTER_BOUND ( 'NONE', #4733, .T. ) ;
#2151 = CARTESIAN_POINT ( 'NONE',  ( -50.17042213900457881, 140.4589426390626556, 40.33924585287351050 ) ) ;
#2152 = ORIENTED_EDGE ( 'NONE', *, *, #16, .F. ) ;
#2153 = VERTEX_POINT ( 'NONE', #2791 ) ;
#2154 = CARTESIAN_POINT ( 'NONE',  ( -49.82615309694460848, 100.9687423887486943, -40.68351489493349504 ) ) ;
#2155 = CARTESIAN_POINT ( 'NONE',  ( 45.46696603029500494, 52.00000000000000000, -45.04270196158308437 ) ) ;
#2156 = EDGE_LOOP ( 'NONE', ( #5841, #3741, #5643, #6852, #2075, #1656, #6445, #6238, #1553, #8747, #2663, #3191 ) ) ;
#2157 = CARTESIAN_POINT ( 'NONE',  ( 108.0000000000000000, 197.7459818005252146, 0.9880518776675256687 ) ) ;
#2158 = CARTESIAN_POINT ( 'NONE',  ( -26.00954371031357582, 95.69680212022356613, 39.75138694003534567 ) ) ;
#2159 = CARTESIAN_POINT ( 'NONE',  ( 28.26772415252452220, 71.28898199371606381, -37.49320649782438863 ) ) ;
#2160 = CARTESIAN_POINT ( 'NONE',  ( 27.21337766141766679, 151.6279985229396914, -41.94603062283075445 ) ) ;
#2161 = CARTESIAN_POINT ( 'NONE',  ( 5.720213441690428033E-15, 42.00000000000000000, -46.44757944331641397 ) ) ;
#2162 = EDGE_CURVE ( 'NONE', #8835, #4107, #8840, .T. ) ;
#2163 = CARTESIAN_POINT ( 'NONE',  ( -32.49898569560905059, 37.17140469785623225, 33.26194495473987445 ) ) ;
#2164 = CARTESIAN_POINT ( 'NONE',  ( -41.74177417787063860, 85.62404022679615423, -48.76789381400747203 ) ) ;
#2165 = CARTESIAN_POINT ( 'NONE',  ( 40.79466709084002218, 111.3121957717727071, 24.96626355950891352 ) ) ;
#2166 = EDGE_LOOP ( 'NONE', ( #7954, #5994, #543, #6274 ) ) ;
#2167 = DIRECTION ( 'NONE',  ( 0.7071067811865474617, 0.000000000000000000, -0.7071067811865474617 ) ) ;
#2168 = CARTESIAN_POINT ( 'NONE',  ( -25.51359495171287506, 157.6066838202880831, -40.24733569863606419 ) ) ;
#2169 = CARTESIAN_POINT ( 'NONE',  ( 32.49898569560905059, 37.17140469785621093, -33.26194495473986734 ) ) ;
#2170 = CARTESIAN_POINT ( 'NONE',  ( 0.000000000000000000, 200.0000000000000000, 0.000000000000000000 ) ) ;
#2171 = FACE_OUTER_BOUND ( 'NONE', #2494, .T. ) ;
#2172 = CARTESIAN_POINT ( 'NONE',  ( -32.52754583687669054, 175.3686818598621642, -33.92626584900036590 ) ) ;
#2173 = CARTESIAN_POINT ( 'NONE',  ( 44.73292201045922667, 54.62836855260160718, -45.77674598141885554 ) ) ;
#2174 = DIRECTION ( 'NONE',  ( 0.000000000000000000, 0.000000000000000000, 1.000000000000000000 ) ) ;
#2175 = ORIENTED_EDGE ( 'NONE', *, *, #4252, .F. ) ;
#2176 = EDGE_LOOP ( 'NONE', ( #4953, #8823, #2721, #6754 ) ) ;
#2177 = DIRECTION ( 'NONE',  ( 1.000000000000000000, 0.000000000000000000, 0.000000000000000000 ) ) ;
#2178 = CARTESIAN_POINT ( 'NONE',  ( 28.04587946174751423, 169.6705890994764445, -37.71505118859937511 ) ) ;
#2179 = CARTESIAN_POINT ( 'NONE',  ( 41.36857510098818125, 141.0186408901463153, 24.39235554936074735 ) ) ;
#2180 = LINE ( 'NONE', #1959, #4600 ) ;
#2181 = CARTESIAN_POINT ( 'NONE',  ( -108.0000000000000000, 216.5326798399412382, -1.397826202467195689 ) ) ;
#2182 = CIRCLE ( 'NONE', #7780, 46.99996213765929554 ) ;
#2183 = LINE ( 'NONE', #8108, #9429 ) ;
#2184 = CARTESIAN_POINT ( 'NONE',  ( -48.14642419775779558, 153.8348667856812142, -42.36324379412032215 ) ) ;
#2185 = CARTESIAN_POINT ( 'NONE',  ( 40.15053420550686525, 101.0166046022987985, 25.61039644484208111 ) ) ;
#2186 = CARTESIAN_POINT ( 'NONE',  ( 0.000000000000000000, 275.0000000000000000, 0.000000000000000000 ) ) ;
#2187 = CARTESIAN_POINT ( 'NONE',  ( -29.33832445349480977, 63.16230265228909957, 36.72941495113135346 ) ) ;
#2188 = VECTOR ( 'NONE', #2167, 1000.000000000000114 ) ;
#2189 = ORIENTED_EDGE ( 'NONE', *, *, #3180, .F. ) ;
#2190 = B_SPLINE_CURVE_WITH_KNOTS ( 'NONE', 3,
 ( #1302, #8656, #2868, #1999, #7194 ),
 .UNSPECIFIED., .F., .F.,
 ( 4, 1, 4 ),
 ( 0.07729056236012903092, 0.09253774940744020905, 0.1315221783094107921 ),
 .UNSPECIFIED. ) ;
#2191 = DIRECTION ( 'NONE',  ( 0.4771338767340425058, 0.7380288120022735487, -0.4771338767340425613 ) ) ;
#2192 = FACE_OUTER_BOUND ( 'NONE', #6317, .T. ) ;
#2193 = CARTESIAN_POINT ( 'NONE',  ( 108.0000000000000000, 206.2805933915486492, -1.450619313817413047 ) ) ;
#2194 = DIRECTION ( 'NONE',  ( -0.000000000000000000, -1.000000000000000000, -0.000000000000000000 ) ) ;
#2195 = CARTESIAN_POINT ( 'NONE',  ( 49.99862320701095797, 267.4529598412292444, 0.3882712703140988597 ) ) ;
#2196 = ORIENTED_EDGE ( 'NONE', *, *, #2684, .T. ) ;
#2197 = ORIENTED_EDGE ( 'NONE', *, *, #4171, .F. ) ;
#2198 = CARTESIAN_POINT ( 'NONE',  ( -40.33924585287351761, 140.4589426390626556, -50.17042213900459302 ) ) ;
#2199 = CARTESIAN_POINT ( 'NONE',  ( -32.46887340475527139, 42.66503589154142162, -33.29205724559367496 ) ) ;
#2200 = CARTESIAN_POINT ( 'NONE',  ( -49.98047694068767299, 179.1898827804714074, -1.478702751974990681 ) ) ;
#2201 = CARTESIAN_POINT ( 'NONE',  ( 108.0000000000000000, 189.9390740440269383, 0.3429151594667022573 ) ) ;
#2202 = CARTESIAN_POINT ( 'NONE',  ( -39.86548770796168384, 124.0985968565961883, 50.64418028391641258 ) ) ;
#2203 = CARTESIAN_POINT ( 'NONE',  ( 40.57183789878038027, 143.4569695494772361, -49.93783009309771614 ) ) ;
#2204 = B_SPLINE_SURFACE_WITH_KNOTS ( 'NONE', 3, 1, ( 
 ( #391, #3372 ),
 ( #6329, #5591 ),
 ( #2378, #6797 ),
 ( #9078, #6894 ),
 ( #171, #1590 ),
 ( #4654, #3154 ),
 ( #6103, #1497 ),
 ( #8933, #4555 ),
 ( #8207, #5327 ),
 ( #2430, #1694 ),
 ( #5914, #906 ),
 ( #2227, #2279 ),
 ( #2327, #126 ),
 ( #6743, #5382 ),
 ( #7576, #3926 ),
 ( #7623, #3058 ),
 ( #5238, #5185 ),
 ( #8304, #3108 ),
 ( #4506, #8353 ),
 ( #960, #2960 ),
 ( #8887, #8156 ),
 ( #1545, #6054 ),
 ( #7522, #4462 ),
 ( #859, #3834 ),
 ( #1643, #6011 ),
 ( #809, #7429 ),
 ( #761, #7473 ),
 ( #3731, #6695 ),
 ( #26, #74 ),
 ( #3778, #4608 ),
 ( #3006, #5957 ),
 ( #8987, #3881 ),
 ( #6847, #9033 ),
 ( #5283, #8255 ),
 ( #4753, #5572 ),
 ( #420, #1740 ),
 ( #8395, #1005 ),
 ( #8498, #4894 ),
 ( #8542, #7087 ),
 ( #6207, #4120 ),
 ( #4701, #364 ),
 ( #1058, #2667 ),
 ( #4170, #2572 ),
 ( #4026, #3398 ),
 ( #9130, #1886 ),
 ( #1144, #7665 ),
 ( #6354, #5475 ),
 ( #4800, #7811 ),
 ( #6947, #9327 ),
 ( #2478, #3978 ),
 ( #5616, #5427 ),
 ( #271, #6161 ),
 ( #3254, #2620 ),
 ( #8591, #1787 ),
 ( #5524, #9176 ),
 ( #7864, #1839 ),
 ( #4846, #7765 ) ),
 .UNSPECIFIED., .F., .F., .F.,
 ( 4, 1, 1, 1, 1, 1, 1, 1, 1, 1, 1, 1, 1, 1, 1, 1, 1, 1, 1, 1, 1, 1, 1, 1, 1, 1, 1, 1, 1, 1, 1, 1, 1, 1, 1, 1, 1, 1, 1, 1, 1, 1, 1, 1, 1, 1, 1, 1, 1, 1, 1, 1, 1, 1, 4 ),
 ( 2, 2 ),
 ( 0.000000000000000000, 0.006185920264467840990, 0.006201962899188698426, 0.02441097605636065315, 0.02448136905349916972, 0.05370574164729763345, 0.05388345649501025819, 0.09253774940744020905, 0.09289034474279105058, 0.1389060332195526937, 0.1395093084148930351, 0.1904437008900517758, 0.1913742588137488654, 0.2445345556009105303, 0.2458629933516659483, 0.2984579075547035831, 0.3002380933255869855, 0.3495648249652614226, 0.3518114771965040188, 0.3954646363279900600, 0.3981158618259910686, 0.4341890767744074897, 0.4370593218643058497, 0.4643545367854607919, 0.4670784500627876423, 0.4855543320873984547, 0.4874746266155715047, 0.5000000000000001110, 0.5125253733844284953, 0.5144456679126017118, 0.5329215499372124132, 0.5356454632145394301, 0.5629406781356941503, 0.5658109232255926768, 0.6018841381740089869, 0.6045353636720101065, 0.6481885228034960367, 0.6504351750347387995, 0.6997619066744130700, 0.7015420924452966389, 0.7541370066483340517, 0.7554654443990895807, 0.8086257411862511901, 0.8095562991099484185, 0.8604906915851070481, 0.8610939667804474729, 0.9071096552572089911, 0.9074622505925599159, 0.9461165435049897487, 0.9462942583527024221, 0.9755186309465009309, 0.9755890239436393330, 0.9937980371008113822, 0.9938140797355320410, 1.000000000000000000 ),
 ( 0.000000000000000000, 1.000000000000000000 ),
 .UNSPECIFIED. ) ;
#2205 = CARTESIAN_POINT ( 'NONE',  ( 32.33280779337680144, 59.98009825480303903, -38.14896356789946452 ) ) ;
#2206 = CARTESIAN_POINT ( 'NONE',  ( 42.80347568553847282, 39.50000000000000000, -18.16899747475122595 ) ) ;
#2207 = CARTESIAN_POINT ( 'NONE',  ( 42.03461616943275203, 150.3730014174385303, 27.07602383751762432 ) ) ;
#2208 = CARTESIAN_POINT ( 'NONE',  ( -30.12822377908831228, 54.97802726448587407, 35.63270687126059499 ) ) ;
#2209 = CARTESIAN_POINT ( 'NONE',  ( -42.62031228415366968, 75.23276251545792093, -47.88935570772444095 ) ) ;
#2210 = CARTESIAN_POINT ( 'NONE',  ( 49.82615309694461558, 100.9687423887486943, 40.68351489493350215 ) ) ;
#2211 = ORIENTED_EDGE ( 'NONE', *, *, #2843, .T. ) ;
#2212 = FACE_OUTER_BOUND ( 'NONE', #4490, .T. ) ;
#2213 = CARTESIAN_POINT ( 'NONE',  ( -28.50815149135657123, 171.2031378497270566, -37.25277915899236092 ) ) ;
#2214 = CARTESIAN_POINT ( 'NONE',  ( 40.15053420550684393, 101.0166046022987985, -25.61039644484207400 ) ) ;
#2215 = CARTESIAN_POINT ( 'NONE',  ( -5.910663155149645576, 264.0000000000000000, 48.13848835460412801 ) ) ;
#2216 = EDGE_CURVE ( 'NONE', #2991, #7024, #6649, .T. ) ;
#2217 = CARTESIAN_POINT ( 'NONE',  ( -37.00988115598540418, 66.80701258836775480, -28.75104949436352442 ) ) ;
#2218 = EDGE_CURVE ( 'NONE', #2728, #7544, #2010, .T. ) ;
#2219 = CARTESIAN_POINT ( 'NONE',  ( 29.98132752230963050, 94.50000000000000000, 35.77960312803931942 ) ) ;
#2220 = CARTESIAN_POINT ( 'NONE',  ( 40.01567615761507568, 134.5090890707682831, -50.49399183426302073 ) ) ;
#2221 = LINE ( 'NONE', #5864, #3520 ) ;
#2222 = ORIENTED_EDGE ( 'NONE', *, *, #4139, .F. ) ;
#2223 = EDGE_LOOP ( 'NONE', ( #1154, #6677, #130, #1635 ) ) ;
#2224 = CARTESIAN_POINT ( 'NONE',  ( -38.90225724876550117, 85.63114929373708151, 26.85867340158341676 ) ) ;
#2225 = DIRECTION ( 'NONE',  ( -0.000000000000000000, -1.000000000000000000, -0.000000000000000000 ) ) ;
#2226 = CARTESIAN_POINT ( 'NONE',  ( 41.46658174736685254, 131.8280114082709815, 24.29434890298207961 ) ) ;
#2227 = CARTESIAN_POINT ( 'NONE',  ( 38.43390449649707108, 80.61020279584469961, 27.32702615385186462 ) ) ;
#2228 = DIRECTION ( 'NONE',  ( 0.000000000000000000, 0.000000000000000000, -1.000000000000000000 ) ) ;
#2229 = DIRECTION ( 'NONE',  ( 0.000000000000000000, 1.000000000000000000, 0.000000000000000000 ) ) ;
#2230 = EDGE_CURVE ( 'NONE', #5287, #4538, #533, .T. ) ;
#2231 = CARTESIAN_POINT ( 'NONE',  ( -26.00954371031358647, 95.69680212022358035, -39.75138694003535278 ) ) ;
#2232 = CARTESIAN_POINT ( 'NONE',  ( 33.83408293086012719, 41.21309918220622848, 31.92684771948880851 ) ) ;
#2233 = CARTESIAN_POINT ( 'NONE',  ( 36.10435860796366825, 58.00000000000000711, 29.93853977154257606 ) ) ;
#2234 = CARTESIAN_POINT ( 'NONE',  ( -26.16506350946111681, 275.0000000000000000, -40.31921938165304908 ) ) ;
#2235 = ORIENTED_EDGE ( 'NONE', *, *, #591, .T. ) ;
#2236 = CARTESIAN_POINT ( 'NONE',  ( -24.29434890298206540, 131.8280114082709815, 41.46658174736685254 ) ) ;
#2237 = CARTESIAN_POINT ( 'NONE',  ( 50.64418028391640547, 124.0985968565961741, -39.86548770796168384 ) ) ;
#2238 = VECTOR ( 'NONE', #2629, 1000.000000000000000 ) ;
#2239 = EDGE_CURVE ( 'NONE', #1097, #4022, #6478, .T. ) ;
#2240 = CARTESIAN_POINT ( 'NONE',  ( 27.32702615385186462, 80.61020279584469961, 38.43390449649707108 ) ) ;
#2241 = CARTESIAN_POINT ( 'NONE',  ( 50.00001038705291023, 267.6403945092176855, -0.05873842811629015337 ) ) ;
#2242 = ORIENTED_EDGE ( 'NONE', *, *, #4847, .F. ) ;
#2243 = ADVANCED_FACE ( 'NONE', ( #7055 ), #2204, .T. ) ;
#2244 = VERTEX_POINT ( 'NONE', #2523 ) ;
#2245 = CARTESIAN_POINT ( 'NONE',  ( -41.19064070390658827, 148.1781441586251447, -49.31902728797152236 ) ) ;
#2246 = CARTESIAN_POINT ( 'NONE',  ( -34.08013314533000937, 43.01938834715528515, -31.68079750501894054 ) ) ;
#2247 = CARTESIAN_POINT ( 'NONE',  ( -49.96638609908099227, 263.8850798301706391, -1.834600412228027499 ) ) ;
#2248 = DIRECTION ( 'NONE',  ( 0.000000000000000000, 0.000000000000000000, -1.000000000000000000 ) ) ;
#2249 = CARTESIAN_POINT ( 'NONE',  ( -32.66833329081848802, 36.00000000000000000, 33.09259735953042991 ) ) ;
#2250 = CIRCLE ( 'NONE', #6151, 49.10000000000000142 ) ;
#2251 = AXIS2_PLACEMENT_3D ( 'NONE', #2634, #6223, #2735 ) ;
#2252 = AXIS2_PLACEMENT_3D ( 'NONE', #5802, #787, #696 ) ;
#2253 = CARTESIAN_POINT ( 'NONE',  ( 48.18764232538011782, 78.60787726850115575, -42.32202566649796438 ) ) ;
#2254 = AXIS2_PLACEMENT_3D ( 'NONE', #1823, #9310, #1228 ) ;
#2255 = CARTESIAN_POINT ( 'NONE',  ( 31.85388218794960125, 175.0649071256384275, -34.56082353834284504 ) ) ;
#2256 = DIRECTION ( 'NONE',  ( -0.6018150231520480453, 0.000000000000000000, 0.7986355100472930513 ) ) ;
#2257 = CARTESIAN_POINT ( 'NONE',  ( 36.75370899143871384, 171.8733151468601932, 33.90048142760274885 ) ) ;
#2258 = CARTESIAN_POINT ( 'NONE',  ( -29.67952824767894171, 58.70654625247946257, 36.08140240266996557 ) ) ;
#2259 = AXIS2_PLACEMENT_3D ( 'NONE', #2055, #2191, #4286 ) ;
#2260 = CARTESIAN_POINT ( 'NONE',  ( -32.58376914801012703, 36.58494384897175422, -33.17716150233881223 ) ) ;
#2261 = CARTESIAN_POINT ( 'NONE',  ( 43.47092483188747991, 66.31954352124841989, 47.03874315999063072 ) ) ;
#2262 = ORIENTED_EDGE ( 'NONE', *, *, #2777, .T. ) ;
#2263 = DIRECTION ( 'NONE',  ( 0.000000000000000000, 0.000000000000000000, -1.000000000000000000 ) ) ;
#2264 = CARTESIAN_POINT ( 'NONE',  ( -24.69734275216253749, 116.6762642137271371, -41.06358789818640531 ) ) ;
#2265 = CARTESIAN_POINT ( 'NONE',  ( 35.63270687126059499, 54.97802726448586697, -30.12822377908831939 ) ) ;
#2266 = AXIS2_PLACEMENT_3D ( 'NONE', #1971, #6385, #4930 ) ;
#2267 = CARTESIAN_POINT ( 'NONE',  ( -42.05083400847018993, 110.5507506516373297, 27.05260081779443482 ) ) ;
#2268 = CARTESIAN_POINT ( 'NONE',  ( -50.22349097781342664, 108.7025900201346644, -40.28617701406468399 ) ) ;
#2269 = AXIS2_PLACEMENT_3D ( 'NONE', #1173, #295, #9351 ) ;
#2270 = VECTOR ( 'NONE', #1375, 1000.000000000000000 ) ;
#2271 = CARTESIAN_POINT ( 'NONE',  ( -34.30797173411126977, 175.2150490470393720, -32.12638060451919131 ) ) ;
#2272 = CARTESIAN_POINT ( 'NONE',  ( 24.55371574811972479, 145.7020373835961777, -41.20721490222918959 ) ) ;
#2273 = CARTESIAN_POINT ( 'NONE',  ( 45.04270196158309147, 52.00000000000000000, 45.46696603029501915 ) ) ;
#2274 = ORIENTED_EDGE ( 'NONE', *, *, #3380, .F. ) ;
#2275 = CARTESIAN_POINT ( 'NONE',  ( -40.15053420550684393, 101.0166046022987985, 25.61039644484207400 ) ) ;
#2276 = CARTESIAN_POINT ( 'NONE',  ( 0.000000000000000000, 0.000000000000000000, 0.000000000000000000 ) ) ;
#2277 = CARTESIAN_POINT ( 'NONE',  ( 47.88935570772444805, 75.23276251545793514, 42.62031228415367679 ) ) ;
#2278 = VECTOR ( 'NONE', #4230, 1000.000000000000000 ) ;
#2279 = CARTESIAN_POINT ( 'NONE',  ( 48.76789381400745782, 85.62404022679615423, 41.74177417787063860 ) ) ;
#2280 = CARTESIAN_POINT ( 'NONE',  ( -108.0000000000000000, 206.2805933915486776, -1.450619313817413270 ) ) ;
#2281 = VECTOR ( 'NONE', #4093, 1000.000000000000000 ) ;
#2282 = DIRECTION ( 'NONE',  ( 0.000000000000000000, -1.000000000000000000, 0.000000000000000000 ) ) ;
#2283 = CARTESIAN_POINT ( 'NONE',  ( -25.10761244709873097, 153.6225640485287443, -40.65331820325020118 ) ) ;
#2284 = LINE ( 'NONE', #6653, #2576 ) ;
#2285 = CARTESIAN_POINT ( 'NONE',  ( 30.12822377908831584, 54.97802726448587407, -35.63270687126060210 ) ) ;
#2286 = CARTESIAN_POINT ( 'NONE',  ( -40.43689723274793124, 104.9875858014058423, 50.07277075913015807 ) ) ;
#2287 = EDGE_CURVE ( 'NONE', #7180, #6661, #8443, .T. ) ;
#2288 = CARTESIAN_POINT ( 'NONE',  ( -41.46658174736685964, 131.8280114082709815, -24.29434890298207961 ) ) ;
#2289 = ORIENTED_EDGE ( 'NONE', *, *, #261, .T. ) ;
#2290 = CARTESIAN_POINT ( 'NONE',  ( -24.55371574811972124, 145.7020373835961493, 41.20721490222918959 ) ) ;
#2291 = CARTESIAN_POINT ( 'NONE',  ( 48.76789381400745782, 85.62404022679615423, -41.74177417787063149 ) ) ;
#2292 = EDGE_CURVE ( 'NONE', #4854, #4167, #7725, .T. ) ;
#2293 = CARTESIAN_POINT ( 'NONE',  ( -28.04587946174962454, 169.6705890994746824, 37.71505118860347494 ) ) ;
#2294 = CARTESIAN_POINT ( 'NONE',  ( 49.95195503535386905, 192.5606852514746379, 2.204732956121143950 ) ) ;
#2295 = VERTEX_POINT ( 'NONE', #1198 ) ;
#2296 = ORIENTED_EDGE ( 'NONE', *, *, #5657, .T. ) ;
#2297 = CARTESIAN_POINT ( 'NONE',  ( -47.03874315999063072, 66.31954352124841989, -43.47092483188748702 ) ) ;
#2298 = FACE_OUTER_BOUND ( 'NONE', #2091, .T. ) ;
#2299 = CARTESIAN_POINT ( 'NONE',  ( -49.98298835007486218, 265.7746878644298931, 1.324404837173750460 ) ) ;
#2300 = PLANE ( 'NONE',  #3061 ) ;
#2301 = CARTESIAN_POINT ( 'NONE',  ( -38.56258473745504034, 166.8763353538258514, 27.19834591289388115 ) ) ;
#2302 = CARTESIAN_POINT ( 'NONE',  ( 42.36324379412030794, 153.8348667856812142, -48.14642419775778848 ) ) ;
#2303 = B_SPLINE_CURVE_WITH_KNOTS ( 'NONE', 3,
 ( #5125, #2992, #8238, #8090 ),
 .UNSPECIFIED., .F., .F.,
 ( 4, 4 ),
 ( 0.000000000000000000, 0.01571456560818393355 ),
 .UNSPECIFIED. ) ;
#2304 = CYLINDRICAL_SURFACE ( 'NONE', #5050, 1.050000000000000044 ) ;
#2305 = EDGE_CURVE ( 'NONE', #1385, #8639, #3533, .T. ) ;
#2306 = CARTESIAN_POINT ( 'NONE',  ( -28.56886579484421773, 171.3537213828244035, -37.19206485550470376 ) ) ;
#2307 = CARTESIAN_POINT ( 'NONE',  ( 40.83938568045757478, 89.98461695144983707, 28.85455087168497457 ) ) ;
#2308 = CARTESIAN_POINT ( 'NONE',  ( -28.04587946176248536, 169.6705890995218056, -37.71505118858645034 ) ) ;
#2309 = CARTESIAN_POINT ( 'NONE',  ( -24.69734275216253749, 116.6762642137271371, -41.06358789818640531 ) ) ;
#2310 = CARTESIAN_POINT ( 'NONE',  ( 31.92684771948880851, 41.21309918220618584, 33.83408293086011298 ) ) ;
#2311 = VERTEX_POINT ( 'NONE', #4071 ) ;
#2312 = CARTESIAN_POINT ( 'NONE',  ( 32.58376914801012703, 36.58494384897174712, 33.17716150233881223 ) ) ;
#2313 = CARTESIAN_POINT ( 'NONE',  ( -32.66833329081850223, 36.00000000000000000, -33.09259735953043702 ) ) ;
#2314 = ORIENTED_EDGE ( 'NONE', *, *, #1591, .F. ) ;
#2315 = CARTESIAN_POINT ( 'NONE',  ( 46.53284740717146661, 61.44371818057052792, -43.97682058470661559 ) ) ;
#2316 = CARTESIAN_POINT ( 'NONE',  ( -42.39887059890469345, 120.7183223083711994, 26.50182654239695168 ) ) ;
#2317 = CARTESIAN_POINT ( 'NONE',  ( -45.51935232921329799, 52.44175755770031344, -44.99031566266480553 ) ) ;
#2318 = CARTESIAN_POINT ( 'NONE',  ( -28.61795832013480023, 171.0681637838222855, -37.28534852059507898 ) ) ;
#2319 = CARTESIAN_POINT ( 'NONE',  ( 25.10761244709872031, 153.6225640485288011, -40.65331820325020118 ) ) ;
#2320 = CARTESIAN_POINT ( 'NONE',  ( -46.56268880791239440, 157.2818685057019650, 43.94697918396570202 ) ) ;
#2321 = ORIENTED_EDGE ( 'NONE', *, *, #1426, .T. ) ;
#2322 = ORIENTED_EDGE ( 'NONE', *, *, #1808, .T. ) ;
#2323 = CARTESIAN_POINT ( 'NONE',  ( -48.14642419775778137, 153.8348667856811858, 42.36324379412031504 ) ) ;
#2324 = DIRECTION ( 'NONE',  ( 0.8660254037844387076, 0.000000000000000000, 0.4999999999999997780 ) ) ;
#2325 = CARTESIAN_POINT ( 'NONE',  ( 28.75104949436352442, 66.80701258836775480, 37.00988115598541128 ) ) ;
#2326 = EDGE_CURVE ( 'NONE', #2560, #4430, #7248, .T. ) ;
#2327 = CARTESIAN_POINT ( 'NONE',  ( 38.90225724876551539, 85.63114929373708151, 26.85867340158342742 ) ) ;
#2328 = B_SPLINE_CURVE_WITH_KNOTS ( 'NONE', 3,
 ( #4657, #7624, #1695, #9177, #3882, #9079, #2432, #3979, #2525, #4702, #961, #8354, #3927, #272, #1741, #3208, #5428, #8444, #1788, #3155, #5476, #6162, #7667, #6104, #9132, #2479, #8397, #6948, #3256, #5265, #5167, #1474, #3137, #4636, #6036, #8283, #8233, #51, #4586, #8134, #8966, #4443, #2357, #152, #3809, #5217, #7410, #744, #7556, #7500, #2257, #1570, #2406, #8334, #6875, #6827, #2941, #3714, #837, #5990, #5895, #1618, #7, #6777, #5359, #889, #4534, #107, #3758, #4486, #1675, #7603, #2207, #6673, #7453, #6720, #2986, #3036, #3088, #3863, #9014, #9059, #6082, #8865, #5307, #5938, #2307, #939, #788, #8912, #3908, #8188 ),
 .UNSPECIFIED., .F., .F.,
 ( 4, 2, 2, 2, 2, 2, 2, 2, 2, 2, 2, 2, 2, 2, 2, 2, 2, 2, 2, 2, 2, 2, 2, 2, 2, 2, 2, 2, 2, 2, 2, 2, 2, 2, 2, 2, 2, 2, 2, 2, 2, 2, 2, 2, 2, 4 ),
 ( 0.000000000000000000, 0.01529258496823194917, 0.03058516993646389834, 0.04587775490469584577, 0.06117033987292779668, 0.06881663235704375825, 0.07646292484115978227, 0.08410921732527579242, 0.09175550980939181644, 0.09940180229350782659, 0.1070480947776238506, 0.1089596678986528427, 0.1108712410196818349, 0.1127828141407108270, 0.1146943872617398191, 0.1156501738222542736, 0.1166059603827687419, 0.1175617469432831824, 0.1185175335037976507, 0.1194733200643120913, 0.1204291066248265596, 0.1213848931853410140, 0.1218627864655982551, 0.1223406797458554823, 0.1232964663063699506, 0.1242522528668844328, 0.1252080394273988873, 0.1261638259879133694, 0.1271196125484278239, 0.1280753991089423061, 0.1299869722299713259, 0.1318985453510003458, 0.1338101184720293657, 0.1376332647140874887, 0.1414564109561456118, 0.1452795571982037348, 0.1491027034402618578, 0.1529258496823199809, 0.1605721421664363102, 0.1682184346505526118, 0.1758647271346689689, 0.1835110196187853537, 0.1988036045870180402, 0.2140961895552507543, 0.2293887745234834685, 0.2446813594917161827 ),
 .UNSPECIFIED. ) ;
#2329 = CARTESIAN_POINT ( 'NONE',  ( -47.00000000000000000, 218.9313642205669339, -3.332580657541732716 ) ) ;
#2330 = CARTESIAN_POINT ( 'NONE',  ( -40.41035066590497848, 340.0000000000000000, -24.00000000000000000 ) ) ;
#2331 = CARTESIAN_POINT ( 'NONE',  ( -39.22375858382816460, 163.8347417721553541, -26.53717206652077110 ) ) ;
#2332 = B_SPLINE_CURVE_WITH_KNOTS ( 'NONE', 3,
 ( #1762, #6230, #9152, #3947 ),
 .UNSPECIFIED., .F., .F.,
 ( 4, 4 ),
 ( 0.01747249955575046546, 0.01777699149090817762 ),
 .UNSPECIFIED. ) ;
#2333 = ORIENTED_EDGE ( 'NONE', *, *, #2908, .T. ) ;
#2334 = CARTESIAN_POINT ( 'NONE',  ( 50.22349097781342664, 108.7025900201346644, 40.28617701406468399 ) ) ;
#2335 = CARTESIAN_POINT ( 'NONE',  ( 31.31356217171363099, 45.71524904810726753, -34.44736847863527629 ) ) ;
#2336 = CARTESIAN_POINT ( 'NONE',  ( -47.45860420640313038, 156.3633846497057505, 43.05106378547495893 ) ) ;
#2337 = DIRECTION ( 'NONE',  ( 0.000000000000000000, 0.000000000000000000, 1.000000000000000000 ) ) ;
#2338 = ORIENTED_EDGE ( 'NONE', *, *, #383, .F. ) ;
#2339 = CARTESIAN_POINT ( 'NONE',  ( -41.59764216673600146, 150.5005888525397495, 48.91202582514208075 ) ) ;
#2340 = CARTESIAN_POINT ( 'NONE',  ( 42.36324379412030794, 153.8348667856812142, -48.14642419775778848 ) ) ;
#2341 = EDGE_CURVE ( 'NONE', #1824, #3288, #6253, .T. ) ;
#2342 = DIRECTION ( 'NONE',  ( 0.4999999999999997780, 0.000000000000000000, -0.8660254037844387076 ) ) ;
#2343 = CARTESIAN_POINT ( 'NONE',  ( 49.96090576990267351, 262.7858303959084765, -1.977130336186801118 ) ) ;
#2344 = EDGE_CURVE ( 'NONE', #8763, #5659, #6401, .T. ) ;
#2345 = CIRCLE ( 'NONE', #5751, 47.98703349066331469 ) ;
#2346 = ORIENTED_EDGE ( 'NONE', *, *, #2684, .F. ) ;
#2347 = ORIENTED_EDGE ( 'NONE', *, *, #3117, .T. ) ;
#2348 = CARTESIAN_POINT ( 'NONE',  ( -28.50815149135657123, 171.2031378497270566, -37.25277915899236092 ) ) ;
#2349 = DIRECTION ( 'NONE',  ( 0.000000000000000000, 1.000000000000000000, 0.000000000000000000 ) ) ;
#2350 = CARTESIAN_POINT ( 'NONE',  ( -49.99055546127500804, 266.5335893355497774, 0.9785999270901333258 ) ) ;
#2351 = DIRECTION ( 'NONE',  ( -0.000000000000000000, -1.000000000000000000, -0.000000000000000000 ) ) ;
#2352 = CARTESIAN_POINT ( 'NONE',  ( -50.64418028391639837, 124.0985968565961315, 39.86548770796168384 ) ) ;
#2353 = CARTESIAN_POINT ( 'NONE',  ( 40.33924585287350340, 140.4589426390626272, -50.17042213900458592 ) ) ;
#2354 = EDGE_CURVE ( 'NONE', #5728, #8240, #3491, .T. ) ;
#2355 = CARTESIAN_POINT ( 'NONE',  ( -84.99999999999998579, 212.0000000000000000, 0.000000000000000000 ) ) ;
#2356 = CARTESIAN_POINT ( 'NONE',  ( -32.88046532517446252, 57.99999999999999289, 32.88046532517446252 ) ) ;
#2357 = CARTESIAN_POINT ( 'NONE',  ( 34.79250474474719113, 172.3257622397555338, 35.91078380663541481 ) ) ;
#2358 = CARTESIAN_POINT ( 'NONE',  ( -24.96626355950891352, 111.3121957717727071, -40.79466709084002218 ) ) ;
#2359 = CARTESIAN_POINT ( 'NONE',  ( 34.68057595339050891, 175.3233815820528605, 31.08035469695842679 ) ) ;
#2360 = ORIENTED_EDGE ( 'NONE', *, *, #1748, .T. ) ;
#2361 = CARTESIAN_POINT ( 'NONE',  ( 32.16823240588159649, 39.48056780803435828, 33.59269824446734276 ) ) ;
#2362 = CARTESIAN_POINT ( 'NONE',  ( 0.000000000000000000, 145.5000000000000000, 0.000000000000000000 ) ) ;
#2363 = ORIENTED_EDGE ( 'NONE', *, *, #7485, .T. ) ;
#2364 = CARTESIAN_POINT ( 'NONE',  ( 27.19834591289387049, 166.8763353538258514, -38.56258473745504745 ) ) ;
#2365 = CARTESIAN_POINT ( 'NONE',  ( -26.22797537150326619, 132.7716359899562235, 42.56869902803979500 ) ) ;
#2366 = CARTESIAN_POINT ( 'NONE',  ( -33.59269824446734276, 39.48056780803436538, -32.16823240588159649 ) ) ;
#2367 = EDGE_CURVE ( 'NONE', #2739, #2865, #7136, .T. ) ;
#2368 = CARTESIAN_POINT ( 'NONE',  ( -39.75138694003534567, 95.69680212022356613, -26.00954371031358647 ) ) ;
#2369 = CARTESIAN_POINT ( 'NONE',  ( 27.19834591289387049, 166.8763353538258514, -38.56258473745504745 ) ) ;
#2370 = CARTESIAN_POINT ( 'NONE',  ( -40.57183789878038027, 143.4569695494772930, 49.93783009309771614 ) ) ;
#2371 = B_SPLINE_SURFACE_WITH_KNOTS ( 'NONE', 3, 1, ( 
 ( #2128, #8826 ),
 ( #4309, #4945 ),
 ( #2169, #4349 ),
 ( #3445, #2714 ),
 ( #7278, #9427 ),
 ( #2769, #608 ),
 ( #6546, #7320 ),
 ( #8779, #5085 ),
 ( #8051, #7232 ),
 ( #4994, #3625 ),
 ( #653, #5859 ),
 ( #8643, #5760 ),
 ( #4260, #1434 ),
 ( #6588, #3544 ),
 ( #9564, #5127 ),
 ( #9473, #1987 ),
 ( #8092, #1292 ),
 ( #7911, #2034 ),
 ( #6501, #1244 ),
 ( #4215, #8691 ),
 ( #7183, #511 ),
 ( #3044, #9066 ),
 ( #115, #1626 ),
 ( #3144, #4594 ),
 ( #2364, #5314 ),
 ( #5226, #6834 ),
 ( #8341, #6728 ),
 ( #8196, #7563 ),
 ( #3675, #3095 ),
 ( #8291, #8873 ),
 ( #896, #14 ),
 ( #1578, #159 ),
 ( #6089, #7461 ),
 ( #6638, #2948 ),
 ( #3870, #9612 ),
 ( #6043, #704 ),
 ( #3818, #751 ),
 ( #2414, #5945 ),
 ( #59, #5902 ),
 ( #5367, #5999 ),
 ( #9021, #8974 ),
 ( #4398, #7362 ),
 ( #2214, #6786 ),
 ( #5273, #6680 ),
 ( #5174, #8141 ),
 ( #3721, #1482 ),
 ( #4451, #3766 ),
 ( #1533, #7417 ),
 ( #2994, #8919 ),
 ( #2265, #4494 ),
 ( #796, #2315 ),
 ( #8241, #4542 ),
 ( #7508, #845 ),
 ( #3332, #3916 ),
 ( #6882, #6294 ),
 ( #8432, #6242 ),
 ( #993, #6342 ) ),
 .UNSPECIFIED., .F., .F., .F.,
 ( 4, 1, 1, 1, 1, 1, 1, 1, 1, 1, 1, 1, 1, 1, 1, 1, 1, 1, 1, 1, 1, 1, 1, 1, 1, 1, 1, 1, 1, 1, 1, 1, 1, 1, 1, 1, 1, 1, 1, 1, 1, 1, 1, 1, 1, 1, 1, 1, 1, 1, 1, 1, 1, 1, 4 ),
 ( 2, 2 ),
 ( 0.000000000000000000, 0.006185920264467958951, 0.006201962899188617762, 0.02441097605636066703, 0.02448136905349906911, 0.05370574164729757793, 0.05388345649501025125, 0.09253774940744008415, 0.09289034474279100895, 0.1389060332195525271, 0.1395093084148929519, 0.1904437008900515815, 0.1913742588137488099, 0.2445345556009104193, 0.2458629933516659483, 0.2984579075547033611, 0.3002380933255869300, 0.3495648249652612005, 0.3518114771965039633, 0.3954646363279898935, 0.3981158618259910131, 0.4341890767744073232, 0.4370593218643058497, 0.4643545367854605699, 0.4670784500627875868, 0.4855543320873982882, 0.4874746266155715047, 0.4999999999999998890, 0.5125253733844284953, 0.5144456679126014897, 0.5329215499372124132, 0.5356454632145392081, 0.5629406781356941503, 0.5658109232255925658, 0.6018841381740089869, 0.6045353636720098844, 0.6481885228034960367, 0.6504351750347385774, 0.6997619066744129590, 0.7015420924452964169, 0.7541370066483340517, 0.7554654443990894697, 0.8086257411862511901, 0.8095562991099481964, 0.8604906915851069371, 0.8610939667804473618, 0.9071096552572089911, 0.9074622505925598048, 0.9461165435049897487, 0.9462942583527023110, 0.9755186309465008199, 0.9755890239436393330, 0.9937980371008112712, 0.9938140797355321521, 1.000000000000000000 ),
 ( 0.000000000000000000, 1.000000000000000000 ),
 .UNSPECIFIED. ) ;
#2372 = ORIENTED_EDGE ( 'NONE', *, *, #7613, .F. ) ;
#2373 = VERTEX_POINT ( 'NONE', #1388 ) ;
#2374 = CARTESIAN_POINT ( 'NONE',  ( -40.01567615761507568, 134.5090890707682547, 50.49399183426301363 ) ) ;
#2375 = CARTESIAN_POINT ( 'NONE',  ( -20.83493649053890096, 39.50000000000000000, 41.08716857408418832 ) ) ;
#2376 = CARTESIAN_POINT ( 'NONE',  ( 24.39235554936074735, 141.0186408901463437, 41.36857510098818835 ) ) ;
#2377 = EDGE_CURVE ( 'NONE', #8502, #792, #5808, .T. ) ;
#2378 = CARTESIAN_POINT ( 'NONE',  ( 33.26194495473987445, 37.17140469785623225, 32.49898569560906481 ) ) ;
#2379 = CARTESIAN_POINT ( 'NONE',  ( -107.9999999999999858, 219.7421362064133632, -0.9965551934078549223 ) ) ;
#2380 = CARTESIAN_POINT ( 'NONE',  ( 42.32413524936863780, 118.1757342629069569, -26.62135493071043868 ) ) ;
#2381 = CARTESIAN_POINT ( 'NONE',  ( 34.51648671455647133, 38.38965361115109687, -34.94075078326840611 ) ) ;
#2382 = ORIENTED_EDGE ( 'NONE', *, *, #7681, .F. ) ;
#2383 = DIRECTION ( 'NONE',  ( 0.9563047559630355465, 0.000000000000000000, 0.2923717047227364918 ) ) ;
#2384 = ADVANCED_FACE ( 'NONE', ( #9373 ), #2816, .T. ) ;
#2385 = CARTESIAN_POINT ( 'NONE',  ( -42.35569619307419487, 145.5000000000000000, 48.15397179880388734 ) ) ;
#2386 = FACE_BOUND ( 'NONE', #7286, .T. ) ;
#2387 = CARTESIAN_POINT ( 'NONE',  ( -40.01567615761508989, 134.5090890707682831, -50.49399183426302073 ) ) ;
#2388 = ORIENTED_EDGE ( 'NONE', *, *, #2838, .T. ) ;
#2389 = CARTESIAN_POINT ( 'NONE',  ( -40.01567615761507568, 134.5090890707682547, 50.49399183426301363 ) ) ;
#2390 = CARTESIAN_POINT ( 'NONE',  ( 41.36857510098818125, 141.0186408901463722, -24.39235554936074024 ) ) ;
#2391 = CARTESIAN_POINT ( 'NONE',  ( 0.000000000000000000, 0.000000000000000000, 0.000000000000000000 ) ) ;
#2392 = CARTESIAN_POINT ( 'NONE',  ( 49.87842946264899524, 232.7110218055726989, 3.484577005828010332 ) ) ;
#2393 = ORIENTED_EDGE ( 'NONE', *, *, #1071, .F. ) ;
#2394 = ORIENTED_EDGE ( 'NONE', *, *, #6281, .F. ) ;
#2395 = AXIS2_PLACEMENT_3D ( 'NONE', #3553, #2825, #8791 ) ;
#2396 = CARTESIAN_POINT ( 'NONE',  ( -24.37365805196744262, 126.6764942988443892, -41.38727259838150019 ) ) ;
#2397 = CARTESIAN_POINT ( 'NONE',  ( 46.00000000000000000, 30.00000000000000000, 2.500000000000000000 ) ) ;
#2398 = CARTESIAN_POINT ( 'NONE',  ( -49.95706216198560412, 261.9560307217770401, 2.071950637539572426 ) ) ;
#2399 = DIRECTION ( 'NONE',  ( 0.000000000000000000, 1.000000000000000000, 0.000000000000000000 ) ) ;
#2400 = CARTESIAN_POINT ( 'NONE',  ( -41.59764216673600146, 150.5005888525397495, 48.91202582514208075 ) ) ;
#2401 = EDGE_CURVE ( 'NONE', #1639, #6881, #5035, .T. ) ;
#2402 = CARTESIAN_POINT ( 'NONE',  ( 49.82615309694460137, 100.9687423887486943, -40.68351489493349504 ) ) ;
#2403 = APPROVAL_PERSON_ORGANIZATION ( #5425, #1171, #5473 ) ;
#2404 = CARTESIAN_POINT ( 'NONE',  ( 34.32022455352797863, 175.2086278155647960, -32.11329746818042707 ) ) ;
#2405 = CARTESIAN_POINT ( 'NONE',  ( 34.44339648251113317, 39.76829606710785470, -35.22013773123445191 ) ) ;
#2406 = CARTESIAN_POINT ( 'NONE',  ( 37.31012873559708964, 171.3761559227049531, 33.28693591193213308 ) ) ;
#2407 = FACE_OUTER_BOUND ( 'NONE', #4698, .T. ) ;
#2408 = CARTESIAN_POINT ( 'NONE',  ( 26.00954371031358292, 95.69680212022358035, 39.75138694003535278 ) ) ;
#2409 = ORIENTED_EDGE ( 'NONE', *, *, #2004, .T. ) ;
#2410 = CARTESIAN_POINT ( 'NONE',  ( -32.37302178412350884, 170.3547063632715322, -38.10567307477190013 ) ) ;
#2411 = CARTESIAN_POINT ( 'NONE',  ( 0.000000000000000000, 264.0000000000000000, 0.000000000000000000 ) ) ;
#2412 = ADVANCED_FACE ( 'NONE', ( #1343 ), #2371, .T. ) ;
#2413 = ORIENTED_EDGE ( 'NONE', *, *, #7419, .T. ) ;
#2414 = CARTESIAN_POINT ( 'NONE',  ( 41.36857510098818125, 141.0186408901463722, -24.39235554936074024 ) ) ;
#2415 = CIRCLE ( 'NONE', #9401, 46.80000000000000426 ) ;
#2416 = CARTESIAN_POINT ( 'NONE',  ( -42.14932971709595222, 148.7199520483110007, 26.89765380023412433 ) ) ;
#2417 = EDGE_CURVE ( 'NONE', #5414, #2578, #206, .T. ) ;
#2418 = CARTESIAN_POINT ( 'NONE',  ( -48.14642419775779558, 153.8348667856812142, -42.36324379412032215 ) ) ;
#2419 = AXIS2_PLACEMENT_3D ( 'NONE', #1076, #1908, #5496 ) ;
#2420 = CARTESIAN_POINT ( 'NONE',  ( -50.58970023380037873, 130.9941881811295445, -39.91996775807773901 ) ) ;
#2421 = AXIS2_PLACEMENT_3D ( 'NONE', #9374, #1391, #4353 ) ;
#2422 = CARTESIAN_POINT ( 'NONE',  ( 45.51935232921328378, 52.44175755770029212, -44.99031566266479842 ) ) ;
#2423 = CARTESIAN_POINT ( 'NONE',  ( -44.99031566266479842, 52.44175755770029923, 45.51935232921329799 ) ) ;
#2424 = VERTEX_POINT ( 'NONE', #6194 ) ;
#2425 = ORIENTED_EDGE ( 'NONE', *, *, #5038, .F. ) ;
#2426 = VECTOR ( 'NONE', #3320, 1000.000000000000000 ) ;
#2427 = CARTESIAN_POINT ( 'NONE',  ( -41.20721490222918248, 145.7020373835962062, 24.55371574811973545 ) ) ;
#2428 = DIRECTION ( 'NONE',  ( -0.000000000000000000, -1.000000000000000000, -0.000000000000000000 ) ) ;
#2429 = CARTESIAN_POINT ( 'NONE',  ( 44.20390395962770214, 59.33385514974001751, 46.30576403225040849 ) ) ;
#2430 = CARTESIAN_POINT ( 'NONE',  ( 37.00988115598541128, 66.80701258836774059, 28.75104949436352797 ) ) ;
#2431 = EDGE_CURVE ( 'NONE', #5506, #9084, #8531, .T. ) ;
#2432 = CARTESIAN_POINT ( 'NONE',  ( 28.32233409766141463, 95.33333850039525714, 41.20837082990195910 ) ) ;
#2433 = AXIS2_PLACEMENT_3D ( 'NONE', #7818, #1153, #4130 ) ;
#2434 = VECTOR ( 'NONE', #7376, 1000.000000000000000 ) ;
#2435 = CARTESIAN_POINT ( 'NONE',  ( 42.38768592517887157, 143.6402985707858591, -26.52044225623146900 ) ) ;
#2436 = FACE_OUTER_BOUND ( 'NONE', #8621, .T. ) ;
#2437 = ORIENTED_EDGE ( 'NONE', *, *, #7161, .T. ) ;
#2438 = CARTESIAN_POINT ( 'NONE',  ( 27.32702615385186462, 80.61020279584469961, 38.43390449649707108 ) ) ;
#2439 = CIRCLE ( 'NONE', #3666, 46.99996213765929554 ) ;
#2440 = CARTESIAN_POINT ( 'NONE',  ( 40.11998767400630328, 112.7299032302373263, -50.38968031787177893 ) ) ;
#2441 = CARTESIAN_POINT ( 'NONE',  ( -40.10103315935764812, 137.5203383235722185, 50.40863483252044119 ) ) ;
#2442 = CARTESIAN_POINT ( 'NONE',  ( -25.61039644484208466, 101.0166046022987985, -40.15053420550685814 ) ) ;
#2443 = ORIENTED_EDGE ( 'NONE', *, *, #3173, .F. ) ;
#2444 = CIRCLE ( 'NONE', #7868, 49.09999999999999432 ) ;
#2445 = CARTESIAN_POINT ( 'NONE',  ( -48.14642419775778137, 153.8348667856811858, 42.36324379412031504 ) ) ;
#2446 = DIRECTION ( 'NONE',  ( 0.8660254037844387076, 0.000000000000000000, 0.4999999999999997780 ) ) ;
#2447 = CARTESIAN_POINT ( 'NONE',  ( -24.55000000000001847, 264.0000000000000000, -42.52184732581592641 ) ) ;
#2448 = CARTESIAN_POINT ( 'NONE',  ( 0.000000000000000000, 0.000000000000000000, 0.000000000000000000 ) ) ;
#2449 = ORIENTED_EDGE ( 'NONE', *, *, #5077, .T. ) ;
#2450 = CARTESIAN_POINT ( 'NONE',  ( 31.68079750501921765, 43.01938834715467408, 34.08013314532970384 ) ) ;
#2451 = CARTESIAN_POINT ( 'NONE',  ( -32.88046532517445542, 94.50000000000000000, -32.88046532517449805 ) ) ;
#2452 = EDGE_CURVE ( 'NONE', #8001, #6656, #1887, .T. ) ;
#2453 = CARTESIAN_POINT ( 'NONE',  ( -49.94846284983425022, 260.2981675183535231, 2.273600943963681509 ) ) ;
#2454 = DIRECTION ( 'NONE',  ( -0.9694453498951388637, -0.000000000000000000, 0.2453073858788025474 ) ) ;
#2455 = CARTESIAN_POINT ( 'NONE',  ( -49.93783009309770193, 143.4569695494772645, 40.57183789878038738 ) ) ;
#2456 = CARTESIAN_POINT ( 'NONE',  ( -35.98579126513810422, 43.91303109689119566, -34.15356504387187897 ) ) ;
#2457 = CARTESIAN_POINT ( 'NONE',  ( -31.92684771948879785, 41.21309918220622848, 33.83408293086011298 ) ) ;
#2458 = DIRECTION ( 'NONE',  ( -1.000000000000000000, -0.000000000000000000, -0.000000000000000000 ) ) ;
#2459 = DIRECTION ( 'NONE',  ( 0.7071067811865474617, 0.000000000000000000, 0.7071067811865474617 ) ) ;
#2460 = CARTESIAN_POINT ( 'NONE',  ( 47.00000000000000000, 160.0000000000000000, -0.2500000000000000000 ) ) ;
#2461 = CARTESIAN_POINT ( 'NONE',  ( 40.11998767400631749, 112.7299032302373121, 50.38968031787179314 ) ) ;
#2462 = ORIENTED_EDGE ( 'NONE', *, *, #3117, .F. ) ;
#2463 = CARTESIAN_POINT ( 'NONE',  ( -26.38282558608578654, 275.0000000000000000, -40.69639436232867524 ) ) ;
#2464 = CARTESIAN_POINT ( 'NONE',  ( -77.50000000000000000, 174.0000000000000000, -0.1999999999999999833 ) ) ;
#2465 = EDGE_LOOP ( 'NONE', ( #8916, #1705, #2382, #617, #1906, #3611, #3614, #1253, #2885, #1133, #5148, #804, #6943, #1968, #9484, #1289, #9004, #301 ) ) ;
#2466 = CARTESIAN_POINT ( 'NONE',  ( -28.04587946176237878, 340.0000000000000000, 37.71505118858653560 ) ) ;
#2467 = CARTESIAN_POINT ( 'NONE',  ( -32.36658742415821877, 170.3459842883385704, 38.11112295582145748 ) ) ;
#2468 = CARTESIAN_POINT ( 'NONE',  ( -34.44736847863527629, 45.71524904810726753, 31.31356217171363809 ) ) ;
#2469 = EDGE_CURVE ( 'NONE', #4991, #1417, #5066, .T. ) ;
#2470 = CARTESIAN_POINT ( 'NONE',  ( -36.46736499287372624, 173.1609393494194364, -29.29356565747520946 ) ) ;
#2471 = CARTESIAN_POINT ( 'NONE',  ( 49.05663547162954075, 89.40149471062302666, -41.45303252024854146 ) ) ;
#2472 = CARTESIAN_POINT ( 'NONE',  ( -43.97682058470661559, 61.44371818057052792, 46.53284740717148082 ) ) ;
#2473 = ORIENTED_EDGE ( 'NONE', *, *, #4840, .T. ) ;
#2474 = EDGE_LOOP ( 'NONE', ( #8367, #1074, #2608 ) ) ;
#2475 = CARTESIAN_POINT ( 'NONE',  ( 33.26194495473987445, 37.17140469785623225, 32.49898569560906481 ) ) ;
#2476 = PERSON_AND_ORGANIZATION ( #910, #3334 ) ;
#2477 = CARTESIAN_POINT ( 'NONE',  ( 43.97682058470662270, 61.44371818057052792, 46.53284740717148082 ) ) ;
#2478 = CARTESIAN_POINT ( 'NONE',  ( 30.12822377908833005, 54.97802726448587407, 35.63270687126060210 ) ) ;
#2479 = CARTESIAN_POINT ( 'NONE',  ( 30.09056553259729938, 165.4343660277920947, 39.93261097207530241 ) ) ;
#2480 = CARTESIAN_POINT ( 'NONE',  ( 36.08140240266996557, 58.70654625247944125, -29.67952824767894526 ) ) ;
#2481 = DIRECTION ( 'NONE',  ( -0.000000000000000000, -1.000000000000000000, -0.000000000000000000 ) ) ;
#2482 = CARTESIAN_POINT ( 'NONE',  ( -26.38282558608579365, 200.0000000000000000, -40.69639436232867524 ) ) ;
#2483 = ORIENTED_EDGE ( 'NONE', *, *, #2239, .F. ) ;
#2484 = CARTESIAN_POINT ( 'NONE',  ( 41.74177417787064570, 85.62404022679615423, 48.76789381400746493 ) ) ;
#2485 = CARTESIAN_POINT ( 'NONE',  ( 45.25483399593903755, 158.6226686892998146, -45.25483399593904466 ) ) ;
#2486 = LINE ( 'NONE', #5437, #4871 ) ;
#2487 = CARTESIAN_POINT ( 'NONE',  ( -25.51359495171287506, 157.6066838202880831, -40.24733569863606419 ) ) ;
#2488 = ORIENTED_EDGE ( 'NONE', *, *, #2997, .T. ) ;
#2489 = CARTESIAN_POINT ( 'NONE',  ( -41.06358789818638400, 116.6762642137271797, 24.69734275216252684 ) ) ;
#2490 = CARTESIAN_POINT ( 'NONE',  ( 33.09259735953042281, 36.00000000000000000, -32.66833329081849513 ) ) ;
#2491 = CARTESIAN_POINT ( 'NONE',  ( 32.88046532517448384, 176.0000000000000000, -32.88046532517444831 ) ) ;
#2492 = CARTESIAN_POINT ( 'NONE',  ( 33.91444719236291405, 175.3727113013590326, 32.53986656635571961 ) ) ;
#2493 = CARTESIAN_POINT ( 'NONE',  ( -50.58970023380035741, 130.9941881811295445, 39.91996775807773190 ) ) ;
#2494 = EDGE_LOOP ( 'NONE', ( #8578, #3498, #3654, #1541, #8734, #3128 ) ) ;
#2495 = CARTESIAN_POINT ( 'NONE',  ( -42.32202566649797859, 78.60787726850115575, -48.18764232538013204 ) ) ;
#2496 = CARTESIAN_POINT ( 'NONE',  ( 47.45860420640313748, 156.3633846497057789, 43.05106378547497314 ) ) ;
#2497 = CARTESIAN_POINT ( 'NONE',  ( 29.77058395744706942, 57.99999999999999289, 35.99034669290186628 ) ) ;
#2498 = DIRECTION ( 'NONE',  ( -0.4999999999999997780, 0.000000000000000000, 0.8660254037844387076 ) ) ;
#2499 = CARTESIAN_POINT ( 'NONE',  ( -33.26194495473986024, 37.17140469785621093, 32.49898569560905770 ) ) ;
#2500 = CARTESIAN_POINT ( 'NONE',  ( 33.83408293086011298, 41.21309918220622137, -31.92684771948880140 ) ) ;
#2501 = AXIS2_PLACEMENT_3D ( 'NONE', #6335, #7064, #6136 ) ;
#2502 = CARTESIAN_POINT ( 'NONE',  ( -41.45303252024854146, 89.40149471062302666, 49.05663547162955496 ) ) ;
#2503 = CARTESIAN_POINT ( 'NONE',  ( 34.03994575403818601, 45.29474480594073071, 36.21980700434897926 ) ) ;
#2504 = FACE_OUTER_BOUND ( 'NONE', #9065, .T. ) ;
#2505 = CARTESIAN_POINT ( 'NONE',  ( -41.00000000000000000, 275.0000000000000000, -18.00000000000000000 ) ) ;
#2506 = EDGE_CURVE ( 'NONE', #1257, #7117, #3619, .T. ) ;
#2507 = VERTEX_POINT ( 'NONE', #409 ) ;
#2508 = CARTESIAN_POINT ( 'NONE',  ( -28.32233409766219623, 95.33333850038710011, -41.20837082990141198 ) ) ;
#2509 = LINE ( 'NONE', #3764, #1646 ) ;
#2510 = VERTEX_POINT ( 'NONE', #4835 ) ;
#2511 = CARTESIAN_POINT ( 'NONE',  ( 0.000000000000000000, 35.50000000000000000, 0.000000000000000000 ) ) ;
#2512 = AXIS2_PLACEMENT_3D ( 'NONE', #8836, #2177, #9481 ) ;
#2513 = CARTESIAN_POINT ( 'NONE',  ( -35.45892271380535021, 172.4006591004284417, 35.25181839959748942 ) ) ;
#2514 = CARTESIAN_POINT ( 'NONE',  ( -45.46696603029500494, 52.00000000000000000, 45.04270196158308437 ) ) ;
#2515 = CARTESIAN_POINT ( 'NONE',  ( -31.08035469695842679, 175.3233815820528321, -34.68057595339050891 ) ) ;
#2516 = CARTESIAN_POINT ( 'NONE',  ( 47.31597781508198608, 69.12979561808754170, -43.19369017679610323 ) ) ;
#2517 = CARTESIAN_POINT ( 'NONE',  ( -25.10761244709871676, 153.6225640485287727, 40.65331820325018697 ) ) ;
#2518 = ORIENTED_EDGE ( 'NONE', *, *, #976, .F. ) ;
#2519 = ORIENTED_EDGE ( 'NONE', *, *, #8881, .T. ) ;
#2520 = CARTESIAN_POINT ( 'NONE',  ( -45.92619372941035749, 55.93620152028918824, 44.58347426246772471 ) ) ;
#2521 = DATE_AND_TIME ( #3975, #7054 ) ;
#2522 = CARTESIAN_POINT ( 'NONE',  ( 31.08035469695843389, 175.3233815820528605, 34.68057595339049470 ) ) ;
#2523 = CARTESIAN_POINT ( 'NONE',  ( -30.50535599403126952, 51.99999999999998579, 35.25557465562760484 ) ) ;
#2524 = EDGE_CURVE ( 'NONE', #573, #6803, #1682, .T. ) ;
#2525 = CARTESIAN_POINT ( 'NONE',  ( 27.05260081779386994, 110.5507506516451599, 42.05083400847055231 ) ) ;
#2526 = CARTESIAN_POINT ( 'NONE',  ( 40.15053420550684393, 101.0166046022987985, -25.61039644484207400 ) ) ;
#2527 = EDGE_CURVE ( 'NONE', #470, #4166, #722, .T. ) ;
#2528 = DIRECTION ( 'NONE',  ( 0.000000000000000000, 1.000000000000000000, 0.000000000000000000 ) ) ;
#2529 =( BOUNDED_CURVE ( )  B_SPLINE_CURVE ( 3, ( #8690, #6400, #9372, #2713 ),
 .UNSPECIFIED., .F., .F. ) 
 B_SPLINE_CURVE_WITH_KNOTS ( ( 4, 4 ),
 ( 6.278283628513246839, 6.288086985845925625 ),
 .UNSPECIFIED. ) 
 CURVE ( )  GEOMETRIC_REPRESENTATION_ITEM ( )  RATIONAL_B_SPLINE_CURVE ( ( 1.000000000000000000, 0.9999919911981193232, 0.9999919911981193232, 1.000000000000000000 ) ) 
 REPRESENTATION_ITEM ( '' )  );
#2530 = CARTESIAN_POINT ( 'NONE',  ( -22.38493649053889456, 275.0000000000000000, 43.77184732581595483 ) ) ;
#2531 = ORIENTED_EDGE ( 'NONE', *, *, #9182, .T. ) ;
#2532 = CARTESIAN_POINT ( 'NONE',  ( 29.29356565747520946, 173.1609393494194364, 36.46736499287372624 ) ) ;
#2533 = CARTESIAN_POINT ( 'NONE',  ( 36.08140240266996557, 58.70654625247944125, -29.67952824767894526 ) ) ;
#2534 = FACE_OUTER_BOUND ( 'NONE', #417, .T. ) ;
#2535 = CARTESIAN_POINT ( 'NONE',  ( -43.94697918396571623, 157.2818685057020218, -46.56268880791239440 ) ) ;
#2536 = ORIENTED_EDGE ( 'NONE', *, *, #1447, .F. ) ;
#2537 = CARTESIAN_POINT ( 'NONE',  ( -33.26194495473986024, 37.17140469785621093, 32.49898569560905770 ) ) ;
#2538 = CARTESIAN_POINT ( 'NONE',  ( 46.30576403225039428, 59.33385514974001751, -44.20390395962768793 ) ) ;
#2539 = EDGE_CURVE ( 'NONE', #6070, #6350, #1727, .T. ) ;
#2540 = DIRECTION ( 'NONE',  ( -0.000000000000000000, -1.000000000000000000, -0.000000000000000000 ) ) ;
#2541 = CARTESIAN_POINT ( 'NONE',  ( 33.36570883847551272, 175.4862839454900438, 33.10233586290058128 ) ) ;
#2542 = CARTESIAN_POINT ( 'NONE',  ( -39.75138694003533857, 95.69680212022358035, 26.00954371031357582 ) ) ;
#2543 = ORIENTED_EDGE ( 'NONE', *, *, #4087, .F. ) ;
#2544 = CARTESIAN_POINT ( 'NONE',  ( -44.73292201045924799, 54.62836855260157876, -45.77674598141885554 ) ) ;
#2545 = DIRECTION ( 'NONE',  ( 0.000000000000000000, 1.000000000000000000, 0.000000000000000000 ) ) ;
#2546 = ADVANCED_FACE ( 'NONE', ( #2758 ), #4935, .F. ) ;
#2547 = CARTESIAN_POINT ( 'NONE',  ( -24.59999999999999432, 264.0000000000000000, 42.60844986619439112 ) ) ;
#2548 = LINE ( 'NONE', #1078, #2426 ) ;
#2549 = DIRECTION ( 'NONE',  ( 0.000000000000000000, -0.000000000000000000, -1.000000000000000000 ) ) ;
#2550 = CARTESIAN_POINT ( 'NONE',  ( 45.46696603029501915, 52.00000000000000000, 45.04270196158309147 ) ) ;
#2551 = CARTESIAN_POINT ( 'NONE',  ( -47.72506399400256782, 155.3921848145514844, 42.78460399787552149 ) ) ;
#2552 = EDGE_CURVE ( 'NONE', #6576, #854, #4299, .T. ) ;
#2553 = AXIS2_PLACEMENT_3D ( 'NONE', #4724, #7112, #2691 ) ;
#2554 = CARTESIAN_POINT ( 'NONE',  ( 30.02250515210871029, 57.99999999999999289, -36.16138306720323925 ) ) ;
#2555 = LINE ( 'NONE', #6974, #9246 ) ;
#2556 = FACE_OUTER_BOUND ( 'NONE', #1882, .T. ) ;
#2557 = VERTEX_POINT ( 'NONE', #5707 ) ;
#2558 = FACE_BOUND ( 'NONE', #375, .T. ) ;
#2559 = CARTESIAN_POINT ( 'NONE',  ( -23.54999999999999361, 39.50000000000000000, 40.78979651824707275 ) ) ;
#2560 = VERTEX_POINT ( 'NONE', #7990 ) ;
#2561 = CARTESIAN_POINT ( 'NONE',  ( -108.0000000000000000, 189.9390740440268814, -0.3429151594667018688 ) ) ;
#2562 = CARTESIAN_POINT ( 'NONE',  ( -29.80966340996051045, 164.5601747625613029, 40.14265841673596213 ) ) ;
#2563 = AXIS2_PLACEMENT_3D ( 'NONE', #7649, #1767, #987 ) ;
#2564 = CARTESIAN_POINT ( 'NONE',  ( -41.00000000000000000, 58.00000000000000000, -21.00000000000000000 ) ) ;
#2565 = CARTESIAN_POINT ( 'NONE',  ( -33.83408293086012009, 41.21309918220619295, -31.92684771948881561 ) ) ;
#2566 = CARTESIAN_POINT ( 'NONE',  ( 50.58970023380035741, 130.9941881811296014, -39.91996775807773901 ) ) ;
#2567 = CARTESIAN_POINT ( 'NONE',  ( 44.93779350453366561, 52.88466077438591384, 45.57187448734443080 ) ) ;
#2568 = ORIENTED_EDGE ( 'NONE', *, *, #5396, .T. ) ;
#2569 = EDGE_LOOP ( 'NONE', ( #7132, #5724, #8350, #6386, #1210, #9315, #5623, #87, #2030, #4501 ) ) ;
#2570 = CARTESIAN_POINT ( 'NONE',  ( 33.09259735953043702, 36.00000000000000000, 32.66833329081850223 ) ) ;
#2571 = COORDINATED_UNIVERSAL_TIME_OFFSET ( 12, 0, .AHEAD. ) ;
#2572 = CARTESIAN_POINT ( 'NONE',  ( 40.68351489493349504, 100.9687423887486943, 49.82615309694461558 ) ) ;
#2573 = CARTESIAN_POINT ( 'NONE',  ( 38.56258473745505455, 166.8763353538257945, -27.19834591289385983 ) ) ;
#2574 = CIRCLE ( 'NONE', #5968, 46.50000000000000000 ) ;
#2575 = FACE_OUTER_BOUND ( 'NONE', #4890, .T. ) ;
#2576 = VECTOR ( 'NONE', #1503, 1000.000000000000000 ) ;
#2577 = FACE_OUTER_BOUND ( 'NONE', #3143, .T. ) ;
#2578 = VERTEX_POINT ( 'NONE', #1282 ) ;
#2579 = CARTESIAN_POINT ( 'NONE',  ( 40.33924585287351761, 140.4589426390626556, 50.17042213900459302 ) ) ;
#2580 = CARTESIAN_POINT ( 'NONE',  ( 107.9999999999999858, 192.6091567009482901, 0.5838041569574790035 ) ) ;
#2581 = ORIENTED_EDGE ( 'NONE', *, *, #909, .T. ) ;
#2582 = CARTESIAN_POINT ( 'NONE',  ( 29.29356565747519880, 173.1609393494194364, -36.46736499287371913 ) ) ;
#2583 = FACE_OUTER_BOUND ( 'NONE', #7751, .T. ) ;
#2584 = CARTESIAN_POINT ( 'NONE',  ( -36.46736499287372624, 173.1609393494194364, -29.29356565747520946 ) ) ;
#2585 = CIRCLE ( 'NONE', #8011, 46.50000000000000000 ) ;
#2586 = ORIENTED_EDGE ( 'NONE', *, *, #1333, .F. ) ;
#2587 = DIRECTION ( 'NONE',  ( 0.000000000000000000, 0.000000000000000000, 1.000000000000000000 ) ) ;
#2588 = CIRCLE ( 'NONE', #2893, 50.00000000000000000 ) ;
#2589 = FACE_OUTER_BOUND ( 'NONE', #8799, .T. ) ;
#2590 = AXIS2_PLACEMENT_3D ( 'NONE', #5797, #7222, #1332 ) ;
#2591 = DIRECTION ( 'NONE',  ( -0.7169106076504825342, 0.000000000000000000, 0.6971651028545648998 ) ) ;
#2592 = VECTOR ( 'NONE', #3244, 1000.000000000000000 ) ;
#2593 = CARTESIAN_POINT ( 'NONE',  ( -41.46658174736684543, 131.8280114082709815, 24.29434890298207605 ) ) ;
#2594 = ORIENTED_EDGE ( 'NONE', *, *, #7328, .F. ) ;
#2595 = LINE ( 'NONE', #9196, #1809 ) ;
#2596 = CARTESIAN_POINT ( 'NONE',  ( 40.43689723274794545, 104.9875858014058423, 50.07277075913016517 ) ) ;
#2597 = PLANE ( 'NONE',  #9225 ) ;
#2598 = CARTESIAN_POINT ( 'NONE',  ( 48.37354648979130189, 275.0000000000000000, 3.500000000000000000 ) ) ;
#2599 = AXIS2_PLACEMENT_3D ( 'NONE', #6030, #4385, #2248 ) ;
#2600 = CARTESIAN_POINT ( 'NONE',  ( 33.17716150233879802, 36.58494384897175422, -32.58376914801011992 ) ) ;
#2601 = CARTESIAN_POINT ( 'NONE',  ( -44.93779350453365851, 52.88466077438589963, 45.57187448734442370 ) ) ;
#2602 = CARTESIAN_POINT ( 'NONE',  ( 0.000000000000000000, 0.000000000000000000, 0.000000000000000000 ) ) ;
#2603 = DIRECTION ( 'NONE',  ( 0.9088285370321855794, 0.4171671973262491284, 0.001489882847593747457 ) ) ;
#2604 = CARTESIAN_POINT ( 'NONE',  ( 0.000000000000000000, 200.0000000000000000, -48.50000000000000000 ) ) ;
#2605 = EDGE_LOOP ( 'NONE', ( #8495, #6511, #895, #8481 ) ) ;
#2606 = CARTESIAN_POINT ( 'NONE',  ( -26.50182654239710800, 120.7183223083671493, -42.39887059890459398 ) ) ;
#2607 = CARTESIAN_POINT ( 'NONE',  ( -46.99932433299913015, 213.0223926780110446, -0.2755406024704843970 ) ) ;
#2608 = ORIENTED_EDGE ( 'NONE', *, *, #2452, .T. ) ;
#2609 = CARTESIAN_POINT ( 'NONE',  ( -108.0000000000000000, 201.2789572189547584, 1.216411794072249197 ) ) ;
#2610 = DIRECTION ( 'NONE',  ( -1.000000000000000000, 0.000000000000000000, 0.000000000000000000 ) ) ;
#2611 = CARTESIAN_POINT ( 'NONE',  ( -45.46696603029500494, 52.00000000000000000, 45.04270196158308437 ) ) ;
#2612 = ADVANCED_FACE ( 'NONE', ( #3574, #1233 ), #4249, .F. ) ;
#2613 = CARTESIAN_POINT ( 'NONE',  ( -24.29434890298208316, 131.8280114082709815, -41.46658174736685964 ) ) ;
#2614 = CARTESIAN_POINT ( 'NONE',  ( 38.43390449649705687, 80.61020279584469961, -27.32702615385185752 ) ) ;
#2615 = CARTESIAN_POINT ( 'NONE',  ( 42.35569619307420908, 94.50000000000000000, 48.15397179880390155 ) ) ;
#2616 = VERTEX_POINT ( 'NONE', #3532 ) ;
#2617 = VERTEX_POINT ( 'NONE', #1329 ) ;
#2618 = CARTESIAN_POINT ( 'NONE',  ( 37.49320649782439574, 71.28898199371604960, 28.26772415252454351 ) ) ;
#2619 = CARTESIAN_POINT ( 'NONE',  ( -39.75138694003534567, 95.69680212022356613, -26.00954371031358647 ) ) ;
#2620 = CARTESIAN_POINT ( 'NONE',  ( 44.58347426246773182, 55.93620152028918824, 45.92619372941037881 ) ) ;
#2621 = CARTESIAN_POINT ( 'NONE',  ( 48.14642419775777427, 153.8348667856812142, -42.36324379412032926 ) ) ;
#2622 = CARTESIAN_POINT ( 'NONE',  ( 38.98253048539110921, 168.5790100066226103, -31.31115607659212685 ) ) ;
#2623 = LINE ( 'NONE', #9331, #1627 ) ;
#2624 = ORIENTED_EDGE ( 'NONE', *, *, #7332, .T. ) ;
#2625 = CARTESIAN_POINT ( 'NONE',  ( 40.57183789878039448, 143.4569695494772645, 49.93783009309771614 ) ) ;
#2626 = CARTESIAN_POINT ( 'NONE',  ( 47.00000000000000000, 218.9313642205669055, 3.332580657541731828 ) ) ;
#2627 = VERTEX_POINT ( 'NONE', #500 ) ;
#2628 = CARTESIAN_POINT ( 'NONE',  ( 41.38727259838148598, 126.6764942988443892, -24.37365805196743551 ) ) ;
#2629 = DIRECTION ( 'NONE',  ( 1.000000000000000000, 0.000000000000000000, 0.000000000000000000 ) ) ;
#2630 = CARTESIAN_POINT ( 'NONE',  ( -13.26004803087596073, 264.0000000000000000, 46.86001628487620962 ) ) ;
#2631 = VERTEX_POINT ( 'NONE', #7268 ) ;
#2632 = CARTESIAN_POINT ( 'NONE',  ( -28.04587946174962454, 169.6705890994746824, 37.71505118860347494 ) ) ;
#2633 = CARTESIAN_POINT ( 'NONE',  ( -13.36896012969218894, 268.0000000000000000, 47.24490348228790282 ) ) ;
#2634 = CARTESIAN_POINT ( 'NONE',  ( 0.000000000000000000, 57.99999999999999289, 0.000000000000000000 ) ) ;
#2635 = DIRECTION ( 'NONE',  ( 0.000000000000000000, -1.000000000000000000, 0.000000000000000000 ) ) ;
#2636 = CARTESIAN_POINT ( 'NONE',  ( -45.46696603029500494, 52.00000000000000000, 45.04270196158308437 ) ) ;
#2637 = EDGE_LOOP ( 'NONE', ( #3201, #5805, #9377, #5255 ) ) ;
#2638 = FACE_OUTER_BOUND ( 'NONE', #3002, .T. ) ;
#2639 = CARTESIAN_POINT ( 'NONE',  ( 33.89314205267277913, 42.89642940168671004, -31.86778859767616012 ) ) ;
#2640 = DIRECTION ( 'NONE',  ( -0.7071067811865474617, 0.000000000000000000, 0.7071067811865474617 ) ) ;
#2641 = FACE_OUTER_BOUND ( 'NONE', #6362, .T. ) ;
#2642 = EDGE_CURVE ( 'NONE', #5486, #2507, #2901, .T. ) ;
#2643 = B_SPLINE_CURVE_WITH_KNOTS ( 'NONE', 3,
 ( #2683, #8749, #2094, #1260, #5053 ),
 .UNSPECIFIED., .F., .F.,
 ( 4, 1, 4 ),
 ( 0.02471769840525888176, 0.05370574164729763345, 0.05626039372446041409 ),
 .UNSPECIFIED. ) ;
#2644 = CARTESIAN_POINT ( 'NONE',  ( 50.22349097781342664, 108.7025900201346644, 40.28617701406468399 ) ) ;
#2645 = EDGE_CURVE ( 'NONE', #9311, #6987, #5690, .T. ) ;
#2646 = CARTESIAN_POINT ( 'NONE',  ( -24.69734275216252328, 116.6762642137271513, 41.06358789818639110 ) ) ;
#2647 = DIRECTION ( 'NONE',  ( 0.4999999999999997780, 0.000000000000000000, -0.8660254037844387076 ) ) ;
#2648 = CARTESIAN_POINT ( 'NONE',  ( -28.04587946176237878, 73.51205311379843010, 37.71505118858653560 ) ) ;
#2649 = FACE_OUTER_BOUND ( 'NONE', #5703, .T. ) ;
#2650 = ORIENTED_EDGE ( 'NONE', *, *, #7896, .T. ) ;
#2651 = CARTESIAN_POINT ( 'NONE',  ( -36.75370899142616565, 171.8733151468695723, -33.90048142761636285 ) ) ;
#2652 = CARTESIAN_POINT ( 'NONE',  ( 36.72941530738228266, 63.16230588991562911, -29.33832402439915299 ) ) ;
#2653 = ORIENTED_EDGE ( 'NONE', *, *, #2367, .F. ) ;
#2654 = CARTESIAN_POINT ( 'NONE',  ( -108.0000000000000000, 222.2167203554061246, 2.888639853034277263E-17 ) ) ;
#2655 = CARTESIAN_POINT ( 'NONE',  ( 0.000000000000000000, 52.00000000000000000, 0.000000000000000000 ) ) ;
#2656 = VECTOR ( 'NONE', #810, 1000.000000000000000 ) ;
#2657 = EDGE_CURVE ( 'NONE', #4538, #8928, #9363, .T. ) ;
#2658 = CARTESIAN_POINT ( 'NONE',  ( -45.92619372941035749, 55.93620152028918824, 44.58347426246772471 ) ) ;
#2659 = EDGE_CURVE ( 'NONE', #8639, #6957, #3479, .T. ) ;
#2660 = CARTESIAN_POINT ( 'NONE',  ( -25.51359495171287506, 157.6066838202880831, -40.24733569863606419 ) ) ;
#2661 = PLANE ( 'NONE',  #6372 ) ;
#2662 = VECTOR ( 'NONE', #5102, 1000.000000000000000 ) ;
#2663 = ORIENTED_EDGE ( 'NONE', *, *, #7098, .T. ) ;
#2664 = EDGE_LOOP ( 'NONE', ( #671, #4021, #3202, #3898 ) ) ;
#2665 = CARTESIAN_POINT ( 'NONE',  ( 41.06358789818639821, 116.6762642137271513, 24.69734275216253749 ) ) ;
#2666 = DIRECTION ( 'NONE',  ( 0.9088285370321854684, -0.4171671973262494615, 0.001489882847593746373 ) ) ;
#2667 = CARTESIAN_POINT ( 'NONE',  ( 40.28617701406468399, 108.7025900201346502, 50.22349097781342664 ) ) ;
#2668 = EDGE_CURVE ( 'NONE', #4550, #8982, #9582, .T. ) ;
#2669 = CARTESIAN_POINT ( 'NONE',  ( 48.76789381400745782, 85.62404022679615423, -41.74177417787063149 ) ) ;
#2670 = CARTESIAN_POINT ( 'NONE',  ( 27.47049506919400841, 105.0519756244884633, -41.78104421726126105 ) ) ;
#2671 = DIRECTION ( 'NONE',  ( -0.000000000000000000, -1.000000000000000000, -0.000000000000000000 ) ) ;
#2672 = VERTEX_POINT ( 'NONE', #2891 ) ;
#2673 = CARTESIAN_POINT ( 'NONE',  ( -45.25483399593905176, 145.5000000000000000, -45.25483399593905176 ) ) ;
#2674 = EDGE_CURVE ( 'NONE', #1663, #6070, #1187, .T. ) ;
#2675 = DIRECTION ( 'NONE',  ( -0.4999999999999997780, 0.000000000000000000, 0.8660254037844387076 ) ) ;
#2676 = ORIENTED_EDGE ( 'NONE', *, *, #8244, .F. ) ;
#2677 = CARTESIAN_POINT ( 'NONE',  ( 43.94697918396568781, 157.2818685057019650, -46.56268880791239440 ) ) ;
#2678 = CARTESIAN_POINT ( 'NONE',  ( 35.99034755393251572, 57.99999999999999289, -29.77058309641640577 ) ) ;
#2679 = DIRECTION ( 'NONE',  ( 0.7071067811865474617, -0.000000000000000000, -0.7071067811865474617 ) ) ;
#2680 = ORIENTED_EDGE ( 'NONE', *, *, #6130, .F. ) ;
#2681 = CARTESIAN_POINT ( 'NONE',  ( -108.0000000000000142, 220.7712470389694488, 0.8099658592145442260 ) ) ;
#2682 = B_SPLINE_CURVE_WITH_KNOTS ( 'NONE', 3,
 ( #1866, #8335, #1822, #5504, #7604, #4053, #6876, #940 ),
 .UNSPECIFIED., .F., .F.,
 ( 4, 2, 2, 4 ),
 ( 0.000000000000000000, 0.008445642262737970002, 0.01266846339410694633, 0.01689128452547592266 ),
 .UNSPECIFIED. ) ;
#2683 = CARTESIAN_POINT ( 'NONE',  ( -31.68079750501928515, 43.01938834715414117, -34.08013314532963278 ) ) ;
#2684 = EDGE_CURVE ( 'NONE', #4334, #2617, #2444, .T. ) ;
#2685 = CARTESIAN_POINT ( 'NONE',  ( -34.44736847863528340, 45.71524904810726753, -31.31356217171364520 ) ) ;
#2686 = CARTESIAN_POINT ( 'NONE',  ( 25.51359495171286440, 157.6066838202881399, -40.24733569863604998 ) ) ;
#2687 = CARTESIAN_POINT ( 'NONE',  ( -47.72506399400256782, 155.3921848145514844, 42.78460399787552149 ) ) ;
#2688 = VERTEX_POINT ( 'NONE', #2024 ) ;
#2689 = CARTESIAN_POINT ( 'NONE',  ( -35.25557465788109823, 52.00000000784751109, -30.50535599246784457 ) ) ;
#2690 = LINE ( 'NONE', #3466, #5668 ) ;
#2691 = DIRECTION ( 'NONE',  ( 0.000000000000000000, 0.000000000000000000, 1.000000000000000000 ) ) ;
#2692 = CARTESIAN_POINT ( 'NONE',  ( -32.98532786528267735, 54.99999999999999289, 37.57616459432502865 ) ) ;
#2693 = CARTESIAN_POINT ( 'NONE',  ( 48.14642419775778848, 153.8348667856812142, 42.36324379412032215 ) ) ;
#2694 = CARTESIAN_POINT ( 'NONE',  ( -46.53284740717146661, 61.44371818057052792, 43.97682058470661559 ) ) ;
#2695 = ORIENTED_EDGE ( 'NONE', *, *, #8462, .F. ) ;
#2696 = LINE ( 'NONE', #5875, #4261 ) ;
#2697 = DIRECTION ( 'NONE',  ( 0.000000000000000000, 0.000000000000000000, 1.000000000000000000 ) ) ;
#2698 = ORIENTED_EDGE ( 'NONE', *, *, #4074, .F. ) ;
#2699 = CARTESIAN_POINT ( 'NONE',  ( -45.46696603029501915, 52.00000000000000000, -45.04270196158309147 ) ) ;
#2700 = CARTESIAN_POINT ( 'NONE',  ( -46.98823194100206990, 212.0000000000000000, -1.050000000000000044 ) ) ;
#2701 = EDGE_CURVE ( 'NONE', #5434, #1559, #3672, .T. ) ;
#2702 = ORIENTED_EDGE ( 'NONE', *, *, #7844, .T. ) ;
#2703 = CARTESIAN_POINT ( 'NONE',  ( 42.61937471484798579, 35.50000000000000000, -18.09085124905337238 ) ) ;
#2704 = CARTESIAN_POINT ( 'NONE',  ( -24.60000000000002274, 264.0000000000000000, -42.60844986619436980 ) ) ;
#2705 = DIRECTION ( 'NONE',  ( -0.7071067811865474617, 0.000000000000000000, -0.7071067811865474617 ) ) ;
#2706 = CARTESIAN_POINT ( 'NONE',  ( -32.49898569560905770, 37.17140469785623935, -33.26194495473988155 ) ) ;
#2707 = CARTESIAN_POINT ( 'NONE',  ( -24.59999999999999432, 268.0000000000000000, 42.60844986619439112 ) ) ;
#2708 = EDGE_CURVE ( 'NONE', #6217, #8272, #6291, .T. ) ;
#2709 = PLANE ( 'NONE',  #9414 ) ;
#2710 = ORIENTED_EDGE ( 'NONE', *, *, #7164, .T. ) ;
#2711 = EDGE_LOOP ( 'NONE', ( #8603, #7859, #122, #3103, #1441, #2189 ) ) ;
#2712 = CARTESIAN_POINT ( 'NONE',  ( 36.46736499287372624, 173.1609393494194080, 29.29356565747520236 ) ) ;
#2713 = CARTESIAN_POINT ( 'NONE',  ( -49.99939933985896090, 161.3767734674762266, -0.2450829519018705716 ) ) ;
#2714 = CARTESIAN_POINT ( 'NONE',  ( 44.73292201045922667, 54.62836855260160718, -45.77674598141885554 ) ) ;
#2715 = EDGE_CURVE ( 'NONE', #5447, #954, #781, .T. ) ;
#2716 = VECTOR ( 'NONE', #4783, 1000.000000000000000 ) ;
#2717 = CARTESIAN_POINT ( 'NONE',  ( -46.30576403225039428, 59.33385514974001751, 44.20390395962768793 ) ) ;
#2718 = CARTESIAN_POINT ( 'NONE',  ( 46.99996105054538020, 210.9500486612530779, 0.1373468742300337497 ) ) ;
#2719 = CARTESIAN_POINT ( 'NONE',  ( 26.36587291666718258, 140.3216086453123239, -42.48347992596021783 ) ) ;
#2720 = CARTESIAN_POINT ( 'NONE',  ( 28.04587946176237878, 73.51205704305357358, -37.71505118858653560 ) ) ;
#2721 = ORIENTED_EDGE ( 'NONE', *, *, #7450, .F. ) ;
#2722 = DIRECTION ( 'NONE',  ( 0.000000000000000000, 0.000000000000000000, 1.000000000000000000 ) ) ;
#2723 = CARTESIAN_POINT ( 'NONE',  ( 47.00000000000000000, 162.7289639002187016, 0.4518216655316358299 ) ) ;
#2724 = EDGE_LOOP ( 'NONE', ( #7414, #2124, #22, #978, #1513, #7264, #7046, #9534, #8454, #5377 ) ) ;
#2725 = DIRECTION ( 'NONE',  ( 0.000000000000000000, 0.000000000000000000, -1.000000000000000000 ) ) ;
#2726 = PLANE ( 'NONE',  #6427 ) ;
#2727 = CARTESIAN_POINT ( 'NONE',  ( -31.92684771948880851, 41.21309918220622137, -33.83408293086012719 ) ) ;
#2728 = VERTEX_POINT ( 'NONE', #44 ) ;
#2729 = AXIS2_PLACEMENT_3D ( 'NONE', #6067, #3270, #9046 ) ;
#2730 = CARTESIAN_POINT ( 'NONE',  ( -108.0000000000000000, 221.8135536382135342, -0.3230486906495440569 ) ) ;
#2731 = AXIS2_PLACEMENT_3D ( 'NONE', #3259, #1744, #6257 ) ;
#2732 = AXIS2_PLACEMENT_3D ( 'NONE', #4207, #2809, #7176 ) ;
#2733 = CARTESIAN_POINT ( 'NONE',  ( 46.99714884873045406, 212.9169720311944616, -0.5296784880253745387 ) ) ;
#2734 = ADVANCED_FACE ( 'NONE', ( #3027, #8181 ), #688, .T. ) ;
#2735 = DIRECTION ( 'NONE',  ( 0.000000000000000000, 0.000000000000000000, 1.000000000000000000 ) ) ;
#2736 = VECTOR ( 'NONE', #3563, 1000.000000000000000 ) ;
#2737 = CARTESIAN_POINT ( 'NONE',  ( 26.00954371031357226, 95.69680212022356613, -39.75138694003533857 ) ) ;
#2738 = CARTESIAN_POINT ( 'NONE',  ( -35.04077431780520158, 174.7035535478271413, 31.32513990815232674 ) ) ;
#2739 = VERTEX_POINT ( 'NONE', #9642 ) ;
#2740 = VECTOR ( 'NONE', #2498, 1000.000000000000114 ) ;
#2741 = PLANE ( 'NONE',  #1340 ) ;
#2742 = DIRECTION ( 'NONE',  ( 0.2722802470405741304, 0.000000000000000000, -0.9622179935292852759 ) ) ;
#2743 = CARTESIAN_POINT ( 'NONE',  ( 28.26772415252452220, 71.28898199371606381, -37.49320649782438863 ) ) ;
#2744 = CARTESIAN_POINT ( 'NONE',  ( -33.65753773153343786, 49.45210526212275681, 36.87847621481375882 ) ) ;
#2745 = AXIS2_PLACEMENT_3D ( 'NONE', #1963, #3278, #8519 ) ;
#2746 = CARTESIAN_POINT ( 'NONE',  ( 40.01567615761508989, 134.5090890707682831, 50.49399183426302073 ) ) ;
#2747 = CIRCLE ( 'NONE', #9424, 50.00000000000000000 ) ;
#2748 = CARTESIAN_POINT ( 'NONE',  ( -49.05663547162954075, 89.40149471062305508, 41.45303252024855567 ) ) ;
#2749 = VERTEX_POINT ( 'NONE', #6820 ) ;
#2750 = EDGE_CURVE ( 'NONE', #5092, #496, #3799, .T. ) ;
#2751 = VECTOR ( 'NONE', #1307, 1000.000000000000000 ) ;
#2752 = CARTESIAN_POINT ( 'NONE',  ( 37.57616459432502154, 54.99999999999999289, -32.98532786528269156 ) ) ;
#2753 = DIRECTION ( 'NONE',  ( -0.7071067811865474617, 0.000000000000000000, -0.7071067811865474617 ) ) ;
#2754 = VERTEX_POINT ( 'NONE', #1519 ) ;
#2755 = CARTESIAN_POINT ( 'NONE',  ( -42.41484396826297854, 142.8363999835918037, -26.47683376497577967 ) ) ;
#2756 = DIRECTION ( 'NONE',  ( -1.000000000000000000, 0.000000000000000000, -0.000000000000000000 ) ) ;
#2757 = CARTESIAN_POINT ( 'NONE',  ( -49.88990721864873024, 246.1006604041060370, -3.317120188669325120 ) ) ;
#2758 = FACE_OUTER_BOUND ( 'NONE', #2637, .T. ) ;
#2759 = AXIS2_PLACEMENT_3D ( 'NONE', #8612, #5546, #3465 ) ;
#2760 = CARTESIAN_POINT ( 'NONE',  ( -22.38493649053892298, 264.0000000000000000, -43.77184732581592641 ) ) ;
#2761 = CARTESIAN_POINT ( 'NONE',  ( 31.92684771948880140, 41.21309918220619295, -33.83408293086011298 ) ) ;
#2762 = CARTESIAN_POINT ( 'NONE',  ( -41.59764216673602277, 150.5005888525397495, -48.91202582514209496 ) ) ;
#2763 = DIRECTION ( 'NONE',  ( 0.5000000000000004441, 0.000000000000000000, 0.8660254037844383745 ) ) ;
#2764 = CARTESIAN_POINT ( 'NONE',  ( 32.58376914801012703, 36.58494384897174712, 33.17716150233881223 ) ) ;
#2765 = ORIENTED_EDGE ( 'NONE', *, *, #3073, .F. ) ;
#2766 = ORIENTED_EDGE ( 'NONE', *, *, #6775, .T. ) ;
#2767 = CARTESIAN_POINT ( 'NONE',  ( 40.28617701406468399, 108.7025900201346502, 50.22349097781342664 ) ) ;
#2768 = LINE ( 'NONE', #8642, #6934 ) ;
#2769 = CARTESIAN_POINT ( 'NONE',  ( 31.31356217171363099, 45.71524904810726753, -34.44736847863527629 ) ) ;
#2770 = DIRECTION ( 'NONE',  ( 0.000000000000000000, -1.000000000000000000, 0.000000000000000000 ) ) ;
#2771 = ADVANCED_FACE ( 'NONE', ( #8961 ), #7493, .F. ) ;
#2772 = DIRECTION ( 'NONE',  ( 0.6971651028545647888, 0.000000000000000000, 0.7169106076504824232 ) ) ;
#2773 = CARTESIAN_POINT ( 'NONE',  ( 31.05252923574563084, 168.0308239955162719, -39.18957825874636569 ) ) ;
#2774 = CARTESIAN_POINT ( 'NONE',  ( 44.64448539244335734, 268.0000000000000000, -18.95045973172977583 ) ) ;
#2775 = ORIENTED_EDGE ( 'NONE', *, *, #2292, .T. ) ;
#2776 = CARTESIAN_POINT ( 'NONE',  ( -40.75980735771284458, 145.8271779734263021, -49.74986063416525894 ) ) ;
#2777 = EDGE_CURVE ( 'NONE', #3915, #8272, #8859, .T. ) ;
#2778 = CARTESIAN_POINT ( 'NONE',  ( 108.0000000000000000, 217.4653392061624118, 1.334084237489149727 ) ) ;
#2779 = ORIENTED_EDGE ( 'NONE', *, *, #491, .F. ) ;
#2780 = CARTESIAN_POINT ( 'NONE',  ( 45.57187448734442370, 52.88466077438589963, -44.93779350453366561 ) ) ;
#2781 = CARTESIAN_POINT ( 'NONE',  ( 49.09999999999999432, 200.0000000000000000, -3.135283081318203546 ) ) ;
#2782 = CARTESIAN_POINT ( 'NONE',  ( 49.07535022799124391, 264.0000000000000000, -3.500000000000000000 ) ) ;
#2783 = EDGE_LOOP ( 'NONE', ( #4523, #3541, #8775, #5059, #989, #2074, #6049, #734 ) ) ;
#2784 = CARTESIAN_POINT ( 'NONE',  ( -47.00000000000000000, 245.7159877520656153, 3.467667383507734069 ) ) ;
#2785 = B_SPLINE_CURVE_WITH_KNOTS ( 'NONE', 3,
 ( #5289, #1702, #1597, #8311, #6854 ),
 .UNSPECIFIED., .F., .F.,
 ( 4, 1, 4 ),
 ( 0.02471769912871604399, 0.05370574164729763345, 0.05626039372291158358 ),
 .UNSPECIFIED. ) ;
#2786 = CARTESIAN_POINT ( 'NONE',  ( 46.98886752245416432, 212.2751306088713079, -1.022499668736245537 ) ) ;
#2787 = CARTESIAN_POINT ( 'NONE',  ( 48.00000000000000000, 275.0000000000000000, -3.500000000000000000 ) ) ;
#2788 = CARTESIAN_POINT ( 'NONE',  ( 44.99031566266479132, 52.44175755770031344, -45.51935232921329089 ) ) ;
#2789 = CARTESIAN_POINT ( 'NONE',  ( 28.04587946176237878, 340.0000000000000000, -37.71505118858653560 ) ) ;
#2790 = ORIENTED_EDGE ( 'NONE', *, *, #5489, .T. ) ;
#2791 = CARTESIAN_POINT ( 'NONE',  ( 5.694607616035192278E-15, 30.00000000000000000, 46.50000000000000000 ) ) ;
#2792 = PLANE ( 'NONE',  #698 ) ;
#2793 = APPROVAL ( #7085, 'UNSPECIFIED' ) ;
#2794 = CARTESIAN_POINT ( 'NONE',  ( 28.75104949436350665, 66.80701258836775480, -37.00988115598539707 ) ) ;
#2795 = CARTESIAN_POINT ( 'NONE',  ( 47.00000000000000000, 259.9730972603334749, -2.655267262506161519 ) ) ;
#2796 = CARTESIAN_POINT ( 'NONE',  ( 24.37365805196743551, 126.6764942988443892, 41.38727259838150019 ) ) ;
#2797 = CARTESIAN_POINT ( 'NONE',  ( -41.20721490222918248, 145.7020373835962062, 24.55371574811973545 ) ) ;
#2798 = EDGE_LOOP ( 'NONE', ( #1938, #7874, #4650, #2653 ) ) ;
#2799 = CARTESIAN_POINT ( 'NONE',  ( -45.77674598141886975, 54.62836855260160718, -44.73292201045924088 ) ) ;
#2800 = EDGE_LOOP ( 'NONE', ( #8794, #9501, #2864, #4359 ) ) ;
#2801 = PLANE ( 'NONE',  #4756 ) ;
#2802 = DIRECTION ( 'NONE',  ( -0.8660254037844383745, 0.000000000000000000, 0.5000000000000004441 ) ) ;
#2803 = ORIENTED_EDGE ( 'NONE', *, *, #9137, .F. ) ;
#2804 = DIRECTION ( 'NONE',  ( 0.000000000000000000, -1.000000000000000000, 0.000000000000000000 ) ) ;
#2805 = CARTESIAN_POINT ( 'NONE',  ( -30.94645188787809786, 48.51213425699024384, 34.81447876247082007 ) ) ;
#2806 = CARTESIAN_POINT ( 'NONE',  ( -24.55000000000001847, 264.0000000000000000, -42.52184732581592641 ) ) ;
#2807 = B_SPLINE_CURVE_WITH_KNOTS ( 'NONE', 3,
 ( #7106, #1164, #438, #1674, #3367 ),
 .UNSPECIFIED., .F., .F.,
 ( 4, 1, 4 ),
 ( 0.8684778216905898462, 0.9074622505925599159, 0.9227094376715985202 ),
 .UNSPECIFIED. ) ;
#2808 = EDGE_CURVE ( 'NONE', #6843, #1046, #7252, .T. ) ;
#2809 = DIRECTION ( 'NONE',  ( 0.000000000000000000, -1.000000000000000000, 0.000000000000000000 ) ) ;
#2810 = LINE ( 'NONE', #7952, #6381 ) ;
#2811 = CARTESIAN_POINT ( 'NONE',  ( 48.37354648979130189, 264.0000000000000000, 3.500000000000000000 ) ) ;
#2812 = ORIENTED_EDGE ( 'NONE', *, *, #591, .F. ) ;
#2813 = EDGE_LOOP ( 'NONE', ( #1532, #4642, #8102, #9462 ) ) ;
#2814 = CARTESIAN_POINT ( 'NONE',  ( 28.26772415252453285, 71.28898199371604960, 37.49320649782439574 ) ) ;
#2815 = CARTESIAN_POINT ( 'NONE',  ( -29.29356565747520236, 173.1609393494194080, -36.46736499287372624 ) ) ;
#2816 = PLANE ( 'NONE',  #8486 ) ;
#2817 = CARTESIAN_POINT ( 'NONE',  ( 35.39129624322332290, 52.00000000000002132, -30.70442761880743632 ) ) ;
#2818 = CARTESIAN_POINT ( 'NONE',  ( 0.000000000000000000, 200.0000000000000000, 0.000000000000000000 ) ) ;
#2819 = VECTOR ( 'NONE', #199, 1000.000000000000000 ) ;
#2820 = LINE ( 'NONE', #1992, #9224 ) ;
#2821 = CARTESIAN_POINT ( 'NONE',  ( -32.06220986933507078, 42.79893802536096814, 33.69872078101387558 ) ) ;
#2822 = FACE_OUTER_BOUND ( 'NONE', #8743, .T. ) ;
#2823 = ORIENTED_EDGE ( 'NONE', *, *, #2287, .T. ) ;
#2824 = DIRECTION ( 'NONE',  ( -0.000000000000000000, -1.000000000000000000, -0.000000000000000000 ) ) ;
#2825 = DIRECTION ( 'NONE',  ( 0.000000000000000000, -1.000000000000000000, 0.000000000000000000 ) ) ;
#2826 = CARTESIAN_POINT ( 'NONE',  ( 45.50308202547049063, 39.50000000000000000, -10.50521423785849606 ) ) ;
#2827 = ORIENTED_EDGE ( 'NONE', *, *, #3665, .F. ) ;
#2829 = ADVANCED_FACE ( 'NONE', ( #7403 ), #2300, .F. ) ;
#2828 = CARTESIAN_POINT ( 'NONE',  ( -107.9999999999999858, 191.0383283497592402, 0.4443020421252301122 ) ) ;
#2830 = CARTESIAN_POINT ( 'NONE',  ( 46.98823194100206990, 212.0000000000000000, 1.050000000000000044 ) ) ;
#2831 = DIRECTION ( 'NONE',  ( 0.000000000000000000, 0.000000000000000000, 1.000000000000000000 ) ) ;
#2832 = CARTESIAN_POINT ( 'NONE',  ( 40.92961328274395783, 96.97051065983893636, -49.58005470913413859 ) ) ;
#2833 = CARTESIAN_POINT ( 'NONE',  ( -35.26586455544612875, 174.4941600914323487, 31.07117060072601689 ) ) ;
#2834 = ORIENTED_EDGE ( 'NONE', *, *, #7516, .T. ) ;
#2835 = PLANE ( 'NONE',  #5974 ) ;
#2836 = DIRECTION ( 'NONE',  ( -0.000000000000000000, 1.000000000000000000, -0.000000000000000000 ) ) ;
#2837 = B_SPLINE_SURFACE_WITH_KNOTS ( 'NONE', 3, 1, ( 
 ( #717, #4319 ),
 ( #5184, #2917 ),
 ( #8792, #9578 ),
 ( #5869, #760 ),
 ( #8105, #1445 ),
 ( #620, #8886 ),
 ( #8986, #4505 ),
 ( #663, #7428 ),
 ( #7472, #4363 ),
 ( #6555, #2277 ),
 ( #7290, #5048 ),
 ( #1355, #3688 ),
 ( #8838, #8205 ),
 ( #9525, #3730 ),
 ( #5956, #2869 ),
 ( #8932, #9621 ),
 ( #5237, #1495 ),
 ( #3005, #2139 ),
 ( #2226, #4460 ),
 ( #2179, #5096 ),
 ( #6648, #807 ),
 ( #2958, #8061 ),
 ( #8155, #1401 ),
 ( #3777, #5140 ),
 ( #1544, #7331 ),
 ( #5913, #6742 ),
 ( #3636, #25 ),
 ( #6693, #73 ),
 ( #3057, #6010 ),
 ( #2522, #1739 ),
 ( #3298, #905 ),
 ( #6796, #4607 ),
 ( #7575, #8254 ),
 ( #270, #125 ),
 ( #3253, #4700 ),
 ( #217, #3880 ),
 ( #1693, #4752 ),
 ( #2376, #1589 ),
 ( #8303, #959 ),
 ( #6990, #1642 ),
 ( #315, #858 ),
 ( #7622, #6893 ),
 ( #6846, #170 ),
 ( #4553, #8352 ),
 ( #6945, #4025 ),
 ( #3205, #3107 ),
 ( #6252, #9175 ),
 ( #2325, #7521 ),
 ( #3925, #3153 ),
 ( #3833, #6160 ),
 ( #9129, #2477 ),
 ( #7664, #2429 ),
 ( #6101, #8442 ),
 ( #5282, #9032 ),
 ( #6053, #5325 ),
 ( #9077, #5381 ),
 ( #6205, #4653 ) ),
 .UNSPECIFIED., .F., .F., .F.,
 ( 4, 1, 1, 1, 1, 1, 1, 1, 1, 1, 1, 1, 1, 1, 1, 1, 1, 1, 1, 1, 1, 1, 1, 1, 1, 1, 1, 1, 1, 1, 1, 1, 1, 1, 1, 1, 1, 1, 1, 1, 1, 1, 1, 1, 1, 1, 1, 1, 1, 1, 1, 1, 1, 1, 4 ),
 ( 2, 2 ),
 ( 0.000000000000000000, 0.006185920264467840990, 0.006201962899188698426, 0.02441097605636065315, 0.02448136905349916972, 0.05370574164729763345, 0.05388345649501025819, 0.09253774940744020905, 0.09289034474279105058, 0.1389060332195526937, 0.1395093084148930351, 0.1904437008900517758, 0.1913742588137488654, 0.2445345556009105303, 0.2458629933516659483, 0.2984579075547035831, 0.3002380933255869855, 0.3495648249652614226, 0.3518114771965040188, 0.3954646363279900600, 0.3981158618259910686, 0.4341890767744074897, 0.4370593218643058497, 0.4643545367854607919, 0.4670784500627876423, 0.4855543320873984547, 0.4874746266155715047, 0.5000000000000001110, 0.5125253733844284953, 0.5144456679126017118, 0.5329215499372124132, 0.5356454632145394301, 0.5629406781356941503, 0.5658109232255926768, 0.6018841381740089869, 0.6045353636720101065, 0.6481885228034960367, 0.6504351750347387995, 0.6997619066744130700, 0.7015420924452966389, 0.7541370066483340517, 0.7554654443990895807, 0.8086257411862511901, 0.8095562991099484185, 0.8604906915851070481, 0.8610939667804474729, 0.9071096552572089911, 0.9074622505925599159, 0.9461165435049897487, 0.9462942583527024221, 0.9755186309465009309, 0.9755890239436393330, 0.9937980371008113822, 0.9938140797355320410, 1.000000000000000000 ),
 ( 0.000000000000000000, 1.000000000000000000 ),
 .UNSPECIFIED. ) ;
#2838 = EDGE_CURVE ( 'NONE', #2672, #3696, #6770, .T. ) ;
#2839 = CARTESIAN_POINT ( 'NONE',  ( 108.0000000000000000, 220.7712470389694488, -0.8099658592145445590 ) ) ;
#2840 = CARTESIAN_POINT ( 'NONE',  ( 25.51359495171288216, 157.6066838202881399, 40.24733569863605709 ) ) ;
#2841 = CARTESIAN_POINT ( 'NONE',  ( 0.000000000000000000, 263.0000000000000000, 0.000000000000000000 ) ) ;
#2842 = ORIENTED_EDGE ( 'NONE', *, *, #9280, .T. ) ;
#2843 = EDGE_CURVE ( 'NONE', #8980, #8502, #2980, .T. ) ;
#2844 = CARTESIAN_POINT ( 'NONE',  ( -40.15053420550685104, 101.0166046022987985, -25.61039644484208111 ) ) ;
#2845 = ORIENTED_EDGE ( 'NONE', *, *, #4801, .F. ) ;
#2846 = CARTESIAN_POINT ( 'NONE',  ( -40.14265841673479684, 164.5601747625663904, -29.80966340996208785 ) ) ;
#2847 = DIRECTION ( 'NONE',  ( -0.7071067811865472397, -0.000000000000000000, 0.7071067811865479058 ) ) ;
#2848 = CARTESIAN_POINT ( 'NONE',  ( -49.95835313927612020, 262.2228966497272609, -2.040578463139699927 ) ) ;
#2849 = CARTESIAN_POINT ( 'NONE',  ( 108.0000000000000000, 188.1420704083295448, -0.1644803745078677881 ) ) ;
#2850 = CARTESIAN_POINT ( 'NONE',  ( -32.58376914801011281, 36.58494384897175422, 33.17716150233880512 ) ) ;
#2851 = DIRECTION ( 'NONE',  ( 0.5000000000000003331, 0.000000000000000000, 0.8660254037844383745 ) ) ;
#2852 = CARTESIAN_POINT ( 'NONE',  ( 34.84691904152296615, 48.76015655922637393, -30.91401160882593402 ) ) ;
#2853 = CARTESIAN_POINT ( 'NONE',  ( 37.33082606141897486, 69.78879341568604389, 28.43010458892995729 ) ) ;
#2854 = DIRECTION ( 'NONE',  ( 0.000000000000000000, 0.000000000000000000, 1.000000000000000000 ) ) ;
#2855 = ORIENTED_EDGE ( 'NONE', *, *, #580, .F. ) ;
#2856 = CARTESIAN_POINT ( 'NONE',  ( 45.25483399593905176, 158.6226686892998146, 45.25483399593905176 ) ) ;
#2857 = CARTESIAN_POINT ( 'NONE',  ( -40.92961328274396493, 96.97051065983893636, -49.58005470913414570 ) ) ;
#2858 = DIRECTION ( 'NONE',  ( 0.000000000000000000, 1.000000000000000000, 0.000000000000000000 ) ) ;
#2859 = LINE ( 'NONE', #8052, #861 ) ;
#2860 = CARTESIAN_POINT ( 'NONE',  ( 35.77960312803929810, 94.50000000000000000, -29.98132752230962694 ) ) ;
#2861 = CARTESIAN_POINT ( 'NONE',  ( -30.35687700220129770, 173.7877746191153108, -35.88229713838149593 ) ) ;
#2862 = CARTESIAN_POINT ( 'NONE',  ( -45.04270196158309147, 52.00000000000000000, -45.46696603029501915 ) ) ;
#2863 = CARTESIAN_POINT ( 'NONE',  ( 0.000000000000000000, 275.0000000000000000, 0.000000000000000000 ) ) ;
#2864 = ORIENTED_EDGE ( 'NONE', *, *, #3019, .T. ) ;
#2865 = VERTEX_POINT ( 'NONE', #739 ) ;
#2866 = VECTOR ( 'NONE', #9620, 1000.000000000000000 ) ;
#2867 = CARTESIAN_POINT ( 'NONE',  ( -31.92684771948879785, 41.21309918220622848, 33.83408293086011298 ) ) ;
#2868 = CARTESIAN_POINT ( 'NONE',  ( 36.76708621075904659, 64.61538329764245248, -28.99384443958987134 ) ) ;
#2869 = CARTESIAN_POINT ( 'NONE',  ( 49.82615309694461558, 100.9687423887486943, 40.68351489493350215 ) ) ;
#2870 = ORIENTED_EDGE ( 'NONE', *, *, #1262, .F. ) ;
#2871 = CARTESIAN_POINT ( 'NONE',  ( -108.0000000000000000, 190.3598493564053058, 0.3817261621686084960 ) ) ;
#2872 = LINE ( 'NONE', #8889, #5655 ) ;
#2873 = CARTESIAN_POINT ( 'NONE',  ( -33.09259735953043702, 35.99999999999999289, -32.66833329081850223 ) ) ;
#2874 = CARTESIAN_POINT ( 'NONE',  ( -28.18405024541376136, 170.0262037789077283, 37.61230384976516206 ) ) ;
#2875 = ORIENTED_EDGE ( 'NONE', *, *, #1273, .T. ) ;
#2876 = AXIS2_PLACEMENT_3D ( 'NONE', #2448, #2591, #4770 ) ;
#2877 = LINE ( 'NONE', #1411, #3650 ) ;
#2878 = CARTESIAN_POINT ( 'NONE',  ( 32.16823240588158228, 39.48056780803436538, -33.59269824446733566 ) ) ;
#2879 = CARTESIAN_POINT ( 'NONE',  ( 107.9999999999999858, 219.7421362064133916, 0.9965551934078538121 ) ) ;
#2880 = EDGE_CURVE ( 'NONE', #379, #8223, #3661, .T. ) ;
#2881 = CARTESIAN_POINT ( 'NONE',  ( 35.25557465562761195, 52.00000000000000000, 30.50535599403128373 ) ) ;
#2882 = AXIS2_PLACEMENT_3D ( 'NONE', #7444, #143, #8275 ) ;
#2883 = CARTESIAN_POINT ( 'NONE',  ( -25.71506350946109265, 39.50000000000000000, 39.53979651824707275 ) ) ;
#2884 = AXIS2_PLACEMENT_3D ( 'NONE', #7282, #3724, #4498 ) ;
#2885 = ORIENTED_EDGE ( 'NONE', *, *, #1402, .T. ) ;
#2886 = ORIENTED_EDGE ( 'NONE', *, *, #7881, .F. ) ;
#2887 = CARTESIAN_POINT ( 'NONE',  ( -49.58005470913414570, 96.97051065983893636, -40.92961328274397204 ) ) ;
#2888 = PLANE ( 'NONE',  #8937 ) ;
#2889 = ORIENTED_EDGE ( 'NONE', *, *, #3073, .T. ) ;
#2890 = VECTOR ( 'NONE', #3468, 1000.000000000000114 ) ;
#2891 = CARTESIAN_POINT ( 'NONE',  ( -14.38468787235863644, 268.0000000000000000, 47.05019399338136310 ) ) ;
#2892 = CARTESIAN_POINT ( 'NONE',  ( -43.97682058470661559, 61.44371818057052792, 46.53284740717148082 ) ) ;
#2893 = AXIS2_PLACEMENT_3D ( 'NONE', #3504, #1209, #9483 ) ;
#2894 = CARTESIAN_POINT ( 'NONE',  ( 28.75104949436350665, 66.80701258836775480, -37.00988115598539707 ) ) ;
#2895 = AXIS2_PLACEMENT_3D ( 'NONE', #4086, #7149, #5006 ) ;
#2896 = CARTESIAN_POINT ( 'NONE',  ( 31.68079750502943881, 43.01938834714778181, -34.08013314531949334 ) ) ;
#2897 = CARTESIAN_POINT ( 'NONE',  ( -24.37365805196742130, 126.6764942988443892, 41.38727259838148598 ) ) ;
#2898 = CARTESIAN_POINT ( 'NONE',  ( -31.31356217171365230, 45.71524904810724621, -34.44736847863528340 ) ) ;
#2899 = CARTESIAN_POINT ( 'NONE',  ( 37.49320649782439574, 71.28898199371604960, 28.26772415252454351 ) ) ;
#2900 = EDGE_LOOP ( 'NONE', ( #1846, #1114, #8673, #8035 ) ) ;
#2901 = CIRCLE ( 'NONE', #4448, 49.20000000000000284 ) ;
#2902 = LINE ( 'NONE', #6725, #4209 ) ;
#2903 = CARTESIAN_POINT ( 'NONE',  ( -28.26772415252453996, 71.28898199371604960, -37.49320649782439574 ) ) ;
#2904 = CARTESIAN_POINT ( 'NONE',  ( 41.00000000000000000, 275.0000000000000000, -18.00000000000000000 ) ) ;
#2905 = CARTESIAN_POINT ( 'NONE',  ( -40.86045618393048784, 90.27506426511754967, 28.82478188321240964 ) ) ;
#2906 = CC_DESIGN_PERSON_AND_ORGANIZATION_ASSIGNMENT ( #9277, #9174, ( #8769 ) ) ;
#2907 = DIRECTION ( 'NONE',  ( -0.000000000000000000, -1.000000000000000000, -0.000000000000000000 ) ) ;
#2908 = EDGE_CURVE ( 'NONE', #4042, #4320, #6667, .T. ) ;
#2909 = CARTESIAN_POINT ( 'NONE',  ( 41.14849579182903483, 93.39148535881982127, -49.36117220004905448 ) ) ;
#2910 = CARTESIAN_POINT ( 'NONE',  ( 45.25483399593903755, 158.6226686892998146, -45.25483399593904466 ) ) ;
#2911 = DIRECTION ( 'NONE',  ( 0.000000000000000000, 1.000000000000000000, 0.000000000000000000 ) ) ;
#2912 = B_SPLINE_SURFACE_WITH_KNOTS ( 'NONE', 3, 1, ( 
 ( #5523, #1838 ),
 ( #8590, #4798 ),
 ( #1243, #6307 ),
 ( #4993, #4214 ),
 ( #7957, #7182 ),
 ( #3490, #4845 ),
 ( #7810, #1931 ),
 ( #1291, #9278 ),
 ( #3543, #7764 ),
 ( #4259, #4893 ),
 ( #1100, #7863 ),
 ( #7231, #4070 ),
 ( #363, #563 ),
 ( #2619, #5571 ),
 ( #1143, #4119 ),
 ( #7086, #464 ),
 ( #419, #3397 ),
 ( #6353, #1342 ),
 ( #4397, #8918 ),
 ( #8004, #1481 ),
 ( #8736, #4308 ),
 ( #13, #652 ),
 ( #5901, #4450 ),
 ( #5084, #5224 ),
 ( #1433, #5807 ),
 ( #8194, #8872 ),
 ( #7416, #607 ),
 ( #1531, #3674 ),
 ( #2993, #8050 ),
 ( #2077, #9563 ),
 ( #2815, #8778 ),
 ( #2213, #5944 ),
 ( #2947, #3582 ),
 ( #750, #4492 ),
 ( #2168, #7361 ),
 ( #6545, #5173 ),
 ( #6500, #5034 ),
 ( #8140, #3720 ),
 ( #2127, #7277 ),
 ( #6679, #703 ),
 ( #2264, #7459 ),
 ( #3624, #794 ),
 ( #5759, #9472 ),
 ( #9513, #2857 ),
 ( #1387, #4348 ),
 ( #7319, #6587 ),
 ( #2903, #5858 ),
 ( #8825, #6637 ),
 ( #5126, #8091 ),
 ( #9611, #57 ),
 ( #3190, #113 ),
 ( #3241, #204 ),
 ( #3093, #7653 ),
 ( #8430, #9064 ),
 ( #8972, #6041 ),
 ( #3914, #5997 ),
 ( #2313, #8381 ) ),
 .UNSPECIFIED., .F., .F., .F.,
 ( 4, 1, 1, 1, 1, 1, 1, 1, 1, 1, 1, 1, 1, 1, 1, 1, 1, 1, 1, 1, 1, 1, 1, 1, 1, 1, 1, 1, 1, 1, 1, 1, 1, 1, 1, 1, 1, 1, 1, 1, 1, 1, 1, 1, 1, 1, 1, 1, 1, 1, 1, 1, 1, 1, 4 ),
 ( 2, 2 ),
 ( 0.000000000000000000, 0.006185920264467958951, 0.006201962899188617762, 0.02441097605636066703, 0.02448136905349906911, 0.05370574164729757793, 0.05388345649501025125, 0.09253774940744008415, 0.09289034474279100895, 0.1389060332195525271, 0.1395093084148929519, 0.1904437008900515815, 0.1913742588137488099, 0.2445345556009104193, 0.2458629933516659483, 0.2984579075547033611, 0.3002380933255869300, 0.3495648249652612005, 0.3518114771965039633, 0.3954646363279898935, 0.3981158618259910131, 0.4341890767744073232, 0.4370593218643058497, 0.4643545367854605699, 0.4670784500627875868, 0.4855543320873982882, 0.4874746266155715047, 0.4999999999999998890, 0.5125253733844284953, 0.5144456679126014897, 0.5329215499372124132, 0.5356454632145392081, 0.5629406781356941503, 0.5658109232255925658, 0.6018841381740089869, 0.6045353636720098844, 0.6481885228034960367, 0.6504351750347385774, 0.6997619066744129590, 0.7015420924452964169, 0.7541370066483340517, 0.7554654443990894697, 0.8086257411862511901, 0.8095562991099481964, 0.8604906915851069371, 0.8610939667804473618, 0.9071096552572089911, 0.9074622505925598048, 0.9461165435049897487, 0.9462942583527023110, 0.9755186309465008199, 0.9755890239436393330, 0.9937980371008112712, 0.9938140797355321521, 1.000000000000000000 ),
 ( 0.000000000000000000, 1.000000000000000000 ),
 .UNSPECIFIED. ) ;
#2913 = VERTEX_POINT ( 'NONE', #5302 ) ;
#2914 = ORIENTED_EDGE ( 'NONE', *, *, #2674, .T. ) ;
#2915 = CARTESIAN_POINT ( 'NONE',  ( -44.73292201045923377, 54.62836855260158586, 45.77674598141885554 ) ) ;
#2916 = CARTESIAN_POINT ( 'NONE',  ( -46.98823194100206990, 212.0000000000000000, -1.050000000000000044 ) ) ;
#2917 = CARTESIAN_POINT ( 'NONE',  ( 45.51935232921329799, 52.44175755770029923, 44.99031566266481263 ) ) ;
#2918 = CARTESIAN_POINT ( 'NONE',  ( -108.0000000000000000, 214.5964125124564816, -1.494343917309273406 ) ) ;
#2919 = CARTESIAN_POINT ( 'NONE',  ( 43.35577859760994812, 35.50000000000000000, -18.40343615184479376 ) ) ;
#2920 = CARTESIAN_POINT ( 'NONE',  ( -37.25277915899236092, 171.2031378497270566, -28.50815149135657478 ) ) ;
#2921 = CARTESIAN_POINT ( 'NONE',  ( 31.68079750501921765, 43.01938834715467408, 34.08013314532970384 ) ) ;
#2922 = DIRECTION ( 'NONE',  ( 0.000000000000000000, 1.000000000000000000, 0.000000000000000000 ) ) ;
#2923 = EDGE_LOOP ( 'NONE', ( #3164, #6738, #5866, #1681, #5279, #1984, #1085, #2346, #7307, #1106, #5576, #97, #8133 ) ) ;
#2924 = LINE ( 'NONE', #9492, #1476 ) ;
#2925 = CARTESIAN_POINT ( 'NONE',  ( 30.12822377908831584, 54.97802726448587407, -35.63270687126060210 ) ) ;
#2926 = CARTESIAN_POINT ( 'NONE',  ( 107.9999999999999858, 200.0436515574731118, -1.136500775115126149 ) ) ;
#2927 = CARTESIAN_POINT ( 'NONE',  ( 47.21198853989326238, 268.0000000000000000, -11.94646969229768452 ) ) ;
#2928 = CARTESIAN_POINT ( 'NONE',  ( 49.98540131473456682, 266.0036018151652115, 1.232609278104570549 ) ) ;
#2929 = EDGE_LOOP ( 'NONE', ( #6490, #4115, #8029, #4541, #6952, #7121, #5272, #289 ) ) ;
#2930 = EDGE_LOOP ( 'NONE', ( #8152, #5195, #1772, #4395, #5876, #8834, #4234, #8955 ) ) ;
#2931 = CARTESIAN_POINT ( 'NONE',  ( -42.36324379412032926, 153.8348667856812142, -48.14642419775778848 ) ) ;
#2932 = EDGE_CURVE ( 'NONE', #4712, #9184, #8277, .T. ) ;
#2933 = DIRECTION ( 'NONE',  ( -0.8660254037844384856, 0.000000000000000000, 0.5000000000000004441 ) ) ;
#2934 = ORIENTED_EDGE ( 'NONE', *, *, #6825, .F. ) ;
#2935 = DIRECTION ( 'NONE',  ( 0.000000000000000000, 1.000000000000000000, -0.000000000000000000 ) ) ;
#2936 = CARTESIAN_POINT ( 'NONE',  ( -44.58347426246772471, 55.93620152028918824, 45.92619372941037170 ) ) ;
#2937 = EDGE_CURVE ( 'NONE', #2913, #825, #4655, .T. ) ;
#2938 = CARTESIAN_POINT ( 'NONE',  ( 25.51359495171286440, 157.6066838202881399, -40.24733569863604998 ) ) ;
#2939 = DIRECTION ( 'NONE',  ( 0.000000000000000000, 1.000000000000000000, 0.000000000000000000 ) ) ;
#2940 = PLANE ( 'NONE',  #5052 ) ;
#2941 = CARTESIAN_POINT ( 'NONE',  ( 38.25277611542087186, 170.1142467439746611, 32.19888822754870716 ) ) ;
#2942 = CARTESIAN_POINT ( 'NONE',  ( -26.53717206652075689, 163.8347417721553256, 39.22375858382815750 ) ) ;
#2943 = CARTESIAN_POINT ( 'NONE',  ( -26.85867340158342387, 85.63114929373706730, -38.90225724876551539 ) ) ;
#2944 = CARTESIAN_POINT ( 'NONE',  ( 50.22349097781342664, 108.7025900201346644, 40.28617701406468399 ) ) ;
#2945 = ORIENTED_EDGE ( 'NONE', *, *, #308, .T. ) ;
#2946 = PLANE ( 'NONE',  #8861 ) ;
#2947 = CARTESIAN_POINT ( 'NONE',  ( -27.19834591289386694, 166.8763353538257945, -38.56258473745506166 ) ) ;
#2948 = CARTESIAN_POINT ( 'NONE',  ( 49.31902728797150814, 148.1781441586251447, -41.19064070390658827 ) ) ;
#2949 = DIRECTION ( 'NONE',  ( -0.7071067811865475727, 0.000000000000000000, -0.7071067811865475727 ) ) ;
#2950 = EDGE_CURVE ( 'NONE', #748, #3911, #5889, .T. ) ;
#2951 = CARTESIAN_POINT ( 'NONE',  ( -48.18764232538013204, 78.60787726850114154, -42.32202566649797859 ) ) ;
#2952 = CARTESIAN_POINT ( 'NONE',  ( -37.50420821734639532, 170.3776853043403037, -28.32786105134656651 ) ) ;
#2953 = CARTESIAN_POINT ( 'NONE',  ( 43.97682058470661559, 61.44371818057052792, -46.53284740717148082 ) ) ;
#2954 = FACE_BOUND ( 'NONE', #1364, .T. ) ;
#2955 = ORIENTED_EDGE ( 'NONE', *, *, #9144, .F. ) ;
#2956 = CARTESIAN_POINT ( 'NONE',  ( -31.08035469695841968, 175.3233815820528605, 34.68057595339050891 ) ) ;
#2957 = LINE ( 'NONE', #7621, #4883 ) ;
#2958 = CARTESIAN_POINT ( 'NONE',  ( 40.65331820325020118, 153.6225640485287727, 25.10761244709872742 ) ) ;
#2959 = EDGE_CURVE ( 'NONE', #6350, #3295, #3132, .T. ) ;
#2960 = CARTESIAN_POINT ( 'NONE',  ( 50.58970023380037162, 130.9941881811295445, 39.91996775807773901 ) ) ;
#2961 = CARTESIAN_POINT ( 'NONE',  ( -108.0000000000000000, 213.4833387586855622, -1.528005135380340107 ) ) ;
#2962 = AXIS2_PLACEMENT_3D ( 'NONE', #381, #8364, #4714 ) ;
#2963 = DIRECTION ( 'NONE',  ( -0.8660254037844387076, 0.000000000000000000, -0.4999999999999997224 ) ) ;
#2964 = EDGE_CURVE ( 'NONE', #470, #1417, #4679, .T. ) ;
#2965 = CARTESIAN_POINT ( 'NONE',  ( -42.78460399787553570, 155.3921848145515412, -47.72506399400257493 ) ) ;
#2966 = LINE ( 'NONE', #3737, #3032 ) ;
#2967 = DIRECTION ( 'NONE',  ( 0.7986355100472930513, 0.000000000000000000, 0.6018150231520479343 ) ) ;
#2968 = CARTESIAN_POINT ( 'NONE',  ( 0.000000000000000000, 264.0000000000000000, 0.000000000000000000 ) ) ;
#2969 = VECTOR ( 'NONE', #1530, 1000.000000000000000 ) ;
#2970 = ORIENTED_EDGE ( 'NONE', *, *, #7578, .F. ) ;
#2971 = CARTESIAN_POINT ( 'NONE',  ( -27.19834591289385628, 166.8763353538257945, 38.56258473745505455 ) ) ;
#2972 = CARTESIAN_POINT ( 'NONE',  ( 26.53717206652076399, 163.8347417721553541, -39.22375858382815039 ) ) ;
#2973 = CARTESIAN_POINT ( 'NONE',  ( 0.000000000000000000, 30.00000000000000000, 0.000000000000000000 ) ) ;
#2974 = CARTESIAN_POINT ( 'NONE',  ( 49.88583636945003263, 243.8691548153215933, 3.377136828497912191 ) ) ;
#2975 = ORIENTED_EDGE ( 'NONE', *, *, #2377, .T. ) ;
#2976 = ORIENTED_EDGE ( 'NONE', *, *, #7631, .F. ) ;
#2977 = CARTESIAN_POINT ( 'NONE',  ( -40.79466709084002218, 111.3121957717727071, -24.96626355950891352 ) ) ;
#2978 = DIRECTION ( 'NONE',  ( -0.7313537016191701268, 0.000000000000000000, 0.6819983600624988096 ) ) ;
#2979 = CARTESIAN_POINT ( 'NONE',  ( -49.99491467347685614, 267.0058188295359400, -0.7324535730286386714 ) ) ;
#2980 = LINE ( 'NONE', #5210, #569 ) ;
#2981 = DIRECTION ( 'NONE',  ( 0.000000000000000000, 0.000000000000000000, -1.000000000000000000 ) ) ;
#2982 = CARTESIAN_POINT ( 'NONE',  ( 26.53717206652076399, 163.8347417721553541, -39.22375858382815039 ) ) ;
#2983 = B_SPLINE_SURFACE_WITH_KNOTS ( 'NONE', 3, 1, ( 
 ( #3620, #8 ),
 ( #5080, #2987 ),
 ( #2163, #8913 ),
 ( #789, #3715 ),
 ( #5896, #6632 ),
 ( #108, #6583 ),
 ( #9606, #8866 ),
 ( #2208, #7411 ),
 ( #2258, #6674 ),
 ( #1526, #7501 ),
 ( #8086, #4487 ),
 ( #6721, #5218 ),
 ( #3226, #7454 ),
 ( #9147, #5266 ),
 ( #9556, #8234 ),
 ( #1428, #52 ),
 ( #3037, #5991 ),
 ( #2897, #697 ),
 ( #8967, #5853 ),
 ( #1571, #8820 ),
 ( #4535, #4444 ),
 ( #5168, #8135 ),
 ( #3668, #1382 ),
 ( #2942, #1475 ),
 ( #745, #838 ),
 ( #8046, #6371 ),
 ( #4918, #439 ),
 ( #1905, #6327 ),
 ( #7830, #1119 ),
 ( #4188, #4091 ),
 ( #7153, #2687 ),
 ( #9298, #9194 ),
 ( #6419, #1956 ),
 ( #7739, #4863 ),
 ( #7885, #1216 ),
 ( #5446, #3416 ),
 ( #1165, #3315 ),
 ( #1027, #2493 ),
 ( #2593, #6273 ),
 ( #7107, #3463 ),
 ( #288, #7052 ),
 ( #483, #4145 ),
 ( #388, #9346 ),
 ( #2542, #5633 ),
 ( #8463, #8563 ),
 ( #8414, #1855 ),
 ( #9245, #5492 ),
 ( #8610, #4718 ),
 ( #1757, #7687 ),
 ( #3997, #4818 ),
 ( #6963, #3272 ),
 ( #6225, #1073 ),
 ( #1810, #4771 ),
 ( #4041, #7009 ),
 ( #5544, #3369 ),
 ( #334, #8514 ),
 ( #7784, #2636 ) ),
 .UNSPECIFIED., .F., .F., .F.,
 ( 4, 1, 1, 1, 1, 1, 1, 1, 1, 1, 1, 1, 1, 1, 1, 1, 1, 1, 1, 1, 1, 1, 1, 1, 1, 1, 1, 1, 1, 1, 1, 1, 1, 1, 1, 1, 1, 1, 1, 1, 1, 1, 1, 1, 1, 1, 1, 1, 1, 1, 1, 1, 1, 1, 4 ),
 ( 2, 2 ),
 ( 0.000000000000000000, 0.006185920264467840990, 0.006201962899188698426, 0.02441097605636065315, 0.02448136905349916972, 0.05370574164729763345, 0.05388345649501025819, 0.09253774940744020905, 0.09289034474279105058, 0.1389060332195526937, 0.1395093084148930351, 0.1904437008900517758, 0.1913742588137488654, 0.2445345556009105303, 0.2458629933516659483, 0.2984579075547035831, 0.3002380933255869855, 0.3495648249652614226, 0.3518114771965040188, 0.3954646363279900600, 0.3981158618259910686, 0.4341890767744074897, 0.4370593218643058497, 0.4643545367854607919, 0.4670784500627876423, 0.4855543320873984547, 0.4874746266155715047, 0.5000000000000001110, 0.5125253733844284953, 0.5144456679126017118, 0.5329215499372124132, 0.5356454632145394301, 0.5629406781356941503, 0.5658109232255926768, 0.6018841381740089869, 0.6045353636720101065, 0.6481885228034960367, 0.6504351750347387995, 0.6997619066744130700, 0.7015420924452966389, 0.7541370066483340517, 0.7554654443990895807, 0.8086257411862511901, 0.8095562991099484185, 0.8604906915851070481, 0.8610939667804474729, 0.9071096552572089911, 0.9074622505925599159, 0.9461165435049897487, 0.9462942583527024221, 0.9755186309465009309, 0.9755890239436393330, 0.9937980371008113822, 0.9938140797355320410, 1.000000000000000000 ),
 ( 0.000000000000000000, 1.000000000000000000 ),
 .UNSPECIFIED. ) ;
#2984 = CARTESIAN_POINT ( 'NONE',  ( 35.88229713840851787, 173.7877746190795847, -30.35687700216934815 ) ) ;
#2985 = CARTESIAN_POINT ( 'NONE',  ( -46.99716202619870842, 211.0823562961279833, -0.5286045823416880562 ) ) ;
#2986 = CARTESIAN_POINT ( 'NONE',  ( 42.48347992596010414, 140.3216086453155924, 26.36587291666729271 ) ) ;
#2987 = CARTESIAN_POINT ( 'NONE',  ( -44.99031566266479842, 52.44175755770029923, 45.51935232921329799 ) ) ;
#2988 = EDGE_CURVE ( 'NONE', #7042, #6913, #4630, .T. ) ;
#2989 = CARTESIAN_POINT ( 'NONE',  ( -44.58347426246773182, 55.93620152028918113, -45.92619372941037170 ) ) ;
#2990 = CARTESIAN_POINT ( 'NONE',  ( 35.25557465562761195, 52.00000000000000000, 30.50535599403128373 ) ) ;
#2991 = VERTEX_POINT ( 'NONE', #7014 ) ;
#2992 = CARTESIAN_POINT ( 'NONE',  ( 29.33832402439916720, 63.16230588991547990, 36.72941530738226845 ) ) ;
#2993 = CARTESIAN_POINT ( 'NONE',  ( -32.88046532517444831, 176.5866740378391455, -32.88046532517448384 ) ) ;
#2994 = CARTESIAN_POINT ( 'NONE',  ( 36.08140240266996557, 58.70654625247944125, -29.67952824767894526 ) ) ;
#2995 = FACE_OUTER_BOUND ( 'NONE', #1322, .T. ) ;
#2996 = CARTESIAN_POINT ( 'NONE',  ( -38.43390449649707108, 80.61020279584469961, -27.32702615385186462 ) ) ;
#2997 = EDGE_CURVE ( 'NONE', #3590, #6932, #982, .T. ) ;
#2998 = LINE ( 'NONE', #18, #6269 ) ;
#2999 = CARTESIAN_POINT ( 'NONE',  ( 39.22375858382815039, 163.8347417721553256, -26.53717206652076044 ) ) ;
#3000 = CARTESIAN_POINT ( 'NONE',  ( 47.10000000000000142, 35.50000000000000000, 2.500000000000000000 ) ) ;
#3001 = EDGE_CURVE ( 'NONE', #5082, #6007, #5350, .T. ) ;
#3002 = EDGE_LOOP ( 'NONE', ( #8538, #1678, #7661, #5180 ) ) ;
#3003 = ORIENTED_EDGE ( 'NONE', *, *, #9420, .T. ) ;
#3004 = CARTESIAN_POINT ( 'NONE',  ( -39.22375858382815039, 163.8347417721553541, 26.53717206652077110 ) ) ;
#3005 = CARTESIAN_POINT ( 'NONE',  ( 41.38727259838149308, 126.6764942988443892, 24.37365805196743551 ) ) ;
#3006 = CARTESIAN_POINT ( 'NONE',  ( 29.29356565747520946, 173.1609393494194364, 36.46736499287372624 ) ) ;
#3007 = DIRECTION ( 'NONE',  ( -0.000000000000000000, -1.000000000000000000, -0.000000000000000000 ) ) ;
#3008 = CARTESIAN_POINT ( 'NONE',  ( -28.04587946176250313, 340.0000000000000000, -37.71505118858642902 ) ) ;
#3009 = CARTESIAN_POINT ( 'NONE',  ( -24.55371574811973900, 145.7020373835961777, -41.20721490222919670 ) ) ;
#3010 = CARTESIAN_POINT ( 'NONE',  ( 48.76789381400745782, 85.62404022679615423, 41.74177417787063860 ) ) ;
#3011 = CARTESIAN_POINT ( 'NONE',  ( 32.49898569560905059, 37.17140469785621093, -33.26194495473986734 ) ) ;
#3012 = DIRECTION ( 'NONE',  ( 0.000000000000000000, 1.000000000000000000, 0.000000000000000000 ) ) ;
#3013 = CARTESIAN_POINT ( 'NONE',  ( -38.43390449649707108, 80.61020279584469961, -27.32702615385186462 ) ) ;
#3014 = ORIENTED_EDGE ( 'NONE', *, *, #1624, .T. ) ;
#3015 = CARTESIAN_POINT ( 'NONE',  ( -25.10761244709871676, 153.6225640485287727, 40.65331820325018697 ) ) ;
#3016 = CARTESIAN_POINT ( 'NONE',  ( 37.00988115598539707, 66.80701258836774059, -28.75104949436352086 ) ) ;
#3017 = VECTOR ( 'NONE', #9060, 1000.000000000000000 ) ;
#3018 = B_SPLINE_CURVE_WITH_KNOTS ( 'NONE', 3,
 ( #3618, #9555, #5893, #7271, #2896 ),
 .UNSPECIFIED., .F., .F.,
 ( 4, 1, 4 ),
 ( 0.9437396062487697357, 0.9462942583527024221, 0.9752823015947720275 ),
 .UNSPECIFIED. ) ;
#3019 = EDGE_CURVE ( 'NONE', #1492, #9275, #8328, .T. ) ;
#3020 = CARTESIAN_POINT ( 'NONE',  ( 26.85867340158342387, 85.63114929373708151, 38.90225724876550828 ) ) ;
#3021 = CARTESIAN_POINT ( 'NONE',  ( 49.95835313927079824, 262.2228966485992601, 2.040578463269816289 ) ) ;
#3022 = ORIENTED_EDGE ( 'NONE', *, *, #7995, .F. ) ;
#3023 = ORIENTED_EDGE ( 'NONE', *, *, #5821, .F. ) ;
#3024 = CARTESIAN_POINT ( 'NONE',  ( -49.93783009309771614, 143.4569695494772361, -40.57183789878039448 ) ) ;
#3025 = DIRECTION ( 'NONE',  ( 0.7071067811865472397, 0.000000000000000000, -0.7071067811865479058 ) ) ;
#3026 = DIRECTION ( 'NONE',  ( -0.4171676603306507247, 0.9088295457203462435, 0.000000000000000000 ) ) ;
#3027 = FACE_OUTER_BOUND ( 'NONE', #6748, .T. ) ;
#3028 = CARTESIAN_POINT ( 'NONE',  ( -40.15053420550684393, 101.0166046022987985, 25.61039644484207400 ) ) ;
#3029 = CIRCLE ( 'NONE', #63, 50.00000000000000000 ) ;
#3030 = AXIS2_PLACEMENT_3D ( 'NONE', #3807, #4090, #5264 ) ;
#3031 = CARTESIAN_POINT ( 'NONE',  ( 50.38968031787177893, 112.7299032302373263, -40.11998767400631749 ) ) ;
#3032 = VECTOR ( 'NONE', #9627, 1000.000000000000000 ) ;
#3033 = CARTESIAN_POINT ( 'NONE',  ( 36.25127792577973906, 173.2497798332735215, -29.91528168013389077 ) ) ;
#3034 = EDGE_CURVE ( 'NONE', #7651, #5728, #1668, .T. ) ;
#3035 = CARTESIAN_POINT ( 'NONE',  ( -46.99932455725360114, 210.9775780546536339, 0.2757723197565564166 ) ) ;
#3036 = CARTESIAN_POINT ( 'NONE',  ( 42.56023145310038558, 135.2892170286663145, 26.24179909868663074 ) ) ;
#3037 = CARTESIAN_POINT ( 'NONE',  ( -24.69734275216252328, 116.6762642137271513, 41.06358789818639110 ) ) ;
#3038 = CARTESIAN_POINT ( 'NONE',  ( -28.75104949436352442, 66.80701258836774059, -37.00988115598541128 ) ) ;
#3039 = CARTESIAN_POINT ( 'NONE',  ( 43.97682058470662270, 61.44371818057052792, 46.53284740717148082 ) ) ;
#3040 = ORIENTED_EDGE ( 'NONE', *, *, #665, .T. ) ;
#3041 = CARTESIAN_POINT ( 'NONE',  ( 42.62031228415365547, 75.23276251545790672, 47.88935570772444095 ) ) ;
#3042 = DIRECTION ( 'NONE',  ( 0.000000000000000000, 0.000000000000000000, 1.000000000000000000 ) ) ;
#3043 = ORIENTED_EDGE ( 'NONE', *, *, #6539, .F. ) ;
#3044 = CARTESIAN_POINT ( 'NONE',  ( 25.10761244709872031, 153.6225640485288011, -40.65331820325020118 ) ) ;
#3045 = VECTOR ( 'NONE', #4979, 1000.000000000000114 ) ;
#3046 = PLANE ( 'NONE',  #6761 ) ;
#3047 = CARTESIAN_POINT ( 'NONE',  ( -28.50815149135657123, 171.2031378497270566, -37.25277915899236092 ) ) ;
#3048 = AXIS2_PLACEMENT_3D ( 'NONE', #2655, #1189, #4161 ) ;
#3049 = VECTOR ( 'NONE', #4575, 1000.000000000000114 ) ;
#3050 = CARTESIAN_POINT ( 'NONE',  ( -33.36570883847483060, 175.4862839454901007, -33.10233586290128471 ) ) ;
#3051 = CARTESIAN_POINT ( 'NONE',  ( 39.91996775807772480, 130.9941881811295445, -50.58970023380036451 ) ) ;
#3052 = CARTESIAN_POINT ( 'NONE',  ( -40.01567615761507568, 134.5090890707682547, 50.49399183426301363 ) ) ;
#3053 = VERTEX_POINT ( 'NONE', #6918 ) ;
#3054 = ORIENTED_EDGE ( 'NONE', *, *, #8816, .F. ) ;
#3055 = CARTESIAN_POINT ( 'NONE',  ( -24.37365805196742130, 126.6764942988443892, 41.38727259838148598 ) ) ;
#3056 = APPROVAL_DATE_TIME ( #6845, #7240 ) ;
#3057 = CARTESIAN_POINT ( 'NONE',  ( 32.88046532517448384, 176.5866740378391739, 32.88046532517445542 ) ) ;
#3058 = CARTESIAN_POINT ( 'NONE',  ( 50.22349097781342664, 108.7025900201346644, 40.28617701406468399 ) ) ;
#3059 = EDGE_CURVE ( 'NONE', #3795, #6428, #5498, .T. ) ;
#3060 = CARTESIAN_POINT ( 'NONE',  ( -47.00000000000000000, 177.7845559105076916, -1.453014774495211769 ) ) ;
#3061 = AXIS2_PLACEMENT_3D ( 'NONE', #3858, #145, #5115 ) ;
#3062 = DIRECTION ( 'NONE',  ( -0.000000000000000000, -1.000000000000000000, -0.000000000000000000 ) ) ;
#3063 = EDGE_CURVE ( 'NONE', #6957, #8299, #3903, .T. ) ;
#3064 = CARTESIAN_POINT ( 'NONE',  ( -26.53717206652076754, 163.8347417721553256, -39.22375858382816460 ) ) ;
#3065 = ORIENTED_EDGE ( 'NONE', *, *, #8646, .F. ) ;
#3066 = LINE ( 'NONE', #82, #3805 ) ;
#3067 = CARTESIAN_POINT ( 'NONE',  ( 43.47092483188746570, 66.31954352124841989, -47.03874315999062361 ) ) ;
#3068 = LINE ( 'NONE', #6061, #527 ) ;
#3069 = CARTESIAN_POINT ( 'NONE',  ( 0.000000000000000000, 335.0000000000000000, 0.000000000000000000 ) ) ;
#3070 = EDGE_LOOP ( 'NONE', ( #6410, #9404, #6383, #2680 ) ) ;
#3071 = CARTESIAN_POINT ( 'NONE',  ( -39.91748297430892478, 120.2343318316846421, 50.59218501756915742 ) ) ;
#3072 = CARTESIAN_POINT ( 'NONE',  ( 40.24733569863604998, 157.6066838202880831, -25.51359495171286795 ) ) ;
#3073 = EDGE_CURVE ( 'NONE', #9469, #9184, #2332, .T. ) ;
#3074 = CARTESIAN_POINT ( 'NONE',  ( 44.20390395962770214, 59.33385514974001751, 46.30576403225040849 ) ) ;
#3075 = DIRECTION ( 'NONE',  ( 0.000000000000000000, 0.000000000000000000, -1.000000000000000000 ) ) ;
#3076 = ORIENTED_EDGE ( 'NONE', *, *, #3744, .T. ) ;
#3077 = PRODUCT_DEFINITION ( 'UNKNOWN', '', #6589, #4280 ) ;
#3078 = ORIENTED_EDGE ( 'NONE', *, *, #2908, .F. ) ;
#3079 = CARTESIAN_POINT ( 'NONE',  ( -47.72506399400258204, 155.3921848145515128, -42.78460399787553570 ) ) ;
#3080 = CARTESIAN_POINT ( 'NONE',  ( -29.93853977154257962, 58.00000000000000711, 36.10435860796365404 ) ) ;
#3081 = EDGE_CURVE ( 'NONE', #6932, #9470, #6128, .T. ) ;
#3082 = CARTESIAN_POINT ( 'NONE',  ( -49.99939933985900353, 161.3767734674762551, 0.2450829519018704605 ) ) ;
#3083 = DIRECTION ( 'NONE',  ( -1.000000000000000000, 0.000000000000000000, 0.000000000000000000 ) ) ;
#3084 = CARTESIAN_POINT ( 'NONE',  ( -38.43390449649705687, 80.61020279584469961, 27.32702615385185752 ) ) ;
#3085 = CARTESIAN_POINT ( 'NONE',  ( 41.36857510098818125, 141.0186408901463722, -24.39235554936074024 ) ) ;
#3086 = CARTESIAN_POINT ( 'NONE',  ( 31.08250375580712088, 174.5039055581343348, -35.25587864479915368 ) ) ;
#3087 = CARTESIAN_POINT ( 'NONE',  ( -36.07334018334866244, 174.1961081890043204, -29.68759046700027326 ) ) ;
#3088 = CARTESIAN_POINT ( 'NONE',  ( 42.56869902803978789, 132.7716359899458780, 26.22797537150327329 ) ) ;
#3089 = CARTESIAN_POINT ( 'NONE',  ( -43.19369017679611034, 69.12979561808754170, -47.31597781508200029 ) ) ;
#3090 = CARTESIAN_POINT ( 'NONE',  ( 32.88046532517448384, 176.5866740378391739, 32.88046532517445542 ) ) ;
#3091 = VERTEX_POINT ( 'NONE', #3231 ) ;
#3092 = CARTESIAN_POINT ( 'NONE',  ( 45.04270196158309147, 52.00000000000000000, 45.46696603029501915 ) ) ;
#3093 = CARTESIAN_POINT ( 'NONE',  ( -31.92684771948880851, 41.21309918220622137, -33.83408293086012719 ) ) ;
#3094 = ORIENTED_EDGE ( 'NONE', *, *, #5136, .F. ) ;
#3095 = CARTESIAN_POINT ( 'NONE',  ( 45.25483399593903755, 158.6226686892998146, -45.25483399593904466 ) ) ;
#3096 = CARTESIAN_POINT ( 'NONE',  ( -40.21452035317703633, 164.2458856828200169, 29.71275661870757290 ) ) ;
#3097 = EDGE_CURVE ( 'NONE', #8340, #7214, #2548, .T. ) ;
#3098 = CARTESIAN_POINT ( 'NONE',  ( -49.93783009309771614, 143.4569695494772361, -40.57183789878039448 ) ) ;
#3099 = EDGE_CURVE ( 'NONE', #6058, #9638, #6280, .T. ) ;
#3100 = CARTESIAN_POINT ( 'NONE',  ( -45.92619372941037881, 55.93620152028918824, -44.58347426246772471 ) ) ;
#3101 = CARTESIAN_POINT ( 'NONE',  ( 30.12822377908831584, 54.97802726448587407, -35.63270687126060210 ) ) ;
#3102 = CARTESIAN_POINT ( 'NONE',  ( -24.69734275216252328, 116.6762642137271513, 41.06358789818639110 ) ) ;
#3103 = ORIENTED_EDGE ( 'NONE', *, *, #6865, .F. ) ;
#3104 = ORIENTED_EDGE ( 'NONE', *, *, #4530, .T. ) ;
#3105 = CARTESIAN_POINT ( 'NONE',  ( -50.58970023380035741, 130.9941881811295445, 39.91996775807773190 ) ) ;
#3106 = CARTESIAN_POINT ( 'NONE',  ( -5.910663155149645576, 268.0000000000000000, 48.13848835460412801 ) ) ;
#3107 = CARTESIAN_POINT ( 'NONE',  ( 41.74177417787064570, 85.62404022679615423, 48.76789381400746493 ) ) ;
#3108 = CARTESIAN_POINT ( 'NONE',  ( 50.59218501756917163, 120.2343318316846421, 39.91748297430894610 ) ) ;
#3109 = CARTESIAN_POINT ( 'NONE',  ( -108.0000000000000142, 210.0060237486752612, -1.543678944899053773 ) ) ;
#3110 = CARTESIAN_POINT ( 'NONE',  ( -34.44339636571282881, 39.76829827018088537, -35.22013817769529709 ) ) ;
#3111 = CARTESIAN_POINT ( 'NONE',  ( 34.65886550037445346, 38.39089156305787043, -34.80028685661177690 ) ) ;
#3112 = VERTEX_POINT ( 'NONE', #9053 ) ;
#3113 = CARTESIAN_POINT ( 'NONE',  ( 34.81447876247082718, 48.51213425699024384, 30.94645188787810852 ) ) ;
#3114 = FACE_OUTER_BOUND ( 'NONE', #1205, .T. ) ;
#3115 = CARTESIAN_POINT ( 'NONE',  ( -45.46696603029500494, 52.00000000000000000, 45.04270196158308437 ) ) ;
#3116 = CARTESIAN_POINT ( 'NONE',  ( -24.55371574811973900, 145.7020373835961777, -41.20721490222919670 ) ) ;
#3117 = EDGE_CURVE ( 'NONE', #7984, #5092, #8371, .T. ) ;
#3118 = VERTEX_POINT ( 'NONE', #6183 ) ;
#3119 = CARTESIAN_POINT ( 'NONE',  ( -40.11998767400631039, 112.7299032302373263, 50.38968031787177893 ) ) ;
#3120 = CARTESIAN_POINT ( 'NONE',  ( 47.03874315999061650, 66.31954352124843410, -43.47092483188747281 ) ) ;
#3121 = AXIS2_PLACEMENT_3D ( 'NONE', #7804, #414, #2763 ) ;
#3122 = CARTESIAN_POINT ( 'NONE',  ( 37.71505118858642902, 73.51205311375596807, 28.04587946176250313 ) ) ;
#3123 = CARTESIAN_POINT ( 'NONE',  ( 49.94150756741144903, 197.0186931267299713, 2.425855286153648205 ) ) ;
#3124 = EDGE_CURVE ( 'NONE', #6248, #2507, #3886, .T. ) ;
#3125 = VECTOR ( 'NONE', #793, 1000.000000000000000 ) ;
#3126 = ORIENTED_EDGE ( 'NONE', *, *, #5657, .F. ) ;
#3127 = EDGE_CURVE ( 'NONE', #3696, #188, #2284, .T. ) ;
#3128 = ORIENTED_EDGE ( 'NONE', *, *, #519, .F. ) ;
#3129 = CARTESIAN_POINT ( 'NONE',  ( 47.15951113560538488, 264.0000000000000000, -10.88763103024306567 ) ) ;
#3130 = CARTESIAN_POINT ( 'NONE',  ( -5.642550599658322952, 35.50000000000000000, 45.95488682099321665 ) ) ;
#3131 = CARTESIAN_POINT ( 'NONE',  ( -49.94174405927225280, 259.1939977054558426, 2.416482993795206813 ) ) ;
#3132 = LINE ( 'NONE', #5451, #9565 ) ;
#3133 = CARTESIAN_POINT ( 'NONE',  ( -46.56268880791239440, 157.2818685057019650, 43.94697918396570202 ) ) ;
#3134 = CARTESIAN_POINT ( 'NONE',  ( 40.01567615761507568, 134.5090890707682831, -50.49399183426302073 ) ) ;
#3135 = CARTESIAN_POINT ( 'NONE',  ( -20.83493649053892227, 30.00000000000000000, -41.08716857408416701 ) ) ;
#3136 = CARTESIAN_POINT ( 'NONE',  ( 34.15356504387183634, 43.91303109689120276, -35.98579126513808291 ) ) ;
#3137 = CARTESIAN_POINT ( 'NONE',  ( 31.88379191189866191, 169.6337938413909399, 38.51580684761087525 ) ) ;
#3138 = CARTESIAN_POINT ( 'NONE',  ( 31.68079750501921765, 43.01938834715467408, 34.08013314532970384 ) ) ;
#3139 = CARTESIAN_POINT ( 'NONE',  ( 48.91202582514209496, 150.5005888525397495, 41.59764216673601567 ) ) ;
#3140 = ORIENTED_EDGE ( 'NONE', *, *, #4323, .F. ) ;
#3141 = CARTESIAN_POINT ( 'NONE',  ( -32.98532786528268446, 54.99999999999999289, -37.57616459432502154 ) ) ;
#3142 = DIRECTION ( 'NONE',  ( 0.000000000000000000, -0.000000000000000000, -1.000000000000000000 ) ) ;
#3143 = EDGE_LOOP ( 'NONE', ( #7706, #4858, #2211, #9266, #3985, #4522 ) ) ;
#3144 = CARTESIAN_POINT ( 'NONE',  ( 26.53717206652076399, 163.8347417721553541, -39.22375858382815039 ) ) ;
#3145 = CARTESIAN_POINT ( 'NONE',  ( -31.05252923575232415, 168.0308239955317049, 39.18957825874107925 ) ) ;
#3146 = CARTESIAN_POINT ( 'NONE',  ( -35.63270687126060920, 54.97802726448587407, -30.12822377908833360 ) ) ;
#3147 = CARTESIAN_POINT ( 'NONE',  ( -47.88935570772444805, 75.23276251545789250, -42.62031228415366968 ) ) ;
#3148 = CARTESIAN_POINT ( 'NONE',  ( 50.38968031787177893, 112.7299032302373263, -40.11998767400631749 ) ) ;
#3149 = CARTESIAN_POINT ( 'NONE',  ( -48.91202582514207364, 150.5005888525397211, 41.59764216673601567 ) ) ;
#3150 = ORIENTED_EDGE ( 'NONE', *, *, #3173, .T. ) ;
#3151 = EDGE_LOOP ( 'NONE', ( #6258, #6689, #7298, #2388 ) ) ;
#3152 = CARTESIAN_POINT ( 'NONE',  ( -24.29434890298206540, 131.8280114082709815, 41.46658174736685254 ) ) ;
#3153 = CARTESIAN_POINT ( 'NONE',  ( 43.19369017679611034, 69.12979561808752749, 47.31597781508200029 ) ) ;
#3154 = CARTESIAN_POINT ( 'NONE',  ( 46.30576403225041560, 59.33385514974001751, 44.20390395962770214 ) ) ;
#3155 = CARTESIAN_POINT ( 'NONE',  ( 27.84387101844406942, 156.2938203314923271, 41.53184048916705962 ) ) ;
#3156 = CARTESIAN_POINT ( 'NONE',  ( 42.56805623992434562, 133.4434379767990890, -26.22901137448830511 ) ) ;
#3157 = LINE ( 'NONE', #7038, #4891 ) ;
#3158 = ORIENTED_EDGE ( 'NONE', *, *, #2964, .T. ) ;
#3159 = CARTESIAN_POINT ( 'NONE',  ( 38.43390449649707108, 80.61020279584469961, 27.32702615385186462 ) ) ;
#3160 = EDGE_CURVE ( 'NONE', #1312, #7984, #5514, .T. ) ;
#3161 = CARTESIAN_POINT ( 'NONE',  ( 42.32202566649796438, 78.60787726850114154, -48.18764232538012493 ) ) ;
#3162 = CARTESIAN_POINT ( 'NONE',  ( -45.04270196158307726, 52.00000000000000000, 45.46696603029501205 ) ) ;
#3163 = CARTESIAN_POINT ( 'NONE',  ( -46.56268880791240861, 157.2818685057019650, -43.94697918396570202 ) ) ;
#3164 = ORIENTED_EDGE ( 'NONE', *, *, #5762, .F. ) ;
#3165 = CARTESIAN_POINT ( 'NONE',  ( -43.47092483188745859, 66.31954352124843410, 47.03874315999061650 ) ) ;
#3166 = CARTESIAN_POINT ( 'NONE',  ( 34.68057595339049470, 175.3233815820528321, -31.08035469695841968 ) ) ;
#3167 = DIRECTION ( 'NONE',  ( 0.000000000000000000, 1.000000000000000000, 0.000000000000000000 ) ) ;
#3168 = CARTESIAN_POINT ( 'NONE',  ( 29.91528168016578348, 173.2497798333156140, 36.25127792575340635 ) ) ;
#3169 = APPLICATION_CONTEXT ( 'configuration controlled 3d designs of mechanical parts and assemblies' ) ;
#3170 = ORIENTED_EDGE ( 'NONE', *, *, #633, .F. ) ;
#3171 = VERTEX_POINT ( 'NONE', #4512 ) ;
#3172 = AXIS2_PLACEMENT_3D ( 'NONE', #7099, #4709, #7732 ) ;
#3173 = EDGE_CURVE ( 'NONE', #6006, #1751, #2966, .T. ) ;
#3174 = CARTESIAN_POINT ( 'NONE',  ( 32.46737330370096686, 42.66555433585086377, 33.29355734664797239 ) ) ;
#3175 = AXIS2_PLACEMENT_3D ( 'NONE', #6714, #3026, #8960 ) ;
#3176 = PLANE ( 'NONE',  #4587 ) ;
#3177 = CARTESIAN_POINT ( 'NONE',  ( -49.87997736561590045, 239.1953253636337422, 3.462581631416211447 ) ) ;
#3178 = CARTESIAN_POINT ( 'NONE',  ( -25.16506350946109194, 30.00000000000000000, 38.58716857408418832 ) ) ;
#3179 = CARTESIAN_POINT ( 'NONE',  ( -34.44736847863527629, 45.71524904810726753, 31.31356217171363809 ) ) ;
#3180 = EDGE_CURVE ( 'NONE', #2627, #5019, #4414, .T. ) ;
#3181 = DIRECTION ( 'NONE',  ( -1.000000000000000000, 0.000000000000000000, 0.000000000000000000 ) ) ;
#3182 = CARTESIAN_POINT ( 'NONE',  ( -48.91202582514207364, 150.5005888525397211, 41.59764216673601567 ) ) ;
#3183 = CARTESIAN_POINT ( 'NONE',  ( 0.000000000000000000, 35.50000000000000000, 0.000000000000000000 ) ) ;
#3184 = DIRECTION ( 'NONE',  ( -0.7071067811865475727, 0.000000000000000000, 0.7071067811865475727 ) ) ;
#3185 = CARTESIAN_POINT ( 'NONE',  ( -21.83493649053892582, 264.0000000000000000, -42.81921938165304908 ) ) ;
#3186 = CARTESIAN_POINT ( 'NONE',  ( 49.93783009309771614, 143.4569695494772930, 40.57183789878039448 ) ) ;
#3187 = ORIENTED_EDGE ( 'NONE', *, *, #16, .T. ) ;
#3188 = CARTESIAN_POINT ( 'NONE',  ( 47.45182215504095780, 200.0000000000000000, -10.95511634654622490 ) ) ;
#3189 = AXIS2_PLACEMENT_3D ( 'NONE', #9242, #7781, #1116 ) ;
#3190 = CARTESIAN_POINT ( 'NONE',  ( -30.94645188787811207, 48.51213425699022963, -34.81447876247082718 ) ) ;
#3191 = ORIENTED_EDGE ( 'NONE', *, *, #5483, .F. ) ;
#3192 = CARTESIAN_POINT ( 'NONE',  ( -108.0000000000000000, 188.0000000000000000, -0.1499999999999999944 ) ) ;
#3193 = CIRCLE ( 'NONE', #4572, 153.2499806421508879 ) ;
#3194 = CARTESIAN_POINT ( 'NONE',  ( -26.36587291666770838, 140.3216086453267337, 42.48347992595989098 ) ) ;
#3195 = CIRCLE ( 'NONE', #2252, 49.10000000000000142 ) ;
#3196 = CARTESIAN_POINT ( 'NONE',  ( -41.06358789818638400, 116.6762642137271797, 24.69734275216252684 ) ) ;
#3197 = AXIS2_PLACEMENT_3D ( 'NONE', #4094, #1858, #7787 ) ;
#3198 = CARTESIAN_POINT ( 'NONE',  ( -45.57187448734443791, 52.88466077438591384, -44.93779350453367272 ) ) ;
#3199 = CARTESIAN_POINT ( 'NONE',  ( 50.49399183426300652, 134.5090890707682831, -40.01567615761508279 ) ) ;
#3200 = CARTESIAN_POINT ( 'NONE',  ( -42.32202566649796438, 78.60787726850115575, 48.18764232538012493 ) ) ;
#3201 = ORIENTED_EDGE ( 'NONE', *, *, #513, .F. ) ;
#3202 = ORIENTED_EDGE ( 'NONE', *, *, #1175, .F. ) ;
#3203 = VECTOR ( 'NONE', #9599, 1000.000000000000114 ) ;
#3204 = CARTESIAN_POINT ( 'NONE',  ( 44.55243490709811027, 268.0000000000000000, -3.499999999999999556 ) ) ;
#3205 = CARTESIAN_POINT ( 'NONE',  ( 27.32702615385186462, 80.61020279584469961, 38.43390449649707108 ) ) ;
#3206 = EDGE_CURVE ( 'NONE', #2373, #3316, #3066, .T. ) ;
#3207 = DIRECTION ( 'NONE',  ( -2.664535259100375697E-15, 0.000000000000000000, -1.000000000000000000 ) ) ;
#3208 = CARTESIAN_POINT ( 'NONE',  ( 26.39603316579739456, 141.0908456006017673, 42.46477052410290298 ) ) ;
#3209 = AXIS2_PLACEMENT_3D ( 'NONE', #411, #8532, #4836 ) ;
#3210 = AXIS2_PLACEMENT_3D ( 'NONE', #991, #6142, #3042 ) ;
#3211 = CARTESIAN_POINT ( 'NONE',  ( 32.98532786528269156, 54.99999999999999289, 37.57616459432502154 ) ) ;
#3212 = CARTESIAN_POINT ( 'NONE',  ( 0.000000000000000000, 263.0000000000000000, 0.000000000000000000 ) ) ;
#3213 = ORIENTED_EDGE ( 'NONE', *, *, #6237, .T. ) ;
#3214 = CARTESIAN_POINT ( 'NONE',  ( 49.31902728797151525, 148.1781441586251162, 41.19064070390659538 ) ) ;
#3215 = VECTOR ( 'NONE', #5872, 1000.000000000000114 ) ;
#3216 = CARTESIAN_POINT ( 'NONE',  ( 32.88046532517446963, 176.5866740378391455, -32.88046532517444120 ) ) ;
#3217 = DIRECTION ( 'NONE',  ( 0.000000000000000000, 1.000000000000000000, 0.000000000000000000 ) ) ;
#3218 = CARTESIAN_POINT ( 'NONE',  ( -24.29434890298208316, 131.8280114082709815, -41.46658174736685964 ) ) ;
#3219 = EDGE_LOOP ( 'NONE', ( #9355, #6515, #8089, #3471, #5953, #3040, #1440, #2437 ) ) ;
#3220 = VECTOR ( 'NONE', #6879, 1000.000000000000114 ) ;
#3221 = CARTESIAN_POINT ( 'NONE',  ( -48.18764232538011782, 78.60787726850114154, 42.32202566649796438 ) ) ;
#3222 = LINE ( 'NONE', #3411, #9490 ) ;
#3223 = FACE_OUTER_BOUND ( 'NONE', #4812, .T. ) ;
#3224 = EDGE_CURVE ( 'NONE', #8466, #6572, #6749, .T. ) ;
#3225 = CARTESIAN_POINT ( 'NONE',  ( 32.11329746821136411, 175.2086278155802006, 34.32022455349903112 ) ) ;
#3226 = CARTESIAN_POINT ( 'NONE',  ( -26.85867340158341321, 85.63114929373708151, 38.90225724876551539 ) ) ;
#3227 = VERTEX_POINT ( 'NONE', #1451 ) ;
#3228 = CARTESIAN_POINT ( 'NONE',  ( -40.28617701406469109, 108.7025900201346644, -50.22349097781342664 ) ) ;
#3229 = CARTESIAN_POINT ( 'NONE',  ( -31.57652407089370072, 35.50000000000000000, -33.86167638496758769 ) ) ;
#3230 = CARTESIAN_POINT ( 'NONE',  ( 30.70442761880047655, 52.00000000000000711, 35.39129624321857648 ) ) ;
#3231 = CARTESIAN_POINT ( 'NONE',  ( -25.38143704194891370, 35.50000000000000000, -38.96193852576618610 ) ) ;
#3232 = CARTESIAN_POINT ( 'NONE',  ( -42.36324379412030794, 153.8348667856812142, 48.14642419775777427 ) ) ;
#3233 = CARTESIAN_POINT ( 'NONE',  ( 33.17716150233881223, 36.58494384897175422, 32.58376914801012703 ) ) ;
#3234 = CARTESIAN_POINT ( 'NONE',  ( -39.91996775807772480, 130.9941881811295445, 50.58970023380036451 ) ) ;
#3235 = ADVANCED_FACE ( 'NONE', ( #725 ), #8211, .F. ) ;
#3236 = CARTESIAN_POINT ( 'NONE',  ( 34.44339636571282881, 39.76829827018089247, 35.22013817769529709 ) ) ;
#3237 = CARTESIAN_POINT ( 'NONE',  ( 29.77058395744706942, 57.99999999999999289, 35.99034669290186628 ) ) ;
#3238 = CARTESIAN_POINT ( 'NONE',  ( 31.08035469695843389, 175.3233815820528605, 34.68057595339049470 ) ) ;
#3239 = ORIENTED_EDGE ( 'NONE', *, *, #2808, .F. ) ;
#3240 = DIRECTION ( 'NONE',  ( 0.000000000000000000, 1.000000000000000000, 0.000000000000000000 ) ) ;
#3241 = CARTESIAN_POINT ( 'NONE',  ( -31.31356217171365230, 45.71524904810724621, -34.44736847863528340 ) ) ;
#3242 = ADVANCED_FACE ( 'NONE', ( #8260 ), #1584, .T. ) ;
#3243 = ORIENTED_EDGE ( 'NONE', *, *, #5263, .F. ) ;
#3244 = DIRECTION ( 'NONE',  ( 0.000000000000000000, -1.000000000000000000, 0.000000000000000000 ) ) ;
#3245 = CARTESIAN_POINT ( 'NONE',  ( -41.23134657392092350, 158.7821440013520942, 28.29327770100406170 ) ) ;
#3246 = DIRECTION ( 'NONE',  ( -0.4999999999999998335, 0.000000000000000000, 0.8660254037844388186 ) ) ;
#3247 = CARTESIAN_POINT ( 'NONE',  ( -32.88046532517444831, 176.5866740378391455, -32.88046532517448384 ) ) ;
#3248 = CARTESIAN_POINT ( 'NONE',  ( 47.88935570772442674, 75.23276251545792093, -42.62031228415365547 ) ) ;
#3249 = CARTESIAN_POINT ( 'NONE',  ( -41.59764216673600146, 150.5005888525397495, 48.91202582514208075 ) ) ;
#3250 = VERTEX_POINT ( 'NONE', #7030 ) ;
#3251 = ORIENTED_EDGE ( 'NONE', *, *, #9445, .T. ) ;
#3252 = CARTESIAN_POINT ( 'NONE',  ( 48.18764232538012493, 78.60787726850115575, 42.32202566649797859 ) ) ;
#3253 = CARTESIAN_POINT ( 'NONE',  ( 25.51359495171288216, 157.6066838202881399, 40.24733569863605709 ) ) ;
#3254 = CARTESIAN_POINT ( 'NONE',  ( 31.92684771948880851, 41.21309918220618584, 33.83408293086011298 ) ) ;
#3255 = ADVANCED_FACE ( 'NONE', ( #3393 ), #4940, .F. ) ;
#3256 = CARTESIAN_POINT ( 'NONE',  ( 30.93174375732979797, 167.7527087702051745, 39.28526364579364838 ) ) ;
#3257 = CARTESIAN_POINT ( 'NONE',  ( 43.94697918396568781, 157.2818685057019650, -46.56268880791239440 ) ) ;
#3258 = CARTESIAN_POINT ( 'NONE',  ( -32.98532786528268446, 54.99999999999999289, -37.57616459432502154 ) ) ;
#3259 = CARTESIAN_POINT ( 'NONE',  ( 0.000000000000000000, 35.50000000000000000, 0.000000000000000000 ) ) ;
#3260 = ORIENTED_EDGE ( 'NONE', *, *, #7879, .T. ) ;
#3261 = CARTESIAN_POINT ( 'NONE',  ( 46.56268880791239440, 157.2818685057019650, 43.94697918396571623 ) ) ;
#3262 = ADVANCED_FACE ( 'NONE', ( #1927 ), #2709, .T. ) ;
#3263 = CARTESIAN_POINT ( 'NONE',  ( 41.06358789818639110, 116.6762642137271371, -24.69734275216253394 ) ) ;
#3264 = CARTESIAN_POINT ( 'NONE',  ( 84.99999999999998579, 212.0000000000000000, 0.000000000000000000 ) ) ;
#3265 = CARTESIAN_POINT ( 'NONE',  ( -41.20721490222918959, 145.7020373835961777, -24.55371574811974256 ) ) ;
#3266 = ORIENTED_EDGE ( 'NONE', *, *, #5418, .T. ) ;
#3267 = CARTESIAN_POINT ( 'NONE',  ( -50.64418028391639837, 124.0985968565961315, 39.86548770796168384 ) ) ;
#3268 = CARTESIAN_POINT ( 'NONE',  ( 36.72941495113133925, 63.16230265228887930, 29.33832445349480977 ) ) ;
#3269 = EDGE_CURVE ( 'NONE', #2295, #6293, #8006, .T. ) ;
#3270 = DIRECTION ( 'NONE',  ( 0.000000000000000000, -1.000000000000000000, 0.000000000000000000 ) ) ;
#3271 = CARTESIAN_POINT ( 'NONE',  ( 49.87975240298508339, 230.2881154155731451, -3.465720914819818255 ) ) ;
#3272 = CARTESIAN_POINT ( 'NONE',  ( -46.53284740717146661, 61.44371818057052792, 43.97682058470661559 ) ) ;
#3273 = EDGE_LOOP ( 'NONE', ( #39, #8449, #1250, #6249 ) ) ;
#3274 = CARTESIAN_POINT ( 'NONE',  ( -30.12822377908832649, 54.97802726448586697, -35.63270687126060210 ) ) ;
#3275 = CARTESIAN_POINT ( 'NONE',  ( 45.04270196158309147, 52.00000000000000000, 45.46696603029501915 ) ) ;
#3276 = DIRECTION ( 'NONE',  ( 0.7986355100472930513, 0.000000000000000000, 0.6018150231520480453 ) ) ;
#3277 = CARTESIAN_POINT ( 'NONE',  ( 45.66087598006104287, 0.000000000000000000, -11.55397787489160066 ) ) ;
#3278 = DIRECTION ( 'NONE',  ( -0.000000000000000000, -1.000000000000000000, -0.000000000000000000 ) ) ;
#3279 = CARTESIAN_POINT ( 'NONE',  ( -37.25696040262569397, 52.22473623147814692, -33.34895830410928141 ) ) ;
#3280 = VECTOR ( 'NONE', #1127, 1000.000000000000000 ) ;
#3281 = CARTESIAN_POINT ( 'NONE',  ( -27.19834591289385628, 166.8763353538257945, 38.56258473745505455 ) ) ;
#3282 = CARTESIAN_POINT ( 'NONE',  ( 28.67738453376395569, 68.33317738998587743, -37.24544781882608646 ) ) ;
#3283 = LINE ( 'NONE', #5457, #8294 ) ;
#3284 = PLANE ( 'NONE',  #2254 ) ;
#3285 = ORIENTED_EDGE ( 'NONE', *, *, #7580, .T. ) ;
#3286 = CARTESIAN_POINT ( 'NONE',  ( -27.05260081779465509, 110.5507506516340186, -42.05083400847003361 ) ) ;
#3287 = LINE ( 'NONE', #7069, #3982 ) ;
#3288 = VERTEX_POINT ( 'NONE', #1193 ) ;
#3289 = CARTESIAN_POINT ( 'NONE',  ( 29.77058309862684027, 57.99999999121062899, -35.99034755172208122 ) ) ;
#3290 = CARTESIAN_POINT ( 'NONE',  ( -34.55038136065798682, 172.2360455000721231, 36.14363019646842901 ) ) ;
#3291 = LINE ( 'NONE', #1776, #2120 ) ;
#3292 = CARTESIAN_POINT ( 'NONE',  ( -42.36324379412032926, 153.8348667856812142, -48.14642419775778848 ) ) ;
#3293 = CARTESIAN_POINT ( 'NONE',  ( 46.53284740717146661, 61.44371818057052792, -43.97682058470661559 ) ) ;
#3294 = DIRECTION ( 'NONE',  ( 0.5000000000000004441, 0.000000000000000000, 0.8660254037844382635 ) ) ;
#3295 = VERTEX_POINT ( 'NONE', #5712 ) ;
#3296 = ORIENTED_EDGE ( 'NONE', *, *, #5452, .F. ) ;
#3297 = FACE_OUTER_BOUND ( 'NONE', #8273, .T. ) ;
#3298 = CARTESIAN_POINT ( 'NONE',  ( 29.29356565747520946, 173.1609393494194364, 36.46736499287372624 ) ) ;
#3299 = DIRECTION ( 'NONE',  ( 0.000000000000000000, -1.000000000000000000, 0.000000000000000000 ) ) ;
#3300 = CARTESIAN_POINT ( 'NONE',  ( 41.20721490222918959, 145.7020373835961777, -24.55371574811973190 ) ) ;
#3301 = PLANE ( 'NONE',  #9399 ) ;
#3302 = ADVANCED_FACE ( 'NONE', ( #8493 ), #6133, .T. ) ;
#3303 = CARTESIAN_POINT ( 'NONE',  ( 30.80394296248341846, 51.99999999999999289, 35.45918685583342267 ) ) ;
#3304 = ORIENTED_EDGE ( 'NONE', *, *, #8715, .T. ) ;
#3305 = CARTESIAN_POINT ( 'NONE',  ( 40.65331820325020118, 153.6225640485287727, 25.10761244709872742 ) ) ;
#3306 = CARTESIAN_POINT ( 'NONE',  ( 108.0000000000000000, 188.2844865614401897, 0.1789959886829862179 ) ) ;
#3307 = CARTESIAN_POINT ( 'NONE',  ( 50.49399183426300652, 134.5090890707682831, -40.01567615761508279 ) ) ;
#3308 = DIRECTION ( 'NONE',  ( 0.000000000000000000, -1.000000000000000000, 0.000000000000000000 ) ) ;
#3309 = CARTESIAN_POINT ( 'NONE',  ( -49.31902728797152236, 148.1781441586250878, -41.19064070390658827 ) ) ;
#3310 = EDGE_LOOP ( 'NONE', ( #8076, #8357, #3702, #4458, #927, #5422 ) ) ;
#3311 = CARTESIAN_POINT ( 'NONE',  ( -30.02250515210873161, 57.99999999999999289, -36.16138306720321083 ) ) ;
#3312 = PLANE ( 'NONE',  #774 ) ;
#3313 = FACE_OUTER_BOUND ( 'NONE', #1735, .T. ) ;
#3314 = CARTESIAN_POINT ( 'NONE',  ( 0.000000000000000000, 263.0000000000000000, -48.50000000000000000 ) ) ;
#3315 = CARTESIAN_POINT ( 'NONE',  ( -50.49399183426301363, 134.5090890707682831, 40.01567615761508279 ) ) ;
#3316 = VERTEX_POINT ( 'NONE', #6986 ) ;
#3317 = CARTESIAN_POINT ( 'NONE',  ( -39.86548770796169094, 124.0985968565961741, -50.64418028391641258 ) ) ;
#3318 = FACE_OUTER_BOUND ( 'NONE', #8390, .T. ) ;
#3319 = CARTESIAN_POINT ( 'NONE',  ( 30.60489854012008593, 52.00000000784747556, 35.32342563974985694 ) ) ;
#3320 = DIRECTION ( 'NONE',  ( -0.000000000000000000, 1.000000000000000000, -0.000000000000000000 ) ) ;
#3321 = EDGE_CURVE ( 'NONE', #1183, #6765, #1096, .T. ) ;
#3322 = CARTESIAN_POINT ( 'NONE',  ( 47.00000000000000000, 160.0000000000000000, -0.2500000000000000000 ) ) ;
#3323 = CARTESIAN_POINT ( 'NONE',  ( 45.77674598141884843, 54.62836855260157876, -44.73292201045924088 ) ) ;
#3324 = CARTESIAN_POINT ( 'NONE',  ( -31.31356217171363099, 45.71524904810725332, 34.44736847863527629 ) ) ;
#3325 = CARTESIAN_POINT ( 'NONE',  ( 32.98532786528269156, 54.99999999999999289, 37.57616459432502154 ) ) ;
#3326 = CYLINDRICAL_SURFACE ( 'NONE', #3492, 49.10000000000000142 ) ;
#3327 = DIRECTION ( 'NONE',  ( -0.000000000000000000, 0.000000000000000000, 1.000000000000000000 ) ) ;
#3328 = ORIENTED_EDGE ( 'NONE', *, *, #7896, .F. ) ;
#3329 = CARTESIAN_POINT ( 'NONE',  ( -26.52044225623026463, 143.6402985707646280, -42.38768592517963896 ) ) ;
#3330 = CARTESIAN_POINT ( 'NONE',  ( -46.99103765065072480, 212.5290308090873452, 0.9173879470754520149 ) ) ;
#3331 = EDGE_LOOP ( 'NONE', ( #9159, #2702, #758 ) ) ;
#3332 = CARTESIAN_POINT ( 'NONE',  ( 33.59269824446733566, 39.48056780803440091, -32.16823240588158228 ) ) ;
#3333 = LINE ( 'NONE', #7026, #5836 ) ;
#3334 = ORGANIZATION ( 'UNSPECIFIED', 'UNSPECIFIED', '' ) ;
#3335 = CARTESIAN_POINT ( 'NONE',  ( -33.83408293086010588, 41.21309918220618584, 31.92684771948880140 ) ) ;
#3336 = EDGE_CURVE ( 'NONE', #1352, #7845, #1997, .T. ) ;
#3337 = CARTESIAN_POINT ( 'NONE',  ( -28.26772415252453996, 71.28898199371604960, -37.49320649782439574 ) ) ;
#3338 = CARTESIAN_POINT ( 'NONE',  ( 47.03874315999061650, 66.31954352124843410, -43.47092483188747281 ) ) ;
#3339 = CARTESIAN_POINT ( 'NONE',  ( 37.71505118858653560, 340.0000000000000000, -28.04587946176237878 ) ) ;
#3340 = ORIENTED_EDGE ( 'NONE', *, *, #2659, .T. ) ;
#3341 = VERTEX_POINT ( 'NONE', #2615 ) ;
#3342 = APPROVAL_PERSON_ORGANIZATION ( #3879, #7240, #806 ) ;
#3343 = CARTESIAN_POINT ( 'NONE',  ( 32.88046532517446252, 52.00000000000000000, -32.88046532517446252 ) ) ;
#3344 = CARTESIAN_POINT ( 'NONE',  ( -35.99034669289962807, 57.99999999999999289, 29.77058395744929697 ) ) ;
#3345 = DIRECTION ( 'NONE',  ( -0.000000000000000000, -0.000000000000000000, 1.000000000000000000 ) ) ;
#3346 = CARTESIAN_POINT ( 'NONE',  ( 47.88935570772442674, 75.23276251545792093, -42.62031228415365547 ) ) ;
#3347 = VECTOR ( 'NONE', #1191, 1000.000000000000000 ) ;
#3348 = CARTESIAN_POINT ( 'NONE',  ( 40.34597417625933247, 163.6450384062927128, -29.53380614872940058 ) ) ;
#3349 = AXIS2_PLACEMENT_3D ( 'NONE', #9510, #5755, #2854 ) ;
#3350 = CARTESIAN_POINT ( 'NONE',  ( 50.68940747672287728, 127.6151589264297428, -39.82026051515521203 ) ) ;
#3351 = ORIENTED_EDGE ( 'NONE', *, *, #5165, .T. ) ;
#3352 = CARTESIAN_POINT ( 'NONE',  ( 48.14642419775778848, 153.8348667856812142, 42.36324379412032215 ) ) ;
#3353 = CARTESIAN_POINT ( 'NONE',  ( 107.9999999999999858, 203.7731879320645305, 1.344733633374165738 ) ) ;
#3354 = ORIENTED_EDGE ( 'NONE', *, *, #670, .F. ) ;
#3355 = CARTESIAN_POINT ( 'NONE',  ( 49.31902728797150814, 148.1781441586251447, -41.19064070390658827 ) ) ;
#3356 = EDGE_CURVE ( 'NONE', #3991, #3288, #4165, .T. ) ;
#3357 = DIRECTION ( 'NONE',  ( 0.000000000000000000, 0.000000000000000000, -1.000000000000000000 ) ) ;
#3358 = CARTESIAN_POINT ( 'NONE',  ( -44.99031566266480553, 52.44175755770029212, -45.51935232921329799 ) ) ;
#3359 = CIRCLE ( 'NONE', #76, 46.99996213765929554 ) ;
#3360 = VERTEX_POINT ( 'NONE', #460 ) ;
#3362 = ADVANCED_FACE ( 'NONE', ( #5567 ), #8586, .T. ) ;
#3361 = DIRECTION ( 'NONE',  ( 0.000000000000000000, 0.000000000000000000, 1.000000000000000000 ) ) ;
#3363 = CIRCLE ( 'NONE', #6469, 47.10000000000000142 ) ;
#3364 = DIRECTION ( 'NONE',  ( 0.000000000000000000, -1.000000000000000000, 0.000000000000000000 ) ) ;
#3365 = VECTOR ( 'NONE', #2705, 1000.000000000000114 ) ;
#3366 = CARTESIAN_POINT ( 'NONE',  ( 28.32114118803943370, 170.3790392360403416, 37.51035950841352928 ) ) ;
#3367 = CARTESIAN_POINT ( 'NONE',  ( 29.77058309862684027, 57.99999999121062899, -35.99034755172208122 ) ) ;
#3368 = AXIS2_PLACEMENT_3D ( 'NONE', #6991, #9279, #3207 ) ;
#3369 = CARTESIAN_POINT ( 'NONE',  ( -45.57187448734442370, 52.88466077438591384, 44.93779350453365851 ) ) ;
#3370 = ADVANCED_FACE ( 'NONE', ( #3486 ), #4841, .F. ) ;
#3371 = ORIENTED_EDGE ( 'NONE', *, *, #969, .T. ) ;
#3372 = CARTESIAN_POINT ( 'NONE',  ( 45.46696603029501915, 52.00000000000000000, 45.04270196158309147 ) ) ;
#3373 = B_SPLINE_CURVE_WITH_KNOTS ( 'NONE', 3,
 ( #3344, #9222, #8497, #7910 ),
 .UNSPECIFIED., .F., .F.,
 ( 4, 4 ),
 ( 0.000000000000000000, 0.0003044949188797632829 ),
 .UNSPECIFIED. ) ;
#3374 = CARTESIAN_POINT ( 'NONE',  ( 45.72681195956042188, 54.19120085711174539, 44.78285603231768874 ) ) ;
#3375 = DIRECTION ( 'NONE',  ( -0.000000000000000000, 1.000000000000000000, -0.000000000000000000 ) ) ;
#3376 = LINE ( 'NONE', #8472, #2890 ) ;
#3377 = CYLINDRICAL_SURFACE ( 'NONE', #554, 46.69999999999999574 ) ;
#3378 = CARTESIAN_POINT ( 'NONE',  ( -39.22375858382815039, 163.8347417721553541, 26.53717206652077110 ) ) ;
#3379 = PLANE ( 'NONE',  #1404 ) ;
#3380 = EDGE_CURVE ( 'NONE', #6006, #8177, #5971, .T. ) ;
#3381 = DIRECTION ( 'NONE',  ( -0.7071067811865474617, 0.000000000000000000, -0.7071067811865474617 ) ) ;
#3382 = CARTESIAN_POINT ( 'NONE',  ( -32.12212275894370350, 35.50000000000000000, -34.44675934626292246 ) ) ;
#3383 = ORIENTED_EDGE ( 'NONE', *, *, #2354, .T. ) ;
#3384 = CARTESIAN_POINT ( 'NONE',  ( -40.76112261812716753, 161.5572563240604893, -28.95941040735983307 ) ) ;
#3385 = CARTESIAN_POINT ( 'NONE',  ( 48.00000000000000000, 264.0000000000000000, -3.500000000000000000 ) ) ;
#3386 = ORIENTED_EDGE ( 'NONE', *, *, #2019, .F. ) ;
#3387 = CARTESIAN_POINT ( 'NONE',  ( -108.0000000000000000, 220.1113353915708615, -0.9303783449379617876 ) ) ;
#3388 = CARTESIAN_POINT ( 'NONE',  ( 32.88046532517446252, 176.7803523830567940, -32.88046532517445542 ) ) ;
#3389 = CARTESIAN_POINT ( 'NONE',  ( -50.59218501756915742, 120.2343318316845853, 39.91748297430893189 ) ) ;
#3390 = ADVANCED_FACE ( 'NONE', ( #6349 ), #9468, .F. ) ;
#3391 = CARTESIAN_POINT ( 'NONE',  ( -28.75104949436352442, 66.80701258836774059, -37.00988115598541128 ) ) ;
#3392 = CARTESIAN_POINT ( 'NONE',  ( 47.10000000000000142, 30.00000000000000000, -2.500000000000000000 ) ) ;
#3393 = FACE_OUTER_BOUND ( 'NONE', #6976, .T. ) ;
#3394 = ORIENTED_EDGE ( 'NONE', *, *, #8293, .F. ) ;
#3395 = ORIENTED_EDGE ( 'NONE', *, *, #2431, .F. ) ;
#3396 = CARTESIAN_POINT ( 'NONE',  ( 36.08140240266997978, 58.70654625247946257, 29.67952824767894882 ) ) ;
#3397 = CARTESIAN_POINT ( 'NONE',  ( -50.38968031787179314, 112.7299032302373263, -40.11998767400631749 ) ) ;
#3398 = CARTESIAN_POINT ( 'NONE',  ( 40.92961328274397204, 96.97051065983893636, 49.58005470913415280 ) ) ;
#3399 = EDGE_CURVE ( 'NONE', #175, #7021, #1478, .T. ) ;
#3400 = CARTESIAN_POINT ( 'NONE',  ( 49.93783009309770904, 143.4569695494772930, -40.57183789878038027 ) ) ;
#3401 = CARTESIAN_POINT ( 'NONE',  ( 32.36658742414860512, 170.3459842883255817, -38.11112295582965714 ) ) ;
#3402 = CARTESIAN_POINT ( 'NONE',  ( 0.000000000000000000, 54.99999999999999289, 50.00000000000000000 ) ) ;
#3403 = VERTEX_POINT ( 'NONE', #2811 ) ;
#3404 = CARTESIAN_POINT ( 'NONE',  ( 40.92961328274397204, 96.97051065983893636, 49.58005470913415280 ) ) ;
#3405 = CARTESIAN_POINT ( 'NONE',  ( 47.00000000000000000, 184.1311746075469955, 1.825843266918902863 ) ) ;
#3406 = ORIENTED_EDGE ( 'NONE', *, *, #5811, .T. ) ;
#3407 = CARTESIAN_POINT ( 'NONE',  ( 40.33924585287350340, 140.4589426390626272, -50.17042213900458592 ) ) ;
#3408 = CARTESIAN_POINT ( 'NONE',  ( -29.98132752230960918, 145.5000000000000000, 35.77960312803930520 ) ) ;
#3409 = CARTESIAN_POINT ( 'NONE',  ( -44.20390395962769503, 59.33385514974001751, -46.30576403225040849 ) ) ;
#3410 = ORIENTED_EDGE ( 'NONE', *, *, #6325, .T. ) ;
#3411 = CARTESIAN_POINT ( 'NONE',  ( 41.00000000000000000, 320.0000000000000000, -21.00000000000000000 ) ) ;
#3412 = CARTESIAN_POINT ( 'NONE',  ( 46.99995953443368535, 213.0498834747164381, -0.1393498690075949120 ) ) ;
#3413 = DIRECTION ( 'NONE',  ( -0.000000000000000000, -1.000000000000000000, -0.000000000000000000 ) ) ;
#3414 = EDGE_CURVE ( 'NONE', #6398, #214, #6584, .T. ) ;
#3415 = CARTESIAN_POINT ( 'NONE',  ( 24.55371574811972479, 145.7020373835961777, -41.20721490222918959 ) ) ;
#3416 = CARTESIAN_POINT ( 'NONE',  ( -50.17042213900457881, 140.4589426390626556, 40.33924585287351050 ) ) ;
#3417 = ORIENTED_EDGE ( 'NONE', *, *, #8934, .T. ) ;
#3418 = DIRECTION ( 'NONE',  ( -0.9743700647852351349, 0.000000000000000000, 0.2249510543438649757 ) ) ;
#3419 = CARTESIAN_POINT ( 'NONE',  ( 49.74986063416525894, 145.8271779734263021, 40.75980735771284458 ) ) ;
#3420 = LINE ( 'NONE', #8614, #5027 ) ;
#3421 = CARTESIAN_POINT ( 'NONE',  ( -34.15356504387186476, 43.91303109689122408, 35.98579126513809001 ) ) ;
#3422 = CARTESIAN_POINT ( 'NONE',  ( 50.49399183426302073, 134.5090890707682547, 40.01567615761508989 ) ) ;
#3423 = EDGE_CURVE ( 'NONE', #9587, #9618, #7537, .T. ) ;
#3424 = CARTESIAN_POINT ( 'NONE',  ( -25.16506350946111681, 35.50000000000000000, -38.58716857408416701 ) ) ;
#3425 = EDGE_CURVE ( 'NONE', #8980, #1454, #5203, .T. ) ;
#3426 = EDGE_LOOP ( 'NONE', ( #4245, #5103, #8599, #3054 ) ) ;
#3427 = CARTESIAN_POINT ( 'NONE',  ( -25.71506350946109265, 30.00000000000000000, 39.53979651824707275 ) ) ;
#3428 = CARTESIAN_POINT ( 'NONE',  ( 45.66087598006104287, 35.50000000000000000, -11.55397787489160066 ) ) ;
#3429 = VERTEX_POINT ( 'NONE', #3621 ) ;
#3430 = CARTESIAN_POINT ( 'NONE',  ( -37.57616459432502154, 54.99999999999999289, -32.98532786528268446 ) ) ;
#3431 = FACE_OUTER_BOUND ( 'NONE', #7986, .T. ) ;
#3432 = ORIENTED_EDGE ( 'NONE', *, *, #8782, .T. ) ;
#3433 = CARTESIAN_POINT ( 'NONE',  ( 108.0000000000000000, 212.2520230457143668, -1.564538599336978475 ) ) ;
#3434 = DIRECTION ( 'NONE',  ( 0.000000000000000000, 1.000000000000000000, 0.000000000000000000 ) ) ;
#3435 = VECTOR ( 'NONE', #2028, 1000.000000000000114 ) ;
#3436 = CARTESIAN_POINT ( 'NONE',  ( 43.97682058470661559, 61.44371818057052792, -46.53284740717148082 ) ) ;
#3437 = CARTESIAN_POINT ( 'NONE',  ( -31.31356217171365230, 45.71524904810724621, -34.44736847863528340 ) ) ;
#3438 = CARTESIAN_POINT ( 'NONE',  ( 34.08013337475412641, 43.01938849801626930, 31.68079727559481995 ) ) ;
#3439 = AXIS2_PLACEMENT_3D ( 'NONE', #1055, #7663, #1837 ) ;
#3440 = DIRECTION ( 'NONE',  ( 0.000000000000000000, -1.000000000000000000, 0.000000000000000000 ) ) ;
#3441 = VERTEX_POINT ( 'NONE', #2990 ) ;
#3442 = ORIENTED_EDGE ( 'NONE', *, *, #2230, .T. ) ;
#3443 = CARTESIAN_POINT ( 'NONE',  ( 39.91996775807773901, 130.9941881811295445, 50.58970023380037162 ) ) ;
#3444 = CARTESIAN_POINT ( 'NONE',  ( 49.09999999999999432, 264.0000000000000000, 3.500000000000000000 ) ) ;
#3445 = CARTESIAN_POINT ( 'NONE',  ( 32.16823240588158228, 39.48056780803436538, -33.59269824446733566 ) ) ;
#3446 = EDGE_CURVE ( 'NONE', #2153, #6929, #8467, .T. ) ;
#3447 = CARTESIAN_POINT ( 'NONE',  ( 34.68057595339049470, 175.3233815820528321, -31.08035469695841968 ) ) ;
#3448 = CARTESIAN_POINT ( 'NONE',  ( 37.63774848785701010, 171.0050973860462875, -32.91604603027191445 ) ) ;
#3449 = CARTESIAN_POINT ( 'NONE',  ( 49.74986063416524473, 145.8271779734263021, -40.75980735771283747 ) ) ;
#3450 = ORIENTED_EDGE ( 'NONE', *, *, #7773, .F. ) ;
#3451 = FACE_OUTER_BOUND ( 'NONE', #6727, .T. ) ;
#3452 = CARTESIAN_POINT ( 'NONE',  ( 108.0000000000000000, 211.2349972917180025, 1.554547180778681703 ) ) ;
#3453 = ORIENTED_EDGE ( 'NONE', *, *, #4263, .T. ) ;
#3454 = CARTESIAN_POINT ( 'NONE',  ( 33.59269824446733566, 39.48056780803440091, -32.16823240588158228 ) ) ;
#3455 = DIRECTION ( 'NONE',  ( 0.000000000000000000, 1.000000000000000000, 0.000000000000000000 ) ) ;
#3456 = FACE_OUTER_BOUND ( 'NONE', #5590, .T. ) ;
#3457 = ORIENTED_EDGE ( 'NONE', *, *, #5396, .F. ) ;
#3458 = CARTESIAN_POINT ( 'NONE',  ( -107.9999999999999858, 189.2661038502330939, 0.2768941404019777952 ) ) ;
#3459 = LINE ( 'NONE', #435, #2751 ) ;
#3460 = ADVANCED_FACE ( 'NONE', ( #1384 ), #8184, .T. ) ;
#3461 = DIRECTION ( 'NONE',  ( -0.000000000000000000, 1.000000000000000000, -0.000000000000000000 ) ) ;
#3462 = CARTESIAN_POINT ( 'NONE',  ( 30.12822377908831584, 54.97802726448587407, -35.63270687126060210 ) ) ;
#3463 = CARTESIAN_POINT ( 'NONE',  ( -50.59218501756915742, 120.2343318316845853, 39.91748297430893189 ) ) ;
#3464 = ORIENTED_EDGE ( 'NONE', *, *, #6567, .T. ) ;
#3465 = DIRECTION ( 'NONE',  ( -0.5000000000000004441, 0.000000000000000000, -0.8660254037844382635 ) ) ;
#3466 = CARTESIAN_POINT ( 'NONE',  ( -25.71506350946111752, 39.50000000000000000, -39.53979651824705144 ) ) ;
#3467 = CARTESIAN_POINT ( 'NONE',  ( 47.45182215504095780, 264.0000000000000000, -10.95511634654622490 ) ) ;
#3468 = DIRECTION ( 'NONE',  ( -0.9743700647852351349, -0.000000000000000000, 0.2249510543438649757 ) ) ;
#3469 = CARTESIAN_POINT ( 'NONE',  ( 41.20721490222918959, 145.7020373835961493, 24.55371574811973545 ) ) ;
#3470 = CARTESIAN_POINT ( 'NONE',  ( -49.93783009309770193, 143.4569695494772645, 40.57183789878038738 ) ) ;
#3471 = ORIENTED_EDGE ( 'NONE', *, *, #5121, .F. ) ;
#3472 = DIRECTION ( 'NONE',  ( -0.000000000000000000, 0.000000000000000000, 1.000000000000000000 ) ) ;
#3473 = CARTESIAN_POINT ( 'NONE',  ( -34.81447876247083428, 48.51213425699023674, -30.94645188787811207 ) ) ;
#3474 = ORIENTED_EDGE ( 'NONE', *, *, #6863, .F. ) ;
#3475 = CARTESIAN_POINT ( 'NONE',  ( -42.02959319973520991, 110.0851088579780139, -27.08565407319098384 ) ) ;
#3476 = EDGE_CURVE ( 'NONE', #6226, #819, #1867, .T. ) ;
#3477 = CARTESIAN_POINT ( 'NONE',  ( -46.99104037128101652, 212.5292492343677395, -0.9172490628406658741 ) ) ;
#3478 = ORIENTED_EDGE ( 'NONE', *, *, #3160, .F. ) ;
#3479 = LINE ( 'NONE', #2703, #6152 ) ;
#3480 = CARTESIAN_POINT ( 'NONE',  ( -21.38493649053892653, 30.00000000000000000, -42.03979651824705144 ) ) ;
#3481 = PLANE ( 'NONE',  #4909 ) ;
#3482 = ADVANCED_FACE ( 'NONE', ( #5645 ), #4829, .F. ) ;
#3483 = B_SPLINE_CURVE_WITH_KNOTS ( 'NONE', 3,
 ( #298, #3282, #9204, #2554 ),
 .UNSPECIFIED., .F., .F.,
 ( 4, 4 ),
 ( 0.000000000000000000, 0.01571456849098296082 ),
 .UNSPECIFIED. ) ;
#3484 = CARTESIAN_POINT ( 'NONE',  ( 30.02250515210871029, 57.99999999999999289, -36.16138306720323925 ) ) ;
#3485 = CARTESIAN_POINT ( 'NONE',  ( 45.25483399593905176, 94.50000000000000000, 45.25483399593905176 ) ) ;
#3486 = FACE_OUTER_BOUND ( 'NONE', #8698, .T. ) ;
#3487 = EDGE_LOOP ( 'NONE', ( #11, #8539, #7460, #5471 ) ) ;
#3488 = EDGE_LOOP ( 'NONE', ( #4905, #8957, #7192, #313, #8625 ) ) ;
#3489 = CARTESIAN_POINT ( 'NONE',  ( 50.49399183426302073, 134.5090890707682547, 40.01567615761508989 ) ) ;
#3490 = CARTESIAN_POINT ( 'NONE',  ( -34.44736847863528340, 45.71524904810726753, -31.31356217171364520 ) ) ;
#3491 = LINE ( 'NONE', #9514, #9431 ) ;
#3492 = AXIS2_PLACEMENT_3D ( 'NONE', #4731, #4007, #8479 ) ;
#3493 = CARTESIAN_POINT ( 'NONE',  ( -38.73382223729372242, 264.0000000000000000, -29.18802862287433086 ) ) ;
#3494 = B_SPLINE_CURVE_WITH_KNOTS ( 'NONE', 3,
 ( #4356, #3628, #710, #7323 ),
 .UNSPECIFIED., .F., .F.,
 ( 4, 4 ),
 ( 6.938893903907228378E-18, 0.009128091185150842210 ),
 .UNSPECIFIED. ) ;
#3495 = CARTESIAN_POINT ( 'NONE',  ( -37.24544780204604422, 68.33317720493209890, 28.67738455632914096 ) ) ;
#3496 = CARTESIAN_POINT ( 'NONE',  ( 34.77817033144835079, 172.3210456249873062, -35.92463511080489980 ) ) ;
#3497 = CARTESIAN_POINT ( 'NONE',  ( 0.000000000000000000, 268.0000000000000000, 0.000000000000000000 ) ) ;
#3498 = ORIENTED_EDGE ( 'NONE', *, *, #1175, .T. ) ;
#3499 = CARTESIAN_POINT ( 'NONE',  ( -39.96209002659447407, 116.5874508295665635, -50.54757796528363656 ) ) ;
#3500 = CARTESIAN_POINT ( 'NONE',  ( 47.00000000000000000, 194.9311061388173130, 2.395508128715533758 ) ) ;
#3501 = EDGE_LOOP ( 'NONE', ( #2363, #2955, #5156, #9218, #5538, #2462, #3478, #521, #6202, #2409 ) ) ;
#3502 = CARTESIAN_POINT ( 'NONE',  ( -28.26772415252452930, 71.28898199371604960, 37.49320649782438863 ) ) ;
#3503 = CARTESIAN_POINT ( 'NONE',  ( 45.27309784010298443, 35.50000000000000000, -11.45585492054007837 ) ) ;
#3504 = CARTESIAN_POINT ( 'NONE',  ( 0.000000000000000000, 54.99999999999999289, 0.000000000000000000 ) ) ;
#3505 = ORIENTED_EDGE ( 'NONE', *, *, #4874, .T. ) ;
#3506 = VECTOR ( 'NONE', #8446, 999.9999999999998863 ) ;
#3507 = CARTESIAN_POINT ( 'NONE',  ( -47.00000000000000000, 270.7203451527292941, -2.717380838160957008E-16 ) ) ;
#3508 = AXIS2_PLACEMENT_3D ( 'NONE', #6189, #9158, #8427 ) ;
#3509 = CARTESIAN_POINT ( 'NONE',  ( -5.898476220809131476, 264.0000000000000000, 48.03923373943999309 ) ) ;
#3510 = CARTESIAN_POINT ( 'NONE',  ( -50.64418028391641968, 124.0985968565961315, -39.86548770796169094 ) ) ;
#3511 = VECTOR ( 'NONE', #1803, 1000.000000000000000 ) ;
#3512 = CARTESIAN_POINT ( 'NONE',  ( 43.19369017679609613, 69.12979561808752749, -47.31597781508199319 ) ) ;
#3513 = CARTESIAN_POINT ( 'NONE',  ( -29.70024544798695132, 172.9891755310163433, 36.43109891601260841 ) ) ;
#3514 = ORIENTED_EDGE ( 'NONE', *, *, #7550, .T. ) ;
#3515 = VECTOR ( 'NONE', #2802, 1000.000000000000114 ) ;
#3516 = CARTESIAN_POINT ( 'NONE',  ( -34.01183617507293633, 145.5000000000000000, -28.21356056934323675 ) ) ;
#3517 = CARTESIAN_POINT ( 'NONE',  ( 35.06995688179168269, 49.00211377389214817, -31.16249184016698237 ) ) ;
#3518 = CARTESIAN_POINT ( 'NONE',  ( 0.000000000000000000, 275.0000000000000000, 0.000000000000000000 ) ) ;
#3519 = CARTESIAN_POINT ( 'NONE',  ( 108.0000000000000142, 216.5326798399412382, -1.397826202467195911 ) ) ;
#3520 = VECTOR ( 'NONE', #6688, 1000.000000000000000 ) ;
#3521 = ADVANCED_FACE ( 'NONE', ( #4876 ), #7020, .T. ) ;
#3522 = CARTESIAN_POINT ( 'NONE',  ( 49.31902728797151525, 148.1781441586251162, 41.19064070390659538 ) ) ;
#3523 = AXIS2_PLACEMENT_3D ( 'NONE', #7608, #157, #6931 ) ;
#3524 = CARTESIAN_POINT ( 'NONE',  ( -50.58970023380035741, 130.9941881811295445, 39.91996775807773190 ) ) ;
#3525 = ORIENTED_EDGE ( 'NONE', *, *, #1754, .F. ) ;
#3526 = CIRCLE ( 'NONE', #6440, 46.99996213765929554 ) ;
#3527 = CARTESIAN_POINT ( 'NONE',  ( -49.58005470913414570, 96.97051065983893636, -40.92961328274397204 ) ) ;
#3528 = EDGE_LOOP ( 'NONE', ( #5068, #3580 ) ) ;
#3529 = DIRECTION ( 'NONE',  ( 0.7071067811865475727, 0.000000000000000000, -0.7071067811865475727 ) ) ;
#3530 = CARTESIAN_POINT ( 'NONE',  ( 28.21356056934323320, 145.5000000000000000, -34.01183617507293633 ) ) ;
#3531 = CARTESIAN_POINT ( 'NONE',  ( -49.95195503535315851, 192.5606852518236849, -2.204732956139140221 ) ) ;
#3532 = CARTESIAN_POINT ( 'NONE',  ( 0.000000000000000000, 52.00000000000000000, 46.97059542429541068 ) ) ;
#3533 = CIRCLE ( 'NONE', #3368, 46.50000000000000000 ) ;
#3534 = CARTESIAN_POINT ( 'NONE',  ( 0.000000000000000000, 30.00000000000000000, 0.000000000000000000 ) ) ;
#3535 = CARTESIAN_POINT ( 'NONE',  ( -34.80028685661174137, 38.39089156305783490, 34.65886550037443925 ) ) ;
#3536 = CARTESIAN_POINT ( 'NONE',  ( -30.12822377908832649, 54.97802726448586697, -35.63270687126060210 ) ) ;
#3537 = DIRECTION ( 'NONE',  ( -1.000000000000000000, 0.000000000000000000, 0.000000000000000000 ) ) ;
#3538 = ADVANCED_FACE ( 'NONE', ( #2649 ), #4155, .T. ) ;
#3539 = CARTESIAN_POINT ( 'NONE',  ( 41.46658174736685254, 131.8280114082709815, 24.29434890298207961 ) ) ;
#3540 = VERTEX_POINT ( 'NONE', #4784 ) ;
#3541 = ORIENTED_EDGE ( 'NONE', *, *, #6110, .F. ) ;
#3542 = CARTESIAN_POINT ( 'NONE',  ( 41.45303252024856278, 89.40149471062305508, 49.05663547162955496 ) ) ;
#3543 = CARTESIAN_POINT ( 'NONE',  ( -36.08140240266998688, 58.70654625247947678, -29.67952824767895947 ) ) ;
#3544 = CARTESIAN_POINT ( 'NONE',  ( 40.92961328274395783, 96.97051065983893636, -49.58005470913413859 ) ) ;
#3545 = CARTESIAN_POINT ( 'NONE',  ( -35.63270687126059499, 54.97802726448587407, 30.12822377908832294 ) ) ;
#3546 = FACE_OUTER_BOUND ( 'NONE', #1881, .T. ) ;
#3547 = CARTESIAN_POINT ( 'NONE',  ( -25.16506350946109194, 39.50000000000000000, 38.58716857408418832 ) ) ;
#3548 = CARTESIAN_POINT ( 'NONE',  ( -50.54757796528364366, 116.5874508295665777, -39.96209002659446696 ) ) ;
#3549 = DIRECTION ( 'NONE',  ( 0.8660254037844387076, 0.000000000000000000, 0.4999999999999997780 ) ) ;
#3550 = EDGE_CURVE ( 'NONE', #6414, #4175, #7750, .T. ) ;
#3551 = ORIENTED_EDGE ( 'NONE', *, *, #9360, .T. ) ;
#3552 = CARTESIAN_POINT ( 'NONE',  ( 33.17716150233879802, 36.58494384897175422, -32.58376914801011992 ) ) ;
#3553 = CARTESIAN_POINT ( 'NONE',  ( 0.000000000000000000, 145.5000000000000000, 0.000000000000000000 ) ) ;
#3554 = CARTESIAN_POINT ( 'NONE',  ( -32.16823240588158228, 39.48056780803440091, -33.59269824446734987 ) ) ;
#3555 = VERTEX_POINT ( 'NONE', #3382 ) ;
#3556 = CARTESIAN_POINT ( 'NONE',  ( -107.9999999999999858, 193.5126614618645817, 0.6599525275824663639 ) ) ;
#3557 = CARTESIAN_POINT ( 'NONE',  ( 46.99255975965463250, 212.6450684569868486, -0.8397189570709606699 ) ) ;
#3558 = EDGE_CURVE ( 'NONE', #4419, #2627, #6236, .T. ) ;
#3559 = FACE_OUTER_BOUND ( 'NONE', #4248, .T. ) ;
#3560 = CARTESIAN_POINT ( 'NONE',  ( 31.31356217171363099, 45.71524904810726753, -34.44736847863527629 ) ) ;
#3561 = CARTESIAN_POINT ( 'NONE',  ( -29.31276646092285532, 172.3850631284892643, 36.74166306702388596 ) ) ;
#3562 = ORIENTED_EDGE ( 'NONE', *, *, #7631, .T. ) ;
#3563 = DIRECTION ( 'NONE',  ( 0.000000000000000000, -1.000000000000000000, 0.000000000000000000 ) ) ;
#3564 = CARTESIAN_POINT ( 'NONE',  ( 26.00954371031357226, 95.69680212022356613, -39.75138694003533857 ) ) ;
#3565 = CARTESIAN_POINT ( 'NONE',  ( 107.9999999999999858, 196.5653704246423956, -0.8992161131770318727 ) ) ;
#3566 = CARTESIAN_POINT ( 'NONE',  ( 48.76789381400745782, 85.62404022679615423, 41.74177417787063860 ) ) ;
#3567 = CARTESIAN_POINT ( 'NONE',  ( -37.00988115598539707, 66.80701258836775480, 28.75104949436351731 ) ) ;
#3568 = VERTEX_POINT ( 'NONE', #7895 ) ;
#3569 = CARTESIAN_POINT ( 'NONE',  ( -37.00988115598540418, 66.80701258836775480, -28.75104949436352442 ) ) ;
#3570 = ORIENTED_EDGE ( 'NONE', *, *, #1294, .F. ) ;
#3571 = CARTESIAN_POINT ( 'NONE',  ( -39.18957825873931711, 168.0308239955369061, -31.05252923575453750 ) ) ;
#3572 = CARTESIAN_POINT ( 'NONE',  ( 48.37354648979130189, 268.0000000000000000, -3.499999999999999556 ) ) ;
#3573 = ORIENTED_EDGE ( 'NONE', *, *, #7724, .F. ) ;
#3574 = FACE_OUTER_BOUND ( 'NONE', #4819, .T. ) ;
#3575 = CARTESIAN_POINT ( 'NONE',  ( -28.75104949436351376, 66.80701258836774059, 37.00988115598539707 ) ) ;
#3576 = CARTESIAN_POINT ( 'NONE',  ( 0.000000000000000000, 0.000000000000000000, -46.50000000000000000 ) ) ;
#3577 = FACE_OUTER_BOUND ( 'NONE', #7785, .T. ) ;
#3578 = DIRECTION ( 'NONE',  ( 0.000000000000000000, 1.000000000000000000, 0.000000000000000000 ) ) ;
#3579 = CARTESIAN_POINT ( 'NONE',  ( 0.000000000000000000, 275.0000000000000000, 0.000000000000000000 ) ) ;
#3580 = ORIENTED_EDGE ( 'NONE', *, *, #3655, .F. ) ;
#3581 = CARTESIAN_POINT ( 'NONE',  ( 26.53717206652077820, 163.8347417721553541, 39.22375858382816460 ) ) ;
#3582 = CARTESIAN_POINT ( 'NONE',  ( -41.59764216673602277, 150.5005888525397495, -48.91202582514209496 ) ) ;
#3583 = DIRECTION ( 'NONE',  ( 0.7071067811865472397, 0.000000000000000000, -0.7071067811865479058 ) ) ;
#3584 = CARTESIAN_POINT ( 'NONE',  ( -45.46696603029500494, 52.00000000000000000, 45.04270196158308437 ) ) ;
#3585 = CARTESIAN_POINT ( 'NONE',  ( 46.99716309754730759, 211.0823190930017290, 0.5282718661745081645 ) ) ;
#3586 = AXIS2_PLACEMENT_3D ( 'NONE', #220, #1006, #6848 ) ;
#3587 = CARTESIAN_POINT ( 'NONE',  ( -29.70434460654461972, 172.9592403366417841, -36.42405306805229515 ) ) ;
#3588 = CARTESIAN_POINT ( 'NONE',  ( -22.38493649053892298, 275.0000000000000000, -43.77184732581592641 ) ) ;
#3589 = DIRECTION ( 'NONE',  ( -0.7071067811865475727, 0.000000000000000000, -0.7071067811865475727 ) ) ;
#3590 = VERTEX_POINT ( 'NONE', #3428 ) ;
#3591 = ORIENTED_EDGE ( 'NONE', *, *, #6946, .F. ) ;
#3592 = CARTESIAN_POINT ( 'NONE',  ( 45.77674598141884843, 54.62836855260157876, -44.73292201045924088 ) ) ;
#3593 = CYLINDRICAL_SURFACE ( 'NONE', #7983, 46.99996213765929554 ) ;
#3594 = LINE ( 'NONE', #4408, #2434 ) ;
#3595 = VERTEX_POINT ( 'NONE', #7066 ) ;
#3596 = CARTESIAN_POINT ( 'NONE',  ( -108.0000000000000000, 206.2805933915487060, 1.450619313817413714 ) ) ;
#3597 = LINE ( 'NONE', #5959, #7225 ) ;
#3598 = CARTESIAN_POINT ( 'NONE',  ( -29.98132752230963405, 94.50000000000000000, -35.77960312803931231 ) ) ;
#3599 = CARTESIAN_POINT ( 'NONE',  ( 44.58347426246771050, 55.93620152028918824, -45.92619372941037170 ) ) ;
#3600 = LINE ( 'NONE', #7253, #2662 ) ;
#3601 = ORIENTED_EDGE ( 'NONE', *, *, #5729, .T. ) ;
#3602 = DIRECTION ( 'NONE',  ( -0.000000000000000000, -1.000000000000000000, -0.000000000000000000 ) ) ;
#3603 = DIRECTION ( 'NONE',  ( -0.8660254037844387076, 0.000000000000000000, -0.4999999999999998335 ) ) ;
#3604 = CARTESIAN_POINT ( 'NONE',  ( 47.00000000000000000, 269.1626897086180179, -0.8761597236124034627 ) ) ;
#3605 = CARTESIAN_POINT ( 'NONE',  ( 31.08035469695843389, 175.3233815820528605, 34.68057595339049470 ) ) ;
#3606 = DIRECTION ( 'NONE',  ( 0.000000000000000000, 0.000000000000000000, -1.000000000000000000 ) ) ;
#3607 = ORIENTED_EDGE ( 'NONE', *, *, #4367, .F. ) ;
#3608 = ADVANCED_FACE ( 'NONE', ( #4102 ), #4054, .T. ) ;
#3609 = CARTESIAN_POINT ( 'NONE',  ( -45.46696603029501915, 52.00000000000000000, -45.04270196158309147 ) ) ;
#3610 = ADVANCED_FACE ( 'NONE', ( #2556 ), #3284, .F. ) ;
#3611 = ORIENTED_EDGE ( 'NONE', *, *, #150, .T. ) ;
#3612 = CARTESIAN_POINT ( 'NONE',  ( -40.24733569863605709, 157.6066838202881399, -25.51359495171287861 ) ) ;
#3613 = DIRECTION ( 'NONE',  ( -0.9205048534524403747, 0.000000000000000000, 0.3907311284892737158 ) ) ;
#3614 = ORIENTED_EDGE ( 'NONE', *, *, #909, .F. ) ;
#3615 = DIRECTION ( 'NONE',  ( -1.000000000000000000, 0.000000000000000000, 0.000000000000000000 ) ) ;
#3616 = CARTESIAN_POINT ( 'NONE',  ( -24.39235554936073669, 141.0186408901463153, 41.36857510098818125 ) ) ;
#3617 = CARTESIAN_POINT ( 'NONE',  ( 47.93900718743357459, 268.0000000000000000, -11.06759187371815933 ) ) ;
#3618 = CARTESIAN_POINT ( 'NONE',  ( 30.50535599246782681, 52.00000000784751109, -35.25557465788109113 ) ) ;
#3619 = B_SPLINE_CURVE_WITH_KNOTS ( 'NONE', 3,
 ( #3192, #9211, #1872, #2561, #5511, #8485, #4643, #4059, #1773, #7799, #9163, #1134, #4014, #3387, #6933, #2654, #6145, #7610, #1828, #9119, #4738, #5463, #4789, #2609, #1090, #7025, #5561, #352, #4108, #9267, #8383 ),
 .UNSPECIFIED., .F., .F.,
 ( 4, 1, 1, 1, 1, 1, 1, 1, 1, 1, 1, 1, 1, 1, 1, 1, 1, 1, 1, 1, 1, 1, 1, 1, 1, 1, 1, 1, 4 ),
 ( 0.000000000000000000, 0.006232979306320806864, 0.02461339579161693492, 0.05420483296167832865, 0.09350669060714099368, 0.1405342250060607479, 0.1929186024039734881, 0.2480252474747844382, 0.3030897219878512239, 0.3553669908744937489, 0.4022832416398304245, 0.4415771578883115334, 0.4714347921258625895, 0.4907041958757833999, 0.5000000000000000000, 0.5092958041242166001, 0.5285652078741374105, 0.5584228421116885777, 0.5977167583601695755, 0.6446330091255062511, 0.6969102780121487761, 0.7519747525252156173, 0.8070813975960264841, 0.8594657749939392799, 0.9064933093928589924, 0.9457951670383216713, 0.9753866042083830790, 0.9937670206936791706, 1.000000000000000000 ),
 .UNSPECIFIED. ) ;
#3620 = CARTESIAN_POINT ( 'NONE',  ( -32.66833329081848802, 36.00000000000000000, 33.09259735953042991 ) ) ;
#3621 = CARTESIAN_POINT ( 'NONE',  ( 36.16138306720323925, 57.99999999999999289, 30.02250515210871740 ) ) ;
#3622 = ORIENTED_EDGE ( 'NONE', *, *, #8585, .F. ) ;
#3623 = CARTESIAN_POINT ( 'NONE',  ( 40.33924585287351761, 140.4589426390626556, 50.17042213900459302 ) ) ;
#3624 = CARTESIAN_POINT ( 'NONE',  ( -24.96626355950891352, 111.3121957717727071, -40.79466709084002218 ) ) ;
#3625 = CARTESIAN_POINT ( 'NONE',  ( 42.62031228415365547, 75.23276251545789250, -47.88935570772444095 ) ) ;
#3626 = CARTESIAN_POINT ( 'NONE',  ( 41.00000000000000000, 320.0000000000000000, -21.00000000000000000 ) ) ;
#3627 = CARTESIAN_POINT ( 'NONE',  ( -36.72941530738230398, 63.16230588991587780, 29.33832402439912101 ) ) ;
#3628 = CARTESIAN_POINT ( 'NONE',  ( -35.06995688179174664, 49.00211377389248213, -31.16249184016693974 ) ) ;
#3629 = CARTESIAN_POINT ( 'NONE',  ( 43.19369017679609613, 69.12979561808752749, -47.31597781508199319 ) ) ;
#3630 = DIRECTION ( 'NONE',  ( 0.000000000000000000, -1.000000000000000000, -0.000000000000000000 ) ) ;
#3631 = ORIENTED_EDGE ( 'NONE', *, *, #5153, .T. ) ;
#3632 = ORIENTED_EDGE ( 'NONE', *, *, #1294, .T. ) ;
#3633 = VECTOR ( 'NONE', #6384, 1000.000000000000000 ) ;
#3634 = CARTESIAN_POINT ( 'NONE',  ( 46.30576403225039428, 59.33385514974001751, -44.20390395962768793 ) ) ;
#3635 = CARTESIAN_POINT ( 'NONE',  ( 45.27309784010298443, 39.50000000000000000, -11.45585492054007837 ) ) ;
#3636 = CARTESIAN_POINT ( 'NONE',  ( 36.46736499287372624, 173.1609393494194080, 29.29356565747520236 ) ) ;
#3637 = CARTESIAN_POINT ( 'NONE',  ( -108.0000000000000142, 219.0159610516838029, 1.126926010874051309 ) ) ;
#3638 = CARTESIAN_POINT ( 'NONE',  ( 45.27309784010298443, 35.50000000000000000, -11.45585492054007837 ) ) ;
#3639 = CARTESIAN_POINT ( 'NONE',  ( -40.11998767400632460, 112.7299032302373263, -50.38968031787179314 ) ) ;
#3640 = EDGE_CURVE ( 'NONE', #4550, #314, #7843, .T. ) ;
#3641 = DIRECTION ( 'NONE',  ( -0.000000000000000000, 1.000000000000000000, -0.000000000000000000 ) ) ;
#3642 = CARTESIAN_POINT ( 'NONE',  ( 84.99999999999998579, 212.0000000000000000, -1.050000000000000044 ) ) ;
#3643 = ADVANCED_FACE ( 'NONE', ( #9262 ), #9206, .F. ) ;
#3644 = EDGE_LOOP ( 'NONE', ( #5788, #1836 ) ) ;
#3645 = CIRCLE ( 'NONE', #382, 46.97059542429539647 ) ;
#3646 = CARTESIAN_POINT ( 'NONE',  ( -22.05269856716356358, 268.0000000000000000, 43.19639436232870366 ) ) ;
#3647 = CARTESIAN_POINT ( 'NONE',  ( 31.92684771948880140, 41.21309918220619295, -33.83408293086011298 ) ) ;
#3648 = CARTESIAN_POINT ( 'NONE',  ( 47.00000000000000000, 262.3741519413206333, 2.327531496599665850 ) ) ;
#3649 = CARTESIAN_POINT ( 'NONE',  ( 45.04270196158309147, 52.00000000000000000, 45.46696603029501915 ) ) ;
#3650 = VECTOR ( 'NONE', #672, 1000.000000000000114 ) ;
#3651 = CARTESIAN_POINT ( 'NONE',  ( 49.89299158671180834, 219.3211832684615672, 3.272449769041413159 ) ) ;
#3652 = EDGE_CURVE ( 'NONE', #8611, #7397, #4198, .T. ) ;
#3653 = VECTOR ( 'NONE', #7694, 1000.000000000000114 ) ;
#3654 = ORIENTED_EDGE ( 'NONE', *, *, #6601, .F. ) ;
#3655 = EDGE_CURVE ( 'NONE', #5583, #4851, #7075, .T. ) ;
#3656 = ORIENTED_EDGE ( 'NONE', *, *, #3550, .T. ) ;
#3657 = CARTESIAN_POINT ( 'NONE',  ( -45.25483399593905176, 158.6226686892998146, -45.25483399593905176 ) ) ;
#3658 = CARTESIAN_POINT ( 'NONE',  ( 84.99999999999998579, 212.0000000000000000, 1.050000000000000044 ) ) ;
#3659 = CARTESIAN_POINT ( 'NONE',  ( -49.87865280791457678, 237.1744815696540911, -3.481378554180692309 ) ) ;
#3660 = VECTOR ( 'NONE', #2911, 1000.000000000000000 ) ;
#3661 = LINE ( 'NONE', #7350, #1817 ) ;
#3662 = CARTESIAN_POINT ( 'NONE',  ( -27.32702615385185396, 80.61020279584469961, 38.43390449649707108 ) ) ;
#3663 = CARTESIAN_POINT ( 'NONE',  ( 36.46736499287372624, 173.1609393494194080, -29.29356565747519880 ) ) ;
#3664 = CARTESIAN_POINT ( 'NONE',  ( 35.45892271379209149, 172.4006591004294933, -35.25181839961086894 ) ) ;
#3665 = EDGE_CURVE ( 'NONE', #8894, #9469, #9293, .T. ) ;
#3666 = AXIS2_PLACEMENT_3D ( 'NONE', #8707, #5775, #1213 ) ;
#3667 = PLANE ( 'NONE',  #6448 ) ;
#3668 = CARTESIAN_POINT ( 'NONE',  ( -25.51359495171286085, 157.6066838202880831, 40.24733569863604998 ) ) ;
#3669 = CARTESIAN_POINT ( 'NONE',  ( -26.53717206652076754, 163.8347417721553256, -39.22375858382816460 ) ) ;
#3670 = CARTESIAN_POINT ( 'NONE',  ( 38.43390449649707108, 80.61020279584469961, 27.32702615385186462 ) ) ;
#3671 = ORIENTED_EDGE ( 'NONE', *, *, #1326, .T. ) ;
#3672 = CIRCLE ( 'NONE', #9106, 46.69999999999999574 ) ;
#3673 = DIRECTION ( 'NONE',  ( -0.7071067811865474617, 0.000000000000000000, -0.7071067811865474617 ) ) ;
#3674 = CARTESIAN_POINT ( 'NONE',  ( -46.56268880791240861, 157.2818685057019650, -43.94697918396570202 ) ) ;
#3675 = CARTESIAN_POINT ( 'NONE',  ( 32.88046532517446963, 176.5866740378391455, -32.88046532517444120 ) ) ;
#3676 = CARTESIAN_POINT ( 'NONE',  ( -42.56805623992438115, 133.4434379767849350, 26.22901137448827313 ) ) ;
#3677 = ADVANCED_FACE ( 'NONE', ( #7705 ), #4516, .F. ) ;
#3678 = CARTESIAN_POINT ( 'NONE',  ( -45.46696603029501915, 52.00000000000000000, -45.04270196158309147 ) ) ;
#3679 = CARTESIAN_POINT ( 'NONE',  ( -37.14638582585553195, 171.4065011673031051, -28.79566584424750175 ) ) ;
#3680 = CARTESIAN_POINT ( 'NONE',  ( 26.53717206652076399, 163.8347417721553541, -39.22375858382815039 ) ) ;
#3681 = ORIENTED_EDGE ( 'NONE', *, *, #2674, .F. ) ;
#3682 = FACE_OUTER_BOUND ( 'NONE', #2783, .T. ) ;
#3683 = B_SPLINE_SURFACE_WITH_KNOTS ( 'NONE', 3, 1, ( 
 ( #8754, #5061 ),
 ( #4421, #7390 ),
 ( #535, #729 ),
 ( #5694, #2011 ),
 ( #7934, #1267 ),
 ( #4568, #7535 ),
 ( #9043, #6756 ),
 ( #4518, #3165 ),
 ( #8363, #3742 ),
 ( #7437, #1706 ),
 ( #4470, #919 ),
 ( #972, #6657 ),
 ( #8998, #8316 ),
 ( #6809, #5923 ),
 ( #136, #7483 ),
 ( #770, #1554 ),
 ( #7588, #3119 ),
 ( #3892, #3071 ),
 ( #2236, #873 ),
 ( #5198, #8895 ),
 ( #2290, #2389 ),
 ( #3015, #89 ),
 ( #4619, #8267 ),
 ( #9631, #820 ),
 ( #2971, #2339 ),
 ( #3790, #181 ),
 ( #8169, #5339 ),
 ( #6859, #1508 ),
 ( #6115, #5249 ),
 ( #6705, #35 ),
 ( #6021, #9091 ),
 ( #3846, #2445 ),
 ( #6064, #1658 ),
 ( #5394, #5969 ),
 ( #4667, #8949 ),
 ( #1601, #7635 ),
 ( #8216, #5293 ),
 ( #8738, #9238 ),
 ( #9142, #3267 ),
 ( #4216, #6173 ),
 ( #2489, #8692 ),
 ( #4946, #6218 ),
 ( #5440, #5718 ),
 ( #8409, #1752 ),
 ( #4037, #2035 ),
 ( #6453, #1988 ),
 ( #2079, #3221 ),
 ( #1068, #3993 ),
 ( #567, #4713 ),
 ( #3545, #6503 ),
 ( #1020, #284 ),
 ( #5037, #2717 ),
 ( #7679, #9190 ),
 ( #7184, #6958 ),
 ( #2537, #4995 ),
 ( #7003, #8644 ),
 ( #5487, #8007 ) ),
 .UNSPECIFIED., .F., .F., .F.,
 ( 4, 1, 1, 1, 1, 1, 1, 1, 1, 1, 1, 1, 1, 1, 1, 1, 1, 1, 1, 1, 1, 1, 1, 1, 1, 1, 1, 1, 1, 1, 1, 1, 1, 1, 1, 1, 1, 1, 1, 1, 1, 1, 1, 1, 1, 1, 1, 1, 1, 1, 1, 1, 1, 1, 4 ),
 ( 2, 2 ),
 ( 0.000000000000000000, 0.006185920264467840990, 0.006201962899188698426, 0.02441097605636065315, 0.02448136905349916972, 0.05370574164729763345, 0.05388345649501025819, 0.09253774940744020905, 0.09289034474279105058, 0.1389060332195526937, 0.1395093084148930351, 0.1904437008900517758, 0.1913742588137488654, 0.2445345556009105303, 0.2458629933516659483, 0.2984579075547035831, 0.3002380933255869855, 0.3495648249652614226, 0.3518114771965040188, 0.3954646363279900600, 0.3981158618259910686, 0.4341890767744074897, 0.4370593218643058497, 0.4643545367854607919, 0.4670784500627876423, 0.4855543320873984547, 0.4874746266155715047, 0.5000000000000001110, 0.5125253733844284953, 0.5144456679126017118, 0.5329215499372124132, 0.5356454632145394301, 0.5629406781356941503, 0.5658109232255926768, 0.6018841381740089869, 0.6045353636720101065, 0.6481885228034960367, 0.6504351750347387995, 0.6997619066744130700, 0.7015420924452966389, 0.7541370066483340517, 0.7554654443990895807, 0.8086257411862511901, 0.8095562991099484185, 0.8604906915851070481, 0.8610939667804474729, 0.9071096552572089911, 0.9074622505925599159, 0.9461165435049897487, 0.9462942583527024221, 0.9755186309465009309, 0.9755890239436393330, 0.9937980371008113822, 0.9938140797355320410, 1.000000000000000000 ),
 ( 0.000000000000000000, 1.000000000000000000 ),
 .UNSPECIFIED. ) ;
#3684 = ORIENTED_EDGE ( 'NONE', *, *, #9241, .F. ) ;
#3685 = VERTEX_POINT ( 'NONE', #818 ) ;
#3686 = CARTESIAN_POINT ( 'NONE',  ( -48.18764232538011782, 78.60787726850114154, 42.32202566649796438 ) ) ;
#3687 = DIRECTION ( 'NONE',  ( -0.000000000000000000, -1.000000000000000000, -0.000000000000000000 ) ) ;
#3688 = CARTESIAN_POINT ( 'NONE',  ( 48.76789381400745782, 85.62404022679615423, 41.74177417787063860 ) ) ;
#3689 = CARTESIAN_POINT ( 'NONE',  ( -34.08013314533000937, 43.01938834715528515, -31.68079750501894054 ) ) ;
#3690 = CARTESIAN_POINT ( 'NONE',  ( -108.0000000000000142, 190.3598493564052774, -0.3817261621686082740 ) ) ;
#3691 = DIRECTION ( 'NONE',  ( 0.000000000000000000, -1.000000000000000000, -0.000000000000000000 ) ) ;
#3692 = CARTESIAN_POINT ( 'NONE',  ( -40.92961328274396493, 96.97051065983893636, -49.58005470913414570 ) ) ;
#3693 = DIRECTION ( 'NONE',  ( -0.5000000000000004441, 0.000000000000000000, -0.8660254037844383745 ) ) ;
#3694 = CARTESIAN_POINT ( 'NONE',  ( -28.04587946174962454, 169.6705890994746824, 37.71505118860347494 ) ) ;
#3695 = PLANE ( 'NONE',  #1933 ) ;
#3696 = VERTEX_POINT ( 'NONE', #9458 ) ;
#3697 = CARTESIAN_POINT ( 'NONE',  ( -24.54999999999999716, 264.0000000000000000, 42.52184732581595483 ) ) ;
#3698 = CARTESIAN_POINT ( 'NONE',  ( 24.55371574811972479, 145.7020373835961777, -41.20721490222918959 ) ) ;
#3699 = PLANE ( 'NONE',  #397 ) ;
#3700 = EDGE_CURVE ( 'NONE', #1265, #3118, #4277, .T. ) ;
#3701 = CARTESIAN_POINT ( 'NONE',  ( 49.96638609907423501, 263.8850798290437183, 1.834600412410997139 ) ) ;
#3702 = ORIENTED_EDGE ( 'NONE', *, *, #368, .T. ) ;
#3703 = ORIENTED_EDGE ( 'NONE', *, *, #9259, .T. ) ;
#3704 = CARTESIAN_POINT ( 'NONE',  ( -35.63270687126060920, 54.97802726448587407, -30.12822377908833360 ) ) ;
#3705 = DIRECTION ( 'NONE',  ( 0.8660254037844387076, 0.000000000000000000, 0.4999999999999998335 ) ) ;
#3706 = CARTESIAN_POINT ( 'NONE',  ( -49.98055880591082456, 179.1420416725459575, 1.475636790342401250 ) ) ;
#3707 = DIRECTION ( 'NONE',  ( 0.000000000000000000, 0.000000000000000000, -1.000000000000000000 ) ) ;
#3708 = CARTESIAN_POINT ( 'NONE',  ( -25.51359495171286085, 157.6066838202880831, 40.24733569863604998 ) ) ;
#3709 = ADVANCED_FACE ( 'NONE', ( #9406, #5069 ), #6486, .T. ) ;
#3710 = CARTESIAN_POINT ( 'NONE',  ( 49.05663547162954075, 89.40149471062302666, -41.45303252024854146 ) ) ;
#3711 = ADVANCED_FACE ( 'NONE', ( #544, #1323 ), #5743, .T. ) ;
#3712 = CARTESIAN_POINT ( 'NONE',  ( 0.000000000000000000, 39.50000000000000000, 0.000000000000000000 ) ) ;
#3713 = DIRECTION ( 'NONE',  ( -0.2453073858788025752, 0.000000000000000000, -0.9694453498951389747 ) ) ;
#3714 = CARTESIAN_POINT ( 'NONE',  ( 38.51940243239570805, 169.6266751731259603, 31.87944353149586973 ) ) ;
#3715 = CARTESIAN_POINT ( 'NONE',  ( -44.73292201045923377, 54.62836855260158586, 45.77674598141885554 ) ) ;
#3716 = CARTESIAN_POINT ( 'NONE',  ( -45.04270196158309147, 52.00000000000000000, -45.46696603029501915 ) ) ;
#3717 = CARTESIAN_POINT ( 'NONE',  ( 45.46696603029501915, 52.00000000000000000, 45.04270196158309147 ) ) ;
#3718 = ORIENTED_EDGE ( 'NONE', *, *, #8045, .T. ) ;
#3719 = DIRECTION ( 'NONE',  ( 0.000000000000000000, 0.000000000000000000, -1.000000000000000000 ) ) ;
#3720 = CARTESIAN_POINT ( 'NONE',  ( -39.91996775807773901, 130.9941881811296014, -50.58970023380037162 ) ) ;
#3721 = CARTESIAN_POINT ( 'NONE',  ( 38.43390449649705687, 80.61020279584469961, -27.32702615385185752 ) ) ;
#3722 = CARTESIAN_POINT ( 'NONE',  ( -37.13655121719912700, 39.50000000000000000, -27.98439857657022856 ) ) ;
#3723 = CARTESIAN_POINT ( 'NONE',  ( -32.88046532517444831, 176.5866740378391455, -32.88046532517448384 ) ) ;
#3724 = DIRECTION ( 'NONE',  ( -1.000000000000000000, 0.000000000000000000, 0.000000000000000000 ) ) ;
#3725 = CARTESIAN_POINT ( 'NONE',  ( 27.32702615385185396, 80.61020279584469961, -38.43390449649706397 ) ) ;
#3726 = DIRECTION ( 'NONE',  ( -0.7071067811865474617, 0.000000000000000000, 0.7071067811865474617 ) ) ;
#3727 = ORIENTED_EDGE ( 'NONE', *, *, #4032, .F. ) ;
#3728 = ORIENTED_EDGE ( 'NONE', *, *, #8720, .T. ) ;
#3729 = CARTESIAN_POINT ( 'NONE',  ( -41.59764216673600146, 150.5005888525397495, 48.91202582514208075 ) ) ;
#3730 = CARTESIAN_POINT ( 'NONE',  ( 49.58005470913413859, 96.97051065983893636, 40.92961328274396493 ) ) ;
#3731 = CARTESIAN_POINT ( 'NONE',  ( 34.68057595339050891, 175.3233815820528605, 31.08035469695842679 ) ) ;
#3732 = ADVANCED_FACE ( 'NONE', ( #5702 ), #4374, .T. ) ;
#3733 = CARTESIAN_POINT ( 'NONE',  ( -108.0000000000000000, 188.2844865614402181, -0.1789959886829863289 ) ) ;
#3734 = AXIS2_PLACEMENT_3D ( 'NONE', #6460, #1297, #4313 ) ;
#3735 = CARTESIAN_POINT ( 'NONE',  ( 46.43274706497559379, 30.00000000000000000, 2.499999999999999112 ) ) ;
#3736 = CARTESIAN_POINT ( 'NONE',  ( -31.31356217171365230, 45.71524904810724621, -34.44736847863528340 ) ) ;
#3737 = CARTESIAN_POINT ( 'NONE',  ( 46.00000000000000000, 39.50000000000000000, 2.500000000000000000 ) ) ;
#3738 = CARTESIAN_POINT ( 'NONE',  ( 31.92684771948880140, 41.21309918220619295, -33.83408293086011298 ) ) ;
#3739 = CARTESIAN_POINT ( 'NONE',  ( -44.34275159336350924, 58.04302010026673031, 46.16691639851458007 ) ) ;
#3740 = VECTOR ( 'NONE', #8262, 1000.000000000000000 ) ;
#3741 = ORIENTED_EDGE ( 'NONE', *, *, #3655, .T. ) ;
#3742 = CARTESIAN_POINT ( 'NONE',  ( -43.19369017679609613, 69.12979561808754170, 47.31597781508198608 ) ) ;
#3743 = CARTESIAN_POINT ( 'NONE',  ( 50.59218501756915742, 120.2343318316846279, -39.91748297430893189 ) ) ;
#3744 = EDGE_CURVE ( 'NONE', #4320, #992, #5680, .T. ) ;
#3745 = CARTESIAN_POINT ( 'NONE',  ( -32.88046532517444831, 176.7803523830567940, 32.88046532517446963 ) ) ;
#3746 = CARTESIAN_POINT ( 'NONE',  ( 49.98298835008783669, 265.7746878656487297, -1.324404836694097698 ) ) ;
#3747 = ORIENTED_EDGE ( 'NONE', *, *, #5229, .F. ) ;
#3748 = ORIENTED_EDGE ( 'NONE', *, *, #5821, .T. ) ;
#3749 = CARTESIAN_POINT ( 'NONE',  ( -29.29356565747520236, 173.1609393494194080, -36.46736499287372624 ) ) ;
#3750 = FACE_OUTER_BOUND ( 'NONE', #7917, .T. ) ;
#3751 = FACE_OUTER_BOUND ( 'NONE', #7609, .T. ) ;
#3752 = CARTESIAN_POINT ( 'NONE',  ( 108.0000000000000000, 218.0682573214455431, 1.296976512692874950 ) ) ;
#3753 = CARTESIAN_POINT ( 'NONE',  ( -32.49898569560905059, 37.17140469785623225, 33.26194495473987445 ) ) ;
#3754 = CARTESIAN_POINT ( 'NONE',  ( 41.20721490222918959, 145.7020373835961777, -24.55371574811973190 ) ) ;
#3755 = CARTESIAN_POINT ( 'NONE',  ( 28.04587946176248536, 169.6705890995218340, 37.71505118858645034 ) ) ;
#3756 = CARTESIAN_POINT ( 'NONE',  ( 0.000000000000000000, 275.0000000000000000, 0.000000000000000000 ) ) ;
#3757 = EDGE_CURVE ( 'NONE', #1540, #1454, #524, .T. ) ;
#3758 = CARTESIAN_POINT ( 'NONE',  ( 41.31997436739963803, 157.8790455269215727, 28.15541547932528843 ) ) ;
#3759 = LINE ( 'NONE', #5120, #8558 ) ;
#3760 = CARTESIAN_POINT ( 'NONE',  ( -24.29434890298208316, 131.8280114082709815, -41.46658174736685964 ) ) ;
#3761 = CARTESIAN_POINT ( 'NONE',  ( 24.37365805196743551, 126.6764942988443892, 41.38727259838150019 ) ) ;
#3762 = ORIENTED_EDGE ( 'NONE', *, *, #6539, .T. ) ;
#3763 = LINE ( 'NONE', #7505, #5906 ) ;
#3764 = CARTESIAN_POINT ( 'NONE',  ( -45.50000000000000000, 263.0000000000000000, -18.00000000000000000 ) ) ;
#3765 = ORIENTED_EDGE ( 'NONE', *, *, #5972, .F. ) ;
#3766 = CARTESIAN_POINT ( 'NONE',  ( 48.18764232538011782, 78.60787726850115575, -42.32202566649796438 ) ) ;
#3767 = CARTESIAN_POINT ( 'NONE',  ( 45.27309784010298443, 35.50000000000000000, -11.45585492054007837 ) ) ;
#3768 = EDGE_CURVE ( 'NONE', #3794, #9017, #2588, .T. ) ;
#3769 = CARTESIAN_POINT ( 'NONE',  ( -43.94697918396571623, 157.2818685057020218, -46.56268880791239440 ) ) ;
#3770 = CARTESIAN_POINT ( 'NONE',  ( -29.91528168016545308, 173.2497798333151025, -36.25127792575369767 ) ) ;
#3771 = CARTESIAN_POINT ( 'NONE',  ( 24.39235554936073669, 141.0186408901463437, -41.36857510098818125 ) ) ;
#3772 = CARTESIAN_POINT ( 'NONE',  ( -32.88046532517444120, 176.5866740378391739, 32.88046532517448384 ) ) ;
#3773 = ORIENTED_EDGE ( 'NONE', *, *, #1262, .T. ) ;
#3774 = ORIENTED_EDGE ( 'NONE', *, *, #489, .F. ) ;
#3775 = CARTESIAN_POINT ( 'NONE',  ( -48.91202582514207364, 150.5005888525397211, 41.59764216673601567 ) ) ;
#3776 = COORDINATED_UNIVERSAL_TIME_OFFSET ( 12, 0, .AHEAD. ) ;
#3777 = CARTESIAN_POINT ( 'NONE',  ( 39.22375858382816460, 163.8347417721553256, 26.53717206652076754 ) ) ;
#3778 = CARTESIAN_POINT ( 'NONE',  ( 31.08035469695843389, 175.3233815820528605, 34.68057595339049470 ) ) ;
#3779 = CARTESIAN_POINT ( 'NONE',  ( -47.00000000000000000, 262.3741519413206902, -2.327531496599664962 ) ) ;
#3780 = PLANE ( 'NONE',  #8951 ) ;
#3781 = AXIS2_PLACEMENT_3D ( 'NONE', #3907, #5989, #1616 ) ;
#3782 = CARTESIAN_POINT ( 'NONE',  ( -32.49898569560905770, 37.17140469785623935, -33.26194495473988155 ) ) ;
#3783 = AXIS2_PLACEMENT_3D ( 'NONE', #1859, #7788, #9350 ) ;
#3784 = EDGE_LOOP ( 'NONE', ( #841, #267, #593 ) ) ;
#3785 = CARTESIAN_POINT ( 'NONE',  ( 49.82615309694461558, 100.9687423887486943, 40.68351489493350215 ) ) ;
#3786 = CARTESIAN_POINT ( 'NONE',  ( 43.97682058470661559, 61.44371818057052792, -46.53284740717148082 ) ) ;
#3787 = CARTESIAN_POINT ( 'NONE',  ( -50.40863483252043409, 137.5203383235722470, 40.10103315935765522 ) ) ;
#3788 = CARTESIAN_POINT ( 'NONE',  ( -36.16138306720322504, 57.99999999999999289, -30.02250515210871740 ) ) ;
#3789 = ORIENTED_EDGE ( 'NONE', *, *, #6034, .F. ) ;
#3790 = CARTESIAN_POINT ( 'NONE',  ( -28.50815149135655346, 171.2031378497270282, 37.25277915899235381 ) ) ;
#3791 = CARTESIAN_POINT ( 'NONE',  ( 46.53284740717146661, 61.44371818057052792, -43.97682058470661559 ) ) ;
#3792 = CARTESIAN_POINT ( 'NONE',  ( 31.92684771948880851, 41.21309918220618584, 33.83408293086011298 ) ) ;
#3793 = CARTESIAN_POINT ( 'NONE',  ( 49.97013309399036274, 264.4300821811802393, 1.734566819819222117 ) ) ;
#3794 = VERTEX_POINT ( 'NONE', #6365 ) ;
#3795 = VERTEX_POINT ( 'NONE', #4134 ) ;
#3796 = CARTESIAN_POINT ( 'NONE',  ( -37.00988115598540418, 66.80701258836775480, -28.75104949436352442 ) ) ;
#3797 = LINE ( 'NONE', #5207, #8629 ) ;
#3798 = CARTESIAN_POINT ( 'NONE',  ( -49.99831359931559405, 267.4148781495130720, 0.4132524430709400565 ) ) ;
#3799 = LINE ( 'NONE', #4578, #93 ) ;
#3800 = EDGE_CURVE ( 'NONE', #175, #4269, #1945, .T. ) ;
#3801 = CARTESIAN_POINT ( 'NONE',  ( -39.75138694003533857, 95.69680212022358035, 26.00954371031357582 ) ) ;
#3802 = CIRCLE ( 'NONE', #1317, 46.99996213765929554 ) ;
#3803 = AXIS2_PLACEMENT_3D ( 'NONE', #3183, #2635, #4817 ) ;
#3804 = CARTESIAN_POINT ( 'NONE',  ( 45.25483399593903755, 158.6226686892998146, -45.25483399593904466 ) ) ;
#3805 = VECTOR ( 'NONE', #765, 1000.000000000000114 ) ;
#3806 = CARTESIAN_POINT ( 'NONE',  ( 47.93900718743357459, 264.0000000000000000, -11.06759187371815933 ) ) ;
#3808 = ORIENTED_EDGE ( 'NONE', *, *, #6148, .F. ) ;
#3807 = CARTESIAN_POINT ( 'NONE',  ( 0.000000000000000000, 0.000000000000000000, 0.000000000000000000 ) ) ;
#3809 = CARTESIAN_POINT ( 'NONE',  ( 35.25181839960809071, 172.4006591004290954, 35.45892271379482708 ) ) ;
#3810 = LINE ( 'NONE', #6177, #160 ) ;
#3811 = VECTOR ( 'NONE', #5512, 1000.000000000000114 ) ;
#3812 = LINE ( 'NONE', #6037, #7852 ) ;
#3813 = CARTESIAN_POINT ( 'NONE',  ( 36.46736499287372624, 173.1609393494194080, 29.29356565747520236 ) ) ;
#3814 = VERTEX_POINT ( 'NONE', #2826 ) ;
#3815 = LINE ( 'NONE', #5996, #2188 ) ;
#3816 = CARTESIAN_POINT ( 'NONE',  ( -41.00000000000000000, 58.00000000000000000, -18.00000000000000000 ) ) ;
#3817 = VERTEX_POINT ( 'NONE', #9338 ) ;
#3818 = CARTESIAN_POINT ( 'NONE',  ( 41.20721490222918959, 145.7020373835961777, -24.55371574811973190 ) ) ;
#3819 = VECTOR ( 'NONE', #5930, 1000.000000000000000 ) ;
#3820 = CARTESIAN_POINT ( 'NONE',  ( -38.98253048539829990, 168.5790100066039372, 31.31115607658310651 ) ) ;
#3821 = CARTESIAN_POINT ( 'NONE',  ( -50.49399183426302073, 134.5090890707682831, -40.01567615761508989 ) ) ;
#3822 = VECTOR ( 'NONE', #7772, 1000.000000000000114 ) ;
#3823 = EDGE_CURVE ( 'NONE', #3829, #7651, #2000, .T. ) ;
#3824 = VECTOR ( 'NONE', #1101, 1000.000000000000000 ) ;
#3825 = CARTESIAN_POINT ( 'NONE',  ( -47.03874315999063072, 66.31954352124841989, -43.47092483188748702 ) ) ;
#3826 = CARTESIAN_POINT ( 'NONE',  ( 24.37365805196742130, 126.6764942988443892, -41.38727259838148598 ) ) ;
#3827 = CARTESIAN_POINT ( 'NONE',  ( -28.50815149135655346, 171.2031378497270282, 37.25277915899235381 ) ) ;
#3828 = ORIENTED_EDGE ( 'NONE', *, *, #8811, .F. ) ;
#3829 = VERTEX_POINT ( 'NONE', #6320 ) ;
#3830 = B_SPLINE_CURVE_WITH_KNOTS ( 'NONE', 3,
 ( #7742, #2639, #4000, #8517, #6966, #7111, #486, #9251, #5592, #291 ),
 .UNSPECIFIED., .F., .F.,
 ( 4, 2, 2, 2, 4 ),
 ( 0.01053360932355917705, 0.01139669834895364574, 0.01225978737434811616, 0.01312287639974258485, 0.01398596542513705354 ),
 .UNSPECIFIED. ) ;
#3831 = CARTESIAN_POINT ( 'NONE',  ( -24.39235554936073669, 141.0186408901463153, 41.36857510098818125 ) ) ;
#3832 = FACE_OUTER_BOUND ( 'NONE', #372, .T. ) ;
#3833 = CARTESIAN_POINT ( 'NONE',  ( 30.12822377908833005, 54.97802726448587407, 35.63270687126060210 ) ) ;
#3834 = CARTESIAN_POINT ( 'NONE',  ( 49.31902728797151525, 148.1781441586251162, 41.19064070390659538 ) ) ;
#3835 = CARTESIAN_POINT ( 'NONE',  ( -107.9999999999999858, 195.4809161837167437, -0.8176760611520634825 ) ) ;
#3836 = EDGE_CURVE ( 'NONE', #2913, #8676, #6149, .T. ) ;
#3837 = CARTESIAN_POINT ( 'NONE',  ( -108.0000000000000000, 188.0000000000000000, 0.1499999999999999944 ) ) ;
#3838 = EDGE_CURVE ( 'NONE', #7544, #9369, #5626, .T. ) ;
#3839 = CARTESIAN_POINT ( 'NONE',  ( -39.86548770796169094, 124.0985968565961741, -50.64418028391641258 ) ) ;
#3840 = EDGE_LOOP ( 'NONE', ( #8251, #3773, #3570, #8075 ) ) ;
#3841 = CARTESIAN_POINT ( 'NONE',  ( 33.09259735953043702, 36.00000000000000000, 32.66833329081850223 ) ) ;
#3842 = CARTESIAN_POINT ( 'NONE',  ( 28.75104949436350665, 66.80701258836775480, -37.00988115598539707 ) ) ;
#3843 = CARTESIAN_POINT ( 'NONE',  ( -48.61958615814598517, 152.1318062554275912, 41.89008183373210414 ) ) ;
#3844 = CARTESIAN_POINT ( 'NONE',  ( -43.19369017679611034, 69.12979561808754170, -47.31597781508200029 ) ) ;
#3845 = ORIENTED_EDGE ( 'NONE', *, *, #7802, .F. ) ;
#3846 = CARTESIAN_POINT ( 'NONE',  ( -37.25277915899234671, 171.2031378497270850, 28.50815149135656412 ) ) ;
#3847 = CARTESIAN_POINT ( 'NONE',  ( 46.56268880791238018, 157.2818685057020218, -43.94697918396571623 ) ) ;
#3848 = ADVANCED_FACE ( 'NONE', ( #1157 ), #5772, .F. ) ;
#3849 = B_SPLINE_CURVE_WITH_KNOTS ( 'NONE', 3,
 ( #4147, #1446, #4920, #8106 ),
 .UNSPECIFIED., .F., .F.,
 ( 4, 4 ),
 ( 0.000000000000000000, 0.009128091185151860493 ),
 .UNSPECIFIED. ) ;
#3850 = B_SPLINE_CURVE_WITH_KNOTS ( 'NONE', 3,
 ( #8852, #9001, #1460, #2294, #3123, #38, #6024, #3651, #8220, #8899, #2392, #8175, #680, #2974, #5342, #6621, #8320, #1512, #7396, #9593, #878, #733, #3021, #5975, #4378, #3701, #3793, #7343, #2928, #6660, #5882, #5252, #2195, #9635, #5926, #94, #2241, #5202, #4474, #6762, #1605, #7440, #8954, #773, #4571, #3746, #1557, #4521, #3852, #2343, #7487, #6709, #5296, #6813, #8271, #7541, #139, #5586, #4716, #7738, #6862, #6118, #7008, #925, #3271, #7050, #4040, #9193, #333, #6909, #975, #3940, #1025, #9096 ),
 .UNSPECIFIED., .F., .F.,
 ( 4, 2, 2, 2, 2, 2, 2, 2, 2, 2, 2, 2, 2, 2, 2, 2, 2, 2, 2, 2, 2, 2, 2, 2, 2, 2, 2, 2, 2, 2, 2, 2, 2, 2, 2, 2, 4 ),
 ( 0.000000000000000000, 0.02678353600980694013, 0.04017530401471045010, 0.05356707201961396353, 0.06695884002451746309, 0.07365472402696925103, 0.08035060802942105285, 0.08704649203187284079, 0.09374237603432472588, 0.09709031803555058515, 0.1004382600367764306, 0.1012752455370829058, 0.1021122310373893671, 0.1037862020380021372, 0.1054601730386149072, 0.1062971585389213547, 0.1067156512890745923, 0.1069248976641512527, 0.1071341440392279271, 0.1073433904143045875, 0.1075526367893812618, 0.1079711295395345688, 0.1088081150398413771, 0.1104820860404547994, 0.1121560570410682495, 0.1129930425413749606, 0.1138300280416816579, 0.1171779700429083498, 0.1205259120441350418, 0.1272217960465886200, 0.1339176800490421981, 0.1406135640514957486, 0.1473094480539492990, 0.1607012160588565108, 0.1740929840637637227, 0.1874847520686709346, 0.2142682880784853861 ),
 .UNSPECIFIED. ) ;
#3851 = DIRECTION ( 'NONE',  ( 0.8660254037844388186, 0.000000000000000000, 0.4999999999999998335 ) ) ;
#3852 = CARTESIAN_POINT ( 'NONE',  ( 49.96485920632741085, 263.6146457147561364, -1.875484831539453889 ) ) ;
#3853 = VERTEX_POINT ( 'NONE', #8746 ) ;
#3854 = ORIENTED_EDGE ( 'NONE', *, *, #5072, .T. ) ;
#3855 = CARTESIAN_POINT ( 'NONE',  ( -29.67952824767895237, 58.70654625247944125, -36.08140240266997978 ) ) ;
#3856 = PLANE ( 'NONE',  #7071 ) ;
#3857 = PLANE ( 'NONE',  #3175 ) ;
#3858 = CARTESIAN_POINT ( 'NONE',  ( 0.000000000000000000, 264.0000000000000000, 0.000000000000000000 ) ) ;
#3859 = CARTESIAN_POINT ( 'NONE',  ( -28.50815149135655346, 171.2031378497270282, 37.25277915899235381 ) ) ;
#3860 = CARTESIAN_POINT ( 'NONE',  ( 41.06358789818639110, 116.6762642137271371, -24.69734275216253394 ) ) ;
#3861 = CARTESIAN_POINT ( 'NONE',  ( -45.04270196158307726, 52.00000000000000000, 45.46696603029501205 ) ) ;
#3862 = DIRECTION ( 'NONE',  ( 0.000000000000000000, 1.000000000000000000, 0.000000000000000000 ) ) ;
#3863 = CARTESIAN_POINT ( 'NONE',  ( 42.53846368260460764, 127.7342765327450564, 26.27698492125285767 ) ) ;
#3864 = CARTESIAN_POINT ( 'NONE',  ( -30.94645188787811207, 48.51213425699022963, -34.81447876247082718 ) ) ;
#3865 = CARTESIAN_POINT ( 'NONE',  ( 25.61039644484207756, 101.0166046022987985, 40.15053420550685814 ) ) ;
#3866 = ORIENTED_EDGE ( 'NONE', *, *, #665, .F. ) ;
#3867 = CARTESIAN_POINT ( 'NONE',  ( -25.71506350946109265, 39.50000000000000000, 39.53979651824707275 ) ) ;
#3868 = CARTESIAN_POINT ( 'NONE',  ( 0.000000000000000000, 0.000000000000000000, 0.000000000000000000 ) ) ;
#3869 = ORIENTED_EDGE ( 'NONE', *, *, #4599, .F. ) ;
#3870 = CARTESIAN_POINT ( 'NONE',  ( 40.24733569863604998, 157.6066838202880831, -25.51359495171286795 ) ) ;
#3871 = CARTESIAN_POINT ( 'NONE',  ( -39.45967609108421925, 167.1820244838609710, 30.70837199911920479 ) ) ;
#3872 = CARTESIAN_POINT ( 'NONE',  ( -50.64418028391641968, 124.0985968565961315, -39.86548770796169094 ) ) ;
#3873 = CARTESIAN_POINT ( 'NONE',  ( -45.51935232921329799, 52.44175755770031344, -44.99031566266480553 ) ) ;
#3874 = CARTESIAN_POINT ( 'NONE',  ( 41.06358789818639110, 116.6762642137271371, -24.69734275216253394 ) ) ;
#3875 = CARTESIAN_POINT ( 'NONE',  ( -38.56258473745504034, 166.8763353538258514, 27.19834591289388115 ) ) ;
#3876 = ORIENTED_EDGE ( 'NONE', *, *, #184, .T. ) ;
#3877 = EDGE_LOOP ( 'NONE', ( #1098, #277, #1195, #6564, #4391, #7373, #4384, #5884, #7944, #6792 ) ) ;
#3878 = CARTESIAN_POINT ( 'NONE',  ( -50.49399183426301363, 134.5090890707682831, 40.01567615761508279 ) ) ;
#3879 = PERSON_AND_ORGANIZATION ( #910, #3334 ) ;
#3880 = CARTESIAN_POINT ( 'NONE',  ( 40.33924585287351761, 140.4589426390626556, 50.17042213900459302 ) ) ;
#3881 = CARTESIAN_POINT ( 'NONE',  ( 42.36324379412032215, 153.8348667856811858, 48.14642419775779558 ) ) ;
#3882 = CARTESIAN_POINT ( 'NONE',  ( 29.90453712062124225, 80.17275260434303163, 40.07697081585708787 ) ) ;
#3883 = DIRECTION ( 'NONE',  ( 0.000000000000000000, 0.000000000000000000, -1.000000000000000000 ) ) ;
#3884 = CARTESIAN_POINT ( 'NONE',  ( 48.15397179880390155, 157.9999999999999716, 42.35569619307420908 ) ) ;
#3885 = ORIENTED_EDGE ( 'NONE', *, *, #6818, .T. ) ;
#3886 = LINE ( 'NONE', #5243, #1321 ) ;
#3887 = CARTESIAN_POINT ( 'NONE',  ( 38.00000000000000000, 320.0000000000000000, -21.00000000000000000 ) ) ;
#3888 = ADVANCED_FACE ( 'NONE', ( #2089 ), #9441, .T. ) ;
#3889 = CARTESIAN_POINT ( 'NONE',  ( -33.00872062702494247, 268.0000000000000000, -35.39751915836783525 ) ) ;
#3890 = CARTESIAN_POINT ( 'NONE',  ( -41.74177417787063860, 85.62404022679615423, -48.76789381400747203 ) ) ;
#3891 = VERTEX_POINT ( 'NONE', #2782 ) ;
#3892 = CARTESIAN_POINT ( 'NONE',  ( -24.37365805196742130, 126.6764942988443892, 41.38727259838148598 ) ) ;
#3893 = CARTESIAN_POINT ( 'NONE',  ( 45.25483399593903755, 158.6226686892998146, -45.25483399593904466 ) ) ;
#3894 = AXIS2_PLACEMENT_3D ( 'NONE', #6395, #3578, #7177 ) ;
#3895 = CARTESIAN_POINT ( 'NONE',  ( 47.03360500748374307, 35.50000000000000000, -2.500000000000000000 ) ) ;
#3896 = CARTESIAN_POINT ( 'NONE',  ( 28.04587946176248536, 169.6705890995218340, 37.71505118858645034 ) ) ;
#3897 = VECTOR ( 'NONE', #9489, 1000.000000000000000 ) ;
#3898 = ORIENTED_EDGE ( 'NONE', *, *, #2344, .F. ) ;
#3899 = VERTEX_POINT ( 'NONE', #4908 ) ;
#3900 = CARTESIAN_POINT ( 'NONE',  ( 33.08728224766537807, 42.63130800235454387, 32.67364840268358250 ) ) ;
#3901 = CARTESIAN_POINT ( 'NONE',  ( 0.000000000000000000, 275.0000000000000000, 0.000000000000000000 ) ) ;
#3902 = CARTESIAN_POINT ( 'NONE',  ( -49.95969246208958481, 262.5090558390237447, 2.007527931143981093 ) ) ;
#3903 = LINE ( 'NONE', #4047, #3973 ) ;
#3904 = CARTESIAN_POINT ( 'NONE',  ( -37.49320649782438153, 71.28898199371604960, 28.26772415252452575 ) ) ;
#3905 = CARTESIAN_POINT ( 'NONE',  ( 33.59269824446733566, 39.48056780803440091, -32.16823240588158228 ) ) ;
#3906 = LINE ( 'NONE', #3135, #7088 ) ;
#3907 = CARTESIAN_POINT ( 'NONE',  ( 44.55243490709811027, 268.0000000000000000, -18.91138661888084727 ) ) ;
#3908 = CARTESIAN_POINT ( 'NONE',  ( 38.14896356789949294, 59.98009825480316692, 32.33280779337681565 ) ) ;
#3909 = CARTESIAN_POINT ( 'NONE',  ( -40.17760570267969911, 263.0000000000000000, -24.00000000000000000 ) ) ;
#3910 = CARTESIAN_POINT ( 'NONE',  ( 24.55371574811974256, 145.7020373835962062, 41.20721490222918959 ) ) ;
#3911 = VERTEX_POINT ( 'NONE', #2630 ) ;
#3912 = CARTESIAN_POINT ( 'NONE',  ( -29.90453712062181424, 80.17275260433805784, -40.07697081585666155 ) ) ;
#3913 = B_SPLINE_CURVE_WITH_KNOTS ( 'NONE', 3,
 ( #9255, #4049, #5550, #6232, #249 ),
 .UNSPECIFIED., .F., .F.,
 ( 4, 1, 4 ),
 ( 0.07729056236012901704, 0.09253774940744020905, 0.1315221783094062957 ),
 .UNSPECIFIED. ) ;
#3914 = CARTESIAN_POINT ( 'NONE',  ( -32.58376914801012703, 36.58494384897175422, -33.17716150233881223 ) ) ;
#3915 = VERTEX_POINT ( 'NONE', #5582 ) ;
#3916 = CARTESIAN_POINT ( 'NONE',  ( 45.77674598141884843, 54.62836855260157876, -44.73292201045924088 ) ) ;
#3917 = CARTESIAN_POINT ( 'NONE',  ( -38.64111387783484730, 169.3775914624900452, 31.73166403061707186 ) ) ;
#3918 = LINE ( 'NONE', #2514, #83 ) ;
#3919 = CARTESIAN_POINT ( 'NONE',  ( -49.31902728797152236, 148.1781441586250878, -41.19064070390658827 ) ) ;
#3920 = CARTESIAN_POINT ( 'NONE',  ( 34.44736847863527629, 45.71524904810724621, -31.31356217171364520 ) ) ;
#3921 = CARTESIAN_POINT ( 'NONE',  ( -40.11998767400631039, 112.7299032302373263, 50.38968031787177893 ) ) ;
#3922 = ORIENTED_EDGE ( 'NONE', *, *, #3336, .F. ) ;
#3923 = VERTEX_POINT ( 'NONE', #8555 ) ;
#3924 = CARTESIAN_POINT ( 'NONE',  ( -34.44736847863527629, 45.71524904810726753, 31.31356217171363809 ) ) ;
#3925 = CARTESIAN_POINT ( 'NONE',  ( 29.67952824767895237, 58.70654625247946967, 36.08140240266998688 ) ) ;
#3926 = CARTESIAN_POINT ( 'NONE',  ( 49.82615309694461558, 100.9687423887486943, 40.68351489493350215 ) ) ;
#3927 = CARTESIAN_POINT ( 'NONE',  ( 26.26511122278995813, 128.3506640521374607, 42.54579159191741411 ) ) ;
#3928 = CARTESIAN_POINT ( 'NONE',  ( 41.53184048916664040, 156.2938203314962209, -27.84387101844470891 ) ) ;
#3929 = DIRECTION ( 'NONE',  ( 0.000000000000000000, 0.000000000000000000, 1.000000000000000000 ) ) ;
#3930 = ORIENTED_EDGE ( 'NONE', *, *, #4085, .T. ) ;
#3931 = CARTESIAN_POINT ( 'NONE',  ( 25.10761244709873452, 153.6225640485288011, 40.65331820325020118 ) ) ;
#3932 = CARTESIAN_POINT ( 'NONE',  ( 40.57183789878038027, 143.4569695494772361, -49.93783009309771614 ) ) ;
#3933 = DIRECTION ( 'NONE',  ( 0.000000000000000000, -0.000000000000000000, 1.000000000000000000 ) ) ;
#3934 = CARTESIAN_POINT ( 'NONE',  ( -42.36324379412032926, 153.8348667856812142, -48.14642419775778848 ) ) ;
#3935 = ORIENTED_EDGE ( 'NONE', *, *, #7408, .T. ) ;
#3936 = DIRECTION ( 'NONE',  ( 0.000000000000000000, 0.000000000000000000, -1.000000000000000000 ) ) ;
#3937 = DIRECTION ( 'NONE',  ( 0.000000000000000000, 0.000000000000000000, 1.000000000000000000 ) ) ;
#3938 = EDGE_CURVE ( 'NONE', #8847, #3795, #4437, .T. ) ;
#3939 = DIRECTION ( 'NONE',  ( 0.000000000000000000, 0.000000000000000000, 1.000000000000000000 ) ) ;
#3940 = CARTESIAN_POINT ( 'NONE',  ( 49.98055880591046218, 179.1420416727841314, -1.475636790357645278 ) ) ;
#3941 = EDGE_CURVE ( 'NONE', #9171, #3817, #8941, .T. ) ;
#3942 = ORIENTED_EDGE ( 'NONE', *, *, #4960, .T. ) ;
#3943 = VECTOR ( 'NONE', #8554, 1000.000000000000000 ) ;
#3944 = CARTESIAN_POINT ( 'NONE',  ( -28.26772415252453996, 71.28898199371604960, -37.49320649782439574 ) ) ;
#3945 = PLANE ( 'NONE',  #386 ) ;
#3946 = CARTESIAN_POINT ( 'NONE',  ( -28.43010458892693038, 69.78879341571374084, 37.33082606142198046 ) ) ;
#3947 = CARTESIAN_POINT ( 'NONE',  ( -35.99034755172208833, 57.99999999121065741, -29.77058309862684737 ) ) ;
#3948 = CARTESIAN_POINT ( 'NONE',  ( -50.49399183426301363, 134.5090890707682831, 40.01567615761508279 ) ) ;
#3949 = CARTESIAN_POINT ( 'NONE',  ( 45.57187448734442370, 52.88466077438589963, -44.93779350453366561 ) ) ;
#3950 = LOCAL_TIME ( 22, 37, 13.00000000000000000, #6795 ) ;
#3951 = CARTESIAN_POINT ( 'NONE',  ( -24.29434890298206540, 131.8280114082709815, 41.46658174736685254 ) ) ;
#3952 = ADVANCED_FACE ( 'NONE', ( #3456 ), #4857, .F. ) ;
#3953 = CARTESIAN_POINT ( 'NONE',  ( -13.26004803087596073, 268.0000000000000000, 46.86001628487620962 ) ) ;
#3954 = CARTESIAN_POINT ( 'NONE',  ( -35.25557465788109823, 52.00000000784751109, -30.50535599246784457 ) ) ;
#3955 = CARTESIAN_POINT ( 'NONE',  ( 43.19369017679611034, 69.12979561808752749, 47.31597781508200029 ) ) ;
#3956 = ORIENTED_EDGE ( 'NONE', *, *, #9110, .T. ) ;
#3957 = CARTESIAN_POINT ( 'NONE',  ( -26.22901137448825182, 133.4434379767801602, -42.56805623992440246 ) ) ;
#3958 = VECTOR ( 'NONE', #5685, 1000.000000000000114 ) ;
#3959 = CYLINDRICAL_SURFACE ( 'NONE', #4750, 47.10000000000000142 ) ;
#3960 = ORIENTED_EDGE ( 'NONE', *, *, #7185, .T. ) ;
#3961 = CARTESIAN_POINT ( 'NONE',  ( 30.02250515210871029, 57.99999999999999289, -36.16138306720323925 ) ) ;
#3962 = AXIS2_PLACEMENT_3D ( 'NONE', #4427, #5155, #8120 ) ;
#3963 = CARTESIAN_POINT ( 'NONE',  ( -40.70381606865043977, 161.8315952542197635, 29.03846933655047735 ) ) ;
#3964 = AXIS2_PLACEMENT_3D ( 'NONE', #9475, #9517, #7235 ) ;
#3965 = CARTESIAN_POINT ( 'NONE',  ( -33.17716150233879802, 36.58494384897174712, 32.58376914801011992 ) ) ;
#3966 = EDGE_CURVE ( 'NONE', #4328, #447, #3594, .T. ) ;
#3967 = AXIS2_PLACEMENT_3D ( 'NONE', #6729, #15, #61 ) ;
#3968 = CARTESIAN_POINT ( 'NONE',  ( -36.08140240266998688, 58.70654625247947678, -29.67952824767895947 ) ) ;
#3969 = CARTESIAN_POINT ( 'NONE',  ( 45.77674598141884843, 54.62836855260157876, -44.73292201045924088 ) ) ;
#3970 = CARTESIAN_POINT ( 'NONE',  ( -39.86548770796168384, 124.0985968565961883, 50.64418028391641258 ) ) ;
#3971 = ORIENTED_EDGE ( 'NONE', *, *, #3097, .T. ) ;
#3972 = ORIENTED_EDGE ( 'NONE', *, *, #2701, .T. ) ;
#3973 = VECTOR ( 'NONE', #7744, 1000.000000000000000 ) ;
#3974 = CARTESIAN_POINT ( 'NONE',  ( 46.30576403225041560, 59.33385514974001751, 44.20390395962770214 ) ) ;
#3975 = CALENDAR_DATE ( 2026, 30, 9 ) ;
#3976 = DIRECTION ( 'NONE',  ( 0.000000000000000000, 0.000000000000000000, -1.000000000000000000 ) ) ;
#3977 = ADVANCED_FACE ( 'NONE', ( #8020 ), #2837, .T. ) ;
#3978 = CARTESIAN_POINT ( 'NONE',  ( 43.47092483188747991, 66.31954352124841989, 47.03874315999063072 ) ) ;
#3979 = CARTESIAN_POINT ( 'NONE',  ( 27.43689252658040800, 105.4697018383869818, 41.80312624289176426 ) ) ;
#3980 = AXIS2_PLACEMENT_3D ( 'NONE', #8697, #1995, #7919 ) ;
#3981 = CARTESIAN_POINT ( 'NONE',  ( 33.83408293086011298, 41.21309918220622137, -31.92684771948880140 ) ) ;
#3982 = VECTOR ( 'NONE', #303, 1000.000000000000114 ) ;
#3983 = CARTESIAN_POINT ( 'NONE',  ( -13.65375861055179918, 39.50000000000000000, 44.65943210347376180 ) ) ;
#3984 = DIRECTION ( 'NONE',  ( 0.9925461516413220942, 0.000000000000000000, 0.1218693434051472957 ) ) ;
#3985 = ORIENTED_EDGE ( 'NONE', *, *, #8683, .T. ) ;
#3986 = CARTESIAN_POINT ( 'NONE',  ( 45.25483399593905176, 158.6226686892998146, 45.25483399593905176 ) ) ;
#3987 = VECTOR ( 'NONE', #5285, 1000.000000000000000 ) ;
#3988 = CARTESIAN_POINT ( 'NONE',  ( 48.18764232538011782, 78.60787726850115575, -42.32202566649796438 ) ) ;
#3989 = CARTESIAN_POINT ( 'NONE',  ( 0.000000000000000000, 39.50000000000000000, 0.000000000000000000 ) ) ;
#3990 = CARTESIAN_POINT ( 'NONE',  ( -42.78460399787553570, 155.3921848145515412, -47.72506399400257493 ) ) ;
#3991 = VERTEX_POINT ( 'NONE', #5426 ) ;
#3992 = VECTOR ( 'NONE', #8665, 1000.000000000000114 ) ;
#3993 = CARTESIAN_POINT ( 'NONE',  ( -47.88935570772442674, 75.23276251545790672, 42.62031228415365547 ) ) ;
#3994 = CARTESIAN_POINT ( 'NONE',  ( 37.24544781882603672, 68.33317738998538005, 28.67738453376401964 ) ) ;
#3995 = FACE_BOUND ( 'NONE', #7507, .T. ) ;
#3996 = CARTESIAN_POINT ( 'NONE',  ( 36.74166306702384333, 172.3850631284893780, 29.31276646092290150 ) ) ;
#3997 = CARTESIAN_POINT ( 'NONE',  ( -35.63270687126059499, 54.97802726448587407, 30.12822377908832294 ) ) ;
#3998 = ORIENTED_EDGE ( 'NONE', *, *, #503, .F. ) ;
#3999 = CARTESIAN_POINT ( 'NONE',  ( -24.69734275216253749, 116.6762642137271371, -41.06358789818640531 ) ) ;
#4000 = CARTESIAN_POINT ( 'NONE',  ( 33.69872066686550482, 42.79893798239410785, -32.06220998348344153 ) ) ;
#4001 = LINE ( 'NONE', #1814, #2086 ) ;
#4002 = CARTESIAN_POINT ( 'NONE',  ( 31.16249184016718132, 49.00211377388929890, -35.06995688179135584 ) ) ;
#4003 = CARTESIAN_POINT ( 'NONE',  ( -27.19834591289385628, 166.8763353538257945, 38.56258473745505455 ) ) ;
#4004 = CARTESIAN_POINT ( 'NONE',  ( 46.30576403225041560, 59.33385514974001751, 44.20390395962770214 ) ) ;
#4005 = CARTESIAN_POINT ( 'NONE',  ( -43.97682058470661559, 61.44371818057052792, 46.53284740717148082 ) ) ;
#4006 = CARTESIAN_POINT ( 'NONE',  ( 47.45182215504095069, 268.0000000000000000, -10.95511634654622313 ) ) ;
#4007 = DIRECTION ( 'NONE',  ( 0.000000000000000000, -1.000000000000000000, 0.000000000000000000 ) ) ;
#4008 = CARTESIAN_POINT ( 'NONE',  ( -37.71505118858642902, 73.51205704305236566, -28.04587946176250313 ) ) ;
#4009 = ORIENTED_EDGE ( 'NONE', *, *, #2344, .T. ) ;
#4010 = CARTESIAN_POINT ( 'NONE',  ( -35.13572767646631689, 172.3895762982193673, -35.57395586170083845 ) ) ;
#4011 = CARTESIAN_POINT ( 'NONE',  ( -20.83493649053892227, 39.50000000000000000, -41.08716857408416701 ) ) ;
#4012 = EDGE_CURVE ( 'NONE', #1700, #351, #9256, .T. ) ;
#4013 = ORIENTED_EDGE ( 'NONE', *, *, #3180, .T. ) ;
#4014 = CARTESIAN_POINT ( 'NONE',  ( -108.0000000000000000, 218.0682573214455431, -1.296976512692876504 ) ) ;
#4015 = CARTESIAN_POINT ( 'NONE',  ( -27.53707542704272981, 154.1365289939318188, 41.73424116573537646 ) ) ;
#4016 = ADVANCED_FACE ( 'NONE', ( #5474 ), #1786, .F. ) ;
#4017 = CARTESIAN_POINT ( 'NONE',  ( -34.81447876247081297, 48.51213425699023674, 30.94645188787810497 ) ) ;
#4018 = CARTESIAN_POINT ( 'NONE',  ( -29.29356565747520236, 173.1609393494194080, -36.46736499287372624 ) ) ;
#4019 = CARTESIAN_POINT ( 'NONE',  ( 45.57187448734442370, 52.88466077438589963, -44.93779350453366561 ) ) ;
#4020 = CARTESIAN_POINT ( 'NONE',  ( 45.04270196158309147, 52.00000000000000000, 45.46696603029501915 ) ) ;
#4021 = ORIENTED_EDGE ( 'NONE', *, *, #9200, .F. ) ;
#4022 = VERTEX_POINT ( 'NONE', #1986 ) ;
#4023 = CARTESIAN_POINT ( 'NONE',  ( -47.03874315999061650, 66.31954352124841989, 43.47092483188747281 ) ) ;
#4024 = DATE_TIME_ROLE ( 'classification_date' ) ;
#4025 = CARTESIAN_POINT ( 'NONE',  ( 41.45303252024856278, 89.40149471062305508, 49.05663547162955496 ) ) ;
#4026 = CARTESIAN_POINT ( 'NONE',  ( 26.00954371031358292, 95.69680212022358035, 39.75138694003535278 ) ) ;
#4027 = CARTESIAN_POINT ( 'NONE',  ( 50.22349097781341243, 108.7025900201346644, -40.28617701406468399 ) ) ;
#4028 = CARTESIAN_POINT ( 'NONE',  ( 41.80312624289187085, 105.4697018383889855, -27.43689252658025879 ) ) ;
#4029 = CARTESIAN_POINT ( 'NONE',  ( 0.000000000000000000, 42.00000000000000000, 0.000000000000000000 ) ) ;
#4030 = VERTEX_POINT ( 'NONE', #7135 ) ;
#4031 = CARTESIAN_POINT ( 'NONE',  ( 29.67952824767895237, 58.70654625247946967, 36.08140240266998688 ) ) ;
#4032 = EDGE_CURVE ( 'NONE', #7117, #8789, #2768, .T. ) ;
#4033 = CARTESIAN_POINT ( 'NONE',  ( 34.81447876247081297, 48.51213425699022963, -30.94645188787810497 ) ) ;
#4034 = FACE_OUTER_BOUND ( 'NONE', #8947, .T. ) ;
#4035 = CARTESIAN_POINT ( 'NONE',  ( -41.45303252024854856, 89.40149471062302666, -49.05663547162955496 ) ) ;
#4036 = ORIENTED_EDGE ( 'NONE', *, *, #1226, .T. ) ;
#4037 = CARTESIAN_POINT ( 'NONE',  ( -38.90225724876550117, 85.63114929373708151, 26.85867340158341676 ) ) ;
#4038 = CARTESIAN_POINT ( 'NONE',  ( 32.98532786528268446, 54.99999999999999289, -37.57616459432502865 ) ) ;
#4039 = LINE ( 'NONE', #7007, #1180 ) ;
#4040 = CARTESIAN_POINT ( 'NONE',  ( 49.89327691669884501, 219.1586073475168917, -3.268112194702410989 ) ) ;
#4041 = CARTESIAN_POINT ( 'NONE',  ( -33.59269824446732855, 39.48056780803435828, 32.16823240588158228 ) ) ;
#4042 = VERTEX_POINT ( 'NONE', #3444 ) ;
#4043 = DIRECTION ( 'NONE',  ( -1.000000000000000000, -0.000000000000000000, -0.000000000000000000 ) ) ;
#4044 = LINE ( 'NONE', #8417, #4426 ) ;
#4045 = ADVANCED_FACE ( 'NONE', ( #5716 ), #9426, .F. ) ;
#4046 = DIRECTION ( 'NONE',  ( -0.4999999999999998335, 0.000000000000000000, 0.8660254037844388186 ) ) ;
#4047 = CARTESIAN_POINT ( 'NONE',  ( 43.35577859760994812, 35.50000000000000000, -18.40343615184479376 ) ) ;
#4048 = DIRECTION ( 'NONE',  ( 0.000000000000000000, 0.000000000000000000, -1.000000000000000000 ) ) ;
#4049 = CARTESIAN_POINT ( 'NONE',  ( -29.59757854398764110, 59.45114242269137605, -36.16335210636129460 ) ) ;
#4050 = VECTOR ( 'NONE', #3361, 1000.000000000000000 ) ;
#4051 = CARTESIAN_POINT ( 'NONE',  ( -29.29356565747519170, 173.1609393494194080, 36.46736499287372624 ) ) ;
#4052 = DIRECTION ( 'NONE',  ( 1.000000000000000000, 0.000000000000000000, -0.000000000000000000 ) ) ;
#4053 = CARTESIAN_POINT ( 'NONE',  ( 35.48620448978831377, 41.14839227088495477, 34.35490803650080949 ) ) ;
#4054 = PLANE ( 'NONE',  #5827 ) ;
#4055 = ORIENTED_EDGE ( 'NONE', *, *, #7881, .T. ) ;
#4056 = DIRECTION ( 'NONE',  ( -0.000000000000000000, -1.000000000000000000, -0.000000000000000000 ) ) ;
#4057 = CARTESIAN_POINT ( 'NONE',  ( -46.99256891767858946, 212.6457338873974550, -0.8392249818351562585 ) ) ;
#4058 = ORIENTED_EDGE ( 'NONE', *, *, #808, .F. ) ;
#4059 = CARTESIAN_POINT ( 'NONE',  ( -108.0000000000000000, 201.2789572189547869, -1.216411794072249641 ) ) ;
#4060 = DIRECTION ( 'NONE',  ( -0.7986355100472930513, 0.000000000000000000, -0.6018150231520479343 ) ) ;
#4061 = CARTESIAN_POINT ( 'NONE',  ( -47.03874315999061650, 66.31954352124841989, 43.47092483188747281 ) ) ;
#4062 = EDGE_CURVE ( 'NONE', #3923, #7165, #3373, .T. ) ;
#4063 = CARTESIAN_POINT ( 'NONE',  ( -40.11998767400632460, 112.7299032302373263, -50.38968031787179314 ) ) ;
#4064 = CARTESIAN_POINT ( 'NONE',  ( 0.000000000000000000, 30.00000000000000000, 0.000000000000000000 ) ) ;
#4065 = CARTESIAN_POINT ( 'NONE',  ( -35.25557274529061402, 52.00000000000000000, 30.50535790505831102 ) ) ;
#4066 = VERTEX_POINT ( 'NONE', #2033 ) ;
#4067 = ORIENTED_EDGE ( 'NONE', *, *, #1383, .F. ) ;
#4068 = CARTESIAN_POINT ( 'NONE',  ( 47.10000000000000142, 39.50000000000000000, 0.000000000000000000 ) ) ;
#4069 = CALENDAR_DATE ( 2026, 30, 9 ) ;
#4070 = CARTESIAN_POINT ( 'NONE',  ( -48.76789381400746493, 85.62404022679615423, -41.74177417787065281 ) ) ;
#4071 = CARTESIAN_POINT ( 'NONE',  ( -37.71505118858650718, 169.6705890995216350, 28.04587946176240720 ) ) ;
#4072 = CARTESIAN_POINT ( 'NONE',  ( 32.88046532517446963, 176.5866740378391455, -32.88046532517444120 ) ) ;
#4073 = CARTESIAN_POINT ( 'NONE',  ( 26.34014186967830184, 125.2144882378412802, -42.49951656549590950 ) ) ;
#4074 = EDGE_CURVE ( 'NONE', #4269, #8980, #510, .T. ) ;
#4075 = DIRECTION ( 'NONE',  ( 0.000000000000000000, 0.000000000000000000, 1.000000000000000000 ) ) ;
#4076 = ORIENTED_EDGE ( 'NONE', *, *, #7835, .F. ) ;
#4077 = CARTESIAN_POINT ( 'NONE',  ( 24.37365805196743551, 126.6764942988443892, 41.38727259838150019 ) ) ;
#4078 = PLANE ( 'NONE',  #2433 ) ;
#4079 = ORIENTED_EDGE ( 'NONE', *, *, #7550, .F. ) ;
#4080 = CARTESIAN_POINT ( 'NONE',  ( 41.46658174736684543, 131.8280114082709815, -24.29434890298207250 ) ) ;
#4081 = CARTESIAN_POINT ( 'NONE',  ( 34.94075078326841322, 38.38965361115111818, -34.51648671455649264 ) ) ;
#4082 = CARTESIAN_POINT ( 'NONE',  ( -45.04270196158309147, 52.00000000000000000, -45.46696603029501915 ) ) ;
#4083 = ORIENTED_EDGE ( 'NONE', *, *, #7118, .T. ) ;
#4084 = CARTESIAN_POINT ( 'NONE',  ( 0.000000000000000000, 57.99999999999999289, 0.000000000000000000 ) ) ;
#4085 = EDGE_CURVE ( 'NONE', #2754, #9332, #4595, .T. ) ;
#4086 = CARTESIAN_POINT ( 'NONE',  ( 0.000000000000000000, 263.0000000000000000, 0.000000000000000000 ) ) ;
#4087 = EDGE_CURVE ( 'NONE', #8789, #7468, #2529, .T. ) ;
#4088 = CARTESIAN_POINT ( 'NONE',  ( 31.07117060072615899, 174.4941600914324340, 35.26586455544600085 ) ) ;
#4089 = B_SPLINE_CURVE_WITH_KNOTS ( 'NONE', 3,
 ( #4190, #7156, #720, #8565, #4966 ),
 .UNSPECIFIED., .F., .F.,
 ( 4, 1, 4 ),
 ( 0.8684778216905940651, 0.9074622505925599159, 0.9227094376715982982 ),
 .UNSPECIFIED. ) ;
#4090 = DIRECTION ( 'NONE',  ( 0.000000000000000000, -1.000000000000000000, 0.000000000000000000 ) ) ;
#4091 = CARTESIAN_POINT ( 'NONE',  ( -46.56268880791239440, 157.2818685057019650, 43.94697918396570202 ) ) ;
#4092 = ORIENTED_EDGE ( 'NONE', *, *, #3446, .T. ) ;
#4093 = DIRECTION ( 'NONE',  ( -0.000000000000000000, 1.000000000000000000, -0.000000000000000000 ) ) ;
#4094 = CARTESIAN_POINT ( 'NONE',  ( 0.000000000000000000, 0.000000000000000000, 0.000000000000000000 ) ) ;
#4095 = ADVANCED_FACE ( 'NONE', ( #5615 ), #2912, .T. ) ;
#4096 = CARTESIAN_POINT ( 'NONE',  ( 0.000000000000000000, 39.50000000000000000, 0.000000000000000000 ) ) ;
#4097 = CARTESIAN_POINT ( 'NONE',  ( 107.9999999999999858, 190.3598493564052490, -0.3817261621686081630 ) ) ;
#4098 = CARTESIAN_POINT ( 'NONE',  ( 33.83408293086012719, 41.21309918220622848, 31.92684771948880851 ) ) ;
#4099 = CARTESIAN_POINT ( 'NONE',  ( -41.19064070390658117, 148.1781441586251162, 49.31902728797150104 ) ) ;
#4100 = CARTESIAN_POINT ( 'NONE',  ( 49.09999999999999432, 268.0000000000000000, -3.135283081318203546 ) ) ;
#4101 = DIRECTION ( 'NONE',  ( 0.000000000000000000, 1.000000000000000000, 0.000000000000000000 ) ) ;
#4102 = FACE_OUTER_BOUND ( 'NONE', #3488, .T. ) ;
#4103 = EDGE_CURVE ( 'NONE', #7823, #7081, #2747, .T. ) ;
#4104 = ORIENTED_EDGE ( 'NONE', *, *, #2642, .F. ) ;
#4105 = CARTESIAN_POINT ( 'NONE',  ( -33.83408293086012009, 41.21309918220619295, -31.92684771948881561 ) ) ;
#4106 = FACE_OUTER_BOUND ( 'NONE', #7228, .T. ) ;
#4107 = VERTEX_POINT ( 'NONE', #1623 ) ;
#4108 = CARTESIAN_POINT ( 'NONE',  ( -108.0000000000000000, 188.7030918747323653, 0.2216618877870078497 ) ) ;
#4109 = FACE_BOUND ( 'NONE', #9595, .T. ) ;
#4110 = CARTESIAN_POINT ( 'NONE',  ( -41.38727259838148598, 126.6764942988443892, 24.37365805196743196 ) ) ;
#4111 = CARTESIAN_POINT ( 'NONE',  ( -25.10761244709873097, 153.6225640485287443, -40.65331820325020118 ) ) ;
#4112 = CARTESIAN_POINT ( 'NONE',  ( 40.41035066590497848, 340.0000000000000000, -24.00000000000000000 ) ) ;
#4113 = DIRECTION ( 'NONE',  ( -0.000000000000000000, 1.000000000000000000, -0.000000000000000000 ) ) ;
#4114 = ORIENTED_EDGE ( 'NONE', *, *, #7668, .F. ) ;
#4115 = ORIENTED_EDGE ( 'NONE', *, *, #5483, .T. ) ;
#4116 = VECTOR ( 'NONE', #1795, 1000.000000000000000 ) ;
#4117 = CARTESIAN_POINT ( 'NONE',  ( 33.17716150233881223, 36.58494384897175422, 32.58376914801012703 ) ) ;
#4118 = COORDINATED_UNIVERSAL_TIME_OFFSET ( 12, 0, .AHEAD. ) ;
#4119 = CARTESIAN_POINT ( 'NONE',  ( -49.82615309694460848, 100.9687423887486943, -40.68351489493349504 ) ) ;
#4120 = CARTESIAN_POINT ( 'NONE',  ( 39.91748297430893189, 120.2343318316845853, 50.59218501756917874 ) ) ;
#4121 = CARTESIAN_POINT ( 'NONE',  ( 45.51935232921328378, 52.44175755770029212, -44.99031566266479842 ) ) ;
#4122 = EDGE_CURVE ( 'NONE', #8900, #8167, #1805, .T. ) ;
#4123 = AXIS2_PLACEMENT_3D ( 'NONE', #9515, #752, #8197 ) ;
#4124 = VECTOR ( 'NONE', #7497, 1000.000000000000114 ) ;
#4125 = CARTESIAN_POINT ( 'NONE',  ( 26.47683376497476715, 142.8363999835722211, -42.41484396826362513 ) ) ;
#4126 = AXIS2_PLACEMENT_3D ( 'NONE', #4210, #8537, #7178 ) ;
#4127 = CARTESIAN_POINT ( 'NONE',  ( 44.64448539244335734, 264.0000000000000000, -18.95045973172977583 ) ) ;
#4128 = ORIENTED_EDGE ( 'NONE', *, *, #8396, .F. ) ;
#4129 = CARTESIAN_POINT ( 'NONE',  ( 41.59764216673602277, 150.5005888525397211, 48.91202582514209496 ) ) ;
#4130 = DIRECTION ( 'NONE',  ( -0.7071067811865474617, 0.000000000000000000, -0.7071067811865474617 ) ) ;
#4131 = EDGE_LOOP ( 'NONE', ( #8126, #4381, #1371, #4293 ) ) ;
#4132 = CARTESIAN_POINT ( 'NONE',  ( 41.20721490222918959, 145.7020373835961777, -24.55371574811973190 ) ) ;
#4133 = CARTESIAN_POINT ( 'NONE',  ( 35.98550691814762814, 43.91141705726550981, -34.15368864456466724 ) ) ;
#4134 = CARTESIAN_POINT ( 'NONE',  ( 47.59976667985130661, 268.0000000000000000, -12.04459264664920326 ) ) ;
#4135 = ORIENTED_EDGE ( 'NONE', *, *, #9398, .T. ) ;
#4136 = ADVANCED_FACE ( 'NONE', ( #1576 ), #1680, .T. ) ;
#4137 = CARTESIAN_POINT ( 'NONE',  ( -12.71548753679481614, 35.50000000000000000, 44.93558029781763707 ) ) ;
#4138 = AXIS2_PLACEMENT_3D ( 'NONE', #9384, #6600, #5820 ) ;
#4139 = EDGE_CURVE ( 'NONE', #1352, #9332, #7646, .T. ) ;
#4140 = DIRECTION ( 'NONE',  ( -0.7071067811865473507, 0.000000000000000000, 0.7071067811865477948 ) ) ;
#4141 = CIRCLE ( 'NONE', #1790, 48.70000000000001705 ) ;
#4142 = CARTESIAN_POINT ( 'NONE',  ( -48.76789381400746493, 85.62404022679615423, -41.74177417787065281 ) ) ;
#4143 = CARTESIAN_POINT ( 'NONE',  ( 48.00000000000000000, 264.0000000000000000, -3.500000000000000000 ) ) ;
#4144 = VECTOR ( 'NONE', #5749, 1000.000000000000000 ) ;
#4145 = CARTESIAN_POINT ( 'NONE',  ( -50.22349097781341243, 108.7025900201346502, 40.28617701406468399 ) ) ;
#4146 = ORIENTED_EDGE ( 'NONE', *, *, #2659, .F. ) ;
#4147 = CARTESIAN_POINT ( 'NONE',  ( -30.80394296248340069, 52.00000000000000000, 35.45918685583340135 ) ) ;
#4148 = CARTESIAN_POINT ( 'NONE',  ( 48.52056619669235715, 82.37800232306901194, 41.98910179518575347 ) ) ;
#4149 = CARTESIAN_POINT ( 'NONE',  ( 30.50535790505960776, 52.00000000000000000, 35.25557274528932794 ) ) ;
#4150 = CARTESIAN_POINT ( 'NONE',  ( -33.34895830410929563, 52.22473623147816113, 37.25696040262568687 ) ) ;
#4151 = CARTESIAN_POINT ( 'NONE',  ( 48.91202582514209496, 150.5005888525397495, 41.59764216673601567 ) ) ;
#4152 = CARTESIAN_POINT ( 'NONE',  ( -34.68057595339048049, 175.3233815820528605, 31.08035469695843389 ) ) ;
#4153 = DIRECTION ( 'NONE',  ( 0.000000000000000000, 1.000000000000000000, 0.000000000000000000 ) ) ;
#4154 = LINE ( 'NONE', #669, #3633 ) ;
#4155 = PLANE ( 'NONE',  #4428 ) ;
#4156 = VERTEX_POINT ( 'NONE', #4641 ) ;
#4157 = CARTESIAN_POINT ( 'NONE',  ( -41.78104421726179396, 105.0519756244985530, -27.47049506919319839 ) ) ;
#4158 = CARTESIAN_POINT ( 'NONE',  ( -32.88046532517445542, 145.5000000000000000, -32.88046532517449805 ) ) ;
#4159 = VERTEX_POINT ( 'NONE', #5312 ) ;
#4160 = DIRECTION ( 'NONE',  ( 0.5218651776778591156, 0.6747691995449355273, 0.5218651776778591156 ) ) ;
#4161 = DIRECTION ( 'NONE',  ( 0.000000000000000000, -0.000000000000000000, 1.000000000000000000 ) ) ;
#4162 = CARTESIAN_POINT ( 'NONE',  ( 30.94645188787809786, 48.51213425699023674, -34.81447876247082007 ) ) ;
#4163 = CARTESIAN_POINT ( 'NONE',  ( -40.57183789878039448, 143.4569695494772930, -49.93783009309771614 ) ) ;
#4164 = CARTESIAN_POINT ( 'NONE',  ( 36.16335210634033359, 59.45114242251203507, 29.59757854400860566 ) ) ;
#4165 = LINE ( 'NONE', #7858, #855 ) ;
#4166 = VERTEX_POINT ( 'NONE', #894 ) ;
#4167 = VERTEX_POINT ( 'NONE', #9116 ) ;
#4168 = CARTESIAN_POINT ( 'NONE',  ( 29.29356565747520946, 173.1609393494194364, 36.46736499287372624 ) ) ;
#4169 = CARTESIAN_POINT ( 'NONE',  ( 0.000000000000000000, 52.00000000000000000, 0.000000000000000000 ) ) ;
#4170 = CARTESIAN_POINT ( 'NONE',  ( 25.61039644484207756, 101.0166046022987985, 40.15053420550685814 ) ) ;
#4171 = EDGE_CURVE ( 'NONE', #7845, #9332, #8458, .T. ) ;
#4172 = CARTESIAN_POINT ( 'NONE',  ( 42.78460399787551438, 155.3921848145515128, -47.72506399400257493 ) ) ;
#4173 = CARTESIAN_POINT ( 'NONE',  ( 32.19888822754670343, 170.1142467439717905, -38.25277611542248479 ) ) ;
#4174 = LINE ( 'NONE', #3547, #691 ) ;
#4175 = VERTEX_POINT ( 'NONE', #6784 ) ;
#4176 = CARTESIAN_POINT ( 'NONE',  ( -49.74986063416525894, 145.8271779734262452, -40.75980735771284458 ) ) ;
#4177 = CARTESIAN_POINT ( 'NONE',  ( 107.9999999999999858, 207.5675974538935122, 1.493175898235321375 ) ) ;
#4178 = ORIENTED_EDGE ( 'NONE', *, *, #2341, .T. ) ;
#4179 = CARTESIAN_POINT ( 'NONE',  ( -43.97682058470661559, 61.44371818057052792, 46.53284740717148082 ) ) ;
#4180 = CYLINDRICAL_SURFACE ( 'NONE', #9388, 49.20000000000000284 ) ;
#4181 = CARTESIAN_POINT ( 'NONE',  ( -34.65886550037442504, 38.39089156305781358, -34.80028685661174137 ) ) ;
#4182 = ORIENTED_EDGE ( 'NONE', *, *, #5543, .T. ) ;
#4183 = CARTESIAN_POINT ( 'NONE',  ( -107.9999999999999858, 200.0436515574731118, 1.136500775115126149 ) ) ;
#4184 = DIRECTION ( 'NONE',  ( 0.9694453498951388637, 0.000000000000000000, -0.2453073858788025474 ) ) ;
#4185 = CARTESIAN_POINT ( 'NONE',  ( -49.58005470913414570, 96.97051065983893636, -40.92961328274397204 ) ) ;
#4186 = ADVANCED_FACE ( 'NONE', ( #8239 ), #3959, .F. ) ;
#4187 = CARTESIAN_POINT ( 'NONE',  ( 42.36324379412030794, 153.8348667856812142, -48.14642419775778848 ) ) ;
#4188 = CARTESIAN_POINT ( 'NONE',  ( -34.68057595339048049, 175.3233815820528605, 31.08035469695843389 ) ) ;
#4189 = ORIENTED_EDGE ( 'NONE', *, *, #5429, .F. ) ;
#4190 = CARTESIAN_POINT ( 'NONE',  ( -37.71505118858642902, 73.51205704305236566, -28.04587946176250313 ) ) ;
#4191 = CARTESIAN_POINT ( 'NONE',  ( 50.68940747672289149, 127.6151589264297428, 39.82026051515521914 ) ) ;
#4192 = DIRECTION ( 'NONE',  ( -0.000000000000000000, 1.000000000000000000, -0.000000000000000000 ) ) ;
#4193 = PLANE ( 'NONE',  #1486 ) ;
#4194 = CARTESIAN_POINT ( 'NONE',  ( 42.36324379412032215, 153.8348667856811858, 48.14642419775779558 ) ) ;
#4195 = CARTESIAN_POINT ( 'NONE',  ( 0.000000000000000000, 54.99999999999999289, 0.000000000000000000 ) ) ;
#4196 = EDGE_LOOP ( 'NONE', ( #5032, #1625, #7310 ) ) ;
#4197 = DIRECTION ( 'NONE',  ( 0.8660254037844387076, 0.000000000000000000, 0.4999999999999997780 ) ) ;
#4198 = LINE ( 'NONE', #2604, #1640 ) ;
#4199 = ORIENTED_EDGE ( 'NONE', *, *, #4171, .T. ) ;
#4200 = CARTESIAN_POINT ( 'NONE',  ( -38.64485246353704184, 169.3695786487783437, -31.72710345030998269 ) ) ;
#4201 = CARTESIAN_POINT ( 'NONE',  ( -25.38143704194889239, 39.50000000000000000, 38.96193852576620742 ) ) ;
#4202 = ORIENTED_EDGE ( 'NONE', *, *, #6698, .F. ) ;
#4203 = DIRECTION ( 'NONE',  ( 0.000000000000000000, -1.000000000000000000, -0.000000000000000000 ) ) ;
#4204 = CARTESIAN_POINT ( 'NONE',  ( -26.71506350946111752, 264.0000000000000000, -41.27184732581592641 ) ) ;
#4205 = VECTOR ( 'NONE', #9509, 1000.000000000000114 ) ;
#4206 = CARTESIAN_POINT ( 'NONE',  ( 29.67952824767894526, 58.70654625247947678, -36.08140240266997978 ) ) ;
#4207 = CARTESIAN_POINT ( 'NONE',  ( 0.000000000000000000, 145.5000000000000000, 0.000000000000000000 ) ) ;
#4208 = LINE ( 'NONE', #3485, #4673 ) ;
#4209 = VECTOR ( 'NONE', #3673, 1000.000000000000114 ) ;
#4210 = CARTESIAN_POINT ( 'NONE',  ( 0.000000000000000000, 200.0000000000000000, 0.000000000000000000 ) ) ;
#4211 = ORIENTED_EDGE ( 'NONE', *, *, #7285, .T. ) ;
#4212 = ORIENTED_EDGE ( 'NONE', *, *, #2932, .T. ) ;
#4213 = CARTESIAN_POINT ( 'NONE',  ( 40.24733569863606419, 157.6066838202880831, 25.51359495171287506 ) ) ;
#4214 = CARTESIAN_POINT ( 'NONE',  ( -45.77674598141886975, 54.62836855260160718, -44.73292201045924088 ) ) ;
#4215 = CARTESIAN_POINT ( 'NONE',  ( 24.39235554936073669, 141.0186408901463437, -41.36857510098818125 ) ) ;
#4216 = CARTESIAN_POINT ( 'NONE',  ( -41.38727259838148598, 126.6764942988443892, 24.37365805196743196 ) ) ;
#4217 = DIRECTION ( 'NONE',  ( 0.000000000000000000, 0.000000000000000000, -1.000000000000000000 ) ) ;
#4218 = CARTESIAN_POINT ( 'NONE',  ( 38.51580684760889994, 169.6337938413948905, -31.88379191190106354 ) ) ;
#4219 = CARTESIAN_POINT ( 'NONE',  ( 45.51948818842613775, 52.44290321668560750, -44.99017980345195156 ) ) ;
#4220 = ORIENTED_EDGE ( 'NONE', *, *, #4418, .T. ) ;
#4221 = CARTESIAN_POINT ( 'NONE',  ( 32.58376914801011281, 36.58494384897174712, -33.17716150233880512 ) ) ;
#4222 = DIRECTION ( 'NONE',  ( 0.000000000000000000, 1.000000000000000000, 0.000000000000000000 ) ) ;
#4223 = ORIENTED_EDGE ( 'NONE', *, *, #2004, .F. ) ;
#4224 = CARTESIAN_POINT ( 'NONE',  ( -28.75104949436351376, 66.80701258836774059, 37.00988115598539707 ) ) ;
#4225 = CARTESIAN_POINT ( 'NONE',  ( -35.22013817769530419, 39.76829827018091379, 34.44339636571284302 ) ) ;
#4226 = CARTESIAN_POINT ( 'NONE',  ( 30.60489855371933388, 51.99999999999998579, -35.32342564570091525 ) ) ;
#4227 = EDGE_CURVE ( 'NONE', #5019, #9042, #7506, .T. ) ;
#4228 = ORIENTED_EDGE ( 'NONE', *, *, #1207, .T. ) ;
#4229 = CARTESIAN_POINT ( 'NONE',  ( -47.00000000000000000, 242.1251027914491658, 3.543797287136489782 ) ) ;
#4230 = DIRECTION ( 'NONE',  ( 0.000000000000000000, -1.000000000000000000, 0.000000000000000000 ) ) ;
#4231 = CARTESIAN_POINT ( 'NONE',  ( -36.08140240266998688, 58.70654625247947678, -29.67952824767895947 ) ) ;
#4232 = CARTESIAN_POINT ( 'NONE',  ( 27.19834591289387049, 166.8763353538258514, -38.56258473745504745 ) ) ;
#4233 = CARTESIAN_POINT ( 'NONE',  ( -34.32022455349910217, 175.2086278155801438, 32.11329746821123621 ) ) ;
#4234 = ORIENTED_EDGE ( 'NONE', *, *, #7928, .T. ) ;
#4235 = CARTESIAN_POINT ( 'NONE',  ( -13.53680992866270572, 39.50000000000000000, 44.27691020108855469 ) ) ;
#4236 = PLANE ( 'NONE',  #2259 ) ;
#4237 = CARTESIAN_POINT ( 'NONE',  ( 0.000000000000000000, 52.00000000000000000, 0.000000000000000000 ) ) ;
#4238 = CARTESIAN_POINT ( 'NONE',  ( 108.0000000000000000, 217.4653392061624118, -1.334084237489151059 ) ) ;
#4239 = EDGE_CURVE ( 'NONE', #7673, #5082, #8640, .T. ) ;
#4240 = CARTESIAN_POINT ( 'NONE',  ( 41.19064070390658827, 148.1781441586250878, 49.31902728797151525 ) ) ;
#4241 = EDGE_CURVE ( 'NONE', #2510, #3540, #239, .T. ) ;
#4242 = CARTESIAN_POINT ( 'NONE',  ( -36.08140240266997267, 58.70654625247946967, 29.67952824767894526 ) ) ;
#4243 = ORIENTED_EDGE ( 'NONE', *, *, #7700, .F. ) ;
#4244 = CARTESIAN_POINT ( 'NONE',  ( -47.88935570772444805, 75.23276251545789250, -42.62031228415366968 ) ) ;
#4245 = ORIENTED_EDGE ( 'NONE', *, *, #4476, .F. ) ;
#4246 = CARTESIAN_POINT ( 'NONE',  ( -42.38377953709522927, 120.1731893916055185, -26.52597244525730602 ) ) ;
#4247 = LINE ( 'NONE', #7217, #8475 ) ;
#4248 = EDGE_LOOP ( 'NONE', ( #4114, #7101, #9491, #2581, #629, #3386, #2393, #5899, #8484, #3505, #6114, #428 ) ) ;
#4249 = PLANE ( 'NONE',  #1977 ) ;
#4250 = CARTESIAN_POINT ( 'NONE',  ( -27.08565407319114371, 110.0851088579757402, 42.02959319973508912 ) ) ;
#4251 = CARTESIAN_POINT ( 'NONE',  ( 24.69734275216252328, 116.6762642137271797, -41.06358789818639821 ) ) ;
#4252 = EDGE_CURVE ( 'NONE', #7468, #1257, #6880, .T. ) ;
#4253 = CARTESIAN_POINT ( 'NONE',  ( -13.26004803087596073, 264.0000000000000000, 46.86001628487620962 ) ) ;
#4254 = LINE ( 'NONE', #4112, #1248 ) ;
#4255 = CARTESIAN_POINT ( 'NONE',  ( 36.08140240266997978, 58.70654625247946257, 29.67952824767894882 ) ) ;
#4256 = VERTEX_POINT ( 'NONE', #5413 ) ;
#4257 = ORIENTED_EDGE ( 'NONE', *, *, #1789, .F. ) ;
#4258 = CARTESIAN_POINT ( 'NONE',  ( 40.11998767400631749, 112.7299032302373121, 50.38968031787179314 ) ) ;
#4259 = CARTESIAN_POINT ( 'NONE',  ( -37.00988115598540418, 66.80701258836775480, -28.75104949436352442 ) ) ;
#4260 = CARTESIAN_POINT ( 'NONE',  ( 26.85867340158341321, 85.63114929373708151, -38.90225724876550117 ) ) ;
#4261 = VECTOR ( 'NONE', #4101, 1000.000000000000000 ) ;
#4262 = CARTESIAN_POINT ( 'NONE',  ( -21.05131002302669430, 0.000000000000000000, 41.46193852576621452 ) ) ;
#4263 = EDGE_CURVE ( 'NONE', #1288, #3053, #9097, .T. ) ;
#4264 = FACE_OUTER_BOUND ( 'NONE', #5700, .T. ) ;
#4265 = LINE ( 'NONE', #570, #6592 ) ;
#4266 = CARTESIAN_POINT ( 'NONE',  ( -40.43689723274794545, 104.9875858014058423, -50.07277075913016517 ) ) ;
#4267 = EDGE_CURVE ( 'NONE', #8882, #1274, #2509, .T. ) ;
#4268 = CARTESIAN_POINT ( 'NONE',  ( 108.0000000000000000, 206.2805933915487060, 1.450619313817413714 ) ) ;
#4269 = VERTEX_POINT ( 'NONE', #1231 ) ;
#4270 = DIRECTION ( 'NONE',  ( 1.000000000000000000, 0.000000000000000000, 0.000000000000000000 ) ) ;
#4271 = CARTESIAN_POINT ( 'NONE',  ( -37.61573252322751415, 39.50000000000000000, -28.34548759046146671 ) ) ;
#4272 = CARTESIAN_POINT ( 'NONE',  ( -44.93779350453366561, 52.88466077438589963, -45.57187448734443080 ) ) ;
#4273 = ORIENTED_EDGE ( 'NONE', *, *, #6664, .F. ) ;
#4274 = AXIS2_PLACEMENT_3D ( 'NONE', #5786, #9496, #6426 ) ;
#4275 = CARTESIAN_POINT ( 'NONE',  ( -47.00000000000000000, 160.4585312546849707, 0.2841225884134121471 ) ) ;
#4276 = VECTOR ( 'NONE', #7355, 1000.000000000000000 ) ;
#4277 = CIRCLE ( 'NONE', #7083, 36.00000000000000000 ) ;
#4278 = LINE ( 'NONE', #3509, #6937 ) ;
#4279 = CARTESIAN_POINT ( 'NONE',  ( 0.000000000000000000, 55.00000568419856961, 0.000000000000000000 ) ) ;
#4280 = DESIGN_CONTEXT ( 'detailed design', #8265, 'design' ) ;
#4281 = AXIS2_PLACEMENT_3D ( 'NONE', #7279, #2949, #4495 ) ;
#4282 = CARTESIAN_POINT ( 'NONE',  ( 32.58376914801011281, 36.58494384897174712, -33.17716150233880512 ) ) ;
#4283 = CARTESIAN_POINT ( 'NONE',  ( -31.08250375579035563, 174.5039055581198966, 35.25587864481388323 ) ) ;
#4284 = ORIENTED_EDGE ( 'NONE', *, *, #7510, .F. ) ;
#4285 = AXIS2_PLACEMENT_3D ( 'NONE', #7723, #1056, #5664 ) ;
#4286 = DIRECTION ( 'NONE',  ( 0.000000000000000000, 0.5429190384632399669, 0.8397850425401437446 ) ) ;
#4287 = DIRECTION ( 'NONE',  ( 0.000000000000000000, 0.000000000000000000, 1.000000000000000000 ) ) ;
#4288 = CARTESIAN_POINT ( 'NONE',  ( 108.0000000000000000, 214.5964125124564816, -1.494343917309273184 ) ) ;
#4289 = AXIS2_PLACEMENT_3D ( 'NONE', #8598, #1940, #9573 ) ;
#4290 = CARTESIAN_POINT ( 'NONE',  ( 40.24733569863606419, 157.6066838202880831, 25.51359495171287506 ) ) ;
#4291 = AXIS2_PLACEMENT_3D ( 'NONE', #6374, #9300, #9348 ) ;
#4292 = CARTESIAN_POINT ( 'NONE',  ( -33.59269824446732855, 39.48056780803435828, 32.16823240588158228 ) ) ;
#4293 = ORIENTED_EDGE ( 'NONE', *, *, #2326, .T. ) ;
#4294 = CARTESIAN_POINT ( 'NONE',  ( -34.44736847863528340, 45.71524904810726753, -31.31356217171364520 ) ) ;
#4295 = ORIENTED_EDGE ( 'NONE', *, *, #1442, .T. ) ;
#4296 = CARTESIAN_POINT ( 'NONE',  ( -37.31012873558584886, 171.3761559227166344, -33.28693591194471679 ) ) ;
#4297 = CARTESIAN_POINT ( 'NONE',  ( -33.69677363529524428, 42.79827236540801039, -32.06415701505371629 ) ) ;
#4298 = CARTESIAN_POINT ( 'NONE',  ( -49.94330312372308356, 259.4509246413887809, -2.384160886868273987 ) ) ;
#4299 = LINE ( 'NONE', #7172, #1657 ) ;
#4300 = CARTESIAN_POINT ( 'NONE',  ( -25.61039644484207045, 101.0166046022987985, 40.15053420550685104 ) ) ;
#4301 = DIRECTION ( 'NONE',  ( 1.000000000000000000, 0.000000000000000000, 0.000000000000000000 ) ) ;
#4302 = B_SPLINE_SURFACE_WITH_KNOTS ( 'NONE', 3, 1, ( 
 ( #6438, #1190 ),
 ( #1979, #9507 ),
 ( #2069, #9415 ),
 ( #4937, #8770 ),
 ( #2761, #5709 ),
 ( #8043, #9553 ),
 ( #4162, #3436 ),
 ( #8817, #2118 ),
 ( #4206, #7903 ),
 ( #2894, #5078 ),
 ( #2159, #5117 ),
 ( #456, #1235 ),
 ( #553, #8682 ),
 ( #2026, #4984 ),
 ( #7127, #7950 ),
 ( #1284, #5752 ),
 ( #4251, #7495 ),
 ( #4531, #8183 ),
 ( #5935, #4582 ),
 ( #147, #5163 ),
 ( #8862, #3134 ),
 ( #5891, #2353 ),
 ( #2938, #2203 ),
 ( #2982, #5304 ),
 ( #6717, #1614 ),
 ( #833, #2302 ),
 ( #8129, #8907 ),
 ( #9010, #1566 ),
 ( #8280, #3804 ),
 ( #785, #4387 ),
 ( #3663, #7352 ),
 ( #6773, #7553 ),
 ( #4438, #1521 ),
 ( #6032, #47 ),
 ( #6670, #694 ),
 ( #6629, #741 ),
 ( #3754, #886 ),
 ( #3085, #9056 ),
 ( #6823, #4483 ),
 ( #9602, #1471 ),
 ( #3860, #3031 ),
 ( #7405, #6077 ),
 ( #8963, #2402 ),
 ( #5261, #103 ),
 ( #8083, #3710 ),
 ( #1423, #3 ),
 ( #5987, #2253 ),
 ( #5213, #7449 ),
 ( #8229, #7016 ),
 ( #1862, #8373 ),
 ( #1080, #984 ),
 ( #7600, #342 ),
 ( #2500, #296 ),
 ( #3905, #3323 ),
 ( #4681, #3949 ),
 ( #2600, #1717 ),
 ( #6872, #6970 ) ),
 .UNSPECIFIED., .F., .F., .F.,
 ( 4, 1, 1, 1, 1, 1, 1, 1, 1, 1, 1, 1, 1, 1, 1, 1, 1, 1, 1, 1, 1, 1, 1, 1, 1, 1, 1, 1, 1, 1, 1, 1, 1, 1, 1, 1, 1, 1, 1, 1, 1, 1, 1, 1, 1, 1, 1, 1, 1, 1, 1, 1, 1, 1, 4 ),
 ( 2, 2 ),
 ( 0.000000000000000000, 0.006185920264467958951, 0.006201962899188617762, 0.02441097605636066703, 0.02448136905349906911, 0.05370574164729757793, 0.05388345649501025125, 0.09253774940744008415, 0.09289034474279100895, 0.1389060332195525271, 0.1395093084148929519, 0.1904437008900515815, 0.1913742588137488099, 0.2445345556009104193, 0.2458629933516659483, 0.2984579075547033611, 0.3002380933255869300, 0.3495648249652612005, 0.3518114771965039633, 0.3954646363279898935, 0.3981158618259910131, 0.4341890767744073232, 0.4370593218643058497, 0.4643545367854605699, 0.4670784500627875868, 0.4855543320873982882, 0.4874746266155715047, 0.4999999999999998890, 0.5125253733844284953, 0.5144456679126014897, 0.5329215499372124132, 0.5356454632145392081, 0.5629406781356941503, 0.5658109232255925658, 0.6018841381740089869, 0.6045353636720098844, 0.6481885228034960367, 0.6504351750347385774, 0.6997619066744129590, 0.7015420924452964169, 0.7541370066483340517, 0.7554654443990894697, 0.8086257411862511901, 0.8095562991099481964, 0.8604906915851069371, 0.8610939667804473618, 0.9071096552572089911, 0.9074622505925598048, 0.9461165435049897487, 0.9462942583527023110, 0.9755186309465008199, 0.9755890239436393330, 0.9937980371008112712, 0.9938140797355321521, 1.000000000000000000 ),
 ( 0.000000000000000000, 1.000000000000000000 ),
 .UNSPECIFIED. ) ;
#4303 = CARTESIAN_POINT ( 'NONE',  ( 35.25557465778358335, 52.00000000000000000, -30.50535599256534169 ) ) ;
#4304 = CARTESIAN_POINT ( 'NONE',  ( 35.06995688179168980, 49.00211377389211975, 31.16249184016700013 ) ) ;
#4305 = CARTESIAN_POINT ( 'NONE',  ( 39.75138694003535278, 95.69680212022356613, 26.00954371031358647 ) ) ;
#4306 = ORIENTED_EDGE ( 'NONE', *, *, #5801, .F. ) ;
#4307 = CARTESIAN_POINT ( 'NONE',  ( 40.57183789878039448, 143.4569695494772645, 49.93783009309771614 ) ) ;
#4308 = CARTESIAN_POINT ( 'NONE',  ( -50.49399183426302073, 134.5090890707682831, -40.01567615761508989 ) ) ;
#4309 = CARTESIAN_POINT ( 'NONE',  ( 32.58376914801011281, 36.58494384897174712, -33.17716150233880512 ) ) ;
#4310 = CARTESIAN_POINT ( 'NONE',  ( -42.38768592517944001, 143.6402985707698008, 26.52044225623058082 ) ) ;
#4311 = DIRECTION ( 'NONE',  ( 0.7071067811865474617, 0.000000000000000000, 0.7071067811865475727 ) ) ;
#4312 = CARTESIAN_POINT ( 'NONE',  ( 49.36117220004904738, 93.39148535881979285, -41.14849579182904193 ) ) ;
#4313 = DIRECTION ( 'NONE',  ( 0.000000000000000000, 0.000000000000000000, -1.000000000000000000 ) ) ;
#4314 = PLANE ( 'NONE',  #708 ) ;
#4315 = VERTEX_POINT ( 'NONE', #4201 ) ;
#4316 = ORIENTED_EDGE ( 'NONE', *, *, #8811, .T. ) ;
#4317 = LINE ( 'NONE', #1206, #9341 ) ;
#4318 = CARTESIAN_POINT ( 'NONE',  ( -36.16335209079426249, 59.45114228953367075, 29.59757855955465899 ) ) ;
#4319 = CARTESIAN_POINT ( 'NONE',  ( 45.46696603029501915, 52.00000000000000000, 45.04270196158309147 ) ) ;
#4320 = VERTEX_POINT ( 'NONE', #5559 ) ;
#4321 = FACE_OUTER_BOUND ( 'NONE', #892, .T. ) ;
#4322 = DIRECTION ( 'NONE',  ( -0.000000000000000000, -1.000000000000000000, -0.000000000000000000 ) ) ;
#4323 = EDGE_CURVE ( 'NONE', #3991, #6913, #7170, .T. ) ;
#4324 = EDGE_CURVE ( 'NONE', #4167, #4328, #9409, .T. ) ;
#4325 = CARTESIAN_POINT ( 'NONE',  ( -41.38727259838149308, 126.6764942988443892, -24.37365805196743551 ) ) ;
#4326 = CARTESIAN_POINT ( 'NONE',  ( 39.91996775807772480, 130.9941881811295445, -50.58970023380036451 ) ) ;
#4327 = DIRECTION ( 'NONE',  ( -0.7071067811865474617, 0.000000000000000000, -0.7071067811865474617 ) ) ;
#4328 = VERTEX_POINT ( 'NONE', #9209 ) ;
#4329 = FACE_OUTER_BOUND ( 'NONE', #621, .T. ) ;
#4330 = CARTESIAN_POINT ( 'NONE',  ( 44.93779350453366561, 52.88466077438591384, -45.57187448734442370 ) ) ;
#4331 = CARTESIAN_POINT ( 'NONE',  ( 108.0000000000000000, 210.0060237486752328, -1.543678944899053773 ) ) ;
#4332 = CARTESIAN_POINT ( 'NONE',  ( 34.68057595339050891, 175.3233815820528605, 31.08035469695842679 ) ) ;
#4333 = CARTESIAN_POINT ( 'NONE',  ( -50.22349097781341243, 108.7025900201346502, 40.28617701406468399 ) ) ;
#4334 = VERTEX_POINT ( 'NONE', #5604 ) ;
#4335 = CARTESIAN_POINT ( 'NONE',  ( -50.22349097781342664, 108.7025900201346644, -40.28617701406468399 ) ) ;
#4336 = ORIENTED_EDGE ( 'NONE', *, *, #9603, .F. ) ;
#4337 = CARTESIAN_POINT ( 'NONE',  ( -25.10761244709873097, 153.6225640485287443, -40.65331820325020118 ) ) ;
#4338 = DIRECTION ( 'NONE',  ( -0.2249510543438650034, 0.000000000000000000, -0.9743700647852352459 ) ) ;
#4339 = VERTEX_POINT ( 'NONE', #6240 ) ;
#4340 = DIRECTION ( 'NONE',  ( 0.000000000000000000, 0.000000000000000000, -1.000000000000000000 ) ) ;
#4341 = CARTESIAN_POINT ( 'NONE',  ( -24.69734275216252328, 116.6762642137271513, 41.06358789818639110 ) ) ;
#4342 = CARTESIAN_POINT ( 'NONE',  ( -34.65886550037443925, 38.39089156305784201, 34.80028685661175558 ) ) ;
#4343 = DIRECTION ( 'NONE',  ( -0.000000000000000000, -1.000000000000000000, -0.000000000000000000 ) ) ;
#4344 = DIRECTION ( 'NONE',  ( 1.000000000000000000, -0.000000000000000000, -0.000000000000000000 ) ) ;
#4345 = CARTESIAN_POINT ( 'NONE',  ( 50.64418028391641968, 124.0985968565961883, 39.86548770796169094 ) ) ;
#4346 = VERTEX_POINT ( 'NONE', #1132 ) ;
#4347 = CARTESIAN_POINT ( 'NONE',  ( 40.65331820325020118, 153.6225640485287727, 25.10761244709872742 ) ) ;
#4348 = CARTESIAN_POINT ( 'NONE',  ( -41.45303252024854856, 89.40149471062302666, -49.05663547162955496 ) ) ;
#4349 = CARTESIAN_POINT ( 'NONE',  ( 44.93779350453366561, 52.88466077438591384, -45.57187448734442370 ) ) ;
#4350 = VECTOR ( 'NONE', #7889, 1000.000000000000000 ) ;
#4351 = DIRECTION ( 'NONE',  ( -0.000000000000000000, -1.000000000000000000, -0.000000000000000000 ) ) ;
#4352 = EDGE_CURVE ( 'NONE', #3685, #7594, #1045, .T. ) ;
#4353 = DIRECTION ( 'NONE',  ( 0.000000000000000000, 0.000000000000000000, -1.000000000000000000 ) ) ;
#4354 = EDGE_CURVE ( 'NONE', #6140, #803, #3287, .T. ) ;
#4355 = VECTOR ( 'NONE', #2967, 1000.000000000000227 ) ;
#4356 = CARTESIAN_POINT ( 'NONE',  ( -35.45918685583340135, 52.00000000000000000, -30.80394296248341135 ) ) ;
#4357 = CARTESIAN_POINT ( 'NONE',  ( -42.86151494923077365, 72.49854646718331708, -47.64815304264733697 ) ) ;
#4358 = CARTESIAN_POINT ( 'NONE',  ( -30.80394296248341846, 51.99999999999999289, -35.45918685583342267 ) ) ;
#4359 = ORIENTED_EDGE ( 'NONE', *, *, #4472, .F. ) ;
#4360 = ORIENTED_EDGE ( 'NONE', *, *, #4389, .T. ) ;
#4361 = CARTESIAN_POINT ( 'NONE',  ( -41.74177417787062438, 85.62404022679615423, 48.76789381400745782 ) ) ;
#4362 = DIRECTION ( 'NONE',  ( 0.000000000000000000, 0.000000000000000000, 1.000000000000000000 ) ) ;
#4363 = CARTESIAN_POINT ( 'NONE',  ( 47.31597781508200029, 69.12979561808754170, 43.19369017679611034 ) ) ;
#4364 = CARTESIAN_POINT ( 'NONE',  ( -108.0000000000000000, 216.5326798399412382, 1.397826202467195467 ) ) ;
#4365 = EDGE_CURVE ( 'NONE', #3360, #6765, #7200, .T. ) ;
#4366 = CARTESIAN_POINT ( 'NONE',  ( -30.80394296248341846, 51.99999999999999289, -35.45918685583342267 ) ) ;
#4367 = EDGE_CURVE ( 'NONE', #1385, #6635, #9314, .T. ) ;
#4368 = CARTESIAN_POINT ( 'NONE',  ( -28.50815149135657123, 171.2031378497270566, -37.25277915899236092 ) ) ;
#4369 = CARTESIAN_POINT ( 'NONE',  ( -32.12638060451847366, 175.2150490470389741, 34.30797173411197321 ) ) ;
#4370 = CARTESIAN_POINT ( 'NONE',  ( -26.38282558608575457, 200.0000000000000000, 40.69639436232870366 ) ) ;
#4371 = ORIENTED_EDGE ( 'NONE', *, *, #8418, .F. ) ;
#4372 = CARTESIAN_POINT ( 'NONE',  ( 34.61057804017210771, 46.00849753284924049, -31.45444816953541789 ) ) ;
#4373 = CARTESIAN_POINT ( 'NONE',  ( 24.29434890298206184, 131.8280114082709815, -41.46658174736684543 ) ) ;
#4374 = B_SPLINE_SURFACE_WITH_KNOTS ( 'NONE', 3, 1, ( 
 ( #2062, #3609 ),
 ( #9499, #8675 ),
 ( #1599, #592 ),
 ( #1277, #2799 ),
 ( #6430, #7532 ),
 ( #4294, #5018 ),
 ( #3473, #4566 ),
 ( #2018, #4976 ),
 ( #33, #7943 ),
 ( #3569, #4244 ),
 ( #5789, #6530 ),
 ( #3013, #8214 ),
 ( #6703, #7213 ),
 ( #7985, #3527 ),
 ( #2844, #1372 ),
 ( #8762, #4335 ),
 ( #5966, #8946 ),
 ( #7306, #638 ),
 ( #2288, #5246 ),
 ( #1552, #7001 ),
 ( #3265, #326 ),
 ( #179, #6956 ),
 ( #9041, #6216 ),
 ( #4710, #3309 ),
 ( #917, #9188 ),
 ( #870, #6062 ),
 ( #2584, #7633 ),
 ( #8313, #3163 ),
 ( #7733, #4616 ),
 ( #134, #2535 ),
 ( #6856, #3990 ),
 ( #5438, #3934 ),
 ( #8407, #5485 ),
 ( #1750, #6264 ),
 ( #2487, #9236 ),
 ( #7677, #5537 ),
 ( #3116, #2387 ),
 ( #1704, #7586 ),
 ( #3218, #1800 ),
 ( #9140, #4764 ),
 ( #6171, #5337 ),
 ( #1017, #282 ),
 ( #2442, #1655 ),
 ( #8453, #8509 ),
 ( #1066, #4035 ),
 ( #1849, #3890 ),
 ( #9088, #6113 ),
 ( #230, #4811 ),
 ( #4665, #3844 ),
 ( #6807, #5392 ),
 ( #8361, #968 ),
 ( #6903, #3409 ),
 ( #2727, #5727 ),
 ( #3554, #6514 ),
 ( #8657, #4272 ),
 ( #7967, #3358 ),
 ( #6465, #4082 ) ),
 .UNSPECIFIED., .F., .F., .F.,
 ( 4, 1, 1, 1, 1, 1, 1, 1, 1, 1, 1, 1, 1, 1, 1, 1, 1, 1, 1, 1, 1, 1, 1, 1, 1, 1, 1, 1, 1, 1, 1, 1, 1, 1, 1, 1, 1, 1, 1, 1, 1, 1, 1, 1, 1, 1, 1, 1, 1, 1, 1, 1, 1, 1, 4 ),
 ( 2, 2 ),
 ( 0.000000000000000000, 0.006185920264467958951, 0.006201962899188617762, 0.02441097605636066703, 0.02448136905349906911, 0.05370574164729757793, 0.05388345649501025125, 0.09253774940744008415, 0.09289034474279100895, 0.1389060332195525271, 0.1395093084148929519, 0.1904437008900515815, 0.1913742588137488099, 0.2445345556009104193, 0.2458629933516659483, 0.2984579075547033611, 0.3002380933255869300, 0.3495648249652612005, 0.3518114771965039633, 0.3954646363279898935, 0.3981158618259910131, 0.4341890767744073232, 0.4370593218643058497, 0.4643545367854605699, 0.4670784500627875868, 0.4855543320873982882, 0.4874746266155715047, 0.4999999999999998890, 0.5125253733844284953, 0.5144456679126014897, 0.5329215499372124132, 0.5356454632145392081, 0.5629406781356941503, 0.5658109232255925658, 0.6018841381740089869, 0.6045353636720098844, 0.6481885228034960367, 0.6504351750347385774, 0.6997619066744129590, 0.7015420924452964169, 0.7541370066483340517, 0.7554654443990894697, 0.8086257411862511901, 0.8095562991099481964, 0.8604906915851069371, 0.8610939667804473618, 0.9071096552572089911, 0.9074622505925598048, 0.9461165435049897487, 0.9462942583527023110, 0.9755186309465008199, 0.9755890239436393330, 0.9937980371008112712, 0.9938140797355321521, 1.000000000000000000 ),
 ( 0.000000000000000000, 1.000000000000000000 ),
 .UNSPECIFIED. ) ;
#4375 = CARTESIAN_POINT ( 'NONE',  ( 47.00000000000000000, 251.9412599742291832, -3.265112851063870281 ) ) ;
#4376 = EDGE_CURVE ( 'NONE', #4990, #5124, #9265, .T. ) ;
#4377 = CARTESIAN_POINT ( 'NONE',  ( 28.75104949436352442, 66.80701258836775480, 37.00988115598541128 ) ) ;
#4378 = CARTESIAN_POINT ( 'NONE',  ( 49.96214010274110251, 263.0557208292416362, 1.945746893307073400 ) ) ;
#4379 = ORIENTED_EDGE ( 'NONE', *, *, #4717, .F. ) ;
#4380 = ADVANCED_FACE ( 'NONE', ( #3431 ), #1087, .F. ) ;
#4381 = ORIENTED_EDGE ( 'NONE', *, *, #7485, .F. ) ;
#4382 = CARTESIAN_POINT ( 'NONE',  ( -46.56268880791240861, 157.2818685057019650, -43.94697918396570202 ) ) ;
#4383 = PLANE ( 'NONE',  #7711 ) ;
#4384 = ORIENTED_EDGE ( 'NONE', *, *, #4922, .F. ) ;
#4385 = DIRECTION ( 'NONE',  ( -0.000000000000000000, -1.000000000000000000, -0.000000000000000000 ) ) ;
#4386 = FACE_OUTER_BOUND ( 'NONE', #3487, .T. ) ;
#4387 = CARTESIAN_POINT ( 'NONE',  ( 46.56268880791238018, 157.2818685057020218, -43.94697918396571623 ) ) ;
#4388 = CARTESIAN_POINT ( 'NONE',  ( 30.39400384064316185, 166.3214578944358664, -39.70221989020411968 ) ) ;
#4389 = EDGE_CURVE ( 'NONE', #9511, #7425, #6250, .T. ) ;
#4391 = ORIENTED_EDGE ( 'NONE', *, *, #330, .F. ) ;
#4390 = DIRECTION ( 'NONE',  ( -0.7313537016191701268, 0.000000000000000000, 0.6819983600624988096 ) ) ;
#4392 = DIRECTION ( 'NONE',  ( 0.000000000000000000, 0.000000000000000000, -1.000000000000000000 ) ) ;
#4393 = CARTESIAN_POINT ( 'NONE',  ( -31.92684771948880851, 41.21309918220622137, -33.83408293086012719 ) ) ;
#4394 = CARTESIAN_POINT ( 'NONE',  ( 33.59269824446734987, 39.48056780803440091, 32.16823240588158939 ) ) ;
#4395 = ORIENTED_EDGE ( 'NONE', *, *, #8720, .F. ) ;
#4396 = FACE_OUTER_BOUND ( 'NONE', #7212, .T. ) ;
#4397 = CARTESIAN_POINT ( 'NONE',  ( -41.46658174736685964, 131.8280114082709815, -24.29434890298207961 ) ) ;
#4398 = CARTESIAN_POINT ( 'NONE',  ( 40.79466709084000797, 111.3121957717727071, -24.96626355950890641 ) ) ;
#4399 = LINE ( 'NONE', #3767, #5516 ) ;
#4400 = CARTESIAN_POINT ( 'NONE',  ( 46.98823194100206990, 211.8629400470149164, -1.049999999999884359 ) ) ;
#4401 = CARTESIAN_POINT ( 'NONE',  ( -29.13063671876258098, 172.0413855346515959, -36.88427203083097083 ) ) ;
#4402 = CARTESIAN_POINT ( 'NONE',  ( 36.46736499287372624, 173.1609393494194080, -29.29356565747519880 ) ) ;
#4403 = PLANE ( 'NONE',  #9260 ) ;
#4404 = ORIENTED_EDGE ( 'NONE', *, *, #3206, .T. ) ;
#4405 = VECTOR ( 'NONE', #6138, 1000.000000000000000 ) ;
#4406 = CARTESIAN_POINT ( 'NONE',  ( -42.78460399787552149, 155.3921848145515128, 47.72506399400256782 ) ) ;
#4407 = CARTESIAN_POINT ( 'NONE',  ( 0.000000000000000000, 340.0000000000000000, 0.000000000000000000 ) ) ;
#4408 = CARTESIAN_POINT ( 'NONE',  ( 41.00000000000000000, 58.00000000000000000, -18.00000000000000000 ) ) ;
#4409 = CARTESIAN_POINT ( 'NONE',  ( 0.000000000000000000, 55.00000568419856961, 0.000000000000000000 ) ) ;
#4411 = ADVANCED_FACE ( 'NONE', ( #4106 ), #407, .F. ) ;
#4410 = CARTESIAN_POINT ( 'NONE',  ( -108.0000000000000142, 193.5126614618646101, -0.6599525275824663639 ) ) ;
#4412 = DIRECTION ( 'NONE',  ( -1.000000000000000000, 0.000000000000000000, -0.000000000000000000 ) ) ;
#4413 = CARTESIAN_POINT ( 'NONE',  ( -42.36324379412032926, 153.8348667856812142, -48.14642419775778848 ) ) ;
#4414 = LINE ( 'NONE', #6804, #6457 ) ;
#4415 = CARTESIAN_POINT ( 'NONE',  ( -31.33268355529192917, 174.7093979249174822, 35.03403024655001019 ) ) ;
#4416 = VECTOR ( 'NONE', #320, 1000.000000000000000 ) ;
#4417 = DIRECTION ( 'NONE',  ( 0.000000000000000000, -1.000000000000000000, 0.000000000000000000 ) ) ;
#4418 = EDGE_CURVE ( 'NONE', #5677, #4538, #6340, .T. ) ;
#4419 = VERTEX_POINT ( 'NONE', #5705 ) ;
#4420 = CIRCLE ( 'NONE', #7369, 48.50000000000000000 ) ;
#4421 = CARTESIAN_POINT ( 'NONE',  ( -32.58376914801011281, 36.58494384897175422, 33.17716150233880512 ) ) ;
#4422 = CARTESIAN_POINT ( 'NONE',  ( 43.94697918396568781, 157.2818685057019650, -46.56268880791239440 ) ) ;
#4423 = EDGE_CURVE ( 'NONE', #5110, #2728, #8678, .T. ) ;
#4424 = CARTESIAN_POINT ( 'NONE',  ( 47.00000000000000000, 269.1626897086180179, 0.8761597236124091248 ) ) ;
#4425 = CARTESIAN_POINT ( 'NONE',  ( 35.45918685583339425, 52.00000000000000000, 30.80394296248341846 ) ) ;
#4426 = VECTOR ( 'NONE', #7012, 1000.000000000000000 ) ;
#4427 = CARTESIAN_POINT ( 'NONE',  ( 0.000000000000000000, 55.00000568419856961, -106.2500185044916066 ) ) ;
#4428 = AXIS2_PLACEMENT_3D ( 'NONE', #449, #8573, #6288 ) ;
#4429 = ORIENTED_EDGE ( 'NONE', *, *, #3059, .F. ) ;
#4430 = VERTEX_POINT ( 'NONE', #2112 ) ;
#4431 = CARTESIAN_POINT ( 'NONE',  ( -24.39235554936074735, 141.0186408901463722, -41.36857510098818835 ) ) ;
#4432 = PLANE ( 'NONE',  #7698 ) ;
#4433 = CARTESIAN_POINT ( 'NONE',  ( -49.88015961303253931, 239.4061085794489259, -3.459971158310229722 ) ) ;
#4434 = VECTOR ( 'NONE', #2174, 1000.000000000000000 ) ;
#4435 = CARTESIAN_POINT ( 'NONE',  ( 108.0000000000000000, 215.4299438917482519, 1.470248844514087772 ) ) ;
#4436 = CARTESIAN_POINT ( 'NONE',  ( -25.10761244709871676, 153.6225640485287727, 40.65331820325018697 ) ) ;
#4437 = CIRCLE ( 'NONE', #5832, 49.09999999999999432 ) ;
#4438 = CARTESIAN_POINT ( 'NONE',  ( 38.56258473745505455, 166.8763353538257945, -27.19834591289385983 ) ) ;
#4439 = CARTESIAN_POINT ( 'NONE',  ( 35.04077431783380803, 174.7035535478023291, -31.32513990812032389 ) ) ;
#4440 = VECTOR ( 'NONE', #1708, 1000.000000000000000 ) ;
#4441 = EDGE_CURVE ( 'NONE', #2631, #4256, #9503, .T. ) ;
#4442 = CARTESIAN_POINT ( 'NONE',  ( -46.99714884873045406, 211.0830279688054247, 0.5296784880253745387 ) ) ;
#4443 = CARTESIAN_POINT ( 'NONE',  ( 34.56857423806032159, 172.2436984526349875, 36.12624812829143650 ) ) ;
#4444 = CARTESIAN_POINT ( 'NONE',  ( -40.01567615761507568, 134.5090890707682547, 50.49399183426301363 ) ) ;
#4445 = CARTESIAN_POINT ( 'NONE',  ( -44.73292201045924799, 54.62836855260157876, -45.77674598141885554 ) ) ;
#4446 = CARTESIAN_POINT ( 'NONE',  ( 33.17716150233881223, 36.58494384897175422, 32.58376914801012703 ) ) ;
#4447 = ORIENTED_EDGE ( 'NONE', *, *, #2552, .F. ) ;
#4448 = AXIS2_PLACEMENT_3D ( 'NONE', #6491, #9463, #6577 ) ;
#4449 = CARTESIAN_POINT ( 'NONE',  ( 32.66833329081850223, 35.99999999999999289, 33.09259735953043702 ) ) ;
#4450 = CARTESIAN_POINT ( 'NONE',  ( -49.93783009309771614, 143.4569695494772361, -40.57183789878039448 ) ) ;
#4451 = CARTESIAN_POINT ( 'NONE',  ( 37.49320649782438863, 71.28898199371604960, -28.26772415252453641 ) ) ;
#4452 = CARTESIAN_POINT ( 'NONE',  ( -42.55474908577806303, 135.9913053418155187, 26.25072632901925473 ) ) ;
#4453 = CARTESIAN_POINT ( 'NONE',  ( -41.38727259838149308, 126.6764942988443892, -24.37365805196743551 ) ) ;
#4454 = CARTESIAN_POINT ( 'NONE',  ( -37.71505118859931116, 169.6705890994767003, -28.04587946174760660 ) ) ;
#4455 = CARTESIAN_POINT ( 'NONE',  ( 32.88046532517446963, 176.5866740378391455, -32.88046532517444120 ) ) ;
#4456 = DIRECTION ( 'NONE',  ( 1.000000000000000000, 0.000000000000000000, -0.000000000000000000 ) ) ;
#4457 = ORIENTED_EDGE ( 'NONE', *, *, #9247, .F. ) ;
#4458 = ORIENTED_EDGE ( 'NONE', *, *, #1102, .F. ) ;
#4459 = CARTESIAN_POINT ( 'NONE',  ( -32.88046532517444120, 176.5866740378391739, 32.88046532517448384 ) ) ;
#4460 = CARTESIAN_POINT ( 'NONE',  ( 50.64418028391641968, 124.0985968565961883, 39.86548770796169094 ) ) ;
#4461 = EDGE_CURVE ( 'NONE', #9438, #6626, #3363, .T. ) ;
#4462 = CARTESIAN_POINT ( 'NONE',  ( 49.93783009309771614, 143.4569695494772930, 40.57183789878039448 ) ) ;
#4463 = DIRECTION ( 'NONE',  ( 1.000000000000000000, 0.000000000000000000, 0.000000000000000000 ) ) ;
#4464 = CARTESIAN_POINT ( 'NONE',  ( -41.00000000000000000, 320.0000000000000000, -21.00000000000000000 ) ) ;
#4465 = CARTESIAN_POINT ( 'NONE',  ( -43.47092483188747281, 66.31954352124843410, -47.03874315999063072 ) ) ;
#4466 = CARTESIAN_POINT ( 'NONE',  ( 47.31597781508200029, 69.12979561808754170, 43.19369017679611034 ) ) ;
#4467 = LINE ( 'NONE', #7479, #6849 ) ;
#4468 = DIRECTION ( 'NONE',  ( -0.000000000000000000, -1.000000000000000000, -0.000000000000000000 ) ) ;
#4469 = ORIENTED_EDGE ( 'NONE', *, *, #9623, .T. ) ;
#4470 = CARTESIAN_POINT ( 'NONE',  ( -28.26772415252452930, 71.28898199371604960, 37.49320649782438863 ) ) ;
#4471 = CARTESIAN_POINT ( 'NONE',  ( 36.46736499287372624, 173.1609393494194080, -29.29356565747519880 ) ) ;
#4472 = EDGE_CURVE ( 'NONE', #7651, #9275, #7266, .T. ) ;
#4473 = CARTESIAN_POINT ( 'NONE',  ( 0.000000000000000000, 0.000000000000000000, 0.000000000000000000 ) ) ;
#4474 = CARTESIAN_POINT ( 'NONE',  ( 49.99939035820827371, 267.5542546531630705, -0.2530097613609345597 ) ) ;
#4475 = EDGE_LOOP ( 'NONE', ( #2314, #7287, #9037, #8309 ) ) ;
#4476 = EDGE_CURVE ( 'NONE', #3540, #6793, #547, .T. ) ;
#4477 = EDGE_LOOP ( 'NONE', ( #2196, #5346, #6321, #2152 ) ) ;
#4478 = CARTESIAN_POINT ( 'NONE',  ( -40.57183789878039448, 143.4569695494772930, -49.93783009309771614 ) ) ;
#4479 = DIRECTION ( 'NONE',  ( -0.000000000000000000, -1.000000000000000000, -0.000000000000000000 ) ) ;
#4480 = CARTESIAN_POINT ( 'NONE',  ( 45.19678830451481844, 264.0000000000000000, -19.18489840882334008 ) ) ;
#4481 = CARTESIAN_POINT ( 'NONE',  ( 108.0000000000000000, 188.7030918747323653, 0.2216618877870078497 ) ) ;
#4482 = DIRECTION ( 'NONE',  ( -0.7071067811865475727, 0.000000000000000000, -0.7071067811865475727 ) ) ;
#4483 = CARTESIAN_POINT ( 'NONE',  ( 50.64418028391640547, 124.0985968565961741, -39.86548770796168384 ) ) ;
#4484 = CARTESIAN_POINT ( 'NONE',  ( 37.71505118860339678, 169.6705890994749666, 28.04587946174971691 ) ) ;
#4485 = PLANE ( 'NONE',  #5197 ) ;
#4486 = CARTESIAN_POINT ( 'NONE',  ( 41.61076682822057649, 155.3918562704989483, 27.72384869572498545 ) ) ;
#4487 = CARTESIAN_POINT ( 'NONE',  ( -42.32202566649796438, 78.60787726850115575, 48.18764232538012493 ) ) ;
#4488 = CARTESIAN_POINT ( 'NONE',  ( 0.000000000000000000, 275.0000000000000000, -48.50000000000000000 ) ) ;
#4489 = CARTESIAN_POINT ( 'NONE',  ( 37.25277915899236092, 171.2031378497270282, 28.50815149135656767 ) ) ;
#4490 = EDGE_LOOP ( 'NONE', ( #3022, #2975, #9263, #1002 ) ) ;
#4491 = CARTESIAN_POINT ( 'NONE',  ( 29.67952824767895237, 58.70654625247946967, 36.08140240266998688 ) ) ;
#4492 = CARTESIAN_POINT ( 'NONE',  ( -41.19064070390658827, 148.1781441586251447, -49.31902728797152236 ) ) ;
#4493 = ORIENTED_EDGE ( 'NONE', *, *, #7345, .F. ) ;
#4494 = CARTESIAN_POINT ( 'NONE',  ( 47.03874315999061650, 66.31954352124843410, -43.47092483188747281 ) ) ;
#4495 = DIRECTION ( 'NONE',  ( -0.7071067811865474617, 0.000000000000000000, 0.7071067811865474617 ) ) ;
#4496 = ADVANCED_FACE ( 'NONE', ( #8903 ), #4383, .F. ) ;
#4497 = CARTESIAN_POINT ( 'NONE',  ( -50.17042213900460013, 140.4589426390626272, -40.33924585287351761 ) ) ;
#4498 = DIRECTION ( 'NONE',  ( 0.000000000000000000, 0.000000000000000000, 1.000000000000000000 ) ) ;
#4499 = CARTESIAN_POINT ( 'NONE',  ( 44.58347426246771050, 55.93620152028918824, -45.92619372941037170 ) ) ;
#4500 = LINE ( 'NONE', #5135, #3660 ) ;
#4501 = ORIENTED_EDGE ( 'NONE', *, *, #1696, .F. ) ;
#4502 = ORIENTED_EDGE ( 'NONE', *, *, #316, .F. ) ;
#4503 = CARTESIAN_POINT ( 'NONE',  ( -36.08140240266997267, 58.70654625247946967, 29.67952824767894526 ) ) ;
#4504 = APPROVAL_STATUS ( 'not_yet_approved' ) ;
#4505 = CARTESIAN_POINT ( 'NONE',  ( 46.53284740717148793, 61.44371818057052792, 43.97682058470662980 ) ) ;
#4506 = CARTESIAN_POINT ( 'NONE',  ( 41.46658174736685254, 131.8280114082709815, 24.29434890298207961 ) ) ;
#4507 = CARTESIAN_POINT ( 'NONE',  ( -47.00000000000000000, 169.8038876996392332, -0.9438988005394841618 ) ) ;
#4508 = VECTOR ( 'NONE', #5540, 1000.000000000000000 ) ;
#4509 = B_SPLINE_CURVE_WITH_KNOTS ( 'NONE', 3,
 ( #4081, #1156, #4907, #4133, #430, #1112, #6955, #475 ),
 .UNSPECIFIED., .F., .F.,
 ( 4, 2, 2, 4 ),
 ( 0.000000000000000000, 0.004222814332542844905, 0.008445628665085689810, 0.01689125733017137615 ),
 .UNSPECIFIED. ) ;
#4510 = CARTESIAN_POINT ( 'NONE',  ( -21.38493649053892653, 39.50000000000000000, -42.03979651824705144 ) ) ;
#4511 = CARTESIAN_POINT ( 'NONE',  ( -29.67952824767895237, 58.70654625247944125, -36.08140240266997978 ) ) ;
#4512 = CARTESIAN_POINT ( 'NONE',  ( -45.04270196158307726, 52.00000000000000000, 45.46696603029501205 ) ) ;
#4513 = EDGE_CURVE ( 'NONE', #5692, #425, #9597, .T. ) ;
#4514 = CARTESIAN_POINT ( 'NONE',  ( 26.00954371031357226, 95.69680212022356613, -39.75138694003533857 ) ) ;
#4515 = DIRECTION ( 'NONE',  ( 0.6819983600624988096, 0.000000000000000000, 0.7313537016191701268 ) ) ;
#4516 = CYLINDRICAL_SURFACE ( 'NONE', #70, 48.70000000000000284 ) ;
#4517 = VERTEX_POINT ( 'NONE', #3572 ) ;
#4518 = CARTESIAN_POINT ( 'NONE',  ( -30.12822377908831228, 54.97802726448587407, 35.63270687126059499 ) ) ;
#4519 = CARTESIAN_POINT ( 'NONE',  ( 47.31597781508198608, 69.12979561808754170, -43.19369017679610323 ) ) ;
#4520 = CARTESIAN_POINT ( 'NONE',  ( 30.12822377908833005, 54.97802726448587407, 35.63270687126060210 ) ) ;
#4521 = CARTESIAN_POINT ( 'NONE',  ( 49.96813814867704195, 264.1646428445306469, -1.790079189244707880 ) ) ;
#4522 = ORIENTED_EDGE ( 'NONE', *, *, #3399, .F. ) ;
#4523 = ORIENTED_EDGE ( 'NONE', *, *, #5880, .F. ) ;
#4524 = CARTESIAN_POINT ( 'NONE',  ( -50.59218501756917874, 120.2343318316845853, -39.91748297430893899 ) ) ;
#4525 = B_SPLINE_CURVE_WITH_KNOTS ( 'NONE', 3,
 ( #9013, #8282, #6826, #151, #3136, #9058, #2405, #6874 ),
 .UNSPECIFIED., .F., .F.,
 ( 4, 2, 2, 4 ),
 ( 1.387778780781445676E-17, 0.008445642262737983880, 0.01266846339410695847, 0.01689128452547593306 ),
 .UNSPECIFIED. ) ;
#4526 = DIRECTION ( 'NONE',  ( -0.7071067811865474617, 0.000000000000000000, 0.7071067811865474617 ) ) ;
#4527 = CARTESIAN_POINT ( 'NONE',  ( -49.92108712948631677, 205.8131284285745153, 2.814950352195107808 ) ) ;
#4528 = CARTESIAN_POINT ( 'NONE',  ( 108.0000000000000000, 201.2789572189547584, 1.216411794072249197 ) ) ;
#4529 = CARTESIAN_POINT ( 'NONE',  ( -41.06358789818638400, 116.6762642137271797, 24.69734275216252684 ) ) ;
#4530 = EDGE_CURVE ( 'NONE', #5692, #1281, #6575, .T. ) ;
#4531 = CARTESIAN_POINT ( 'NONE',  ( 24.37365805196742130, 126.6764942988443892, -41.38727259838148598 ) ) ;
#4532 = LINE ( 'NONE', #3806, #7998 ) ;
#4533 = LINE ( 'NONE', #888, #4124 ) ;
#4534 = CARTESIAN_POINT ( 'NONE',  ( 40.76112261813027970, 161.5572563240429815, 28.95941040735547389 ) ) ;
#4535 = CARTESIAN_POINT ( 'NONE',  ( -24.55371574811972124, 145.7020373835961493, 41.20721490222918959 ) ) ;
#4536 = LINE ( 'NONE', #5219, #6755 ) ;
#4537 = CARTESIAN_POINT ( 'NONE',  ( 29.29356565747520946, 173.1609393494194364, 36.46736499287372624 ) ) ;
#4538 = VERTEX_POINT ( 'NONE', #686 ) ;
#4539 = CARTESIAN_POINT ( 'NONE',  ( 49.99939933985893248, 161.3767734674762266, -0.2450829519018705716 ) ) ;
#4540 = DIRECTION ( 'NONE',  ( 0.000000000000000000, -1.000000000000000000, 0.000000000000000000 ) ) ;
#4541 = ORIENTED_EDGE ( 'NONE', *, *, #1660, .T. ) ;
#4542 = CARTESIAN_POINT ( 'NONE',  ( 46.30576403225039428, 59.33385514974001751, -44.20390395962768793 ) ) ;
#4543 = CARTESIAN_POINT ( 'NONE',  ( -39.28526364579835217, 167.7527087701905089, 30.93174375732379744 ) ) ;
#4544 = ADVANCED_FACE ( 'NONE', ( #6489 ), #4432, .F. ) ;
#4545 = CARTESIAN_POINT ( 'NONE',  ( -34.44736847863528340, 45.71524904810726753, -31.31356217171364520 ) ) ;
#4546 = CARTESIAN_POINT ( 'NONE',  ( -41.46658174736685964, 131.8280114082709815, -24.29434890298207961 ) ) ;
#4547 = CARTESIAN_POINT ( 'NONE',  ( 24.69734275216252328, 116.6762642137271797, -41.06358789818639821 ) ) ;
#4548 = CARTESIAN_POINT ( 'NONE',  ( -27.19834591289385628, 166.8763353538257945, 38.56258473745505455 ) ) ;
#4549 = ORIENTED_EDGE ( 'NONE', *, *, #1402, .F. ) ;
#4550 = VERTEX_POINT ( 'NONE', #3658 ) ;
#4551 = CARTESIAN_POINT ( 'NONE',  ( -38.43390449649705687, 80.61020279584469961, 27.32702615385185752 ) ) ;
#4552 = CARTESIAN_POINT ( 'NONE',  ( 40.17760570267969911, 200.0000000000000000, -24.00000000000000000 ) ) ;
#4553 = CARTESIAN_POINT ( 'NONE',  ( 26.00954371031358292, 95.69680212022358035, 39.75138694003535278 ) ) ;
#4554 = EDGE_CURVE ( 'NONE', #5124, #7975, #6625, .T. ) ;
#4555 = CARTESIAN_POINT ( 'NONE',  ( 47.03874315999062361, 66.31954352124843410, 43.47092483188747281 ) ) ;
#4556 = ADVANCED_FACE ( 'NONE', ( #8857 ), #2888, .F. ) ;
#4557 = CARTESIAN_POINT ( 'NONE',  ( -47.00000000000000000, 198.8384312691162279, -2.581365136496106327 ) ) ;
#4558 = CARTESIAN_POINT ( 'NONE',  ( -21.05131002302671916, 30.00000000000000000, -41.46193852576619321 ) ) ;
#4559 = CIRCLE ( 'NONE', #365, 36.00000000000000000 ) ;
#4560 = CARTESIAN_POINT ( 'NONE',  ( -25.51359495171287506, 157.6066838202880831, -40.24733569863606419 ) ) ;
#4561 = VECTOR ( 'NONE', #3375, 1000.000000000000000 ) ;
#4562 = ORIENTED_EDGE ( 'NONE', *, *, #7057, .T. ) ;
#4563 = CARTESIAN_POINT ( 'NONE',  ( 45.57187448734443791, 52.88466077438589963, 44.93779350453366561 ) ) ;
#4564 = CARTESIAN_POINT ( 'NONE',  ( 44.93779350453366561, 52.88466077438591384, -45.57187448734442370 ) ) ;
#4565 = CARTESIAN_POINT ( 'NONE',  ( -43.67497383246008269, 64.24886354028815560, 46.83469415941799951 ) ) ;
#4566 = CARTESIAN_POINT ( 'NONE',  ( -46.53284740717148082, 61.44371818057052792, -43.97682058470662270 ) ) ;
#4567 = VERTEX_POINT ( 'NONE', #8724 ) ;
#4568 = CARTESIAN_POINT ( 'NONE',  ( -31.31356217171363099, 45.71524904810725332, 34.44736847863527629 ) ) ;
#4569 = CARTESIAN_POINT ( 'NONE',  ( 47.72506399400256072, 155.3921848145515412, -42.78460399787553570 ) ) ;
#4570 = LINE ( 'NONE', #6023, #8793 ) ;
#4571 = CARTESIAN_POINT ( 'NONE',  ( 49.99055546128615646, 266.5335893367093263, -0.9785999265239635481 ) ) ;
#4572 = AXIS2_PLACEMENT_3D ( 'NONE', #4611, #7581, #912 ) ;
#4573 = VERTEX_POINT ( 'NONE', #8812 ) ;
#4574 = ORIENTED_EDGE ( 'NONE', *, *, #6972, .F. ) ;
#4575 = DIRECTION ( 'NONE',  ( -0.8660254037844383745, 0.000000000000000000, 0.5000000000000004441 ) ) ;
#4576 = DIRECTION ( 'NONE',  ( 1.000000000000000000, 0.000000000000000000, 0.000000000000000000 ) ) ;
#4577 = CARTESIAN_POINT ( 'NONE',  ( -49.87850033427027086, 232.5153467921315951, 3.483562062867771481 ) ) ;
#4578 = CARTESIAN_POINT ( 'NONE',  ( -22.38493649053892298, 268.0000000000000000, -43.77184732581592641 ) ) ;
#4579 = CARTESIAN_POINT ( 'NONE',  ( -37.00988115598539707, 66.80701258836775480, 28.75104949436351731 ) ) ;
#4580 = CIRCLE ( 'NONE', #231, 48.50000000000000000 ) ;
#4581 = AXIS2_PLACEMENT_3D ( 'NONE', #5861, #6454, #655 ) ;
#4582 = CARTESIAN_POINT ( 'NONE',  ( 39.86548770796168384, 124.0985968565961315, -50.64418028391641258 ) ) ;
#4583 = AXIS2_PLACEMENT_3D ( 'NONE', #300, #3327, #7794 ) ;
#4584 = CARTESIAN_POINT ( 'NONE',  ( 30.59914242697331233, 174.0484005150509859, -35.67620357437670719 ) ) ;
#4585 = CARTESIAN_POINT ( 'NONE',  ( 0.000000000000000000, 0.000000000000000000, 0.000000000000000000 ) ) ;
#4586 = CARTESIAN_POINT ( 'NONE',  ( 33.50048380369551637, 171.5663486130584090, 37.11866614447522039 ) ) ;
#4587 = AXIS2_PLACEMENT_3D ( 'NONE', #3130, #6713, #9101 ) ;
#4588 = CARTESIAN_POINT ( 'NONE',  ( -43.47092483188747281, 66.31954352124843410, -47.03874315999063072 ) ) ;
#4589 = CARTESIAN_POINT ( 'NONE',  ( 39.91748297430893189, 120.2343318316845853, 50.59218501756917874 ) ) ;
#4590 = ORIENTED_EDGE ( 'NONE', *, *, #8424, .F. ) ;
#4591 = CARTESIAN_POINT ( 'NONE',  ( -39.21300354332209537, 264.0000000000000000, -29.54911763676555836 ) ) ;
#4592 = CARTESIAN_POINT ( 'NONE',  ( -35.45918685583342267, 52.00000000000000711, 30.80394296248343267 ) ) ;
#4593 = ORIENTED_EDGE ( 'NONE', *, *, #1212, .F. ) ;
#4594 = CARTESIAN_POINT ( 'NONE',  ( 41.19064070390658117, 148.1781441586250878, -49.31902728797151525 ) ) ;
#4595 = CIRCLE ( 'NONE', #1177, 46.97059542429539647 ) ;
#4596 = CARTESIAN_POINT ( 'NONE',  ( -35.23125842034104949, 172.3992787183044584, 35.47935076380301211 ) ) ;
#4597 = CARTESIAN_POINT ( 'NONE',  ( -33.17716150233881223, 36.58494384897174712, -32.58376914801012703 ) ) ;
#4598 = AXIS2_PLACEMENT_3D ( 'NONE', #4473, #2194, #5154 ) ;
#4599 = EDGE_CURVE ( 'NONE', #2557, #4107, #5781, .T. ) ;
#4600 = VECTOR ( 'NONE', #5870, 999.9999999999998863 ) ;
#4601 = CARTESIAN_POINT ( 'NONE',  ( -46.53284740717148082, 61.44371818057052792, -43.97682058470662270 ) ) ;
#4602 = CARTESIAN_POINT ( 'NONE',  ( 40.92961328274395783, 96.97051065983893636, -49.58005470913413859 ) ) ;
#4603 = CARTESIAN_POINT ( 'NONE',  ( -40.33924585287350340, 140.4589426390626556, 50.17042213900458592 ) ) ;
#4604 = ORIENTED_EDGE ( 'NONE', *, *, #7419, .F. ) ;
#4605 = VERTEX_POINT ( 'NONE', #2155 ) ;
#4606 = CARTESIAN_POINT ( 'NONE',  ( -46.56268880791239440, 157.2818685057019650, 43.94697918396570202 ) ) ;
#4607 = CARTESIAN_POINT ( 'NONE',  ( 42.36324379412032215, 153.8348667856811858, 48.14642419775779558 ) ) ;
#4608 = CARTESIAN_POINT ( 'NONE',  ( 43.94697918396570202, 157.2818685057019650, 46.56268880791240861 ) ) ;
#4609 = CARTESIAN_POINT ( 'NONE',  ( -47.00000000000000000, 174.8707557546558462, -1.273156625868754999 ) ) ;
#4610 = CARTESIAN_POINT ( 'NONE',  ( -34.35492515600355290, 41.14807402462480468, -35.48613965603915688 ) ) ;
#4611 = CARTESIAN_POINT ( 'NONE',  ( -1.301187450708726811E-14, 55.00000568419856961, 106.2500185044916066 ) ) ;
#4612 = VERTEX_POINT ( 'NONE', #1280 ) ;
#4613 = CARTESIAN_POINT ( 'NONE',  ( 33.17716150233881223, 36.58494384897175422, 32.58376914801012703 ) ) ;
#4614 = CARTESIAN_POINT ( 'NONE',  ( 27.32702615385185396, 80.61020279584469961, -38.43390449649706397 ) ) ;
#4615 = CARTESIAN_POINT ( 'NONE',  ( -42.86151494923075944, 72.49854646718331708, 47.64815304264732987 ) ) ;
#4616 = CARTESIAN_POINT ( 'NONE',  ( -45.25483399593905176, 158.6226686892998146, -45.25483399593905176 ) ) ;
#4617 = ORIENTED_EDGE ( 'NONE', *, *, #5947, .F. ) ;
#4618 = B_SPLINE_CURVE_WITH_KNOTS ( 'NONE', 3,
 ( #6132, #3279, #4779, #9107, #2456, #6283, #8331, #7746 ),
 .UNSPECIFIED., .F., .F.,
 ( 4, 2, 2, 4 ),
 ( 0.000000000000000000, 0.008445642262737952655, 0.01266846339410693939, 0.01689128452547592613 ),
 .UNSPECIFIED. ) ;
#4619 = CARTESIAN_POINT ( 'NONE',  ( -25.51359495171286085, 157.6066838202880831, 40.24733569863604998 ) ) ;
#4620 = CARTESIAN_POINT ( 'NONE',  ( 41.06358789818639110, 116.6762642137271371, -24.69734275216253394 ) ) ;
#4621 = CC_DESIGN_PERSON_AND_ORGANIZATION_ASSIGNMENT ( #269, #6159, ( #6589 ) ) ;
#4622 = CARTESIAN_POINT ( 'NONE',  ( 0.000000000000000000, 57.99999999999999289, 0.000000000000000000 ) ) ;
#4623 = EDGE_CURVE ( 'NONE', #8813, #4573, #4247, .T. ) ;
#4624 = CARTESIAN_POINT ( 'NONE',  ( 37.71505118860339678, 169.6705890994749666, 28.04587946174971691 ) ) ;
#4625 = ORIENTED_EDGE ( 'NONE', *, *, #8171, .T. ) ;
#4626 = ORIENTED_EDGE ( 'NONE', *, *, #7935, .F. ) ;
#4627 = CARTESIAN_POINT ( 'NONE',  ( 33.69872078113331781, 42.79893802968336303, 32.06220986921563565 ) ) ;
#4628 = CARTESIAN_POINT ( 'NONE',  ( 47.10000000000000142, 39.50000000000000000, 2.500000000000000000 ) ) ;
#4629 = CARTESIAN_POINT ( 'NONE',  ( -50.00001038705131862, 267.6403945089853664, 0.05873842938674143921 ) ) ;
#4630 = LINE ( 'NONE', #9199, #7380 ) ;
#4631 = CARTESIAN_POINT ( 'NONE',  ( -43.94697918396570202, 157.2818685057019650, 46.56268880791238018 ) ) ;
#4632 = FACE_OUTER_BOUND ( 'NONE', #1339, .T. ) ;
#4633 = B_SPLINE_CURVE_WITH_KNOTS ( 'NONE', 3,
 ( #8848, #4372, #3517, #8115 ),
 .UNSPECIFIED., .F., .F.,
 ( 4, 4 ),
 ( 0.000000000000000000, 0.009128091185151905596 ),
 .UNSPECIFIED. ) ;
#4634 = CARTESIAN_POINT ( 'NONE',  ( 36.42405306807768284, 172.9592403365972473, -29.70434460651348374 ) ) ;
#4635 = CARTESIAN_POINT ( 'NONE',  ( -29.68759046701157445, 174.1961081890134722, -36.07334018333737191 ) ) ;
#4636 = CARTESIAN_POINT ( 'NONE',  ( 32.20423504670466741, 170.1219111502269641, 38.24827850845476007 ) ) ;
#4637 = LINE ( 'NONE', #1676, #3017 ) ;
#4638 = CARTESIAN_POINT ( 'NONE',  ( 47.72506399400257493, 155.3921848145515128, 42.78460399787553570 ) ) ;
#4639 = ORIENTED_EDGE ( 'NONE', *, *, #2104, .F. ) ;
#4640 = CARTESIAN_POINT ( 'NONE',  ( -30.48270409063779951, 75.12883906526404587, -39.64092262454929028 ) ) ;
#4641 = CARTESIAN_POINT ( 'NONE',  ( -40.41035066590497848, 58.00000000000000000, -24.00000000000000000 ) ) ;
#4642 = ORIENTED_EDGE ( 'NONE', *, *, #2218, .T. ) ;
#4643 = CARTESIAN_POINT ( 'NONE',  ( -108.0000000000000000, 197.7459818005252146, -0.9880518776675252246 ) ) ;
#4644 = CARTESIAN_POINT ( 'NONE',  ( -30.59992134144168219, 166.9004939135998882, 39.54399360121364282 ) ) ;
#4645 = CARTESIAN_POINT ( 'NONE',  ( -39.75138694003534567, 95.69680212022356613, -26.00954371031358647 ) ) ;
#4646 = CARTESIAN_POINT ( 'NONE',  ( -49.93783009309771614, 143.4569695494772361, -40.57183789878039448 ) ) ;
#4647 = CARTESIAN_POINT ( 'NONE',  ( 0.000000000000000000, 340.0000000000000000, 46.99996213765929554 ) ) ;
#4648 = CARTESIAN_POINT ( 'NONE',  ( -41.45303252024854146, 89.40149471062302666, 49.05663547162955496 ) ) ;
#4649 = ORIENTED_EDGE ( 'NONE', *, *, #4252, .T. ) ;
#4650 = ORIENTED_EDGE ( 'NONE', *, *, #6818, .F. ) ;
#4651 = CARTESIAN_POINT ( 'NONE',  ( -33.17716150233879802, 36.58494384897174712, 32.58376914801011992 ) ) ;
#4652 = LINE ( 'NONE', #857, #7221 ) ;
#4653 = CARTESIAN_POINT ( 'NONE',  ( 45.04270196158309147, 52.00000000000000000, 45.46696603029501915 ) ) ;
#4654 = CARTESIAN_POINT ( 'NONE',  ( 34.44736847863528340, 45.71524904810725332, 31.31356217171364520 ) ) ;
#4655 = B_SPLINE_CURVE_WITH_KNOTS ( 'NONE', 3,
 ( #193, #4002, #1815, #8471 ),
 .UNSPECIFIED., .F., .F.,
 ( 4, 4 ),
 ( 9.185848120258996993E-17, 0.009128091185160945240 ),
 .UNSPECIFIED. ) ;
#4656 = ADVANCED_FACE ( 'NONE', ( #5073 ), #8039, .F. ) ;
#4657 = CARTESIAN_POINT ( 'NONE',  ( 32.98532786528269156, 54.99999999999999289, 37.57616459432502154 ) ) ;
#4658 = ADVANCED_FACE ( 'NONE', ( #8078 ), #1419, .T. ) ;
#4659 = CARTESIAN_POINT ( 'NONE',  ( 42.14932971709495746, 148.7199520483279400, -26.89765380023562358 ) ) ;
#4660 = CARTESIAN_POINT ( 'NONE',  ( 0.000000000000000000, 0.000000000000000000, 0.000000000000000000 ) ) ;
#4661 = ORIENTED_EDGE ( 'NONE', *, *, #1356, .T. ) ;
#4662 = CARTESIAN_POINT ( 'NONE',  ( 24.55371574811974256, 145.7020373835962062, 41.20721490222918959 ) ) ;
#4663 = CARTESIAN_POINT ( 'NONE',  ( 44.58347426246771050, 55.93620152028918824, -45.92619372941037170 ) ) ;
#4664 = CARTESIAN_POINT ( 'NONE',  ( -48.52056619669234294, 82.37800232306902615, 41.98910179518574637 ) ) ;
#4665 = CARTESIAN_POINT ( 'NONE',  ( -29.67952824767895237, 58.70654625247944125, -36.08140240266997978 ) ) ;
#4666 = ORIENTED_EDGE ( 'NONE', *, *, #2367, .T. ) ;
#4667 = CARTESIAN_POINT ( 'NONE',  ( -40.24733569863604288, 157.6066838202881399, 25.51359495171287506 ) ) ;
#4668 = DIRECTION ( 'NONE',  ( -1.000000000000000000, 0.000000000000000000, 0.000000000000000000 ) ) ;
#4669 = VECTOR ( 'NONE', #8584, 1000.000000000000000 ) ;
#4670 = ADVANCED_FACE ( 'NONE', ( #6817 ), #3856, .T. ) ;
#4671 = CARTESIAN_POINT ( 'NONE',  ( -31.84932341491869678, 35.50000000000000000, -34.15421786561524442 ) ) ;
#4672 = CARTESIAN_POINT ( 'NONE',  ( 33.50548176672008793, 175.4713705888825359, 32.96085372608881414 ) ) ;
#4673 = VECTOR ( 'NONE', #4987, 1000.000000000000114 ) ;
#4674 = ORIENTED_EDGE ( 'NONE', *, *, #3034, .T. ) ;
#4675 = CARTESIAN_POINT ( 'NONE',  ( -43.19369017679611034, 69.12979561808754170, -47.31597781508200029 ) ) ;
#4676 = CARTESIAN_POINT ( 'NONE',  ( 46.59833688019348585, 145.5000000000000000, 52.39661248592317833 ) ) ;
#4677 = EDGE_CURVE ( 'NONE', #188, #1586, #3797, .T. ) ;
#4678 = CARTESIAN_POINT ( 'NONE',  ( -49.96214010274643869, 263.0557208303804941, -1.945746893170422709 ) ) ;
#4679 = LINE ( 'NONE', #1033, #4741 ) ;
#4680 = CARTESIAN_POINT ( 'NONE',  ( -33.83408293086010588, 41.21309918220618584, 31.92684771948880140 ) ) ;
#4681 = CARTESIAN_POINT ( 'NONE',  ( 33.26194495473986734, 37.17140469785623935, -32.49898569560905059 ) ) ;
#4682 = CARTESIAN_POINT ( 'NONE',  ( -40.28617701406467688, 108.7025900201346644, 50.22349097781341243 ) ) ;
#4683 = ADVANCED_FACE ( 'NONE', ( #7641 ), #3945, .T. ) ;
#4684 = CARTESIAN_POINT ( 'NONE',  ( 0.000000000000000000, 35.50000000000000000, 0.000000000000000000 ) ) ;
#4685 = PLANE ( 'NONE',  #2563 ) ;
#4686 = CARTESIAN_POINT ( 'NONE',  ( 40.28617701406468399, 108.7025900201346502, 50.22349097781342664 ) ) ;
#4687 = ORIENTED_EDGE ( 'NONE', *, *, #2843, .F. ) ;
#4688 = CARTESIAN_POINT ( 'NONE',  ( -31.73166403061347651, 169.3775914624838776, -38.64111387783777474 ) ) ;
#4689 = CARTESIAN_POINT ( 'NONE',  ( 0.000000000000000000, 57.99999999999999289, 0.000000000000000000 ) ) ;
#4690 = ORIENTED_EDGE ( 'NONE', *, *, #1212, .T. ) ;
#4691 = CARTESIAN_POINT ( 'NONE',  ( 45.04270196158309147, 52.00000000000000000, 45.46696603029501915 ) ) ;
#4692 = CARTESIAN_POINT ( 'NONE',  ( -33.90048142761231276, 171.8733151468667586, 36.75370899142989600 ) ) ;
#4693 = CARTESIAN_POINT ( 'NONE',  ( -39.22375858382815039, 163.8347417721553541, 26.53717206652077110 ) ) ;
#4694 = CARTESIAN_POINT ( 'NONE',  ( -34.68057595339049470, 175.3233815820528605, -31.08035469695844100 ) ) ;
#4695 = CARTESIAN_POINT ( 'NONE',  ( 48.18764232538011782, 78.60787726850115575, -42.32202566649796438 ) ) ;
#4696 = CARTESIAN_POINT ( 'NONE',  ( -32.16823240588157518, 39.48056780803440091, 33.59269824446734276 ) ) ;
#4697 = ORIENTED_EDGE ( 'NONE', *, *, #2959, .F. ) ;
#4698 = EDGE_LOOP ( 'NONE', ( #3417, #3150, #3854, #1942 ) ) ;
#4699 = FACE_OUTER_BOUND ( 'NONE', #2156, .T. ) ;
#4700 = CARTESIAN_POINT ( 'NONE',  ( 40.57183789878039448, 143.4569695494772645, 49.93783009309771614 ) ) ;
#4701 = CARTESIAN_POINT ( 'NONE',  ( 24.69734275216253394, 116.6762642137271797, 41.06358789818640531 ) ) ;
#4702 = CARTESIAN_POINT ( 'NONE',  ( 26.62135493071058079, 118.1757342629044558, 42.32413524936858096 ) ) ;
#4703 = CARTESIAN_POINT ( 'NONE',  ( 49.82615309694460137, 100.9687423887486943, -40.68351489493349504 ) ) ;
#4704 = LINE ( 'NONE', #7670, #5193 ) ;
#4705 = CARTESIAN_POINT ( 'NONE',  ( 0.000000000000000000, 52.00000000000000000, 0.000000000000000000 ) ) ;
#4706 = ORIENTED_EDGE ( 'NONE', *, *, #2715, .F. ) ;
#4707 = CARTESIAN_POINT ( 'NONE',  ( 42.62031228415365547, 75.23276251545790672, 47.88935570772444095 ) ) ;
#4708 = CARTESIAN_POINT ( 'NONE',  ( 38.43390449649705687, 80.61020279584469961, -27.32702615385185752 ) ) ;
#4709 = DIRECTION ( 'NONE',  ( 0.000000000000000000, 0.000000000000000000, -1.000000000000000000 ) ) ;
#4710 = CARTESIAN_POINT ( 'NONE',  ( -39.22375858382816460, 163.8347417721553541, -26.53717206652077110 ) ) ;
#4711 = ADVANCED_FACE ( 'NONE', ( #7596 ), #8179, .F. ) ;
#4712 = VERTEX_POINT ( 'NONE', #242 ) ;
#4713 = CARTESIAN_POINT ( 'NONE',  ( -47.31597781508198608, 69.12979561808752749, 43.19369017679610323 ) ) ;
#4714 = DIRECTION ( 'NONE',  ( 0.000000000000000000, -0.000000000000000000, -1.000000000000000000 ) ) ;
#4715 = CARTESIAN_POINT ( 'NONE',  ( -39.21300354332209537, 264.0000000000000000, -29.54911763676555836 ) ) ;
#4716 = CARTESIAN_POINT ( 'NONE',  ( 49.89942805278172955, 250.3241509906085582, -3.170637531510492213 ) ) ;
#4717 = EDGE_CURVE ( 'NONE', #4980, #4022, #779, .T. ) ;
#4718 = CARTESIAN_POINT ( 'NONE',  ( -47.88935570772442674, 75.23276251545790672, 42.62031228415365547 ) ) ;
#4719 = ADVANCED_FACE ( 'NONE', ( #3750 ), #3176, .F. ) ;
#4720 = ORIENTED_EDGE ( 'NONE', *, *, #8910, .F. ) ;
#4721 = VECTOR ( 'NONE', #8360, 1000.000000000000000 ) ;
#4722 = CARTESIAN_POINT ( 'NONE',  ( -32.58376914801012703, 36.58494384897175422, -33.17716150233881223 ) ) ;
#4723 = CARTESIAN_POINT ( 'NONE',  ( 45.25483399593905176, 158.6226686892998146, 45.25483399593905176 ) ) ;
#4724 = CARTESIAN_POINT ( 'NONE',  ( -41.00000000000000000, 320.0000000000000000, -18.00000000000000000 ) ) ;
#4725 = DIRECTION ( 'NONE',  ( 0.1218693434051473096, 0.000000000000000000, -0.9925461516413220942 ) ) ;
#4726 = CARTESIAN_POINT ( 'NONE',  ( -48.91202582514207364, 150.5005888525397211, 41.59764216673601567 ) ) ;
#4727 = CARTESIAN_POINT ( 'NONE',  ( 33.26194495473987445, 37.17140469785623225, 32.49898569560906481 ) ) ;
#4728 = CC_DESIGN_SECURITY_CLASSIFICATION ( #8769, ( #6589 ) ) ;
#4729 = CARTESIAN_POINT ( 'NONE',  ( -40.33924585287350340, 140.4589426390626556, 50.17042213900458592 ) ) ;
#4730 = DIRECTION ( 'NONE',  ( 0.000000000000000000, 0.000000000000000000, 1.000000000000000000 ) ) ;
#4731 = CARTESIAN_POINT ( 'NONE',  ( 0.000000000000000000, 200.0000000000000000, 0.000000000000000000 ) ) ;
#4732 = DIRECTION ( 'NONE',  ( -0.000000000000000000, -1.000000000000000000, -0.000000000000000000 ) ) ;
#4733 = EDGE_LOOP ( 'NONE', ( #548, #1996, #4336, #114, #7262 ) ) ;
#4734 = CARTESIAN_POINT ( 'NONE',  ( -32.32732609223455000, 60.02193514452851275, -38.15377554675334437 ) ) ;
#4735 = AXIS2_PLACEMENT_3D ( 'NONE', #8209, #2229, #9583 ) ;
#4736 = CARTESIAN_POINT ( 'NONE',  ( -35.06995688179169690, 49.00211377389216949, 31.16249184016698948 ) ) ;
#4737 = VERTEX_POINT ( 'NONE', #8225 ) ;
#4738 = CARTESIAN_POINT ( 'NONE',  ( -108.0000000000000000, 212.2520230457143384, 1.564538599336978031 ) ) ;
#4739 = CARTESIAN_POINT ( 'NONE',  ( -32.71836957138132362, 170.7839353711503918, 37.80954862240392345 ) ) ;
#4740 = VECTOR ( 'NONE', #2772, 1000.000000000000114 ) ;
#4741 = VECTOR ( 'NONE', #932, 1000.000000000000227 ) ;
#4742 = CARTESIAN_POINT ( 'NONE',  ( 34.51648671455647133, 38.38965361115109687, -34.94075078326840611 ) ) ;
#4743 = EDGE_CURVE ( 'NONE', #6462, #3555, #42, .T. ) ;
#4744 = AXIS2_PLACEMENT_3D ( 'NONE', #3626, #1534, #6590 ) ;
#4745 = CARTESIAN_POINT ( 'NONE',  ( -48.18764232538013204, 78.60787726850114154, -42.32202566649797859 ) ) ;
#4746 = CARTESIAN_POINT ( 'NONE',  ( 49.82615309694460137, 100.9687423887486943, -40.68351489493349504 ) ) ;
#4747 = CARTESIAN_POINT ( 'NONE',  ( 44.58347426246773182, 55.93620152028918824, 45.92619372941037881 ) ) ;
#4748 = ORIENTED_EDGE ( 'NONE', *, *, #8607, .F. ) ;
#4749 = EDGE_LOOP ( 'NONE', ( #6690, #3935 ) ) ;
#4750 = AXIS2_PLACEMENT_3D ( 'NONE', #3868, #4540, #6832 ) ;
#4751 = CARTESIAN_POINT ( 'NONE',  ( 49.05663547162955496, 89.40149471062302666, 41.45303252024855567 ) ) ;
#4752 = CARTESIAN_POINT ( 'NONE',  ( 40.01567615761508989, 134.5090890707682831, 50.49399183426302073 ) ) ;
#4753 = CARTESIAN_POINT ( 'NONE',  ( 25.51359495171288216, 157.6066838202881399, 40.24733569863605709 ) ) ;
#4754 = CIRCLE ( 'NONE', #4289, 48.70000000000001705 ) ;
#4755 = CARTESIAN_POINT ( 'NONE',  ( 41.36857510098818125, 141.0186408901463722, -24.39235554936074024 ) ) ;
#4756 = AXIS2_PLACEMENT_3D ( 'NONE', #6387, #3529, #9502 ) ;
#4757 = CARTESIAN_POINT ( 'NONE',  ( 40.07697081585717314, 80.17275260434406903, -29.90453712062112857 ) ) ;
#4758 = DIRECTION ( 'NONE',  ( 0.000000000000000000, 0.000000000000000000, -1.000000000000000000 ) ) ;
#4759 = EDGE_LOOP ( 'NONE', ( #6328, #2061 ) ) ;
#4760 = CARTESIAN_POINT ( 'NONE',  ( 36.46736499287372624, 173.1609393494194080, 29.29356565747520236 ) ) ;
#4761 = EDGE_CURVE ( 'NONE', #6929, #254, #9051, .T. ) ;
#4762 = CARTESIAN_POINT ( 'NONE',  ( 34.68057595339049470, 175.3233815820528321, -31.08035469695841968 ) ) ;
#4763 = CARTESIAN_POINT ( 'NONE',  ( -26.71506350946108910, 264.0000000000000000, 41.27184732581594773 ) ) ;
#4764 = CARTESIAN_POINT ( 'NONE',  ( -39.91748297430894610, 120.2343318316846279, -50.59218501756916453 ) ) ;
#4765 = ORIENTED_EDGE ( 'NONE', *, *, #2657, .F. ) ;
#4766 = VECTOR ( 'NONE', #564, 1000.000000000000000 ) ;
#4767 = CARTESIAN_POINT ( 'NONE',  ( -30.80394296248340069, 52.00000000000000000, 35.45918685583340135 ) ) ;
#4768 = DIRECTION ( 'NONE',  ( 0.000000000000000000, 1.000000000000000000, 0.000000000000000000 ) ) ;
#4769 = LINE ( 'NONE', #8365, #9103 ) ;
#4770 = DIRECTION ( 'NONE',  ( 0.6971651028545647888, 0.000000000000000000, 0.7169106076504824232 ) ) ;
#4771 = CARTESIAN_POINT ( 'NONE',  ( -45.92619372941035749, 55.93620152028918824, 44.58347426246772471 ) ) ;
#4772 = ORIENTED_EDGE ( 'NONE', *, *, #6451, .F. ) ;
#4773 = DIRECTION ( 'NONE',  ( 0.000000000000000000, 1.000000000000000000, 0.000000000000000000 ) ) ;
#4774 = CARTESIAN_POINT ( 'NONE',  ( 46.16691639851458717, 58.04302010026673031, 44.34275159336352345 ) ) ;
#4775 = CARTESIAN_POINT ( 'NONE',  ( -29.77058358522447534, 58.00000011627446383, 35.99034706512443904 ) ) ;
#4776 = CARTESIAN_POINT ( 'NONE',  ( -13.26004803087596073, 264.0000000000000000, 46.86001628487620962 ) ) ;
#4777 = CARTESIAN_POINT ( 'NONE',  ( 108.0000000000000000, 188.2844865614402181, -0.1789959886829862457 ) ) ;
#4778 = EDGE_CURVE ( 'NONE', #7441, #8928, #6868, .T. ) ;
#4779 = CARTESIAN_POINT ( 'NONE',  ( -36.87847621481379434, 49.45210526212276392, -33.65753773153347339 ) ) ;
#4780 = CARTESIAN_POINT ( 'NONE',  ( -41.59764216673600146, 150.5005888525397495, 48.91202582514208075 ) ) ;
#4781 = EDGE_CURVE ( 'NONE', #7721, #8611, #4580, .T. ) ;
#4782 = CARTESIAN_POINT ( 'NONE',  ( -45.46696603029501915, 52.00000000000000000, -45.04270196158309147 ) ) ;
#4783 = DIRECTION ( 'NONE',  ( 0.000000000000000000, -1.000000000000000000, 0.000000000000000000 ) ) ;
#4784 = CARTESIAN_POINT ( 'NONE',  ( -13.36896012969218717, 264.0000000000000000, 47.24490348228790992 ) ) ;
#4785 = EDGE_LOOP ( 'NONE', ( #7275, #5745, #6898, #4765 ) ) ;
#4786 = CARTESIAN_POINT ( 'NONE',  ( -31.69400693055773743, 65.05334878492584494, -38.67929575223219274 ) ) ;
#4787 = CARTESIAN_POINT ( 'NONE',  ( -46.99996105054538020, 213.0499513387468937, -0.1373468742300337497 ) ) ;
#4788 = ORIENTED_EDGE ( 'NONE', *, *, #969, .F. ) ;
#4789 = CARTESIAN_POINT ( 'NONE',  ( -108.0000000000000000, 204.9984294160720424, 1.407972151344734080 ) ) ;
#4790 = DIRECTION ( 'NONE',  ( 0.000000000000000000, 1.000000000000000000, 0.000000000000000000 ) ) ;
#4791 = CARTESIAN_POINT ( 'NONE',  ( 47.10000000000000142, 35.50000000000000000, -2.500000000000000000 ) ) ;
#4792 = LINE ( 'NONE', #743, #4276 ) ;
#4793 = CARTESIAN_POINT ( 'NONE',  ( -35.39129625148120795, 52.00000000000000711, -30.70442763091197946 ) ) ;
#4794 = CARTESIAN_POINT ( 'NONE',  ( 44.20390395962770214, 59.33385514974001751, 46.30576403225040849 ) ) ;
#4795 = VERTEX_POINT ( 'NONE', #929 ) ;
#4796 = ORIENTED_EDGE ( 'NONE', *, *, #3081, .F. ) ;
#4797 = CARTESIAN_POINT ( 'NONE',  ( 34.44736847863528340, 45.71524904810725332, 31.31356217171364520 ) ) ;
#4798 = CARTESIAN_POINT ( 'NONE',  ( -45.51935232921329799, 52.44175755770031344, -44.99031566266480553 ) ) ;
#4799 = ADVANCED_FACE ( 'NONE', ( #2298 ), #6180, .F. ) ;
#4800 = CARTESIAN_POINT ( 'NONE',  ( 28.75104949436352442, 66.80701258836775480, 37.00988115598541128 ) ) ;
#4801 = EDGE_CURVE ( 'NONE', #3227, #1241, #7849, .T. ) ;
#4802 = CARTESIAN_POINT ( 'NONE',  ( 50.49399183426300652, 134.5090890707682831, -40.01567615761508279 ) ) ;
#4803 = CARTESIAN_POINT ( 'NONE',  ( 33.28693591192980961, 171.3761559227027931, -37.31012873559915022 ) ) ;
#4804 = CARTESIAN_POINT ( 'NONE',  ( 35.77960312803929810, 176.0000000000000000, -29.98132752230962694 ) ) ;
#4805 = ORIENTED_EDGE ( 'NONE', *, *, #5326, .F. ) ;
#4806 = CARTESIAN_POINT ( 'NONE',  ( 43.94697918396570202, 157.2818685057019650, 46.56268880791240861 ) ) ;
#4807 = CARTESIAN_POINT ( 'NONE',  ( 108.0000000000000142, 190.3598493564053058, 0.3817261621686084960 ) ) ;
#4808 = ORIENTED_EDGE ( 'NONE', *, *, #1396, .F. ) ;
#4809 = CARTESIAN_POINT ( 'NONE',  ( 28.50815149135656057, 171.2031378497270566, -37.25277915899235381 ) ) ;
#4810 = CARTESIAN_POINT ( 'NONE',  ( 34.94075078326841322, 38.38965361115109687, 34.51648671455648554 ) ) ;
#4811 = CARTESIAN_POINT ( 'NONE',  ( -42.62031228415366968, 75.23276251545792093, -47.88935570772444095 ) ) ;
#4812 = EDGE_LOOP ( 'NONE', ( #1843, #1796, #4257, #9219, #5387, #3266 ) ) ;
#4813 = CARTESIAN_POINT ( 'NONE',  ( 33.59269824446733566, 39.48056780803440091, -32.16823240588158228 ) ) ;
#4814 = DIRECTION ( 'NONE',  ( -0.7071067811865474617, 0.000000000000000000, -0.7071067811865474617 ) ) ;
#4815 = EDGE_CURVE ( 'NONE', #1288, #4159, #8706, .T. ) ;
#4816 = CARTESIAN_POINT ( 'NONE',  ( 35.67620357438869405, 174.0484005150364339, 30.59914242695931819 ) ) ;
#4817 = DIRECTION ( 'NONE',  ( 0.8660254037844387076, 0.000000000000000000, 0.4999999999999997780 ) ) ;
#4818 = CARTESIAN_POINT ( 'NONE',  ( -47.03874315999061650, 66.31954352124841989, 43.47092483188747281 ) ) ;
#4819 = EDGE_LOOP ( 'NONE', ( #4202, #5234 ) ) ;
#4820 = PLANE ( 'NONE',  #6772 ) ;
#4821 = CARTESIAN_POINT ( 'NONE',  ( 43.67497383246009690, 64.24886354028815560, 46.83469415941800662 ) ) ;
#4822 = DIRECTION ( 'NONE',  ( 0.000000000000000000, -1.000000000000000000, 0.000000000000000000 ) ) ;
#4823 = CARTESIAN_POINT ( 'NONE',  ( 108.0000000000000000, 188.0000000000000000, -0.1499999999999999944 ) ) ;
#4824 = LINE ( 'NONE', #8521, #7385 ) ;
#4825 = AXIS2_PLACEMENT_3D ( 'NONE', #8524, #8477, #4052 ) ;
#4826 = CARTESIAN_POINT ( 'NONE',  ( -32.16823240588157518, 39.48056780803440091, 33.59269824446734276 ) ) ;
#4827 = DIRECTION ( 'NONE',  ( -0.000000000000000000, 1.000000000000000000, -0.000000000000000000 ) ) ;
#4828 = CARTESIAN_POINT ( 'NONE',  ( 46.00000000000000000, 39.50000000000000000, 2.500000000000000000 ) ) ;
#4829 = CYLINDRICAL_SURFACE ( 'NONE', #5355, 49.20000000000000284 ) ;
#4830 = VERTEX_POINT ( 'NONE', #5401 ) ;
#4831 = CARTESIAN_POINT ( 'NONE',  ( -29.53380614872200027, 163.6450384062672470, -40.34597417626473259 ) ) ;
#4832 = CARTESIAN_POINT ( 'NONE',  ( -46.98823194100206990, 212.1370599529851120, 1.049999999999884359 ) ) ;
#4833 = EDGE_CURVE ( 'NONE', #6572, #2865, #6028, .T. ) ;
#4834 = ORIENTED_EDGE ( 'NONE', *, *, #3838, .F. ) ;
#4835 = CARTESIAN_POINT ( 'NONE',  ( -5.983784761192732837, 264.0000000000000000, 48.73401604558892330 ) ) ;
#4836 = DIRECTION ( 'NONE',  ( 0.000000000000000000, 0.000000000000000000, -1.000000000000000000 ) ) ;
#4837 = CARTESIAN_POINT ( 'NONE',  ( 5.752238934040867374E-15, 52.00000000000000000, -46.97059542429541068 ) ) ;
#4838 = CARTESIAN_POINT ( 'NONE',  ( -26.38282558608578654, 268.0000000000000000, -40.69639436232867524 ) ) ;
#4839 = CARTESIAN_POINT ( 'NONE',  ( 50.59218501756915742, 120.2343318316846279, -39.91748297430893189 ) ) ;
#4840 = EDGE_CURVE ( 'NONE', #7242, #140, #7769, .T. ) ;
#4841 = PLANE ( 'NONE',  #8632 ) ;
#4842 = ORIENTED_EDGE ( 'NONE', *, *, #9531, .T. ) ;
#4843 = ORIENTED_EDGE ( 'NONE', *, *, #4974, .T. ) ;
#4844 = CARTESIAN_POINT ( 'NONE',  ( 48.76789381400745782, 85.62404022679615423, 41.74177417787063860 ) ) ;
#4845 = CARTESIAN_POINT ( 'NONE',  ( -46.30576403225040849, 59.33385514974001751, -44.20390395962770214 ) ) ;
#4846 = CARTESIAN_POINT ( 'NONE',  ( 32.66833329081850223, 35.99999999999999289, 33.09259735953043702 ) ) ;
#4847 = EDGE_CURVE ( 'NONE', #6350, #6070, #8920, .T. ) ;
#4848 = CARTESIAN_POINT ( 'NONE',  ( 34.44736847863527629, 45.71524904810724621, -31.31356217171364520 ) ) ;
#4849 = CARTESIAN_POINT ( 'NONE',  ( 36.74262150298380902, 171.8815705400486422, -33.91249852952660859 ) ) ;
#4850 = CARTESIAN_POINT ( 'NONE',  ( 48.52056619669234294, 82.37800232306901194, -41.98910179518574637 ) ) ;
#4851 = VERTEX_POINT ( 'NONE', #6228 ) ;
#4852 = CARTESIAN_POINT ( 'NONE',  ( 40.68351489493349504, 100.9687423887486943, 49.82615309694461558 ) ) ;
#4853 = CARTESIAN_POINT ( 'NONE',  ( -13.53680992866270572, 35.50000000000000000, 44.27691020108855469 ) ) ;
#4854 = VERTEX_POINT ( 'NONE', #1122 ) ;
#4855 = CARTESIAN_POINT ( 'NONE',  ( 47.72506399400256072, 155.3921848145515412, -42.78460399787553570 ) ) ;
#4856 = PLANE ( 'NONE',  #995 ) ;
#4857 = PLANE ( 'NONE',  #4138 ) ;
#4858 = ORIENTED_EDGE ( 'NONE', *, *, #4074, .T. ) ;
#4859 = LINE ( 'NONE', #1115, #5442 ) ;
#4860 = CARTESIAN_POINT ( 'NONE',  ( 46.98823194100206280, 212.1370289623947940, -1.050000000000115952 ) ) ;
#4861 = CARTESIAN_POINT ( 'NONE',  ( -41.20721490222918959, 145.7020373835961777, -24.55371574811974256 ) ) ;
#4862 = DIRECTION ( 'NONE',  ( -0.7169106076504825342, 0.000000000000000000, 0.6971651028545648998 ) ) ;
#4863 = CARTESIAN_POINT ( 'NONE',  ( -49.31902728797149393, 148.1781441586250878, 41.19064070390658117 ) ) ;
#4864 = ORIENTED_EDGE ( 'NONE', *, *, #1685, .T. ) ;
#4865 = CARTESIAN_POINT ( 'NONE',  ( 32.88046532517446963, 52.00000000000000000, 32.88046532517446963 ) ) ;
#4866 = CARTESIAN_POINT ( 'NONE',  ( 39.96209002659446696, 116.5874508295665777, 50.54757796528364366 ) ) ;
#4867 = CARTESIAN_POINT ( 'NONE',  ( -37.71505118858642902, 340.0000000000000000, -28.04587946176250313 ) ) ;
#4868 = PLANE ( 'NONE',  #2269 ) ;
#4869 = CARTESIAN_POINT ( 'NONE',  ( 40.79466709084002218, 111.3121957717727071, 24.96626355950891352 ) ) ;
#4870 = CARTESIAN_POINT ( 'NONE',  ( -42.78460399787552149, 155.3921848145515128, 47.72506399400256782 ) ) ;
#4871 = VECTOR ( 'NONE', #4468, 1000.000000000000000 ) ;
#4872 = CLOSED_SHELL ( 'NONE', ( #8543, #4016, #5526, #2116, #2771, #3302, #997, #9416, #8592, #5933, #8326, #3482, #612, #8550, #5960, #6640, #5777, #3709, #7867, #1923, #5978, #6221, #8843, #1936, #6618, #3711, #1637, #2734, #5551, #7108, #7448, #7913, #783, #2090, #197, #6857, #5242, #5358, #1820, #7590, #5894, #2243, #1669, #218, #3977, #3242, #3460, #4799, #6378, #7499, #1941, #5254, #7981, #3732, #8577, #601, #4095, #1344, #6092, #5838, #1617, #7259, #5131, #5097, #5653, #8411, #1523, #8261, #395, #6255, #977, #637, #2412, #3538, #4670, #5189, #3370, #8560, #5564, #9554, #3643, #6683, #2384, #7997, #566, #4658, #731, #4136, #1221, #5787, #3610, #45, #610, #5247, #907, #2546, #9379, #7216, #8829, #6434, #2612, #7398, #3362, #3390, #9178, #5686, #9567, #4656, #4045, #5383, #8065, #3677, #9214, #9305, #4496, #8705, #3521, #9234, #4683, #3848, #1715, #8465, #7685, #5553, #6885, #6380, #2130, #3255, #2036, #2829, #4380, #4544, #8186, #557, #7273, #3952, #6900, #8729, #64, #6914, #5603, #5100, #8977, #8206, #8289, #683, #4711, #3235, #1088, #766, #8158, #5054, #6197, #3608, #3888, #9386, #6402, #9633, #5695, #7567, #4719, #9601, #8094, #6069, #4186, #3262, #6509, #6079, #7388, #6268, #7059, #4969, #2119, #8222, #4556, #4411, #8876 ) ) ;
#4873 = PLANE ( 'NONE',  #4825 ) ;
#4874 = EDGE_CURVE ( 'NONE', #2424, #825, #3830, .T. ) ;
#4875 = CARTESIAN_POINT ( 'NONE',  ( -43.20000000000000284, 275.0000000000000000, -18.00000000000000000 ) ) ;
#4876 = FACE_OUTER_BOUND ( 'NONE', #6498, .T. ) ;
#4877 = EDGE_LOOP ( 'NONE', ( #266, #7678, #642, #714 ) ) ;
#4878 = CARTESIAN_POINT ( 'NONE',  ( -34.81447876247083428, 48.51213425699023674, -30.94645188787811207 ) ) ;
#4879 = CARTESIAN_POINT ( 'NONE',  ( -46.98886408183592067, 212.2749132189714771, -1.022679479307043060 ) ) ;
#4880 = ORIENTED_EDGE ( 'NONE', *, *, #670, .T. ) ;
#4881 = CARTESIAN_POINT ( 'NONE',  ( 0.000000000000000000, 39.50000000000000000, 0.000000000000000000 ) ) ;
#4882 = CARTESIAN_POINT ( 'NONE',  ( -29.92843488487895343, 79.96170033941945121, 40.05907280636161261 ) ) ;
#4883 = VECTOR ( 'NONE', #8302, 1000.000000000000000 ) ;
#4884 = CARTESIAN_POINT ( 'NONE',  ( -47.88935570772442674, 75.23276251545790672, 42.62031228415365547 ) ) ;
#4885 = CARTESIAN_POINT ( 'NONE',  ( -32.58376914801012703, 36.58494384897175422, -33.17716150233881223 ) ) ;
#4886 = VECTOR ( 'NONE', #78, 1000.000000000000000 ) ;
#4887 = DIRECTION ( 'NONE',  ( 0.000000000000000000, 0.000000000000000000, -1.000000000000000000 ) ) ;
#4888 = CARTESIAN_POINT ( 'NONE',  ( 0.000000000000000000, 55.00000000000000000, 0.000000000000000000 ) ) ;
#4889 = ORIENTED_EDGE ( 'NONE', *, *, #5389, .F. ) ;
#4890 = EDGE_LOOP ( 'NONE', ( #879, #9393, #348, #2040 ) ) ;
#4891 = VECTOR ( 'NONE', #6851, 1000.000000000000000 ) ;
#4892 = CARTESIAN_POINT ( 'NONE',  ( 50.38968031787179314, 112.7299032302373263, 40.11998767400631749 ) ) ;
#4893 = CARTESIAN_POINT ( 'NONE',  ( -47.88935570772444805, 75.23276251545789250, -42.62031228415366968 ) ) ;
#4894 = CARTESIAN_POINT ( 'NONE',  ( 39.91996775807773901, 130.9941881811295445, 50.58970023380037162 ) ) ;
#4895 = EDGE_CURVE ( 'NONE', #2617, #3795, #6422, .T. ) ;
#4896 = B_SPLINE_CURVE_WITH_KNOTS ( 'NONE', 3,
 ( #9133, #6801, #911, #173, #4757, #7727, #1060, #4028, #128, #2380, #8355, #6163, #8307, #3156, #1647, #6105, #2435, #4659, #7626, #3928, #6896, #515, #1247, #3348, #9432, #695, #4948, #6404, #8545, #2622, #467, #5118, #4218, #7138, #1425, #7915, #3448, #7187, #1148, #4849, #7813, #1889, #9329, #6630, #3664, #9604, #1200, #3496, #7869, #6456, #1935, #5669, #4803, #5618, #8649, #3401, #4173, #6312, #423, #9282, #2773, #8084, #4388, #5851, #7354, #1991, #4899, #8594, #9375, #8818, #5529, #2160, #8500, #1841, #369, #4125, #2719, #5574, #7767, #1104, #4073, #7037, #6357, #7091, #2670, #887, #8230, #6718, #6080, #5164, #2205, #8281 ),
 .UNSPECIFIED., .F., .F.,
 ( 4, 2, 2, 2, 2, 2, 2, 2, 2, 2, 2, 2, 2, 2, 2, 2, 2, 2, 2, 2, 2, 2, 2, 2, 2, 2, 2, 2, 2, 2, 2, 2, 2, 2, 2, 2, 2, 2, 2, 2, 2, 2, 2, 2, 2, 4 ),
 ( 1.387778780781445676E-17, 0.01529258496823308715, 0.03058516993646616042, 0.04587775490469923195, 0.06117033987293230696, 0.06881663235704882364, 0.07646292484116533339, 0.08410921732528184314, 0.09175550980939833901, 0.09940180229351484875, 0.1070480947776313585, 0.1089596678986605588, 0.1108712410196897452, 0.1127828141407189316, 0.1146943872617481180, 0.1156501738222627113, 0.1166059603827773045, 0.1175617469432918977, 0.1185175335038065048, 0.1194733200643210980, 0.1204291066248356912, 0.1213848931853502844, 0.1218627864656075671, 0.1223406797458648498, 0.1232964663063793737, 0.1242522528668939252, 0.1252080394274084352, 0.1261638259879230284, 0.1271196125484375106, 0.1280753991089521038, 0.1299869722299811237, 0.1318985453510101991, 0.1338101184720392745, 0.1376332647140974252, 0.1414564109561556315, 0.1452795571982138378, 0.1491027034402719886, 0.1529258496823301949, 0.1605721421664464965, 0.1682184346505628536, 0.1758647271346791552, 0.1835110196187954568, 0.1988036045870280599, 0.2140961895552606076, 0.2293887745234932107, 0.2446813594917257584 ),
 .UNSPECIFIED. ) ;
#4897 = CARTESIAN_POINT ( 'NONE',  ( 45.57187448734442370, 52.88466077438589963, -44.93779350453366561 ) ) ;
#4898 = CIRCLE ( 'NONE', #2419, 48.50000000000000000 ) ;
#4899 = CARTESIAN_POINT ( 'NONE',  ( 28.95941040735465677, 161.5572563240397130, -40.76112261813086235 ) ) ;
#4900 = VECTOR ( 'NONE', #7643, 1000.000000000000227 ) ;
#4901 = CARTESIAN_POINT ( 'NONE',  ( 45.25483399593903044, 94.50000000000000000, -45.25483399593904466 ) ) ;
#4902 = ORIENTED_EDGE ( 'NONE', *, *, #5326, .T. ) ;
#4903 = CARTESIAN_POINT ( 'NONE',  ( -44.34275159336352345, 58.04302010026673031, -46.16691639851458717 ) ) ;
#4904 = CARTESIAN_POINT ( 'NONE',  ( 108.0000000000000000, 191.0383283497592402, 0.4443020421252301122 ) ) ;
#4905 = ORIENTED_EDGE ( 'NONE', *, *, #4960, .F. ) ;
#4906 = CARTESIAN_POINT ( 'NONE',  ( 50.38968031787177893, 112.7299032302373263, -40.11998767400631749 ) ) ;
#4907 = CARTESIAN_POINT ( 'NONE',  ( 35.48613965603917819, 41.14807402462482600, -34.35492515600358843 ) ) ;
#4908 = CARTESIAN_POINT ( 'NONE',  ( -21.38493649053890167, 35.50000000000000000, 42.03979651824707275 ) ) ;
#4909 = AXIS2_PLACEMENT_3D ( 'NONE', #6392, #9365, #2851 ) ;
#4910 = ORIENTED_EDGE ( 'NONE', *, *, #1506, .F. ) ;
#4911 = CARTESIAN_POINT ( 'NONE',  ( -108.0000000000000000, 188.1420704083295163, 0.1644803745078677881 ) ) ;
#4912 = VECTOR ( 'NONE', #378, 1000.000000000000000 ) ;
#4913 = CARTESIAN_POINT ( 'NONE',  ( 47.21198853989326238, 264.0000000000000000, -11.94646969229768452 ) ) ;
#4914 = VECTOR ( 'NONE', #5397, 1000.000000000000000 ) ;
#4915 = DIRECTION ( 'NONE',  ( 0.000000000000000000, 0.000000000000000000, -1.000000000000000000 ) ) ;
#4916 = CARTESIAN_POINT ( 'NONE',  ( 40.33924585287350340, 140.4589426390626272, -50.17042213900458592 ) ) ;
#4917 = VECTOR ( 'NONE', #2935, 1000.000000000000000 ) ;
#4918 = CARTESIAN_POINT ( 'NONE',  ( -29.29356565747519170, 173.1609393494194080, 36.46736499287372624 ) ) ;
#4919 = ORIENTED_EDGE ( 'NONE', *, *, #2216, .T. ) ;
#4920 = CARTESIAN_POINT ( 'NONE',  ( -31.45444816953540368, 46.00849753284926180, 34.61057804017211481 ) ) ;
#4921 = CARTESIAN_POINT ( 'NONE',  ( 42.86151494923076655, 72.49854646718330287, 47.64815304264734408 ) ) ;
#4922 = EDGE_CURVE ( 'NONE', #9638, #5110, #4898, .T. ) ;
#4923 = CARTESIAN_POINT ( 'NONE',  ( 45.89283005138457838, 39.50000000000000000, -10.59519465959604112 ) ) ;
#4924 = CARTESIAN_POINT ( 'NONE',  ( 47.00000000000000000, 160.9181783982463969, -0.3183282180949054130 ) ) ;
#4925 = EDGE_CURVE ( 'NONE', #9090, #1559, #7888, .T. ) ;
#4926 = CARTESIAN_POINT ( 'NONE',  ( 40.33924585287351761, 140.4589426390626556, 50.17042213900459302 ) ) ;
#4927 = CARTESIAN_POINT ( 'NONE',  ( -50.38968031787177893, 112.7299032302373121, 40.11998767400631039 ) ) ;
#4928 = ORIENTED_EDGE ( 'NONE', *, *, #9296, .F. ) ;
#4929 = DIRECTION ( 'NONE',  ( 0.000000000000000000, -1.000000000000000000, 0.000000000000000000 ) ) ;
#4930 = DIRECTION ( 'NONE',  ( 0.000000000000000000, -0.000000000000000000, -1.000000000000000000 ) ) ;
#4931 = ORIENTED_EDGE ( 'NONE', *, *, #1603, .T. ) ;
#4932 = CARTESIAN_POINT ( 'NONE',  ( -39.70221989019847086, 166.3214578944569553, -30.39400384065057636 ) ) ;
#4933 = CARTESIAN_POINT ( 'NONE',  ( -46.98823194100194200, 212.0000000000005400, 1.050000000005465450 ) ) ;
#4934 = VERTEX_POINT ( 'NONE', #8469 ) ;
#4935 = CYLINDRICAL_SURFACE ( 'NONE', #7090, 1.050000000000000044 ) ;
#4936 = LINE ( 'NONE', #2704, #9254 ) ;
#4937 = CARTESIAN_POINT ( 'NONE',  ( 32.16823240588158228, 39.48056780803436538, -33.59269824446733566 ) ) ;
#4938 = CARTESIAN_POINT ( 'NONE',  ( -26.00954371031358647, 95.69680212022358035, -39.75138694003535278 ) ) ;
#4939 = CARTESIAN_POINT ( 'NONE',  ( 29.98132752230961273, 145.5000000000000000, -35.77960312803931231 ) ) ;
#4940 = PLANE ( 'NONE',  #6758 ) ;
#4941 = ORIENTED_EDGE ( 'NONE', *, *, #4324, .F. ) ;
#4942 = ORIENTED_EDGE ( 'NONE', *, *, #3476, .T. ) ;
#4943 = CARTESIAN_POINT ( 'NONE',  ( 39.91748297430893189, 120.2343318316845853, 50.59218501756917874 ) ) ;
#4944 = DIRECTION ( 'NONE',  ( 0.000000000000000000, 1.000000000000000000, 0.000000000000000000 ) ) ;
#4945 = CARTESIAN_POINT ( 'NONE',  ( 44.99031566266479132, 52.44175755770031344, -45.51935232921329089 ) ) ;
#4946 = CARTESIAN_POINT ( 'NONE',  ( -40.79466709084000797, 111.3121957717727071, 24.96626355950890641 ) ) ;
#4947 = CARTESIAN_POINT ( 'NONE',  ( -48.15397179880390865, 157.9999999999999716, -42.35569619307420197 ) ) ;
#4948 = CARTESIAN_POINT ( 'NONE',  ( 39.78278296250062596, 166.0223565838383024, -30.28861713264812749 ) ) ;
#4949 = CARTESIAN_POINT ( 'NONE',  ( 47.64815304264732276, 72.49854646718331708, -42.86151494923076655 ) ) ;
#4950 = ORIENTED_EDGE ( 'NONE', *, *, #4062, .T. ) ;
#4951 = CARTESIAN_POINT ( 'NONE',  ( -33.08452690198653556, 42.63100733284451849, 32.67640374836237527 ) ) ;
#4952 = CARTESIAN_POINT ( 'NONE',  ( 108.0000000000000000, 188.0000000000000000, 0.1499999999999999944 ) ) ;
#4953 = ORIENTED_EDGE ( 'NONE', *, *, #6979, .T. ) ;
#4954 = CARTESIAN_POINT ( 'NONE',  ( -30.12822377908831228, 54.97802726448587407, 35.63270687126059499 ) ) ;
#4955 = EDGE_CURVE ( 'NONE', #8299, #8177, #4044, .T. ) ;
#4956 = CARTESIAN_POINT ( 'NONE',  ( -36.16138306720322504, 57.99999999999999289, -30.02250515210871740 ) ) ;
#4957 = CARTESIAN_POINT ( 'NONE',  ( 0.000000000000000000, 0.000000000000000000, 0.000000000000000000 ) ) ;
#4958 = EDGE_LOOP ( 'NONE', ( #4076, #7778, #2372, #1946 ) ) ;
#4960 = EDGE_CURVE ( 'NONE', #2373, #2578, #2690, .T. ) ;
#4959 = CARTESIAN_POINT ( 'NONE',  ( -108.0000000000000000, 196.5653704246423956, 0.8992161131770320948 ) ) ;
#4961 = DIRECTION ( 'NONE',  ( -0.8660254037844383745, 0.000000000000000000, 0.5000000000000003331 ) ) ;
#4962 = CARTESIAN_POINT ( 'NONE',  ( -33.26194495473987445, 37.17140469785621093, -32.49898569560906481 ) ) ;
#4963 = CARTESIAN_POINT ( 'NONE',  ( 44.73292201045922667, 54.62836855260160718, -45.77674598141885554 ) ) ;
#4964 = CARTESIAN_POINT ( 'NONE',  ( -35.25557274529061402, 52.00000000000000000, 30.50535790505831102 ) ) ;
#4965 = ORIENTED_EDGE ( 'NONE', *, *, #1146, .T. ) ;
#4966 = CARTESIAN_POINT ( 'NONE',  ( -35.99034755172208833, 57.99999999121065741, -29.77058309862684737 ) ) ;
#4967 = CARTESIAN_POINT ( 'NONE',  ( -25.38143704194889594, 30.00000000000000000, 38.96193852576621452 ) ) ;
#4968 = CARTESIAN_POINT ( 'NONE',  ( 25.61039644484206690, 101.0166046022987985, -40.15053420550685104 ) ) ;
#4969 = ADVANCED_FACE ( 'NONE', ( #3318 ), #6277, .F. ) ;
#4970 = CARTESIAN_POINT ( 'NONE',  ( -29.98132752230963405, 145.5000000000000000, -35.77960312803931231 ) ) ;
#4971 = CARTESIAN_POINT ( 'NONE',  ( 40.65331820325020118, 153.6225640485287727, 25.10761244709872742 ) ) ;
#4972 = CARTESIAN_POINT ( 'NONE',  ( -41.38727259838148598, 126.6764942988443892, 24.37365805196743196 ) ) ;
#4973 = ORIENTED_EDGE ( 'NONE', *, *, #5848, .F. ) ;
#4974 = EDGE_CURVE ( 'NONE', #2424, #9381, #4633, .T. ) ;
#4975 = DIRECTION ( 'NONE',  ( -0.7071067811865477948, -0.000000000000000000, -0.7071067811865473507 ) ) ;
#4976 = CARTESIAN_POINT ( 'NONE',  ( -47.03874315999063072, 66.31954352124841989, -43.47092483188748702 ) ) ;
#4977 = ORIENTED_EDGE ( 'NONE', *, *, #3966, .F. ) ;
#4978 = CARTESIAN_POINT ( 'NONE',  ( -38.11112295581877873, 170.3459842883428621, -32.36658742416143753 ) ) ;
#4979 = DIRECTION ( 'NONE',  ( -0.4999999999999998335, 0.000000000000000000, 0.8660254037844387076 ) ) ;
#4980 = VERTEX_POINT ( 'NONE', #3697 ) ;
#4981 = CARTESIAN_POINT ( 'NONE',  ( 108.0000000000000000, 191.9302026907495247, -0.5265706568650424524 ) ) ;
#4982 = CARTESIAN_POINT ( 'NONE',  ( -28.35440726274781298, 95.00178607669083419, 41.18630044091833753 ) ) ;
#4983 = AXIS2_PLACEMENT_3D ( 'NONE', #4064, #7029, #357 ) ;
#4984 = CARTESIAN_POINT ( 'NONE',  ( 40.92961328274395783, 96.97051065983893636, -49.58005470913413859 ) ) ;
#4985 = EDGE_CURVE ( 'NONE', #3595, #4980, #2924, .T. ) ;
#4986 = CARTESIAN_POINT ( 'NONE',  ( -32.66833329081850223, 36.00000000000000000, -33.09259735953043702 ) ) ;
#4987 = DIRECTION ( 'NONE',  ( -0.7071067811865474617, 0.000000000000000000, 0.7071067811865474617 ) ) ;
#4988 = VECTOR ( 'NONE', #4270, 1000.000000000000000 ) ;
#4989 = DIRECTION ( 'NONE',  ( 0.000000000000000000, -1.000000000000000000, 0.000000000000000000 ) ) ;
#4990 = VERTEX_POINT ( 'NONE', #630 ) ;
#4991 = VERTEX_POINT ( 'NONE', #8666 ) ;
#4992 = CARTESIAN_POINT ( 'NONE',  ( 49.31902728797151525, 148.1781441586251162, 41.19064070390659538 ) ) ;
#4993 = CARTESIAN_POINT ( 'NONE',  ( -33.59269824446734276, 39.48056780803436538, -32.16823240588159649 ) ) ;
#4994 = CARTESIAN_POINT ( 'NONE',  ( 28.75104949436350665, 66.80701258836775480, -37.00988115598539707 ) ) ;
#4995 = CARTESIAN_POINT ( 'NONE',  ( -45.57187448734442370, 52.88466077438591384, 44.93779350453365851 ) ) ;
#4996 = CARTESIAN_POINT ( 'NONE',  ( -31.68079727559472403, 43.01938849801636877, 34.08013337475419746 ) ) ;
#4997 = LINE ( 'NONE', #4901, #9081 ) ;
#4998 = CARTESIAN_POINT ( 'NONE',  ( -32.67364837514421083, 42.63130800481447835, 33.08728227520470710 ) ) ;
#4999 = CARTESIAN_POINT ( 'NONE',  ( 47.00000000000000000, 169.8038876996392332, 0.9438988005394840508 ) ) ;
#5000 = ORIENTED_EDGE ( 'NONE', *, *, #5502, .T. ) ;
#5001 = CARTESIAN_POINT ( 'NONE',  ( -41.45303252024854146, 89.40149471062302666, 49.05663547162955496 ) ) ;
#5002 = LINE ( 'NONE', #2781, #6581 ) ;
#5003 = CARTESIAN_POINT ( 'NONE',  ( 30.70442763091195815, 52.00000000000002132, -35.39129625148119374 ) ) ;
#5004 = ORIENTED_EDGE ( 'NONE', *, *, #6110, .T. ) ;
#5005 = CARTESIAN_POINT ( 'NONE',  ( -47.00000000000000000, 265.6562804570706930, -1.950454484879273309 ) ) ;
#5006 = DIRECTION ( 'NONE',  ( 0.000000000000000000, 0.000000000000000000, -1.000000000000000000 ) ) ;
#5007 = CARTESIAN_POINT ( 'NONE',  ( -35.63270687126060920, 54.97802726448587407, -30.12822377908833360 ) ) ;
#5008 = CARTESIAN_POINT ( 'NONE',  ( 24.69734275216252328, 116.6762642137271797, -41.06358789818639821 ) ) ;
#5009 = CARTESIAN_POINT ( 'NONE',  ( -30.70442763092232497, 52.00000000000000000, 35.39129625148825653 ) ) ;
#5010 = EDGE_LOOP ( 'NONE', ( #3354, #880, #4013, #1202 ) ) ;
#5011 = CARTESIAN_POINT ( 'NONE',  ( -25.38143704194889239, 0.000000000000000000, 38.96193852576620742 ) ) ;
#5012 = CARTESIAN_POINT ( 'NONE',  ( 40.92961328274395783, 96.97051065983893636, -49.58005470913413859 ) ) ;
#5013 = CARTESIAN_POINT ( 'NONE',  ( 47.00000000000000000, 187.6273319016061407, -2.018801020640145438 ) ) ;
#5014 = CARTESIAN_POINT ( 'NONE',  ( 49.05663547162955496, 89.40149471062302666, 41.45303252024855567 ) ) ;
#5015 = CARTESIAN_POINT ( 'NONE',  ( -33.83408293086010588, 41.21309918220618584, 31.92684771948880140 ) ) ;
#5016 = EDGE_CURVE ( 'NONE', #5082, #4315, #9451, .T. ) ;
#5017 = VERTEX_POINT ( 'NONE', #9395 ) ;
#5018 = CARTESIAN_POINT ( 'NONE',  ( -46.30576403225040849, 59.33385514974001751, -44.20390395962770214 ) ) ;
#5019 = VERTEX_POINT ( 'NONE', #2146 ) ;
#5020 = CARTESIAN_POINT ( 'NONE',  ( -42.18719615595125561, 147.8619356179305271, -26.83766949384112266 ) ) ;
#5021 = CARTESIAN_POINT ( 'NONE',  ( -29.98132752230960918, 176.0000000000000000, 35.77960312803930520 ) ) ;
#5022 = CARTESIAN_POINT ( 'NONE',  ( -49.92988842028777441, 257.2329377335237268, -2.650281566206242445 ) ) ;
#5023 = CARTESIAN_POINT ( 'NONE',  ( 108.0000000000000000, 218.0682573214455431, -1.296976512692876504 ) ) ;
#5024 = PLANE ( 'NONE',  #9569 ) ;
#5025 = CARTESIAN_POINT ( 'NONE',  ( 32.88046532517448384, 145.5000000000000000, -32.88046532517444831 ) ) ;
#5026 = CIRCLE ( 'NONE', #8464, 48.50000000000000000 ) ;
#5027 = VECTOR ( 'NONE', #9198, 1000.000000000000000 ) ;
#5028 = CARTESIAN_POINT ( 'NONE',  ( -46.98823194100194200, 212.0000000000005400, 1.050000000005465450 ) ) ;
#5029 = DIRECTION ( 'NONE',  ( -0.000000000000000000, 1.000000000000000000, -0.000000000000000000 ) ) ;
#5030 = DIRECTION ( 'NONE',  ( 0.000000000000000000, 0.000000000000000000, -1.000000000000000000 ) ) ;
#5031 = VERTEX_POINT ( 'NONE', #1365 ) ;
#5032 = ORIENTED_EDGE ( 'NONE', *, *, #279, .T. ) ;
#5033 = CARTESIAN_POINT ( 'NONE',  ( 34.68057595339050891, 175.3233815820528605, 31.08035469695842679 ) ) ;
#5034 = CARTESIAN_POINT ( 'NONE',  ( -40.01567615761508989, 134.5090890707682831, -50.49399183426302073 ) ) ;
#5035 = LINE ( 'NONE', #8005, #8648 ) ;
#5036 = AXIS2_PLACEMENT_3D ( 'NONE', #5679, #662, #1400 ) ;
#5037 = CARTESIAN_POINT ( 'NONE',  ( -34.44736847863527629, 45.71524904810726753, 31.31356217171363809 ) ) ;
#5038 = EDGE_CURVE ( 'NONE', #3853, #5292, #6603, .T. ) ;
#5039 = PLANE ( 'NONE',  #1792 ) ;
#5040 = DIRECTION ( 'NONE',  ( -0.7071067811865475727, 0.000000000000000000, -0.7071067811865475727 ) ) ;
#5041 = VECTOR ( 'NONE', #9493, 1000.000000000000000 ) ;
#5042 = CARTESIAN_POINT ( 'NONE',  ( -41.14849579182904904, 93.39148535881979285, -49.36117220004906159 ) ) ;
#5043 = CARTESIAN_POINT ( 'NONE',  ( -36.97682411518967172, 35.50000000000000000, -27.86403557193981584 ) ) ;
#5044 = ORIENTED_EDGE ( 'NONE', *, *, #4955, .T. ) ;
#5045 = ORIENTED_EDGE ( 'NONE', *, *, #4922, .T. ) ;
#5046 = CARTESIAN_POINT ( 'NONE',  ( -31.84932341491869678, 39.50000000000000000, -34.15421786561524442 ) ) ;
#5047 = FACE_BOUND ( 'NONE', #6212, .T. ) ;
#5048 = CARTESIAN_POINT ( 'NONE',  ( 48.18764232538012493, 78.60787726850115575, 42.32202566649797859 ) ) ;
#5049 = ORIENTED_EDGE ( 'NONE', *, *, #2149, .T. ) ;
#5050 = AXIS2_PLACEMENT_3D ( 'NONE', #2355, #5262, #1568 ) ;
#5051 = CARTESIAN_POINT ( 'NONE',  ( -47.00000000000000000, 230.9268094518325825, 3.564198051132346556 ) ) ;
#5052 = AXIS2_PLACEMENT_3D ( 'NONE', #7452, #4390, #7409 ) ;
#5053 = CARTESIAN_POINT ( 'NONE',  ( -30.50535599256534169, 52.00000000000000000, -35.25557465778359756 ) ) ;
#5054 = ADVANCED_FACE ( 'NONE', ( #4329 ), #2835, .T. ) ;
#5055 = CARTESIAN_POINT ( 'NONE',  ( -47.31597781508200029, 69.12979561808752749, -43.19369017679611034 ) ) ;
#5056 = VECTOR ( 'NONE', #353, 1000.000000000000000 ) ;
#5057 = CARTESIAN_POINT ( 'NONE',  ( 24.29434890298206184, 131.8280114082709815, -41.46658174736684543 ) ) ;
#5058 = CARTESIAN_POINT ( 'NONE',  ( -37.28534852059510740, 171.0681637838222002, 28.61795832013477536 ) ) ;
#5059 = ORIENTED_EDGE ( 'NONE', *, *, #7968, .F. ) ;
#5060 = VECTOR ( 'NONE', #6388, 1000.000000000000114 ) ;
#5061 = CARTESIAN_POINT ( 'NONE',  ( -45.04270196158307726, 52.00000000000000000, 45.46696603029501205 ) ) ;
#5062 = LINE ( 'NONE', #7340, #5041 ) ;
#5063 = CARTESIAN_POINT ( 'NONE',  ( 47.00000000000000000, 234.8814313122934436, -3.596535438769842052 ) ) ;
#5064 = VECTOR ( 'NONE', #9478, 1000.000000000000000 ) ;
#5065 = CARTESIAN_POINT ( 'NONE',  ( 37.00988115598541128, 66.80701258836774059, 28.75104949436352797 ) ) ;
#5066 = CIRCLE ( 'NONE', #5528, 47.10000000000000853 ) ;
#5067 = CARTESIAN_POINT ( 'NONE',  ( -48.18764232538011782, 78.60787726850114154, 42.32202566649796438 ) ) ;
#5068 = ORIENTED_EDGE ( 'NONE', *, *, #675, .F. ) ;
#5069 = FACE_BOUND ( 'NONE', #6711, .T. ) ;
#5070 = ORIENTED_EDGE ( 'NONE', *, *, #976, .T. ) ;
#5071 = CARTESIAN_POINT ( 'NONE',  ( -45.77674598141886975, 54.62836855260160718, -44.73292201045924088 ) ) ;
#5072 = EDGE_CURVE ( 'NONE', #1751, #254, #6565, .T. ) ;
#5073 = FACE_OUTER_BOUND ( 'NONE', #8596, .T. ) ;
#5074 = CARTESIAN_POINT ( 'NONE',  ( -49.94996058454611898, 260.5590343712279378, -2.240389629063976429 ) ) ;
#5075 = CARTESIAN_POINT ( 'NONE',  ( 108.0000000000000000, 215.4299438917481950, -1.470248844514086883 ) ) ;
#5076 = CARTESIAN_POINT ( 'NONE',  ( -28.26772415252452930, 71.28898199371604960, 37.49320649782438863 ) ) ;
#5077 = EDGE_CURVE ( 'NONE', #9084, #8928, #8713, .T. ) ;
#5078 = CARTESIAN_POINT ( 'NONE',  ( 42.62031228415365547, 75.23276251545789250, -47.88935570772444095 ) ) ;
#5079 = DIRECTION ( 'NONE',  ( 0.000000000000000000, 0.000000000000000000, -1.000000000000000000 ) ) ;
#5080 = CARTESIAN_POINT ( 'NONE',  ( -32.58376914801011281, 36.58494384897175422, 33.17716150233880512 ) ) ;
#5081 = CARTESIAN_POINT ( 'NONE',  ( 50.38968031787179314, 112.7299032302373263, 40.11998767400631749 ) ) ;
#5082 = VERTEX_POINT ( 'NONE', #4967 ) ;
#5083 = CARTESIAN_POINT ( 'NONE',  ( 41.36857510098818125, 141.0186408901463153, 24.39235554936074735 ) ) ;
#5084 = CARTESIAN_POINT ( 'NONE',  ( -39.22375858382816460, 163.8347417721553541, -26.53717206652077110 ) ) ;
#5085 = CARTESIAN_POINT ( 'NONE',  ( 43.47092483188746570, 66.31954352124841989, -47.03874315999062361 ) ) ;
#5086 = EDGE_CURVE ( 'NONE', #5292, #1194, #6479, .T. ) ;
#5087 = PLANE ( 'NONE',  #3967 ) ;
#5088 = DIRECTION ( 'NONE',  ( 0.000000000000000000, -1.000000000000000000, 0.000000000000000000 ) ) ;
#5089 = CARTESIAN_POINT ( 'NONE',  ( 44.34275159336350924, 58.04302010026673031, -46.16691639851458007 ) ) ;
#5090 = CARTESIAN_POINT ( 'NONE',  ( -47.64815304264734408, 72.49854646718330287, -42.86151494923076655 ) ) ;
#5091 = CARTESIAN_POINT ( 'NONE',  ( 46.43274706497559379, 39.50000000000000000, 2.499999999999999112 ) ) ;
#5092 = VERTEX_POINT ( 'NONE', #7206 ) ;
#5093 = ORIENTED_EDGE ( 'NONE', *, *, #5136, .T. ) ;
#5094 = CARTESIAN_POINT ( 'NONE',  ( 0.000000000000000000, 264.0000000000000000, 0.000000000000000000 ) ) ;
#5095 = DIRECTION ( 'NONE',  ( 0.000000000000000000, 0.000000000000000000, -1.000000000000000000 ) ) ;
#5096 = CARTESIAN_POINT ( 'NONE',  ( 50.58970023380037162, 130.9941881811295445, 39.91996775807773901 ) ) ;
#5097 = ADVANCED_FACE ( 'NONE', ( #7299 ), #4236, .F. ) ;
#5098 = CARTESIAN_POINT ( 'NONE',  ( -47.00000000000000000, 234.8814313122934436, 3.596535438769842052 ) ) ;
#5099 = CARTESIAN_POINT ( 'NONE',  ( 48.15397179880390155, 94.50000000000000000, 42.35569619307420908 ) ) ;
#5100 = ADVANCED_FACE ( 'NONE', ( #5104 ), #2792, .T. ) ;
#5101 = CARTESIAN_POINT ( 'NONE',  ( -40.57183789878039448, 143.4569695494772930, -49.93783009309771614 ) ) ;
#5102 = DIRECTION ( 'NONE',  ( 0.000000000000000000, -1.000000000000000000, 0.000000000000000000 ) ) ;
#5103 = ORIENTED_EDGE ( 'NONE', *, *, #8008, .F. ) ;
#5104 = FACE_OUTER_BOUND ( 'NONE', #3426, .T. ) ;
#5105 = CARTESIAN_POINT ( 'NONE',  ( 38.00000000000000000, 275.0000000000000000, -21.00000000000000000 ) ) ;
#5106 = CARTESIAN_POINT ( 'NONE',  ( 47.00000000000000711, 206.7281651688462318, -2.920414631902332303 ) ) ;
#5107 = EDGE_CURVE ( 'NONE', #1054, #4605, #2877, .T. ) ;
#5108 = CARTESIAN_POINT ( 'NONE',  ( 24.96626355950891352, 111.3121957717727071, 40.79466709084002218 ) ) ;
#5109 = CARTESIAN_POINT ( 'NONE',  ( -38.90225724876550117, 85.63114929373708151, 26.85867340158341676 ) ) ;
#5110 = VERTEX_POINT ( 'NONE', #3646 ) ;
#5111 = ORIENTED_EDGE ( 'NONE', *, *, #6485, .F. ) ;
#5112 = CARTESIAN_POINT ( 'NONE',  ( -46.53284740717148082, 61.44371818057052792, -43.97682058470662270 ) ) ;
#5113 = DIRECTION ( 'NONE',  ( -0.000000000000000000, -1.000000000000000000, -0.000000000000000000 ) ) ;
#5114 = ORIENTED_EDGE ( 'NONE', *, *, #4781, .F. ) ;
#5115 = DIRECTION ( 'NONE',  ( -0.8660254037844383745, 0.000000000000000000, 0.5000000000000004441 ) ) ;
#5116 = CARTESIAN_POINT ( 'NONE',  ( -40.68351489493348083, 100.9687423887486943, 49.82615309694460848 ) ) ;
#5117 = CARTESIAN_POINT ( 'NONE',  ( 42.32202566649796438, 78.60787726850114154, -48.18764232538012493 ) ) ;
#5118 = CARTESIAN_POINT ( 'NONE',  ( 38.64111387782605789, 169.3775914625086330, -31.73166403062775132 ) ) ;
#5119 = DIRECTION ( 'NONE',  ( -0.4999999999999998335, 0.000000000000000000, 0.8660254037844387076 ) ) ;
#5120 = CARTESIAN_POINT ( 'NONE',  ( 42.35569619307420908, 157.9999999999999716, 48.15397179880390155 ) ) ;
#5121 = EDGE_CURVE ( 'NONE', #7823, #34, #6522, .T. ) ;
#5122 = CARTESIAN_POINT ( 'NONE',  ( -43.97682058470661559, 61.44371818057052792, -46.53284740717148082 ) ) ;
#5123 = CARTESIAN_POINT ( 'NONE',  ( 49.58005470913413859, 96.97051065983893636, 40.92961328274396493 ) ) ;
#5124 = VERTEX_POINT ( 'NONE', #6613 ) ;
#5125 = CARTESIAN_POINT ( 'NONE',  ( 30.02250515210873161, 57.99999999999999289, 36.16138306720321083 ) ) ;
#5126 = CARTESIAN_POINT ( 'NONE',  ( -29.67952824767895237, 58.70654625247944125, -36.08140240266997978 ) ) ;
#5127 = CARTESIAN_POINT ( 'NONE',  ( 40.68351489493348083, 100.9687423887486943, -49.82615309694460137 ) ) ;
#5128 = CIRCLE ( 'NONE', #628, 46.97059542429539647 ) ;
#5129 = CARTESIAN_POINT ( 'NONE',  ( -42.50986971695703431, 125.8057764561876581, 26.32341191398444380 ) ) ;
#5130 = DIRECTION ( 'NONE',  ( 0.000000000000000000, -1.000000000000000000, -0.000000000000000000 ) ) ;
#5131 = ADVANCED_FACE ( 'NONE', ( #5782 ), #3683, .T. ) ;
#5132 = CIRCLE ( 'NONE', #9180, 48.50000000000000000 ) ;
#5133 = CARTESIAN_POINT ( 'NONE',  ( -32.94791830014345635, 175.4694692900228858, -33.51819211725206316 ) ) ;
#5134 = CARTESIAN_POINT ( 'NONE',  ( 31.31356217171363099, 45.71524904810726753, -34.44736847863527629 ) ) ;
#5135 = CARTESIAN_POINT ( 'NONE',  ( 45.89283005138457838, 35.50000000000000000, -10.59519465959604112 ) ) ;
#5136 = EDGE_CURVE ( 'NONE', #6121, #1151, #9428, .T. ) ;
#5137 = ORIENTED_EDGE ( 'NONE', *, *, #6102, .F. ) ;
#5138 = CARTESIAN_POINT ( 'NONE',  ( -31.31356217171363099, 45.71524904810725332, 34.44736847863527629 ) ) ;
#5139 = DIRECTION ( 'NONE',  ( -0.000000000000000000, 1.000000000000000000, -0.000000000000000000 ) ) ;
#5140 = CARTESIAN_POINT ( 'NONE',  ( 49.31902728797151525, 148.1781441586251162, 41.19064070390659538 ) ) ;
#5141 = FACE_OUTER_BOUND ( 'NONE', #7436, .T. ) ;
#5142 = CARTESIAN_POINT ( 'NONE',  ( -107.9999999999999858, 217.4653392061623833, -1.334084237489150615 ) ) ;
#5143 = CARTESIAN_POINT ( 'NONE',  ( 0.000000000000000000, 264.0000000000000000, 0.000000000000000000 ) ) ;
#5144 = CARTESIAN_POINT ( 'NONE',  ( -42.32202566649797859, 78.60787726850115575, -48.18764232538013204 ) ) ;
#5145 = CARTESIAN_POINT ( 'NONE',  ( 40.79466709084002218, 111.3121957717727071, 24.96626355950891352 ) ) ;
#5146 = CARTESIAN_POINT ( 'NONE',  ( -36.25127792575357688, 173.2497798333151877, 29.91528168016558098 ) ) ;
#5147 = CARTESIAN_POINT ( 'NONE',  ( 37.19206485551652719, 171.3537213827943901, 28.56886579483240496 ) ) ;
#5148 = ORIENTED_EDGE ( 'NONE', *, *, #4139, .T. ) ;
#5149 = CARTESIAN_POINT ( 'NONE',  ( 0.000000000000000000, 335.0000000000000000, 50.00000000000000000 ) ) ;
#5150 = CARTESIAN_POINT ( 'NONE',  ( 49.05663547162954075, 89.40149471062302666, -41.45303252024854146 ) ) ;
#5151 = B_SPLINE_SURFACE_WITH_KNOTS ( 'NONE', 3, 1, ( 
 ( #8723, #2699 ),
 ( #8038, #8764 ),
 ( #1325, #2111 ),
 ( #7265, #5071 ),
 ( #4105, #9312 ),
 ( #8575, #1917 ),
 ( #4878, #5112 ),
 ( #3704, #2297 ),
 ( #9639, #5256 ),
 ( #3796, #8958 ),
 ( #777, #5206 ),
 ( #8077, #6663 ),
 ( #5886, #6712 ),
 ( #1561, #2887 ),
 ( #9546, #2154 ),
 ( #2977, #6027 ),
 ( #41, #8224 ),
 ( #7347, #4524 ),
 ( #5843, #1516 ),
 ( #640, #685 ),
 ( #736, #8178 ),
 ( #5158, #7490 ),
 ( #3612, #3024 ),
 ( #827, #8810 ),
 ( #6766, #6624 ),
 ( #5929, #98 ),
 ( #1418, #3079 ),
 ( #6574, #4382 ),
 ( #9005, #3657 ),
 ( #5980, #7308 ),
 ( #3749, #9596 ),
 ( #2348, #2931 ),
 ( #8902, #8856 ),
 ( #5299, #2245 ),
 ( #1374, #4478 ),
 ( #4337, #2198 ),
 ( #8124, #1464 ),
 ( #4431, #7443 ),
 ( #7400, #3317 ),
 ( #2396, #8274 ),
 ( #3999, #241 ),
 ( #6816, #3228 ),
 ( #6179, #9149 ),
 ( #1609, #1029 ),
 ( #190, #1812 ),
 ( #881, #6276 ),
 ( #3944, #2495 ),
 ( #6915, #5400 ),
 ( #3855, #4675 ),
 ( #3274, #336 ),
 ( #5448, #6072 ),
 ( #290, #8416 ),
 ( #6965, #1665 ),
 ( #5495, #2544 ),
 ( #1759, #8468 ),
 ( #4722, #7691 ),
 ( #6227, #8368 ) ),
 .UNSPECIFIED., .F., .F., .F.,
 ( 4, 1, 1, 1, 1, 1, 1, 1, 1, 1, 1, 1, 1, 1, 1, 1, 1, 1, 1, 1, 1, 1, 1, 1, 1, 1, 1, 1, 1, 1, 1, 1, 1, 1, 1, 1, 1, 1, 1, 1, 1, 1, 1, 1, 1, 1, 1, 1, 1, 1, 1, 1, 1, 1, 4 ),
 ( 2, 2 ),
 ( 0.000000000000000000, 0.006185920264467958951, 0.006201962899188617762, 0.02441097605636066703, 0.02448136905349906911, 0.05370574164729757793, 0.05388345649501025125, 0.09253774940744008415, 0.09289034474279100895, 0.1389060332195525271, 0.1395093084148929519, 0.1904437008900515815, 0.1913742588137488099, 0.2445345556009104193, 0.2458629933516659483, 0.2984579075547033611, 0.3002380933255869300, 0.3495648249652612005, 0.3518114771965039633, 0.3954646363279898935, 0.3981158618259910131, 0.4341890767744073232, 0.4370593218643058497, 0.4643545367854605699, 0.4670784500627875868, 0.4855543320873982882, 0.4874746266155715047, 0.4999999999999998890, 0.5125253733844284953, 0.5144456679126014897, 0.5329215499372124132, 0.5356454632145392081, 0.5629406781356941503, 0.5658109232255925658, 0.6018841381740089869, 0.6045353636720098844, 0.6481885228034960367, 0.6504351750347385774, 0.6997619066744129590, 0.7015420924452964169, 0.7541370066483340517, 0.7554654443990894697, 0.8086257411862511901, 0.8095562991099481964, 0.8604906915851069371, 0.8610939667804473618, 0.9071096552572089911, 0.9074622505925598048, 0.9461165435049897487, 0.9462942583527023110, 0.9755186309465008199, 0.9755890239436393330, 0.9937980371008112712, 0.9938140797355321521, 1.000000000000000000 ),
 ( 0.000000000000000000, 1.000000000000000000 ),
 .UNSPECIFIED. ) ;
#5152 = CARTESIAN_POINT ( 'NONE',  ( 47.00000000000000000, 223.0766262928863171, -3.435922054811924031 ) ) ;
#5153 = EDGE_CURVE ( 'NONE', #1463, #6881, #8455, .T. ) ;
#5154 = DIRECTION ( 'NONE',  ( 0.000000000000000000, 0.000000000000000000, -1.000000000000000000 ) ) ;
#5155 = DIRECTION ( 'NONE',  ( -1.000000000000000000, 0.000000000000000000, 0.000000000000000000 ) ) ;
#5156 = ORIENTED_EDGE ( 'NONE', *, *, #4801, .T. ) ;
#5157 = EDGE_LOOP ( 'NONE', ( #2518, #1606, #4404 ) ) ;
#5158 = CARTESIAN_POINT ( 'NONE',  ( -40.65331820325020118, 153.6225640485288011, -25.10761244709873452 ) ) ;
#5159 = CARTESIAN_POINT ( 'NONE',  ( 42.35569619307418066, 157.9999999999999716, -48.15397179880390155 ) ) ;
#5160 = VERTEX_POINT ( 'NONE', #4767 ) ;
#5161 = CARTESIAN_POINT ( 'NONE',  ( 108.0000000000000000, 194.5767617142269614, 0.7496665276302574288 ) ) ;
#5162 = CARTESIAN_POINT ( 'NONE',  ( -40.01567615761507568, 134.5090890707682547, 50.49399183426301363 ) ) ;
#5163 = CARTESIAN_POINT ( 'NONE',  ( 39.91996775807772480, 130.9941881811295445, -50.58970023380036451 ) ) ;
#5164 = CARTESIAN_POINT ( 'NONE',  ( 31.70475716768729413, 64.96805734563767487, -38.67037218050471381 ) ) ;
#5165 = EDGE_CURVE ( 'NONE', #4712, #7242, #5883, .T. ) ;
#5166 = CARTESIAN_POINT ( 'NONE',  ( -46.99104307459782603, 211.4507243552620537, -0.9359233834302914667 ) ) ;
#5167 = CARTESIAN_POINT ( 'NONE',  ( 31.44502779986159524, 168.8494741638954793, 38.87472714422170839 ) ) ;
#5168 = CARTESIAN_POINT ( 'NONE',  ( -25.10761244709871676, 153.6225640485287727, 40.65331820325018697 ) ) ;
#5169 = CARTESIAN_POINT ( 'NONE',  ( -27.32702615385186107, 80.61020279584469961, -38.43390449649707108 ) ) ;
#5170 = CARTESIAN_POINT ( 'NONE',  ( 41.20721490222918959, 145.7020373835961493, 24.55371574811973545 ) ) ;
#5171 = VERTEX_POINT ( 'NONE', #7234 ) ;
#5172 = PLANE ( 'NONE',  #561 ) ;
#5173 = CARTESIAN_POINT ( 'NONE',  ( -40.33924585287351761, 140.4589426390626556, -50.17042213900459302 ) ) ;
#5174 = CARTESIAN_POINT ( 'NONE',  ( 38.90225724876550117, 85.63114929373706730, -26.85867340158341676 ) ) ;
#5175 = DIRECTION ( 'NONE',  ( 0.000000000000000000, 1.000000000000000000, 0.000000000000000000 ) ) ;
#5176 = CARTESIAN_POINT ( 'NONE',  ( -49.58005470913414570, 96.97051065983893636, -40.92961328274397204 ) ) ;
#5177 = DIRECTION ( 'NONE',  ( 0.000000000000000000, -1.000000000000000000, 0.000000000000000000 ) ) ;
#5178 = CARTESIAN_POINT ( 'NONE',  ( 38.56258473745505455, 166.8763353538257945, -27.19834591289385983 ) ) ;
#5179 = CARTESIAN_POINT ( 'NONE',  ( -5.983784761192732837, 268.0000000000000000, 48.73401604558892330 ) ) ;
#5180 = ORIENTED_EDGE ( 'NONE', *, *, #5744, .T. ) ;
#5181 = VECTOR ( 'NONE', #32, 1000.000000000000000 ) ;
#5182 = CARTESIAN_POINT ( 'NONE',  ( -28.50815149135655346, 171.2031378497270282, 37.25277915899235381 ) ) ;
#5183 = DIRECTION ( 'NONE',  ( 0.000000000000000000, -1.000000000000000000, 0.000000000000000000 ) ) ;
#5184 = CARTESIAN_POINT ( 'NONE',  ( 33.17716150233881223, 36.58494384897175422, 32.58376914801012703 ) ) ;
#5185 = CARTESIAN_POINT ( 'NONE',  ( 50.38968031787179314, 112.7299032302373263, 40.11998767400631749 ) ) ;
#5186 = EDGE_CURVE ( 'NONE', #1232, #9381, #319, .T. ) ;
#5187 = CARTESIAN_POINT ( 'NONE',  ( -47.00000000000000000, 162.7289639002186163, -0.4518216655316359964 ) ) ;
#5188 = CARTESIAN_POINT ( 'NONE',  ( 45.66087598006104287, 39.50000000000000000, -11.55397787489160066 ) ) ;
#5189 = ADVANCED_FACE ( 'NONE', ( #6266 ), #5666, .T. ) ;
#5190 = CARTESIAN_POINT ( 'NONE',  ( -43.19369017679611034, 69.12979561808754170, -47.31597781508200029 ) ) ;
#5191 = CARTESIAN_POINT ( 'NONE',  ( 34.44736847863528340, 45.71524904810725332, 31.31356217171364520 ) ) ;
#5192 = CARTESIAN_POINT ( 'NONE',  ( 36.04734683592621991, 57.99999999999999289, 29.85456570832901591 ) ) ;
#5193 = VECTOR ( 'NONE', #5385, 1000.000000000000000 ) ;
#5194 = DIRECTION ( 'NONE',  ( 0.5000000000000004441, -0.000000000000000000, 0.8660254037844383745 ) ) ;
#5195 = ORIENTED_EDGE ( 'NONE', *, *, #1651, .T. ) ;
#5196 = VECTOR ( 'NONE', #7627, 1000.000000000000000 ) ;
#5197 = AXIS2_PLACEMENT_3D ( 'NONE', #2071, #5852, #5119 ) ;
#5198 = CARTESIAN_POINT ( 'NONE',  ( -24.39235554936073669, 141.0186408901463153, 41.36857510098818125 ) ) ;
#5199 = CARTESIAN_POINT ( 'NONE',  ( 50.22349097781341243, 108.7025900201346644, -40.28617701406468399 ) ) ;
#5200 = CARTESIAN_POINT ( 'NONE',  ( 31.31356217171364520, 45.71524904810726753, 34.44736847863529050 ) ) ;
#5201 = VECTOR ( 'NONE', #1219, 1000.000000000000114 ) ;
#5202 = CARTESIAN_POINT ( 'NONE',  ( 49.99967341390733111, 267.5929066380649601, -0.1927366362296401014 ) ) ;
#5203 = CIRCLE ( 'NONE', #7233, 46.80000000000000426 ) ;
#5204 = ORIENTED_EDGE ( 'NONE', *, *, #7724, .T. ) ;
#5205 = VERTEX_POINT ( 'NONE', #3493 ) ;
#5206 = CARTESIAN_POINT ( 'NONE',  ( -48.18764232538013204, 78.60787726850114154, -42.32202566649797859 ) ) ;
#5207 = CARTESIAN_POINT ( 'NONE',  ( -14.15079050858044596, 264.0000000000000000, 46.28515018861092756 ) ) ;
#5208 = CARTESIAN_POINT ( 'NONE',  ( -49.92188363719780142, 255.8766924780263139, 2.795363964218919417 ) ) ;
#5209 = VECTOR ( 'NONE', #8633, 1000.000000000000000 ) ;
#5210 = CARTESIAN_POINT ( 'NONE',  ( 45.50000000000000000, 275.0000000000000000, -18.00000000000000000 ) ) ;
#5211 = CARTESIAN_POINT ( 'NONE',  ( 0.000000000000000000, 200.0000000000000000, 0.000000000000000000 ) ) ;
#5212 = VECTOR ( 'NONE', #7123, 1000.000000000000114 ) ;
#5213 = CARTESIAN_POINT ( 'NONE',  ( 37.00988115598539707, 66.80701258836774059, -28.75104949436352086 ) ) ;
#5214 = CARTESIAN_POINT ( 'NONE',  ( 28.04587946174751423, 169.6705890994764445, -37.71505118859937511 ) ) ;
#5215 = VECTOR ( 'NONE', #3167, 1000.000000000000000 ) ;
#5216 = FACE_OUTER_BOUND ( 'NONE', #7147, .T. ) ;
#5217 = CARTESIAN_POINT ( 'NONE',  ( 35.47935076381347130, 172.3992787183036626, 35.23125842033054766 ) ) ;
#5218 = CARTESIAN_POINT ( 'NONE',  ( -41.74177417787062438, 85.62404022679615423, 48.76789381400745782 ) ) ;
#5219 = CARTESIAN_POINT ( 'NONE',  ( 49.20000000000000284, 264.0000000000000000, 0.000000000000000000 ) ) ;
#5220 = CARTESIAN_POINT ( 'NONE',  ( 39.86548770796168384, 124.0985968565961315, 50.64418028391641968 ) ) ;
#5221 = EDGE_LOOP ( 'NONE', ( #4950, #1110, #1416 ) ) ;
#5222 = VECTOR ( 'NONE', #3240, 1000.000000000000000 ) ;
#5223 = CARTESIAN_POINT ( 'NONE',  ( 31.31356217171364520, 45.71524904810726753, 34.44736847863529050 ) ) ;
#5224 = CARTESIAN_POINT ( 'NONE',  ( -49.31902728797152236, 148.1781441586250878, -41.19064070390658827 ) ) ;
#5225 = EDGE_LOOP ( 'NONE', ( #4079, #5423 ) ) ;
#5226 = CARTESIAN_POINT ( 'NONE',  ( 28.50815149135656057, 171.2031378497270566, -37.25277915899235381 ) ) ;
#5227 = PLANE ( 'NONE',  #4281 ) ;
#5228 = CARTESIAN_POINT ( 'NONE',  ( -47.31597781508200029, 69.12979561808752749, -43.19369017679611034 ) ) ;
#5229 = EDGE_CURVE ( 'NONE', #6635, #7740, #8159, .T. ) ;
#5230 = CARTESIAN_POINT ( 'NONE',  ( -35.67620357438801904, 174.0484005150372866, -30.59914242696009623 ) ) ;
#5231 = CARTESIAN_POINT ( 'NONE',  ( 40.24733569863604998, 157.6066838202880831, -25.51359495171286795 ) ) ;
#5232 = FACE_BOUND ( 'NONE', #4785, .T. ) ;
#5233 = ORIENTED_EDGE ( 'NONE', *, *, #1514, .T. ) ;
#5234 = ORIENTED_EDGE ( 'NONE', *, *, #1831, .F. ) ;
#5235 = CARTESIAN_POINT ( 'NONE',  ( -43.94697918396570202, 157.2818685057019650, 46.56268880791238018 ) ) ;
#5236 = DIRECTION ( 'NONE',  ( 0.000000000000000000, -1.000000000000000000, 0.000000000000000000 ) ) ;
#5237 = CARTESIAN_POINT ( 'NONE',  ( 41.06358789818639821, 116.6762642137271513, 24.69734275216253749 ) ) ;
#5238 = CARTESIAN_POINT ( 'NONE',  ( 41.06358789818639821, 116.6762642137271513, 24.69734275216253749 ) ) ;
#5239 = CARTESIAN_POINT ( 'NONE',  ( -47.00000000000000000, 164.0860123415720579, -0.5490809186924491270 ) ) ;
#5240 = LINE ( 'NONE', #4510, #3987 ) ;
#5241 = CARTESIAN_POINT ( 'NONE',  ( -43.97682058470661559, 61.44371818057052792, -46.53284740717148082 ) ) ;
#5242 = ADVANCED_FACE ( 'NONE', ( #9566 ), #5087, .F. ) ;
#5243 = CARTESIAN_POINT ( 'NONE',  ( -24.20000000000002061, 264.0000000000000000, -41.91562954316682266 ) ) ;
#5244 = CARTESIAN_POINT ( 'NONE',  ( 42.62031228415365547, 75.23276251545789250, -47.88935570772444095 ) ) ;
#5245 = CARTESIAN_POINT ( 'NONE',  ( -45.72681195956040767, 54.19120085711175960, 44.78285603231768164 ) ) ;
#5246 = CARTESIAN_POINT ( 'NONE',  ( -50.64418028391641968, 124.0985968565961315, -39.86548770796169094 ) ) ;
#5247 = ADVANCED_FACE ( 'NONE', ( #2995 ), #3046, .T. ) ;
#5248 = ORIENTED_EDGE ( 'NONE', *, *, #7613, .T. ) ;
#5249 = CARTESIAN_POINT ( 'NONE',  ( -45.25483399593903755, 158.6226686892998146, 45.25483399593904466 ) ) ;
#5250 = CARTESIAN_POINT ( 'NONE',  ( 38.90225724876550117, 85.63114929373706730, -26.85867340158341676 ) ) ;
#5251 = CARTESIAN_POINT ( 'NONE',  ( 42.32202566649796438, 78.60787726850114154, 48.18764232538012493 ) ) ;
#5252 = CARTESIAN_POINT ( 'NONE',  ( 49.99775095300193328, 267.3436135936285041, 0.4815547765336153363 ) ) ;
#5253 = ORIENTED_EDGE ( 'NONE', *, *, #3124, .T. ) ;
#5254 = ADVANCED_FACE ( 'NONE', ( #8874 ), #5227, .F. ) ;
#5255 = ORIENTED_EDGE ( 'NONE', *, *, #6798, .F. ) ;
#5256 = CARTESIAN_POINT ( 'NONE',  ( -47.31597781508200029, 69.12979561808752749, -43.19369017679611034 ) ) ;
#5257 = CARTESIAN_POINT ( 'NONE',  ( 2.293931114067158106, -3.548243663850593421, 2.293931114067158106 ) ) ;
#5258 = CARTESIAN_POINT ( 'NONE',  ( -30.50535599256534169, 52.00000000000000000, -35.25557465778359756 ) ) ;
#5259 = CARTESIAN_POINT ( 'NONE',  ( 108.0000000000000000, 191.9302026907494678, 0.5265706568650422303 ) ) ;
#5260 = CARTESIAN_POINT ( 'NONE',  ( -40.24733569863604288, 157.6066838202881399, 25.51359495171287506 ) ) ;
#5261 = CARTESIAN_POINT ( 'NONE',  ( 39.75138694003533857, 95.69680212022358035, -26.00954371031357937 ) ) ;
#5262 = DIRECTION ( 'NONE',  ( 1.000000000000000000, -0.000000000000000000, -0.000000000000000000 ) ) ;
#5263 = EDGE_CURVE ( 'NONE', #3891, #4346, #797, .T. ) ;
#5264 = DIRECTION ( 'NONE',  ( -0.8660254037844384856, 0.000000000000000000, 0.5000000000000004441 ) ) ;
#5265 = CARTESIAN_POINT ( 'NONE',  ( 31.31115607659010180, 168.5790100066184323, 38.98253048539271504 ) ) ;
#5266 = CARTESIAN_POINT ( 'NONE',  ( -40.92961328274395072, 96.97051065983893636, 49.58005470913413149 ) ) ;
#5267 = CARTESIAN_POINT ( 'NONE',  ( -40.28617701406469109, 108.7025900201346644, -50.22349097781342664 ) ) ;
#5268 = CARTESIAN_POINT ( 'NONE',  ( 46.56268880791239440, 157.2818685057019650, 43.94697918396571623 ) ) ;
#5269 = EDGE_LOOP ( 'NONE', ( #4674, #3383, #4067, #6015 ) ) ;
#5270 = CARTESIAN_POINT ( 'NONE',  ( 28.75104949436352442, 66.80701258836775480, 37.00988115598541128 ) ) ;
#5271 = CARTESIAN_POINT ( 'NONE',  ( -35.45918685583342267, 52.00000000000000711, 30.80394296248343267 ) ) ;
#5272 = ORIENTED_EDGE ( 'NONE', *, *, #5121, .T. ) ;
#5273 = CARTESIAN_POINT ( 'NONE',  ( 39.75138694003533857, 95.69680212022358035, -26.00954371031357937 ) ) ;
#5274 = DIRECTION ( 'NONE',  ( 0.000000000000000000, 0.000000000000000000, -1.000000000000000000 ) ) ;
#5275 = CARTESIAN_POINT ( 'NONE',  ( -48.76789381400746493, 85.62404022679615423, -41.74177417787065281 ) ) ;
#5276 = FACE_OUTER_BOUND ( 'NONE', #853, .T. ) ;
#5277 = CARTESIAN_POINT ( 'NONE',  ( 34.68057595339049470, 175.3233815820528321, -31.08035469695841968 ) ) ;
#5278 = CARTESIAN_POINT ( 'NONE',  ( -31.92684771948879785, 41.21309918220622848, 33.83408293086011298 ) ) ;
#5279 = ORIENTED_EDGE ( 'NONE', *, *, #2002, .F. ) ;
#5280 = ORIENTED_EDGE ( 'NONE', *, *, #8700, .F. ) ;
#5281 = CARTESIAN_POINT ( 'NONE',  ( -40.65331820325018697, 153.6225640485288011, 25.10761244709872742 ) ) ;
#5282 = CARTESIAN_POINT ( 'NONE',  ( 32.16823240588159649, 39.48056780803435828, 33.59269824446734276 ) ) ;
#5283 = CARTESIAN_POINT ( 'NONE',  ( 26.53717206652077820, 163.8347417721553541, 39.22375858382816460 ) ) ;
#5284 = CARTESIAN_POINT ( 'NONE',  ( -47.00000000000000000, 245.7159877520656437, -3.467667383507734957 ) ) ;
#5285 = DIRECTION ( 'NONE',  ( -0.000000000000000000, -1.000000000000000000, 0.000000000000000000 ) ) ;
#5286 = CARTESIAN_POINT ( 'NONE',  ( -38.56258473745505455, 166.8763353538258514, -27.19834591289388470 ) ) ;
#5287 = VERTEX_POINT ( 'NONE', #6547 ) ;
#5288 = CARTESIAN_POINT ( 'NONE',  ( 50.38968031787179314, 112.7299032302373263, 40.11998767400631749 ) ) ;
#5289 = CARTESIAN_POINT ( 'NONE',  ( -31.68079727559472403, 43.01938849801636877, 34.08013337475419746 ) ) ;
#5290 = CARTESIAN_POINT ( 'NONE',  ( -50.68940747672287728, 127.6151589264297144, 39.82026051515521203 ) ) ;
#5291 = CARTESIAN_POINT ( 'NONE',  ( -36.72941495113131793, 63.16230265228886509, -29.33832445349483820 ) ) ;
#5292 = VERTEX_POINT ( 'NONE', #6682 ) ;
#5293 = CARTESIAN_POINT ( 'NONE',  ( -50.49399183426301363, 134.5090890707682831, 40.01567615761508279 ) ) ;
#5294 = CARTESIAN_POINT ( 'NONE',  ( 49.82615309694460137, 100.9687423887486943, -40.68351489493349504 ) ) ;
#5295 = CARTESIAN_POINT ( 'NONE',  ( 40.68351489493349504, 100.9687423887486943, 49.82615309694461558 ) ) ;
#5296 = CARTESIAN_POINT ( 'NONE',  ( 49.95567683432584971, 261.6796552532404121, -2.105110369791339142 ) ) ;
#5297 = VERTEX_POINT ( 'NONE', #3722 ) ;
#5298 = ORIENTED_EDGE ( 'NONE', *, *, #4087, .T. ) ;
#5299 = CARTESIAN_POINT ( 'NONE',  ( -26.53717206652076754, 163.8347417721553256, -39.22375858382816460 ) ) ;
#5300 = CARTESIAN_POINT ( 'NONE',  ( 45.46696603029501915, 52.00000000000000000, 45.04270196158309147 ) ) ;
#5301 = CARTESIAN_POINT ( 'NONE',  ( -49.96813814866771253, 264.1646428432053995, 1.790079189498648526 ) ) ;
#5302 = CARTESIAN_POINT ( 'NONE',  ( 30.80394296248330122, 52.00000000000000000, -35.45918685583350083 ) ) ;
#5303 = CARTESIAN_POINT ( 'NONE',  ( -49.05663547162954075, 89.40149471062305508, 41.45303252024855567 ) ) ;
#5304 = CARTESIAN_POINT ( 'NONE',  ( 41.19064070390658117, 148.1781441586250878, -49.31902728797151525 ) ) ;
#5305 = CARTESIAN_POINT ( 'NONE',  ( 34.56783199817789409, 175.0603972572440341, -31.84627522964691337 ) ) ;
#5306 = FACE_OUTER_BOUND ( 'NONE', #9442, .T. ) ;
#5307 = CARTESIAN_POINT ( 'NONE',  ( 41.78104421726136763, 105.0519756244900975, 27.47049506919387341 ) ) ;
#5308 = DIRECTION ( 'NONE',  ( 0.000000000000000000, 0.000000000000000000, -1.000000000000000000 ) ) ;
#5309 = CARTESIAN_POINT ( 'NONE',  ( 39.91996775807773901, 130.9941881811295445, 50.58970023380037162 ) ) ;
#5310 = EDGE_LOOP ( 'NONE', ( #1067, #8438 ) ) ;
#5311 = CARTESIAN_POINT ( 'NONE',  ( 30.94645188787811207, 48.51213425699023674, 34.81447876247082718 ) ) ;
#5312 = CARTESIAN_POINT ( 'NONE',  ( -29.77058358522447534, 58.00000011627446383, 35.99034706512443904 ) ) ;
#5313 = VERTEX_POINT ( 'NONE', #3584 ) ;
#5314 = CARTESIAN_POINT ( 'NONE',  ( 41.59764216673600146, 150.5005888525396927, -48.91202582514208075 ) ) ;
#5315 = CARTESIAN_POINT ( 'NONE',  ( -26.34014186967795723, 125.2144882378529189, 42.49951656549611556 ) ) ;
#5316 = B_SPLINE_CURVE_WITH_KNOTS ( 'NONE', 3,
 ( #6513, #4225, #8701, #716, #7330, #9482, #8837, #7922 ),
 .UNSPECIFIED., .F., .F.,
 ( 4, 2, 2, 4 ),
 ( 0.000000000000000000, 0.004222814332542843170, 0.008445628665085686340, 0.01689125733017136921 ),
 .UNSPECIFIED. ) ;
#5317 = CARTESIAN_POINT ( 'NONE',  ( -34.81447876247083428, 48.51213425699023674, -30.94645188787811207 ) ) ;
#5318 = CARTESIAN_POINT ( 'NONE',  ( -40.15053420550685104, 101.0166046022987985, -25.61039644484208111 ) ) ;
#5319 = CARTESIAN_POINT ( 'NONE',  ( 29.29356565747519880, 173.1609393494194364, -36.46736499287371913 ) ) ;
#5320 = CARTESIAN_POINT ( 'NONE',  ( -36.46736499287371203, 173.1609393494194364, 29.29356565747520236 ) ) ;
#5321 = ORIENTED_EDGE ( 'NONE', *, *, #9280, .F. ) ;
#5322 = ORIENTED_EDGE ( 'NONE', *, *, #1035, .F. ) ;
#5323 = CARTESIAN_POINT ( 'NONE',  ( -39.86548770796168384, 124.0985968565961883, 50.64418028391641258 ) ) ;
#5324 = CARTESIAN_POINT ( 'NONE',  ( 0.000000000000000000, 39.50000000000000000, 0.000000000000000000 ) ) ;
#5325 = CARTESIAN_POINT ( 'NONE',  ( 44.93779350453366561, 52.88466077438591384, 45.57187448734443080 ) ) ;
#5326 = EDGE_CURVE ( 'NONE', #1046, #2153, #2859, .T. ) ;
#5327 = CARTESIAN_POINT ( 'NONE',  ( 47.31597781508200029, 69.12979561808754170, 43.19369017679611034 ) ) ;
#5328 = EDGE_CURVE ( 'NONE', #6124, #6905, #8314, .T. ) ;
#5329 = CARTESIAN_POINT ( 'NONE',  ( -47.00000000000000000, 259.9730972603335317, -2.655267262506161074 ) ) ;
#5330 = CYLINDRICAL_SURFACE ( 'NONE', #1947, 36.00000000000000000 ) ;
#5331 = CIRCLE ( 'NONE', #9068, 49.20000000000000995 ) ;
#5332 = CARTESIAN_POINT ( 'NONE',  ( -29.98132752230960918, 94.50000000000000000, 35.77960312803930520 ) ) ;
#5333 = VERTEX_POINT ( 'NONE', #2215 ) ;
#5334 = CARTESIAN_POINT ( 'NONE',  ( 35.63270687126060210, 54.97802726448587407, 30.12822377908832649 ) ) ;
#5335 = LINE ( 'NONE', #6701, #1409 ) ;
#5336 = FACE_OUTER_BOUND ( 'NONE', #6529, .T. ) ;
#5337 = CARTESIAN_POINT ( 'NONE',  ( -40.11998767400632460, 112.7299032302373263, -50.38968031787179314 ) ) ;
#5338 = ORIENTED_EDGE ( 'NONE', *, *, #8504, .T. ) ;
#5339 = CARTESIAN_POINT ( 'NONE',  ( -42.78460399787552149, 155.3921848145515128, 47.72506399400256782 ) ) ;
#5340 = CARTESIAN_POINT ( 'NONE',  ( 40.33924585287350340, 140.4589426390626272, -50.17042213900458592 ) ) ;
#5341 = LINE ( 'NONE', #185, #4914 ) ;
#5342 = CARTESIAN_POINT ( 'NONE',  ( 49.88990721864698230, 246.1006604031577751, 3.317120188695652061 ) ) ;
#5343 = UNCERTAINTY_MEASURE_WITH_UNIT (LENGTH_MEASURE( 1.000000000000000082E-05 ), #6892, 'distance_accuracy_value', 'NONE');
#5344 = AXIS2_PLACEMENT_3D ( 'NONE', #8448, #1699, #1061 ) ;
#5345 = VERTEX_POINT ( 'NONE', #7463 ) ;
#5346 = ORIENTED_EDGE ( 'NONE', *, *, #4895, .T. ) ;
#5347 = DIRECTION ( 'NONE',  ( 0.9743700647852351349, 0.000000000000000000, -0.2249510543438649757 ) ) ;
#5348 = CARTESIAN_POINT ( 'NONE',  ( -30.02250515210871740, 57.99999999999999289, 36.16138306720323214 ) ) ;
#5349 = CARTESIAN_POINT ( 'NONE',  ( -49.88948353355487342, 245.8732475138295968, 3.323446269479795934 ) ) ;
#5350 = LINE ( 'NONE', #3178, #2740 ) ;
#5351 = CARTESIAN_POINT ( 'NONE',  ( -50.58970023380035741, 130.9941881811295445, 39.91996775807773190 ) ) ;
#5352 = AXIS2_PLACEMENT_3D ( 'NONE', #2170, #4351, #5274 ) ;
#5353 = VECTOR ( 'NONE', #1832, 1000.000000000000227 ) ;
#5354 = CARTESIAN_POINT ( 'NONE',  ( 36.08140240266997978, 58.70654625247946257, 29.67952824767894882 ) ) ;
#5355 = AXIS2_PLACEMENT_3D ( 'NONE', #1129, #4732, #8480 ) ;
#5356 = CARTESIAN_POINT ( 'NONE',  ( 33.92626584902873077, 175.3686818598524439, -32.52754583684713197 ) ) ;
#5357 = LINE ( 'NONE', #4143, #223 ) ;
#5358 = ADVANCED_FACE ( 'NONE', ( #609 ), #5810, .F. ) ;
#5359 = CARTESIAN_POINT ( 'NONE',  ( 40.14265841673879720, 164.5601747625490816, 29.80966340995669839 ) ) ;
#5360 = DIRECTION ( 'NONE',  ( 0.000000000000000000, 0.000000000000000000, -1.000000000000000000 ) ) ;
#5361 = CARTESIAN_POINT ( 'NONE',  ( 45.25483399593905176, 158.6226686892998146, 45.25483399593905176 ) ) ;
#5362 = ORIENTED_EDGE ( 'NONE', *, *, #8782, .F. ) ;
#5363 = CARTESIAN_POINT ( 'NONE',  ( -32.72860058173506559, 170.7959266676695336, -37.80070851026450640 ) ) ;
#5364 = DIRECTION ( 'NONE',  ( 0.000000000000000000, -1.000000000000000000, 0.000000000000000000 ) ) ;
#5365 = EDGE_CURVE ( 'NONE', #7618, #7165, #3359, .T. ) ;
#5366 = ORIENTED_EDGE ( 'NONE', *, *, #5153, .F. ) ;
#5367 = CARTESIAN_POINT ( 'NONE',  ( 41.38727259838148598, 126.6764942988443892, -24.37365805196743551 ) ) ;
#5368 = VECTOR ( 'NONE', #1885, 1000.000000000000000 ) ;
#5369 = CARTESIAN_POINT ( 'NONE',  ( -29.99793184607706564, 165.1521464230492597, 40.00232266548115234 ) ) ;
#5370 = CARTESIAN_POINT ( 'NONE',  ( -46.30576403225040849, 59.33385514974001751, -44.20390395962770214 ) ) ;
#5371 = AXIS2_PLACEMENT_3D ( 'NONE', #2391, #1755, #1852 ) ;
#5372 = VECTOR ( 'NONE', #2078, 999.9999999999998863 ) ;
#5373 = CARTESIAN_POINT ( 'NONE',  ( -50.49399183426302073, 134.5090890707682831, -40.01567615761508989 ) ) ;
#5374 = CARTESIAN_POINT ( 'NONE',  ( 49.09999999999999432, 275.0000000000000000, -3.500000000000000000 ) ) ;
#5375 = CARTESIAN_POINT ( 'NONE',  ( -31.31356217171363099, 45.71524904810725332, 34.44736847863527629 ) ) ;
#5376 = EDGE_CURVE ( 'NONE', #3853, #3590, #4399, .T. ) ;
#5377 = ORIENTED_EDGE ( 'NONE', *, *, #4241, .F. ) ;
#5378 = ORIENTED_EDGE ( 'NONE', *, *, #4389, .F. ) ;
#5379 = CARTESIAN_POINT ( 'NONE',  ( 40.15053420550686525, 101.0166046022987985, 25.61039644484208111 ) ) ;
#5380 = DIRECTION ( 'NONE',  ( 0.000000000000000000, 0.000000000000000000, -1.000000000000000000 ) ) ;
#5381 = CARTESIAN_POINT ( 'NONE',  ( 44.99031566266480553, 52.44175755770030634, 45.51935232921329799 ) ) ;
#5382 = CARTESIAN_POINT ( 'NONE',  ( 49.58005470913413859, 96.97051065983893636, 40.92961328274396493 ) ) ;
#5383 = ADVANCED_FACE ( 'NONE', ( #5946 ), #1345, .F. ) ;
#5384 = CARTESIAN_POINT ( 'NONE',  ( 31.45444816953536815, 46.00849753284948207, 34.61057804017213613 ) ) ;
#5385 = DIRECTION ( 'NONE',  ( 0.000000000000000000, 0.000000000000000000, -1.000000000000000000 ) ) ;
#5386 = CARTESIAN_POINT ( 'NONE',  ( -32.58376914801012703, 36.58494384897175422, -33.17716150233881223 ) ) ;
#5387 = ORIENTED_EDGE ( 'NONE', *, *, #3321, .F. ) ;
#5388 = CARTESIAN_POINT ( 'NONE',  ( 42.32202566649796438, 78.60787726850114154, 48.18764232538012493 ) ) ;
#5389 = EDGE_CURVE ( 'NONE', #5031, #202, #6822, .T. ) ;
#5390 = CARTESIAN_POINT ( 'NONE',  ( 24.29434890298206184, 131.8280114082709815, -41.46658174736684543 ) ) ;
#5391 = DIRECTION ( 'NONE',  ( 0.000000000000000000, 1.000000000000000000, -0.000000000000000000 ) ) ;
#5392 = CARTESIAN_POINT ( 'NONE',  ( -43.47092483188747281, 66.31954352124843410, -47.03874315999063072 ) ) ;
#5393 = VERTEX_POINT ( 'NONE', #501 ) ;
#5394 = CARTESIAN_POINT ( 'NONE',  ( -39.22375858382815039, 163.8347417721553541, 26.53717206652077110 ) ) ;
#5395 = DIRECTION ( 'NONE',  ( -0.000000000000000000, -1.000000000000000000, -0.000000000000000000 ) ) ;
#5396 = EDGE_CURVE ( 'NONE', #6881, #2153, #2585, .T. ) ;
#5397 = DIRECTION ( 'NONE',  ( 0.000000000000000000, 1.000000000000000000, 0.000000000000000000 ) ) ;
#5398 = CARTESIAN_POINT ( 'NONE',  ( 32.66844815593975682, 175.4114255477974496, 33.79063506660716598 ) ) ;
#5399 = ORIENTED_EDGE ( 'NONE', *, *, #5744, .F. ) ;
#5400 = CARTESIAN_POINT ( 'NONE',  ( -42.62031228415366968, 75.23276251545792093, -47.88935570772444095 ) ) ;
#5401 = CARTESIAN_POINT ( 'NONE',  ( -39.21300354332209537, 268.0000000000000000, -29.54911763676555836 ) ) ;
#5402 = CARTESIAN_POINT ( 'NONE',  ( -49.97729515213317342, 265.2493064197394119, 1.513004568925013116 ) ) ;
#5403 = CARTESIAN_POINT ( 'NONE',  ( -5.898476220809131476, 268.0000000000000000, 48.03923373943999309 ) ) ;
#5404 = CARTESIAN_POINT ( 'NONE',  ( -38.90225724876550117, 85.63114929373708151, 26.85867340158341676 ) ) ;
#5405 = LINE ( 'NONE', #9202, #8634 ) ;
#5406 = CARTESIAN_POINT ( 'NONE',  ( -30.12822377908831228, 54.97802726448587407, 35.63270687126059499 ) ) ;
#5407 = CARTESIAN_POINT ( 'NONE',  ( -37.19206485551604402, 171.3537213827956123, -28.56886579483288457 ) ) ;
#5408 = LINE ( 'NONE', #1082, #8388 ) ;
#5409 = PLANE ( 'NONE',  #5642 ) ;
#5410 = CARTESIAN_POINT ( 'NONE',  ( 24.96626355950891352, 111.3121957717727071, 40.79466709084002218 ) ) ;
#5411 = ORIENTED_EDGE ( 'NONE', *, *, #8489, .T. ) ;
#5412 = CARTESIAN_POINT ( 'NONE',  ( -26.62135493071119541, 118.1757342628917087, -42.32413524936814753 ) ) ;
#5413 = CARTESIAN_POINT ( 'NONE',  ( -32.83647634445000563, 35.50000000000000000, -33.76648962033772250 ) ) ;
#5414 = VERTEX_POINT ( 'NONE', #3480 ) ;
#5415 = DIRECTION ( 'NONE',  ( 0.000000000000000000, -1.000000000000000000, 0.000000000000000000 ) ) ;
#5416 = CARTESIAN_POINT ( 'NONE',  ( -26.27698492125264451, 127.7342765327545209, 42.53846368260470001 ) ) ;
#5417 = CARTESIAN_POINT ( 'NONE',  ( -45.57187448734442370, 52.88466077438591384, 44.93779350453365851 ) ) ;
#5418 = EDGE_CURVE ( 'NONE', #1183, #9422, #6356, .T. ) ;
#5419 = CARTESIAN_POINT ( 'NONE',  ( -46.30576403225040849, 59.33385514974001751, -44.20390395962770214 ) ) ;
#5420 = CARTESIAN_POINT ( 'NONE',  ( 37.49320649782438863, 71.28898199371604960, -28.26772415252453641 ) ) ;
#5421 = CARTESIAN_POINT ( 'NONE',  ( -41.74177417787062438, 85.62404022679615423, 48.76789381400745782 ) ) ;
#5422 = ORIENTED_EDGE ( 'NONE', *, *, #1535, .F. ) ;
#5423 = ORIENTED_EDGE ( 'NONE', *, *, #3700, .F. ) ;
#5424 = CARTESIAN_POINT ( 'NONE',  ( 45.57187448734443791, 52.88466077438589963, 44.93779350453366561 ) ) ;
#5425 = PERSON_AND_ORGANIZATION ( #910, #3334 ) ;
#5426 = CARTESIAN_POINT ( 'NONE',  ( 48.15397179880390155, 145.5000000000000000, 42.35569619307420908 ) ) ;
#5427 = CARTESIAN_POINT ( 'NONE',  ( 43.97682058470662270, 61.44371818057052792, 46.53284740717148082 ) ) ;
#5428 = CARTESIAN_POINT ( 'NONE',  ( 26.52044225623127005, 143.6402985707824485, 42.38768592517899236 ) ) ;
#5429 = EDGE_CURVE ( 'NONE', #1492, #4030, #1135, .T. ) ;
#5430 = CARTESIAN_POINT ( 'NONE',  ( 47.31597781508198608, 69.12979561808754170, -43.19369017679610323 ) ) ;
#5431 = CARTESIAN_POINT ( 'NONE',  ( -24.59999999999999432, 264.0000000000000000, 42.60844986619439112 ) ) ;
#5432 = EDGE_CURVE ( 'NONE', #2507, #1241, #4936, .T. ) ;
#5433 = CARTESIAN_POINT ( 'NONE',  ( -44.93779350453366561, 52.88466077438589963, -45.57187448734443080 ) ) ;
#5434 = VERTEX_POINT ( 'NONE', #1091 ) ;
#5435 = CARTESIAN_POINT ( 'NONE',  ( 42.78460399787552859, 155.3921848145514844, 47.72506399400258204 ) ) ;
#5436 = CARTESIAN_POINT ( 'NONE',  ( 39.75138694003533857, 95.69680212022358035, -26.00954371031357937 ) ) ;
#5437 = CARTESIAN_POINT ( 'NONE',  ( -43.20000000000000284, 200.0000000000000000, -18.00000000000000000 ) ) ;
#5438 = CARTESIAN_POINT ( 'NONE',  ( -28.50815149135657123, 171.2031378497270566, -37.25277915899236092 ) ) ;
#5439 = ORIENTED_EDGE ( 'NONE', *, *, #8009, .F. ) ;
#5440 = CARTESIAN_POINT ( 'NONE',  ( -40.15053420550684393, 101.0166046022987985, 25.61039644484207400 ) ) ;
#5441 = CARTESIAN_POINT ( 'NONE',  ( 45.57187448734442370, 52.88466077438589963, -44.93779350453366561 ) ) ;
#5442 = VECTOR ( 'NONE', #6367, 1000.000000000000114 ) ;
#5443 = LINE ( 'NONE', #8319, #4440 ) ;
#5444 = CARTESIAN_POINT ( 'NONE',  ( 32.94791830014411715, 175.4694692900230848, 33.51819211725139525 ) ) ;
#5445 = VECTOR ( 'NONE', #9610, 1000.000000000000227 ) ;
#5446 = CARTESIAN_POINT ( 'NONE',  ( -40.65331820325018697, 153.6225640485288011, 25.10761244709872742 ) ) ;
#5447 = VERTEX_POINT ( 'NONE', #2760 ) ;
#5448 = CARTESIAN_POINT ( 'NONE',  ( -30.94645188787811207, 48.51213425699022963, -34.81447876247082718 ) ) ;
#5449 = CARTESIAN_POINT ( 'NONE',  ( 40.75980735771284458, 145.8271779734262452, 49.74986063416525894 ) ) ;
#5450 = FACE_OUTER_BOUND ( 'NONE', #5010, .T. ) ;
#5451 = CARTESIAN_POINT ( 'NONE',  ( 39.27978169491272098, 44.00000000000000000, 38.85551762620079330 ) ) ;
#5452 = EDGE_CURVE ( 'NONE', #5092, #3112, #1873, .T. ) ;
#5453 = CARTESIAN_POINT ( 'NONE',  ( -45.57187448734442370, 52.88466077438591384, 44.93779350453365851 ) ) ;
#5454 = DIRECTION ( 'NONE',  ( -0.8660254037844383745, 0.000000000000000000, 0.5000000000000004441 ) ) ;
#5455 = CARTESIAN_POINT ( 'NONE',  ( -44.20390395962768793, 59.33385514974001751, 46.30576403225040139 ) ) ;
#5456 = DIRECTION ( 'NONE',  ( 0.000000000000000000, 1.000000000000000000, 0.000000000000000000 ) ) ;
#5457 = CARTESIAN_POINT ( 'NONE',  ( 44.55243490709811027, 268.0000000000000000, -18.91138661888084727 ) ) ;
#5458 = CARTESIAN_POINT ( 'NONE',  ( 32.58376914801012703, 36.58494384897174712, 33.17716150233881223 ) ) ;
#5459 = ORIENTED_EDGE ( 'NONE', *, *, #6736, .T. ) ;
#5460 = CARTESIAN_POINT ( 'NONE',  ( -26.32341191398457170, 125.8057764561833807, -42.50986971695700589 ) ) ;
#5461 = DIRECTION ( 'NONE',  ( -0.000000000000000000, 1.000000000000000000, -0.000000000000000000 ) ) ;
#5462 = ORIENTED_EDGE ( 'NONE', *, *, #7773, .T. ) ;
#5463 = CARTESIAN_POINT ( 'NONE',  ( -108.0000000000000000, 208.7190203635718149, 1.531725937652306024 ) ) ;
#5464 = CARTESIAN_POINT ( 'NONE',  ( -32.90234388851732916, 170.9903000646214934, 37.64972211469364538 ) ) ;
#5465 = CARTESIAN_POINT ( 'NONE',  ( -41.36857510098817414, 141.0186408901463437, 24.39235554936074024 ) ) ;
#5466 = EDGE_CURVE ( 'NONE', #9575, #4419, #1978, .T. ) ;
#5467 = CARTESIAN_POINT ( 'NONE',  ( -43.94697918396571623, 157.2818685057020218, -46.56268880791239440 ) ) ;
#5468 = CARTESIAN_POINT ( 'NONE',  ( 40.79466709084000797, 111.3121957717727071, -24.96626355950890641 ) ) ;
#5469 = CARTESIAN_POINT ( 'NONE',  ( -29.29356565747519170, 173.1609393494194080, 36.46736499287372624 ) ) ;
#5470 = ORIENTED_EDGE ( 'NONE', *, *, #808, .T. ) ;
#5471 = ORIENTED_EDGE ( 'NONE', *, *, #1698, .F. ) ;
#5472 = CARTESIAN_POINT ( 'NONE',  ( -33.09259735953042281, 35.99999999999999289, 32.66833329081849513 ) ) ;
#5473 = APPROVAL_ROLE ( '' ) ;
#5474 = FACE_OUTER_BOUND ( 'NONE', #4475, .T. ) ;
#5475 = CARTESIAN_POINT ( 'NONE',  ( 42.32202566649796438, 78.60787726850114154, 48.18764232538012493 ) ) ;
#5476 = CARTESIAN_POINT ( 'NONE',  ( 28.29327770100690387, 158.7821440013663903, 41.23134657391899793 ) ) ;
#5477 = CARTESIAN_POINT ( 'NONE',  ( 48.18764232538011782, 78.60787726850115575, -42.32202566649796438 ) ) ;
#5478 = CARTESIAN_POINT ( 'NONE',  ( -34.51648671455649264, 38.38965361115111108, -34.94075078326842032 ) ) ;
#5479 = LINE ( 'NONE', #4804, #4116 ) ;
#5480 = ORIENTED_EDGE ( 'NONE', *, *, #6811, .F. ) ;
#5481 = CARTESIAN_POINT ( 'NONE',  ( 24.29434890298207961, 131.8280114082709815, 41.46658174736686675 ) ) ;
#5482 = CARTESIAN_POINT ( 'NONE',  ( 31.08035469695842679, 175.3233815820528605, -34.68057595339048760 ) ) ;
#5483 = EDGE_CURVE ( 'NONE', #379, #7359, #8784, .T. ) ;
#5484 = LINE ( 'NONE', #8508, #2238 ) ;
#5485 = CARTESIAN_POINT ( 'NONE',  ( -41.59764216673602277, 150.5005888525397495, -48.91202582514209496 ) ) ;
#5486 = VERTEX_POINT ( 'NONE', #7756 ) ;
#5487 = CARTESIAN_POINT ( 'NONE',  ( -33.09259735953042281, 35.99999999999999289, 32.66833329081849513 ) ) ;
#5488 = CARTESIAN_POINT ( 'NONE',  ( 45.77674598141884843, 54.62836855260157876, -44.73292201045924088 ) ) ;
#5489 = EDGE_CURVE ( 'NONE', #5205, #6556, #5651, .T. ) ;
#5490 = CARTESIAN_POINT ( 'NONE',  ( 0.000000000000000000, 264.0000000000000000, 0.000000000000000000 ) ) ;
#5491 = CARTESIAN_POINT ( 'NONE',  ( 36.43109891601253025, 172.9891755310164854, 29.70024544798704014 ) ) ;
#5492 = CARTESIAN_POINT ( 'NONE',  ( -48.18764232538011782, 78.60787726850114154, 42.32202566649796438 ) ) ;
#5493 = EDGE_LOOP ( 'NONE', ( #4687, #5928, #775, #3126, #6071, #180 ) ) ;
#5494 = VECTOR ( 'NONE', #7387, 1000.000000000000114 ) ;
#5495 = CARTESIAN_POINT ( 'NONE',  ( -32.16823240588158228, 39.48056780803440091, -33.59269824446734987 ) ) ;
#5496 = DIRECTION ( 'NONE',  ( 0.000000000000000000, 0.000000000000000000, 1.000000000000000000 ) ) ;
#5497 = CARTESIAN_POINT ( 'NONE',  ( -28.04587946176250313, 73.51205704305240829, -37.71505118858642902 ) ) ;
#5498 = LINE ( 'NONE', #245, #8160 ) ;
#5499 = CARTESIAN_POINT ( 'NONE',  ( 42.35569619307418066, 145.5000000000000000, -48.15397179880390155 ) ) ;
#5500 = FACE_OUTER_BOUND ( 'NONE', #1972, .T. ) ;
#5501 = CARTESIAN_POINT ( 'NONE',  ( -30.94645188787809786, 48.51213425699024384, 34.81447876247082007 ) ) ;
#5502 = EDGE_CURVE ( 'NONE', #9587, #854, #3333, .T. ) ;
#5503 = PLANE ( 'NONE',  #7616 ) ;
#5504 = CARTESIAN_POINT ( 'NONE',  ( 36.22026865339361024, 45.29752987678865850, 34.03970758276492603 ) ) ;
#5505 = CARTESIAN_POINT ( 'NONE',  ( 44.58347426246773182, 55.93620152028918824, 45.92619372941037881 ) ) ;
#5506 = VERTEX_POINT ( 'NONE', #9413 ) ;
#5507 = CARTESIAN_POINT ( 'NONE',  ( -30.09056553259032185, 165.4343660277709489, -39.93261097208056754 ) ) ;
#5508 = VECTOR ( 'NONE', #3075, 1000.000000000000000 ) ;
#5509 = CARTESIAN_POINT ( 'NONE',  ( 36.16138306720321083, 57.99999999999999289, -30.02250515210873871 ) ) ;
#5510 = EDGE_LOOP ( 'NONE', ( #4931, #3078, #3808, #5682 ) ) ;
#5511 = CARTESIAN_POINT ( 'NONE',  ( -108.0000000000000000, 191.9302026907495247, -0.5265706568650424524 ) ) ;
#5512 = DIRECTION ( 'NONE',  ( -0.7071067811865474617, 0.000000000000000000, -0.7071067811865474617 ) ) ;
#5513 = CIRCLE ( 'NONE', #3803, 47.10000000000000853 ) ;
#5514 = CIRCLE ( 'NONE', #705, 48.50000000000000000 ) ;
#5515 = CARTESIAN_POINT ( 'NONE',  ( -50.22349097781341243, 108.7025900201346502, 40.28617701406468399 ) ) ;
#5516 = VECTOR ( 'NONE', #8828, 1000.000000000000227 ) ;
#5517 = CARTESIAN_POINT ( 'NONE',  ( -34.44736847863528340, 45.71524904810726753, -31.31356217171364520 ) ) ;
#5518 = CARTESIAN_POINT ( 'NONE',  ( 45.46696603029500494, 52.00000000000000000, -45.04270196158308437 ) ) ;
#5519 = CARTESIAN_POINT ( 'NONE',  ( 0.000000000000000000, 0.000000000000000000, 0.000000000000000000 ) ) ;
#5520 = ORIENTED_EDGE ( 'NONE', *, *, #875, .T. ) ;
#5521 = ORIENTED_EDGE ( 'NONE', *, *, #513, .T. ) ;
#5522 = CARTESIAN_POINT ( 'NONE',  ( -45.46696603029500494, 52.00000000000000000, 45.04270196158308437 ) ) ;
#5523 = CARTESIAN_POINT ( 'NONE',  ( -33.09259735953043702, 35.99999999999999289, -32.66833329081850223 ) ) ;
#5524 = CARTESIAN_POINT ( 'NONE',  ( 32.49898569560906481, 37.17140469785621093, 33.26194495473987445 ) ) ;
#5525 = VECTOR ( 'NONE', #6231, 1000.000000000000000 ) ;
#5526 = ADVANCED_FACE ( 'NONE', ( #6295 ), #7800, .F. ) ;
#5527 = CARTESIAN_POINT ( 'NONE',  ( 46.98886408183592067, 211.7250867810285229, 1.022679479307043060 ) ) ;
#5528 = AXIS2_PLACEMENT_3D ( 'NONE', #7755, #259, #7072 ) ;
#5529 = CARTESIAN_POINT ( 'NONE',  ( 27.53707542704070477, 154.1365289939176364, -41.73424116573671938 ) ) ;
#5530 = PLANE ( 'NONE',  #1949 ) ;
#5531 = ORIENTED_EDGE ( 'NONE', *, *, #8607, .T. ) ;
#5532 = CARTESIAN_POINT ( 'NONE',  ( 25.61039644484207756, 101.0166046022987985, 40.15053420550685814 ) ) ;
#5533 = CARTESIAN_POINT ( 'NONE',  ( 108.0000000000000142, 210.0060237486753181, 1.543678944899053773 ) ) ;
#5534 = ORIENTED_EDGE ( 'NONE', *, *, #7161, .F. ) ;
#5535 = CARTESIAN_POINT ( 'NONE',  ( 40.65331820325018697, 153.6225640485287443, -25.10761244709872742 ) ) ;
#5536 = DIRECTION ( 'NONE',  ( 0.8660254037844387076, 0.000000000000000000, 0.4999999999999997780 ) ) ;
#5537 = CARTESIAN_POINT ( 'NONE',  ( -40.33924585287351761, 140.4589426390626556, -50.17042213900459302 ) ) ;
#5538 = ORIENTED_EDGE ( 'NONE', *, *, #2750, .F. ) ;
#5539 = AXIS2_PLACEMENT_3D ( 'NONE', #5932, #2351, #3707 ) ;
#5540 = DIRECTION ( 'NONE',  ( -0.000000000000000000, -1.000000000000000000, -0.000000000000000000 ) ) ;
#5541 = CARTESIAN_POINT ( 'NONE',  ( 0.000000000000000000, 263.0000000000000000, 0.000000000000000000 ) ) ;
#5542 = CARTESIAN_POINT ( 'NONE',  ( 31.32513990815242977, 174.7035535478271981, 35.04077431780509500 ) ) ;
#5543 = EDGE_CURVE ( 'NONE', #4990, #5297, #6608, .T. ) ;
#5544 = CARTESIAN_POINT ( 'NONE',  ( -33.26194495473986024, 37.17140469785621093, 32.49898569560905770 ) ) ;
#5545 = ORIENTED_EDGE ( 'NONE', *, *, #5365, .T. ) ;
#5546 = DIRECTION ( 'NONE',  ( 0.8660254037844383745, 0.000000000000000000, -0.5000000000000005551 ) ) ;
#5547 = CARTESIAN_POINT ( 'NONE',  ( 41.89008183373211125, 152.1318062554275912, 48.61958615814599227 ) ) ;
#5548 = CARTESIAN_POINT ( 'NONE',  ( 0.000000000000000000, 52.00000000000000000, 0.000000000000000000 ) ) ;
#5549 = CARTESIAN_POINT ( 'NONE',  ( -34.44339648251114028, 39.76829606710787601, 35.22013773123448033 ) ) ;
#5550 = CARTESIAN_POINT ( 'NONE',  ( -28.99384443958993174, 64.61538329764202615, -36.76708621075901107 ) ) ;
#5551 = ADVANCED_FACE ( 'NONE', ( #4109, #7073 ), #9317, .F. ) ;
#5552 = CARTESIAN_POINT ( 'NONE',  ( -25.51359495171286085, 157.6066838202880831, 40.24733569863604998 ) ) ;
#5553 = ADVANCED_FACE ( 'NONE', ( #7126 ), #455, .F. ) ;
#5554 = FACE_OUTER_BOUND ( 'NONE', #5967, .T. ) ;
#5555 = CARTESIAN_POINT ( 'NONE',  ( -13.65375861055179740, 0.000000000000000000, 44.65943210347376180 ) ) ;
#5556 = DIRECTION ( 'NONE',  ( -0.000000000000000000, -1.000000000000000000, -0.000000000000000000 ) ) ;
#5557 = ORIENTED_EDGE ( 'NONE', *, *, #2401, .F. ) ;
#5558 = CARTESIAN_POINT ( 'NONE',  ( -26.26511122279024590, 128.3506640521227382, -42.54579159191727911 ) ) ;
#5559 = CARTESIAN_POINT ( 'NONE',  ( 49.09999999999999432, 275.0000000000000000, 3.500000000000000000 ) ) ;
#5560 = ORIENTED_EDGE ( 'NONE', *, *, #2527, .F. ) ;
#5561 = CARTESIAN_POINT ( 'NONE',  ( -108.0000000000000000, 191.9302026907494678, 0.5265706568650422303 ) ) ;
#5562 = DIRECTION ( 'NONE',  ( 0.000000000000000000, 0.000000000000000000, 1.000000000000000000 ) ) ;
#5563 = DIRECTION ( 'NONE',  ( -0.000000000000000000, 1.000000000000000000, -0.000000000000000000 ) ) ;
#5564 = ADVANCED_FACE ( 'NONE', ( #8182 ), #5024, .T. ) ;
#5565 = CARTESIAN_POINT ( 'NONE',  ( -24.69734275216253749, 116.6762642137271371, -41.06358789818640531 ) ) ;
#5566 = DIRECTION ( 'NONE',  ( -0.000000000000000000, 1.000000000000000000, -0.000000000000000000 ) ) ;
#5567 = FACE_OUTER_BOUND ( 'NONE', #5865, .T. ) ;
#5568 = ORIENTED_EDGE ( 'NONE', *, *, #3356, .T. ) ;
#5569 = EDGE_LOOP ( 'NONE', ( #4189, #902, #8195, #918 ) ) ;
#5570 = LINE ( 'NONE', #3204, #1728 ) ;
#5571 = CARTESIAN_POINT ( 'NONE',  ( -49.58005470913414570, 96.97051065983893636, -40.92961328274397204 ) ) ;
#5572 = CARTESIAN_POINT ( 'NONE',  ( 40.57183789878039448, 143.4569695494772645, 49.93783009309771614 ) ) ;
#5573 = CARTESIAN_POINT ( 'NONE',  ( 48.91202582514208075, 150.5005888525397495, -41.59764216673601567 ) ) ;
#5574 = CARTESIAN_POINT ( 'NONE',  ( 26.24179909868658811, 135.2892170286631313, -42.56023145310042821 ) ) ;
#5575 = DIRECTION ( 'NONE',  ( -0.4999999999999997780, 0.000000000000000000, 0.8660254037844387076 ) ) ;
#5576 = ORIENTED_EDGE ( 'NONE', *, *, #6148, .T. ) ;
#5577 = CARTESIAN_POINT ( 'NONE',  ( 50.49399183426302073, 134.5090890707682547, 40.01567615761508989 ) ) ;
#5578 = CARTESIAN_POINT ( 'NONE',  ( 108.0000000000000000, 189.2661038502330939, 0.2768941404019777952 ) ) ;
#5579 = ORIENTED_EDGE ( 'NONE', *, *, #9623, .F. ) ;
#5580 = CARTESIAN_POINT ( 'NONE',  ( 49.05663547162954075, 89.40149471062302666, -41.45303252024854146 ) ) ;
#5581 = LINE ( 'NONE', #4763, #1775 ) ;
#5582 = CARTESIAN_POINT ( 'NONE',  ( 49.99939933985894669, 161.3767734674762266, 0.2450829519018705716 ) ) ;
#5583 = VERTEX_POINT ( 'NONE', #9506 ) ;
#5584 = CARTESIAN_POINT ( 'NONE',  ( -22.05269856716359556, 200.0000000000000000, -43.19639436232868235 ) ) ;
#5585 = CARTESIAN_POINT ( 'NONE',  ( 46.99561851544654445, 212.8388087975628480, -0.6462515316770567342 ) ) ;
#5586 = CARTESIAN_POINT ( 'NONE',  ( 49.90588651824134558, 252.5501890665249221, -3.071903830185191975 ) ) ;
#5587 = DIRECTION ( 'NONE',  ( -0.8660254037844383745, 0.000000000000000000, 0.5000000000000003331 ) ) ;
#5588 = CARTESIAN_POINT ( 'NONE',  ( 34.08013337475412641, 43.01938849801626930, 31.68079727559481995 ) ) ;
#5589 = AXIS2_PLACEMENT_3D ( 'NONE', #6959, #7047, #2446 ) ;
#5590 = EDGE_LOOP ( 'NONE', ( #121, #9118, #1574, #1850 ) ) ;
#5591 = CARTESIAN_POINT ( 'NONE',  ( 45.51935232921329799, 52.44175755770029923, 44.99031566266481263 ) ) ;
#5592 = CARTESIAN_POINT ( 'NONE',  ( 31.86944668320958129, 42.89533910136503181, -33.89148396713933664 ) ) ;
#5593 = DIRECTION ( 'NONE',  ( 0.000000000000000000, -1.000000000000000000, 0.000000000000000000 ) ) ;
#5594 = CARTESIAN_POINT ( 'NONE',  ( -33.09259735953042281, 35.99999999999999289, 32.66833329081849513 ) ) ;
#5595 = CARTESIAN_POINT ( 'NONE',  ( 39.91748297430893189, 120.2343318316845853, 50.59218501756917874 ) ) ;
#5596 = VECTOR ( 'NONE', #8164, 1000.000000000000000 ) ;
#5597 = CARTESIAN_POINT ( 'NONE',  ( -40.11998767400631039, 112.7299032302373263, 50.38968031787177893 ) ) ;
#5598 = CYLINDRICAL_SURFACE ( 'NONE', #2501, 49.20000000000000284 ) ;
#5599 = DIRECTION ( 'NONE',  ( 0.8660254037844387076, 0.000000000000000000, 0.4999999999999997224 ) ) ;
#5600 = DIRECTION ( 'NONE',  ( 0.8660254037844384856, 0.000000000000000000, -0.5000000000000004441 ) ) ;
#5601 = ORIENTED_EDGE ( 'NONE', *, *, #4761, .T. ) ;
#5602 = CARTESIAN_POINT ( 'NONE',  ( -41.15279711400178542, 159.1130762893485553, -28.40006792114600742 ) ) ;
#5603 = ADVANCED_FACE ( 'NONE', ( #4386 ), #1520, .F. ) ;
#5604 = CARTESIAN_POINT ( 'NONE',  ( 45.19678830451481844, 264.0000000000000000, -19.18489840882334008 ) ) ;
#5605 = ORIENTED_EDGE ( 'NONE', *, *, #6523, .F. ) ;
#5606 = CARTESIAN_POINT ( 'NONE',  ( -45.25483399593905176, 94.50000000000000000, -45.25483399593905176 ) ) ;
#5607 = CARTESIAN_POINT ( 'NONE',  ( 37.19206485552194863, 171.3537213827805772, -28.56886579482696220 ) ) ;
#5608 = CARTESIAN_POINT ( 'NONE',  ( -48.76789381400745071, 85.62404022679615423, 41.74177417787063860 ) ) ;
#5609 = CARTESIAN_POINT ( 'NONE',  ( -40.28617701406469109, 108.7025900201346644, -50.22349097781342664 ) ) ;
#5610 = LINE ( 'NONE', #1138, #4669 ) ;
#5611 = CARTESIAN_POINT ( 'NONE',  ( -34.08013314532966120, 43.01938834715441118, 31.68079750501924607 ) ) ;
#5612 = ORIENTED_EDGE ( 'NONE', *, *, #1039, .T. ) ;
#5613 = ORIENTED_EDGE ( 'NONE', *, *, #4122, .T. ) ;
#5614 = CARTESIAN_POINT ( 'NONE',  ( 50.59218501756917163, 120.2343318316846421, 39.91748297430894610 ) ) ;
#5615 = FACE_OUTER_BOUND ( 'NONE', #1595, .T. ) ;
#5616 = CARTESIAN_POINT ( 'NONE',  ( 30.94645188787811207, 48.51213425699023674, 34.81447876247082718 ) ) ;
#5617 = CARTESIAN_POINT ( 'NONE',  ( 37.49320649782438863, 71.28898199371604960, -28.26772415252453641 ) ) ;
#5618 = CARTESIAN_POINT ( 'NONE',  ( 32.90234388850670655, 170.9903000646099827, -37.64972211470291796 ) ) ;
#5619 = CARTESIAN_POINT ( 'NONE',  ( 50.54757796528362235, 116.5874508295665635, -39.96209002659446696 ) ) ;
#5620 = ORIENTED_EDGE ( 'NONE', *, *, #1308, .T. ) ;
#5621 = DIRECTION ( 'NONE',  ( -0.7071067811865474617, 0.000000000000000000, 0.7071067811865474617 ) ) ;
#5622 = CARTESIAN_POINT ( 'NONE',  ( 107.9999999999999858, 193.5126614618645817, 0.6599525275824661419 ) ) ;
#5623 = ORIENTED_EDGE ( 'NONE', *, *, #2287, .F. ) ;
#5624 = CARTESIAN_POINT ( 'NONE',  ( 50.17042213900457881, 140.4589426390626556, -40.33924585287350340 ) ) ;
#5625 = FACE_OUTER_BOUND ( 'NONE', #6724, .T. ) ;
#5626 = LINE ( 'NONE', #8602, #1488 ) ;
#5627 = ORIENTED_EDGE ( 'NONE', *, *, #3800, .F. ) ;
#5628 = EDGE_CURVE ( 'NONE', #803, #4605, #6536, .T. ) ;
#5629 = CARTESIAN_POINT ( 'NONE',  ( -108.0000000000000142, 222.1604013880388777, -2.046431600566389619E-15 ) ) ;
#5630 = CARTESIAN_POINT ( 'NONE',  ( 46.99104307459782603, 212.5492756447380884, 0.9359233834302914667 ) ) ;
#5631 = CARTESIAN_POINT ( 'NONE',  ( -37.49320649782439574, 71.28898199371606381, -28.26772415252453641 ) ) ;
#5632 = CARTESIAN_POINT ( 'NONE',  ( 27.32702615385185396, 80.61020279584469961, -38.43390449649706397 ) ) ;
#5633 = CARTESIAN_POINT ( 'NONE',  ( -49.58005470913413149, 96.97051065983893636, 40.92961328274396493 ) ) ;
#5634 = ORIENTED_EDGE ( 'NONE', *, *, #2019, .T. ) ;
#5635 = CARTESIAN_POINT ( 'NONE',  ( 0.000000000000000000, 0.000000000000000000, 0.000000000000000000 ) ) ;
#5636 = DIRECTION ( 'NONE',  ( -0.000000000000000000, -1.000000000000000000, 0.000000000000000000 ) ) ;
#5637 = CARTESIAN_POINT ( 'NONE',  ( 43.41654570485090403, 263.0000000000000000, -18.00000000000000000 ) ) ;
#5638 = CARTESIAN_POINT ( 'NONE',  ( -34.03970758276494024, 45.29752987678863718, 36.22026865339361734 ) ) ;
#5639 = B_SPLINE_CURVE_WITH_KNOTS ( 'NONE', 3,
 ( #4425, #9000, #9540, #2881 ),
 .UNSPECIFIED., .F., .F.,
 ( 4, 4 ),
 ( 0.01740447811741088410, 0.01776587260766537835 ),
 .UNSPECIFIED. ) ;
#5640 = CARTESIAN_POINT ( 'NONE',  ( 27.19834591289388470, 166.8763353538258514, 38.56258473745506166 ) ) ;
#5641 = CARTESIAN_POINT ( 'NONE',  ( -33.26194495473986024, 37.17140469785621093, 32.49898569560905770 ) ) ;
#5642 = AXIS2_PLACEMENT_3D ( 'NONE', #4828, #5360, #8525 ) ;
#5643 = ORIENTED_EDGE ( 'NONE', *, *, #491, .T. ) ;
#5644 = CARTESIAN_POINT ( 'NONE',  ( 29.68759046701156024, 174.1961081890134722, 36.07334018333737191 ) ) ;
#5645 = FACE_OUTER_BOUND ( 'NONE', #2176, .T. ) ;
#5646 = ORIENTED_EDGE ( 'NONE', *, *, #380, .F. ) ;
#5647 = CARTESIAN_POINT ( 'NONE',  ( -40.00232266547991600, 165.1521464230544609, -29.99793184607875318 ) ) ;
#5648 = CARTESIAN_POINT ( 'NONE',  ( -46.98823194100207701, 212.1387565285969572, -1.050000000000000044 ) ) ;
#5649 = ORIENTED_EDGE ( 'NONE', *, *, #4472, .T. ) ;
#5650 = CARTESIAN_POINT ( 'NONE',  ( 0.000000000000000000, 35.50000000000000000, 0.000000000000000000 ) ) ;
#5651 = LINE ( 'NONE', #6343, #1024 ) ;
#5652 = FACE_OUTER_BOUND ( 'NONE', #2474, .T. ) ;
#5653 = ADVANCED_FACE ( 'NONE', ( #7351 ), #5768, .T. ) ;
#5654 = CARTESIAN_POINT ( 'NONE',  ( -42.32202566649797859, 78.60787726850115575, -48.18764232538013204 ) ) ;
#5655 = VECTOR ( 'NONE', #8842, 1000.000000000000114 ) ;
#5656 = DIRECTION ( 'NONE',  ( 0.7071067811865474617, -0.000000000000000000, 0.7071067811865474617 ) ) ;
#5657 = EDGE_CURVE ( 'NONE', #360, #1540, #8568, .T. ) ;
#5658 = DIRECTION ( 'NONE',  ( 0.2722802470405741304, 0.000000000000000000, -0.9622179935292852759 ) ) ;
#5659 = VERTEX_POINT ( 'NONE', #7159 ) ;
#5660 = ORIENTED_EDGE ( 'NONE', *, *, #1990, .T. ) ;
#5661 = CIRCLE ( 'NONE', #6911, 49.20000000000000284 ) ;
#5662 = CARTESIAN_POINT ( 'NONE',  ( 25.51359495171288216, 157.6066838202881399, 40.24733569863605709 ) ) ;
#5663 = VECTOR ( 'NONE', #8187, 1000.000000000000000 ) ;
#5664 = DIRECTION ( 'NONE',  ( 0.000000000000000000, 0.000000000000000000, -1.000000000000000000 ) ) ;
#5665 = CARTESIAN_POINT ( 'NONE',  ( 52.39661248592316412, 145.5000000000000000, -46.59833688019350006 ) ) ;
#5666 = PLANE ( 'NONE',  #9557 ) ;
#5667 = CARTESIAN_POINT ( 'NONE',  ( 46.99933398641599780, 210.9771515668464303, -0.2742432185657226462 ) ) ;
#5668 = VECTOR ( 'NONE', #5636, 1000.000000000000000 ) ;
#5669 = CARTESIAN_POINT ( 'NONE',  ( 33.48841238799288078, 171.5561179699247134, -37.12955697799699095 ) ) ;
#5670 = VECTOR ( 'NONE', #5556, 1000.000000000000000 ) ;
#5671 = CARTESIAN_POINT ( 'NONE',  ( -32.83647634445000563, 0.000000000000000000, -33.76648962033772250 ) ) ;
#5672 = ORIENTED_EDGE ( 'NONE', *, *, #1108, .T. ) ;
#5673 = CARTESIAN_POINT ( 'NONE',  ( -50.40863483252044830, 137.5203383235722470, -40.10103315935766233 ) ) ;
#5674 = B_SPLINE_CURVE_WITH_KNOTS ( 'NONE', 3,
 ( #5766, #571, #2821, #2082, #4998, #4951, #8055, #7962, #2133, #1394 ),
 .UNSPECIFIED., .F., .F.,
 ( 4, 2, 2, 2, 4 ),
 ( 0.01053360897057645934, 0.01139669828014024631, 0.01225978758970403329, 0.01312287689926781853, 0.01398596620883160550 ),
 .UNSPECIFIED. ) ;
#5675 = CARTESIAN_POINT ( 'NONE',  ( 107.9999999999999858, 202.4922469032945003, 1.278898672072648068 ) ) ;
#5676 = EDGE_CURVE ( 'NONE', #1811, #4854, #488, .T. ) ;
#5677 = VERTEX_POINT ( 'NONE', #4970 ) ;
#5678 = LINE ( 'NONE', #5770, #4988 ) ;
#5679 = CARTESIAN_POINT ( 'NONE',  ( 0.000000000000000000, 35.50000000000000000, 0.000000000000000000 ) ) ;
#5680 = LINE ( 'NONE', #431, #5976 ) ;
#5681 = VECTOR ( 'NONE', #4301, 1000.000000000000000 ) ;
#5682 = ORIENTED_EDGE ( 'NONE', *, *, #8109, .F. ) ;
#5683 = CARTESIAN_POINT ( 'NONE',  ( -47.00000000000000000, 169.8038876996392332, 0.9438988005394841618 ) ) ;
#5684 = VECTOR ( 'NONE', #7847, 1000.000000000000000 ) ;
#5685 = DIRECTION ( 'NONE',  ( -0.7071067811865474617, 0.000000000000000000, -0.7071067811865474617 ) ) ;
#5686 = ADVANCED_FACE ( 'NONE', ( #7015 ), #4193, .F. ) ;
#5687 = VECTOR ( 'NONE', #2540, 1000.000000000000000 ) ;
#5688 = FACE_OUTER_BOUND ( 'NONE', #1993, .T. ) ;
#5689 = CARTESIAN_POINT ( 'NONE',  ( 40.28617701406466978, 108.7025900201346644, -50.22349097781341243 ) ) ;
#5690 = CIRCLE ( 'NONE', #8330, 47.10000000000000853 ) ;
#5691 = CARTESIAN_POINT ( 'NONE',  ( 34.84691905017633218, 48.76015662781987459, 30.91401160017260352 ) ) ;
#5692 = VERTEX_POINT ( 'NONE', #5499 ) ;
#5693 = DIRECTION ( 'NONE',  ( -0.2249510543438650034, 0.000000000000000000, -0.9743700647852352459 ) ) ;
#5694 = CARTESIAN_POINT ( 'NONE',  ( -32.16823240588157518, 39.48056780803440091, 33.59269824446734276 ) ) ;
#5695 = ADVANCED_FACE ( 'NONE', ( #1910 ), #4868, .T. ) ;
#5696 = CARTESIAN_POINT ( 'NONE',  ( 27.32702615385185396, 80.61020279584469961, -38.43390449649706397 ) ) ;
#5697 = CARTESIAN_POINT ( 'NONE',  ( 47.00000000000000000, 174.8707557546558462, -1.273156625868755221 ) ) ;
#5698 = CARTESIAN_POINT ( 'NONE',  ( 24.39235554936074735, 141.0186408901463437, 41.36857510098818835 ) ) ;
#5699 = CARTESIAN_POINT ( 'NONE',  ( -40.79466709084000797, 111.3121957717727071, 24.96626355950890641 ) ) ;
#5700 = EDGE_LOOP ( 'NONE', ( #2695, #3656, #327, #8237, #5114, #7338, #1560, #3762, #684, #1929, #8048, #1891, #1186, #2875, #5045, #3213 ) ) ;
#5701 = LINE ( 'NONE', #2017, #5799 ) ;
#5702 = FACE_OUTER_BOUND ( 'NONE', #7389, .T. ) ;
#5703 = EDGE_LOOP ( 'NONE', ( #6830, #4666, #7808, #8058 ) ) ;
#5704 = CARTESIAN_POINT ( 'NONE',  ( -37.12955697798314247, 171.5561179699379011, -33.48841238800825693 ) ) ;
#5705 = CARTESIAN_POINT ( 'NONE',  ( -41.00000000000000000, 275.0000000000000000, -21.00000000000000000 ) ) ;
#5706 = CARTESIAN_POINT ( 'NONE',  ( -49.90004989492582155, 250.5606248199293020, -3.160877902635823133 ) ) ;
#5707 = CARTESIAN_POINT ( 'NONE',  ( -31.68079750501928515, 43.01938834715414117, -34.08013314532963278 ) ) ;
#5708 = CARTESIAN_POINT ( 'NONE',  ( -27.47049506919340089, 105.0519756244960377, 41.78104421726169448 ) ) ;
#5709 = CARTESIAN_POINT ( 'NONE',  ( 44.58347426246771050, 55.93620152028918824, -45.92619372941037170 ) ) ;
#5710 = CARTESIAN_POINT ( 'NONE',  ( -40.92961328274396493, 96.97051065983893636, -49.58005470913414570 ) ) ;
#5711 = CARTESIAN_POINT ( 'NONE',  ( 49.09999999999999432, 268.0000000000000000, 2.500000000000000000 ) ) ;
#5712 = CARTESIAN_POINT ( 'NONE',  ( 34.94075078326841322, 38.38965361115109687, 34.51648671455648554 ) ) ;
#5713 = VERTEX_POINT ( 'NONE', #2598 ) ;
#5714 = ORIENTED_EDGE ( 'NONE', *, *, #2417, .T. ) ;
#5715 = CARTESIAN_POINT ( 'NONE',  ( 41.38727259838149308, 126.6764942988443892, 24.37365805196743551 ) ) ;
#5716 = FACE_OUTER_BOUND ( 'NONE', #8415, .T. ) ;
#5717 = DIRECTION ( 'NONE',  ( -0.7071067811865479058, 0.000000000000000000, -0.7071067811865472397 ) ) ;
#5718 = CARTESIAN_POINT ( 'NONE',  ( -49.82615309694459427, 100.9687423887486943, 40.68351489493349504 ) ) ;
#5719 = CARTESIAN_POINT ( 'NONE',  ( 46.99255158743632421, 211.3553567733520140, -0.8403281653368579462 ) ) ;
#5720 = DIRECTION ( 'NONE',  ( 0.000000000000000000, 0.000000000000000000, -1.000000000000000000 ) ) ;
#5721 = ORIENTED_EDGE ( 'NONE', *, *, #3321, .T. ) ;
#5722 = DIRECTION ( 'NONE',  ( 0.000000000000000000, 0.000000000000000000, -1.000000000000000000 ) ) ;
#5723 = CARTESIAN_POINT ( 'NONE',  ( 47.00000000000000000, 177.7845559105077200, 1.453014774495211991 ) ) ;
#5724 = ORIENTED_EDGE ( 'NONE', *, *, #1035, .T. ) ;
#5725 = CARTESIAN_POINT ( 'NONE',  ( -44.20390395962768793, 59.33385514974001751, 46.30576403225040139 ) ) ;
#5726 = DIRECTION ( 'NONE',  ( -0.000000000000000000, -1.000000000000000000, 0.000000000000000000 ) ) ;
#5727 = CARTESIAN_POINT ( 'NONE',  ( -44.58347426246773182, 55.93620152028918113, -45.92619372941037170 ) ) ;
#5728 = VERTEX_POINT ( 'NONE', #9201 ) ;
#5729 = EDGE_CURVE ( 'NONE', #3817, #7709, #6424, .T. ) ;
#5730 = CARTESIAN_POINT ( 'NONE',  ( -108.0000000000000000, 221.2045783221282989, -0.7135065983535374690 ) ) ;
#5731 = EDGE_CURVE ( 'NONE', #202, #2688, #7174, .T. ) ;
#5732 = LINE ( 'NONE', #384, #2278 ) ;
#5733 = CARTESIAN_POINT ( 'NONE',  ( -50.58970023380037873, 130.9941881811295445, -39.91996775807773901 ) ) ;
#5734 = CARTESIAN_POINT ( 'NONE',  ( 41.59764216673600146, 150.5005888525396927, -48.91202582514208075 ) ) ;
#5735 = LINE ( 'NONE', #2144, #7939 ) ;
#5736 = EDGE_LOOP ( 'NONE', ( #4805, #3239, #776, #4128, #5605, #7920, #3410, #2274, #6241, #1689 ) ) ;
#5737 = DIRECTION ( 'NONE',  ( 0.7071067811865479058, -0.000000000000000000, 0.7071067811865472397 ) ) ;
#5738 = CARTESIAN_POINT ( 'NONE',  ( 24.69734275216252328, 116.6762642137271797, -41.06358789818639821 ) ) ;
#5739 = CARTESIAN_POINT ( 'NONE',  ( 107.9999999999999858, 195.4809161837167153, -0.8176760611520634825 ) ) ;
#5740 = CARTESIAN_POINT ( 'NONE',  ( 48.18764232538012493, 78.60787726850115575, 42.32202566649797859 ) ) ;
#5741 = CARTESIAN_POINT ( 'NONE',  ( -50.59218501756915742, 120.2343318316845853, 39.91748297430893189 ) ) ;
#5742 = ORIENTED_EDGE ( 'NONE', *, *, #4833, .T. ) ;
#5743 = PLANE ( 'NONE',  #8012 ) ;
#5744 = EDGE_CURVE ( 'NONE', #258, #3814, #3376, .T. ) ;
#5745 = ORIENTED_EDGE ( 'NONE', *, *, #9182, .F. ) ;
#5746 = FACE_OUTER_BOUND ( 'NONE', #6964, .T. ) ;
#5747 = CARTESIAN_POINT ( 'NONE',  ( 0.000000000000000000, 0.000000000000000000, 0.000000000000000000 ) ) ;
#5748 = CARTESIAN_POINT ( 'NONE',  ( -49.89299158671063594, 219.3211832691102359, -3.272449769058653590 ) ) ;
#5749 = DIRECTION ( 'NONE',  ( 0.000000000000000000, -1.000000000000000000, 0.000000000000000000 ) ) ;
#5750 = CARTESIAN_POINT ( 'NONE',  ( -42.62031228415366257, 75.23276251545793514, 47.88935570772444095 ) ) ;
#5751 = AXIS2_PLACEMENT_3D ( 'NONE', #9308, #5456, #4730 ) ;
#5752 = CARTESIAN_POINT ( 'NONE',  ( 40.28617701406466978, 108.7025900201346644, -50.22349097781341243 ) ) ;
#5753 = CARTESIAN_POINT ( 'NONE',  ( -24.39235554936074735, 141.0186408901463722, -41.36857510098818835 ) ) ;
#5754 = DIRECTION ( 'NONE',  ( -0.000000000000000000, 1.000000000000000000, -0.000000000000000000 ) ) ;
#5755 = DIRECTION ( 'NONE',  ( 0.000000000000000000, 1.000000000000000000, 0.000000000000000000 ) ) ;
#5756 = VERTEX_POINT ( 'NONE', #7937 ) ;
#5757 = ORIENTED_EDGE ( 'NONE', *, *, #4955, .F. ) ;
#5758 = CARTESIAN_POINT ( 'NONE',  ( 42.32202566649796438, 78.60787726850114154, 48.18764232538012493 ) ) ;
#5759 = CARTESIAN_POINT ( 'NONE',  ( -25.61039644484208466, 101.0166046022987985, -40.15053420550685814 ) ) ;
#5760 = CARTESIAN_POINT ( 'NONE',  ( 41.74177417787063860, 85.62404022679615423, -48.76789381400745782 ) ) ;
#5761 = CARTESIAN_POINT ( 'NONE',  ( 47.10000000000000142, 39.50000000000000000, -2.500000000000000000 ) ) ;
#5762 = EDGE_CURVE ( 'NONE', #1781, #4066, #5829, .T. ) ;
#5763 = DIRECTION ( 'NONE',  ( 0.000000000000000000, 0.000000000000000000, -1.000000000000000000 ) ) ;
#5764 = B_SPLINE_CURVE_WITH_KNOTS ( 'NONE', 3,
 ( #1439, #8150, #1395, #4358 ),
 .UNSPECIFIED., .F., .F.,
 ( 4, 4 ),
 ( 2.520754229927989440E-14, 0.0003614012583409969962 ),
 .UNSPECIFIED. ) ;
#5765 = FACE_OUTER_BOUND ( 'NONE', #283, .T. ) ;
#5766 = CARTESIAN_POINT ( 'NONE',  ( -31.68079727559472403, 43.01938849801636877, 34.08013337475419746 ) ) ;
#5767 = LINE ( 'NONE', #5952, #6309 ) ;
#5768 = B_SPLINE_SURFACE_WITH_KNOTS ( 'NONE', 3, 1, ( 
 ( #2249, #782 ),
 ( #2850, #8768 ),
 ( #3753, #6716 ),
 ( #689, #7991 ),
 ( #8042, #2936 ),
 ( #8815, #1330 ),
 ( #2805, #2892 ),
 ( #599, #2115 ),
 ( #8906, #5796 ),
 ( #3575, #5750 ),
 ( #5076, #5890 ),
 ( #3662, #5847 ),
 ( #9600, #8727 ),
 ( #2158, #2068 ),
 ( #4300, #5116 ),
 ( #1378, #7269 ),
 ( #4341, #8860 ),
 ( #7312, #644 ),
 ( #1422, #2202 ),
 ( #3616, #6578 ),
 ( #8128, #5162 ),
 ( #4436, #740 ),
 ( #3708, #6668 ),
 ( #46, #885 ),
 ( #4003, #2400 ),
 ( #3859, #3232 ),
 ( #1034, #8278 ),
 ( #146, #4631 ),
 ( #8962, #8421 ),
 ( #9009, #3133 ),
 ( #7494, #1763 ),
 ( #7599, #1613 ),
 ( #2301, #4726 ),
 ( #102, #5985 ),
 ( #5260, #2455 ),
 ( #9153, #6129 ),
 ( #6031, #3948 ),
 ( #7695, #5351 ),
 ( #8228, #2352 ),
 ( #194, #1565 ),
 ( #4529, #9105 ),
 ( #933, #832 ),
 ( #3028, #6919 ),
 ( #3801, #6771 ),
 ( #5404, #5303 ),
 ( #3084, #1670 ),
 ( #3904, #6871 ),
 ( #4579, #8372 ),
 ( #6184, #7551 ),
 ( #8329, #6821 ),
 ( #6076, #9054 ),
 ( #3179, #1716 ),
 ( #4680, #7644 ),
 ( #983, #246 ),
 ( #2499, #5453 ),
 ( #7060, #7114 ),
 ( #5594, #7745 ) ),
 .UNSPECIFIED., .F., .F., .F.,
 ( 4, 1, 1, 1, 1, 1, 1, 1, 1, 1, 1, 1, 1, 1, 1, 1, 1, 1, 1, 1, 1, 1, 1, 1, 1, 1, 1, 1, 1, 1, 1, 1, 1, 1, 1, 1, 1, 1, 1, 1, 1, 1, 1, 1, 1, 1, 1, 1, 1, 1, 1, 1, 1, 1, 4 ),
 ( 2, 2 ),
 ( 0.000000000000000000, 0.006185920264467840990, 0.006201962899188698426, 0.02441097605636065315, 0.02448136905349916972, 0.05370574164729763345, 0.05388345649501025819, 0.09253774940744020905, 0.09289034474279105058, 0.1389060332195526937, 0.1395093084148930351, 0.1904437008900517758, 0.1913742588137488654, 0.2445345556009105303, 0.2458629933516659483, 0.2984579075547035831, 0.3002380933255869855, 0.3495648249652614226, 0.3518114771965040188, 0.3954646363279900600, 0.3981158618259910686, 0.4341890767744074897, 0.4370593218643058497, 0.4643545367854607919, 0.4670784500627876423, 0.4855543320873984547, 0.4874746266155715047, 0.5000000000000001110, 0.5125253733844284953, 0.5144456679126017118, 0.5329215499372124132, 0.5356454632145394301, 0.5629406781356941503, 0.5658109232255926768, 0.6018841381740089869, 0.6045353636720101065, 0.6481885228034960367, 0.6504351750347387995, 0.6997619066744130700, 0.7015420924452966389, 0.7541370066483340517, 0.7554654443990895807, 0.8086257411862511901, 0.8095562991099484185, 0.8604906915851070481, 0.8610939667804474729, 0.9071096552572089911, 0.9074622505925599159, 0.9461165435049897487, 0.9462942583527024221, 0.9755186309465009309, 0.9755890239436393330, 0.9937980371008113822, 0.9938140797355320410, 1.000000000000000000 ),
 ( 0.000000000000000000, 1.000000000000000000 ),
 .UNSPECIFIED. ) ;
#5769 = ORIENTED_EDGE ( 'NONE', *, *, #6, .F. ) ;
#5770 = CARTESIAN_POINT ( 'NONE',  ( 48.00000000000000000, 275.0000000000000000, 3.500000000000000000 ) ) ;
#5771 = FACE_OUTER_BOUND ( 'NONE', #6406, .T. ) ;
#5772 = PLANE ( 'NONE',  #399 ) ;
#5773 = ORIENTED_EDGE ( 'NONE', *, *, #4815, .F. ) ;
#5774 = CARTESIAN_POINT ( 'NONE',  ( -108.0000000000000000, 221.8135536382135342, 0.3230486906495420585 ) ) ;
#5775 = DIRECTION ( 'NONE',  ( 0.000000000000000000, 1.000000000000000000, 0.000000000000000000 ) ) ;
#5776 = CARTESIAN_POINT ( 'NONE',  ( 0.000000000000000000, 268.0000000000000000, 0.000000000000000000 ) ) ;
#5777 = ADVANCED_FACE ( 'NONE', ( #1861 ), #9303, .F. ) ;
#5778 = CARTESIAN_POINT ( 'NONE',  ( 29.67952824767894526, 58.70654625247947678, -36.08140240266997978 ) ) ;
#5779 = CARTESIAN_POINT ( 'NONE',  ( -33.38057152440124042, 175.4851932568795121, 33.08734819502059565 ) ) ;
#5780 = ORIENTED_EDGE ( 'NONE', *, *, #4623, .F. ) ;
#5781 = B_SPLINE_CURVE_WITH_KNOTS ( 'NONE', 3,
 ( #6665, #1327, #7988, #2199, #8765, #7946, #2065, #4297, #9640, #2246 ),
 .UNSPECIFIED., .F., .F.,
 ( 4, 2, 2, 2, 4 ),
 ( 0.01053360932355906776, 0.01139669834895749162, 0.01225978737435591548, 0.01312287639975433934, 0.01398596542515276320 ),
 .UNSPECIFIED. ) ;
#5782 = FACE_OUTER_BOUND ( 'NONE', #3644, .T. ) ;
#5783 = CARTESIAN_POINT ( 'NONE',  ( 42.62031228415365547, 75.23276251545789250, -47.88935570772444095 ) ) ;
#5784 = CARTESIAN_POINT ( 'NONE',  ( 108.0000000000000000, 221.8135536382135342, -0.3230486906495440569 ) ) ;
#5785 = CARTESIAN_POINT ( 'NONE',  ( 24.29434890298207961, 131.8280114082709815, 41.46658174736686675 ) ) ;
#5786 = CARTESIAN_POINT ( 'NONE',  ( -26.71506350946108910, 264.0000000000000000, 41.27184732581594773 ) ) ;
#5787 = ADVANCED_FACE ( 'NONE', ( #2641 ), #1424, .T. ) ;
#5788 = ORIENTED_EDGE ( 'NONE', *, *, #6442, .T. ) ;
#5789 = CARTESIAN_POINT ( 'NONE',  ( -37.49320649782439574, 71.28898199371606381, -28.26772415252453641 ) ) ;
#5790 = B_SPLINE_CURVE_WITH_KNOTS ( 'NONE', 3,
 ( #251, #3236, #6234, #9156, #2503, #8425, #6973, #3325 ),
 .UNSPECIFIED., .F., .F.,
 ( 4, 2, 2, 4 ),
 ( 6.938893903907227607E-18, 0.004222814332542851844, 0.008445628665085696749, 0.01689125733017138656 ),
 .UNSPECIFIED. ) ;
#5791 = ORIENTED_EDGE ( 'NONE', *, *, #9542, .F. ) ;
#5792 = CARTESIAN_POINT ( 'NONE',  ( -40.53643829274030708, 162.7673015036402546, -29.27444961139963198 ) ) ;
#5793 = DIRECTION ( 'NONE',  ( 0.6819983600624988096, 0.000000000000000000, 0.7313537016191701268 ) ) ;
#5794 = CARTESIAN_POINT ( 'NONE',  ( -49.96090536811139060, 262.7778989261992706, -1.977104866078158718 ) ) ;
#5795 = CARTESIAN_POINT ( 'NONE',  ( 108.0000000000000000, 188.7030918747324222, -0.2216618877870081827 ) ) ;
#5796 = CARTESIAN_POINT ( 'NONE',  ( -43.19369017679609613, 69.12979561808754170, 47.31597781508198608 ) ) ;
#5797 = CARTESIAN_POINT ( 'NONE',  ( -45.25483399593905176, 157.9999999999999716, -45.25483399593905176 ) ) ;
#5798 = CC_DESIGN_DATE_AND_TIME_ASSIGNMENT ( #2521, #4024, ( #8769 ) ) ;
#5799 = VECTOR ( 'NONE', #4975, 999.9999999999998863 ) ;
#5800 = B_SPLINE_CURVE_WITH_KNOTS ( 'NONE', 3,
 ( #6254, #9226, #5527, #6591, #8739, #2080, #3585, #5812, #2718, #8053, #5667, #8693, #8783, #5719, #8010, #1346, #4400, #2037 ),
 .UNSPECIFIED., .F., .F.,
 ( 4, 2, 2, 2, 2, 2, 2, 2, 4 ),
 ( 0.000000000000000000, 0.0004103602569452557297, 0.0008207205138905114593, 0.001231080770835767026, 0.001641441027781022919, 0.002051801284726278811, 0.002462161541671534920, 0.002872521798616791029, 0.003282882055562047138 ),
 .UNSPECIFIED. ) ;
#5801 = EDGE_CURVE ( 'NONE', #9469, #4156, #7703, .T. ) ;
#5802 = CARTESIAN_POINT ( 'NONE',  ( 0.000000000000000000, 268.0000000000000000, 0.000000000000000000 ) ) ;
#5803 = CARTESIAN_POINT ( 'NONE',  ( 35.25557465778358335, 52.00000000000000000, -30.50535599256534169 ) ) ;
#5804 = CARTESIAN_POINT ( 'NONE',  ( 41.38727259838149308, 126.6764942988443892, 24.37365805196743551 ) ) ;
#5805 = ORIENTED_EDGE ( 'NONE', *, *, #937, .T. ) ;
#5806 = CARTESIAN_POINT ( 'NONE',  ( 42.78460399787552859, 155.3921848145514844, 47.72506399400258204 ) ) ;
#5807 = CARTESIAN_POINT ( 'NONE',  ( -48.91202582514209496, 150.5005888525396927, -41.59764216673601567 ) ) ;
#5808 = LINE ( 'NONE', #2904, #4766 ) ;
#5809 = CIRCLE ( 'NONE', #7832, 47.10000000000000142 ) ;
#5810 = PLANE ( 'NONE',  #4744 ) ;
#5811 = EDGE_CURVE ( 'NONE', #7729, #7878, #2042, .T. ) ;
#5812 = CARTESIAN_POINT ( 'NONE',  ( 46.99932433299913015, 210.9776073219888417, 0.2755406024704843970 ) ) ;
#5813 = AXIS2_PLACEMENT_3D ( 'NONE', #4660, #225, #1011 ) ;
#5814 = CARTESIAN_POINT ( 'NONE',  ( -33.78038696514426675, 175.4143508792200805, -32.67905511574268473 ) ) ;
#5815 = CARTESIAN_POINT ( 'NONE',  ( -48.52056619669235715, 82.37800232306902615, -41.98910179518575347 ) ) ;
#5816 = CARTESIAN_POINT ( 'NONE',  ( 0.000000000000000000, 275.0000000000000000, 0.000000000000000000 ) ) ;
#5817 = ORIENTED_EDGE ( 'NONE', *, *, #5038, .T. ) ;
#5818 = CARTESIAN_POINT ( 'NONE',  ( -40.68351489493348083, 100.9687423887486943, 49.82615309694460848 ) ) ;
#5819 = LINE ( 'NONE', #4552, #8457 ) ;
#5820 = DIRECTION ( 'NONE',  ( 0.1218693434051472818, 0.000000000000000000, -0.9925461516413219831 ) ) ;
#5821 = EDGE_CURVE ( 'NONE', #4166, #9311, #7191, .T. ) ;
#5822 = ORIENTED_EDGE ( 'NONE', *, *, #6920, .T. ) ;
#5823 = B_SPLINE_CURVE_WITH_KNOTS ( 'NONE', 3,
 ( #2381, #3111, #9183, #321 ),
 .UNSPECIFIED., .F., .F.,
 ( 4, 4 ),
 ( 0.002524831283748942262, 0.003124831283748948172 ),
 .UNSPECIFIED. ) ;
#5824 = CARTESIAN_POINT ( 'NONE',  ( -108.0000000000000000, 192.6091567009482901, 0.5838041569574790035 ) ) ;
#5825 = AXIS2_PLACEMENT_3D ( 'NONE', #6391, #9364, #1829 ) ;
#5826 = AXIS2_PLACEMENT_3D ( 'NONE', #9109, #8232, #6135 ) ;
#5827 = AXIS2_PLACEMENT_3D ( 'NONE', #6975, #5600, #6337 ) ;
#5828 = CARTESIAN_POINT ( 'NONE',  ( -41.59764216673602277, 150.5005888525397495, -48.91202582514209496 ) ) ;
#5829 = CIRCLE ( 'NONE', #2745, 49.20000000000000284 ) ;
#5830 = CARTESIAN_POINT ( 'NONE',  ( -12.82439963561104435, 35.50000000000000000, 45.32046749522934448 ) ) ;
#5831 = ORIENTED_EDGE ( 'NONE', *, *, #3941, .F. ) ;
#5832 = AXIS2_PLACEMENT_3D ( 'NONE', #2046, #6413, #1899 ) ;
#5833 = DIRECTION ( 'NONE',  ( 0.000000000000000000, 0.000000000000000000, -1.000000000000000000 ) ) ;
#5834 = CARTESIAN_POINT ( 'NONE',  ( 40.11998767400630328, 112.7299032302373263, -50.38968031787177893 ) ) ;
#5835 = CARTESIAN_POINT ( 'NONE',  ( 47.00000000000000000, 254.9285904774020253, 3.139449734291469341 ) ) ;
#5836 = VECTOR ( 'NONE', #6437, 1000.000000000000114 ) ;
#5837 = CARTESIAN_POINT ( 'NONE',  ( 44.93779350453366561, 52.88466077438591384, 45.57187448734443080 ) ) ;
#5838 = ADVANCED_FACE ( 'NONE', ( #1109 ), #4078, .T. ) ;
#5839 = VECTOR ( 'NONE', #6308, 1000.000000000000114 ) ;
#5840 = CARTESIAN_POINT ( 'NONE',  ( -46.30576403225039428, 59.33385514974001751, 44.20390395962768793 ) ) ;
#5841 = ORIENTED_EDGE ( 'NONE', *, *, #7151, .F. ) ;
#5842 = EDGE_LOOP ( 'NONE', ( #8022, #215, #4973, #3631, #5557 ) ) ;
#5843 = CARTESIAN_POINT ( 'NONE',  ( -41.46658174736685964, 131.8280114082709815, -24.29434890298207961 ) ) ;
#5844 = CARTESIAN_POINT ( 'NONE',  ( 0.000000000000000000, 0.000000000000000000, 0.000000000000000000 ) ) ;
#5845 = ORIENTED_EDGE ( 'NONE', *, *, #4103, .F. ) ;
#5846 = DIRECTION ( 'NONE',  ( -0.000000000000000000, 1.000000000000000000, -0.000000000000000000 ) ) ;
#5847 = CARTESIAN_POINT ( 'NONE',  ( -41.74177417787062438, 85.62404022679615423, 48.76789381400745782 ) ) ;
#5848 = EDGE_CURVE ( 'NONE', #1463, #6987, #7095, .T. ) ;
#5849 = FACE_BOUND ( 'NONE', #81, .T. ) ;
#5850 = EDGE_CURVE ( 'NONE', #748, #3696, #4754, .T. ) ;
#5851 = CARTESIAN_POINT ( 'NONE',  ( 29.99793184607197816, 165.1521464230335710, -40.00232266548496085 ) ) ;
#5852 = DIRECTION ( 'NONE',  ( -0.8660254037844387076, 0.000000000000000000, -0.4999999999999998335 ) ) ;
#5853 = CARTESIAN_POINT ( 'NONE',  ( -39.86548770796168384, 124.0985968565961883, 50.64418028391641258 ) ) ;
#5854 = CARTESIAN_POINT ( 'NONE',  ( -39.91748297430894610, 120.2343318316846279, -50.59218501756916453 ) ) ;
#5855 = CARTESIAN_POINT ( 'NONE',  ( 48.76789381400745782, 85.62404022679615423, 41.74177417787063860 ) ) ;
#5856 = ORIENTED_EDGE ( 'NONE', *, *, #7805, .T. ) ;
#5857 = CARTESIAN_POINT ( 'NONE',  ( 43.47092483188747991, 66.31954352124841989, 47.03874315999063072 ) ) ;
#5858 = CARTESIAN_POINT ( 'NONE',  ( -42.32202566649797859, 78.60787726850115575, -48.18764232538013204 ) ) ;
#5859 = CARTESIAN_POINT ( 'NONE',  ( 42.32202566649796438, 78.60787726850114154, -48.18764232538012493 ) ) ;
#5860 = CARTESIAN_POINT ( 'NONE',  ( -41.80312624289138057, 105.4697018383798479, 27.43689252658097999 ) ) ;
#5861 = CARTESIAN_POINT ( 'NONE',  ( 0.000000000000000000, 268.0000000000000000, 0.000000000000000000 ) ) ;
#5862 = DIRECTION ( 'NONE',  ( 0.000000000000000000, 0.000000000000000000, -1.000000000000000000 ) ) ;
#5863 = CARTESIAN_POINT ( 'NONE',  ( 46.56268880791238018, 157.2818685057020218, -43.94697918396571623 ) ) ;
#5864 = CARTESIAN_POINT ( 'NONE',  ( 46.00000000000000000, 35.50000000000000000, -2.500000000000000000 ) ) ;
#5865 = EDGE_LOOP ( 'NONE', ( #824, #7900, #8719, #2698 ) ) ;
#5866 = ORIENTED_EDGE ( 'NONE', *, *, #8244, .T. ) ;
#5867 = CARTESIAN_POINT ( 'NONE',  ( 33.09259735953042281, 36.00000000000000000, -32.66833329081849513 ) ) ;
#5868 = CARTESIAN_POINT ( 'NONE',  ( -35.99034669289962807, 57.99999999999999289, 29.77058395744929697 ) ) ;
#5869 = CARTESIAN_POINT ( 'NONE',  ( 33.59269824446734987, 39.48056780803440091, 32.16823240588158939 ) ) ;
#5870 = DIRECTION ( 'NONE',  ( -0.7071067811865477948, -0.000000000000000000, -0.7071067811865473507 ) ) ;
#5871 = CARTESIAN_POINT ( 'NONE',  ( -47.00000000000000000, 254.9285904774020821, -3.139449734291466676 ) ) ;
#5872 = DIRECTION ( 'NONE',  ( -0.5218651776778591156, 0.6747691995449355273, 0.5218651776778591156 ) ) ;
#5873 = CARTESIAN_POINT ( 'NONE',  ( -49.93783009309771614, 143.4569695494772361, -40.57183789878039448 ) ) ;
#5874 = CARTESIAN_POINT ( 'NONE',  ( 35.22504574046883619, 51.75724116048971268, 30.53588490988010662 ) ) ;
#5875 = CARTESIAN_POINT ( 'NONE',  ( 46.43274706497560089, 0.000000000000000000, 2.500000000000000000 ) ) ;
#5876 = ORIENTED_EDGE ( 'NONE', *, *, #3938, .T. ) ;
#5877 = CARTESIAN_POINT ( 'NONE',  ( -34.01183617507293633, 94.50000000000000000, -28.21356056934323675 ) ) ;
#5878 = CARTESIAN_POINT ( 'NONE',  ( 43.47092483188746570, 66.31954352124841989, -47.03874315999062361 ) ) ;
#5879 = CARTESIAN_POINT ( 'NONE',  ( 108.0000000000000000, 207.5675974538934270, -1.493175898235320931 ) ) ;
#5880 = EDGE_CURVE ( 'NONE', #5017, #9560, #658, .T. ) ;
#5881 = CARTESIAN_POINT ( 'NONE',  ( 42.62031228415365547, 75.23276251545790672, 47.88935570772444095 ) ) ;
#5882 = CARTESIAN_POINT ( 'NONE',  ( 49.99491467346713591, 267.0058188284390326, 0.7324535736653798867 ) ) ;
#5883 = B_SPLINE_CURVE_WITH_KNOTS ( 'NONE', 3,
 ( #9474, #512, #328, #3311 ),
 .UNSPECIFIED., .F., .F.,
 ( 4, 4 ),
 ( 0.000000000000000000, 0.0003044949188649799694 ),
 .UNSPECIFIED. ) ;
#5884 = ORIENTED_EDGE ( 'NONE', *, *, #3099, .F. ) ;
#5885 = ORIENTED_EDGE ( 'NONE', *, *, #1487, .F. ) ;
#5886 = CARTESIAN_POINT ( 'NONE',  ( -38.90225724876550828, 85.63114929373708151, -26.85867340158342742 ) ) ;
#5887 = CARTESIAN_POINT ( 'NONE',  ( -21.38493649053892653, 39.50000000000000000, -42.03979651824705144 ) ) ;
#5888 = CARTESIAN_POINT ( 'NONE',  ( -49.99613229384478075, 170.2797061194485195, -0.9115933601339236692 ) ) ;
#5889 = LINE ( 'NONE', #4776, #6923 ) ;
#5890 = CARTESIAN_POINT ( 'NONE',  ( -42.32202566649796438, 78.60787726850115575, 48.18764232538012493 ) ) ;
#5891 = CARTESIAN_POINT ( 'NONE',  ( 25.10761244709872031, 153.6225640485288011, -40.65331820325020118 ) ) ;
#5892 = CARTESIAN_POINT ( 'NONE',  ( -30.02250515210873161, 57.99999999999999289, -36.16138306720321083 ) ) ;
#5893 = CARTESIAN_POINT ( 'NONE',  ( 30.91401160849295593, 48.76015656176384283, -34.84691904185596911 ) ) ;
#5894 = ADVANCED_FACE ( 'NONE', ( #6551 ), #4403, .F. ) ;
#5895 = CARTESIAN_POINT ( 'NONE',  ( 39.18957825874523593, 168.0308239955196257, 31.05252923574705903 ) ) ;
#5896 = CARTESIAN_POINT ( 'NONE',  ( -31.92684771948879785, 41.21309918220622848, 33.83408293086011298 ) ) ;
#5897 = CARTESIAN_POINT ( 'NONE',  ( -24.55371574811973900, 145.7020373835961777, -41.20721490222919670 ) ) ;
#5898 = CARTESIAN_POINT ( 'NONE',  ( 34.44736847863528340, 45.71524904810725332, 31.31356217171364520 ) ) ;
#5899 = ORIENTED_EDGE ( 'NONE', *, *, #7681, .T. ) ;
#5900 = CARTESIAN_POINT ( 'NONE',  ( 44.20390395962770214, 59.33385514974001751, 46.30576403225040849 ) ) ;
#5901 = CARTESIAN_POINT ( 'NONE',  ( -40.24733569863605709, 157.6066838202881399, -25.51359495171287861 ) ) ;
#5902 = CARTESIAN_POINT ( 'NONE',  ( 50.64418028391640547, 124.0985968565961741, -39.86548770796168384 ) ) ;
#5903 = CIRCLE ( 'NONE', #4983, 46.50000000000000000 ) ;
#5904 = DIRECTION ( 'NONE',  ( -1.000000000000000000, 0.000000000000000000, 0.000000000000000000 ) ) ;
#5905 = CARTESIAN_POINT ( 'NONE',  ( -46.53284740717148082, 61.44371818057052792, -43.97682058470662270 ) ) ;
#5906 = VECTOR ( 'NONE', #7560, 1000.000000000000114 ) ;
#5907 = CARTESIAN_POINT ( 'NONE',  ( 0.000000000000000000, 35.50000000000000000, 0.000000000000000000 ) ) ;
#5908 = CARTESIAN_POINT ( 'NONE',  ( 26.00954371031357226, 95.69680212022356613, -39.75138694003533857 ) ) ;
#5909 = FACE_OUTER_BOUND ( 'NONE', #189, .T. ) ;
#5910 = ORIENTED_EDGE ( 'NONE', *, *, #5811, .F. ) ;
#5911 = CARTESIAN_POINT ( 'NONE',  ( -39.91748297430892478, 120.2343318316846421, 50.59218501756915742 ) ) ;
#5912 = DIRECTION ( 'NONE',  ( 0.000000000000000000, 0.000000000000000000, 1.000000000000000000 ) ) ;
#5913 = CARTESIAN_POINT ( 'NONE',  ( 37.25277915899236092, 171.2031378497270282, 28.50815149135656767 ) ) ;
#5914 = CARTESIAN_POINT ( 'NONE',  ( 37.49320649782439574, 71.28898199371604960, 28.26772415252454351 ) ) ;
#5915 = CARTESIAN_POINT ( 'NONE',  ( -108.0000000000000000, 189.2661038502330939, -0.2768941404019777952 ) ) ;
#5916 = CARTESIAN_POINT ( 'NONE',  ( -39.27978169491271387, 44.00000000000000000, 38.85551762620079330 ) ) ;
#5917 = CARTESIAN_POINT ( 'NONE',  ( -42.62031228415366968, 75.23276251545792093, -47.88935570772444095 ) ) ;
#5918 = CARTESIAN_POINT ( 'NONE',  ( 52.39661248592316412, 94.50000000000000000, -46.59833688019350006 ) ) ;
#5919 = EDGE_CURVE ( 'NONE', #1194, #258, #4500, .T. ) ;
#5920 = LINE ( 'NONE', #31, #3740 ) ;
#5921 = LINE ( 'NONE', #2234, #9537 ) ;
#5922 = ORIENTED_EDGE ( 'NONE', *, *, #9592, .T. ) ;
#5923 = CARTESIAN_POINT ( 'NONE',  ( -40.92961328274395072, 96.97051065983893636, 49.58005470913413149 ) ) ;
#5924 = CARTESIAN_POINT ( 'NONE',  ( 50.49399183426300652, 134.5090890707682831, -40.01567615761508279 ) ) ;
#5925 = CARTESIAN_POINT ( 'NONE',  ( -29.68759046699971194, 174.1961081890038656, 36.07334018334920245 ) ) ;
#5926 = CARTESIAN_POINT ( 'NONE',  ( 49.99981284856050934, 267.6123599537020255, 0.1534703804227275092 ) ) ;
#5927 = ORIENTED_EDGE ( 'NONE', *, *, #9527, .F. ) ;
#5928 = ORIENTED_EDGE ( 'NONE', *, *, #3425, .T. ) ;
#5929 = CARTESIAN_POINT ( 'NONE',  ( -37.25277915899236092, 171.2031378497270566, -28.50815149135657478 ) ) ;
#5930 = DIRECTION ( 'NONE',  ( 0.000000000000000000, 1.000000000000000000, 0.000000000000000000 ) ) ;
#5931 = CARTESIAN_POINT ( 'NONE',  ( -49.99967341390272679, 267.5929066374330318, 0.1927366373979983172 ) ) ;
#5932 = CARTESIAN_POINT ( 'NONE',  ( 0.000000000000000000, 57.99999999999999289, 0.000000000000000000 ) ) ;
#5933 = ADVANCED_FACE ( 'NONE', ( #5909, #2954 ), #9617, .F. ) ;
#5934 = DIRECTION ( 'NONE',  ( -0.8660254037844383745, 0.000000000000000000, 0.5000000000000003331 ) ) ;
#5935 = CARTESIAN_POINT ( 'NONE',  ( 24.29434890298206184, 131.8280114082709815, -41.46658174736684543 ) ) ;
#5936 = DIRECTION ( 'NONE',  ( 0.000000000000000000, 0.000000000000000000, -1.000000000000000000 ) ) ;
#5937 = CARTESIAN_POINT ( 'NONE',  ( 48.37354648979130189, 200.0000000000000000, 3.500000000000000000 ) ) ;
#5938 = CARTESIAN_POINT ( 'NONE',  ( 41.18630044091796805, 95.00178607668590303, 28.35440726274827483 ) ) ;
#5939 = FACE_OUTER_BOUND ( 'NONE', #1856, .T. ) ;
#5940 = CARTESIAN_POINT ( 'NONE',  ( -32.49898569560905770, 37.17140469785623935, -33.26194495473988155 ) ) ;
#5941 = DIRECTION ( 'NONE',  ( 0.8660254037844387076, 0.000000000000000000, 0.4999999999999997780 ) ) ;
#5942 = VERTEX_POINT ( 'NONE', #615 ) ;
#5943 = CARTESIAN_POINT ( 'NONE',  ( 0.000000000000000000, 263.0000000000000000, 0.000000000000000000 ) ) ;
#5944 = CARTESIAN_POINT ( 'NONE',  ( -42.36324379412032926, 153.8348667856812142, -48.14642419775778848 ) ) ;
#5945 = CARTESIAN_POINT ( 'NONE',  ( 50.58970023380035741, 130.9941881811296014, -39.91996775807773901 ) ) ;
#5946 = FACE_OUTER_BOUND ( 'NONE', #4477, .T. ) ;
#5947 = EDGE_CURVE ( 'NONE', #6635, #6121, #2221, .T. ) ;
#5948 = CARTESIAN_POINT ( 'NONE',  ( -49.05663547162955496, 89.40149471062304087, -41.45303252024855567 ) ) ;
#5949 = EDGE_CURVE ( 'NONE', #6121, #7740, #20, .T. ) ;
#5950 = CARTESIAN_POINT ( 'NONE',  ( 40.43689723274793124, 104.9875858014058423, -50.07277075913015807 ) ) ;
#5951 = CARTESIAN_POINT ( 'NONE',  ( 49.31902728797150814, 148.1781441586251447, -41.19064070390658827 ) ) ;
#5952 = CARTESIAN_POINT ( 'NONE',  ( -36.97682411518967172, 39.50000000000000000, -27.86403557193981584 ) ) ;
#5953 = ORIENTED_EDGE ( 'NONE', *, *, #4103, .T. ) ;
#5954 = VECTOR ( 'NONE', #9289, 1000.000000000000114 ) ;
#5955 = CARTESIAN_POINT ( 'NONE',  ( -47.88935570772442674, 75.23276251545790672, 42.62031228415365547 ) ) ;
#5956 = CARTESIAN_POINT ( 'NONE',  ( 40.15053420550686525, 101.0166046022987985, 25.61039644484208111 ) ) ;
#5957 = CARTESIAN_POINT ( 'NONE',  ( 42.78460399787552859, 155.3921848145514844, 47.72506399400258204 ) ) ;
#5958 = CARTESIAN_POINT ( 'NONE',  ( -108.0000000000000000, 198.8312510100193720, -1.058200111551040212 ) ) ;
#5959 = CARTESIAN_POINT ( 'NONE',  ( -32.88046532517446252, 52.00000000000000000, 32.88046532517446252 ) ) ;
#5960 = ADVANCED_FACE ( 'NONE', ( #712 ), #8015, .F. ) ;
#5961 = CARTESIAN_POINT ( 'NONE',  ( -45.25483399593905176, 158.6226686892998146, -45.25483399593905176 ) ) ;
#5962 = DIRECTION ( 'NONE',  ( 0.2923717047227364918, 0.000000000000000000, -0.9563047559630355465 ) ) ;
#5963 = DIRECTION ( 'NONE',  ( 0.000000000000000000, 0.000000000000000000, -1.000000000000000000 ) ) ;
#5964 = AXIS2_PLACEMENT_3D ( 'NONE', #8401, #1793, #863 ) ;
#5965 = CARTESIAN_POINT ( 'NONE',  ( -47.64815304264732987, 72.49854646718330287, 42.86151494923076655 ) ) ;
#5966 = CARTESIAN_POINT ( 'NONE',  ( -41.06358789818639821, 116.6762642137271797, -24.69734275216253749 ) ) ;
#5967 = EDGE_LOOP ( 'NONE', ( #8259, #2483, #9299, #5137 ) ) ;
#5968 = AXIS2_PLACEMENT_3D ( 'NONE', #514, #2907, #4217 ) ;
#5969 = CARTESIAN_POINT ( 'NONE',  ( -49.31902728797149393, 148.1781441586250878, 41.19064070390658117 ) ) ;
#5970 = CARTESIAN_POINT ( 'NONE',  ( 39.91996775807772480, 130.9941881811295445, -50.58970023380036451 ) ) ;
#5971 = CIRCLE ( 'NONE', #1958, 46.50000000000000000 ) ;
#5972 = EDGE_CURVE ( 'NONE', #3814, #5292, #8100, .T. ) ;
#5973 = CARTESIAN_POINT ( 'NONE',  ( 25.61039644484207756, 101.0166046022987985, 40.15053420550685814 ) ) ;
#5974 = AXIS2_PLACEMENT_3D ( 'NONE', #9535, #7255, #8030 ) ;
#5975 = CARTESIAN_POINT ( 'NONE',  ( 49.96090536810629601, 262.7778989250646760, 1.977104866206808920 ) ) ;
#5976 = VECTOR ( 'NONE', #7100, 1000.000000000000000 ) ;
#5977 = ORIENTED_EDGE ( 'NONE', *, *, #6451, .T. ) ;
#5978 = ADVANCED_FACE ( 'NONE', ( #2822, #5232 ), #4314, .F. ) ;
#5979 = ORIENTED_EDGE ( 'NONE', *, *, #1876, .T. ) ;
#5980 = CARTESIAN_POINT ( 'NONE',  ( -31.08035469695842679, 175.3233815820528321, -34.68057595339050891 ) ) ;
#5981 = CARTESIAN_POINT ( 'NONE',  ( 28.21356056934323320, 145.5000000000000000, -34.01183617507293633 ) ) ;
#5982 = CARTESIAN_POINT ( 'NONE',  ( -49.87856882242468259, 236.9688922424747091, 3.482581293853035831 ) ) ;
#5983 = AXIS2_PLACEMENT_3D ( 'NONE', #5211, #7447, #5934 ) ;
#5984 = DIRECTION ( 'NONE',  ( 0.000000000000000000, -0.000000000000000000, 1.000000000000000000 ) ) ;
#5985 = CARTESIAN_POINT ( 'NONE',  ( -49.31902728797149393, 148.1781441586250878, 41.19064070390658117 ) ) ;
#5986 = AXIS2_PLACEMENT_3D ( 'NONE', #5943, #8917, #2263 ) ;
#5987 = CARTESIAN_POINT ( 'NONE',  ( 37.49320649782438863, 71.28898199371604960, -28.26772415252453641 ) ) ;
#5988 = CARTESIAN_POINT ( 'NONE',  ( 32.67905511576731925, 175.4143508792267312, -33.78038696512043515 ) ) ;
#5989 = DIRECTION ( 'NONE',  ( 0.000000000000000000, 1.000000000000000000, 0.000000000000000000 ) ) ;
#5990 = CARTESIAN_POINT ( 'NONE',  ( 38.99282277377285766, 168.5816071365001676, 31.30007401323508276 ) ) ;
#5991 = CARTESIAN_POINT ( 'NONE',  ( -40.11998767400631039, 112.7299032302373263, 50.38968031787177893 ) ) ;
#5992 = CARTESIAN_POINT ( 'NONE',  ( -40.01567615761508989, 134.5090890707682831, -50.49399183426302073 ) ) ;
#5993 = CARTESIAN_POINT ( 'NONE',  ( 31.31356217171364520, 45.71524904810726753, 34.44736847863529050 ) ) ;
#5994 = ORIENTED_EDGE ( 'NONE', *, *, #4476, .T. ) ;
#5995 = VECTOR ( 'NONE', #9008, 1000.000000000000000 ) ;
#5996 = CARTESIAN_POINT ( 'NONE',  ( -45.46696603029501915, 52.00000000000000000, -45.04270196158309147 ) ) ;
#5997 = CARTESIAN_POINT ( 'NONE',  ( -44.99031566266480553, 52.44175755770029212, -45.51935232921329799 ) ) ;
#5998 = ORIENTED_EDGE ( 'NONE', *, *, #7814, .T. ) ;
#5999 = CARTESIAN_POINT ( 'NONE',  ( 50.59218501756915742, 120.2343318316846279, -39.91748297430893189 ) ) ;
#6000 = CARTESIAN_POINT ( 'NONE',  ( -37.57616459432502154, 54.99999999999999289, 32.98532786528269156 ) ) ;
#6001 = CARTESIAN_POINT ( 'NONE',  ( -42.36324379412032926, 153.8348667856812142, -48.14642419775778848 ) ) ;
#6002 = CARTESIAN_POINT ( 'NONE',  ( -36.43109891601192629, 172.9891755310175085, -29.70024544798777910 ) ) ;
#6003 = CARTESIAN_POINT ( 'NONE',  ( 28.50815149135656057, 171.2031378497270566, -37.25277915899235381 ) ) ;
#6004 = VERTEX_POINT ( 'NONE', #2134 ) ;
#6005 = CARTESIAN_POINT ( 'NONE',  ( -24.37365805196742130, 126.6764942988443892, 41.38727259838148598 ) ) ;
#6006 = VERTEX_POINT ( 'NONE', #5091 ) ;
#6007 = VERTEX_POINT ( 'NONE', #8056 ) ;
#6008 = CARTESIAN_POINT ( 'NONE',  ( -25.51359495171286085, 157.6066838202880831, 40.24733569863604998 ) ) ;
#6009 =( NAMED_UNIT ( * ) PLANE_ANGLE_UNIT ( ) SI_UNIT ( $, .RADIAN. ) );
#6010 = CARTESIAN_POINT ( 'NONE',  ( 45.25483399593905176, 158.6226686892998146, 45.25483399593905176 ) ) ;
#6011 = CARTESIAN_POINT ( 'NONE',  ( 48.91202582514209496, 150.5005888525397495, 41.59764216673601567 ) ) ;
#6012 = CARTESIAN_POINT ( 'NONE',  ( -47.00000000000000000, 242.1251027914491374, -3.543797287136489782 ) ) ;
#6013 = DIRECTION ( 'NONE',  ( -0.000000000000000000, 1.000000000000000000, -0.000000000000000000 ) ) ;
#6014 = CARTESIAN_POINT ( 'NONE',  ( -40.33924585287351761, 140.4589426390626556, -50.17042213900459302 ) ) ;
#6015 = ORIENTED_EDGE ( 'NONE', *, *, #3823, .T. ) ;
#6016 = CARTESIAN_POINT ( 'NONE',  ( 46.53284740717148793, 61.44371818057052792, 43.97682058470662980 ) ) ;
#6017 = CARTESIAN_POINT ( 'NONE',  ( 24.37365805196742130, 126.6764942988443892, -41.38727259838148598 ) ) ;
#6018 = CARTESIAN_POINT ( 'NONE',  ( -39.96209002659445986, 116.5874508295665635, 50.54757796528362945 ) ) ;
#6019 = DIRECTION ( 'NONE',  ( -0.000000000000000000, 1.000000000000000000, -0.000000000000000000 ) ) ;
#6020 = ORIENTED_EDGE ( 'NONE', *, *, #7151, .T. ) ;
#6021 = CARTESIAN_POINT ( 'NONE',  ( -36.46736499287371203, 173.1609393494194364, 29.29356565747520236 ) ) ;
#6022 = CARTESIAN_POINT ( 'NONE',  ( 50.58970023380035741, 130.9941881811296014, -39.91996775807773901 ) ) ;
#6023 = CARTESIAN_POINT ( 'NONE',  ( 28.21356056934323320, 94.50000000000000000, -34.01183617507293633 ) ) ;
#6024 = CARTESIAN_POINT ( 'NONE',  ( 49.91050786925505633, 210.3979357543572064, 2.993449714897891134 ) ) ;
#6025 = ORIENTED_EDGE ( 'NONE', *, *, #8218, .T. ) ;
#6026 = ORIENTED_EDGE ( 'NONE', *, *, #8399, .T. ) ;
#6027 = CARTESIAN_POINT ( 'NONE',  ( -50.22349097781342664, 108.7025900201346644, -40.28617701406468399 ) ) ;
#6028 = LINE ( 'NONE', #9006, #549 ) ;
#6029 = CARTESIAN_POINT ( 'NONE',  ( -49.99939035820288780, 267.5542546524362706, 0.2530097624214159846 ) ) ;
#6030 = CARTESIAN_POINT ( 'NONE',  ( 0.000000000000000000, 42.00000000000000000, 0.000000000000000000 ) ) ;
#6031 = CARTESIAN_POINT ( 'NONE',  ( -41.20721490222918248, 145.7020373835962062, 24.55371574811973545 ) ) ;
#6032 = CARTESIAN_POINT ( 'NONE',  ( 39.22375858382815039, 163.8347417721553256, -26.53717206652076044 ) ) ;
#6033 = CARTESIAN_POINT ( 'NONE',  ( -32.58376914801011281, 36.58494384897175422, 33.17716150233880512 ) ) ;
#6034 = EDGE_CURVE ( 'NONE', #9438, #5297, #5767, .T. ) ;
#6035 = DIRECTION ( 'NONE',  ( 0.000000000000000000, 0.000000000000000000, 1.000000000000000000 ) ) ;
#6036 = CARTESIAN_POINT ( 'NONE',  ( 32.37302178413610676, 170.3547063632882725, 38.10567307476117804 ) ) ;
#6037 = CARTESIAN_POINT ( 'NONE',  ( -13.77070729244089264, 35.50000000000000000, 45.04195400585899023 ) ) ;
#6038 = CARTESIAN_POINT ( 'NONE',  ( 50.49399183426302073, 134.5090890707682547, 40.01567615761508989 ) ) ;
#6039 = ORIENTED_EDGE ( 'NONE', *, *, #9343, .F. ) ;
#6040 = CARTESIAN_POINT ( 'NONE',  ( 44.93779350453366561, 52.88466077438591384, 45.57187448734443080 ) ) ;
#6041 = CARTESIAN_POINT ( 'NONE',  ( -44.93779350453366561, 52.88466077438589963, -45.57187448734443080 ) ) ;
#6042 = EDGE_LOOP ( 'NONE', ( #2976, #68, #7488, #6878, #6842, #3328, #3930, #2197, #9459, #1585, #3003, #4493 ) ) ;
#6043 = CARTESIAN_POINT ( 'NONE',  ( 40.65331820325018697, 153.6225640485287443, -25.10761244709872742 ) ) ;
#6044 = CARTESIAN_POINT ( 'NONE',  ( -28.15541547932755151, 157.8790455269334529, 41.31997436739808194 ) ) ;
#6045 = CARTESIAN_POINT ( 'NONE',  ( -41.20721490222918959, 145.7020373835961777, -24.55371574811974256 ) ) ;
#6046 = CARTESIAN_POINT ( 'NONE',  ( -41.06358789818639821, 116.6762642137271797, -24.69734275216253749 ) ) ;
#6047 = CARTESIAN_POINT ( 'NONE',  ( 44.93779350453366561, 52.88466077438591384, -45.57187448734442370 ) ) ;
#6048 = CARTESIAN_POINT ( 'NONE',  ( -32.49898569560905059, 37.17140469785623225, 33.26194495473987445 ) ) ;
#6049 = ORIENTED_EDGE ( 'NONE', *, *, #4441, .T. ) ;
#6050 = ORIENTED_EDGE ( 'NONE', *, *, #1789, .T. ) ;
#6051 = CARTESIAN_POINT ( 'NONE',  ( -50.59218501756915742, 120.2343318316845853, 39.91748297430893189 ) ) ;
#6052 = PERSON_AND_ORGANIZATION ( #910, #3334 ) ;
#6053 = CARTESIAN_POINT ( 'NONE',  ( 32.49898569560906481, 37.17140469785621093, 33.26194495473987445 ) ) ;
#6054 = CARTESIAN_POINT ( 'NONE',  ( 50.17042213900458592, 140.4589426390626556, 40.33924585287351761 ) ) ;
#6055 = CARTESIAN_POINT ( 'NONE',  ( -108.0000000000000142, 192.6091567009482901, -0.5838041569574792256 ) ) ;
#6056 = CARTESIAN_POINT ( 'NONE',  ( 35.77960312803931942, 94.50000000000000000, 29.98132752230962694 ) ) ;
#6057 = DIRECTION ( 'NONE',  ( 0.000000000000000000, 0.000000000000000000, -1.000000000000000000 ) ) ;
#6058 = VERTEX_POINT ( 'NONE', #5179 ) ;
#6059 = DIRECTION ( 'NONE',  ( -2.664535259100376091E-15, 0.000000000000000000, 1.000000000000000000 ) ) ;
#6060 = CARTESIAN_POINT ( 'NONE',  ( 35.99034706512416193, 58.00000011627452068, 29.77058358522477377 ) ) ;
#6061 = CARTESIAN_POINT ( 'NONE',  ( -25.16506350946111681, 35.50000000000000000, -38.58716857408416701 ) ) ;
#6062 = CARTESIAN_POINT ( 'NONE',  ( -48.14642419775779558, 153.8348667856812142, -42.36324379412032215 ) ) ;
#6063 = ORIENTED_EDGE ( 'NONE', *, *, #9055, .T. ) ;
#6064 = CARTESIAN_POINT ( 'NONE',  ( -38.56258473745504034, 166.8763353538258514, 27.19834591289388115 ) ) ;
#6065 = CARTESIAN_POINT ( 'NONE',  ( 27.19834591289387049, 166.8763353538258514, -38.56258473745504745 ) ) ;
#6066 = EDGE_CURVE ( 'NONE', #55, #6905, #5764, .T. ) ;
#6067 = CARTESIAN_POINT ( 'NONE',  ( 0.000000000000000000, 39.50000000000000000, 0.000000000000000000 ) ) ;
#6068 = CARTESIAN_POINT ( 'NONE',  ( -108.0000000000000000, 188.0000000000000000, 0.1499999999999999944 ) ) ;
#6069 = ADVANCED_FACE ( 'NONE', ( #3682 ), #8833, .F. ) ;
#6070 = VERTEX_POINT ( 'NONE', #2273 ) ;
#6071 = ORIENTED_EDGE ( 'NONE', *, *, #6271, .F. ) ;
#6072 = CARTESIAN_POINT ( 'NONE',  ( -43.97682058470661559, 61.44371818057052792, -46.53284740717148082 ) ) ;
#6073 = DIRECTION ( 'NONE',  ( -0.6819983600624988096, 0.000000000000000000, -0.7313537016191701268 ) ) ;
#6074 = CARTESIAN_POINT ( 'NONE',  ( -49.99862320701812024, 267.4529598421461856, -0.3882712694360727079 ) ) ;
#6075 = CARTESIAN_POINT ( 'NONE',  ( -32.88046532517444120, 94.50000000000000000, 32.88046532517448384 ) ) ;
#6076 = CARTESIAN_POINT ( 'NONE',  ( -34.81447876247081297, 48.51213425699023674, 30.94645188787810497 ) ) ;
#6077 = CARTESIAN_POINT ( 'NONE',  ( 50.22349097781341243, 108.7025900201346644, -40.28617701406468399 ) ) ;
#6078 = B_SPLINE_SURFACE_WITH_KNOTS ( 'NONE', 3, 1, ( 
 ( #105, #3861 ),
 ( #6033, #1615 ),
 ( #9306, #2601 ),
 ( #4826, #9108 ),
 ( #2457, #196 ),
 ( #3324, #5455 ),
 ( #5501, #4005 ),
 ( #5406, #8374 ),
 ( #6285, #1126 ),
 ( #7791, #985 ),
 ( #8570, #8476 ),
 ( #9257, #6186 ),
 ( #7647, #2502 ),
 ( #7840, #1719 ),
 ( #6971, #250 ),
 ( #6334, #4682 ),
 ( #2646, #5597 ),
 ( #6924, #9155 ),
 ( #3951, #297 ),
 ( #1081, #3234 ),
 ( #8423, #343 ),
 ( #1765, #4729 ),
 ( #5552, #1863 ),
 ( #1912, #4099 ),
 ( #3281, #4780 ),
 ( #400, #7699 ),
 ( #4051, #4870 ),
 ( #1178, #1038 ),
 ( #8523, #6233 ),
 ( #4152, #7063 ),
 ( #9203, #2551 ),
 ( #1819, #7747 ),
 ( #7017, #3182 ),
 ( #3378, #6134 ),
 ( #8718, #3470 ),
 ( #8073, #2151 ),
 ( #2797, #2105 ),
 ( #8760, #3524 ),
 ( #6382, #7210 ),
 ( #4972, #5741 ),
 ( #2015, #4927 ),
 ( #5699, #4333 ),
 ( #7940, #9456 ),
 ( #9402, #1272 ),
 ( #5109, #2748 ),
 ( #1415, #6571 ),
 ( #7892, #5067 ),
 ( #3567, #9353 ),
 ( #4242, #589 ),
 ( #8034, #2060 ),
 ( #635, #2694 ),
 ( #8672, #5840 ),
 ( #5015, #6528 ),
 ( #4292, #7982 ),
 ( #5641, #1319 ),
 ( #8806, #540 ),
 ( #6483, #7116 ) ),
 .UNSPECIFIED., .F., .F., .F.,
 ( 4, 1, 1, 1, 1, 1, 1, 1, 1, 1, 1, 1, 1, 1, 1, 1, 1, 1, 1, 1, 1, 1, 1, 1, 1, 1, 1, 1, 1, 1, 1, 1, 1, 1, 1, 1, 1, 1, 1, 1, 1, 1, 1, 1, 1, 1, 1, 1, 1, 1, 1, 1, 1, 1, 4 ),
 ( 2, 2 ),
 ( 0.000000000000000000, 0.006185920264467840990, 0.006201962899188698426, 0.02441097605636065315, 0.02448136905349916972, 0.05370574164729763345, 0.05388345649501025819, 0.09253774940744020905, 0.09289034474279105058, 0.1389060332195526937, 0.1395093084148930351, 0.1904437008900517758, 0.1913742588137488654, 0.2445345556009105303, 0.2458629933516659483, 0.2984579075547035831, 0.3002380933255869855, 0.3495648249652614226, 0.3518114771965040188, 0.3954646363279900600, 0.3981158618259910686, 0.4341890767744074897, 0.4370593218643058497, 0.4643545367854607919, 0.4670784500627876423, 0.4855543320873984547, 0.4874746266155715047, 0.5000000000000001110, 0.5125253733844284953, 0.5144456679126017118, 0.5329215499372124132, 0.5356454632145394301, 0.5629406781356941503, 0.5658109232255926768, 0.6018841381740089869, 0.6045353636720101065, 0.6481885228034960367, 0.6504351750347387995, 0.6997619066744130700, 0.7015420924452966389, 0.7541370066483340517, 0.7554654443990895807, 0.8086257411862511901, 0.8095562991099484185, 0.8604906915851070481, 0.8610939667804474729, 0.9071096552572089911, 0.9074622505925599159, 0.9461165435049897487, 0.9462942583527024221, 0.9755186309465009309, 0.9755890239436393330, 0.9937980371008113822, 0.9938140797355320410, 1.000000000000000000 ),
 ( 0.000000000000000000, 1.000000000000000000 ),
 .UNSPECIFIED. ) ;
#6079 = ADVANCED_FACE ( 'NONE', ( #1539 ), #6644, .T. ) ;
#6080 = CARTESIAN_POINT ( 'NONE',  ( 30.50265559212995470, 74.95886082562928721, -39.62546294327263752 ) ) ;
#6081 = DIRECTION ( 'NONE',  ( 0.6971651028545647888, 0.000000000000000000, 0.7169106076504824232 ) ) ;
#6082 = CARTESIAN_POINT ( 'NONE',  ( 42.30730197504293955, 117.6516938689285752, 26.64811512789372827 ) ) ;
#6083 = DIRECTION ( 'NONE',  ( -0.5218651776778592266, 0.6747691995449354163, -0.5218651776778592266 ) ) ;
#6084 = CARTESIAN_POINT ( 'NONE',  ( 40.57183789878039448, 143.4569695494772645, 49.93783009309771614 ) ) ;
#6085 = ORIENTED_EDGE ( 'NONE', *, *, #5949, .F. ) ;
#6086 = CARTESIAN_POINT ( 'NONE',  ( -26.39603316579666270, 141.0908456005844300, -42.46477052410336483 ) ) ;
#6087 = CARTESIAN_POINT ( 'NONE',  ( 0.000000000000000000, 54.99999999999999289, 0.000000000000000000 ) ) ;
#6088 = ORIENTED_EDGE ( 'NONE', *, *, #2808, .T. ) ;
#6089 = CARTESIAN_POINT ( 'NONE',  ( 38.56258473745505455, 166.8763353538257945, -27.19834591289385983 ) ) ;
#6090 = CARTESIAN_POINT ( 'NONE',  ( -30.39400384064872185, 166.3214578944517825, 39.70221989019987063 ) ) ;
#6091 = CARTESIAN_POINT ( 'NONE',  ( -50.58970023380037873, 130.9941881811295445, -39.91996775807773901 ) ) ;
#6092 = ADVANCED_FACE ( 'NONE', ( #6510 ), #104, .T. ) ;
#6093 = B_SPLINE_CURVE_WITH_KNOTS ( 'NONE', 3,
 ( #4775, #7743, #981, #3946, #1077 ),
 .UNSPECIFIED., .F., .F.,
 ( 4, 1, 4 ),
 ( 0.07729056235918742301, 0.09253774940744020905, 0.1315221648816412292 ),
 .UNSPECIFIED. ) ;
#6094 = CARTESIAN_POINT ( 'NONE',  ( -37.49320649782439574, 71.28898199371606381, -28.26772415252453641 ) ) ;
#6095 = CARTESIAN_POINT ( 'NONE',  ( 40.65331820325018697, 153.6225640485287443, -25.10761244709872742 ) ) ;
#6096 = CARTESIAN_POINT ( 'NONE',  ( -24.96626355950889931, 111.3121957717727071, 40.79466709084002218 ) ) ;
#6097 = ORIENTED_EDGE ( 'NONE', *, *, #8118, .T. ) ;
#6098 = VERTEX_POINT ( 'NONE', #7854 ) ;
#6099 = CARTESIAN_POINT ( 'NONE',  ( -49.82615309694459427, 100.9687423887486943, 40.68351489493349504 ) ) ;
#6100 = DATE_AND_TIME ( #169, #3950 ) ;
#6101 = CARTESIAN_POINT ( 'NONE',  ( 31.92684771948880851, 41.21309918220618584, 33.83408293086011298 ) ) ;
#6102 = EDGE_CURVE ( 'NONE', #4980, #95, #3291, .T. ) ;
#6103 = CARTESIAN_POINT ( 'NONE',  ( 34.81447876247082718, 48.51213425699024384, 30.94645188787810852 ) ) ;
#6104 = CARTESIAN_POINT ( 'NONE',  ( 29.53380614872816423, 163.6450384062885064, 40.34597417626025617 ) ) ;
#6105 = CARTESIAN_POINT ( 'NONE',  ( 42.46477052410278219, 141.0908456006050926, -26.39603316579751535 ) ) ;
#6106 = VECTOR ( 'NONE', #9577, 1000.000000000000000 ) ;
#6107 = CARTESIAN_POINT ( 'NONE',  ( -25.38143704194891370, 30.00000000000000000, -38.96193852576618610 ) ) ;
#6108 = ORIENTED_EDGE ( 'NONE', *, *, #812, .T. ) ;
#6109 = CARTESIAN_POINT ( 'NONE',  ( 49.05663547162955496, 89.40149471062302666, 41.45303252024855567 ) ) ;
#6110 = EDGE_CURVE ( 'NONE', #3091, #5017, #9095, .T. ) ;
#6111 = CARTESIAN_POINT ( 'NONE',  ( 26.85867340158341321, 85.63114929373708151, -38.90225724876550117 ) ) ;
#6112 = CARTESIAN_POINT ( 'NONE',  ( -50.07277075913015096, 104.9875858014058423, 40.43689723274793835 ) ) ;
#6113 = CARTESIAN_POINT ( 'NONE',  ( -42.32202566649797859, 78.60787726850115575, -48.18764232538013204 ) ) ;
#6114 = ORIENTED_EDGE ( 'NONE', *, *, #2937, .F. ) ;
#6115 = CARTESIAN_POINT ( 'NONE',  ( -32.88046532517444120, 176.5866740378391739, 32.88046532517448384 ) ) ;
#6116 = CARTESIAN_POINT ( 'NONE',  ( 40.57183789878038027, 143.4569695494772361, -49.93783009309771614 ) ) ;
#6117 = LINE ( 'NONE', #6861, #221 ) ;
#6118 = CARTESIAN_POINT ( 'NONE',  ( 49.87997736561682416, 239.1953253646901487, -3.462581631403419902 ) ) ;
#6119 = CIRCLE ( 'NONE', #5964, 156.2500000000000000 ) ;
#6120 = AXIS2_PLACEMENT_3D ( 'NONE', #4279, #3461, #2831 ) ;
#6121 = VERTEX_POINT ( 'NONE', #4791 ) ;
#6122 = VECTOR ( 'NONE', #7555, 1000.000000000000114 ) ;
#6123 = B_SPLINE_CURVE_WITH_KNOTS ( 'NONE', 3,
 ( #6464, #9524, #7375, #4318, #5868 ),
 .UNSPECIFIED., .F., .F.,
 ( 4, 1, 4 ),
 ( 0.8684778415223946002, 0.9074622505925599159, 0.9227094383390403998 ),
 .UNSPECIFIED. ) ;
#6124 = VERTEX_POINT ( 'NONE', #4837 ) ;
#6125 = CARTESIAN_POINT ( 'NONE',  ( 32.06415658289038362, 42.79827254666444247, 33.69677406745856985 ) ) ;
#6126 = CARTESIAN_POINT ( 'NONE',  ( -29.77058358522447534, 58.00000011627446383, 35.99034706512443904 ) ) ;
#6127 = CARTESIAN_POINT ( 'NONE',  ( -49.99981284856427521, 267.6123599542261786, -0.1534703792554720780 ) ) ;
#6128 = LINE ( 'NONE', #9104, #9249 ) ;
#6129 = CARTESIAN_POINT ( 'NONE',  ( -50.17042213900457881, 140.4589426390626556, 40.33924585287351050 ) ) ;
#6130 = EDGE_CURVE ( 'NONE', #5313, #3171, #3918, .T. ) ;
#6131 = VECTOR ( 'NONE', #4576, 1000.000000000000000 ) ;
#6132 = CARTESIAN_POINT ( 'NONE',  ( -37.57616459432502154, 54.99999999999999289, -32.98532786528268446 ) ) ;
#6133 = TOROIDAL_SURFACE ( 'NONE', #8318, -106.2500000000000000, 156.2500000000000000 ) ;
#6134 = CARTESIAN_POINT ( 'NONE',  ( -49.31902728797149393, 148.1781441586250878, 41.19064070390658117 ) ) ;
#6135 = DIRECTION ( 'NONE',  ( -0.7071067811865474617, 0.000000000000000000, -0.7071067811865474617 ) ) ;
#6136 = DIRECTION ( 'NONE',  ( -0.8660254037844383745, 0.000000000000000000, 0.5000000000000004441 ) ) ;
#6137 = VECTOR ( 'NONE', #9520, 1000.000000000000114 ) ;
#6138 = DIRECTION ( 'NONE',  ( 0.000000000000000000, 0.000000000000000000, -1.000000000000000000 ) ) ;
#6139 = CARTESIAN_POINT ( 'NONE',  ( 42.36324379412032215, 153.8348667856811858, 48.14642419775779558 ) ) ;
#6140 = VERTEX_POINT ( 'NONE', #4742 ) ;
#6141 = CARTESIAN_POINT ( 'NONE',  ( -27.43689252658123223, 105.4697018383767926, -41.80312624289121715 ) ) ;
#6142 = DIRECTION ( 'NONE',  ( 0.000000000000000000, 1.000000000000000000, 0.000000000000000000 ) ) ;
#6143 = EDGE_CURVE ( 'NONE', #9042, #1304, #1049, .T. ) ;
#6144 = ORIENTED_EDGE ( 'NONE', *, *, #79, .T. ) ;
#6145 = CARTESIAN_POINT ( 'NONE',  ( -108.0000000000000000, 221.3340369568884398, 0.7072749410835352801 ) ) ;
#6146 = AXIS2_PLACEMENT_3D ( 'NONE', #3069, #6019, #2337 ) ;
#6147 = CARTESIAN_POINT ( 'NONE',  ( -37.63774848786770377, 171.0050973860333272, 32.91604603025970732 ) ) ;
#6148 = EDGE_CURVE ( 'NONE', #3403, #4042, #1380, .T. ) ;
#6149 = B_SPLINE_CURVE_WITH_KNOTS ( 'NONE', 3,
 ( #9290, #5003, #4226, #7045 ),
 .UNSPECIFIED., .F., .F.,
 ( 4, 4 ),
 ( 0.01740447811742004344, 0.01776587260767740345 ),
 .UNSPECIFIED. ) ;
#6150 = CARTESIAN_POINT ( 'NONE',  ( -50.38968031787177893, 112.7299032302373121, 40.11998767400631039 ) ) ;
#6151 = AXIS2_PLACEMENT_3D ( 'NONE', #8660, #2005, #4961 ) ;
#6152 = VECTOR ( 'NONE', #6436, 1000.000000000000000 ) ;
#6153 = CARTESIAN_POINT ( 'NONE',  ( -50.38968031787179314, 112.7299032302373263, -40.11998767400631749 ) ) ;
#6154 = DIRECTION ( 'NONE',  ( -0.000000000000000000, 1.000000000000000000, -0.000000000000000000 ) ) ;
#6155 = CARTESIAN_POINT ( 'NONE',  ( -27.32702615385185396, 80.61020279584469961, 38.43390449649707108 ) ) ;
#6156 = ORIENTED_EDGE ( 'NONE', *, *, #2431, .T. ) ;
#6157 = ORIENTED_EDGE ( 'NONE', *, *, #3206, .F. ) ;
#6158 = DIRECTION ( 'NONE',  ( -1.000000000000000000, 0.000000000000000000, 0.000000000000000000 ) ) ;
#6159 = PERSON_AND_ORGANIZATION_ROLE ( 'creator' ) ;
#6160 = CARTESIAN_POINT ( 'NONE',  ( 43.47092483188747991, 66.31954352124841989, 47.03874315999063072 ) ) ;
#6161 = CARTESIAN_POINT ( 'NONE',  ( 44.20390395962770214, 59.33385514974001751, 46.30576403225040849 ) ) ;
#6162 = CARTESIAN_POINT ( 'NONE',  ( 29.03846933655418994, 161.8315952542342870, 40.70381606864778945 ) ) ;
#6163 = CARTESIAN_POINT ( 'NONE',  ( 42.50986971695724748, 125.8057764562003911, -26.32341191398409919 ) ) ;
#6164 = PLANE ( 'NONE',  #5813 ) ;
#6165 = ORIENTED_EDGE ( 'NONE', *, *, #8533, .T. ) ;
#6166 = CARTESIAN_POINT ( 'NONE',  ( 42.36324379412032215, 153.8348667856811858, 48.14642419775779558 ) ) ;
#6167 = EDGE_CURVE ( 'NONE', #6843, #7634, #7994, .T. ) ;
#6168 = CARTESIAN_POINT ( 'NONE',  ( 50.22349097781341243, 108.7025900201346644, -40.28617701406468399 ) ) ;
#6169 = B_SPLINE_CURVE_WITH_KNOTS ( 'NONE', 3,
 ( #5478, #3110, #4610, #1697, #9035, #6210, #224, #3258 ),
 .UNSPECIFIED., .F., .F.,
 ( 4, 2, 2, 4 ),
 ( 0.000000000000000000, 0.004222814332542845772, 0.008445628665085691544, 0.01689125733017137962 ),
 .UNSPECIFIED. ) ;
#6170 = CARTESIAN_POINT ( 'NONE',  ( -35.99034755172208833, 57.99999999121065741, -29.77058309862684737 ) ) ;
#6171 = CARTESIAN_POINT ( 'NONE',  ( -24.69734275216253749, 116.6762642137271371, -41.06358789818640531 ) ) ;
#6172 = ORIENTED_EDGE ( 'NONE', *, *, #9247, .T. ) ;
#6173 = CARTESIAN_POINT ( 'NONE',  ( -50.59218501756915742, 120.2343318316845853, 39.91748297430893189 ) ) ;
#6174 = CARTESIAN_POINT ( 'NONE',  ( 36.16138306720323925, 57.99999999999999289, 30.02250515210871740 ) ) ;
#6175 = CARTESIAN_POINT ( 'NONE',  ( -37.71505118858650718, 169.6705890995216350, 28.04587946176240720 ) ) ;
#6176 = PLANE ( 'NONE',  #2876 ) ;
#6177 = CARTESIAN_POINT ( 'NONE',  ( -84.99999999999998579, 212.0000000000000000, -1.050000000000000044 ) ) ;
#6178 = ORIENTED_EDGE ( 'NONE', *, *, #4239, .F. ) ;
#6179 = CARTESIAN_POINT ( 'NONE',  ( -25.61039644484208466, 101.0166046022987985, -40.15053420550685814 ) ) ;
#6180 = PLANE ( 'NONE',  #6455 ) ;
#6181 = EDGE_CURVE ( 'NONE', #4567, #2688, #9497, .T. ) ;
#6182 = LINE ( 'NONE', #6229, #1300 ) ;
#6183 = CARTESIAN_POINT ( 'NONE',  ( 0.000000000000000000, 57.99999999999999289, -36.00000000000000000 ) ) ;
#6184 = CARTESIAN_POINT ( 'NONE',  ( -36.08140240266997267, 58.70654625247946967, 29.67952824767894526 ) ) ;
#6185 = CARTESIAN_POINT ( 'NONE',  ( 45.51935232921329799, 52.44175755770029923, 44.99031566266481263 ) ) ;
#6186 = CARTESIAN_POINT ( 'NONE',  ( -41.74177417787062438, 85.62404022679615423, 48.76789381400745782 ) ) ;
#6187 = CARTESIAN_POINT ( 'NONE',  ( 41.00000000000000000, 275.0000000000000000, -21.00000000000000000 ) ) ;
#6188 = LINE ( 'NONE', #3185, #7353 ) ;
#6189 = CARTESIAN_POINT ( 'NONE',  ( 0.000000000000000000, 30.00000000000000000, 0.000000000000000000 ) ) ;
#6190 = ORIENTED_EDGE ( 'NONE', *, *, #8418, .T. ) ;
#6191 = CARTESIAN_POINT ( 'NONE',  ( -33.55431931507494170, 264.0000000000000000, -35.98260211966317712 ) ) ;
#6192 = DIRECTION ( 'NONE',  ( 0.000000000000000000, 0.000000000000000000, 1.000000000000000000 ) ) ;
#6193 = ORIENTED_EDGE ( 'NONE', *, *, #8045, .F. ) ;
#6194 = CARTESIAN_POINT ( 'NONE',  ( 34.08013314532964699, 43.01938834715430460, -31.68079750501926739 ) ) ;
#6195 = CARTESIAN_POINT ( 'NONE',  ( -38.24827850846201471, 170.1219111502147427, 32.20423504669611958 ) ) ;
#6196 = CARTESIAN_POINT ( 'NONE',  ( 0.000000000000000000, 35.50000000000000000, 0.000000000000000000 ) ) ;
#6197 = ADVANCED_FACE ( 'NONE', ( #645 ), #3481, .T. ) ;
#6198 = CARTESIAN_POINT ( 'NONE',  ( -45.25483399593905176, 158.6226686892998146, -45.25483399593905176 ) ) ;
#6199 = CARTESIAN_POINT ( 'NONE',  ( 50.64418028391640547, 124.0985968565961741, -39.86548770796168384 ) ) ;
#6200 = CARTESIAN_POINT ( 'NONE',  ( -43.47092483188745859, 66.31954352124843410, 47.03874315999061650 ) ) ;
#6201 = ORIENTED_EDGE ( 'NONE', *, *, #4239, .T. ) ;
#6202 = ORIENTED_EDGE ( 'NONE', *, *, #8096, .T. ) ;
#6203 = CARTESIAN_POINT ( 'NONE',  ( -34.81447876247081297, 48.51213425699023674, 30.94645188787810497 ) ) ;
#6204 = PERSON_AND_ORGANIZATION_ROLE ( 'design_supplier' ) ;
#6205 = CARTESIAN_POINT ( 'NONE',  ( 32.66833329081850223, 35.99999999999999289, 33.09259735953043702 ) ) ;
#6206 = EDGE_CURVE ( 'NONE', #2739, #1281, #6493, .T. ) ;
#6207 = CARTESIAN_POINT ( 'NONE',  ( 24.37365805196743551, 126.6764942988443892, 41.38727259838150019 ) ) ;
#6208 = CARTESIAN_POINT ( 'NONE',  ( 30.80394296248341846, 51.99999999999999289, 35.45918685583342267 ) ) ;
#6209 = CARTESIAN_POINT ( 'NONE',  ( 49.31902728797150814, 148.1781441586251447, -41.19064070390658827 ) ) ;
#6210 = CARTESIAN_POINT ( 'NONE',  ( -33.65783052772525252, 49.44931349178472857, -36.87807467727505895 ) ) ;
#6211 = LINE ( 'NONE', #3884, #7366 ) ;
#6212 = EDGE_LOOP ( 'NONE', ( #6190, #2020 ) ) ;
#6213 = CARTESIAN_POINT ( 'NONE',  ( 31.08035469695843389, 175.3233815820528605, 34.68057595339049470 ) ) ;
#6214 = CARTESIAN_POINT ( 'NONE',  ( 37.00988115598539707, 66.80701258836774059, -28.75104949436352086 ) ) ;
#6215 = PLANE ( 'NONE',  #7048 ) ;
#6216 = CARTESIAN_POINT ( 'NONE',  ( -49.93783009309771614, 143.4569695494772361, -40.57183789878039448 ) ) ;
#6217 = VERTEX_POINT ( 'NONE', #7175 ) ;
#6218 = CARTESIAN_POINT ( 'NONE',  ( -50.22349097781341243, 108.7025900201346502, 40.28617701406468399 ) ) ;
#6219 = CARTESIAN_POINT ( 'NONE',  ( 41.00000000000000000, 58.00000000000000000, -18.00000000000000000 ) ) ;
#6220 = VECTOR ( 'NONE', #5656, 1000.000000000000114 ) ;
#6221 = ADVANCED_FACE ( 'NONE', ( #7270, #5849 ), #9465, .T. ) ;
#6222 = LINE ( 'NONE', #9192, #5687 ) ;
#6223 = DIRECTION ( 'NONE',  ( 0.000000000000000000, 1.000000000000000000, 0.000000000000000000 ) ) ;
#6224 = CIRCLE ( 'NONE', #3439, 50.00000000000000000 ) ;
#6225 = CARTESIAN_POINT ( 'NONE',  ( -34.44736847863527629, 45.71524904810726753, 31.31356217171363809 ) ) ;
#6226 = VERTEX_POINT ( 'NONE', #3617 ) ;
#6227 = CARTESIAN_POINT ( 'NONE',  ( -32.66833329081850223, 36.00000000000000000, -33.09259735953043702 ) ) ;
#6228 = CARTESIAN_POINT ( 'NONE',  ( 0.000000000000000000, 30.00000000000000000, 47.98703349066331469 ) ) ;
#6229 = CARTESIAN_POINT ( 'NONE',  ( 32.88046532517449805, 94.50000000000000000, 32.88046532517445542 ) ) ;
#6230 = CARTESIAN_POINT ( 'NONE',  ( -36.10435860795852392, 57.99999999999999289, -29.93853977153500168 ) ) ;
#6231 = DIRECTION ( 'NONE',  ( -1.000000000000000000, -0.000000000000000000, -0.000000000000000000 ) ) ;
#6232 = CARTESIAN_POINT ( 'NONE',  ( -28.43010430976247349, 69.78879597759092235, -37.33082634058646931 ) ) ;
#6233 = CARTESIAN_POINT ( 'NONE',  ( -45.25483399593903755, 158.6226686892998146, 45.25483399593904466 ) ) ;
#6234 = CARTESIAN_POINT ( 'NONE',  ( 34.35492515600356711, 41.14807402462483310, 35.48613965603914266 ) ) ;
#6235 = LINE ( 'NONE', #6287, #7671 ) ;
#6236 = LINE ( 'NONE', #2505, #390 ) ;
#6237 = EDGE_CURVE ( 'NONE', #5110, #9369, #6580, .T. ) ;
#6238 = ORIENTED_EDGE ( 'NONE', *, *, #1660, .F. ) ;
#6239 = CARTESIAN_POINT ( 'NONE',  ( -29.19682311961011223, 162.4383763706936179, -40.59050206124965143 ) ) ;
#6240 = CARTESIAN_POINT ( 'NONE',  ( 47.93900718743357459, 264.0000000000000000, -11.06759187371815933 ) ) ;
#6241 = ORIENTED_EDGE ( 'NONE', *, *, #8934, .F. ) ;
#6242 = CARTESIAN_POINT ( 'NONE',  ( 45.51935232921328378, 52.44175755770029212, -44.99031566266479842 ) ) ;
#6243 = CARTESIAN_POINT ( 'NONE',  ( -37.11866614448401691, 171.5663486130500814, 33.50048380368576773 ) ) ;
#6244 = CARTESIAN_POINT ( 'NONE',  ( -47.31597781508198608, 69.12979561808752749, 43.19369017679610323 ) ) ;
#6245 = CARTESIAN_POINT ( 'NONE',  ( -48.91202582514209496, 150.5005888525396927, -41.59764216673601567 ) ) ;
#6246 = CARTESIAN_POINT ( 'NONE',  ( 39.75138694003533857, 95.69680212022358035, -26.00954371031357937 ) ) ;
#6247 = CARTESIAN_POINT ( 'NONE',  ( -26.16506350946111681, 264.0000000000000000, -40.31921938165304908 ) ) ;
#6248 = VERTEX_POINT ( 'NONE', #2806 ) ;
#6249 = ORIENTED_EDGE ( 'NONE', *, *, #7805, .F. ) ;
#6250 = B_SPLINE_CURVE_WITH_KNOTS ( 'NONE', 3,
 ( #2700, #5648, #4879, #3477, #4057, #7023, #1974, #2607, #4787, #7753, #350, #452, #7899, #1185, #3330, #1870, #4832, #4933 ),
 .UNSPECIFIED., .F., .F.,
 ( 4, 2, 2, 2, 2, 2, 2, 2, 4 ),
 ( 0.000000000000000000, 0.0004103602569452557297, 0.0008207205138905114593, 0.001231080770835767026, 0.001641441027781022919, 0.002051801284726278811, 0.002462161541671534920, 0.002872521798616791029, 0.003282882055562047138 ),
 .UNSPECIFIED. ) ;
#6251 = CARTESIAN_POINT ( 'NONE',  ( 34.81447876247082718, 48.51213425699024384, 30.94645188787810852 ) ) ;
#6252 = CARTESIAN_POINT ( 'NONE',  ( 28.26772415252453285, 71.28898199371604960, 37.49320649782439574 ) ) ;
#6253 = LINE ( 'NONE', #9223, #5839 ) ;
#6254 = CARTESIAN_POINT ( 'NONE',  ( 46.98823194100206990, 212.0000000000000000, 1.050000000000000044 ) ) ;
#6255 = ADVANCED_FACE ( 'NONE', ( #5652 ), #4302, .T. ) ;
#6256 = CARTESIAN_POINT ( 'NONE',  ( -32.55761030330818784, 35.50000000000000000, -33.47972537727753206 ) ) ;
#6257 = DIRECTION ( 'NONE',  ( -0.8660254037844383745, 0.000000000000000000, 0.5000000000000004441 ) ) ;
#6258 = ORIENTED_EDGE ( 'NONE', *, *, #3127, .T. ) ;
#6259 = CARTESIAN_POINT ( 'NONE',  ( 39.91996775807773901, 130.9941881811295445, 50.58970023380037162 ) ) ;
#6260 = B_SPLINE_CURVE_WITH_KNOTS ( 'NONE', 3,
 ( #6895, #5384, #172, #6208 ),
 .UNSPECIFIED., .F., .F.,
 ( 4, 4 ),
 ( 0.000000000000000000, 0.009128091185151520487 ),
 .UNSPECIFIED. ) ;
#6261 = CARTESIAN_POINT ( 'NONE',  ( 107.9999999999999858, 196.5653704246423956, 0.8992161131770320948 ) ) ;
#6262 = CARTESIAN_POINT ( 'NONE',  ( 36.46736499287372624, 173.1609393494194080, -29.29356565747519880 ) ) ;
#6263 = CARTESIAN_POINT ( 'NONE',  ( 0.000000000000000000, 39.50000000000000000, 0.000000000000000000 ) ) ;
#6264 = CARTESIAN_POINT ( 'NONE',  ( -41.19064070390658827, 148.1781441586251447, -49.31902728797152236 ) ) ;
#6265 = EDGE_LOOP ( 'NONE', ( #3514, #3876, #8382, #3591 ) ) ;
#6266 = FACE_OUTER_BOUND ( 'NONE', #2798, .T. ) ;
#6267 = CARTESIAN_POINT ( 'NONE',  ( 45.51935232921328378, 52.44175755770029212, -44.99031566266479842 ) ) ;
#6268 = ADVANCED_FACE ( 'NONE', ( #4632 ), #3377, .F. ) ;
#6269 = VECTOR ( 'NONE', #8054, 999.9999999999998863 ) ;
#6270 = CYLINDRICAL_SURFACE ( 'NONE', #3189, 46.99996213765929554 ) ;
#6271 = EDGE_CURVE ( 'NONE', #792, #360, #6922, .T. ) ;
#6272 = FACE_OUTER_BOUND ( 'NONE', #2664, .T. ) ;
#6273 = CARTESIAN_POINT ( 'NONE',  ( -50.64418028391639837, 124.0985968565961315, 39.86548770796168384 ) ) ;
#6274 = ORIENTED_EDGE ( 'NONE', *, *, #798, .F. ) ;
#6275 = VECTOR ( 'NONE', #9629, 999.9999999999998863 ) ;
#6276 = CARTESIAN_POINT ( 'NONE',  ( -41.74177417787063860, 85.62404022679615423, -48.76789381400747203 ) ) ;
#6277 = CYLINDRICAL_SURFACE ( 'NONE', #3197, 47.10000000000000853 ) ;
#6278 = EDGE_CURVE ( 'NONE', #8221, #9171, #4618, .T. ) ;
#6279 = CARTESIAN_POINT ( 'NONE',  ( 28.99384466763500612, 64.61538134245374465, 36.76708598271392958 ) ) ;
#6280 = LINE ( 'NONE', #5403, #9093 ) ;
#6281 = EDGE_CURVE ( 'NONE', #4712, #140, #3913, .T. ) ;
#6282 = CARTESIAN_POINT ( 'NONE',  ( -34.51648671455645712, 38.38965361115108976, 34.94075078326839900 ) ) ;
#6283 = CARTESIAN_POINT ( 'NONE',  ( -35.48620448978831377, 41.14839227088494766, -34.35490803650086633 ) ) ;
#6284 = LOCAL_TIME ( 22, 37, 13.00000000000000000, #3776 ) ;
#6285 = CARTESIAN_POINT ( 'NONE',  ( -29.67952824767894171, 58.70654625247946257, 36.08140240266996557 ) ) ;
#6286 = CARTESIAN_POINT ( 'NONE',  ( 52.48213096559379665, 114.3360710321864815, 0.000000000000000000 ) ) ;
#6287 = CARTESIAN_POINT ( 'NONE',  ( 108.0000000000000000, 188.0000000000000000, 0.1499999999999999944 ) ) ;
#6288 = DIRECTION ( 'NONE',  ( -0.7071067811865473507, 0.000000000000000000, 0.7071067811865477948 ) ) ;
#6289 = ORIENTED_EDGE ( 'NONE', *, *, #930, .F. ) ;
#6290 = LINE ( 'NONE', #3188, #1499 ) ;
#6291 = B_SPLINE_CURVE_WITH_KNOTS ( 'NONE', 3,
 ( #2114, #2849, #5795, #7125, #4981, #7311, #7948, #2067, #7901, #454, #3433, #5075, #5023, #6390, #1377, #8630, #1976, #8227, #3752, #4435, #1612, #1421, #8905, #4528, #2157, #5161, #5259, #2201, #4481, #7446, #884 ),
 .UNSPECIFIED., .F., .F.,
 ( 4, 1, 1, 1, 1, 1, 1, 1, 1, 1, 1, 1, 1, 1, 1, 1, 1, 1, 1, 1, 1, 1, 1, 1, 1, 1, 1, 1, 4 ),
 ( 0.000000000000000000, 0.006232979306320806864, 0.02461339579161693492, 0.05420483296167832865, 0.09350669060714099368, 0.1405342250060607479, 0.1929186024039734881, 0.2480252474747844382, 0.3030897219878512239, 0.3553669908744937489, 0.4022832416398304245, 0.4415771578883115334, 0.4714347921258625895, 0.4907041958757833999, 0.5000000000000000000, 0.5092958041242166001, 0.5285652078741374105, 0.5584228421116885777, 0.5977167583601695755, 0.6446330091255062511, 0.6969102780121487761, 0.7519747525252156173, 0.8070813975960264841, 0.8594657749939392799, 0.9064933093928589924, 0.9457951670383216713, 0.9753866042083830790, 0.9937670206936791706, 1.000000000000000000 ),
 .UNSPECIFIED. ) ;
#6292 = DIRECTION ( 'NONE',  ( -0.5000000000000005551, 0.000000000000000000, -0.8660254037844383745 ) ) ;
#6293 = VERTEX_POINT ( 'NONE', #7645 ) ;
#6294 = CARTESIAN_POINT ( 'NONE',  ( 45.57187448734442370, 52.88466077438589963, -44.93779350453366561 ) ) ;
#6295 = FACE_OUTER_BOUND ( 'NONE', #1278, .T. ) ;
#6296 = AXIS2_PLACEMENT_3D ( 'NONE', #2081, #5040, #8013 ) ;
#6297 = CARTESIAN_POINT ( 'NONE',  ( -45.77674598141884843, 54.62836855260160718, 44.73292201045924088 ) ) ;
#6298 = VECTOR ( 'NONE', #7173, 1000.000000000000000 ) ;
#6299 = CARTESIAN_POINT ( 'NONE',  ( -44.93779350453366561, 52.88466077438589963, -45.57187448734443080 ) ) ;
#6300 = CARTESIAN_POINT ( 'NONE',  ( 41.38727259838148598, 126.6764942988443892, -24.37365805196743551 ) ) ;
#6301 = DIRECTION ( 'NONE',  ( 0.000000000000000000, 0.000000000000000000, 1.000000000000000000 ) ) ;
#6302 = ORIENTED_EDGE ( 'NONE', *, *, #4461, .T. ) ;
#6303 = ORIENTED_EDGE ( 'NONE', *, *, #6278, .F. ) ;
#6304 = AXIS2_PLACEMENT_3D ( 'NONE', #9361, #6292, #6978 ) ;
#6305 = CARTESIAN_POINT ( 'NONE',  ( 37.00988115598541128, 66.80701258836774059, 28.75104949436352797 ) ) ;
#6306 = APPROVAL_DATE_TIME ( #9128, #2793 ) ;
#6307 = CARTESIAN_POINT ( 'NONE',  ( -45.57187448734443791, 52.88466077438591384, -44.93779350453367272 ) ) ;
#6308 = DIRECTION ( 'NONE',  ( 0.7071067811865474617, -0.000000000000000000, 0.7071067811865474617 ) ) ;
#6309 = VECTOR ( 'NONE', #7325, 1000.000000000000114 ) ;
#6310 = CARTESIAN_POINT ( 'NONE',  ( 47.03874315999061650, 66.31954352124843410, -43.47092483188747281 ) ) ;
#6311 = TOROIDAL_SURFACE ( 'NONE', #7552, -106.2500185044916066, 153.2499806421508879 ) ;
#6312 = CARTESIAN_POINT ( 'NONE',  ( 31.87944353149404364, 169.6266751731230613, -38.51940243239717176 ) ) ;
#6313 = LINE ( 'NONE', #5671, #850 ) ;
#6314 = ORIENTED_EDGE ( 'NONE', *, *, #4925, .F. ) ;
#6315 = CARTESIAN_POINT ( 'NONE',  ( 41.19064070390658827, 148.1781441586250878, 49.31902728797151525 ) ) ;
#6316 = CARTESIAN_POINT ( 'NONE',  ( 47.00000000000000000, 174.8707557546559030, 1.273156625868754999 ) ) ;
#6317 = EDGE_LOOP ( 'NONE', ( #484, #8494, #9248 ) ) ;
#6318 = CARTESIAN_POINT ( 'NONE',  ( 40.01567615761507568, 134.5090890707682831, -50.49399183426302073 ) ) ;
#6319 = DIRECTION ( 'NONE',  ( -0.000000000000000000, 1.000000000000000000, -0.000000000000000000 ) ) ;
#6320 = CARTESIAN_POINT ( 'NONE',  ( -42.35569619307419487, 94.50000000000000000, 48.15397179880388734 ) ) ;
#6321 = ORIENTED_EDGE ( 'NONE', *, *, #3938, .F. ) ;
#6322 = CARTESIAN_POINT ( 'NONE',  ( -24.55000000000001492, 268.0000000000000000, -42.52184732581592641 ) ) ;
#6323 = CARTESIAN_POINT ( 'NONE',  ( 44.55243490709811027, 264.0000000000000000, -18.91138661888084727 ) ) ;
#6324 = CARTESIAN_POINT ( 'NONE',  ( 35.87586871434790226, 173.7963362840287687, 30.36448191014744680 ) ) ;
#6325 = EDGE_CURVE ( 'NONE', #8639, #8177, #4824, .T. ) ;
#6326 = CARTESIAN_POINT ( 'NONE',  ( 0.000000000000000000, 200.0000000000000000, 0.000000000000000000 ) ) ;
#6327 = CARTESIAN_POINT ( 'NONE',  ( -43.94697918396570202, 157.2818685057019650, 46.56268880791238018 ) ) ;
#6328 = ORIENTED_EDGE ( 'NONE', *, *, #7879, .F. ) ;
#6329 = CARTESIAN_POINT ( 'NONE',  ( 33.17716150233881223, 36.58494384897175422, 32.58376914801012703 ) ) ;
#6330 = CARTESIAN_POINT ( 'NONE',  ( 40.10103315935766233, 137.5203383235722470, 50.40863483252044830 ) ) ;
#6331 = LINE ( 'NONE', #9302, #534 ) ;
#6332 = DIRECTION ( 'NONE',  ( -0.5218651776778592266, 0.6747691995449354163, -0.5218651776778592266 ) ) ;
#6333 = CARTESIAN_POINT ( 'NONE',  ( 46.53284740717148793, 61.44371818057052792, 43.97682058470662980 ) ) ;
#6334 = CARTESIAN_POINT ( 'NONE',  ( -24.96626355950889931, 111.3121957717727071, 40.79466709084002218 ) ) ;
#6335 = CARTESIAN_POINT ( 'NONE',  ( 0.000000000000000000, 200.0000000000000000, 0.000000000000000000 ) ) ;
#6336 = FACE_OUTER_BOUND ( 'NONE', #4877, .T. ) ;
#6337 = DIRECTION ( 'NONE',  ( -0.5000000000000003331, 0.000000000000000000, -0.8660254037844383745 ) ) ;
#6338 = ORIENTED_EDGE ( 'NONE', *, *, #1876, .F. ) ;
#6339 = FACE_BOUND ( 'NONE', #5569, .T. ) ;
#6340 = LINE ( 'NONE', #4158, #5212 ) ;
#6341 = ORIENTED_EDGE ( 'NONE', *, *, #6347, .T. ) ;
#6342 = CARTESIAN_POINT ( 'NONE',  ( 45.46696603029500494, 52.00000000000000000, -45.04270196158308437 ) ) ;
#6343 = CARTESIAN_POINT ( 'NONE',  ( -38.65395868628898768, 264.0000000000000000, -29.12784712055912451 ) ) ;
#6344 = CARTESIAN_POINT ( 'NONE',  ( -50.64418028391639837, 124.0985968565961315, 39.86548770796168384 ) ) ;
#6345 = CC_DESIGN_DATE_AND_TIME_ASSIGNMENT ( #6100, #8253, ( #3077 ) ) ;
#6346 = CARTESIAN_POINT ( 'NONE',  ( -29.67952824767895237, 58.70654625247944125, -36.08140240266997978 ) ) ;
#6347 = EDGE_CURVE ( 'NONE', #7124, #4990, #5405, .T. ) ;
#6348 = CARTESIAN_POINT ( 'NONE',  ( 37.71505118860601868, 169.6705890994531103, -28.04587946173982971 ) ) ;
#6349 = FACE_OUTER_BOUND ( 'NONE', #1089, .T. ) ;
#6350 = VERTEX_POINT ( 'NONE', #398 ) ;
#6351 = EDGE_LOOP ( 'NONE', ( #5649, #2360, #639, #957 ) ) ;
#6352 = CARTESIAN_POINT ( 'NONE',  ( 39.75138694003535278, 95.69680212022356613, 26.00954371031358647 ) ) ;
#6353 = CARTESIAN_POINT ( 'NONE',  ( -41.38727259838149308, 126.6764942988443892, -24.37365805196743551 ) ) ;
#6354 = CARTESIAN_POINT ( 'NONE',  ( 28.26772415252453285, 71.28898199371604960, 37.49320649782439574 ) ) ;
#6355 = CARTESIAN_POINT ( 'NONE',  ( 40.79466709084000797, 111.3121957717727071, -24.96626355950890641 ) ) ;
#6356 = B_SPLINE_CURVE_WITH_KNOTS ( 'NONE', 3,
 ( #7902, #5607, #2025, #3388, #6492, #7851, #9464 ),
 .UNSPECIFIED., .F., .F.,
 ( 4, 1, 1, 1, 4 ),
 ( 0.4666068527273555255, 0.4855543320873984547, 0.5000000000000001110, 0.5144456679126017118, 0.5333931472725572664 ),
 .UNSPECIFIED. ) ;
#6357 = CARTESIAN_POINT ( 'NONE',  ( 26.64811512789382419, 117.6516938689265572, -42.30730197504285428 ) ) ;
#6358 = CARTESIAN_POINT ( 'NONE',  ( -45.04270196158309147, 52.00000000000000000, -45.46696603029501915 ) ) ;
#6359 = EDGE_LOOP ( 'NONE', ( #1710, #7819, #4211, #517 ) ) ;
#6360 = CARTESIAN_POINT ( 'NONE',  ( -46.83469415941800662, 64.24886354028815560, -43.67497383246009690 ) ) ;
#6361 = CARTESIAN_POINT ( 'NONE',  ( -20.83493649053890096, 35.50000000000000000, 41.08716857408418832 ) ) ;
#6362 = EDGE_LOOP ( 'NONE', ( #9020, #2262, #359, #5362 ) ) ;
#6363 = CARTESIAN_POINT ( 'NONE',  ( 42.36324379412030794, 153.8348667856812142, -48.14642419775778848 ) ) ;
#6364 = DIRECTION ( 'NONE',  ( -0.000000000000000000, -1.000000000000000000, -0.000000000000000000 ) ) ;
#6365 = CARTESIAN_POINT ( 'NONE',  ( 37.57616459432502154, 54.99999999999999289, 32.98532786528269867 ) ) ;
#6366 = ORIENTED_EDGE ( 'NONE', *, *, #4032, .T. ) ;
#6367 = DIRECTION ( 'NONE',  ( -0.6819983600624988096, 0.000000000000000000, -0.7313537016191701268 ) ) ;
#6368 = B_SPLINE_CURVE_WITH_KNOTS ( 'NONE', 3,
 ( #5588, #9448, #5691, #5874, #2008 ),
 .UNSPECIFIED., .F., .F.,
 ( 4, 1, 4 ),
 ( 0.02471769912871566929, 0.05370574164729763345, 0.05626039372291163909 ),
 .UNSPECIFIED. ) ;
#6369 = DIRECTION ( 'NONE',  ( 0.8660254037844388186, 0.000000000000000000, 0.4999999999999997780 ) ) ;
#6370 = CARTESIAN_POINT ( 'NONE',  ( 42.32202566649796438, 78.60787726850114154, -48.18764232538012493 ) ) ;
#6371 = CARTESIAN_POINT ( 'NONE',  ( -42.36324379412030794, 153.8348667856812142, 48.14642419775777427 ) ) ;
#6372 = AXIS2_PLACEMENT_3D ( 'NONE', #7130, #2122, #6541 ) ;
#6373 = ORIENTED_EDGE ( 'NONE', *, *, #2469, .T. ) ;
#6374 = CARTESIAN_POINT ( 'NONE',  ( -45.50000000000000000, 320.0000000000000000, -18.00000000000000000 ) ) ;
#6375 = CARTESIAN_POINT ( 'NONE',  ( 48.61958615814599938, 152.1318062554275912, 41.89008183373210414 ) ) ;
#6376 = DIRECTION ( 'NONE',  ( -0.000000000000000000, -1.000000000000000000, -0.000000000000000000 ) ) ;
#6377 = CARTESIAN_POINT ( 'NONE',  ( 38.00000000000000000, 58.00000000000000000, -24.00000000000000000 ) ) ;
#6378 = ADVANCED_FACE ( 'NONE', ( #5500 ), #8269, .T. ) ;
#6379 = CARTESIAN_POINT ( 'NONE',  ( 42.78460399787552859, 155.3921848145514844, 47.72506399400258204 ) ) ;
#6380 = ADVANCED_FACE ( 'NONE', ( #2150 ), #6760, .F. ) ;
#6381 = VECTOR ( 'NONE', #7857, 1000.000000000000000 ) ;
#6382 = CARTESIAN_POINT ( 'NONE',  ( -41.46658174736684543, 131.8280114082709815, 24.29434890298207605 ) ) ;
#6383 = ORIENTED_EDGE ( 'NONE', *, *, #6998, .F. ) ;
#6384 = DIRECTION ( 'NONE',  ( -0.000000000000000000, 1.000000000000000000, -0.000000000000000000 ) ) ;
#6385 = DIRECTION ( 'NONE',  ( 0.000000000000000000, -1.000000000000000000, 0.000000000000000000 ) ) ;
#6386 = ORIENTED_EDGE ( 'NONE', *, *, #3399, .T. ) ;
#6387 = CARTESIAN_POINT ( 'NONE',  ( -45.25483399593903755, 157.9999999999999716, 45.25483399593904466 ) ) ;
#6388 = DIRECTION ( 'NONE',  ( -0.7071067811865474617, -0.000000000000000000, -0.7071067811865474617 ) ) ;
#6389 = EDGE_LOOP ( 'NONE', ( #7070, #5480, #9637, #4429 ) ) ;
#6390 = CARTESIAN_POINT ( 'NONE',  ( 108.0000000000000000, 220.1113353915708615, -0.9303783449379617876 ) ) ;
#6391 = CARTESIAN_POINT ( 'NONE',  ( 0.000000000000000000, 54.99999999999999289, 0.000000000000000000 ) ) ;
#6392 = CARTESIAN_POINT ( 'NONE',  ( -20.83493649053892227, 39.50000000000000000, -41.08716857408416701 ) ) ;
#6393 = EDGE_CURVE ( 'NONE', #425, #5345, #4570, .T. ) ;
#6394 = CARTESIAN_POINT ( 'NONE',  ( -44.20390395962769503, 59.33385514974001751, -46.30576403225040849 ) ) ;
#6395 = CARTESIAN_POINT ( 'NONE',  ( 0.000000000000000000, 275.0000000000000000, 0.000000000000000000 ) ) ;
#6396 = DIRECTION ( 'NONE',  ( 0.000000000000000000, 0.000000000000000000, -1.000000000000000000 ) ) ;
#6397 = ORIENTED_EDGE ( 'NONE', *, *, #6271, .T. ) ;
#6398 = VERTEX_POINT ( 'NONE', #1511 ) ;
#6399 = CARTESIAN_POINT ( 'NONE',  ( 24.29434890298207961, 131.8280114082709815, 41.46658174736686675 ) ) ;
#6400 = CARTESIAN_POINT ( 'NONE',  ( -50.00020022165055877, 161.3771410853478585, 0.08169497157947117061 ) ) ;
#6401 = LINE ( 'NONE', #7958, #6475 ) ;
#6402 = ADVANCED_FACE ( 'NONE', ( #7539 ), #9591, .T. ) ;
#6403 = CARTESIAN_POINT ( 'NONE',  ( 41.38727259838148598, 126.6764942988443892, -24.37365805196743551 ) ) ;
#6404 = CARTESIAN_POINT ( 'NONE',  ( 39.45967609107859175, 167.1820244838797009, -30.70837199912645943 ) ) ;
#6405 = CARTESIAN_POINT ( 'NONE',  ( 47.10000000000000142, 35.50000000000000000, 0.000000000000000000 ) ) ;
#6406 = EDGE_LOOP ( 'NONE', ( #3076, #8286, #6889, #2009, #4228, #2536, #2803, #2333 ) ) ;
#6407 = DIRECTION ( 'NONE',  ( 0.9088295457203461325, -0.4171676603306506692, 0.000000000000000000 ) ) ;
#6408 = EDGE_CURVE ( 'NONE', #1158, #3441, #5639, .T. ) ;
#6409 = CARTESIAN_POINT ( 'NONE',  ( 47.00000000000000000, 198.8384312691162563, 2.581365136496105439 ) ) ;
#6410 = ORIENTED_EDGE ( 'NONE', *, *, #6992, .F. ) ;
#6411 = CARTESIAN_POINT ( 'NONE',  ( 45.51935232921328378, 52.44175755770029212, -44.99031566266479842 ) ) ;
#6412 = CARTESIAN_POINT ( 'NONE',  ( 0.000000000000000000, 35.50000000000000000, 0.000000000000000000 ) ) ;
#6413 = DIRECTION ( 'NONE',  ( -0.000000000000000000, -1.000000000000000000, -0.000000000000000000 ) ) ;
#6414 = VERTEX_POINT ( 'NONE', #1414 ) ;
#6415 = CARTESIAN_POINT ( 'NONE',  ( -108.0000000000000000, 202.4922469032945003, 1.278898672072647846 ) ) ;
#6416 = CARTESIAN_POINT ( 'NONE',  ( 45.25483399593903044, 145.5000000000000000, -45.25483399593904466 ) ) ;
#6417 = CARTESIAN_POINT ( 'NONE',  ( -40.65331820325020118, 153.6225640485288011, -25.10761244709873452 ) ) ;
#6418 = CARTESIAN_POINT ( 'NONE',  ( 44.93779350453366561, 52.88466077438591384, -45.57187448734442370 ) ) ;
#6419 = CARTESIAN_POINT ( 'NONE',  ( -38.56258473745504034, 166.8763353538258514, 27.19834591289388115 ) ) ;
#6420 = ORIENTED_EDGE ( 'NONE', *, *, #4352, .F. ) ;
#6421 = CARTESIAN_POINT ( 'NONE',  ( 34.08013337475412641, 43.01938849801626930, 31.68079727559481995 ) ) ;
#6422 = LINE ( 'NONE', #442, #1018 ) ;
#6423 = CARTESIAN_POINT ( 'NONE',  ( 30.94645188787809786, 48.51213425699023674, -34.81447876247082007 ) ) ;
#6424 = LINE ( 'NONE', #7789, #9417 ) ;
#6425 = CARTESIAN_POINT ( 'NONE',  ( 50.59218501756917163, 120.2343318316846421, 39.91748297430894610 ) ) ;
#6426 = DIRECTION ( 'NONE',  ( 0.8660254037844387076, 0.000000000000000000, 0.4999999999999998335 ) ) ;
#6427 = AXIS2_PLACEMENT_3D ( 'NONE', #3264, #9337, #1799 ) ;
#6428 = VERTEX_POINT ( 'NONE', #2927 ) ;
#6429 = CARTESIAN_POINT ( 'NONE',  ( -32.88046532517446963, 52.00000000000000000, -32.88046532517446963 ) ) ;
#6430 = CARTESIAN_POINT ( 'NONE',  ( -33.83408293086012009, 41.21309918220619295, -31.92684771948881561 ) ) ;
#6431 = ORIENTED_EDGE ( 'NONE', *, *, #5676, .F. ) ;
#6432 = CARTESIAN_POINT ( 'NONE',  ( -42.03461616943163648, 150.3730014174548444, -27.07602383751933317 ) ) ;
#6433 = DIRECTION ( 'NONE',  ( 0.000000000000000000, 0.000000000000000000, -1.000000000000000000 ) ) ;
#6434 = ADVANCED_FACE ( 'NONE', ( #7394, #732 ), #3699, .F. ) ;
#6435 = EDGE_LOOP ( 'NONE', ( #3351, #2473, #2394 ) ) ;
#6436 = DIRECTION ( 'NONE',  ( 0.9205048534524403747, 0.000000000000000000, -0.3907311284892737158 ) ) ;
#6437 = DIRECTION ( 'NONE',  ( 0.1218693434051472818, 0.000000000000000000, -0.9925461516413219831 ) ) ;
#6438 = CARTESIAN_POINT ( 'NONE',  ( 32.66833329081848802, 35.99999999999999289, -33.09259735953042991 ) ) ;
#6439 = CARTESIAN_POINT ( 'NONE',  ( -39.86548770796169094, 124.0985968565961741, -50.64418028391641258 ) ) ;
#6440 = AXIS2_PLACEMENT_3D ( 'NONE', #4622, #974, #3939 ) ;
#6441 = LINE ( 'NONE', #556, #4205 ) ;
#6442 = EDGE_CURVE ( 'NONE', #573, #2311, #433, .T. ) ;
#6443 = CARTESIAN_POINT ( 'NONE',  ( 44.73292201045924799, 54.62836855260160718, 45.77674598141886264 ) ) ;
#6444 = ORIENTED_EDGE ( 'NONE', *, *, #6143, .T. ) ;
#6445 = ORIENTED_EDGE ( 'NONE', *, *, #9437, .T. ) ;
#6446 = AXIS2_PLACEMENT_3D ( 'NONE', #4029, #6995, #4075 ) ;
#6447 = CARTESIAN_POINT ( 'NONE',  ( 49.93783009309771614, 143.4569695494772930, 40.57183789878039448 ) ) ;
#6448 = AXIS2_PLACEMENT_3D ( 'NONE', #6540, #2256, #602 ) ;
#6449 = DIRECTION ( 'NONE',  ( 0.000000000000000000, -0.000000000000000000, 1.000000000000000000 ) ) ;
#6450 = CARTESIAN_POINT ( 'NONE',  ( -34.01183617507293633, 145.5000000000000000, -28.21356056934323675 ) ) ;
#6451 = EDGE_CURVE ( 'NONE', #9090, #7975, #6910, .T. ) ;
#6452 = VECTOR ( 'NONE', #866, 999.9999999999998863 ) ;
#6453 = CARTESIAN_POINT ( 'NONE',  ( -38.43390449649705687, 80.61020279584469961, 27.32702615385185752 ) ) ;
#6454 = DIRECTION ( 'NONE',  ( -0.000000000000000000, -1.000000000000000000, -0.000000000000000000 ) ) ;
#6455 = AXIS2_PLACEMENT_3D ( 'NONE', #5257, #1562, #829 ) ;
#6456 = CARTESIAN_POINT ( 'NONE',  ( 34.11210485453442232, 172.0119194015612436, -36.55755952384151897 ) ) ;
#6457 = VECTOR ( 'NONE', #7528, 1000.000000000000000 ) ;
#6458 = DIRECTION ( 'NONE',  ( 0.000000000000000000, 1.000000000000000000, 0.000000000000000000 ) ) ;
#6459 = ORIENTED_EDGE ( 'NONE', *, *, #7113, .F. ) ;
#6460 = CARTESIAN_POINT ( 'NONE',  ( 0.000000000000000000, 275.0000000000000000, 0.000000000000000000 ) ) ;
#6461 = CARTESIAN_POINT ( 'NONE',  ( 47.00000000000000000, 206.7281651688462034, 2.920414631902330527 ) ) ;
#6462 = VERTEX_POINT ( 'NONE', #4671 ) ;
#6463 = CARTESIAN_POINT ( 'NONE',  ( -26.85867340158341321, 85.63114929373708151, 38.90225724876551539 ) ) ;
#6464 = CARTESIAN_POINT ( 'NONE',  ( -37.71505118858653560, 73.51205123983933731, 28.04587946176237878 ) ) ;
#6465 = CARTESIAN_POINT ( 'NONE',  ( -32.66833329081850223, 36.00000000000000000, -33.09259735953043702 ) ) ;
#6466 = VECTOR ( 'NONE', #3181, 1000.000000000000000 ) ;
#6467 = ORIENTED_EDGE ( 'NONE', *, *, #6408, .F. ) ;
#6468 = CARTESIAN_POINT ( 'NONE',  ( -47.00000000000000000, 266.9817559752150373, -1.823765569793514674 ) ) ;
#6469 = AXIS2_PLACEMENT_3D ( 'NONE', #1465, #7348, #2933 ) ;
#6470 = DIRECTION ( 'NONE',  ( 0.9205048534524403747, 0.000000000000000000, -0.3907311284892737158 ) ) ;
#6471 = CIRCLE ( 'NONE', #690, 49.20000000000000284 ) ;
#6472 = EDGE_CURVE ( 'NONE', #9385, #3360, #8670, .T. ) ;
#6473 = CARTESIAN_POINT ( 'NONE',  ( -50.49399183426302073, 134.5090890707682831, -40.01567615761508989 ) ) ;
#6474 = CARTESIAN_POINT ( 'NONE',  ( 25.10761244709872031, 153.6225640485288011, -40.65331820325020118 ) ) ;
#6475 = VECTOR ( 'NONE', #2858, 1000.000000000000000 ) ;
#6476 = LINE ( 'NONE', #2789, #3897 ) ;
#6477 = ORIENTED_EDGE ( 'NONE', *, *, #2230, .F. ) ;
#6478 = LINE ( 'NONE', #9450, #8174 ) ;
#6479 = LINE ( 'NONE', #1314, #8773 ) ;
#6480 = DIRECTION ( 'NONE',  ( -0.000000000000000000, -1.000000000000000000, -0.000000000000000000 ) ) ;
#6481 = CARTESIAN_POINT ( 'NONE',  ( 47.00000000000000000, 210.8546602966869727, -3.077860624859115379 ) ) ;
#6482 = CARTESIAN_POINT ( 'NONE',  ( 40.57183789878039448, 143.4569695494772645, 49.93783009309771614 ) ) ;
#6483 = CARTESIAN_POINT ( 'NONE',  ( -33.09259735953042281, 35.99999999999999289, 32.66833329081849513 ) ) ;
#6484 = ORIENTED_EDGE ( 'NONE', *, *, #6442, .F. ) ;
#6485 = EDGE_CURVE ( 'NONE', #2560, #2749, #6117, .T. ) ;
#6486 = CYLINDRICAL_SURFACE ( 'NONE', #6146, 50.00000000000000000 ) ;
#6487 = ORIENTED_EDGE ( 'NONE', *, *, #9012, .F. ) ;
#6488 = CARTESIAN_POINT ( 'NONE',  ( -38.51940243238779260, 169.6266751731417060, -31.87944353150545140 ) ) ;
#6489 = FACE_OUTER_BOUND ( 'NONE', #2813, .T. ) ;
#6490 = ORIENTED_EDGE ( 'NONE', *, *, #2880, .F. ) ;
#6491 = CARTESIAN_POINT ( 'NONE',  ( 0.000000000000000000, 264.0000000000000000, 0.000000000000000000 ) ) ;
#6492 = CARTESIAN_POINT ( 'NONE',  ( 29.68759046700018800, 174.1961081890042635, -36.07334018334872638 ) ) ;
#6493 = LINE ( 'NONE', #5025, #3365 ) ;
#6494 = CARTESIAN_POINT ( 'NONE',  ( -24.55371574811973900, 145.7020373835961777, -41.20721490222919670 ) ) ;
#6495 = LINE ( 'NONE', #5711, #935 ) ;
#6496 = CARTESIAN_POINT ( 'NONE',  ( 41.36857510098818125, 141.0186408901463153, 24.39235554936074735 ) ) ;
#6497 = ORIENTED_EDGE ( 'NONE', *, *, #4263, .F. ) ;
#6498 = EDGE_LOOP ( 'NONE', ( #3094, #4617, #3607, #8679, #1723 ) ) ;
#6499 = CARTESIAN_POINT ( 'NONE',  ( 27.32702615385186462, 80.61020279584469961, 38.43390449649707108 ) ) ;
#6500 = CARTESIAN_POINT ( 'NONE',  ( -24.55371574811973900, 145.7020373835961777, -41.20721490222919670 ) ) ;
#6501 = CARTESIAN_POINT ( 'NONE',  ( 24.29434890298206184, 131.8280114082709815, -41.46658174736684543 ) ) ;
#6502 =( BOUNDED_CURVE ( )  B_SPLINE_CURVE ( 3, ( #1406, #6697, #6606, #1359 ),
 .UNSPECIFIED., .F., .F. ) 
 B_SPLINE_CURVE_WITH_KNOTS ( ( 4, 4 ),
 ( 6.278283628513246839, 6.288086985845925625 ),
 .UNSPECIFIED. ) 
 CURVE ( )  GEOMETRIC_REPRESENTATION_ITEM ( )  RATIONAL_B_SPLINE_CURVE ( ( 1.000000000000000000, 0.9999919911981193232, 0.9999919911981193232, 1.000000000000000000 ) ) 
 REPRESENTATION_ITEM ( '' )  );
#6503 = CARTESIAN_POINT ( 'NONE',  ( -47.03874315999061650, 66.31954352124841989, 43.47092483188747281 ) ) ;
#6504 = B_SPLINE_CURVE_WITH_KNOTS ( 'NONE', 3,
 ( #5028, #7314, #6582, #5, #6719, #647, #4442, #3035, #1524, #6672, #2121, #2985, #7996, #5166, #1335, #8730 ),
 .UNSPECIFIED., .F., .F.,
 ( 4, 2, 2, 2, 2, 2, 2, 4 ),
 ( 0.003282882055562047138, 0.003693149526061713459, 0.004103416996561379780, 0.004513684467061046535, 0.004923951937560712422, 0.005334219408060378309, 0.005744486878560044196, 0.006565021819559317857 ),
 .UNSPECIFIED. ) ;
#6505 = EDGE_CURVE ( 'NONE', #6248, #496, #8512, .T. ) ;
#6506 = CARTESIAN_POINT ( 'NONE',  ( 0.000000000000000000, 275.0000000000000000, 0.000000000000000000 ) ) ;
#6507 = DIRECTION ( 'NONE',  ( -0.000000000000000000, 1.000000000000000000, -0.000000000000000000 ) ) ;
#6508 = CARTESIAN_POINT ( 'NONE',  ( -49.36117220004906159, 93.39148535881982127, -41.14849579182904904 ) ) ;
#6509 = ADVANCED_FACE ( 'NONE', ( #2589 ), #6812, .F. ) ;
#6510 = FACE_OUTER_BOUND ( 'NONE', #9598, .T. ) ;
#6511 = ORIENTED_EDGE ( 'NONE', *, *, #2964, .F. ) ;
#6512 = CARTESIAN_POINT ( 'NONE',  ( 45.46696603029500494, 52.00000000000000000, -45.04270196158308437 ) ) ;
#6513 = CARTESIAN_POINT ( 'NONE',  ( -34.94075078326840611, 38.38965361115112529, 34.51648671455648554 ) ) ;
#6514 = CARTESIAN_POINT ( 'NONE',  ( -44.73292201045924799, 54.62836855260157876, -45.77674598141885554 ) ) ;
#6515 = ORIENTED_EDGE ( 'NONE', *, *, #2880, .T. ) ;
#6516 = CARTESIAN_POINT ( 'NONE',  ( -107.9999999999999858, 210.0060237486752897, 1.543678944899053773 ) ) ;
#6517 = CARTESIAN_POINT ( 'NONE',  ( 46.99932455725360114, 213.0224219453465366, -0.2757723197565564166 ) ) ;
#6518 = DIRECTION ( 'NONE',  ( -0.8660254037844383745, 0.000000000000000000, 0.5000000000000003331 ) ) ;
#6519 = CARTESIAN_POINT ( 'NONE',  ( 41.45303252024854146, 89.40149471062304087, -49.05663547162954075 ) ) ;
#6520 = CARTESIAN_POINT ( 'NONE',  ( -22.05269856716359200, 264.0000000000000000, -43.19639436232868235 ) ) ;
#6521 = ORIENTED_EDGE ( 'NONE', *, *, #1071, .T. ) ;
#6522 = LINE ( 'NONE', #5149, #1954 ) ;
#6523 = EDGE_CURVE ( 'NONE', #1385, #4795, #6222, .T. ) ;
#6524 = DIRECTION ( 'NONE',  ( 0.8660254037844387076, 0.000000000000000000, 0.4999999999999998335 ) ) ;
#6525 = CARTESIAN_POINT ( 'NONE',  ( 108.0000000000000000, 203.7731879320645305, -1.344733633374165738 ) ) ;
#6526 = EDGE_CURVE ( 'NONE', #3911, #188, #4141, .T. ) ;
#6527 = CARTESIAN_POINT ( 'NONE',  ( 50.58970023380037162, 130.9941881811295445, 39.91996775807773901 ) ) ;
#6528 = CARTESIAN_POINT ( 'NONE',  ( -45.92619372941035749, 55.93620152028918824, 44.58347426246772471 ) ) ;
#6529 = EDGE_LOOP ( 'NONE', ( #6088, #8510 ) ) ;
#6530 = CARTESIAN_POINT ( 'NONE',  ( -48.18764232538013204, 78.60787726850114154, -42.32202566649797859 ) ) ;
#6531 = ORIENTED_EDGE ( 'NONE', *, *, #5432, .F. ) ;
#6532 = CARTESIAN_POINT ( 'NONE',  ( -42.56869902803982342, 132.7716359899607710, -26.22797537150328040 ) ) ;
#6533 = CARTESIAN_POINT ( 'NONE',  ( -21.83493649053889740, 264.0000000000000000, 42.81921938165307040 ) ) ;
#6534 = ORIENTED_EDGE ( 'NONE', *, *, #6281, .T. ) ;
#6535 = DIRECTION ( 'NONE',  ( -0.8660254037844383745, 0.000000000000000000, 0.5000000000000004441 ) ) ;
#6536 = LINE ( 'NONE', #8081, #6926 ) ;
#6537 = AXIS2_PLACEMENT_3D ( 'NONE', #4237, #9536, #4287 ) ;
#6538 = CARTESIAN_POINT ( 'NONE',  ( -34.51648671455645712, 38.38965361115108976, 34.94075078326839900 ) ) ;
#6539 = EDGE_CURVE ( 'NONE', #5205, #1312, #5341, .T. ) ;
#6540 = CARTESIAN_POINT ( 'NONE',  ( 0.000000000000000000, 0.000000000000000000, 0.000000000000000000 ) ) ;
#6541 = DIRECTION ( 'NONE',  ( 0.000000000000000000, -0.000000000000000000, -1.000000000000000000 ) ) ;
#6542 = CARTESIAN_POINT ( 'NONE',  ( 0.000000000000000000, 200.0000000000000000, 0.000000000000000000 ) ) ;
#6543 = ORIENTED_EDGE ( 'NONE', *, *, #1350, .T. ) ;
#6544 = CARTESIAN_POINT ( 'NONE',  ( 40.92961328274397204, 96.97051065983893636, 49.58005470913415280 ) ) ;
#6545 = CARTESIAN_POINT ( 'NONE',  ( -25.10761244709873097, 153.6225640485287443, -40.65331820325020118 ) ) ;
#6546 = CARTESIAN_POINT ( 'NONE',  ( 30.94645188787809786, 48.51213425699023674, -34.81447876247082007 ) ) ;
#6547 = CARTESIAN_POINT ( 'NONE',  ( -48.15397179880391576, 145.5000000000000000, -42.35569619307419487 ) ) ;
#6548 = CARTESIAN_POINT ( 'NONE',  ( -32.55761030330818784, 39.50000000000000000, -33.47972537727753206 ) ) ;
#6549 = PLANE ( 'NONE',  #2884 ) ;
#6550 = CARTESIAN_POINT ( 'NONE',  ( -43.67497383246009690, 64.24886354028815560, -46.83469415941800662 ) ) ;
#6551 = FACE_OUTER_BOUND ( 'NONE', #3310, .T. ) ;
#6552 = EDGE_LOOP ( 'NONE', ( #473, #5534, #6039, #8362, #3260, #2084 ) ) ;
#6553 = CARTESIAN_POINT ( 'NONE',  ( 38.00000000000000000, 275.0000000000000000, -24.00000000000000000 ) ) ;
#6554 = DIRECTION ( 'NONE',  ( 0.000000000000000000, 1.000000000000000000, 0.000000000000000000 ) ) ;
#6555 = CARTESIAN_POINT ( 'NONE',  ( 37.00988115598541128, 66.80701258836774059, 28.75104949436352797 ) ) ;
#6556 = VERTEX_POINT ( 'NONE', #4715 ) ;
#6558 = EDGE_CURVE ( 'NONE', #7975, #3316, #4769, .T. ) ;
#6557 = CARTESIAN_POINT ( 'NONE',  ( -108.0000000000000000, 188.2844865614401897, 0.1789959886829862179 ) ) ;
#6559 = FACE_OUTER_BOUND ( 'NONE', #3501, .T. ) ;
#6560 = LINE ( 'NONE', #2787, #222 ) ;
#6561 = CARTESIAN_POINT ( 'NONE',  ( 40.01567615761507568, 134.5090890707682831, -50.49399183426302073 ) ) ;
#6562 = CARTESIAN_POINT ( 'NONE',  ( -36.42405306805221699, 172.9592403366418694, 29.70434460654473341 ) ) ;
#6563 = EDGE_CURVE ( 'NONE', #9560, #9438, #5443, .T. ) ;
#6564 = ORIENTED_EDGE ( 'NONE', *, *, #2239, .T. ) ;
#6565 = LINE ( 'NONE', #2100, #2736 ) ;
#6566 = CARTESIAN_POINT ( 'NONE',  ( 0.000000000000000000, 54.99999999999999289, 0.000000000000000000 ) ) ;
#6567 = EDGE_CURVE ( 'NONE', #2043, #1274, #8645, .T. ) ;
#6568 = CARTESIAN_POINT ( 'NONE',  ( 108.0000000000000000, 222.1604013880388493, -2.056595995933441223E-15 ) ) ;
#6569 = EDGE_CURVE ( 'NONE', #3053, #1577, #3526, .T. ) ;
#6570 = CARTESIAN_POINT ( 'NONE',  ( 43.94697918396570202, 157.2818685057019650, 46.56268880791240861 ) ) ;
#6571 = CARTESIAN_POINT ( 'NONE',  ( -48.76789381400745071, 85.62404022679615423, 41.74177417787063860 ) ) ;
#6572 = VERTEX_POINT ( 'NONE', #236 ) ;
#6573 = ORIENTED_EDGE ( 'NONE', *, *, #7223, .T. ) ;
#6574 = CARTESIAN_POINT ( 'NONE',  ( -34.68057595339049470, 175.3233815820528605, -31.08035469695844100 ) ) ;
#6575 = LINE ( 'NONE', #3530, #2117 ) ;
#6576 = VERTEX_POINT ( 'NONE', #1023 ) ;
#6577 = DIRECTION ( 'NONE',  ( -0.8660254037844383745, 0.000000000000000000, 0.5000000000000004441 ) ) ;
#6578 = CARTESIAN_POINT ( 'NONE',  ( -39.91996775807772480, 130.9941881811295445, 50.58970023380036451 ) ) ;
#6579 = B_SPLINE_CURVE_WITH_KNOTS ( 'NONE', 3,
 ( #7971, #9389, #7882, #7249 ),
 .UNSPECIFIED., .F., .F.,
 ( 4, 4 ),
 ( 0.000000000000000000, 0.009128091185152053047 ),
 .UNSPECIFIED. ) ;
#6580 = LINE ( 'NONE', #502, #5209 ) ;
#6581 = VECTOR ( 'NONE', #3687, 1000.000000000000000 ) ;
#6582 = CARTESIAN_POINT ( 'NONE',  ( -46.98886752245416432, 211.7248693911286921, 1.022499668736245537 ) ) ;
#6583 = CARTESIAN_POINT ( 'NONE',  ( -44.20390395962768793, 59.33385514974001751, 46.30576403225040139 ) ) ;
#6584 = LINE ( 'NONE', #2123, #1483 ) ;
#6585 = ORIENTED_EDGE ( 'NONE', *, *, #1102, .T. ) ;
#6586 = CARTESIAN_POINT ( 'NONE',  ( 42.36324379412032215, 153.8348667856811858, 48.14642419775779558 ) ) ;
#6587 = CARTESIAN_POINT ( 'NONE',  ( -41.74177417787063860, 85.62404022679615423, -48.76789381400747203 ) ) ;
#6588 = CARTESIAN_POINT ( 'NONE',  ( 26.00954371031357226, 95.69680212022356613, -39.75138694003533857 ) ) ;
#6589 = PRODUCT_DEFINITION_FORMATION_WITH_SPECIFIED_SOURCE ( 'ANY', '', #274, .NOT_KNOWN. ) ;
#6590 = DIRECTION ( 'NONE',  ( -1.000000000000000000, 0.000000000000000000, -0.000000000000000000 ) ) ;
#6591 = CARTESIAN_POINT ( 'NONE',  ( 46.99104037128101652, 211.4707507656320615, 0.9172490628406658741 ) ) ;
#6592 = VECTOR ( 'NONE', #1150, 1000.000000000000000 ) ;
#6593 = CARTESIAN_POINT ( 'NONE',  ( 41.98910179518573926, 82.37800232306902615, -48.52056619669235005 ) ) ;
#6594 = CARTESIAN_POINT ( 'NONE',  ( 41.19064070390658117, 148.1781441586250878, -49.31902728797151525 ) ) ;
#6595 = DIRECTION ( 'NONE',  ( 0.000000000000000000, -1.000000000000000000, -0.000000000000000000 ) ) ;
#6596 = ORIENTED_EDGE ( 'NONE', *, *, #3768, .F. ) ;
#6597 = ORIENTED_EDGE ( 'NONE', *, *, #5731, .F. ) ;
#6598 = CARTESIAN_POINT ( 'NONE',  ( -45.04270196158307726, 52.00000000000000000, 45.46696603029501205 ) ) ;
#6599 = FACE_OUTER_BOUND ( 'NONE', #2569, .T. ) ;
#6600 = DIRECTION ( 'NONE',  ( 0.9925461516413220942, 0.000000000000000000, 0.1218693434051472957 ) ) ;
#6601 = EDGE_CURVE ( 'NONE', #2627, #8854, #4039, .T. ) ;
#6602 = CARTESIAN_POINT ( 'NONE',  ( -108.0000000000000000, 188.0000000000000000, -0.1499999999999999944 ) ) ;
#6603 = CIRCLE ( 'NONE', #6921, 46.69999999999999574 ) ;
#6604 = VECTOR ( 'NONE', #5088, 1000.000000000000000 ) ;
#6605 = VECTOR ( 'NONE', #9273, 1000.000000000000000 ) ;
#6606 = CARTESIAN_POINT ( 'NONE',  ( 50.00020022165055877, 161.3771410853478585, -0.08169497157945891652 ) ) ;
#6607 = CARTESIAN_POINT ( 'NONE',  ( -27.32702615385186107, 80.61020279584469961, -38.43390449649707108 ) ) ;
#6608 = CIRCLE ( 'NONE', #3209, 46.50000000000000000 ) ;
#6609 = CARTESIAN_POINT ( 'NONE',  ( -28.63349660291434873, 171.0675929918452596, 37.27138604942623346 ) ) ;
#6610 = CARTESIAN_POINT ( 'NONE',  ( -43.20000000000000284, 263.0000000000000000, -18.00000000000000000 ) ) ;
#6611 = ORIENTED_EDGE ( 'NONE', *, *, #7128, .F. ) ;
#6612 = AXIS2_PLACEMENT_3D ( 'NONE', #4689, #256, #6192 ) ;
#6613 = CARTESIAN_POINT ( 'NONE',  ( -21.38493649053892653, 39.50000000000000000, -42.03979651824705144 ) ) ;
#6614 = CARTESIAN_POINT ( 'NONE',  ( -37.71505118858653560, 340.0000000000000000, 28.04587946176237878 ) ) ;
#6615 = CARTESIAN_POINT ( 'NONE',  ( 107.9999999999999858, 219.0159610516838029, 1.126926010874051309 ) ) ;
#6616 = B_SPLINE_CURVE_WITH_KNOTS ( 'NONE', 3,
 ( #8650, #4219, #1348, #8694, #516, #4949, #4850, #4312, #371, #5619, #3350, #7092, #3449, #424, #1937, #7870, #1201, #7916, #7139, #469, #1249, #7188, #5950, #2909, #6593, #9571, #6642, #5089, #1537, #1393, #2132 ),
 .UNSPECIFIED., .F., .F.,
 ( 4, 1, 1, 1, 1, 1, 1, 1, 1, 1, 1, 1, 1, 1, 1, 1, 1, 1, 1, 1, 1, 1, 1, 1, 1, 1, 1, 1, 4 ),
 ( 0.000000000000000000, 0.006201962899188698426, 0.02448136905349916972, 0.05388345649501025819, 0.09289034474279105058, 0.1395093084148930351, 0.1913742588137488654, 0.2458629933516659483, 0.3002380933255869855, 0.3518114771965040188, 0.3981158618259910686, 0.4370593218643058497, 0.4670784500627876423, 0.4874746266155715047, 0.5000000000000000000, 0.5125253733844284953, 0.5329215499372124132, 0.5629406781356941503, 0.6018841381740089869, 0.6481885228034960367, 0.6997619066744130700, 0.7541370066483340517, 0.8086257411862511901, 0.8604906915851070481, 0.9071096552572089911, 0.9461165435049897487, 0.9755186309465009309, 0.9937980371008113822, 1.000000000000000000 ),
 .UNSPECIFIED. ) ;
#6617 = AXIS2_PLACEMENT_3D ( 'NONE', #7104, #4140, #9444 ) ;
#6618 = ADVANCED_FACE ( 'NONE', ( #3223, #924 ), #9145, .F. ) ;
#6619 = DIRECTION ( 'NONE',  ( -0.7071067811865472397, -0.000000000000000000, 0.7071067811865479058 ) ) ;
#6620 = VECTOR ( 'NONE', #4160, 1000.000000000000114 ) ;
#6621 = CARTESIAN_POINT ( 'NONE',  ( 49.90004989492314991, 250.5606248189319842, 3.160877902677657225 ) ) ;
#6622 = ORIENTED_EDGE ( 'NONE', *, *, #6563, .F. ) ;
#6623 = ORIENTED_EDGE ( 'NONE', *, *, #7474, .T. ) ;
#6624 = CARTESIAN_POINT ( 'NONE',  ( -48.91202582514209496, 150.5005888525396927, -41.59764216673601567 ) ) ;
#6625 = LINE ( 'NONE', #5887, #3515 ) ;
#6626 = VERTEX_POINT ( 'NONE', #8412 ) ;
#6627 = CARTESIAN_POINT ( 'NONE',  ( 49.09999999999999432, 264.0000000000000000, 3.500000000000000000 ) ) ;
#6628 = CARTESIAN_POINT ( 'NONE',  ( 0.000000000000000000, 0.000000000000000000, 0.000000000000000000 ) ) ;
#6629 = CARTESIAN_POINT ( 'NONE',  ( 40.65331820325018697, 153.6225640485287443, -25.10761244709872742 ) ) ;
#6630 = CARTESIAN_POINT ( 'NONE',  ( 35.57395586168325963, 172.3895762982215274, -35.13572767648415862 ) ) ;
#6631 = DIRECTION ( 'NONE',  ( -0.000000000000000000, -1.000000000000000000, -0.000000000000000000 ) ) ;
#6632 = CARTESIAN_POINT ( 'NONE',  ( -44.58347426246772471, 55.93620152028918824, 45.92619372941037170 ) ) ;
#6633 = CARTESIAN_POINT ( 'NONE',  ( 0.000000000000000000, 0.000000000000000000, 0.000000000000000000 ) ) ;
#6634 = CARTESIAN_POINT ( 'NONE',  ( 37.00988115598541128, 66.80701258836774059, 28.75104949436352797 ) ) ;
#6635 = VERTEX_POINT ( 'NONE', #3895 ) ;
#6636 = LINE ( 'NONE', #56, #5445 ) ;
#6637 = CARTESIAN_POINT ( 'NONE',  ( -42.62031228415366968, 75.23276251545792093, -47.88935570772444095 ) ) ;
#6638 = CARTESIAN_POINT ( 'NONE',  ( 39.22375858382815039, 163.8347417721553256, -26.53717206652076044 ) ) ;
#6639 = CARTESIAN_POINT ( 'NONE',  ( 0.000000000000000000, 57.99999999999999289, 0.000000000000000000 ) ) ;
#6640 = ADVANCED_FACE ( 'NONE', ( #3313, #3995 ), #6270, .F. ) ;
#6641 = CARTESIAN_POINT ( 'NONE',  ( -34.68057595339049470, 175.3233815820528605, -31.08035469695844100 ) ) ;
#6642 = CARTESIAN_POINT ( 'NONE',  ( 43.67497383246008269, 64.24886354028815560, -46.83469415941799951 ) ) ;
#6643 = CARTESIAN_POINT ( 'NONE',  ( 40.33924585287350340, 140.4589426390626272, -50.17042213900458592 ) ) ;
#6644 = PLANE ( 'NONE',  #1645 ) ;
#6645 = ORIENTED_EDGE ( 'NONE', *, *, #1603, .F. ) ;
#6646 = CARTESIAN_POINT ( 'NONE',  ( -29.29356565747519170, 173.1609393494194080, 36.46736499287372624 ) ) ;
#6647 = LINE ( 'NONE', #9440, #2866 ) ;
#6648 = CARTESIAN_POINT ( 'NONE',  ( 41.20721490222918959, 145.7020373835961493, 24.55371574811973545 ) ) ;
#6649 = LINE ( 'NONE', #4235, #3992 ) ;
#6650 = FACE_OUTER_BOUND ( 'NONE', #5736, .T. ) ;
#6651 = CARTESIAN_POINT ( 'NONE',  ( 35.77960312803931942, 145.5000000000000000, 29.98132752230962694 ) ) ;
#6652 = CARTESIAN_POINT ( 'NONE',  ( -28.75104949436352442, 66.80701258836774059, -37.00988115598541128 ) ) ;
#6653 = CARTESIAN_POINT ( 'NONE',  ( -14.23850201999727005, 200.0000000000000000, 46.57204161539984000 ) ) ;
#6654 = CARTESIAN_POINT ( 'NONE',  ( 36.16138306720323925, 57.99999999999999289, 30.02250515210871740 ) ) ;
#6655 = CARTESIAN_POINT ( 'NONE',  ( -35.77960312803932652, 94.50000000000000000, -29.98132752230961984 ) ) ;
#6656 = VERTEX_POINT ( 'NONE', #138 ) ;
#6657 = CARTESIAN_POINT ( 'NONE',  ( -41.74177417787062438, 85.62404022679615423, 48.76789381400745782 ) ) ;
#6658 = CARTESIAN_POINT ( 'NONE',  ( 39.22375858382815039, 163.8347417721553256, -26.53717206652076044 ) ) ;
#6659 = DIRECTION ( 'NONE',  ( 0.000000000000000000, 1.000000000000000000, 0.000000000000000000 ) ) ;
#6660 = CARTESIAN_POINT ( 'NONE',  ( 49.99264442299585198, 266.7552437432180454, 0.8662685223346947572 ) ) ;
#6661 = VERTEX_POINT ( 'NONE', #3122 ) ;
#6662 = ORIENTED_EDGE ( 'NONE', *, *, #2218, .F. ) ;
#6663 = CARTESIAN_POINT ( 'NONE',  ( -48.76789381400746493, 85.62404022679615423, -41.74177417787065281 ) ) ;
#6664 = EDGE_CURVE ( 'NONE', #1281, #5345, #5732, .T. ) ;
#6665 = CARTESIAN_POINT ( 'NONE',  ( -31.68079750501928515, 43.01938834715414117, -34.08013314532963278 ) ) ;
#6666 = CARTESIAN_POINT ( 'NONE',  ( -49.99264442300617617, 266.7552437443340523, -0.8662685217448538033 ) ) ;
#6667 = LINE ( 'NONE', #6627, #5995 ) ;
#6668 = CARTESIAN_POINT ( 'NONE',  ( -40.57183789878038027, 143.4569695494772930, 49.93783009309771614 ) ) ;
#6669 = EDGE_CURVE ( 'NONE', #6058, #6793, #9579, .T. ) ;
#6670 = CARTESIAN_POINT ( 'NONE',  ( 40.24733569863604998, 157.6066838202880831, -25.51359495171286795 ) ) ;
#6671 = CARTESIAN_POINT ( 'NONE',  ( 32.96085372611562292, 175.4713705888862592, -33.50548176669374811 ) ) ;
#6672 = CARTESIAN_POINT ( 'NONE',  ( -46.99996472437832296, 210.9498842135824361, -0.1375882683655855476 ) ) ;
#6673 = CARTESIAN_POINT ( 'NONE',  ( 42.18719615595213668, 147.8619356179141562, 26.83766949383974065 ) ) ;
#6674 = CARTESIAN_POINT ( 'NONE',  ( -43.19369017679609613, 69.12979561808754170, 47.31597781508198608 ) ) ;
#6675 = LINE ( 'NONE', #9, #693 ) ;
#6676 = CARTESIAN_POINT ( 'NONE',  ( 43.41654570485090403, 340.0000000000000000, -18.00000000000000000 ) ) ;
#6677 = ORIENTED_EDGE ( 'NONE', *, *, #1893, .T. ) ;
#6678 = CARTESIAN_POINT ( 'NONE',  ( 44.73292201045924799, 54.62836855260160718, 45.77674598141886264 ) ) ;
#6679 = CARTESIAN_POINT ( 'NONE',  ( -24.37365805196744262, 126.6764942988443892, -41.38727259838150019 ) ) ;
#6680 = CARTESIAN_POINT ( 'NONE',  ( 49.58005470913413859, 96.97051065983893636, -40.92961328274395783 ) ) ;
#6681 = VECTOR ( 'NONE', #5395, 1000.000000000000000 ) ;
#6682 = CARTESIAN_POINT ( 'NONE',  ( 45.50308202547049063, 35.50000000000000000, -10.50521423785849606 ) ) ;
#6683 = ADVANCED_FACE ( 'NONE', ( #2049 ), #579, .T. ) ;
#6684 = CARTESIAN_POINT ( 'NONE',  ( -37.49320649782439574, 71.28898199371606381, -28.26772415252453641 ) ) ;
#6685 = VECTOR ( 'NONE', #8496, 1000.000000000000114 ) ;
#6686 = CARTESIAN_POINT ( 'NONE',  ( -31.84627522967774382, 175.0603972572624230, -34.56783199814944396 ) ) ;
#6687 = CARTESIAN_POINT ( 'NONE',  ( 42.62031228415365547, 75.23276251545789250, -47.88935570772444095 ) ) ;
#6688 = DIRECTION ( 'NONE',  ( 1.000000000000000000, 0.000000000000000000, 0.000000000000000000 ) ) ;
#6689 = ORIENTED_EDGE ( 'NONE', *, *, #4677, .T. ) ;
#6690 = ORIENTED_EDGE ( 'NONE', *, *, #8996, .T. ) ;
#6691 = CARTESIAN_POINT ( 'NONE',  ( -41.36857510098817414, 141.0186408901463437, 24.39235554936074024 ) ) ;
#6692 = PERSON_AND_ORGANIZATION ( #910, #3334 ) ;
#6693 = CARTESIAN_POINT ( 'NONE',  ( 34.68057595339050891, 175.3233815820528605, 31.08035469695842679 ) ) ;
#6694 = EDGE_CURVE ( 'NONE', #5333, #2510, #4278, .T. ) ;
#6695 = CARTESIAN_POINT ( 'NONE',  ( 46.56268880791239440, 157.2818685057019650, 43.94697918396571623 ) ) ;
#6696 = CARTESIAN_POINT ( 'NONE',  ( -108.0000000000000142, 202.4922469032945287, -1.278898672072648068 ) ) ;
#6697 = CARTESIAN_POINT ( 'NONE',  ( 50.00020022165055877, 161.3771410853478585, 0.08169497157947117061 ) ) ;
#6698 = EDGE_CURVE ( 'NONE', #7397, #4175, #7865, .T. ) ;
#6699 = CARTESIAN_POINT ( 'NONE',  ( -34.68057595339049470, 175.3233815820528605, -31.08035469695844100 ) ) ;
#6700 = CARTESIAN_POINT ( 'NONE',  ( 45.92619372941038591, 55.93620152028918824, 44.58347426246773892 ) ) ;
#6701 = CARTESIAN_POINT ( 'NONE',  ( 47.10000000000000142, 39.50000000000000000, 2.500000000000000000 ) ) ;
#6702 = CARTESIAN_POINT ( 'NONE',  ( -49.74986063416524473, 145.8271779734262452, 40.75980735771283747 ) ) ;
#6703 = CARTESIAN_POINT ( 'NONE',  ( -38.90225724876550828, 85.63114929373708151, -26.85867340158342742 ) ) ;
#6704 = ORIENTED_EDGE ( 'NONE', *, *, #2988, .F. ) ;
#6705 = CARTESIAN_POINT ( 'NONE',  ( -34.68057595339048049, 175.3233815820528605, 31.08035469695843389 ) ) ;
#6706 = CARTESIAN_POINT ( 'NONE',  ( 29.29356565747519880, 173.1609393494194364, -36.46736499287371913 ) ) ;
#6707 = B_SPLINE_SURFACE_WITH_KNOTS ( 'NONE', 3, 1, ( 
 ( #2570, #1142 ),
 ( #4117, #8440 ),
 ( #2475, #5424 ),
 ( #8540, #8392 ),
 ( #7033, #1003 ),
 ( #4797, #3974 ),
 ( #6251, #418 ),
 ( #9220, #268 ),
 ( #3396, #361 ),
 ( #6305, #9276 ),
 ( #2618, #3252 ),
 ( #9173, #4844 ),
 ( #7084, #4751 ),
 ( #6352, #9324 ),
 ( #5379, #8351 ),
 ( #2126, #9512 ),
 ( #2665, #4892 ),
 ( #5715, #5614 ),
 ( #8002, #9371 ),
 ( #5083, #1341 ),
 ( #562, #3489 ),
 ( #4347, #1930 ),
 ( #4213, #6447 ),
 ( #9425, #4992 ),
 ( #7230, #1290 ),
 ( #8735, #8049 ),
 ( #2712, #2076 ),
 ( #5033, #8776 ),
 ( #1386, #2856 ),
 ( #7318, #651 ),
 ( #4168, #5806 ),
 ( #8589, #6586 ),
 ( #509, #7909 ),
 ( #3581, #7862 ),
 ( #5662, #4307 ),
 ( #7276, #3623 ),
 ( #1196, #7134 ),
 ( #463, #3443 ),
 ( #6399, #8641 ),
 ( #1985, #4943 ),
 ( #1242, #4258 ),
 ( #7181, #2767 ),
 ( #8689, #2032 ),
 ( #606, #6544 ),
 ( #7956, #3542 ),
 ( #6499, #9471 ),
 ( #2814, #5758 ),
 ( #5270, #3041 ),
 ( #4491, #842 ),
 ( #7458, #5857 ),
 ( #5311, #1480 ),
 ( #5223, #5900 ),
 ( #8139, #8287 ),
 ( #2361, #6678 ),
 ( #8824, #6040 ),
 ( #2312, #9018 ),
 ( #4449, #3092 ) ),
 .UNSPECIFIED., .F., .F., .F.,
 ( 4, 1, 1, 1, 1, 1, 1, 1, 1, 1, 1, 1, 1, 1, 1, 1, 1, 1, 1, 1, 1, 1, 1, 1, 1, 1, 1, 1, 1, 1, 1, 1, 1, 1, 1, 1, 1, 1, 1, 1, 1, 1, 1, 1, 1, 1, 1, 1, 1, 1, 1, 1, 1, 1, 4 ),
 ( 2, 2 ),
 ( 0.000000000000000000, 0.006185920264467840990, 0.006201962899188698426, 0.02441097605636065315, 0.02448136905349916972, 0.05370574164729763345, 0.05388345649501025819, 0.09253774940744020905, 0.09289034474279105058, 0.1389060332195526937, 0.1395093084148930351, 0.1904437008900517758, 0.1913742588137488654, 0.2445345556009105303, 0.2458629933516659483, 0.2984579075547035831, 0.3002380933255869855, 0.3495648249652614226, 0.3518114771965040188, 0.3954646363279900600, 0.3981158618259910686, 0.4341890767744074897, 0.4370593218643058497, 0.4643545367854607919, 0.4670784500627876423, 0.4855543320873984547, 0.4874746266155715047, 0.5000000000000001110, 0.5125253733844284953, 0.5144456679126017118, 0.5329215499372124132, 0.5356454632145394301, 0.5629406781356941503, 0.5658109232255926768, 0.6018841381740089869, 0.6045353636720101065, 0.6481885228034960367, 0.6504351750347387995, 0.6997619066744130700, 0.7015420924452966389, 0.7541370066483340517, 0.7554654443990895807, 0.8086257411862511901, 0.8095562991099484185, 0.8604906915851070481, 0.8610939667804474729, 0.9071096552572089911, 0.9074622505925599159, 0.9461165435049897487, 0.9462942583527024221, 0.9755186309465009309, 0.9755890239436393330, 0.9937980371008113822, 0.9938140797355320410, 1.000000000000000000 ),
 ( 0.000000000000000000, 1.000000000000000000 ),
 .UNSPECIFIED. ) ;
#6708 = CARTESIAN_POINT ( 'NONE',  ( -36.07334018333741454, 174.1961081890134153, 29.68759046701149984 ) ) ;
#6709 = CARTESIAN_POINT ( 'NONE',  ( 49.95706216199204874, 261.9560307230838134, -2.071950637384306404 ) ) ;
#6710 = VERTEX_POINT ( 'NONE', #1161 ) ;
#6711 = EDGE_LOOP ( 'NONE', ( #5298, #7964 ) ) ;
#6712 = CARTESIAN_POINT ( 'NONE',  ( -49.05663547162955496, 89.40149471062304087, -41.45303252024855567 ) ) ;
#6713 = DIRECTION ( 'NONE',  ( 0.000000000000000000, -1.000000000000000000, 0.000000000000000000 ) ) ;
#6714 = CARTESIAN_POINT ( 'NONE',  ( -52.48213096559379665, 114.3360710321864815, 0.000000000000000000 ) ) ;
#6715 = CARTESIAN_POINT ( 'NONE',  ( -22.38493649053892298, 264.0000000000000000, -43.77184732581592641 ) ) ;
#6716 = CARTESIAN_POINT ( 'NONE',  ( -44.93779350453365851, 52.88466077438589963, 45.57187448734442370 ) ) ;
#6717 = CARTESIAN_POINT ( 'NONE',  ( 27.19834591289387049, 166.8763353538258514, -38.56258473745504745 ) ) ;
#6718 = CARTESIAN_POINT ( 'NONE',  ( 29.92843488487936909, 79.96170033941575639, -40.05907280636127865 ) ) ;
#6719 = CARTESIAN_POINT ( 'NONE',  ( -46.99255975965463250, 211.3549315430131230, 0.8397189570709606699 ) ) ;
#6720 = CARTESIAN_POINT ( 'NONE',  ( 42.41484396826349723, 142.8363999835755180, 26.47683376497494123 ) ) ;
#6721 = CARTESIAN_POINT ( 'NONE',  ( -27.32702615385185396, 80.61020279584469961, 38.43390449649707108 ) ) ;
#6722 = CARTESIAN_POINT ( 'NONE',  ( -40.57183789878039448, 143.4569695494772930, -49.93783009309771614 ) ) ;
#6723 = CARTESIAN_POINT ( 'NONE',  ( 30.94645188787811207, 48.51213425699023674, 34.81447876247082718 ) ) ;
#6724 = EDGE_LOOP ( 'NONE', ( #7291, #616, #2945, #3525, #3845, #8688, #1028, #7807, #590 ) ) ;
#6725 = CARTESIAN_POINT ( 'NONE',  ( 32.88046532517446252, 57.99999999999999289, -32.88046532517446252 ) ) ;
#6726 = DIRECTION ( 'NONE',  ( -1.000000000000000000, 0.000000000000000000, 0.000000000000000000 ) ) ;
#6727 = EDGE_LOOP ( 'NONE', ( #8997, #2710 ) ) ;
#6728 = CARTESIAN_POINT ( 'NONE',  ( 42.78460399787551438, 155.3921848145515128, -47.72506399400257493 ) ) ;
#6729 = CARTESIAN_POINT ( 'NONE',  ( 38.00000000000000000, 320.0000000000000000, -21.00000000000000000 ) ) ;
#6730 = CARTESIAN_POINT ( 'NONE',  ( -29.29356565747520236, 173.1609393494194080, -36.46736499287372624 ) ) ;
#6731 = EDGE_CURVE ( 'NONE', #7729, #4334, #9294, .T. ) ;
#6732 = CARTESIAN_POINT ( 'NONE',  ( -31.07117060072573622, 174.4941600914320645, -35.26586455544638454 ) ) ;
#6733 = CARTESIAN_POINT ( 'NONE',  ( 40.57183789878038027, 143.4569695494772361, -49.93783009309771614 ) ) ;
#6734 = EDGE_LOOP ( 'NONE', ( #2855, #6397, #9126, #1664 ) ) ;
#6735 = CARTESIAN_POINT ( 'NONE',  ( -44.58347426246772471, 55.93620152028918824, 45.92619372941037170 ) ) ;
#6736 = EDGE_CURVE ( 'NONE', #2557, #6905, #6579, .T. ) ;
#6737 = ORIENTED_EDGE ( 'NONE', *, *, #623, .T. ) ;
#6738 = ORIENTED_EDGE ( 'NONE', *, *, #7103, .T. ) ;
#6739 = AXIS2_PLACEMENT_3D ( 'NONE', #6412, #6364, #3357 ) ;
#6740 = CARTESIAN_POINT ( 'NONE',  ( -47.31597781508198608, 69.12979561808752749, 43.19369017679610323 ) ) ;
#6741 = APPLICATION_PROTOCOL_DEFINITION ( 'international standard', 'config_control_design', 1994, #8265 ) ;
#6742 = CARTESIAN_POINT ( 'NONE',  ( 48.14642419775778848, 153.8348667856812142, 42.36324379412032215 ) ) ;
#6743 = CARTESIAN_POINT ( 'NONE',  ( 39.75138694003535278, 95.69680212022356613, 26.00954371031358647 ) ) ;
#6744 = FACE_OUTER_BOUND ( 'NONE', #6781, .T. ) ;
#6745 = CIRCLE ( 'NONE', #7993, 50.00000000000000000 ) ;
#6746 = CARTESIAN_POINT ( 'NONE',  ( -5.898476220809131476, 268.0000000000000000, 48.03923373943999309 ) ) ;
#6747 = CARTESIAN_POINT ( 'NONE',  ( -44.58347426246773182, 55.93620152028918113, -45.92619372941037170 ) ) ;
#6748 = EDGE_LOOP ( 'NONE', ( #8695, #6050, #8687, #8628, #8192, #4212, #2765, #8101, #6808, #8315, #2063, #1690, #3684, #5545, #713, #3394, #5773, #3453, #7798, #7593, #389, #7032, #8983, #9479, #4977, #4941, #2110, #6431, #2413 ) ) ;
#6749 = LINE ( 'NONE', #5918, #6452 ) ;
#6750 = CARTESIAN_POINT ( 'NONE',  ( 24.96626355950889931, 111.3121957717727071, -40.79466709084002218 ) ) ;
#6751 = CIRCLE ( 'NONE', #3962, 153.2499806421508879 ) ;
#6752 = CARTESIAN_POINT ( 'NONE',  ( 47.21198853989326238, 264.0000000000000000, -11.94646969229768452 ) ) ;
#6753 = CARTESIAN_POINT ( 'NONE',  ( 0.000000000000000000, 57.99999999999999289, 0.000000000000000000 ) ) ;
#6754 = ORIENTED_EDGE ( 'NONE', *, *, #7223, .F. ) ;
#6755 = VECTOR ( 'NONE', #699, 1000.000000000000000 ) ;
#6756 = CARTESIAN_POINT ( 'NONE',  ( -43.97682058470661559, 61.44371818057052792, 46.53284740717148082 ) ) ;
#6757 = CARTESIAN_POINT ( 'NONE',  ( 41.19064070390658117, 148.1781441586250878, -49.31902728797151525 ) ) ;
#6758 = AXIS2_PLACEMENT_3D ( 'NONE', #6247, #7906, #3294 ) ;
#6759 = EDGE_CURVE ( 'NONE', #3429, #7021, #2439, .T. ) ;
#6760 = CYLINDRICAL_SURFACE ( 'NONE', #4598, 47.10000000000000142 ) ;
#6761 = AXIS2_PLACEMENT_3D ( 'NONE', #8093, #5904, #8780 ) ;
#6762 = CARTESIAN_POINT ( 'NONE',  ( 49.99870942634268545, 267.4651755875580648, -0.3634636597862637708 ) ) ;
#6763 = VECTOR ( 'NONE', #2679, 1000.000000000000114 ) ;
#6764 = ORIENTED_EDGE ( 'NONE', *, *, #7281, .T. ) ;
#6765 = VERTEX_POINT ( 'NONE', #7049 ) ;
#6766 = CARTESIAN_POINT ( 'NONE',  ( -38.56258473745505455, 166.8763353538258514, -27.19834591289388470 ) ) ;
#6767 = DIRECTION ( 'NONE',  ( -0.8660254037844383745, 0.000000000000000000, 0.5000000000000004441 ) ) ;
#6768 = CARTESIAN_POINT ( 'NONE',  ( -49.99956292605768482, 267.5775568380034883, -0.2167406219662277311 ) ) ;
#6769 = AXIS2_PLACEMENT_3D ( 'NONE', #1491, #7371, #8927 ) ;
#6770 = LINE ( 'NONE', #8080, #8490 ) ;
#6771 = CARTESIAN_POINT ( 'NONE',  ( -49.58005470913413149, 96.97051065983893636, 40.92961328274396493 ) ) ;
#6772 = AXIS2_PLACEMENT_3D ( 'NONE', #5635, #5693, #3418 ) ;
#6773 = CARTESIAN_POINT ( 'NONE',  ( 37.25277915899235381, 171.2031378497270566, -28.50815149135656767 ) ) ;
#6774 = FACE_OUTER_BOUND ( 'NONE', #5221, .T. ) ;
#6775 = EDGE_CURVE ( 'NONE', #9189, #8763, #3459, .T. ) ;
#6776 = FACE_OUTER_BOUND ( 'NONE', #2930, .T. ) ;
#6777 = CARTESIAN_POINT ( 'NONE',  ( 40.00232266548417925, 165.1521464230369247, 29.99793184607305818 ) ) ;
#6778 = CARTESIAN_POINT ( 'NONE',  ( -38.73382223729372242, 268.0000000000000000, -29.18802862287433086 ) ) ;
#6779 = CARTESIAN_POINT ( 'NONE',  ( -24.39235554936074735, 141.0186408901463722, -41.36857510098818835 ) ) ;
#6780 = CARTESIAN_POINT ( 'NONE',  ( 40.92961328274397204, 96.97051065983893636, 49.58005470913415280 ) ) ;
#6781 = EDGE_LOOP ( 'NONE', ( #8722, #1919, #545, #8766 ) ) ;
#6782 = AXIS2_PLACEMENT_3D ( 'NONE', #8127, #101, #5984 ) ;
#6783 = CARTESIAN_POINT ( 'NONE',  ( 47.10000000000000142, 39.50000000000000000, 2.500000000000000000 ) ) ;
#6784 = CARTESIAN_POINT ( 'NONE',  ( 5.939536975864663363E-15, 263.0000000000000000, 48.50000000000000000 ) ) ;
#6785 = ORIENTED_EDGE ( 'NONE', *, *, #1698, .T. ) ;
#6786 = CARTESIAN_POINT ( 'NONE',  ( 49.82615309694460137, 100.9687423887486943, -40.68351489493349504 ) ) ;
#6787 = CARTESIAN_POINT ( 'NONE',  ( -33.28693591194103618, 171.3761559227131954, 37.31012873558915288 ) ) ;
#6788 = CARTESIAN_POINT ( 'NONE',  ( -41.59764216673602277, 150.5005888525397495, -48.91202582514209496 ) ) ;
#6789 = CARTESIAN_POINT ( 'NONE',  ( -38.90225724876550828, 85.63114929373708151, -26.85867340158342742 ) ) ;
#6790 = CARTESIAN_POINT ( 'NONE',  ( 42.78460399787551438, 155.3921848145515128, -47.72506399400257493 ) ) ;
#6791 = CARTESIAN_POINT ( 'NONE',  ( -43.19369017679609613, 69.12979561808754170, 47.31597781508198608 ) ) ;
#6792 = ORIENTED_EDGE ( 'NONE', *, *, #8816, .T. ) ;
#6793 = VERTEX_POINT ( 'NONE', #2633 ) ;
#6794 = CARTESIAN_POINT ( 'NONE',  ( -45.25483399593903755, 158.6226686892998146, 45.25483399593904466 ) ) ;
#6795 = COORDINATED_UNIVERSAL_TIME_OFFSET ( 12, 0, .AHEAD. ) ;
#6796 = CARTESIAN_POINT ( 'NONE',  ( 28.50815149135656767, 171.2031378497270850, 37.25277915899236092 ) ) ;
#6797 = CARTESIAN_POINT ( 'NONE',  ( 45.57187448734443791, 52.88466077438589963, 44.93779350453366561 ) ) ;
#6798 = EDGE_CURVE ( 'NONE', #8515, #314, #1363, .T. ) ;
#6799 = CARTESIAN_POINT ( 'NONE',  ( -47.00000000000000000, 251.9412599742291263, -3.265112851063870281 ) ) ;
#6800 = EDGE_CURVE ( 'NONE', #2557, #55, #2643, .T. ) ;
#6801 = CARTESIAN_POINT ( 'NONE',  ( 38.15377554675346516, 60.02193514452968515, -32.32732609223437237 ) ) ;
#6802 = CARTESIAN_POINT ( 'NONE',  ( -24.37365805196744262, 126.6764942988443892, -41.38727259838150019 ) ) ;
#6803 = VERTEX_POINT ( 'NONE', #1951 ) ;
#6804 = CARTESIAN_POINT ( 'NONE',  ( -41.00000000000000000, 320.0000000000000000, -18.00000000000000000 ) ) ;
#6805 = CARTESIAN_POINT ( 'NONE',  ( 40.92961328274395783, 96.97051065983893636, -49.58005470913413859 ) ) ;
#6806 = LINE ( 'NONE', #1551, #5181 ) ;
#6807 = CARTESIAN_POINT ( 'NONE',  ( -30.12822377908832649, 54.97802726448586697, -35.63270687126060210 ) ) ;
#6808 = ORIENTED_EDGE ( 'NONE', *, *, #1108, .F. ) ;
#6809 = CARTESIAN_POINT ( 'NONE',  ( -26.00954371031357582, 95.69680212022356613, 39.75138694003534567 ) ) ;
#6810 = CARTESIAN_POINT ( 'NONE',  ( 38.43390449649705687, 80.61020279584469961, -27.32702615385185752 ) ) ;
#6811 = EDGE_CURVE ( 'NONE', #1700, #2617, #8025, .T. ) ;
#6812 = CYLINDRICAL_SURFACE ( 'NONE', #5371, 46.70000000000000284 ) ;
#6813 = CARTESIAN_POINT ( 'NONE',  ( 49.94846284984168250, 260.2981675196358538, -2.273600943800367702 ) ) ;
#6814 = EDGE_LOOP ( 'NONE', ( #6085, #5093, #5579, #8439, #2047, #1649 ) ) ;
#6815 = ORIENTED_EDGE ( 'NONE', *, *, #718, .T. ) ;
#6816 = CARTESIAN_POINT ( 'NONE',  ( -24.96626355950891352, 111.3121957717727071, -40.79466709084002218 ) ) ;
#6817 = FACE_OUTER_BOUND ( 'NONE', #659, .T. ) ;
#6818 = EDGE_CURVE ( 'NONE', #2865, #5692, #480, .T. ) ;
#6819 = FACE_OUTER_BOUND ( 'NONE', #1600, .T. ) ;
#6820 = CARTESIAN_POINT ( 'NONE',  ( -34.23080655015913010, 264.0000000000000000, -35.20031083563868179 ) ) ;
#6821 = CARTESIAN_POINT ( 'NONE',  ( -47.03874315999061650, 66.31954352124841989, 43.47092483188747281 ) ) ;
#6822 = B_SPLINE_CURVE_WITH_KNOTS ( 'NONE', 3,
 ( #6000, #8143, #8921, #8975, #654, #2905, #7363, #5860, #2267, #1484, #2316, #5129, #706, #3676, #4452, #7418, #4310, #2416, #8433, #7656, #3245, #3963, #1729, #9164, #3096, #897, #1774, #3871, #4543, #3820, #116, #3917, #8342, #6195, #994, #6935, #6147, #6835, #6243, #7509, #306, #260, #846, #7564, #2513, #4596, #6883, #207, #3290, #161, #4692, #9212, #6787, #5464, #4739, #2467, #7712, #1628, #8292, #1048, #3145, #4644, #6090, #5369, #2562, #9067, #8243, #1579, #6044, #948, #4015, #7611, #8384, #9023, #1683, #6982, #3194, #9120, #2365, #5416, #5315, #1283, #7949, #4250, #5708, #4982, #8631, #4882, #8580, #1921, #7220, #8681 ),
 .UNSPECIFIED., .F., .F.,
 ( 4, 2, 2, 2, 2, 2, 2, 2, 2, 2, 2, 2, 2, 2, 2, 2, 2, 2, 2, 2, 2, 2, 2, 2, 2, 2, 2, 2, 2, 2, 2, 2, 2, 2, 2, 2, 2, 2, 2, 2, 2, 2, 2, 2, 2, 4 ),
 ( 0.000000000000000000, 0.01529258496823012597, 0.03058516993646025195, 0.04587775490469037792, 0.06117033987292050390, 0.06881663235703559811, 0.07646292484115072008, 0.08410921732526585592, 0.09175550980938099177, 0.09940180229349612762, 0.1070480947776112496, 0.1089596678986399780, 0.1108712410196687204, 0.1127828141406974627, 0.1146943872617262050, 0.1156501738222405762, 0.1166059603827549473, 0.1175617469432693185, 0.1185175335037836758, 0.1194733200642980470, 0.1204291066248124181, 0.1213848931853267893, 0.1218627864655839610, 0.1223406797458411466, 0.1232964663063555177, 0.1242522528668699028, 0.1252080394273842878, 0.1261638259878986590, 0.1271196125484130579, 0.1280753991089274291, 0.1299869722299561714, 0.1318985453509849137, 0.1338101184720136561, 0.1376332647140711130, 0.1414564109561286254, 0.1452795571981860823, 0.1491027034402435669, 0.1529258496823010516, 0.1605721421664161042, 0.1682184346505311567, 0.1758647271346462371, 0.1835110196187612897, 0.1988036045869913948, 0.2140961895552215555, 0.2293887745234516606, 0.2446813594916817935 ),
 .UNSPECIFIED. ) ;
#6823 = CARTESIAN_POINT ( 'NONE',  ( 41.46658174736684543, 131.8280114082709815, -24.29434890298207250 ) ) ;
#6824 = CARTESIAN_POINT ( 'NONE',  ( 33.10233586292772401, 175.4862839454919197, -33.36570883844861868 ) ) ;
#6825 = EDGE_CURVE ( 'NONE', #6556, #2749, #2250, .T. ) ;
#6826 = CARTESIAN_POINT ( 'NONE',  ( 33.65753773153345207, 49.45210526212274971, -36.87847621481377303 ) ) ;
#6827 = CARTESIAN_POINT ( 'NONE',  ( 38.11112295582793763, 170.3459842883284523, 32.36658742415065859 ) ) ;
#6828 = CARTESIAN_POINT ( 'NONE',  ( 30.53588494905745776, 51.75724084996459595, 35.22504570129147794 ) ) ;
#6829 = CARTESIAN_POINT ( 'NONE',  ( 27.32702615385186462, 80.61020279584469961, 38.43390449649707108 ) ) ;
#6830 = ORIENTED_EDGE ( 'NONE', *, *, #7538, .T. ) ;
#6831 = CARTESIAN_POINT ( 'NONE',  ( -31.88379191188692729, 169.6337938413718121, -38.51580684762058837 ) ) ;
#6832 = DIRECTION ( 'NONE',  ( -0.8660254037844384856, 0.000000000000000000, 0.5000000000000004441 ) ) ;
#6833 = ORIENTED_EDGE ( 'NONE', *, *, #1731, .F. ) ;
#6834 = CARTESIAN_POINT ( 'NONE',  ( 42.36324379412030794, 153.8348667856812142, -48.14642419775778848 ) ) ;
#6835 = CARTESIAN_POINT ( 'NONE',  ( -37.29700715359990681, 171.3897812519024342, 33.30164342621064577 ) ) ;
#6836 = CARTESIAN_POINT ( 'NONE',  ( -39.22375858382816460, 163.8347417721553541, -26.53717206652077110 ) ) ;
#6837 = EDGE_CURVE ( 'NONE', #3915, #1736, #6502, .T. ) ;
#6838 = CARTESIAN_POINT ( 'NONE',  ( -45.77674598141886975, 54.62836855260160718, -44.73292201045924088 ) ) ;
#6839 = CARTESIAN_POINT ( 'NONE',  ( 33.17716150233879802, 36.58494384897175422, -32.58376914801011992 ) ) ;
#6840 = CIRCLE ( 'NONE', #1718, 47.10000000000000142 ) ;
#6841 = CARTESIAN_POINT ( 'NONE',  ( -26.85867340158341321, 85.63114929373708151, 38.90225724876551539 ) ) ;
#6842 = ORIENTED_EDGE ( 'NONE', *, *, #4599, .T. ) ;
#6843 = VERTEX_POINT ( 'NONE', #624 ) ;
#6844 = CARTESIAN_POINT ( 'NONE',  ( -41.46658174736684543, 131.8280114082709815, 24.29434890298207605 ) ) ;
#6845 = DATE_AND_TIME ( #72, #6284 ) ;
#6846 = CARTESIAN_POINT ( 'NONE',  ( 25.61039644484207756, 101.0166046022987985, 40.15053420550685814 ) ) ;
#6847 = CARTESIAN_POINT ( 'NONE',  ( 27.19834591289388470, 166.8763353538258514, 38.56258473745506166 ) ) ;
#6848 = DIRECTION ( 'NONE',  ( 0.000000000000000000, 0.5429190384632399669, -0.8397850425401437446 ) ) ;
#6849 = VECTOR ( 'NONE', #966, 1000.000000000000114 ) ;
#6850 = LINE ( 'NONE', #6994, #3506 ) ;
#6851 = DIRECTION ( 'NONE',  ( 0.000000000000000000, -1.000000000000000000, 0.000000000000000000 ) ) ;
#6852 = ORIENTED_EDGE ( 'NONE', *, *, #347, .F. ) ;
#6853 = CARTESIAN_POINT ( 'NONE',  ( 45.77674598141886264, 54.62836855260158586, 44.73292201045924799 ) ) ;
#6854 = CARTESIAN_POINT ( 'NONE',  ( -30.50535599403126952, 51.99999999999998579, 35.25557465562760484 ) ) ;
#6855 = CARTESIAN_POINT ( 'NONE',  ( -49.36117220004904738, 93.39148535881982127, 41.14849579182904193 ) ) ;
#6856 = CARTESIAN_POINT ( 'NONE',  ( -29.29356565747520236, 173.1609393494194080, -36.46736499287372624 ) ) ;
#6857 = ADVANCED_FACE ( 'NONE', ( #7334 ), #811, .F. ) ;
#6858 = ORIENTED_EDGE ( 'NONE', *, *, #8827, .F. ) ;
#6859 = CARTESIAN_POINT ( 'NONE',  ( -31.08035469695841968, 175.3233815820528605, 34.68057595339050891 ) ) ;
#6860 = CARTESIAN_POINT ( 'NONE',  ( 50.38968031787177893, 112.7299032302373263, -40.11998767400631749 ) ) ;
#6861 = CARTESIAN_POINT ( 'NONE',  ( -33.95194050901731231, 264.0000000000000000, -34.91354659257850557 ) ) ;
#6862 = CARTESIAN_POINT ( 'NONE',  ( 49.88547651274106443, 243.6474928674390981, -3.382432060712637689 ) ) ;
#6863 = EDGE_CURVE ( 'NONE', #2244, #1352, #3597, .T. ) ;
#6864 = ORIENTED_EDGE ( 'NONE', *, *, #247, .T. ) ;
#6865 = EDGE_CURVE ( 'NONE', #7618, #1274, #666, .T. ) ;
#6866 = VERTEX_POINT ( 'NONE', #5099 ) ;
#6867 = CARTESIAN_POINT ( 'NONE',  ( 32.67640373118162955, 42.63100733527210906, 33.08452691916733812 ) ) ;
#6868 = LINE ( 'NONE', #2451, #1163 ) ;
#6869 = CARTESIAN_POINT ( 'NONE',  ( -49.89327691670025899, 219.1586073467193501, 3.268112194681045857 ) ) ;
#6870 = CARTESIAN_POINT ( 'NONE',  ( -28.21356056934323675, 145.5000000000000000, 34.01183617507293633 ) ) ;
#6871 = CARTESIAN_POINT ( 'NONE',  ( -48.18764232538011782, 78.60787726850114154, 42.32202566649796438 ) ) ;
#6872 = CARTESIAN_POINT ( 'NONE',  ( 33.09259735953042281, 36.00000000000000000, -32.66833329081849513 ) ) ;
#6873 = DIRECTION ( 'NONE',  ( -0.5000000000000003331, 0.000000000000000000, -0.8660254037844383745 ) ) ;
#6874 = CARTESIAN_POINT ( 'NONE',  ( 34.51648671455647133, 38.38965361115109687, -34.94075078326840611 ) ) ;
#6875 = CARTESIAN_POINT ( 'NONE',  ( 37.80954862241100756, 170.7839353711409558, 32.71836957137322344 ) ) ;
#6876 = CARTESIAN_POINT ( 'NONE',  ( 35.22013773123447322, 39.76829606710786891, 34.44339648251114028 ) ) ;
#6877 = CARTESIAN_POINT ( 'NONE',  ( 49.31902728797151525, 148.1781441586251162, 41.19064070390659538 ) ) ;
#6878 = ORIENTED_EDGE ( 'NONE', *, *, #6736, .F. ) ;
#6879 = DIRECTION ( 'NONE',  ( -0.7071067811865474617, 0.000000000000000000, 0.7071067811865474617 ) ) ;
#6880 = LINE ( 'NONE', #2464, #77 ) ;
#6881 = VERTEX_POINT ( 'NONE', #7381 ) ;
#6882 = CARTESIAN_POINT ( 'NONE',  ( 33.26194495473986734, 37.17140469785623935, -32.49898569560905059 ) ) ;
#6883 = CARTESIAN_POINT ( 'NONE',  ( -35.11778775205961267, 172.3871567451911062, 35.59165798699492456 ) ) ;
#6884 = DIRECTION ( 'NONE',  ( 0.7071067811865474617, 0.000000000000000000, 0.7071067811865474617 ) ) ;
#6885 = ADVANCED_FACE ( 'NONE', ( #1500 ), #8796, .T. ) ;
#6886 = CARTESIAN_POINT ( 'NONE',  ( -38.56258473745505455, 166.8763353538258514, -27.19834591289388470 ) ) ;
#6887 = CARTESIAN_POINT ( 'NONE',  ( 33.59269824446733566, 39.48056780803440091, -32.16823240588158228 ) ) ;
#6888 = CARTESIAN_POINT ( 'NONE',  ( -30.94645188787809786, 48.51213425699024384, 34.81447876247082007 ) ) ;
#6889 = ORIENTED_EDGE ( 'NONE', *, *, #7103, .F. ) ;
#6890 = ORIENTED_EDGE ( 'NONE', *, *, #6837, .T. ) ;
#6891 = LINE ( 'NONE', #3343, #6685 ) ;
#6892 =( LENGTH_UNIT ( ) NAMED_UNIT ( * ) SI_UNIT ( .MILLI., .METRE. ) );
#6893 = CARTESIAN_POINT ( 'NONE',  ( 40.28617701406468399, 108.7025900201346502, 50.22349097781342664 ) ) ;
#6894 = CARTESIAN_POINT ( 'NONE',  ( 45.77674598141886264, 54.62836855260158586, 44.73292201045924799 ) ) ;
#6895 = CARTESIAN_POINT ( 'NONE',  ( 31.68079750501921765, 43.01938834715467408, 34.08013314532970384 ) ) ;
#6896 = CARTESIAN_POINT ( 'NONE',  ( 41.23134657391845792, 158.7821440013703125, -28.29327770100769612 ) ) ;
#6897 = PLANE ( 'NONE',  #7686 ) ;
#6898 = ORIENTED_EDGE ( 'NONE', *, *, #4778, .T. ) ;
#6899 = CARTESIAN_POINT ( 'NONE',  ( 40.11998767400631749, 112.7299032302373121, 50.38968031787179314 ) ) ;
#6900 = ADVANCED_FACE ( 'NONE', ( #1449 ), #3780, .F. ) ;
#6901 = CARTESIAN_POINT ( 'NONE',  ( 40.79466709084000797, 111.3121957717727071, -24.96626355950890641 ) ) ;
#6902 = LINE ( 'NONE', #229, #7519 ) ;
#6903 = CARTESIAN_POINT ( 'NONE',  ( -31.31356217171365230, 45.71524904810724621, -34.44736847863528340 ) ) ;
#6904 = B_SPLINE_CURVE_WITH_KNOTS ( 'NONE', 3,
 ( #1909, #6917, #6279, #243, #2497 ),
 .UNSPECIFIED., .F., .F.,
 ( 4, 1, 4 ),
 ( 0.8684778415223446402, 0.9074622505925599159, 0.9227094383390386234 ),
 .UNSPECIFIED. ) ;
#6905 = VERTEX_POINT ( 'NONE', #4366 ) ;
#6906 = CARTESIAN_POINT ( 'NONE',  ( 0.000000000000000000, 35.50000000000000000, 0.000000000000000000 ) ) ;
#6907 = CARTESIAN_POINT ( 'NONE',  ( 84.99999999999998579, 212.0000000000000000, -1.050000000000000044 ) ) ;
#6908 = DIRECTION ( 'NONE',  ( -0.000000000000000000, -1.000000000000000000, -0.000000000000000000 ) ) ;
#6909 = CARTESIAN_POINT ( 'NONE',  ( 49.94173754644742758, 196.9203548972782016, -2.421102335063152200 ) ) ;
#6910 = CIRCLE ( 'NONE', #2729, 47.10000000000000142 ) ;
#6911 = AXIS2_PLACEMENT_3D ( 'NONE', #5776, #3413, #4915 ) ;
#6912 = CIRCLE ( 'NONE', #1009, 48.70000000000000284 ) ;
#6913 = VERTEX_POINT ( 'NONE', #6651 ) ;
#6914 = ADVANCED_FACE ( 'NONE', ( #6559 ), #763, .F. ) ;
#6915 = CARTESIAN_POINT ( 'NONE',  ( -28.75104949436352442, 66.80701258836774059, -37.00988115598541128 ) ) ;
#6916 = DIRECTION ( 'NONE',  ( 0.7071067811865475727, 0.000000000000000000, -0.7071067811865475727 ) ) ;
#6917 = CARTESIAN_POINT ( 'NONE',  ( 28.43010472206638894, 69.78879219390020694, 37.33082592828253610 ) ) ;
#6918 = CARTESIAN_POINT ( 'NONE',  ( 0.000000000000000000, 57.99999999999999289, 46.99996213765929554 ) ) ;
#6919 = CARTESIAN_POINT ( 'NONE',  ( -49.82615309694459427, 100.9687423887486943, 40.68351489493349504 ) ) ;
#6920 = EDGE_CURVE ( 'NONE', #1336, #140, #7476, .T. ) ;
#6921 = AXIS2_PLACEMENT_3D ( 'NONE', #8800, #3602, #5833 ) ;
#6922 = LINE ( 'NONE', #195, #6466 ) ;
#6923 = VECTOR ( 'NONE', #340, 1000.000000000000000 ) ;
#6924 = CARTESIAN_POINT ( 'NONE',  ( -24.37365805196742130, 126.6764942988443892, 41.38727259838148598 ) ) ;
#6925 = CARTESIAN_POINT ( 'NONE',  ( 31.68079750502943881, 43.01938834714778181, -34.08013314531949334 ) ) ;
#6926 = VECTOR ( 'NONE', #1468, 1000.000000000000114 ) ;
#6927 = FACE_OUTER_BOUND ( 'NONE', #7947, .T. ) ;
#6928 = CARTESIAN_POINT ( 'NONE',  ( 30.12822377908833005, 54.97802726448587407, 35.63270687126060210 ) ) ;
#6929 = VERTEX_POINT ( 'NONE', #3735 ) ;
#6930 = CARTESIAN_POINT ( 'NONE',  ( -33.91249852950977584, 171.8815705400370746, -36.74262150299936280 ) ) ;
#6931 = DIRECTION ( 'NONE',  ( 0.000000000000000000, 0.000000000000000000, 1.000000000000000000 ) ) ;
#6932 = VERTEX_POINT ( 'NONE', #5188 ) ;
#6933 = CARTESIAN_POINT ( 'NONE',  ( -108.0000000000000000, 221.3340369568884398, -0.7072749410835352801 ) ) ;
#6934 = VECTOR ( 'NONE', #2666, 1000.000000000000114 ) ;
#6935 = CARTESIAN_POINT ( 'NONE',  ( -37.80070851026098211, 170.7959266676741379, 32.72860058173907305 ) ) ;
#6936 = CARTESIAN_POINT ( 'NONE',  ( -45.51935232921328378, 52.44175755770030634, 44.99031566266479842 ) ) ;
#6937 = VECTOR ( 'NONE', #7198, 999.9999999999998863 ) ;
#6938 = VECTOR ( 'NONE', #1857, 999.9999999999998863 ) ;
#6939 = CARTESIAN_POINT ( 'NONE',  ( -48.76789381400746493, 85.62404022679615423, -41.74177417787065281 ) ) ;
#6940 = FACE_BOUND ( 'NONE', #9073, .T. ) ;
#6941 = CARTESIAN_POINT ( 'NONE',  ( -39.91996775807772480, 130.9941881811295445, 50.58970023380036451 ) ) ;
#6942 = ORIENTED_EDGE ( 'NONE', *, *, #8646, .T. ) ;
#6943 = ORIENTED_EDGE ( 'NONE', *, *, #1014, .T. ) ;
#6944 = CARTESIAN_POINT ( 'NONE',  ( -46.53284740717146661, 61.44371818057052792, 43.97682058470661559 ) ) ;
#6945 = CARTESIAN_POINT ( 'NONE',  ( 26.85867340158342387, 85.63114929373708151, 38.90225724876550828 ) ) ;
#6946 = EDGE_CURVE ( 'NONE', #3118, #4737, #8938, .T. ) ;
#6947 = CARTESIAN_POINT ( 'NONE',  ( 29.67952824767895237, 58.70654625247946967, 36.08140240266998688 ) ) ;
#6948 = CARTESIAN_POINT ( 'NONE',  ( 30.70837199912485005, 167.1820244838756082, 39.45967609107985652 ) ) ;
#6949 = CARTESIAN_POINT ( 'NONE',  ( 33.09259735953042281, 36.00000000000000000, -32.66833329081849513 ) ) ;
#6950 = DIRECTION ( 'NONE',  ( -0.8660254037844383745, 0.000000000000000000, 0.5000000000000004441 ) ) ;
#6951 = CARTESIAN_POINT ( 'NONE',  ( 45.50000000000000000, 320.0000000000000000, -18.00000000000000000 ) ) ;
#6952 = ORIENTED_EDGE ( 'NONE', *, *, #5389, .T. ) ;
#6953 = CARTESIAN_POINT ( 'NONE',  ( 41.20721490222918959, 145.7020373835961493, 24.55371574811973545 ) ) ;
#6954 = CARTESIAN_POINT ( 'NONE',  ( 25.10761244709872031, 153.6225640485288011, -40.65331820325020118 ) ) ;
#6955 = CARTESIAN_POINT ( 'NONE',  ( 37.25696021647664935, 52.22473461303811604, -33.34895851616636264 ) ) ;
#6956 = CARTESIAN_POINT ( 'NONE',  ( -50.17042213900460013, 140.4589426390626272, -40.33924585287351761 ) ) ;
#6957 = VERTEX_POINT ( 'NONE', #2919 ) ;
#6958 = CARTESIAN_POINT ( 'NONE',  ( -45.77674598141884843, 54.62836855260160718, 44.73292201045924088 ) ) ;
#6959 = CARTESIAN_POINT ( 'NONE',  ( 0.000000000000000000, 264.0000000000000000, 0.000000000000000000 ) ) ;
#6960 = DIRECTION ( 'NONE',  ( -0.6971651028545647888, 0.000000000000000000, -0.7169106076504824232 ) ) ;
#6961 = EDGE_CURVE ( 'NONE', #9189, #4156, #9625, .T. ) ;
#6962 = CARTESIAN_POINT ( 'NONE',  ( 37.14638582585607907, 171.4065011673017125, 28.79566584424679831 ) ) ;
#6963 = CARTESIAN_POINT ( 'NONE',  ( -34.81447876247081297, 48.51213425699023674, 30.94645188787810497 ) ) ;
#6964 = EDGE_LOOP ( 'NONE', ( #1900, #7093, #5459 ) ) ;
#6965 = CARTESIAN_POINT ( 'NONE',  ( -31.92684771948880851, 41.21309918220622137, -33.83408293086012719 ) ) ;
#6966 = CARTESIAN_POINT ( 'NONE',  ( 33.08728236088434471, 42.63130802165809996, -32.67364828946458033 ) ) ;
#6967 = LINE ( 'NONE', #4867, #4561 ) ;
#6968 = DIRECTION ( 'NONE',  ( 0.000000000000000000, 1.000000000000000000, 0.000000000000000000 ) ) ;
#6969 = CARTESIAN_POINT ( 'NONE',  ( 47.00000000000000711, 167.6150733960353136, -0.7962789259304910994 ) ) ;
#6970 = CARTESIAN_POINT ( 'NONE',  ( 45.46696603029500494, 52.00000000000000000, -45.04270196158308437 ) ) ;
#6971 = CARTESIAN_POINT ( 'NONE',  ( -25.61039644484207045, 101.0166046022987985, 40.15053420550685104 ) ) ;
#6972 = EDGE_CURVE ( 'NONE', #5124, #5414, #5240, .T. ) ;
#6973 = CARTESIAN_POINT ( 'NONE',  ( 33.34895851616626317, 52.22473461303809472, 37.25696021647656409 ) ) ;
#6974 = CARTESIAN_POINT ( 'NONE',  ( -33.09259735953043702, 36.00000000000000000, -32.66833329081850223 ) ) ;
#6975 = CARTESIAN_POINT ( 'NONE',  ( -25.16506350946111681, 39.50000000000000000, -38.58716857408416701 ) ) ;
#6976 = EDGE_LOOP ( 'NONE', ( #2347, #9480, #7654, #4243 ) ) ;
#6977 = CARTESIAN_POINT ( 'NONE',  ( -35.25181839959305563, 172.4006591004282711, -35.45892271380974847 ) ) ;
#6978 = DIRECTION ( 'NONE',  ( -0.8660254037844382635, 0.000000000000000000, 0.5000000000000004441 ) ) ;
#6979 = EDGE_CURVE ( 'NONE', #4339, #3891, #6471, .T. ) ;
#6980 = ORIENTED_EDGE ( 'NONE', *, *, #2645, .F. ) ;
#6981 = DIRECTION ( 'NONE',  ( -0.8660254037844383745, 0.000000000000000000, 0.5000000000000004441 ) ) ;
#6982 = CARTESIAN_POINT ( 'NONE',  ( -26.47683376497551677, 142.8363999835868015, 42.41484396826313485 ) ) ;
#6983 = CARTESIAN_POINT ( 'NONE',  ( -39.75138694003533857, 95.69680212022358035, 26.00954371031357582 ) ) ;
#6984 = CARTESIAN_POINT ( 'NONE',  ( -42.78460399787553570, 155.3921848145515412, -47.72506399400257493 ) ) ;
#6985 = CARTESIAN_POINT ( 'NONE',  ( 35.63270687126059499, 54.97802726448586697, -30.12822377908831939 ) ) ;
#6986 = CARTESIAN_POINT ( 'NONE',  ( -23.55000000000002203, 35.50000000000000000, -40.78979651824705144 ) ) ;
#6987 = VERTEX_POINT ( 'NONE', #7293 ) ;
#6988 = ORIENTED_EDGE ( 'NONE', *, *, #2326, .F. ) ;
#6989 = CARTESIAN_POINT ( 'NONE',  ( -21.38493649053889811, 30.00000000000000000, 42.03979651824707986 ) ) ;
#6990 = CARTESIAN_POINT ( 'NONE',  ( 24.37365805196743551, 126.6764942988443892, 41.38727259838150019 ) ) ;
#6991 = CARTESIAN_POINT ( 'NONE',  ( 0.000000000000000000, 35.50000000000000000, 0.000000000000000000 ) ) ;
#6992 = EDGE_CURVE ( 'NONE', #4567, #5313, #8161, .T. ) ;
#6993 = CARTESIAN_POINT ( 'NONE',  ( 45.92619372941036460, 55.93620152028918113, -44.58347426246772471 ) ) ;
#6994 = CARTESIAN_POINT ( 'NONE',  ( -26.16506350946109194, 275.0000000000000000, 40.31921938165306329 ) ) ;
#6995 = DIRECTION ( 'NONE',  ( 0.000000000000000000, 1.000000000000000000, 0.000000000000000000 ) ) ;
#6996 = ORIENTED_EDGE ( 'NONE', *, *, #1514, .F. ) ;
#6997 = CARTESIAN_POINT ( 'NONE',  ( 41.46658174736685254, 131.8280114082709815, 24.29434890298207961 ) ) ;
#6998 = EDGE_CURVE ( 'NONE', #3171, #2688, #2872, .T. ) ;
#6999 = CARTESIAN_POINT ( 'NONE',  ( 41.19064070390658117, 148.1781441586250878, -49.31902728797151525 ) ) ;
#7000 = CARTESIAN_POINT ( 'NONE',  ( -42.35569619307421618, 157.9999999999999716, -48.15397179880389444 ) ) ;
#7001 = CARTESIAN_POINT ( 'NONE',  ( -50.58970023380037873, 130.9941881811295445, -39.91996775807773901 ) ) ;
#7002 = ORIENTED_EDGE ( 'NONE', *, *, #2401, .T. ) ;
#7003 = CARTESIAN_POINT ( 'NONE',  ( -33.17716150233879802, 36.58494384897174712, 32.58376914801011992 ) ) ;
#7004 = CARTESIAN_POINT ( 'NONE',  ( -38.00000000000000000, 275.0000000000000000, -21.00000000000000000 ) ) ;
#7005 = VECTOR ( 'NONE', #4153, 1000.000000000000000 ) ;
#7006 = EDGE_CURVE ( 'NONE', #3899, #7594, #2183, .T. ) ;
#7007 = CARTESIAN_POINT ( 'NONE',  ( -45.50000000000000000, 275.0000000000000000, -18.00000000000000000 ) ) ;
#7008 = CARTESIAN_POINT ( 'NONE',  ( 49.87856882242510181, 236.9688922435076108, -3.482581293847268000 ) ) ;
#7009 = CARTESIAN_POINT ( 'NONE',  ( -45.77674598141884843, 54.62836855260160718, 44.73292201045924088 ) ) ;
#7010 = ORIENTED_EDGE ( 'NONE', *, *, #5949, .T. ) ;
#7011 = LINE ( 'NONE', #9250, #3049 ) ;
#7012 = DIRECTION ( 'NONE',  ( -0.9205048534524403747, -0.000000000000000000, 0.3907311284892737158 ) ) ;
#7013 = DIRECTION ( 'NONE',  ( 0.8660254037844387076, 0.000000000000000000, 0.4999999999999997780 ) ) ;
#7014 = CARTESIAN_POINT ( 'NONE',  ( -13.77070729244089264, 39.50000000000000000, 45.04195400585899023 ) ) ;
#7015 = FACE_OUTER_BOUND ( 'NONE', #2923, .T. ) ;
#7016 = CARTESIAN_POINT ( 'NONE',  ( 47.31597781508198608, 69.12979561808754170, -43.19369017679610323 ) ) ;
#7017 = CARTESIAN_POINT ( 'NONE',  ( -38.56258473745504034, 166.8763353538258514, 27.19834591289388115 ) ) ;
#7018 = FACE_OUTER_BOUND ( 'NONE', #477, .T. ) ;
#7019 = CARTESIAN_POINT ( 'NONE',  ( -38.00000000000000000, 58.00000000000000000, -21.00000000000000000 ) ) ;
#7020 = PLANE ( 'NONE',  #4583 ) ;
#7021 = VERTEX_POINT ( 'NONE', #9227 ) ;
#7022 = LINE ( 'NONE', #6191, #5222 ) ;
#7023 = CARTESIAN_POINT ( 'NONE',  ( -46.99563008875959724, 212.8394559012160698, -0.6454336630384526208 ) ) ;
#7024 = VERTEX_POINT ( 'NONE', #3983 ) ;
#7025 = CARTESIAN_POINT ( 'NONE',  ( -108.0000000000000000, 194.5767617142269614, 0.7496665276302574288 ) ) ;
#7026 = CARTESIAN_POINT ( 'NONE',  ( -5.642550599658322952, 39.50000000000000000, 45.95488682099321665 ) ) ;
#7027 = CARTESIAN_POINT ( 'NONE',  ( -46.53284740717146661, 61.44371818057052792, 43.97682058470661559 ) ) ;
#7028 = CARTESIAN_POINT ( 'NONE',  ( -25.61039644484208466, 101.0166046022987985, -40.15053420550685814 ) ) ;
#7029 = DIRECTION ( 'NONE',  ( 0.000000000000000000, 1.000000000000000000, 0.000000000000000000 ) ) ;
#7030 = CARTESIAN_POINT ( 'NONE',  ( -26.38282558608575812, 275.0000000000000000, 40.69639436232869656 ) ) ;
#7031 = ORIENTED_EDGE ( 'NONE', *, *, #1226, .F. ) ;
#7032 = ORIENTED_EDGE ( 'NONE', *, *, #1462, .F. ) ;
#7033 = CARTESIAN_POINT ( 'NONE',  ( 33.83408293086012719, 41.21309918220622848, 31.92684771948880851 ) ) ;
#7034 = DIRECTION ( 'NONE',  ( 0.000000000000000000, 1.000000000000000000, 0.000000000000000000 ) ) ;
#7035 = DIRECTION ( 'NONE',  ( -0.8660254037844383745, 0.000000000000000000, 0.5000000000000003331 ) ) ;
#7036 = CARTESIAN_POINT ( 'NONE',  ( 49.58005470913413859, 96.97051065983893636, -40.92961328274395783 ) ) ;
#7037 = CARTESIAN_POINT ( 'NONE',  ( 26.52597244525790643, 120.1731893915917198, -42.38377953709482426 ) ) ;
#7038 = CARTESIAN_POINT ( 'NONE',  ( 29.98132752230962694, 176.0000000000000000, 35.77960312803931942 ) ) ;
#7039 = ORIENTED_EDGE ( 'NONE', *, *, #9259, .F. ) ;
#7040 = CARTESIAN_POINT ( 'NONE',  ( 28.75104949436352442, 66.80701258836775480, 37.00988115598541128 ) ) ;
#7041 = CARTESIAN_POINT ( 'NONE',  ( 47.00000000000000000, 210.8546602966869159, 3.077860624859114491 ) ) ;
#7042 = VERTEX_POINT ( 'NONE', #6056 ) ;
#7043 = CARTESIAN_POINT ( 'NONE',  ( 37.49320649782438863, 71.28898199371604960, -28.26772415252453641 ) ) ;
#7044 = CARTESIAN_POINT ( 'NONE',  ( 48.37354648979130189, 200.0000000000000000, -3.500000000000000000 ) ) ;
#7045 = CARTESIAN_POINT ( 'NONE',  ( 30.50535599246782681, 52.00000000784751109, -35.25557465788109113 ) ) ;
#7046 = ORIENTED_EDGE ( 'NONE', *, *, #4677, .F. ) ;
#7047 = DIRECTION ( 'NONE',  ( 0.000000000000000000, -1.000000000000000000, 0.000000000000000000 ) ) ;
#7048 = AXIS2_PLACEMENT_3D ( 'NONE', #6263, #9235, #5536 ) ;
#7049 = CARTESIAN_POINT ( 'NONE',  ( 37.71505118858653560, 73.51205704305368727, -28.04587946176237878 ) ) ;
#7050 = CARTESIAN_POINT ( 'NONE',  ( 49.88600874798249407, 223.6091354700094769, -3.374880170655542244 ) ) ;
#7051 = CARTESIAN_POINT ( 'NONE',  ( -48.15397179880388734, 94.50000000000000000, 42.35569619307420197 ) ) ;
#7052 = CARTESIAN_POINT ( 'NONE',  ( -50.38968031787177893, 112.7299032302373121, 40.11998767400631039 ) ) ;
#7053 = ORIENTED_EDGE ( 'NONE', *, *, #675, .T. ) ;
#7054 = LOCAL_TIME ( 22, 37, 13.00000000000000000, #4118 ) ;
#7055 = FACE_OUTER_BOUND ( 'NONE', #7344, .T. ) ;
#7056 = CARTESIAN_POINT ( 'NONE',  ( 49.36117220004906159, 93.39148535881979285, 41.14849579182904904 ) ) ;
#7057 = EDGE_CURVE ( 'NONE', #8611, #7327, #1652, .T. ) ;
#7058 = FACE_OUTER_BOUND ( 'NONE', #8016, .T. ) ;
#7059 = ADVANCED_FACE ( 'NONE', ( #7579 ), #3301, .T. ) ;
#7060 = CARTESIAN_POINT ( 'NONE',  ( -33.17716150233879802, 36.58494384897174712, 32.58376914801011992 ) ) ;
#7061 = DIRECTION ( 'NONE',  ( 0.000000000000000000, -1.000000000000000000, 0.000000000000000000 ) ) ;
#7062 = VECTOR ( 'NONE', #8595, 1000.000000000000000 ) ;
#7063 = CARTESIAN_POINT ( 'NONE',  ( -46.56268880791239440, 157.2818685057019650, 43.94697918396570202 ) ) ;
#7064 = DIRECTION ( 'NONE',  ( 0.000000000000000000, -1.000000000000000000, 0.000000000000000000 ) ) ;
#7065 = CARTESIAN_POINT ( 'NONE',  ( -37.71505118858642902, 73.51205704305236566, -28.04587946176250313 ) ) ;
#7066 = CARTESIAN_POINT ( 'NONE',  ( -26.71506350946108910, 264.0000000000000000, 41.27184732581594773 ) ) ;
#7067 = ORIENTED_EDGE ( 'NONE', *, *, #2642, .T. ) ;
#7068 = CARTESIAN_POINT ( 'NONE',  ( -38.25277611541211087, 170.1142467439894972, -32.19888822755908819 ) ) ;
#7069 = CARTESIAN_POINT ( 'NONE',  ( 32.66833329081848802, 36.00000000000000000, -33.09259735953042991 ) ) ;
#7070 = ORIENTED_EDGE ( 'NONE', *, *, #4895, .F. ) ;
#7071 = AXIS2_PLACEMENT_3D ( 'NONE', #5981, #99, #3025 ) ;
#7072 = DIRECTION ( 'NONE',  ( 0.8660254037844387076, 0.000000000000000000, 0.4999999999999997780 ) ) ;
#7073 = FACE_OUTER_BOUND ( 'NONE', #2465, .T. ) ;
#7074 = CIRCLE ( 'NONE', #2421, 48.50000000000000000 ) ;
#7075 = CIRCLE ( 'NONE', #3508, 47.98703349066331469 ) ;
#7076 = CARTESIAN_POINT ( 'NONE',  ( -40.65331820325018697, 153.6225640485288011, 25.10761244709872742 ) ) ;
#7077 = VECTOR ( 'NONE', #4048, 1000.000000000000000 ) ;
#7078 = CARTESIAN_POINT ( 'NONE',  ( -40.01567615761508989, 134.5090890707682831, -50.49399183426302073 ) ) ;
#7079 = LINE ( 'NONE', #8636, #8546 ) ;
#7080 = DIRECTION ( 'NONE',  ( 2.664535259100375697E-15, 0.000000000000000000, -1.000000000000000000 ) ) ;
#7081 = VERTEX_POINT ( 'NONE', #3211 ) ;
#7082 = ORIENTED_EDGE ( 'NONE', *, *, #7968, .T. ) ;
#7083 = AXIS2_PLACEMENT_3D ( 'NONE', #6753, #7263, #86 ) ;
#7084 = CARTESIAN_POINT ( 'NONE',  ( 38.90225724876551539, 85.63114929373708151, 26.85867340158342742 ) ) ;
#7085 = APPROVAL_STATUS ( 'not_yet_approved' ) ;
#7086 = CARTESIAN_POINT ( 'NONE',  ( -40.79466709084002218, 111.3121957717727071, -24.96626355950891352 ) ) ;
#7087 = CARTESIAN_POINT ( 'NONE',  ( 39.86548770796168384, 124.0985968565961315, 50.64418028391641968 ) ) ;
#7088 = VECTOR ( 'NONE', #6873, 1000.000000000000227 ) ;
#7089 = CARTESIAN_POINT ( 'NONE',  ( 47.72506399400256072, 155.3921848145515412, -42.78460399787553570 ) ) ;
#7090 = AXIS2_PLACEMENT_3D ( 'NONE', #7219, #3615, #550 ) ;
#7091 = CARTESIAN_POINT ( 'NONE',  ( 27.08565407319166596, 110.0851088579684784, -42.02959319973474095 ) ) ;
#7092 = CARTESIAN_POINT ( 'NONE',  ( 50.40863483252043409, 137.5203383235722185, -40.10103315935765522 ) ) ;
#7093 = ORIENTED_EDGE ( 'NONE', *, *, #6800, .F. ) ;
#7094 = CARTESIAN_POINT ( 'NONE',  ( 26.00954371031358292, 95.69680212022358035, 39.75138694003535278 ) ) ;
#7095 = LINE ( 'NONE', #6361, #8021 ) ;
#7096 = ORIENTED_EDGE ( 'NONE', *, *, #4267, .F. ) ;
#7097 = CARTESIAN_POINT ( 'NONE',  ( 41.36857510098818125, 141.0186408901463722, -24.39235554936074024 ) ) ;
#7098 = EDGE_CURVE ( 'NONE', #3817, #7359, #6169, .T. ) ;
#7099 = CARTESIAN_POINT ( 'NONE',  ( 0.000000000000000000, 0.000000000000000000, 0.000000000000000000 ) ) ;
#7100 = DIRECTION ( 'NONE',  ( 0.000000000000000000, 0.000000000000000000, -1.000000000000000000 ) ) ;
#7101 = ORIENTED_EDGE ( 'NONE', *, *, #4122, .F. ) ;
#7103 = EDGE_CURVE ( 'NONE', #1781, #6004, #4704, .T. ) ;
#7102 = LINE ( 'NONE', #7004, #4050 ) ;
#7104 = CARTESIAN_POINT ( 'NONE',  ( -46.59833688019350006, 145.5000000000000000, -52.39661248592317122 ) ) ;
#7105 = CARTESIAN_POINT ( 'NONE',  ( -38.90225724876550828, 85.63114929373708151, -26.85867340158342742 ) ) ;
#7106 = CARTESIAN_POINT ( 'NONE',  ( 28.04587946176237878, 73.51205704305357358, -37.71505118858653560 ) ) ;
#7107 = CARTESIAN_POINT ( 'NONE',  ( -41.38727259838148598, 126.6764942988443892, 24.37365805196743196 ) ) ;
#7108 = ADVANCED_FACE ( 'NONE', ( #2575 ), #5330, .F. ) ;
#7109 = VERTEX_POINT ( 'NONE', #962 ) ;
#7110 = PLANE ( 'NONE',  #4291 ) ;
#7111 = CARTESIAN_POINT ( 'NONE',  ( 32.67640397024700150, 42.63100731622576944, -33.08452668010193065 ) ) ;
#7112 = DIRECTION ( 'NONE',  ( -1.000000000000000000, 0.000000000000000000, 0.000000000000000000 ) ) ;
#7113 = EDGE_CURVE ( 'NONE', #1586, #2672, #9181, .T. ) ;
#7114 = CARTESIAN_POINT ( 'NONE',  ( -45.51935232921328378, 52.44175755770030634, 44.99031566266479842 ) ) ;
#7115 = CARTESIAN_POINT ( 'NONE',  ( 47.72506399400257493, 155.3921848145515128, 42.78460399787553570 ) ) ;
#7116 = CARTESIAN_POINT ( 'NONE',  ( -45.46696603029500494, 52.00000000000000000, 45.04270196158308437 ) ) ;
#7117 = VERTEX_POINT ( 'NONE', #3837 ) ;
#7118 = EDGE_CURVE ( 'NONE', #95, #1097, #8257, .T. ) ;
#7119 = CARTESIAN_POINT ( 'NONE',  ( 0.000000000000000000, 200.0000000000000000, 0.000000000000000000 ) ) ;
#7120 = CARTESIAN_POINT ( 'NONE',  ( 32.66833329081850223, 35.99999999999999289, 33.09259735953043702 ) ) ;
#7121 = ORIENTED_EDGE ( 'NONE', *, *, #347, .T. ) ;
#7122 = CARTESIAN_POINT ( 'NONE',  ( -38.67037218050491276, 64.96805734563962176, -31.70475716768706675 ) ) ;
#7123 = DIRECTION ( 'NONE',  ( -0.7071067811865474617, 0.000000000000000000, 0.7071067811865474617 ) ) ;
#7124 = VERTEX_POINT ( 'NONE', #4558 ) ;
#7125 = CARTESIAN_POINT ( 'NONE',  ( 108.0000000000000000, 189.9390740440268814, -0.3429151594667018688 ) ) ;
#7126 = FACE_OUTER_BOUND ( 'NONE', #1975, .T. ) ;
#7127 = CARTESIAN_POINT ( 'NONE',  ( 25.61039644484206690, 101.0166046022987985, -40.15053420550685104 ) ) ;
#7128 = EDGE_CURVE ( 'NONE', #3250, #4934, #6850, .T. ) ;
#7129 = CARTESIAN_POINT ( 'NONE',  ( -24.96626355950891352, 111.3121957717727071, -40.79466709084002218 ) ) ;
#7130 = CARTESIAN_POINT ( 'NONE',  ( 0.000000000000000000, 94.50000000000000000, 0.000000000000000000 ) ) ;
#7131 = DIRECTION ( 'NONE',  ( -0.7071067811865474617, 0.000000000000000000, 0.7071067811865474617 ) ) ;
#7132 = ORIENTED_EDGE ( 'NONE', *, *, #6569, .F. ) ;
#7133 = ORIENTED_EDGE ( 'NONE', *, *, #8996, .F. ) ;
#7134 = CARTESIAN_POINT ( 'NONE',  ( 40.01567615761508989, 134.5090890707682831, 50.49399183426302073 ) ) ;
#7135 = CARTESIAN_POINT ( 'NONE',  ( -48.15397179880388734, 145.5000000000000000, 42.35569619307420197 ) ) ;
#7136 = LINE ( 'NONE', #5665, #5372 ) ;
#7137 = CARTESIAN_POINT ( 'NONE',  ( 46.56268880791238018, 157.2818685057020218, -43.94697918396571623 ) ) ;
#7138 = CARTESIAN_POINT ( 'NONE',  ( 38.24827850845271371, 170.1219111502304315, -32.20423504670710457 ) ) ;
#7139 = CARTESIAN_POINT ( 'NONE',  ( 40.75980735771283037, 145.8271779734262452, -49.74986063416525184 ) ) ;
#7140 = ORIENTED_EDGE ( 'NONE', *, *, #3063, .T. ) ;
#7141 = CARTESIAN_POINT ( 'NONE',  ( 0.000000000000000000, 35.50000000000000000, 0.000000000000000000 ) ) ;
#7142 = CARTESIAN_POINT ( 'NONE',  ( 47.00000000000000000, 187.6273319016061407, 2.018801020640145438 ) ) ;
#7143 = EDGE_LOOP ( 'NONE', ( #8574, #9074, #8564, #3170 ) ) ;
#7144 = CARTESIAN_POINT ( 'NONE',  ( 45.92619372941036460, 55.93620152028918113, -44.58347426246772471 ) ) ;
#7145 = CARTESIAN_POINT ( 'NONE',  ( 0.000000000000000000, 200.0000000000000000, 0.000000000000000000 ) ) ;
#7146 = DIRECTION ( 'NONE',  ( 0.4999999999999998335, -0.000000000000000000, -0.8660254037844388186 ) ) ;
#7147 = EDGE_LOOP ( 'NONE', ( #7204, #5321, #865, #8548 ) ) ;
#7148 = CARTESIAN_POINT ( 'NONE',  ( -108.0000000000000000, 214.5964125124565101, 1.494343917309273628 ) ) ;
#7149 = DIRECTION ( 'NONE',  ( -0.000000000000000000, -1.000000000000000000, -0.000000000000000000 ) ) ;
#7150 = CARTESIAN_POINT ( 'NONE',  ( -34.81447876247083428, 48.51213425699023674, -30.94645188787811207 ) ) ;
#7151 = EDGE_CURVE ( 'NONE', #5583, #379, #6119, .T. ) ;
#7152 = CARTESIAN_POINT ( 'NONE',  ( 29.29356565747519880, 173.1609393494194364, -36.46736499287371913 ) ) ;
#7153 = CARTESIAN_POINT ( 'NONE',  ( -36.46736499287371203, 173.1609393494194364, 29.29356565747520236 ) ) ;
#7154 = VECTOR ( 'NONE', #6154, 1000.000000000000000 ) ;
#7155 = ORIENTED_EDGE ( 'NONE', *, *, #330, .T. ) ;
#7156 = CARTESIAN_POINT ( 'NONE',  ( -37.33082634058646221, 69.78879597759089393, -28.43010430976247704 ) ) ;
#7157 = CARTESIAN_POINT ( 'NONE',  ( 44.34275159336352345, 58.04302010026673031, 46.16691639851458717 ) ) ;
#7158 = CARTESIAN_POINT ( 'NONE',  ( 43.97682058470661559, 61.44371818057052792, -46.53284740717148082 ) ) ;
#7159 = CARTESIAN_POINT ( 'NONE',  ( -40.17760570267969911, 275.0000000000000000, -24.00000000000000000 ) ) ;
#7160 = CARTESIAN_POINT ( 'NONE',  ( 25.10761244709873452, 153.6225640485288011, 40.65331820325020118 ) ) ;
#7161 = EDGE_CURVE ( 'NONE', #9017, #508, #4896, .T. ) ;
#7162 = CIRCLE ( 'NONE', #1259, 46.99996213765929554 ) ;
#7163 = DIRECTION ( 'NONE',  ( -0.000000000000000000, 1.000000000000000000, -0.000000000000000000 ) ) ;
#7164 = EDGE_CURVE ( 'NONE', #1183, #9422, #7566, .T. ) ;
#7165 = VERTEX_POINT ( 'NONE', #786 ) ;
#7166 = DIRECTION ( 'NONE',  ( 1.000000000000000000, 0.000000000000000000, 0.000000000000000000 ) ) ;
#7167 = DIRECTION ( 'NONE',  ( -0.000000000000000000, -1.000000000000000000, -0.000000000000000000 ) ) ;
#7168 = EDGE_LOOP ( 'NONE', ( #7442, #2296, #21, #2775 ) ) ;
#7169 = CARTESIAN_POINT ( 'NONE',  ( -40.05907280636171208, 79.96170033942061650, -29.92843488487883619 ) ) ;
#7170 = LINE ( 'NONE', #7797, #5060 ) ;
#7171 = ORIENTED_EDGE ( 'NONE', *, *, #6775, .F. ) ;
#7172 = CARTESIAN_POINT ( 'NONE',  ( -5.666924468339350263, 0.000000000000000000, 46.15339605132148648 ) ) ;
#7173 = DIRECTION ( 'NONE',  ( -1.000000000000000000, 0.000000000000000000, 0.000000000000000000 ) ) ;
#7174 = B_SPLINE_CURVE_WITH_KNOTS ( 'NONE', 3,
 ( #2692, #4150, #2744, #5638, #3421, #8615, #5549, #6282 ),
 .UNSPECIFIED., .F., .F.,
 ( 4, 2, 2, 4 ),
 ( 1.387778780781445676E-17, 0.008445642262737987349, 0.01266846339410696368, 0.01689128452547594000 ),
 .UNSPECIFIED. ) ;
#7175 = CARTESIAN_POINT ( 'NONE',  ( 108.0000000000000000, 188.0000000000000000, -0.1499999999999999944 ) ) ;
#7176 = DIRECTION ( 'NONE',  ( 0.000000000000000000, -0.000000000000000000, -1.000000000000000000 ) ) ;
#7177 = DIRECTION ( 'NONE',  ( 0.000000000000000000, 0.000000000000000000, -1.000000000000000000 ) ) ;
#7178 = DIRECTION ( 'NONE',  ( 0.000000000000000000, 0.000000000000000000, -1.000000000000000000 ) ) ;
#7179 = EDGE_LOOP ( 'NONE', ( #5979, #1328, #6573, #4942 ) ) ;
#7180 = VERTEX_POINT ( 'NONE', #4484 ) ;
#7181 = CARTESIAN_POINT ( 'NONE',  ( 24.96626355950891352, 111.3121957717727071, 40.79466709084002218 ) ) ;
#7182 = CARTESIAN_POINT ( 'NONE',  ( -45.92619372941037881, 55.93620152028918824, -44.58347426246772471 ) ) ;
#7183 = CARTESIAN_POINT ( 'NONE',  ( 24.55371574811972479, 145.7020373835961777, -41.20721490222918959 ) ) ;
#7184 = CARTESIAN_POINT ( 'NONE',  ( -33.59269824446732855, 39.48056780803435828, 32.16823240588158228 ) ) ;
#7185 = EDGE_CURVE ( 'NONE', #9470, #3814, #8923, .T. ) ;
#7186 = CARTESIAN_POINT ( 'NONE',  ( 46.98823194100194200, 211.9999999999994316, -1.050000000005465450 ) ) ;
#7187 = CARTESIAN_POINT ( 'NONE',  ( 37.29700715358895735, 171.3897812519136608, -33.30164342622293105 ) ) ;
#7188 = CARTESIAN_POINT ( 'NONE',  ( 39.96209002659445275, 116.5874508295665777, -50.54757796528362945 ) ) ;
#7189 = ORIENTED_EDGE ( 'NONE', *, *, #8781, .T. ) ;
#7190 = CARTESIAN_POINT ( 'NONE',  ( 44.99031566266479132, 52.44175755770031344, -45.51935232921329089 ) ) ;
#7191 = LINE ( 'NONE', #4853, #3822 ) ;
#7192 = ORIENTED_EDGE ( 'NONE', *, *, #9166, .F. ) ;
#7193 = CARTESIAN_POINT ( 'NONE',  ( -14.38468787235863644, 264.0000000000000000, 47.05019399338136310 ) ) ;
#7194 = CARTESIAN_POINT ( 'NONE',  ( 37.71505118858653560, 73.51205704305368727, -28.04587946176237878 ) ) ;
#7195 = DIRECTION ( 'NONE',  ( 0.8660254037844383745, 0.000000000000000000, -0.5000000000000004441 ) ) ;
#7196 = ORIENTED_EDGE ( 'NONE', *, *, #2527, .T. ) ;
#7197 = CARTESIAN_POINT ( 'NONE',  ( -108.0000000000000000, 221.2045783221282704, 0.7135065983535353595 ) ) ;
#7198 = DIRECTION ( 'NONE',  ( -0.1218693434051473096, 0.000000000000000000, 0.9925461516413220942 ) ) ;
#7199 = EDGE_CURVE ( 'NONE', #7124, #5414, #3906, .T. ) ;
#7200 = B_SPLINE_CURVE_WITH_KNOTS ( 'NONE', 3,
 ( #5509, #2652, #498, #1918 ),
 .UNSPECIFIED., .F., .F.,
 ( 4, 4 ),
 ( 6.938893903907228378E-18, 0.01571456560818440193 ),
 .UNSPECIFIED. ) ;
#7201 = CARTESIAN_POINT ( 'NONE',  ( -33.83408293086012009, 41.21309918220619295, -31.92684771948881561 ) ) ;
#7202 = FACE_OUTER_BOUND ( 'NONE', #3784, .T. ) ;
#7203 = CARTESIAN_POINT ( 'NONE',  ( -33.51819211725150893, 175.4694692900229995, 32.94791830014401768 ) ) ;
#7204 = ORIENTED_EDGE ( 'NONE', *, *, #7128, .T. ) ;
#7205 = DIRECTION ( 'NONE',  ( -0.7071067811865474617, 0.000000000000000000, 0.7071067811865474617 ) ) ;
#7206 = CARTESIAN_POINT ( 'NONE',  ( -26.71506350946111752, 268.0000000000000000, -41.27184732581592641 ) ) ;
#7207 = DIRECTION ( 'NONE',  ( 0.000000000000000000, 0.000000000000000000, 1.000000000000000000 ) ) ;
#7208 = CARTESIAN_POINT ( 'NONE',  ( 108.0000000000000142, 219.0159610516838029, -1.126926010874052642 ) ) ;
#7209 = CARTESIAN_POINT ( 'NONE',  ( 29.29356565747520946, 173.1609393494194364, 36.46736499287372624 ) ) ;
#7210 = CARTESIAN_POINT ( 'NONE',  ( -50.64418028391639837, 124.0985968565961315, 39.86548770796168384 ) ) ;
#7211 = VECTOR ( 'NONE', #3455, 1000.000000000000000 ) ;
#7212 = EDGE_LOOP ( 'NONE', ( #4146, #8266, #8037, #7908, #9457, #2425, #240, #7527 ) ) ;
#7213 = CARTESIAN_POINT ( 'NONE',  ( -49.05663547162955496, 89.40149471062304087, -41.45303252024855567 ) ) ;
#7214 = VERTEX_POINT ( 'NONE', #3755 ) ;
#7215 = CARTESIAN_POINT ( 'NONE',  ( -36.55755952382614993, 172.0119194015712765, -34.11210485455092112 ) ) ;
#7216 = ADVANCED_FACE ( 'NONE', ( #835 ), #2304, .F. ) ;
#7217 = CARTESIAN_POINT ( 'NONE',  ( -38.00000000000000000, 320.0000000000000000, -24.00000000000000000 ) ) ;
#7218 = ORIENTED_EDGE ( 'NONE', *, *, #4778, .F. ) ;
#7219 = CARTESIAN_POINT ( 'NONE',  ( 84.99999999999998579, 212.0000000000000000, 0.000000000000000000 ) ) ;
#7220 = CARTESIAN_POINT ( 'NONE',  ( -32.33280779337670907, 59.98009825480384194, 38.14896356789953558 ) ) ;
#7221 = VECTOR ( 'NONE', #5183, 1000.000000000000000 ) ;
#7222 = DIRECTION ( 'NONE',  ( -0.7071067811865475727, 0.000000000000000000, -0.7071067811865475727 ) ) ;
#7223 = EDGE_CURVE ( 'NONE', #4339, #6226, #4532, .T. ) ;
#7224 = CARTESIAN_POINT ( 'NONE',  ( -45.04270196158309147, 52.00000000000000000, -45.46696603029501915 ) ) ;
#7225 = VECTOR ( 'NONE', #28, 1000.000000000000114 ) ;
#7226 = LINE ( 'NONE', #8731, #3435 ) ;
#7227 = CARTESIAN_POINT ( 'NONE',  ( 38.90225724876551539, 85.63114929373708151, 26.85867340158342742 ) ) ;
#7228 = EDGE_LOOP ( 'NONE', ( #8809, #3243, #2676, #4661, #6623, #9114 ) ) ;
#7229 = ORIENTED_EDGE ( 'NONE', *, *, #8700, .T. ) ;
#7230 = CARTESIAN_POINT ( 'NONE',  ( 38.56258473745506876, 166.8763353538257945, 27.19834591289386694 ) ) ;
#7231 = CARTESIAN_POINT ( 'NONE',  ( -38.43390449649707108, 80.61020279584469961, -27.32702615385186462 ) ) ;
#7232 = CARTESIAN_POINT ( 'NONE',  ( 43.19369017679609613, 69.12979561808752749, -47.31597781508199319 ) ) ;
#7233 = AXIS2_PLACEMENT_3D ( 'NONE', #3579, #7413, #747 ) ;
#7234 = CARTESIAN_POINT ( 'NONE',  ( 49.09999999999999432, 264.0000000000000000, 0.000000000000000000 ) ) ;
#7235 = DIRECTION ( 'NONE',  ( 0.000000000000000000, 0.000000000000000000, -1.000000000000000000 ) ) ;
#7236 = AXIS2_PLACEMENT_3D ( 'NONE', #4676, #6916, #1666 ) ;
#7237 = AXIS2_PLACEMENT_3D ( 'NONE', #3385, #6433, #2756 ) ;
#7238 = DIRECTION ( 'NONE',  ( -0.4999999999999997780, 0.000000000000000000, 0.8660254037844387076 ) ) ;
#7239 = CARTESIAN_POINT ( 'NONE',  ( -48.61958615814599227, 152.1318062554275912, -41.89008183373211125 ) ) ;
#7240 = APPROVAL ( #4504, 'UNSPECIFIED' ) ;
#7241 = CARTESIAN_POINT ( 'NONE',  ( 47.00000000000000000, 167.6150733960352284, 0.7962789259304907663 ) ) ;
#7242 = VERTEX_POINT ( 'NONE', #5892 ) ;
#7243 = CARTESIAN_POINT ( 'NONE',  ( -30.94645188787809786, 48.51213425699024384, 34.81447876247082007 ) ) ;
#7244 = FACE_OUTER_BOUND ( 'NONE', #2900, .T. ) ;
#7245 = CARTESIAN_POINT ( 'NONE',  ( -28.21356056934323675, 94.50000000000000000, 34.01183617507293633 ) ) ;
#7246 = ORIENTED_EDGE ( 'NONE', *, *, #4874, .F. ) ;
#7247 = CARTESIAN_POINT ( 'NONE',  ( -47.00000000000000000, 174.8707557546559030, 1.273156625868754999 ) ) ;
#7248 = CIRCLE ( 'NONE', #9268, 48.70000000000000284 ) ;
#7249 = CARTESIAN_POINT ( 'NONE',  ( -30.80394296248341846, 51.99999999999999289, -35.45918685583342267 ) ) ;
#7250 = CARTESIAN_POINT ( 'NONE',  ( -37.00988115598540418, 66.80701258836775480, -28.75104949436352442 ) ) ;
#7251 = CARTESIAN_POINT ( 'NONE',  ( 28.26772415252452220, 71.28898199371606381, -37.49320649782438863 ) ) ;
#7252 = CIRCLE ( 'NONE', #2599, 46.50000000000000000 ) ;
#7253 = CARTESIAN_POINT ( 'NONE',  ( -33.21332013504369485, 200.0000000000000000, -35.61692526885359200 ) ) ;
#7254 = ORIENTED_EDGE ( 'NONE', *, *, #5365, .F. ) ;
#7255 = DIRECTION ( 'NONE',  ( -0.000000000000000000, -1.000000000000000000, 0.000000000000000000 ) ) ;
#7256 = CARTESIAN_POINT ( 'NONE',  ( 44.73292201045922667, 54.62836855260160718, -45.77674598141885554 ) ) ;
#7257 = B_SPLINE_SURFACE_WITH_KNOTS ( 'NONE', 3, 1, ( 
 ( #1412, #487 ),
 ( #7977, #8070 ),
 ( #2057, #4330 ),
 ( #2878, #7256 ),
 ( #3647, #9453 ),
 ( #586, #1220 ),
 ( #6423, #7158 ),
 ( #2925, #5878 ),
 ( #9396, #536 ),
 ( #2794, #5783 ),
 ( #2743, #1268 ),
 ( #5696, #8668 ),
 ( #2012, #1366 ),
 ( #3564, #5012 ),
 ( #4968, #8755 ),
 ( #8031, #7936 ),
 ( #5738, #5834 ),
 ( #8714, #7300 ),
 ( #4373, #673 ),
 ( #7536, #5970 ),
 ( #3698, #9092 ),
 ( #8950, #5340 ),
 ( #137, #6116 ),
 ( #2972, #6757 ),
 ( #6065, #821 ),
 ( #1456, #2340 ),
 ( #6706, #920 ),
 ( #8116, #4422 ),
 ( #7391, #3893 ),
 ( #3166, #3847 ),
 ( #4471, #4569 ),
 ( #90, #182 ),
 ( #874, #1659 ),
 ( #6658, #730 ),
 ( #3072, #771 ),
 ( #7438, #7589 ),
 ( #9632, #5924 ),
 ( #2390, #6022 ),
 ( #8896, #2237 ),
 ( #8999, #3743 ),
 ( #4620, #6860 ),
 ( #8268, #5199 ),
 ( #8317, #5294 ),
 ( #1602, #8170 ),
 ( #5250, #5150 ),
 ( #6810, #2291 ),
 ( #1509, #36 ),
 ( #3016, #8217 ),
 ( #1555, #4519 ),
 ( #9044, #3120 ),
 ( #7484, #3791 ),
 ( #1707, #2538 ),
 ( #285, #9143 ),
 ( #4813, #5488 ),
 ( #7779, #5441 ),
 ( #234, #6267 ),
 ( #2490, #9239 ) ),
 .UNSPECIFIED., .F., .F., .F.,
 ( 4, 1, 1, 1, 1, 1, 1, 1, 1, 1, 1, 1, 1, 1, 1, 1, 1, 1, 1, 1, 1, 1, 1, 1, 1, 1, 1, 1, 1, 1, 1, 1, 1, 1, 1, 1, 1, 1, 1, 1, 1, 1, 1, 1, 1, 1, 1, 1, 1, 1, 1, 1, 1, 1, 4 ),
 ( 2, 2 ),
 ( 0.000000000000000000, 0.006185920264467958951, 0.006201962899188617762, 0.02441097605636066703, 0.02448136905349906911, 0.05370574164729757793, 0.05388345649501025125, 0.09253774940744008415, 0.09289034474279100895, 0.1389060332195525271, 0.1395093084148929519, 0.1904437008900515815, 0.1913742588137488099, 0.2445345556009104193, 0.2458629933516659483, 0.2984579075547033611, 0.3002380933255869300, 0.3495648249652612005, 0.3518114771965039633, 0.3954646363279898935, 0.3981158618259910131, 0.4341890767744073232, 0.4370593218643058497, 0.4643545367854605699, 0.4670784500627875868, 0.4855543320873982882, 0.4874746266155715047, 0.4999999999999998890, 0.5125253733844284953, 0.5144456679126014897, 0.5329215499372124132, 0.5356454632145392081, 0.5629406781356941503, 0.5658109232255925658, 0.6018841381740089869, 0.6045353636720098844, 0.6481885228034960367, 0.6504351750347385774, 0.6997619066744129590, 0.7015420924452964169, 0.7541370066483340517, 0.7554654443990894697, 0.8086257411862511901, 0.8095562991099481964, 0.8604906915851069371, 0.8610939667804473618, 0.9071096552572089911, 0.9074622505925598048, 0.9461165435049897487, 0.9462942583527023110, 0.9755186309465008199, 0.9755890239436393330, 0.9937980371008112712, 0.9938140797355321521, 1.000000000000000000 ),
 ( 0.000000000000000000, 1.000000000000000000 ),
 .UNSPECIFIED. ) ;
#7258 = CARTESIAN_POINT ( 'NONE',  ( 47.00000000000000000, 266.9817559752150373, -1.823765569793514008 ) ) ;
#7259 = ADVANCED_FACE ( 'NONE', ( #6774 ), #6078, .T. ) ;
#7260 = CARTESIAN_POINT ( 'NONE',  ( 40.15053420550686525, 101.0166046022987985, 25.61039644484208111 ) ) ;
#7261 = PLANE ( 'NONE',  #4274 ) ;
#7262 = ORIENTED_EDGE ( 'NONE', *, *, #5919, .F. ) ;
#7263 = DIRECTION ( 'NONE',  ( 0.000000000000000000, 1.000000000000000000, 0.000000000000000000 ) ) ;
#7264 = ORIENTED_EDGE ( 'NONE', *, *, #9003, .F. ) ;
#7265 = CARTESIAN_POINT ( 'NONE',  ( -33.59269824446734276, 39.48056780803436538, -32.16823240588159649 ) ) ;
#7266 = LINE ( 'NONE', #5021, #3819 ) ;
#7267 = ORIENTED_EDGE ( 'NONE', *, *, #4352, .T. ) ;
#7268 = CARTESIAN_POINT ( 'NONE',  ( -32.55761030330818784, 35.50000000000000000, -33.47972537727753206 ) ) ;
#7269 = CARTESIAN_POINT ( 'NONE',  ( -40.28617701406467688, 108.7025900201346644, 50.22349097781341243 ) ) ;
#7270 = FACE_OUTER_BOUND ( 'NONE', #8250, .T. ) ;
#7271 = CARTESIAN_POINT ( 'NONE',  ( 31.30679872303169375, 45.76678388289742117, -34.45413192731722063 ) ) ;
#7272 = CARTESIAN_POINT ( 'NONE',  ( 34.61057804017213613, 46.00849753284919785, 31.45444816953547118 ) ) ;
#7273 = ADVANCED_FACE ( 'NONE', ( #7303 ), #7261, .F. ) ;
#7274 = CARTESIAN_POINT ( 'NONE',  ( 47.03874315999062361, 66.31954352124843410, 43.47092483188747281 ) ) ;
#7275 = ORIENTED_EDGE ( 'NONE', *, *, #4418, .F. ) ;
#7276 = CARTESIAN_POINT ( 'NONE',  ( 25.10761244709873452, 153.6225640485288011, 40.65331820325020118 ) ) ;
#7277 = CARTESIAN_POINT ( 'NONE',  ( -39.86548770796169094, 124.0985968565961741, -50.64418028391641258 ) ) ;
#7278 = CARTESIAN_POINT ( 'NONE',  ( 31.92684771948880140, 41.21309918220619295, -33.83408293086011298 ) ) ;
#7279 = CARTESIAN_POINT ( 'NONE',  ( -32.88046532517445542, 176.0000000000000000, -32.88046532517449805 ) ) ;
#7280 = DIRECTION ( 'NONE',  ( 0.7071067811865475727, 0.000000000000000000, -0.7071067811865474617 ) ) ;
#7281 = EDGE_CURVE ( 'NONE', #9189, #9574, #3802, .T. ) ;
#7282 = CARTESIAN_POINT ( 'NONE',  ( -38.00000000000000000, 320.0000000000000000, -21.00000000000000000 ) ) ;
#7283 = CARTESIAN_POINT ( 'NONE',  ( 84.99999999999998579, 212.0000000000000000, 0.000000000000000000 ) ) ;
#7284 = CARTESIAN_POINT ( 'NONE',  ( -32.88046532517445542, 176.0000000000000000, -32.88046532517449805 ) ) ;
#7285 = EDGE_CURVE ( 'NONE', #493, #6007, #9541, .T. ) ;
#7286 = EDGE_LOOP ( 'NONE', ( #5613, #3562 ) ) ;
#7287 = ORIENTED_EDGE ( 'NONE', *, *, #9500, .T. ) ;
#7288 = CARTESIAN_POINT ( 'NONE',  ( -40.92961328274395072, 96.97051065983893636, 49.58005470913413149 ) ) ;
#7289 = CARTESIAN_POINT ( 'NONE',  ( 40.41035066590497848, 263.0000000000000000, -24.00000000000000000 ) ) ;
#7290 = CARTESIAN_POINT ( 'NONE',  ( 37.49320649782439574, 71.28898199371604960, 28.26772415252454351 ) ) ;
#7291 = ORIENTED_EDGE ( 'NONE', *, *, #316, .T. ) ;
#7292 = CARTESIAN_POINT ( 'NONE',  ( -108.0000000000000000, 207.5675974538935407, 1.493175898235321375 ) ) ;
#7293 = CARTESIAN_POINT ( 'NONE',  ( -21.35173899428076894, 35.50000000000000000, 41.98229676804391630 ) ) ;
#7294 = EDGE_CURVE ( 'NONE', #450, #2373, #446, .T. ) ;
#7295 = CARTESIAN_POINT ( 'NONE',  ( -41.46658174736685964, 131.8280114082709815, -24.29434890298207961 ) ) ;
#7296 = CARTESIAN_POINT ( 'NONE',  ( 41.19064070390658117, 148.1781441586250878, -49.31902728797151525 ) ) ;
#7297 = CARTESIAN_POINT ( 'NONE',  ( -36.88427203083094952, 172.0413855346516527, 29.13063671876262717 ) ) ;
#7298 = ORIENTED_EDGE ( 'NONE', *, *, #7113, .T. ) ;
#7299 = FACE_OUTER_BOUND ( 'NONE', #3070, .T. ) ;
#7300 = CARTESIAN_POINT ( 'NONE',  ( 39.91748297430892478, 120.2343318316845853, -50.59218501756916453 ) ) ;
#7301 = CARTESIAN_POINT ( 'NONE',  ( 47.00000000000000000, 198.8384312691162279, -2.581365136496106327 ) ) ;
#7302 = CARTESIAN_POINT ( 'NONE',  ( 46.56268880791239440, 157.2818685057019650, 43.94697918396571623 ) ) ;
#7303 = FACE_OUTER_BOUND ( 'NONE', #7969, .T. ) ;
#7304 = CIRCLE ( 'NONE', #6537, 46.97059542429539647 ) ;
#7305 = EDGE_LOOP ( 'NONE', ( #7457, #8408, #5411, #4273 ) ) ;
#7306 = CARTESIAN_POINT ( 'NONE',  ( -41.38727259838149308, 126.6764942988443892, -24.37365805196743551 ) ) ;
#7307 = ORIENTED_EDGE ( 'NONE', *, *, #6731, .F. ) ;
#7308 = CARTESIAN_POINT ( 'NONE',  ( -43.94697918396571623, 157.2818685057020218, -46.56268880791239440 ) ) ;
#7309 = CARTESIAN_POINT ( 'NONE',  ( 0.000000000000000000, 0.000000000000000000, 0.000000000000000000 ) ) ;
#7310 = ORIENTED_EDGE ( 'NONE', *, *, #4815, .T. ) ;
#7311 = CARTESIAN_POINT ( 'NONE',  ( 108.0000000000000000, 194.5767617142269330, -0.7496665276302577618 ) ) ;
#7312 = CARTESIAN_POINT ( 'NONE',  ( -24.37365805196742130, 126.6764942988443892, 41.38727259838148598 ) ) ;
#7313 = DIRECTION ( 'NONE',  ( -0.000000000000000000, -1.000000000000000000, -0.000000000000000000 ) ) ;
#7314 = CARTESIAN_POINT ( 'NONE',  ( -46.98823194100206280, 211.8629710376052344, 1.050000000000115952 ) ) ;
#7315 = CARTESIAN_POINT ( 'NONE',  ( -38.00000000000000000, 58.00000000000000000, -21.00000000000000000 ) ) ;
#7316 = CARTESIAN_POINT ( 'NONE',  ( 34.81447876247082718, 48.51213425699024384, 30.94645188787810852 ) ) ;
#7317 = ORIENTED_EDGE ( 'NONE', *, *, #4376, .T. ) ;
#7318 = CARTESIAN_POINT ( 'NONE',  ( 31.08035469695843389, 175.3233815820528605, 34.68057595339049470 ) ) ;
#7319 = CARTESIAN_POINT ( 'NONE',  ( -27.32702615385186107, 80.61020279584469961, -38.43390449649707108 ) ) ;
#7320 = CARTESIAN_POINT ( 'NONE',  ( 43.97682058470661559, 61.44371818057052792, -46.53284740717148082 ) ) ;
#7321 = CARTESIAN_POINT ( 'NONE',  ( 49.07535022799124391, 200.0000000000000000, -3.500000000000000000 ) ) ;
#7322 = DIRECTION ( 'NONE',  ( -0.7071067811865474617, 0.000000000000000000, -0.7071067811865474617 ) ) ;
#7323 = CARTESIAN_POINT ( 'NONE',  ( -34.08013314533000937, 43.01938834715528515, -31.68079750501894054 ) ) ;
#7324 = CARTESIAN_POINT ( 'NONE',  ( -45.25483399593905176, 158.6226686892998146, -45.25483399593905176 ) ) ;
#7325 = DIRECTION ( 'NONE',  ( 0.7986355100472930513, 0.000000000000000000, 0.6018150231520480453 ) ) ;
#7326 = B_SPLINE_SURFACE_WITH_KNOTS ( 'NONE', 3, 1, ( 
 ( #767, #84 ),
 ( #8892, #8944 ),
 ( #3011, #4564 ),
 ( #8212, #177 ),
 ( #3738, #4663 ),
 ( #2335, #7530 ),
 ( #868, #3786 ),
 ( #2285, #3067 ),
 ( #1653, #8359 ),
 ( #3842, #5244 ),
 ( #7630, #3161 ),
 ( #4614, #1550 ),
 ( #6111, #9086 ),
 ( #4514, #6805 ),
 ( #816, #132 ),
 ( #6750, #9039 ),
 ( #7584, #2440 ),
 ( #6017, #8993 ),
 ( #5390, #228 ),
 ( #8405, #1064 ),
 ( #280, #6318 ),
 ( #6954, #3407 ),
 ( #7820, #3932 ),
 ( #8507, #6999 ),
 ( #1847, #9288 ),
 ( #4809, #6363 ),
 ( #2582, #7775 ),
 ( #5482, #2677 ),
 ( #3216, #2485 ),
 ( #4762, #7675 ),
 ( #6262, #4855 ),
 ( #1155, #376 ),
 ( #1897, #1015 ),
 ( #1111, #3355 ),
 ( #7875, #9336 ),
 ( #5535, #5624 ),
 ( #4132, #3307 ),
 ( #7097, #429 ),
 ( #4080, #8600 ),
 ( #2628, #1943 ),
 ( #3263, #4906 ),
 ( #6901, #6168 ),
 ( #7731, #9138 ),
 ( #5436, #9233 ),
 ( #1747, #5580 ),
 ( #4708, #8553 ),
 ( #7043, #3988 ),
 ( #6214, #9186 ),
 ( #2533, #8451 ),
 ( #1798, #324 ),
 ( #4033, #9382 ),
 ( #574, #3634 ),
 ( #1254, #7144 ),
 ( #3454, #3592 ),
 ( #661, #2780 ),
 ( #3552, #6411 ),
 ( #5867, #6512 ) ),
 .UNSPECIFIED., .F., .F., .F.,
 ( 4, 1, 1, 1, 1, 1, 1, 1, 1, 1, 1, 1, 1, 1, 1, 1, 1, 1, 1, 1, 1, 1, 1, 1, 1, 1, 1, 1, 1, 1, 1, 1, 1, 1, 1, 1, 1, 1, 1, 1, 1, 1, 1, 1, 1, 1, 1, 1, 1, 1, 1, 1, 1, 1, 4 ),
 ( 2, 2 ),
 ( 0.000000000000000000, 0.006185920264467958951, 0.006201962899188617762, 0.02441097605636066703, 0.02448136905349906911, 0.05370574164729757793, 0.05388345649501025125, 0.09253774940744008415, 0.09289034474279100895, 0.1389060332195525271, 0.1395093084148929519, 0.1904437008900515815, 0.1913742588137488099, 0.2445345556009104193, 0.2458629933516659483, 0.2984579075547033611, 0.3002380933255869300, 0.3495648249652612005, 0.3518114771965039633, 0.3954646363279898935, 0.3981158618259910131, 0.4341890767744073232, 0.4370593218643058497, 0.4643545367854605699, 0.4670784500627875868, 0.4855543320873982882, 0.4874746266155715047, 0.4999999999999998890, 0.5125253733844284953, 0.5144456679126014897, 0.5329215499372124132, 0.5356454632145392081, 0.5629406781356941503, 0.5658109232255925658, 0.6018841381740089869, 0.6045353636720098844, 0.6481885228034960367, 0.6504351750347385774, 0.6997619066744129590, 0.7015420924452964169, 0.7541370066483340517, 0.7554654443990894697, 0.8086257411862511901, 0.8095562991099481964, 0.8604906915851069371, 0.8610939667804473618, 0.9071096552572089911, 0.9074622505925598048, 0.9461165435049897487, 0.9462942583527023110, 0.9755186309465008199, 0.9755890239436393330, 0.9937980371008112712, 0.9938140797355321521, 1.000000000000000000 ),
 ( 0.000000000000000000, 1.000000000000000000 ),
 .UNSPECIFIED. ) ;
#7327 = VERTEX_POINT ( 'NONE', #1224 ) ;
#7328 = EDGE_CURVE ( 'NONE', #508, #379, #3029, .T. ) ;
#7329 = CARTESIAN_POINT ( 'NONE',  ( -44.93779350453365851, 52.88466077438589963, 45.57187448734442370 ) ) ;
#7330 = CARTESIAN_POINT ( 'NONE',  ( -36.21980700434896505, 45.29474480594073071, 34.03994575403819312 ) ) ;
#7331 = CARTESIAN_POINT ( 'NONE',  ( 48.91202582514209496, 150.5005888525397495, 41.59764216673601567 ) ) ;
#7332 = EDGE_CURVE ( 'NONE', #7117, #1257, #823, .T. ) ;
#7333 = CARTESIAN_POINT ( 'NONE',  ( -107.9999999999999858, 217.4653392061624118, 1.334084237489149505 ) ) ;
#7334 = FACE_OUTER_BOUND ( 'NONE', #7559, .T. ) ;
#7335 = CARTESIAN_POINT ( 'NONE',  ( -39.91748297430894610, 120.2343318316846279, -50.59218501756916453 ) ) ;
#7336 = CARTESIAN_POINT ( 'NONE',  ( -38.65395868628898768, 268.0000000000000000, -29.12784712055912451 ) ) ;
#7337 = CARTESIAN_POINT ( 'NONE',  ( 48.00000000000000000, 264.0000000000000000, 3.500000000000000000 ) ) ;
#7338 = ORIENTED_EDGE ( 'NONE', *, *, #503, .T. ) ;
#7339 = DIRECTION ( 'NONE',  ( 0.9743700647852351349, 0.000000000000000000, -0.2249510543438649757 ) ) ;
#7340 = CARTESIAN_POINT ( 'NONE',  ( 38.00000000000000000, 263.0000000000000000, -24.00000000000000000 ) ) ;
#7341 = CARTESIAN_POINT ( 'NONE',  ( 108.0000000000000142, 219.7421362064134200, -0.9965551934078553664 ) ) ;
#7342 = CARTESIAN_POINT ( 'NONE',  ( 29.67952824767895237, 58.70654625247946967, 36.08140240266998688 ) ) ;
#7343 = CARTESIAN_POINT ( 'NONE',  ( 49.97972150020402893, 265.4888363189596703, 1.431908602380793427 ) ) ;
#7344 = EDGE_LOOP ( 'NONE', ( #8176, #9135, #7989 ) ) ;
#7345 = EDGE_CURVE ( 'NONE', #8900, #2616, #6751, .T. ) ;
#7346 = EDGE_LOOP ( 'NONE', ( #2136, #9498, #4590, #3442 ) ) ;
#7347 = CARTESIAN_POINT ( 'NONE',  ( -41.38727259838149308, 126.6764942988443892, -24.37365805196743551 ) ) ;
#7348 = DIRECTION ( 'NONE',  ( 0.000000000000000000, -1.000000000000000000, 0.000000000000000000 ) ) ;
#7349 = CARTESIAN_POINT ( 'NONE',  ( -49.99939933985896090, 161.3767734674762266, -0.2450829519018705716 ) ) ;
#7350 = CARTESIAN_POINT ( 'NONE',  ( 6.123233995736766085E-15, 335.0000000000000000, -50.00000000000000000 ) ) ;
#7351 = FACE_OUTER_BOUND ( 'NONE', #7761, .T. ) ;
#7352 = CARTESIAN_POINT ( 'NONE',  ( 47.72506399400256072, 155.3921848145515412, -42.78460399787553570 ) ) ;
#7353 = VECTOR ( 'NONE', #1083, 1000.000000000000114 ) ;
#7354 = CARTESIAN_POINT ( 'NONE',  ( 29.80966340995571429, 164.5601747625458415, -40.14265841673948643 ) ) ;
#7355 = DIRECTION ( 'NONE',  ( 0.000000000000000000, -1.000000000000000000, 0.000000000000000000 ) ) ;
#7356 = DIRECTION ( 'NONE',  ( 0.000000000000000000, -1.000000000000000000, 0.000000000000000000 ) ) ;
#7357 = CARTESIAN_POINT ( 'NONE',  ( -32.16823240588158228, 39.48056780803440091, -33.59269824446734987 ) ) ;
#7358 = DIRECTION ( 'NONE',  ( -0.000000000000000000, -1.000000000000000000, -0.000000000000000000 ) ) ;
#7359 = VERTEX_POINT ( 'NONE', #9047 ) ;
#7360 = DIRECTION ( 'NONE',  ( 0.8660254037844388186, 0.000000000000000000, 0.4999999999999998335 ) ) ;
#7361 = CARTESIAN_POINT ( 'NONE',  ( -40.57183789878039448, 143.4569695494772930, -49.93783009309771614 ) ) ;
#7362 = CARTESIAN_POINT ( 'NONE',  ( 50.22349097781341243, 108.7025900201346644, -40.28617701406468399 ) ) ;
#7363 = CARTESIAN_POINT ( 'NONE',  ( -41.20837082990156830, 95.33333850038954438, 28.32233409766196885 ) ) ;
#7364 = FACE_OUTER_BOUND ( 'NONE', #9322, .T. ) ;
#7365 = AXIS2_PLACEMENT_3D ( 'NONE', #5541, #6908, #7682 ) ;
#7366 = VECTOR ( 'NONE', #276, 1000.000000000000000 ) ;
#7367 = CARTESIAN_POINT ( 'NONE',  ( -34.56082353836158205, 175.0649071256262630, -31.85388218792922643 ) ) ;
#7368 = CIRCLE ( 'NONE', #1313, 48.50000000000000000 ) ;
#7369 = AXIS2_PLACEMENT_3D ( 'NONE', #3497, #2671, #9376 ) ;
#7370 = CARTESIAN_POINT ( 'NONE',  ( 24.96626355950889931, 111.3121957717727071, -40.79466709084002218 ) ) ;
#7371 = DIRECTION ( 'NONE',  ( 0.000000000000000000, -1.000000000000000000, 0.000000000000000000 ) ) ;
#7372 = ORIENTED_EDGE ( 'NONE', *, *, #210, .F. ) ;
#7373 = ORIENTED_EDGE ( 'NONE', *, *, #4423, .F. ) ;
#7374 = CARTESIAN_POINT ( 'NONE',  ( -36.46736499287371203, 173.1609393494194364, 29.29356565747520236 ) ) ;
#7375 = CARTESIAN_POINT ( 'NONE',  ( -36.76708598271334694, 64.61538134244881348, 28.99384466763557811 ) ) ;
#7376 = DIRECTION ( 'NONE',  ( -0.000000000000000000, -0.000000000000000000, 1.000000000000000000 ) ) ;
#7377 = DIRECTION ( 'NONE',  ( 0.000000000000000000, 0.000000000000000000, 1.000000000000000000 ) ) ;
#7378 = CARTESIAN_POINT ( 'NONE',  ( -47.00000000000000000, 167.6150733960352852, -0.7962789259304907663 ) ) ;
#7379 = VECTOR ( 'NONE', #2770, 1000.000000000000000 ) ;
#7380 = VECTOR ( 'NONE', #6968, 1000.000000000000000 ) ;
#7381 = CARTESIAN_POINT ( 'NONE',  ( -21.05131002302670140, 30.00000000000000000, 41.46193852576622163 ) ) ;
#7382 = CARTESIAN_POINT ( 'NONE',  ( -24.39235554936074735, 141.0186408901463722, -41.36857510098818835 ) ) ;
#7383 = EDGE_CURVE ( 'NONE', #3915, #1736, #3850, .T. ) ;
#7384 = CARTESIAN_POINT ( 'NONE',  ( 41.38727259838149308, 126.6764942988443892, 24.37365805196743551 ) ) ;
#7385 = VECTOR ( 'NONE', #7790, 1000.000000000000000 ) ;
#7386 = CARTESIAN_POINT ( 'NONE',  ( -37.71505118858650718, 169.6705890995216350, 28.04587946176240720 ) ) ;
#7387 = DIRECTION ( 'NONE',  ( -0.7071067811865474617, 0.000000000000000000, 0.7071067811865474617 ) ) ;
#7388 = ADVANCED_FACE ( 'NONE', ( #238 ), #6176, .T. ) ;
#7389 = EDGE_LOOP ( 'NONE', ( #4639, #8858, #2889 ) ) ;
#7390 = CARTESIAN_POINT ( 'NONE',  ( -44.99031566266479842, 52.44175755770029923, 45.51935232921329799 ) ) ;
#7391 = CARTESIAN_POINT ( 'NONE',  ( 32.88046532517446963, 176.5866740378391455, -32.88046532517444120 ) ) ;
#7392 = CARTESIAN_POINT ( 'NONE',  ( 108.0000000000000000, 221.2045783221282989, 0.7135065983535352485 ) ) ;
#7393 = VECTOR ( 'NONE', #2282, 1000.000000000000000 ) ;
#7394 = FACE_BOUND ( 'NONE', #1140, .T. ) ;
#7395 = CIRCLE ( 'NONE', #5986, 48.50000000000000000 ) ;
#7396 = CARTESIAN_POINT ( 'NONE',  ( 49.92988842028132268, 257.2329377324546158, 2.650281566327777227 ) ) ;
#7397 = VERTEX_POINT ( 'NONE', #3314 ) ;
#7398 = ADVANCED_FACE ( 'NONE', ( #6272 ), #8460, .T. ) ;
#7399 = ORIENTED_EDGE ( 'NONE', *, *, #3652, .T. ) ;
#7400 = CARTESIAN_POINT ( 'NONE',  ( -24.29434890298208316, 131.8280114082709815, -41.46658174736685964 ) ) ;
#7401 = CARTESIAN_POINT ( 'NONE',  ( -32.55761030330818784, 35.50000000000000000, -33.47972537727753206 ) ) ;
#7402 = CARTESIAN_POINT ( 'NONE',  ( -49.87962192101848302, 230.4791400906139245, -3.467592938284531634 ) ) ;
#7403 = FACE_OUTER_BOUND ( 'NONE', #1983, .T. ) ;
#7404 = CARTESIAN_POINT ( 'NONE',  ( -28.21356056934323675, 145.5000000000000000, 34.01183617507293633 ) ) ;
#7405 = CARTESIAN_POINT ( 'NONE',  ( 40.79466709084000797, 111.3121957717727071, -24.96626355950890641 ) ) ;
#7406 = B_SPLINE_SURFACE_WITH_KNOTS ( 'NONE', 3, 1, ( 
 ( #7880, #1305 ),
 ( #4275, #4911 ),
 ( #8748, #6557 ),
 ( #2003, #1211 ),
 ( #9528, #3458 ),
 ( #7925, #2871 ),
 ( #5683, #2828 ),
 ( #7247, #5824 ),
 ( #578, #3556 ),
 ( #2092, #9443 ),
 ( #8795, #4959 ),
 ( #1258, #8062 ),
 ( #8604, #4183 ),
 ( #526, #6415 ),
 ( #2048, #622 ),
 ( #7970, #3596 ),
 ( #2141, #7292 ),
 ( #5051, #6516 ),
 ( #5098, #8023 ),
 ( #4229, #1358 ),
 ( #2784, #7148 ),
 ( #1403, #4364 ),
 ( #9485, #7333 ),
 ( #664, #3637 ),
 ( #8659, #478 ),
 ( #9340, #2681 ),
 ( #1948, #7197 ),
 ( #8704, #5774 ),
 ( #3507, #5629 ),
 ( #9387, #2730 ),
 ( #6468, #5730 ),
 ( #5005, #1546 ),
 ( #3779, #2379 ),
 ( #5329, #27 ),
 ( #5871, #5142 ),
 ( #6799, #2181 ),
 ( #5284, #2918 ),
 ( #6012, #2961 ),
 ( #8208, #1644 ),
 ( #8988, #3109 ),
 ( #8107, #9581 ),
 ( #2329, #2280 ),
 ( #8256, #8841 ),
 ( #7475, #6696 ),
 ( #4557, #1592 ),
 ( #7523, #5958 ),
 ( #127, #762 ),
 ( #860, #3835 ),
 ( #3060, #4410 ),
 ( #4609, #6055 ),
 ( #4507, #1448 ),
 ( #7378, #3690 ),
 ( #5239, #5915 ),
 ( #5187, #8305 ),
 ( #9034, #3733 ),
 ( #721, #7577 ),
 ( #908, #6602 ) ),
 .UNSPECIFIED., .F., .F., .F.,
 ( 4, 1, 1, 1, 1, 1, 1, 1, 1, 1, 1, 1, 1, 1, 1, 1, 1, 1, 1, 1, 1, 1, 1, 1, 1, 1, 1, 1, 1, 1, 1, 1, 1, 1, 1, 1, 1, 1, 1, 1, 1, 1, 1, 1, 1, 1, 1, 1, 1, 1, 1, 1, 1, 1, 4 ),
 ( 2, 2 ),
 ( 0.000000000000000000, 0.006232979306320829416, 0.006248147982836460557, 0.02461339579161692104, 0.02467609858717134674, 0.05420483296167832865, 0.05435197753588583147, 0.09350669060714100755, 0.09377882000134751816, 0.1405342250060607201, 0.1409721304143803922, 0.1929186024039735159, 0.1935597343171896467, 0.2480252474747843827, 0.2489004274716024590, 0.3030897219878512239, 0.3042184005887503817, 0.3553669908744937489, 0.3567479986205572828, 0.4022832416398304245, 0.4038798534581820032, 0.4415771578883114223, 0.4432982519744573802, 0.4714347921258625895, 0.4731089029005273172, 0.4907041958757833999, 0.4920027407873518444, 0.5000000000000000000, 0.5079972592126482667, 0.5092958041242166001, 0.5268910970994727938, 0.5285652078741374105, 0.5567017480255427309, 0.5584228421116884666, 0.5961201465418179968, 0.5977167583601695755, 0.6432520013794428282, 0.6446330091255062511, 0.6957815994112497293, 0.6969102780121487761, 0.7510995725283977631, 0.7519747525252156173, 0.8064402656828104643, 0.8070813975960264841, 0.8590278695856196078, 0.8594657749939392799, 0.9062211799986525929, 0.9064933093928589924, 0.9456480224641141685, 0.9457951670383216713, 0.9753239014128286533, 0.9753866042083830790, 0.9937518520171635394, 0.9937670206936791706, 1.000000000000000000 ),
 ( 0.000000000000000000, 1.000000000000000000 ),
 .UNSPECIFIED. ) ;
#7407 = CARTESIAN_POINT ( 'NONE',  ( 32.12638060454099787, 175.2150490470502291, -34.30797173409087719 ) ) ;
#7408 = EDGE_CURVE ( 'NONE', #7214, #7180, #9313, .T. ) ;
#7409 = DIRECTION ( 'NONE',  ( 0.6819983600624988096, 0.000000000000000000, 0.7313537016191701268 ) ) ;
#7410 = CARTESIAN_POINT ( 'NONE',  ( 35.59165798700527716, 172.3871567451897135, 35.11778775204913927 ) ) ;
#7411 = CARTESIAN_POINT ( 'NONE',  ( -43.47092483188745859, 66.31954352124843410, 47.03874315999061650 ) ) ;
#7412 = CARTESIAN_POINT ( 'NONE',  ( -44.93779350453366561, 52.88466077438589963, -45.57187448734443080 ) ) ;
#7413 = DIRECTION ( 'NONE',  ( 0.000000000000000000, 1.000000000000000000, 0.000000000000000000 ) ) ;
#7414 = ORIENTED_EDGE ( 'NONE', *, *, #6694, .F. ) ;
#7415 = CARTESIAN_POINT ( 'NONE',  ( 41.00000000000000000, 320.0000000000000000, -18.00000000000000000 ) ) ;
#7416 = CARTESIAN_POINT ( 'NONE',  ( -36.46736499287372624, 173.1609393494194364, -29.29356565747520946 ) ) ;
#7417 = CARTESIAN_POINT ( 'NONE',  ( 47.88935570772442674, 75.23276251545792093, -42.62031228415365547 ) ) ;
#7418 = CARTESIAN_POINT ( 'NONE',  ( -42.46477052410322273, 141.0908456005896028, 26.39603316579688652 ) ) ;
#7419 = EDGE_CURVE ( 'NONE', #1811, #3360, #9551, .T. ) ;
#7420 = CARTESIAN_POINT ( 'NONE',  ( -50.59218501756917874, 120.2343318316845853, -39.91748297430893899 ) ) ;
#7421 = DIRECTION ( 'NONE',  ( -0.8660254037844384856, 0.000000000000000000, 0.5000000000000004441 ) ) ;
#7422 = CARTESIAN_POINT ( 'NONE',  ( 40.28617701406466978, 108.7025900201346644, -50.22349097781341243 ) ) ;
#7423 = CARTESIAN_POINT ( 'NONE',  ( 38.00000000000000000, 320.0000000000000000, -24.00000000000000000 ) ) ;
#7424 = EDGE_LOOP ( 'NONE', ( #6172, #4706, #8530, #3998 ) ) ;
#7425 = VERTEX_POINT ( 'NONE', #436 ) ;
#7426 = CARTESIAN_POINT ( 'NONE',  ( -50.17042213900457881, 140.4589426390626556, 40.33924585287351050 ) ) ;
#7427 = B_SPLINE_CURVE_WITH_KNOTS ( 'NONE', 3,
 ( #1128, #6828, #1721, #153, #3138 ),
 .UNSPECIFIED., .F., .F.,
 ( 4, 1, 4 ),
 ( 0.9437396079111429747, 0.9462942583527024221, 0.9752823015947392760 ),
 .UNSPECIFIED. ) ;
#7428 = CARTESIAN_POINT ( 'NONE',  ( 47.03874315999062361, 66.31954352124843410, 43.47092483188747281 ) ) ;
#7429 = CARTESIAN_POINT ( 'NONE',  ( 48.14642419775778848, 153.8348667856812142, 42.36324379412032215 ) ) ;
#7430 = LINE ( 'NONE', #8935, #2656 ) ;
#7431 = DIRECTION ( 'NONE',  ( 0.000000000000000000, 1.000000000000000000, 0.000000000000000000 ) ) ;
#7432 = CARTESIAN_POINT ( 'NONE',  ( -28.26772415252453996, 71.28898199371604960, -37.49320649782439574 ) ) ;
#7433 = CARTESIAN_POINT ( 'NONE',  ( 48.18764232538012493, 78.60787726850115575, 42.32202566649797859 ) ) ;
#7434 = CARTESIAN_POINT ( 'NONE',  ( 30.50535790505960776, 52.00000000000000000, 35.25557274528932794 ) ) ;
#7435 = CARTESIAN_POINT ( 'NONE',  ( -48.15397179880391576, 94.50000000000000000, -42.35569619307419487 ) ) ;
#7436 = EDGE_LOOP ( 'NONE', ( #4316, #3748, #5531, #4919 ) ) ;
#7437 = CARTESIAN_POINT ( 'NONE',  ( -28.75104949436351376, 66.80701258836774059, 37.00988115598539707 ) ) ;
#7438 = CARTESIAN_POINT ( 'NONE',  ( 40.65331820325018697, 153.6225640485287443, -25.10761244709872742 ) ) ;
#7439 = DIRECTION ( 'NONE',  ( 0.000000000000000000, -0.000000000000000000, 1.000000000000000000 ) ) ;
#7440 = CARTESIAN_POINT ( 'NONE',  ( 49.99703806078347412, 267.2571945688090977, -0.5520385651617569778 ) ) ;
#7441 = VERTEX_POINT ( 'NONE', #3598 ) ;
#7442 = ORIENTED_EDGE ( 'NONE', *, *, #1502, .F. ) ;
#7443 = CARTESIAN_POINT ( 'NONE',  ( -39.91996775807773901, 130.9941881811296014, -50.58970023380037162 ) ) ;
#7444 = CARTESIAN_POINT ( 'NONE',  ( 0.000000000000000000, 200.0000000000000000, 0.000000000000000000 ) ) ;
#7445 = DIRECTION ( 'NONE',  ( 0.000000000000000000, 1.000000000000000000, 0.000000000000000000 ) ) ;
#7446 = CARTESIAN_POINT ( 'NONE',  ( 108.0000000000000000, 188.1420704083295163, 0.1644803745078677881 ) ) ;
#7447 = DIRECTION ( 'NONE',  ( 0.000000000000000000, -1.000000000000000000, 0.000000000000000000 ) ) ;
#7448 = ADVANCED_FACE ( 'NONE', ( #3559 ), #8306, .F. ) ;
#7449 = CARTESIAN_POINT ( 'NONE',  ( 47.88935570772442674, 75.23276251545792093, -42.62031228415365547 ) ) ;
#7450 = EDGE_CURVE ( 'NONE', #6226, #4346, #5661, .T. ) ;
#7451 = DIRECTION ( 'NONE',  ( -0.000000000000000000, -1.000000000000000000, -0.000000000000000000 ) ) ;
#7452 = CARTESIAN_POINT ( 'NONE',  ( 0.000000000000000000, 0.000000000000000000, 0.000000000000000000 ) ) ;
#7453 = CARTESIAN_POINT ( 'NONE',  ( 42.25155410946604917, 146.6058843461813126, 26.73605438546285384 ) ) ;
#7454 = CARTESIAN_POINT ( 'NONE',  ( -41.45303252024854146, 89.40149471062302666, 49.05663547162955496 ) ) ;
#7455 = CARTESIAN_POINT ( 'NONE',  ( 42.80347568553847282, 35.50000000000000000, -18.16899747475122595 ) ) ;
#7456 = CARTESIAN_POINT ( 'NONE',  ( 24.29434890298207961, 131.8280114082709815, 41.46658174736686675 ) ) ;
#7457 = ORIENTED_EDGE ( 'NONE', *, *, #6206, .F. ) ;
#7458 = CARTESIAN_POINT ( 'NONE',  ( 30.12822377908833005, 54.97802726448587407, 35.63270687126060210 ) ) ;
#7459 = CARTESIAN_POINT ( 'NONE',  ( -40.11998767400632460, 112.7299032302373263, -50.38968031787179314 ) ) ;
#7460 = ORIENTED_EDGE ( 'NONE', *, *, #8096, .F. ) ;
#7461 = CARTESIAN_POINT ( 'NONE',  ( 48.91202582514208075, 150.5005888525397495, -41.59764216673601567 ) ) ;
#7462 = AXIS2_PLACEMENT_3D ( 'NONE', #2602, #1040, #2647 ) ;
#7463 = CARTESIAN_POINT ( 'NONE',  ( 29.98132752230961273, 94.50000000000000000, -35.77960312803931231 ) ) ;
#7464 = CARTESIAN_POINT ( 'NONE',  ( -37.25277915899236092, 171.2031378497270566, -28.50815149135657478 ) ) ;
#7465 = CARTESIAN_POINT ( 'NONE',  ( -32.66844815593911022, 175.4114255477972790, -33.79063506660781258 ) ) ;
#7466 = CARTESIAN_POINT ( 'NONE',  ( 28.26772415252452220, 71.28898199371606381, -37.49320649782438863 ) ) ;
#7467 = CARTESIAN_POINT ( 'NONE',  ( -24.55371574811972124, 145.7020373835961493, 41.20721490222918959 ) ) ;
#7468 = VERTEX_POINT ( 'NONE', #7828 ) ;
#7469 = ORIENTED_EDGE ( 'NONE', *, *, #923, .F. ) ;
#7470 = CARTESIAN_POINT ( 'NONE',  ( -40.79466709084000797, 111.3121957717727071, 24.96626355950890641 ) ) ;
#7471 = CARTESIAN_POINT ( 'NONE',  ( -12.82439963561104435, 39.50000000000000000, 45.32046749522934448 ) ) ;
#7472 = CARTESIAN_POINT ( 'NONE',  ( 36.08140240266997978, 58.70654625247946257, 29.67952824767894882 ) ) ;
#7473 = CARTESIAN_POINT ( 'NONE',  ( 47.72506399400257493, 155.3921848145515128, 42.78460399787553570 ) ) ;
#7474 = EDGE_CURVE ( 'NONE', #992, #7327, #6560, .T. ) ;
#7475 = CARTESIAN_POINT ( 'NONE',  ( -47.00000000000000000, 206.7281651688462318, -2.920414631902332303 ) ) ;
#7476 = LINE ( 'NONE', #3008, #4886 ) ;
#7477 = CARTESIAN_POINT ( 'NONE',  ( -32.16823240588158228, 39.48056780803440091, -33.59269824446734987 ) ) ;
#7478 = CARTESIAN_POINT ( 'NONE',  ( 39.75138694003535278, 95.69680212022356613, 26.00954371031358647 ) ) ;
#7479 = CARTESIAN_POINT ( 'NONE',  ( 34.01183617507293633, 94.50000000000000000, 28.21356056934324386 ) ) ;
#7480 = CARTESIAN_POINT ( 'NONE',  ( -46.83469415941799241, 64.24886354028815560, 43.67497383246008980 ) ) ;
#7481 = DIRECTION ( 'NONE',  ( 0.000000000000000000, 0.000000000000000000, -1.000000000000000000 ) ) ;
#7482 = ORIENTED_EDGE ( 'NONE', *, *, #6972, .T. ) ;
#7483 = CARTESIAN_POINT ( 'NONE',  ( -40.68351489493348083, 100.9687423887486943, 49.82615309694460848 ) ) ;
#7484 = CARTESIAN_POINT ( 'NONE',  ( 34.81447876247081297, 48.51213425699022963, -30.94645188787810497 ) ) ;
#7485 = EDGE_CURVE ( 'NONE', #6710, #7572, #8146, .T. ) ;
#7486 = CARTESIAN_POINT ( 'NONE',  ( 43.19369017679611034, 69.12979561808752749, 47.31597781508200029 ) ) ;
#7487 = CARTESIAN_POINT ( 'NONE',  ( 49.95969246209562442, 262.5090558403386467, -2.007527930993821652 ) ) ;
#7488 = ORIENTED_EDGE ( 'NONE', *, *, #5328, .T. ) ;
#7489 = ORIENTED_EDGE ( 'NONE', *, *, #1014, .F. ) ;
#7490 = CARTESIAN_POINT ( 'NONE',  ( -50.17042213900460013, 140.4589426390626272, -40.33924585287351761 ) ) ;
#7491 = DIRECTION ( 'NONE',  ( 0.000000000000000000, 0.000000000000000000, -1.000000000000000000 ) ) ;
#7492 = CARTESIAN_POINT ( 'NONE',  ( -49.97972150021531945, 265.4888363200624326, -1.431908601993187480 ) ) ;
#7493 = CYLINDRICAL_SURFACE ( 'NONE', #5539, 36.00000000000000000 ) ;
#7494 = CARTESIAN_POINT ( 'NONE',  ( -36.46736499287371203, 173.1609393494194364, 29.29356565747520236 ) ) ;
#7495 = CARTESIAN_POINT ( 'NONE',  ( 40.11998767400630328, 112.7299032302373263, -50.38968031787177893 ) ) ;
#7496 = CARTESIAN_POINT ( 'NONE',  ( 28.32786105134762522, 170.3776853043428048, -37.50420821734560661 ) ) ;
#7498 = EDGE_LOOP ( 'NONE', ( #7053, #6020, #2594, #6026, #9172, #9210, #6596, #3304, #4928, #5520, #5845, #2779 ) ) ;
#7497 = DIRECTION ( 'NONE',  ( 0.5000000000000004441, -0.000000000000000000, 0.8660254037844383745 ) ) ;
#7499 = ADVANCED_FACE ( 'NONE', ( #5688 ), #8880, .T. ) ;
#7500 = CARTESIAN_POINT ( 'NONE',  ( 36.55755952383909602, 172.0119194015628352, 34.11210485453700869 ) ) ;
#7501 = CARTESIAN_POINT ( 'NONE',  ( -42.62031228415366257, 75.23276251545793514, 47.88935570772444095 ) ) ;
#7502 = FACE_OUTER_BOUND ( 'NONE', #1376, .T. ) ;
#7503 = CARTESIAN_POINT ( 'NONE',  ( 42.32202566649796438, 78.60787726850114154, 48.18764232538012493 ) ) ;
#7504 = ORIENTED_EDGE ( 'NONE', *, *, #7098, .F. ) ;
#7505 = CARTESIAN_POINT ( 'NONE',  ( -32.88046532517444120, 145.5000000000000000, 32.88046532517448384 ) ) ;
#7506 = LINE ( 'NONE', #3816, #709 ) ;
#7507 = EDGE_LOOP ( 'NONE', ( #5378, #559 ) ) ;
#7508 = CARTESIAN_POINT ( 'NONE',  ( 33.83408293086011298, 41.21309918220622137, -31.92684771948880140 ) ) ;
#7509 = CARTESIAN_POINT ( 'NONE',  ( -36.74262150299547613, 171.8815705400399452, 33.91249852951399646 ) ) ;
#7510 = EDGE_CURVE ( 'NONE', #6866, #3991, #6211, .T. ) ;
#7511 = AXIS2_PLACEMENT_3D ( 'NONE', #2138, #5139, #8104 ) ;
#7512 = CARTESIAN_POINT ( 'NONE',  ( -47.03874315999063072, 66.31954352124841989, -43.47092483188748702 ) ) ;
#7513 = CARTESIAN_POINT ( 'NONE',  ( -45.46696603029501915, 52.00000000000000000, -45.04270196158309147 ) ) ;
#7514 = CARTESIAN_POINT ( 'NONE',  ( 29.67952824767894526, 58.70654625247947678, -36.08140240266997978 ) ) ;
#7515 = CARTESIAN_POINT ( 'NONE',  ( -24.39235554936073669, 141.0186408901463153, 41.36857510098818125 ) ) ;
#7516 = EDGE_CURVE ( 'NONE', #2631, #6462, #1160, .T. ) ;
#7517 = ORIENTED_EDGE ( 'NONE', *, *, #8585, .T. ) ;
#7518 = ORIENTED_EDGE ( 'NONE', *, *, #8489, .F. ) ;
#7519 = VECTOR ( 'NONE', #3217, 1000.000000000000000 ) ;
#7520 = CARTESIAN_POINT ( 'NONE',  ( -37.25277915899234671, 171.2031378497270850, 28.50815149135656412 ) ) ;
#7521 = CARTESIAN_POINT ( 'NONE',  ( 42.62031228415365547, 75.23276251545790672, 47.88935570772444095 ) ) ;
#7522 = CARTESIAN_POINT ( 'NONE',  ( 40.24733569863606419, 157.6066838202880831, 25.51359495171287506 ) ) ;
#7523 = CARTESIAN_POINT ( 'NONE',  ( -47.00000000000000000, 194.9311061388172561, -2.395508128715534202 ) ) ;
#7524 = LOCAL_TIME ( 22, 37, 13.00000000000000000, #2571 ) ;
#7525 = CARTESIAN_POINT ( 'NONE',  ( -14.38468787235863644, 264.0000000000000000, 47.05019399338136310 ) ) ;
#7526 = CARTESIAN_POINT ( 'NONE',  ( -29.29356565747520236, 173.1609393494194080, -36.46736499287372624 ) ) ;
#7527 = ORIENTED_EDGE ( 'NONE', *, *, #9360, .F. ) ;
#7528 = DIRECTION ( 'NONE',  ( -0.000000000000000000, -1.000000000000000000, -0.000000000000000000 ) ) ;
#7529 = EDGE_CURVE ( 'NONE', #6140, #1054, #5823, .T. ) ;
#7530 = CARTESIAN_POINT ( 'NONE',  ( 44.20390395962769503, 59.33385514974001751, -46.30576403225040849 ) ) ;
#7531 = CARTESIAN_POINT ( 'NONE',  ( -44.99017980345194445, 52.44290321668560750, 45.51948818842614486 ) ) ;
#7532 = CARTESIAN_POINT ( 'NONE',  ( -45.92619372941037881, 55.93620152028918824, -44.58347426246772471 ) ) ;
#7533 = EDGE_LOOP ( 'NONE', ( #577, #6864, #8323, #8431, #9230, #7267 ) ) ;
#7534 = AXIS2_PLACEMENT_3D ( 'NONE', #5907, #5177, #7421 ) ;
#7535 = CARTESIAN_POINT ( 'NONE',  ( -44.20390395962768793, 59.33385514974001751, 46.30576403225040139 ) ) ;
#7536 = CARTESIAN_POINT ( 'NONE',  ( 24.39235554936073669, 141.0186408901463437, -41.36857510098818125 ) ) ;
#7537 = CIRCLE ( 'NONE', #1794, 47.10000000000000853 ) ;
#7538 = EDGE_CURVE ( 'NONE', #8466, #2739, #5479, .T. ) ;
#7539 = FACE_OUTER_BOUND ( 'NONE', #6359, .T. ) ;
#7540 = AXIS2_PLACEMENT_3D ( 'NONE', #1610, #882, #6767 ) ;
#7541 = CARTESIAN_POINT ( 'NONE',  ( 49.92838439272775020, 256.9832948508730510, -2.678361751738738583 ) ) ;
#7542 = VECTOR ( 'NONE', #1826, 1000.000000000000227 ) ;
#7543 = ORIENTED_EDGE ( 'NONE', *, *, #2524, .T. ) ;
#7544 = VERTEX_POINT ( 'NONE', #2530 ) ;
#7545 = LINE ( 'NONE', #3129, #2125 ) ;
#7546 = CARTESIAN_POINT ( 'NONE',  ( -24.54999999999999716, 264.0000000000000000, 42.52184732581595483 ) ) ;
#7547 = CARTESIAN_POINT ( 'NONE',  ( -49.99703806077488366, 267.2571945677786971, 0.5520385659266252576 ) ) ;
#7548 = VECTOR ( 'NONE', #1092, 1000.000000000000000 ) ;
#7549 = CARTESIAN_POINT ( 'NONE',  ( 47.00000000000000000, 160.0000000000000000, 0.2500000000000000000 ) ) ;
#7550 = EDGE_CURVE ( 'NONE', #3118, #1265, #7839, .T. ) ;
#7551 = CARTESIAN_POINT ( 'NONE',  ( -47.31597781508198608, 69.12979561808752749, 43.19369017679610323 ) ) ;
#7552 = AXIS2_PLACEMENT_3D ( 'NONE', #4409, #7887, #7377 ) ;
#7553 = CARTESIAN_POINT ( 'NONE',  ( 48.14642419775777427, 153.8348667856812142, -42.36324379412032926 ) ) ;
#7554 = CARTESIAN_POINT ( 'NONE',  ( 29.31276646092959481, 172.3850631285008035, -36.74166306701854978 ) ) ;
#7555 = DIRECTION ( 'NONE',  ( -0.7071067811865474617, 0.000000000000000000, -0.7071067811865474617 ) ) ;
#7556 = CARTESIAN_POINT ( 'NONE',  ( 36.14363019647821318, 172.2360455000678598, 34.55038136064774079 ) ) ;
#7557 = CARTESIAN_POINT ( 'NONE',  ( -25.61039644484208466, 101.0166046022987985, -40.15053420550685814 ) ) ;
#7558 = CARTESIAN_POINT ( 'NONE',  ( 40.24733569863606419, 157.6066838202880831, 25.51359495171287506 ) ) ;
#7559 = EDGE_LOOP ( 'NONE', ( #2812, #1758, #4880, #6444 ) ) ;
#7560 = DIRECTION ( 'NONE',  ( -0.7071067811865474617, 0.000000000000000000, -0.7071067811865474617 ) ) ;
#7561 = CARTESIAN_POINT ( 'NONE',  ( -34.61057804017211481, 46.00849753284931154, 31.45444816953540368 ) ) ;
#7562 = EDGE_LOOP ( 'NONE', ( #4220, #6477, #4788, #9545 ) ) ;
#7563 = CARTESIAN_POINT ( 'NONE',  ( 43.94697918396568781, 157.2818685057019650, -46.56268880791239440 ) ) ;
#7564 = CARTESIAN_POINT ( 'NONE',  ( -35.57395586169644019, 172.3895762982198221, 35.13572767647076489 ) ) ;
#7565 = CARTESIAN_POINT ( 'NONE',  ( -40.24733569863605709, 157.6066838202881399, -25.51359495171287861 ) ) ;
#7566 = B_SPLINE_CURVE_WITH_KNOTS ( 'NONE', 3,
 ( #49, #8863, #1522, #936, #8131, #4634, #3033, #2984, #1472, #9057, #4439, #5305, #2404, #5356, #9011, #4, #8909, #6824, #6671, #5988, #8332, #7407, #2255, #8185, #3086, #4584, #149, #1673, #7554, #7601, #8964, #7496, #742, #5214 ),
 .UNSPECIFIED., .F., .F.,
 ( 4, 2, 2, 2, 2, 2, 2, 2, 2, 2, 2, 2, 2, 2, 2, 2, 4 ),
 ( 0.000000000000000000, 0.002341570909616881666, 0.003512356364425324885, 0.004683141819233767669, 0.005853927274042211755, 0.007024712728850654106, 0.008195498183659097324, 0.008780890911063318066, 0.009366283638467540543, 0.009951676365871761284, 0.01053706909327598376, 0.01170785454808441484, 0.01287864000289284244, 0.01404942545770127005, 0.01639099636731812179, 0.01756178182212658409, 0.01873256727693504639 ),
 .UNSPECIFIED. ) ;
#7567 = ADVANCED_FACE ( 'NONE', ( #1648 ), #6897, .F. ) ;
#7568 = CARTESIAN_POINT ( 'NONE',  ( -34.81447876247083428, 48.51213425699023674, -30.94645188787811207 ) ) ;
#7569 = CARTESIAN_POINT ( 'NONE',  ( 42.36324379412030794, 153.8348667856812142, -48.14642419775778848 ) ) ;
#7570 = CARTESIAN_POINT ( 'NONE',  ( -48.14642419775778137, 153.8348667856811858, 42.36324379412031504 ) ) ;
#7571 = VERTEX_POINT ( 'NONE', #3303 ) ;
#7572 = VERTEX_POINT ( 'NONE', #9229 ) ;
#7573 = CARTESIAN_POINT ( 'NONE',  ( -27.19834591289385628, 166.8763353538257945, 38.56258473745505455 ) ) ;
#7574 = MECHANICAL_CONTEXT ( 'NONE', #3169, 'mechanical' ) ;
#7575 = CARTESIAN_POINT ( 'NONE',  ( 27.19834591289388470, 166.8763353538258514, 38.56258473745506166 ) ) ;
#7576 = CARTESIAN_POINT ( 'NONE',  ( 40.15053420550686525, 101.0166046022987985, 25.61039644484208111 ) ) ;
#7577 = CARTESIAN_POINT ( 'NONE',  ( -108.0000000000000000, 188.1420704083295448, -0.1644803745078677881 ) ) ;
#7578 = EDGE_CURVE ( 'NONE', #1824, #7893, #3157, .T. ) ;
#7579 = FACE_OUTER_BOUND ( 'NONE', #5157, .T. ) ;
#7580 = EDGE_CURVE ( 'NONE', #141, #4269, #2415, .T. ) ;
#7581 = DIRECTION ( 'NONE',  ( 1.000000000000000000, 0.000000000000000000, 1.224646799147353207E-16 ) ) ;
#7582 = ORIENTED_EDGE ( 'NONE', *, *, #6998, .T. ) ;
#7583 = CARTESIAN_POINT ( 'NONE',  ( 33.26194495473987445, 37.17140469785623225, 32.49898569560906481 ) ) ;
#7584 = CARTESIAN_POINT ( 'NONE',  ( 24.69734275216252328, 116.6762642137271797, -41.06358789818639821 ) ) ;
#7585 = CARTESIAN_POINT ( 'NONE',  ( -40.75980735771283037, 145.8271779734263021, 49.74986063416525184 ) ) ;
#7586 = CARTESIAN_POINT ( 'NONE',  ( -39.91996775807773901, 130.9941881811296014, -50.58970023380037162 ) ) ;
#7587 = ORIENTED_EDGE ( 'NONE', *, *, #1952, .F. ) ;
#7588 = CARTESIAN_POINT ( 'NONE',  ( -24.69734275216252328, 116.6762642137271513, 41.06358789818639110 ) ) ;
#7589 = CARTESIAN_POINT ( 'NONE',  ( 50.17042213900457881, 140.4589426390626556, -40.33924585287350340 ) ) ;
#7590 = ADVANCED_FACE ( 'NONE', ( #2577 ), #5530, .F. ) ;
#7591 = DIRECTION ( 'NONE',  ( -1.000000000000000000, 0.000000000000000000, 0.000000000000000000 ) ) ;
#7592 = CARTESIAN_POINT ( 'NONE',  ( 29.31272387618480124, 172.3557253146925063, 36.73995031797392130 ) ) ;
#7593 = ORIENTED_EDGE ( 'NONE', *, *, #8839, .F. ) ;
#7594 = VERTEX_POINT ( 'NONE', #1842 ) ;
#7595 = CARTESIAN_POINT ( 'NONE',  ( -33.95194050901731231, 268.0000000000000000, -34.91354659257850557 ) ) ;
#7596 = FACE_OUTER_BOUND ( 'NONE', #9049, .T. ) ;
#7597 = CARTESIAN_POINT ( 'NONE',  ( -49.90588651823698285, 252.5501890653239911, 3.071903830253980505 ) ) ;
#7598 = DIRECTION ( 'NONE',  ( -0.7071067811865474617, 0.000000000000000000, -0.7071067811865474617 ) ) ;
#7599 = CARTESIAN_POINT ( 'NONE',  ( -37.25277915899234671, 171.2031378497270850, 28.50815149135656412 ) ) ;
#7600 = CARTESIAN_POINT ( 'NONE',  ( 34.44736847863527629, 45.71524904810724621, -31.31356217171364520 ) ) ;
#7601 = CARTESIAN_POINT ( 'NONE',  ( 28.79566584425074538, 171.4065011673097274, -37.14638582585304505 ) ) ;
#7602 = DIRECTION ( 'NONE',  ( 0.000000000000000000, -1.000000000000000000, 0.000000000000000000 ) ) ;
#7603 = CARTESIAN_POINT ( 'NONE',  ( 41.94603062283053418, 151.6279985229427609, 27.21337766141802206 ) ) ;
#7604 = CARTESIAN_POINT ( 'NONE',  ( 35.98579126513807580, 43.91303109689120987, 34.15356504387185055 ) ) ;
#7605 = CARTESIAN_POINT ( 'NONE',  ( 41.74177417787064570, 85.62404022679615423, 48.76789381400746493 ) ) ;
#7606 = ORIENTED_EDGE ( 'NONE', *, *, #3081, .T. ) ;
#7607 = CARTESIAN_POINT ( 'NONE',  ( -34.56857423804549256, 172.2436984526290189, -36.12624812830564736 ) ) ;
#7608 = CARTESIAN_POINT ( 'NONE',  ( 0.000000000000000000, 30.00000000000000000, 0.000000000000000000 ) ) ;
#7609 = EDGE_LOOP ( 'NONE', ( #416, #6890, #3432, #5280 ) ) ;
#7610 = CARTESIAN_POINT ( 'NONE',  ( -108.0000000000000000, 220.1113353915708615, 0.9303783449379624537 ) ) ;
#7611 = CARTESIAN_POINT ( 'NONE',  ( -27.21337766141935077, 151.6279985229542433, 41.94603062282968153 ) ) ;
#7612 = CARTESIAN_POINT ( 'NONE',  ( -40.15053420550685104, 101.0166046022987985, -25.61039644484208111 ) ) ;
#7613 = EDGE_CURVE ( 'NONE', #5434, #2631, #174, .T. ) ;
#7614 = CARTESIAN_POINT ( 'NONE',  ( -50.17042213900460013, 140.4589426390626272, -40.33924585287351761 ) ) ;
#7615 = CARTESIAN_POINT ( 'NONE',  ( 40.15053420550684393, 101.0166046022987985, -25.61039644484207400 ) ) ;
#7616 = AXIS2_PLACEMENT_3D ( 'NONE', #6286, #9258, #6407 ) ;
#7617 = CARTESIAN_POINT ( 'NONE',  ( -24.29434890298206540, 131.8280114082709815, 41.46658174736685254 ) ) ;
#7618 = VERTEX_POINT ( 'NONE', #7728 ) ;
#7619 = ORIENTED_EDGE ( 'NONE', *, *, #3269, .F. ) ;
#7620 = CARTESIAN_POINT ( 'NONE',  ( 0.000000000000000000, 55.00000000000000000, 0.000000000000000000 ) ) ;
#7621 = CARTESIAN_POINT ( 'NONE',  ( 47.10000000000000142, 30.00000000000000000, 2.500000000000000000 ) ) ;
#7622 = CARTESIAN_POINT ( 'NONE',  ( 24.96626355950891352, 111.3121957717727071, 40.79466709084002218 ) ) ;
#7623 = CARTESIAN_POINT ( 'NONE',  ( 40.79466709084002218, 111.3121957717727071, 24.96626355950891352 ) ) ;
#7624 = CARTESIAN_POINT ( 'NONE',  ( 32.32732609223439368, 60.02193514452952883, 38.15377554675346516 ) ) ;
#7625 = AXIS2_PLACEMENT_3D ( 'NONE', #2186, #8067, #8028 ) ;
#7626 = CARTESIAN_POINT ( 'NONE',  ( 41.99181708300166349, 151.2543003863798674, -27.14520631303244258 ) ) ;
#7627 = DIRECTION ( 'NONE',  ( 0.000000000000000000, -1.000000000000000000, 0.000000000000000000 ) ) ;
#7628 = ORIENTED_EDGE ( 'NONE', *, *, #1567, .F. ) ;
#7629 = CARTESIAN_POINT ( 'NONE',  ( 49.93783009309771614, 143.4569695494772930, 40.57183789878039448 ) ) ;
#7630 = CARTESIAN_POINT ( 'NONE',  ( 28.26772415252452220, 71.28898199371606381, -37.49320649782438863 ) ) ;
#7631 = EDGE_CURVE ( 'NONE', #8167, #8900, #1008, .T. ) ;
#7632 = DIRECTION ( 'NONE',  ( -0.5000000000000003331, 0.000000000000000000, -0.8660254037844383745 ) ) ;
#7633 = CARTESIAN_POINT ( 'NONE',  ( -47.72506399400258204, 155.3921848145515128, -42.78460399787553570 ) ) ;
#7634 = VERTEX_POINT ( 'NONE', #9036 ) ;
#7635 = CARTESIAN_POINT ( 'NONE',  ( -50.17042213900457881, 140.4589426390626556, 40.33924585287351050 ) ) ;
#7636 = LINE ( 'NONE', #8410, #4508 ) ;
#7637 = CARTESIAN_POINT ( 'NONE',  ( 36.16138306720321083, 57.99999999999999289, -30.02250515210873871 ) ) ;
#7638 = DIRECTION ( 'NONE',  ( 0.000000000000000000, 0.000000000000000000, -1.000000000000000000 ) ) ;
#7639 = ORIENTED_EDGE ( 'NONE', *, *, #8867, .T. ) ;
#7640 = CARTESIAN_POINT ( 'NONE',  ( 33.89314221727669718, 42.89642948488349816, 31.86778843307225273 ) ) ;
#7641 = FACE_OUTER_BOUND ( 'NONE', #6814, .T. ) ;
#7642 = CARTESIAN_POINT ( 'NONE',  ( -49.95567683431921324, 261.6796552519377315, 2.105110369948496540 ) ) ;
#7643 = DIRECTION ( 'NONE',  ( -0.5000000000000004441, 0.000000000000000000, -0.8660254037844382635 ) ) ;
#7644 = CARTESIAN_POINT ( 'NONE',  ( -45.92619372941035749, 55.93620152028918824, 44.58347426246772471 ) ) ;
#7645 = CARTESIAN_POINT ( 'NONE',  ( -84.99999999999998579, 212.0000000000000000, 1.050000000000000044 ) ) ;
#7646 = B_SPLINE_CURVE_WITH_KNOTS ( 'NONE', 3,
 ( #8288, #1725, #8339, #5271 ),
 .UNSPECIFIED., .F., .F.,
 ( 4, 4 ),
 ( 0.000000000000000000, 0.0003614012583556523738 ),
 .UNSPECIFIED. ) ;
#7647 = CARTESIAN_POINT ( 'NONE',  ( -26.85867340158341321, 85.63114929373708151, 38.90225724876551539 ) ) ;
#7648 = DIRECTION ( 'NONE',  ( 0.000000000000000000, -1.000000000000000000, 0.000000000000000000 ) ) ;
#7649 = CARTESIAN_POINT ( 'NONE',  ( -84.99999999999998579, 212.0000000000000000, 0.000000000000000000 ) ) ;
#7650 = CARTESIAN_POINT ( 'NONE',  ( 24.39235554936074735, 141.0186408901463437, 41.36857510098818835 ) ) ;
#7651 = VERTEX_POINT ( 'NONE', #5332 ) ;
#7652 = PLANE ( 'NONE',  #410 ) ;
#7653 = CARTESIAN_POINT ( 'NONE',  ( -44.58347426246773182, 55.93620152028918113, -45.92619372941037170 ) ) ;
#7654 = ORIENTED_EDGE ( 'NONE', *, *, #9012, .T. ) ;
#7655 = DIRECTION ( 'NONE',  ( -0.7071067811865474617, 0.000000000000000000, 0.7071067811865474617 ) ) ;
#7656 = CARTESIAN_POINT ( 'NONE',  ( -41.53184048916860149, 156.2938203314783152, 27.84387101844173529 ) ) ;
#7657 = CARTESIAN_POINT ( 'NONE',  ( -50.58970023380035741, 130.9941881811295445, 39.91996775807773190 ) ) ;
#7658 = CARTESIAN_POINT ( 'NONE',  ( -46.56268880791240861, 157.2818685057019650, -43.94697918396570202 ) ) ;
#7659 = CARTESIAN_POINT ( 'NONE',  ( 37.00988115598539707, 66.80701258836774059, -28.75104949436352086 ) ) ;
#7660 = CARTESIAN_POINT ( 'NONE',  ( -40.68351489493348083, 100.9687423887486943, 49.82615309694460848 ) ) ;
#7661 = ORIENTED_EDGE ( 'NONE', *, *, #5919, .T. ) ;
#7662 = ORIENTED_EDGE ( 'NONE', *, *, #437, .T. ) ;
#7663 = DIRECTION ( 'NONE',  ( -0.000000000000000000, 1.000000000000000000, -0.000000000000000000 ) ) ;
#7664 = CARTESIAN_POINT ( 'NONE',  ( 31.31356217171364520, 45.71524904810726753, 34.44736847863529050 ) ) ;
#7665 = CARTESIAN_POINT ( 'NONE',  ( 41.74177417787064570, 85.62404022679615423, 48.76789381400746493 ) ) ;
#7666 = B_SPLINE_CURVE_WITH_KNOTS ( 'NONE', 3,
 ( #8771, #9508, #2852, #9605, #4303 ),
 .UNSPECIFIED., .F., .F.,
 ( 4, 1, 4 ),
 ( 0.02471769840525942299, 0.05370574164729763345, 0.05626039372446038633 ),
 .UNSPECIFIED. ) ;
#7667 = CARTESIAN_POINT ( 'NONE',  ( 29.19682311961569354, 162.4383763707146215, 40.59050206124566529 ) ) ;
#7668 = EDGE_CURVE ( 'NONE', #8167, #6124, #3193, .T. ) ;
#7669 = CARTESIAN_POINT ( 'NONE',  ( 38.90225724876550117, 85.63114929373706730, -26.85867340158341676 ) ) ;
#7670 = CARTESIAN_POINT ( 'NONE',  ( 49.09999999999999432, 264.0000000000000000, 3.500000000000000000 ) ) ;
#7671 = VECTOR ( 'NONE', #9157, 1000.000000000000000 ) ;
#7672 = DIRECTION ( 'NONE',  ( -0.000000000000000000, -1.000000000000000000, -0.000000000000000000 ) ) ;
#7673 = VERTEX_POINT ( 'NONE', #6107 ) ;
#7674 = CARTESIAN_POINT ( 'NONE',  ( 43.19369017679611034, 69.12979561808752749, 47.31597781508200029 ) ) ;
#7675 = CARTESIAN_POINT ( 'NONE',  ( 46.56268880791238018, 157.2818685057020218, -43.94697918396571623 ) ) ;
#7676 = LINE ( 'NONE', #7044, #7211 ) ;
#7677 = CARTESIAN_POINT ( 'NONE',  ( -25.10761244709873097, 153.6225640485287443, -40.65331820325020118 ) ) ;
#7678 = ORIENTED_EDGE ( 'NONE', *, *, #5850, .F. ) ;
#7679 = CARTESIAN_POINT ( 'NONE',  ( -33.83408293086010588, 41.21309918220618584, 31.92684771948880140 ) ) ;
#7680 = PLANE ( 'NONE',  #5589 ) ;
#7681 = EDGE_CURVE ( 'NONE', #1158, #9381, #3645, .T. ) ;
#7682 = DIRECTION ( 'NONE',  ( 0.000000000000000000, 0.000000000000000000, -1.000000000000000000 ) ) ;
#7683 = CARTESIAN_POINT ( 'NONE',  ( 34.56082353836229260, 175.0649071256258082, 31.85388218792847681 ) ) ;
#7684 = AXIS2_PLACEMENT_3D ( 'NONE', #3638, #3691, #2142 ) ;
#7685 = ADVANCED_FACE ( 'NONE', ( #2436 ), #6164, .T. ) ;
#7686 = AXIS2_PLACEMENT_3D ( 'NONE', #8501, #3984, #8308 ) ;
#7687 = CARTESIAN_POINT ( 'NONE',  ( -47.31597781508198608, 69.12979561808752749, 43.19369017679610323 ) ) ;
#7688 = AXIS2_PLACEMENT_3D ( 'NONE', #3756, #6631, #5079 ) ;
#7689 = ORIENTED_EDGE ( 'NONE', *, *, #5376, .F. ) ;
#7690 = VECTOR ( 'NONE', #2399, 1000.000000000000000 ) ;
#7691 = CARTESIAN_POINT ( 'NONE',  ( -44.99031566266480553, 52.44175755770029212, -45.51935232921329799 ) ) ;
#7692 = CARTESIAN_POINT ( 'NONE',  ( 46.83469415941800662, 64.24886354028815560, 43.67497383246009690 ) ) ;
#7693 = CARTESIAN_POINT ( 'NONE',  ( 32.88046532517449805, 176.0000000000000000, 32.88046532517445542 ) ) ;
#7694 = DIRECTION ( 'NONE',  ( 0.7071067811865474617, -0.000000000000000000, -0.7071067811865474617 ) ) ;
#7695 = CARTESIAN_POINT ( 'NONE',  ( -41.36857510098817414, 141.0186408901463437, 24.39235554936074024 ) ) ;
#7696 = AXIS2_PLACEMENT_3D ( 'NONE', #7309, #641, #3613 ) ;
#7697 = CARTESIAN_POINT ( 'NONE',  ( 45.92619372941038591, 55.93620152028918824, 44.58347426246773892 ) ) ;
#7698 = AXIS2_PLACEMENT_3D ( 'NONE', #6533, #3705, #9461 ) ;
#7699 = CARTESIAN_POINT ( 'NONE',  ( -42.36324379412030794, 153.8348667856812142, 48.14642419775777427 ) ) ;
#7700 = EDGE_CURVE ( 'NONE', #7984, #1896, #9134, .T. ) ;
#7701 = ORIENTED_EDGE ( 'NONE', *, *, #1952, .T. ) ;
#7702 = CARTESIAN_POINT ( 'NONE',  ( -5.983784761192732837, 264.0000000000000000, 48.73401604558892330 ) ) ;
#7703 = CIRCLE ( 'NONE', #3980, 46.99996213765929554 ) ;
#7704 = CARTESIAN_POINT ( 'NONE',  ( 29.85456569809049299, 57.99999999144424123, 36.04734682555345415 ) ) ;
#7705 = FACE_OUTER_BOUND ( 'NONE', #2031, .T. ) ;
#7706 = ORIENTED_EDGE ( 'NONE', *, *, #3800, .T. ) ;
#7707 = CARTESIAN_POINT ( 'NONE',  ( -33.50048380368160394, 171.5663486130465287, -37.11866614448774726 ) ) ;
#7708 = DIRECTION ( 'NONE',  ( -0.9088285370321855794, 0.4171671973262491284, 0.001489882847593747457 ) ) ;
#7709 = VERTEX_POINT ( 'NONE', #6358 ) ;
#7710 = DIRECTION ( 'NONE',  ( 0.7071067811865474617, 0.000000000000000000, -0.7071067811865474617 ) ) ;
#7711 = AXIS2_PLACEMENT_3D ( 'NONE', #5747, #4338, #737 ) ;
#7712 = CARTESIAN_POINT ( 'NONE',  ( -32.19888822755601154, 170.1142467439850918, 38.25277611541469014 ) ) ;
#7713 = CARTESIAN_POINT ( 'NONE',  ( -48.18764232538011782, 78.60787726850114154, 42.32202566649796438 ) ) ;
#7714 = EDGE_CURVE ( 'NONE', #5393, #4030, #2623, .T. ) ;
#7715 = VECTOR ( 'NONE', #4184, 1000.000000000000227 ) ;
#7716 = VECTOR ( 'NONE', #7205, 1000.000000000000114 ) ;
#7717 = CARTESIAN_POINT ( 'NONE',  ( -50.59218501756917874, 120.2343318316845853, -39.91748297430893899 ) ) ;
#7718 = CARTESIAN_POINT ( 'NONE',  ( 36.08140240266996557, 58.70654625247944125, -29.67952824767894526 ) ) ;
#7719 = CARTESIAN_POINT ( 'NONE',  ( 32.66833329081850223, 35.99999999999999289, 33.09259735953043702 ) ) ;
#7720 = ORIENTED_EDGE ( 'NONE', *, *, #7281, .F. ) ;
#7721 = VERTEX_POINT ( 'NONE', #7815 ) ;
#7722 = CARTESIAN_POINT ( 'NONE',  ( -45.51935232921328378, 52.44175755770030634, 44.99031566266479842 ) ) ;
#7723 = CARTESIAN_POINT ( 'NONE',  ( -84.99999999999998579, 212.0000000000000000, 0.000000000000000000 ) ) ;
#7724 = EDGE_CURVE ( 'NONE', #3555, #9090, #4265, .T. ) ;
#7725 = LINE ( 'NONE', #1932, #248 ) ;
#7726 = CARTESIAN_POINT ( 'NONE',  ( 50.64418028391640547, 124.0985968565961741, -39.86548770796168384 ) ) ;
#7727 = CARTESIAN_POINT ( 'NONE',  ( 40.86045618393096390, 90.27506426512395876, -28.82478188321175949 ) ) ;
#7728 = CARTESIAN_POINT ( 'NONE',  ( -43.41654570485090403, 58.00000000000000000, -18.00000000000000000 ) ) ;
#7729 = VERTEX_POINT ( 'NONE', #4127 ) ;
#7730 = CARTESIAN_POINT ( 'NONE',  ( 37.25277915899236092, 171.2031378497270282, 28.50815149135656767 ) ) ;
#7731 = CARTESIAN_POINT ( 'NONE',  ( 40.15053420550684393, 101.0166046022987985, -25.61039644484207400 ) ) ;
#7732 = DIRECTION ( 'NONE',  ( -1.000000000000000000, 0.000000000000000000, -0.000000000000000000 ) ) ;
#7733 = CARTESIAN_POINT ( 'NONE',  ( -32.88046532517444831, 176.5866740378391455, -32.88046532517448384 ) ) ;
#7734 = ORIENTED_EDGE ( 'NONE', *, *, #8715, .F. ) ;
#7735 = CARTESIAN_POINT ( 'NONE',  ( 35.25557465778358335, 52.00000000000000000, -30.50535599256534169 ) ) ;
#7736 = CARTESIAN_POINT ( 'NONE',  ( -37.71505118858653560, 73.51205123983933731, 28.04587946176237878 ) ) ;
#7737 = CARTESIAN_POINT ( 'NONE',  ( 36.04734682555172753, 57.99999999144424834, -29.85456569808795280 ) ) ;
#7738 = CARTESIAN_POINT ( 'NONE',  ( 49.88948353355700505, 245.8732475149629693, -3.323446269448276702 ) ) ;
#7739 = CARTESIAN_POINT ( 'NONE',  ( -39.22375858382815039, 163.8347417721553541, 26.53717206652077110 ) ) ;
#7740 = VERTEX_POINT ( 'NONE', #6405 ) ;
#7741 = CARTESIAN_POINT ( 'NONE',  ( 49.20000000000000284, 268.0000000000000000, 0.000000000000000000 ) ) ;
#7742 = CARTESIAN_POINT ( 'NONE',  ( 34.08013314532964699, 43.01938834715430460, -31.68079750501926739 ) ) ;
#7743 = CARTESIAN_POINT ( 'NONE',  ( -29.59757854400859500, 59.45114242251204217, 36.16335210634031938 ) ) ;
#7744 = DIRECTION ( 'NONE',  ( 0.000000000000000000, 1.000000000000000000, 0.000000000000000000 ) ) ;
#7745 = CARTESIAN_POINT ( 'NONE',  ( -45.46696603029500494, 52.00000000000000000, 45.04270196158308437 ) ) ;
#7746 = CARTESIAN_POINT ( 'NONE',  ( -34.94075078326840611, 38.38965361115108976, -34.51648671455647843 ) ) ;
#7747 = CARTESIAN_POINT ( 'NONE',  ( -48.14642419775778137, 153.8348667856811858, 42.36324379412031504 ) ) ;
#7748 = FACE_OUTER_BOUND ( 'NONE', #8349, .T. ) ;
#7749 = LINE ( 'NONE', #345, #834 ) ;
#7750 = LINE ( 'NONE', #1084, #5670 ) ;
#7751 = EDGE_LOOP ( 'NONE', ( #7816, #4058, #3622, #1019 ) ) ;
#7752 = CARTESIAN_POINT ( 'NONE',  ( -35.59165798699057603, 172.3871567451918168, -35.11778775206403935 ) ) ;
#7753 = CARTESIAN_POINT ( 'NONE',  ( -46.99996322182071395, 213.0500485290940276, 0.1366018453194451088 ) ) ;
#7754 = ORIENTED_EDGE ( 'NONE', *, *, #6961, .T. ) ;
#7755 = CARTESIAN_POINT ( 'NONE',  ( 0.000000000000000000, 35.50000000000000000, 0.000000000000000000 ) ) ;
#7756 = CARTESIAN_POINT ( 'NONE',  ( -33.55431931507494170, 264.0000000000000000, -35.98260211966317712 ) ) ;
#7757 = CARTESIAN_POINT ( 'NONE',  ( -41.20721490222918248, 145.7020373835962062, 24.55371574811973545 ) ) ;
#7758 = CARTESIAN_POINT ( 'NONE',  ( -30.94645188787811207, 48.51213425699022963, -34.81447876247082718 ) ) ;
#7759 = LINE ( 'NONE', #4647, #7154 ) ;
#7760 = CARTESIAN_POINT ( 'NONE',  ( 31.31356217171364520, 45.71524904810726753, 34.44736847863529050 ) ) ;
#7761 = EDGE_LOOP ( 'NONE', ( #6597, #4889, #1357, #1769, #7886, #7582 ) ) ;
#7762 = ORIENTED_EDGE ( 'NONE', *, *, #4513, .T. ) ;
#7763 = CARTESIAN_POINT ( 'NONE',  ( -45.77674598141884843, 54.62836855260160718, 44.73292201045924088 ) ) ;
#7764 = CARTESIAN_POINT ( 'NONE',  ( -47.31597781508200029, 69.12979561808752749, -43.19369017679611034 ) ) ;
#7765 = CARTESIAN_POINT ( 'NONE',  ( 45.04270196158309147, 52.00000000000000000, 45.46696603029501915 ) ) ;
#7766 = CARTESIAN_POINT ( 'NONE',  ( 36.46736499287372624, 173.1609393494194080, -29.29356565747519880 ) ) ;
#7767 = CARTESIAN_POINT ( 'NONE',  ( 26.22797537150329816, 132.7716359899428937, -42.56869902803983763 ) ) ;
#7768 = CARTESIAN_POINT ( 'NONE',  ( -32.66833329081850223, 36.00000000000000000, -33.09259735953043702 ) ) ;
#7769 = B_SPLINE_CURVE_WITH_KNOTS ( 'NONE', 3,
 ( #8369, #1712, #9150, #9301 ),
 .UNSPECIFIED., .F., .F.,
 ( 4, 4 ),
 ( 0.000000000000000000, 0.01571456560818404805 ),
 .UNSPECIFIED. ) ;
#7770 = VERTEX_POINT ( 'NONE', #2720 ) ;
#7771 = CARTESIAN_POINT ( 'NONE',  ( 26.53717206652077820, 163.8347417721553541, 39.22375858382816460 ) ) ;
#7772 = DIRECTION ( 'NONE',  ( -0.2923717047227364918, 0.000000000000000000, 0.9563047559630355465 ) ) ;
#7773 = EDGE_CURVE ( 'NONE', #6572, #425, #4997, .T. ) ;
#7774 = ORIENTED_EDGE ( 'NONE', *, *, #4323, .T. ) ;
#7775 = CARTESIAN_POINT ( 'NONE',  ( 42.78460399787551438, 155.3921848145515128, -47.72506399400257493 ) ) ;
#7776 = CARTESIAN_POINT ( 'NONE',  ( 34.80028685661176979, 38.39089156305784911, 34.65886550037445346 ) ) ;
#7777 = CARTESIAN_POINT ( 'NONE',  ( -21.38493649053892653, 39.50000000000000000, -42.03979651824705144 ) ) ;
#7778 = ORIENTED_EDGE ( 'NONE', *, *, #4441, .F. ) ;
#7779 = CARTESIAN_POINT ( 'NONE',  ( 33.26194495473986734, 37.17140469785623935, -32.49898569560905059 ) ) ;
#7780 = AXIS2_PLACEMENT_3D ( 'NONE', #4084, #4768, #2587 ) ;
#7781 = DIRECTION ( 'NONE',  ( -0.000000000000000000, 1.000000000000000000, -0.000000000000000000 ) ) ;
#7782 = CARTESIAN_POINT ( 'NONE',  ( 29.70434460654487552, 172.9592403366421252, 36.42405306805208198 ) ) ;
#7783 = FACE_OUTER_BOUND ( 'NONE', #4131, .T. ) ;
#7784 = CARTESIAN_POINT ( 'NONE',  ( -33.09259735953042281, 35.99999999999999289, 32.66833329081849513 ) ) ;
#7785 = EDGE_LOOP ( 'NONE', ( #1827, #7662, #1529, #1916 ) ) ;
#7786 = DIRECTION ( 'NONE',  ( 0.4999999999999998335, -0.000000000000000000, -0.8660254037844388186 ) ) ;
#7787 = DIRECTION ( 'NONE',  ( 0.8660254037844387076, 0.000000000000000000, 0.4999999999999997780 ) ) ;
#7788 = DIRECTION ( 'NONE',  ( 0.000000000000000000, -1.000000000000000000, 0.000000000000000000 ) ) ;
#7789 = CARTESIAN_POINT ( 'NONE',  ( -32.66833329081850223, 36.00000000000000000, -33.09259735953043702 ) ) ;
#7790 = DIRECTION ( 'NONE',  ( 0.000000000000000000, 1.000000000000000000, 0.000000000000000000 ) ) ;
#7791 = CARTESIAN_POINT ( 'NONE',  ( -28.75104949436351376, 66.80701258836774059, 37.00988115598539707 ) ) ;
#7792 = PLANE ( 'NONE',  #7462 ) ;
#7793 = DIRECTION ( 'NONE',  ( 0.2722802470405741304, 0.000000000000000000, -0.9622179935292852759 ) ) ;
#7794 = DIRECTION ( 'NONE',  ( 1.000000000000000000, 0.000000000000000000, 0.000000000000000000 ) ) ;
#7795 = ORIENTED_EDGE ( 'NONE', *, *, #2959, .T. ) ;
#7796 = CARTESIAN_POINT ( 'NONE',  ( -29.71275661870562246, 164.2458856828135936, -40.21452035317847162 ) ) ;
#7797 = CARTESIAN_POINT ( 'NONE',  ( 34.01183617507293633, 145.5000000000000000, 28.21356056934324386 ) ) ;
#7798 = ORIENTED_EDGE ( 'NONE', *, *, #6569, .T. ) ;
#7799 = CARTESIAN_POINT ( 'NONE',  ( -108.0000000000000000, 208.7190203635717864, -1.531725937652305802 ) ) ;
#7800 = CYLINDRICAL_SURFACE ( 'NONE', #1174, 1.050000000000000044 ) ;
#7801 = CARTESIAN_POINT ( 'NONE',  ( -40.24733569863604288, 157.6066838202881399, 25.51359495171287506 ) ) ;
#7802 = EDGE_CURVE ( 'NONE', #4315, #493, #4174, .T. ) ;
#7803 = LINE ( 'NONE', #7856, #3347 ) ;
#7804 = CARTESIAN_POINT ( 'NONE',  ( 0.000000000000000000, 0.000000000000000000, 0.000000000000000000 ) ) ;
#7805 = EDGE_CURVE ( 'NONE', #5017, #5297, #2820, .T. ) ;
#7806 = CARTESIAN_POINT ( 'NONE',  ( 0.000000000000000000, 94.50000000000000000, 0.000000000000000000 ) ) ;
#7807 = ORIENTED_EDGE ( 'NONE', *, *, #3423, .T. ) ;
#7808 = ORIENTED_EDGE ( 'NONE', *, *, #4833, .F. ) ;
#7809 = CARTESIAN_POINT ( 'NONE',  ( -33.26194495473986024, 37.17140469785621093, 32.49898569560905770 ) ) ;
#7810 = CARTESIAN_POINT ( 'NONE',  ( -34.81447876247083428, 48.51213425699023674, -30.94645188787811207 ) ) ;
#7811 = CARTESIAN_POINT ( 'NONE',  ( 42.62031228415365547, 75.23276251545790672, 47.88935570772444095 ) ) ;
#7812 = CARTESIAN_POINT ( 'NONE',  ( 33.59269824446733566, 39.48056780803440091, -32.16823240588158228 ) ) ;
#7813 = CARTESIAN_POINT ( 'NONE',  ( 36.54327006474119344, 172.0212866422755269, -34.12743092666894285 ) ) ;
#7814 = EDGE_CURVE ( 'NONE', #7878, #4517, #4420, .T. ) ;
#7815 = CARTESIAN_POINT ( 'NONE',  ( -22.05269856716359200, 275.0000000000000000, -43.19639436232868235 ) ) ;
#7816 = ORIENTED_EDGE ( 'NONE', *, *, #1447, .T. ) ;
#7817 = CARTESIAN_POINT ( 'NONE',  ( 50.17042213900458592, 140.4589426390626556, 40.33924585287351761 ) ) ;
#7818 = CARTESIAN_POINT ( 'NONE',  ( -32.88046532517444120, 176.0000000000000000, 32.88046532517448384 ) ) ;
#7819 = ORIENTED_EDGE ( 'NONE', *, *, #7802, .T. ) ;
#7820 = CARTESIAN_POINT ( 'NONE',  ( 25.51359495171286440, 157.6066838202881399, -40.24733569863604998 ) ) ;
#7821 = DIRECTION ( 'NONE',  ( -0.000000000000000000, -1.000000000000000000, -0.000000000000000000 ) ) ;
#7822 = CARTESIAN_POINT ( 'NONE',  ( -34.80028685661174137, 38.39089156305781358, -34.65886550037442504 ) ) ;
#7823 = VERTEX_POINT ( 'NONE', #3402 ) ;
#7824 = CARTESIAN_POINT ( 'NONE',  ( -25.68186601320298834, 35.50000000000000000, -39.48229676804389499 ) ) ;
#7825 = AXIS2_PLACEMENT_3D ( 'NONE', #7119, #4417, #5599 ) ;
#7826 = CARTESIAN_POINT ( 'NONE',  ( 46.99563705851122108, 212.8398454935629616, 0.6449407921122869425 ) ) ;
#7827 = EDGE_CURVE ( 'NONE', #6098, #5333, #5026, .T. ) ;
#7828 = CARTESIAN_POINT ( 'NONE',  ( -49.99939933985896090, 161.3767734674762266, -0.2450829519018705716 ) ) ;
#7829 = PLANE ( 'NONE',  #3781 ) ;
#7830 = CARTESIAN_POINT ( 'NONE',  ( -32.88046532517444120, 176.5866740378391739, 32.88046532517448384 ) ) ;
#7831 = EDGE_LOOP ( 'NONE', ( #8991, #2519, #1515, #3869 ) ) ;
#7832 = AXIS2_PLACEMENT_3D ( 'NONE', #5324, #2428, #5380 ) ;
#7833 = CARTESIAN_POINT ( 'NONE',  ( 0.000000000000000000, 0.000000000000000000, 0.000000000000000000 ) ) ;
#7834 = CARTESIAN_POINT ( 'NONE',  ( 39.82026051515521914, 127.6151589264297144, 50.68940747672289149 ) ) ;
#7835 = EDGE_CURVE ( 'NONE', #4256, #6626, #6313, .T. ) ;
#7836 = CARTESIAN_POINT ( 'NONE',  ( -32.98532786528267735, 54.99999999999999289, 37.57616459432502865 ) ) ;
#7837 = CARTESIAN_POINT ( 'NONE',  ( 0.000000000000000000, 264.0000000000000000, 0.000000000000000000 ) ) ;
#7838 = CARTESIAN_POINT ( 'NONE',  ( 41.46658174736685254, 131.8280114082709815, 24.29434890298207961 ) ) ;
#7839 = CIRCLE ( 'NONE', #5344, 36.00000000000000000 ) ;
#7840 = CARTESIAN_POINT ( 'NONE',  ( -26.00954371031357582, 95.69680212022356613, 39.75138694003534567 ) ) ;
#7841 = LINE ( 'NONE', #7702, #7005 ) ;
#7842 = LINE ( 'NONE', #3427, #6275 ) ;
#7843 = LINE ( 'NONE', #1182, #1168 ) ;
#7844 = EDGE_CURVE ( 'NONE', #6987, #3899, #1296, .T. ) ;
#7845 = VERTEX_POINT ( 'NONE', #9433 ) ;
#7846 = CARTESIAN_POINT ( 'NONE',  ( -41.73424116573493592, 154.1365289939363379, -27.53707542704336930 ) ) ;
#7847 = DIRECTION ( 'NONE',  ( 1.000000000000000000, -0.000000000000000000, -0.000000000000000000 ) ) ;
#7848 = ORIENTED_EDGE ( 'NONE', *, *, #9354, .T. ) ;
#7849 = CIRCLE ( 'NONE', #7540, 49.20000000000000284 ) ;
#7850 = DIRECTION ( 'NONE',  ( 0.000000000000000000, -1.000000000000000000, 0.000000000000000000 ) ) ;
#7851 = CARTESIAN_POINT ( 'NONE',  ( 28.56886579483280997, 171.3537213827954986, -37.19206485551610797 ) ) ;
#7852 = VECTOR ( 'NONE', #8284, 1000.000000000000000 ) ;
#7853 = AXIS2_PLACEMENT_3D ( 'NONE', #6542, #7358, #5030 ) ;
#7854 = CARTESIAN_POINT ( 'NONE',  ( -26.38282558608575812, 264.0000000000000000, 40.69639436232869656 ) ) ;
#7855 = AXIS2_PLACEMENT_3D ( 'NONE', #6628, #1, #2981 ) ;
#7856 = CARTESIAN_POINT ( 'NONE',  ( 41.00000000000000000, 320.0000000000000000, -18.00000000000000000 ) ) ;
#7857 = DIRECTION ( 'NONE',  ( 0.000000000000000000, 1.000000000000000000, 0.000000000000000000 ) ) ;
#7858 = CARTESIAN_POINT ( 'NONE',  ( 45.25483399593905176, 145.5000000000000000, 45.25483399593905176 ) ) ;
#7859 = ORIENTED_EDGE ( 'NONE', *, *, #9200, .T. ) ;
#7860 = ORIENTED_EDGE ( 'NONE', *, *, #8839, .T. ) ;
#7861 = VECTOR ( 'NONE', #8576, 1000.000000000000000 ) ;
#7862 = CARTESIAN_POINT ( 'NONE',  ( 41.19064070390658827, 148.1781441586250878, 49.31902728797151525 ) ) ;
#7863 = CARTESIAN_POINT ( 'NONE',  ( -48.18764232538013204, 78.60787726850114154, -42.32202566649797859 ) ) ;
#7864 = CARTESIAN_POINT ( 'NONE',  ( 32.58376914801012703, 36.58494384897174712, 33.17716150233881223 ) ) ;
#7865 = CIRCLE ( 'NONE', #2895, 48.50000000000000000 ) ;
#7866 = CARTESIAN_POINT ( 'NONE',  ( 45.77674598141884843, 54.62836855260157876, -44.73292201045924088 ) ) ;
#7867 = ADVANCED_FACE ( 'NONE', ( #5765, #1890 ), #8740, .T. ) ;
#7868 = AXIS2_PLACEMENT_3D ( 'NONE', #9412, #8767, #8680 ) ;
#7869 = CARTESIAN_POINT ( 'NONE',  ( 34.55038136064504073, 172.2360455000667514, -36.14363019648080666 ) ) ;
#7870 = CARTESIAN_POINT ( 'NONE',  ( 45.25483399593903755, 158.6226686892998146, -45.25483399593904466 ) ) ;
#7871 = ORIENTED_EDGE ( 'NONE', *, *, #4985, .F. ) ;
#7872 = CARTESIAN_POINT ( 'NONE',  ( -41.89008183373210414, 152.1318062554275912, -48.61958615814599938 ) ) ;
#7873 = CARTESIAN_POINT ( 'NONE',  ( 47.00000000000000711, 242.1251027914491658, 3.543797287136490226 ) ) ;
#7874 = ORIENTED_EDGE ( 'NONE', *, *, #4530, .F. ) ;
#7875 = CARTESIAN_POINT ( 'NONE',  ( 40.24733569863604998, 157.6066838202880831, -25.51359495171286795 ) ) ;
#7876 = CARTESIAN_POINT ( 'NONE',  ( 34.51648671455647843, 38.38965361115110397, 34.94075078326841322 ) ) ;
#7877 = CARTESIAN_POINT ( 'NONE',  ( -34.94075078326840611, 38.38965361115108976, -34.51648671455647843 ) ) ;
#7878 = VERTEX_POINT ( 'NONE', #2774 ) ;
#7879 = EDGE_CURVE ( 'NONE', #4605, #803, #6616, .T. ) ;
#7880 = CARTESIAN_POINT ( 'NONE',  ( -47.00000000000000000, 159.9999999999999716, 0.2499999999999999445 ) ) ;
#7881 = EDGE_CURVE ( 'NONE', #4934, #7544, #2998, .T. ) ;
#7882 = CARTESIAN_POINT ( 'NONE',  ( -31.16249184016697882, 49.00211377389208423, -35.06995688179167558 ) ) ;
#7883 = CARTESIAN_POINT ( 'NONE',  ( -48.18764232538013204, 78.60787726850114154, -42.32202566649797859 ) ) ;
#7884 = CARTESIAN_POINT ( 'NONE',  ( 26.53717206652076399, 163.8347417721553541, -39.22375858382815039 ) ) ;
#7885 = CARTESIAN_POINT ( 'NONE',  ( -40.24733569863604288, 157.6066838202881399, 25.51359495171287506 ) ) ;
#7886 = ORIENTED_EDGE ( 'NONE', *, *, #9117, .F. ) ;
#7887 = DIRECTION ( 'NONE',  ( -0.000000000000000000, 1.000000000000000000, -0.000000000000000000 ) ) ;
#7888 = LINE ( 'NONE', #1170, #5201 ) ;
#7889 = DIRECTION ( 'NONE',  ( -0.000000000000000000, -1.000000000000000000, -0.000000000000000000 ) ) ;
#7890 = CARTESIAN_POINT ( 'NONE',  ( 108.0000000000000000, 188.8455625563293552, -0.2356386559728526342 ) ) ;
#7891 = CARTESIAN_POINT ( 'NONE',  ( 38.90225724876551539, 85.63114929373708151, 26.85867340158342742 ) ) ;
#7892 = CARTESIAN_POINT ( 'NONE',  ( -37.49320649782438153, 71.28898199371604960, 28.26772415252452575 ) ) ;
#7893 = VERTEX_POINT ( 'NONE', #2219 ) ;
#7894 = CARTESIAN_POINT ( 'NONE',  ( 45.19678830451481844, 268.0000000000000000, -19.18489840882334008 ) ) ;
#7895 = CARTESIAN_POINT ( 'NONE',  ( -34.23080655015913010, 268.0000000000000000, -35.20031083563868179 ) ) ;
#7896 = EDGE_CURVE ( 'NONE', #2754, #4107, #3494, .T. ) ;
#7897 = ORIENTED_EDGE ( 'NONE', *, *, #9003, .T. ) ;
#7898 = CARTESIAN_POINT ( 'NONE',  ( -41.61076682821889250, 155.3918562705150919, -27.72384869572751143 ) ) ;
#7899 = CARTESIAN_POINT ( 'NONE',  ( -46.99564887098593147, 212.8406384459446485, 0.6442385569967340464 ) ) ;
#7900 = ORIENTED_EDGE ( 'NONE', *, *, #9580, .F. ) ;
#7901 = CARTESIAN_POINT ( 'NONE',  ( 108.0000000000000000, 204.9984294160720424, -1.407972151344733858 ) ) ;
#7902 = CARTESIAN_POINT ( 'NONE',  ( 37.71505118860601868, 169.6705890994531103, -28.04587946173982971 ) ) ;
#7903 = CARTESIAN_POINT ( 'NONE',  ( 43.19369017679609613, 69.12979561808752749, -47.31597781508199319 ) ) ;
#7904 = CARTESIAN_POINT ( 'NONE',  ( -24.37365805196744262, 126.6764942988443892, -41.38727259838150019 ) ) ;
#7905 = CARTESIAN_POINT ( 'NONE',  ( 35.45918685583339425, 52.00000000000000000, 30.80394296248341846 ) ) ;
#7906 = DIRECTION ( 'NONE',  ( -0.8660254037844383745, 0.000000000000000000, 0.5000000000000005551 ) ) ;
#7907 = ORIENTED_EDGE ( 'NONE', *, *, #6347, .F. ) ;
#7908 = ORIENTED_EDGE ( 'NONE', *, *, #9452, .F. ) ;
#7909 = CARTESIAN_POINT ( 'NONE',  ( 41.59764216673602277, 150.5005888525397211, 48.91202582514209496 ) ) ;
#7910 = CARTESIAN_POINT ( 'NONE',  ( -36.16138306720321083, 57.99999999999999289, 30.02250515210873871 ) ) ;
#7911 = CARTESIAN_POINT ( 'NONE',  ( 24.37365805196742130, 126.6764942988443892, -41.38727259838148598 ) ) ;
#7912 = CARTESIAN_POINT ( 'NONE',  ( 0.000000000000000000, 145.5000000000000000, 0.000000000000000000 ) ) ;
#7913 = ADVANCED_FACE ( 'NONE', ( #5276 ), #6549, .F. ) ;
#7914 = CARTESIAN_POINT ( 'NONE',  ( 32.88046532517448384, 94.50000000000000000, -32.88046532517444831 ) ) ;
#7915 = CARTESIAN_POINT ( 'NONE',  ( 37.80070851025061529, 170.7959266676879793, -32.72860058175103859 ) ) ;
#7916 = CARTESIAN_POINT ( 'NONE',  ( 41.89008183373209704, 152.1318062554275912, -48.61958615814599227 ) ) ;
#7917 = EDGE_LOOP ( 'NONE', ( #8527, #111, #8556, #6980, #3023, #5560, #3158, #9237 ) ) ;
#7918 = CARTESIAN_POINT ( 'NONE',  ( 32.66833329081848802, 35.99999999999999289, -33.09259735953042991 ) ) ;
#7919 = DIRECTION ( 'NONE',  ( 0.000000000000000000, 0.000000000000000000, 1.000000000000000000 ) ) ;
#7920 = ORIENTED_EDGE ( 'NONE', *, *, #2305, .T. ) ;
#7921 = CARTESIAN_POINT ( 'NONE',  ( -29.67952824767894171, 58.70654625247946257, 36.08140240266996557 ) ) ;
#7922 = CARTESIAN_POINT ( 'NONE',  ( -37.57616459432502154, 54.99999999999999289, 32.98532786528269156 ) ) ;
#7923 = DIRECTION ( 'NONE',  ( -0.3907311284892737158, 0.000000000000000000, -0.9205048534524403747 ) ) ;
#7924 = ORIENTED_EDGE ( 'NONE', *, *, #6865, .T. ) ;
#7925 = CARTESIAN_POINT ( 'NONE',  ( -47.00000000000000000, 167.6150733960352284, 0.7962789259304907663 ) ) ;
#7926 = CARTESIAN_POINT ( 'NONE',  ( 46.99933661931596873, 213.0229731698608191, 0.2738953549688894484 ) ) ;
#7927 = CARTESIAN_POINT ( 'NONE',  ( -47.03874315999063072, 66.31954352124841989, -43.47092483188748702 ) ) ;
#7928 = EDGE_CURVE ( 'NONE', #6428, #819, #6912, .T. ) ;
#7929 = CARTESIAN_POINT ( 'NONE',  ( 25.61039644484206690, 101.0166046022987985, -40.15053420550685104 ) ) ;
#7930 = CARTESIAN_POINT ( 'NONE',  ( 46.43274706497560089, 35.50000000000000000, -2.500000000000000000 ) ) ;
#7931 = CIRCLE ( 'NONE', #8853, 47.10000000000000142 ) ;
#7932 = ORIENTED_EDGE ( 'NONE', *, *, #1685, .F. ) ;
#7933 = CARTESIAN_POINT ( 'NONE',  ( -34.84691904185639544, 48.76015656176718238, -30.91401160849255447 ) ) ;
#7934 = CARTESIAN_POINT ( 'NONE',  ( -31.92684771948879785, 41.21309918220622848, 33.83408293086011298 ) ) ;
#7935 = EDGE_CURVE ( 'NONE', #1336, #5756, #8018, .T. ) ;
#7936 = CARTESIAN_POINT ( 'NONE',  ( 40.28617701406466978, 108.7025900201346644, -50.22349097781341243 ) ) ;
#7937 = CARTESIAN_POINT ( 'NONE',  ( -37.71505118859931116, 169.6705890994767003, -28.04587946174760660 ) ) ;
#7938 = CARTESIAN_POINT ( 'NONE',  ( 41.38727259838149308, 126.6764942988443892, 24.37365805196743551 ) ) ;
#7939 = VECTOR ( 'NONE', #4327, 1000.000000000000114 ) ;
#7940 = CARTESIAN_POINT ( 'NONE',  ( -40.15053420550684393, 101.0166046022987985, 25.61039644484207400 ) ) ;
#7941 = ORIENTED_EDGE ( 'NONE', *, *, #1392, .F. ) ;
#7942 = CARTESIAN_POINT ( 'NONE',  ( 4.408728476930470856E-15, 52.00000000000000000, 36.00000000000000000 ) ) ;
#7943 = CARTESIAN_POINT ( 'NONE',  ( -47.31597781508200029, 69.12979561808752749, -43.19369017679611034 ) ) ;
#7944 = ORIENTED_EDGE ( 'NONE', *, *, #6669, .T. ) ;
#7945 = CARTESIAN_POINT ( 'NONE',  ( -39.54399360121216489, 166.9004939136051746, -30.59992134144360776 ) ) ;
#7946 = CARTESIAN_POINT ( 'NONE',  ( -33.08452668010874476, 42.63100731622667183, -32.67640397024020871 ) ) ;
#7947 = EDGE_LOOP ( 'NONE', ( #5927, #8973, #6484, #7543, #40, #8079 ) ) ;
#7948 = CARTESIAN_POINT ( 'NONE',  ( 108.0000000000000000, 197.7459818005252146, -0.9880518776675252246 ) ) ;
#7949 = CARTESIAN_POINT ( 'NONE',  ( -26.64811512789333392, 117.6516938689362064, 42.30730197504317402 ) ) ;
#7950 = CARTESIAN_POINT ( 'NONE',  ( 40.68351489493348083, 100.9687423887486943, -49.82615309694460137 ) ) ;
#7951 = CARTESIAN_POINT ( 'NONE',  ( -43.97682058470661559, 61.44371818057052792, -46.53284740717148082 ) ) ;
#7952 = CARTESIAN_POINT ( 'NONE',  ( -5.910663155149645576, 200.0000000000000000, 48.13848835460412801 ) ) ;
#7953 = CARTESIAN_POINT ( 'NONE',  ( 33.26194495473987445, 37.17140469785623225, 32.49898569560906481 ) ) ;
#7954 = ORIENTED_EDGE ( 'NONE', *, *, #4241, .T. ) ;
#7955 = ORIENTED_EDGE ( 'NONE', *, *, #9500, .F. ) ;
#7956 = CARTESIAN_POINT ( 'NONE',  ( 26.85867340158342387, 85.63114929373708151, 38.90225724876550828 ) ) ;
#7957 = CARTESIAN_POINT ( 'NONE',  ( -33.83408293086012009, 41.21309918220619295, -31.92684771948881561 ) ) ;
#7958 = CARTESIAN_POINT ( 'NONE',  ( -40.17760570267969911, 200.0000000000000000, -24.00000000000000000 ) ) ;
#7959 = CARTESIAN_POINT ( 'NONE',  ( 35.32342563974514604, 52.00000000784753240, -30.60489854011312971 ) ) ;
#7960 = CARTESIAN_POINT ( 'NONE',  ( -36.16138306720321083, 57.99999999999999289, 30.02250515210873871 ) ) ;
#7961 = DIRECTION ( 'NONE',  ( 0.000000000000000000, 1.000000000000000000, -0.000000000000000000 ) ) ;
#7962 = CARTESIAN_POINT ( 'NONE',  ( -33.69677404368322016, 42.79827253823057731, 32.06415660666569067 ) ) ;
#7963 = CARTESIAN_POINT ( 'NONE',  ( 47.00000000000000000, 245.7159877520656437, 3.467667383507734069 ) ) ;
#7964 = ORIENTED_EDGE ( 'NONE', *, *, #6, .T. ) ;
#7965 = CARTESIAN_POINT ( 'NONE',  ( -44.99031566266479842, 52.44175755770029923, 45.51935232921329799 ) ) ;
#7966 = CARTESIAN_POINT ( 'NONE',  ( -84.99999999999998579, 212.0000000000000000, 1.050000000000000044 ) ) ;
#7967 = CARTESIAN_POINT ( 'NONE',  ( -32.58376914801012703, 36.58494384897175422, -33.17716150233881223 ) ) ;
#7968 = EDGE_CURVE ( 'NONE', #3555, #450, #541, .T. ) ;
#7969 = EDGE_LOOP ( 'NONE', ( #6662, #7155, #4379, #7871, #2842, #4055 ) ) ;
#7970 = CARTESIAN_POINT ( 'NONE',  ( -47.00000000000000000, 218.9313642205669055, 3.332580657541732272 ) ) ;
#7971 = CARTESIAN_POINT ( 'NONE',  ( -31.68079750501928515, 43.01938834715414117, -34.08013314532963278 ) ) ;
#7972 = CARTESIAN_POINT ( 'NONE',  ( -39.75138694003534567, 95.69680212022356613, -26.00954371031358647 ) ) ;
#7973 = CARTESIAN_POINT ( 'NONE',  ( 43.47092483188746570, 66.31954352124841989, -47.03874315999062361 ) ) ;
#7974 = CARTESIAN_POINT ( 'NONE',  ( -33.92626584899984010, 175.3686818598623347, 32.52754583687722345 ) ) ;
#7975 = VERTEX_POINT ( 'NONE', #8199 ) ;
#7976 = DIRECTION ( 'NONE',  ( 0.000000000000000000, 1.000000000000000000, 0.000000000000000000 ) ) ;
#7977 = CARTESIAN_POINT ( 'NONE',  ( 32.58376914801011281, 36.58494384897174712, -33.17716150233880512 ) ) ;
#7978 = CIRCLE ( 'NONE', #3783, 49.20000000000000995 ) ;
#7979 = CARTESIAN_POINT ( 'NONE',  ( 47.00000000000000000, 245.7159877520656437, -3.467667383507734957 ) ) ;
#7980 = CARTESIAN_POINT ( 'NONE',  ( 49.58005470913413859, 96.97051065983893636, 40.92961328274396493 ) ) ;
#7981 = ADVANCED_FACE ( 'NONE', ( #754 ), #183, .T. ) ;
#7982 = CARTESIAN_POINT ( 'NONE',  ( -45.77674598141884843, 54.62836855260160718, 44.73292201045924088 ) ) ;
#7983 = AXIS2_PLACEMENT_3D ( 'NONE', #4407, #1354, #4362 ) ;
#7984 = VERTEX_POINT ( 'NONE', #4838 ) ;
#7985 = CARTESIAN_POINT ( 'NONE',  ( -39.75138694003534567, 95.69680212022356613, -26.00954371031358647 ) ) ;
#7986 = EDGE_LOOP ( 'NONE', ( #3296, #405, #8664, #8138, #158, #4036 ) ) ;
#7987 = CARTESIAN_POINT ( 'NONE',  ( -42.48347992595972755, 140.3216086453315938, -26.36587291666787181 ) ) ;
#7988 = CARTESIAN_POINT ( 'NONE',  ( -32.06220998348531737, 42.79893798239337599, -33.69872066686364320 ) ) ;
#7989 = ORIENTED_EDGE ( 'NONE', *, *, #646, .T. ) ;
#7990 = CARTESIAN_POINT ( 'NONE',  ( -33.95194050901731231, 264.0000000000000000, -34.91354659257850557 ) ) ;
#7991 = CARTESIAN_POINT ( 'NONE',  ( -44.73292201045923377, 54.62836855260158586, 45.77674598141885554 ) ) ;
#7992 = AXIS2_PLACEMENT_3D ( 'NONE', #2375, #8931, #1588 ) ;
#7993 = AXIS2_PLACEMENT_3D ( 'NONE', #6566, #4192, #7207 ) ;
#7994 = LINE ( 'NONE', #3576, #8943 ) ;
#7995 = EDGE_CURVE ( 'NONE', #8502, #447, #7803, .T. ) ;
#7996 = CARTESIAN_POINT ( 'NONE',  ( -46.99563705851122108, 211.1601545064369532, -0.6449407921122869425 ) ) ;
#7997 = ADVANCED_FACE ( 'NONE', ( #9366 ), #8635, .T. ) ;
#7998 = VECTOR ( 'NONE', #2939, 1000.000000000000000 ) ;
#7999 = FACE_OUTER_BOUND ( 'NONE', #167, .T. ) ;
#8000 = CARTESIAN_POINT ( 'NONE',  ( 48.18764232538012493, 78.60787726850115575, 42.32202566649797859 ) ) ;
#8001 = VERTEX_POINT ( 'NONE', #3484 ) ;
#8002 = CARTESIAN_POINT ( 'NONE',  ( 41.46658174736685254, 131.8280114082709815, 24.29434890298207961 ) ) ;
#8003 = AXIS2_PLACEMENT_3D ( 'NONE', #6633, #1527, #5308 ) ;
#8004 = CARTESIAN_POINT ( 'NONE',  ( -41.36857510098818835, 141.0186408901463437, -24.39235554936074735 ) ) ;
#8005 = CARTESIAN_POINT ( 'NONE',  ( -20.83493649053890096, 30.00000000000000000, 41.08716857408418832 ) ) ;
#8006 = CIRCLE ( 'NONE', #8929, 1.050000000000000044 ) ;
#8007 = CARTESIAN_POINT ( 'NONE',  ( -45.46696603029500494, 52.00000000000000000, 45.04270196158308437 ) ) ;
#8008 = EDGE_CURVE ( 'NONE', #3911, #3540, #504, .T. ) ;
#8009 = EDGE_CURVE ( 'NONE', #6710, #2560, #4792, .T. ) ;
#8010 = CARTESIAN_POINT ( 'NONE',  ( 46.99103765065072480, 211.4709691909127400, -0.9173879470754520149 ) ) ;
#8011 = AXIS2_PLACEMENT_3D ( 'NONE', #3534, #4790, #551 ) ;
#8012 = AXIS2_PLACEMENT_3D ( 'NONE', #8264, #8721, #2753 ) ;
#8013 = DIRECTION ( 'NONE',  ( -0.7071067811865474617, 0.000000000000000000, 0.7071067811865474617 ) ) ;
#8014 = CARTESIAN_POINT ( 'NONE',  ( -39.82026051515521914, 127.6151589264297428, -50.68940747672289149 ) ) ;
#8015 = PLANE ( 'NONE',  #867 ) ;
#8016 = EDGE_LOOP ( 'NONE', ( #1229, #1398, #5634, #6858 ) ) ;
#8017 = DIRECTION ( 'NONE',  ( -0.000000000000000000, 1.000000000000000000, 0.000000000000000000 ) ) ;
#8018 = B_SPLINE_CURVE_WITH_KNOTS ( 'NONE', 3,
 ( #8247, #9518, #2318, #4401, #656, #3587, #3770, #2861, #8924, #6732, #65, #6686, #8831, #2172, #7465, #5133, #1437, #3050, #8147, #5814, #8097, #2271, #7367, #8786, #613, #5230, #800, #6002, #1489, #3679, #9615, #2952, #1581, #4454 ),
 .UNSPECIFIED., .F., .F.,
 ( 4, 2, 2, 2, 2, 2, 2, 2, 2, 2, 2, 2, 2, 2, 2, 2, 4 ),
 ( 0.000000000000000000, 0.002341570909608139961, 0.003512356364412173079, 0.004683141819216206196, 0.005853927274020238013, 0.007024712728824271564, 0.008195498183628290370, 0.008780890911030275053, 0.009366283638432258002, 0.009951676365834244420, 0.01053706909323622910, 0.01170785454804016031, 0.01287864000284409498, 0.01404942545764802792, 0.01639099636725595971, 0.01756178182205992214, 0.01873256727686388109 ),
 .UNSPECIFIED. ) ;
#8019 = DIRECTION ( 'NONE',  ( 1.000000000000000000, 0.000000000000000000, 0.000000000000000000 ) ) ;
#8020 = FACE_OUTER_BOUND ( 'NONE', #8638, .T. ) ;
#8021 = VECTOR ( 'NONE', #2675, 1000.000000000000114 ) ;
#8022 = ORIENTED_EDGE ( 'NONE', *, *, #247, .F. ) ;
#8023 = CARTESIAN_POINT ( 'NONE',  ( -107.9999999999999858, 211.2349972917179741, 1.554547180778681925 ) ) ;
#8024 = AXIS2_PLACEMENT_3D ( 'NONE', #2511, #5415, #1047 ) ;
#8025 = LINE ( 'NONE', #4913, #7715 ) ;
#8026 = CARTESIAN_POINT ( 'NONE',  ( -38.43390449649707108, 80.61020279584469961, -27.32702615385186462 ) ) ;
#8027 = CARTESIAN_POINT ( 'NONE',  ( 26.85867340158341321, 85.63114929373708151, -38.90225724876550117 ) ) ;
#8028 = DIRECTION ( 'NONE',  ( 0.000000000000000000, 0.000000000000000000, -1.000000000000000000 ) ) ;
#8029 = ORIENTED_EDGE ( 'NONE', *, *, #1926, .T. ) ;
#8030 = DIRECTION ( 'NONE',  ( -0.8660254037844383745, 0.000000000000000000, 0.5000000000000004441 ) ) ;
#8031 = CARTESIAN_POINT ( 'NONE',  ( 24.96626355950889931, 111.3121957717727071, -40.79466709084002218 ) ) ;
#8032 = CARTESIAN_POINT ( 'NONE',  ( 107.9999999999999858, 220.7712470389694204, 0.8099658592145441149 ) ) ;
#8033 = CARTESIAN_POINT ( 'NONE',  ( 39.75138694003535278, 95.69680212022356613, 26.00954371031358647 ) ) ;
#8034 = CARTESIAN_POINT ( 'NONE',  ( -35.63270687126059499, 54.97802726448587407, 30.12822377908832294 ) ) ;
#8035 = ORIENTED_EDGE ( 'NONE', *, *, #1748, .F. ) ;
#8036 = CARTESIAN_POINT ( 'NONE',  ( 0.000000000000000000, 200.0000000000000000, 0.000000000000000000 ) ) ;
#8037 = ORIENTED_EDGE ( 'NONE', *, *, #4367, .T. ) ;
#8038 = CARTESIAN_POINT ( 'NONE',  ( -33.17716150233881223, 36.58494384897174712, -32.58376914801012703 ) ) ;
#8039 = PLANE ( 'NONE',  #7696 ) ;
#8040 = CARTESIAN_POINT ( 'NONE',  ( -49.91050786925382710, 210.3979357549058591, -2.993449714918090088 ) ) ;
#8041 = DIRECTION ( 'NONE',  ( 0.8660254037844387076, 0.000000000000000000, 0.4999999999999997780 ) ) ;
#8042 = CARTESIAN_POINT ( 'NONE',  ( -31.92684771948879785, 41.21309918220622848, 33.83408293086011298 ) ) ;
#8043 = CARTESIAN_POINT ( 'NONE',  ( 31.31356217171363099, 45.71524904810726753, -34.44736847863527629 ) ) ;
#8044 = FACE_OUTER_BOUND ( 'NONE', #3273, .T. ) ;
#8045 = EDGE_CURVE ( 'NONE', #2424, #1232, #7666, .T. ) ;
#8046 = CARTESIAN_POINT ( 'NONE',  ( -28.50815149135655346, 171.2031378497270282, 37.25277915899235381 ) ) ;
#8047 = CARTESIAN_POINT ( 'NONE',  ( 47.31597781508200029, 69.12979561808754170, 43.19369017679611034 ) ) ;
#8048 = ORIENTED_EDGE ( 'NONE', *, *, #332, .F. ) ;
#8049 = CARTESIAN_POINT ( 'NONE',  ( 48.14642419775778848, 153.8348667856812142, 42.36324379412032215 ) ) ;
#8050 = CARTESIAN_POINT ( 'NONE',  ( -45.25483399593905176, 158.6226686892998146, -45.25483399593905176 ) ) ;
#8051 = CARTESIAN_POINT ( 'NONE',  ( 29.67952824767894526, 58.70654625247947678, -36.08140240266997978 ) ) ;
#8052 = CARTESIAN_POINT ( 'NONE',  ( 5.694607616035192278E-15, 0.000000000000000000, 46.50000000000000000 ) ) ;
#8053 = CARTESIAN_POINT ( 'NONE',  ( 46.99996322182071395, 210.9499514709060293, -0.1366018453194451088 ) ) ;
#8054 = DIRECTION ( 'NONE',  ( 0.8660254037844388186, 0.000000000000000000, 0.4999999999999998335 ) ) ;
#8055 = CARTESIAN_POINT ( 'NONE',  ( -33.29355735933108917, 42.66555434063411667, 32.46737329101784297 ) ) ;
#8056 = CARTESIAN_POINT ( 'NONE',  ( -25.71506350946109265, 30.00000000000000000, 39.53979651824707275 ) ) ;
#8057 = ORIENTED_EDGE ( 'NONE', *, *, #4513, .F. ) ;
#8058 = ORIENTED_EDGE ( 'NONE', *, *, #3224, .F. ) ;
#8059 = CARTESIAN_POINT ( 'NONE',  ( -24.69734275216252328, 116.6762642137271513, 41.06358789818639110 ) ) ;
#8060 = CARTESIAN_POINT ( 'NONE',  ( -37.61573252322751415, 35.50000000000000000, -28.34548759046146671 ) ) ;
#8061 = CARTESIAN_POINT ( 'NONE',  ( 50.17042213900458592, 140.4589426390626556, 40.33924585287351761 ) ) ;
#8062 = CARTESIAN_POINT ( 'NONE',  ( -107.9999999999999858, 198.8312510100193720, 1.058200111551040434 ) ) ;
#8063 = DIRECTION ( 'NONE',  ( -0.8660254037844387076, 0.000000000000000000, -0.4999999999999997780 ) ) ;
#8064 = CC_DESIGN_PERSON_AND_ORGANIZATION_ASSIGNMENT ( #6052, #8985, ( #3077 ) ) ;
#8065 = ADVANCED_FACE ( 'NONE', ( #8819 ), #8911, .T. ) ;
#8066 = CARTESIAN_POINT ( 'NONE',  ( -49.31902728797152236, 148.1781441586250878, -41.19064070390658827 ) ) ;
#8067 = DIRECTION ( 'NONE',  ( -0.000000000000000000, -1.000000000000000000, -0.000000000000000000 ) ) ;
#8068 = ORIENTED_EDGE ( 'NONE', *, *, #6567, .F. ) ;
#8069 = CARTESIAN_POINT ( 'NONE',  ( 0.000000000000000000, 0.000000000000000000, 0.000000000000000000 ) ) ;
#8070 = CARTESIAN_POINT ( 'NONE',  ( 44.99031566266479132, 52.44175755770031344, -45.51935232921329089 ) ) ;
#8071 = CARTESIAN_POINT ( 'NONE',  ( 107.9999999999999858, 213.4833387586855338, -1.528005135380340107 ) ) ;
#8072 = CARTESIAN_POINT ( 'NONE',  ( 32.49898569560906481, 37.17140469785621093, 33.26194495473987445 ) ) ;
#8073 = CARTESIAN_POINT ( 'NONE',  ( -40.65331820325018697, 153.6225640485288011, 25.10761244709872742 ) ) ;
#8074 = CIRCLE ( 'NONE', #3894, 46.80000000000000426 ) ;
#8075 = ORIENTED_EDGE ( 'NONE', *, *, #1487, .T. ) ;
#8076 = ORIENTED_EDGE ( 'NONE', *, *, #3757, .T. ) ;
#8077 = CARTESIAN_POINT ( 'NONE',  ( -38.43390449649707108, 80.61020279584469961, -27.32702615385186462 ) ) ;
#8078 = FACE_OUTER_BOUND ( 'NONE', #9544, .T. ) ;
#8079 = ORIENTED_EDGE ( 'NONE', *, *, #8293, .T. ) ;
#8080 = CARTESIAN_POINT ( 'NONE',  ( -14.15079050858044596, 268.0000000000000000, 46.28515018861092756 ) ) ;
#8081 = CARTESIAN_POINT ( 'NONE',  ( 45.04270196158307726, 52.00000000000000000, -45.46696603029501205 ) ) ;
#8082 = VECTOR ( 'NONE', #3641, 1000.000000000000000 ) ;
#8083 = CARTESIAN_POINT ( 'NONE',  ( 38.90225724876550117, 85.63114929373706730, -26.85867340158341676 ) ) ;
#8084 = CARTESIAN_POINT ( 'NONE',  ( 30.59992134143586284, 166.9004939135840289, -39.54399360121814055 ) ) ;
#8085 = FACE_OUTER_BOUND ( 'NONE', #8552, .T. ) ;
#8086 = CARTESIAN_POINT ( 'NONE',  ( -28.26772415252452930, 71.28898199371604960, 37.49320649782438863 ) ) ;
#8087 = CARTESIAN_POINT ( 'NONE',  ( -40.33924585287351761, 140.4589426390626556, -50.17042213900459302 ) ) ;
#8088 = CARTESIAN_POINT ( 'NONE',  ( 0.000000000000000000, 39.50000000000000000, 0.000000000000000000 ) ) ;
#8089 = ORIENTED_EDGE ( 'NONE', *, *, #1392, .T. ) ;
#8090 = CARTESIAN_POINT ( 'NONE',  ( 28.04587946176250313, 73.51205123985398870, 37.71505118858642902 ) ) ;
#8091 = CARTESIAN_POINT ( 'NONE',  ( -43.19369017679611034, 69.12979561808754170, -47.31597781508200029 ) ) ;
#8092 = CARTESIAN_POINT ( 'NONE',  ( 24.69734275216252328, 116.6762642137271797, -41.06358789818639821 ) ) ;
#8093 = CARTESIAN_POINT ( 'NONE',  ( -108.0000000000000000, 222.0000000000000000, 0.000000000000000000 ) ) ;
#8094 = ADVANCED_FACE ( 'NONE', ( #8044 ), #3667, .F. ) ;
#8095 = FACE_OUTER_BOUND ( 'NONE', #7143, .T. ) ;
#8096 = EDGE_CURVE ( 'NONE', #4830, #3568, #3195, .T. ) ;
#8097 = CARTESIAN_POINT ( 'NONE',  ( -33.91444719236217509, 175.3727113013591747, -32.53986656635647279 ) ) ;
#8098 = CARTESIAN_POINT ( 'NONE',  ( 44.20390395962769503, 59.33385514974001751, -46.30576403225040849 ) ) ;
#8099 = B_SPLINE_CURVE_WITH_KNOTS ( 'NONE', 3,
 ( #9392, #5009, #583, #2053 ),
 .UNSPECIFIED., .F., .F.,
 ( 4, 4 ),
 ( 0.01740447811740719261, 0.01776587260766538182 ),
 .UNSPECIFIED. ) ;
#8100 = LINE ( 'NONE', #8788, #5064 ) ;
#8101 = ORIENTED_EDGE ( 'NONE', *, *, #5801, .T. ) ;
#8102 = ORIENTED_EDGE ( 'NONE', *, *, #3838, .T. ) ;
#8103 = CARTESIAN_POINT ( 'NONE',  ( -49.58005470913413149, 96.97051065983893636, 40.92961328274396493 ) ) ;
#8104 = DIRECTION ( 'NONE',  ( 0.000000000000000000, 0.000000000000000000, -1.000000000000000000 ) ) ;
#8105 = CARTESIAN_POINT ( 'NONE',  ( 33.83408293086012719, 41.21309918220622848, 31.92684771948880851 ) ) ;
#8106 = CARTESIAN_POINT ( 'NONE',  ( -31.68079727559472403, 43.01938849801636877, 34.08013337475419746 ) ) ;
#8107 = CARTESIAN_POINT ( 'NONE',  ( -47.00000000000000000, 223.0766262928863171, -3.435922054811924031 ) ) ;
#8108 = CARTESIAN_POINT ( 'NONE',  ( -25.71506350946109265, 35.50000000000000000, 39.53979651824707275 ) ) ;
#8109 = EDGE_CURVE ( 'NONE', #5713, #3403, #1473, .T. ) ;
#8110 = CARTESIAN_POINT ( 'NONE',  ( -40.01567615761508989, 134.5090890707682831, -50.49399183426302073 ) ) ;
#8111 = CARTESIAN_POINT ( 'NONE',  ( 41.06358789818639821, 116.6762642137271513, 24.69734275216253749 ) ) ;
#8112 = CARTESIAN_POINT ( 'NONE',  ( -35.68568161601044864, 174.0370018940720342, 30.58808547364849773 ) ) ;
#8113 = FACE_BOUND ( 'NONE', #6351, .T. ) ;
#8114 = EDGE_LOOP ( 'NONE', ( #6108, #9207, #69, #6622 ) ) ;
#8115 = CARTESIAN_POINT ( 'NONE',  ( 35.45918685583342267, 52.00000000000000711, -30.80394296248343622 ) ) ;
#8116 = CARTESIAN_POINT ( 'NONE',  ( 31.08035469695842679, 175.3233815820528605, -34.68057595339048760 ) ) ;
#8117 = CARTESIAN_POINT ( 'NONE',  ( 47.00000000000000000, 266.9817559752150373, 1.823765569793515118 ) ) ;
#8118 = EDGE_CURVE ( 'NONE', #258, #1638, #8620, .T. ) ;
#8119 = CARTESIAN_POINT ( 'NONE',  ( 43.47092483188747991, 66.31954352124841989, 47.03874315999063072 ) ) ;
#8120 = DIRECTION ( 'NONE',  ( 0.000000000000000000, 0.000000000000000000, 1.000000000000000000 ) ) ;
#8121 = ORIENTED_EDGE ( 'NONE', *, *, #1696, .T. ) ;
#8122 = EDGE_CURVE ( 'NONE', #5713, #6414, #8148, .T. ) ;
#8123 = ORIENTED_EDGE ( 'NONE', *, *, #7332, .F. ) ;
#8124 = CARTESIAN_POINT ( 'NONE',  ( -24.55371574811973900, 145.7020373835961777, -41.20721490222919670 ) ) ;
#8125 = DIRECTION ( 'NONE',  ( -0.6971651028545647888, 0.000000000000000000, -0.7169106076504824232 ) ) ;
#8126 = ORIENTED_EDGE ( 'NONE', *, *, #1368, .F. ) ;
#8127 = CARTESIAN_POINT ( 'NONE',  ( 0.000000000000000000, 57.99999999999999289, 0.000000000000000000 ) ) ;
#8128 = CARTESIAN_POINT ( 'NONE',  ( -24.55371574811972124, 145.7020373835961493, 41.20721490222918959 ) ) ;
#8129 = CARTESIAN_POINT ( 'NONE',  ( 29.29356565747519880, 173.1609393494194364, -36.46736499287371913 ) ) ;
#8130 = AXIS2_PLACEMENT_3D ( 'NONE', #967, #3012, #3933 ) ;
#8131 = CARTESIAN_POINT ( 'NONE',  ( 36.73995031799793765, 172.3557253146424557, -29.31272387615465291 ) ) ;
#8133 = ORIENTED_EDGE ( 'NONE', *, *, #8622, .T. ) ;
#8132 = CARTESIAN_POINT ( 'NONE',  ( 0.000000000000000000, 0.000000000000000000, 0.000000000000000000 ) ) ;
#8134 = CARTESIAN_POINT ( 'NONE',  ( 33.91249852952400801, 171.8815705400468516, 36.74262150298627461 ) ) ;
#8135 = CARTESIAN_POINT ( 'NONE',  ( -40.33924585287350340, 140.4589426390626556, 50.17042213900458592 ) ) ;
#8136 = CARTESIAN_POINT ( 'NONE',  ( -29.67952824767895237, 58.70654625247944125, -36.08140240266997978 ) ) ;
#8137 = CARTESIAN_POINT ( 'NONE',  ( 45.57187448734443791, 52.88466077438589963, 44.93779350453366561 ) ) ;
#8138 = ORIENTED_EDGE ( 'NONE', *, *, #1990, .F. ) ;
#8139 = CARTESIAN_POINT ( 'NONE',  ( 31.92684771948880851, 41.21309918220618584, 33.83408293086011298 ) ) ;
#8140 = CARTESIAN_POINT ( 'NONE',  ( -24.39235554936074735, 141.0186408901463722, -41.36857510098818835 ) ) ;
#8141 = CARTESIAN_POINT ( 'NONE',  ( 49.05663547162954075, 89.40149471062302666, -41.45303252024854146 ) ) ;
#8142 = AXIS2_PLACEMENT_3D ( 'NONE', #124, #5912, #8885 ) ;
#8143 = CARTESIAN_POINT ( 'NONE',  ( -38.15377554675337990, 60.02193514452882539, 32.32732609223450737 ) ) ;
#8144 = CARTESIAN_POINT ( 'NONE',  ( -48.91202582514209496, 150.5005888525396927, -41.59764216673601567 ) ) ;
#8145 = VECTOR ( 'NONE', #6470, 1000.000000000000114 ) ;
#8146 = CIRCLE ( 'NONE', #8618, 48.70000000000000284 ) ;
#8147 = CARTESIAN_POINT ( 'NONE',  ( -33.50548176671938450, 175.4713705888826212, -32.96085372608955311 ) ) ;
#8148 = CIRCLE ( 'NONE', #7688, 48.50000000000000000 ) ;
#8149 = CARTESIAN_POINT ( 'NONE',  ( 41.45303252024854146, 89.40149471062304087, -49.05663547162954075 ) ) ;
#8150 = CARTESIAN_POINT ( 'NONE',  ( -30.60489854011312971, 52.00000000784753240, -35.32342563974514604 ) ) ;
#8151 = ORIENTED_EDGE ( 'NONE', *, *, #3380, .T. ) ;
#8152 = ORIENTED_EDGE ( 'NONE', *, *, #7450, .T. ) ;
#8153 = CARTESIAN_POINT ( 'NONE',  ( -38.56258473745504034, 166.8763353538258514, 27.19834591289388115 ) ) ;
#8154 = FACE_OUTER_BOUND ( 'NONE', #5842, .T. ) ;
#8155 = CARTESIAN_POINT ( 'NONE',  ( 40.24733569863606419, 157.6066838202880831, 25.51359495171287506 ) ) ;
#8156 = CARTESIAN_POINT ( 'NONE',  ( 50.49399183426302073, 134.5090890707682547, 40.01567615761508989 ) ) ;
#8158 = ADVANCED_FACE ( 'NONE', ( #3577 ), #2940, .F. ) ;
#8157 = LINE ( 'NONE', #1498, #311 ) ;
#8159 = CIRCLE ( 'NONE', #1801, 47.10000000000000142 ) ;
#8160 = VECTOR ( 'NONE', #8420, 1000.000000000000227 ) ;
#8161 = LINE ( 'NONE', #5916, #3215 ) ;
#8162 = CARTESIAN_POINT ( 'NONE',  ( -26.85867340158342387, 85.63114929373706730, -38.90225724876551539 ) ) ;
#8163 = CARTESIAN_POINT ( 'NONE',  ( 0.000000000000000000, 0.000000000000000000, 0.000000000000000000 ) ) ;
#8164 = DIRECTION ( 'NONE',  ( -0.000000000000000000, -1.000000000000000000, -0.000000000000000000 ) ) ;
#8165 = CARTESIAN_POINT ( 'NONE',  ( -41.00000000000000000, 57.99999999999999289, -21.00000000000000000 ) ) ;
#8166 = EDGE_CURVE ( 'NONE', #7425, #9511, #6504, .T. ) ;
#8167 = VERTEX_POINT ( 'NONE', #2161 ) ;
#8168 = AXIS2_PLACEMENT_3D ( 'NONE', #2362, #9161, #3142 ) ;
#8169 = CARTESIAN_POINT ( 'NONE',  ( -29.29356565747519170, 173.1609393494194080, 36.46736499287372624 ) ) ;
#8170 = CARTESIAN_POINT ( 'NONE',  ( 49.58005470913413859, 96.97051065983893636, -40.92961328274395783 ) ) ;
#8171 = EDGE_CURVE ( 'NONE', #8676, #825, #3018, .T. ) ;
#8172 = AXIS2_PLACEMENT_3D ( 'NONE', #4464, #723, #4412 ) ;
#8173 = CARTESIAN_POINT ( 'NONE',  ( 32.58376914801012703, 36.58494384897174712, 33.17716150233881223 ) ) ;
#8174 = VECTOR ( 'NONE', #7786, 999.9999999999998863 ) ;
#8175 = CARTESIAN_POINT ( 'NONE',  ( 49.87865280791421441, 237.1744815688053620, 3.481378554185870833 ) ) ;
#8176 = ORIENTED_EDGE ( 'NONE', *, *, #150, .F. ) ;
#8177 = VERTEX_POINT ( 'NONE', #2206 ) ;
#8178 = CARTESIAN_POINT ( 'NONE',  ( -50.49399183426302073, 134.5090890707682831, -40.01567615761508989 ) ) ;
#8179 = CYLINDRICAL_SURFACE ( 'NONE', #2882, 49.20000000000000995 ) ;
#8180 = CARTESIAN_POINT ( 'NONE',  ( -49.89942805277866711, 250.3241509894190244, 3.170637531558718081 ) ) ;
#8181 = FACE_BOUND ( 'NONE', #5225, .T. ) ;
#8182 = FACE_OUTER_BOUND ( 'NONE', #2800, .T. ) ;
#8183 = CARTESIAN_POINT ( 'NONE',  ( 39.91748297430892478, 120.2343318316845853, -50.59218501756916453 ) ) ;
#8184 = B_SPLINE_SURFACE_WITH_KNOTS ( 'NONE', 3, 1, ( 
 ( #604, #3717 ),
 ( #4446, #8774 ),
 ( #7953, #8137 ),
 ( #4394, #10 ),
 ( #1430, #2073 ),
 ( #5898, #2029 ),
 ( #7316, #9559 ),
 ( #1338, #7274 ),
 ( #4255, #8047 ),
 ( #6634, #1287 ),
 ( #2899, #8000 ),
 ( #3670, #5855 ),
 ( #7227, #9608 ),
 ( #4305, #5123 ),
 ( #8822, #2210 ),
 ( #2165, #2944 ),
 ( #8869, #5081 ),
 ( #5804, #558 ),
 ( #3539, #4345 ),
 ( #6496, #649 ),
 ( #5170, #6038 ),
 ( #1620, #201 ),
 ( #7558, #3186 ),
 ( #1722, #6877 ),
 ( #8336, #3139 ),
 ( #4489, #840 ),
 ( #3813, #4638 ),
 ( #2359, #5268 ),
 ( #3090, #5361 ),
 ( #3238, #8378 ),
 ( #4537, #1677 ),
 ( #8236, #6139 ),
 ( #791, #9061 ),
 ( #8191, #1573 ),
 ( #8285, #6084 ),
 ( #9016, #9113 ),
 ( #3910, #253 ),
 ( #7650, #5309 ),
 ( #7456, #5220 ),
 ( #3761, #4589 ),
 ( #891, #2461 ),
 ( #5410, #4686 ),
 ( #3865, #1528 ),
 ( #2408, #6780 ),
 ( #54, #110 ),
 ( #6829, #7605 ),
 ( #154, #7503 ),
 ( #941, #988 ),
 ( #8915, #3955 ),
 ( #6928, #2261 ),
 ( #6723, #3039 ),
 ( #5993, #8969 ),
 ( #2310, #5505 ),
 ( #495, #8526 ),
 ( #346, #9357 ),
 ( #5458, #1915 ),
 ( #7120, #1042 ) ),
 .UNSPECIFIED., .F., .F., .F.,
 ( 4, 1, 1, 1, 1, 1, 1, 1, 1, 1, 1, 1, 1, 1, 1, 1, 1, 1, 1, 1, 1, 1, 1, 1, 1, 1, 1, 1, 1, 1, 1, 1, 1, 1, 1, 1, 1, 1, 1, 1, 1, 1, 1, 1, 1, 1, 1, 1, 1, 1, 1, 1, 1, 1, 4 ),
 ( 2, 2 ),
 ( 0.000000000000000000, 0.006185920264467840990, 0.006201962899188698426, 0.02441097605636065315, 0.02448136905349916972, 0.05370574164729763345, 0.05388345649501025819, 0.09253774940744020905, 0.09289034474279105058, 0.1389060332195526937, 0.1395093084148930351, 0.1904437008900517758, 0.1913742588137488654, 0.2445345556009105303, 0.2458629933516659483, 0.2984579075547035831, 0.3002380933255869855, 0.3495648249652614226, 0.3518114771965040188, 0.3954646363279900600, 0.3981158618259910686, 0.4341890767744074897, 0.4370593218643058497, 0.4643545367854607919, 0.4670784500627876423, 0.4855543320873984547, 0.4874746266155715047, 0.5000000000000001110, 0.5125253733844284953, 0.5144456679126017118, 0.5329215499372124132, 0.5356454632145394301, 0.5629406781356941503, 0.5658109232255926768, 0.6018841381740089869, 0.6045353636720101065, 0.6481885228034960367, 0.6504351750347387995, 0.6997619066744130700, 0.7015420924452966389, 0.7541370066483340517, 0.7554654443990895807, 0.8086257411862511901, 0.8095562991099484185, 0.8604906915851070481, 0.8610939667804474729, 0.9071096552572089911, 0.9074622505925599159, 0.9461165435049897487, 0.9462942583527024221, 0.9755186309465009309, 0.9755890239436393330, 0.9937980371008113822, 0.9938140797355320410, 1.000000000000000000 ),
 ( 0.000000000000000000, 1.000000000000000000 ),
 .UNSPECIFIED. ) ;
#8185 = CARTESIAN_POINT ( 'NONE',  ( 31.33268355531006222, 174.7093979249316078, -35.03403024653382403 ) ) ;
#8186 = ADVANCED_FACE ( 'NONE', ( #5216 ), #4485, .F. ) ;
#8187 = DIRECTION ( 'NONE',  ( -0.000000000000000000, -1.000000000000000000, -0.000000000000000000 ) ) ;
#8188 = CARTESIAN_POINT ( 'NONE',  ( 37.57616459432502154, 54.99999999999999289, 32.98532786528269867 ) ) ;
#8189 = CARTESIAN_POINT ( 'NONE',  ( 0.000000000000000000, 263.0000000000000000, 0.000000000000000000 ) ) ;
#8190 = DIRECTION ( 'NONE',  ( 1.000000000000000000, 0.000000000000000000, 0.000000000000000000 ) ) ;
#8191 = CARTESIAN_POINT ( 'NONE',  ( 26.53717206652077820, 163.8347417721553541, 39.22375858382816460 ) ) ;
#8192 = ORIENTED_EDGE ( 'NONE', *, *, #5165, .F. ) ;
#8193 = CARTESIAN_POINT ( 'NONE',  ( 47.21198853989326238, 264.0000000000000000, -11.94646969229768452 ) ) ;
#8194 = CARTESIAN_POINT ( 'NONE',  ( -37.25277915899236092, 171.2031378497270566, -28.50815149135657478 ) ) ;
#8195 = ORIENTED_EDGE ( 'NONE', *, *, #1383, .T. ) ;
#8196 = CARTESIAN_POINT ( 'NONE',  ( 31.08035469695842679, 175.3233815820528605, -34.68057595339048760 ) ) ;
#8197 = DIRECTION ( 'NONE',  ( 0.000000000000000000, 0.000000000000000000, 1.000000000000000000 ) ) ;
#8198 = CARTESIAN_POINT ( 'NONE',  ( -36.46736499287372624, 173.1609393494194364, -29.29356565747520946 ) ) ;
#8199 = CARTESIAN_POINT ( 'NONE',  ( -23.55000000000002203, 39.50000000000000000, -40.78979651824705144 ) ) ;
#8200 = CARTESIAN_POINT ( 'NONE',  ( 30.94645188787809786, 48.51213425699023674, -34.81447876247082007 ) ) ;
#8201 = CARTESIAN_POINT ( 'NONE',  ( -12.71548753679481614, 35.50000000000000000, 44.93558029781763707 ) ) ;
#8202 = ORIENTED_EDGE ( 'NONE', *, *, #3423, .F. ) ;
#8203 = CARTESIAN_POINT ( 'NONE',  ( -41.19064070390658117, 148.1781441586251162, 49.31902728797150104 ) ) ;
#8204 = CYLINDRICAL_SURFACE ( 'NONE', #9543, 47.10000000000000853 ) ;
#8205 = CARTESIAN_POINT ( 'NONE',  ( 49.05663547162955496, 89.40149471062302666, 41.45303252024855567 ) ) ;
#8206 = ADVANCED_FACE ( 'NONE', ( #8085 ), #1427, .T. ) ;
#8207 = CARTESIAN_POINT ( 'NONE',  ( 36.08140240266997978, 58.70654625247946257, 29.67952824767894882 ) ) ;
#8208 = CARTESIAN_POINT ( 'NONE',  ( -47.00000000000000000, 234.8814313122934436, -3.596535438769842052 ) ) ;
#8209 = CARTESIAN_POINT ( 'NONE',  ( -38.65395868628898768, 268.0000000000000000, -29.12784712055912451 ) ) ;
#8210 = CARTESIAN_POINT ( 'NONE',  ( -31.92684771948880851, 41.21309918220622137, -33.83408293086012719 ) ) ;
#8211 = PLANE ( 'NONE',  #235 ) ;
#8212 = CARTESIAN_POINT ( 'NONE',  ( 32.16823240588158228, 39.48056780803436538, -33.59269824446733566 ) ) ;
#8213 = DIRECTION ( 'NONE',  ( -2.664535259100375697E-15, 0.000000000000000000, -1.000000000000000000 ) ) ;
#8214 = CARTESIAN_POINT ( 'NONE',  ( -48.76789381400746493, 85.62404022679615423, -41.74177417787065281 ) ) ;
#8215 = ORIENTED_EDGE ( 'NONE', *, *, #4623, .T. ) ;
#8216 = CARTESIAN_POINT ( 'NONE',  ( -41.20721490222918248, 145.7020373835962062, 24.55371574811973545 ) ) ;
#8217 = CARTESIAN_POINT ( 'NONE',  ( 47.88935570772442674, 75.23276251545792093, -42.62031228415365547 ) ) ;
#8218 = EDGE_CURVE ( 'NONE', #1336, #5756, #8231, .T. ) ;
#8219 = CARTESIAN_POINT ( 'NONE',  ( 28.26772415252453285, 71.28898199371604960, 37.49320649782439574 ) ) ;
#8220 = CARTESIAN_POINT ( 'NONE',  ( 49.88575415043469263, 223.7836521779687757, 3.378619232756137514 ) ) ;
#8221 = VERTEX_POINT ( 'NONE', #1118 ) ;
#8222 = ADVANCED_FACE ( 'NONE', ( #8333 ), #8375, .F. ) ;
#8223 = VERTEX_POINT ( 'NONE', #1854 ) ;
#8224 = CARTESIAN_POINT ( 'NONE',  ( -50.38968031787179314, 112.7299032302373263, -40.11998767400631749 ) ) ;
#8225 = CARTESIAN_POINT ( 'NONE',  ( 0.000000000000000000, 52.00000000000000000, -36.00000000000000000 ) ) ;
#8226 = PLANE ( 'NONE',  #828 ) ;
#8227 = CARTESIAN_POINT ( 'NONE',  ( 108.0000000000000000, 220.1113353915708615, 0.9303783449379624537 ) ) ;
#8228 = CARTESIAN_POINT ( 'NONE',  ( -41.46658174736684543, 131.8280114082709815, 24.29434890298207605 ) ) ;
#8229 = CARTESIAN_POINT ( 'NONE',  ( 36.08140240266996557, 58.70654625247944125, -29.67952824767894526 ) ) ;
#8230 = CARTESIAN_POINT ( 'NONE',  ( 28.85455087168509181, 89.98461695144877126, -40.83938568045744688 ) ) ;
#8231 = B_SPLINE_CURVE_WITH_KNOTS ( 'NONE', 3,
 ( #387, #2306, #4635, #9297, #3087, #5407, #198 ),
 .UNSPECIFIED., .F., .F.,
 ( 4, 1, 1, 1, 4 ),
 ( 0.4666068527276130418, 0.4855543320873984547, 0.5000000000000001110, 0.5144456679126017118, 0.5333931472725562672 ),
 .UNSPECIFIED. ) ;
#8232 = DIRECTION ( 'NONE',  ( 0.7071067811865475727, 0.000000000000000000, -0.7071067811865475727 ) ) ;
#8233 = CARTESIAN_POINT ( 'NONE',  ( 32.91604603026927833, 171.0050973860435874, 37.63774848785929095 ) ) ;
#8234 = CARTESIAN_POINT ( 'NONE',  ( -40.68351489493348083, 100.9687423887486943, 49.82615309694460848 ) ) ;
#8235 = CARTESIAN_POINT ( 'NONE',  ( -24.37365805196744262, 126.6764942988443892, -41.38727259838150019 ) ) ;
#8236 = CARTESIAN_POINT ( 'NONE',  ( 28.50815149135656767, 171.2031378497270850, 37.25277915899236092 ) ) ;
#8237 = ORIENTED_EDGE ( 'NONE', *, *, #3652, .F. ) ;
#8238 = CARTESIAN_POINT ( 'NONE',  ( 28.67738455632924044, 68.33317720493128888, 37.24544780204595895 ) ) ;
#8239 = FACE_OUTER_BOUND ( 'NONE', #8114, .T. ) ;
#8240 = VERTEX_POINT ( 'NONE', #7051 ) ;
#8241 = CARTESIAN_POINT ( 'NONE',  ( 34.44736847863527629, 45.71524904810724621, -31.31356217171364520 ) ) ;
#8242 = CIRCLE ( 'NONE', #3734, 50.00000000000000000 ) ;
#8243 = CARTESIAN_POINT ( 'NONE',  ( -28.95941040735856475, 161.5572563240553166, 40.76112261812810544 ) ) ;
#8244 = EDGE_CURVE ( 'NONE', #6004, #3891, #5357, .T. ) ;
#8245 = CARTESIAN_POINT ( 'NONE',  ( -41.36857510098818835, 141.0186408901463437, -24.39235554936074735 ) ) ;
#8246 = EDGE_CURVE ( 'NONE', #6987, #7594, #5513, .T. ) ;
#8247 = CARTESIAN_POINT ( 'NONE',  ( -28.04587946176248536, 169.6705890995218056, -37.71505118858645034 ) ) ;
#8248 = CARTESIAN_POINT ( 'NONE',  ( 47.72506399400256072, 155.3921848145515412, -42.78460399787553570 ) ) ;
#8249 = CARTESIAN_POINT ( 'NONE',  ( -25.51359495171286085, 157.6066838202880831, 40.24733569863604998 ) ) ;
#8250 = EDGE_LOOP ( 'NONE', ( #6289, #7932 ) ) ;
#8251 = ORIENTED_EDGE ( 'NONE', *, *, #91, .T. ) ;
#8252 = CARTESIAN_POINT ( 'NONE',  ( -50.22349097781341243, 108.7025900201346502, 40.28617701406468399 ) ) ;
#8253 = DATE_TIME_ROLE ( 'creation_date' ) ;
#8254 = CARTESIAN_POINT ( 'NONE',  ( 41.59764216673602277, 150.5005888525397211, 48.91202582514209496 ) ) ;
#8255 = CARTESIAN_POINT ( 'NONE',  ( 41.19064070390658827, 148.1781441586250878, 49.31902728797151525 ) ) ;
#8256 = CARTESIAN_POINT ( 'NONE',  ( -47.00000000000000000, 210.8546602966869727, -3.077860624859115379 ) ) ;
#8257 = LINE ( 'NONE', #5431, #4416 ) ;
#8258 = CARTESIAN_POINT ( 'NONE',  ( -48.91202582514209496, 150.5005888525396927, -41.59764216673601567 ) ) ;
#8259 = ORIENTED_EDGE ( 'NONE', *, *, #4717, .T. ) ;
#8260 = FACE_OUTER_BOUND ( 'NONE', #1397, .T. ) ;
#8261 = ADVANCED_FACE ( 'NONE', ( #5306 ), #938, .F. ) ;
#8262 = DIRECTION ( 'NONE',  ( -0.000000000000000000, 1.000000000000000000, 0.000000000000000000 ) ) ;
#8263 = LINE ( 'NONE', #3889, #1608 ) ;
#8264 = CARTESIAN_POINT ( 'NONE',  ( 45.25483399593903044, 157.9999999999999716, -45.25483399593904466 ) ) ;
#8265 = APPLICATION_CONTEXT ( 'configuration controlled 3d designs of mechanical parts and assemblies' ) ;
#8266 = ORIENTED_EDGE ( 'NONE', *, *, #2305, .F. ) ;
#8267 = CARTESIAN_POINT ( 'NONE',  ( -40.57183789878038027, 143.4569695494772930, 49.93783009309771614 ) ) ;
#8268 = CARTESIAN_POINT ( 'NONE',  ( 40.79466709084000797, 111.3121957717727071, -24.96626355950890641 ) ) ;
#8269 = B_SPLINE_SURFACE_WITH_KNOTS ( 'NONE', 3, 1, ( 
 ( #1125, #2550 ),
 ( #3233, #6185 ),
 ( #4727, #9154 ),
 ( #8422, #1764 ),
 ( #4098, #7697 ),
 ( #1037, #4004 ),
 ( #8474, #6333 ),
 ( #1818, #9304 ),
 ( #5354, #8717 ),
 ( #5065, #1369 ),
 ( #2103, #5740 ),
 ( #490, #3566 ),
 ( #7891, #5014 ),
 ( #8033, #7980 ),
 ( #7260, #1911 ),
 ( #4869, #2644 ),
 ( #2059, #1223 ),
 ( #7938, #6425 ),
 ( #7838, #1176 ),
 ( #1318, #6527 ),
 ( #3469, #3422 ),
 ( #4971, #1965 ),
 ( #4290, #445 ),
 ( #9455, #3522 ),
 ( #634, #4151 ),
 ( #9400, #2693 ),
 ( #8759, #7115 ),
 ( #4332, #7302 ),
 ( #9352, #8617 ),
 ( #3605, #6570 ),
 ( #7209, #6379 ),
 ( #588, #4194 ),
 ( #5640, #539 ),
 ( #9495, #4240 ),
 ( #2840, #6482 ),
 ( #7160, #4926 ),
 ( #2014, #2746 ),
 ( #5698, #8671 ),
 ( #5785, #1270 ),
 ( #2796, #5595 ),
 ( #8569, #37 ),
 ( #5108, #1459 ),
 ( #5973, #5295 ),
 ( #8270, #92 ),
 ( #3020, #8898 ),
 ( #2240, #822 ),
 ( #8219, #5251 ),
 ( #4377, #5881 ),
 ( #7342, #7486 ),
 ( #4520, #8119 ),
 ( #679, #8804 ),
 ( #5200, #3074 ),
 ( #3792, #877 ),
 ( #1604, #9634 ),
 ( #8072, #5837 ),
 ( #8173, #8851 ),
 ( #1556, #3649 ) ),
 .UNSPECIFIED., .F., .F., .F.,
 ( 4, 1, 1, 1, 1, 1, 1, 1, 1, 1, 1, 1, 1, 1, 1, 1, 1, 1, 1, 1, 1, 1, 1, 1, 1, 1, 1, 1, 1, 1, 1, 1, 1, 1, 1, 1, 1, 1, 1, 1, 1, 1, 1, 1, 1, 1, 1, 1, 1, 1, 1, 1, 1, 1, 4 ),
 ( 2, 2 ),
 ( 0.000000000000000000, 0.006185920264467840990, 0.006201962899188698426, 0.02441097605636065315, 0.02448136905349916972, 0.05370574164729763345, 0.05388345649501025819, 0.09253774940744020905, 0.09289034474279105058, 0.1389060332195526937, 0.1395093084148930351, 0.1904437008900517758, 0.1913742588137488654, 0.2445345556009105303, 0.2458629933516659483, 0.2984579075547035831, 0.3002380933255869855, 0.3495648249652614226, 0.3518114771965040188, 0.3954646363279900600, 0.3981158618259910686, 0.4341890767744074897, 0.4370593218643058497, 0.4643545367854607919, 0.4670784500627876423, 0.4855543320873984547, 0.4874746266155715047, 0.5000000000000001110, 0.5125253733844284953, 0.5144456679126017118, 0.5329215499372124132, 0.5356454632145394301, 0.5629406781356941503, 0.5658109232255926768, 0.6018841381740089869, 0.6045353636720101065, 0.6481885228034960367, 0.6504351750347387995, 0.6997619066744130700, 0.7015420924452966389, 0.7541370066483340517, 0.7554654443990895807, 0.8086257411862511901, 0.8095562991099484185, 0.8604906915851070481, 0.8610939667804474729, 0.9071096552572089911, 0.9074622505925599159, 0.9461165435049897487, 0.9462942583527024221, 0.9755186309465009309, 0.9755890239436393330, 0.9937980371008113822, 0.9938140797355320410, 1.000000000000000000 ),
 ( 0.000000000000000000, 1.000000000000000000 ),
 .UNSPECIFIED. ) ;
#8270 = CARTESIAN_POINT ( 'NONE',  ( 26.00954371031358292, 95.69680212022358035, 39.75138694003535278 ) ) ;
#8271 = CARTESIAN_POINT ( 'NONE',  ( 49.94174405927994798, 259.1939977067223140, -2.416482993636297483 ) ) ;
#8272 = VERTEX_POINT ( 'NONE', #1569 ) ;
#8273 = EDGE_LOOP ( 'NONE', ( #6467, #6521, #6543 ) ) ;
#8274 = CARTESIAN_POINT ( 'NONE',  ( -39.91748297430894610, 120.2343318316846279, -50.59218501756916453 ) ) ;
#8275 = DIRECTION ( 'NONE',  ( 0.8660254037844387076, 0.000000000000000000, 0.4999999999999997780 ) ) ;
#8276 = CARTESIAN_POINT ( 'NONE',  ( -49.99614057289633706, 170.2571451153893349, 0.9099043499377282851 ) ) ;
#8277 = LINE ( 'NONE', #8814, #3203 ) ;
#8278 = CARTESIAN_POINT ( 'NONE',  ( -42.78460399787552149, 155.3921848145515128, 47.72506399400256782 ) ) ;
#8279 = EDGE_CURVE ( 'NONE', #7770, #6656, #2807, .T. ) ;
#8280 = CARTESIAN_POINT ( 'NONE',  ( 32.88046532517446963, 176.5866740378391455, -32.88046532517444120 ) ) ;
#8281 = CARTESIAN_POINT ( 'NONE',  ( 32.98532786528268446, 54.99999999999999289, -37.57616459432502865 ) ) ;
#8282 = CARTESIAN_POINT ( 'NONE',  ( 33.34895830410930273, 52.22473623147816113, -37.25696040262568687 ) ) ;
#8283 = CARTESIAN_POINT ( 'NONE',  ( 32.72860058174847353, 170.7959266676850518, 37.80070851025288192 ) ) ;
#8284 = DIRECTION ( 'NONE',  ( 0.000000000000000000, 1.000000000000000000, 0.000000000000000000 ) ) ;
#8285 = CARTESIAN_POINT ( 'NONE',  ( 25.51359495171288216, 157.6066838202881399, 40.24733569863605709 ) ) ;
#8286 = ORIENTED_EDGE ( 'NONE', *, *, #1356, .F. ) ;
#8287 = CARTESIAN_POINT ( 'NONE',  ( 44.58347426246773182, 55.93620152028918824, 45.92619372941037881 ) ) ;
#8288 = CARTESIAN_POINT ( 'NONE',  ( -35.25557274529061402, 52.00000000000000000, 30.50535790505831102 ) ) ;
#8289 = ADVANCED_FACE ( 'NONE', ( #7783 ), #836, .F. ) ;
#8290 = ORIENTED_EDGE ( 'NONE', *, *, #1271, .T. ) ;
#8291 = CARTESIAN_POINT ( 'NONE',  ( 34.68057595339049470, 175.3233815820528321, -31.08035469695841968 ) ) ;
#8292 = CARTESIAN_POINT ( 'NONE',  ( -31.72710345030726842, 169.3695786487736257, 38.64485246353921610 ) ) ;
#8293 = EDGE_CURVE ( 'NONE', #4159, #3923, #8562, .T. ) ;
#8294 = VECTOR ( 'NONE', #8377, 1000.000000000000114 ) ;
#8295 = CARTESIAN_POINT ( 'NONE',  ( -41.06358789818639821, 116.6762642137271797, -24.69734275216253749 ) ) ;
#8296 = CARTESIAN_POINT ( 'NONE',  ( -49.82615309694460848, 100.9687423887486943, -40.68351489493349504 ) ) ;
#8297 = CARTESIAN_POINT ( 'NONE',  ( 31.08035469695842679, 175.3233815820528605, -34.68057595339048760 ) ) ;
#8298 = CARTESIAN_POINT ( 'NONE',  ( -47.72506399400256782, 155.3921848145514844, 42.78460399787552149 ) ) ;
#8299 = VERTEX_POINT ( 'NONE', #1904 ) ;
#8300 = ORIENTED_EDGE ( 'NONE', *, *, #3336, .T. ) ;
#8301 = CARTESIAN_POINT ( 'NONE',  ( -24.55371574811972124, 145.7020373835961493, 41.20721490222918959 ) ) ;
#8302 = DIRECTION ( 'NONE',  ( 0.000000000000000000, 0.000000000000000000, -1.000000000000000000 ) ) ;
#8303 = CARTESIAN_POINT ( 'NONE',  ( 24.29434890298207961, 131.8280114082709815, 41.46658174736686675 ) ) ;
#8304 = CARTESIAN_POINT ( 'NONE',  ( 41.38727259838149308, 126.6764942988443892, 24.37365805196743551 ) ) ;
#8305 = CARTESIAN_POINT ( 'NONE',  ( -108.0000000000000000, 188.8455625563293552, -0.2356386559728526897 ) ) ;
#8306 = TOROIDAL_SURFACE ( 'NONE', #6120, -106.2500185044916066, 153.2499806421508879 ) ;
#8307 = CARTESIAN_POINT ( 'NONE',  ( 42.54579159191746385, 128.3506640521404449, -26.26511122278993327 ) ) ;
#8308 = DIRECTION ( 'NONE',  ( 0.1218693434051472818, 0.000000000000000000, -0.9925461516413219831 ) ) ;
#8309 = ORIENTED_EDGE ( 'NONE', *, *, #1308, .F. ) ;
#8310 = CARTESIAN_POINT ( 'NONE',  ( 36.08140240266997978, 58.70654625247946257, 29.67952824767894882 ) ) ;
#8311 = CARTESIAN_POINT ( 'NONE',  ( -30.53588490988009241, 51.75724116048969847, 35.22504574046882908 ) ) ;
#8312 = PLANE ( 'NONE',  #8130 ) ;
#8313 = CARTESIAN_POINT ( 'NONE',  ( -34.68057595339049470, 175.3233815820528605, -31.08035469695844100 ) ) ;
#8314 = CIRCLE ( 'NONE', #4123, 46.97059542429539647 ) ;
#8315 = ORIENTED_EDGE ( 'NONE', *, *, #8781, .F. ) ;
#8316 = CARTESIAN_POINT ( 'NONE',  ( -41.45303252024854146, 89.40149471062302666, 49.05663547162955496 ) ) ;
#8317 = CARTESIAN_POINT ( 'NONE',  ( 40.15053420550684393, 101.0166046022987985, -25.61039644484207400 ) ) ;
#8318 = AXIS2_PLACEMENT_3D ( 'NONE', #4888, #506, #6301 ) ;
#8319 = CARTESIAN_POINT ( 'NONE',  ( -37.61573252322751415, 35.50000000000000000, -28.34548759046146671 ) ) ;
#8320 = CARTESIAN_POINT ( 'NONE',  ( 49.90676536548279785, 252.7890258498289882, 3.058006745793873549 ) ) ;
#8321 = AXIS2_PLACEMENT_3D ( 'NONE', #7777, #1113, #7195 ) ;
#8322 = ORIENTED_EDGE ( 'NONE', *, *, #3356, .F. ) ;
#8323 = ORIENTED_EDGE ( 'NONE', *, *, #8897, .F. ) ;
#8324 = CARTESIAN_POINT ( 'NONE',  ( 34.08013337475412641, 43.01938849801626930, 31.68079727559481995 ) ) ;
#8325 = CARTESIAN_POINT ( 'NONE',  ( -29.85456570832900525, 57.99999999999999289, 36.04734683592621280 ) ) ;
#8326 = ADVANCED_FACE ( 'NONE', ( #6776 ), #7829, .F. ) ;
#8327 = CARTESIAN_POINT ( 'NONE',  ( -49.91081243920955757, 210.2605929485459342, 2.988384256015728102 ) ) ;
#8328 = LINE ( 'NONE', #6870, #3653 ) ;
#8329 = CARTESIAN_POINT ( 'NONE',  ( -35.63270687126059499, 54.97802726448587407, 30.12822377908832294 ) ) ;
#8330 = AXIS2_PLACEMENT_3D ( 'NONE', #5650, #2804, #8041 ) ;
#8331 = CARTESIAN_POINT ( 'NONE',  ( -35.22013773123445901, 39.76829606710785470, -34.44339648251114738 ) ) ;
#8332 = CARTESIAN_POINT ( 'NONE',  ( 32.53986656638038966, 175.3727113013669907, -33.91444719233923166 ) ) ;
#8333 = FACE_OUTER_BOUND ( 'NONE', #2001, .T. ) ;
#8334 = CARTESIAN_POINT ( 'NONE',  ( 37.64972211470096397, 170.9903000646124269, 32.90234388850893055 ) ) ;
#8335 = CARTESIAN_POINT ( 'NONE',  ( 37.25696040262568687, 52.22473623147815402, 33.34895830410930273 ) ) ;
#8336 = CARTESIAN_POINT ( 'NONE',  ( 38.56258473745506876, 166.8763353538257945, 27.19834591289386694 ) ) ;
#8337 = ORIENTED_EDGE ( 'NONE', *, *, #9117, .T. ) ;
#8338 = CARTESIAN_POINT ( 'NONE',  ( -33.30164342620648910, 171.3897812518985688, -37.29700715360359453 ) ) ;
#8339 = CARTESIAN_POINT ( 'NONE',  ( -35.39129624322408318, 51.99999999999999289, 30.70442761880855542 ) ) ;
#8340 = VERTEX_POINT ( 'NONE', #8965 ) ;
#8341 = CARTESIAN_POINT ( 'NONE',  ( 29.29356565747519880, 173.1609393494194364, -36.46736499287371913 ) ) ;
#8342 = CARTESIAN_POINT ( 'NONE',  ( -38.51580684761769646, 169.6337938413776669, 31.88379191189048711 ) ) ;
#8343 = CARTESIAN_POINT ( 'NONE',  ( -47.88935570772444805, 75.23276251545789250, -42.62031228415366968 ) ) ;
#8344 = EDGE_CURVE ( 'NONE', #1241, #496, #4533, .T. ) ;
#8345 = CARTESIAN_POINT ( 'NONE',  ( -40.65331820325020118, 153.6225640485288011, -25.10761244709873452 ) ) ;
#8346 = CARTESIAN_POINT ( 'NONE',  ( 34.94075078326841322, 38.38965361115111818, -34.51648671455649264 ) ) ;
#8347 = CARTESIAN_POINT ( 'NONE',  ( -29.67952824767894171, 58.70654625247946257, 36.08140240266996557 ) ) ;
#8348 = B_SPLINE_SURFACE_WITH_KNOTS ( 'NONE', 3, 1, ( 
 ( #9345, #9447 ),
 ( #4282, #2788 ),
 ( #9391, #6418 ),
 ( #482, #4963 ),
 ( #626, #3599 ),
 ( #3560, #530 ),
 ( #2052, #8609 ),
 ( #3462, #7973 ),
 ( #5778, #3512 ),
 ( #8709, #1310 ),
 ( #7251, #6370 ),
 ( #5632, #582 ),
 ( #8027, #6519 ),
 ( #2737, #2832 ),
 ( #7929, #1361 ),
 ( #1955, #5689 ),
 ( #5008, #9488 ),
 ( #8751, #2096 ),
 ( #5057, #8662 ),
 ( #2007, #4326 ),
 ( #3415, #6561 ),
 ( #6474, #4916 ),
 ( #2686, #1263 ),
 ( #7884, #7296 ),
 ( #4232, #5734 ),
 ( #1215, #4187 ),
 ( #7152, #4172 ),
 ( #1742, #3257 ),
 ( #4072, #8445 ),
 ( #3447, #7137 ),
 ( #7766, #7089 ),
 ( #8499, #2621 ),
 ( #2573, #5573 ),
 ( #1103, #6209 ),
 ( #273, #3400 ),
 ( #1059, #9328 ),
 ( #3300, #4802 ),
 ( #4755, #318 ),
 ( #466, #7726 ),
 ( #6403, #1934 ),
 ( #9179, #422 ),
 ( #6355, #4027 ),
 ( #2526, #4703 ),
 ( #367, #7036 ),
 ( #7669, #1007 ),
 ( #8544, #2669 ),
 ( #5617, #5477 ),
 ( #1199, #3346 ),
 ( #2480, #5430 ),
 ( #8593, #6310 ),
 ( #1840, #1888 ),
 ( #4848, #9281 ),
 ( #3981, #6993 ),
 ( #7812, #7866 ),
 ( #8398, #4897 ),
 ( #1147, #4121 ),
 ( #6949, #1791 ) ),
 .UNSPECIFIED., .F., .F., .F.,
 ( 4, 1, 1, 1, 1, 1, 1, 1, 1, 1, 1, 1, 1, 1, 1, 1, 1, 1, 1, 1, 1, 1, 1, 1, 1, 1, 1, 1, 1, 1, 1, 1, 1, 1, 1, 1, 1, 1, 1, 1, 1, 1, 1, 1, 1, 1, 1, 1, 1, 1, 1, 1, 1, 1, 4 ),
 ( 2, 2 ),
 ( 0.000000000000000000, 0.006185920264467958951, 0.006201962899188617762, 0.02441097605636066703, 0.02448136905349906911, 0.05370574164729757793, 0.05388345649501025125, 0.09253774940744008415, 0.09289034474279100895, 0.1389060332195525271, 0.1395093084148929519, 0.1904437008900515815, 0.1913742588137488099, 0.2445345556009104193, 0.2458629933516659483, 0.2984579075547033611, 0.3002380933255869300, 0.3495648249652612005, 0.3518114771965039633, 0.3954646363279898935, 0.3981158618259910131, 0.4341890767744073232, 0.4370593218643058497, 0.4643545367854605699, 0.4670784500627875868, 0.4855543320873982882, 0.4874746266155715047, 0.4999999999999998890, 0.5125253733844284953, 0.5144456679126014897, 0.5329215499372124132, 0.5356454632145392081, 0.5629406781356941503, 0.5658109232255925658, 0.6018841381740089869, 0.6045353636720098844, 0.6481885228034960367, 0.6504351750347385774, 0.6997619066744129590, 0.7015420924452964169, 0.7541370066483340517, 0.7554654443990894697, 0.8086257411862511901, 0.8095562991099481964, 0.8604906915851069371, 0.8610939667804473618, 0.9071096552572089911, 0.9074622505925598048, 0.9461165435049897487, 0.9462942583527023110, 0.9755186309465008199, 0.9755890239436393330, 0.9937980371008112712, 0.9938140797355321521, 1.000000000000000000 ),
 ( 0.000000000000000000, 1.000000000000000000 ),
 .UNSPECIFIED. ) ;
#8349 = EDGE_LOOP ( 'NONE', ( #5885, #2140, #7774, #6704 ) ) ;
#8350 = ORIENTED_EDGE ( 'NONE', *, *, #1326, .F. ) ;
#8351 = CARTESIAN_POINT ( 'NONE',  ( 49.82615309694461558, 100.9687423887486943, 40.68351489493350215 ) ) ;
#8352 = CARTESIAN_POINT ( 'NONE',  ( 40.92961328274397204, 96.97051065983893636, 49.58005470913415280 ) ) ;
#8353 = CARTESIAN_POINT ( 'NONE',  ( 50.64418028391641968, 124.0985968565961883, 39.86548770796169094 ) ) ;
#8354 = CARTESIAN_POINT ( 'NONE',  ( 26.32341191398415603, 125.8057764561976768, 42.50986971695722616 ) ) ;
#8355 = CARTESIAN_POINT ( 'NONE',  ( 42.39887059890502741, 120.7183223083830086, -26.50182654239642943 ) ) ;
#8356 = CARTESIAN_POINT ( 'NONE',  ( -45.04270196158309147, 52.00000000000000000, -45.46696603029501915 ) ) ;
#8357 = ORIENTED_EDGE ( 'NONE', *, *, #9580, .T. ) ;
#8358 = CARTESIAN_POINT ( 'NONE',  ( 40.24733569863606419, 157.6066838202880831, 25.51359495171287506 ) ) ;
#8359 = CARTESIAN_POINT ( 'NONE',  ( 43.19369017679609613, 69.12979561808752749, -47.31597781508199319 ) ) ;
#8360 = DIRECTION ( 'NONE',  ( -0.000000000000000000, -1.000000000000000000, 0.000000000000000000 ) ) ;
#8361 = CARTESIAN_POINT ( 'NONE',  ( -30.94645188787811207, 48.51213425699022963, -34.81447876247082718 ) ) ;
#8362 = ORIENTED_EDGE ( 'NONE', *, *, #5107, .T. ) ;
#8363 = CARTESIAN_POINT ( 'NONE',  ( -29.67952824767894171, 58.70654625247946257, 36.08140240266996557 ) ) ;
#8364 = DIRECTION ( 'NONE',  ( 0.000000000000000000, -1.000000000000000000, 0.000000000000000000 ) ) ;
#8365 = CARTESIAN_POINT ( 'NONE',  ( -23.55000000000002203, 39.50000000000000000, -40.78979651824705144 ) ) ;
#8366 = CARTESIAN_POINT ( 'NONE',  ( 31.84627522967828384, 175.0603972572627072, 34.56783199814899632 ) ) ;
#8367 = ORIENTED_EDGE ( 'NONE', *, *, #8279, .F. ) ;
#8368 = CARTESIAN_POINT ( 'NONE',  ( -45.04270196158309147, 52.00000000000000000, -45.46696603029501915 ) ) ;
#8369 = CARTESIAN_POINT ( 'NONE',  ( -30.02250515210873161, 57.99999999999999289, -36.16138306720321083 ) ) ;
#8370 = CARTESIAN_POINT ( 'NONE',  ( -49.96090576989676180, 262.7858303945899934, 1.977130336336366367 ) ) ;
#8371 = LINE ( 'NONE', #1714, #4900 ) ;
#8372 = CARTESIAN_POINT ( 'NONE',  ( -47.88935570772442674, 75.23276251545790672, 42.62031228415365547 ) ) ;
#8373 = CARTESIAN_POINT ( 'NONE',  ( 47.03874315999061650, 66.31954352124843410, -43.47092483188747281 ) ) ;
#8374 = CARTESIAN_POINT ( 'NONE',  ( -43.47092483188745859, 66.31954352124843410, 47.03874315999061650 ) ) ;
#8375 = CYLINDRICAL_SURFACE ( 'NONE', #3030, 47.10000000000000142 ) ;
#8376 = CARTESIAN_POINT ( 'NONE',  ( 0.000000000000000000, 263.0000000000000000, 0.000000000000000000 ) ) ;
#8377 = DIRECTION ( 'NONE',  ( -0.9205048534524403747, -0.000000000000000000, 0.3907311284892737158 ) ) ;
#8378 = CARTESIAN_POINT ( 'NONE',  ( 43.94697918396570202, 157.2818685057019650, 46.56268880791240861 ) ) ;
#8379 = EDGE_LOOP ( 'NONE', ( #7955, #7619, #5620, #4360 ) ) ;
#8380 = CARTESIAN_POINT ( 'NONE',  ( -31.31115607658012223, 168.5790100065977413, -38.98253048540072996 ) ) ;
#8381 = CARTESIAN_POINT ( 'NONE',  ( -45.04270196158309147, 52.00000000000000000, -45.46696603029501915 ) ) ;
#8382 = ORIENTED_EDGE ( 'NONE', *, *, #8867, .F. ) ;
#8383 = CARTESIAN_POINT ( 'NONE',  ( -108.0000000000000000, 188.0000000000000000, 0.1499999999999999944 ) ) ;
#8384 = CARTESIAN_POINT ( 'NONE',  ( -27.07602383751882869, 150.3730014174499843, 42.03461616943197754 ) ) ;
#8385 = CARTESIAN_POINT ( 'NONE',  ( -49.82615309694459427, 100.9687423887486943, 40.68351489493349504 ) ) ;
#8386 = CARTESIAN_POINT ( 'NONE',  ( -37.00988115598540418, 66.80701258836775480, -28.75104949436352442 ) ) ;
#8387 = CARTESIAN_POINT ( 'NONE',  ( 45.92619372941036460, 55.93620152028918113, -44.58347426246772471 ) ) ;
#8388 = VECTOR ( 'NONE', #4827, 1000.000000000000000 ) ;
#8389 = CARTESIAN_POINT ( 'NONE',  ( -40.92961328274395072, 96.97051065983893636, 49.58005470913413149 ) ) ;
#8390 = EDGE_LOOP ( 'NONE', ( #8901, #1431, #6420, #1928, #4748 ) ) ;
#8391 = ORIENTED_EDGE ( 'NONE', *, *, #9592, .F. ) ;
#8392 = CARTESIAN_POINT ( 'NONE',  ( 45.77674598141886264, 54.62836855260158586, 44.73292201045924799 ) ) ;
#8393 = APPROVAL_STATUS ( 'not_yet_approved' ) ;
#8394 = CARTESIAN_POINT ( 'NONE',  ( 0.000000000000000000, 264.0000000000000000, 0.000000000000000000 ) ) ;
#8395 = CARTESIAN_POINT ( 'NONE',  ( 24.55371574811974256, 145.7020373835962062, 41.20721490222918959 ) ) ;
#8396 = EDGE_CURVE ( 'NONE', #4795, #7634, #1166, .T. ) ;
#8397 = CARTESIAN_POINT ( 'NONE',  ( 30.28861713264671707, 166.0223565838341244, 39.78278296250166335 ) ) ;
#8398 = CARTESIAN_POINT ( 'NONE',  ( 33.26194495473986734, 37.17140469785623935, -32.49898569560905059 ) ) ;
#8399 = EDGE_CURVE ( 'NONE', #508, #6140, #4525, .T. ) ;
#8400 = VECTOR ( 'NONE', #7360, 999.9999999999998863 ) ;
#8401 = CARTESIAN_POINT ( 'NONE',  ( -1.301187224094062685E-14, 55.00000000000000000, 106.2500000000000000 ) ) ;
#8402 = CARTESIAN_POINT ( 'NONE',  ( -32.55761030330818784, 35.50000000000000000, -33.47972537727753206 ) ) ;
#8403 = ORIENTED_EDGE ( 'NONE', *, *, #3063, .F. ) ;
#8404 = CARTESIAN_POINT ( 'NONE',  ( 25.51359495171288216, 157.6066838202881399, 40.24733569863605709 ) ) ;
#8405 = CARTESIAN_POINT ( 'NONE',  ( 24.39235554936073669, 141.0186408901463437, -41.36857510098818125 ) ) ;
#8406 = CARTESIAN_POINT ( 'NONE',  ( -35.45918685583342267, 52.00000000000000711, 30.80394296248343267 ) ) ;
#8407 = CARTESIAN_POINT ( 'NONE',  ( -27.19834591289386694, 166.8763353538257945, -38.56258473745506166 ) ) ;
#8408 = ORIENTED_EDGE ( 'NONE', *, *, #7538, .F. ) ;
#8409 = CARTESIAN_POINT ( 'NONE',  ( -39.75138694003533857, 95.69680212022358035, 26.00954371031357582 ) ) ;
#8410 = CARTESIAN_POINT ( 'NONE',  ( -38.00000000000000000, 320.0000000000000000, -21.00000000000000000 ) ) ;
#8411 = ADVANCED_FACE ( 'NONE', ( #7202 ), #8348, .T. ) ;
#8412 = CARTESIAN_POINT ( 'NONE',  ( -32.83647634445001273, 39.50000000000000000, -33.76648962033772960 ) ) ;
#8413 = CARTESIAN_POINT ( 'NONE',  ( 28.61795832013484997, 171.0681637838224560, 37.28534852059502924 ) ) ;
#8414 = CARTESIAN_POINT ( 'NONE',  ( -38.43390449649705687, 80.61020279584469961, 27.32702615385185752 ) ) ;
#8415 = EDGE_LOOP ( 'NONE', ( #1479, #6165, #5470 ) ) ;
#8416 = CARTESIAN_POINT ( 'NONE',  ( -44.20390395962769503, 59.33385514974001751, -46.30576403225040849 ) ) ;
#8417 = CARTESIAN_POINT ( 'NONE',  ( 42.61937471484798579, 39.50000000000000000, -18.09085124905337238 ) ) ;
#8418 = EDGE_CURVE ( 'NONE', #314, #8515, #5800, .T. ) ;
#8419 = DIRECTION ( 'NONE',  ( 0.000000000000000000, 1.000000000000000000, 0.000000000000000000 ) ) ;
#8420 = DIRECTION ( 'NONE',  ( -0.9694453498951388637, -0.000000000000000000, 0.2453073858788025474 ) ) ;
#8421 = CARTESIAN_POINT ( 'NONE',  ( -45.25483399593903755, 158.6226686892998146, 45.25483399593904466 ) ) ;
#8422 = CARTESIAN_POINT ( 'NONE',  ( 33.59269824446734987, 39.48056780803440091, 32.16823240588158939 ) ) ;
#8423 = CARTESIAN_POINT ( 'NONE',  ( -24.55371574811972124, 145.7020373835961493, 41.20721490222918959 ) ) ;
#8424 = EDGE_CURVE ( 'NONE', #5287, #9084, #1989, .T. ) ;
#8425 = CARTESIAN_POINT ( 'NONE',  ( 33.65783052772524542, 49.44931349178472146, 36.87807467727505184 ) ) ;
#8426 = CARTESIAN_POINT ( 'NONE',  ( -38.00000000000000000, 275.0000000000000000, -24.00000000000000000 ) ) ;
#8427 = DIRECTION ( 'NONE',  ( 0.000000000000000000, 0.000000000000000000, 1.000000000000000000 ) ) ;
#8428 = VERTEX_POINT ( 'NONE', #4996 ) ;
#8429 = CARTESIAN_POINT ( 'NONE',  ( -34.79250474473221288, 172.3257622397510715, -35.91078380664988856 ) ) ;
#8430 = CARTESIAN_POINT ( 'NONE',  ( -32.16823240588158228, 39.48056780803440091, -33.59269824446734987 ) ) ;
#8431 = ORIENTED_EDGE ( 'NONE', *, *, #7285, .F. ) ;
#8432 = CARTESIAN_POINT ( 'NONE',  ( 33.17716150233879802, 36.58494384897175422, -32.58376914801011992 ) ) ;
#8433 = CARTESIAN_POINT ( 'NONE',  ( -41.99181708300289273, 151.2543003863623312, 27.14520631303052411 ) ) ;
#8434 = CARTESIAN_POINT ( 'NONE',  ( -46.30576403225039428, 59.33385514974001751, 44.20390395962768793 ) ) ;
#8435 = CARTESIAN_POINT ( 'NONE',  ( -49.58005470913414570, 96.97051065983893636, -40.92961328274397204 ) ) ;
#8436 = CARTESIAN_POINT ( 'NONE',  ( 50.22349097781341243, 108.7025900201346644, -40.28617701406468399 ) ) ;
#8437 = CARTESIAN_POINT ( 'NONE',  ( -42.78460399787552149, 155.3921848145515128, 47.72506399400256782 ) ) ;
#8438 = ORIENTED_EDGE ( 'NONE', *, *, #2539, .T. ) ;
#8439 = ORIENTED_EDGE ( 'NONE', *, *, #5072, .F. ) ;
#8440 = CARTESIAN_POINT ( 'NONE',  ( 45.51935232921329799, 52.44175755770029923, 44.99031566266481263 ) ) ;
#8441 = COORDINATED_UNIVERSAL_TIME_OFFSET ( 12, 0, .AHEAD. ) ;
#8442 = CARTESIAN_POINT ( 'NONE',  ( 44.58347426246773182, 55.93620152028918824, 45.92619372941037881 ) ) ;
#8443 = LINE ( 'NONE', #219, #3824 ) ;
#8444 = CARTESIAN_POINT ( 'NONE',  ( 26.89765380023529318, 148.7199520483242736, 42.14932971709517062 ) ) ;
#8445 = CARTESIAN_POINT ( 'NONE',  ( 45.25483399593903755, 158.6226686892998146, -45.25483399593904466 ) ) ;
#8446 = DIRECTION ( 'NONE',  ( -0.4999999999999998335, 0.000000000000000000, 0.8660254037844388186 ) ) ;
#8447 = VECTOR ( 'NONE', #2603, 1000.000000000000227 ) ;
#8448 = CARTESIAN_POINT ( 'NONE',  ( 0.000000000000000000, 57.99999999999999289, 0.000000000000000000 ) ) ;
#8449 = ORIENTED_EDGE ( 'NONE', *, *, #6563, .T. ) ;
#8450 = CARTESIAN_POINT ( 'NONE',  ( 24.39235554936074735, 141.0186408901463437, 41.36857510098818835 ) ) ;
#8451 = CARTESIAN_POINT ( 'NONE',  ( 47.31597781508198608, 69.12979561808754170, -43.19369017679610323 ) ) ;
#8452 = DIRECTION ( 'NONE',  ( 0.000000000000000000, 0.000000000000000000, -1.000000000000000000 ) ) ;
#8453 = CARTESIAN_POINT ( 'NONE',  ( -26.00954371031358647, 95.69680212022358035, -39.75138694003535278 ) ) ;
#8454 = ORIENTED_EDGE ( 'NONE', *, *, #8008, .T. ) ;
#8455 = LINE ( 'NONE', #4262, #3511 ) ;
#8456 = FACE_OUTER_BOUND ( 'NONE', #9287, .T. ) ;
#8457 = VECTOR ( 'NONE', #2225, 1000.000000000000000 ) ;
#8458 = B_SPLINE_CURVE_WITH_KNOTS ( 'NONE', 3,
 ( #9019, #7561, #4736, #4592 ),
 .UNSPECIFIED., .F., .F.,
 ( 4, 4 ),
 ( 0.000000000000000000, 0.009128091185151799777 ),
 .UNSPECIFIED. ) ;
#8459 = DIRECTION ( 'NONE',  ( 0.000000000000000000, -1.000000000000000000, 0.000000000000000000 ) ) ;
#8460 = CYLINDRICAL_SURFACE ( 'NONE', #1469, 46.80000000000000426 ) ;
#8461 = VECTOR ( 'NONE', #8619, 1000.000000000000000 ) ;
#8462 = EDGE_CURVE ( 'NONE', #6414, #9369, #7074, .T. ) ;
#8463 = CARTESIAN_POINT ( 'NONE',  ( -38.90225724876550117, 85.63114929373708151, 26.85867340158341676 ) ) ;
#8464 = AXIS2_PLACEMENT_3D ( 'NONE', #8547, #7961, #5720 ) ;
#8465 = ADVANCED_FACE ( 'NONE', ( #3546 ), #8647, .F. ) ;
#8466 = VERTEX_POINT ( 'NONE', #2860 ) ;
#8467 = CIRCLE ( 'NONE', #3349, 46.50000000000000000 ) ;
#8468 = CARTESIAN_POINT ( 'NONE',  ( -44.93779350453366561, 52.88466077438589963, -45.57187448734443080 ) ) ;
#8469 = CARTESIAN_POINT ( 'NONE',  ( -26.71506350946108910, 275.0000000000000000, 41.27184732581594773 ) ) ;
#8470 = CARTESIAN_POINT ( 'NONE',  ( 47.10000000000000142, 30.00000000000000000, 2.500000000000000000 ) ) ;
#8471 = CARTESIAN_POINT ( 'NONE',  ( 31.68079750502943881, 43.01938834714778181, -34.08013314531949334 ) ) ;
#8472 = CARTESIAN_POINT ( 'NONE',  ( 45.11333399955639578, 39.50000000000000000, -10.41523381612094923 ) ) ;
#8473 = VECTOR ( 'NONE', #1517, 1000.000000000000000 ) ;
#8474 = CARTESIAN_POINT ( 'NONE',  ( 34.81447876247082718, 48.51213425699024384, 30.94645188787810852 ) ) ;
#8475 = VECTOR ( 'NONE', #5113, 1000.000000000000000 ) ;
#8476 = CARTESIAN_POINT ( 'NONE',  ( -42.32202566649796438, 78.60787726850115575, 48.18764232538012493 ) ) ;
#8477 = DIRECTION ( 'NONE',  ( 0.000000000000000000, -0.000000000000000000, 1.000000000000000000 ) ) ;
#8478 = AXIS2_PLACEMENT_3D ( 'NONE', #8669, #341, #1816 ) ;
#8479 = DIRECTION ( 'NONE',  ( 0.8660254037844388186, 0.000000000000000000, 0.4999999999999997780 ) ) ;
#8480 = DIRECTION ( 'NONE',  ( 0.000000000000000000, 0.000000000000000000, -1.000000000000000000 ) ) ;
#8481 = ORIENTED_EDGE ( 'NONE', *, *, #257, .F. ) ;
#8482 = CARTESIAN_POINT ( 'NONE',  ( -30.28861713263957611, 166.0223565838130924, -39.78278296250712742 ) ) ;
#8483 = CARTESIAN_POINT ( 'NONE',  ( 46.00000000000000000, 35.50000000000000000, -2.500000000000000000 ) ) ;
#8484 = ORIENTED_EDGE ( 'NONE', *, *, #4974, .F. ) ;
#8485 = CARTESIAN_POINT ( 'NONE',  ( -108.0000000000000000, 194.5767617142269330, -0.7496665276302577618 ) ) ;
#8486 = AXIS2_PLACEMENT_3D ( 'NONE', #6450, #3583, #5717 ) ;
#8487 = CARTESIAN_POINT ( 'NONE',  ( -41.00000000000000000, 275.0000000000000000, -21.00000000000000000 ) ) ;
#8488 = CARTESIAN_POINT ( 'NONE',  ( -38.90225724876550117, 85.63114929373708151, 26.85867340158341676 ) ) ;
#8489 = EDGE_CURVE ( 'NONE', #8466, #5345, #2131, .T. ) ;
#8490 = VECTOR ( 'NONE', #831, 1000.000000000000114 ) ;
#8491 = CARTESIAN_POINT ( 'NONE',  ( -50.64418028391641968, 124.0985968565961315, -39.86548770796169094 ) ) ;
#8492 = CARTESIAN_POINT ( 'NONE',  ( 46.30576403225039428, 59.33385514974001751, -44.20390395962768793 ) ) ;
#8493 = FACE_OUTER_BOUND ( 'NONE', #7498, .T. ) ;
#8494 = ORIENTED_EDGE ( 'NONE', *, *, #4365, .T. ) ;
#8495 = ORIENTED_EDGE ( 'NONE', *, *, #8939, .F. ) ;
#8496 = DIRECTION ( 'NONE',  ( -0.7071067811865474617, 0.000000000000000000, -0.7071067811865474617 ) ) ;
#8497 = CARTESIAN_POINT ( 'NONE',  ( -36.10435859988290730, 58.00000000000000711, 29.93853975964411873 ) ) ;
#8498 = CARTESIAN_POINT ( 'NONE',  ( 24.39235554936074735, 141.0186408901463437, 41.36857510098818835 ) ) ;
#8499 = CARTESIAN_POINT ( 'NONE',  ( 37.25277915899235381, 171.2031378497270566, -28.50815149135656767 ) ) ;
#8500 = CARTESIAN_POINT ( 'NONE',  ( 27.07602383751730457, 150.3730014174354608, -42.03461616943295809 ) ) ;
#8501 = CARTESIAN_POINT ( 'NONE',  ( 0.000000000000000000, 0.000000000000000000, 0.000000000000000000 ) ) ;
#8502 = VERTEX_POINT ( 'NONE', #1246 ) ;
#8503 = CARTESIAN_POINT ( 'NONE',  ( 26.85867340158342387, 85.63114929373708151, 38.90225724876550828 ) ) ;
#8504 = EDGE_CURVE ( 'NONE', #6626, #5434, #611, .T. ) ;
#8505 = CARTESIAN_POINT ( 'NONE',  ( 108.0000000000000142, 213.4833387586855622, 1.528005135380340107 ) ) ;
#8506 = ORIENTED_EDGE ( 'NONE', *, *, #8522, .F. ) ;
#8507 = CARTESIAN_POINT ( 'NONE',  ( 26.53717206652076399, 163.8347417721553541, -39.22375858382815039 ) ) ;
#8508 = CARTESIAN_POINT ( 'NONE',  ( -45.50000000000000000, 58.00000000000000000, -18.00000000000000000 ) ) ;
#8509 = CARTESIAN_POINT ( 'NONE',  ( -40.92961328274396493, 96.97051065983893636, -49.58005470913414570 ) ) ;
#8510 = ORIENTED_EDGE ( 'NONE', *, *, #8522, .T. ) ;
#8511 = CARTESIAN_POINT ( 'NONE',  ( -2.293931114067158106, -3.548243663850593421, -2.293931114067158106 ) ) ;
#8512 = LINE ( 'NONE', #2447, #5215 ) ;
#8513 = CARTESIAN_POINT ( 'NONE',  ( 32.52754583687733714, 175.3686818598623347, 33.92626584899974773 ) ) ;
#8514 = CARTESIAN_POINT ( 'NONE',  ( -45.51935232921328378, 52.44175755770030634, 44.99031566266479842 ) ) ;
#8515 = VERTEX_POINT ( 'NONE', #7186 ) ;
#8516 = CARTESIAN_POINT ( 'NONE',  ( -22.38493649053889456, 264.0000000000000000, 43.77184732581595483 ) ) ;
#8517 = CARTESIAN_POINT ( 'NONE',  ( 33.29205724559754742, 42.66503589154218901, -32.46887340475138473 ) ) ;
#8518 = CARTESIAN_POINT ( 'NONE',  ( -14.23850201999726650, 264.0000000000000000, 46.57204161539984000 ) ) ;
#8519 = DIRECTION ( 'NONE',  ( 0.000000000000000000, 0.000000000000000000, -1.000000000000000000 ) ) ;
#8520 = EDGE_CURVE ( 'NONE', #7165, #440, #337, .T. ) ;
#8521 = CARTESIAN_POINT ( 'NONE',  ( 42.80347568553847282, 0.000000000000000000, -18.16899747475122595 ) ) ;
#8522 = EDGE_CURVE ( 'NONE', #1046, #6843, #2574, .T. ) ;
#8523 = CARTESIAN_POINT ( 'NONE',  ( -32.88046532517444120, 176.5866740378391739, 32.88046532517448384 ) ) ;
#8524 = CARTESIAN_POINT ( 'NONE',  ( -38.00000000000000000, 320.0000000000000000, -24.00000000000000000 ) ) ;
#8525 = DIRECTION ( 'NONE',  ( -1.000000000000000000, 0.000000000000000000, -0.000000000000000000 ) ) ;
#8526 = CARTESIAN_POINT ( 'NONE',  ( 44.73292201045924799, 54.62836855260160718, 45.77674598141886264 ) ) ;
#8527 = ORIENTED_EDGE ( 'NONE', *, *, #1146, .F. ) ;
#8528 = CARTESIAN_POINT ( 'NONE',  ( -27.84387101844075474, 156.2938203314724035, -41.53184048916929783 ) ) ;
#8529 = DIRECTION ( 'NONE',  ( 1.000000000000000000, 0.000000000000000000, 0.000000000000000000 ) ) ;
#8530 = ORIENTED_EDGE ( 'NONE', *, *, #8667, .F. ) ;
#8531 = LINE ( 'NONE', #5606, #8948 ) ;
#8532 = DIRECTION ( 'NONE',  ( -0.000000000000000000, 1.000000000000000000, 0.000000000000000000 ) ) ;
#8533 = EDGE_CURVE ( 'NONE', #687, #1957, #1320, .T. ) ;
#8534 = CARTESIAN_POINT ( 'NONE',  ( -49.05663547162954075, 89.40149471062305508, 41.45303252024855567 ) ) ;
#8535 = CARTESIAN_POINT ( 'NONE',  ( -41.45303252024854856, 89.40149471062302666, -49.05663547162955496 ) ) ;
#8536 = FACE_OUTER_BOUND ( 'NONE', #3219, .T. ) ;
#8537 = DIRECTION ( 'NONE',  ( -0.000000000000000000, -1.000000000000000000, -0.000000000000000000 ) ) ;
#8538 = ORIENTED_EDGE ( 'NONE', *, *, #5972, .T. ) ;
#8539 = ORIENTED_EDGE ( 'NONE', *, *, #778, .T. ) ;
#8540 = CARTESIAN_POINT ( 'NONE',  ( 33.59269824446734987, 39.48056780803440091, 32.16823240588158939 ) ) ;
#8541 = DIRECTION ( 'NONE',  ( 0.000000000000000000, 0.000000000000000000, 1.000000000000000000 ) ) ;
#8542 = CARTESIAN_POINT ( 'NONE',  ( 24.29434890298207961, 131.8280114082709815, 41.46658174736686675 ) ) ;
#8543 = ADVANCED_FACE ( 'NONE', ( #4264 ), #1295, .F. ) ;
#8544 = CARTESIAN_POINT ( 'NONE',  ( 38.43390449649705687, 80.61020279584469961, -27.32702615385185752 ) ) ;
#8545 = CARTESIAN_POINT ( 'NONE',  ( 39.28526364579233388, 167.7527087702093240, -30.93174375733153170 ) ) ;
#8546 = VECTOR ( 'NONE', #3537, 1000.000000000000000 ) ;
#8547 = CARTESIAN_POINT ( 'NONE',  ( 0.000000000000000000, 264.0000000000000000, 0.000000000000000000 ) ) ;
#8548 = ORIENTED_EDGE ( 'NONE', *, *, #9080, .F. ) ;
#8549 = CARTESIAN_POINT ( 'NONE',  ( 39.86548770796168384, 124.0985968565961315, 50.64418028391641968 ) ) ;
#8550 = ADVANCED_FACE ( 'NONE', ( #2171 ), #568, .F. ) ;
#8551 = CARTESIAN_POINT ( 'NONE',  ( 47.00000000000000000, 234.8814313122934720, 3.596535438769842941 ) ) ;
#8552 = EDGE_LOOP ( 'NONE', ( #2135, #5111, #5439, #4223 ) ) ;
#8553 = CARTESIAN_POINT ( 'NONE',  ( 48.76789381400745782, 85.62404022679615423, -41.74177417787063149 ) ) ;
#8554 = DIRECTION ( 'NONE',  ( 0.000000000000000000, 1.000000000000000000, 0.000000000000000000 ) ) ;
#8555 = CARTESIAN_POINT ( 'NONE',  ( -35.99034669289962807, 57.99999999999999289, 29.77058395744929697 ) ) ;
#8556 = ORIENTED_EDGE ( 'NONE', *, *, #5848, .T. ) ;
#8557 = FACE_OUTER_BOUND ( 'NONE', #2724, .T. ) ;
#8558 = VECTOR ( 'NONE', #7356, 1000.000000000000000 ) ;
#8559 = CARTESIAN_POINT ( 'NONE',  ( 46.98823194100194200, 211.9999999999994316, -1.050000000005465450 ) ) ;
#8560 = ADVANCED_FACE ( 'NONE', ( #8095 ), #5039, .T. ) ;
#8561 = CARTESIAN_POINT ( 'NONE',  ( -45.46696603029501915, 52.00000000000000000, -45.04270196158309147 ) ) ;
#8562 = LINE ( 'NONE', #2356, #6122 ) ;
#8563 = CARTESIAN_POINT ( 'NONE',  ( -49.05663547162954075, 89.40149471062305508, 41.45303252024855567 ) ) ;
#8564 = ORIENTED_EDGE ( 'NONE', *, *, #2354, .F. ) ;
#8565 = CARTESIAN_POINT ( 'NONE',  ( -36.16335210565489433, 59.45114241664888510, -29.59757854469405203 ) ) ;
#8566 = CARTESIAN_POINT ( 'NONE',  ( 50.40863483252044830, 137.5203383235722185, 40.10103315935766233 ) ) ;
#8567 = CARTESIAN_POINT ( 'NONE',  ( 29.77058395744706942, 57.99999999999999289, 35.99034669290186628 ) ) ;
#8568 = LINE ( 'NONE', #444, #7077 ) ;
#8569 = CARTESIAN_POINT ( 'NONE',  ( 24.69734275216253394, 116.6762642137271797, 41.06358789818640531 ) ) ;
#8570 = CARTESIAN_POINT ( 'NONE',  ( -28.26772415252452930, 71.28898199371604960, 37.49320649782438863 ) ) ;
#8571 = FACE_OUTER_BOUND ( 'NONE', #738, .T. ) ;
#8572 = CARTESIAN_POINT ( 'NONE',  ( -32.88046532517444120, 176.0000000000000000, 32.88046532517448384 ) ) ;
#8573 = DIRECTION ( 'NONE',  ( -0.7071067811865477948, 0.000000000000000000, -0.7071067811865473507 ) ) ;
#8574 = ORIENTED_EDGE ( 'NONE', *, *, #7714, .T. ) ;
#8575 = CARTESIAN_POINT ( 'NONE',  ( -34.44736847863528340, 45.71524904810726753, -31.31356217171364520 ) ) ;
#8576 = DIRECTION ( 'NONE',  ( 0.000000000000000000, -1.000000000000000000, 0.000000000000000000 ) ) ;
#8577 = ADVANCED_FACE ( 'NONE', ( #7364 ), #1672, .T. ) ;
#8578 = ORIENTED_EDGE ( 'NONE', *, *, #623, .F. ) ;
#8579 = CARTESIAN_POINT ( 'NONE',  ( 38.85551762620079330, 44.00000000000000000, 39.27978169491272098 ) ) ;
#8580 = CARTESIAN_POINT ( 'NONE',  ( -30.50265559212962074, 74.95886082563229991, 39.62546294327291463 ) ) ;
#8581 = ADVANCED_BREP_SHAPE_REPRESENTATION ( 'Body Rev 2', ( #1865, #8142 ), #60 ) ;
#8582 = CARTESIAN_POINT ( 'NONE',  ( -37.00988115598539707, 66.80701258836775480, 28.75104949436351731 ) ) ;
#8583 = CARTESIAN_POINT ( 'NONE',  ( -43.47092483188747281, 66.31954352124843410, -47.03874315999063072 ) ) ;
#8584 = DIRECTION ( 'NONE',  ( 0.000000000000000000, -1.000000000000000000, 0.000000000000000000 ) ) ;
#8585 = EDGE_CURVE ( 'NONE', #4066, #1957, #4536, .T. ) ;
#8586 = CYLINDRICAL_SURFACE ( 'NONE', #4126, 46.80000000000000426 ) ;
#8587 = ORIENTED_EDGE ( 'NONE', *, *, #7474, .F. ) ;
#8588 = ORIENTED_EDGE ( 'NONE', *, *, #930, .T. ) ;
#8589 = CARTESIAN_POINT ( 'NONE',  ( 28.50815149135656767, 171.2031378497270850, 37.25277915899236092 ) ) ;
#8590 = CARTESIAN_POINT ( 'NONE',  ( -33.17716150233881223, 36.58494384897174712, -32.58376914801012703 ) ) ;
#8591 = CARTESIAN_POINT ( 'NONE',  ( 32.16823240588159649, 39.48056780803435828, 33.59269824446734276 ) ) ;
#8592 = ADVANCED_FACE ( 'NONE', ( #7502 ), #839, .F. ) ;
#8593 = CARTESIAN_POINT ( 'NONE',  ( 35.63270687126059499, 54.97802726448586697, -30.12822377908831939 ) ) ;
#8594 = CARTESIAN_POINT ( 'NONE',  ( 28.40006792114175127, 159.1130762893280348, -41.15279711400471996 ) ) ;
#8595 = DIRECTION ( 'NONE',  ( 0.000000000000000000, 1.000000000000000000, 0.000000000000000000 ) ) ;
#8596 = EDGE_LOOP ( 'NONE', ( #8753, #3187, #3728, #5910 ) ) ;
#8597 = CARTESIAN_POINT ( 'NONE',  ( -44.78285603231768874, 54.19120085711174539, -45.72681195956042188 ) ) ;
#8598 = CARTESIAN_POINT ( 'NONE',  ( 0.000000000000000000, 268.0000000000000000, 0.000000000000000000 ) ) ;
#8599 = ORIENTED_EDGE ( 'NONE', *, *, #2950, .F. ) ;
#8600 = CARTESIAN_POINT ( 'NONE',  ( 50.64418028391640547, 124.0985968565961741, -39.86548770796168384 ) ) ;
#8601 = DIRECTION ( 'NONE',  ( 0.000000000000000000, -0.000000000000000000, -1.000000000000000000 ) ) ;
#8602 = CARTESIAN_POINT ( 'NONE',  ( -21.83493649053889740, 275.0000000000000000, 42.81921938165307040 ) ) ;
#8603 = ORIENTED_EDGE ( 'NONE', *, *, #6601, .T. ) ;
#8604 = CARTESIAN_POINT ( 'NONE',  ( -47.00000000000000000, 198.8384312691162279, 2.581365136496105439 ) ) ;
#8605 = CIRCLE ( 'NONE', #2093, 46.97059542429539647 ) ;
#8606 = CARTESIAN_POINT ( 'NONE',  ( 46.99102690267809379, 212.5278590506999876, -0.9179146186316973210 ) ) ;
#8607 = EDGE_CURVE ( 'NONE', #9311, #2991, #3812, .T. ) ;
#8608 = CARTESIAN_POINT ( 'NONE',  ( -40.79466709084002218, 111.3121957717727071, -24.96626355950891352 ) ) ;
#8609 = CARTESIAN_POINT ( 'NONE',  ( 43.97682058470661559, 61.44371818057052792, -46.53284740717148082 ) ) ;
#8610 = CARTESIAN_POINT ( 'NONE',  ( -37.00988115598539707, 66.80701258836775480, 28.75104949436351731 ) ) ;
#8611 = VERTEX_POINT ( 'NONE', #4488 ) ;
#8612 = CARTESIAN_POINT ( 'NONE',  ( -21.83493649053892582, 264.0000000000000000, -42.81921938165304908 ) ) ;
#8613 = CARTESIAN_POINT ( 'NONE',  ( 41.14849579182904904, 93.39148535881982127, 49.36117220004906159 ) ) ;
#8614 = CARTESIAN_POINT ( 'NONE',  ( -21.38493649053889811, 39.50000000000000000, 42.03979651824707275 ) ) ;
#8615 = CARTESIAN_POINT ( 'NONE',  ( -34.35490803650082370, 41.14839227088495477, 35.48620448978829955 ) ) ;
#8616 = VECTOR ( 'NONE', #2528, 1000.000000000000000 ) ;
#8617 = CARTESIAN_POINT ( 'NONE',  ( 45.25483399593905176, 158.6226686892998146, 45.25483399593905176 ) ) ;
#8618 = AXIS2_PLACEMENT_3D ( 'NONE', #9530, #1162, #6518 ) ;
#8619 = DIRECTION ( 'NONE',  ( 0.000000000000000000, -1.000000000000000000, 0.000000000000000000 ) ) ;
#8620 = CIRCLE ( 'NONE', #9403, 47.10000000000000142 ) ;
#8621 = EDGE_LOOP ( 'NONE', ( #1621, #7689, #5791, #4796 ) ) ;
#8622 = EDGE_CURVE ( 'NONE', #5171, #4066, #6675, .T. ) ;
#8623 = CARTESIAN_POINT ( 'NONE',  ( 28.56886579484422484, 171.3537213828244319, 37.19206485550470376 ) ) ;
#8624 = DIRECTION ( 'NONE',  ( -1.000000000000000000, 0.000000000000000000, 0.000000000000000000 ) ) ;
#8625 = ORIENTED_EDGE ( 'NONE', *, *, #1808, .F. ) ;
#8626 = CARTESIAN_POINT ( 'NONE',  ( -41.31997436739747087, 157.8790455269385973, -28.15541547932849298 ) ) ;
#8627 = CARTESIAN_POINT ( 'NONE',  ( 41.00000000000000000, 58.00000000000000000, -21.00000000000000000 ) ) ;
#8628 = ORIENTED_EDGE ( 'NONE', *, *, #489, .T. ) ;
#8629 = VECTOR ( 'NONE', #8959, 1000.000000000000114 ) ;
#8630 = CARTESIAN_POINT ( 'NONE',  ( 108.0000000000000000, 222.2167203554061246, 2.888639853034277263E-17 ) ) ;
#8631 = CARTESIAN_POINT ( 'NONE',  ( -28.85455087168455535, 89.98461695145402928, 40.83938568045786610 ) ) ;
#8632 = AXIS2_PLACEMENT_3D ( 'NONE', #7806, #3440, #6396 ) ;
#8633 = DIRECTION ( 'NONE',  ( 0.000000000000000000, 1.000000000000000000, 0.000000000000000000 ) ) ;
#8634 = VECTOR ( 'NONE', #1671, 1000.000000000000000 ) ;
#8635 = PLANE ( 'NONE',  #2732 ) ;
#8636 = CARTESIAN_POINT ( 'NONE',  ( -38.00000000000000000, 58.00000000000000000, -24.00000000000000000 ) ) ;
#8637 = CARTESIAN_POINT ( 'NONE',  ( 43.47092483188747991, 66.31954352124841989, 47.03874315999063072 ) ) ;
#8638 = EDGE_LOOP ( 'NONE', ( #4690, #844, #1802 ) ) ;
#8639 = VERTEX_POINT ( 'NONE', #7455 ) ;
#8640 = CIRCLE ( 'NONE', #3523, 46.50000000000000000 ) ;
#8641 = CARTESIAN_POINT ( 'NONE',  ( 39.86548770796168384, 124.0985968565961315, 50.64418028391641968 ) ) ;
#8642 = CARTESIAN_POINT ( 'NONE',  ( -77.50000000000000000, 174.0000000000000000, 0.1999999999999999833 ) ) ;
#8643 = CARTESIAN_POINT ( 'NONE',  ( 27.32702615385185396, 80.61020279584469961, -38.43390449649706397 ) ) ;
#8644 = CARTESIAN_POINT ( 'NONE',  ( -45.51935232921328378, 52.44175755770030634, 44.99031566266479842 ) ) ;
#8645 = CIRCLE ( 'NONE', #7365, 46.99996213765929554 ) ;
#8646 = EDGE_CURVE ( 'NONE', #9171, #701, #2555, .T. ) ;
#8647 = CYLINDRICAL_SURFACE ( 'NONE', #3964, 47.10000000000000142 ) ;
#8648 = VECTOR ( 'NONE', #465, 1000.000000000000114 ) ;
#8649 = CARTESIAN_POINT ( 'NONE',  ( 32.71836957137101365, 170.7839353711384263, -37.80954862241287628 ) ) ;
#8650 = CARTESIAN_POINT ( 'NONE',  ( 45.46696603029500494, 52.00000000000000000, -45.04270196158308437 ) ) ;
#8651 = ORIENTED_EDGE ( 'NONE', *, *, #8396, .T. ) ;
#8652 = CARTESIAN_POINT ( 'NONE',  ( -50.07277075913016517, 104.9875858014058423, -40.43689723274794545 ) ) ;
#8653 = CARTESIAN_POINT ( 'NONE',  ( 47.00000000000000000, 159.9999999999999716, 0.2499999999999999445 ) ) ;
#8654 = EDGE_LOOP ( 'NONE', ( #2108, #1726, #5204, #205 ) ) ;
#8655 = FACE_OUTER_BOUND ( 'NONE', #4196, .T. ) ;
#8656 = CARTESIAN_POINT ( 'NONE',  ( 36.16335210636128039, 59.45114242269138316, -29.59757854398763399 ) ) ;
#8657 = CARTESIAN_POINT ( 'NONE',  ( -32.49898569560905770, 37.17140469785623935, -33.26194495473988155 ) ) ;
#8658 = ORIENTED_EDGE ( 'NONE', *, *, #1961, .T. ) ;
#8659 = CARTESIAN_POINT ( 'NONE',  ( -47.00000000000000000, 262.3741519413206902, 2.327531496599666294 ) ) ;
#8660 = CARTESIAN_POINT ( 'NONE',  ( 0.000000000000000000, 264.0000000000000000, 0.000000000000000000 ) ) ;
#8661 = CARTESIAN_POINT ( 'NONE',  ( -33.59269824446734276, 39.48056780803436538, -32.16823240588159649 ) ) ;
#8662 = CARTESIAN_POINT ( 'NONE',  ( 39.86548770796168384, 124.0985968565961315, -50.64418028391641258 ) ) ;
#8663 = CARTESIAN_POINT ( 'NONE',  ( -36.73995031797399946, 172.3557253146922505, 29.31272387618468400 ) ) ;
#8664 = ORIENTED_EDGE ( 'NONE', *, *, #6505, .F. ) ;
#8665 = DIRECTION ( 'NONE',  ( 0.2923717047227364918, 0.000000000000000000, -0.9563047559630355465 ) ) ;
#8666 = CARTESIAN_POINT ( 'NONE',  ( -5.740046074382442853, 35.50000000000000000, 46.74892374230628178 ) ) ;
#8667 = EDGE_CURVE ( 'NONE', #1420, #5447, #6188, .T. ) ;
#8668 = CARTESIAN_POINT ( 'NONE',  ( 41.74177417787063860, 85.62404022679615423, -48.76789381400745782 ) ) ;
#8669 = CARTESIAN_POINT ( 'NONE',  ( 0.000000000000000000, 340.0000000000000000, 0.000000000000000000 ) ) ;
#8670 = B_SPLINE_CURVE_WITH_KNOTS ( 'NONE', 3,
 ( #286, #7737, #1661, #7637 ),
 .UNSPECIFIED., .F., .F.,
 ( 4, 4 ),
 ( 0.000000000000000000, 0.0003044949188649981840 ),
 .UNSPECIFIED. ) ;
#8671 = CARTESIAN_POINT ( 'NONE',  ( 39.91996775807773901, 130.9941881811295445, 50.58970023380037162 ) ) ;
#8672 = CARTESIAN_POINT ( 'NONE',  ( -34.44736847863527629, 45.71524904810726753, 31.31356217171363809 ) ) ;
#8673 = ORIENTED_EDGE ( 'NONE', *, *, #7714, .F. ) ;
#8674 = CYLINDRICAL_SURFACE ( 'NONE', #7825, 48.70000000000001705 ) ;
#8675 = CARTESIAN_POINT ( 'NONE',  ( -45.51935232921329799, 52.44175755770031344, -44.99031566266480553 ) ) ;
#8676 = VERTEX_POINT ( 'NONE', #9261 ) ;
#8677 = CARTESIAN_POINT ( 'NONE',  ( -37.64972211469058294, 170.9903000646253304, -32.90234388852081793 ) ) ;
#8678 = LINE ( 'NONE', #2022, #3045 ) ;
#8679 = ORIENTED_EDGE ( 'NONE', *, *, #6523, .T. ) ;
#8680 = DIRECTION ( 'NONE',  ( 0.000000000000000000, 0.000000000000000000, -1.000000000000000000 ) ) ;
#8681 = CARTESIAN_POINT ( 'NONE',  ( -32.98532786528267735, 54.99999999999999289, 37.57616459432502865 ) ) ;
#8682 = CARTESIAN_POINT ( 'NONE',  ( 41.45303252024854146, 89.40149471062304087, -49.05663547162954075 ) ) ;
#8683 = EDGE_CURVE ( 'NONE', #447, #7021, #4637, .T. ) ;
#8684 = CARTESIAN_POINT ( 'NONE',  ( -41.19064070390658827, 148.1781441586251447, -49.31902728797152236 ) ) ;
#8685 = CARTESIAN_POINT ( 'NONE',  ( 37.71505118858642902, 73.51205311375596807, 28.04587946176250313 ) ) ;
#8686 = CARTESIAN_POINT ( 'NONE',  ( -34.84691902115555706, 48.76015640400928675, 30.91401162919336087 ) ) ;
#8687 = ORIENTED_EDGE ( 'NONE', *, *, #2452, .F. ) ;
#8688 = ORIENTED_EDGE ( 'NONE', *, *, #9131, .T. ) ;
#8689 = CARTESIAN_POINT ( 'NONE',  ( 25.61039644484207756, 101.0166046022987985, 40.15053420550685814 ) ) ;
#8690 = CARTESIAN_POINT ( 'NONE',  ( -49.99939933985900353, 161.3767734674762551, 0.2450829519018704605 ) ) ;
#8691 = CARTESIAN_POINT ( 'NONE',  ( 39.91996775807772480, 130.9941881811295445, -50.58970023380036451 ) ) ;
#8692 = CARTESIAN_POINT ( 'NONE',  ( -50.38968031787177893, 112.7299032302373121, 40.11998767400631039 ) ) ;
#8693 = CARTESIAN_POINT ( 'NONE',  ( 46.99716253059126103, 211.0823346594002317, -0.5285059912583925934 ) ) ;
#8694 = CARTESIAN_POINT ( 'NONE',  ( 46.16691639851457296, 58.04302010026673031, -44.34275159336351635 ) ) ;
#8695 = ORIENTED_EDGE ( 'NONE', *, *, #6472, .F. ) ;
#8696 = CARTESIAN_POINT ( 'NONE',  ( -44.99017980345195866, 52.44290321668560750, -45.51948818842615196 ) ) ;
#8697 = CARTESIAN_POINT ( 'NONE',  ( 0.000000000000000000, 57.99999999999999289, 0.000000000000000000 ) ) ;
#8698 = EDGE_LOOP ( 'NONE', ( #1120, #5462, #9162, #7518 ) ) ;
#8699 = CARTESIAN_POINT ( 'NONE',  ( -43.47092483188745859, 66.31954352124843410, 47.03874315999061650 ) ) ;
#8700 = EDGE_CURVE ( 'NONE', #8272, #6217, #6235, .T. ) ;
#8701 = CARTESIAN_POINT ( 'NONE',  ( -35.48613965603914977, 41.14807402462480468, 34.35492515600356711 ) ) ;
#8702 = CARTESIAN_POINT ( 'NONE',  ( 38.00000000000000000, 275.0000000000000000, -24.00000000000000000 ) ) ;
#8703 = ORIENTED_EDGE ( 'NONE', *, *, #8897, .T. ) ;
#8705 = ADVANCED_FACE ( 'NONE', ( #2407 ), #5409, .T. ) ;
#8704 = CARTESIAN_POINT ( 'NONE',  ( -47.00000000000000000, 269.1626897086180179, 0.8761597236124090138 ) ) ;
#8706 = B_SPLINE_CURVE_WITH_KNOTS ( 'NONE', 3,
 ( #5348, #3080, #8325, #6126 ),
 .UNSPECIFIED., .F., .F.,
 ( 4, 4 ),
 ( 0.01747249955573672645, 0.01777699149090818803 ),
 .UNSPECIFIED. ) ;
#8707 = CARTESIAN_POINT ( 'NONE',  ( 0.000000000000000000, 57.99999999999999289, 0.000000000000000000 ) ) ;
#8708 = CARTESIAN_POINT ( 'NONE',  ( -45.57187448734443791, 52.88466077438591384, -44.93779350453367272 ) ) ;
#8709 = CARTESIAN_POINT ( 'NONE',  ( 28.75104949436350665, 66.80701258836775480, -37.00988115598539707 ) ) ;
#8710 = CARTESIAN_POINT ( 'NONE',  ( -32.67905511574198130, 175.4143508792199668, 33.78038696514489914 ) ) ;
#8711 = AXIS2_PLACEMENT_3D ( 'NONE', #1069, #4668, #3937 ) ;
#8712 = ORIENTED_EDGE ( 'NONE', *, *, #368, .F. ) ;
#8713 = LINE ( 'NONE', #5877, #1631 ) ;
#8714 = CARTESIAN_POINT ( 'NONE',  ( 24.37365805196742130, 126.6764942988443892, -41.38727259838148598 ) ) ;
#8715 = EDGE_CURVE ( 'NONE', #3794, #3295, #2682, .T. ) ;
#8716 = CARTESIAN_POINT ( 'NONE',  ( 47.00000000000000000, 177.7845559105077200, -1.453014774495211991 ) ) ;
#8717 = CARTESIAN_POINT ( 'NONE',  ( 47.31597781508200029, 69.12979561808754170, 43.19369017679611034 ) ) ;
#8718 = CARTESIAN_POINT ( 'NONE',  ( -40.24733569863604288, 157.6066838202881399, 25.51359495171287506 ) ) ;
#8719 = ORIENTED_EDGE ( 'NONE', *, *, #3425, .F. ) ;
#8720 = EDGE_CURVE ( 'NONE', #8847, #7878, #3283, .T. ) ;
#8721 = DIRECTION ( 'NONE',  ( 0.7071067811865475727, 0.000000000000000000, -0.7071067811865475727 ) ) ;
#8722 = ORIENTED_EDGE ( 'NONE', *, *, #7529, .F. ) ;
#8723 = CARTESIAN_POINT ( 'NONE',  ( -33.09259735953043702, 35.99999999999999289, -32.66833329081850223 ) ) ;
#8724 = CARTESIAN_POINT ( 'NONE',  ( -34.94075078326840611, 38.38965361115112529, 34.51648671455648554 ) ) ;
#8725 = CARTESIAN_POINT ( 'NONE',  ( -49.87842946264868971, 232.7110218063714626, -3.484577005832004915 ) ) ;
#8726 = DIRECTION ( 'NONE',  ( 1.000000000000000000, 0.000000000000000000, 0.000000000000000000 ) ) ;
#8727 = CARTESIAN_POINT ( 'NONE',  ( -41.45303252024854146, 89.40149471062302666, 49.05663547162955496 ) ) ;
#8728 = CARTESIAN_POINT ( 'NONE',  ( -34.94075078326840611, 38.38965361115112529, 34.51648671455648554 ) ) ;
#8729 = ADVANCED_FACE ( 'NONE', ( #9205 ), #3326, .F. ) ;
#8730 = CARTESIAN_POINT ( 'NONE',  ( -46.98823194100206990, 212.0000000000000000, -1.050000000000000044 ) ) ;
#8731 = CARTESIAN_POINT ( 'NONE',  ( -22.38493649053892298, 275.0000000000000000, -43.77184732581592641 ) ) ;
#8732 = DIRECTION ( 'NONE',  ( 0.000000000000000000, -1.000000000000000000, 0.000000000000000000 ) ) ;
#8733 = ORIENTED_EDGE ( 'NONE', *, *, #7199, .T. ) ;
#8734 = ORIENTED_EDGE ( 'NONE', *, *, #5466, .F. ) ;
#8735 = CARTESIAN_POINT ( 'NONE',  ( 37.25277915899236092, 171.2031378497270282, 28.50815149135656767 ) ) ;
#8736 = CARTESIAN_POINT ( 'NONE',  ( -41.20721490222918959, 145.7020373835961777, -24.55371574811974256 ) ) ;
#8737 = DIRECTION ( 'NONE',  ( -0.7071067811865475727, -0.000000000000000000, 0.7071067811865474617 ) ) ;
#8738 = CARTESIAN_POINT ( 'NONE',  ( -41.36857510098817414, 141.0186408901463437, 24.39235554936074024 ) ) ;
#8739 = CARTESIAN_POINT ( 'NONE',  ( 46.99256891767858946, 211.3542661126024598, 0.8392249818351562585 ) ) ;
#8740 = PLANE ( 'NONE',  #6296 ) ;
#8741 = CARTESIAN_POINT ( 'NONE',  ( -45.46696603029501915, 52.00000000000000000, -45.04270196158309147 ) ) ;
#8742 = CARTESIAN_POINT ( 'NONE',  ( -32.66833329081848802, 36.00000000000000000, 33.09259735953042991 ) ) ;
#8743 = EDGE_LOOP ( 'NONE', ( #660, #1217, #1299, #6534, #166, #6025 ) ) ;
#8744 = CARTESIAN_POINT ( 'NONE',  ( -43.19369017679609613, 69.12979561808754170, 47.31597781508198608 ) ) ;
#8745 = PLANE ( 'NONE',  #8756 ) ;
#8746 = CARTESIAN_POINT ( 'NONE',  ( 45.27309784010298443, 35.50000000000000000, -11.45585492054007837 ) ) ;
#8747 = ORIENTED_EDGE ( 'NONE', *, *, #3941, .T. ) ;
#8748 = CARTESIAN_POINT ( 'NONE',  ( -47.00000000000000000, 160.9181783982463969, 0.3183282180949054130 ) ) ;
#8749 = CARTESIAN_POINT ( 'NONE',  ( -31.30679872303093703, 45.76678388290326893, -34.45413192731800223 ) ) ;
#8750 = CARTESIAN_POINT ( 'NONE',  ( -46.30576403225040849, 59.33385514974001751, -44.20390395962770214 ) ) ;
#8751 = CARTESIAN_POINT ( 'NONE',  ( 24.37365805196742130, 126.6764942988443892, -41.38727259838148598 ) ) ;
#8752 = LINE ( 'NONE', #7336, #4355 ) ;
#8753 = ORIENTED_EDGE ( 'NONE', *, *, #6731, .T. ) ;
#8754 = CARTESIAN_POINT ( 'NONE',  ( -32.66833329081848802, 36.00000000000000000, 33.09259735953042991 ) ) ;
#8755 = CARTESIAN_POINT ( 'NONE',  ( 40.68351489493348083, 100.9687423887486943, -49.82615309694460137 ) ) ;
#8756 = AXIS2_PLACEMENT_3D ( 'NONE', #2088, #8019, #5095 ) ;
#8757 = VECTOR ( 'NONE', #1031, 1000.000000000000227 ) ;
#8758 = CARTESIAN_POINT ( 'NONE',  ( 47.00000000000000000, 259.9730972603334749, 2.655267262506165515 ) ) ;
#8759 = CARTESIAN_POINT ( 'NONE',  ( 36.46736499287372624, 173.1609393494194080, 29.29356565747520236 ) ) ;
#8760 = CARTESIAN_POINT ( 'NONE',  ( -41.36857510098817414, 141.0186408901463437, 24.39235554936074024 ) ) ;
#8761 = ORIENTED_EDGE ( 'NONE', *, *, #7185, .F. ) ;
#8762 = CARTESIAN_POINT ( 'NONE',  ( -40.79466709084002218, 111.3121957717727071, -24.96626355950891352 ) ) ;
#8763 = VERTEX_POINT ( 'NONE', #3909 ) ;
#8764 = CARTESIAN_POINT ( 'NONE',  ( -45.51935232921329799, 52.44175755770031344, -44.99031566266480553 ) ) ;
#8765 = CARTESIAN_POINT ( 'NONE',  ( -32.67364828946945465, 42.63130802165773048, -33.08728236087949881 ) ) ;
#8766 = ORIENTED_EDGE ( 'NONE', *, *, #5107, .F. ) ;
#8767 = DIRECTION ( 'NONE',  ( -0.000000000000000000, -1.000000000000000000, -0.000000000000000000 ) ) ;
#8768 = CARTESIAN_POINT ( 'NONE',  ( -44.99031566266479842, 52.44175755770029923, 45.51935232921329799 ) ) ;
#8769 = SECURITY_CLASSIFICATION ( '', '', #9325 ) ;
#8770 = CARTESIAN_POINT ( 'NONE',  ( 44.73292201045922667, 54.62836855260160718, -45.77674598141885554 ) ) ;
#8771 = CARTESIAN_POINT ( 'NONE',  ( 34.08013314532964699, 43.01938834715430460, -31.68079750501926739 ) ) ;
#8772 = CARTESIAN_POINT ( 'NONE',  ( -24.60000000000002274, 268.0000000000000000, -42.60844986619436980 ) ) ;
#8773 = VECTOR ( 'NONE', #7339, 1000.000000000000114 ) ;
#8774 = CARTESIAN_POINT ( 'NONE',  ( 45.51935232921329799, 52.44175755770029923, 44.99031566266481263 ) ) ;
#8775 = ORIENTED_EDGE ( 'NONE', *, *, #9166, .T. ) ;
#8776 = CARTESIAN_POINT ( 'NONE',  ( 46.56268880791239440, 157.2818685057019650, 43.94697918396571623 ) ) ;
#8777 = AXIS2_PLACEMENT_3D ( 'NONE', #4585, #4862, #6081 ) ;
#8778 = CARTESIAN_POINT ( 'NONE',  ( -42.78460399787553570, 155.3921848145515412, -47.72506399400257493 ) ) ;
#8779 = CARTESIAN_POINT ( 'NONE',  ( 30.12822377908831584, 54.97802726448587407, -35.63270687126060210 ) ) ;
#8780 = DIRECTION ( 'NONE',  ( 0.000000000000000000, 0.000000000000000000, 1.000000000000000000 ) ) ;
#8781 = EDGE_CURVE ( 'NONE', #1304, #4573, #200, .T. ) ;
#8782 = EDGE_CURVE ( 'NONE', #1736, #6217, #9112, .T. ) ;
#8783 = CARTESIAN_POINT ( 'NONE',  ( 46.99564887098593147, 211.1593615540552662, -0.6442385569967340464 ) ) ;
#8784 = CIRCLE ( 'NONE', #5825, 50.00000000000000000 ) ;
#8785 = AXIS2_PLACEMENT_3D ( 'NONE', #1197, #4944, #6449 ) ;
#8786 = CARTESIAN_POINT ( 'NONE',  ( -35.03403024654929965, 174.7093979249179938, -31.33268355529273563 ) ) ;
#8787 = LINE ( 'NONE', #2673, #1874 ) ;
#8788 = CARTESIAN_POINT ( 'NONE',  ( 45.50308202547049063, 0.000000000000000000, -10.50521423785849606 ) ) ;
#8789 = VERTEX_POINT ( 'NONE', #252 ) ;
#8790 = CARTESIAN_POINT ( 'NONE',  ( -24.96626355950889931, 111.3121957717727071, 40.79466709084002218 ) ) ;
#8791 = DIRECTION ( 'NONE',  ( 0.000000000000000000, -0.000000000000000000, -1.000000000000000000 ) ) ;
#8792 = CARTESIAN_POINT ( 'NONE',  ( 33.26194495473987445, 37.17140469785623225, 32.49898569560906481 ) ) ;
#8793 = VECTOR ( 'NONE', #6619, 1000.000000000000000 ) ;
#8794 = ORIENTED_EDGE ( 'NONE', *, *, #3823, .F. ) ;
#8795 = CARTESIAN_POINT ( 'NONE',  ( -47.00000000000000000, 187.6273319016061407, 2.018801020640145438 ) ) ;
#8796 = PLANE ( 'NONE',  #7684 ) ;
#8797 = CARTESIAN_POINT ( 'NONE',  ( -24.29434890298208316, 131.8280114082709815, -41.46658174736685964 ) ) ;
#8798 = CARTESIAN_POINT ( 'NONE',  ( -32.53986656635576935, 175.3727113013590042, 33.91444719236285721 ) ) ;
#8799 = EDGE_LOOP ( 'NONE', ( #3828, #4502, #4135, #7196 ) ) ;
#8800 = CARTESIAN_POINT ( 'NONE',  ( 0.000000000000000000, 35.50000000000000000, 0.000000000000000000 ) ) ;
#8801 = LINE ( 'NONE', #6614, #847 ) ;
#8802 = B_SPLINE_SURFACE_WITH_KNOTS ( 'NONE', 3, 1, ( 
 ( #7918, #1251 ),
 ( #4221, #7190 ),
 ( #518, #6047 ),
 ( #8832, #2173 ),
 ( #851, #4499 ),
 ( #5134, #8098 ),
 ( #8200, #2953 ),
 ( #3101, #9026 ),
 ( #7514, #3629 ),
 ( #1538, #6687 ),
 ( #7466, #8979 ),
 ( #3725, #119 ),
 ( #8878, #8149 ),
 ( #5908, #4602 ),
 ( #9572, #8926 ),
 ( #7370, #7422 ),
 ( #4547, #801 ),
 ( #3826, #66 ),
 ( #1582, #711 ),
 ( #3771, #3051 ),
 ( #2272, #2220 ),
 ( #2319, #6643 ),
 ( #1438, #6733 ),
 ( #3680, #6594 ),
 ( #2369, #1490 ),
 ( #6003, #7569 ),
 ( #5319, #6790 ),
 ( #8297, #1634 ),
 ( #4455, #2910 ),
 ( #5277, #5863 ),
 ( #4402, #8248 ),
 ( #19, #9616 ),
 ( #5178, #755 ),
 ( #2999, #5951 ),
 ( #5231, #900 ),
 ( #6095, #310 ),
 ( #1778, #3199 ),
 ( #9071, #2566 ),
 ( #212, #6199 ),
 ( #6300, #4839 ),
 ( #3874, #3148 ),
 ( #5468, #8436 ),
 ( #7615, #4746 ),
 ( #6246, #9168 ),
 ( #1733, #2471 ),
 ( #2614, #164 ),
 ( #5420, #4695 ),
 ( #7659, #3248 ),
 ( #7718, #2516 ),
 ( #6985, #3338 ),
 ( #952, #3293 ),
 ( #3920, #8492 ),
 ( #999, #8387 ),
 ( #6887, #3969 ),
 ( #1051, #4019 ),
 ( #6839, #2422 ),
 ( #9216, #5518 ) ),
 .UNSPECIFIED., .F., .F., .F.,
 ( 4, 1, 1, 1, 1, 1, 1, 1, 1, 1, 1, 1, 1, 1, 1, 1, 1, 1, 1, 1, 1, 1, 1, 1, 1, 1, 1, 1, 1, 1, 1, 1, 1, 1, 1, 1, 1, 1, 1, 1, 1, 1, 1, 1, 1, 1, 1, 1, 1, 1, 1, 1, 1, 1, 4 ),
 ( 2, 2 ),
 ( 0.000000000000000000, 0.006185920264467958951, 0.006201962899188617762, 0.02441097605636066703, 0.02448136905349906911, 0.05370574164729757793, 0.05388345649501025125, 0.09253774940744008415, 0.09289034474279100895, 0.1389060332195525271, 0.1395093084148929519, 0.1904437008900515815, 0.1913742588137488099, 0.2445345556009104193, 0.2458629933516659483, 0.2984579075547033611, 0.3002380933255869300, 0.3495648249652612005, 0.3518114771965039633, 0.3954646363279898935, 0.3981158618259910131, 0.4341890767744073232, 0.4370593218643058497, 0.4643545367854605699, 0.4670784500627875868, 0.4855543320873982882, 0.4874746266155715047, 0.4999999999999998890, 0.5125253733844284953, 0.5144456679126014897, 0.5329215499372124132, 0.5356454632145392081, 0.5629406781356941503, 0.5658109232255925658, 0.6018841381740089869, 0.6045353636720098844, 0.6481885228034960367, 0.6504351750347385774, 0.6997619066744129590, 0.7015420924452964169, 0.7541370066483340517, 0.7554654443990894697, 0.8086257411862511901, 0.8095562991099481964, 0.8604906915851069371, 0.8610939667804473618, 0.9071096552572089911, 0.9074622505925598048, 0.9461165435049897487, 0.9462942583527023110, 0.9755186309465008199, 0.9755890239436393330, 0.9937980371008112712, 0.9938140797355321521, 1.000000000000000000 ),
 ( 0.000000000000000000, 1.000000000000000000 ),
 .UNSPECIFIED. ) ;
#8803 = CARTESIAN_POINT ( 'NONE',  ( 47.00000000000000000, 230.9268094518325540, -3.564198051132346112 ) ) ;
#8804 = CARTESIAN_POINT ( 'NONE',  ( 43.97682058470662270, 61.44371818057052792, 46.53284740717148082 ) ) ;
#8805 = B_SPLINE_CURVE_WITH_KNOTS ( 'NONE', 3,
 ( #7349, #5888, #2200, #3531, #9410, #2023, #8040, #5748, #1466, #7402, #8725, #3659, #4433, #2113, #2757, #5706, #596, #2066, #5022, #4298, #5074, #9504, #2848, #5794, #4678, #2247, #9641, #7492, #1667, #6666, #2979, #43, #6074, #6768, #6127, #192, #4629, #5931, #6029, #8904, #3798, #7547, #144, #9052, #2350, #2299, #5402, #5301, #9102, #8370, #3902, #2398, #7642, #2453, #3131, #1611, #5208, #7597, #8180, #5349, #931, #3177, #5982, #4577, #100, #9007, #6869, #8327, #4527, #1713, #1518, #3706, #8276, #3082 ),
 .UNSPECIFIED., .F., .F.,
 ( 4, 2, 2, 2, 2, 2, 2, 2, 2, 2, 2, 2, 2, 2, 2, 2, 2, 2, 2, 2, 2, 2, 2, 2, 2, 2, 2, 2, 2, 2, 2, 2, 2, 2, 2, 2, 4 ),
 ( 0.000000000000000000, 0.02678353601011115859, 0.04017530401516674482, 0.05356707202022231717, 0.06695884002527789647, 0.07365472402780573469, 0.08035060803033357291, 0.08704649203286141113, 0.09374237603538924934, 0.09709031803665317539, 0.1004382600379170737, 0.1012752455382330552, 0.1021122310385490228, 0.1037862020391811524, 0.1054601730398132819, 0.1062971585401293467, 0.1067156512902873722, 0.1069248976653663918, 0.1071341440404453976, 0.1073433904155244034, 0.1075526367906034370, 0.1079711295407613375, 0.1088081150410771386, 0.1104820860417089351, 0.1121560570423407038, 0.1129930425426566021, 0.1138300280429724726, 0.1171779700442362043, 0.1205259120454999361, 0.1272217960480272192, 0.1339176800505545162, 0.1406135640530817854, 0.1473094480556090824, 0.1607012160606636486, 0.1740929840657182148, 0.1874847520707727533, 0.2142682880808818024 ),
 .UNSPECIFIED. ) ;
#8806 = CARTESIAN_POINT ( 'NONE',  ( -33.17716150233879802, 36.58494384897174712, 32.58376914801011992 ) ) ;
#8807 = ORIENTED_EDGE ( 'NONE', *, *, #2341, .F. ) ;
#8808 = B_SPLINE_CURVE_WITH_KNOTS ( 'NONE', 3,
 ( #1687, #4793, #1878, #264 ),
 .UNSPECIFIED., .F., .F.,
 ( 4, 4 ),
 ( 0.01740447811742002610, 0.01776587260767739651 ),
 .UNSPECIFIED. ) ;
#8809 = ORIENTED_EDGE ( 'NONE', *, *, #1651, .F. ) ;
#8810 = CARTESIAN_POINT ( 'NONE',  ( -49.31902728797152236, 148.1781441586250878, -41.19064070390658827 ) ) ;
#8811 = EDGE_CURVE ( 'NONE', #7024, #4166, #299, .T. ) ;
#8812 = CARTESIAN_POINT ( 'NONE',  ( -38.00000000000000000, 58.00000000000000000, -24.00000000000000000 ) ) ;
#8813 = VERTEX_POINT ( 'NONE', #8426 ) ;
#8814 = CARTESIAN_POINT ( 'NONE',  ( -32.88046532517446963, 57.99999999999999289, -32.88046532517446963 ) ) ;
#8815 = CARTESIAN_POINT ( 'NONE',  ( -31.31356217171363099, 45.71524904810725332, 34.44736847863527629 ) ) ;
#8816 = EDGE_CURVE ( 'NONE', #6793, #748, #7749, .T. ) ;
#8817 = CARTESIAN_POINT ( 'NONE',  ( 30.12822377908831584, 54.97802726448587407, -35.63270687126060210 ) ) ;
#8818 = CARTESIAN_POINT ( 'NONE',  ( 27.72384869572452715, 155.3918562704960493, -41.61076682822088912 ) ) ;
#8819 = FACE_OUTER_BOUND ( 'NONE', #6389, .T. ) ;
#8820 = CARTESIAN_POINT ( 'NONE',  ( -39.91996775807772480, 130.9941881811295445, 50.58970023380036451 ) ) ;
#8821 = CARTESIAN_POINT ( 'NONE',  ( -25.51359495171287506, 157.6066838202880831, -40.24733569863606419 ) ) ;
#8822 = CARTESIAN_POINT ( 'NONE',  ( 40.15053420550686525, 101.0166046022987985, 25.61039644484208111 ) ) ;
#8823 = ORIENTED_EDGE ( 'NONE', *, *, #5263, .T. ) ;
#8824 = CARTESIAN_POINT ( 'NONE',  ( 32.49898569560906481, 37.17140469785621093, 33.26194495473987445 ) ) ;
#8825 = CARTESIAN_POINT ( 'NONE',  ( -28.75104949436352442, 66.80701258836774059, -37.00988115598541128 ) ) ;
#8826 = CARTESIAN_POINT ( 'NONE',  ( 45.04270196158307726, 52.00000000000000000, -45.46696603029501205 ) ) ;
#8827 = EDGE_CURVE ( 'NONE', #1507, #1373, #7427, .T. ) ;
#8828 = DIRECTION ( 'NONE',  ( 0.9694453498951388637, 0.000000000000000000, -0.2453073858788025474 ) ) ;
#8829 = ADVANCED_FACE ( 'NONE', ( #2504 ), #4685, .T. ) ;
#8830 = DIRECTION ( 'NONE',  ( 0.000000000000000000, 0.000000000000000000, -1.000000000000000000 ) ) ;
#8831 = CARTESIAN_POINT ( 'NONE',  ( -32.11329746821077435, 175.2086278155798880, -34.32022455349956402 ) ) ;
#8832 = CARTESIAN_POINT ( 'NONE',  ( 32.16823240588158228, 39.48056780803436538, -33.59269824446733566 ) ) ;
#8833 = PLANE ( 'NONE',  #6769 ) ;
#8834 = ORIENTED_EDGE ( 'NONE', *, *, #3059, .T. ) ;
#8835 = VERTEX_POINT ( 'NONE', #3954 ) ;
#8836 = CARTESIAN_POINT ( 'NONE',  ( -84.99999999999998579, 212.0000000000000000, 0.000000000000000000 ) ) ;
#8837 = CARTESIAN_POINT ( 'NONE',  ( -37.25696021647659251, 52.22473461303809472, 33.34895851616630580 ) ) ;
#8838 = CARTESIAN_POINT ( 'NONE',  ( 38.90225724876551539, 85.63114929373708151, 26.85867340158342742 ) ) ;
#8839 = EDGE_CURVE ( 'NONE', #214, #1577, #1275, .T. ) ;
#8840 = B_SPLINE_CURVE_WITH_KNOTS ( 'NONE', 3,
 ( #2689, #441, #7933, #9622, #3689 ),
 .UNSPECIFIED., .F., .F.,
 ( 4, 1, 4 ),
 ( 0.9437396062487697357, 0.9462942583527024221, 0.9752823015947369445 ),
 .UNSPECIFIED. ) ;
#8841 = CARTESIAN_POINT ( 'NONE',  ( -108.0000000000000142, 203.7731879320645305, -1.344733633374165738 ) ) ;
#8842 = DIRECTION ( 'NONE',  ( 0.5218651776778592266, -0.6747691995449354163, -0.5218651776778592266 ) ) ;
#8843 = ADVANCED_FACE ( 'NONE', ( #6927, #8113 ), #9309, .T. ) ;
#8844 = CARTESIAN_POINT ( 'NONE',  ( -41.74177417787063860, 85.62404022679615423, -48.76789381400747203 ) ) ;
#8845 = LINE ( 'NONE', #1362, #8082 ) ;
#8846 = CARTESIAN_POINT ( 'NONE',  ( 0.000000000000000000, 52.00000000000000000, 0.000000000000000000 ) ) ;
#8847 = VERTEX_POINT ( 'NONE', #7894 ) ;
#8848 = CARTESIAN_POINT ( 'NONE',  ( 34.08013314532964699, 43.01938834715430460, -31.68079750501926739 ) ) ;
#8849 = CARTESIAN_POINT ( 'NONE',  ( -25.38143704194891370, 0.000000000000000000, -38.96193852576618610 ) ) ;
#8850 = CARTESIAN_POINT ( 'NONE',  ( 108.0000000000000000, 211.2349972917179741, -1.554547180778681925 ) ) ;
#8851 = CARTESIAN_POINT ( 'NONE',  ( 44.99031566266480553, 52.44175755770030634, 45.51935232921329799 ) ) ;
#8852 = CARTESIAN_POINT ( 'NONE',  ( 49.99939933985894669, 161.3767734674762266, 0.2450829519018705716 ) ) ;
#8853 = AXIS2_PLACEMENT_3D ( 'NONE', #4684, #7648, #986 ) ;
#8854 = VERTEX_POINT ( 'NONE', #4875 ) ;
#8855 = ORIENTED_EDGE ( 'NONE', *, *, #6485, .T. ) ;
#8856 = CARTESIAN_POINT ( 'NONE',  ( -41.59764216673602277, 150.5005888525397495, -48.91202582514209496 ) ) ;
#8857 = FACE_OUTER_BOUND ( 'NONE', #8654, .T. ) ;
#8858 = ORIENTED_EDGE ( 'NONE', *, *, #3665, .T. ) ;
#8859 = LINE ( 'NONE', #7549, #1347 ) ;
#8860 = CARTESIAN_POINT ( 'NONE',  ( -40.11998767400631039, 112.7299032302373263, 50.38968031787177893 ) ) ;
#8861 = AXIS2_PLACEMENT_3D ( 'NONE', #8971, #1622, #112 ) ;
#8862 = CARTESIAN_POINT ( 'NONE',  ( 24.55371574811972479, 145.7020373835961777, -41.20721490222918959 ) ) ;
#8863 = CARTESIAN_POINT ( 'NONE',  ( 37.51035950843370159, 170.3790392359750001, -28.32114118801631975 ) ) ;
#8864 = DIRECTION ( 'NONE',  ( 0.000000000000000000, 0.000000000000000000, -1.000000000000000000 ) ) ;
#8865 = CARTESIAN_POINT ( 'NONE',  ( 42.02959319973481911, 110.0851088579697858, 27.08565407319159490 ) ) ;
#8866 = CARTESIAN_POINT ( 'NONE',  ( -43.97682058470661559, 61.44371818057052792, 46.53284740717148082 ) ) ;
#8867 = EDGE_CURVE ( 'NONE', #4737, #9062, #4559, .T. ) ;
#8868 = CARTESIAN_POINT ( 'NONE',  ( -40.11998767400632460, 112.7299032302373263, -50.38968031787179314 ) ) ;
#8869 = CARTESIAN_POINT ( 'NONE',  ( 41.06358789818639821, 116.6762642137271513, 24.69734275216253749 ) ) ;
#8870 = ORIENTED_EDGE ( 'NONE', *, *, #4376, .F. ) ;
#8871 = CARTESIAN_POINT ( 'NONE',  ( 40.41035066590497848, 58.00000000000000000, -24.00000000000000000 ) ) ;
#8872 = CARTESIAN_POINT ( 'NONE',  ( -48.14642419775779558, 153.8348667856812142, -42.36324379412032215 ) ) ;
#8873 = CARTESIAN_POINT ( 'NONE',  ( 46.56268880791238018, 157.2818685057020218, -43.94697918396571623 ) ) ;
#8874 = FACE_OUTER_BOUND ( 'NONE', #7831, .T. ) ;
#8875 = CARTESIAN_POINT ( 'NONE',  ( -45.57187448734443791, 52.88466077438591384, -44.93779350453367272 ) ) ;
#8876 = ADVANCED_FACE ( 'NONE', ( #448 ), #3695, .F. ) ;
#8877 = DIRECTION ( 'NONE',  ( -0.000000000000000000, -1.000000000000000000, -0.000000000000000000 ) ) ;
#8878 = CARTESIAN_POINT ( 'NONE',  ( 26.85867340158341321, 85.63114929373708151, -38.90225724876550117 ) ) ;
#8879 = DIRECTION ( 'NONE',  ( 0.000000000000000000, 0.000000000000000000, -1.000000000000000000 ) ) ;
#8880 = B_SPLINE_SURFACE_WITH_KNOTS ( 'NONE', 3, 1, ( 
 ( #2873, #8561 ),
 ( #9487, #1261 ),
 ( #4962, #8708 ),
 ( #8661, #2050 ),
 ( #7201, #9344 ),
 ( #2685, #8750 ),
 ( #7150, #2095 ),
 ( #5007, #7927 ),
 ( #4231, #5055 ),
 ( #7250, #581 ),
 ( #5631, #7883 ),
 ( #8026, #4142 ),
 ( #7105, #1903 ),
 ( #7972, #4185 ),
 ( #529, #2006 ),
 ( #8608, #1953 ),
 ( #1309, #1360 ),
 ( #4325, #1214 ),
 ( #7295, #3510 ),
 ( #481, #5733 ),
 ( #4861, #6473 ),
 ( #6417, #9390 ),
 ( #9446, #5873 ),
 ( #2331, #8066 ),
 ( #5286, #8258 ),
 ( #2920, #2184 ),
 ( #9584, #9626 ),
 ( #6699, #1407 ),
 ( #1450, #5961 ),
 ( #80, #1594 ),
 ( #7526, #2965 ),
 ( #4368, #4413 ),
 ( #29, #5828 ),
 ( #3064, #864 ),
 ( #4560, #5101 ),
 ( #2283, #6014 ),
 ( #3009, #8110 ),
 ( #7382, #8990 ),
 ( #8797, #3839 ),
 ( #6802, #7335 ),
 ( #1548, #3639 ),
 ( #129, #8890 ),
 ( #667, #724 ),
 ( #2231, #3692 ),
 ( #8162, #2143 ),
 ( #6607, #8844 ),
 ( #7432, #5144 ),
 ( #6652, #5917 ),
 ( #4511, #5190 ),
 ( #1501, #4465 ),
 ( #764, #5241 ),
 ( #3736, #8940 ),
 ( #8210, #6747 ),
 ( #7477, #813 ),
 ( #3782, #5433 ),
 ( #5386, #963 ),
 ( #7768, #8356 ) ),
 .UNSPECIFIED., .F., .F., .F.,
 ( 4, 1, 1, 1, 1, 1, 1, 1, 1, 1, 1, 1, 1, 1, 1, 1, 1, 1, 1, 1, 1, 1, 1, 1, 1, 1, 1, 1, 1, 1, 1, 1, 1, 1, 1, 1, 1, 1, 1, 1, 1, 1, 1, 1, 1, 1, 1, 1, 1, 1, 1, 1, 1, 1, 4 ),
 ( 2, 2 ),
 ( 0.000000000000000000, 0.006185920264467958951, 0.006201962899188617762, 0.02441097605636066703, 0.02448136905349906911, 0.05370574164729757793, 0.05388345649501025125, 0.09253774940744008415, 0.09289034474279100895, 0.1389060332195525271, 0.1395093084148929519, 0.1904437008900515815, 0.1913742588137488099, 0.2445345556009104193, 0.2458629933516659483, 0.2984579075547033611, 0.3002380933255869300, 0.3495648249652612005, 0.3518114771965039633, 0.3954646363279898935, 0.3981158618259910131, 0.4341890767744073232, 0.4370593218643058497, 0.4643545367854605699, 0.4670784500627875868, 0.4855543320873982882, 0.4874746266155715047, 0.4999999999999998890, 0.5125253733844284953, 0.5144456679126014897, 0.5329215499372124132, 0.5356454632145392081, 0.5629406781356941503, 0.5658109232255925658, 0.6018841381740089869, 0.6045353636720098844, 0.6481885228034960367, 0.6504351750347385774, 0.6997619066744129590, 0.7015420924452964169, 0.7541370066483340517, 0.7554654443990894697, 0.8086257411862511901, 0.8095562991099481964, 0.8604906915851069371, 0.8610939667804473618, 0.9071096552572089911, 0.9074622505925598048, 0.9461165435049897487, 0.9462942583527023110, 0.9755186309465008199, 0.9755890239436393330, 0.9937980371008112712, 0.9938140797355321521, 1.000000000000000000 ),
 ( 0.000000000000000000, 1.000000000000000000 ),
 .UNSPECIFIED. ) ;
#8881 = EDGE_CURVE ( 'NONE', #55, #8835, #9405, .T. ) ;
#8882 = VERTEX_POINT ( 'NONE', #6610 ) ;
#8883 = ORIENTED_EDGE ( 'NONE', *, *, #4012, .T. ) ;
#8884 = CARTESIAN_POINT ( 'NONE',  ( -49.93783009309770193, 143.4569695494772645, 40.57183789878038738 ) ) ;
#8885 = DIRECTION ( 'NONE',  ( 1.000000000000000000, 0.000000000000000000, 0.000000000000000000 ) ) ;
#8886 = CARTESIAN_POINT ( 'NONE',  ( 46.30576403225041560, 59.33385514974001751, 44.20390395962770214 ) ) ;
#8887 = CARTESIAN_POINT ( 'NONE',  ( 41.20721490222918959, 145.7020373835961493, 24.55371574811973545 ) ) ;
#8888 = CARTESIAN_POINT ( 'NONE',  ( 0.000000000000000000, 0.000000000000000000, 0.000000000000000000 ) ) ;
#8889 = CARTESIAN_POINT ( 'NONE',  ( -38.85551762620077909, 44.00000000000000000, 39.27978169491272098 ) ) ;
#8890 = CARTESIAN_POINT ( 'NONE',  ( -40.28617701406469109, 108.7025900201346644, -50.22349097781342664 ) ) ;
#8891 = CARTESIAN_POINT ( 'NONE',  ( 45.46696603029501915, 52.00000000000000000, 45.04270196158309147 ) ) ;
#8892 = CARTESIAN_POINT ( 'NONE',  ( 32.58376914801011281, 36.58494384897174712, -33.17716150233880512 ) ) ;
#8893 = CARTESIAN_POINT ( 'NONE',  ( 37.71505118860339678, 169.6705890994749666, 28.04587946174971691 ) ) ;
#8894 = VERTEX_POINT ( 'NONE', #7065 ) ;
#8895 = CARTESIAN_POINT ( 'NONE',  ( -39.91996775807772480, 130.9941881811295445, 50.58970023380036451 ) ) ;
#8896 = CARTESIAN_POINT ( 'NONE',  ( 41.46658174736684543, 131.8280114082709815, -24.29434890298207250 ) ) ;
#8897 = EDGE_CURVE ( 'NONE', #6007, #1639, #7842, .T. ) ;
#8898 = CARTESIAN_POINT ( 'NONE',  ( 41.45303252024856278, 89.40149471062305508, 49.05663547162955496 ) ) ;
#8899 = CARTESIAN_POINT ( 'NONE',  ( 49.87962192101903725, 230.4791400898401719, 3.467592938277081593 ) ) ;
#8900 = VERTEX_POINT ( 'NONE', #9356 ) ;
#8901 = ORIENTED_EDGE ( 'NONE', *, *, #2645, .T. ) ;
#8902 = CARTESIAN_POINT ( 'NONE',  ( -27.19834591289386694, 166.8763353538257945, -38.56258473745506166 ) ) ;
#8903 = FACE_OUTER_BOUND ( 'NONE', #7179, .T. ) ;
#8904 = CARTESIAN_POINT ( 'NONE',  ( -49.99870942633568660, 267.4651755866570966, 0.3634636607442721656 ) ) ;
#8905 = CARTESIAN_POINT ( 'NONE',  ( 108.0000000000000000, 204.9984294160720424, 1.407972151344734080 ) ) ;
#8906 = CARTESIAN_POINT ( 'NONE',  ( -29.67952824767894171, 58.70654625247946257, 36.08140240266996557 ) ) ;
#8907 = CARTESIAN_POINT ( 'NONE',  ( 42.78460399787551438, 155.3921848145515128, -47.72506399400257493 ) ) ;
#8908 = AXIS2_PLACEMENT_3D ( 'NONE', #817, #5391, #8213 ) ;
#8909 = CARTESIAN_POINT ( 'NONE',  ( 33.38057152442902975, 175.4851932568773236, -33.08734819499255764 ) ) ;
#8910 = EDGE_CURVE ( 'NONE', #6803, #1288, #96, .T. ) ;
#8911 = PLANE ( 'NONE',  #9562 ) ;
#8912 = CARTESIAN_POINT ( 'NONE',  ( 38.67037218050477065, 64.96805734563794488, 31.70475716768725860 ) ) ;
#8913 = CARTESIAN_POINT ( 'NONE',  ( -44.93779350453365851, 52.88466077438589963, 45.57187448734442370 ) ) ;
#8914 = CARTESIAN_POINT ( 'NONE',  ( -39.91996775807773901, 130.9941881811296014, -50.58970023380037162 ) ) ;
#8915 = CARTESIAN_POINT ( 'NONE',  ( 29.67952824767895237, 58.70654625247946967, 36.08140240266998688 ) ) ;
#8916 = ORIENTED_EDGE ( 'NONE', *, *, #1624, .F. ) ;
#8917 = DIRECTION ( 'NONE',  ( -0.000000000000000000, -1.000000000000000000, -0.000000000000000000 ) ) ;
#8918 = CARTESIAN_POINT ( 'NONE',  ( -50.64418028391641968, 124.0985968565961315, -39.86548770796169094 ) ) ;
#8919 = CARTESIAN_POINT ( 'NONE',  ( 47.31597781508198608, 69.12979561808754170, -43.19369017679610323 ) ) ;
#8920 = B_SPLINE_CURVE_WITH_KNOTS ( 'NONE', 3,
 ( #5300, #9349, #3374, #4774, #7692, #1030, #4148, #7056, #1813, #1960, #4191, #8566, #3419, #6375, #2496, #4723, #392, #5547, #5449, #6330, #7834, #4866, #2596, #8613, #338, #4921, #4821, #7157, #9197, #1760, #3275 ),
 .UNSPECIFIED., .F., .F.,
 ( 4, 1, 1, 1, 1, 1, 1, 1, 1, 1, 1, 1, 1, 1, 1, 1, 1, 1, 1, 1, 1, 1, 1, 1, 1, 1, 1, 1, 4 ),
 ( 0.000000000000000000, 0.006201962899188698426, 0.02448136905349916972, 0.05388345649501025819, 0.09289034474279105058, 0.1395093084148930351, 0.1913742588137488654, 0.2458629933516659483, 0.3002380933255869855, 0.3518114771965040188, 0.3981158618259910686, 0.4370593218643058497, 0.4670784500627876423, 0.4874746266155715047, 0.5000000000000000000, 0.5125253733844284953, 0.5329215499372124132, 0.5629406781356941503, 0.6018841381740089869, 0.6481885228034960367, 0.6997619066744130700, 0.7541370066483340517, 0.8086257411862511901, 0.8604906915851070481, 0.9071096552572089911, 0.9461165435049897487, 0.9755186309465009309, 0.9937980371008113822, 1.000000000000000000 ),
 .UNSPECIFIED. ) ;
#8921 = CARTESIAN_POINT ( 'NONE',  ( -38.67929575223223537, 65.05334878492654127, 31.69400693055770546 ) ) ;
#8922 = CARTESIAN_POINT ( 'NONE',  ( -40.79466709084002218, 111.3121957717727071, -24.96626355950891352 ) ) ;
#8923 = CIRCLE ( 'NONE', #538, 46.69999999999999574 ) ;
#8924 = CARTESIAN_POINT ( 'NONE',  ( -30.58808547364828456, 174.0370018940717785, -35.68568161601063338 ) ) ;
#8925 = VECTOR ( 'NONE', #7322, 1000.000000000000114 ) ;
#8926 = CARTESIAN_POINT ( 'NONE',  ( 40.68351489493348083, 100.9687423887486943, -49.82615309694460137 ) ) ;
#8927 = DIRECTION ( 'NONE',  ( -0.8660254037844383745, 0.000000000000000000, 0.5000000000000004441 ) ) ;
#8928 = VERTEX_POINT ( 'NONE', #6655 ) ;
#8929 = AXIS2_PLACEMENT_3D ( 'NONE', #1052, #312, #9217 ) ;
#8930 = CARTESIAN_POINT ( 'NONE',  ( -50.38968031787177893, 112.7299032302373121, 40.11998767400631039 ) ) ;
#8931 = DIRECTION ( 'NONE',  ( -0.8660254037844388186, 0.000000000000000000, -0.4999999999999998335 ) ) ;
#8932 = CARTESIAN_POINT ( 'NONE',  ( 40.79466709084002218, 111.3121957717727071, 24.96626355950891352 ) ) ;
#8933 = CARTESIAN_POINT ( 'NONE',  ( 35.63270687126060210, 54.97802726448587407, 30.12822377908832649 ) ) ;
#8934 = EDGE_CURVE ( 'NONE', #6929, #6006, #2696, .T. ) ;
#8935 = CARTESIAN_POINT ( 'NONE',  ( -35.77960312803929810, 176.0000000000000000, 29.98132752230961628 ) ) ;
#8936 = VECTOR ( 'NONE', #7976, 1000.000000000000000 ) ;
#8937 = AXIS2_PLACEMENT_3D ( 'NONE', #5844, #2978, #5793 ) ;
#8938 = LINE ( 'NONE', #1547, #1969 ) ;
#8939 = EDGE_CURVE ( 'NONE', #1417, #9618, #4154, .T. ) ;
#8940 = CARTESIAN_POINT ( 'NONE',  ( -44.20390395962769503, 59.33385514974001751, -46.30576403225040849 ) ) ;
#8941 = B_SPLINE_CURVE_WITH_KNOTS ( 'NONE', 3,
 ( #7877, #7822, #4181, #476 ),
 .UNSPECIFIED., .F., .F.,
 ( 4, 4 ),
 ( 0.002524831283748947032, 0.003124831283748952943 ),
 .UNSPECIFIED. ) ;
#8942 = CARTESIAN_POINT ( 'NONE',  ( 46.30576403225041560, 59.33385514974001751, 44.20390395962770214 ) ) ;
#8943 = VECTOR ( 'NONE', #7313, 1000.000000000000000 ) ;
#8944 = CARTESIAN_POINT ( 'NONE',  ( 44.99031566266479132, 52.44175755770031344, -45.51935232921329089 ) ) ;
#8945 = CARTESIAN_POINT ( 'NONE',  ( -39.82026051515520493, 127.6151589264297428, 50.68940747672288438 ) ) ;
#8946 = CARTESIAN_POINT ( 'NONE',  ( -50.38968031787179314, 112.7299032302373263, -40.11998767400631749 ) ) ;
#8947 = EDGE_LOOP ( 'NONE', ( #3960, #5399, #6097, #4910, #2443, #8151, #5757, #5922, #7606 ) ) ;
#8948 = VECTOR ( 'NONE', #7655, 1000.000000000000114 ) ;
#8949 = CARTESIAN_POINT ( 'NONE',  ( -49.93783009309770193, 143.4569695494772645, 40.57183789878038738 ) ) ;
#8950 = CARTESIAN_POINT ( 'NONE',  ( 25.10761244709872031, 153.6225640485288011, -40.65331820325020118 ) ) ;
#8951 = AXIS2_PLACEMENT_3D ( 'NONE', #6746, #7431, #8063 ) ;
#8952 = CARTESIAN_POINT ( 'NONE',  ( -25.16506350946109194, 39.50000000000000000, 38.58716857408418832 ) ) ;
#8953 = VECTOR ( 'NONE', #4043, 1000.000000000000000 ) ;
#8954 = CARTESIAN_POINT ( 'NONE',  ( 49.99605955947365743, 267.1415919407882598, -0.6321145146380618973 ) ) ;
#8955 = ORIENTED_EDGE ( 'NONE', *, *, #3476, .F. ) ;
#8956 = PRODUCT_RELATED_PRODUCT_CATEGORY ( 'detail', '', ( #274 ) ) ;
#8957 = ORIENTED_EDGE ( 'NONE', *, *, #7294, .F. ) ;
#8958 = CARTESIAN_POINT ( 'NONE',  ( -47.88935570772444805, 75.23276251545789250, -42.62031228415366968 ) ) ;
#8959 = DIRECTION ( 'NONE',  ( -0.2923717047227364918, 0.000000000000000000, 0.9563047559630355465 ) ) ;
#8960 = DIRECTION ( 'NONE',  ( -0.9088295457203461325, -0.4171676603306506692, 0.000000000000000000 ) ) ;
#8961 = FACE_OUTER_BOUND ( 'NONE', #6265, .T. ) ;
#8962 = CARTESIAN_POINT ( 'NONE',  ( -32.88046532517444120, 176.5866740378391739, 32.88046532517448384 ) ) ;
#8963 = CARTESIAN_POINT ( 'NONE',  ( 40.15053420550684393, 101.0166046022987985, -25.61039644484207400 ) ) ;
#8964 = CARTESIAN_POINT ( 'NONE',  ( 28.63349660291754617, 171.0675929918521376, -37.27138604942377498 ) ) ;
#8965 = CARTESIAN_POINT ( 'NONE',  ( 28.04587946176250313, 73.51205123985398870, 37.71505118858642902 ) ) ;
#8966 = CARTESIAN_POINT ( 'NONE',  ( 34.12743092666633515, 172.0212866422740206, 36.54327006474362349 ) ) ;
#8967 = CARTESIAN_POINT ( 'NONE',  ( -24.29434890298206540, 131.8280114082709815, 41.46658174736685254 ) ) ;
#8968 = CARTESIAN_POINT ( 'NONE',  ( -39.86548770796169094, 124.0985968565961741, -50.64418028391641258 ) ) ;
#8969 = CARTESIAN_POINT ( 'NONE',  ( 44.20390395962770214, 59.33385514974001751, 46.30576403225040849 ) ) ;
#8970 = EDGE_LOOP ( 'NONE', ( #8337, #462 ) ) ;
#8971 = CARTESIAN_POINT ( 'NONE',  ( 42.61937471484798579, 35.50000000000000000, -18.09085124905337238 ) ) ;
#8972 = CARTESIAN_POINT ( 'NONE',  ( -32.49898569560905770, 37.17140469785623935, -33.26194495473988155 ) ) ;
#8973 = ORIENTED_EDGE ( 'NONE', *, *, #380, .T. ) ;
#8974 = CARTESIAN_POINT ( 'NONE',  ( 50.38968031787177893, 112.7299032302373263, -40.11998767400631749 ) ) ;
#8975 = CARTESIAN_POINT ( 'NONE',  ( -39.64092262454941107, 75.12883906526531064, 30.48270409063766451 ) ) ;
#8976 = CARTESIAN_POINT ( 'NONE',  ( -38.56258473745505455, 166.8763353538258514, -27.19834591289388470 ) ) ;
#8977 = ADVANCED_FACE ( 'NONE', ( #6336 ), #8674, .F. ) ;
#8978 = CARTESIAN_POINT ( 'NONE',  ( 0.000000000000000000, 268.0000000000000000, 0.000000000000000000 ) ) ;
#8979 = CARTESIAN_POINT ( 'NONE',  ( 42.32202566649796438, 78.60787726850114154, -48.18764232538012493 ) ) ;
#8980 = VERTEX_POINT ( 'NONE', #1453 ) ;
#8981 = CARTESIAN_POINT ( 'NONE',  ( -34.68057595339048049, 175.3233815820528605, 31.08035469695843389 ) ) ;
#8982 = VERTEX_POINT ( 'NONE', #3642 ) ;
#8983 = ORIENTED_EDGE ( 'NONE', *, *, #6759, .T. ) ;
#8984 = CARTESIAN_POINT ( 'NONE',  ( -40.57183789878038027, 143.4569695494772930, 49.93783009309771614 ) ) ;
#8985 = PERSON_AND_ORGANIZATION_ROLE ( 'creator' ) ;
#8986 = CARTESIAN_POINT ( 'NONE',  ( 34.81447876247082718, 48.51213425699024384, 30.94645188787810852 ) ) ;
#8987 = CARTESIAN_POINT ( 'NONE',  ( 28.50815149135656767, 171.2031378497270850, 37.25277915899236092 ) ) ;
#8988 = CARTESIAN_POINT ( 'NONE',  ( -47.00000000000000000, 230.9268094518325825, -3.564198051132346112 ) ) ;
#8989 = CARTESIAN_POINT ( 'NONE',  ( -43.41654570485090403, 340.0000000000000000, -18.00000000000000000 ) ) ;
#8990 = CARTESIAN_POINT ( 'NONE',  ( -39.91996775807773901, 130.9941881811296014, -50.58970023380037162 ) ) ;
#8991 = ORIENTED_EDGE ( 'NONE', *, *, #6800, .T. ) ;
#8992 = CARTESIAN_POINT ( 'NONE',  ( 37.00988115598541128, 66.80701258836774059, 28.75104949436352797 ) ) ;
#8993 = CARTESIAN_POINT ( 'NONE',  ( 39.91748297430892478, 120.2343318316845853, -50.59218501756916453 ) ) ;
#8994 = CARTESIAN_POINT ( 'NONE',  ( -41.98910179518573926, 82.37800232306901194, 48.52056619669235005 ) ) ;
#8995 = CARTESIAN_POINT ( 'NONE',  ( -37.24544781882602962, 68.33317738998533741, -28.67738453376403029 ) ) ;
#8996 = EDGE_CURVE ( 'NONE', #7180, #7214, #9516, .T. ) ;
#8997 = ORIENTED_EDGE ( 'NONE', *, *, #5418, .F. ) ;
#8998 = CARTESIAN_POINT ( 'NONE',  ( -26.85867340158341321, 85.63114929373708151, 38.90225724876551539 ) ) ;
#8999 = CARTESIAN_POINT ( 'NONE',  ( 41.38727259838148598, 126.6764942988443892, -24.37365805196743551 ) ) ;
#9000 = CARTESIAN_POINT ( 'NONE',  ( 35.39129625148687808, 52.00000000000000000, 30.70442763092030347 ) ) ;
#9001 = CARTESIAN_POINT ( 'NONE',  ( 49.99613229384484470, 170.2797061193489014, 0.9115933601265097108 ) ) ;
#9002 = ORIENTED_EDGE ( 'NONE', *, *, #8939, .T. ) ;
#9003 = EDGE_CURVE ( 'NONE', #1586, #95, #5331, .T. ) ;
#9004 = ORIENTED_EDGE ( 'NONE', *, *, #393, .F. ) ;
#9005 = CARTESIAN_POINT ( 'NONE',  ( -32.88046532517444831, 176.5866740378391455, -32.88046532517448384 ) ) ;
#9006 = CARTESIAN_POINT ( 'NONE',  ( 48.15397179880387313, 157.9999999999999716, -42.35569619307420908 ) ) ;
#9007 = CARTESIAN_POINT ( 'NONE',  ( -49.88600874798373042, 223.6091354691474749, 3.374880170636908705 ) ) ;
#9008 = DIRECTION ( 'NONE',  ( -0.000000000000000000, 1.000000000000000000, -0.000000000000000000 ) ) ;
#9009 = CARTESIAN_POINT ( 'NONE',  ( -34.68057595339048049, 175.3233815820528605, 31.08035469695843389 ) ) ;
#9010 = CARTESIAN_POINT ( 'NONE',  ( 31.08035469695842679, 175.3233815820528605, -34.68057595339048760 ) ) ;
#9011 = CARTESIAN_POINT ( 'NONE',  ( 33.79063506663601402, 175.4114255477894915, -32.66844815590996376 ) ) ;
#9012 = EDGE_CURVE ( 'NONE', #3112, #1896, #5921, .T. ) ;
#9013 = CARTESIAN_POINT ( 'NONE',  ( 32.98532786528268446, 54.99999999999999289, -37.57616459432502865 ) ) ;
#9014 = CARTESIAN_POINT ( 'NONE',  ( 42.49951656549597345, 125.2144882378439235, 26.34014186967824500 ) ) ;
#9015 = CARTESIAN_POINT ( 'NONE',  ( -41.19064070390658827, 148.1781441586251447, -49.31902728797152236 ) ) ;
#9016 = CARTESIAN_POINT ( 'NONE',  ( 25.10761244709873452, 153.6225640485288011, 40.65331820325020118 ) ) ;
#9017 = VERTEX_POINT ( 'NONE', #2752 ) ;
#9018 = CARTESIAN_POINT ( 'NONE',  ( 44.99031566266480553, 52.44175755770030634, 45.51935232921329799 ) ) ;
#9019 = CARTESIAN_POINT ( 'NONE',  ( -34.08013314532966120, 43.01938834715441118, 31.68079750501924607 ) ) ;
#9020 = ORIENTED_EDGE ( 'NONE', *, *, #7383, .F. ) ;
#9021 = CARTESIAN_POINT ( 'NONE',  ( 41.06358789818639110, 116.6762642137271371, -24.69734275216253394 ) ) ;
#9022 = AXIS2_PLACEMENT_3D ( 'NONE', #8376, #401, #1913 ) ;
#9023 = CARTESIAN_POINT ( 'NONE',  ( -26.83766949384072120, 147.8619356179256670, 42.18719615595154693 ) ) ;
#9024 = CARTESIAN_POINT ( 'NONE',  ( -36.08140240266998688, 58.70654625247947678, -29.67952824767895947 ) ) ;
#9025 = CARTESIAN_POINT ( 'NONE',  ( -50.22349097781342664, 108.7025900201346644, -40.28617701406468399 ) ) ;
#9026 = CARTESIAN_POINT ( 'NONE',  ( 43.47092483188746570, 66.31954352124841989, -47.03874315999062361 ) ) ;
#9027 = CARTESIAN_POINT ( 'NONE',  ( -30.12822377908831228, 54.97802726448587407, 35.63270687126059499 ) ) ;
#9028 = ORIENTED_EDGE ( 'NONE', *, *, #8667, .T. ) ;
#9029 = ORIENTED_EDGE ( 'NONE', *, *, #2708, .T. ) ;
#9030 = CARTESIAN_POINT ( 'NONE',  ( -41.06358789818638400, 116.6762642137271797, 24.69734275216252684 ) ) ;
#9031 =( NAMED_UNIT ( * ) SI_UNIT ( $, .STERADIAN. ) SOLID_ANGLE_UNIT ( ) );
#9032 = CARTESIAN_POINT ( 'NONE',  ( 44.73292201045924799, 54.62836855260160718, 45.77674598141886264 ) ) ;
#9033 = CARTESIAN_POINT ( 'NONE',  ( 41.59764216673602277, 150.5005888525397211, 48.91202582514209496 ) ) ;
#9034 = CARTESIAN_POINT ( 'NONE',  ( -47.00000000000000000, 160.9181783982463969, -0.3183282180949054685 ) ) ;
#9035 = CARTESIAN_POINT ( 'NONE',  ( -34.03994575403819312, 45.29474480594071650, -36.21980700434896505 ) ) ;
#9036 = CARTESIAN_POINT ( 'NONE',  ( 0.000000000000000000, 30.00000000000000000, -46.50000000000000000 ) ) ;
#9037 = ORIENTED_EDGE ( 'NONE', *, *, #8166, .T. ) ;
#9038 = DIRECTION ( 'NONE',  ( -0.000000000000000000, -1.000000000000000000, -0.000000000000000000 ) ) ;
#9039 = CARTESIAN_POINT ( 'NONE',  ( 40.28617701406466978, 108.7025900201346644, -50.22349097781341243 ) ) ;
#9040 = CARTESIAN_POINT ( 'NONE',  ( -34.94075078326840611, 38.38965361115108976, -34.51648671455647843 ) ) ;
#9041 = CARTESIAN_POINT ( 'NONE',  ( -40.24733569863605709, 157.6066838202881399, -25.51359495171287861 ) ) ;
#9042 = VERTEX_POINT ( 'NONE', #8165 ) ;
#9043 = CARTESIAN_POINT ( 'NONE',  ( -30.94645188787809786, 48.51213425699024384, 34.81447876247082007 ) ) ;
#9044 = CARTESIAN_POINT ( 'NONE',  ( 35.63270687126059499, 54.97802726448586697, -30.12822377908831939 ) ) ;
#9045 = B_SPLINE_CURVE_WITH_KNOTS ( 'NONE', 3,
 ( #3162, #7531, #1654, #3739, #4565, #4615, #8994, #133, #2286, #6018, #8945, #2441, #7585, #85, #1703, #916, #2336, #3843, #6702, #3787, #5290, #1505, #6112, #6855, #4664, #5965, #7480, #869, #5245, #9087, #3115 ),
 .UNSPECIFIED., .F., .F.,
 ( 4, 1, 1, 1, 1, 1, 1, 1, 1, 1, 1, 1, 1, 1, 1, 1, 1, 1, 1, 1, 1, 1, 1, 1, 1, 1, 1, 1, 4 ),
 ( 0.000000000000000000, 0.006201962899188698426, 0.02448136905349916972, 0.05388345649501025819, 0.09289034474279105058, 0.1395093084148930351, 0.1913742588137488654, 0.2458629933516659483, 0.3002380933255869855, 0.3518114771965040188, 0.3981158618259910686, 0.4370593218643058497, 0.4670784500627876423, 0.4874746266155715047, 0.5000000000000000000, 0.5125253733844284953, 0.5329215499372124132, 0.5629406781356941503, 0.6018841381740089869, 0.6481885228034960367, 0.6997619066744130700, 0.7541370066483340517, 0.8086257411862511901, 0.8604906915851070481, 0.9071096552572089911, 0.9461165435049897487, 0.9755186309465009309, 0.9937980371008113822, 1.000000000000000000 ),
 .UNSPECIFIED. ) ;
#9046 = DIRECTION ( 'NONE',  ( -0.8660254037844384856, 0.000000000000000000, 0.5000000000000004441 ) ) ;
#9047 = CARTESIAN_POINT ( 'NONE',  ( -32.98532786528268446, 54.99999999999999289, -37.57616459432502154 ) ) ;
#9048 = ORIENTED_EDGE ( 'NONE', *, *, #5489, .F. ) ;
#9049 = EDGE_LOOP ( 'NONE', ( #7897, #4083, #7372, #6459 ) ) ;
#9050 = DIRECTION ( 'NONE',  ( 0.6971651028545647888, 0.000000000000000000, 0.7169106076504824232 ) ) ;
#9051 = LINE ( 'NONE', #2397, #6131 ) ;
#9052 = CARTESIAN_POINT ( 'NONE',  ( -49.99290417736661851, 266.7832322974787189, 0.8553904657148883039 ) ) ;
#9053 = CARTESIAN_POINT ( 'NONE',  ( -26.71506350946111752, 275.0000000000000000, -41.27184732581592641 ) ) ;
#9054 = CARTESIAN_POINT ( 'NONE',  ( -46.53284740717146661, 61.44371818057052792, 43.97682058470661559 ) ) ;
#9055 = EDGE_CURVE ( 'NONE', #7441, #5506, #5701, .T. ) ;
#9056 = CARTESIAN_POINT ( 'NONE',  ( 50.58970023380035741, 130.9941881811296014, -39.91996775807773901 ) ) ;
#9057 = CARTESIAN_POINT ( 'NONE',  ( 35.26586455547442966, 174.4941600914046376, -31.07117060069390035 ) ) ;
#9058 = CARTESIAN_POINT ( 'NONE',  ( 34.35490803650080949, 41.14839227088494766, -35.48620448978828534 ) ) ;
#9059 = CARTESIAN_POINT ( 'NONE',  ( 42.38377953709491663, 120.1731893915939651, 26.52597244525781406 ) ) ;
#9060 = DIRECTION ( 'NONE',  ( 1.000000000000000000, -0.000000000000000000, -0.000000000000000000 ) ) ;
#9061 = CARTESIAN_POINT ( 'NONE',  ( 41.59764216673602277, 150.5005888525397211, 48.91202582514209496 ) ) ;
#9062 = VERTEX_POINT ( 'NONE', #7942 ) ;
#9063 = CARTESIAN_POINT ( 'NONE',  ( -26.89765380023358432, 148.7199520483055437, -42.14932971709629328 ) ) ;
#9064 = CARTESIAN_POINT ( 'NONE',  ( -44.73292201045924799, 54.62836855260157876, -45.77674598141885554 ) ) ;
#9065 = EDGE_LOOP ( 'NONE', ( #1062, #1043 ) ) ;
#9066 = CARTESIAN_POINT ( 'NONE',  ( 40.33924585287350340, 140.4589426390626272, -50.17042213900458592 ) ) ;
#9067 = CARTESIAN_POINT ( 'NONE',  ( -29.27444961139821800, 162.7673015036350250, 40.53643829274133736 ) ) ;
#9068 = AXIS2_PLACEMENT_3D ( 'NONE', #2968, #4929, #4197 ) ;
#9069 = CARTESIAN_POINT ( 'NONE',  ( -49.31902728797152236, 148.1781441586250878, -41.19064070390658827 ) ) ;
#9070 = CARTESIAN_POINT ( 'NONE',  ( -41.38727259838149308, 126.6764942988443892, -24.37365805196743551 ) ) ;
#9071 = CARTESIAN_POINT ( 'NONE',  ( 41.36857510098818125, 141.0186408901463722, -24.39235554936074024 ) ) ;
#9072 = CARTESIAN_POINT ( 'NONE',  ( -40.28617701406467688, 108.7025900201346644, 50.22349097781341243 ) ) ;
#9073 = EDGE_LOOP ( 'NONE', ( #2016, #9148 ) ) ;
#9074 = ORIENTED_EDGE ( 'NONE', *, *, #1236, .T. ) ;
#9075 = CARTESIAN_POINT ( 'NONE',  ( -39.75138694003533857, 95.69680212022358035, 26.00954371031357582 ) ) ;
#9076 = PERSON_AND_ORGANIZATION ( #910, #3334 ) ;
#9077 = CARTESIAN_POINT ( 'NONE',  ( 32.58376914801012703, 36.58494384897174712, 33.17716150233881223 ) ) ;
#9078 = CARTESIAN_POINT ( 'NONE',  ( 33.59269824446734987, 39.48056780803440091, 32.16823240588158939 ) ) ;
#9079 = CARTESIAN_POINT ( 'NONE',  ( 28.82478188321189805, 90.27506426512253768, 40.86045618393086443 ) ) ;
#9080 = EDGE_CURVE ( 'NONE', #3250, #6098, #1276, .T. ) ;
#9081 = VECTOR ( 'NONE', #2039, 1000.000000000000114 ) ;
#9082 = CARTESIAN_POINT ( 'NONE',  ( 0.000000000000000000, 275.0000000000000000, 0.000000000000000000 ) ) ;
#9083 = DIRECTION ( 'NONE',  ( 0.000000000000000000, 1.000000000000000000, 0.000000000000000000 ) ) ;
#9084 = VERTEX_POINT ( 'NONE', #7435 ) ;
#9085 = CARTESIAN_POINT ( 'NONE',  ( 41.45303252024856278, 89.40149471062305508, 49.05663547162955496 ) ) ;
#9086 = CARTESIAN_POINT ( 'NONE',  ( 41.45303252024854146, 89.40149471062304087, -49.05663547162954075 ) ) ;
#9087 = CARTESIAN_POINT ( 'NONE',  ( -45.51948818842613775, 52.44290321668560750, 44.99017980345195156 ) ) ;
#9088 = CARTESIAN_POINT ( 'NONE',  ( -28.26772415252453996, 71.28898199371604960, -37.49320649782439574 ) ) ;
#9089 = VECTOR ( 'NONE', #6073, 1000.000000000000114 ) ;
#9090 = VERTEX_POINT ( 'NONE', #1598 ) ;
#9091 = CARTESIAN_POINT ( 'NONE',  ( -47.72506399400256782, 155.3921848145514844, 42.78460399787552149 ) ) ;
#9092 = CARTESIAN_POINT ( 'NONE',  ( 40.01567615761507568, 134.5090890707682831, -50.49399183426302073 ) ) ;
#9093 = VECTOR ( 'NONE', #4725, 999.9999999999998863 ) ;
#9094 = CARTESIAN_POINT ( 'NONE',  ( -37.19206485550474639, 171.3537213828242898, 28.56886579484415734 ) ) ;
#9095 = CIRCLE ( 'NONE', #1964, 46.50000000000000000 ) ;
#9096 = CARTESIAN_POINT ( 'NONE',  ( 49.99939933985893248, 161.3767734674762266, -0.2450829519018705716 ) ) ;
#9097 = CIRCLE ( 'NONE', #6612, 46.99996213765929554 ) ;
#9098 = ORIENTED_EDGE ( 'NONE', *, *, #3124, .F. ) ;
#9099 = ORIENTED_EDGE ( 'NONE', *, *, #5186, .F. ) ;
#9100 = CARTESIAN_POINT ( 'NONE',  ( 31.86944620052008759, 42.89533936217837606, 33.89148444982885877 ) ) ;
#9101 = DIRECTION ( 'NONE',  ( 0.8660254037844387076, 0.000000000000000000, 0.4999999999999997780 ) ) ;
#9102 = CARTESIAN_POINT ( 'NONE',  ( -49.96485920632036937, 263.6146457134313437, 1.875484831726210277 ) ) ;
#9103 = VECTOR ( 'NONE', #1806, 1000.000000000000000 ) ;
#9104 = CARTESIAN_POINT ( 'NONE',  ( 45.27309784010298443, 39.50000000000000000, -11.45585492054007837 ) ) ;
#9105 = CARTESIAN_POINT ( 'NONE',  ( -50.38968031787177893, 112.7299032302373121, 40.11998767400631039 ) ) ;
#9106 = AXIS2_PLACEMENT_3D ( 'NONE', #4881, #7850, #6535 ) ;
#9107 = CARTESIAN_POINT ( 'NONE',  ( -36.22026865339365997, 45.29752987678865139, -34.03970758276494735 ) ) ;
#9108 = CARTESIAN_POINT ( 'NONE',  ( -44.73292201045923377, 54.62836855260158586, 45.77674598141885554 ) ) ;
#9109 = CARTESIAN_POINT ( 'NONE',  ( 32.88046532517448384, 176.0000000000000000, -32.88046532517444831 ) ) ;
#9110 = EDGE_CURVE ( 'NONE', #6428, #1700, #178, .T. ) ;
#9111 = LINE ( 'NONE', #344, #2819 ) ;
#9112 = LINE ( 'NONE', #2460, #8447 ) ;
#9113 = CARTESIAN_POINT ( 'NONE',  ( 40.33924585287351761, 140.4589426390626556, 50.17042213900459302 ) ) ;
#9114 = ORIENTED_EDGE ( 'NONE', *, *, #9354, .F. ) ;
#9115 = CARTESIAN_POINT ( 'NONE',  ( -29.03846933654885376, 161.8315952542133687, -40.70381606865159085 ) ) ;
#9116 = CARTESIAN_POINT ( 'NONE',  ( 38.00000000000000000, 58.00000000000000000, -21.00000000000000000 ) ) ;
#9117 = EDGE_CURVE ( 'NONE', #3171, #5313, #9045, .T. ) ;
#9118 = ORIENTED_EDGE ( 'NONE', *, *, #798, .T. ) ;
#9119 = CARTESIAN_POINT ( 'NONE',  ( -108.0000000000000000, 215.4299438917482519, 1.470248844514087772 ) ) ;
#9120 = CARTESIAN_POINT ( 'NONE',  ( -26.24179909868676219, 135.2892170286769442, 42.56023145310031452 ) ) ;
#9121 = CARTESIAN_POINT ( 'NONE',  ( -38.43390449649705687, 80.61020279584469961, 27.32702615385185752 ) ) ;
#9122 = CARTESIAN_POINT ( 'NONE',  ( -48.14642419775779558, 153.8348667856812142, -42.36324379412032215 ) ) ;
#9123 = CARTESIAN_POINT ( 'NONE',  ( 0.000000000000000000, 335.0000000000000000, 0.000000000000000000 ) ) ;
#9124 = CARTESIAN_POINT ( 'NONE',  ( -32.58376914801011281, 36.58494384897175422, 33.17716150233880512 ) ) ;
#9125 = ORIENTED_EDGE ( 'NONE', *, *, #4554, .F. ) ;
#9126 = ORIENTED_EDGE ( 'NONE', *, *, #1502, .T. ) ;
#9127 = CARTESIAN_POINT ( 'NONE',  ( 34.51648671455647843, 38.38965361115110397, 34.94075078326841322 ) ) ;
#9128 = DATE_AND_TIME ( #4069, #7524 ) ;
#9129 = CARTESIAN_POINT ( 'NONE',  ( 30.94645188787811207, 48.51213425699023674, 34.81447876247082718 ) ) ;
#9130 = CARTESIAN_POINT ( 'NONE',  ( 26.85867340158342387, 85.63114929373708151, 38.90225724876550828 ) ) ;
#9131 = EDGE_CURVE ( 'NONE', #4315, #854, #1145, .T. ) ;
#9132 = CARTESIAN_POINT ( 'NONE',  ( 29.71275661871213103, 164.2458856828350804, 40.21452035317366125 ) ) ;
#9133 = CARTESIAN_POINT ( 'NONE',  ( 37.57616459432502154, 54.99999999999999289, -32.98532786528269156 ) ) ;
#9134 = LINE ( 'NONE', #2482, #7062 ) ;
#9135 = ORIENTED_EDGE ( 'NONE', *, *, #8827, .T. ) ;
#9136 = CARTESIAN_POINT ( 'NONE',  ( 24.96626355950891352, 111.3121957717727071, 40.79466709084002218 ) ) ;
#9137 = EDGE_CURVE ( 'NONE', #4042, #5171, #6806, .T. ) ;
#9138 = CARTESIAN_POINT ( 'NONE',  ( 49.82615309694460137, 100.9687423887486943, -40.68351489493349504 ) ) ;
#9139 = CARTESIAN_POINT ( 'NONE',  ( -40.41035066590497848, 263.0000000000000000, -24.00000000000000000 ) ) ;
#9140 = CARTESIAN_POINT ( 'NONE',  ( -24.37365805196744262, 126.6764942988443892, -41.38727259838150019 ) ) ;
#9141 = EDGE_LOOP ( 'NONE', ( #3474, #6996, #945, #3922 ) ) ;
#9142 = CARTESIAN_POINT ( 'NONE',  ( -41.46658174736684543, 131.8280114082709815, 24.29434890298207605 ) ) ;
#9143 = CARTESIAN_POINT ( 'NONE',  ( 45.92619372941036460, 55.93620152028918113, -44.58347426246772471 ) ) ;
#9144 = EDGE_CURVE ( 'NONE', #3227, #7572, #8263, .T. ) ;
#9145 = PLANE ( 'NONE',  #1032 ) ;
#9146 = CARTESIAN_POINT ( 'NONE',  ( 33.78038696514496309, 175.4143508792199668, 32.67905511574194577 ) ) ;
#9147 = CARTESIAN_POINT ( 'NONE',  ( -26.00954371031357582, 95.69680212022356613, 39.75138694003534567 ) ) ;
#9148 = ORIENTED_EDGE ( 'NONE', *, *, #7383, .T. ) ;
#9149 = CARTESIAN_POINT ( 'NONE',  ( -40.68351489493350215, 100.9687423887486943, -49.82615309694460848 ) ) ;
#9150 = CARTESIAN_POINT ( 'NONE',  ( -28.67738455632922623, 68.33317720493137415, -37.24544780204595185 ) ) ;
#9151 = CARTESIAN_POINT ( 'NONE',  ( 30.80394296248341846, 51.99999999999999289, 35.45918685583342267 ) ) ;
#9152 = CARTESIAN_POINT ( 'NONE',  ( -36.04734683592365485, 57.99999999999997868, -29.85456570832522871 ) ) ;
#9153 = CARTESIAN_POINT ( 'NONE',  ( -40.65331820325018697, 153.6225640485288011, 25.10761244709872742 ) ) ;
#9154 = CARTESIAN_POINT ( 'NONE',  ( 45.57187448734443791, 52.88466077438589963, 44.93779350453366561 ) ) ;
#9155 = CARTESIAN_POINT ( 'NONE',  ( -39.91748297430892478, 120.2343318316846421, 50.59218501756915742 ) ) ;
#9156 = CARTESIAN_POINT ( 'NONE',  ( 34.15368864456461750, 43.91141705726553113, 35.98550691814760683 ) ) ;
#9157 = DIRECTION ( 'NONE',  ( 0.000000000000000000, 0.000000000000000000, -1.000000000000000000 ) ) ;
#9158 = DIRECTION ( 'NONE',  ( 0.000000000000000000, 1.000000000000000000, 0.000000000000000000 ) ) ;
#9159 = ORIENTED_EDGE ( 'NONE', *, *, #8246, .F. ) ;
#9160 = DIRECTION ( 'NONE',  ( -0.7071067811865474617, 0.000000000000000000, 0.7071067811865474617 ) ) ;
#9161 = DIRECTION ( 'NONE',  ( 0.000000000000000000, -1.000000000000000000, 0.000000000000000000 ) ) ;
#9162 = ORIENTED_EDGE ( 'NONE', *, *, #6393, .T. ) ;
#9163 = CARTESIAN_POINT ( 'NONE',  ( -108.0000000000000000, 212.2520230457143668, -1.564538599336978475 ) ) ;
#9164 = CARTESIAN_POINT ( 'NONE',  ( -40.34597417626342519, 163.6450384062735850, 29.53380614872382992 ) ) ;
#9165 = CARTESIAN_POINT ( 'NONE',  ( -33.09259735953042281, 35.99999999999999289, 32.66833329081849513 ) ) ;
#9166 = EDGE_CURVE ( 'NONE', #3091, #450, #3068, .T. ) ;
#9167 = CARTESIAN_POINT ( 'NONE',  ( -49.05663547162955496, 89.40149471062304087, -41.45303252024855567 ) ) ;
#9168 = CARTESIAN_POINT ( 'NONE',  ( 49.58005470913413859, 96.97051065983893636, -40.92961328274395783 ) ) ;
#9169 = AXIS2_PLACEMENT_3D ( 'NONE', #7283, #9378, #5722 ) ;
#9170 = CARTESIAN_POINT ( 'NONE',  ( -28.75104949436351376, 66.80701258836774059, 37.00988115598539707 ) ) ;
#9171 = VERTEX_POINT ( 'NONE', #9040 ) ;
#9172 = ORIENTED_EDGE ( 'NONE', *, *, #7529, .T. ) ;
#9173 = CARTESIAN_POINT ( 'NONE',  ( 38.43390449649707108, 80.61020279584469961, 27.32702615385186462 ) ) ;
#9174 = PERSON_AND_ORGANIZATION_ROLE ( 'classification_officer' ) ;
#9175 = CARTESIAN_POINT ( 'NONE',  ( 42.32202566649796438, 78.60787726850114154, 48.18764232538012493 ) ) ;
#9176 = CARTESIAN_POINT ( 'NONE',  ( 44.93779350453366561, 52.88466077438591384, 45.57187448734443080 ) ) ;
#9177 = CARTESIAN_POINT ( 'NONE',  ( 30.48270409063731989, 75.12883906526809596, 39.64092262454965976 ) ) ;
#9178 = ADVANCED_FACE ( 'NONE', ( #2386, #5336 ), #8312, .F. ) ;
#9179 = CARTESIAN_POINT ( 'NONE',  ( 41.06358789818639110, 116.6762642137271371, -24.69734275216253394 ) ) ;
#9180 = AXIS2_PLACEMENT_3D ( 'NONE', #5094, #8017, #2725 ) ;
#9181 = LINE ( 'NONE', #7525, #8616 ) ;
#9182 = EDGE_CURVE ( 'NONE', #7441, #5677, #6902, .T. ) ;
#9183 = CARTESIAN_POINT ( 'NONE',  ( 34.80028685661176979, 38.39089156305787753, -34.65886550037446057 ) ) ;
#9184 = VERTEX_POINT ( 'NONE', #6170 ) ;
#9185 = CARTESIAN_POINT ( 'NONE',  ( 50.58970023380037162, 130.9941881811295445, 39.91996775807773901 ) ) ;
#9186 = CARTESIAN_POINT ( 'NONE',  ( 47.88935570772442674, 75.23276251545792093, -42.62031228415365547 ) ) ;
#9187 = LINE ( 'NONE', #1848, #5954 ) ;
#9188 = CARTESIAN_POINT ( 'NONE',  ( -48.91202582514209496, 150.5005888525396927, -41.59764216673601567 ) ) ;
#9189 = VERTEX_POINT ( 'NONE', #9139 ) ;
#9190 = CARTESIAN_POINT ( 'NONE',  ( -45.92619372941035749, 55.93620152028918824, 44.58347426246772471 ) ) ;
#9191 = FACE_OUTER_BOUND ( 'NONE', #814, .T. ) ;
#9192 = CARTESIAN_POINT ( 'NONE',  ( 46.43274706497560089, 0.000000000000000000, -2.500000000000000000 ) ) ;
#9193 = CARTESIAN_POINT ( 'NONE',  ( 49.91081243920805122, 210.2605929492160328, -2.988384256040502507 ) ) ;
#9194 = CARTESIAN_POINT ( 'NONE',  ( -48.14642419775778137, 153.8348667856811858, 42.36324379412031504 ) ) ;
#9195 = EDGE_LOOP ( 'NONE', ( #3340, #7140, #5044, #1240 ) ) ;
#9196 = CARTESIAN_POINT ( 'NONE',  ( -5.740046074382442853, 35.50000000000000000, 46.74892374230628178 ) ) ;
#9197 = CARTESIAN_POINT ( 'NONE',  ( 44.78285603231768874, 54.19120085711175960, 45.72681195956042188 ) ) ;
#9198 = DIRECTION ( 'NONE',  ( 0.000000000000000000, -1.000000000000000000, 0.000000000000000000 ) ) ;
#9199 = CARTESIAN_POINT ( 'NONE',  ( 35.77960312803931942, 176.0000000000000000, 29.98132752230962694 ) ) ;
#9200 = EDGE_CURVE ( 'NONE', #8854, #8882, #2486, .T. ) ;
#9201 = CARTESIAN_POINT ( 'NONE',  ( -35.77960312803930520, 94.50000000000000000, 29.98132752230961984 ) ) ;
#9202 = CARTESIAN_POINT ( 'NONE',  ( -21.05131002302671916, 0.000000000000000000, -41.46193852576619321 ) ) ;
#9203 = CARTESIAN_POINT ( 'NONE',  ( -36.46736499287371203, 173.1609393494194364, 29.29356565747520236 ) ) ;
#9204 = CARTESIAN_POINT ( 'NONE',  ( 29.33832445349480977, 63.16230265228912799, -36.72941495113135346 ) ) ;
#9205 = FACE_OUTER_BOUND ( 'NONE', #2166, .T. ) ;
#9206 = PLANE ( 'NONE',  #2266 ) ;
#9207 = ORIENTED_EDGE ( 'NONE', *, *, #7835, .T. ) ;
#9208 = CARTESIAN_POINT ( 'NONE',  ( -27.14520631302988818, 151.2543003863566184, -41.99181708300331195 ) ) ;
#9209 = CARTESIAN_POINT ( 'NONE',  ( 41.00000000000000000, 57.99999999999999289, -21.00000000000000000 ) ) ;
#9210 = ORIENTED_EDGE ( 'NONE', *, *, #9343, .T. ) ;
#9211 = CARTESIAN_POINT ( 'NONE',  ( -108.0000000000000000, 188.1420704083295448, -0.1644803745078677881 ) ) ;
#9212 = CARTESIAN_POINT ( 'NONE',  ( -33.48841238800439868, 171.5561179699346042, 37.12955697798660992 ) ) ;
#9213 = CARTESIAN_POINT ( 'NONE',  ( -33.26194495473986024, 37.17140469785621093, 32.49898569560905770 ) ) ;
#9214 = ADVANCED_FACE ( 'NONE', ( #2583 ), #1749, .T. ) ;
#9215 = CARTESIAN_POINT ( 'NONE',  ( -33.59269824446734276, 39.48056780803436538, -32.16823240588159649 ) ) ;
#9216 = CARTESIAN_POINT ( 'NONE',  ( 33.09259735953042281, 36.00000000000000000, -32.66833329081849513 ) ) ;
#9217 = DIRECTION ( 'NONE',  ( 0.000000000000000000, 0.000000000000000000, -1.000000000000000000 ) ) ;
#9218 = ORIENTED_EDGE ( 'NONE', *, *, #8344, .T. ) ;
#9219 = ORIENTED_EDGE ( 'NONE', *, *, #9533, .T. ) ;
#9220 = CARTESIAN_POINT ( 'NONE',  ( 35.63270687126060210, 54.97802726448587407, 30.12822377908832649 ) ) ;
#9221 = APPROVAL_ROLE ( '' ) ;
#9222 = CARTESIAN_POINT ( 'NONE',  ( -36.04734682555448444, 57.99999999144424123, 29.85456569809203486 ) ) ;
#9223 = CARTESIAN_POINT ( 'NONE',  ( 46.59833688019348585, 145.5000000000000000, 52.39661248592317833 ) ) ;
#9224 = VECTOR ( 'NONE', #6458, 1000.000000000000000 ) ;
#9225 = AXIS2_PLACEMENT_3D ( 'NONE', #7693, #443, #1962 ) ;
#9226 = CARTESIAN_POINT ( 'NONE',  ( 46.98823194100207701, 211.8612434714030144, 1.050000000000000044 ) ) ;
#9227 = CARTESIAN_POINT ( 'NONE',  ( 43.41654570485090403, 58.00000000000000000, -18.00000000000000000 ) ) ;
#9228 = CIRCLE ( 'NONE', #5036, 47.10000000000000142 ) ;
#9229 = CARTESIAN_POINT ( 'NONE',  ( -33.21332013504368774, 268.0000000000000000, -35.61692526885358490 ) ) ;
#9230 = ORIENTED_EDGE ( 'NONE', *, *, #1754, .T. ) ;
#9231 = CARTESIAN_POINT ( 'NONE',  ( 34.68057595339050891, 175.3233815820528605, 31.08035469695842679 ) ) ;
#9232 = CARTESIAN_POINT ( 'NONE',  ( 108.0000000000000000, 188.1420704083295163, 0.1644803745078677881 ) ) ;
#9233 = CARTESIAN_POINT ( 'NONE',  ( 49.58005470913413859, 96.97051065983893636, -40.92961328274395783 ) ) ;
#9234 = ADVANCED_FACE ( 'NONE', ( #4034 ), #4856, .T. ) ;
#9235 = DIRECTION ( 'NONE',  ( 0.000000000000000000, -1.000000000000000000, 0.000000000000000000 ) ) ;
#9236 = CARTESIAN_POINT ( 'NONE',  ( -40.57183789878039448, 143.4569695494772930, -49.93783009309771614 ) ) ;
#9237 = ORIENTED_EDGE ( 'NONE', *, *, #2469, .F. ) ;
#9238 = CARTESIAN_POINT ( 'NONE',  ( -50.58970023380035741, 130.9941881811295445, 39.91996775807773190 ) ) ;
#9239 = CARTESIAN_POINT ( 'NONE',  ( 45.46696603029500494, 52.00000000000000000, -45.04270196158308437 ) ) ;
#9240 = CIRCLE ( 'NONE', #692, 47.10000000000000853 ) ;
#9241 = EDGE_CURVE ( 'NONE', #7618, #5019, #5484, .T. ) ;
#9242 = CARTESIAN_POINT ( 'NONE',  ( 0.000000000000000000, 340.0000000000000000, 0.000000000000000000 ) ) ;
#9243 = CARTESIAN_POINT ( 'NONE',  ( 30.35687700220167429, 173.7877746191157371, 35.88229713838119039 ) ) ;
#9244 = VECTOR ( 'NONE', #1967, 1000.000000000000114 ) ;
#9245 = CARTESIAN_POINT ( 'NONE',  ( -37.49320649782438153, 71.28898199371604960, 28.26772415252452575 ) ) ;
#9246 = VECTOR ( 'NONE', #6083, 1000.000000000000114 ) ;
#9247 = EDGE_CURVE ( 'NONE', #7721, #954, #9187, .T. ) ;
#9248 = ORIENTED_EDGE ( 'NONE', *, *, #9533, .F. ) ;
#9249 = VECTOR ( 'NONE', #2454, 1000.000000000000227 ) ;
#9250 = CARTESIAN_POINT ( 'NONE',  ( -22.38493649053892298, 264.0000000000000000, -43.77184732581592641 ) ) ;
#9251 = CARTESIAN_POINT ( 'NONE',  ( 32.06415701506293914, 42.79827236540384661, -33.69677363528600722 ) ) ;
#9252 = CARTESIAN_POINT ( 'NONE',  ( 0.000000000000000000, 39.50000000000000000, 0.000000000000000000 ) ) ;
#9253 = DIRECTION ( 'NONE',  ( 0.000000000000000000, -1.000000000000000000, 0.000000000000000000 ) ) ;
#9254 = VECTOR ( 'NONE', #3434, 1000.000000000000000 ) ;
#9255 = CARTESIAN_POINT ( 'NONE',  ( -29.77058309641641287, 57.99999999999999289, -35.99034755393252283 ) ) ;
#9256 = CIRCLE ( 'NONE', #1966, 48.70000000000000284 ) ;
#9257 = CARTESIAN_POINT ( 'NONE',  ( -27.32702615385185396, 80.61020279584469961, 38.43390449649707108 ) ) ;
#9258 = DIRECTION ( 'NONE',  ( -0.4171676603306507247, -0.9088295457203462435, 0.000000000000000000 ) ) ;
#9259 = EDGE_CURVE ( 'NONE', #5506, #7109, #1208, .T. ) ;
#9260 = AXIS2_PLACEMENT_3D ( 'NONE', #7423, #756, #4456 ) ;
#9261 = CARTESIAN_POINT ( 'NONE',  ( 30.50535599246782681, 52.00000000784751109, -35.25557465788109113 ) ) ;
#9262 = FACE_OUTER_BOUND ( 'NONE', #5269, .T. ) ;
#9263 = ORIENTED_EDGE ( 'NONE', *, *, #580, .T. ) ;
#9264 = LINE ( 'NONE', #255, #3220 ) ;
#9265 = LINE ( 'NONE', #4011, #7542 ) ;
#9266 = ORIENTED_EDGE ( 'NONE', *, *, #7995, .T. ) ;
#9267 = CARTESIAN_POINT ( 'NONE',  ( -108.0000000000000000, 188.1420704083295163, 0.1644803745078677881 ) ) ;
#9268 = AXIS2_PLACEMENT_3D ( 'NONE', #317, #3299, #7035 ) ;
#9269 = CARTESIAN_POINT ( 'NONE',  ( 84.99999999999998579, 212.0000000000000000, 0.000000000000000000 ) ) ;
#9270 = CARTESIAN_POINT ( 'NONE',  ( -49.31902728797149393, 148.1781441586250878, 41.19064070390658117 ) ) ;
#9271 = CARTESIAN_POINT ( 'NONE',  ( -27.19834591289386694, 166.8763353538257945, -38.56258473745506166 ) ) ;
#9272 = CARTESIAN_POINT ( 'NONE',  ( 5.694607616035192278E-15, 42.00000000000000000, 46.50000000000000000 ) ) ;
#9273 = DIRECTION ( 'NONE',  ( 0.000000000000000000, -1.000000000000000000, 0.000000000000000000 ) ) ;
#9274 = ORIENTED_EDGE ( 'NONE', *, *, #4365, .F. ) ;
#9275 = VERTEX_POINT ( 'NONE', #3408 ) ;
#9276 = CARTESIAN_POINT ( 'NONE',  ( 47.88935570772444805, 75.23276251545793514, 42.62031228415367679 ) ) ;
#9277 = PERSON_AND_ORGANIZATION ( #910, #3334 ) ;
#9278 = CARTESIAN_POINT ( 'NONE',  ( -47.03874315999063072, 66.31954352124841989, -43.47092483188748702 ) ) ;
#9279 = DIRECTION ( 'NONE',  ( 0.000000000000000000, 1.000000000000000000, 0.000000000000000000 ) ) ;
#9280 = EDGE_CURVE ( 'NONE', #3595, #4934, #5581, .T. ) ;
#9281 = CARTESIAN_POINT ( 'NONE',  ( 46.30576403225039428, 59.33385514974001751, -44.20390395962768793 ) ) ;
#9282 = CARTESIAN_POINT ( 'NONE',  ( 31.30007401323353733, 168.5816071364968138, -38.99282277377408690 ) ) ;
#9283 = CARTESIAN_POINT ( 'NONE',  ( -20.83493649053890096, 35.50000000000000000, 41.08716857408418832 ) ) ;
#9284 = ORIENTED_EDGE ( 'NONE', *, *, #3414, .T. ) ;
#9285 = CARTESIAN_POINT ( 'NONE',  ( 50.59218501756917163, 120.2343318316846421, 39.91748297430894610 ) ) ;
#9286 = CARTESIAN_POINT ( 'NONE',  ( 108.0000000000000142, 216.5326798399412382, 1.397826202467195467 ) ) ;
#9287 = EDGE_LOOP ( 'NONE', ( #5831, #6942, #4864, #560 ) ) ;
#9288 = CARTESIAN_POINT ( 'NONE',  ( 41.59764216673600146, 150.5005888525396927, -48.91202582514208075 ) ) ;
#9289 = DIRECTION ( 'NONE',  ( -0.5000000000000004441, 0.000000000000000000, -0.8660254037844383745 ) ) ;
#9290 = CARTESIAN_POINT ( 'NONE',  ( 30.80394296248330122, 52.00000000000000000, -35.45918685583350083 ) ) ;
#9291 = ORIENTED_EDGE ( 'NONE', *, *, #2668, .T. ) ;
#9292 = DIRECTION ( 'NONE',  ( -1.000000000000000000, 0.000000000000000000, 0.000000000000000000 ) ) ;
#9293 = B_SPLINE_CURVE_WITH_KNOTS ( 'NONE', 3,
 ( #4008, #8995, #5291, #3788 ),
 .UNSPECIFIED., .F., .F.,
 ( 4, 4 ),
 ( 0.000000000000000000, 0.01571456849098217673 ),
 .UNSPECIFIED. ) ;
#9294 = LINE ( 'NONE', #6323, #8145 ) ;
#9295 = CARTESIAN_POINT ( 'NONE',  ( 37.50420821734692822, 170.3776853043387405, 28.32786105134594834 ) ) ;
#9296 = EDGE_CURVE ( 'NONE', #1663, #3295, #1379, .T. ) ;
#9297 = CARTESIAN_POINT ( 'NONE',  ( -32.88046532517446252, 176.7803523830567940, -32.88046532517447673 ) ) ;
#9298 = CARTESIAN_POINT ( 'NONE',  ( -37.25277915899234671, 171.2031378497270850, 28.50815149135656412 ) ) ;
#9299 = ORIENTED_EDGE ( 'NONE', *, *, #7118, .F. ) ;
#9300 = DIRECTION ( 'NONE',  ( 0.000000000000000000, 0.000000000000000000, -1.000000000000000000 ) ) ;
#9301 = CARTESIAN_POINT ( 'NONE',  ( -28.04587946176250313, 73.51205704305240829, -37.71505118858642902 ) ) ;
#9302 = CARTESIAN_POINT ( 'NONE',  ( -26.16506350946109194, 264.0000000000000000, 40.31921938165306329 ) ) ;
#9303 = CYLINDRICAL_SURFACE ( 'NONE', #8478, 46.99996213765929554 ) ;
#9304 = CARTESIAN_POINT ( 'NONE',  ( 47.03874315999062361, 66.31954352124843410, 43.47092483188747281 ) ) ;
#9305 = ADVANCED_FACE ( 'NONE', ( #1016 ), #4180, .F. ) ;
#9306 = CARTESIAN_POINT ( 'NONE',  ( -32.49898569560905059, 37.17140469785623225, 33.26194495473987445 ) ) ;
#9307 = EDGE_CURVE ( 'NONE', #3829, #1492, #325, .T. ) ;
#9308 = CARTESIAN_POINT ( 'NONE',  ( 0.000000000000000000, 30.00000000000000000, 0.000000000000000000 ) ) ;
#9309 = PLANE ( 'NONE',  #676 ) ;
#9310 = DIRECTION ( 'NONE',  ( -1.000000000000000000, 0.000000000000000000, 0.000000000000000000 ) ) ;
#9311 = VERTEX_POINT ( 'NONE', #377 ) ;
#9312 = CARTESIAN_POINT ( 'NONE',  ( -45.92619372941037881, 55.93620152028918824, -44.58347426246772471 ) ) ;
#9313 = B_SPLINE_CURVE_WITH_KNOTS ( 'NONE', 3,
 ( #3896, #3366, #8413, #1709, #7592, #7782, #3168, #9243, #1117, #4088, #5542, #8366, #3225, #8513, #5398, #5444, #385, #2541, #4672, #9146, #2492, #1756, #7683, #1662, #1853, #4816, #6324, #5491, #3996, #6962, #287, #9295, #1807, #4624 ),
 .UNSPECIFIED., .F., .F.,
 ( 4, 2, 2, 2, 2, 2, 2, 2, 2, 2, 2, 2, 2, 2, 2, 2, 4 ),
 ( 0.000000000000000000, 0.002341570909608369812, 0.003512356364412552983, 0.004683141819216735287, 0.005853927274020918892, 0.007024712728825101629, 0.008195498183629284367, 0.008780890911031357521, 0.009366283638433432410, 0.009951676365835505564, 0.01053706909323757872, 0.01170785454804169727, 0.01287864000284583144, 0.01404942545764996387, 0.01639099636725822873, 0.01756178182206236116, 0.01873256727686649359 ),
 .UNSPECIFIED. ) ;
#9314 = LINE ( 'NONE', #8483, #862 ) ;
#9315 = ORIENTED_EDGE ( 'NONE', *, *, #421, .F. ) ;
#9316 = CARTESIAN_POINT ( 'NONE',  ( 29.85456570832522161, 58.00000000000002132, -36.04734683592364775 ) ) ;
#9317 = PLANE ( 'NONE',  #3048 ) ;
#9318 = CARTESIAN_POINT ( 'NONE',  ( -41.46658174736684543, 131.8280114082709815, 24.29434890298207605 ) ) ;
#9319 = CARTESIAN_POINT ( 'NONE',  ( -40.33924585287351761, 140.4589426390626556, -50.17042213900459302 ) ) ;
#9320 = FACE_OUTER_BOUND ( 'NONE', #3840, .T. ) ;
#9321 = CARTESIAN_POINT ( 'NONE',  ( 32.49898569560906481, 37.17140469785621093, 33.26194495473987445 ) ) ;
#9322 = EDGE_LOOP ( 'NONE', ( #1053, #9370 ) ) ;
#9323 = ORIENTED_EDGE ( 'NONE', *, *, #2552, .T. ) ;
#9324 = CARTESIAN_POINT ( 'NONE',  ( 49.58005470913413859, 96.97051065983893636, 40.92961328274396493 ) ) ;
#9325 = SECURITY_CLASSIFICATION_LEVEL ( 'unclassified' ) ;
#9326 = CARTESIAN_POINT ( 'NONE',  ( 43.20000000000000284, 200.0000000000000000, -18.00000000000000000 ) ) ;
#9327 = CARTESIAN_POINT ( 'NONE',  ( 43.19369017679611034, 69.12979561808752749, 47.31597781508200029 ) ) ;
#9328 = CARTESIAN_POINT ( 'NONE',  ( 50.17042213900457881, 140.4589426390626556, -40.33924585287350340 ) ) ;
#9329 = CARTESIAN_POINT ( 'NONE',  ( 35.91078380663273606, 172.3257622397563580, -34.79250474474996224 ) ) ;
#9330 = AXIS2_PLACEMENT_3D ( 'NONE', #8888, #3007, #2228 ) ;
#9331 = CARTESIAN_POINT ( 'NONE',  ( -52.39661248592317122, 145.5000000000000000, 46.59833688019348585 ) ) ;
#9332 = VERTEX_POINT ( 'NONE', #8406 ) ;
#9333 = CARTESIAN_POINT ( 'NONE',  ( -45.72681195956042188, 54.19120085711175960, -44.78285603231768874 ) ) ;
#9334 = CARTESIAN_POINT ( 'NONE',  ( 47.00000000000000000, 230.9268094518326109, 3.564198051132347000 ) ) ;
#9335 = ORIENTED_EDGE ( 'NONE', *, *, #6961, .F. ) ;
#9336 = CARTESIAN_POINT ( 'NONE',  ( 49.93783009309770904, 143.4569695494772930, -40.57183789878038027 ) ) ;
#9337 = DIRECTION ( 'NONE',  ( 1.000000000000000000, 0.000000000000000000, 0.000000000000000000 ) ) ;
#9338 = CARTESIAN_POINT ( 'NONE',  ( -34.51648671455649264, 38.38965361115111108, -34.94075078326842032 ) ) ;
#9339 = ORIENTED_EDGE ( 'NONE', *, *, #3550, .F. ) ;
#9340 = CARTESIAN_POINT ( 'NONE',  ( -47.00000000000000000, 265.6562804570706930, 1.950454484879274419 ) ) ;
#9341 = VECTOR ( 'NONE', #2824, 1000.000000000000000 ) ;
#9342 = CARTESIAN_POINT ( 'NONE',  ( 46.98823194100208411, 212.2774503087923961, 1.050000000000000044 ) ) ;
#9343 = EDGE_CURVE ( 'NONE', #1054, #9017, #4509, .T. ) ;
#9344 = CARTESIAN_POINT ( 'NONE',  ( -45.92619372941037881, 55.93620152028918824, -44.58347426246772471 ) ) ;
#9345 = CARTESIAN_POINT ( 'NONE',  ( 32.66833329081848802, 35.99999999999999289, -33.09259735953042991 ) ) ;
#9346 = CARTESIAN_POINT ( 'NONE',  ( -49.82615309694459427, 100.9687423887486943, 40.68351489493349504 ) ) ;
#9347 = EDGE_LOOP ( 'NONE', ( #5742, #3885, #7762, #3450 ) ) ;
#9348 = DIRECTION ( 'NONE',  ( -1.000000000000000000, 0.000000000000000000, -0.000000000000000000 ) ) ;
#9349 = CARTESIAN_POINT ( 'NONE',  ( 45.51948818842615196, 52.44290321668560750, 44.99017980345195866 ) ) ;
#9350 = DIRECTION ( 'NONE',  ( 0.8660254037844387076, 0.000000000000000000, 0.4999999999999997780 ) ) ;
#9351 = DIRECTION ( 'NONE',  ( -0.8660254037844387076, 0.000000000000000000, -0.4999999999999997224 ) ) ;
#9352 = CARTESIAN_POINT ( 'NONE',  ( 32.88046532517448384, 176.5866740378391739, 32.88046532517445542 ) ) ;
#9353 = CARTESIAN_POINT ( 'NONE',  ( -47.88935570772442674, 75.23276251545790672, 42.62031228415365547 ) ) ;
#9354 = EDGE_CURVE ( 'NONE', #4517, #7327, #7676, .T. ) ;
#9355 = ORIENTED_EDGE ( 'NONE', *, *, #7328, .T. ) ;
#9356 = CARTESIAN_POINT ( 'NONE',  ( 0.000000000000000000, 42.00000000000000000, 46.44757944331641397 ) ) ;
#9357 = CARTESIAN_POINT ( 'NONE',  ( 44.93779350453366561, 52.88466077438591384, 45.57187448734443080 ) ) ;
#9358 = ORIENTED_EDGE ( 'NONE', *, *, #8520, .F. ) ;
#9359 = FACE_OUTER_BOUND ( 'NONE', #8970, .T. ) ;
#9360 = EDGE_CURVE ( 'NONE', #6957, #3590, #1306, .T. ) ;
#9361 = CARTESIAN_POINT ( 'NONE',  ( -22.38493649053892298, 264.0000000000000000, -43.77184732581592641 ) ) ;
#9362 = ORIENTED_EDGE ( 'NONE', *, *, #5432, .T. ) ;
#9363 = LINE ( 'NONE', #1920, #4144 ) ;
#9364 = DIRECTION ( 'NONE',  ( -0.000000000000000000, 1.000000000000000000, -0.000000000000000000 ) ) ;
#9365 = DIRECTION ( 'NONE',  ( -0.8660254037844384856, 0.000000000000000000, 0.5000000000000004441 ) ) ;
#9366 = FACE_OUTER_BOUND ( 'NONE', #7562, .T. ) ;
#9367 = CARTESIAN_POINT ( 'NONE',  ( -108.0000000000000000, 188.0000000000000000, -0.1499999999999999944 ) ) ;
#9368 = CARTESIAN_POINT ( 'NONE',  ( 32.16823240588159649, 39.48056780803435828, 33.59269824446734276 ) ) ;
#9369 = VERTEX_POINT ( 'NONE', #9383 ) ;
#9370 = ORIENTED_EDGE ( 'NONE', *, *, #7935, .T. ) ;
#9371 = CARTESIAN_POINT ( 'NONE',  ( 50.64418028391641968, 124.0985968565961883, 39.86548770796169094 ) ) ;
#9372 = CARTESIAN_POINT ( 'NONE',  ( -50.00020022165055877, 161.3771410853478585, -0.08169497157945891652 ) ) ;
#9373 = FACE_OUTER_BOUND ( 'NONE', #7346, .T. ) ;
#9374 = CARTESIAN_POINT ( 'NONE',  ( 0.000000000000000000, 275.0000000000000000, 0.000000000000000000 ) ) ;
#9375 = CARTESIAN_POINT ( 'NONE',  ( 28.15541547932470223, 157.8790455269185031, -41.31997436740005725 ) ) ;
#9376 = DIRECTION ( 'NONE',  ( 2.664535259100376091E-15, 0.000000000000000000, 1.000000000000000000 ) ) ;
#9377 = ORIENTED_EDGE ( 'NONE', *, *, #3640, .T. ) ;
#9378 = DIRECTION ( 'NONE',  ( 1.000000000000000000, 0.000000000000000000, 0.000000000000000000 ) ) ;
#9379 = ADVANCED_FACE ( 'NONE', ( #2534 ), #2726, .F. ) ;
#9380 = CARTESIAN_POINT ( 'NONE',  ( 47.00000000000000711, 160.4585312546849707, 0.2841225884134122026 ) ) ;
#9381 = VERTEX_POINT ( 'NONE', #1065 ) ;
#9382 = CARTESIAN_POINT ( 'NONE',  ( 46.53284740717146661, 61.44371818057052792, -43.97682058470661559 ) ) ;
#9383 = CARTESIAN_POINT ( 'NONE',  ( -22.05269856716356003, 275.0000000000000000, 43.19639436232870366 ) ) ;
#9384 = CARTESIAN_POINT ( 'NONE',  ( 0.000000000000000000, 0.000000000000000000, 0.000000000000000000 ) ) ;
#9385 = VERTEX_POINT ( 'NONE', #2678 ) ;
#9386 = ADVANCED_FACE ( 'NONE', ( #5625 ), #6215, .T. ) ;
#9387 = CARTESIAN_POINT ( 'NONE',  ( -47.00000000000000000, 269.1626897086180179, -0.8761597236124033516 ) ) ;
#9388 = AXIS2_PLACEMENT_3D ( 'NONE', #7145, #7821, #8452 ) ;
#9389 = CARTESIAN_POINT ( 'NONE',  ( -31.45444816953543565, 46.00849753284912680, -34.61057804017210771 ) ) ;
#9390 = CARTESIAN_POINT ( 'NONE',  ( -50.17042213900460013, 140.4589426390626272, -40.33924585287351761 ) ) ;
#9391 = CARTESIAN_POINT ( 'NONE',  ( 32.49898569560905059, 37.17140469785621093, -33.26194495473986734 ) ) ;
#9392 = CARTESIAN_POINT ( 'NONE',  ( -30.80394296248340069, 52.00000000000000000, 35.45918685583340135 ) ) ;
#9393 = ORIENTED_EDGE ( 'NONE', *, *, #3700, .T. ) ;
#9394 = FACE_OUTER_BOUND ( 'NONE', #6042, .T. ) ;
#9395 = CARTESIAN_POINT ( 'NONE',  ( -37.13655121719912700, 35.50000000000000000, -27.98439857657022856 ) ) ;
#9396 = CARTESIAN_POINT ( 'NONE',  ( 29.67952824767894526, 58.70654625247947678, -36.08140240266997978 ) ) ;
#9397 = CARTESIAN_POINT ( 'NONE',  ( 107.9999999999999858, 191.0383283497592117, -0.4443020421252298902 ) ) ;
#9398 = EDGE_CURVE ( 'NONE', #4612, #470, #6647, .T. ) ;
#9399 = AXIS2_PLACEMENT_3D ( 'NONE', #6256, #1593, #6950 ) ;
#9400 = CARTESIAN_POINT ( 'NONE',  ( 37.25277915899236092, 171.2031378497270282, 28.50815149135656767 ) ) ;
#9401 = AXIS2_PLACEMENT_3D ( 'NONE', #3212, #7672, #4758 ) ;
#9402 = CARTESIAN_POINT ( 'NONE',  ( -39.75138694003533857, 95.69680212022358035, 26.00954371031357582 ) ) ;
#9403 = AXIS2_PLACEMENT_3D ( 'NONE', #1381, #4343, #8864 ) ;
#9404 = ORIENTED_EDGE ( 'NONE', *, *, #6181, .T. ) ;
#9405 = LINE ( 'NONE', #6429, #5494 ) ;
#9406 = FACE_OUTER_BOUND ( 'NONE', #2929, .T. ) ;
#9407 = ORIENTED_EDGE ( 'NONE', *, *, #5947, .T. ) ;
#9408 = CARTESIAN_POINT ( 'NONE',  ( -41.18630044091845122, 95.00178607669278108, -28.35440726274761403 ) ) ;
#9409 = LINE ( 'NONE', #8627, #5684 ) ;
#9410 = CARTESIAN_POINT ( 'NONE',  ( -49.94150756741053954, 197.0186931271288984, -2.425855286172906133 ) ) ;
#9411 = VECTOR ( 'NONE', #2129, 1000.000000000000000 ) ;
#9412 = CARTESIAN_POINT ( 'NONE',  ( 0.000000000000000000, 264.0000000000000000, 0.000000000000000000 ) ) ;
#9413 = CARTESIAN_POINT ( 'NONE',  ( -42.35569619307421618, 94.50000000000000000, -48.15397179880389444 ) ) ;
#9414 = AXIS2_PLACEMENT_3D ( 'NONE', #5519, #1834, #5658 ) ;
#9415 = CARTESIAN_POINT ( 'NONE',  ( 44.93779350453366561, 52.88466077438591384, -45.57187448734442370 ) ) ;
#9416 = ADVANCED_FACE ( 'NONE', ( #5047, #6599 ), #3593, .F. ) ;
#9417 = VECTOR ( 'NONE', #6332, 1000.000000000000114 ) ;
#9418 = CARTESIAN_POINT ( 'NONE',  ( -26.85867340158342387, 85.63114929373706730, -38.90225724876551539 ) ) ;
#9419 = CARTESIAN_POINT ( 'NONE',  ( 36.76708606126284451, 64.61538201887070443, 28.99384458908608764 ) ) ;
#9420 = EDGE_CURVE ( 'NONE', #5160, #2616, #8605, .T. ) ;
#9421 = CARTESIAN_POINT ( 'NONE',  ( 30.94645188787811207, 48.51213425699023674, 34.81447876247082718 ) ) ;
#9422 = VERTEX_POINT ( 'NONE', #2178 ) ;
#9423 = ORIENTED_EDGE ( 'NONE', *, *, #9055, .F. ) ;
#9424 = AXIS2_PLACEMENT_3D ( 'NONE', #6087, #5461, #843 ) ;
#9425 = CARTESIAN_POINT ( 'NONE',  ( 39.22375858382816460, 163.8347417721553256, 26.53717206652076754 ) ) ;
#9426 = PLANE ( 'NONE',  #8785 ) ;
#9427 = CARTESIAN_POINT ( 'NONE',  ( 44.58347426246771050, 55.93620152028918824, -45.92619372941037170 ) ) ;
#9428 = LINE ( 'NONE', #5761, #7379 ) ;
#9429 = VECTOR ( 'NONE', #2963, 1000.000000000000114 ) ;
#9430 = DIRECTION ( 'NONE',  ( -0.000000000000000000, -1.000000000000000000, -0.000000000000000000 ) ) ;
#9431 = VECTOR ( 'NONE', #8737, 1000.000000000000000 ) ;
#9432 = CARTESIAN_POINT ( 'NONE',  ( 40.21452035317271623, 164.2458856828391731, -29.71275661871343132 ) ) ;
#9433 = CARTESIAN_POINT ( 'NONE',  ( -34.08013314532966120, 43.01938834715441118, 31.68079750501924607 ) ) ;
#9434 = ORIENTED_EDGE ( 'NONE', *, *, #8344, .F. ) ;
#9435 = CARTESIAN_POINT ( 'NONE',  ( -47.45860420640314459, 156.3633846497057505, -43.05106378547496604 ) ) ;
#9436 = CARTESIAN_POINT ( 'NONE',  ( 107.9999999999999858, 195.4809161837167437, 0.8176760611520635935 ) ) ;
#9437 = EDGE_CURVE ( 'NONE', #4567, #5031, #5316, .T. ) ;
#9438 = VERTEX_POINT ( 'NONE', #4271 ) ;
#9439 = CARTESIAN_POINT ( 'NONE',  ( -32.66833329081848802, 36.00000000000000000, 33.09259735953042991 ) ) ;
#9440 = CARTESIAN_POINT ( 'NONE',  ( -12.71548753679481614, 35.50000000000000000, 44.93558029781763707 ) ) ;
#9441 = PLANE ( 'NONE',  #8321 ) ;
#9442 = EDGE_LOOP ( 'NONE', ( #3718, #3014, #4625, #7246 ) ) ;
#9443 = CARTESIAN_POINT ( 'NONE',  ( -108.0000000000000000, 195.4809161837167437, 0.8176760611520635935 ) ) ;
#9444 = DIRECTION ( 'NONE',  ( 0.7071067811865477948, 0.000000000000000000, 0.7071067811865473507 ) ) ;
#9445 = EDGE_CURVE ( 'NONE', #687, #1781, #5002, .T. ) ;
#9446 = CARTESIAN_POINT ( 'NONE',  ( -40.24733569863605709, 157.6066838202881399, -25.51359495171287861 ) ) ;
#9447 = CARTESIAN_POINT ( 'NONE',  ( 45.04270196158307726, 52.00000000000000000, -45.46696603029501205 ) ) ;
#9448 = CARTESIAN_POINT ( 'NONE',  ( 34.45413194533576728, 45.76678402021402547, 31.30679870501316842 ) ) ;
#9449 = EDGE_LOOP ( 'NONE', ( #3140, #5568, #8807, #9526 ) ) ;
#9450 = CARTESIAN_POINT ( 'NONE',  ( -24.19999999999999218, 268.0000000000000000, 41.91562954316684397 ) ) ;
#9451 = LINE ( 'NONE', #5011, #8936 ) ;
#9452 = EDGE_CURVE ( 'NONE', #1194, #6635, #9228, .T. ) ;
#9453 = CARTESIAN_POINT ( 'NONE',  ( 44.58347426246771050, 55.93620152028918824, -45.92619372941037170 ) ) ;
#9454 = CARTESIAN_POINT ( 'NONE',  ( 47.00000000000000000, 254.9285904774020821, -3.139449734291467120 ) ) ;
#9455 = CARTESIAN_POINT ( 'NONE',  ( 39.22375858382816460, 163.8347417721553256, 26.53717206652076754 ) ) ;
#9456 = CARTESIAN_POINT ( 'NONE',  ( -49.82615309694459427, 100.9687423887486943, 40.68351489493349504 ) ) ;
#9457 = ORIENTED_EDGE ( 'NONE', *, *, #5086, .F. ) ;
#9458 = CARTESIAN_POINT ( 'NONE',  ( -14.23850201999726828, 268.0000000000000000, 46.57204161539983289 ) ) ;
#9459 = ORIENTED_EDGE ( 'NONE', *, *, #921, .F. ) ;
#9460 = CARTESIAN_POINT ( 'NONE',  ( -39.62546294327303542, 74.95886082563336572, -30.50265559212950706 ) ) ;
#9461 = DIRECTION ( 'NONE',  ( 0.4999999999999998335, 0.000000000000000000, -0.8660254037844387076 ) ) ;
#9462 = ORIENTED_EDGE ( 'NONE', *, *, #6237, .F. ) ;
#9463 = DIRECTION ( 'NONE',  ( 0.000000000000000000, -1.000000000000000000, 0.000000000000000000 ) ) ;
#9464 = CARTESIAN_POINT ( 'NONE',  ( 28.04587946174751423, 169.6705890994764445, -37.71505118859937511 ) ) ;
#9465 = PLANE ( 'NONE',  #2590 ) ;
#9466 = CARTESIAN_POINT ( 'NONE',  ( -43.19369017679611034, 69.12979561808754170, -47.31597781508200029 ) ) ;
#9467 = CARTESIAN_POINT ( 'NONE',  ( 46.59833688019348585, 94.50000000000000000, 52.39661248592317833 ) ) ;
#9468 = CYLINDRICAL_SURFACE ( 'NONE', #7853, 48.50000000000000000 ) ;
#9469 = VERTEX_POINT ( 'NONE', #4956 ) ;
#9470 = VERTEX_POINT ( 'NONE', #3635 ) ;
#9471 = CARTESIAN_POINT ( 'NONE',  ( 41.74177417787064570, 85.62404022679615423, 48.76789381400746493 ) ) ;
#9472 = CARTESIAN_POINT ( 'NONE',  ( -40.68351489493350215, 100.9687423887486943, -49.82615309694460848 ) ) ;
#9473 = CARTESIAN_POINT ( 'NONE',  ( 24.96626355950889931, 111.3121957717727071, -40.79466709084002218 ) ) ;
#9474 = CARTESIAN_POINT ( 'NONE',  ( -29.77058309641641287, 57.99999999999999289, -35.99034755393252283 ) ) ;
#9475 = CARTESIAN_POINT ( 'NONE',  ( 0.000000000000000000, 0.000000000000000000, 0.000000000000000000 ) ) ;
#9476 = DIRECTION ( 'NONE',  ( -0.7071067811865475727, -0.000000000000000000, 0.7071067811865474617 ) ) ;
#9477 = CARTESIAN_POINT ( 'NONE',  ( -41.98910179518575347, 82.37800232306901194, -48.52056619669235715 ) ) ;
#9478 = DIRECTION ( 'NONE',  ( -0.000000000000000000, -1.000000000000000000, -0.000000000000000000 ) ) ;
#9479 = ORIENTED_EDGE ( 'NONE', *, *, #8683, .F. ) ;
#9480 = ORIENTED_EDGE ( 'NONE', *, *, #5452, .T. ) ;
#9481 = DIRECTION ( 'NONE',  ( 0.000000000000000000, 0.000000000000000000, -1.000000000000000000 ) ) ;
#9482 = CARTESIAN_POINT ( 'NONE',  ( -36.87807467727504473, 49.44931349178472857, 33.65783052772525252 ) ) ;
#9483 = DIRECTION ( 'NONE',  ( 0.000000000000000000, 0.000000000000000000, 1.000000000000000000 ) ) ;
#9484 = ORIENTED_EDGE ( 'NONE', *, *, #6066, .T. ) ;
#9485 = CARTESIAN_POINT ( 'NONE',  ( -47.00000000000000000, 254.9285904774020253, 3.139449734291469341 ) ) ;
#9486 = CARTESIAN_POINT ( 'NONE',  ( 46.99996472437832296, 213.0501157864175639, 0.1375882683655855476 ) ) ;
#9487 = CARTESIAN_POINT ( 'NONE',  ( -33.17716150233881223, 36.58494384897174712, -32.58376914801012703 ) ) ;
#9488 = CARTESIAN_POINT ( 'NONE',  ( 40.11998767400630328, 112.7299032302373263, -50.38968031787177893 ) ) ;
#9489 = DIRECTION ( 'NONE',  ( -0.000000000000000000, 1.000000000000000000, -0.000000000000000000 ) ) ;
#9490 = VECTOR ( 'NONE', #329, 1000.000000000000000 ) ;
#9491 = ORIENTED_EDGE ( 'NONE', *, *, #7345, .T. ) ;
#9492 = CARTESIAN_POINT ( 'NONE',  ( -26.71506350946108910, 264.0000000000000000, 41.27184732581594773 ) ) ;
#9493 = DIRECTION ( 'NONE',  ( 1.000000000000000000, 0.000000000000000000, 0.000000000000000000 ) ) ;
#9494 = CARTESIAN_POINT ( 'NONE',  ( 47.00000000000000000, 265.6562804570706930, -1.950454484879272865 ) ) ;
#9495 = CARTESIAN_POINT ( 'NONE',  ( 26.53717206652077820, 163.8347417721553541, 39.22375858382816460 ) ) ;
#9496 = DIRECTION ( 'NONE',  ( -0.4999999999999998335, 0.000000000000000000, 0.8660254037844387076 ) ) ;
#9497 = B_SPLINE_CURVE_WITH_KNOTS ( 'NONE', 3,
 ( #8728, #3535, #4342, #6538 ),
 .UNSPECIFIED., .F., .F.,
 ( 4, 4 ),
 ( 0.002524964209716083242, 0.003124964209716093923 ),
 .UNSPECIFIED. ) ;
#9498 = ORIENTED_EDGE ( 'NONE', *, *, #5077, .F. ) ;
#9499 = CARTESIAN_POINT ( 'NONE',  ( -33.17716150233881223, 36.58494384897174712, -32.58376914801012703 ) ) ;
#9500 = EDGE_CURVE ( 'NONE', #6293, #7425, #2045, .T. ) ;
#9501 = ORIENTED_EDGE ( 'NONE', *, *, #9307, .T. ) ;
#9502 = DIRECTION ( 'NONE',  ( -0.7071067811865474617, 0.000000000000000000, -0.7071067811865474617 ) ) ;
#9503 = LINE ( 'NONE', #7401, #1026 ) ;
#9504 = CARTESIAN_POINT ( 'NONE',  ( -49.95700856522979905, 261.9455108501143741, -2.073261794621555687 ) ) ;
#9505 = DIRECTION ( 'NONE',  ( 0.000000000000000000, 1.000000000000000000, 0.000000000000000000 ) ) ;
#9506 = CARTESIAN_POINT ( 'NONE',  ( 5.999975346114266201E-15, 30.00000000000000000, -47.98703349066331469 ) ) ;
#9507 = CARTESIAN_POINT ( 'NONE',  ( 44.99031566266479132, 52.44175755770031344, -45.51935232921329089 ) ) ;
#9508 = CARTESIAN_POINT ( 'NONE',  ( 34.45413192731799512, 45.76678388290336130, -31.30679872303090860 ) ) ;
#9509 = DIRECTION ( 'NONE',  ( -0.1218693434051472818, 0.000000000000000000, 0.9925461516413219831 ) ) ;
#9510 = CARTESIAN_POINT ( 'NONE',  ( 0.000000000000000000, 30.00000000000000000, 0.000000000000000000 ) ) ;
#9511 = VERTEX_POINT ( 'NONE', #2916 ) ;
#9512 = CARTESIAN_POINT ( 'NONE',  ( 50.22349097781342664, 108.7025900201346644, 40.28617701406468399 ) ) ;
#9513 = CARTESIAN_POINT ( 'NONE',  ( -26.00954371031358647, 95.69680212022358035, -39.75138694003535278 ) ) ;
#9514 = CARTESIAN_POINT ( 'NONE',  ( -52.39661248592317122, 94.50000000000000000, 46.59833688019348585 ) ) ;
#9515 = CARTESIAN_POINT ( 'NONE',  ( 0.000000000000000000, 52.00000000000000000, 0.000000000000000000 ) ) ;
#9516 = B_SPLINE_CURVE_WITH_KNOTS ( 'NONE', 3,
 ( #8893, #5147, #1227, #727, #5644, #8623, #1970 ),
 .UNSPECIFIED., .F., .F.,
 ( 4, 1, 1, 1, 4 ),
 ( 0.4666068527274366828, 0.4855543320873984547, 0.5000000000000001110, 0.5144456679126017118, 0.5333931472723870693 ),
 .UNSPECIFIED. ) ;
#9517 = DIRECTION ( 'NONE',  ( -0.000000000000000000, -1.000000000000000000, -0.000000000000000000 ) ) ;
#9518 = CARTESIAN_POINT ( 'NONE',  ( -28.32114118803932357, 170.3790392360402848, -37.51035950841359323 ) ) ;
#9519 = CARTESIAN_POINT ( 'NONE',  ( 0.000000000000000000, 52.00000000000000000, 0.000000000000000000 ) ) ;
#9520 = DIRECTION ( 'NONE',  ( -0.7986355100472930513, 0.000000000000000000, -0.6018150231520480453 ) ) ;
#9521 = EDGE_LOOP ( 'NONE', ( #2543, #3727, #2624, #2175 ) ) ;
#9522 = ORIENTED_EDGE ( 'NONE', *, *, #1926, .F. ) ;
#9523 = CARTESIAN_POINT ( 'NONE',  ( -32.16823240588157518, 39.48056780803440091, 33.59269824446734276 ) ) ;
#9524 = CARTESIAN_POINT ( 'NONE',  ( -37.33082592828149160, 69.78879219389069988, 28.43010472206742634 ) ) ;
#9525 = CARTESIAN_POINT ( 'NONE',  ( 39.75138694003535278, 95.69680212022356613, 26.00954371031358647 ) ) ;
#9526 = ORIENTED_EDGE ( 'NONE', *, *, #1893, .F. ) ;
#9527 = EDGE_CURVE ( 'NONE', #440, #3923, #6123, .T. ) ;
#9528 = CARTESIAN_POINT ( 'NONE',  ( -47.00000000000000000, 164.0860123415720579, 0.5490809186924489049 ) ) ;
#9529 = DIRECTION ( 'NONE',  ( 0.000000000000000000, 0.000000000000000000, -1.000000000000000000 ) ) ;
#9530 = CARTESIAN_POINT ( 'NONE',  ( 0.000000000000000000, 268.0000000000000000, 0.000000000000000000 ) ) ;
#9531 = EDGE_CURVE ( 'NONE', #3403, #7729, #2085, .T. ) ;
#9532 = CARTESIAN_POINT ( 'NONE',  ( -28.32786105134579202, 170.3776853043383994, 37.50420821734696375 ) ) ;
#9533 = EDGE_CURVE ( 'NONE', #9385, #6765, #2190, .T. ) ;
#9534 = ORIENTED_EDGE ( 'NONE', *, *, #6526, .F. ) ;
#9535 = CARTESIAN_POINT ( 'NONE',  ( 0.000000000000000000, 39.50000000000000000, 0.000000000000000000 ) ) ;
#9536 = DIRECTION ( 'NONE',  ( 0.000000000000000000, 1.000000000000000000, 0.000000000000000000 ) ) ;
#9537 = VECTOR ( 'NONE', #5194, 1000.000000000000114 ) ;
#9538 = AXIS2_PLACEMENT_3D ( 'NONE', #5548, #8419, #293 ) ;
#9539 = CARTESIAN_POINT ( 'NONE',  ( 108.0000000000000000, 202.4922469032945287, -1.278898672072648068 ) ) ;
#9540 = CARTESIAN_POINT ( 'NONE',  ( 35.32342564570036814, 52.00000000000000000, 30.60489855371855583 ) ) ;
#9541 = LINE ( 'NONE', #2883, #8461 ) ;
#9542 = EDGE_CURVE ( 'NONE', #9470, #3853, #523, .T. ) ;
#9543 = AXIS2_PLACEMENT_3D ( 'NONE', #2276, #5236, #2324 ) ;
#9544 = EDGE_LOOP ( 'NONE', ( #4178, #1141, #2870, #2970 ) ) ;
#9545 = ORIENTED_EDGE ( 'NONE', *, *, #2149, .F. ) ;
#9546 = CARTESIAN_POINT ( 'NONE',  ( -40.15053420550685104, 101.0166046022987985, -25.61039644484208111 ) ) ;
#9547 = CARTESIAN_POINT ( 'NONE',  ( -13.36896012969219072, 200.0000000000000000, 47.24490348228790992 ) ) ;
#9548 = ORIENTED_EDGE ( 'NONE', *, *, #187, .F. ) ;
#9549 = DIRECTION ( 'NONE',  ( 0.000000000000000000, 0.000000000000000000, -1.000000000000000000 ) ) ;
#9550 = DIRECTION ( 'NONE',  ( -0.7071067811865474617, 0.000000000000000000, 0.7071067811865474617 ) ) ;
#9551 = CIRCLE ( 'NONE', #2251, 46.99996213765929554 ) ;
#9552 = CIRCLE ( 'NONE', #1784, 46.70000000000000284 ) ;
#9553 = CARTESIAN_POINT ( 'NONE',  ( 44.20390395962769503, 59.33385514974001751, -46.30576403225040849 ) ) ;
#9554 = ADVANCED_FACE ( 'NONE', ( #7244 ), #575, .T. ) ;
#9555 = CARTESIAN_POINT ( 'NONE',  ( 30.53588490920113685, 51.75724116587121415, -35.22504574114778819 ) ) ;
#9556 = CARTESIAN_POINT ( 'NONE',  ( -25.61039644484207045, 101.0166046022987985, 40.15053420550685104 ) ) ;
#9557 = AXIS2_PLACEMENT_3D ( 'NONE', #7912, #1293, #3936 ) ;
#9558 = CARTESIAN_POINT ( 'NONE',  ( -30.12822377908832649, 54.97802726448586697, -35.63270687126060210 ) ) ;
#9559 = CARTESIAN_POINT ( 'NONE',  ( 46.53284740717148793, 61.44371818057052792, 43.97682058470662980 ) ) ;
#9560 = VERTEX_POINT ( 'NONE', #8060 ) ;
#9561 = CARTESIAN_POINT ( 'NONE',  ( -31.84932341491869678, 0.000000000000000000, -34.15421786561524442 ) ) ;
#9562 = AXIS2_PLACEMENT_3D ( 'NONE', #8132, #3713, #50 ) ;
#9563 = CARTESIAN_POINT ( 'NONE',  ( -43.94697918396571623, 157.2818685057020218, -46.56268880791239440 ) ) ;
#9564 = CARTESIAN_POINT ( 'NONE',  ( 25.61039644484206690, 101.0166046022987985, -40.15053420550685104 ) ) ;
#9565 = VECTOR ( 'NONE', #294, 1000.000000000000114 ) ;
#9566 = FACE_OUTER_BOUND ( 'NONE', #7168, .T. ) ;
#9567 = ADVANCED_FACE ( 'NONE', ( #5771 ), #8745, .F. ) ;
#9568 = CARTESIAN_POINT ( 'NONE',  ( -37.71505118858653560, 73.51205123983933731, 28.04587946176237878 ) ) ;
#9569 = AXIS2_PLACEMENT_3D ( 'NONE', #7404, #4482, #9550 ) ;
#9570 = VECTOR ( 'NONE', #576, 1000.000000000000000 ) ;
#9571 = CARTESIAN_POINT ( 'NONE',  ( 42.86151494923075234, 72.49854646718330287, -47.64815304264732987 ) ) ;
#9572 = CARTESIAN_POINT ( 'NONE',  ( 25.61039644484206690, 101.0166046022987985, -40.15053420550685104 ) ) ;
#9573 = DIRECTION ( 'NONE',  ( 0.8660254037844387076, 0.000000000000000000, 0.4999999999999997224 ) ) ;
#9574 = VERTEX_POINT ( 'NONE', #7289 ) ;
#9575 = VERTEX_POINT ( 'NONE', #619 ) ;
#9576 = CARTESIAN_POINT ( 'NONE',  ( -32.58376914801011281, 36.58494384897175422, 33.17716150233880512 ) ) ;
#9577 = DIRECTION ( 'NONE',  ( 1.000000000000000000, -0.000000000000000000, -0.000000000000000000 ) ) ;
#9578 = CARTESIAN_POINT ( 'NONE',  ( 45.57187448734443791, 52.88466077438589963, 44.93779350453366561 ) ) ;
#9579 = CIRCLE ( 'NONE', #1496, 49.10000000000000142 ) ;
#9580 = EDGE_CURVE ( 'NONE', #1454, #141, #5819, .T. ) ;
#9581 = CARTESIAN_POINT ( 'NONE',  ( -108.0000000000000000, 207.5675974538935122, -1.493175898235320709 ) ) ;
#9582 = CIRCLE ( 'NONE', #1188, 1.050000000000000044 ) ;
#9583 = DIRECTION ( 'NONE',  ( 0.8660254037844383745, 0.000000000000000000, -0.5000000000000004441 ) ) ;
#9584 = CARTESIAN_POINT ( 'NONE',  ( -36.46736499287372624, 173.1609393494194364, -29.29356565747520946 ) ) ;
#9585 = CARTESIAN_POINT ( 'NONE',  ( -33.79063506660730809, 175.4114255477974780, 32.66844815593966445 ) ) ;
#9586 = DIRECTION ( 'NONE',  ( 0.7071067811865475727, 0.000000000000000000, -0.7071067811865475727 ) ) ;
#9587 = VERTEX_POINT ( 'NONE', #1692 ) ;
#9588 = DIRECTION ( 'NONE',  ( 0.8660254037844388186, 0.000000000000000000, 0.4999999999999998335 ) ) ;
#9589 = LINE ( 'NONE', #1315, #1629 ) ;
#9590 = CARTESIAN_POINT ( 'NONE',  ( 108.0000000000000142, 193.5126614618646101, -0.6599525275824662529 ) ) ;
#9591 = PLANE ( 'NONE',  #402 ) ;
#9592 = EDGE_CURVE ( 'NONE', #8299, #6932, #5809, .T. ) ;
#9593 = CARTESIAN_POINT ( 'NONE',  ( 49.94330312371646841, 259.4509246402943745, 2.384160887006322671 ) ) ;
#9594 = ORIENTED_EDGE ( 'NONE', *, *, #937, .F. ) ;
#9595 = EDGE_LOOP ( 'NONE', ( #7639, #6144 ) ) ;
#9596 = CARTESIAN_POINT ( 'NONE',  ( -42.78460399787553570, 155.3921848145515412, -47.72506399400257493 ) ) ;
#9597 = LINE ( 'NONE', #5159, #1331 ) ;
#9598 = EDGE_LOOP ( 'NONE', ( #4549, #135, #5233 ) ) ;
#9599 = DIRECTION ( 'NONE',  ( -0.7071067811865474617, 0.000000000000000000, 0.7071067811865474617 ) ) ;
#9600 = CARTESIAN_POINT ( 'NONE',  ( -26.85867340158341321, 85.63114929373708151, 38.90225724876551539 ) ) ;
#9601 = ADVANCED_FACE ( 'NONE', ( #3832 ), #8204, .F. ) ;
#9602 = CARTESIAN_POINT ( 'NONE',  ( 41.38727259838148598, 126.6764942988443892, -24.37365805196743551 ) ) ;
#9603 = EDGE_CURVE ( 'NONE', #1638, #7740, #4652, .T. ) ;
#9604 = CARTESIAN_POINT ( 'NONE',  ( 35.23125842032776944, 172.3992787183035489, -35.47935076381620689 ) ) ;
#9605 = CARTESIAN_POINT ( 'NONE',  ( 35.22504574050594783, 51.75724116078401948, -30.53588490984295589 ) ) ;
#9606 = CARTESIAN_POINT ( 'NONE',  ( -30.94645188787809786, 48.51213425699024384, 34.81447876247082007 ) ) ;
#9607 = CARTESIAN_POINT ( 'NONE',  ( -41.45303252024854856, 89.40149471062302666, -49.05663547162955496 ) ) ;
#9608 = CARTESIAN_POINT ( 'NONE',  ( 49.05663547162955496, 89.40149471062302666, 41.45303252024855567 ) ) ;
#9609 = ORIENTED_EDGE ( 'NONE', *, *, #8462, .T. ) ;
#9610 = DIRECTION ( 'NONE',  ( 0.5000000000000003331, -0.000000000000000000, 0.8660254037844383745 ) ) ;
#9611 = CARTESIAN_POINT ( 'NONE',  ( -30.12822377908832649, 54.97802726448586697, -35.63270687126060210 ) ) ;
#9612 = CARTESIAN_POINT ( 'NONE',  ( 49.93783009309770904, 143.4569695494772930, -40.57183789878038027 ) ) ;
#9613 = DIRECTION ( 'NONE',  ( 0.000000000000000000, 0.000000000000000000, -1.000000000000000000 ) ) ;
#9614 = CARTESIAN_POINT ( 'NONE',  ( -46.56268880791240861, 157.2818685057019650, -43.94697918396570202 ) ) ;
#9615 = CARTESIAN_POINT ( 'NONE',  ( -37.27138604942563660, 171.0675929918469365, -28.63349660291512677 ) ) ;
#9616 = CARTESIAN_POINT ( 'NONE',  ( 48.14642419775777427, 153.8348667856812142, -42.36324379412032926 ) ) ;
#9617 = PLANE ( 'NONE',  #1334 ) ;
#9618 = VERTEX_POINT ( 'NONE', #7471 ) ;
#9619 = CARTESIAN_POINT ( 'NONE',  ( -37.00988115598539707, 66.80701258836775480, 28.75104949436351731 ) ) ;
#9620 = DIRECTION ( 'NONE',  ( 0.000000000000000000, -1.000000000000000000, -0.000000000000000000 ) ) ;
#9621 = CARTESIAN_POINT ( 'NONE',  ( 50.22349097781342664, 108.7025900201346644, 40.28617701406468399 ) ) ;
#9622 = CARTESIAN_POINT ( 'NONE',  ( -34.45413192731810881, 45.76678388290407895, -31.30679872303083400 ) ) ;
#9623 = EDGE_CURVE ( 'NONE', #254, #1151, #2957, .T. ) ;
#9624 = CYLINDRICAL_SURFACE ( 'NONE', #9330, 46.50000000000000000 ) ;
#9625 = LINE ( 'NONE', #2330, #7393 ) ;
#9626 = CARTESIAN_POINT ( 'NONE',  ( -47.72506399400258204, 155.3921848145515128, -42.78460399787553570 ) ) ;
#9627 = DIRECTION ( 'NONE',  ( 1.000000000000000000, 0.000000000000000000, 0.000000000000000000 ) ) ;
#9628 = CARTESIAN_POINT ( 'NONE',  ( -21.05131002302669430, 35.50000000000000000, 41.46193852576621452 ) ) ;
#9629 = DIRECTION ( 'NONE',  ( 0.8660254037844388186, 0.000000000000000000, 0.4999999999999998335 ) ) ;
#9630 = ORIENTED_EDGE ( 'NONE', *, *, #3001, .T. ) ;
#9631 = CARTESIAN_POINT ( 'NONE',  ( -26.53717206652075689, 163.8347417721553256, 39.22375858382815750 ) ) ;
#9632 = CARTESIAN_POINT ( 'NONE',  ( 41.20721490222918959, 145.7020373835961777, -24.55371574811973190 ) ) ;
#9633 = ADVANCED_FACE ( 'NONE', ( #8154 ), #1543, .T. ) ;
#9634 = CARTESIAN_POINT ( 'NONE',  ( 44.73292201045924799, 54.62836855260160718, 45.77674598141886264 ) ) ;
#9635 = CARTESIAN_POINT ( 'NONE',  ( 49.99956292605275365, 267.5775568373370561, 0.2167406230759867936 ) ) ;
#9636 = CIRCLE ( 'NONE', #2038, 46.50000000000000000 ) ;
#9637 = ORIENTED_EDGE ( 'NONE', *, *, #9110, .F. ) ;
#9638 = VERTEX_POINT ( 'NONE', #3106 ) ;
#9639 = CARTESIAN_POINT ( 'NONE',  ( -36.08140240266998688, 58.70654625247947678, -29.67952824767895947 ) ) ;
#9640 = CARTESIAN_POINT ( 'NONE',  ( -33.89148396714931266, 42.89533910137051009, -31.86944668319964435 ) ) ;
#9641 = CARTESIAN_POINT ( 'NONE',  ( -49.97013309399908110, 264.4300821822941998, -1.734566819573112761 ) ) ;
#9642 = CARTESIAN_POINT ( 'NONE',  ( 35.77960312803929810, 145.5000000000000000, -29.98132752230962694 ) ) ;
ENDSEC;
END-ISO-10303-21;
