ISO-10303-21;
HEADER;
FILE_DESCRIPTION (( 'STEP AP203' ),
    '1' );
FILE_NAME ('Harness - Battery Lead XT60.step',
    '2026-09-29T04:50:24',
    ( '' ),
    ( '' ),
    '',
    '',
    '' );
FILE_SCHEMA (( 'CONFIG_CONTROL_DESIGN' ));
ENDSEC;

DATA;
#1 = DIRECTION ( 'NONE',  ( 0.000000000000000000, 0.000000000000000000, 1.000000000000000000 ) ) ;
#2 = DIRECTION ( 'NONE',  ( -0.000000000000000000, -0.000000000000000000, -1.000000000000000000 ) ) ;
#3 = ORIENTED_EDGE ( 'NONE', *, *, #846, .F. ) ;
#4 = ORIENTED_EDGE ( 'NONE', *, *, #1340, .T. ) ;
#5 = VERTEX_POINT ( 'NONE', #1359 ) ;
#6 = ORIENTED_EDGE ( 'NONE', *, *, #1508, .F. ) ;
#7 = CIRCLE ( 'NONE', #220, 1.799999999999999600 ) ;
#8 = ADVANCED_FACE ( 'NONE', ( #865 ), #771, .T. ) ;
#9 = DIRECTION ( 'NONE',  ( 0.000000000000000000, 0.000000000000000000, 1.000000000000000000 ) ) ;
#10 = DIRECTION ( 'NONE',  ( 0.000000000000000000, 1.000000000000000000, 0.000000000000000000 ) ) ;
#11 = DIRECTION ( 'NONE',  ( 1.000000000000000000, 0.000000000000000000, 0.000000000000000000 ) ) ;
#12 = DIRECTION ( 'NONE',  ( 0.000000000000000000, 1.000000000000000000, 0.000000000000000000 ) ) ;
#13 = ORIENTED_EDGE ( 'NONE', *, *, #708, .T. ) ;
#14 = VERTEX_POINT ( 'NONE', #2037 ) ;
#15 = PLANE ( 'NONE',  #385 ) ;
#16 = CARTESIAN_POINT ( 'NONE',  ( 12.00000000000001066, 147.5000000000000000, 15.59999999999999964 ) ) ;
#17 = DIRECTION ( 'NONE',  ( 1.000000000000000000, 0.000000000000000000, 0.000000000000000000 ) ) ;
#18 = DIRECTION ( 'NONE',  ( 0.000000000000000000, 0.000000000000000000, 1.000000000000000000 ) ) ;
#19 = ADVANCED_FACE ( 'NONE', ( #1905 ), #373, .T. ) ;
#20 = DIRECTION ( 'NONE',  ( -1.000000000000000000, 0.000000000000000000, 0.000000000000000000 ) ) ;
#21 = DIRECTION ( 'NONE',  ( 0.000000000000000000, 0.000000000000000000, 1.000000000000000000 ) ) ;
#22 = EDGE_LOOP ( 'NONE', ( #2067, #217, #1062, #2079 ) ) ;
#23 = ORIENTED_EDGE ( 'NONE', *, *, #1100, .T. ) ;
#24 = DIRECTION ( 'NONE',  ( 0.000000000000000000, 0.000000000000000000, -1.000000000000000000 ) ) ;
#25 = AXIS2_PLACEMENT_3D ( 'NONE', #1867, #351, #1546 ) ;
#26 = AXIS2_PLACEMENT_3D ( 'NONE', #791, #261, #602 ) ;
#27 = AXIS2_PLACEMENT_3D ( 'NONE', #1866, #361, #530 ) ;
#28 = CARTESIAN_POINT ( 'NONE',  ( -17.50000000000000000, 118.5000000000000000, 10.19999999999999929 ) ) ;
#29 = AXIS2_PLACEMENT_3D ( 'NONE', #1869, #706, #869 ) ;
#30 = AXIS2_PLACEMENT_3D ( 'NONE', #568, #925, #1081 ) ;
#31 = CIRCLE ( 'NONE', #1645, 1.799999999999999600 ) ;
#32 = CARTESIAN_POINT ( 'NONE',  ( 26.00000000000000355, 141.5500000000000114, 15.59999999999999964 ) ) ;
#33 = ORIENTED_EDGE ( 'NONE', *, *, #1050, .F. ) ;
#34 = VECTOR ( 'NONE', #1363, 1000.000000000000000 ) ;
#35 = ADVANCED_FACE ( 'NONE', ( #704 ), #562, .T. ) ;
#36 = DIRECTION ( 'NONE',  ( 0.000000000000000000, 0.000000000000000000, 1.000000000000000000 ) ) ;
#37 = CARTESIAN_POINT ( 'NONE',  ( -14.50000000000006750, 139.5500000000000114, 8.400000000000000355 ) ) ;
#38 = VERTEX_POINT ( 'NONE', #212 ) ;
#39 = ORIENTED_EDGE ( 'NONE', *, *, #2180, .T. ) ;
#40 = LINE ( 'NONE', #861, #1294 ) ;
#41 = DIRECTION ( 'NONE',  ( 0.000000000000000000, 1.000000000000000000, 0.000000000000000000 ) ) ;
#42 = ADVANCED_FACE ( 'NONE', ( #1204 ), #1222, .T. ) ;
#43 = CARTESIAN_POINT ( 'NONE',  ( 10.00000000000000000, 149.5000000000000000, 8.400000000000000355 ) ) ;
#44 = DIRECTION ( 'NONE',  ( 0.000000000000000000, 1.000000000000000000, 0.000000000000000000 ) ) ;
#45 = DIRECTION ( 'NONE',  ( 0.000000000000000000, 1.000000000000000000, 0.000000000000000000 ) ) ;
#46 = ORIENTED_EDGE ( 'NONE', *, *, #962, .T. ) ;
#47 = ORIENTED_EDGE ( 'NONE', *, *, #387, .T. ) ;
#48 = DIRECTION ( 'NONE',  ( 0.000000000000000000, 0.000000000000000000, 1.000000000000000000 ) ) ;
#49 = CARTESIAN_POINT ( 'NONE',  ( -12.00000000000000000, 135.5000000000000000, 19.90000000000000213 ) ) ;
#50 = ORIENTED_EDGE ( 'NONE', *, *, #396, .T. ) ;
#51 = DIRECTION ( 'NONE',  ( 1.000000000000000000, 0.000000000000000000, 0.000000000000000000 ) ) ;
#52 = CARTESIAN_POINT ( 'NONE',  ( -19.40000000000000213, 118.5000000000000000, 8.400000000000000355 ) ) ;
#53 = DIRECTION ( 'NONE',  ( 1.000000000000000000, 0.000000000000000000, 0.000000000000000000 ) ) ;
#54 = ORIENTED_EDGE ( 'NONE', *, *, #1421, .F. ) ;
#55 = VERTEX_POINT ( 'NONE', #1026 ) ;
#56 = DIRECTION ( 'NONE',  ( 1.000000000000000000, 0.000000000000000000, 0.000000000000000000 ) ) ;
#57 = ORIENTED_EDGE ( 'NONE', *, *, #1558, .F. ) ;
#58 = DATE_AND_TIME ( #1770, #1067 ) ;
#59 = EDGE_CURVE ( 'NONE', #1971, #1808, #105, .T. ) ;
#60 = CIRCLE ( 'NONE', #870, 1.799999999999999600 ) ;
#61 = ORIENTED_EDGE ( 'NONE', *, *, #1621, .F. ) ;
#62 = CIRCLE ( 'NONE', #1536, 1.799999999999999600 ) ;
#63 = CIRCLE ( 'NONE', #908, 1.799999999999999600 ) ;
#64 = DIRECTION ( 'NONE',  ( 1.000000000000000000, -1.734723475976805517E-15, 0.000000000000000000 ) ) ;
#65 = AXIS2_PLACEMENT_3D ( 'NONE', #1973, #1488, #2132 ) ;
#66 = ADVANCED_FACE ( 'NONE', ( #1372 ), #894, .T. ) ;
#67 = CARTESIAN_POINT ( 'NONE',  ( 20.00000000000000000, 135.5000000000000000, 19.90000000000000213 ) ) ;
#68 = CIRCLE ( 'NONE', #917, 1.799999999999999600 ) ;
#69 = CARTESIAN_POINT ( 'NONE',  ( -17.50000000000000000, 118.5000000000000000, 6.599999999999999645 ) ) ;
#70 = ORIENTED_EDGE ( 'NONE', *, *, #432, .F. ) ;
#71 = ORIENTED_EDGE ( 'NONE', *, *, #316, .F. ) ;
#72 = CARTESIAN_POINT ( 'NONE',  ( -21.50000000000000000, 116.5999999999999943, 6.599999999999999645 ) ) ;
#73 = ORIENTED_EDGE ( 'NONE', *, *, #2059, .T. ) ;
#74 = PERSON_AND_ORGANIZATION_ROLE ( 'creator' ) ;
#75 = EDGE_CURVE ( 'NONE', #1685, #233, #1614, .T. ) ;
#76 = FACE_OUTER_BOUND ( 'NONE', #393, .T. ) ;
#77 = AXIS2_PLACEMENT_3D ( 'NONE', #1904, #2068, #1042 ) ;
#78 = DIRECTION ( 'NONE',  ( -1.000000000000000000, 0.000000000000000000, 0.000000000000000000 ) ) ;
#79 = DIRECTION ( 'NONE',  ( 0.000000000000000000, 0.000000000000000000, 1.000000000000000000 ) ) ;
#80 = ORIENTED_EDGE ( 'NONE', *, *, #1880, .T. ) ;
#81 = ORIENTED_EDGE ( 'NONE', *, *, #1479, .T. ) ;
#82 = DIRECTION ( 'NONE',  ( 0.000000000000000000, 0.000000000000000000, 1.000000000000000000 ) ) ;
#83 = DIRECTION ( 'NONE',  ( 0.000000000000000000, 1.000000000000000000, 0.000000000000000000 ) ) ;
#84 = FACE_OUTER_BOUND ( 'NONE', #459, .T. ) ;
#85 = EDGE_CURVE ( 'NONE', #1194, #507, #666, .T. ) ;
#86 = CARTESIAN_POINT ( 'NONE',  ( 23.99999999999999289, 139.5500000000000114, 8.400000000000000355 ) ) ;
#87 = CARTESIAN_POINT ( 'NONE',  ( -19.40000000000000213, 118.5000000000000000, 8.400000000000000355 ) ) ;
#88 = VERTEX_POINT ( 'NONE', #198 ) ;
#89 = ORIENTED_EDGE ( 'NONE', *, *, #200, .F. ) ;
#90 = DIRECTION ( 'NONE',  ( 0.000000000000000000, -0.000000000000000000, -1.000000000000000000 ) ) ;
#91 = DIRECTION ( 'NONE',  ( 0.000000000000000000, 0.000000000000000000, -1.000000000000000000 ) ) ;
#92 = CALENDAR_DATE ( 2026, 29, 9 ) ;
#93 = EDGE_CURVE ( 'NONE', #1556, #1118, #1897, .T. ) ;
#94 = AXIS2_PLACEMENT_3D ( 'NONE', #1044, #1511, #1716 ) ;
#95 = LINE ( 'NONE', #740, #700 ) ;
#96 = AXIS2_PLACEMENT_3D ( 'NONE', #1170, #989, #1844 ) ;
#97 = AXIS2_PLACEMENT_3D ( 'NONE', #2137, #830, #176 ) ;
#98 = DIRECTION ( 'NONE',  ( 0.000000000000000000, 0.000000000000000000, -1.000000000000000000 ) ) ;
#99 = DIRECTION ( 'NONE',  ( 0.000000000000000000, 0.000000000000000000, -1.000000000000000000 ) ) ;
#100 = AXIS2_PLACEMENT_3D ( 'NONE', #87, #443, #1958 ) ;
#101 = ORIENTED_EDGE ( 'NONE', *, *, #1823, .T. ) ;
#102 = ADVANCED_FACE ( 'NONE', ( #386 ), #765, .T. ) ;
#103 = EDGE_LOOP ( 'NONE', ( #299, #2097, #1274, #1846, #464, #470 ) ) ;
#104 = AXIS2_PLACEMENT_3D ( 'NONE', #687, #1377, #1847 ) ;
#105 = CIRCLE ( 'NONE', #1255, 1.799999999999999600 ) ;
#106 = DIRECTION ( 'NONE',  ( 1.000000000000000000, 0.000000000000000000, 0.000000000000000000 ) ) ;
#107 = FACE_OUTER_BOUND ( 'NONE', #1574, .T. ) ;
#108 = CIRCLE ( 'NONE', #1648, 1.799999999999999600 ) ;
#109 = ORIENTED_EDGE ( 'NONE', *, *, #1300, .T. ) ;
#110 = EDGE_CURVE ( 'NONE', #1551, #1353, #379, .T. ) ;
#111 = CARTESIAN_POINT ( 'NONE',  ( 10.00000000000000000, 152.0000000000000000, 17.39999999999999858 ) ) ;
#112 = CARTESIAN_POINT ( 'NONE',  ( 10.00000000000000000, 152.0000000000000000, 13.79999999999999893 ) ) ;
#113 = CARTESIAN_POINT ( 'NONE',  ( 12.00000000000001066, 147.5000000000000000, 6.599999999999999645 ) ) ;
#114 = AXIS2_PLACEMENT_3D ( 'NONE', #1876, #1557, #1530 ) ;
#115 = CARTESIAN_POINT ( 'NONE',  ( -17.50000000000000000, 106.3999999999999915, 15.59999999999999964 ) ) ;
#116 = ORIENTED_EDGE ( 'NONE', *, *, #950, .F. ) ;
#117 = ADVANCED_FACE ( 'NONE', ( #1380 ), #1058, .T. ) ;
#118 = DIRECTION ( 'NONE',  ( -0.000000000000000000, -1.000000000000000000, -0.000000000000000000 ) ) ;
#119 = FACE_OUTER_BOUND ( 'NONE', #922, .T. ) ;
#120 = CARTESIAN_POINT ( 'NONE',  ( 12.00000000000001066, 147.5000000000000000, 8.400000000000000355 ) ) ;
#121 = CYLINDRICAL_SURFACE ( 'NONE', #2176, 1.799999999999999600 ) ;
#122 = LINE ( 'NONE', #1982, #2116 ) ;
#123 = DIRECTION ( 'NONE',  ( 0.000000000000000000, 0.000000000000000000, -1.000000000000000000 ) ) ;
#124 = ORIENTED_EDGE ( 'NONE', *, *, #1215, .T. ) ;
#125 = APPROVAL ( #399, 'UNSPECIFIED' ) ;
#126 = DIRECTION ( 'NONE',  ( 0.000000000000000000, 0.000000000000000000, 1.000000000000000000 ) ) ;
#127 = ADVANCED_FACE ( 'NONE', ( #1559 ), #1391, .T. ) ;
#128 = CARTESIAN_POINT ( 'NONE',  ( 26.00000000000000355, 141.5500000000000114, 15.59999999999999964 ) ) ;
#129 = DIRECTION ( 'NONE',  ( 0.000000000000000000, -0.000000000000000000, 1.000000000000000000 ) ) ;
#130 = EDGE_LOOP ( 'NONE', ( #827, #23, #1416, #1735 ) ) ;
#131 = AXIS2_PLACEMENT_3D ( 'NONE', #1273, #1962, #2142 ) ;
#132 = AXIS2_PLACEMENT_3D ( 'NONE', #423, #1394, #265 ) ;
#133 = EDGE_CURVE ( 'NONE', #483, #947, #955, .T. ) ;
#134 = DIRECTION ( 'NONE',  ( 0.000000000000000000, 0.000000000000000000, -1.000000000000000000 ) ) ;
#135 = AXIS2_PLACEMENT_3D ( 'NONE', #1224, #1037, #1722 ) ;
#136 = DIRECTION ( 'NONE',  ( 0.000000000000000000, 0.000000000000000000, -1.000000000000000000 ) ) ;
#137 = ORIENTED_EDGE ( 'NONE', *, *, #1390, .F. ) ;
#138 = CIRCLE ( 'NONE', #1853, 1.799999999999999600 ) ;
#139 = VERTEX_POINT ( 'NONE', #2129 ) ;
#140 = VECTOR ( 'NONE', #749, 1000.000000000000000 ) ;
#141 = CARTESIAN_POINT ( 'NONE',  ( -12.00000000000000000, 135.5000000000000000, 19.90000000000000213 ) ) ;
#142 = DIRECTION ( 'NONE',  ( 0.000000000000000000, 0.000000000000000000, 1.000000000000000000 ) ) ;
#143 = DIRECTION ( 'NONE',  ( -0.000000000000000000, -0.000000000000000000, -1.000000000000000000 ) ) ;
#144 = ORIENTED_EDGE ( 'NONE', *, *, #1898, .T. ) ;
#145 = DIRECTION ( 'NONE',  ( 0.000000000000000000, 1.000000000000000000, 0.000000000000000000 ) ) ;
#146 = DIRECTION ( 'NONE',  ( -1.000000000000000000, 0.000000000000000000, 0.000000000000000000 ) ) ;
#147 = EDGE_LOOP ( 'NONE', ( #900, #300, #555, #990, #2091, #33 ) ) ;
#148 = AXIS2_PLACEMENT_3D ( 'NONE', #1075, #1110, #1241 ) ;
#149 = FACE_OUTER_BOUND ( 'NONE', #1518, .T. ) ;
#150 = CARTESIAN_POINT ( 'NONE',  ( 23.99999999999999289, 139.5500000000000114, 15.59999999999999964 ) ) ;
#151 = ORIENTED_EDGE ( 'NONE', *, *, #2008, .T. ) ;
#152 = EDGE_CURVE ( 'NONE', #1563, #1084, #1323, .T. ) ;
#153 = EDGE_CURVE ( 'NONE', #1051, #1668, #2102, .T. ) ;
#154 = CARTESIAN_POINT ( 'NONE',  ( -26.89999999999999858, 116.5999999999999943, -8.599999999999999645 ) ) ;
#155 = PLANE ( 'NONE',  #2171 ) ;
#156 = VERTEX_POINT ( 'NONE', #1591 ) ;
#157 = DIRECTION ( 'NONE',  ( 0.000000000000000000, 0.000000000000000000, 1.000000000000000000 ) ) ;
#158 = EDGE_CURVE ( 'NONE', #1352, #257, #1286, .T. ) ;
#159 = FACE_OUTER_BOUND ( 'NONE', #2087, .T. ) ;
#160 = ORIENTED_EDGE ( 'NONE', *, *, #93, .T. ) ;
#161 = ORIENTED_EDGE ( 'NONE', *, *, #1340, .F. ) ;
#162 = DIRECTION ( 'NONE',  ( -1.000000000000000000, 0.000000000000000000, 0.000000000000000000 ) ) ;
#163 = DIRECTION ( 'NONE',  ( -1.000000000000000000, 0.000000000000000000, 0.000000000000000000 ) ) ;
#164 = CIRCLE ( 'NONE', #339, 1.799999999999999600 ) ;
#165 = EDGE_CURVE ( 'NONE', #436, #2163, #588, .T. ) ;
#166 = VERTEX_POINT ( 'NONE', #1568 ) ;
#167 = ORIENTED_EDGE ( 'NONE', *, *, #196, .F. ) ;
#168 = CIRCLE ( 'NONE', #1463, 4.300000000000008704 ) ;
#169 = TOROIDAL_SURFACE ( 'NONE', #767, 2.000000000000001776, 1.799999999999999600 ) ;
#170 = VERTEX_POINT ( 'NONE', #2093 ) ;
#171 = ORIENTED_EDGE ( 'NONE', *, *, #1127, .F. ) ;
#172 = AXIS2_PLACEMENT_3D ( 'NONE', #1184, #545, #2080 ) ;
#173 = CARTESIAN_POINT ( 'NONE',  ( -12.00000000000000000, 139.5500000000000114, 17.39999999999999858 ) ) ;
#174 = AXIS2_PLACEMENT_3D ( 'NONE', #1798, #818, #808 ) ;
#175 = EDGE_CURVE ( 'NONE', #1208, #1330, #2111, .T. ) ;
#176 = DIRECTION ( 'NONE',  ( 0.000000000000000000, 0.000000000000000000, 1.000000000000000000 ) ) ;
#177 = EDGE_LOOP ( 'NONE', ( #1384, #1104, #167, #2170, #933, #1355 ) ) ;
#178 = ORIENTED_EDGE ( 'NONE', *, *, #1947, .T. ) ;
#179 = CARTESIAN_POINT ( 'NONE',  ( 10.00000000000000000, 149.5000000000000000, 8.400000000000000355 ) ) ;
#180 = DIRECTION ( 'NONE',  ( 1.000000000000000000, 0.000000000000000000, 0.000000000000000000 ) ) ;
#181 = ORIENTED_EDGE ( 'NONE', *, *, #1454, .F. ) ;
#182 = ORIENTED_EDGE ( 'NONE', *, *, #1782, .T. ) ;
#183 = CARTESIAN_POINT ( 'NONE',  ( 26.00000000000000355, 145.5000000000000000, 17.39999999999999858 ) ) ;
#184 = CIRCLE ( 'NONE', #1166, 1.799999999999999600 ) ;
#185 = CARTESIAN_POINT ( 'NONE',  ( -15.70000000000000284, 136.5500000000000114, 15.59999999999999964 ) ) ;
#186 = EDGE_CURVE ( 'NONE', #896, #2045, #31, .T. ) ;
#187 = DIRECTION ( 'NONE',  ( -0.000000000000000000, -0.000000000000000000, -1.000000000000000000 ) ) ;
#188 = CARTESIAN_POINT ( 'NONE',  ( 12.00000000000001066, 147.5000000000000000, 8.400000000000000355 ) ) ;
#189 = DIRECTION ( 'NONE',  ( -1.000000000000000000, 0.000000000000000000, 0.000000000000000000 ) ) ;
#190 = ORIENTED_EDGE ( 'NONE', *, *, #1744, .T. ) ;
#191 = ORIENTED_EDGE ( 'NONE', *, *, #549, .F. ) ;
#192 = DIRECTION ( 'NONE',  ( 0.000000000000000000, 1.000000000000000000, 0.000000000000000000 ) ) ;
#193 = EDGE_LOOP ( 'NONE', ( #503, #296, #1443, #658, #943, #534 ) ) ;
#194 = DIRECTION ( 'NONE',  ( 0.000000000000000000, 0.000000000000000000, -1.000000000000000000 ) ) ;
#195 = DESIGN_CONTEXT ( 'detailed design', #2119, 'design' ) ;
#196 = EDGE_CURVE ( 'NONE', #1595, #1605, #1150, .T. ) ;
#197 = DIRECTION ( 'NONE',  ( 1.000000000000000000, 0.000000000000000000, 0.000000000000000000 ) ) ;
#198 = CARTESIAN_POINT ( 'NONE',  ( 26.00000000000000355, 141.5500000000000114, 10.19999999999999929 ) ) ;
#199 = CARTESIAN_POINT ( 'NONE',  ( -19.40000000000000213, 118.5000000000000000, 8.400000000000000355 ) ) ;
#200 = EDGE_CURVE ( 'NONE', #839, #775, #95, .T. ) ;
#201 = ORIENTED_EDGE ( 'NONE', *, *, #1592, .T. ) ;
#202 = VERTEX_POINT ( 'NONE', #1251 ) ;
#203 = CARTESIAN_POINT ( 'NONE',  ( 26.00000000000000355, 145.5000000000000000, 17.39999999999999858 ) ) ;
#204 = AXIS2_PLACEMENT_3D ( 'NONE', #441, #1447, #1780 ) ;
#205 = ORIENTED_EDGE ( 'NONE', *, *, #516, .T. ) ;
#206 = CIRCLE ( 'NONE', #484, 1.799999999999999600 ) ;
#207 = AXIS2_PLACEMENT_3D ( 'NONE', #2165, #1813, #1134 ) ;
#208 = CARTESIAN_POINT ( 'NONE',  ( -17.50000000000000000, 118.5000000000000000, 10.19999999999999929 ) ) ;
#209 = CIRCLE ( 'NONE', #488, 1.799999999999999600 ) ;
#210 = AXIS2_PLACEMENT_3D ( 'NONE', #1587, #1428, #1606 ) ;
#211 = VECTOR ( 'NONE', #964, 1000.000000000000000 ) ;
#212 = CARTESIAN_POINT ( 'NONE',  ( -14.50000000000006750, 139.5500000000000114, 6.599999999999999645 ) ) ;
#213 = AXIS2_PLACEMENT_3D ( 'NONE', #2013, #517, #20 ) ;
#214 = CARTESIAN_POINT ( 'NONE',  ( -12.00000000000000000, 143.5999999999999943, 19.90000000000000213 ) ) ;
#215 = CARTESIAN_POINT ( 'NONE',  ( -17.50000000000000000, 118.5000000000000000, 8.400000000000000355 ) ) ;
#216 = VERTEX_POINT ( 'NONE', #274 ) ;
#217 = ORIENTED_EDGE ( 'NONE', *, *, #1525, .T. ) ;
#218 = DIRECTION ( 'NONE',  ( 0.000000000000000000, 0.000000000000000000, 1.000000000000000000 ) ) ;
#219 =( NAMED_UNIT ( * ) PLANE_ANGLE_UNIT ( ) SI_UNIT ( $, .RADIAN. ) );
#220 = AXIS2_PLACEMENT_3D ( 'NONE', #1358, #2036, #1534 ) ;
#221 = DIRECTION ( 'NONE',  ( 0.000000000000000000, 0.000000000000000000, 1.000000000000000000 ) ) ;
#222 = DIRECTION ( 'NONE',  ( -1.000000000000000000, 0.000000000000000000, 0.000000000000000000 ) ) ;
#223 = LINE ( 'NONE', #232, #343 ) ;
#224 = EDGE_LOOP ( 'NONE', ( #311, #1779, #1162, #1636, #1366 ) ) ;
#225 = ADVANCED_FACE ( 'NONE', ( #76 ), #1580, .T. ) ;
#226 = EDGE_CURVE ( 'NONE', #1415, #886, #1604, .T. ) ;
#227 = CARTESIAN_POINT ( 'NONE',  ( -15.70000000000000284, 106.3999999999999915, 15.59999999999999964 ) ) ;
#228 = VERTEX_POINT ( 'NONE', #593 ) ;
#229 = DATE_AND_TIME ( #1098, #1547 ) ;
#230 = EDGE_CURVE ( 'NONE', #1038, #1353, #253, .T. ) ;
#231 = DIRECTION ( 'NONE',  ( 0.000000000000000000, 0.000000000000000000, 1.000000000000000000 ) ) ;
#232 = CARTESIAN_POINT ( 'NONE',  ( -12.00000000000000000, 143.5999999999999943, 19.90000000000000213 ) ) ;
#233 = VERTEX_POINT ( 'NONE', #1422 ) ;
#234 = ORIENTED_EDGE ( 'NONE', *, *, #460, .T. ) ;
#235 = FACE_OUTER_BOUND ( 'NONE', #811, .T. ) ;
#236 = ADVANCED_FACE ( 'NONE', ( #84 ), #1955, .T. ) ;
#237 = ORIENTED_EDGE ( 'NONE', *, *, #341, .F. ) ;
#238 = CIRCLE ( 'NONE', #1397, 1.799999999999999600 ) ;
#239 = VECTOR ( 'NONE', #904, 1000.000000000000000 ) ;
#240 = DIRECTION ( 'NONE',  ( 0.000000000000000000, 0.000000000000000000, 1.000000000000000000 ) ) ;
#241 = VECTOR ( 'NONE', #106, 1000.000000000000000 ) ;
#242 = LINE ( 'NONE', #1601, #1495 ) ;
#243 = AXIS2_PLACEMENT_3D ( 'NONE', #467, #1169, #2161 ) ;
#244 = PLANE ( 'NONE',  #449 ) ;
#245 = VERTEX_POINT ( 'NONE', #769 ) ;
#246 = EDGE_LOOP ( 'NONE', ( #1900, #1339, #205, #1367, #1562 ) ) ;
#247 = ORIENTED_EDGE ( 'NONE', *, *, #495, .T. ) ;
#248 = DIRECTION ( 'NONE',  ( 0.000000000000000000, -1.000000000000000000, 0.000000000000000000 ) ) ;
#249 = DIRECTION ( 'NONE',  ( 1.000000000000000000, 0.000000000000000000, 0.000000000000000000 ) ) ;
#250 = VERTEX_POINT ( 'NONE', #1437 ) ;
#251 = DATE_TIME_ROLE ( 'classification_date' ) ;
#252 = EDGE_CURVE ( 'NONE', #38, #1685, #782, .T. ) ;
#253 = LINE ( 'NONE', #111, #2169 ) ;
#254 = VECTOR ( 'NONE', #118, 1000.000000000000000 ) ;
#255 = DIRECTION ( 'NONE',  ( -0.000000000000000000, -0.000000000000000000, -1.000000000000000000 ) ) ;
#256 = LINE ( 'NONE', #2055, #1961 ) ;
#257 = VERTEX_POINT ( 'NONE', #1948 ) ;
#258 = ORIENTED_EDGE ( 'NONE', *, *, #1921, .F. ) ;
#259 = ADVANCED_FACE ( 'NONE', ( #1616 ), #273, .T. ) ;
#260 = CARTESIAN_POINT ( 'NONE',  ( -17.50000000000000000, 118.5000000000000000, 8.400000000000000355 ) ) ;
#261 = DIRECTION ( 'NONE',  ( -1.000000000000000000, 0.000000000000000000, 0.000000000000000000 ) ) ;
#262 = PERSON_AND_ORGANIZATION ( #1202, #712 ) ;
#263 = CARTESIAN_POINT ( 'NONE',  ( 26.00000000000000355, 145.5000000000000000, 15.59999999999999964 ) ) ;
#264 = EDGE_CURVE ( 'NONE', #2011, #1227, #1539, .T. ) ;
#265 = DIRECTION ( 'NONE',  ( 0.000000000000000000, 0.000000000000000000, -1.000000000000000000 ) ) ;
#266 = DIRECTION ( 'NONE',  ( -1.000000000000000000, 0.000000000000000000, -0.000000000000000000 ) ) ;
#267 = ORIENTED_EDGE ( 'NONE', *, *, #883, .F. ) ;
#268 = ORIENTED_EDGE ( 'NONE', *, *, #186, .F. ) ;
#269 = CARTESIAN_POINT ( 'NONE',  ( -22.60000000000000142, 116.5999999999999943, 6.600000000000001421 ) ) ;
#270 = ADVANCED_FACE ( 'NONE', ( #1979 ), #595, .T. ) ;
#271 = VERTEX_POINT ( 'NONE', #1476 ) ;
#272 = PERSON_AND_ORGANIZATION ( #1202, #712 ) ;
#273 = TOROIDAL_SURFACE ( 'NONE', #557, 2.000000000000001776, 1.799999999999999600 ) ;
#274 = CARTESIAN_POINT ( 'NONE',  ( 26.00000000000000355, 145.5000000000000000, 13.79999999999999893 ) ) ;
#275 = AXIS2_PLACEMENT_3D ( 'NONE', #1284, #1756, #1974 ) ;
#276 = AXIS2_PLACEMENT_3D ( 'NONE', #784, #286, #1167 ) ;
#277 = CYLINDRICAL_SURFACE ( 'NONE', #1013, 1.799999999999999600 ) ;
#278 = CARTESIAN_POINT ( 'NONE',  ( -19.40000000000000213, 104.5000000000000000, 15.59999999999999964 ) ) ;
#279 = AXIS2_PLACEMENT_3D ( 'NONE', #345, #698, #48 ) ;
#280 = CC_DESIGN_PERSON_AND_ORGANIZATION_ASSIGNMENT ( #262, #74, ( #1909 ) ) ;
#281 = AXIS2_PLACEMENT_3D ( 'NONE', #297, #1652, #1471 ) ;
#282 = DIRECTION ( 'NONE',  ( -1.000000000000000000, 0.000000000000000000, 0.000000000000000000 ) ) ;
#283 = DIRECTION ( 'NONE',  ( 0.000000000000000000, 0.000000000000000000, -1.000000000000000000 ) ) ;
#284 = ORIENTED_EDGE ( 'NONE', *, *, #883, .T. ) ;
#285 = CARTESIAN_POINT ( 'NONE',  ( 12.00000000000001066, 147.5000000000000000, 15.59999999999999964 ) ) ;
#286 = DIRECTION ( 'NONE',  ( -0.000000000000000000, -0.000000000000000000, -1.000000000000000000 ) ) ;
#287 = DIRECTION ( 'NONE',  ( 0.000000000000000000, 1.000000000000000000, 0.000000000000000000 ) ) ;
#288 = CARTESIAN_POINT ( 'NONE',  ( -14.50000000000006040, 141.3499999999999943, 15.59999999999999964 ) ) ;
#289 = CARTESIAN_POINT ( 'NONE',  ( -25.10000000000000142, 104.5000000000000000, -8.599999999999999645 ) ) ;
#290 = EDGE_CURVE ( 'NONE', #1605, #1709, #879, .T. ) ;
#291 = VERTEX_POINT ( 'NONE', #1634 ) ;
#292 = CYLINDRICAL_SURFACE ( 'NONE', #1278, 1.799999999999999600 ) ;
#293 = CARTESIAN_POINT ( 'NONE',  ( 10.00000000000000000, 152.0000000000000000, 10.19999999999999929 ) ) ;
#294 = EDGE_CURVE ( 'NONE', #1440, #1292, #1824, .T. ) ;
#295 = CARTESIAN_POINT ( 'NONE',  ( 23.99999999999999289, 139.5500000000000114, 13.79999999999999893 ) ) ;
#296 = ORIENTED_EDGE ( 'NONE', *, *, #1370, .T. ) ;
#297 = CARTESIAN_POINT ( 'NONE',  ( -22.60000000000000142, 116.5999999999999943, 5.899999999999999467 ) ) ;
#298 = FACE_OUTER_BOUND ( 'NONE', #1670, .T. ) ;
#299 = ORIENTED_EDGE ( 'NONE', *, *, #2121, .T. ) ;
#300 = ORIENTED_EDGE ( 'NONE', *, *, #264, .T. ) ;
#301 = DIRECTION ( 'NONE',  ( 1.000000000000000000, -0.000000000000000000, -0.000000000000000000 ) ) ;
#302 = DIRECTION ( 'NONE',  ( 0.000000000000000000, 1.000000000000000000, 0.000000000000000000 ) ) ;
#303 = AXIS2_PLACEMENT_3D ( 'NONE', #882, #857, #51 ) ;
#304 = FACE_OUTER_BOUND ( 'NONE', #521, .T. ) ;
#305 = ORIENTED_EDGE ( 'NONE', *, *, #1112, .F. ) ;
#306 = TOROIDAL_SURFACE ( 'NONE', #1747, 2.000000000000001776, 1.799999999999999600 ) ;
#307 = CIRCLE ( 'NONE', #1533, 1.799999999999999600 ) ;
#308 = CARTESIAN_POINT ( 'NONE',  ( -14.50000000000000000, 139.5500000000000114, 8.400000000000000355 ) ) ;
#309 = TOROIDAL_SURFACE ( 'NONE', #29, 2.500000000000009326, 1.799999999999999600 ) ;
#310 = DIRECTION ( 'NONE',  ( 1.000000000000000000, 0.000000000000000000, 0.000000000000000000 ) ) ;
#311 = ORIENTED_EDGE ( 'NONE', *, *, #1393, .T. ) ;
#312 = VECTOR ( 'NONE', #410, 1000.000000000000000 ) ;
#313 = ORIENTED_EDGE ( 'NONE', *, *, #230, .F. ) ;
#314 = DIRECTION ( 'NONE',  ( 1.000000000000000000, 0.000000000000000000, 0.000000000000000000 ) ) ;
#315 = EDGE_CURVE ( 'NONE', #544, #1655, #1133, .T. ) ;
#316 = EDGE_CURVE ( 'NONE', #2045, #910, #2139, .T. ) ;
#317 = CARTESIAN_POINT ( 'NONE',  ( 10.00000000000000000, 149.5000000000000000, 15.59999999999999964 ) ) ;
#318 = ORIENTED_EDGE ( 'NONE', *, *, #396, .F. ) ;
#319 = DIRECTION ( 'NONE',  ( 0.000000000000000000, 0.000000000000000000, 1.000000000000000000 ) ) ;
#320 = CARTESIAN_POINT ( 'NONE',  ( -17.50000000000000000, 118.5000000000000000, 6.599999999999999645 ) ) ;
#321 = CIRCLE ( 'NONE', #746, 1.799999999999999600 ) ;
#322 = ADVANCED_FACE ( 'NONE', ( #119 ), #2148, .T. ) ;
#323 = EDGE_LOOP ( 'NONE', ( #1672, #47, #1911, #890, #1857, #50 ) ) ;
#324 = CIRCLE ( 'NONE', #501, 0.2000000000000022593 ) ;
#325 = DIRECTION ( 'NONE',  ( 1.000000000000000000, 0.000000000000000000, 0.000000000000000000 ) ) ;
#326 = EDGE_CURVE ( 'NONE', #2001, #1930, #1969, .T. ) ;
#327 = ORIENTED_EDGE ( 'NONE', *, *, #1059, .T. ) ;
#328 = ORIENTED_EDGE ( 'NONE', *, *, #432, .T. ) ;
#329 = DIRECTION ( 'NONE',  ( 1.000000000000000000, 0.000000000000000000, 0.000000000000000000 ) ) ;
#330 = CARTESIAN_POINT ( 'NONE',  ( -17.50000000000000000, 136.5500000000000114, 8.400000000000000355 ) ) ;
#331 = ORIENTED_EDGE ( 'NONE', *, *, #402, .F. ) ;
#332 = ORIENTED_EDGE ( 'NONE', *, *, #1050, .T. ) ;
#333 = ADVANCED_FACE ( 'NONE', ( #981 ), #306, .T. ) ;
#334 = DIRECTION ( 'NONE',  ( 1.000000000000000000, 0.000000000000000000, 0.000000000000000000 ) ) ;
#335 = DIRECTION ( 'NONE',  ( -1.000000000000000000, 0.000000000000000000, 0.000000000000000000 ) ) ;
#336 = ORIENTED_EDGE ( 'NONE', *, *, #979, .T. ) ;
#337 = DIRECTION ( 'NONE',  ( 0.000000000000000000, 0.000000000000000000, 1.000000000000000000 ) ) ;
#338 = CARTESIAN_POINT ( 'NONE',  ( 23.99999999999999289, 139.5500000000000114, 17.39999999999999858 ) ) ;
#339 = AXIS2_PLACEMENT_3D ( 'NONE', #1953, #1083, #1442 ) ;
#340 = ORIENTED_EDGE ( 'NONE', *, *, #714, .T. ) ;
#341 = EDGE_CURVE ( 'NONE', #1407, #839, #1082, .T. ) ;
#342 = ORIENTED_EDGE ( 'NONE', *, *, #646, .F. ) ;
#343 = VECTOR ( 'NONE', #1524, 1000.000000000000000 ) ;
#344 = CIRCLE ( 'NONE', #871, 0.2000000000000022593 ) ;
#345 = CARTESIAN_POINT ( 'NONE',  ( -22.60000000000000142, 104.5000000000000000, 13.10000000000000142 ) ) ;
#346 = ORIENTED_EDGE ( 'NONE', *, *, #1496, .T. ) ;
#347 = AXIS2_PLACEMENT_3D ( 'NONE', #1661, #642, #162 ) ;
#348 = LINE ( 'NONE', #49, #1445 ) ;
#349 = AXIS2_PLACEMENT_3D ( 'NONE', #52, #1268, #1560 ) ;
#350 = CARTESIAN_POINT ( 'NONE',  ( -25.10000000000000142, 116.5999999999999943, -8.599999999999999645 ) ) ;
#351 = DIRECTION ( 'NONE',  ( 0.000000000000000000, 0.000000000000000000, 1.000000000000000000 ) ) ;
#352 = ORIENTED_EDGE ( 'NONE', *, *, #1390, .T. ) ;
#353 = LINE ( 'NONE', #214, #1057 ) ;
#354 = DIRECTION ( 'NONE',  ( -0.000000000000000000, -0.000000000000000000, -1.000000000000000000 ) ) ;
#355 = ORIENTED_EDGE ( 'NONE', *, *, #226, .F. ) ;
#356 = ORIENTED_EDGE ( 'NONE', *, *, #2083, .F. ) ;
#357 = CARTESIAN_POINT ( 'NONE',  ( -14.50000000000006040, 139.5500000000000114, 15.59999999999999964 ) ) ;
#358 = ADVANCED_FACE ( 'NONE', ( #107 ), #659, .T. ) ;
#359 = AXIS2_PLACEMENT_3D ( 'NONE', #812, #314, #1832 ) ;
#360 = CC_DESIGN_APPROVAL ( #125, ( #1977 ) ) ;
#361 = DIRECTION ( 'NONE',  ( -1.000000000000000000, 0.000000000000000000, 0.000000000000000000 ) ) ;
#362 = EDGE_CURVE ( 'NONE', #1139, #1247, #1293, .T. ) ;
#363 = DIRECTION ( 'NONE',  ( 0.000000000000000000, 0.000000000000000000, -1.000000000000000000 ) ) ;
#364 = CARTESIAN_POINT ( 'NONE',  ( -22.60000000000000142, 116.5999999999999943, 5.899999999999999467 ) ) ;
#365 = CARTESIAN_POINT ( 'NONE',  ( -23.30000000000000071, 104.5000000000000000, -8.599999999999999645 ) ) ;
#366 = ORIENTED_EDGE ( 'NONE', *, *, #725, .T. ) ;
#367 = VERTEX_POINT ( 'NONE', #1944 ) ;
#368 = ORIENTED_EDGE ( 'NONE', *, *, #1280, .T. ) ;
#369 = CARTESIAN_POINT ( 'NONE',  ( 10.00000000000000000, 152.0000000000000000, 8.400000000000000355 ) ) ;
#370 = EDGE_LOOP ( 'NONE', ( #1651, #1457, #1383, #804, #707 ) ) ;
#371 = LINE ( 'NONE', #844, #569 ) ;
#372 = DIRECTION ( 'NONE',  ( 1.000000000000000000, 0.000000000000000000, 0.000000000000000000 ) ) ;
#373 = CYLINDRICAL_SURFACE ( 'NONE', #1056, 1.799999999999999600 ) ;
#374 = CARTESIAN_POINT ( 'NONE',  ( 10.00000000000000000, 149.5000000000000000, 15.59999999999999964 ) ) ;
#375 = CARTESIAN_POINT ( 'NONE',  ( 27.80000000000000071, 141.5500000000000114, 8.400000000000000355 ) ) ;
#376 = ORIENTED_EDGE ( 'NONE', *, *, #646, .T. ) ;
#377 = EDGE_LOOP ( 'NONE', ( #340, #2159 ) ) ;
#378 = FACE_OUTER_BOUND ( 'NONE', #1030, .T. ) ;
#379 = CIRCLE ( 'NONE', #1531, 1.799999999999999600 ) ;
#380 = CIRCLE ( 'NONE', #589, 3.699999999999998401 ) ;
#381 = AXIS2_PLACEMENT_3D ( 'NONE', #608, #920, #442 ) ;
#382 = DIRECTION ( 'NONE',  ( 0.000000000000000000, 0.000000000000000000, -1.000000000000000000 ) ) ;
#383 = AXIS2_PLACEMENT_3D ( 'NONE', #2025, #1047, #391 ) ;
#384 = ORIENTED_EDGE ( 'NONE', *, *, #621, .F. ) ;
#385 = AXIS2_PLACEMENT_3D ( 'NONE', #1517, #192, #1873 ) ;
#386 = FACE_OUTER_BOUND ( 'NONE', #974, .T. ) ;
#387 = EDGE_CURVE ( 'NONE', #753, #1084, #380, .T. ) ;
#388 = EDGE_CURVE ( 'NONE', #507, #1194, #766, .T. ) ;
#389 = AXIS2_PLACEMENT_3D ( 'NONE', #1706, #1, #1060 ) ;
#390 = DIRECTION ( 'NONE',  ( -0.000000000000000000, -0.000000000000000000, -1.000000000000000000 ) ) ;
#391 = DIRECTION ( 'NONE',  ( -1.000000000000000000, 0.000000000000000000, 0.000000000000000000 ) ) ;
#392 = ORIENTED_EDGE ( 'NONE', *, *, #402, .T. ) ;
#393 = EDGE_LOOP ( 'NONE', ( #408, #1540, #1317, #2181, #477, #1826 ) ) ;
#394 = DIRECTION ( 'NONE',  ( 0.000000000000000000, -1.000000000000000000, 0.000000000000000000 ) ) ;
#395 = ORIENTED_EDGE ( 'NONE', *, *, #2015, .T. ) ;
#396 = EDGE_CURVE ( 'NONE', #796, #1094, #798, .T. ) ;
#397 = VERTEX_POINT ( 'NONE', #613 ) ;
#398 = PRODUCT_DEFINITION_SHAPE ( 'NONE', 'NONE',  #1001 ) ;
#399 = APPROVAL_STATUS ( 'not_yet_approved' ) ;
#400 = AXIS2_PLACEMENT_3D ( 'NONE', #1388, #528, #1187 ) ;
#401 = CARTESIAN_POINT ( 'NONE',  ( 10.00000000000000000, 149.5000000000000000, 15.59999999999999964 ) ) ;
#402 = EDGE_CURVE ( 'NONE', #522, #228, #1799, .T. ) ;
#403 = CARTESIAN_POINT ( 'NONE',  ( 26.00000000000000355, 145.5000000000000000, 10.19999999999999929 ) ) ;
#404 = CARTESIAN_POINT ( 'NONE',  ( -19.40000000000000213, 106.2999999999999972, 15.59999999999999964 ) ) ;
#405 = ORIENTED_EDGE ( 'NONE', *, *, #2121, .F. ) ;
#406 = ORIENTED_EDGE ( 'NONE', *, *, #498, .F. ) ;
#407 = DIRECTION ( 'NONE',  ( 0.000000000000000000, 0.000000000000000000, 1.000000000000000000 ) ) ;
#408 = ORIENTED_EDGE ( 'NONE', *, *, #1073, .F. ) ;
#409 = EDGE_LOOP ( 'NONE', ( #2054, #1724, #318, #1529, #474 ) ) ;
#410 = DIRECTION ( 'NONE',  ( 1.000000000000000000, 0.000000000000000000, 0.000000000000000000 ) ) ;
#411 = CARTESIAN_POINT ( 'NONE',  ( -26.89999999999999858, 104.5000000000000000, -8.599999999999999645 ) ) ;
#412 = DIRECTION ( 'NONE',  ( 0.000000000000000000, 0.000000000000000000, -1.000000000000000000 ) ) ;
#413 = ORIENTED_EDGE ( 'NONE', *, *, #133, .T. ) ;
#414 = EDGE_LOOP ( 'NONE', ( #2064, #71, #268, #1660, #851 ) ) ;
#415 = CARTESIAN_POINT ( 'NONE',  ( -19.40000000000000213, 116.5999999999999943, 8.400000000000000355 ) ) ;
#416 = ADVANCED_FACE ( 'NONE', ( #936 ), #795, .T. ) ;
#417 = PERSON_AND_ORGANIZATION ( #1202, #712 ) ;
#418 = AXIS2_PLACEMENT_3D ( 'NONE', #799, #1803, #1467 ) ;
#419 = CIRCLE ( 'NONE', #2140, 1.799999999999999600 ) ;
#420 = AXIS2_PLACEMENT_3D ( 'NONE', #760, #1449, #454 ) ;
#421 = DIRECTION ( 'NONE',  ( 0.000000000000000000, 0.000000000000000000, 1.000000000000000000 ) ) ;
#422 = AXIS2_PLACEMENT_3D ( 'NONE', #1279, #579, #618 ) ;
#423 = CARTESIAN_POINT ( 'NONE',  ( -21.50000000000000000, 104.5000000000000000, 15.59999999999999964 ) ) ;
#424 = AXIS2_PLACEMENT_3D ( 'NONE', #364, #1205, #36 ) ;
#425 = DIRECTION ( 'NONE',  ( 0.000000000000000000, 0.000000000000000000, 1.000000000000000000 ) ) ;
#426 = ORIENTED_EDGE ( 'NONE', *, *, #1240, .F. ) ;
#427 = VERTEX_POINT ( 'NONE', #1788 ) ;
#428 = DIRECTION ( 'NONE',  ( 0.000000000000000000, 0.000000000000000000, -1.000000000000000000 ) ) ;
#429 = APPROVAL_STATUS ( 'not_yet_approved' ) ;
#430 = EDGE_CURVE ( 'NONE', #1398, #934, #1119, .T. ) ;
#431 = CARTESIAN_POINT ( 'NONE',  ( -17.50000000000000000, 136.5500000000000114, 8.400000000000000355 ) ) ;
#432 = EDGE_CURVE ( 'NONE', #1808, #1254, #1993, .T. ) ;
#433 = CARTESIAN_POINT ( 'NONE',  ( 23.99999999999999289, 139.5500000000000114, 15.59999999999999964 ) ) ;
#434 = DIRECTION ( 'NONE',  ( 0.000000000000000000, -1.000000000000000000, 0.000000000000000000 ) ) ;
#435 = APPROVAL_PERSON_ORGANIZATION ( #272, #1972, #1758 ) ;
#436 = VERTEX_POINT ( 'NONE', #623 ) ;
#437 = ORIENTED_EDGE ( 'NONE', *, *, #1842, .F. ) ;
#438 = CARTESIAN_POINT ( 'NONE',  ( -12.00000000000000000, 143.5999999999999943, 19.90000000000000213 ) ) ;
#439 = DIRECTION ( 'NONE',  ( 1.000000000000000000, 0.000000000000000000, 0.000000000000000000 ) ) ;
#440 = ORIENTED_EDGE ( 'NONE', *, *, #2130, .F. ) ;
#441 = CARTESIAN_POINT ( 'NONE',  ( 26.00000000000000355, 141.5500000000000114, 15.59999999999999964 ) ) ;
#442 = DIRECTION ( 'NONE',  ( 0.000000000000000000, 0.000000000000000000, 1.000000000000000000 ) ) ;
#443 = DIRECTION ( 'NONE',  ( 0.000000000000000000, 0.000000000000000000, 1.000000000000000000 ) ) ;
#444 = CARTESIAN_POINT ( 'NONE',  ( -14.50000000000000178, 136.5500000000000114, 8.400000000000000355 ) ) ;
#445 = CARTESIAN_POINT ( 'NONE',  ( 26.00000000000000355, 141.5500000000000114, 8.400000000000000355 ) ) ;
#446 = ORIENTED_EDGE ( 'NONE', *, *, #789, .F. ) ;
#447 = CIRCLE ( 'NONE', #1674, 1.799999999999999600 ) ;
#448 = DIRECTION ( 'NONE',  ( 0.000000000000000000, 0.000000000000000000, -1.000000000000000000 ) ) ;
#449 = AXIS2_PLACEMENT_3D ( 'NONE', #581, #1405, #266 ) ;
#450 = AXIS2_PLACEMENT_3D ( 'NONE', #150, #496, #1448 ) ;
#451 = CC_DESIGN_DATE_AND_TIME_ASSIGNMENT ( #1578, #251, ( #1977 ) ) ;
#452 = ADVANCED_FACE ( 'NONE', ( #1096 ), #1597, .T. ) ;
#453 = DIRECTION ( 'NONE',  ( 1.000000000000000000, 0.000000000000000000, 0.000000000000000000 ) ) ;
#454 = DIRECTION ( 'NONE',  ( 0.000000000000000000, 0.000000000000000000, 1.000000000000000000 ) ) ;
#455 = VECTOR ( 'NONE', #1220, 1000.000000000000000 ) ;
#456 = CIRCLE ( 'NONE', #349, 3.699999999999998401 ) ;
#457 = FACE_OUTER_BOUND ( 'NONE', #1989, .T. ) ;
#458 = DIRECTION ( 'NONE',  ( 0.000000000000000000, 0.000000000000000000, 1.000000000000000000 ) ) ;
#459 = EDGE_LOOP ( 'NONE', ( #1663, #1314, #190, #1929, #171 ) ) ;
#460 = EDGE_CURVE ( 'NONE', #427, #202, #164, .T. ) ;
#461 = DIRECTION ( 'NONE',  ( -1.000000000000000000, 0.000000000000000000, 0.000000000000000000 ) ) ;
#462 = DIRECTION ( 'NONE',  ( -1.000000000000000000, 0.000000000000000000, 0.000000000000000000 ) ) ;
#463 = CARTESIAN_POINT ( 'NONE',  ( -12.00000000000000000, 143.5999999999999943, 19.90000000000000213 ) ) ;
#464 = ORIENTED_EDGE ( 'NONE', *, *, #1198, .F. ) ;
#465 = AXIS2_PLACEMENT_3D ( 'NONE', #671, #2010, #17 ) ;
#466 = EDGE_CURVE ( 'NONE', #2098, #1673, #1819, .T. ) ;
#467 = CARTESIAN_POINT ( 'NONE',  ( -17.50000000000000000, 136.5500000000000114, 15.59999999999999964 ) ) ;
#468 = APPROVAL_PERSON_ORGANIZATION ( #2101, #125, #615 ) ;
#469 = DIRECTION ( 'NONE',  ( 0.000000000000000000, 0.000000000000000000, 1.000000000000000000 ) ) ;
#470 = ORIENTED_EDGE ( 'NONE', *, *, #617, .T. ) ;
#471 = FACE_BOUND ( 'NONE', #1516, .T. ) ;
#472 = CARTESIAN_POINT ( 'NONE',  ( -19.40000000000000213, 106.3999999999999915, 15.59999999999999964 ) ) ;
#473 = FACE_OUTER_BOUND ( 'NONE', #1197, .T. ) ;
#474 = ORIENTED_EDGE ( 'NONE', *, *, #1165, .F. ) ;
#475 = DIRECTION ( 'NONE',  ( 1.000000000000000000, 0.000000000000000000, 0.000000000000000000 ) ) ;
#476 = CARTESIAN_POINT ( 'NONE',  ( -23.30000000000000071, 116.5999999999999943, -8.599999999999999645 ) ) ;
#477 = ORIENTED_EDGE ( 'NONE', *, *, #627, .T. ) ;
#478 = EDGE_CURVE ( 'NONE', #170, #831, #1356, .T. ) ;
#479 = DIRECTION ( 'NONE',  ( 0.000000000000000000, 0.000000000000000000, -1.000000000000000000 ) ) ;
#480 = AXIS2_PLACEMENT_3D ( 'NONE', #1535, #690, #2023 ) ;
#481 = CARTESIAN_POINT ( 'NONE',  ( 26.00000000000000355, 145.5000000000000000, 15.59999999999999964 ) ) ;
#482 = EDGE_CURVE ( 'NONE', #1139, #1168, #60, .T. ) ;
#483 = VERTEX_POINT ( 'NONE', #1419 ) ;
#484 = AXIS2_PLACEMENT_3D ( 'NONE', #1351, #1161, #1502 ) ;
#485 = CIRCLE ( 'NONE', #1641, 1.799999999999999600 ) ;
#486 = ORIENTED_EDGE ( 'NONE', *, *, #1446, .F. ) ;
#487 = CARTESIAN_POINT ( 'NONE',  ( -25.10000000000000142, 116.5999999999999943, -8.599999999999999645 ) ) ;
#488 = AXIS2_PLACEMENT_3D ( 'NONE', #37, #1217, #1235 ) ;
#489 = CARTESIAN_POINT ( 'NONE',  ( -12.00000000000000000, 135.5000000000000000, 4.100000000000000533 ) ) ;
#490 = ORIENTED_EDGE ( 'NONE', *, *, #430, .F. ) ;
#491 = AXIS2_PLACEMENT_3D ( 'NONE', #357, #1054, #853 ) ;
#492 = AXIS2_PLACEMENT_3D ( 'NONE', #431, #1760, #918 ) ;
#493 = TOROIDAL_SURFACE ( 'NONE', #1020, 1.899999999999999023, 1.799999999999999600 ) ;
#494 = CARTESIAN_POINT ( 'NONE',  ( 23.99999999999999289, 147.5000000000000000, 17.39999999999999858 ) ) ;
#495 = EDGE_CURVE ( 'NONE', #250, #796, #731, .T. ) ;
#496 = DIRECTION ( 'NONE',  ( 1.000000000000000000, -1.734723475976805517E-15, 0.000000000000000000 ) ) ;
#497 = ORIENTED_EDGE ( 'NONE', *, *, #725, .F. ) ;
#498 = EDGE_CURVE ( 'NONE', #1094, #753, #2104, .T. ) ;
#499 = CARTESIAN_POINT ( 'NONE',  ( 26.00000000000000355, 145.5000000000000000, 8.400000000000000355 ) ) ;
#500 = DIRECTION ( 'NONE',  ( -1.000000000000000000, 0.000000000000000000, -0.000000000000000000 ) ) ;
#501 = AXIS2_PLACEMENT_3D ( 'NONE', #1633, #126, #1464 ) ;
#502 = VERTEX_POINT ( 'NONE', #1777 ) ;
#503 = ORIENTED_EDGE ( 'NONE', *, *, #940, .F. ) ;
#504 = ORIENTED_EDGE ( 'NONE', *, *, #1446, .T. ) ;
#505 = CARTESIAN_POINT ( 'NONE',  ( -19.40000000000000213, 118.3999999999999915, 8.400000000000000355 ) ) ;
#506 = DIRECTION ( 'NONE',  ( 0.000000000000000000, 0.000000000000000000, 1.000000000000000000 ) ) ;
#507 = VERTEX_POINT ( 'NONE', #269 ) ;
#508 = EDGE_CURVE ( 'NONE', #1752, #877, #693, .T. ) ;
#509 = VERTEX_POINT ( 'NONE', #1333 ) ;
#510 = DIRECTION ( 'NONE',  ( 0.000000000000000000, 0.000000000000000000, 1.000000000000000000 ) ) ;
#511 = DIRECTION ( 'NONE',  ( -0.000000000000000000, -0.000000000000000000, -1.000000000000000000 ) ) ;
#512 = ORIENTED_EDGE ( 'NONE', *, *, #652, .T. ) ;
#513 = VERTEX_POINT ( 'NONE', #320 ) ;
#514 = CARTESIAN_POINT ( 'NONE',  ( 23.99999999999999289, 147.5000000000000000, 15.59999999999999964 ) ) ;
#515 = CARTESIAN_POINT ( 'NONE',  ( 10.00000000000000000, 152.0000000000000000, 15.59999999999999964 ) ) ;
#516 = EDGE_CURVE ( 'NONE', #1007, #291, #447, .T. ) ;
#517 = DIRECTION ( 'NONE',  ( -0.000000000000000000, -0.000000000000000000, -1.000000000000000000 ) ) ;
#518 = DIRECTION ( 'NONE',  ( 0.000000000000000000, 0.000000000000000000, -1.000000000000000000 ) ) ;
#519 = VECTOR ( 'NONE', #1123, 1000.000000000000000 ) ;
#520 = CIRCLE ( 'NONE', #1789, 3.800000000000001155 ) ;
#521 = EDGE_LOOP ( 'NONE', ( #384, #1487, #1452, #109, #1039, #352 ) ) ;
#522 = VERTEX_POINT ( 'NONE', #476 ) ;
#523 = AXIS2_PLACEMENT_3D ( 'NONE', #215, #1950, #785 ) ;
#524 = CARTESIAN_POINT ( 'NONE',  ( -19.40000000000000213, 116.5999999999999943, 8.400000000000000355 ) ) ;
#525 = ORIENTED_EDGE ( 'NONE', *, *, #1525, .F. ) ;
#526 = CIRCLE ( 'NONE', #1500, 1.799999999999999600 ) ;
#527 = AXIS2_PLACEMENT_3D ( 'NONE', #2082, #1077, #1309 ) ;
#528 = DIRECTION ( 'NONE',  ( 1.000000000000000000, 0.000000000000000000, 0.000000000000000000 ) ) ;
#529 = EDGE_CURVE ( 'NONE', #1041, #1673, #819, .T. ) ;
#530 = DIRECTION ( 'NONE',  ( 0.000000000000000000, 0.000000000000000000, 1.000000000000000000 ) ) ;
#531 = DIRECTION ( 'NONE',  ( 1.000000000000000000, 0.000000000000000000, 0.000000000000000000 ) ) ;
#532 = CARTESIAN_POINT ( 'NONE',  ( 12.00000000000001066, 149.2999999999999829, 8.400000000000000355 ) ) ;
#533 = DIRECTION ( 'NONE',  ( 0.000000000000000000, 1.000000000000000000, 0.000000000000000000 ) ) ;
#534 = ORIENTED_EDGE ( 'NONE', *, *, #478, .F. ) ;
#535 = ORIENTED_EDGE ( 'NONE', *, *, #362, .T. ) ;
#536 = DIRECTION ( 'NONE',  ( 0.000000000000000000, -1.000000000000000000, 0.000000000000000000 ) ) ;
#537 = ORIENTED_EDGE ( 'NONE', *, *, #1412, .T. ) ;
#538 = LINE ( 'NONE', #892, #640 ) ;
#539 = DIRECTION ( 'NONE',  ( -0.000000000000000000, -0.000000000000000000, -1.000000000000000000 ) ) ;
#540 = ORIENTED_EDGE ( 'NONE', *, *, #1947, .F. ) ;
#541 = DIRECTION ( 'NONE',  ( 0.000000000000000000, 0.000000000000000000, 1.000000000000000000 ) ) ;
#542 = DIRECTION ( 'NONE',  ( -1.000000000000000000, 0.000000000000000000, 0.000000000000000000 ) ) ;
#543 = ORIENTED_EDGE ( 'NONE', *, *, #1112, .T. ) ;
#544 = VERTEX_POINT ( 'NONE', #1137 ) ;
#545 = DIRECTION ( 'NONE',  ( -1.000000000000000000, 0.000000000000000000, 0.000000000000000000 ) ) ;
#546 = ORIENTED_EDGE ( 'NONE', *, *, #2047, .F. ) ;
#547 = CYLINDRICAL_SURFACE ( 'NONE', #1308, 1.799999999999999600 ) ;
#548 = EDGE_CURVE ( 'NONE', #88, #696, #206, .T. ) ;
#549 = EDGE_CURVE ( 'NONE', #896, #1506, #1829, .T. ) ;
#550 = DIRECTION ( 'NONE',  ( 1.000000000000000000, 0.000000000000000000, 0.000000000000000000 ) ) ;
#551 = EDGE_CURVE ( 'NONE', #1551, #245, #1048, .T. ) ;
#552 = LINE ( 'NONE', #411, #1089 ) ;
#553 = CARTESIAN_POINT ( 'NONE',  ( -14.50000000000000178, 136.5500000000000114, 8.400000000000000355 ) ) ;
#554 = EDGE_LOOP ( 'NONE', ( #1130, #13, #1482, #1830, #678, #3 ) ) ;
#555 = ORIENTED_EDGE ( 'NONE', *, *, #1781, .T. ) ;
#556 = CYLINDRICAL_SURFACE ( 'NONE', #172, 1.799999999999999600 ) ;
#557 = AXIS2_PLACEMENT_3D ( 'NONE', #571, #1242, #1913 ) ;
#558 = AXIS2_PLACEMENT_3D ( 'NONE', #330, #2162, #1004 ) ;
#559 = DIRECTION ( 'NONE',  ( 0.000000000000000000, 0.000000000000000000, 1.000000000000000000 ) ) ;
#560 = AXIS2_PLACEMENT_3D ( 'NONE', #1289, #750, #966 ) ;
#561 = CIRCLE ( 'NONE', #1644, 1.799999999999999600 ) ;
#562 = CYLINDRICAL_SURFACE ( 'NONE', #25, 1.799999999999999600 ) ;
#563 = DIRECTION ( 'NONE',  ( 0.000000000000000000, 0.000000000000000000, 1.000000000000000000 ) ) ;
#564 = DIRECTION ( 'NONE',  ( 0.000000000000000000, 0.000000000000000000, -1.000000000000000000 ) ) ;
#565 = EDGE_CURVE ( 'NONE', #1292, #245, #626, .T. ) ;
#566 = ORIENTED_EDGE ( 'NONE', *, *, #387, .F. ) ;
#567 = ORIENTED_EDGE ( 'NONE', *, *, #1198, .T. ) ;
#568 = CARTESIAN_POINT ( 'NONE',  ( -22.60000000000000142, 104.5000000000000000, 13.10000000000000142 ) ) ;
#569 = VECTOR ( 'NONE', #1346, 1000.000000000000000 ) ;
#570 = CC_DESIGN_SECURITY_CLASSIFICATION ( #1977, ( #1909 ) ) ;
#571 = CARTESIAN_POINT ( 'NONE',  ( 24.00000000000000000, 141.5500000000000114, 15.59999999999999964 ) ) ;
#572 = EDGE_CURVE ( 'NONE', #1655, #367, #1807, .T. ) ;
#573 = FACE_OUTER_BOUND ( 'NONE', #246, .T. ) ;
#574 = CARTESIAN_POINT ( 'NONE',  ( -17.50000000000000000, 106.3999999999999915, 17.39999999999999858 ) ) ;
#575 = ORIENTED_EDGE ( 'NONE', *, *, #1008, .F. ) ;
#576 = ORIENTED_EDGE ( 'NONE', *, *, #919, .F. ) ;
#577 = FACE_OUTER_BOUND ( 'NONE', #2027, .T. ) ;
#578 = SECURITY_CLASSIFICATION_LEVEL ( 'unclassified' ) ;
#579 = DIRECTION ( 'NONE',  ( 0.000000000000000000, 1.000000000000000000, 0.000000000000000000 ) ) ;
#580 = CARTESIAN_POINT ( 'NONE',  ( 26.00000000000000355, 141.5500000000000114, 17.39999999999999858 ) ) ;
#581 = CARTESIAN_POINT ( 'NONE',  ( 0.000000000000000000, 0.000000000000000000, 4.100000000000000533 ) ) ;
#582 = VERTEX_POINT ( 'NONE', #837 ) ;
#583 = ADVANCED_FACE ( 'NONE', ( #298 ), #976, .F. ) ;
#584 = ORIENTED_EDGE ( 'NONE', *, *, #986, .T. ) ;
#585 = DIRECTION ( 'NONE',  ( -1.000000000000000000, 0.000000000000000000, 0.000000000000000000 ) ) ;
#586 = DIRECTION ( 'NONE',  ( 1.000000000000000000, 0.000000000000000000, 0.000000000000000000 ) ) ;
#587 = PERSON_AND_ORGANIZATION ( #1202, #712 ) ;
#588 = CIRCLE ( 'NONE', #867, 1.799999999999999600 ) ;
#589 = AXIS2_PLACEMENT_3D ( 'NONE', #1116, #1259, #968 ) ;
#590 = TOROIDAL_SURFACE ( 'NONE', #736, 1.899999999999999023, 1.799999999999999600 ) ;
#591 = ADVANCED_FACE ( 'NONE', ( #1481 ), #155, .F. ) ;
#592 = AXIS2_PLACEMENT_3D ( 'NONE', #1896, #21, #692 ) ;
#593 = CARTESIAN_POINT ( 'NONE',  ( -23.30000000000000071, 116.5999999999999943, 5.899999999999998579 ) ) ;
#594 = AXIS2_PLACEMENT_3D ( 'NONE', #1332, #145, #1960 ) ;
#595 = TOROIDAL_SURFACE ( 'NONE', #1932, 1.899999999999999023, 1.799999999999999600 ) ;
#596 = DIRECTION ( 'NONE',  ( 0.000000000000000000, 0.000000000000000000, 1.000000000000000000 ) ) ;
#597 = CIRCLE ( 'NONE', #1681, 1.799999999999999600 ) ;
#598 = CARTESIAN_POINT ( 'NONE',  ( -22.60000000000000142, 104.5000000000000000, 17.39999999999999858 ) ) ;
#599 = EDGE_LOOP ( 'NONE', ( #546, #1818, #639, #567, #355, #446 ) ) ;
#600 = VERTEX_POINT ( 'NONE', #809 ) ;
#601 = CARTESIAN_POINT ( 'NONE',  ( -21.50000000000000000, 104.5000000000000000, 13.79999999999999893 ) ) ;
#602 = DIRECTION ( 'NONE',  ( 0.000000000000000000, 0.000000000000000000, 1.000000000000000000 ) ) ;
#603 = ORIENTED_EDGE ( 'NONE', *, *, #1002, .F. ) ;
#604 = VERTEX_POINT ( 'NONE', #1653 ) ;
#605 = COORDINATED_UNIVERSAL_TIME_OFFSET ( 12, 0, .AHEAD. ) ;
#606 = AXIS2_PLACEMENT_3D ( 'NONE', #1521, #689, #506 ) ;
#607 = CARTESIAN_POINT ( 'NONE',  ( -14.50000000000000000, 139.5500000000000114, 6.599999999999999645 ) ) ;
#608 = CARTESIAN_POINT ( 'NONE',  ( 12.00000000000001066, 147.5000000000000000, 8.400000000000000355 ) ) ;
#609 = CARTESIAN_POINT ( 'NONE',  ( 23.99999999999999289, 139.5500000000000114, 10.19999999999999929 ) ) ;
#610 = LOCAL_TIME ( 17, 50, 24.00000000000000000, #901 ) ;
#611 = ORIENTED_EDGE ( 'NONE', *, *, #1792, .F. ) ;
#612 = LINE ( 'NONE', #1238, #1263 ) ;
#613 = CARTESIAN_POINT ( 'NONE',  ( -19.40000000000000213, 116.5999999999999943, 6.599999999999999645 ) ) ;
#614 = ORIENTED_EDGE ( 'NONE', *, *, #1658, .T. ) ;
#615 = APPROVAL_ROLE ( '' ) ;
#616 = ADVANCED_FACE ( 'NONE', ( #1836 ), #1494, .T. ) ;
#617 = EDGE_CURVE ( 'NONE', #1330, #1941, #907, .T. ) ;
#618 = DIRECTION ( 'NONE',  ( 0.000000000000000000, 0.000000000000000000, -1.000000000000000000 ) ) ;
#619 = FACE_OUTER_BOUND ( 'NONE', #780, .T. ) ;
#620 = DIRECTION ( 'NONE',  ( 0.000000000000000000, 1.000000000000000000, 0.000000000000000000 ) ) ;
#621 = EDGE_CURVE ( 'NONE', #1701, #1019, #1009, .T. ) ;
#622 = CARTESIAN_POINT ( 'NONE',  ( 20.00000000000000000, 135.5000000000000000, 4.100000000000000533 ) ) ;
#623 = CARTESIAN_POINT ( 'NONE',  ( -19.30000000000000071, 118.5000000000000000, 8.400000000000000355 ) ) ;
#624 = ORIENTED_EDGE ( 'NONE', *, *, #565, .T. ) ;
#625 = FACE_OUTER_BOUND ( 'NONE', #1845, .T. ) ;
#626 = CIRCLE ( 'NONE', #1890, 1.799999999999999600 ) ;
#627 = EDGE_CURVE ( 'NONE', #166, #1595, #832, .T. ) ;
#628 = AXIS2_PLACEMENT_3D ( 'NONE', #481, #1469, #1301 ) ;
#629 = DIRECTION ( 'NONE',  ( -1.000000000000000000, 0.000000000000000000, 0.000000000000000000 ) ) ;
#630 = ORIENTED_EDGE ( 'NONE', *, *, #341, .T. ) ;
#631 = CIRCLE ( 'NONE', #954, 1.199999999999999734 ) ;
#632 = AXIS2_PLACEMENT_3D ( 'NONE', #433, #1102, #1762 ) ;
#633 = DIRECTION ( 'NONE',  ( 1.000000000000000000, 0.000000000000000000, 0.000000000000000000 ) ) ;
#634 = DIRECTION ( 'NONE',  ( 1.000000000000000000, 0.000000000000000000, 0.000000000000000000 ) ) ;
#635 = VERTEX_POINT ( 'NONE', #651 ) ;
#636 = FACE_BOUND ( 'NONE', #854, .T. ) ;
#637 = DIRECTION ( 'NONE',  ( 1.000000000000000000, 0.000000000000000000, 0.000000000000000000 ) ) ;
#638 = DIRECTION ( 'NONE',  ( 1.000000000000000000, -1.734723475976805517E-15, 0.000000000000000000 ) ) ;
#639 = ORIENTED_EDGE ( 'NONE', *, *, #175, .T. ) ;
#640 = VECTOR ( 'NONE', #2058, 1000.000000000000000 ) ;
#641 = EDGE_CURVE ( 'NONE', #1918, #291, #1319, .T. ) ;
#642 = DIRECTION ( 'NONE',  ( -0.000000000000000000, -0.000000000000000000, -1.000000000000000000 ) ) ;
#643 = CARTESIAN_POINT ( 'NONE',  ( 26.00000000000000355, 141.5500000000000114, 15.59999999999999964 ) ) ;
#644 = VERTEX_POINT ( 'NONE', #489 ) ;
#645 = CARTESIAN_POINT ( 'NONE',  ( 10.00000000000000000, 152.0000000000000000, 10.19999999999999929 ) ) ;
#646 = EDGE_CURVE ( 'NONE', #737, #1870, #1016, .T. ) ;
#647 = DIRECTION ( 'NONE',  ( 0.000000000000000000, 0.000000000000000000, 1.000000000000000000 ) ) ;
#648 = ORIENTED_EDGE ( 'NONE', *, *, #153, .F. ) ;
#649 = ORIENTED_EDGE ( 'NONE', *, *, #1100, .F. ) ;
#650 = DIRECTION ( 'NONE',  ( 0.000000000000000000, 0.000000000000000000, -1.000000000000000000 ) ) ;
#651 = CARTESIAN_POINT ( 'NONE',  ( 26.00000000000000355, 145.5000000000000000, 6.599999999999999645 ) ) ;
#652 = EDGE_CURVE ( 'NONE', #509, #513, #983, .T. ) ;
#653 = ORIENTED_EDGE ( 'NONE', *, *, #175, .F. ) ;
#654 = FACE_OUTER_BOUND ( 'NONE', #224, .T. ) ;
#655 = EDGE_CURVE ( 'NONE', #2117, #757, #697, .T. ) ;
#656 = AXIS2_PLACEMENT_3D ( 'NONE', #263, #953, #758 ) ;
#657 = DIRECTION ( 'NONE',  ( 0.000000000000000000, 0.000000000000000000, 1.000000000000000000 ) ) ;
#658 = ORIENTED_EDGE ( 'NONE', *, *, #1621, .T. ) ;
#659 = TOROIDAL_SURFACE ( 'NONE', #1189, 2.000000000000001776, 1.799999999999999600 ) ;
#660 = CIRCLE ( 'NONE', #1994, 1.799999999999999600 ) ;
#661 = DIRECTION ( 'NONE',  ( 1.000000000000000000, 0.000000000000000000, 0.000000000000000000 ) ) ;
#662 = CIRCLE ( 'NONE', #420, 1.799999999999999600 ) ;
#663 = CARTESIAN_POINT ( 'NONE',  ( 20.00000000000000000, 135.5000000000000000, 19.90000000000000213 ) ) ;
#664 = ORIENTED_EDGE ( 'NONE', *, *, #326, .T. ) ;
#665 = AXIS2_PLACEMENT_3D ( 'NONE', #524, #1040, #711 ) ;
#666 = CIRCLE ( 'NONE', #1045, 1.799999999999999600 ) ;
#667 = VERTEX_POINT ( 'NONE', #1549 ) ;
#668 = TOROIDAL_SURFACE ( 'NONE', #1901, 2.999999999999999112, 1.799999999999999600 ) ;
#669 = CARTESIAN_POINT ( 'NONE',  ( -14.50000000000000178, 136.5500000000000114, 8.400000000000000355 ) ) ;
#670 = CC_DESIGN_PERSON_AND_ORGANIZATION_ASSIGNMENT ( #587, #2092, ( #1001 ) ) ;
#671 = CARTESIAN_POINT ( 'NONE',  ( 12.00000000000000000, 149.5000000000000000, 15.59999999999999964 ) ) ;
#672 = ORIENTED_EDGE ( 'NONE', *, *, #1732, .T. ) ;
#673 = CARTESIAN_POINT ( 'NONE',  ( 12.00000000000001066, 149.2999999999999829, 15.59999999999999964 ) ) ;
#674 = DIRECTION ( 'NONE',  ( 1.000000000000000000, 0.000000000000000000, -0.000000000000000000 ) ) ;
#675 = VECTOR ( 'NONE', #880, 1000.000000000000000 ) ;
#676 = EDGE_LOOP ( 'NONE', ( #1503, #648, #1256, #1188, #1874, #1093 ) ) ;
#677 = ORIENTED_EDGE ( 'NONE', *, *, #748, .F. ) ;
#678 = ORIENTED_EDGE ( 'NONE', *, *, #1322, .F. ) ;
#679 = EDGE_CURVE ( 'NONE', #1135, #644, #1561, .T. ) ;
#680 = FACE_OUTER_BOUND ( 'NONE', #2065, .T. ) ;
#681 = DIRECTION ( 'NONE',  ( -1.000000000000000000, 0.000000000000000000, 0.000000000000000000 ) ) ;
#682 = DIRECTION ( 'NONE',  ( 0.000000000000000000, 0.000000000000000000, 1.000000000000000000 ) ) ;
#683 = DIRECTION ( 'NONE',  ( 0.000000000000000000, 0.000000000000000000, 1.000000000000000000 ) ) ;
#684 = EDGE_CURVE ( 'NONE', #667, #1708, #223, .T. ) ;
#685 = ORIENTED_EDGE ( 'NONE', *, *, #708, .F. ) ;
#686 = ORIENTED_EDGE ( 'NONE', *, *, #778, .T. ) ;
#687 = CARTESIAN_POINT ( 'NONE',  ( 10.00000000000000000, 149.5000000000000000, 8.400000000000000355 ) ) ;
#688 = ORIENTED_EDGE ( 'NONE', *, *, #186, .T. ) ;
#689 = DIRECTION ( 'NONE',  ( 0.000000000000000000, 1.000000000000000000, 0.000000000000000000 ) ) ;
#690 = DIRECTION ( 'NONE',  ( -0.000000000000000000, -0.000000000000000000, -1.000000000000000000 ) ) ;
#691 = DIRECTION ( 'NONE',  ( 0.000000000000000000, 0.000000000000000000, 1.000000000000000000 ) ) ;
#692 = DIRECTION ( 'NONE',  ( 1.000000000000000000, 0.000000000000000000, 0.000000000000000000 ) ) ;
#693 = CIRCLE ( 'NONE', #1532, 1.799999999999999600 ) ;
#694 = TOROIDAL_SURFACE ( 'NONE', #1260, 2.999999999999999112, 1.799999999999999600 ) ;
#695 = ORIENTED_EDGE ( 'NONE', *, *, #1336, .F. ) ;
#696 = VERTEX_POINT ( 'NONE', #375 ) ;
#697 = CIRCLE ( 'NONE', #1821, 1.199999999999999734 ) ;
#698 = DIRECTION ( 'NONE',  ( 0.000000000000000000, 1.000000000000000000, 0.000000000000000000 ) ) ;
#699 = AXIS2_PLACEMENT_3D ( 'NONE', #438, #248, #90 ) ;
#700 = VECTOR ( 'NONE', #1101, 1000.000000000000000 ) ;
#701 = DIRECTION ( 'NONE',  ( 0.000000000000000000, 0.000000000000000000, 1.000000000000000000 ) ) ;
#702 = VECTOR ( 'NONE', #1772, 1000.000000000000000 ) ;
#703 = DIRECTION ( 'NONE',  ( 0.000000000000000000, 0.000000000000000000, 1.000000000000000000 ) ) ;
#704 = FACE_OUTER_BOUND ( 'NONE', #1585, .T. ) ;
#705 = CARTESIAN_POINT ( 'NONE',  ( -14.50000000000006750, 139.5500000000000114, 10.19999999999999929 ) ) ;
#706 = DIRECTION ( 'NONE',  ( 0.000000000000000000, 1.000000000000000000, 0.000000000000000000 ) ) ;
#707 = ORIENTED_EDGE ( 'NONE', *, *, #252, .F. ) ;
#708 = EDGE_CURVE ( 'NONE', #1084, #1237, #1085, .T. ) ;
#709 = ADVANCED_FACE ( 'NONE', ( #2063 ), #911, .T. ) ;
#710 = EDGE_LOOP ( 'NONE', ( #1875, #376, #1226, #1417, #89, #237 ) ) ;
#711 = DIRECTION ( 'NONE',  ( 0.000000000000000000, 0.000000000000000000, -1.000000000000000000 ) ) ;
#712 = ORGANIZATION ( 'UNSPECIFIED', 'UNSPECIFIED', '' ) ;
#713 =( LENGTH_UNIT ( ) NAMED_UNIT ( * ) SI_UNIT ( .MILLI., .METRE. ) );
#714 = EDGE_CURVE ( 'NONE', #1778, #1038, #2108, .T. ) ;
#715 = CARTESIAN_POINT ( 'NONE',  ( 10.00000000000000000, 149.5000000000000000, 15.59999999999999964 ) ) ;
#716 = CARTESIAN_POINT ( 'NONE',  ( 20.00000000000000000, 139.5500000000000114, 10.19999999999999929 ) ) ;
#717 = FACE_OUTER_BOUND ( 'NONE', #816, .T. ) ;
#718 = ORIENTED_EDGE ( 'NONE', *, *, #85, .T. ) ;
#719 = ORIENTED_EDGE ( 'NONE', *, *, #2174, .T. ) ;
#720 = DIRECTION ( 'NONE',  ( 0.000000000000000000, 1.000000000000000000, 0.000000000000000000 ) ) ;
#721 = ADVANCED_FACE ( 'NONE', ( #717 ), #1741, .T. ) ;
#722 = ORIENTED_EDGE ( 'NONE', *, *, #655, .F. ) ;
#723 = ORIENTED_EDGE ( 'NONE', *, *, #2149, .F. ) ;
#724 = FACE_OUTER_BOUND ( 'NONE', #1275, .T. ) ;
#725 = EDGE_CURVE ( 'NONE', #1655, #667, #1697, .T. ) ;
#726 = DIRECTION ( 'NONE',  ( 0.000000000000000000, 1.000000000000000000, 0.000000000000000000 ) ) ;
#727 = CYLINDRICAL_SURFACE ( 'NONE', #632, 1.799999999999999600 ) ;
#728 = CARTESIAN_POINT ( 'NONE',  ( -22.60000000000000142, 104.5000000000000000, 13.10000000000000142 ) ) ;
#729 = ORIENTED_EDGE ( 'NONE', *, *, #1956, .F. ) ;
#730 = CARTESIAN_POINT ( 'NONE',  ( 10.00000000000000000, 152.0000000000000000, 17.39999999999999858 ) ) ;
#731 = CIRCLE ( 'NONE', #1640, 1.799999999999999600 ) ;
#732 = ORIENTED_EDGE ( 'NONE', *, *, #684, .T. ) ;
#733 = CIRCLE ( 'NONE', #560, 1.799999999999999600 ) ;
#734 = CIRCLE ( 'NONE', #1326, 1.799999999999999600 ) ;
#735 = APPROVAL_DATE_TIME ( #1410, #125 ) ;
#736 = AXIS2_PLACEMENT_3D ( 'NONE', #856, #1177, #864 ) ;
#737 = VERTEX_POINT ( 'NONE', #1571 ) ;
#738 = ADVANCED_FACE ( 'NONE', ( #1859 ), #1193, .T. ) ;
#739 = AXIS2_PLACEMENT_3D ( 'NONE', #1501, #691, #1868 ) ;
#740 = CARTESIAN_POINT ( 'NONE',  ( 12.00000000000001066, 147.5000000000000000, 6.599999999999999645 ) ) ;
#741 = CARTESIAN_POINT ( 'NONE',  ( 10.00000000000000000, 152.0000000000000000, 6.599999999999999645 ) ) ;
#742 = CARTESIAN_POINT ( 'NONE',  ( -21.50000000000000000, 116.5999999999999943, 8.400000000000000355 ) ) ;
#743 = ORIENTED_EDGE ( 'NONE', *, *, #1277, .T. ) ;
#744 = ORIENTED_EDGE ( 'NONE', *, *, #1362, .T. ) ;
#745 = DIRECTION ( 'NONE',  ( 1.000000000000000000, 0.000000000000000000, 0.000000000000000000 ) ) ;
#746 = AXIS2_PLACEMENT_3D ( 'NONE', #1968, #1151, #1315 ) ;
#747 = CC_DESIGN_APPROVAL ( #1349, ( #1001 ) ) ;
#748 = EDGE_CURVE ( 'NONE', #202, #934, #168, .T. ) ;
#749 = DIRECTION ( 'NONE',  ( -1.000000000000000000, -0.000000000000000000, -0.000000000000000000 ) ) ;
#750 = DIRECTION ( 'NONE',  ( 1.000000000000000000, 0.000000000000000000, 0.000000000000000000 ) ) ;
#751 = ORIENTED_EDGE ( 'NONE', *, *, #846, .T. ) ;
#752 = ORIENTED_EDGE ( 'NONE', *, *, #617, .F. ) ;
#753 = VERTEX_POINT ( 'NONE', #1908 ) ;
#754 = DIRECTION ( 'NONE',  ( 1.000000000000000000, 0.000000000000000000, 0.000000000000000000 ) ) ;
#755 = CARTESIAN_POINT ( 'NONE',  ( -17.50000000000000000, 136.5500000000000114, 15.59999999999999964 ) ) ;
#756 = EDGE_CURVE ( 'NONE', #228, #257, #952, .T. ) ;
#757 = VERTEX_POINT ( 'NONE', #1061 ) ;
#758 = DIRECTION ( 'NONE',  ( 0.000000000000000000, 0.000000000000000000, -1.000000000000000000 ) ) ;
#759 = CARTESIAN_POINT ( 'NONE',  ( 23.99999999999999289, 139.5500000000000114, 15.59999999999999964 ) ) ;
#760 = CARTESIAN_POINT ( 'NONE',  ( 26.00000000000000355, 145.5000000000000000, 8.400000000000000355 ) ) ;
#761 = ORIENTED_EDGE ( 'NONE', *, *, #1393, .F. ) ;
#762 = ORIENTED_EDGE ( 'NONE', *, *, #326, .F. ) ;
#763 = CARTESIAN_POINT ( 'NONE',  ( -19.30000000000000071, 136.5500000000000114, 15.59999999999999964 ) ) ;
#764 = CARTESIAN_POINT ( 'NONE',  ( 12.00000000000000000, 149.5000000000000000, 8.400000000000000355 ) ) ;
#765 = TOROIDAL_SURFACE ( 'NONE', #94, 2.000000000000001776, 1.799999999999999600 ) ;
#766 = CIRCLE ( 'NONE', #1152, 1.799999999999999600 ) ;
#767 = AXIS2_PLACEMENT_3D ( 'NONE', #1649, #143, #1155 ) ;
#768 = CIRCLE ( 'NONE', #100, 0.09999999999999939493 ) ;
#769 = CARTESIAN_POINT ( 'NONE',  ( 12.00000000000001066, 145.6999999999999886, 15.59999999999999964 ) ) ;
#770 = AXIS2_PLACEMENT_3D ( 'NONE', #369, #394, #24 ) ;
#771 = TOROIDAL_SURFACE ( 'NONE', #480, 2.000000000000001776, 1.799999999999999600 ) ;
#772 = DIRECTION ( 'NONE',  ( 1.000000000000000000, -1.734723475976805517E-15, 0.000000000000000000 ) ) ;
#773 = CIRCLE ( 'NONE', #987, 1.799999999999999600 ) ;
#774 = DIRECTION ( 'NONE',  ( 1.000000000000000000, 0.000000000000000000, 0.000000000000000000 ) ) ;
#775 = VERTEX_POINT ( 'NONE', #1882 ) ;
#776 = CARTESIAN_POINT ( 'NONE',  ( -25.10000000000000142, 116.5999999999999943, 5.899999999999998579 ) ) ;
#777 = CARTESIAN_POINT ( 'NONE',  ( -23.30000000000000071, 116.5999999999999943, -8.599999999999999645 ) ) ;
#778 = EDGE_CURVE ( 'NONE', #513, #1941, #1395, .T. ) ;
#779 = ADVANCED_FACE ( 'NONE', ( #1206 ), #309, .T. ) ;
#780 = EDGE_LOOP ( 'NONE', ( #584, #1837, #1775, #1305 ) ) ;
#781 = CIRCLE ( 'NONE', #114, 1.799999999999999600 ) ;
#782 = LINE ( 'NONE', #607, #312 ) ;
#783 = EDGE_CURVE ( 'NONE', #2078, #427, #1707, .T. ) ;
#784 = CARTESIAN_POINT ( 'NONE',  ( 24.00000000000000000, 141.5500000000000114, 8.400000000000000355 ) ) ;
#785 = DIRECTION ( 'NONE',  ( 0.000000000000000000, 0.000000000000000000, 1.000000000000000000 ) ) ;
#786 = LINE ( 'NONE', #72, #1195 ) ;
#787 = DIRECTION ( 'NONE',  ( 0.000000000000000000, 0.000000000000000000, 1.000000000000000000 ) ) ;
#788 = ORIENTED_EDGE ( 'NONE', *, *, #748, .T. ) ;
#789 = EDGE_CURVE ( 'NONE', #600, #1415, #209, .T. ) ;
#790 = CARTESIAN_POINT ( 'NONE',  ( 20.00000000000000000, 139.5500000000000114, 8.400000000000000355 ) ) ;
#791 = CARTESIAN_POINT ( 'NONE',  ( 12.00000000000001066, 147.5000000000000000, 8.400000000000000355 ) ) ;
#792 = PLANE ( 'NONE',  #97 ) ;
#793 = ORIENTED_EDGE ( 'NONE', *, *, #1782, .F. ) ;
#794 = DIRECTION ( 'NONE',  ( 1.000000000000000000, 0.000000000000000000, 0.000000000000000000 ) ) ;
#795 = CYLINDRICAL_SURFACE ( 'NONE', #2069, 1.799999999999999600 ) ;
#796 = VERTEX_POINT ( 'NONE', #404 ) ;
#797 = PLANE ( 'NONE',  #928 ) ;
#798 = CIRCLE ( 'NONE', #1258, 1.799999999999999600 ) ;
#799 = CARTESIAN_POINT ( 'NONE',  ( 23.99999999999999289, 139.5500000000000114, 8.400000000000000355 ) ) ;
#800 = AXIS2_PLACEMENT_3D ( 'NONE', #1371, #703, #1025 ) ;
#801 = ADVANCED_FACE ( 'NONE', ( #1071 ), #2052, .T. ) ;
#802 = VECTOR ( 'NONE', #1126, 1000.000000000000000 ) ;
#803 = CARTESIAN_POINT ( 'NONE',  ( 12.00000000000001066, 147.5000000000000000, 15.59999999999999964 ) ) ;
#804 = ORIENTED_EDGE ( 'NONE', *, *, #75, .F. ) ;
#805 = AXIS2_PLACEMENT_3D ( 'NONE', #2066, #536, #1209 ) ;
#806 = VECTOR ( 'NONE', #240, 1000.000000000000000 ) ;
#807 = AXIS2_PLACEMENT_3D ( 'NONE', #1014, #1881, #11 ) ;
#808 = DIRECTION ( 'NONE',  ( -1.000000000000000000, 0.000000000000000000, 0.000000000000000000 ) ) ;
#809 = CARTESIAN_POINT ( 'NONE',  ( -14.50000000000006750, 141.3499999999999943, 8.400000000000000355 ) ) ;
#810 = EDGE_LOOP ( 'NONE', ( #1742, #116, #497, #1483 ) ) ;
#811 = EDGE_LOOP ( 'NONE', ( #1461, #2109, #852, #1032 ) ) ;
#812 = CARTESIAN_POINT ( 'NONE',  ( -12.00000000000000000, 139.5500000000000114, 15.59999999999999964 ) ) ;
#813 = DIRECTION ( 'NONE',  ( 1.000000000000000000, 0.000000000000000000, 0.000000000000000000 ) ) ;
#814 = ADVANCED_FACE ( 'NONE', ( #1103 ), #121, .T. ) ;
#815 = CARTESIAN_POINT ( 'NONE',  ( 12.00000000000001066, 147.5000000000000000, 8.400000000000000355 ) ) ;
#816 = EDGE_LOOP ( 'NONE', ( #695, #718, #124, #1156, #1149 ) ) ;
#817 = VECTOR ( 'NONE', #461, 1000.000000000000000 ) ;
#818 = DIRECTION ( 'NONE',  ( -0.000000000000000000, -0.000000000000000000, -1.000000000000000000 ) ) ;
#819 = LINE ( 'NONE', #1669, #980 ) ;
#820 = ORIENTED_EDGE ( 'NONE', *, *, #158, .F. ) ;
#821 = EDGE_CURVE ( 'NONE', #831, #88, #1751, .T. ) ;
#822 = CARTESIAN_POINT ( 'NONE',  ( -14.50000000000006750, 139.5500000000000114, 8.400000000000000355 ) ) ;
#823 = CARTESIAN_POINT ( 'NONE',  ( 24.00000000000000000, 141.5500000000000114, 15.59999999999999964 ) ) ;
#824 = ORIENTED_EDGE ( 'NONE', *, *, #294, .T. ) ;
#825 = CYLINDRICAL_SURFACE ( 'NONE', #1015, 1.799999999999999600 ) ;
#826 = DIRECTION ( 'NONE',  ( 0.000000000000000000, 0.000000000000000000, 1.000000000000000000 ) ) ;
#827 = ORIENTED_EDGE ( 'NONE', *, *, #1277, .F. ) ;
#828 = DIRECTION ( 'NONE',  ( 0.000000000000000000, 1.000000000000000000, 0.000000000000000000 ) ) ;
#829 = VECTOR ( 'NONE', #1991, 1000.000000000000000 ) ;
#830 = DIRECTION ( 'NONE',  ( -1.000000000000000000, 0.000000000000000000, 0.000000000000000000 ) ) ;
#831 = VERTEX_POINT ( 'NONE', #1784 ) ;
#832 = CIRCLE ( 'NONE', #1785, 1.799999999999999600 ) ;
#833 = AXIS2_PLACEMENT_3D ( 'NONE', #2075, #1091, #563 ) ;
#834 = ORIENTED_EDGE ( 'NONE', *, *, #1956, .T. ) ;
#835 = CARTESIAN_POINT ( 'NONE',  ( -25.10000000000000142, 104.5000000000000000, 13.09999999999999787 ) ) ;
#836 = VECTOR ( 'NONE', #1538, 1000.000000000000000 ) ;
#837 = CARTESIAN_POINT ( 'NONE',  ( -19.40000000000000213, 114.7999999999999972, 8.400000000000000355 ) ) ;
#838 = ORIENTED_EDGE ( 'NONE', *, *, #1185, .T. ) ;
#839 = VERTEX_POINT ( 'NONE', #113 ) ;
#840 = CIRCLE ( 'NONE', #2178, 1.799999999999999600 ) ;
#841 = CC_DESIGN_DATE_AND_TIME_ASSIGNMENT ( #1936, #1250, ( #1001 ) ) ;
#842 = ADVANCED_FACE ( 'NONE', ( #957 ), #1719, .T. ) ;
#843 = ORIENTED_EDGE ( 'NONE', *, *, #756, .F. ) ;
#844 = CARTESIAN_POINT ( 'NONE',  ( 10.00000000000000000, 152.0000000000000000, 13.79999999999999893 ) ) ;
#845 = DIRECTION ( 'NONE',  ( -1.000000000000000000, 0.000000000000000000, 0.000000000000000000 ) ) ;
#846 = EDGE_CURVE ( 'NONE', #1563, #1168, #1414, .T. ) ;
#847 = DIRECTION ( 'NONE',  ( 0.000000000000000000, 0.000000000000000000, -1.000000000000000000 ) ) ;
#848 = CARTESIAN_POINT ( 'NONE',  ( -22.60000000000000142, 104.5000000000000000, 13.79999999999999893 ) ) ;
#849 = CARTESIAN_POINT ( 'NONE',  ( -17.50000000000000000, 118.5000000000000000, 8.400000000000000355 ) ) ;
#850 = CIRCLE ( 'NONE', #1239, 4.799999999999998934 ) ;
#851 = ORIENTED_EDGE ( 'NONE', *, *, #1233, .T. ) ;
#852 = ORIENTED_EDGE ( 'NONE', *, *, #684, .F. ) ;
#853 = DIRECTION ( 'NONE',  ( 0.000000000000000000, 0.000000000000000000, -1.000000000000000000 ) ) ;
#854 = EDGE_LOOP ( 'NONE', ( #2041, #860 ) ) ;
#855 = EDGE_CURVE ( 'NONE', #2053, #436, #768, .T. ) ;
#856 = CARTESIAN_POINT ( 'NONE',  ( -19.40000000000000213, 118.5000000000000000, 8.400000000000000355 ) ) ;
#857 = DIRECTION ( 'NONE',  ( 0.000000000000000000, 0.000000000000000000, 1.000000000000000000 ) ) ;
#858 = DIRECTION ( 'NONE',  ( 0.000000000000000000, 1.000000000000000000, 0.000000000000000000 ) ) ;
#859 = ORIENTED_EDGE ( 'NONE', *, *, #200, .T. ) ;
#860 = ORIENTED_EDGE ( 'NONE', *, *, #1127, .T. ) ;
#861 = CARTESIAN_POINT ( 'NONE',  ( -12.00000000000000000, 135.5000000000000000, 4.100000000000000533 ) ) ;
#862 = ORIENTED_EDGE ( 'NONE', *, *, #2114, .F. ) ;
#863 = DIRECTION ( 'NONE',  ( 1.000000000000000000, -1.734723475976805517E-15, 0.000000000000000000 ) ) ;
#864 = DIRECTION ( 'NONE',  ( 1.000000000000000000, 0.000000000000000000, 0.000000000000000000 ) ) ;
#865 = FACE_OUTER_BOUND ( 'NONE', #1425, .T. ) ;
#866 = ADVANCED_FACE ( 'NONE', ( #1245 ), #1939, .T. ) ;
#867 = AXIS2_PLACEMENT_3D ( 'NONE', #1411, #1266, #902 ) ;
#868 = LINE ( 'NONE', #2051, #34 ) ;
#869 = DIRECTION ( 'NONE',  ( 0.000000000000000000, 0.000000000000000000, 1.000000000000000000 ) ) ;
#870 = AXIS2_PLACEMENT_3D ( 'NONE', #755, #1291, #926 ) ;
#871 = AXIS2_PLACEMENT_3D ( 'NONE', #823, #1143, #629 ) ;
#872 = ORIENTED_EDGE ( 'NONE', *, *, #1781, .F. ) ;
#873 = ORIENTED_EDGE ( 'NONE', *, *, #1322, .T. ) ;
#874 = AXIS2_PLACEMENT_3D ( 'NONE', #849, #1514, #885 ) ;
#875 = DIRECTION ( 'NONE',  ( 1.000000000000000000, 0.000000000000000000, 0.000000000000000000 ) ) ;
#876 = ADVANCED_FACE ( 'NONE', ( #1915 ), #244, .T. ) ;
#877 = VERTEX_POINT ( 'NONE', #1602 ) ;
#878 = AXIS2_PLACEMENT_3D ( 'NONE', #1726, #1064, #1736 ) ;
#879 = CIRCLE ( 'NONE', #1264, 1.799999999999999600 ) ;
#880 = DIRECTION ( 'NONE',  ( 0.000000000000000000, 1.000000000000000000, 0.000000000000000000 ) ) ;
#881 = AXIS2_PLACEMENT_3D ( 'NONE', #2141, #44, #2024 ) ;
#882 = CARTESIAN_POINT ( 'NONE',  ( -25.10000000000000142, 116.5999999999999943, -8.599999999999999645 ) ) ;
#883 = EDGE_CURVE ( 'NONE', #753, #250, #1676, .T. ) ;
#884 = DIRECTION ( 'NONE',  ( -0.000000000000000000, -0.000000000000000000, -1.000000000000000000 ) ) ;
#885 = DIRECTION ( 'NONE',  ( 0.000000000000000000, 0.000000000000000000, -1.000000000000000000 ) ) ;
#886 = VERTEX_POINT ( 'NONE', #1114 ) ;
#887 = ORIENTED_EDGE ( 'NONE', *, *, #939, .T. ) ;
#888 = DIRECTION ( 'NONE',  ( 0.000000000000000000, 0.000000000000000000, 1.000000000000000000 ) ) ;
#889 = CIRCLE ( 'NONE', #359, 1.799999999999999600 ) ;
#890 = ORIENTED_EDGE ( 'NONE', *, *, #1142, .F. ) ;
#891 = LOCAL_TIME ( 17, 50, 24.00000000000000000, #1599 ) ;
#892 = CARTESIAN_POINT ( 'NONE',  ( -14.50000000000000000, 139.5500000000000114, 17.39999999999999858 ) ) ;
#893 = ADVANCED_FACE ( 'NONE', ( #932 ), #1611, .T. ) ;
#894 = CYLINDRICAL_SURFACE ( 'NONE', #303, 1.799999999999999600 ) ;
#895 = DIRECTION ( 'NONE',  ( 0.000000000000000000, 0.000000000000000000, 1.000000000000000000 ) ) ;
#896 = VERTEX_POINT ( 'NONE', #609 ) ;
#897 = ORIENTED_EDGE ( 'NONE', *, *, #2042, .F. ) ;
#898 = DIRECTION ( 'NONE',  ( -0.000000000000000000, -0.000000000000000000, -1.000000000000000000 ) ) ;
#899 = EDGE_CURVE ( 'NONE', #635, #1051, #662, .T. ) ;
#900 = ORIENTED_EDGE ( 'NONE', *, *, #979, .F. ) ;
#901 = COORDINATED_UNIVERSAL_TIME_OFFSET ( 12, 0, .AHEAD. ) ;
#902 = DIRECTION ( 'NONE',  ( 0.000000000000000000, 0.000000000000000000, -1.000000000000000000 ) ) ;
#903 = DIRECTION ( 'NONE',  ( 0.000000000000000000, 0.000000000000000000, 1.000000000000000000 ) ) ;
#904 = DIRECTION ( 'NONE',  ( -0.000000000000000000, -1.000000000000000000, -0.000000000000000000 ) ) ;
#905 = ORIENTED_EDGE ( 'NONE', *, *, #551, .T. ) ;
#906 = CARTESIAN_POINT ( 'NONE',  ( -17.50000000000000000, 136.5500000000000114, 17.39999999999999858 ) ) ;
#907 = CIRCLE ( 'NONE', #558, 1.799999999999999600 ) ;
#908 = AXIS2_PLACEMENT_3D ( 'NONE', #514, #845, #1191 ) ;
#909 = ORIENTED_EDGE ( 'NONE', *, *, #1321, .F. ) ;
#910 = VERTEX_POINT ( 'NONE', #1618 ) ;
#911 = TOROIDAL_SURFACE ( 'NONE', #1262, 2.999999999999999112, 1.799999999999999600 ) ;
#912 = AXIS2_PLACEMENT_3D ( 'NONE', #1679, #187, #999 ) ;
#913 = PERSON_AND_ORGANIZATION ( #1202, #712 ) ;
#914 = PRODUCT_RELATED_PRODUCT_CATEGORY ( 'detail', '', ( #1583 ) ) ;
#915 = EDGE_CURVE ( 'NONE', #1752, #1007, #2107, .T. ) ;
#916 = CIRCLE ( 'NONE', #878, 1.799999999999999600 ) ;
#917 = AXIS2_PLACEMENT_3D ( 'NONE', #759, #772, #231 ) ;
#918 = DIRECTION ( 'NONE',  ( 0.000000000000000000, 0.000000000000000000, -1.000000000000000000 ) ) ;
#919 = EDGE_CURVE ( 'NONE', #984, #1254, #62, .T. ) ;
#920 = DIRECTION ( 'NONE',  ( -1.000000000000000000, 0.000000000000000000, 0.000000000000000000 ) ) ;
#921 = CARTESIAN_POINT ( 'NONE',  ( 23.99999999999999289, 139.5500000000000114, 13.79999999999999893 ) ) ;
#922 = EDGE_LOOP ( 'NONE', ( #1018, #151 ) ) ;
#923 = ORIENTED_EDGE ( 'NONE', *, *, #1185, .F. ) ;
#924 = ORIENTED_EDGE ( 'NONE', *, *, #855, .F. ) ;
#925 = DIRECTION ( 'NONE',  ( 0.000000000000000000, 1.000000000000000000, 0.000000000000000000 ) ) ;
#926 = DIRECTION ( 'NONE',  ( 0.000000000000000000, 0.000000000000000000, -1.000000000000000000 ) ) ;
#927 = PERSON_AND_ORGANIZATION_ROLE ( 'design_owner' ) ;
#928 = AXIS2_PLACEMENT_3D ( 'NONE', #1140, #157, #2147 ) ;
#929 = CC_DESIGN_APPROVAL ( #1972, ( #1909 ) ) ;
#930 = DIRECTION ( 'NONE',  ( 0.000000000000000000, -1.000000000000000000, 0.000000000000000000 ) ) ;
#931 = DIRECTION ( 'NONE',  ( -1.000000000000000000, 0.000000000000000000, 0.000000000000000000 ) ) ;
#932 = FACE_OUTER_BOUND ( 'NONE', #323, .T. ) ;
#933 = ORIENTED_EDGE ( 'NONE', *, *, #2173, .T. ) ;
#934 = VERTEX_POINT ( 'NONE', #598 ) ;
#935 = DIRECTION ( 'NONE',  ( 1.000000000000000000, 0.000000000000000000, 0.000000000000000000 ) ) ;
#936 = FACE_OUTER_BOUND ( 'NONE', #22, .T. ) ;
#937 = PERSON_AND_ORGANIZATION ( #1202, #712 ) ;
#938 = CARTESIAN_POINT ( 'NONE',  ( 23.99999999999999289, 139.5500000000000114, 8.400000000000000355 ) ) ;
#939 = EDGE_CURVE ( 'NONE', #934, #1398, #733, .T. ) ;
#940 = EDGE_CURVE ( 'NONE', #696, #170, #1893, .T. ) ;
#941 = CARTESIAN_POINT ( 'NONE',  ( -17.50000000000000000, 136.5500000000000114, 15.59999999999999964 ) ) ;
#942 = DIRECTION ( 'NONE',  ( 0.000000000000000000, 0.000000000000000000, -1.000000000000000000 ) ) ;
#943 = ORIENTED_EDGE ( 'NONE', *, *, #1689, .F. ) ;
#944 = VERTEX_POINT ( 'NONE', #1926 ) ;
#945 = FACE_OUTER_BOUND ( 'NONE', #1838, .T. ) ;
#946 = CARTESIAN_POINT ( 'NONE',  ( 23.99999999999999289, 139.5500000000000114, 15.59999999999999964 ) ) ;
#947 = VERTEX_POINT ( 'NONE', #1092 ) ;
#948 = APPROVAL_ROLE ( '' ) ;
#949 = AXIS2_PLACEMENT_3D ( 'NONE', #1739, #1922, #1090 ) ;
#950 = EDGE_CURVE ( 'NONE', #667, #944, #256, .T. ) ;
#951 = AXIS2_PLACEMENT_3D ( 'NONE', #1662, #136, #500 ) ;
#952 = CIRCLE ( 'NONE', #592, 1.799999999999999600 ) ;
#953 = DIRECTION ( 'NONE',  ( 0.000000000000000000, -1.000000000000000000, 0.000000000000000000 ) ) ;
#954 = AXIS2_PLACEMENT_3D ( 'NONE', #444, #1115, #282 ) ;
#955 = CIRCLE ( 'NONE', #1888, 1.799999999999999600 ) ;
#956 = DIRECTION ( 'NONE',  ( 0.000000000000000000, 0.000000000000000000, -1.000000000000000000 ) ) ;
#957 = FACE_OUTER_BOUND ( 'NONE', #2166, .T. ) ;
#958 = EDGE_CURVE ( 'NONE', #427, #1398, #1927, .T. ) ;
#959 = CARTESIAN_POINT ( 'NONE',  ( -17.50000000000000000, 136.5500000000000114, 10.19999999999999929 ) ) ;
#960 = DIRECTION ( 'NONE',  ( 0.000000000000000000, 0.000000000000000000, 1.000000000000000000 ) ) ;
#961 = ORIENTED_EDGE ( 'NONE', *, *, #482, .T. ) ;
#962 = EDGE_CURVE ( 'NONE', #1515, #2078, #1497, .T. ) ;
#963 = APPROVAL_PERSON_ORGANIZATION ( #913, #1349, #948 ) ;
#964 = DIRECTION ( 'NONE',  ( 1.000000000000000000, 0.000000000000000000, 0.000000000000000000 ) ) ;
#965 = FACE_BOUND ( 'NONE', #1992, .T. ) ;
#966 = DIRECTION ( 'NONE',  ( 0.000000000000000000, 0.000000000000000000, -1.000000000000000000 ) ) ;
#967 = DIRECTION ( 'NONE',  ( 1.000000000000000000, 0.000000000000000000, 0.000000000000000000 ) ) ;
#968 = DIRECTION ( 'NONE',  ( 1.000000000000000000, 0.000000000000000000, 0.000000000000000000 ) ) ;
#969 = ORIENTED_EDGE ( 'NONE', *, *, #2180, .F. ) ;
#970 = EDGE_CURVE ( 'NONE', #2053, #271, #2074, .T. ) ;
#971 = CARTESIAN_POINT ( 'NONE',  ( 8.199999999999999289, 149.5000000000000000, 8.400000000000000355 ) ) ;
#972 = CARTESIAN_POINT ( 'NONE',  ( -12.00000000000000000, 135.5000000000000000, 19.90000000000000213 ) ) ;
#973 = DIRECTION ( 'NONE',  ( -1.000000000000000000, 0.000000000000000000, 0.000000000000000000 ) ) ;
#974 = EDGE_LOOP ( 'NONE', ( #1860, #328, #39, #2175, #2026, #1022 ) ) ;
#975 = CARTESIAN_POINT ( 'NONE',  ( -14.50000000000006040, 139.5500000000000114, 15.59999999999999964 ) ) ;
#976 = PLANE ( 'NONE',  #951 ) ;
#977 = VERTEX_POINT ( 'NONE', #1564 ) ;
#978 = DIRECTION ( 'NONE',  ( 1.000000000000000000, 0.000000000000000000, 0.000000000000000000 ) ) ;
#979 = EDGE_CURVE ( 'NONE', #2011, #1930, #2071, .T. ) ;
#980 = VECTOR ( 'NONE', #310, 1000.000000000000000 ) ;
#981 = FACE_OUTER_BOUND ( 'NONE', #1249, .T. ) ;
#982 = CIRCLE ( 'NONE', #450, 1.799999999999999600 ) ;
#983 = CIRCLE ( 'NONE', #874, 1.799999999999999600 ) ;
#984 = VERTEX_POINT ( 'NONE', #183 ) ;
#985 = AXIS2_PLACEMENT_3D ( 'NONE', #1441, #585, #2125 ) ;
#986 = EDGE_CURVE ( 'NONE', #644, #367, #40, .T. ) ;
#987 = AXIS2_PLACEMENT_3D ( 'NONE', #487, #1828, #633 ) ;
#988 = DIRECTION ( 'NONE',  ( 0.000000000000000000, 0.000000000000000000, -1.000000000000000000 ) ) ;
#989 = DIRECTION ( 'NONE',  ( 0.000000000000000000, 0.000000000000000000, 1.000000000000000000 ) ) ;
#990 = ORIENTED_EDGE ( 'NONE', *, *, #1761, .T. ) ;
#991 = DIRECTION ( 'NONE',  ( 0.000000000000000000, 0.000000000000000000, -1.000000000000000000 ) ) ;
#992 = DIRECTION ( 'NONE',  ( 0.000000000000000000, 1.000000000000000000, 0.000000000000000000 ) ) ;
#993 = EDGE_LOOP ( 'NONE', ( #543, #512, #686, #752, #653, #1420 ) ) ;
#994 = AXIS2_PLACEMENT_3D ( 'NONE', #1986, #325, #479 ) ;
#995 = CARTESIAN_POINT ( 'NONE',  ( 12.00000000000001066, 147.5000000000000000, 8.400000000000000355 ) ) ;
#996 = DIRECTION ( 'NONE',  ( -1.000000000000000000, 0.000000000000000000, 0.000000000000000000 ) ) ;
#997 = VERTEX_POINT ( 'NONE', #1385 ) ;
#998 = CARTESIAN_POINT ( 'NONE',  ( -17.50000000000000000, 136.5500000000000114, 6.599999999999999645 ) ) ;
#999 = DIRECTION ( 'NONE',  ( -1.000000000000000000, 0.000000000000000000, 0.000000000000000000 ) ) ;
#1000 = ORIENTED_EDGE ( 'NONE', *, *, #1336, .T. ) ;
#1001 = PRODUCT_DEFINITION ( 'UNKNOWN', '', #1909, #195 ) ;
#1002 = EDGE_CURVE ( 'NONE', #934, #1094, #1201, .T. ) ;
#1003 = CARTESIAN_POINT ( 'NONE',  ( 27.80000000000000071, 145.5000000000000000, 15.59999999999999964 ) ) ;
#1004 = DIRECTION ( 'NONE',  ( 0.000000000000000000, 0.000000000000000000, -1.000000000000000000 ) ) ;
#1005 = ORIENTED_EDGE ( 'NONE', *, *, #652, .F. ) ;
#1006 = ORIENTED_EDGE ( 'NONE', *, *, #655, .T. ) ;
#1007 = VERTEX_POINT ( 'NONE', #1543 ) ;
#1008 = EDGE_CURVE ( 'NONE', #1247, #997, #1997, .T. ) ;
#1009 = CIRCLE ( 'NONE', #1787, 3.800000000000001155 ) ;
#1010 = CARTESIAN_POINT ( 'NONE',  ( 23.99999999999999289, 139.5500000000000114, 17.39999999999999858 ) ) ;
#1011 = ORIENTED_EDGE ( 'NONE', *, *, #1106, .T. ) ;
#1012 = VECTOR ( 'NONE', #1582, 1000.000000000000000 ) ;
#1013 = AXIS2_PLACEMENT_3D ( 'NONE', #803, #2131, #1980 ) ;
#1014 = CARTESIAN_POINT ( 'NONE',  ( -25.10000000000000142, 116.5999999999999943, -8.599999999999999645 ) ) ;
#1015 = AXIS2_PLACEMENT_3D ( 'NONE', #499, #1303, #650 ) ;
#1016 = LINE ( 'NONE', #1684, #1959 ) ;
#1017 = ADVANCED_FACE ( 'NONE', ( #2044 ), #1528, .T. ) ;
#1018 = ORIENTED_EDGE ( 'NONE', *, *, #1917, .T. ) ;
#1019 = VERTEX_POINT ( 'NONE', #1885 ) ;
#1020 = AXIS2_PLACEMENT_3D ( 'NONE', #199, #337, #1696 ) ;
#1021 = CARTESIAN_POINT ( 'NONE',  ( -21.50000000000000000, 104.5000000000000000, 17.39999999999999858 ) ) ;
#1022 = ORIENTED_EDGE ( 'NONE', *, *, #1117, .F. ) ;
#1023 = CARTESIAN_POINT ( 'NONE',  ( -14.50000000000000000, 139.5500000000000114, 10.19999999999999929 ) ) ;
#1024 = ORIENTED_EDGE ( 'NONE', *, *, #482, .F. ) ;
#1025 = DIRECTION ( 'NONE',  ( 1.000000000000000000, 0.000000000000000000, 0.000000000000000000 ) ) ;
#1026 = CARTESIAN_POINT ( 'NONE',  ( 10.00000000000000000, 152.0000000000000000, 6.599999999999999645 ) ) ;
#1027 = CARTESIAN_POINT ( 'NONE',  ( 23.99999999999999289, 147.5000000000000000, 8.400000000000000355 ) ) ;
#1028 = CARTESIAN_POINT ( 'NONE',  ( -12.00000000000000000, 135.5000000000000000, 4.100000000000000533 ) ) ;
#1029 = ORIENTED_EDGE ( 'NONE', *, *, #294, .F. ) ;
#1030 = EDGE_LOOP ( 'NONE', ( #1680, #57, #611, #1320, #2057 ) ) ;
#1031 = CYLINDRICAL_SURFACE ( 'NONE', #770, 1.799999999999999600 ) ;
#1032 = ORIENTED_EDGE ( 'NONE', *, *, #950, .T. ) ;
#1033 = CARTESIAN_POINT ( 'NONE',  ( -23.30000000000000071, 104.5000000000000000, -8.599999999999999645 ) ) ;
#1034 = ADVANCED_FACE ( 'NONE', ( #1400 ), #15, .T. ) ;
#1035 = CARTESIAN_POINT ( 'NONE',  ( -14.50000000000000178, 136.5500000000000114, 8.400000000000000355 ) ) ;
#1036 = ADVANCED_FACE ( 'NONE', ( #378 ), #556, .T. ) ;
#1037 = DIRECTION ( 'NONE',  ( 0.000000000000000000, 1.000000000000000000, 0.000000000000000000 ) ) ;
#1038 = VERTEX_POINT ( 'NONE', #730 ) ;
#1039 = ORIENTED_EDGE ( 'NONE', *, *, #153, .T. ) ;
#1040 = DIRECTION ( 'NONE',  ( 1.000000000000000000, 0.000000000000000000, 0.000000000000000000 ) ) ;
#1041 = VERTEX_POINT ( 'NONE', #1229 ) ;
#1042 = DIRECTION ( 'NONE',  ( 0.000000000000000000, 0.000000000000000000, 1.000000000000000000 ) ) ;
#1043 = ADVANCED_FACE ( 'NONE', ( #1902 ), #1031, .T. ) ;
#1044 = CARTESIAN_POINT ( 'NONE',  ( 24.00000000000000000, 145.5000000000000000, 15.59999999999999964 ) ) ;
#1045 = AXIS2_PLACEMENT_3D ( 'NONE', #1855, #1348, #363 ) ;
#1046 = DIRECTION ( 'NONE',  ( 0.000000000000000000, 0.000000000000000000, 1.000000000000000000 ) ) ;
#1047 = DIRECTION ( 'NONE',  ( -0.000000000000000000, -0.000000000000000000, -1.000000000000000000 ) ) ;
#1048 = CIRCLE ( 'NONE', #96, 3.800000000000001155 ) ;
#1049 = CIRCLE ( 'NONE', #1891, 1.799999999999999600 ) ;
#1050 = EDGE_CURVE ( 'NONE', #1930, #1556, #1364, .T. ) ;
#1051 = VERTEX_POINT ( 'NONE', #1354 ) ;
#1052 = ORIENTED_EDGE ( 'NONE', *, *, #1717, .F. ) ;
#1053 = AXIS2_PLACEMENT_3D ( 'NONE', #742, #53, #564 ) ;
#1054 = DIRECTION ( 'NONE',  ( 1.000000000000000000, 0.000000000000000000, 0.000000000000000000 ) ) ;
#1055 = TOROIDAL_SURFACE ( 'NONE', #174, 2.000000000000001776, 1.799999999999999600 ) ;
#1056 = AXIS2_PLACEMENT_3D ( 'NONE', #188, #531, #1879 ) ;
#1057 = VECTOR ( 'NONE', #884, 1000.000000000000000 ) ;
#1058 = CYLINDRICAL_SURFACE ( 'NONE', #1466, 1.799999999999999600 ) ;
#1059 = EDGE_CURVE ( 'NONE', #582, #397, #1465, .T. ) ;
#1060 = DIRECTION ( 'NONE',  ( 1.000000000000000000, 0.000000000000000000, 0.000000000000000000 ) ) ;
#1061 = CARTESIAN_POINT ( 'NONE',  ( -14.50000000000006040, 137.7500000000000000, 15.59999999999999964 ) ) ;
#1062 = ORIENTED_EDGE ( 'NONE', *, *, #460, .F. ) ;
#1063 = ORIENTED_EDGE ( 'NONE', *, *, #1508, .T. ) ;
#1064 = DIRECTION ( 'NONE',  ( -1.000000000000000000, 0.000000000000000000, 0.000000000000000000 ) ) ;
#1065 = AXIS2_PLACEMENT_3D ( 'NONE', #1163, #1996, #1802 ) ;
#1066 = ORIENTED_EDGE ( 'NONE', *, *, #1412, .F. ) ;
#1067 = LOCAL_TIME ( 17, 50, 24.00000000000000000, #2128 ) ;
#1068 = APPROVAL_DATE_TIME ( #58, #1972 ) ;
#1069 = DIRECTION ( 'NONE',  ( 0.000000000000000000, 0.000000000000000000, -1.000000000000000000 ) ) ;
#1070 = LINE ( 'NONE', #1749, #140 ) ;
#1071 = FACE_OUTER_BOUND ( 'NONE', #1810, .T. ) ;
#1072 = EDGE_LOOP ( 'NONE', ( #1554, #614, #2029, #1711, #1052, #1861 ) ) ;
#1073 = EDGE_CURVE ( 'NONE', #984, #1605, #1710, .T. ) ;
#1074 = DIRECTION ( 'NONE',  ( 0.000000000000000000, 0.000000000000000000, -1.000000000000000000 ) ) ;
#1075 = CARTESIAN_POINT ( 'NONE',  ( 0.000000000000000000, 0.000000000000000000, 0.000000000000000000 ) ) ;
#1076 = EDGE_CURVE ( 'NONE', #977, #1870, #916, .T. ) ;
#1077 = DIRECTION ( 'NONE',  ( 0.000000000000000000, 0.000000000000000000, 1.000000000000000000 ) ) ;
#1078 = DIRECTION ( 'NONE',  ( 0.000000000000000000, -1.000000000000000000, 0.000000000000000000 ) ) ;
#1079 = ORIENTED_EDGE ( 'NONE', *, *, #2114, .T. ) ;
#1080 = EDGE_LOOP ( 'NONE', ( #342, #872, #1246, #859, #1063, #2005 ) ) ;
#1081 = DIRECTION ( 'NONE',  ( 0.000000000000000000, 0.000000000000000000, 1.000000000000000000 ) ) ;
#1082 = CIRCLE ( 'NONE', #26, 1.799999999999999600 ) ;
#1083 = DIRECTION ( 'NONE',  ( 0.000000000000000000, 0.000000000000000000, 1.000000000000000000 ) ) ;
#1084 = VERTEX_POINT ( 'NONE', #227 ) ;
#1085 = CIRCLE ( 'NONE', #1995, 1.799999999999999600 ) ;
#1086 = CALENDAR_DATE ( 2026, 29, 9 ) ;
#1087 = VECTOR ( 'NONE', #56, 1000.000000000000000 ) ;
#1088 = AXIS2_PLACEMENT_3D ( 'NONE', #1111, #1746, #1937 ) ;
#1089 = VECTOR ( 'NONE', #895, 1000.000000000000000 ) ;
#1090 = DIRECTION ( 'NONE',  ( 0.000000000000000000, 0.000000000000000000, -1.000000000000000000 ) ) ;
#1091 = DIRECTION ( 'NONE',  ( 1.000000000000000000, -1.734723475976805517E-15, 0.000000000000000000 ) ) ;
#1092 = CARTESIAN_POINT ( 'NONE',  ( 10.00000000000000000, 149.5000000000000000, 13.79999999999999893 ) ) ;
#1093 = ORIENTED_EDGE ( 'NONE', *, *, #821, .T. ) ;
#1094 = VERTEX_POINT ( 'NONE', #1755 ) ;
#1095 = CARTESIAN_POINT ( 'NONE',  ( -12.00000000000000000, 143.5999999999999943, 4.100000000000000533 ) ) ;
#1096 = FACE_OUTER_BOUND ( 'NONE', #554, .T. ) ;
#1097 = ORIENTED_EDGE ( 'NONE', *, *, #2056, .T. ) ;
#1098 = CALENDAR_DATE ( 2026, 29, 9 ) ;
#1099 = CIRCLE ( 'NONE', #1976, 1.799999999999999600 ) ;
#1100 = EDGE_CURVE ( 'NONE', #257, #228, #1753, .T. ) ;
#1101 = DIRECTION ( 'NONE',  ( 1.000000000000000000, 0.000000000000000000, 0.000000000000000000 ) ) ;
#1102 = DIRECTION ( 'NONE',  ( -1.000000000000000000, 0.000000000000000000, 0.000000000000000000 ) ) ;
#1103 = FACE_OUTER_BOUND ( 'NONE', #1764, .T. ) ;
#1104 = ORIENTED_EDGE ( 'NONE', *, *, #290, .F. ) ;
#1105 = ORIENTED_EDGE ( 'NONE', *, *, #1073, .T. ) ;
#1106 = EDGE_CURVE ( 'NONE', #397, #2053, #138, .T. ) ;
#1107 = CYLINDRICAL_SURFACE ( 'NONE', #1793, 1.799999999999999600 ) ;
#1108 = DIRECTION ( 'NONE',  ( 0.000000000000000000, 0.000000000000000000, -1.000000000000000000 ) ) ;
#1109 = ORIENTED_EDGE ( 'NONE', *, *, #919, .T. ) ;
#1110 = DIRECTION ( 'NONE',  ( 0.000000000000000000, 0.000000000000000000, 1.000000000000000000 ) ) ;
#1111 = CARTESIAN_POINT ( 'NONE',  ( 26.00000000000000355, 145.5000000000000000, 8.400000000000000355 ) ) ;
#1112 = EDGE_CURVE ( 'NONE', #2163, #509, #526, .T. ) ;
#1113 = DIRECTION ( 'NONE',  ( -1.000000000000000000, 0.000000000000000000, 0.000000000000000000 ) ) ;
#1114 = CARTESIAN_POINT ( 'NONE',  ( -14.50000000000006750, 137.7500000000000000, 8.400000000000000355 ) ) ;
#1115 = DIRECTION ( 'NONE',  ( -0.000000000000000000, -0.000000000000000000, -1.000000000000000000 ) ) ;
#1116 = CARTESIAN_POINT ( 'NONE',  ( -19.40000000000000213, 106.3999999999999915, 15.59999999999999964 ) ) ;
#1117 = EDGE_CURVE ( 'NONE', #1698, #604, #561, .T. ) ;
#1118 = VERTEX_POINT ( 'NONE', #1743 ) ;
#1119 = CIRCLE ( 'NONE', #275, 1.799999999999999600 ) ;
#1120 = AXIS2_PLACEMENT_3D ( 'NONE', #1555, #720, #888 ) ;
#1121 = AXIS2_PLACEMENT_3D ( 'NONE', #941, #1413, #98 ) ;
#1122 = AXIS2_PLACEMENT_3D ( 'NONE', #2028, #875, #1687 ) ;
#1123 = DIRECTION ( 'NONE',  ( 0.000000000000000000, -1.000000000000000000, 0.000000000000000000 ) ) ;
#1124 = AXIS2_PLACEMENT_3D ( 'NONE', #975, #475, #1128 ) ;
#1125 = CARTESIAN_POINT ( 'NONE',  ( -12.00000000000000000, 139.5500000000000114, 13.79999999999999893 ) ) ;
#1126 = DIRECTION ( 'NONE',  ( 0.000000000000000000, 1.000000000000000000, 0.000000000000000000 ) ) ;
#1127 = EDGE_CURVE ( 'NONE', #233, #1685, #1399, .T. ) ;
#1128 = DIRECTION ( 'NONE',  ( 0.000000000000000000, 0.000000000000000000, -1.000000000000000000 ) ) ;
#1129 = DIRECTION ( 'NONE',  ( -0.000000000000000000, -0.000000000000000000, -1.000000000000000000 ) ) ;
#1130 = ORIENTED_EDGE ( 'NONE', *, *, #152, .T. ) ;
#1131 = DIRECTION ( 'NONE',  ( -0.000000000000000000, -0.000000000000000000, -1.000000000000000000 ) ) ;
#1132 = AXIS2_PLACEMENT_3D ( 'NONE', #1545, #41, #559 ) ;
#1133 = LINE ( 'NONE', #972, #211 ) ;
#1134 = DIRECTION ( 'NONE',  ( 0.000000000000000000, 0.000000000000000000, 1.000000000000000000 ) ) ;
#1135 = VERTEX_POINT ( 'NONE', #1095 ) ;
#1136 = CARTESIAN_POINT ( 'NONE',  ( -17.50000000000000000, 106.3999999999999915, 13.79999999999999893 ) ) ;
#1137 = CARTESIAN_POINT ( 'NONE',  ( -12.00000000000000000, 135.5000000000000000, 19.90000000000000213 ) ) ;
#1138 = ADVANCED_FACE ( 'NONE', ( #235 ), #2112, .F. ) ;
#1139 = VERTEX_POINT ( 'NONE', #763 ) ;
#1140 = CARTESIAN_POINT ( 'NONE',  ( -25.10000000000000142, 116.5999999999999943, -8.599999999999999645 ) ) ;
#1141 = DIRECTION ( 'NONE',  ( 0.000000000000000000, 0.000000000000000000, 1.000000000000000000 ) ) ;
#1142 = EDGE_CURVE ( 'NONE', #1144, #1563, #1678, .T. ) ;
#1143 = DIRECTION ( 'NONE',  ( -0.000000000000000000, -0.000000000000000000, -1.000000000000000000 ) ) ;
#1144 = VERTEX_POINT ( 'NONE', #1786 ) ;
#1145 = ORIENTED_EDGE ( 'NONE', *, *, #2070, .F. ) ;
#1146 = DIRECTION ( 'NONE',  ( 0.000000000000000000, 1.000000000000000000, 0.000000000000000000 ) ) ;
#1147 = CARTESIAN_POINT ( 'NONE',  ( 23.99999999999999289, 139.5500000000000114, 10.19999999999999929 ) ) ;
#1148 = EDGE_LOOP ( 'NONE', ( #1345, #743, #1805, #181 ) ) ;
#1149 = ORIENTED_EDGE ( 'NONE', *, *, #1880, .F. ) ;
#1150 = CIRCLE ( 'NONE', #204, 1.799999999999999600 ) ;
#1151 = DIRECTION ( 'NONE',  ( 0.000000000000000000, 1.000000000000000000, 0.000000000000000000 ) ) ;
#1152 = AXIS2_PLACEMENT_3D ( 'NONE', #1430, #634, #123 ) ;
#1153 = AXIS2_PLACEMENT_3D ( 'NONE', #1949, #255, #931 ) ;
#1154 = VECTOR ( 'NONE', #2040, 1000.000000000000000 ) ;
#1155 = DIRECTION ( 'NONE',  ( -1.000000000000000000, 0.000000000000000000, 0.000000000000000000 ) ) ;
#1156 = ORIENTED_EDGE ( 'NONE', *, *, #1059, .F. ) ;
#1157 = AXIS2_PLACEMENT_3D ( 'NONE', #1933, #935, #428 ) ;
#1158 = AXIS2_PLACEMENT_3D ( 'NONE', #285, #462, #1812 ) ;
#1159 = AXIS2_PLACEMENT_3D ( 'NONE', #1858, #2039, #510 ) ;
#1160 = CARTESIAN_POINT ( 'NONE',  ( 12.00000000000001066, 147.5000000000000000, 13.79999999999999893 ) ) ;
#1161 = DIRECTION ( 'NONE',  ( 0.000000000000000000, 1.000000000000000000, 0.000000000000000000 ) ) ;
#1162 = ORIENTED_EDGE ( 'NONE', *, *, #2070, .T. ) ;
#1163 = CARTESIAN_POINT ( 'NONE',  ( 23.99999999999999289, 147.5000000000000000, 15.59999999999999964 ) ) ;
#1164 = ADVANCED_FACE ( 'NONE', ( #945 ), #1931, .T. ) ;
#1165 = EDGE_CURVE ( 'NONE', #1398, #250, #1766, .T. ) ;
#1166 = AXIS2_PLACEMENT_3D ( 'NONE', #32, #1693, #1203 ) ;
#1167 = DIRECTION ( 'NONE',  ( -1.000000000000000000, 0.000000000000000000, 0.000000000000000000 ) ) ;
#1168 = VERTEX_POINT ( 'NONE', #906 ) ;
#1169 = DIRECTION ( 'NONE',  ( 0.000000000000000000, 1.000000000000000000, 0.000000000000000000 ) ) ;
#1170 = CARTESIAN_POINT ( 'NONE',  ( 12.00000000000000000, 149.5000000000000000, 15.59999999999999964 ) ) ;
#1171 = ADVANCED_FACE ( 'NONE', ( #1408 ), #1107, .T. ) ;
#1172 = ORIENTED_EDGE ( 'NONE', *, *, #1261, .F. ) ;
#1173 = ORIENTED_EDGE ( 'NONE', *, *, #1552, .F. ) ;
#1174 = EDGE_LOOP ( 'NONE', ( #54, #1815 ) ) ;
#1175 = LINE ( 'NONE', #1624, #254 ) ;
#1176 = EDGE_CURVE ( 'NONE', #1870, #1701, #1613, .T. ) ;
#1177 = DIRECTION ( 'NONE',  ( 0.000000000000000000, 0.000000000000000000, 1.000000000000000000 ) ) ;
#1178 = EDGE_LOOP ( 'NONE', ( #1527, #1478, #1728, #1218 ) ) ;
#1179 = ORIENTED_EDGE ( 'NONE', *, *, #1984, .T. ) ;
#1180 = DIRECTION ( 'NONE',  ( 0.000000000000000000, 1.000000000000000000, 0.000000000000000000 ) ) ;
#1181 = DIRECTION ( 'NONE',  ( -0.000000000000000000, -0.000000000000000000, -1.000000000000000000 ) ) ;
#1182 = ORIENTED_EDGE ( 'NONE', *, *, #1842, .T. ) ;
#1183 = ORIENTED_EDGE ( 'NONE', *, *, #778, .F. ) ;
#1184 = CARTESIAN_POINT ( 'NONE',  ( 23.99999999999999289, 139.5500000000000114, 15.59999999999999964 ) ) ;
#1185 = EDGE_CURVE ( 'NONE', #1292, #1698, #612, .T. ) ;
#1186 = ORIENTED_EDGE ( 'NONE', *, *, #1738, .F. ) ;
#1187 = DIRECTION ( 'NONE',  ( 0.000000000000000000, 0.000000000000000000, -1.000000000000000000 ) ) ;
#1188 = ORIENTED_EDGE ( 'NONE', *, *, #1626, .T. ) ;
#1189 = AXIS2_PLACEMENT_3D ( 'NONE', #764, #1620, #1630 ) ;
#1190 = AXIS2_PLACEMENT_3D ( 'NONE', #86, #1113, #596 ) ;
#1191 = DIRECTION ( 'NONE',  ( 0.000000000000000000, 0.000000000000000000, 1.000000000000000000 ) ) ;
#1192 = DIRECTION ( 'NONE',  ( 0.000000000000000000, -1.000000000000000000, 0.000000000000000000 ) ) ;
#1193 = TOROIDAL_SURFACE ( 'NONE', #383, 2.000000000000001776, 1.799999999999999600 ) ;
#1194 = VERTEX_POINT ( 'NONE', #1952 ) ;
#1195 = VECTOR ( 'NONE', #745, 1000.000000000000000 ) ;
#1196 = CARTESIAN_POINT ( 'NONE',  ( -17.50000000000000000, 106.3999999999999915, 15.59999999999999964 ) ) ;
#1197 = EDGE_LOOP ( 'NONE', ( #486, #1186, #1586, #838, #1207, #834 ) ) ;
#1198 = EDGE_CURVE ( 'NONE', #1330, #886, #631, .T. ) ;
#1199 = ORIENTED_EDGE ( 'NONE', *, *, #466, .T. ) ;
#1200 = CIRCLE ( 'NONE', #1615, 1.799999999999999600 ) ;
#1201 = LINE ( 'NONE', #1021, #1087 ) ;
#1202 = PERSON ( 'UNSPECIFIED', 'UNSPECIFIED', 'UNSPECIFIED', ('UNSPECIFIED'), ('UNSPECIFIED'), ('UNSPECIFIED') ) ;
#1203 = DIRECTION ( 'NONE',  ( 0.000000000000000000, 0.000000000000000000, 1.000000000000000000 ) ) ;
#1204 = FACE_OUTER_BOUND ( 'NONE', #1965, .T. ) ;
#1205 = DIRECTION ( 'NONE',  ( 0.000000000000000000, 1.000000000000000000, 0.000000000000000000 ) ) ;
#1206 = FACE_OUTER_BOUND ( 'NONE', #1344, .T. ) ;
#1207 = ORIENTED_EDGE ( 'NONE', *, *, #1117, .T. ) ;
#1208 = VERTEX_POINT ( 'NONE', #959 ) ;
#1209 = DIRECTION ( 'NONE',  ( 0.000000000000000000, 0.000000000000000000, -1.000000000000000000 ) ) ;
#1210 = CC_DESIGN_PERSON_AND_ORGANIZATION_ASSIGNMENT ( #937, #2118, ( #1909 ) ) ;
#1211 = ADVANCED_FACE ( 'NONE', ( #1619 ), #2145, .T. ) ;
#1212 = ORIENTED_EDGE ( 'NONE', *, *, #1142, .T. ) ;
#1213 = ORIENTED_EDGE ( 'NONE', *, *, #1362, .F. ) ;
#1214 = DIRECTION ( 'NONE',  ( 0.000000000000000000, 1.000000000000000000, 0.000000000000000000 ) ) ;
#1215 = EDGE_CURVE ( 'NONE', #507, #397, #786, .T. ) ;
#1216 = CARTESIAN_POINT ( 'NONE',  ( 20.00000000000000000, 139.5500000000000114, 6.599999999999999645 ) ) ;
#1217 = DIRECTION ( 'NONE',  ( 1.000000000000000000, 0.000000000000000000, 0.000000000000000000 ) ) ;
#1218 = ORIENTED_EDGE ( 'NONE', *, *, #986, .F. ) ;
#1219 = EDGE_LOOP ( 'NONE', ( #1473, #540 ) ) ;
#1220 = DIRECTION ( 'NONE',  ( 0.000000000000000000, -1.000000000000000000, 0.000000000000000000 ) ) ;
#1221 = ORIENTED_EDGE ( 'NONE', *, *, #1485, .T. ) ;
#1222 = CYLINDRICAL_SURFACE ( 'NONE', #1998, 1.799999999999999600 ) ;
#1223 = CARTESIAN_POINT ( 'NONE',  ( -14.50000000000000178, 136.5500000000000114, 15.59999999999999964 ) ) ;
#1224 = CARTESIAN_POINT ( 'NONE',  ( 10.00000000000000000, 152.0000000000000000, 15.59999999999999964 ) ) ;
#1225 = AXIS2_PLACEMENT_3D ( 'NONE', #115, #1768, #960 ) ;
#1226 = ORIENTED_EDGE ( 'NONE', *, *, #1176, .T. ) ;
#1227 = VERTEX_POINT ( 'NONE', #2089 ) ;
#1228 = AXIS2_PLACEMENT_3D ( 'NONE', #1773, #2095, #1282 ) ;
#1229 = CARTESIAN_POINT ( 'NONE',  ( -14.50000000000006040, 139.5500000000000114, 13.79999999999999893 ) ) ;
#1230 = AXIS2_PLACEMENT_3D ( 'NONE', #835, #319, #661 ) ;
#1231 = DIRECTION ( 'NONE',  ( 0.000000000000000000, -1.000000000000000000, 0.000000000000000000 ) ) ;
#1232 = ADVANCED_FACE ( 'NONE', ( #577 ), #1248, .T. ) ;
#1233 = EDGE_CURVE ( 'NONE', #1506, #1470, #840, .T. ) ;
#1234 = DIRECTION ( 'NONE',  ( 0.000000000000000000, -1.000000000000000000, 0.000000000000000000 ) ) ;
#1235 = DIRECTION ( 'NONE',  ( 0.000000000000000000, 0.000000000000000000, -1.000000000000000000 ) ) ;
#1236 = ORIENTED_EDGE ( 'NONE', *, *, #1718, .T. ) ;
#1237 = VERTEX_POINT ( 'NONE', #1136 ) ;
#1238 = CARTESIAN_POINT ( 'NONE',  ( 12.00000000000001066, 147.5000000000000000, 13.79999999999999893 ) ) ;
#1239 = AXIS2_PLACEMENT_3D ( 'NONE', #669, #1131, #1335 ) ;
#1240 = EDGE_CURVE ( 'NONE', #202, #427, #2076, .T. ) ;
#1241 = DIRECTION ( 'NONE',  ( 1.000000000000000000, 0.000000000000000000, 0.000000000000000000 ) ) ;
#1242 = DIRECTION ( 'NONE',  ( -0.000000000000000000, -0.000000000000000000, -1.000000000000000000 ) ) ;
#1243 = ADVANCED_FACE ( 'NONE', ( #457 ), #825, .T. ) ;
#1244 = CYLINDRICAL_SURFACE ( 'NONE', #132, 1.799999999999999600 ) ;
#1245 = FACE_OUTER_BOUND ( 'NONE', #1790, .T. ) ;
#1246 = ORIENTED_EDGE ( 'NONE', *, *, #1654, .F. ) ;
#1247 = VERTEX_POINT ( 'NONE', #288 ) ;
#1248 = CYLINDRICAL_SURFACE ( 'NONE', #594, 1.799999999999999600 ) ;
#1249 = EDGE_LOOP ( 'NONE', ( #2081, #793, #1975, #537, #824, #624 ) ) ;
#1250 = DATE_TIME_ROLE ( 'creation_date' ) ;
#1251 = CARTESIAN_POINT ( 'NONE',  ( -26.89999999999999858, 104.5000000000000000, 13.09999999999999787 ) ) ;
#1252 = CARTESIAN_POINT ( 'NONE',  ( 24.00000000000000000, 141.5500000000000114, 15.59999999999999964 ) ) ;
#1253 = CARTESIAN_POINT ( 'NONE',  ( 26.00000000000000355, 145.5000000000000000, 15.59999999999999964 ) ) ;
#1254 = VERTEX_POINT ( 'NONE', #1003 ) ;
#1255 = AXIS2_PLACEMENT_3D ( 'NONE', #1695, #681, #221 ) ;
#1256 = ORIENTED_EDGE ( 'NONE', *, *, #899, .F. ) ;
#1257 = CARTESIAN_POINT ( 'NONE',  ( 23.99999999999999289, 139.5500000000000114, 8.400000000000000355 ) ) ;
#1258 = AXIS2_PLACEMENT_3D ( 'NONE', #2133, #2126, #1304 ) ;
#1259 = DIRECTION ( 'NONE',  ( 0.000000000000000000, 0.000000000000000000, 1.000000000000000000 ) ) ;
#1260 = AXIS2_PLACEMENT_3D ( 'NONE', #1035, #539, #335 ) ;
#1261 = EDGE_CURVE ( 'NONE', #757, #1041, #1966, .T. ) ;
#1262 = AXIS2_PLACEMENT_3D ( 'NONE', #553, #1374, #542 ) ;
#1263 = VECTOR ( 'NONE', #1283, 1000.000000000000000 ) ;
#1264 = AXIS2_PLACEMENT_3D ( 'NONE', #128, #1794, #1141 ) ;
#1265 = CIRCLE ( 'NONE', #2038, 1.799999999999999600 ) ;
#1266 = DIRECTION ( 'NONE',  ( 0.000000000000000000, 1.000000000000000000, 0.000000000000000000 ) ) ;
#1267 = ADVANCED_FACE ( 'NONE', ( #1637 ), #2167, .T. ) ;
#1268 = DIRECTION ( 'NONE',  ( 0.000000000000000000, 0.000000000000000000, 1.000000000000000000 ) ) ;
#1269 = CARTESIAN_POINT ( 'NONE',  ( 26.00000000000000355, 145.5000000000000000, 15.59999999999999964 ) ) ;
#1270 = ORIENTED_EDGE ( 'NONE', *, *, #1552, .T. ) ;
#1271 = ORIENTED_EDGE ( 'NONE', *, *, #2056, .F. ) ;
#1272 = DIRECTION ( 'NONE',  ( 1.000000000000000000, 0.000000000000000000, 0.000000000000000000 ) ) ;
#1273 = CARTESIAN_POINT ( 'NONE',  ( 24.00000000000000000, 145.5000000000000000, 15.59999999999999964 ) ) ;
#1274 = ORIENTED_EDGE ( 'NONE', *, *, #1987, .F. ) ;
#1275 = EDGE_LOOP ( 'NONE', ( #723, #504, #1954, #101, #923, #1029 ) ) ;
#1276 = APPROVAL_STATUS ( 'not_yet_approved' ) ;
#1277 = EDGE_CURVE ( 'NONE', #257, #1194, #1297, .T. ) ;
#1278 = AXIS2_PLACEMENT_3D ( 'NONE', #1484, #334, #991 ) ;
#1279 = CARTESIAN_POINT ( 'NONE',  ( -17.50000000000000000, 106.3999999999999915, 15.59999999999999964 ) ) ;
#1280 = EDGE_CURVE ( 'NONE', #997, #757, #1721, .T. ) ;
#1281 = CYLINDRICAL_SURFACE ( 'NONE', #1190, 1.799999999999999600 ) ;
#1282 = DIRECTION ( 'NONE',  ( 0.000000000000000000, 0.000000000000000000, 1.000000000000000000 ) ) ;
#1283 = DIRECTION ( 'NONE',  ( 1.000000000000000000, 0.000000000000000000, 0.000000000000000000 ) ) ;
#1284 = CARTESIAN_POINT ( 'NONE',  ( -22.60000000000000142, 104.5000000000000000, 15.59999999999999964 ) ) ;
#1285 = EDGE_LOOP ( 'NONE', ( #1302, #961, #873, #1006, #2127, #575 ) ) ;
#1286 = LINE ( 'NONE', #1600, #806 ) ;
#1287 = ADVANCED_FACE ( 'NONE', ( #2002 ), #1055, .T. ) ;
#1288 = FACE_OUTER_BOUND ( 'NONE', #147, .T. ) ;
#1289 = CARTESIAN_POINT ( 'NONE',  ( -22.60000000000000142, 104.5000000000000000, 15.59999999999999964 ) ) ;
#1290 = CARTESIAN_POINT ( 'NONE',  ( 20.00000000000000000, 139.5500000000000114, 8.400000000000000355 ) ) ;
#1291 = DIRECTION ( 'NONE',  ( 0.000000000000000000, 1.000000000000000000, 0.000000000000000000 ) ) ;
#1292 = VERTEX_POINT ( 'NONE', #1160 ) ;
#1293 = CIRCLE ( 'NONE', #1923, 4.799999999999998934 ) ;
#1294 = VECTOR ( 'NONE', #1369, 1000.000000000000000 ) ;
#1295 = TOROIDAL_SURFACE ( 'NONE', #912, 2.000000000000001776, 1.799999999999999600 ) ;
#1296 = DIRECTION ( 'NONE',  ( 0.000000000000000000, 0.000000000000000000, -1.000000000000000000 ) ) ;
#1297 = CIRCLE ( 'NONE', #281, 4.300000000000000711 ) ;
#1298 = CARTESIAN_POINT ( 'NONE',  ( 10.00000000000000000, 152.0000000000000000, 8.400000000000000355 ) ) ;
#1299 = CIRCLE ( 'NONE', #213, 3.800000000000001155 ) ;
#1300 = EDGE_CURVE ( 'NONE', #977, #1051, #1401, .T. ) ;
#1301 = DIRECTION ( 'NONE',  ( 0.000000000000000000, 0.000000000000000000, 1.000000000000000000 ) ) ;
#1302 = ORIENTED_EDGE ( 'NONE', *, *, #362, .F. ) ;
#1303 = DIRECTION ( 'NONE',  ( 0.000000000000000000, -1.000000000000000000, 0.000000000000000000 ) ) ;
#1304 = DIRECTION ( 'NONE',  ( 0.000000000000000000, 0.000000000000000000, -1.000000000000000000 ) ) ;
#1305 = ORIENTED_EDGE ( 'NONE', *, *, #2083, .T. ) ;
#1306 = EDGE_CURVE ( 'NONE', #367, #944, #1312, .T. ) ;
#1307 = DIRECTION ( 'NONE',  ( 1.000000000000000000, 0.000000000000000000, 0.000000000000000000 ) ) ;
#1308 = AXIS2_PLACEMENT_3D ( 'NONE', #16, #2046, #194 ) ;
#1309 = DIRECTION ( 'NONE',  ( 1.000000000000000000, 0.000000000000000000, 0.000000000000000000 ) ) ;
#1310 = CARTESIAN_POINT ( 'NONE',  ( -12.00000000000000000, 139.5500000000000114, 6.599999999999999645 ) ) ;
#1311 = ORIENTED_EDGE ( 'NONE', *, *, #1490, .T. ) ;
#1312 = LINE ( 'NONE', #622, #1575 ) ;
#1313 = DIRECTION ( 'NONE',  ( 0.000000000000000000, 0.000000000000000000, 1.000000000000000000 ) ) ;
#1314 = ORIENTED_EDGE ( 'NONE', *, *, #226, .T. ) ;
#1315 = DIRECTION ( 'NONE',  ( 0.000000000000000000, 0.000000000000000000, 1.000000000000000000 ) ) ;
#1316 = DIRECTION ( 'NONE',  ( 0.000000000000000000, 1.000000000000000000, 0.000000000000000000 ) ) ;
#1317 = ORIENTED_EDGE ( 'NONE', *, *, #1632, .F. ) ;
#1318 = CARTESIAN_POINT ( 'NONE',  ( -15.70000000000000284, 136.5500000000000114, 8.400000000000000355 ) ) ;
#1319 = LINE ( 'NONE', #338, #829 ) ;
#1320 = ORIENTED_EDGE ( 'NONE', *, *, #641, .T. ) ;
#1321 = EDGE_CURVE ( 'NONE', #1237, #1769, #122, .T. ) ;
#1322 = EDGE_CURVE ( 'NONE', #1168, #2117, #1542, .T. ) ;
#1323 = CIRCLE ( 'NONE', #422, 1.799999999999999600 ) ;
#1324 = DIRECTION ( 'NONE',  ( 0.000000000000000000, 0.000000000000000000, 1.000000000000000000 ) ) ;
#1325 = VECTOR ( 'NONE', #2, 1000.000000000000000 ) ;
#1326 = AXIS2_PLACEMENT_3D ( 'NONE', #2085, #2106, #1570 ) ;
#1327 = AXIS2_PLACEMENT_3D ( 'NONE', #1763, #434, #412 ) ;
#1328 = PLANE ( 'NONE',  #2031 ) ;
#1329 = ADVANCED_FACE ( 'NONE', ( #1806 ), #1816, .T. ) ;
#1330 = VERTEX_POINT ( 'NONE', #1318 ) ;
#1331 = TOROIDAL_SURFACE ( 'NONE', #1999, 2.500000000000002220, 1.799999999999999600 ) ;
#1332 = CARTESIAN_POINT ( 'NONE',  ( -17.50000000000000000, 106.3999999999999915, 15.59999999999999964 ) ) ;
#1333 = CARTESIAN_POINT ( 'NONE',  ( -15.70000000000000284, 118.5000000000000000, 8.400000000000000355 ) ) ;
#1334 = EDGE_LOOP ( 'NONE', ( #2043, #1000, #1945, #1526, #1863 ) ) ;
#1335 = DIRECTION ( 'NONE',  ( -1.000000000000000000, 0.000000000000000000, 0.000000000000000000 ) ) ;
#1336 = EDGE_CURVE ( 'NONE', #1194, #271, #1990, .T. ) ;
#1337 = CIRCLE ( 'NONE', #1692, 1.799999999999999600 ) ;
#1338 = CYLINDRICAL_SURFACE ( 'NONE', #1924, 1.799999999999999600 ) ;
#1339 = ORIENTED_EDGE ( 'NONE', *, *, #915, .T. ) ;
#1340 = EDGE_CURVE ( 'NONE', #1352, #522, #773, .T. ) ;
#1341 = FACE_OUTER_BOUND ( 'NONE', #1499, .T. ) ;
#1342 = CARTESIAN_POINT ( 'NONE',  ( 24.00000000000000000, 141.5500000000000114, 8.400000000000000355 ) ) ;
#1343 = ORIENTED_EDGE ( 'NONE', *, *, #1738, .T. ) ;
#1344 = EDGE_LOOP ( 'NONE', ( #234, #788, #490, #1940 ) ) ;
#1345 = ORIENTED_EDGE ( 'NONE', *, *, #756, .T. ) ;
#1346 = DIRECTION ( 'NONE',  ( 0.000000000000000000, -1.000000000000000000, 0.000000000000000000 ) ) ;
#1347 = MANIFOLD_SOLID_BREP ( 'Sweep7', #1434 ) ;
#1348 = DIRECTION ( 'NONE',  ( 1.000000000000000000, 0.000000000000000000, 0.000000000000000000 ) ) ;
#1349 = APPROVAL ( #1276, 'UNSPECIFIED' ) ;
#1350 = DIRECTION ( 'NONE',  ( 0.000000000000000000, 1.000000000000000000, 0.000000000000000000 ) ) ;
#1351 = CARTESIAN_POINT ( 'NONE',  ( 26.00000000000000355, 141.5500000000000114, 8.400000000000000355 ) ) ;
#1352 = VERTEX_POINT ( 'NONE', #154 ) ;
#1353 = VERTEX_POINT ( 'NONE', #1459 ) ;
#1354 = CARTESIAN_POINT ( 'NONE',  ( 24.20000000000000284, 145.5000000000000000, 8.400000000000000355 ) ) ;
#1355 = ORIENTED_EDGE ( 'NONE', *, *, #1792, .T. ) ;
#1356 = CIRCLE ( 'NONE', #1607, 1.799999999999999600 ) ;
#1357 = VECTOR ( 'NONE', #2122, 1000.000000000000000 ) ;
#1358 = CARTESIAN_POINT ( 'NONE',  ( -17.50000000000000000, 136.5500000000000114, 8.400000000000000355 ) ) ;
#1359 = CARTESIAN_POINT ( 'NONE',  ( -19.30000000000000071, 136.5500000000000114, 8.400000000000000355 ) ) ;
#1360 = APPLICATION_CONTEXT ( 'configuration controlled 3d designs of mechanical parts and assemblies' ) ;
#1361 = AXIS2_PLACEMENT_3D ( 'NONE', #2123, #425, #774 ) ;
#1362 = EDGE_CURVE ( 'NONE', #1237, #1144, #2146, .T. ) ;
#1363 = DIRECTION ( 'NONE',  ( 1.000000000000000000, 0.000000000000000000, 0.000000000000000000 ) ) ;
#1364 = CIRCLE ( 'NONE', #104, 1.799999999999999600 ) ;
#1365 = CARTESIAN_POINT ( 'NONE',  ( -14.50000000000000178, 136.5500000000000114, 15.59999999999999964 ) ) ;
#1366 = ORIENTED_EDGE ( 'NONE', *, *, #529, .F. ) ;
#1367 = ORIENTED_EDGE ( 'NONE', *, *, #641, .F. ) ;
#1368 = CIRCLE ( 'NONE', #1159, 1.799999999999999600 ) ;
#1369 = DIRECTION ( 'NONE',  ( 1.000000000000000000, 0.000000000000000000, 0.000000000000000000 ) ) ;
#1370 = EDGE_CURVE ( 'NONE', #696, #2045, #1299, .T. ) ;
#1371 = CARTESIAN_POINT ( 'NONE',  ( -19.40000000000000213, 106.3999999999999915, 15.59999999999999964 ) ) ;
#1372 = FACE_OUTER_BOUND ( 'NONE', #1981, .T. ) ;
#1373 = CARTESIAN_POINT ( 'NONE',  ( -22.60000000000000142, 116.5999999999999943, 5.899999999999999467 ) ) ;
#1374 = DIRECTION ( 'NONE',  ( -0.000000000000000000, -0.000000000000000000, -1.000000000000000000 ) ) ;
#1375 = ORIENTED_EDGE ( 'NONE', *, *, #958, .T. ) ;
#1376 = ORIENTED_EDGE ( 'NONE', *, *, #1490, .F. ) ;
#1377 = DIRECTION ( 'NONE',  ( 0.000000000000000000, 1.000000000000000000, 0.000000000000000000 ) ) ;
#1378 = ORIENTED_EDGE ( 'NONE', *, *, #1917, .F. ) ;
#1379 = CYLINDRICAL_SURFACE ( 'NONE', #400, 1.799999999999999600 ) ;
#1380 = FACE_OUTER_BOUND ( 'NONE', #1334, .T. ) ;
#1381 = CARTESIAN_POINT ( 'NONE',  ( -26.89999999999999858, 104.5000000000000000, -8.599999999999999645 ) ) ;
#1382 = DIRECTION ( 'NONE',  ( 0.000000000000000000, 0.000000000000000000, 1.000000000000000000 ) ) ;
#1383 = ORIENTED_EDGE ( 'NONE', *, *, #2090, .T. ) ;
#1384 = ORIENTED_EDGE ( 'NONE', *, *, #1658, .F. ) ;
#1385 = CARTESIAN_POINT ( 'NONE',  ( -14.50000000000006040, 139.5500000000000114, 17.39999999999999858 ) ) ;
#1386 = ORIENTED_EDGE ( 'NONE', *, *, #1592, .F. ) ;
#1387 = ORIENTED_EDGE ( 'NONE', *, *, #855, .T. ) ;
#1388 = CARTESIAN_POINT ( 'NONE',  ( -21.50000000000000000, 104.5000000000000000, 15.59999999999999964 ) ) ;
#1389 = CC_DESIGN_PERSON_AND_ORGANIZATION_ASSIGNMENT ( #1444, #927, ( #1583 ) ) ;
#1390 = EDGE_CURVE ( 'NONE', #1668, #1019, #1368, .T. ) ;
#1391 = CYLINDRICAL_SURFACE ( 'NONE', #1754, 1.799999999999999600 ) ;
#1392 = VECTOR ( 'NONE', #458, 1000.000000000000000 ) ;
#1393 = EDGE_CURVE ( 'NONE', #1041, #1247, #597, .T. ) ;
#1394 = DIRECTION ( 'NONE',  ( 1.000000000000000000, 0.000000000000000000, 0.000000000000000000 ) ) ;
#1395 = LINE ( 'NONE', #69, #1572 ) ;
#1396 = AXIS2_PLACEMENT_3D ( 'NONE', #1439, #1750, #1424 ) ;
#1397 = AXIS2_PLACEMENT_3D ( 'NONE', #2150, #638, #647 ) ;
#1398 = VERTEX_POINT ( 'NONE', #848 ) ;
#1399 = CIRCLE ( 'NONE', #1157, 1.799999999999999600 ) ;
#1400 = FACE_OUTER_BOUND ( 'NONE', #377, .T. ) ;
#1401 = CIRCLE ( 'NONE', #347, 0.2000000000000022593 ) ;
#1402 = ORIENTED_EDGE ( 'NONE', *, *, #165, .T. ) ;
#1403 = CARTESIAN_POINT ( 'NONE',  ( -14.50000000000000000, 139.5500000000000114, 8.400000000000000355 ) ) ;
#1404 = FACE_OUTER_BOUND ( 'NONE', #409, .T. ) ;
#1405 = DIRECTION ( 'NONE',  ( 0.000000000000000000, 0.000000000000000000, -1.000000000000000000 ) ) ;
#1406 = ORIENTED_EDGE ( 'NONE', *, *, #529, .T. ) ;
#1407 = VERTEX_POINT ( 'NONE', #532 ) ;
#1408 = FACE_OUTER_BOUND ( 'NONE', #2124, .T. ) ;
#1409 = CIRCLE ( 'NONE', #1065, 1.799999999999999600 ) ;
#1410 = DATE_AND_TIME ( #92, #891 ) ;
#1411 = CARTESIAN_POINT ( 'NONE',  ( -17.50000000000000000, 118.5000000000000000, 8.400000000000000355 ) ) ;
#1412 = EDGE_CURVE ( 'NONE', #483, #1440, #1725, .T. ) ;
#1413 = DIRECTION ( 'NONE',  ( 0.000000000000000000, 1.000000000000000000, 0.000000000000000000 ) ) ;
#1414 = LINE ( 'NONE', #574, #802 ) ;
#1415 = VERTEX_POINT ( 'NONE', #705 ) ;
#1416 = ORIENTED_EDGE ( 'NONE', *, *, #1454, .T. ) ;
#1417 = ORIENTED_EDGE ( 'NONE', *, *, #1809, .T. ) ;
#1418 = DIRECTION ( 'NONE',  ( 0.000000000000000000, 0.000000000000000000, 1.000000000000000000 ) ) ;
#1419 = CARTESIAN_POINT ( 'NONE',  ( 11.79999999999999893, 149.5000000000000000, 15.59999999999999964 ) ) ;
#1420 = ORIENTED_EDGE ( 'NONE', *, *, #2174, .F. ) ;
#1421 = EDGE_CURVE ( 'NONE', #2078, #1515, #1967, .T. ) ;
#1422 = CARTESIAN_POINT ( 'NONE',  ( -12.00000000000000000, 139.5500000000000114, 10.19999999999999929 ) ) ;
#1423 = CARTESIAN_POINT ( 'NONE',  ( 10.00000000000000000, 152.0000000000000000, 15.59999999999999964 ) ) ;
#1424 = DIRECTION ( 'NONE',  ( -1.000000000000000000, 0.000000000000000000, 0.000000000000000000 ) ) ;
#1425 = EDGE_LOOP ( 'NONE', ( #1541, #2144, #1631, #1928, #1603, #6 ) ) ;
#1426 = EDGE_CURVE ( 'NONE', #1019, #635, #1436, .T. ) ;
#1427 = ORIENTED_EDGE ( 'NONE', *, *, #1261, .T. ) ;
#1428 = DIRECTION ( 'NONE',  ( 0.000000000000000000, 1.000000000000000000, 0.000000000000000000 ) ) ;
#1429 = AXIS2_PLACEMENT_3D ( 'NONE', #1298, #302, #1625 ) ;
#1430 = CARTESIAN_POINT ( 'NONE',  ( -22.60000000000000142, 116.5999999999999943, 8.400000000000000355 ) ) ;
#1431 = CIRCLE ( 'NONE', #381, 1.799999999999999600 ) ;
#1432 = APPLICATION_PROTOCOL_DEFINITION ( 'international standard', 'config_control_design', 1994, #2119 ) ;
#1433 = AXIS2_PLACEMENT_3D ( 'NONE', #995, #329, #134 ) ;
#1434 = CLOSED_SHELL ( 'NONE', ( #616, #8, #1727, #1458, #709, #1435, #1827, #102, #1906, #779, #842, #893, #1171, #1243, #19, #1043, #66, #1329, #2021, #117, #1553, #814, #2156, #1017, #416, #2009, #452, #1598, #1951, #1671, #1138, #583, #876, #1797, #1964, #1520, #1232, #270, #2136, #1164, #35, #591, #1036, #259, #225, #1287, #1694, #333, #42, #1034, #236, #1877, #801, #1889, #721, #1211, #1851, #1946, #1664, #738, #127, #1759, #1267, #358, #866, #322 ) ) ;
#1435 = ADVANCED_FACE ( 'NONE', ( #1341 ), #493, .T. ) ;
#1436 = CIRCLE ( 'NONE', #1856, 1.799999999999999600 ) ;
#1437 = CARTESIAN_POINT ( 'NONE',  ( -19.40000000000000213, 104.5000000000000000, 13.79999999999999893 ) ) ;
#1438 = DIRECTION ( 'NONE',  ( 0.000000000000000000, 1.000000000000000000, 0.000000000000000000 ) ) ;
#1439 = CARTESIAN_POINT ( 'NONE',  ( -14.50000000000000178, 136.5500000000000114, 15.59999999999999964 ) ) ;
#1440 = VERTEX_POINT ( 'NONE', #673 ) ;
#1441 = CARTESIAN_POINT ( 'NONE',  ( 23.99999999999999289, 147.5000000000000000, 8.400000000000000355 ) ) ;
#1442 = DIRECTION ( 'NONE',  ( 1.000000000000000000, 0.000000000000000000, 0.000000000000000000 ) ) ;
#1443 = ORIENTED_EDGE ( 'NONE', *, *, #316, .T. ) ;
#1444 = PERSON_AND_ORGANIZATION ( #1202, #712 ) ;
#1445 = VECTOR ( 'NONE', #1850, 1000.000000000000000 ) ;
#1446 = EDGE_CURVE ( 'NONE', #139, #1971, #868, .T. ) ;
#1447 = DIRECTION ( 'NONE',  ( 0.000000000000000000, 1.000000000000000000, 0.000000000000000000 ) ) ;
#1448 = DIRECTION ( 'NONE',  ( 0.000000000000000000, 0.000000000000000000, 1.000000000000000000 ) ) ;
#1449 = DIRECTION ( 'NONE',  ( 0.000000000000000000, 1.000000000000000000, 0.000000000000000000 ) ) ;
#1450 = CARTESIAN_POINT ( 'NONE',  ( -22.60000000000000142, 116.5999999999999943, 5.899999999999999467 ) ) ;
#1451 = DIRECTION ( 'NONE',  ( 0.000000000000000000, 0.000000000000000000, 1.000000000000000000 ) ) ;
#1452 = ORIENTED_EDGE ( 'NONE', *, *, #1076, .F. ) ;
#1453 = DIRECTION ( 'NONE',  ( 0.000000000000000000, 0.000000000000000000, 1.000000000000000000 ) ) ;
#1454 = EDGE_CURVE ( 'NONE', #228, #507, #1468, .T. ) ;
#1455 = DIRECTION ( 'NONE',  ( 0.000000000000000000, 0.000000000000000000, 1.000000000000000000 ) ) ;
#1456 = DIRECTION ( 'NONE',  ( 1.000000000000000000, 0.000000000000000000, 0.000000000000000000 ) ) ;
#1457 = ORIENTED_EDGE ( 'NONE', *, *, #789, .T. ) ;
#1458 = ADVANCED_FACE ( 'NONE', ( #1720 ), #1331, .T. ) ;
#1459 = CARTESIAN_POINT ( 'NONE',  ( 10.00000000000000000, 149.5000000000000000, 17.39999999999999858 ) ) ;
#1460 = DIRECTION ( 'NONE',  ( 1.000000000000000000, 0.000000000000000000, 0.000000000000000000 ) ) ;
#1461 = ORIENTED_EDGE ( 'NONE', *, *, #1565, .T. ) ;
#1462 = CIRCLE ( 'NONE', #1121, 1.799999999999999600 ) ;
#1463 = AXIS2_PLACEMENT_3D ( 'NONE', #728, #858, #1382 ) ;
#1464 = DIRECTION ( 'NONE',  ( 1.000000000000000000, 0.000000000000000000, 0.000000000000000000 ) ) ;
#1465 = CIRCLE ( 'NONE', #665, 1.799999999999999600 ) ;
#1466 = AXIS2_PLACEMENT_3D ( 'NONE', #2060, #550, #1730 ) ;
#1467 = DIRECTION ( 'NONE',  ( 0.000000000000000000, 0.000000000000000000, 1.000000000000000000 ) ) ;
#1468 = CIRCLE ( 'NONE', #424, 0.7000000000000027311 ) ;
#1469 = DIRECTION ( 'NONE',  ( 0.000000000000000000, 1.000000000000000000, 0.000000000000000000 ) ) ;
#1470 = VERTEX_POINT ( 'NONE', #1216 ) ;
#1471 = DIRECTION ( 'NONE',  ( 0.000000000000000000, 0.000000000000000000, 1.000000000000000000 ) ) ;
#1472 = ORIENTED_EDGE ( 'NONE', *, *, #548, .T. ) ;
#1473 = ORIENTED_EDGE ( 'NONE', *, *, #1233, .F. ) ;
#1474 = CARTESIAN_POINT ( 'NONE',  ( 10.00000000000000000, 149.5000000000000000, 10.19999999999999929 ) ) ;
#1475 = AXIS2_PLACEMENT_3D ( 'NONE', #141, #1307, #1296 ) ;
#1476 = CARTESIAN_POINT ( 'NONE',  ( -19.40000000000000213, 116.5999999999999943, 10.19999999999999929 ) ) ;
#1477 = DIRECTION ( 'NONE',  ( -1.000000000000000000, 0.000000000000000000, 0.000000000000000000 ) ) ;
#1478 = ORIENTED_EDGE ( 'NONE', *, *, #1565, .F. ) ;
#1479 = EDGE_CURVE ( 'NONE', #522, #1352, #1577, .T. ) ;
#1480 = DIRECTION ( 'NONE',  ( 0.000000000000000000, 1.000000000000000000, 0.000000000000000000 ) ) ;
#1481 = FACE_OUTER_BOUND ( 'NONE', #1174, .T. ) ;
#1482 = ORIENTED_EDGE ( 'NONE', *, *, #1321, .T. ) ;
#1483 = ORIENTED_EDGE ( 'NONE', *, *, #572, .T. ) ;
#1484 = CARTESIAN_POINT ( 'NONE',  ( -14.50000000000000000, 139.5500000000000114, 15.59999999999999964 ) ) ;
#1485 = EDGE_CURVE ( 'NONE', #1118, #2011, #1265, .T. ) ;
#1486 = CARTESIAN_POINT ( 'NONE',  ( 12.00000000000000000, 149.5000000000000000, 8.400000000000000355 ) ) ;
#1487 = ORIENTED_EDGE ( 'NONE', *, *, #1176, .F. ) ;
#1488 = DIRECTION ( 'NONE',  ( 1.000000000000000000, 0.000000000000000000, 0.000000000000000000 ) ) ;
#1489 = DIRECTION ( 'NONE',  ( 1.000000000000000000, -1.734723475976805517E-15, 0.000000000000000000 ) ) ;
#1490 = EDGE_CURVE ( 'NONE', #1353, #483, #1200, .T. ) ;
#1491 = ORIENTED_EDGE ( 'NONE', *, *, #230, .T. ) ;
#1492 = AXIS2_PLACEMENT_3D ( 'NONE', #1403, #2103, #448 ) ;
#1493 = CARTESIAN_POINT ( 'NONE',  ( 19.99999999999998934, 139.5500000000000114, 15.59999999999999964 ) ) ;
#1494 = TOROIDAL_SURFACE ( 'NONE', #1849, 2.000000000000001776, 1.799999999999999600 ) ;
#1495 = VECTOR ( 'NONE', #1234, 1000.000000000000000 ) ;
#1496 = EDGE_CURVE ( 'NONE', #1708, #1135, #353, .T. ) ;
#1497 = CIRCLE ( 'NONE', #1791, 1.799999999999999600 ) ;
#1498 = CARTESIAN_POINT ( 'NONE',  ( -19.40000000000000213, 116.5999999999999943, 8.400000000000000355 ) ) ;
#1499 = EDGE_LOOP ( 'NONE', ( #80, #1270, #305, #1639, #924, #2138 ) ) ;
#1500 = AXIS2_PLACEMENT_3D ( 'NONE', #260, #1576, #1074 ) ;
#1501 = CARTESIAN_POINT ( 'NONE',  ( 12.00000000000000000, 149.5000000000000000, 15.59999999999999964 ) ) ;
#1502 = DIRECTION ( 'NONE',  ( 0.000000000000000000, 0.000000000000000000, 1.000000000000000000 ) ) ;
#1503 = ORIENTED_EDGE ( 'NONE', *, *, #1647, .F. ) ;
#1504 = ORIENTED_EDGE ( 'NONE', *, *, #548, .F. ) ;
#1505 = EDGE_LOOP ( 'NONE', ( #566, #284, #247, #1903, #1213, #685 ) ) ;
#1506 = VERTEX_POINT ( 'NONE', #716 ) ;
#1507 = CARTESIAN_POINT ( 'NONE',  ( 23.99999999999999289, 139.5500000000000114, 15.59999999999999964 ) ) ;
#1508 = EDGE_CURVE ( 'NONE', #775, #977, #108, .T. ) ;
#1509 = AXIS2_PLACEMENT_3D ( 'NONE', #1493, #2007, #1324 ) ;
#1510 = DIRECTION ( 'NONE',  ( 0.000000000000000000, 0.000000000000000000, -1.000000000000000000 ) ) ;
#1511 = DIRECTION ( 'NONE',  ( -0.000000000000000000, -0.000000000000000000, -1.000000000000000000 ) ) ;
#1512 = LOCAL_TIME ( 17, 50, 24.00000000000000000, #605 ) ;
#1513 = DIRECTION ( 'NONE',  ( 0.000000000000000000, 0.000000000000000000, 1.000000000000000000 ) ) ;
#1514 = DIRECTION ( 'NONE',  ( 0.000000000000000000, 1.000000000000000000, 0.000000000000000000 ) ) ;
#1515 = VERTEX_POINT ( 'NONE', #1381 ) ;
#1516 = EDGE_LOOP ( 'NONE', ( #395, #1199 ) ) ;
#1517 = CARTESIAN_POINT ( 'NONE',  ( 10.00000000000000000, 152.0000000000000000, 15.59999999999999964 ) ) ;
#1518 = EDGE_LOOP ( 'NONE', ( #1594, #161 ) ) ;
#1519 = APPLICATION_PROTOCOL_DEFINITION ( 'international standard', 'config_control_design', 1994, #1360 ) ;
#1520 = ADVANCED_FACE ( 'NONE', ( #2062 ), #668, .T. ) ;
#1521 = CARTESIAN_POINT ( 'NONE',  ( 10.00000000000000000, 152.0000000000000000, 8.400000000000000355 ) ) ;
#1522 = DIRECTION ( 'NONE',  ( 0.000000000000000000, 0.000000000000000000, -1.000000000000000000 ) ) ;
#1523 = DIRECTION ( 'NONE',  ( 0.000000000000000000, 0.000000000000000000, -1.000000000000000000 ) ) ;
#1524 = DIRECTION ( 'NONE',  ( -1.000000000000000000, -0.000000000000000000, -0.000000000000000000 ) ) ;
#1525 = EDGE_CURVE ( 'NONE', #1515, #202, #552, .T. ) ;
#1526 = ORIENTED_EDGE ( 'NONE', *, *, #1106, .F. ) ;
#1527 = ORIENTED_EDGE ( 'NONE', *, *, #679, .F. ) ;
#1528 = CYLINDRICAL_SURFACE ( 'NONE', #805, 1.799999999999999600 ) ;
#1529 = ORIENTED_EDGE ( 'NONE', *, *, #495, .F. ) ;
#1530 = DIRECTION ( 'NONE',  ( 0.000000000000000000, 0.000000000000000000, -1.000000000000000000 ) ) ;
#1531 = AXIS2_PLACEMENT_3D ( 'NONE', #715, #10, #1705 ) ;
#1532 = AXIS2_PLACEMENT_3D ( 'NONE', #946, #1489, #683 ) ;
#1533 = AXIS2_PLACEMENT_3D ( 'NONE', #1498, #197, #2179 ) ;
#1534 = DIRECTION ( 'NONE',  ( 0.000000000000000000, 0.000000000000000000, -1.000000000000000000 ) ) ;
#1535 = CARTESIAN_POINT ( 'NONE',  ( 24.00000000000000000, 145.5000000000000000, 8.400000000000000355 ) ) ;
#1536 = AXIS2_PLACEMENT_3D ( 'NONE', #1253, #620, #79 ) ;
#1537 = CARTESIAN_POINT ( 'NONE',  ( -14.50000000000006040, 139.5500000000000114, 15.59999999999999964 ) ) ;
#1538 = DIRECTION ( 'NONE',  ( 0.000000000000000000, 0.000000000000000000, 1.000000000000000000 ) ) ;
#1539 = CIRCLE ( 'NONE', #527, 3.800000000000001155 ) ;
#1540 = ORIENTED_EDGE ( 'NONE', *, *, #1718, .F. ) ;
#1541 = ORIENTED_EDGE ( 'NONE', *, *, #1809, .F. ) ;
#1542 = CIRCLE ( 'NONE', #243, 1.799999999999999600 ) ;
#1543 = CARTESIAN_POINT ( 'NONE',  ( 19.99999999999998934, 139.5500000000000114, 13.79999999999999893 ) ) ;
#1544 = EDGE_LOOP ( 'NONE', ( #603, #887, #2018, #267, #406 ) ) ;
#1545 = CARTESIAN_POINT ( 'NONE',  ( 26.00000000000000355, 145.5000000000000000, 15.59999999999999964 ) ) ;
#1546 = DIRECTION ( 'NONE',  ( 1.000000000000000000, 0.000000000000000000, 0.000000000000000000 ) ) ;
#1547 = LOCAL_TIME ( 17, 50, 24.00000000000000000, #1745 ) ;
#1548 = DIRECTION ( 'NONE',  ( 0.000000000000000000, 0.000000000000000000, 1.000000000000000000 ) ) ;
#1549 = CARTESIAN_POINT ( 'NONE',  ( 20.00000000000000000, 143.5999999999999943, 19.90000000000000213 ) ) ;
#1550 = CIRCLE ( 'NONE', #1865, 1.799999999999999600 ) ;
#1551 = VERTEX_POINT ( 'NONE', #1938 ) ;
#1552 = EDGE_CURVE ( 'NONE', #582, #509, #456, .T. ) ;
#1553 = ADVANCED_FACE ( 'NONE', ( #573 ), #727, .T. ) ;
#1554 = ORIENTED_EDGE ( 'NONE', *, *, #1898, .F. ) ;
#1555 = CARTESIAN_POINT ( 'NONE',  ( 10.00000000000000000, 149.5000000000000000, 8.400000000000000355 ) ) ;
#1556 = VERTEX_POINT ( 'NONE', #1914 ) ;
#1557 = DIRECTION ( 'NONE',  ( 0.000000000000000000, 1.000000000000000000, 0.000000000000000000 ) ) ;
#1558 = EDGE_CURVE ( 'NONE', #502, #1752, #68, .T. ) ;
#1559 = FACE_OUTER_BOUND ( 'NONE', #676, .T. ) ;
#1560 = DIRECTION ( 'NONE',  ( 1.000000000000000000, 0.000000000000000000, 0.000000000000000000 ) ) ;
#1561 = LINE ( 'NONE', #1028, #239 ) ;
#1562 = ORIENTED_EDGE ( 'NONE', *, *, #2173, .F. ) ;
#1563 = VERTEX_POINT ( 'NONE', #1740 ) ;
#1564 = CARTESIAN_POINT ( 'NONE',  ( 23.99999999999999289, 145.6999999999999886, 8.400000000000000355 ) ) ;
#1565 = EDGE_CURVE ( 'NONE', #944, #1135, #1070, .T. ) ;
#1566 = CALENDAR_DATE ( 2026, 29, 9 ) ;
#1567 = EDGE_CURVE ( 'NONE', #55, #1118, #2094, .T. ) ;
#1568 = CARTESIAN_POINT ( 'NONE',  ( 26.00000000000000355, 141.5500000000000114, 13.79999999999999893 ) ) ;
#1569 = AXIS2_PLACEMENT_3D ( 'NONE', #2113, #439, #1108 ) ;
#1570 = DIRECTION ( 'NONE',  ( 0.000000000000000000, 0.000000000000000000, 1.000000000000000000 ) ) ;
#1571 = CARTESIAN_POINT ( 'NONE',  ( 12.00000000000001066, 147.5000000000000000, 10.19999999999999929 ) ) ;
#1572 = VECTOR ( 'NONE', #533, 1000.000000000000000 ) ;
#1573 = CIRCLE ( 'NONE', #276, 0.2000000000000022593 ) ;
#1574 = EDGE_LOOP ( 'NONE', ( #2088, #1667, #1682, #73, #630, #2134 ) ) ;
#1575 = VECTOR ( 'NONE', #1480, 1000.000000000000000 ) ;
#1576 = DIRECTION ( 'NONE',  ( 0.000000000000000000, 1.000000000000000000, 0.000000000000000000 ) ) ;
#1577 = CIRCLE ( 'NONE', #807, 1.799999999999999600 ) ;
#1578 = DATE_AND_TIME ( #1086, #1512 ) ;
#1579 = EDGE_CURVE ( 'NONE', #1038, #1778, #1935, .T. ) ;
#1580 = CYLINDRICAL_SURFACE ( 'NONE', #656, 1.799999999999999600 ) ;
#1581 = DIRECTION ( 'NONE',  ( -0.000000000000000000, -0.000000000000000000, -1.000000000000000000 ) ) ;
#1582 = DIRECTION ( 'NONE',  ( -1.000000000000000000, 0.000000000000000000, 0.000000000000000000 ) ) ;
#1583 = PRODUCT ( 'Harness - Battery Lead XT60', 'Harness - Battery Lead XT60', '', ( #1737 ) ) ;
#1584 = ORIENTED_EDGE ( 'NONE', *, *, #1567, .T. ) ;
#1585 = EDGE_LOOP ( 'NONE', ( #525, #46, #1910, #426 ) ) ;
#1586 = ORIENTED_EDGE ( 'NONE', *, *, #565, .F. ) ;
#1587 = CARTESIAN_POINT ( 'NONE',  ( -17.50000000000000000, 106.3999999999999915, 15.59999999999999964 ) ) ;
#1588 = CIRCLE ( 'NONE', #606, 1.799999999999999600 ) ;
#1589 = CARTESIAN_POINT ( 'NONE',  ( -14.50000000000000178, 136.5500000000000114, 15.59999999999999964 ) ) ;
#1590 = SHAPE_DEFINITION_REPRESENTATION ( #398, #2061 ) ;
#1591 = CARTESIAN_POINT ( 'NONE',  ( 23.99999999999999645, 141.3499999999999943, 8.400000000000000355 ) ) ;
#1592 = EDGE_CURVE ( 'NONE', #1769, #1139, #1462, .T. ) ;
#1593 = FACE_OUTER_BOUND ( 'NONE', #414, .T. ) ;
#1594 = ORIENTED_EDGE ( 'NONE', *, *, #1479, .F. ) ;
#1595 = VERTEX_POINT ( 'NONE', #1925 ) ;
#1596 = DIRECTION ( 'NONE',  ( 0.000000000000000000, 0.000000000000000000, -1.000000000000000000 ) ) ;
#1597 = CYLINDRICAL_SURFACE ( 'NONE', #1225, 1.799999999999999600 ) ;
#1598 = ADVANCED_FACE ( 'NONE', ( #1404 ), #1244, .T. ) ;
#1599 = COORDINATED_UNIVERSAL_TIME_OFFSET ( 12, 0, .AHEAD. ) ;
#1600 = CARTESIAN_POINT ( 'NONE',  ( -26.89999999999999858, 116.5999999999999943, -8.599999999999999645 ) ) ;
#1601 = CARTESIAN_POINT ( 'NONE',  ( 26.00000000000000355, 145.5000000000000000, 6.599999999999999645 ) ) ;
#1602 = CARTESIAN_POINT ( 'NONE',  ( 23.99999999999999645, 141.3499999999999943, 15.59999999999999964 ) ) ;
#1603 = ORIENTED_EDGE ( 'NONE', *, *, #1300, .F. ) ;
#1604 = CIRCLE ( 'NONE', #949, 1.799999999999999600 ) ;
#1605 = VERTEX_POINT ( 'NONE', #580 ) ;
#1606 = DIRECTION ( 'NONE',  ( 0.000000000000000000, 0.000000000000000000, -1.000000000000000000 ) ) ;
#1607 = AXIS2_PLACEMENT_3D ( 'NONE', #445, #83, #787 ) ;
#1608 = DIRECTION ( 'NONE',  ( -1.000000000000000000, 0.000000000000000000, 0.000000000000000000 ) ) ;
#1609 = AXIS2_PLACEMENT_3D ( 'NONE', #1486, #1795, #453 ) ;
#1610 = ORIENTED_EDGE ( 'NONE', *, *, #466, .F. ) ;
#1611 = TOROIDAL_SURFACE ( 'NONE', #1361, 1.899999999999999023, 1.799999999999999600 ) ;
#1612 = PERSON_AND_ORGANIZATION_ROLE ( 'classification_officer' ) ;
#1613 = CIRCLE ( 'NONE', #985, 1.799999999999999600 ) ;
#1614 = CIRCLE ( 'NONE', #2035, 1.799999999999999600 ) ;
#1615 = AXIS2_PLACEMENT_3D ( 'NONE', #374, #1350, #1046 ) ;
#1616 = FACE_OUTER_BOUND ( 'NONE', #177, .T. ) ;
#1617 = CARTESIAN_POINT ( 'NONE',  ( 27.80000000000000071, 141.5500000000000114, 15.59999999999999964 ) ) ;
#1618 = CARTESIAN_POINT ( 'NONE',  ( 23.99999999999999289, 139.5500000000000114, 6.599999999999999645 ) ) ;
#1619 = FACE_OUTER_BOUND ( 'NONE', #130, .T. ) ;
#1620 = DIRECTION ( 'NONE',  ( 0.000000000000000000, 0.000000000000000000, 1.000000000000000000 ) ) ;
#1621 = EDGE_CURVE ( 'NONE', #910, #156, #2105, .T. ) ;
#1622 = EDGE_CURVE ( 'NONE', #604, #14, #2143, .T. ) ;
#1623 = ORIENTED_EDGE ( 'NONE', *, *, #714, .F. ) ;
#1624 = CARTESIAN_POINT ( 'NONE',  ( -12.00000000000000000, 135.5000000000000000, 19.90000000000000213 ) ) ;
#1625 = DIRECTION ( 'NONE',  ( 0.000000000000000000, -0.000000000000000000, 1.000000000000000000 ) ) ;
#1626 = EDGE_CURVE ( 'NONE', #635, #170, #242, .T. ) ;
#1627 = FACE_OUTER_BOUND ( 'NONE', #810, .T. ) ;
#1628 = DIRECTION ( 'NONE',  ( 0.000000000000000000, 0.000000000000000000, 1.000000000000000000 ) ) ;
#1629 = CARTESIAN_POINT ( 'NONE',  ( -21.50000000000000000, 116.5999999999999943, 10.19999999999999929 ) ) ;
#1630 = DIRECTION ( 'NONE',  ( 1.000000000000000000, 0.000000000000000000, 0.000000000000000000 ) ) ;
#1631 = ORIENTED_EDGE ( 'NONE', *, *, #1426, .T. ) ;
#1632 = EDGE_CURVE ( 'NONE', #216, #14, #734, .T. ) ;
#1633 = CARTESIAN_POINT ( 'NONE',  ( 12.00000000000000000, 149.5000000000000000, 8.400000000000000355 ) ) ;
#1634 = CARTESIAN_POINT ( 'NONE',  ( 19.99999999999998934, 139.5500000000000114, 17.39999999999999858 ) ) ;
#1635 = DIRECTION ( 'NONE',  ( 0.000000000000000000, 0.000000000000000000, 1.000000000000000000 ) ) ;
#1636 = ORIENTED_EDGE ( 'NONE', *, *, #2015, .F. ) ;
#1637 = FACE_OUTER_BOUND ( 'NONE', #1080, .T. ) ;
#1638 = CARTESIAN_POINT ( 'NONE',  ( -25.10000000000000142, 104.5000000000000000, -8.599999999999999645 ) ) ;
#1639 = ORIENTED_EDGE ( 'NONE', *, *, #165, .F. ) ;
#1640 = AXIS2_PLACEMENT_3D ( 'NONE', #2100, #586, #91 ) ;
#1641 = AXIS2_PLACEMENT_3D ( 'NONE', #317, #992, #657 ) ;
#1642 = AXIS2_PLACEMENT_3D ( 'NONE', #1796, #287, #1628 ) ;
#1643 = PLANE ( 'NONE',  #1475 ) ;
#1644 = AXIS2_PLACEMENT_3D ( 'NONE', #1919, #1942, #2099 ) ;
#1645 = AXIS2_PLACEMENT_3D ( 'NONE', #938, #64, #2120 ) ;
#1646 = CARTESIAN_POINT ( 'NONE',  ( 12.00000000000000000, 149.5000000000000000, 15.59999999999999964 ) ) ;
#1647 = EDGE_CURVE ( 'NONE', #1668, #88, #1907, .T. ) ;
#1648 = AXIS2_PLACEMENT_3D ( 'NONE', #1027, #189, #1548 ) ;
#1649 = CARTESIAN_POINT ( 'NONE',  ( 24.00000000000000000, 145.5000000000000000, 8.400000000000000355 ) ) ;
#1650 = ORIENTED_EDGE ( 'NONE', *, *, #1240, .T. ) ;
#1651 = ORIENTED_EDGE ( 'NONE', *, *, #1987, .T. ) ;
#1652 = DIRECTION ( 'NONE',  ( 0.000000000000000000, 1.000000000000000000, 0.000000000000000000 ) ) ;
#1653 = CARTESIAN_POINT ( 'NONE',  ( 23.99999999999999289, 145.6999999999999886, 15.59999999999999964 ) ) ;
#1654 = EDGE_CURVE ( 'NONE', #839, #1227, #1431, .T. ) ;
#1655 = VERTEX_POINT ( 'NONE', #67 ) ;
#1656 = DIRECTION ( 'NONE',  ( 0.000000000000000000, 0.000000000000000000, 1.000000000000000000 ) ) ;
#1657 = TOROIDAL_SURFACE ( 'NONE', #465, 2.000000000000001776, 1.799999999999999600 ) ;
#1658 = EDGE_CURVE ( 'NONE', #1709, #502, #520, .T. ) ;
#1659 = CARTESIAN_POINT ( 'NONE',  ( 23.99999999999999289, 149.2999999999999829, 8.400000000000000355 ) ) ;
#1660 = ORIENTED_EDGE ( 'NONE', *, *, #549, .T. ) ;
#1661 = CARTESIAN_POINT ( 'NONE',  ( 24.00000000000000000, 145.5000000000000000, 8.400000000000000355 ) ) ;
#1662 = CARTESIAN_POINT ( 'NONE',  ( 0.000000000000000000, 0.000000000000000000, 19.90000000000000213 ) ) ;
#1663 = ORIENTED_EDGE ( 'NONE', *, *, #2090, .F. ) ;
#1664 = ADVANCED_FACE ( 'NONE', ( #1593 ), #1281, .T. ) ;
#1665 = CYLINDRICAL_SURFACE ( 'NONE', #2084, 1.799999999999999600 ) ;
#1666 = CARTESIAN_POINT ( 'NONE',  ( 23.99999999999999289, 147.5000000000000000, 10.19999999999999929 ) ) ;
#1667 = ORIENTED_EDGE ( 'NONE', *, *, #1485, .F. ) ;
#1668 = VERTEX_POINT ( 'NONE', #1783 ) ;
#1669 = CARTESIAN_POINT ( 'NONE',  ( -14.50000000000000000, 139.5500000000000114, 13.79999999999999893 ) ) ;
#1670 = EDGE_LOOP ( 'NONE', ( #1097, #1839, #366, #732 ) ) ;
#1671 = ADVANCED_FACE ( 'NONE', ( #619 ), #1328, .F. ) ;
#1672 = ORIENTED_EDGE ( 'NONE', *, *, #498, .T. ) ;
#1673 = VERTEX_POINT ( 'NONE', #1125 ) ;
#1674 = AXIS2_PLACEMENT_3D ( 'NONE', #1817, #2014, #469 ) ;
#1675 =( NAMED_UNIT ( * ) SI_UNIT ( $, .STERADIAN. ) SOLID_ANGLE_UNIT ( ) );
#1676 = CIRCLE ( 'NONE', #2033, 1.799999999999999600 ) ;
#1677 = CIRCLE ( 'NONE', #27, 1.799999999999999600 ) ;
#1678 = CIRCLE ( 'NONE', #210, 1.799999999999999600 ) ;
#1679 = CARTESIAN_POINT ( 'NONE',  ( 24.00000000000000000, 141.5500000000000114, 15.59999999999999964 ) ) ;
#1680 = ORIENTED_EDGE ( 'NONE', *, *, #915, .F. ) ;
#1681 = AXIS2_PLACEMENT_3D ( 'NONE', #1537, #1843, #1523 ) ;
#1682 = ORIENTED_EDGE ( 'NONE', *, *, #93, .F. ) ;
#1683 = DIRECTION ( 'NONE',  ( 0.000000000000000000, 1.000000000000000000, 0.000000000000000000 ) ) ;
#1684 = CARTESIAN_POINT ( 'NONE',  ( 12.00000000000001066, 147.5000000000000000, 10.19999999999999929 ) ) ;
#1685 = VERTEX_POINT ( 'NONE', #1310 ) ;
#1686 = EDGE_LOOP ( 'NONE', ( #2016, #1491, #1311, #413, #862 ) ) ;
#1687 = DIRECTION ( 'NONE',  ( 0.000000000000000000, 0.000000000000000000, -1.000000000000000000 ) ) ;
#1688 = CC_DESIGN_PERSON_AND_ORGANIZATION_ASSIGNMENT ( #417, #1612, ( #1977 ) ) ;
#1689 = EDGE_CURVE ( 'NONE', #831, #156, #1573, .T. ) ;
#1690 = ORIENTED_EDGE ( 'NONE', *, *, #110, .T. ) ;
#1691 = CARTESIAN_POINT ( 'NONE',  ( -17.50000000000000000, 136.5500000000000114, 15.59999999999999964 ) ) ;
#1692 = AXIS2_PLACEMENT_3D ( 'NONE', #822, #978, #1811 ) ;
#1693 = DIRECTION ( 'NONE',  ( 0.000000000000000000, 1.000000000000000000, 0.000000000000000000 ) ) ;
#1694 = ADVANCED_FACE ( 'NONE', ( #473 ), #277, .T. ) ;
#1695 = CARTESIAN_POINT ( 'NONE',  ( 23.99999999999999289, 147.5000000000000000, 15.59999999999999964 ) ) ;
#1696 = DIRECTION ( 'NONE',  ( 1.000000000000000000, 0.000000000000000000, 0.000000000000000000 ) ) ;
#1697 = LINE ( 'NONE', #1734, #1154 ) ;
#1698 = VERTEX_POINT ( 'NONE', #1988 ) ;
#1699 = EDGE_LOOP ( 'NONE', ( #70, #1848, #729, #1884, #1236, #1109 ) ) ;
#1700 = CARTESIAN_POINT ( 'NONE',  ( -25.10000000000000142, 104.5000000000000000, -8.599999999999999645 ) ) ;
#1701 = VERTEX_POINT ( 'NONE', #1659 ) ;
#1702 = ORIENTED_EDGE ( 'NONE', *, *, #158, .T. ) ;
#1703 = LINE ( 'NONE', #1023, #1731 ) ;
#1704 = FACE_OUTER_BOUND ( 'NONE', #599, .T. ) ;
#1705 = DIRECTION ( 'NONE',  ( 0.000000000000000000, 0.000000000000000000, 1.000000000000000000 ) ) ;
#1706 = CARTESIAN_POINT ( 'NONE',  ( -25.10000000000000142, 104.5000000000000000, -8.599999999999999645 ) ) ;
#1707 = LINE ( 'NONE', #365, #836 ) ;
#1708 = VERTEX_POINT ( 'NONE', #463 ) ;
#1709 = VERTEX_POINT ( 'NONE', #1617 ) ;
#1710 = LINE ( 'NONE', #203, #455 ) ;
#1711 = ORIENTED_EDGE ( 'NONE', *, *, #508, .T. ) ;
#1712 = LINE ( 'NONE', #208, #675 ) ;
#1713 = AXIS2_PLACEMENT_3D ( 'NONE', #43, #726, #18 ) ;
#1714 = VECTOR ( 'NONE', #996, 1000.000000000000000 ) ;
#1715 = TOROIDAL_SURFACE ( 'NONE', #1609, 2.000000000000001776, 1.799999999999999600 ) ;
#1716 = DIRECTION ( 'NONE',  ( -1.000000000000000000, 0.000000000000000000, 0.000000000000000000 ) ) ;
#1717 = EDGE_CURVE ( 'NONE', #1595, #877, #344, .T. ) ;
#1718 = EDGE_CURVE ( 'NONE', #14, #984, #1820, .T. ) ;
#1719 = TOROIDAL_SURFACE ( 'NONE', #1396, 2.999999999999999112, 1.799999999999999600 ) ;
#1720 = FACE_OUTER_BOUND ( 'NONE', #1148, .T. ) ;
#1721 = CIRCLE ( 'NONE', #1124, 1.799999999999999600 ) ;
#1722 = DIRECTION ( 'NONE',  ( 0.000000000000000000, 0.000000000000000000, 1.000000000000000000 ) ) ;
#1723 = ORIENTED_EDGE ( 'NONE', *, *, #1689, .T. ) ;
#1724 = ORIENTED_EDGE ( 'NONE', *, *, #1002, .T. ) ;
#1725 = CIRCLE ( 'NONE', #739, 0.2000000000000022593 ) ;
#1726 = CARTESIAN_POINT ( 'NONE',  ( 23.99999999999999289, 147.5000000000000000, 8.400000000000000355 ) ) ;
#1727 = ADVANCED_FACE ( 'NONE', ( #1288 ), #1715, .T. ) ;
#1728 = ORIENTED_EDGE ( 'NONE', *, *, #1306, .F. ) ;
#1729 = FACE_OUTER_BOUND ( 'NONE', #1544, .T. ) ;
#1730 = DIRECTION ( 'NONE',  ( 0.000000000000000000, 0.000000000000000000, -1.000000000000000000 ) ) ;
#1731 = VECTOR ( 'NONE', #1864, 1000.000000000000000 ) ;
#1732 = EDGE_CURVE ( 'NONE', #156, #896, #238, .T. ) ;
#1733 = DIRECTION ( 'NONE',  ( 0.000000000000000000, 1.000000000000000000, 0.000000000000000000 ) ) ;
#1734 = CARTESIAN_POINT ( 'NONE',  ( 20.00000000000000000, 135.5000000000000000, 19.90000000000000213 ) ) ;
#1735 = ORIENTED_EDGE ( 'NONE', *, *, #85, .F. ) ;
#1736 = DIRECTION ( 'NONE',  ( 0.000000000000000000, 0.000000000000000000, 1.000000000000000000 ) ) ;
#1737 = MECHANICAL_CONTEXT ( 'NONE', #1360, 'mechanical' ) ;
#1738 = EDGE_CURVE ( 'NONE', #245, #139, #1852, .T. ) ;
#1739 = CARTESIAN_POINT ( 'NONE',  ( -14.50000000000006750, 139.5500000000000114, 8.400000000000000355 ) ) ;
#1740 = CARTESIAN_POINT ( 'NONE',  ( -17.50000000000000000, 106.3999999999999915, 17.39999999999999858 ) ) ;
#1741 = CYLINDRICAL_SURFACE ( 'NONE', #1053, 1.799999999999999600 ) ;
#1742 = ORIENTED_EDGE ( 'NONE', *, *, #1306, .T. ) ;
#1743 = CARTESIAN_POINT ( 'NONE',  ( 10.00000000000000000, 149.5000000000000000, 6.599999999999999645 ) ) ;
#1744 = EDGE_CURVE ( 'NONE', #886, #38, #2172, .T. ) ;
#1745 = COORDINATED_UNIVERSAL_TIME_OFFSET ( 12, 0, .AHEAD. ) ;
#1746 = DIRECTION ( 'NONE',  ( 0.000000000000000000, 1.000000000000000000, 0.000000000000000000 ) ) ;
#1747 = AXIS2_PLACEMENT_3D ( 'NONE', #1646, #142, #813 ) ;
#1748 = AXIS2_PLACEMENT_3D ( 'NONE', #1804, #1456, #956 ) ;
#1749 = CARTESIAN_POINT ( 'NONE',  ( -12.00000000000000000, 143.5999999999999943, 4.100000000000000533 ) ) ;
#1750 = DIRECTION ( 'NONE',  ( -0.000000000000000000, -0.000000000000000000, -1.000000000000000000 ) ) ;
#1751 = CIRCLE ( 'NONE', #1228, 1.799999999999999600 ) ;
#1752 = VERTEX_POINT ( 'NONE', #295 ) ;
#1753 = CIRCLE ( 'NONE', #2034, 1.799999999999999600 ) ;
#1754 = AXIS2_PLACEMENT_3D ( 'NONE', #2073, #1231, #1069 ) ;
#1755 = CARTESIAN_POINT ( 'NONE',  ( -19.40000000000000213, 104.5000000000000000, 17.39999999999999858 ) ) ;
#1756 = DIRECTION ( 'NONE',  ( 1.000000000000000000, 0.000000000000000000, 0.000000000000000000 ) ) ;
#1757 = AXIS2_PLACEMENT_3D ( 'NONE', #308, #967, #988 ) ;
#1758 = APPROVAL_ROLE ( '' ) ;
#1759 = ADVANCED_FACE ( 'NONE', ( #304 ), #169, .T. ) ;
#1760 = DIRECTION ( 'NONE',  ( 0.000000000000000000, 1.000000000000000000, 0.000000000000000000 ) ) ;
#1761 = EDGE_CURVE ( 'NONE', #737, #1407, #660, .T. ) ;
#1762 = DIRECTION ( 'NONE',  ( 0.000000000000000000, 0.000000000000000000, 1.000000000000000000 ) ) ;
#1763 = CARTESIAN_POINT ( 'NONE',  ( 10.00000000000000000, 152.0000000000000000, 8.400000000000000355 ) ) ;
#1764 = EDGE_LOOP ( 'NONE', ( #576, #1105, #2096, #144, #440, #969 ) ) ;
#1765 = ORIENTED_EDGE ( 'NONE', *, *, #110, .F. ) ;
#1766 = LINE ( 'NONE', #601, #241 ) ;
#1767 =( GEOMETRIC_REPRESENTATION_CONTEXT ( 3 ) GLOBAL_UNCERTAINTY_ASSIGNED_CONTEXT ( ( #1887 ) ) GLOBAL_UNIT_ASSIGNED_CONTEXT ( ( #713, #219, #1675 ) ) REPRESENTATION_CONTEXT ( 'NONE', 'WORKASPACE' ) );
#1768 = DIRECTION ( 'NONE',  ( 0.000000000000000000, 1.000000000000000000, 0.000000000000000000 ) ) ;
#1769 = VERTEX_POINT ( 'NONE', #2000 ) ;
#1770 = CALENDAR_DATE ( 2026, 29, 9 ) ;
#1771 = DIRECTION ( 'NONE',  ( 0.000000000000000000, 1.000000000000000000, 0.000000000000000000 ) ) ;
#1772 = DIRECTION ( 'NONE',  ( 0.000000000000000000, -1.000000000000000000, 0.000000000000000000 ) ) ;
#1773 = CARTESIAN_POINT ( 'NONE',  ( 26.00000000000000355, 141.5500000000000114, 8.400000000000000355 ) ) ;
#1774 = ORIENTED_EDGE ( 'NONE', *, *, #1370, .F. ) ;
#1775 = ORIENTED_EDGE ( 'NONE', *, *, #315, .F. ) ;
#1776 = DIRECTION ( 'NONE',  ( -1.000000000000000000, 0.000000000000000000, 0.000000000000000000 ) ) ;
#1777 = CARTESIAN_POINT ( 'NONE',  ( 23.99999999999998934, 137.7500000000000000, 15.59999999999999964 ) ) ;
#1778 = VERTEX_POINT ( 'NONE', #112 ) ;
#1779 = ORIENTED_EDGE ( 'NONE', *, *, #1008, .T. ) ;
#1780 = DIRECTION ( 'NONE',  ( 0.000000000000000000, 0.000000000000000000, 1.000000000000000000 ) ) ;
#1781 = EDGE_CURVE ( 'NONE', #1227, #737, #1049, .T. ) ;
#1782 = EDGE_CURVE ( 'NONE', #947, #1551, #485, .T. ) ;
#1783 = CARTESIAN_POINT ( 'NONE',  ( 26.00000000000000355, 145.5000000000000000, 10.19999999999999929 ) ) ;
#1784 = CARTESIAN_POINT ( 'NONE',  ( 24.20000000000000284, 141.5500000000000114, 8.400000000000000355 ) ) ;
#1785 = AXIS2_PLACEMENT_3D ( 'NONE', #643, #12, #1313 ) ;
#1786 = CARTESIAN_POINT ( 'NONE',  ( -19.30000000000000071, 106.3999999999999915, 15.59999999999999964 ) ) ;
#1787 = AXIS2_PLACEMENT_3D ( 'NONE', #2153, #1181, #1983 ) ;
#1788 = CARTESIAN_POINT ( 'NONE',  ( -23.30000000000000071, 104.5000000000000000, 13.09999999999999787 ) ) ;
#1789 = AXIS2_PLACEMENT_3D ( 'NONE', #1252, #1581, #78 ) ;
#1790 = EDGE_LOOP ( 'NONE', ( #762, #1378, #1584, #1221, #336 ) ) ;
#1791 = AXIS2_PLACEMENT_3D ( 'NONE', #1700, #218, #1862 ) ;
#1792 = EDGE_CURVE ( 'NONE', #1918, #502, #982, .T. ) ;
#1793 = AXIS2_PLACEMENT_3D ( 'NONE', #1257, #1776, #1418 ) ;
#1794 = DIRECTION ( 'NONE',  ( 0.000000000000000000, 1.000000000000000000, 0.000000000000000000 ) ) ;
#1795 = DIRECTION ( 'NONE',  ( 0.000000000000000000, 0.000000000000000000, 1.000000000000000000 ) ) ;
#1796 = CARTESIAN_POINT ( 'NONE',  ( 26.00000000000000355, 141.5500000000000114, 8.400000000000000355 ) ) ;
#1797 = ADVANCED_FACE ( 'NONE', ( #1957, #965, #1627 ), #792, .F. ) ;
#1798 = CARTESIAN_POINT ( 'NONE',  ( 24.00000000000000000, 145.5000000000000000, 15.59999999999999964 ) ) ;
#1799 = LINE ( 'NONE', #777, #1392 ) ;
#1800 = EDGE_LOOP ( 'NONE', ( #820, #4, #392, #649 ) ) ;
#1801 = CIRCLE ( 'NONE', #77, 1.799999999999999600 ) ;
#1802 = DIRECTION ( 'NONE',  ( 0.000000000000000000, 0.000000000000000000, 1.000000000000000000 ) ) ;
#1803 = DIRECTION ( 'NONE',  ( 1.000000000000000000, -1.734723475976805517E-15, 0.000000000000000000 ) ) ;
#1804 = CARTESIAN_POINT ( 'NONE',  ( -14.50000000000006750, 139.5500000000000114, 8.400000000000000355 ) ) ;
#1805 = ORIENTED_EDGE ( 'NONE', *, *, #388, .F. ) ;
#1806 = FACE_OUTER_BOUND ( 'NONE', #370, .T. ) ;
#1807 = LINE ( 'NONE', #663, #1325 ) ;
#1808 = VERTEX_POINT ( 'NONE', #2049 ) ;
#1809 = EDGE_CURVE ( 'NONE', #1701, #775, #1677, .T. ) ;
#1810 = EDGE_LOOP ( 'NONE', ( #1183, #1182, #1402, #719, #258, #405 ) ) ;
#1811 = DIRECTION ( 'NONE',  ( 0.000000000000000000, 0.000000000000000000, -1.000000000000000000 ) ) ;
#1812 = DIRECTION ( 'NONE',  ( 0.000000000000000000, 0.000000000000000000, 1.000000000000000000 ) ) ;
#1813 = DIRECTION ( 'NONE',  ( -1.000000000000000000, 0.000000000000000000, 0.000000000000000000 ) ) ;
#1814 = EDGE_CURVE ( 'NONE', #796, #1144, #1963, .T. ) ;
#1815 = ORIENTED_EDGE ( 'NONE', *, *, #962, .F. ) ;
#1816 = CYLINDRICAL_SURFACE ( 'NONE', #1757, 1.799999999999999600 ) ;
#1817 = CARTESIAN_POINT ( 'NONE',  ( 19.99999999999998934, 139.5500000000000114, 15.59999999999999964 ) ) ;
#1818 = ORIENTED_EDGE ( 'NONE', *, *, #1921, .T. ) ;
#1819 = CIRCLE ( 'NONE', #2030, 1.799999999999999600 ) ;
#1820 = CIRCLE ( 'NONE', #628, 1.799999999999999600 ) ;
#1821 = AXIS2_PLACEMENT_3D ( 'NONE', #1365, #354, #2077 ) ;
#1822 = CARTESIAN_POINT ( 'NONE',  ( -17.50000000000000000, 118.5000000000000000, 8.400000000000000355 ) ) ;
#1823 = EDGE_CURVE ( 'NONE', #1808, #1698, #63, .T. ) ;
#1824 = CIRCLE ( 'NONE', #1158, 1.799999999999999600 ) ;
#1825 = VECTOR ( 'NONE', #794, 1000.000000000000000 ) ;
#1826 = ORIENTED_EDGE ( 'NONE', *, *, #196, .T. ) ;
#1827 = ADVANCED_FACE ( 'NONE', ( #1854 ), #1295, .T. ) ;
#1828 = DIRECTION ( 'NONE',  ( 0.000000000000000000, 0.000000000000000000, 1.000000000000000000 ) ) ;
#1829 = LINE ( 'NONE', #1147, #1714 ) ;
#1830 = ORIENTED_EDGE ( 'NONE', *, *, #2115, .F. ) ;
#1831 = CIRCLE ( 'NONE', #1943, 1.799999999999999600 ) ;
#1832 = DIRECTION ( 'NONE',  ( 0.000000000000000000, 0.000000000000000000, -1.000000000000000000 ) ) ;
#1833 = FACE_OUTER_BOUND ( 'NONE', #1800, .T. ) ;
#1834 = ORIENTED_EDGE ( 'NONE', *, *, #1567, .F. ) ;
#1835 = DIRECTION ( 'NONE',  ( 0.000000000000000000, 0.000000000000000000, 1.000000000000000000 ) ) ;
#1836 = FACE_OUTER_BOUND ( 'NONE', #193, .T. ) ;
#1837 = ORIENTED_EDGE ( 'NONE', *, *, #572, .F. ) ;
#1838 = EDGE_LOOP ( 'NONE', ( #677, #1650, #1375, #2012 ) ) ;
#1839 = ORIENTED_EDGE ( 'NONE', *, *, #315, .T. ) ;
#1840 = CYLINDRICAL_SURFACE ( 'NONE', #994, 1.799999999999999600 ) ;
#1841 = ORIENTED_EDGE ( 'NONE', *, *, #2008, .F. ) ;
#1842 = EDGE_CURVE ( 'NONE', #513, #436, #419, .T. ) ;
#1843 = DIRECTION ( 'NONE',  ( 1.000000000000000000, 0.000000000000000000, 0.000000000000000000 ) ) ;
#1844 = DIRECTION ( 'NONE',  ( 1.000000000000000000, 0.000000000000000000, 0.000000000000000000 ) ) ;
#1845 = EDGE_LOOP ( 'NONE', ( #1871, #356, #1271, #346 ) ) ;
#1846 = ORIENTED_EDGE ( 'NONE', *, *, #1744, .F. ) ;
#1847 = DIRECTION ( 'NONE',  ( 0.000000000000000000, 0.000000000000000000, 1.000000000000000000 ) ) ;
#1848 = ORIENTED_EDGE ( 'NONE', *, *, #59, .F. ) ;
#1849 = AXIS2_PLACEMENT_3D ( 'NONE', #1342, #511, #163 ) ;
#1850 = DIRECTION ( 'NONE',  ( -0.000000000000000000, -0.000000000000000000, -1.000000000000000000 ) ) ;
#1851 = ADVANCED_FACE ( 'NONE', ( #1833 ), #1338, .T. ) ;
#1852 = CIRCLE ( 'NONE', #207, 1.799999999999999600 ) ;
#1853 = AXIS2_PLACEMENT_3D ( 'NONE', #415, #1272, #1596 ) ;
#1854 = FACE_OUTER_BOUND ( 'NONE', #1072, .T. ) ;
#1855 = CARTESIAN_POINT ( 'NONE',  ( -22.60000000000000142, 116.5999999999999943, 8.400000000000000355 ) ) ;
#1856 = AXIS2_PLACEMENT_3D ( 'NONE', #1894, #1180, #1513 ) ;
#1857 = ORIENTED_EDGE ( 'NONE', *, *, #1814, .F. ) ;
#1858 = CARTESIAN_POINT ( 'NONE',  ( 26.00000000000000355, 145.5000000000000000, 8.400000000000000355 ) ) ;
#1859 = FACE_OUTER_BOUND ( 'NONE', #2160, .T. ) ;
#1860 = ORIENTED_EDGE ( 'NONE', *, *, #1823, .F. ) ;
#1861 = ORIENTED_EDGE ( 'NONE', *, *, #627, .F. ) ;
#1862 = DIRECTION ( 'NONE',  ( 1.000000000000000000, 0.000000000000000000, 0.000000000000000000 ) ) ;
#1863 = ORIENTED_EDGE ( 'NONE', *, *, #1215, .F. ) ;
#1864 = DIRECTION ( 'NONE',  ( 1.000000000000000000, 0.000000000000000000, 0.000000000000000000 ) ) ;
#1865 = AXIS2_PLACEMENT_3D ( 'NONE', #1507, #863, #701 ) ;
#1866 = CARTESIAN_POINT ( 'NONE',  ( 23.99999999999999289, 147.5000000000000000, 8.400000000000000355 ) ) ;
#1867 = CARTESIAN_POINT ( 'NONE',  ( -25.10000000000000142, 104.5000000000000000, -8.599999999999999645 ) ) ;
#1868 = DIRECTION ( 'NONE',  ( 1.000000000000000000, 0.000000000000000000, 0.000000000000000000 ) ) ;
#1869 = CARTESIAN_POINT ( 'NONE',  ( -22.60000000000000142, 104.5000000000000000, 13.10000000000000142 ) ) ;
#1870 = VERTEX_POINT ( 'NONE', #1666 ) ;
#1871 = ORIENTED_EDGE ( 'NONE', *, *, #679, .T. ) ;
#1872 = ORIENTED_EDGE ( 'NONE', *, *, #821, .F. ) ;
#1873 = DIRECTION ( 'NONE',  ( 0.000000000000000000, -0.000000000000000000, 1.000000000000000000 ) ) ;
#1874 = ORIENTED_EDGE ( 'NONE', *, *, #478, .T. ) ;
#1875 = ORIENTED_EDGE ( 'NONE', *, *, #1761, .F. ) ;
#1876 = CARTESIAN_POINT ( 'NONE',  ( -17.50000000000000000, 136.5500000000000114, 8.400000000000000355 ) ) ;
#1877 = ADVANCED_FACE ( 'NONE', ( #1704 ), #694, .T. ) ;
#1878 = DIRECTION ( 'NONE',  ( 0.000000000000000000, 1.000000000000000000, 0.000000000000000000 ) ) ;
#1879 = DIRECTION ( 'NONE',  ( 0.000000000000000000, 0.000000000000000000, -1.000000000000000000 ) ) ;
#1880 = EDGE_CURVE ( 'NONE', #271, #582, #307, .T. ) ;
#1881 = DIRECTION ( 'NONE',  ( 0.000000000000000000, 0.000000000000000000, 1.000000000000000000 ) ) ;
#1882 = CARTESIAN_POINT ( 'NONE',  ( 23.99999999999999289, 147.5000000000000000, 6.599999999999999645 ) ) ;
#1883 = EDGE_LOOP ( 'NONE', ( #1145, #368, #1427, #1406, #1610 ) ) ;
#1884 = ORIENTED_EDGE ( 'NONE', *, *, #1622, .T. ) ;
#1885 = CARTESIAN_POINT ( 'NONE',  ( 27.80000000000000071, 145.5000000000000000, 8.400000000000000355 ) ) ;
#1886 = LINE ( 'NONE', #2019, #2006 ) ;
#1887 = UNCERTAINTY_MEASURE_WITH_UNIT (LENGTH_MEASURE( 1.000000000000000082E-05 ), #713, 'distance_accuracy_value', 'NONE');
#1888 = AXIS2_PLACEMENT_3D ( 'NONE', #401, #1771, #421 ) ;
#1889 = ADVANCED_FACE ( 'NONE', ( #159 ), #590, .T. ) ;
#1890 = AXIS2_PLACEMENT_3D ( 'NONE', #2003, #146, #2168 ) ;
#1891 = AXIS2_PLACEMENT_3D ( 'NONE', #815, #1477, #2158 ) ;
#1892 = CARTESIAN_POINT ( 'NONE',  ( -12.00000000000000000, 139.5500000000000114, 8.400000000000000355 ) ) ;
#1893 = CIRCLE ( 'NONE', #1642, 1.799999999999999600 ) ;
#1894 = CARTESIAN_POINT ( 'NONE',  ( 26.00000000000000355, 145.5000000000000000, 8.400000000000000355 ) ) ;
#1895 = AXIS2_PLACEMENT_3D ( 'NONE', #1450, #1912, #407 ) ;
#1896 = CARTESIAN_POINT ( 'NONE',  ( -25.10000000000000142, 116.5999999999999943, 5.899999999999998579 ) ) ;
#1897 = CIRCLE ( 'NONE', #1713, 1.799999999999999600 ) ;
#1898 = EDGE_CURVE ( 'NONE', #1709, #166, #184, .T. ) ;
#1899 = ORIENTED_EDGE ( 'NONE', *, *, #1647, .T. ) ;
#1900 = ORIENTED_EDGE ( 'NONE', *, *, #508, .F. ) ;
#1901 = AXIS2_PLACEMENT_3D ( 'NONE', #1223, #390, #222 ) ;
#1902 = FACE_OUTER_BOUND ( 'NONE', #2004, .T. ) ;
#1903 = ORIENTED_EDGE ( 'NONE', *, *, #1814, .T. ) ;
#1904 = CARTESIAN_POINT ( 'NONE',  ( 12.00000000000001066, 147.5000000000000000, 15.59999999999999964 ) ) ;
#1905 = FACE_OUTER_BOUND ( 'NONE', #710, .T. ) ;
#1906 = ADVANCED_FACE ( 'NONE', ( #680 ), #1657, .T. ) ;
#1907 = LINE ( 'NONE', #403, #1357 ) ;
#1908 = CARTESIAN_POINT ( 'NONE',  ( -19.40000000000000213, 102.7000000000000028, 15.59999999999999964 ) ) ;
#1909 = PRODUCT_DEFINITION_FORMATION_WITH_SPECIFIED_SOURCE ( 'ANY', '', #1583, .NOT_KNOWN. ) ;
#1910 = ORIENTED_EDGE ( 'NONE', *, *, #783, .T. ) ;
#1911 = ORIENTED_EDGE ( 'NONE', *, *, #152, .F. ) ;
#1912 = DIRECTION ( 'NONE',  ( 0.000000000000000000, 1.000000000000000000, 0.000000000000000000 ) ) ;
#1913 = DIRECTION ( 'NONE',  ( -1.000000000000000000, 0.000000000000000000, 0.000000000000000000 ) ) ;
#1914 = CARTESIAN_POINT ( 'NONE',  ( 11.79999999999999893, 149.5000000000000000, 8.400000000000000355 ) ) ;
#1915 = FACE_OUTER_BOUND ( 'NONE', #1178, .T. ) ;
#1916 = ORIENTED_EDGE ( 'NONE', *, *, #516, .F. ) ;
#1917 = EDGE_CURVE ( 'NONE', #55, #2001, #1588, .T. ) ;
#1918 = VERTEX_POINT ( 'NONE', #1010 ) ;
#1919 = CARTESIAN_POINT ( 'NONE',  ( 23.99999999999999289, 147.5000000000000000, 15.59999999999999964 ) ) ;
#1920 = APPROVAL_DATE_TIME ( #229, #1349 ) ;
#1921 = EDGE_CURVE ( 'NONE', #5, #1208, #7, .T. ) ;
#1922 = DIRECTION ( 'NONE',  ( 1.000000000000000000, 0.000000000000000000, 0.000000000000000000 ) ) ;
#1923 = AXIS2_PLACEMENT_3D ( 'NONE', #1589, #1129, #1608 ) ;
#1924 = AXIS2_PLACEMENT_3D ( 'NONE', #350, #9, #372 ) ;
#1925 = CARTESIAN_POINT ( 'NONE',  ( 24.20000000000000284, 141.5500000000000114, 15.59999999999999964 ) ) ;
#1926 = CARTESIAN_POINT ( 'NONE',  ( 20.00000000000000000, 143.5999999999999943, 4.100000000000000533 ) ) ;
#1927 = CIRCLE ( 'NONE', #279, 0.7000000000000096145 ) ;
#1928 = ORIENTED_EDGE ( 'NONE', *, *, #899, .T. ) ;
#1929 = ORIENTED_EDGE ( 'NONE', *, *, #252, .T. ) ;
#1930 = VERTEX_POINT ( 'NONE', #1474 ) ;
#1931 = TOROIDAL_SURFACE ( 'NONE', #30, 2.500000000000009326, 1.799999999999999600 ) ;
#1932 = AXIS2_PLACEMENT_3D ( 'NONE', #472, #1455, #637 ) ;
#1933 = CARTESIAN_POINT ( 'NONE',  ( -12.00000000000000000, 139.5500000000000114, 8.400000000000000355 ) ) ;
#1934 = CARTESIAN_POINT ( 'NONE',  ( -12.00000000000000000, 139.5500000000000114, 15.59999999999999964 ) ) ;
#1935 = CIRCLE ( 'NONE', #2072, 1.799999999999999600 ) ;
#1936 = DATE_AND_TIME ( #1566, #610 ) ;
#1937 = DIRECTION ( 'NONE',  ( 0.000000000000000000, 0.000000000000000000, 1.000000000000000000 ) ) ;
#1938 = CARTESIAN_POINT ( 'NONE',  ( 8.199999999999999289, 149.5000000000000000, 15.59999999999999964 ) ) ;
#1939 = CYLINDRICAL_SURFACE ( 'NONE', #1327, 1.799999999999999600 ) ;
#1940 = ORIENTED_EDGE ( 'NONE', *, *, #958, .F. ) ;
#1941 = VERTEX_POINT ( 'NONE', #998 ) ;
#1942 = DIRECTION ( 'NONE',  ( -1.000000000000000000, 0.000000000000000000, 0.000000000000000000 ) ) ;
#1943 = AXIS2_PLACEMENT_3D ( 'NONE', #790, #301, #1453 ) ;
#1944 = CARTESIAN_POINT ( 'NONE',  ( 20.00000000000000000, 135.5000000000000000, 4.100000000000000533 ) ) ;
#1945 = ORIENTED_EDGE ( 'NONE', *, *, #970, .F. ) ;
#1946 = ADVANCED_FACE ( 'NONE', ( #149 ), #797, .F. ) ;
#1947 = EDGE_CURVE ( 'NONE', #1470, #1506, #1831, .T. ) ;
#1948 = CARTESIAN_POINT ( 'NONE',  ( -26.89999999999999858, 116.5999999999999943, 5.899999999999998579 ) ) ;
#1949 = CARTESIAN_POINT ( 'NONE',  ( 24.00000000000000000, 145.5000000000000000, 15.59999999999999964 ) ) ;
#1950 = DIRECTION ( 'NONE',  ( 0.000000000000000000, 1.000000000000000000, 0.000000000000000000 ) ) ;
#1951 = ADVANCED_FACE ( 'NONE', ( #636, #471, #625 ), #1643, .F. ) ;
#1952 = CARTESIAN_POINT ( 'NONE',  ( -22.60000000000000142, 116.5999999999999943, 10.20000000000000107 ) ) ;
#1953 = CARTESIAN_POINT ( 'NONE',  ( -25.10000000000000142, 104.5000000000000000, 13.09999999999999787 ) ) ;
#1954 = ORIENTED_EDGE ( 'NONE', *, *, #59, .T. ) ;
#1955 = CYLINDRICAL_SURFACE ( 'NONE', #1492, 1.799999999999999600 ) ;
#1956 = EDGE_CURVE ( 'NONE', #604, #1971, #1409, .T. ) ;
#1957 = FACE_BOUND ( 'NONE', #1219, .T. ) ;
#1958 = DIRECTION ( 'NONE',  ( 1.000000000000000000, 0.000000000000000000, 0.000000000000000000 ) ) ;
#1959 = VECTOR ( 'NONE', #180, 1000.000000000000000 ) ;
#1960 = DIRECTION ( 'NONE',  ( 0.000000000000000000, 0.000000000000000000, 1.000000000000000000 ) ) ;
#1961 = VECTOR ( 'NONE', #898, 1000.000000000000000 ) ;
#1962 = DIRECTION ( 'NONE',  ( -0.000000000000000000, -0.000000000000000000, -1.000000000000000000 ) ) ;
#1963 = CIRCLE ( 'NONE', #800, 0.09999999999999939493 ) ;
#1964 = ADVANCED_FACE ( 'NONE', ( #2157 ), #1840, .T. ) ;
#1965 = EDGE_LOOP ( 'NONE', ( #313, #1623, #1079, #182, #1690 ) ) ;
#1966 = CIRCLE ( 'NONE', #65, 1.799999999999999600 ) ;
#1967 = CIRCLE ( 'NONE', #389, 1.799999999999999600 ) ;
#1968 = CARTESIAN_POINT ( 'NONE',  ( 10.00000000000000000, 152.0000000000000000, 8.400000000000000355 ) ) ;
#1969 = LINE ( 'NONE', #293, #519 ) ;
#1970 = CARTESIAN_POINT ( 'NONE',  ( -12.00000000000000000, 135.5000000000000000, 19.90000000000000213 ) ) ;
#1971 = VERTEX_POINT ( 'NONE', #494 ) ;
#1972 = APPROVAL ( #429, 'UNSPECIFIED' ) ;
#1973 = CARTESIAN_POINT ( 'NONE',  ( -14.50000000000006040, 139.5500000000000114, 15.59999999999999964 ) ) ;
#1974 = DIRECTION ( 'NONE',  ( 0.000000000000000000, 0.000000000000000000, -1.000000000000000000 ) ) ;
#1975 = ORIENTED_EDGE ( 'NONE', *, *, #133, .F. ) ;
#1976 = AXIS2_PLACEMENT_3D ( 'NONE', #1691, #1214, #382 ) ;
#1977 = SECURITY_CLASSIFICATION ( '', '', #578 ) ;
#1978 = LINE ( 'NONE', #2177, #817 ) ;
#1979 = FACE_OUTER_BOUND ( 'NONE', #1505, .T. ) ;
#1980 = DIRECTION ( 'NONE',  ( 0.000000000000000000, 0.000000000000000000, -1.000000000000000000 ) ) ;
#1981 = EDGE_LOOP ( 'NONE', ( #81, #1702, #843, #331 ) ) ;
#1982 = CARTESIAN_POINT ( 'NONE',  ( -17.50000000000000000, 106.3999999999999915, 13.79999999999999893 ) ) ;
#1983 = DIRECTION ( 'NONE',  ( -1.000000000000000000, 0.000000000000000000, 0.000000000000000000 ) ) ;
#1984 = EDGE_CURVE ( 'NONE', #910, #1470, #1978, .T. ) ;
#1985 = ORIENTED_EDGE ( 'NONE', *, *, #940, .T. ) ;
#1986 = CARTESIAN_POINT ( 'NONE',  ( -14.50000000000000000, 139.5500000000000114, 15.59999999999999964 ) ) ;
#1987 = EDGE_CURVE ( 'NONE', #38, #600, #1337, .T. ) ;
#1988 = CARTESIAN_POINT ( 'NONE',  ( 23.99999999999999289, 147.5000000000000000, 13.79999999999999893 ) ) ;
#1989 = EDGE_LOOP ( 'NONE', ( #137, #1899, #1472, #1985, #2017, #2151 ) ) ;
#1990 = LINE ( 'NONE', #1629, #1825 ) ;
#1991 = DIRECTION ( 'NONE',  ( -1.000000000000000000, 0.000000000000000000, 0.000000000000000000 ) ) ;
#1992 = EDGE_LOOP ( 'NONE', ( #897, #1916 ) ) ;
#1993 = CIRCLE ( 'NONE', #131, 3.800000000000001155 ) ;
#1994 = AXIS2_PLACEMENT_3D ( 'NONE', #120, #973, #1635 ) ;
#1995 = AXIS2_PLACEMENT_3D ( 'NONE', #1196, #45, #518 ) ;
#1996 = DIRECTION ( 'NONE',  ( -1.000000000000000000, 0.000000000000000000, 0.000000000000000000 ) ) ;
#1997 = CIRCLE ( 'NONE', #491, 1.799999999999999600 ) ;
#1998 = AXIS2_PLACEMENT_3D ( 'NONE', #515, #1192, #1522 ) ;
#1999 = AXIS2_PLACEMENT_3D ( 'NONE', #1373, #1683, #541 ) ;
#2000 = CARTESIAN_POINT ( 'NONE',  ( -17.50000000000000000, 136.5500000000000114, 13.79999999999999893 ) ) ;
#2001 = VERTEX_POINT ( 'NONE', #645 ) ;
#2002 = FACE_OUTER_BOUND ( 'NONE', #1699, .T. ) ;
#2003 = CARTESIAN_POINT ( 'NONE',  ( 12.00000000000001066, 147.5000000000000000, 15.59999999999999964 ) ) ;
#2004 = EDGE_LOOP ( 'NONE', ( #1841, #664, #332, #160, #1834 ) ) ;
#2005 = ORIENTED_EDGE ( 'NONE', *, *, #1076, .T. ) ;
#2006 = VECTOR ( 'NONE', #2032, 1000.000000000000000 ) ;
#2007 = DIRECTION ( 'NONE',  ( 1.000000000000000000, 0.000000000000000000, 0.000000000000000000 ) ) ;
#2008 = EDGE_CURVE ( 'NONE', #2001, #55, #321, .T. ) ;
#2009 = ADVANCED_FACE ( 'NONE', ( #654 ), #292, .T. ) ;
#2010 = DIRECTION ( 'NONE',  ( 0.000000000000000000, 0.000000000000000000, 1.000000000000000000 ) ) ;
#2011 = VERTEX_POINT ( 'NONE', #971 ) ;
#2012 = ORIENTED_EDGE ( 'NONE', *, *, #939, .F. ) ;
#2013 = CARTESIAN_POINT ( 'NONE',  ( 24.00000000000000000, 141.5500000000000114, 8.400000000000000355 ) ) ;
#2014 = DIRECTION ( 'NONE',  ( 1.000000000000000000, 0.000000000000000000, 0.000000000000000000 ) ) ;
#2015 = EDGE_CURVE ( 'NONE', #1673, #2098, #889, .T. ) ;
#2016 = ORIENTED_EDGE ( 'NONE', *, *, #1579, .F. ) ;
#2017 = ORIENTED_EDGE ( 'NONE', *, *, #1626, .F. ) ;
#2018 = ORIENTED_EDGE ( 'NONE', *, *, #1165, .T. ) ;
#2019 = CARTESIAN_POINT ( 'NONE',  ( 26.00000000000000355, 145.5000000000000000, 13.79999999999999893 ) ) ;
#2020 = ORIENTED_EDGE ( 'NONE', *, *, #1732, .F. ) ;
#2021 = ADVANCED_FACE ( 'NONE', ( #2164 ), #1665, .T. ) ;
#2022 = CARTESIAN_POINT ( 'NONE',  ( -17.50000000000000000, 118.5000000000000000, 8.400000000000000355 ) ) ;
#2023 = DIRECTION ( 'NONE',  ( -1.000000000000000000, 0.000000000000000000, 0.000000000000000000 ) ) ;
#2024 = DIRECTION ( 'NONE',  ( 0.000000000000000000, 0.000000000000000000, -1.000000000000000000 ) ) ;
#2025 = CARTESIAN_POINT ( 'NONE',  ( 24.00000000000000000, 141.5500000000000114, 8.400000000000000355 ) ) ;
#2026 = ORIENTED_EDGE ( 'NONE', *, *, #1622, .F. ) ;
#2027 = EDGE_LOOP ( 'NONE', ( #909, #744, #1212, #751, #1024, #1386 ) ) ;
#2028 = CARTESIAN_POINT ( 'NONE',  ( -19.40000000000000213, 116.5999999999999943, 8.400000000000000355 ) ) ;
#2029 = ORIENTED_EDGE ( 'NONE', *, *, #1558, .T. ) ;
#2030 = AXIS2_PLACEMENT_3D ( 'NONE', #1934, #249, #283 ) ;
#2031 = AXIS2_PLACEMENT_3D ( 'NONE', #1970, #1316, #129 ) ;
#2032 = DIRECTION ( 'NONE',  ( 0.000000000000000000, -1.000000000000000000, 0.000000000000000000 ) ) ;
#2033 = AXIS2_PLACEMENT_3D ( 'NONE', #278, #2086, #99 ) ;
#2034 = AXIS2_PLACEMENT_3D ( 'NONE', #776, #82, #754 ) ;
#2035 = AXIS2_PLACEMENT_3D ( 'NONE', #1892, #2050, #847 ) ;
#2036 = DIRECTION ( 'NONE',  ( 0.000000000000000000, 1.000000000000000000, 0.000000000000000000 ) ) ;
#2037 = CARTESIAN_POINT ( 'NONE',  ( 24.20000000000000284, 145.5000000000000000, 15.59999999999999964 ) ) ;
#2038 = AXIS2_PLACEMENT_3D ( 'NONE', #179, #1733, #682 ) ;
#2039 = DIRECTION ( 'NONE',  ( 0.000000000000000000, 1.000000000000000000, 0.000000000000000000 ) ) ;
#2040 = DIRECTION ( 'NONE',  ( 0.000000000000000000, 1.000000000000000000, 0.000000000000000000 ) ) ;
#2041 = ORIENTED_EDGE ( 'NONE', *, *, #75, .T. ) ;
#2042 = EDGE_CURVE ( 'NONE', #291, #1007, #2048, .T. ) ;
#2043 = ORIENTED_EDGE ( 'NONE', *, *, #388, .T. ) ;
#2044 = FACE_OUTER_BOUND ( 'NONE', #1686, .T. ) ;
#2045 = VERTEX_POINT ( 'NONE', #2135 ) ;
#2046 = DIRECTION ( 'NONE',  ( 1.000000000000000000, 0.000000000000000000, 0.000000000000000000 ) ) ;
#2047 = EDGE_CURVE ( 'NONE', #5, #600, #850, .T. ) ;
#2048 = CIRCLE ( 'NONE', #1509, 1.799999999999999600 ) ;
#2049 = CARTESIAN_POINT ( 'NONE',  ( 23.99999999999999289, 149.2999999999999829, 15.59999999999999964 ) ) ;
#2050 = DIRECTION ( 'NONE',  ( 1.000000000000000000, 0.000000000000000000, 0.000000000000000000 ) ) ;
#2051 = CARTESIAN_POINT ( 'NONE',  ( 12.00000000000001066, 147.5000000000000000, 17.39999999999999858 ) ) ;
#2052 = CYLINDRICAL_SURFACE ( 'NONE', #523, 1.799999999999999600 ) ;
#2053 = VERTEX_POINT ( 'NONE', #505 ) ;
#2054 = ORIENTED_EDGE ( 'NONE', *, *, #430, .T. ) ;
#2055 = CARTESIAN_POINT ( 'NONE',  ( 20.00000000000000000, 143.5999999999999943, 19.90000000000000213 ) ) ;
#2056 = EDGE_CURVE ( 'NONE', #1708, #544, #1175, .T. ) ;
#2057 = ORIENTED_EDGE ( 'NONE', *, *, #2042, .T. ) ;
#2058 = DIRECTION ( 'NONE',  ( 1.000000000000000000, 0.000000000000000000, 0.000000000000000000 ) ) ;
#2059 = EDGE_CURVE ( 'NONE', #1556, #1407, #324, .T. ) ;
#2060 = CARTESIAN_POINT ( 'NONE',  ( -21.50000000000000000, 116.5999999999999943, 8.400000000000000355 ) ) ;
#2061 = ADVANCED_BREP_SHAPE_REPRESENTATION ( 'Harness - Battery Lead XT60', ( #1347, #148 ), #1767 ) ;
#2062 = FACE_OUTER_BOUND ( 'NONE', #1285, .T. ) ;
#2063 = FACE_OUTER_BOUND ( 'NONE', #103, .T. ) ;
#2064 = ORIENTED_EDGE ( 'NONE', *, *, #1984, .F. ) ;
#2065 = EDGE_LOOP ( 'NONE', ( #1765, #905, #1343, #2154, #1066, #1376 ) ) ;
#2066 = CARTESIAN_POINT ( 'NONE',  ( 10.00000000000000000, 152.0000000000000000, 15.59999999999999964 ) ) ;
#2067 = ORIENTED_EDGE ( 'NONE', *, *, #1421, .T. ) ;
#2068 = DIRECTION ( 'NONE',  ( -1.000000000000000000, 0.000000000000000000, 0.000000000000000000 ) ) ;
#2069 = AXIS2_PLACEMENT_3D ( 'NONE', #289, #1451, #1460 ) ;
#2070 = EDGE_CURVE ( 'NONE', #997, #2098, #538, .T. ) ;
#2071 = CIRCLE ( 'NONE', #1120, 1.799999999999999600 ) ;
#2072 = AXIS2_PLACEMENT_3D ( 'NONE', #1423, #1438, #903 ) ;
#2073 = CARTESIAN_POINT ( 'NONE',  ( 26.00000000000000355, 145.5000000000000000, 8.400000000000000355 ) ) ;
#2074 = CIRCLE ( 'NONE', #1122, 1.799999999999999600 ) ;
#2075 = CARTESIAN_POINT ( 'NONE',  ( 23.99999999999999289, 139.5500000000000114, 8.400000000000000355 ) ) ;
#2076 = CIRCLE ( 'NONE', #1230, 1.799999999999999600 ) ;
#2077 = DIRECTION ( 'NONE',  ( -1.000000000000000000, 0.000000000000000000, 0.000000000000000000 ) ) ;
#2078 = VERTEX_POINT ( 'NONE', #1033 ) ;
#2079 = ORIENTED_EDGE ( 'NONE', *, *, #783, .F. ) ;
#2080 = DIRECTION ( 'NONE',  ( 0.000000000000000000, 0.000000000000000000, 1.000000000000000000 ) ) ;
#2081 = ORIENTED_EDGE ( 'NONE', *, *, #551, .F. ) ;
#2082 = CARTESIAN_POINT ( 'NONE',  ( 12.00000000000000000, 149.5000000000000000, 8.400000000000000355 ) ) ;
#2083 = EDGE_CURVE ( 'NONE', #544, #644, #348, .T. ) ;
#2084 = AXIS2_PLACEMENT_3D ( 'NONE', #1822, #828, #1656 ) ;
#2085 = CARTESIAN_POINT ( 'NONE',  ( 26.00000000000000355, 145.5000000000000000, 15.59999999999999964 ) ) ;
#2086 = DIRECTION ( 'NONE',  ( 1.000000000000000000, 0.000000000000000000, 0.000000000000000000 ) ) ;
#2087 = EDGE_LOOP ( 'NONE', ( #1173, #327, #1011, #1387, #437, #1005 ) ) ;
#2088 = ORIENTED_EDGE ( 'NONE', *, *, #264, .F. ) ;
#2089 = CARTESIAN_POINT ( 'NONE',  ( 12.00000000000001066, 145.6999999999999886, 8.400000000000000355 ) ) ;
#2090 = EDGE_CURVE ( 'NONE', #1415, #233, #1703, .T. ) ;
#2091 = ORIENTED_EDGE ( 'NONE', *, *, #2059, .F. ) ;
#2092 = PERSON_AND_ORGANIZATION_ROLE ( 'creator' ) ;
#2093 = CARTESIAN_POINT ( 'NONE',  ( 26.00000000000000355, 141.5500000000000114, 6.599999999999999645 ) ) ;
#2094 = LINE ( 'NONE', #741, #702 ) ;
#2095 = DIRECTION ( 'NONE',  ( 0.000000000000000000, 1.000000000000000000, 0.000000000000000000 ) ) ;
#2096 = ORIENTED_EDGE ( 'NONE', *, *, #290, .T. ) ;
#2097 = ORIENTED_EDGE ( 'NONE', *, *, #2047, .T. ) ;
#2098 = VERTEX_POINT ( 'NONE', #173 ) ;
#2099 = DIRECTION ( 'NONE',  ( 0.000000000000000000, 0.000000000000000000, 1.000000000000000000 ) ) ;
#2100 = CARTESIAN_POINT ( 'NONE',  ( -19.40000000000000213, 104.5000000000000000, 15.59999999999999964 ) ) ;
#2101 = PERSON_AND_ORGANIZATION ( #1202, #712 ) ;
#2102 = CIRCLE ( 'NONE', #1088, 1.799999999999999600 ) ;
#2103 = DIRECTION ( 'NONE',  ( 1.000000000000000000, 0.000000000000000000, 0.000000000000000000 ) ) ;
#2104 = CIRCLE ( 'NONE', #1569, 1.799999999999999600 ) ;
#2105 = CIRCLE ( 'NONE', #833, 1.799999999999999600 ) ;
#2106 = DIRECTION ( 'NONE',  ( 0.000000000000000000, 1.000000000000000000, 0.000000000000000000 ) ) ;
#2107 = LINE ( 'NONE', #921, #1012 ) ;
#2108 = CIRCLE ( 'NONE', #135, 1.799999999999999600 ) ;
#2109 = ORIENTED_EDGE ( 'NONE', *, *, #1496, .F. ) ;
#2110 = ORIENTED_EDGE ( 'NONE', *, *, #2115, .T. ) ;
#2111 = CIRCLE ( 'NONE', #492, 1.799999999999999600 ) ;
#2112 = PLANE ( 'NONE',  #699 ) ;
#2113 = CARTESIAN_POINT ( 'NONE',  ( -19.40000000000000213, 104.5000000000000000, 15.59999999999999964 ) ) ;
#2114 = EDGE_CURVE ( 'NONE', #1778, #947, #371, .T. ) ;
#2115 = EDGE_CURVE ( 'NONE', #2117, #1769, #1099, .T. ) ;
#2116 = VECTOR ( 'NONE', #1146, 1000.000000000000000 ) ;
#2117 = VERTEX_POINT ( 'NONE', #185 ) ;
#2118 = PERSON_AND_ORGANIZATION_ROLE ( 'design_supplier' ) ;
#2119 = APPLICATION_CONTEXT ( 'configuration controlled 3d designs of mechanical parts and assemblies' ) ;
#2120 = DIRECTION ( 'NONE',  ( 0.000000000000000000, 0.000000000000000000, 1.000000000000000000 ) ) ;
#2121 = EDGE_CURVE ( 'NONE', #1941, #5, #781, .T. ) ;
#2122 = DIRECTION ( 'NONE',  ( 0.000000000000000000, -1.000000000000000000, 0.000000000000000000 ) ) ;
#2123 = CARTESIAN_POINT ( 'NONE',  ( -19.40000000000000213, 106.3999999999999915, 15.59999999999999964 ) ) ;
#2124 = EDGE_LOOP ( 'NONE', ( #61, #1179, #178, #191, #2020 ) ) ;
#2125 = DIRECTION ( 'NONE',  ( 0.000000000000000000, 0.000000000000000000, 1.000000000000000000 ) ) ;
#2126 = DIRECTION ( 'NONE',  ( 1.000000000000000000, 0.000000000000000000, 0.000000000000000000 ) ) ;
#2127 = ORIENTED_EDGE ( 'NONE', *, *, #1280, .F. ) ;
#2128 = COORDINATED_UNIVERSAL_TIME_OFFSET ( 12, 0, .AHEAD. ) ;
#2129 = CARTESIAN_POINT ( 'NONE',  ( 12.00000000000001066, 147.5000000000000000, 17.39999999999999858 ) ) ;
#2130 = EDGE_CURVE ( 'NONE', #216, #166, #1886, .T. ) ;
#2131 = DIRECTION ( 'NONE',  ( 1.000000000000000000, 0.000000000000000000, 0.000000000000000000 ) ) ;
#2132 = DIRECTION ( 'NONE',  ( 0.000000000000000000, 0.000000000000000000, -1.000000000000000000 ) ) ;
#2133 = CARTESIAN_POINT ( 'NONE',  ( -19.40000000000000213, 104.5000000000000000, 15.59999999999999964 ) ) ;
#2134 = ORIENTED_EDGE ( 'NONE', *, *, #1654, .T. ) ;
#2135 = CARTESIAN_POINT ( 'NONE',  ( 23.99999999999998934, 137.7500000000000000, 8.400000000000000355 ) ) ;
#2136 = ADVANCED_FACE ( 'NONE', ( #1729 ), #1379, .T. ) ;
#2137 = CARTESIAN_POINT ( 'NONE',  ( 20.00000000000000000, 135.5000000000000000, 19.90000000000000213 ) ) ;
#2138 = ORIENTED_EDGE ( 'NONE', *, *, #970, .T. ) ;
#2139 = CIRCLE ( 'NONE', #418, 1.799999999999999600 ) ;
#2140 = AXIS2_PLACEMENT_3D ( 'NONE', #2022, #1878, #1510 ) ;
#2141 = CARTESIAN_POINT ( 'NONE',  ( -17.50000000000000000, 106.3999999999999915, 15.59999999999999964 ) ) ;
#2142 = DIRECTION ( 'NONE',  ( -1.000000000000000000, 0.000000000000000000, 0.000000000000000000 ) ) ;
#2143 = CIRCLE ( 'NONE', #1153, 0.2000000000000022593 ) ;
#2144 = ORIENTED_EDGE ( 'NONE', *, *, #621, .T. ) ;
#2145 = TOROIDAL_SURFACE ( 'NONE', #1895, 2.500000000000002220, 1.799999999999999600 ) ;
#2146 = CIRCLE ( 'NONE', #881, 1.799999999999999600 ) ;
#2147 = DIRECTION ( 'NONE',  ( 1.000000000000000000, 0.000000000000000000, -0.000000000000000000 ) ) ;
#2148 = PLANE ( 'NONE',  #1429 ) ;
#2149 = EDGE_CURVE ( 'NONE', #139, #1440, #1801, .T. ) ;
#2150 = CARTESIAN_POINT ( 'NONE',  ( 23.99999999999999289, 139.5500000000000114, 8.400000000000000355 ) ) ;
#2151 = ORIENTED_EDGE ( 'NONE', *, *, #1426, .F. ) ;
#2152 = DIRECTION ( 'NONE',  ( 1.000000000000000000, -0.000000000000000000, -0.000000000000000000 ) ) ;
#2153 = CARTESIAN_POINT ( 'NONE',  ( 24.00000000000000000, 145.5000000000000000, 8.400000000000000355 ) ) ;
#2154 = ORIENTED_EDGE ( 'NONE', *, *, #2149, .T. ) ;
#2155 = CIRCLE ( 'NONE', #1132, 1.799999999999999600 ) ;
#2156 = ADVANCED_FACE ( 'NONE', ( #724 ), #547, .T. ) ;
#2157 = FACE_OUTER_BOUND ( 'NONE', #1883, .T. ) ;
#2158 = DIRECTION ( 'NONE',  ( 0.000000000000000000, 0.000000000000000000, 1.000000000000000000 ) ) ;
#2159 = ORIENTED_EDGE ( 'NONE', *, *, #1579, .T. ) ;
#2160 = EDGE_LOOP ( 'NONE', ( #1774, #1504, #1872, #1723, #672, #688 ) ) ;
#2161 = DIRECTION ( 'NONE',  ( 0.000000000000000000, 0.000000000000000000, -1.000000000000000000 ) ) ;
#2162 = DIRECTION ( 'NONE',  ( 0.000000000000000000, 1.000000000000000000, 0.000000000000000000 ) ) ;
#2163 = VERTEX_POINT ( 'NONE', #28 ) ;
#2164 = FACE_OUTER_BOUND ( 'NONE', #993, .T. ) ;
#2165 = CARTESIAN_POINT ( 'NONE',  ( 12.00000000000001066, 147.5000000000000000, 15.59999999999999964 ) ) ;
#2166 = EDGE_LOOP ( 'NONE', ( #201, #535, #761, #1172, #722, #2110 ) ) ;
#2167 = CYLINDRICAL_SURFACE ( 'NONE', #1433, 1.799999999999999600 ) ;
#2168 = DIRECTION ( 'NONE',  ( 0.000000000000000000, 0.000000000000000000, 1.000000000000000000 ) ) ;
#2169 = VECTOR ( 'NONE', #930, 1000.000000000000000 ) ;
#2170 = ORIENTED_EDGE ( 'NONE', *, *, #1717, .T. ) ;
#2171 = AXIS2_PLACEMENT_3D ( 'NONE', #1638, #826, #674 ) ;
#2172 = CIRCLE ( 'NONE', #1748, 1.799999999999999600 ) ;
#2173 = EDGE_CURVE ( 'NONE', #877, #1918, #1550, .T. ) ;
#2174 = EDGE_CURVE ( 'NONE', #2163, #1208, #1712, .T. ) ;
#2175 = ORIENTED_EDGE ( 'NONE', *, *, #1632, .T. ) ;
#2176 = AXIS2_PLACEMENT_3D ( 'NONE', #1269, #1078, #942 ) ;
#2177 = CARTESIAN_POINT ( 'NONE',  ( 23.99999999999999289, 139.5500000000000114, 6.599999999999999645 ) ) ;
#2178 = AXIS2_PLACEMENT_3D ( 'NONE', #1290, #2152, #1835 ) ;
#2179 = DIRECTION ( 'NONE',  ( 0.000000000000000000, 0.000000000000000000, -1.000000000000000000 ) ) ;
#2180 = EDGE_CURVE ( 'NONE', #1254, #216, #2155, .T. ) ;
#2181 = ORIENTED_EDGE ( 'NONE', *, *, #2130, .T. ) ;
ENDSEC;
END-ISO-10303-21;
