ISO-10303-21;
HEADER;
FILE_DESCRIPTION (( 'STEP AP203' ),
    '1' );
FILE_NAME ('Harness - Motor Leads.step',
    '2026-09-29T04:50:24',
    ( '' ),
    ( '' ),
    '',
    '',
    '' );
FILE_SCHEMA (( 'CONFIG_CONTROL_DESIGN' ));
ENDSEC;

DATA;
#1 = CARTESIAN_POINT ( 'NONE',  ( -123.3901333170525874, 126.0000000000000000, -120.2788634798317418 ) ) ;
#2 = CARTESIAN_POINT ( 'NONE',  ( -118.6506248512749124, 128.3026771512848825, -121.7618946884956870 ) ) ;
#3 = DIRECTION ( 'NONE',  ( 0.000000000000000000, 0.000000000000000000, 1.000000000000000000 ) ) ;
#4 = DIRECTION ( 'NONE',  ( 0.7071067811865473507, 0.000000000000000000, -0.7071067811865476838 ) ) ;
#5 = VERTEX_POINT ( 'NONE', #5166 ) ;
#6 = ORIENTED_EDGE ( 'NONE', *, *, #2775, .F. ) ;
#7 = CARTESIAN_POINT ( 'NONE',  ( -5.337097670801671079, 132.5000000000000000, -13.14038834024218261 ) ) ;
#8 = DIRECTION ( 'NONE',  ( 0.000000000000000000, -0.000000000000000000, 1.000000000000000000 ) ) ;
#9 = DIRECTION ( 'NONE',  ( 0.000000000000000000, 1.000000000000000000, 0.000000000000000000 ) ) ;
#10 = DIRECTION ( 'NONE',  ( 0.7071067811865474617, 0.000000000000000000, -0.7071067811865477948 ) ) ;
#11 = ORIENTED_EDGE ( 'NONE', *, *, #3165, .T. ) ;
#12 = CARTESIAN_POINT ( 'NONE',  ( 8.223911685373721525, 133.4007751364184458, -13.13320502597064099 ) ) ;
#13 = DIRECTION ( 'NONE',  ( 1.000000000000000000, 0.000000000000000000, 0.000000000000000000 ) ) ;
#14 = DIRECTION ( 'NONE',  ( 0.000000000000000000, 0.000000000000000000, 1.000000000000000000 ) ) ;
#15 = DIRECTION ( 'NONE',  ( -0.7071067811865474617, 0.000000000000000000, 0.7071067811865475727 ) ) ;
#16 = EDGE_CURVE ( 'NONE', #2241, #758, #863, .T. ) ;
#17 = ADVANCED_FACE ( 'NONE', ( #501 ), #2330, .F. ) ;
#18 = VERTEX_POINT ( 'NONE', #568 ) ;
#19 = CARTESIAN_POINT ( 'NONE',  ( -4.414334638538578659, 87.46271819390966584, -13.80000000000000071 ) ) ;
#20 = CARTESIAN_POINT ( 'NONE',  ( 10.50000000000000000, 93.50000000000000000, -13.00000000000000000 ) ) ;
#21 = DIRECTION ( 'NONE',  ( 0.000000000000000000, 0.000000000000000000, 1.000000000000000000 ) ) ;
#22 = EDGE_CURVE ( 'NONE', #2079, #1808, #5582, .T. ) ;
#23 = EDGE_LOOP ( 'NONE', ( #1329, #3879 ) ) ;
#24 = ORIENTED_EDGE ( 'NONE', *, *, #1482, .T. ) ;
#25 = DIRECTION ( 'NONE',  ( 0.000000000000000000, 1.000000000000000000, 0.000000000000000000 ) ) ;
#26 = DIRECTION ( 'NONE',  ( 0.000000000000000000, 1.000000000000000000, 0.000000000000000000 ) ) ;
#27 = EDGE_CURVE ( 'NONE', #993, #2319, #3475, .T. ) ;
#28 = VERTEX_POINT ( 'NONE', #1026 ) ;
#29 = ORIENTED_EDGE ( 'NONE', *, *, #4005, .T. ) ;
#30 = APPLICATION_PROTOCOL_DEFINITION ( 'international standard', 'config_control_design', 1994, #3071 ) ;
#31 = DIRECTION ( 'NONE',  ( 0.000000000000000000, 0.000000000000000000, 1.000000000000000000 ) ) ;
#32 = B_SPLINE_CURVE_WITH_KNOTS ( 'NONE', 3,
 ( #12, #1964, #3827, #5678, #4439, #3914 ),
 .UNSPECIFIED., .F., .F.,
 ( 4, 2, 4 ),
 ( 0.000000000000000000, 0.0004707615873786624608, 0.0009415231747573249215 ),
 .UNSPECIFIED. ) ;
#33 = FACE_OUTER_BOUND ( 'NONE', #347, .T. ) ;
#34 = DIRECTION ( 'NONE',  ( 0.000000000000000000, 0.000000000000000000, 1.000000000000000000 ) ) ;
#35 = CARTESIAN_POINT ( 'NONE',  ( -5.337097670801663085, 88.50000000000000000, -13.14038834024218616 ) ) ;
#36 = ORIENTED_EDGE ( 'NONE', *, *, #939, .T. ) ;
#37 = CARTESIAN_POINT ( 'NONE',  ( -9.000000000000001776, 129.7109646337065954, -13.79999999999999893 ) ) ;
#38 = CARTESIAN_POINT ( 'NONE',  ( 2.314574969259508563, 131.2760021622513591, -13.79999999999999893 ) ) ;
#39 = DIRECTION ( 'NONE',  ( 0.7071067811865475727, 0.000000000000000000, 0.7071067811865475727 ) ) ;
#40 = DIRECTION ( 'NONE',  ( -1.000000000000000000, 0.000000000000000000, 0.000000000000000000 ) ) ;
#41 = AXIS2_PLACEMENT_3D ( 'NONE', #958, #2809, #1883 ) ;
#42 = ORIENTED_EDGE ( 'NONE', *, *, #245, .F. ) ;
#43 = DIRECTION ( 'NONE',  ( 0.000000000000000000, 0.000000000000000000, 1.000000000000000000 ) ) ;
#44 = AXIS2_PLACEMENT_3D ( 'NONE', #3070, #5816, #5330 ) ;
#45 = DIRECTION ( 'NONE',  ( 0.000000000000000000, 0.000000000000000000, 1.000000000000000000 ) ) ;
#46 = CARTESIAN_POINT ( 'NONE',  ( -10.50000000000000000, 127.5000000000000000, -14.59999999999999964 ) ) ;
#47 = ADVANCED_FACE ( 'NONE', ( #3729 ), #1415, .T. ) ;
#48 = DIRECTION ( 'NONE',  ( 0.000000000000000000, -1.000000000000000000, 0.000000000000000000 ) ) ;
#49 = ORIENTED_EDGE ( 'NONE', *, *, #1311, .F. ) ;
#50 = EDGE_CURVE ( 'NONE', #5751, #4452, #5041, .T. ) ;
#51 = TOROIDAL_SURFACE ( 'NONE', #3043, 4.000000000000003553, 2.199999999999999734 ) ;
#52 = EDGE_LOOP ( 'NONE', ( #4495, #2030, #505, #1353, #4101 ) ) ;
#53 = ADVANCED_FACE ( 'NONE', ( #3814 ), #5194, .T. ) ;
#54 = VECTOR ( 'NONE', #3658, 1000.000000000000000 ) ;
#55 = CARTESIAN_POINT ( 'NONE',  ( -120.2788634798317702, 126.0000000000000000, -123.3901333170525305 ) ) ;
#56 = AXIS2_PLACEMENT_3D ( 'NONE', #1683, #2607, #352 ) ;
#57 = CARTESIAN_POINT ( 'NONE',  ( 25.50000000000000000, 128.2000000000000171, -10.00000000000000888 ) ) ;
#58 = ORIENTED_EDGE ( 'NONE', *, *, #2428, .T. ) ;
#59 = ORIENTED_EDGE ( 'NONE', *, *, #2537, .F. ) ;
#60 = ORIENTED_EDGE ( 'NONE', *, *, #4097, .T. ) ;
#61 = CIRCLE ( 'NONE', #2283, 0.8000000000000003775 ) ;
#62 = CIRCLE ( 'NONE', #2083, 2.199999999999999289 ) ;
#63 = DIRECTION ( 'NONE',  ( 0.000000000000000000, 1.000000000000000000, 0.000000000000000000 ) ) ;
#64 = DIRECTION ( 'NONE',  ( 0.000000000000000000, 0.000000000000000000, 1.000000000000000000 ) ) ;
#65 = DIRECTION ( 'NONE',  ( 0.000000000000000000, 0.000000000000000000, 1.000000000000000000 ) ) ;
#66 = CYLINDRICAL_SURFACE ( 'NONE', #5004, 0.8000000000000003775 ) ;
#67 = AXIS2_PLACEMENT_3D ( 'NONE', #5988, #1357, #1272 ) ;
#68 = ORIENTED_EDGE ( 'NONE', *, *, #5686, .T. ) ;
#69 = AXIS2_PLACEMENT_3D ( 'NONE', #3447, #4854, #4391 ) ;
#70 = CARTESIAN_POINT ( 'NONE',  ( 6.500000000000000000, 93.50000000000000000, -14.59999999999999964 ) ) ;
#71 = AXIS2_PLACEMENT_3D ( 'NONE', #3846, #3018, #4367 ) ;
#72 = DIRECTION ( 'NONE',  ( 0.000000000000000000, 1.000000000000000000, 0.000000000000000000 ) ) ;
#73 = CARTESIAN_POINT ( 'NONE',  ( 2.500000000000000000, 127.5000000000000000, -14.59999999999999964 ) ) ;
#74 = DIRECTION ( 'NONE',  ( -1.000000000000000000, 0.000000000000000000, 0.000000000000000000 ) ) ;
#75 = CIRCLE ( 'NONE', #171, 0.8000000000000003775 ) ;
#76 = VERTEX_POINT ( 'NONE', #5074 ) ;
#77 = CIRCLE ( 'NONE', #3465, 0.8000000000000003775 ) ;
#78 = PERSON_AND_ORGANIZATION_ROLE ( 'creator' ) ;
#79 = CYLINDRICAL_SURFACE ( 'NONE', #4551, 0.7999999999999977129 ) ;
#80 = CARTESIAN_POINT ( 'NONE',  ( 9.512955444138411210, 130.1872804032636850, -13.79999999999999893 ) ) ;
#81 = AXIS2_PLACEMENT_3D ( 'NONE', #4090, #5921, #1834 ) ;
#82 = CARTESIAN_POINT ( 'NONE',  ( 5.634569895688152030, 88.50000000000000000, -13.43417466591135856 ) ) ;
#83 = ORIENTED_EDGE ( 'NONE', *, *, #3389, .F. ) ;
#84 = AXIS2_PLACEMENT_3D ( 'NONE', #463, #4998, #1852 ) ;
#85 = ORIENTED_EDGE ( 'NONE', *, *, #1861, .F. ) ;
#86 = AXIS2_PLACEMENT_3D ( 'NONE', #3017, #680, #225 ) ;
#87 = DIRECTION ( 'NONE',  ( -1.000000000000000000, 0.000000000000000000, 0.000000000000000000 ) ) ;
#88 = DIRECTION ( 'NONE',  ( -1.000000000000000000, 0.000000000000000000, 0.000000000000000000 ) ) ;
#89 = CARTESIAN_POINT ( 'NONE',  ( 6.500000000000000000, 93.50000000000000000, -13.00000000000000000 ) ) ;
#90 = CARTESIAN_POINT ( 'NONE',  ( 6.500000000000000000, 90.70000000000000284, -13.79999999999999893 ) ) ;
#91 = EDGE_LOOP ( 'NONE', ( #189, #5481, #5735, #4373, #3895 ) ) ;
#92 = B_SPLINE_CURVE_WITH_KNOTS ( 'NONE', 3,
 ( #2768, #5960, #5081, #1818 ),
 .UNSPECIFIED., .F., .F.,
 ( 4, 4 ),
 ( 0.001363264634590415471, 0.001785866089218216034 ),
 .UNSPECIFIED. ) ;
#93 = EDGE_CURVE ( 'NONE', #1829, #2327, #2224, .T. ) ;
#94 = VERTEX_POINT ( 'NONE', #3763 ) ;
#95 = EDGE_CURVE ( 'NONE', #4793, #2302, #4621, .T. ) ;
#96 = VECTOR ( 'NONE', #3007, 1000.000000000000000 ) ;
#97 = CARTESIAN_POINT ( 'NONE',  ( 9.099999999999997868, 86.10000000000000853, -14.50000000000000000 ) ) ;
#98 = CARTESIAN_POINT ( 'NONE',  ( 23.50000000000000000, 122.0000000000000000, -16.69999999999999929 ) ) ;
#99 = EDGE_LOOP ( 'NONE', ( #3011, #5217, #3633, #4773, #3765, #586, #2233 ) ) ;
#100 = CARTESIAN_POINT ( 'NONE',  ( -121.8344983984421646, 142.5000000000000000, -119.6344983984421475 ) ) ;
#101 = EDGE_CURVE ( 'NONE', #2159, #5787, #5023, .T. ) ;
#102 = CARTESIAN_POINT ( 'NONE',  ( 8.654957833977793058, 133.4626591433804208, -14.00645844248203531 ) ) ;
#103 = DIRECTION ( 'NONE',  ( 0.000000000000000000, 0.000000000000000000, -1.000000000000000000 ) ) ;
#104 = CARTESIAN_POINT ( 'NONE',  ( -4.586004223216057163, 87.42271820727205522, -13.41527876094673566 ) ) ;
#105 = DIRECTION ( 'NONE',  ( 0.000000000000000000, 0.000000000000000000, 1.000000000000000000 ) ) ;
#106 = CARTESIAN_POINT ( 'NONE',  ( -27.67973571551976519, 127.7960106022562030, -13.21929687604753312 ) ) ;
#107 = B_SPLINE_CURVE_WITH_KNOTS ( 'NONE', 3,
 ( #2149, #884, #2740, #4011, #5446, #4597, #421, #2646 ),
 .UNSPECIFIED., .F., .F.,
 ( 4, 2, 2, 4 ),
 ( 0.000000000000000000, 0.0003408161586475879842, 0.0006816323172951759685, 0.001363264634590415471 ),
 .UNSPECIFIED. ) ;
#108 = ORIENTED_EDGE ( 'NONE', *, *, #2195, .F. ) ;
#109 = VERTEX_POINT ( 'NONE', #3415 ) ;
#110 = DIRECTION ( 'NONE',  ( 0.000000000000000000, 1.000000000000000000, 0.000000000000000000 ) ) ;
#111 = FACE_OUTER_BOUND ( 'NONE', #3033, .T. ) ;
#112 = DIRECTION ( 'NONE',  ( 0.000000000000000000, 1.000000000000000000, 0.000000000000000000 ) ) ;
#113 = CARTESIAN_POINT ( 'NONE',  ( -25.50000000000000000, 130.5000000000000000, -10.00000000000000178 ) ) ;
#114 = VERTEX_POINT ( 'NONE', #4304 ) ;
#115 = ORIENTED_EDGE ( 'NONE', *, *, #4769, .T. ) ;
#116 = DIRECTION ( 'NONE',  ( -1.000000000000000000, -0.000000000000000000, 0.000000000000000000 ) ) ;
#117 = DIRECTION ( 'NONE',  ( -0.6804510993672802099, 0.7327934916262970333, 0.000000000000000000 ) ) ;
#118 = EDGE_CURVE ( 'NONE', #3560, #18, #2513, .T. ) ;
#119 = PLANE ( 'NONE',  #2570 ) ;
#120 = EDGE_CURVE ( 'NONE', #3618, #1031, #2963, .T. ) ;
#121 = ORIENTED_EDGE ( 'NONE', *, *, #1758, .F. ) ;
#122 = DIRECTION ( 'NONE',  ( 0.000000000000000000, 0.000000000000000000, 1.000000000000000000 ) ) ;
#123 = EDGE_CURVE ( 'NONE', #5345, #4330, #4200, .T. ) ;
#124 = FACE_OUTER_BOUND ( 'NONE', #144, .T. ) ;
#125 = ADVANCED_FACE ( 'NONE', ( #1170 ), #651, .T. ) ;
#126 = CARTESIAN_POINT ( 'NONE',  ( 6.500000000000000000, 88.50000000000000000, -12.30000000000000249 ) ) ;
#127 = CARTESIAN_POINT ( 'NONE',  ( -25.50000000000000000, 130.5000000000000000, -14.50000000000000000 ) ) ;
#128 = AXIS2_PLACEMENT_3D ( 'NONE', #215, #2059, #5783 ) ;
#129 = AXIS2_PLACEMENT_3D ( 'NONE', #2917, #3353, #2978 ) ;
#130 =( BOUNDED_CURVE ( )  B_SPLINE_CURVE ( 3, ( #2363, #3853, #5149, #2430 ),
 .UNSPECIFIED., .F., .T. ) 
 B_SPLINE_CURVE_WITH_KNOTS ( ( 4, 4 ),
 ( 5.612822346282695385, 5.767587407554826129 ),
 .UNSPECIFIED. ) 
 CURVE ( )  GEOMETRIC_REPRESENTATION_ITEM ( )  RATIONAL_B_SPLINE_CURVE ( ( 1.000000000000000000, 0.9980049771413113113, 0.9980049771413113113, 1.000000000000000000 ) ) 
 REPRESENTATION_ITEM ( '' )  );
#131 = EDGE_CURVE ( 'NONE', #1822, #5903, #4558, .T. ) ;
#132 = CARTESIAN_POINT ( 'NONE',  ( 8.357980873632518737, 133.5252679540873260, -13.31644019836604897 ) ) ;
#133 = CARTESIAN_POINT ( 'NONE',  ( -121.8344983984421646, 126.0000000000000000, -121.8344983984421361 ) ) ;
#134 = AXIS2_PLACEMENT_3D ( 'NONE', #2832, #465, #3780 ) ;
#135 = ORIENTED_EDGE ( 'NONE', *, *, #123, .F. ) ;
#136 = AXIS2_PLACEMENT_3D ( 'NONE', #5948, #1651, #2605 ) ;
#137 = EDGE_LOOP ( 'NONE', ( #775, #782, #1811, #736, #5346, #1685, #1512 ) ) ;
#138 = CIRCLE ( 'NONE', #1686, 2.300000000000001599 ) ;
#139 = PLANE ( 'NONE',  #817 ) ;
#140 = FACE_OUTER_BOUND ( 'NONE', #938, .T. ) ;
#141 = CARTESIAN_POINT ( 'NONE',  ( 27.62917908278290824, 125.9999999999842686, -12.30000000000000071 ) ) ;
#142 = AXIS2_PLACEMENT_3D ( 'NONE', #2674, #1385, #2263 ) ;
#143 = CARTESIAN_POINT ( 'NONE',  ( -26.76358566326266697, 127.8008153076196862, -15.69687624219506183 ) ) ;
#144 = EDGE_LOOP ( 'NONE', ( #4627, #3395, #2061, #1944 ) ) ;
#145 = ORIENTED_EDGE ( 'NONE', *, *, #5693, .F. ) ;
#146 = AXIS2_PLACEMENT_3D ( 'NONE', #434, #5604, #1372 ) ;
#147 = DIRECTION ( 'NONE',  ( 0.000000000000000000, 0.000000000000000000, -1.000000000000000000 ) ) ;
#148 = CARTESIAN_POINT ( 'NONE',  ( 5.337097670801672855, 132.5000000000000000, -13.14038834024218616 ) ) ;
#149 = DIRECTION ( 'NONE',  ( 0.000000000000000000, 0.000000000000000000, 1.000000000000000000 ) ) ;
#150 = LOCAL_TIME ( 17, 50, 24.00000000000000000, #3715 ) ;
#151 = ORIENTED_EDGE ( 'NONE', *, *, #2281, .F. ) ;
#152 = CIRCLE ( 'NONE', #1502, 2.199999999999998845 ) ;
#153 = CYLINDRICAL_SURFACE ( 'NONE', #437, 2.200000000000000622 ) ;
#154 = EDGE_CURVE ( 'NONE', #545, #3400, #2922, .T. ) ;
#155 = CARTESIAN_POINT ( 'NONE',  ( 8.413995776783938396, 87.42271820727205522, -13.41527876094672500 ) ) ;
#156 = DIRECTION ( 'NONE',  ( 1.000000000000000000, 0.000000000000000000, 0.000000000000000000 ) ) ;
#157 = ADVANCED_FACE ( 'NONE', ( #2479 ), #1419, .T. ) ;
#158 = VECTOR ( 'NONE', #5256, 1000.000000000000000 ) ;
#159 = DIRECTION ( 'NONE',  ( 0.000000000000000000, 0.000000000000000000, 1.000000000000000000 ) ) ;
#160 = DIRECTION ( 'NONE',  ( -1.000000000000000000, -0.000000000000000000, 0.000000000000000000 ) ) ;
#161 = ORIENTED_EDGE ( 'NONE', *, *, #1945, .F. ) ;
#162 = EDGE_CURVE ( 'NONE', #4565, #2008, #3943, .T. ) ;
#163 = VECTOR ( 'NONE', #3699, 1000.000000000000114 ) ;
#164 = FACE_OUTER_BOUND ( 'NONE', #52, .T. ) ;
#165 = DIRECTION ( 'NONE',  ( -0.9754410020677062310, 0.000000000000000000, -0.2202608714346445951 ) ) ;
#166 = AXIS2_PLACEMENT_3D ( 'NONE', #5775, #4838, #1215 ) ;
#167 = AXIS2_PLACEMENT_3D ( 'NONE', #292, #3085, #4953 ) ;
#168 = EDGE_LOOP ( 'NONE', ( #449, #4986, #381, #4189, #6 ) ) ;
#169 = ORIENTED_EDGE ( 'NONE', *, *, #4960, .T. ) ;
#170 = ORIENTED_EDGE ( 'NONE', *, *, #5631, .F. ) ;
#171 = AXIS2_PLACEMENT_3D ( 'NONE', #4079, #912, #2150 ) ;
#172 = DIRECTION ( 'NONE',  ( -1.000000000000000000, 0.000000000000000000, 0.000000000000000000 ) ) ;
#173 = DIRECTION ( 'NONE',  ( 0.000000000000000000, 0.000000000000000000, 1.000000000000000000 ) ) ;
#174 = CARTESIAN_POINT ( 'NONE',  ( -2.500000000000000000, 93.50000000000000000, -13.00000000000000000 ) ) ;
#175 = ADVANCED_FACE ( 'NONE', ( #2068 ), #3363, .T. ) ;
#176 = FACE_OUTER_BOUND ( 'NONE', #2351, .T. ) ;
#177 = PLANE ( 'NONE',  #4341 ) ;
#178 = ORIENTED_EDGE ( 'NONE', *, *, #413, .F. ) ;
#179 = AXIS2_PLACEMENT_3D ( 'NONE', #5425, #2943, #1259 ) ;
#180 = AXIS2_PLACEMENT_3D ( 'NONE', #3770, #1451, #3310 ) ;
#181 = ORIENTED_EDGE ( 'NONE', *, *, #3139, .T. ) ;
#182 = LINE ( 'NONE', #2578, #3554 ) ;
#183 = DIRECTION ( 'NONE',  ( 0.000000000000000000, 0.000000000000000000, 1.000000000000000000 ) ) ;
#184 = EDGE_LOOP ( 'NONE', ( #207, #2102 ) ) ;
#185 = DIRECTION ( 'NONE',  ( 0.000000000000000000, 1.000000000000000000, 0.000000000000000000 ) ) ;
#186 = CARTESIAN_POINT ( 'NONE',  ( -6.500000000000000000, 88.50000000000000000, -14.59999999999999964 ) ) ;
#187 = CARTESIAN_POINT ( 'NONE',  ( -121.8344983984421361, 126.0000000000000000, 121.8344983984421503 ) ) ;
#188 = DIRECTION ( 'NONE',  ( 0.000000000000000000, 0.000000000000000000, 1.000000000000000000 ) ) ;
#189 = ORIENTED_EDGE ( 'NONE', *, *, #3803, .T. ) ;
#190 = CARTESIAN_POINT ( 'NONE',  ( 23.71311986957168827, 125.2964518045507560, -12.54182296120391271 ) ) ;
#191 = ADVANCED_FACE ( 'NONE', ( #4336 ), #4788, .F. ) ;
#192 = ORIENTED_EDGE ( 'NONE', *, *, #4428, .F. ) ;
#193 = ORIENTED_EDGE ( 'NONE', *, *, #4387, .F. ) ;
#194 = ORIENTED_EDGE ( 'NONE', *, *, #2155, .T. ) ;
#195 = DIRECTION ( 'NONE',  ( 0.6804510993672805430, 0.7327934916262965892, 0.000000000000000000 ) ) ;
#196 = DIRECTION ( 'NONE',  ( -0.7071067811865474617, 0.000000000000000000, 0.7071067811865475727 ) ) ;
#197 = DIRECTION ( 'NONE',  ( 0.000000000000000000, 0.000000000000000000, -1.000000000000000000 ) ) ;
#198 = ADVANCED_FACE ( 'NONE', ( #176 ), #3961, .T. ) ;
#199 = DIRECTION ( 'NONE',  ( 0.000000000000000000, 1.000000000000000000, 0.000000000000000000 ) ) ;
#200 = CARTESIAN_POINT ( 'NONE',  ( -27.08578597692727286, 127.9628610609796482, -15.46873409922698883 ) ) ;
#201 = VERTEX_POINT ( 'NONE', #4823 ) ;
#202 = ORIENTED_EDGE ( 'NONE', *, *, #842, .F. ) ;
#203 = CARTESIAN_POINT ( 'NONE',  ( -2.500000000000000000, 93.50000000000000000, -13.00000000000000000 ) ) ;
#204 = CARTESIAN_POINT ( 'NONE',  ( -31.55894046480676352, 126.0000000000000000, -31.55894046480676352 ) ) ;
#205 = DIRECTION ( 'NONE',  ( 0.000000000000000000, 1.000000000000000000, 0.000000000000000000 ) ) ;
#206 = ORIENTED_EDGE ( 'NONE', *, *, #2574, .T. ) ;
#207 = ORIENTED_EDGE ( 'NONE', *, *, #2727, .T. ) ;
#208 = CARTESIAN_POINT ( 'NONE',  ( -8.294492849770316312, 133.4663147890724417, -13.22222766388089710 ) ) ;
#209 = DIRECTION ( 'NONE',  ( 0.000000000000000000, -1.000000000000000000, 0.000000000000000000 ) ) ;
#210 = DIRECTION ( 'NONE',  ( 0.000000000000000000, -1.000000000000000000, 0.000000000000000000 ) ) ;
#211 = CARTESIAN_POINT ( 'NONE',  ( -2.500000000000000000, 93.50000000000000000, -14.59999999999999964 ) ) ;
#212 = FACE_OUTER_BOUND ( 'NONE', #1839, .T. ) ;
#213 = VERTEX_POINT ( 'NONE', #2988 ) ;
#214 = CARTESIAN_POINT ( 'NONE',  ( 10.50000000000000000, 93.50000000000000000, -13.79999999999999893 ) ) ;
#215 = CARTESIAN_POINT ( 'NONE',  ( -34.38736758955295869, 126.0000000000000000, -28.73051334006057189 ) ) ;
#216 = ORIENTED_EDGE ( 'NONE', *, *, #5085, .F. ) ;
#217 = EDGE_LOOP ( 'NONE', ( #1986, #4760, #294, #6001, #5609 ) ) ;
#218 = ORIENTED_EDGE ( 'NONE', *, *, #1824, .F. ) ;
#219 = CIRCLE ( 'NONE', #324, 2.199999999999998845 ) ;
#220 = CARTESIAN_POINT ( 'NONE',  ( 8.644677902526746394, 87.55545809518609701, -14.00139423256548987 ) ) ;
#221 = FACE_OUTER_BOUND ( 'NONE', #4608, .T. ) ;
#222 = LINE ( 'NONE', #4950, #1576 ) ;
#223 = EDGE_CURVE ( 'NONE', #1534, #4010, #1556, .T. ) ;
#224 = CARTESIAN_POINT ( 'NONE',  ( -8.413995776783949054, 133.5772817927279448, -13.41527876094676230 ) ) ;
#225 = DIRECTION ( 'NONE',  ( 0.000000000000000000, -0.000000000000000000, 1.000000000000000000 ) ) ;
#226 = EDGE_CURVE ( 'NONE', #481, #1427, #4094, .T. ) ;
#227 = CIRCLE ( 'NONE', #1201, 2.199999999999998845 ) ;
#228 = CARTESIAN_POINT ( 'NONE',  ( 29.74704866153470206, 126.0000000000000000, -14.50000000000000000 ) ) ;
#229 = ORIENTED_EDGE ( 'NONE', *, *, #4355, .F. ) ;
#230 = CIRCLE ( 'NONE', #5967, 2.299999999999999822 ) ;
#231 = EDGE_LOOP ( 'NONE', ( #1977, #2903, #4635, #3020, #3824, #1054 ) ) ;
#232 = ADVANCED_FACE ( 'NONE', ( #4764 ), #3900, .F. ) ;
#233 = AXIS2_PLACEMENT_3D ( 'NONE', #2402, #4345, #1564 ) ;
#234 = DIRECTION ( 'NONE',  ( 0.000000000000000000, -1.000000000000000000, 0.000000000000000000 ) ) ;
#235 = CARTESIAN_POINT ( 'NONE',  ( 2.500000000000000000, 91.28903536629340465, -13.79999999999999893 ) ) ;
#236 = DIRECTION ( 'NONE',  ( -0.6804510993672772123, 0.7327934916262996978, 0.000000000000000000 ) ) ;
#237 = ORIENTED_EDGE ( 'NONE', *, *, #4843, .F. ) ;
#238 = ORIENTED_EDGE ( 'NONE', *, *, #5726, .F. ) ;
#239 = CIRCLE ( 'NONE', #1973, 0.8000000000000003775 ) ;
#240 = CARTESIAN_POINT ( 'NONE',  ( 27.68538269750357728, 126.3180123918634905, -12.31710828704634686 ) ) ;
#241 = FACE_OUTER_BOUND ( 'NONE', #1864, .T. ) ;
#242 = DIRECTION ( 'NONE',  ( -1.000000000000000000, 0.000000000000000000, 0.000000000000000000 ) ) ;
#243 = DIRECTION ( 'NONE',  ( 0.000000000000000000, 0.000000000000000000, 1.000000000000000000 ) ) ;
#244 = DIRECTION ( 'NONE',  ( 0.000000000000000000, 1.000000000000000000, 0.000000000000000000 ) ) ;
#245 = EDGE_CURVE ( 'NONE', #4253, #5640, #5306, .T. ) ;
#246 = VERTEX_POINT ( 'NONE', #5828 ) ;
#247 = AXIS2_PLACEMENT_3D ( 'NONE', #4687, #2401, #2908 ) ;
#248 = CARTESIAN_POINT ( 'NONE',  ( 4.414334638538544020, 87.46271819390962321, -13.80000000000004867 ) ) ;
#249 = DIRECTION ( 'NONE',  ( 0.000000000000000000, 0.000000000000000000, 1.000000000000000000 ) ) ;
#250 = CARTESIAN_POINT ( 'NONE',  ( -8.103312779694237022, 132.8090359172553576, -12.99350038422089426 ) ) ;
#251 = VERTEX_POINT ( 'NONE', #3712 ) ;
#252 = CIRCLE ( 'NONE', #839, 2.199999999999997957 ) ;
#253 = EDGE_LOOP ( 'NONE', ( #1100, #3569, #4115, #1450, #5049, #4026, #1596, #3649 ) ) ;
#254 = DIRECTION ( 'NONE',  ( 0.000000000000000000, 0.000000000000000000, 1.000000000000000000 ) ) ;
#255 = DIRECTION ( 'NONE',  ( 0.6804510993672799879, 0.7327934916262971443, 0.000000000000000000 ) ) ;
#256 = AXIS2_PLACEMENT_3D ( 'NONE', #1446, #533, #2391 ) ;
#257 = CIRCLE ( 'NONE', #5308, 2.199999999999998845 ) ;
#258 = CARTESIAN_POINT ( 'NONE',  ( -121.8344983984421788, 126.0000000000000000, -121.8344983984421503 ) ) ;
#259 = CARTESIAN_POINT ( 'NONE',  ( 10.50000000000000000, 127.5000000000000000, -13.79999999999999893 ) ) ;
#260 = CARTESIAN_POINT ( 'NONE',  ( -4.414334638538580435, 133.5372818060903342, -13.79999999999999716 ) ) ;
#261 = ORIENTED_EDGE ( 'NONE', *, *, #4071, .T. ) ;
#262 = AXIS2_PLACEMENT_3D ( 'NONE', #5117, #999, #1907 ) ;
#263 = ORIENTED_EDGE ( 'NONE', *, *, #3004, .T. ) ;
#264 = AXIS2_PLACEMENT_3D ( 'NONE', #1303, #4572, #5416 ) ;
#265 = DIRECTION ( 'NONE',  ( 0.000000000000000000, 0.000000000000000000, 1.000000000000000000 ) ) ;
#266 = CIRCLE ( 'NONE', #3666, 2.199999999999998845 ) ;
#267 = CIRCLE ( 'NONE', #4552, 0.8000000000000003775 ) ;
#268 = CARTESIAN_POINT ( 'NONE',  ( -4.859310793871704170, 132.5000000000000000, -13.03434692751180002 ) ) ;
#269 = VERTEX_POINT ( 'NONE', #2637 ) ;
#270 = ADVANCED_FACE ( 'NONE', ( #319 ), #1326, .T. ) ;
#271 = VERTEX_POINT ( 'NONE', #4491 ) ;
#272 = VECTOR ( 'NONE', #3378, 1000.000000000000114 ) ;
#273 = DIRECTION ( 'NONE',  ( 0.000000000000000000, 1.000000000000000000, 0.000000000000000000 ) ) ;
#274 = CARTESIAN_POINT ( 'NONE',  ( -121.8344983984421646, 142.5000000000000000, -119.6344983984421475 ) ) ;
#275 = CARTESIAN_POINT ( 'NONE',  ( -6.500000000000000000, 93.50000000000000000, -13.79999999999999893 ) ) ;
#276 = CARTESIAN_POINT ( 'NONE',  ( 7.900000000000003908, 87.89999999999999147, -13.79999999999999893 ) ) ;
#277 = DIRECTION ( 'NONE',  ( 0.000000000000000000, -1.000000000000000000, 0.000000000000000000 ) ) ;
#278 = ADVANCED_FACE ( 'NONE', ( #4001 ), #2168, .F. ) ;
#279 = EDGE_LOOP ( 'NONE', ( #3228, #898, #4205, #3656, #1759 ) ) ;
#280 = EDGE_CURVE ( 'NONE', #2867, #4656, #3655, .T. ) ;
#281 = LINE ( 'NONE', #2129, #2884 ) ;
#282 = CARTESIAN_POINT ( 'NONE',  ( 10.68542503074049321, 131.2760021622513591, -13.79999999999999893 ) ) ;
#283 = EDGE_CURVE ( 'NONE', #2386, #4194, #376, .T. ) ;
#284 = VERTEX_POINT ( 'NONE', #1853 ) ;
#285 = EDGE_LOOP ( 'NONE', ( #4425, #3040 ) ) ;
#286 = ORIENTED_EDGE ( 'NONE', *, *, #4206, .T. ) ;
#287 = CARTESIAN_POINT ( 'NONE',  ( -8.585665361461419565, 133.5372818060903342, -13.79999999999999716 ) ) ;
#288 = DIRECTION ( 'NONE',  ( 0.000000000000000000, 1.000000000000000000, 0.000000000000000000 ) ) ;
#289 = CYLINDRICAL_SURFACE ( 'NONE', #4609, 2.199999999999998845 ) ;
#290 = CARTESIAN_POINT ( 'NONE',  ( -6.500000000000000000, 133.5999999999999943, -12.30000000000000249 ) ) ;
#291 = CARTESIAN_POINT ( 'NONE',  ( 19.50000000000000355, 83.50000000000000000, -12.30000000000000249 ) ) ;
#292 = CARTESIAN_POINT ( 'NONE',  ( 2.900809762560546901, 90.26835871724247795, -13.79999999999999893 ) ) ;
#293 = ORIENTED_EDGE ( 'NONE', *, *, #2969, .T. ) ;
#294 = ORIENTED_EDGE ( 'NONE', *, *, #1648, .F. ) ;
#295 = ORIENTED_EDGE ( 'NONE', *, *, #901, .T. ) ;
#296 = LINE ( 'NONE', #3454, #1701 ) ;
#297 = DIRECTION ( 'NONE',  ( -0.000000000000000000, -0.000000000000000000, -1.000000000000000000 ) ) ;
#298 = ORIENTED_EDGE ( 'NONE', *, *, #3497, .F. ) ;
#299 = ORIENTED_EDGE ( 'NONE', *, *, #4077, .F. ) ;
#300 = DIRECTION ( 'NONE',  ( -0.000000000000000000, -0.000000000000000000, -1.000000000000000000 ) ) ;
#301 = DIRECTION ( 'NONE',  ( 0.000000000000000000, -1.000000000000000000, 0.000000000000000000 ) ) ;
#302 = ADVANCED_FACE ( 'NONE', ( #1720 ), #5126, .T. ) ;
#303 = CARTESIAN_POINT ( 'NONE',  ( -8.413995776783941949, 87.42271820727205522, -13.41527876094673033 ) ) ;
#304 = FACE_BOUND ( 'NONE', #1098, .T. ) ;
#305 = EDGE_CURVE ( 'NONE', #4003, #4393, #2526, .T. ) ;
#306 = EDGE_LOOP ( 'NONE', ( #4295, #1080, #3978, #3418 ) ) ;
#307 = EDGE_CURVE ( 'NONE', #2965, #4793, #3442, .T. ) ;
#308 = CARTESIAN_POINT ( 'NONE',  ( 25.70172439427030397, 126.0000000000000000, 28.81299423149112116 ) ) ;
#309 = CARTESIAN_POINT ( 'NONE',  ( -27.49999999999999645, 126.0000000000000000, -14.50000000000000000 ) ) ;
#310 = CARTESIAN_POINT ( 'NONE',  ( -8.120149132939467052, 133.1229276482741284, -13.01162177222691696 ) ) ;
#311 = ORIENTED_EDGE ( 'NONE', *, *, #3357, .F. ) ;
#312 = VERTEX_POINT ( 'NONE', #1235 ) ;
#313 = EDGE_LOOP ( 'NONE', ( #4216, #3274, #2846, #1750, #2448 ) ) ;
#314 = EDGE_CURVE ( 'NONE', #246, #3964, #343, .T. ) ;
#315 = DIRECTION ( 'NONE',  ( -1.000000000000000000, 0.000000000000000000, 0.000000000000000000 ) ) ;
#316 = DIRECTION ( 'NONE',  ( -1.000000000000000000, 0.000000000000000000, 0.000000000000000000 ) ) ;
#317 = DIRECTION ( 'NONE',  ( 0.000000000000000000, -1.000000000000000000, 0.000000000000000000 ) ) ;
#318 = DIRECTION ( 'NONE',  ( 0.000000000000000000, 0.000000000000000000, 1.000000000000000000 ) ) ;
#319 = FACE_OUTER_BOUND ( 'NONE', #3041, .T. ) ;
#320 = CARTESIAN_POINT ( 'NONE',  ( -25.70272232634155785, 124.3219241248605869, -12.57461786630055833 ) ) ;
#321 = ORIENTED_EDGE ( 'NONE', *, *, #5254, .T. ) ;
#322 = ORIENTED_EDGE ( 'NONE', *, *, #4024, .T. ) ;
#323 = EDGE_CURVE ( 'NONE', #2676, #5780, #1028, .T. ) ;
#324 = AXIS2_PLACEMENT_3D ( 'NONE', #3690, #3301, #1440 ) ;
#325 = ORIENTED_EDGE ( 'NONE', *, *, #5806, .T. ) ;
#326 = AXIS2_PLACEMENT_3D ( 'NONE', #5819, #2629, #1644 ) ;
#327 = CARTESIAN_POINT ( 'NONE',  ( 121.8344983984421361, 126.0000000000000000, 121.8344983984421503 ) ) ;
#328 = CARTESIAN_POINT ( 'NONE',  ( -7.900000000000003908, 87.89999999999999147, -13.79999999999999893 ) ) ;
#329 = ORIENTED_EDGE ( 'NONE', *, *, #5624, .T. ) ;
#330 = CIRCLE ( 'NONE', #1375, 2.199999999999998845 ) ;
#331 = VERTEX_POINT ( 'NONE', #291 ) ;
#332 = CIRCLE ( 'NONE', #4702, 4.799999999999994493 ) ;
#333 = AXIS2_PLACEMENT_3D ( 'NONE', #4198, #10, #5592 ) ;
#334 = CARTESIAN_POINT ( 'NONE',  ( -120.2788634798317418, 126.0000000000000000, 123.3901333170525589 ) ) ;
#335 = FACE_OUTER_BOUND ( 'NONE', #2332, .T. ) ;
#336 = CARTESIAN_POINT ( 'NONE',  ( 28.33963337673317895, 126.0000000000000000, -27.36489593716579094 ) ) ;
#337 = AXIS2_PLACEMENT_3D ( 'NONE', #716, #2579, #4431 ) ;
#338 = ORIENTED_EDGE ( 'NONE', *, *, #3719, .T. ) ;
#339 = EDGE_CURVE ( 'NONE', #3120, #1417, #2140, .T. ) ;
#340 = DIRECTION ( 'NONE',  ( 0.000000000000000000, 0.000000000000000000, 1.000000000000000000 ) ) ;
#341 = CIRCLE ( 'NONE', #5290, 2.199999999999998845 ) ;
#342 = CARTESIAN_POINT ( 'NONE',  ( 121.8344983984421503, 142.5000000000000000, 121.8344983984421503 ) ) ;
#343 = CIRCLE ( 'NONE', #1696, 2.200000000000000178 ) ;
#344 = DIRECTION ( 'NONE',  ( 0.000000000000000000, 1.000000000000000000, 0.000000000000000000 ) ) ;
#345 = ADVANCED_FACE ( 'NONE', ( #491 ), #4037, .T. ) ;
#346 = ORIENTED_EDGE ( 'NONE', *, *, #3629, .T. ) ;
#347 = EDGE_LOOP ( 'NONE', ( #5707, #293, #623, #1043, #5370 ) ) ;
#348 = PRODUCT_DEFINITION_FORMATION_WITH_SPECIFIED_SOURCE ( 'ANY', '', #3703, .NOT_KNOWN. ) ;
#349 = CIRCLE ( 'NONE', #2187, 0.8000000000000003775 ) ;
#350 = DIRECTION ( 'NONE',  ( -0.000000000000000000, -0.000000000000000000, -1.000000000000000000 ) ) ;
#351 = LINE ( 'NONE', #20, #2601 ) ;
#352 = DIRECTION ( 'NONE',  ( 0.000000000000000000, 0.000000000000000000, 1.000000000000000000 ) ) ;
#353 = AXIS2_PLACEMENT_3D ( 'NONE', #2712, #4567, #4073 ) ;
#354 = CARTESIAN_POINT ( 'NONE',  ( -27.49999999999999289, 125.6123512240793190, -12.33442191862606663 ) ) ;
#355 = ORIENTED_EDGE ( 'NONE', *, *, #1857, .T. ) ;
#356 = ORIENTED_EDGE ( 'NONE', *, *, #1752, .F. ) ;
#357 = AXIS2_PLACEMENT_3D ( 'NONE', #2016, #2109, #3876 ) ;
#358 = AXIS2_PLACEMENT_3D ( 'NONE', #4806, #5383, #5839 ) ;
#359 = AXIS2_PLACEMENT_3D ( 'NONE', #4855, #2017, #681 ) ;
#360 = EDGE_CURVE ( 'NONE', #5313, #312, #5879, .T. ) ;
#361 = EDGE_LOOP ( 'NONE', ( #2178, #4267 ) ) ;
#362 = FACE_OUTER_BOUND ( 'NONE', #313, .T. ) ;
#363 = CARTESIAN_POINT ( 'NONE',  ( -19.50000000000000355, 83.50000000000000000, -14.50000000000000000 ) ) ;
#364 = ORIENTED_EDGE ( 'NONE', *, *, #1352, .F. ) ;
#365 = TOROIDAL_SURFACE ( 'NONE', #4058, 2.599999999999991207, 2.199999999999999734 ) ;
#366 = AXIS2_PLACEMENT_3D ( 'NONE', #548, #2407, #4268 ) ;
#367 = ORIENTED_EDGE ( 'NONE', *, *, #1905, .F. ) ;
#368 = AXIS2_PLACEMENT_3D ( 'NONE', #4209, #1045, #557 ) ;
#369 = CARTESIAN_POINT ( 'NONE',  ( 8.484007901074054558, 133.6014630335859295, -13.53881548668829105 ) ) ;
#370 = CIRCLE ( 'NONE', #6009, 5.199999999999996625 ) ;
#371 = DIRECTION ( 'NONE',  ( 1.000000000000000000, 0.000000000000000000, 0.000000000000000000 ) ) ;
#372 = DIRECTION ( 'NONE',  ( 1.000000000000000000, 0.000000000000000000, 0.000000000000000000 ) ) ;
#373 = CARTESIAN_POINT ( 'NONE',  ( 6.500000000000000000, 132.5000000000000000, -14.50000000000000000 ) ) ;
#374 = AXIS2_PLACEMENT_3D ( 'NONE', #583, #2836, #45 ) ;
#375 = VERTEX_POINT ( 'NONE', #780 ) ;
#376 = CIRCLE ( 'NONE', #3835, 2.199999999999998845 ) ;
#377 = CARTESIAN_POINT ( 'NONE',  ( 6.500000000000000000, 88.50000000000000000, -14.50000000000000000 ) ) ;
#378 = CARTESIAN_POINT ( 'NONE',  ( -2.500000000000000000, 127.5000000000000000, -13.79999999999999893 ) ) ;
#379 = CARTESIAN_POINT ( 'NONE',  ( -19.50000000000000000, 87.50000000000001421, -14.50000000000000000 ) ) ;
#380 = VERTEX_POINT ( 'NONE', #743 ) ;
#381 = ORIENTED_EDGE ( 'NONE', *, *, #5246, .F. ) ;
#382 = CARTESIAN_POINT ( 'NONE',  ( -2.500000000000000000, 127.5000000000000000, -14.59999999999999964 ) ) ;
#383 = CYLINDRICAL_SURFACE ( 'NONE', #2979, 2.199999999999998845 ) ;
#384 = DIRECTION ( 'NONE',  ( 0.000000000000000000, 1.000000000000000000, 0.000000000000000000 ) ) ;
#385 = CARTESIAN_POINT ( 'NONE',  ( -11.30000000000000071, 91.28903536629340465, -13.79999999999999893 ) ) ;
#386 = CIRCLE ( 'NONE', #507, 2.199999999999998845 ) ;
#387 = ORIENTED_EDGE ( 'NONE', *, *, #3663, .F. ) ;
#388 = VERTEX_POINT ( 'NONE', #5923 ) ;
#389 = ADVANCED_FACE ( 'NONE', ( #3540 ), #1748, .T. ) ;
#390 = ADVANCED_FACE ( 'NONE', ( #1545 ), #4270, .T. ) ;
#391 = ORIENTED_EDGE ( 'NONE', *, *, #3692, .F. ) ;
#392 = DIRECTION ( 'NONE',  ( 0.6804510993672790997, 0.7327934916262980325, -0.000000000000000000 ) ) ;
#393 = DIRECTION ( 'NONE',  ( 0.000000000000000000, -1.000000000000000000, 0.000000000000000000 ) ) ;
#394 = VERTEX_POINT ( 'NONE', #73 ) ;
#395 = VERTEX_POINT ( 'NONE', #3746 ) ;
#396 = CARTESIAN_POINT ( 'NONE',  ( 121.8344983984421077, 126.0000000000000000, -121.8344983984421646 ) ) ;
#397 = DIRECTION ( 'NONE',  ( 0.000000000000000000, 0.000000000000000000, 1.000000000000000000 ) ) ;
#398 = CARTESIAN_POINT ( 'NONE',  ( 121.8344983984421077, 142.5000000000000000, -121.8344983984421646 ) ) ;
#399 = PLANE ( 'NONE',  #4022 ) ;
#400 = ORIENTED_EDGE ( 'NONE', *, *, #902, .T. ) ;
#401 = DIRECTION ( 'NONE',  ( 0.000000000000000000, 0.000000000000000000, 1.000000000000000000 ) ) ;
#402 = EDGE_CURVE ( 'NONE', #2393, #4683, #2371, .T. ) ;
#403 = DIRECTION ( 'NONE',  ( 0.000000000000000000, 1.000000000000000000, 0.000000000000000000 ) ) ;
#404 = CARTESIAN_POINT ( 'NONE',  ( 22.90000000000000213, 136.1999999999999886, -14.50000000000000000 ) ) ;
#405 = LINE ( 'NONE', #2341, #1872 ) ;
#406 = EDGE_LOOP ( 'NONE', ( #1805, #5462, #3544, #2433 ) ) ;
#407 = CARTESIAN_POINT ( 'NONE',  ( 10.50000000000000000, 129.7109646337065954, -13.79999999999999893 ) ) ;
#408 = DIRECTION ( 'NONE',  ( 0.000000000000000000, 0.000000000000000000, 1.000000000000000000 ) ) ;
#409 = CARTESIAN_POINT ( 'NONE',  ( 2.500000000000000000, 91.28903536629340465, -13.79999999999999893 ) ) ;
#410 = CARTESIAN_POINT ( 'NONE',  ( -25.90451637168358445, 124.3715524543860766, -12.61988672293167113 ) ) ;
#411 = ORIENTED_EDGE ( 'NONE', *, *, #5193, .T. ) ;
#412 = EDGE_LOOP ( 'NONE', ( #4051, #4038, #4223, #2442, #3788 ) ) ;
#413 = EDGE_CURVE ( 'NONE', #2965, #2891, #5395, .T. ) ;
#414 = ADVANCED_FACE ( 'NONE', ( #4320 ), #4203, .T. ) ;
#415 = ORIENTED_EDGE ( 'NONE', *, *, #1458, .T. ) ;
#416 = FACE_OUTER_BOUND ( 'NONE', #2197, .T. ) ;
#417 = DIRECTION ( 'NONE',  ( 1.000000000000000000, 0.000000000000000000, 0.000000000000000000 ) ) ;
#418 = ORIENTED_EDGE ( 'NONE', *, *, #5038, .F. ) ;
#419 = ADVANCED_FACE ( 'NONE', ( #4238 ), #514, .T. ) ;
#420 = ORIENTED_EDGE ( 'NONE', *, *, #467, .T. ) ;
#421 = CARTESIAN_POINT ( 'NONE',  ( 4.345042166022207830, 133.4626591433804208, -14.00645844248203531 ) ) ;
#422 = AXIS2_PLACEMENT_3D ( 'NONE', #1400, #1346, #5971 ) ;
#423 = FACE_OUTER_BOUND ( 'NONE', #5981, .T. ) ;
#424 = FACE_OUTER_BOUND ( 'NONE', #1288, .T. ) ;
#425 = AXIS2_PLACEMENT_3D ( 'NONE', #3697, #3761, #5611 ) ;
#426 = VERTEX_POINT ( 'NONE', #1917 ) ;
#427 = AXIS2_PLACEMENT_3D ( 'NONE', #1603, #2554, #3469 ) ;
#428 = CARTESIAN_POINT ( 'NONE',  ( -23.48115120762762587, 126.2363507005626104, -13.27801450155334528 ) ) ;
#429 = ADVANCED_FACE ( 'NONE', ( #3404 ), #1433, .T. ) ;
#430 = CIRCLE ( 'NONE', #3435, 2.199999999999998845 ) ;
#431 = FACE_OUTER_BOUND ( 'NONE', #2352, .T. ) ;
#432 = VERTEX_POINT ( 'NONE', #5179 ) ;
#433 = CIRCLE ( 'NONE', #3350, 2.200000000000000622 ) ;
#434 = CARTESIAN_POINT ( 'NONE',  ( -4.000000000000000000, 91.28903536629340465, -13.79999999999999893 ) ) ;
#435 = DIRECTION ( 'NONE',  ( 0.6804510993672772123, -0.7327934916262996978, 0.000000000000000000 ) ) ;
#436 = DIRECTION ( 'NONE',  ( 0.000000000000000000, 1.000000000000000000, 0.000000000000000000 ) ) ;
#437 = AXIS2_PLACEMENT_3D ( 'NONE', #631, #3979, #662 ) ;
#438 = CARTESIAN_POINT ( 'NONE',  ( 29.74704866153470206, 126.0000000000000000, -17.50000000000000000 ) ) ;
#439 = ORIENTED_EDGE ( 'NONE', *, *, #5103, .T. ) ;
#440 = AXIS2_PLACEMENT_3D ( 'NONE', #3682, #3227, #5088 ) ;
#441 = ORIENTED_EDGE ( 'NONE', *, *, #766, .T. ) ;
#442 = APPROVAL_PERSON_ORGANIZATION ( #1437, #2128, #4182 ) ;
#443 = DIRECTION ( 'NONE',  ( 0.000000000000000000, 1.000000000000000000, 0.000000000000000000 ) ) ;
#444 = AXIS2_PLACEMENT_3D ( 'NONE', #204, #5767, #4831 ) ;
#445 = CARTESIAN_POINT ( 'NONE',  ( -121.8344983984421646, 127.5556349186104086, -119.6344983984421475 ) ) ;
#446 = CARTESIAN_POINT ( 'NONE',  ( -25.50000000000000000, 126.0000000000000000, -10.00000000000000888 ) ) ;
#447 = CARTESIAN_POINT ( 'NONE',  ( -23.29999999999999716, 126.0000000000000000, -10.00000000000000888 ) ) ;
#448 = ORIENTED_EDGE ( 'NONE', *, *, #5253, .T. ) ;
#449 = ORIENTED_EDGE ( 'NONE', *, *, #3812, .F. ) ;
#450 = CIRCLE ( 'NONE', #544, 2.199999999999998845 ) ;
#451 = DIRECTION ( 'NONE',  ( 1.000000000000000000, 0.000000000000000000, 0.000000000000000000 ) ) ;
#452 = CARTESIAN_POINT ( 'NONE',  ( -25.50000000000000000, 130.5000000000000000, -10.00000000000000178 ) ) ;
#453 = ADVANCED_FACE ( 'NONE', ( #1998 ), #3295, .F. ) ;
#454 = CIRCLE ( 'NONE', #945, 2.199999999999998845 ) ;
#455 = EDGE_CURVE ( 'NONE', #4654, #4027, #4777, .T. ) ;
#456 = CIRCLE ( 'NONE', #953, 0.8000000000000003775 ) ;
#457 = CYLINDRICAL_SURFACE ( 'NONE', #3163, 2.200000000000000622 ) ;
#458 = CARTESIAN_POINT ( 'NONE',  ( -10.50000000000000000, 127.5000000000000000, -13.00000000000000000 ) ) ;
#459 = ORIENTED_EDGE ( 'NONE', *, *, #2384, .T. ) ;
#460 = CIRCLE ( 'NONE', #366, 2.200000000000007727 ) ;
#461 = DIRECTION ( 'NONE',  ( 0.000000000000000000, -1.000000000000000000, 0.000000000000000000 ) ) ;
#462 = ADVANCED_FACE ( 'NONE', ( #5650 ), #3346, .T. ) ;
#463 = CARTESIAN_POINT ( 'NONE',  ( 9.000000000000001776, 129.7109646337065954, -13.79999999999999893 ) ) ;
#464 = CARTESIAN_POINT ( 'NONE',  ( -5.099999999999993427, 87.89999999999999147, -13.79999999999999893 ) ) ;
#465 = DIRECTION ( 'NONE',  ( -0.000000000000000000, -0.000000000000000000, -1.000000000000000000 ) ) ;
#466 = VERTEX_POINT ( 'NONE', #3320 ) ;
#467 = EDGE_CURVE ( 'NONE', #1203, #4172, #152, .T. ) ;
#468 = PERSON_AND_ORGANIZATION ( #3587, #2478 ) ;
#469 = CIRCLE ( 'NONE', #5809, 2.199999999999998845 ) ;
#470 = CARTESIAN_POINT ( 'NONE',  ( -30.48560358128213110, 126.0000000000000000, -27.84946985432200250 ) ) ;
#471 = ADVANCED_FACE ( 'NONE', ( #1487 ), #5208, .T. ) ;
#472 = CARTESIAN_POINT ( 'NONE',  ( -6.500000000000000000, 88.50000000000000000, -12.30000000000000249 ) ) ;
#473 = DIRECTION ( 'NONE',  ( 0.000000000000000000, 0.000000000000000000, 1.000000000000000000 ) ) ;
#474 = CARTESIAN_POINT ( 'NONE',  ( 2.500000000000000000, 127.5000000000000000, -14.59999999999999964 ) ) ;
#475 = ORIENTED_EDGE ( 'NONE', *, *, #1231, .T. ) ;
#476 = CIRCLE ( 'NONE', #3091, 2.200000000000000622 ) ;
#477 = ORIENTED_EDGE ( 'NONE', *, *, #2281, .T. ) ;
#478 = ORIENTED_EDGE ( 'NONE', *, *, #2976, .F. ) ;
#479 = CARTESIAN_POINT ( 'NONE',  ( -121.8344983984421646, 142.5000000000000000, -124.0344983984421390 ) ) ;
#480 = ORIENTED_EDGE ( 'NONE', *, *, #1934, .T. ) ;
#481 = VERTEX_POINT ( 'NONE', #2888 ) ;
#482 = CARTESIAN_POINT ( 'NONE',  ( -9.099999999999997868, 133.5999999999999943, -14.50000000000000000 ) ) ;
#483 = CARTESIAN_POINT ( 'NONE',  ( -27.50000000000000000, 122.0000000000000000, -14.50000000000000000 ) ) ;
#484 = DIRECTION ( 'NONE',  ( 0.000000000000000000, -1.000000000000000000, 0.000000000000000000 ) ) ;
#485 = CARTESIAN_POINT ( 'NONE',  ( -6.500000000000000000, 88.50000000000000000, -12.30000000000000249 ) ) ;
#486 = ORIENTED_EDGE ( 'NONE', *, *, #3650, .T. ) ;
#487 = ADVANCED_FACE ( 'NONE', ( #4754 ), #2075, .T. ) ;
#488 = DIRECTION ( 'NONE',  ( 0.000000000000000000, 1.000000000000000000, 0.000000000000000000 ) ) ;
#489 = DIRECTION ( 'NONE',  ( 0.000000000000000000, 1.000000000000000000, 0.000000000000000000 ) ) ;
#490 = EDGE_CURVE ( 'NONE', #2618, #5903, #580, .T. ) ;
#491 = FACE_OUTER_BOUND ( 'NONE', #217, .T. ) ;
#492 = CYLINDRICAL_SURFACE ( 'NONE', #422, 0.7999999999999977129 ) ;
#493 = ORIENTED_EDGE ( 'NONE', *, *, #5215, .F. ) ;
#494 = EDGE_CURVE ( 'NONE', #1993, #3456, #3641, .T. ) ;
#495 = CALENDAR_DATE ( 2026, 29, 9 ) ;
#496 = CARTESIAN_POINT ( 'NONE',  ( 4.457294895758125541, 87.41645330151933990, -13.67199897085387406 ) ) ;
#497 = FACE_OUTER_BOUND ( 'NONE', #5002, .T. ) ;
#498 = DIRECTION ( 'NONE',  ( 0.6804510993672792107, 0.7327934916262980325, 0.000000000000000000 ) ) ;
#499 = VERTEX_POINT ( 'NONE', #1155 ) ;
#500 = ORIENTED_EDGE ( 'NONE', *, *, #3284, .T. ) ;
#501 = FACE_OUTER_BOUND ( 'NONE', #5018, .T. ) ;
#502 = DIRECTION ( 'NONE',  ( 0.000000000000000000, 0.000000000000000000, 1.000000000000000000 ) ) ;
#503 = ORIENTED_EDGE ( 'NONE', *, *, #50, .T. ) ;
#504 = ORIENTED_EDGE ( 'NONE', *, *, #3796, .T. ) ;
#505 = ORIENTED_EDGE ( 'NONE', *, *, #1456, .T. ) ;
#506 = CARTESIAN_POINT ( 'NONE',  ( -4.859310793871704170, 132.5000000000000000, -13.03434692751180002 ) ) ;
#507 = AXIS2_PLACEMENT_3D ( 'NONE', #4999, #4411, #249 ) ;
#508 = CARTESIAN_POINT ( 'NONE',  ( 121.8344983984421503, 126.0000000000000000, 124.0344983984421532 ) ) ;
#509 = DIRECTION ( 'NONE',  ( 0.000000000000000000, 0.000000000000000000, 1.000000000000000000 ) ) ;
#510 = DIRECTION ( 'NONE',  ( -0.000000000000000000, -1.000000000000000000, 0.000000000000000000 ) ) ;
#511 = VERTEX_POINT ( 'NONE', #3494 ) ;
#512 = DIRECTION ( 'NONE',  ( 1.000000000000000000, 0.000000000000000000, 0.000000000000000000 ) ) ;
#513 = AXIS2_PLACEMENT_3D ( 'NONE', #3015, #1167, #3046 ) ;
#514 = CYLINDRICAL_SURFACE ( 'NONE', #4811, 2.199999999999993516 ) ;
#515 = CYLINDRICAL_SURFACE ( 'NONE', #1096, 2.199999999999993516 ) ;
#516 = CIRCLE ( 'NONE', #1008, 0.8000000000000003775 ) ;
#517 = VERTEX_POINT ( 'NONE', #4840 ) ;
#518 = EDGE_CURVE ( 'NONE', #4393, #5371, #792, .T. ) ;
#519 = AXIS2_PLACEMENT_3D ( 'NONE', #3537, #4031, #739 ) ;
#520 = DATE_AND_TIME ( #3298, #150 ) ;
#521 = CARTESIAN_POINT ( 'NONE',  ( -8.223911685373774816, 133.4007751364184742, -13.13320502597069250 ) ) ;
#522 = CIRCLE ( 'NONE', #3820, 2.199999999999998845 ) ;
#523 = CARTESIAN_POINT ( 'NONE',  ( 2.500000000000000000, 93.50000000000000000, -13.79999999999999893 ) ) ;
#524 = LINE ( 'NONE', #2785, #4112 ) ;
#525 = EDGE_CURVE ( 'NONE', #94, #1534, #2621, .T. ) ;
#526 = EDGE_CURVE ( 'NONE', #5311, #4483, #3916, .T. ) ;
#527 = DIRECTION ( 'NONE',  ( -0.7071067811865476838, 0.000000000000000000, -0.7071067811865474617 ) ) ;
#528 = ORIENTED_EDGE ( 'NONE', *, *, #1525, .T. ) ;
#529 = AXIS2_PLACEMENT_3D ( 'NONE', #904, #5526, #1299 ) ;
#530 = ORIENTED_EDGE ( 'NONE', *, *, #3247, .T. ) ;
#531 = CARTESIAN_POINT ( 'NONE',  ( -121.8344983984421361, 142.5000000000000000, 119.6344983984421617 ) ) ;
#532 = AXIS2_PLACEMENT_3D ( 'NONE', #4437, #5742, #1994 ) ;
#533 = DIRECTION ( 'NONE',  ( 1.000000000000000000, 0.000000000000000000, 0.000000000000000000 ) ) ;
#534 = FACE_OUTER_BOUND ( 'NONE', #4409, .T. ) ;
#535 = ORIENTED_EDGE ( 'NONE', *, *, #4355, .T. ) ;
#536 = ORIENTED_EDGE ( 'NONE', *, *, #2476, .F. ) ;
#537 = ORIENTED_EDGE ( 'NONE', *, *, #4767, .F. ) ;
#538 = EDGE_CURVE ( 'NONE', #1900, #1249, #5293, .T. ) ;
#539 = CIRCLE ( 'NONE', #247, 2.199999999999998845 ) ;
#540 = CARTESIAN_POINT ( 'NONE',  ( 4.776088314626300679, 133.4007751364184173, -13.13320502597061434 ) ) ;
#541 = DIRECTION ( 'NONE',  ( 0.000000000000000000, 0.000000000000000000, 1.000000000000000000 ) ) ;
#542 = DIRECTION ( 'NONE',  ( -0.2202608714346420415, 0.000000000000000000, 0.9754410020677068971 ) ) ;
#543 = CARTESIAN_POINT ( 'NONE',  ( 27.00870905388303456, 127.9231356363302581, -15.53416596637301872 ) ) ;
#544 = AXIS2_PLACEMENT_3D ( 'NONE', #5016, #3121, #1778 ) ;
#545 = VERTEX_POINT ( 'NONE', #693 ) ;
#546 = AXIS2_PLACEMENT_3D ( 'NONE', #1058, #5794, #1105 ) ;
#547 = CIRCLE ( 'NONE', #2701, 0.8000000000000003775 ) ;
#548 = CARTESIAN_POINT ( 'NONE',  ( 121.8344983984421361, 126.0000000000000000, 121.8344983984421503 ) ) ;
#549 = AXIS2_PLACEMENT_3D ( 'NONE', #1584, #3449, #5734 ) ;
#550 = CARTESIAN_POINT ( 'NONE',  ( 8.699182303451303611, 132.6138366185407165, -14.56252857144646207 ) ) ;
#551 = DIRECTION ( 'NONE',  ( 0.000000000000000000, 1.000000000000000000, 0.000000000000000000 ) ) ;
#552 = DIRECTION ( 'NONE',  ( 0.000000000000000000, 0.000000000000000000, 1.000000000000000000 ) ) ;
#553 = ORIENTED_EDGE ( 'NONE', *, *, #1055, .T. ) ;
#554 = AXIS2_PLACEMENT_3D ( 'NONE', #1037, #1003, #5236 ) ;
#555 = PERSON_AND_ORGANIZATION_ROLE ( 'design_owner' ) ;
#556 =( BOUNDED_CURVE ( )  B_SPLINE_CURVE ( 3, ( #2787, #5186, #5136, #4677 ),
 .UNSPECIFIED., .F., .T. ) 
 B_SPLINE_CURVE_WITH_KNOTS ( ( 4, 4 ),
 ( 4.489430574061259449, 6.283185307179586232 ),
 .UNSPECIFIED. ) 
 CURVE ( )  GEOMETRIC_REPRESENTATION_ITEM ( )  RATIONAL_B_SPLINE_CURVE ( ( 1.000000000000000000, 0.7493686509943520146, 0.7493686509943520146, 1.000000000000000000 ) ) 
 REPRESENTATION_ITEM ( '' )  );
#557 = DIRECTION ( 'NONE',  ( 0.000000000000000000, 0.000000000000000000, 1.000000000000000000 ) ) ;
#558 = CARTESIAN_POINT ( 'NONE',  ( 23.57368111345241957, 126.7699455711991732, -14.13477742471740584 ) ) ;
#559 = VECTOR ( 'NONE', #3269, 1000.000000000000000 ) ;
#560 = AXIS2_PLACEMENT_3D ( 'NONE', #5146, #648, #1390 ) ;
#561 = VERTEX_POINT ( 'NONE', #725 ) ;
#562 = CIRCLE ( 'NONE', #3960, 0.8000000000000003775 ) ;
#563 = ORIENTED_EDGE ( 'NONE', *, *, #5438, .T. ) ;
#564 = EDGE_CURVE ( 'NONE', #1191, #3246, #5106, .T. ) ;
#565 = DIRECTION ( 'NONE',  ( 0.000000000000000000, 0.000000000000000000, 1.000000000000000000 ) ) ;
#566 = ADVANCED_FACE ( 'NONE', ( #2053 ), #1124, .F. ) ;
#567 = CARTESIAN_POINT ( 'NONE',  ( 118.6506248512748840, 128.3026771512849109, 121.7618946884956586 ) ) ;
#568 = CARTESIAN_POINT ( 'NONE',  ( -10.50000000000000000, 91.28903536629340465, -13.00000000000000000 ) ) ;
#569 = LINE ( 'NONE', #2331, #5020 ) ;
#570 = ORIENTED_EDGE ( 'NONE', *, *, #1963, .T. ) ;
#571 = ORIENTED_EDGE ( 'NONE', *, *, #3314, .F. ) ;
#572 = ADVANCED_FACE ( 'NONE', ( #4936 ), #5777, .T. ) ;
#573 = EDGE_CURVE ( 'NONE', #5488, #1468, #2377, .T. ) ;
#574 = CARTESIAN_POINT ( 'NONE',  ( 27.49999999999999645, 126.0000000000000000, -14.50000000000000000 ) ) ;
#575 = CARTESIAN_POINT ( 'NONE',  ( 27.22613103365813458, 128.0350495392008838, -15.32533592262495858 ) ) ;
#576 = ORIENTED_EDGE ( 'NONE', *, *, #4436, .F. ) ;
#577 = EDGE_CURVE ( 'NONE', #1145, #4346, #4525, .T. ) ;
#578 = DIRECTION ( 'NONE',  ( -1.000000000000000000, -6.672013369141552398E-16, 0.000000000000000000 ) ) ;
#579 = CARTESIAN_POINT ( 'NONE',  ( 8.699822101461133883, 132.9354810389339718, -14.44968551627064990 ) ) ;
#580 = LINE ( 'NONE', #126, #5677 ) ;
#581 = DIRECTION ( 'NONE',  ( 0.000000000000000000, 0.000000000000000000, 1.000000000000000000 ) ) ;
#582 = ORIENTED_EDGE ( 'NONE', *, *, #3996, .F. ) ;
#583 = CARTESIAN_POINT ( 'NONE',  ( -6.500000000000000000, 132.5000000000000000, -14.50000000000000000 ) ) ;
#584 = CYLINDRICAL_SURFACE ( 'NONE', #2555, 2.199999999999997513 ) ;
#585 = DIRECTION ( 'NONE',  ( 0.000000000000000000, 1.000000000000000000, 0.000000000000000000 ) ) ;
#586 = ORIENTED_EDGE ( 'NONE', *, *, #3284, .F. ) ;
#587 = VERTEX_POINT ( 'NONE', #1638 ) ;
#588 = CARTESIAN_POINT ( 'NONE',  ( 10.09919023743945132, 90.26835871724247795, -13.79999999999999893 ) ) ;
#589 = CARTESIAN_POINT ( 'NONE',  ( -6.500000000000000000, 132.5000000000000000, -14.50000000000000000 ) ) ;
#590 = CARTESIAN_POINT ( 'NONE',  ( -122.4257728229844417, 127.1375407634743624, 119.6344983984421617 ) ) ;
#591 = DIRECTION ( 'NONE',  ( 0.000000000000000000, 1.000000000000000000, 0.000000000000000000 ) ) ;
#592 = ORIENTED_EDGE ( 'NONE', *, *, #712, .F. ) ;
#593 = EDGE_CURVE ( 'NONE', #5091, #1294, #1794, .T. ) ;
#594 = ORIENTED_EDGE ( 'NONE', *, *, #118, .F. ) ;
#595 = EDGE_CURVE ( 'NONE', #4452, #5751, #2474, .T. ) ;
#596 = DIRECTION ( 'NONE',  ( 0.000000000000000000, 1.000000000000000000, 0.000000000000000000 ) ) ;
#597 = CARTESIAN_POINT ( 'NONE',  ( -10.50000000000000000, 91.28903536629340465, -13.79999999999999893 ) ) ;
#598 = FACE_BOUND ( 'NONE', #4684, .T. ) ;
#599 = EDGE_CURVE ( 'NONE', #3125, #481, #3030, .T. ) ;
#600 = CC_DESIGN_DATE_AND_TIME_ASSIGNMENT ( #5603, #3687, ( #4212 ) ) ;
#601 = ORIENTED_EDGE ( 'NONE', *, *, #1972, .F. ) ;
#602 = B_SPLINE_CURVE_WITH_KNOTS ( 'NONE', 3,
 ( #224, #4880, #1141, #4916 ),
 .UNSPECIFIED., .F., .F.,
 ( 4, 4 ),
 ( 0.000000000000000000, 0.0004257916520139246931 ),
 .UNSPECIFIED. ) ;
#603 = CARTESIAN_POINT ( 'NONE',  ( -10.68542503074048966, 131.2760021622513591, -13.79999999999999893 ) ) ;
#604 = DIRECTION ( 'NONE',  ( 1.000000000000000000, 0.000000000000000000, 0.000000000000000000 ) ) ;
#605 = DIRECTION ( 'NONE',  ( 0.000000000000000000, 1.000000000000000000, 0.000000000000000000 ) ) ;
#606 = CARTESIAN_POINT ( 'NONE',  ( 121.8344983984421077, 127.5556349186104086, -119.6344983984421759 ) ) ;
#607 = ORIENTED_EDGE ( 'NONE', *, *, #901, .F. ) ;
#608 = EDGE_CURVE ( 'NONE', #5363, #4756, #4474, .T. ) ;
#609 = VECTOR ( 'NONE', #3660, 1000.000000000000000 ) ;
#610 = CARTESIAN_POINT ( 'NONE',  ( 6.500000000000000000, 86.10000000000000853, -14.50000000000000000 ) ) ;
#611 = CARTESIAN_POINT ( 'NONE',  ( -27.67301666241411695, 127.5907111920093797, -12.97176818553782418 ) ) ;
#612 = AXIS2_PLACEMENT_3D ( 'NONE', #1260, #344, #2690 ) ;
#613 = FACE_OUTER_BOUND ( 'NONE', #2763, .T. ) ;
#614 = VERTEX_POINT ( 'NONE', #2125 ) ;
#615 = CIRCLE ( 'NONE', #3035, 2.199999999999998845 ) ;
#616 = VERTEX_POINT ( 'NONE', #211 ) ;
#617 = AXIS2_PLACEMENT_3D ( 'NONE', #4503, #4407, #2089 ) ;
#618 = CARTESIAN_POINT ( 'NONE',  ( -30.52740146318887682, 126.0000000000000000, -17.67620869714771104 ) ) ;
#619 = DIRECTION ( 'NONE',  ( 0.000000000000000000, 1.000000000000000000, 0.000000000000000000 ) ) ;
#620 = CIRCLE ( 'NONE', #922, 0.8000000000000003775 ) ;
#621 = CARTESIAN_POINT ( 'NONE',  ( -25.70446659398027833, 127.3834532595014792, -15.93132533852925015 ) ) ;
#622 = ORIENTED_EDGE ( 'NONE', *, *, #3253, .F. ) ;
#623 = ORIENTED_EDGE ( 'NONE', *, *, #1471, .F. ) ;
#624 = AXIS2_PLACEMENT_3D ( 'NONE', #3789, #5637, #4303 ) ;
#625 = AXIS2_PLACEMENT_3D ( 'NONE', #5419, #2088, #5354 ) ;
#626 = DIRECTION ( 'NONE',  ( 0.000000000000000000, 1.000000000000000000, 0.000000000000000000 ) ) ;
#627 = DIRECTION ( 'NONE',  ( 0.000000000000000000, 0.000000000000000000, 1.000000000000000000 ) ) ;
#628 = DIRECTION ( 'NONE',  ( -1.000000000000000000, 0.000000000000000000, 0.000000000000000000 ) ) ;
#629 = AXIS2_PLACEMENT_3D ( 'NONE', #650, #88, #3874 ) ;
#630 = ORIENTED_EDGE ( 'NONE', *, *, #3314, .T. ) ;
#631 = CARTESIAN_POINT ( 'NONE',  ( 25.50000000000000000, 126.0000000000000000, -10.00000000000000888 ) ) ;
#632 = DIRECTION ( 'NONE',  ( 0.000000000000000000, 1.000000000000000000, 0.000000000000000000 ) ) ;
#633 = EDGE_CURVE ( 'NONE', #2302, #2386, #5721, .T. ) ;
#634 = DIRECTION ( 'NONE',  ( 0.000000000000000000, 0.000000000000000000, 1.000000000000000000 ) ) ;
#635 = TOROIDAL_SURFACE ( 'NONE', #1414, 4.500000000000000888, 2.200000000000000622 ) ;
#636 = DIRECTION ( 'NONE',  ( -0.7071067811865475727, 0.000000000000000000, 0.7071067811865475727 ) ) ;
#637 = DIRECTION ( 'NONE',  ( 0.000000000000000000, 0.000000000000000000, 1.000000000000000000 ) ) ;
#638 = ORIENTED_EDGE ( 'NONE', *, *, #595, .F. ) ;
#639 = VECTOR ( 'NONE', #3105, 1000.000000000000114 ) ;
#640 = EDGE_CURVE ( 'NONE', #5, #1724, #2949, .T. ) ;
#641 = DIRECTION ( 'NONE',  ( 0.000000000000000000, 0.000000000000000000, -1.000000000000000000 ) ) ;
#642 = DIRECTION ( 'NONE',  ( 0.2202608714346437624, 0.000000000000000000, -0.9754410020677065640 ) ) ;
#643 = AXIS2_PLACEMENT_3D ( 'NONE', #4213, #48, #3756 ) ;
#644 = ORIENTED_EDGE ( 'NONE', *, *, #4515, .F. ) ;
#645 = ORIENTED_EDGE ( 'NONE', *, *, #825, .F. ) ;
#646 = CIRCLE ( 'NONE', #5134, 2.199999999999998845 ) ;
#647 = CIRCLE ( 'NONE', #1520, 0.8000000000000003775 ) ;
#648 = DIRECTION ( 'NONE',  ( -0.6804510993672789887, 0.7327934916262982545, 0.000000000000000000 ) ) ;
#649 = CARTESIAN_POINT ( 'NONE',  ( -23.50000000000000000, 87.50000000000000000, -12.30000000000000249 ) ) ;
#650 = CARTESIAN_POINT ( 'NONE',  ( -9.099999999999997868, 136.1999999999999886, -14.50000000000000000 ) ) ;
#651 = PLANE ( 'NONE',  #86 ) ;
#652 = CARTESIAN_POINT ( 'NONE',  ( -25.91147780783796506, 127.4476156148748629, -15.93184378465789131 ) ) ;
#653 = ORIENTED_EDGE ( 'NONE', *, *, #2365, .T. ) ;
#654 = AXIS2_PLACEMENT_3D ( 'NONE', #3352, #3784, #5241 ) ;
#655 = CIRCLE ( 'NONE', #2602, 0.8000000000000003775 ) ;
#656 = VERTEX_POINT ( 'NONE', #2028 ) ;
#657 = CYLINDRICAL_SURFACE ( 'NONE', #1239, 2.199999999999993516 ) ;
#658 = CARTESIAN_POINT ( 'NONE',  ( -10.50000000000000000, 93.50000000000000000, -14.59999999999999964 ) ) ;
#659 = CARTESIAN_POINT ( 'NONE',  ( 10.09919023743945132, 130.7316412827575220, -13.79999999999999893 ) ) ;
#660 = ORIENTED_EDGE ( 'NONE', *, *, #5579, .F. ) ;
#661 = EDGE_LOOP ( 'NONE', ( #3792, #1030 ) ) ;
#662 = DIRECTION ( 'NONE',  ( 1.000000000000000000, 0.000000000000000000, 0.000000000000000000 ) ) ;
#663 = DIRECTION ( 'NONE',  ( -0.000000000000000000, -1.000000000000000000, 0.000000000000000000 ) ) ;
#664 = LINE ( 'NONE', #5717, #4930 ) ;
#665 = AXIS2_PLACEMENT_3D ( 'NONE', #2656, #3134, #3599 ) ;
#666 = DIRECTION ( 'NONE',  ( 0.000000000000000000, 0.000000000000000000, 1.000000000000000000 ) ) ;
#667 = CARTESIAN_POINT ( 'NONE',  ( 27.69999999999999929, 126.0000000000000000, -10.00000000000000888 ) ) ;
#668 = VERTEX_POINT ( 'NONE', #3887 ) ;
#669 = EDGE_CURVE ( 'NONE', #251, #5275, #3927, .T. ) ;
#670 = EDGE_CURVE ( 'NONE', #3434, #3977, #3157, .T. ) ;
#671 = DIRECTION ( 'NONE',  ( 0.000000000000000000, 1.000000000000000000, 0.000000000000000000 ) ) ;
#672 = FACE_OUTER_BOUND ( 'NONE', #2299, .T. ) ;
#673 = ADVANCED_FACE ( 'NONE', ( #5938 ), #3351, .T. ) ;
#674 = VERTEX_POINT ( 'NONE', #5026 ) ;
#675 = ORIENTED_EDGE ( 'NONE', *, *, #1592, .F. ) ;
#676 = ORIENTED_EDGE ( 'NONE', *, *, #4018, .T. ) ;
#677 = DIRECTION ( 'NONE',  ( 1.000000000000000000, 0.000000000000000000, 0.000000000000000000 ) ) ;
#678 = CARTESIAN_POINT ( 'NONE',  ( 2.500000000000000000, 129.7109646337065954, -13.79999999999999893 ) ) ;
#679 = DIRECTION ( 'NONE',  ( -1.000000000000000000, 0.000000000000000000, 0.000000000000000000 ) ) ;
#680 = DIRECTION ( 'NONE',  ( 0.000000000000000000, 1.000000000000000000, 0.000000000000000000 ) ) ;
#681 = DIRECTION ( 'NONE',  ( 0.000000000000000000, 0.000000000000000000, 1.000000000000000000 ) ) ;
#682 = ORIENTED_EDGE ( 'NONE', *, *, #3539, .T. ) ;
#683 = EDGE_LOOP ( 'NONE', ( #991, #4025 ) ) ;
#684 = EDGE_CURVE ( 'NONE', #2419, #5752, #3358, .T. ) ;
#685 = CARTESIAN_POINT ( 'NONE',  ( -121.8344983984421361, 126.0000000000000000, 121.8344983984421503 ) ) ;
#686 = DIRECTION ( 'NONE',  ( -1.000000000000000000, 0.000000000000000000, 0.000000000000000000 ) ) ;
#687 = FACE_OUTER_BOUND ( 'NONE', #854, .T. ) ;
#688 = ORIENTED_EDGE ( 'NONE', *, *, #1017, .F. ) ;
#689 = ORIENTED_EDGE ( 'NONE', *, *, #2927, .F. ) ;
#690 = CARTESIAN_POINT ( 'NONE',  ( -4.300177057877573539, 88.27301681022606772, -14.54496619638284294 ) ) ;
#691 = CARTESIAN_POINT ( 'NONE',  ( -6.500000000000000000, 127.5000000000000000, -13.79999999999999893 ) ) ;
#692 = DIRECTION ( 'NONE',  ( 1.000000000000000000, 0.000000000000000000, 0.000000000000000000 ) ) ;
#693 = CARTESIAN_POINT ( 'NONE',  ( 23.50000000000000000, 87.50000000000000000, -12.30000000000000249 ) ) ;
#694 = CARTESIAN_POINT ( 'NONE',  ( -3.299999999999999822, 91.28903536629340465, -13.79999999999999893 ) ) ;
#695 = ORIENTED_EDGE ( 'NONE', *, *, #3983, .T. ) ;
#696 = DIRECTION ( 'NONE',  ( 0.000000000000000000, 0.000000000000000000, 1.000000000000000000 ) ) ;
#697 = CARTESIAN_POINT ( 'NONE',  ( 25.50000000000000000, 126.0000000000000000, 23.01471862576142868 ) ) ;
#698 = DIRECTION ( 'NONE',  ( 0.000000000000000000, 0.000000000000000000, 1.000000000000000000 ) ) ;
#699 = EDGE_LOOP ( 'NONE', ( #3060, #3279, #1614, #2117, #1732 ) ) ;
#700 = ORIENTED_EDGE ( 'NONE', *, *, #1121, .T. ) ;
#701 = DIRECTION ( 'NONE',  ( 0.000000000000000000, 0.000000000000000000, 1.000000000000000000 ) ) ;
#702 = EDGE_CURVE ( 'NONE', #561, #1461, #3261, .T. ) ;
#703 = DIRECTION ( 'NONE',  ( 0.000000000000000000, 1.000000000000000000, 0.000000000000000000 ) ) ;
#704 = CARTESIAN_POINT ( 'NONE',  ( 25.50000000000000000, 130.5000000000000000, -10.00000000000000178 ) ) ;
#705 = ADVANCED_FACE ( 'NONE', ( #335 ), #2308, .T. ) ;
#706 = DIRECTION ( 'NONE',  ( 0.000000000000000000, 1.000000000000000000, 0.000000000000000000 ) ) ;
#707 = CIRCLE ( 'NONE', #4218, 0.8000000000000003775 ) ;
#708 = CARTESIAN_POINT ( 'NONE',  ( -26.49959841675934058, 127.6765727671268991, -15.82248575619533604 ) ) ;
#709 =( BOUNDED_CURVE ( )  B_SPLINE_CURVE ( 3, ( #3676, #794, #2218, #5531 ),
 .UNSPECIFIED., .F., .T. ) 
 B_SPLINE_CURVE_WITH_KNOTS ( ( 4, 4 ),
 ( 0.000000000000000000, 1.276706400021166976 ),
 .UNSPECIFIED. ) 
 CURVE ( )  GEOMETRIC_REPRESENTATION_ITEM ( )  RATIONAL_B_SPLINE_CURVE ( ( 1.000000000000000000, 0.8687187541764398446, 0.8687187541764398446, 1.000000000000000000 ) ) 
 REPRESENTATION_ITEM ( '' )  );
#710 = ORIENTED_EDGE ( 'NONE', *, *, #2236, .T. ) ;
#711 = ORIENTED_EDGE ( 'NONE', *, *, #3510, .T. ) ;
#712 = EDGE_CURVE ( 'NONE', #3356, #4006, #2219, .T. ) ;
#713 = AXIS2_PLACEMENT_3D ( 'NONE', #5674, #183, #5623 ) ;
#714 = FACE_OUTER_BOUND ( 'NONE', #2367, .T. ) ;
#715 = CARTESIAN_POINT ( 'NONE',  ( 7.365430104311844417, 88.50000000000000000, -13.79999999999999893 ) ) ;
#716 = CARTESIAN_POINT ( 'NONE',  ( 2.500000000000000000, 93.50000000000000000, -13.79999999999999893 ) ) ;
#717 = EDGE_LOOP ( 'NONE', ( #5197, #2820 ) ) ;
#718 = ADVANCED_FACE ( 'NONE', ( #859 ), #4813, .T. ) ;
#719 = ORIENTED_EDGE ( 'NONE', *, *, #3701, .F. ) ;
#720 = AXIS2_PLACEMENT_3D ( 'NONE', #2239, #4100, #5954 ) ;
#721 = EDGE_CURVE ( 'NONE', #2790, #5313, #2385, .T. ) ;
#722 = DIRECTION ( 'NONE',  ( 0.000000000000000000, -1.000000000000000000, 0.000000000000000000 ) ) ;
#723 = CARTESIAN_POINT ( 'NONE',  ( 8.585665361461421341, 87.46271819390966584, -13.80000000000000071 ) ) ;
#724 = CIRCLE ( 'NONE', #2374, 0.8000000000000003775 ) ;
#725 = CARTESIAN_POINT ( 'NONE',  ( 9.099999999999997868, 136.1999999999999886, -16.69999999999999929 ) ) ;
#726 = DIRECTION ( 'NONE',  ( 0.000000000000000000, 0.000000000000000000, 1.000000000000000000 ) ) ;
#727 = VECTOR ( 'NONE', #2409, 1000.000000000000114 ) ;
#728 = ORIENTED_EDGE ( 'NONE', *, *, #1587, .F. ) ;
#729 = VECTOR ( 'NONE', #2015, 1000.000000000000000 ) ;
#730 = AXIS2_PLACEMENT_3D ( 'NONE', #5082, #372, #4169 ) ;
#731 = FACE_OUTER_BOUND ( 'NONE', #91, .T. ) ;
#732 = CARTESIAN_POINT ( 'NONE',  ( 5.634569895688151142, 88.50000000000000000, -13.79999999999999893 ) ) ;
#733 = EDGE_LOOP ( 'NONE', ( #2738, #36, #2246, #216, #5696 ) ) ;
#734 = ORIENTED_EDGE ( 'NONE', *, *, #3004, .F. ) ;
#735 = CIRCLE ( 'NONE', #3167, 0.8000000000000003775 ) ;
#736 = ORIENTED_EDGE ( 'NONE', *, *, #4589, .T. ) ;
#737 = CARTESIAN_POINT ( 'NONE',  ( -8.678481526000465962, 133.3058457270741428, -14.17989180301003138 ) ) ;
#738 = DIRECTION ( 'NONE',  ( 0.000000000000000000, 0.000000000000000000, 1.000000000000000000 ) ) ;
#739 = DIRECTION ( 'NONE',  ( 0.000000000000000000, 0.000000000000000000, 1.000000000000000000 ) ) ;
#740 = AXIS2_PLACEMENT_3D ( 'NONE', #5937, #1253, #4989 ) ;
#741 = AXIS2_PLACEMENT_3D ( 'NONE', #3051, #4790, #4921 ) ;
#742 = DIRECTION ( 'NONE',  ( 0.000000000000000000, 1.000000000000000000, 0.000000000000000000 ) ) ;
#743 = CARTESIAN_POINT ( 'NONE',  ( 23.50000000000000000, 87.50000000000000000, -16.69999999999999929 ) ) ;
#744 = DIRECTION ( 'NONE',  ( 0.000000000000000000, 0.000000000000000000, 1.000000000000000000 ) ) ;
#745 = ORIENTED_EDGE ( 'NONE', *, *, #907, .T. ) ;
#746 = AXIS2_PLACEMENT_3D ( 'NONE', #944, #4686, #5232 ) ;
#747 = ORIENTED_EDGE ( 'NONE', *, *, #2905, .T. ) ;
#748 = AXIS2_PLACEMENT_3D ( 'NONE', #5469, #4047, #3592 ) ;
#749 = ADVANCED_FACE ( 'NONE', ( #2184 ), #5503, .T. ) ;
#750 = ADVANCED_FACE ( 'NONE', ( #1339 ), #4991, .T. ) ;
#751 = EDGE_CURVE ( 'NONE', #3505, #5874, #1799, .T. ) ;
#752 =( BOUNDED_CURVE ( )  B_SPLINE_CURVE ( 3, ( #2066, #5790, #807, #3083 ),
 .UNSPECIFIED., .F., .T. ) 
 B_SPLINE_CURVE_WITH_KNOTS ( ( 4, 4 ),
 ( 2.356194490192351054, 4.712388980384665693 ),
 .UNSPECIFIED. ) 
 CURVE ( )  GEOMETRIC_REPRESENTATION_ITEM ( )  RATIONAL_B_SPLINE_CURVE ( ( 1.000000000000000000, 0.5884556215767358101, 0.5884556215767358101, 1.000000000000000000 ) ) 
 REPRESENTATION_ITEM ( '' )  );
#753 = ORIENTED_EDGE ( 'NONE', *, *, #684, .F. ) ;
#754 = AXIS2_PLACEMENT_3D ( 'NONE', #1771, #4184, #1405 ) ;
#755 = AXIS2_PLACEMENT_3D ( 'NONE', #1871, #3737, #4227 ) ;
#756 = CARTESIAN_POINT ( 'NONE',  ( 5.099999999999993427, 133.0999999999999943, -13.79999999999999893 ) ) ;
#757 = DIRECTION ( 'NONE',  ( -0.000000000000000000, -0.000000000000000000, -1.000000000000000000 ) ) ;
#758 = VERTEX_POINT ( 'NONE', #4080 ) ;
#759 = ADVANCED_FACE ( 'NONE', ( #424 ), #457, .T. ) ;
#760 = EDGE_LOOP ( 'NONE', ( #3838, #3441, #1378, #151 ) ) ;
#761 = AXIS2_PLACEMENT_3D ( 'NONE', #3319, #156, #4721 ) ;
#762 = CARTESIAN_POINT ( 'NONE',  ( 27.45712808232267221, 125.5168398367644045, -12.35151891120244727 ) ) ;
#763 = CARTESIAN_POINT ( 'NONE',  ( -8.140689206128294941, 132.5000000000000000, -13.03434692751179824 ) ) ;
#764 = DIRECTION ( 'NONE',  ( 0.000000000000000000, 0.000000000000000000, 1.000000000000000000 ) ) ;
#765 = CARTESIAN_POINT ( 'NONE',  ( -3.487044555861585682, 90.81271959673630079, -13.79999999999999893 ) ) ;
#766 = EDGE_CURVE ( 'NONE', #312, #3356, #5998, .T. ) ;
#767 = ORIENTED_EDGE ( 'NONE', *, *, #5439, .F. ) ;
#768 = AXIS2_PLACEMENT_3D ( 'NONE', #2559, #1160, #1188 ) ;
#769 = CARTESIAN_POINT ( 'NONE',  ( 10.50000000000000000, 93.50000000000000000, -13.79999999999999893 ) ) ;
#770 = DIRECTION ( 'NONE',  ( 0.000000000000000000, 1.000000000000000000, 0.000000000000000000 ) ) ;
#771 = ORIENTED_EDGE ( 'NONE', *, *, #1758, .T. ) ;
#772 = ADVANCED_FACE ( 'NONE', ( #1819 ), #3677, .T. ) ;
#773 = TOROIDAL_SURFACE ( 'NONE', #3212, 2.999999999999999112, 2.199999999999998845 ) ;
#774 = ORIENTED_EDGE ( 'NONE', *, *, #5957, .T. ) ;
#775 = ORIENTED_EDGE ( 'NONE', *, *, #4663, .F. ) ;
#776 = LINE ( 'NONE', #4487, #2278 ) ;
#777 = CARTESIAN_POINT ( 'NONE',  ( -4.776088314626292686, 133.4007751364184173, -13.13320502597061967 ) ) ;
#778 = DIRECTION ( 'NONE',  ( -1.000000000000000000, -6.672013369141552398E-16, 0.000000000000000000 ) ) ;
#779 = CARTESIAN_POINT ( 'NONE',  ( 7.900000000000003908, 133.0999999999999943, -13.79999999999999893 ) ) ;
#780 = CARTESIAN_POINT ( 'NONE',  ( -25.49999999999999645, 124.2918265716061086, -12.51963939542628879 ) ) ;
#781 = CARTESIAN_POINT ( 'NONE',  ( -4.414334638538580435, 133.5372818060903342, -13.79999999999999716 ) ) ;
#782 = ORIENTED_EDGE ( 'NONE', *, *, #5929, .T. ) ;
#783 = ORIENTED_EDGE ( 'NONE', *, *, #3096, .F. ) ;
#784 = ORIENTED_EDGE ( 'NONE', *, *, #1323, .T. ) ;
#785 = CARTESIAN_POINT ( 'NONE',  ( 4.000000000000000000, 91.28903536629340465, -13.79999999999999893 ) ) ;
#786 = CARTESIAN_POINT ( 'NONE',  ( 4.000000000000000000, 129.7109646337065954, -13.79999999999999893 ) ) ;
#787 = ORIENTED_EDGE ( 'NONE', *, *, #2590, .T. ) ;
#788 = EDGE_CURVE ( 'NONE', #4667, #3618, #5014, .T. ) ;
#789 = EDGE_CURVE ( 'NONE', #1676, #4817, #5152, .T. ) ;
#790 = VERTEX_POINT ( 'NONE', #2849 ) ;
#791 = DIRECTION ( 'NONE',  ( 0.000000000000000000, 1.000000000000000000, 0.000000000000000000 ) ) ;
#792 = B_SPLINE_CURVE_WITH_KNOTS ( 'NONE', 3,
 ( #1254, #2588, #3558, #303 ),
 .UNSPECIFIED., .F., .F.,
 ( 4, 4 ),
 ( 0.001363264634590433469, 0.001785866089218300168 ),
 .UNSPECIFIED. ) ;
#793 = EDGE_CURVE ( 'NONE', #2177, #4108, #539, .T. ) ;
#794 = CARTESIAN_POINT ( 'NONE',  ( -7.365430104311842641, 88.50000000000001421, -13.43417466591136211 ) ) ;
#795 = CARTESIAN_POINT ( 'NONE',  ( 34.38736758955295869, 126.0000000000000000, -28.73051334006057544 ) ) ;
#796 = CYLINDRICAL_SURFACE ( 'NONE', #1493, 2.199999999999993516 ) ;
#797 = ORIENTED_EDGE ( 'NONE', *, *, #245, .T. ) ;
#798 = CARTESIAN_POINT ( 'NONE',  ( -27.25735931288071257, 126.0000000000000000, 27.25735931288071257 ) ) ;
#799 = CARTESIAN_POINT ( 'NONE',  ( 25.11186766409744209, 127.2427946346004433, -15.82567458228653301 ) ) ;
#800 = PLANE ( 'NONE',  #768 ) ;
#801 = DIRECTION ( 'NONE',  ( 0.000000000000000000, 0.000000000000000000, 1.000000000000000000 ) ) ;
#802 = VERTEX_POINT ( 'NONE', #1000 ) ;
#803 = VERTEX_POINT ( 'NONE', #947 ) ;
#804 = ADVANCED_FACE ( 'NONE', ( #3822 ), #3933, .T. ) ;
#805 = CARTESIAN_POINT ( 'NONE',  ( 8.687865586159244202, 87.77725140855811503, -14.25960179753914581 ) ) ;
#806 = DIRECTION ( 'NONE',  ( -0.9754410020677062310, 0.000000000000000000, -0.2202608714346445951 ) ) ;
#807 = CARTESIAN_POINT ( 'NONE',  ( 118.6506248512748556, 128.3026771512849109, -121.7618946884956301 ) ) ;
#808 = DIRECTION ( 'NONE',  ( 0.000000000000000000, 0.000000000000000000, 1.000000000000000000 ) ) ;
#809 = CARTESIAN_POINT ( 'NONE',  ( 4.586004223216035847, 133.5772817927279448, -13.41527876094678717 ) ) ;
#810 = VERTEX_POINT ( 'NONE', #5233 ) ;
#811 = EDGE_LOOP ( 'NONE', ( #3935, #1097, #1927, #5137, #1877, #322, #2640, #2821 ) ) ;
#812 = AXIS2_PLACEMENT_3D ( 'NONE', #1803, #5521, #5606 ) ;
#813 = EDGE_LOOP ( 'NONE', ( #4735, #3545, #2173, #4222, #1225, #2804 ) ) ;
#814 = DIRECTION ( 'NONE',  ( 1.000000000000000000, 0.000000000000000000, 0.000000000000000000 ) ) ;
#815 = VERTEX_POINT ( 'NONE', #4664 ) ;
#816 = ORIENTED_EDGE ( 'NONE', *, *, #3208, .T. ) ;
#817 = AXIS2_PLACEMENT_3D ( 'NONE', #4364, #196, #3841 ) ;
#818 = CIRCLE ( 'NONE', #4795, 4.799999999999991829 ) ;
#819 = CARTESIAN_POINT ( 'NONE',  ( 27.29167642477187172, 125.2529476312738410, -12.42670484778447815 ) ) ;
#820 = DIRECTION ( 'NONE',  ( 0.000000000000000000, 0.000000000000000000, -1.000000000000000000 ) ) ;
#821 = DIRECTION ( 'NONE',  ( 0.000000000000000000, 0.000000000000000000, 1.000000000000000000 ) ) ;
#822 = CARTESIAN_POINT ( 'NONE',  ( -22.90000000000000213, 133.9999999999999716, -14.50000000000000000 ) ) ;
#823 = CIRCLE ( 'NONE', #142, 0.8000000000000003775 ) ;
#824 = ORIENTED_EDGE ( 'NONE', *, *, #3098, .F. ) ;
#825 = EDGE_CURVE ( 'NONE', #2865, #3236, #62, .T. ) ;
#826 = CARTESIAN_POINT ( 'NONE',  ( -23.69923419307301415, 126.8983853748857626, -14.49999999993405631 ) ) ;
#827 = AXIS2_PLACEMENT_3D ( 'NONE', #2698, #3625, #4582 ) ;
#828 = DIRECTION ( 'NONE',  ( 1.000000000000000000, 0.000000000000000000, 0.000000000000000000 ) ) ;
#829 = AXIS2_PLACEMENT_3D ( 'NONE', #5384, #3953, #3101 ) ;
#830 = DIRECTION ( 'NONE',  ( 0.000000000000000000, 0.000000000000000000, 1.000000000000000000 ) ) ;
#831 = ORIENTED_EDGE ( 'NONE', *, *, #5964, .T. ) ;
#832 = VERTEX_POINT ( 'NONE', #1990 ) ;
#833 = AXIS2_PLACEMENT_3D ( 'NONE', #4365, #1952, #197 ) ;
#834 = EDGE_CURVE ( 'NONE', #4553, #2132, #4041, .T. ) ;
#835 = VECTOR ( 'NONE', #2681, 999.9999999999998863 ) ;
#836 = DIRECTION ( 'NONE',  ( 0.000000000000000000, 0.000000000000000000, 1.000000000000000000 ) ) ;
#837 = FACE_OUTER_BOUND ( 'NONE', #2291, .T. ) ;
#838 = CARTESIAN_POINT ( 'NONE',  ( 123.3901333170525305, 126.0000000000000000, -120.2788634798317702 ) ) ;
#839 = AXIS2_PLACEMENT_3D ( 'NONE', #5408, #4957, #3093 ) ;
#840 = CARTESIAN_POINT ( 'NONE',  ( -26.85538496300376110, 124.8215184740783315, -12.60128224106752270 ) ) ;
#841 = ORIENTED_EDGE ( 'NONE', *, *, #5995, .F. ) ;
#842 = EDGE_CURVE ( 'NONE', #4003, #3548, #2998, .T. ) ;
#843 = ORIENTED_EDGE ( 'NONE', *, *, #5079, .T. ) ;
#844 = AXIS2_PLACEMENT_3D ( 'NONE', #1501, #3392, #2954 ) ;
#845 = AXIS2_PLACEMENT_3D ( 'NONE', #4377, #4900, #1154 ) ;
#846 = AXIS2_PLACEMENT_3D ( 'NONE', #3199, #2222, #4478 ) ;
#847 = ORIENTED_EDGE ( 'NONE', *, *, #4734, .T. ) ;
#848 = CARTESIAN_POINT ( 'NONE',  ( -121.8344983984421361, 142.5000000000000000, 121.8344983984421503 ) ) ;
#849 = CYLINDRICAL_SURFACE ( 'NONE', #1206, 2.200000000000000178 ) ;
#850 = ORIENTED_EDGE ( 'NONE', *, *, #2648, .T. ) ;
#851 = AXIS2_PLACEMENT_3D ( 'NONE', #4012, #2270, #820 ) ;
#852 = CIRCLE ( 'NONE', #4249, 0.8000000000000003775 ) ;
#853 = EDGE_CURVE ( 'NONE', #4130, #3591, #2955, .T. ) ;
#854 = EDGE_LOOP ( 'NONE', ( #1071, #4751, #2706, #2143, #906 ) ) ;
#855 = AXIS2_PLACEMENT_3D ( 'NONE', #5212, #3324, #2916 ) ;
#856 = DIRECTION ( 'NONE',  ( 0.000000000000000000, 0.000000000000000000, 1.000000000000000000 ) ) ;
#857 = CIRCLE ( 'NONE', #4063, 0.8000000000000020428 ) ;
#858 = CARTESIAN_POINT ( 'NONE',  ( -4.000000000000000000, 129.7109646337065954, -13.79999999999999893 ) ) ;
#859 = FACE_OUTER_BOUND ( 'NONE', #253, .T. ) ;
#860 = DIRECTION ( 'NONE',  ( -1.000000000000000000, -0.000000000000000000, 0.000000000000000000 ) ) ;
#861 = VECTOR ( 'NONE', #489, 1000.000000000000000 ) ;
#862 = VERTEX_POINT ( 'NONE', #3312 ) ;
#863 = CIRCLE ( 'NONE', #3771, 2.199999999999998845 ) ;
#864 = CARTESIAN_POINT ( 'NONE',  ( -30.00330554619635848, 126.0000000000000000, -33.11457538341716855 ) ) ;
#865 = CARTESIAN_POINT ( 'NONE',  ( -6.500000000000000000, 127.5000000000000000, -13.00000000000000000 ) ) ;
#866 = CARTESIAN_POINT ( 'NONE',  ( 121.8344983984421077, 142.5000000000000000, -121.8344983984421646 ) ) ;
#867 = EDGE_CURVE ( 'NONE', #388, #4849, #1988, .T. ) ;
#868 = EDGE_LOOP ( 'NONE', ( #1238, #1332, #4004, #5562, #1814, #1869 ) ) ;
#869 = ADVANCED_FACE ( 'NONE', ( #4197 ), #1874, .T. ) ;
#870 = APPLICATION_CONTEXT ( 'configuration controlled 3d designs of mechanical parts and assemblies' ) ;
#871 = CARTESIAN_POINT ( 'NONE',  ( 6.500000000000000000, 88.50000000000000000, -13.79999999999999893 ) ) ;
#872 = DIRECTION ( 'NONE',  ( -0.000000000000000000, -1.000000000000000000, 0.000000000000000000 ) ) ;
#873 = DIRECTION ( 'NONE',  ( 0.000000000000000000, 0.000000000000000000, 1.000000000000000000 ) ) ;
#874 = EDGE_CURVE ( 'NONE', #4483, #4532, #4719, .T. ) ;
#875 = CARTESIAN_POINT ( 'NONE',  ( -26.00597739589922242, 124.4028076199065822, -12.63835277345182995 ) ) ;
#876 = EDGE_LOOP ( 'NONE', ( #979, #660, #5645 ) ) ;
#877 = EDGE_LOOP ( 'NONE', ( #3909, #4382 ) ) ;
#878 = ORIENTED_EDGE ( 'NONE', *, *, #4260, .F. ) ;
#879 = LINE ( 'NONE', #5196, #3842 ) ;
#880 = DIRECTION ( 'NONE',  ( -0.7071067811865475727, 0.000000000000000000, -0.7071067811865475727 ) ) ;
#881 = ORIENTED_EDGE ( 'NONE', *, *, #494, .F. ) ;
#882 = ORIENTED_EDGE ( 'NONE', *, *, #3348, .T. ) ;
#883 = EDGE_CURVE ( 'NONE', #251, #5275, #130, .T. ) ;
#884 = CARTESIAN_POINT ( 'NONE',  ( 4.300817696548691949, 132.6138366185407449, -14.56252857144644253 ) ) ;
#885 = CARTESIAN_POINT ( 'NONE',  ( -9.099999999999996092, 85.70000000000000284, -14.50000000000000000 ) ) ;
#886 = DIRECTION ( 'NONE',  ( -0.000000000000000000, -1.000000000000000000, 0.000000000000000000 ) ) ;
#887 = CARTESIAN_POINT ( 'NONE',  ( 25.50000000000000000, 130.5000000000000000, -14.50000000000000000 ) ) ;
#888 = ORIENTED_EDGE ( 'NONE', *, *, #3644, .F. ) ;
#889 = DIRECTION ( 'NONE',  ( 0.000000000000000000, 0.000000000000000000, 1.000000000000000000 ) ) ;
#890 = CARTESIAN_POINT ( 'NONE',  ( 2.500000000000000000, 127.5000000000000000, -13.79999999999999893 ) ) ;
#891 = B_SPLINE_CURVE_WITH_KNOTS ( 'NONE', 3,
 ( #5005, #2105, #220, #4064, #805, #3535, #2064, #1228 ),
 .UNSPECIFIED., .F., .F.,
 ( 4, 2, 2, 4 ),
 ( 0.0004257916520139644833, 0.0007667961970654484137, 0.001107800742116932290, 0.001789809832219903295 ),
 .UNSPECIFIED. ) ;
#892 = DIRECTION ( 'NONE',  ( 0.7071067811865483499, 0.000000000000000000, 0.7071067811865469066 ) ) ;
#893 = COORDINATED_UNIVERSAL_TIME_OFFSET ( 12, 0, .AHEAD. ) ;
#894 = CARTESIAN_POINT ( 'NONE',  ( 4.414334638538544020, 87.46271819390962321, -13.80000000000004867 ) ) ;
#895 = CARTESIAN_POINT ( 'NONE',  ( -4.859310793871702394, 88.50000000000000000, -13.03434692751180179 ) ) ;
#896 = LINE ( 'NONE', #4120, #5468 ) ;
#897 = DIRECTION ( 'NONE',  ( 0.000000000000000000, 0.000000000000000000, 1.000000000000000000 ) ) ;
#898 = ORIENTED_EDGE ( 'NONE', *, *, #1500, .F. ) ;
#899 = ORIENTED_EDGE ( 'NONE', *, *, #5978, .T. ) ;
#900 = B_SPLINE_CURVE_WITH_KNOTS ( 'NONE', 3,
 ( #5535, #4142, #5451, #2720, #2686, #4084, #3132, #3680, #2189, #4997, #3597, #5875, #1258, #1366, #428, #4970, #4548, #3225, #2277, #826 ),
 .UNSPECIFIED., .F., .F.,
 ( 4, 2, 2, 2, 2, 2, 2, 2, 2, 4 ),
 ( 0.003557731475825668538, 0.004168114133063830461, 0.004778496790301992383, 0.005083688118921068574, 0.005388879447540145633, 0.005999262104778297147, 0.006609644762016449529, 0.007220027419254601911, 0.007830410076492752558, 0.008440792733730904940 ),
 .UNSPECIFIED. ) ;
#901 = EDGE_CURVE ( 'NONE', #3386, #1527, #2480, .T. ) ;
#902 = EDGE_CURVE ( 'NONE', #2611, #4801, #5207, .T. ) ;
#903 = CARTESIAN_POINT ( 'NONE',  ( 4.000000000000000000, 91.28903536629340465, -13.79999999999999893 ) ) ;
#904 = CARTESIAN_POINT ( 'NONE',  ( -9.099999999999997868, 83.50000000000000000, -14.50000000000000000 ) ) ;
#905 = VERTEX_POINT ( 'NONE', #3795 ) ;
#906 = ORIENTED_EDGE ( 'NONE', *, *, #3047, .T. ) ;
#907 = EDGE_CURVE ( 'NONE', #4346, #1504, #2683, .T. ) ;
#908 = AXIS2_PLACEMENT_3D ( 'NONE', #5242, #5213, #3867 ) ;
#909 = CARTESIAN_POINT ( 'NONE',  ( 27.62917908278290824, 125.9999999999842686, -12.30000000000000071 ) ) ;
#910 = CARTESIAN_POINT ( 'NONE',  ( 2.900809762560546901, 130.7316412827575220, -13.79999999999999893 ) ) ;
#911 = AXIS2_PLACEMENT_3D ( 'NONE', #379, #4640, #74 ) ;
#912 = DIRECTION ( 'NONE',  ( 0.000000000000000000, 1.000000000000000000, 0.000000000000000000 ) ) ;
#913 = CARTESIAN_POINT ( 'NONE',  ( 121.8344983984420935, 126.0000000000000000, -121.8344983984421219 ) ) ;
#914 = DIRECTION ( 'NONE',  ( 0.000000000000000000, 0.000000000000000000, 1.000000000000000000 ) ) ;
#915 = EDGE_CURVE ( 'NONE', #3591, #1551, #349, .T. ) ;
#916 = AXIS2_PLACEMENT_3D ( 'NONE', #2295, #5551, #1840 ) ;
#917 = ORIENTED_EDGE ( 'NONE', *, *, #3318, .T. ) ;
#918 = AXIS2_PLACEMENT_3D ( 'NONE', #3162, #5962, #4107 ) ;
#919 = ADVANCED_FACE ( 'NONE', ( #5738 ), #1507, .T. ) ;
#920 = CYLINDRICAL_SURFACE ( 'NONE', #846, 2.199999999999998845 ) ;
#921 = DIRECTION ( 'NONE',  ( 0.000000000000000000, -0.000000000000000000, 1.000000000000000000 ) ) ;
#922 = AXIS2_PLACEMENT_3D ( 'NONE', #5409, #2078, #5768 ) ;
#923 = DIRECTION ( 'NONE',  ( 0.000000000000000000, 1.000000000000000000, 0.000000000000000000 ) ) ;
#924 = CARTESIAN_POINT ( 'NONE',  ( -4.859310793871702394, 88.50000000000000000, -13.03434692751180179 ) ) ;
#925 = ORIENTED_EDGE ( 'NONE', *, *, #5844, .T. ) ;
#926 = AXIS2_PLACEMENT_3D ( 'NONE', #5571, #2749, #836 ) ;
#927 = APPLICATION_PROTOCOL_DEFINITION ( 'international standard', 'config_control_design', 1994, #870 ) ;
#928 = DIRECTION ( 'NONE',  ( -0.6804510993672792107, 0.7327934916262980325, 0.000000000000000000 ) ) ;
#929 = AXIS2_PLACEMENT_3D ( 'NONE', #276, #3984, #666 ) ;
#930 = CARTESIAN_POINT ( 'NONE',  ( -10.50000000000000000, 129.7109646337065954, -13.79999999999999893 ) ) ;
#931 = CARTESIAN_POINT ( 'NONE',  ( -27.49999999999999289, 125.6123512240793190, -12.33442191862606663 ) ) ;
#932 = ORIENTED_EDGE ( 'NONE', *, *, #5517, .F. ) ;
#933 = AXIS2_PLACEMENT_3D ( 'NONE', #3579, #2778, #1369 ) ;
#934 = EDGE_LOOP ( 'NONE', ( #477, #771, #695, #3732, #2639 ) ) ;
#935 = TOROIDAL_SURFACE ( 'NONE', #5120, 1.500000000000002665, 0.7999999999999999334 ) ;
#936 = ORIENTED_EDGE ( 'NONE', *, *, #2877, .F. ) ;
#937 = CARTESIAN_POINT ( 'NONE',  ( 121.8344983984421503, 142.5000000000000000, 121.8344983984421503 ) ) ;
#938 = EDGE_LOOP ( 'NONE', ( #3673, #881, #847, #1577, #4127, #2599, #4816, #459 ) ) ;
#939 = EDGE_CURVE ( 'NONE', #5641, #76, #296, .T. ) ;
#940 = EDGE_LOOP ( 'NONE', ( #2792, #4910, #1146, #1274, #1960, #5736 ) ) ;
#941 = AXIS2_PLACEMENT_3D ( 'NONE', #785, #3671, #5864 ) ;
#942 = ADVANCED_FACE ( 'NONE', ( #2960 ), #3745, .T. ) ;
#943 = CARTESIAN_POINT ( 'NONE',  ( 22.90000000000000213, 133.9999999999999716, -14.50000000000000000 ) ) ;
#944 = CARTESIAN_POINT ( 'NONE',  ( 6.500000000000000000, 127.5000000000000000, -13.79999999999999893 ) ) ;
#945 = AXIS2_PLACEMENT_3D ( 'NONE', #4964, #4598, #5055 ) ;
#946 = VECTOR ( 'NONE', #5487, 1000.000000000000000 ) ;
#947 = CARTESIAN_POINT ( 'NONE',  ( 2.500000000000000000, 91.28903536629340465, -13.00000000000000000 ) ) ;
#948 = DIRECTION ( 'NONE',  ( 0.2202608714346437624, 0.000000000000000000, -0.9754410020677064530 ) ) ;
#949 = ADVANCED_FACE ( 'NONE', ( #2115 ), #1118, .T. ) ;
#950 = EDGE_CURVE ( 'NONE', #4323, #1271, #3064, .T. ) ;
#951 = VERTEX_POINT ( 'NONE', #1590 ) ;
#952 = CIRCLE ( 'NONE', #2879, 2.199999999999998845 ) ;
#953 = AXIS2_PLACEMENT_3D ( 'NONE', #4109, #3651, #889 ) ;
#954 = FACE_OUTER_BOUND ( 'NONE', #137, .T. ) ;
#955 = DIRECTION ( 'NONE',  ( -0.000000000000000000, -0.000000000000000000, -1.000000000000000000 ) ) ;
#957 = CARTESIAN_POINT ( 'NONE',  ( -2.314574969259508563, 131.2760021622513591, -13.79999999999999893 ) ) ;
#956 =( BOUNDED_CURVE ( )  B_SPLINE_CURVE ( 3, ( #763, #3467, #2124, #1183 ),
 .UNSPECIFIED., .F., .T. ) 
 B_SPLINE_CURVE_WITH_KNOTS ( ( 4, 4 ),
 ( 5.006478907158399494, 6.283185307179586232 ),
 .UNSPECIFIED. ) 
 CURVE ( )  GEOMETRIC_REPRESENTATION_ITEM ( )  RATIONAL_B_SPLINE_CURVE ( ( 1.000000000000000000, 0.8687187541764358478, 0.8687187541764358478, 1.000000000000000000 ) ) 
 REPRESENTATION_ITEM ( '' )  );
#958 = CARTESIAN_POINT ( 'NONE',  ( -19.50000000000000000, 87.50000000000001421, -14.50000000000000000 ) ) ;
#959 = EDGE_CURVE ( 'NONE', #28, #4904, #2781, .T. ) ;
#960 = CIRCLE ( 'NONE', #5138, 0.8000000000000003775 ) ;
#961 = ORIENTED_EDGE ( 'NONE', *, *, #2537, .T. ) ;
#962 = DESIGN_CONTEXT ( 'detailed design', #870, 'design' ) ;
#963 = CARTESIAN_POINT ( 'NONE',  ( -32.63157378583108681, 126.0000000000000000, -28.33404377147821762 ) ) ;
#964 = LINE ( 'NONE', #472, #2209 ) ;
#965 = FACE_OUTER_BOUND ( 'NONE', #1497, .T. ) ;
#966 = DIRECTION ( 'NONE',  ( 0.000000000000000000, 0.000000000000000000, 1.000000000000000000 ) ) ;
#967 = ORIENTED_EDGE ( 'NONE', *, *, #3941, .T. ) ;
#968 = ORIENTED_EDGE ( 'NONE', *, *, #2265, .T. ) ;
#969 = VERTEX_POINT ( 'NONE', #3397 ) ;
#970 = CARTESIAN_POINT ( 'NONE',  ( -121.8344983984421646, 126.0000000000000000, -121.8344983984421361 ) ) ;
#971 = ORIENTED_EDGE ( 'NONE', *, *, #834, .T. ) ;
#972 = AXIS2_PLACEMENT_3D ( 'NONE', #2033, #4358, #4759 ) ;
#973 = ORIENTED_EDGE ( 'NONE', *, *, #5509, .F. ) ;
#974 = FACE_OUTER_BOUND ( 'NONE', #1136, .T. ) ;
#975 = DIRECTION ( 'NONE',  ( 0.000000000000000000, 0.000000000000000000, 1.000000000000000000 ) ) ;
#976 = DIRECTION ( 'NONE',  ( 0.000000000000000000, 1.000000000000000000, 0.000000000000000000 ) ) ;
#977 = CARTESIAN_POINT ( 'NONE',  ( 2.500000000000000000, 91.28903536629340465, -14.59999999999999964 ) ) ;
#978 = EDGE_CURVE ( 'NONE', #815, #3591, #2994, .T. ) ;
#979 = ORIENTED_EDGE ( 'NONE', *, *, #599, .F. ) ;
#980 = EDGE_CURVE ( 'NONE', #2177, #3767, #182, .T. ) ;
#981 = PLANE ( 'NONE',  #5030 ) ;
#982 = DIRECTION ( 'NONE',  ( 0.000000000000000000, 0.000000000000000000, 1.000000000000000000 ) ) ;
#983 = CARTESIAN_POINT ( 'NONE',  ( -7.900000000000003908, 87.89999999999999147, -13.79999999999999893 ) ) ;
#984 = CARTESIAN_POINT ( 'NONE',  ( 6.500000000000000000, 130.3000000000000114, -14.59999999999999964 ) ) ;
#985 = CIRCLE ( 'NONE', #2967, 0.8000000000000003775 ) ;
#986 = CARTESIAN_POINT ( 'NONE',  ( -9.512955444138409433, 90.81271959673630079, -13.79999999999999893 ) ) ;
#987 = DIRECTION ( 'NONE',  ( 0.000000000000000000, 1.000000000000000000, 0.000000000000000000 ) ) ;
#988 = LINE ( 'NONE', #46, #5565 ) ;
#989 = DIRECTION ( 'NONE',  ( 0.000000000000000000, 1.000000000000000000, 0.000000000000000000 ) ) ;
#990 = ADVANCED_FACE ( 'NONE', ( #3975 ), #935, .T. ) ;
#991 = ORIENTED_EDGE ( 'NONE', *, *, #1381, .T. ) ;
#992 = VERTEX_POINT ( 'NONE', #2545 ) ;
#993 = VERTEX_POINT ( 'NONE', #2929 ) ;
#994 = CARTESIAN_POINT ( 'NONE',  ( 2.500000000000000000, 91.28903536629340465, -13.79999999999999893 ) ) ;
#995 = ORIENTED_EDGE ( 'NONE', *, *, #3898, .F. ) ;
#996 = VERTEX_POINT ( 'NONE', #268 ) ;
#997 = EDGE_LOOP ( 'NONE', ( #2919, #5181, #3790, #1640 ) ) ;
#998 = CARTESIAN_POINT ( 'NONE',  ( 4.896878245353219583, 132.8115600686516018, -12.99329253978669563 ) ) ;
#999 = DIRECTION ( 'NONE',  ( 0.000000000000000000, 1.000000000000000000, 0.000000000000000000 ) ) ;
#1000 = CARTESIAN_POINT ( 'NONE',  ( -27.49999999999999645, 123.8000000000000114, -14.50000000000000000 ) ) ;
#1001 = DIRECTION ( 'NONE',  ( 0.000000000000000000, 1.000000000000000000, 0.000000000000000000 ) ) ;
#1002 = ORIENTED_EDGE ( 'NONE', *, *, #1921, .F. ) ;
#1003 = DIRECTION ( 'NONE',  ( 0.000000000000000000, 1.000000000000000000, 0.000000000000000000 ) ) ;
#1004 = CARTESIAN_POINT ( 'NONE',  ( -3.299999999999999822, 129.7109646337065954, -13.79999999999999893 ) ) ;
#1005 = AXIS2_PLACEMENT_3D ( 'NONE', #4457, #4561, #5399 ) ;
#1006 = DIRECTION ( 'NONE',  ( 0.000000000000000000, 0.000000000000000000, 1.000000000000000000 ) ) ;
#1007 = DIRECTION ( 'NONE',  ( 0.000000000000000000, 1.000000000000000000, 0.000000000000000000 ) ) ;
#1008 = AXIS2_PLACEMENT_3D ( 'NONE', #5629, #4841, #5180 ) ;
#1009 = ORIENTED_EDGE ( 'NONE', *, *, #4805, .T. ) ;
#1010 = EDGE_CURVE ( 'NONE', #432, #2563, #5114, .T. ) ;
#1011 = ADVANCED_FACE ( 'NONE', ( #4430, #1659 ), #5803, .F. ) ;
#1012 = PERSON_AND_ORGANIZATION ( #3587, #2478 ) ;
#1013 = AXIS2_PLACEMENT_3D ( 'NONE', #1510, #2961, #3313 ) ;
#1014 = CYLINDRICAL_SURFACE ( 'NONE', #3285, 0.8000000000000003775 ) ;
#1015 = CARTESIAN_POINT ( 'NONE',  ( -27.67373783677901500, 127.4754271503488781, -12.86005057580539912 ) ) ;
#1016 = CARTESIAN_POINT ( 'NONE',  ( -33.11457538341716855, 126.0000000000000000, -30.00330554619635848 ) ) ;
#1017 = EDGE_CURVE ( 'NONE', #587, #1676, #5339, .T. ) ;
#1018 = ORIENTED_EDGE ( 'NONE', *, *, #4589, .F. ) ;
#1019 = ADVANCED_FACE ( 'NONE', ( #3058 ), #4927, .T. ) ;
#1020 = CIRCLE ( 'NONE', #5286, 3.800000000000001155 ) ;
#1021 = B_SPLINE_CURVE_WITH_KNOTS ( 'NONE', 3,
 ( #3437, #2944, #2503, #1924, #4781, #2032, #1046, #4846, #2862, #5633, #190, #5690, #3891, #1975, #4275, #1522, #4727, #558, #4815, #5298 ),
 .UNSPECIFIED., .F., .F.,
 ( 4, 2, 2, 2, 2, 2, 2, 2, 2, 4 ),
 ( 0.003557731475825668538, 0.004168114133063830461, 0.004778496790301992383, 0.005083688118921068574, 0.005388879447540145633, 0.005999262104778297147, 0.006609644762016449529, 0.007220027419254601911, 0.007830410076492752558, 0.008440792733730904940 ),
 .UNSPECIFIED. ) ;
#1022 = VERTEX_POINT ( 'NONE', #4464 ) ;
#1023 = CYLINDRICAL_SURFACE ( 'NONE', #5188, 0.8000000000000003775 ) ;
#1024 = CARTESIAN_POINT ( 'NONE',  ( -22.90000000000000213, 138.4000000000000057, -14.50000000000000000 ) ) ;
#1025 = VECTOR ( 'NONE', #273, 1000.000000000000000 ) ;
#1026 = CARTESIAN_POINT ( 'NONE',  ( 3.299999999999999822, 91.28903536629340465, -13.79999999999999893 ) ) ;
#1027 = MANIFOLD_SOLID_BREP ( 'Sweep54', #3754 ) ;
#1028 = CIRCLE ( 'NONE', #56, 2.199999999999998845 ) ;
#1029 = DIRECTION ( 'NONE',  ( 0.000000000000000000, 1.000000000000000000, 0.000000000000000000 ) ) ;
#1030 = ORIENTED_EDGE ( 'NONE', *, *, #669, .T. ) ;
#1031 = VERTEX_POINT ( 'NONE', #4007 ) ;
#1032 = CARTESIAN_POINT ( 'NONE',  ( -8.357980873632550711, 87.47473204591263141, -13.31644019836609694 ) ) ;
#1033 = DIRECTION ( 'NONE',  ( 0.000000000000000000, 1.000000000000000000, 0.000000000000000000 ) ) ;
#1034 = CARTESIAN_POINT ( 'NONE',  ( 27.29017622008286992, 128.0679107502576528, -15.24696598199200892 ) ) ;
#1035 = CIRCLE ( 'NONE', #2958, 0.8000000000000003775 ) ;
#1036 = ORIENTED_EDGE ( 'NONE', *, *, #3219, .T. ) ;
#1037 = CARTESIAN_POINT ( 'NONE',  ( -121.8344983984421361, 126.0000000000000000, 121.8344983984421503 ) ) ;
#1038 = AXIS2_PLACEMENT_3D ( 'NONE', #1862, #4651, #966 ) ;
#1039 = DIRECTION ( 'NONE',  ( 0.000000000000000000, -1.000000000000000000, 0.000000000000000000 ) ) ;
#1040 = DIRECTION ( 'NONE',  ( 0.000000000000000000, 0.000000000000000000, 1.000000000000000000 ) ) ;
#1041 = DIRECTION ( 'NONE',  ( -0.000000000000000000, -1.000000000000000000, 0.000000000000000000 ) ) ;
#1042 = CIRCLE ( 'NONE', #5312, 6.700000000000001066 ) ;
#1043 = ORIENTED_EDGE ( 'NONE', *, *, #1083, .F. ) ;
#1044 = TOROIDAL_SURFACE ( 'NONE', #3951, 1.500000000000001332, 0.8000000000000003775 ) ;
#1045 = DIRECTION ( 'NONE',  ( 0.000000000000000000, 1.000000000000000000, 0.000000000000000000 ) ) ;
#1046 = CARTESIAN_POINT ( 'NONE',  ( 24.18727188123746075, 124.6742360126623765, -12.31273838380420749 ) ) ;
#1047 = AXIS2_PLACEMENT_3D ( 'NONE', #2440, #2031, #3922 ) ;
#1048 = AXIS2_PLACEMENT_3D ( 'NONE', #1229, #3082, #316 ) ;
#1049 = CARTESIAN_POINT ( 'NONE',  ( 29.74704866153470206, 126.0000000000000000, -17.50000000000000000 ) ) ;
#1050 = EDGE_CURVE ( 'NONE', #3246, #1191, #2484, .T. ) ;
#1051 = ORIENTED_EDGE ( 'NONE', *, *, #3629, .F. ) ;
#1052 = EDGE_CURVE ( 'NONE', #28, #2132, #5992, .T. ) ;
#1053 = CIRCLE ( 'NONE', #2610, 2.199999999999998845 ) ;
#1054 = ORIENTED_EDGE ( 'NONE', *, *, #1200, .F. ) ;
#1055 = EDGE_CURVE ( 'NONE', #2079, #3241, #1035, .T. ) ;
#1056 = CARTESIAN_POINT ( 'NONE',  ( -121.8344983984421646, 126.0000000000000000, -124.0344983984421390 ) ) ;
#1057 = APPROVAL ( #6011, 'UNSPECIFIED' ) ;
#1058 = CARTESIAN_POINT ( 'NONE',  ( 9.000000000000001776, 91.28903536629340465, -13.79999999999999893 ) ) ;
#1059 = DIRECTION ( 'NONE',  ( 0.000000000000000000, 1.000000000000000000, 0.000000000000000000 ) ) ;
#1060 = EDGE_LOOP ( 'NONE', ( #5762, #503 ) ) ;
#1061 = ORIENTED_EDGE ( 'NONE', *, *, #1798, .T. ) ;
#1062 = CARTESIAN_POINT ( 'NONE',  ( -9.099999999999997868, 83.50000000000000000, -14.50000000000000000 ) ) ;
#1063 = CARTESIAN_POINT ( 'NONE',  ( 7.365430104311844417, 88.50000000000000000, -13.79999999999999893 ) ) ;
#1064 = CARTESIAN_POINT ( 'NONE',  ( -10.50000000000000000, 93.50000000000000000, -13.79999999999999893 ) ) ;
#1065 = EDGE_CURVE ( 'NONE', #4463, #4553, #4637, .T. ) ;
#1066 = ORIENTED_EDGE ( 'NONE', *, *, #4176, .F. ) ;
#1067 = DIRECTION ( 'NONE',  ( 0.000000000000000000, 0.000000000000000000, -1.000000000000000000 ) ) ;
#1068 = LINE ( 'NONE', #1398, #2011 ) ;
#1069 = CARTESIAN_POINT ( 'NONE',  ( -25.49999999999999645, 133.6000000000000227, -14.50000000000000000 ) ) ;
#1070 = LINE ( 'NONE', #4378, #4890 ) ;
#1071 = ORIENTED_EDGE ( 'NONE', *, *, #1347, .F. ) ;
#1072 = CARTESIAN_POINT ( 'NONE',  ( 6.500000000000000000, 88.50000000000000000, -12.30000000000000249 ) ) ;
#1073 = CARTESIAN_POINT ( 'NONE',  ( -27.70275797669217965, 126.6332808929284965, -12.38699450626412712 ) ) ;
#1074 = ORIENTED_EDGE ( 'NONE', *, *, #1912, .T. ) ;
#1075 = VERTEX_POINT ( 'NONE', #3588 ) ;
#1076 = DIRECTION ( 'NONE',  ( 0.000000000000000000, 0.000000000000000000, 1.000000000000000000 ) ) ;
#1077 = DIRECTION ( 'NONE',  ( 0.000000000000000000, 0.000000000000000000, 1.000000000000000000 ) ) ;
#1078 = DIRECTION ( 'NONE',  ( 0.000000000000000000, -1.000000000000000000, 0.000000000000000000 ) ) ;
#1079 = FACE_OUTER_BOUND ( 'NONE', #3664, .T. ) ;
#1080 = ORIENTED_EDGE ( 'NONE', *, *, #1173, .F. ) ;
#1081 = EDGE_CURVE ( 'NONE', #5986, #2427, #2869, .T. ) ;
#1082 = ORIENTED_EDGE ( 'NONE', *, *, #2289, .T. ) ;
#1083 = EDGE_CURVE ( 'NONE', #3947, #3572, #2735, .T. ) ;
#1084 = DIRECTION ( 'NONE',  ( 0.000000000000000000, 0.000000000000000000, 1.000000000000000000 ) ) ;
#1085 = DIRECTION ( 'NONE',  ( 0.000000000000000000, 0.000000000000000000, -1.000000000000000000 ) ) ;
#1086 = CARTESIAN_POINT ( 'NONE',  ( 25.49999999999999645, 124.2918265716061086, -12.51963939542628879 ) ) ;
#1087 = EDGE_CURVE ( 'NONE', #1656, #3400, #450, .T. ) ;
#1088 = ORIENTED_EDGE ( 'NONE', *, *, #4889, .T. ) ;
#1089 = CARTESIAN_POINT ( 'NONE',  ( 27.56600603181884068, 128.1919007815730254, -14.74059849191448812 ) ) ;
#1090 = DIRECTION ( 'NONE',  ( 0.000000000000000000, 1.000000000000000000, 0.000000000000000000 ) ) ;
#1091 = CARTESIAN_POINT ( 'NONE',  ( 25.50000000000000355, 133.6000000000000227, -12.30000000000000249 ) ) ;
#1092 = ORIENTED_EDGE ( 'NONE', *, *, #3844, .T. ) ;
#1093 = CIRCLE ( 'NONE', #4504, 0.8000000000000003775 ) ;
#1094 = CARTESIAN_POINT ( 'NONE',  ( -6.500000000000000000, 130.3000000000000114, -13.79999999999999893 ) ) ;
#1095 = CARTESIAN_POINT ( 'NONE',  ( -27.49999999999999645, 126.0000000000000000, -12.30000000000000249 ) ) ;
#1096 = AXIS2_PLACEMENT_3D ( 'NONE', #866, #2779, #4239 ) ;
#1097 = ORIENTED_EDGE ( 'NONE', *, *, #2195, .T. ) ;
#1098 = EDGE_LOOP ( 'NONE', ( #4505, #774 ) ) ;
#1099 = CIRCLE ( 'NONE', #4401, 0.7000000000000009548 ) ;
#1100 = ORIENTED_EDGE ( 'NONE', *, *, #4285, .F. ) ;
#1101 = CIRCLE ( 'NONE', #4903, 0.8000000000000003775 ) ;
#1102 = DIRECTION ( 'NONE',  ( -0.7071067811865483499, 0.000000000000000000, -0.7071067811865469066 ) ) ;
#1103 = FACE_OUTER_BOUND ( 'NONE', #279, .T. ) ;
#1104 = DIRECTION ( 'NONE',  ( -0.6804510993672772123, -0.7327934916262996978, 0.000000000000000000 ) ) ;
#1105 = DIRECTION ( 'NONE',  ( -1.000000000000000000, 0.000000000000000000, 0.000000000000000000 ) ) ;
#1106 = AXIS2_PLACEMENT_3D ( 'NONE', #4372, #5865, #1692 ) ;
#1107 = CYLINDRICAL_SURFACE ( 'NONE', #549, 2.200000000000000622 ) ;
#1108 = VERTEX_POINT ( 'NONE', #3215 ) ;
#1109 = ORIENTED_EDGE ( 'NONE', *, *, #4678, .T. ) ;
#1110 = CIRCLE ( 'NONE', #1313, 2.199999999999993516 ) ;
#1111 = VECTOR ( 'NONE', #3468, 1000.000000000000000 ) ;
#1112 = CARTESIAN_POINT ( 'NONE',  ( -7.365430104311844417, 88.50000000000000000, -13.79999999999999893 ) ) ;
#1113 = DIRECTION ( 'NONE',  ( 0.000000000000000000, -1.000000000000000000, 0.000000000000000000 ) ) ;
#1114 = ADVANCED_FACE ( 'NONE', ( #3636 ), #5441, .T. ) ;
#1115 = CC_DESIGN_APPROVAL ( #2128, ( #4527 ) ) ;
#1116 = EDGE_CURVE ( 'NONE', #1294, #810, #4334, .T. ) ;
#1117 = EDGE_LOOP ( 'NONE', ( #3994, #5169 ) ) ;
#1118 = TOROIDAL_SURFACE ( 'NONE', #2284, 2.599999999999994760, 2.199999999999999734 ) ;
#1119 = FACE_OUTER_BOUND ( 'NONE', #4400, .T. ) ;
#1120 = DIRECTION ( 'NONE',  ( 0.6804510993672799879, 0.7327934916262971443, 0.000000000000000000 ) ) ;
#1121 = EDGE_CURVE ( 'NONE', #2427, #5986, #3452, .T. ) ;
#1122 = CARTESIAN_POINT ( 'NONE',  ( 5.099999999999993427, 133.0999999999999943, -13.79999999999999893 ) ) ;
#1123 = CIRCLE ( 'NONE', #4143, 3.800000000000001155 ) ;
#1124 = PLANE ( 'NONE',  #929 ) ;
#1125 = DIRECTION ( 'NONE',  ( 0.000000000000000000, 0.000000000000000000, -1.000000000000000000 ) ) ;
#1126 = EDGE_LOOP ( 'NONE', ( #630, #3359 ) ) ;
#1127 = AXIS2_PLACEMENT_3D ( 'NONE', #2422, #25, #5638 ) ;
#1128 = AXIS2_PLACEMENT_3D ( 'NONE', #5814, #3886, #2494 ) ;
#1129 = VECTOR ( 'NONE', #3619, 1000.000000000000114 ) ;
#1130 = DIRECTION ( 'NONE',  ( 0.000000000000000000, -1.000000000000000000, 0.000000000000000000 ) ) ;
#1131 = FACE_OUTER_BOUND ( 'NONE', #2276, .T. ) ;
#1132 = AXIS2_PLACEMENT_3D ( 'NONE', #2907, #3250, #8 ) ;
#1133 = CIRCLE ( 'NONE', #5135, 2.199999999999998845 ) ;
#1134 = ORIENTED_EDGE ( 'NONE', *, *, #5048, .F. ) ;
#1135 = ORIENTED_EDGE ( 'NONE', *, *, #6004, .T. ) ;
#1136 = EDGE_LOOP ( 'NONE', ( #5669, #676, #367, #3635, #1844, #3748 ) ) ;
#1137 = TOROIDAL_SURFACE ( 'NONE', #2705, 2.599999999999991207, 2.199999999999999734 ) ;
#1138 = TOROIDAL_SURFACE ( 'NONE', #4941, 2.599999999999994760, 2.199999999999999734 ) ;
#1139 = DIRECTION ( 'NONE',  ( 0.000000000000000000, 0.000000000000000000, -1.000000000000000000 ) ) ;
#1140 = DIRECTION ( 'NONE',  ( 0.000000000000000000, 1.000000000000000000, 0.000000000000000000 ) ) ;
#1141 = CARTESIAN_POINT ( 'NONE',  ( -8.542789501873990332, 133.5834558087231869, -13.67225043545086827 ) ) ;
#1142 = CARTESIAN_POINT ( 'NONE',  ( -10.50000000000000000, 93.50000000000000000, -13.00000000000000000 ) ) ;
#1143 = CARTESIAN_POINT ( 'NONE',  ( 121.8344983984421503, 142.5000000000000000, 121.8344983984421503 ) ) ;
#1144 =( BOUNDED_CURVE ( )  B_SPLINE_CURVE ( 3, ( #809, #4522, #3146, #5522 ),
 .UNSPECIFIED., .F., .T. ) 
 B_SPLINE_CURVE_WITH_KNOTS ( ( 4, 4 ),
 ( 0.5155978996247637669, 0.6703629608968939557 ),
 .UNSPECIFIED. ) 
 CURVE ( )  GEOMETRIC_REPRESENTATION_ITEM ( )  RATIONAL_B_SPLINE_CURVE ( ( 1.000000000000000000, 0.9980049771413114224, 0.9980049771413114224, 1.000000000000000000 ) ) 
 REPRESENTATION_ITEM ( '' )  );
#1145 = VERTEX_POINT ( 'NONE', #1330 ) ;
#1146 = ORIENTED_EDGE ( 'NONE', *, *, #4769, .F. ) ;
#1147 = DIRECTION ( 'NONE',  ( 0.000000000000000000, -1.000000000000000000, 0.000000000000000000 ) ) ;
#1148 = DIRECTION ( 'NONE',  ( -0.000000000000000000, -1.000000000000000000, 0.000000000000000000 ) ) ;
#1149 = DIRECTION ( 'NONE',  ( 0.000000000000000000, -1.000000000000000000, 0.000000000000000000 ) ) ;
#1150 = ORIENTED_EDGE ( 'NONE', *, *, #3062, .T. ) ;
#1151 = ORIENTED_EDGE ( 'NONE', *, *, #2231, .T. ) ;
#1152 = CARTESIAN_POINT ( 'NONE',  ( -4.379996569853663146, 87.49969765249319664, -13.90231102919374173 ) ) ;
#1153 = CARTESIAN_POINT ( 'NONE',  ( 22.89999999999999858, 133.5999999999999943, -14.50000000000000000 ) ) ;
#1154 = DIRECTION ( 'NONE',  ( 1.000000000000000000, 0.000000000000000000, 0.000000000000000000 ) ) ;
#1155 = CARTESIAN_POINT ( 'NONE',  ( 6.500000000000000000, 86.10000000000000853, -16.69999999999999929 ) ) ;
#1156 = DIRECTION ( 'NONE',  ( 1.000000000000000000, 0.000000000000000000, 0.000000000000000000 ) ) ;
#1157 = ADVANCED_FACE ( 'NONE', ( #416 ), #2642, .T. ) ;
#1158 = ADVANCED_FACE ( 'NONE', ( #5075 ), #2297, .T. ) ;
#1159 = CARTESIAN_POINT ( 'NONE',  ( 4.300177898538866117, 88.06451896106598554, -14.44968551627064812 ) ) ;
#1160 = DIRECTION ( 'NONE',  ( 0.7071067811865476838, 0.000000000000000000, 0.7071067811865473507 ) ) ;
#1161 = DIRECTION ( 'NONE',  ( 0.000000000000000000, -1.000000000000000000, 0.000000000000000000 ) ) ;
#1162 = ORIENTED_EDGE ( 'NONE', *, *, #5215, .T. ) ;
#1163 = VERTEX_POINT ( 'NONE', #1247 ) ;
#1164 = VERTEX_POINT ( 'NONE', #2262 ) ;
#1165 = CARTESIAN_POINT ( 'NONE',  ( 8.542789501873990332, 87.41654419127681308, -13.67225043545086116 ) ) ;
#1166 = DIRECTION ( 'NONE',  ( 0.000000000000000000, 0.000000000000000000, 1.000000000000000000 ) ) ;
#1167 = DIRECTION ( 'NONE',  ( 0.000000000000000000, 1.000000000000000000, 0.000000000000000000 ) ) ;
#1168 = DIRECTION ( 'NONE',  ( -0.000000000000000000, -0.000000000000000000, -1.000000000000000000 ) ) ;
#1169 = EDGE_CURVE ( 'NONE', #4453, #832, #735, .T. ) ;
#1170 = FACE_OUTER_BOUND ( 'NONE', #5069, .T. ) ;
#1171 = CARTESIAN_POINT ( 'NONE',  ( -27.29017622007294719, 128.0679107502526222, -15.24696598200486441 ) ) ;
#1172 = ORIENTED_EDGE ( 'NONE', *, *, #5658, .T. ) ;
#1173 = EDGE_CURVE ( 'NONE', #1271, #4323, #252, .T. ) ;
#1174 = ORIENTED_EDGE ( 'NONE', *, *, #2799, .T. ) ;
#1175 =( BOUNDED_CURVE ( )  B_SPLINE_CURVE ( 3, ( #3643, #1761, #1698, #334 ),
 .UNSPECIFIED., .F., .T. ) 
 B_SPLINE_CURVE_WITH_KNOTS ( ( 4, 4 ),
 ( 2.356194490192346613, 4.712388980384691450 ),
 .UNSPECIFIED. ) 
 CURVE ( )  GEOMETRIC_REPRESENTATION_ITEM ( )  RATIONAL_B_SPLINE_CURVE ( ( 1.000000000000000000, 0.5884556215767264842, 0.5884556215767264842, 1.000000000000000000 ) ) 
 REPRESENTATION_ITEM ( '' )  );
#1176 = CARTESIAN_POINT ( 'NONE',  ( 27.49999999999999645, 128.1655780813739511, -14.88764877592066149 ) ) ;
#1177 = CARTESIAN_POINT ( 'NONE',  ( 7.365430104311842641, 88.50000000000000000, -13.43417466591136389 ) ) ;
#1178 = DIRECTION ( 'NONE',  ( -0.000000000000000000, -1.000000000000000000, 0.000000000000000000 ) ) ;
#1179 = EDGE_LOOP ( 'NONE', ( #843, #4779, #1244, #5378, #1559, #1316, #4868 ) ) ;
#1180 = EDGE_LOOP ( 'NONE', ( #594, #4680, #1575, #1220, #925 ) ) ;
#1181 = FACE_OUTER_BOUND ( 'NONE', #3450, .T. ) ;
#1182 = LINE ( 'NONE', #603, #4547 ) ;
#1183 = CARTESIAN_POINT ( 'NONE',  ( -7.365430104311823101, 132.5000000000000000, -13.79999999999999893 ) ) ;
#1184 = DIRECTION ( 'NONE',  ( -0.7071067811865475727, 0.000000000000000000, -0.7071067811865474617 ) ) ;
#1185 = LINE ( 'NONE', #5910, #2464 ) ;
#1186 = VERTEX_POINT ( 'NONE', #4496 ) ;
#1187 = CYLINDRICAL_SURFACE ( 'NONE', #5421, 2.199999999999998845 ) ;
#1188 = DIRECTION ( 'NONE',  ( 0.7071067811865473507, 0.000000000000000000, -0.7071067811865476838 ) ) ;
#1189 = CARTESIAN_POINT ( 'NONE',  ( 5.634569895688153807, 88.49999999999997158, -14.35611758520661319 ) ) ;
#1190 = EDGE_CURVE ( 'NONE', #3180, #3486, #4099, .T. ) ;
#1191 = VERTEX_POINT ( 'NONE', #2673 ) ;
#1192 = ADVANCED_FACE ( 'NONE', ( #362 ), #4241, .T. ) ;
#1193 = ORIENTED_EDGE ( 'NONE', *, *, #4668, .T. ) ;
#1194 = CARTESIAN_POINT ( 'NONE',  ( -8.699822942122422020, 132.7269831897738754, -14.54496619638284827 ) ) ;
#1195 = CARTESIAN_POINT ( 'NONE',  ( -25.50000000000025224, 127.3314466619826248, -15.90341170376410140 ) ) ;
#1196 = CARTESIAN_POINT ( 'NONE',  ( -10.50000000000000000, 93.50000000000000000, -13.79999999999999893 ) ) ;
#1197 = DIRECTION ( 'NONE',  ( -0.000000000000000000, -1.000000000000000000, 0.000000000000000000 ) ) ;
#1198 = EDGE_CURVE ( 'NONE', #1903, #3964, #4535, .T. ) ;
#1199 = CARTESIAN_POINT ( 'NONE',  ( -8.698484613432386325, 87.96189354246924097, -14.39421388467511065 ) ) ;
#1200 = EDGE_CURVE ( 'NONE', #4494, #517, #879, .T. ) ;
#1201 = AXIS2_PLACEMENT_3D ( 'NONE', #4489, #778, #4066 ) ;
#1202 = CARTESIAN_POINT ( 'NONE',  ( -121.8344983984421361, 127.5556349186104086, 119.6344983984421617 ) ) ;
#1203 = VERTEX_POINT ( 'NONE', #4191 ) ;
#1204 = AXIS2_PLACEMENT_3D ( 'NONE', #2244, #1307, #5504 ) ;
#1205 = ORIENTED_EDGE ( 'NONE', *, *, #3009, .T. ) ;
#1206 = AXIS2_PLACEMENT_3D ( 'NONE', #1843, #1810, #5932 ) ;
#1207 = CYLINDRICAL_SURFACE ( 'NONE', #4438, 2.199999999999998845 ) ;
#1208 = EDGE_CURVE ( 'NONE', #5099, #2754, #1226, .T. ) ;
#1209 = DIRECTION ( 'NONE',  ( 0.000000000000000000, 1.000000000000000000, 0.000000000000000000 ) ) ;
#1210 = DIRECTION ( 'NONE',  ( -0.000000000000000000, -0.000000000000000000, -1.000000000000000000 ) ) ;
#1211 = EDGE_LOOP ( 'NONE', ( #4564, #5550, #1109, #1646, #5540 ) ) ;
#1212 = ORIENTED_EDGE ( 'NONE', *, *, #1801, .T. ) ;
#1213 = AXIS2_PLACEMENT_3D ( 'NONE', #4150, #5063, #2812 ) ;
#1214 = CYLINDRICAL_SURFACE ( 'NONE', #748, 0.8000000000000063727 ) ;
#1215 = DIRECTION ( 'NONE',  ( 1.000000000000000000, 0.000000000000000000, 0.000000000000000000 ) ) ;
#1216 = AXIS2_PLACEMENT_3D ( 'NONE', #4951, #3931, #3538 ) ;
#1217 = CARTESIAN_POINT ( 'NONE',  ( -31.55894046480676352, 126.0000000000000000, -31.55894046480676352 ) ) ;
#1218 = CARTESIAN_POINT ( 'NONE',  ( -2.500000000000000000, 91.28903536629340465, -13.79999999999999893 ) ) ;
#1219 = AXIS2_PLACEMENT_3D ( 'NONE', #3049, #4918, #4068 ) ;
#1220 = ORIENTED_EDGE ( 'NONE', *, *, #915, .T. ) ;
#1221 = AXIS2_PLACEMENT_3D ( 'NONE', #3016, #1197, #5433 ) ;
#1222 = CARTESIAN_POINT ( 'NONE',  ( 4.301515386567615451, 87.96189354246922676, -14.39421388467510710 ) ) ;
#1223 = CARTESIAN_POINT ( 'NONE',  ( 2.500000000000000000, 93.50000000000000000, -13.79999999999999893 ) ) ;
#1224 = VERTEX_POINT ( 'NONE', #5668 ) ;
#1225 = ORIENTED_EDGE ( 'NONE', *, *, #154, .F. ) ;
#1226 = CIRCLE ( 'NONE', #5123, 0.8000000000000003775 ) ;
#1227 = ORIENTED_EDGE ( 'NONE', *, *, #3498, .F. ) ;
#1228 = CARTESIAN_POINT ( 'NONE',  ( 8.698537757715342877, 88.50000000000000000, -14.58019805421553095 ) ) ;
#1229 = CARTESIAN_POINT ( 'NONE',  ( -9.099999999999997868, 86.10000000000000853, -14.50000000000000000 ) ) ;
#1230 = DIRECTION ( 'NONE',  ( 0.000000000000000000, 0.000000000000000000, 1.000000000000000000 ) ) ;
#1231 = EDGE_CURVE ( 'NONE', #2753, #2891, #3243, .T. ) ;
#1232 = AXIS2_PLACEMENT_3D ( 'NONE', #3067, #2523, #2620 ) ;
#1233 = CIRCLE ( 'NONE', #4542, 0.8000000000000003775 ) ;
#1234 = DIRECTION ( 'NONE',  ( 0.000000000000000000, 0.000000000000000000, 1.000000000000000000 ) ) ;
#1235 = CARTESIAN_POINT ( 'NONE',  ( 30.00330554619635848, 126.0000000000000000, -33.11457538341716855 ) ) ;
#1236 = EDGE_CURVE ( 'NONE', #3612, #4861, #4658, .T. ) ;
#1237 = CYLINDRICAL_SURFACE ( 'NONE', #167, 0.7999999999999977129 ) ;
#1238 = ORIENTED_EDGE ( 'NONE', *, *, #2969, .F. ) ;
#1239 = AXIS2_PLACEMENT_3D ( 'NONE', #2485, #234, #4342 ) ;
#1240 = ORIENTED_EDGE ( 'NONE', *, *, #2123, .T. ) ;
#1241 = CIRCLE ( 'NONE', #4649, 2.199999999999998845 ) ;
#1242 = EDGE_CURVE ( 'NONE', #2383, #5, #1804, .T. ) ;
#1243 = CC_DESIGN_PERSON_AND_ORGANIZATION_ASSIGNMENT ( #468, #3750, ( #4527 ) ) ;
#1244 = ORIENTED_EDGE ( 'NONE', *, *, #3127, .F. ) ;
#1245 = CIRCLE ( 'NONE', #4653, 0.8000000000000003775 ) ;
#1246 = CIRCLE ( 'NONE', #4655, 0.8000000000000003775 ) ;
#1247 = CARTESIAN_POINT ( 'NONE',  ( 19.50000000000000355, 81.30000000000001137, -14.50000000000000000 ) ) ;
#1248 = CARTESIAN_POINT ( 'NONE',  ( 6.500000000000000000, 127.5000000000000000, -13.79999999999999893 ) ) ;
#1249 = VERTEX_POINT ( 'NONE', #479 ) ;
#1250 = ORIENTED_EDGE ( 'NONE', *, *, #1052, .F. ) ;
#1251 = AXIS2_PLACEMENT_3D ( 'NONE', #342, #4638, #4111 ) ;
#1252 = LINE ( 'NONE', #5936, #3852 ) ;
#1253 = DIRECTION ( 'NONE',  ( 0.000000000000000000, 1.000000000000000000, 0.000000000000000000 ) ) ;
#1254 = CARTESIAN_POINT ( 'NONE',  ( -8.585665361461455092, 87.46271819390962321, -13.80000000000004867 ) ) ;
#1255 = CARTESIAN_POINT ( 'NONE',  ( 4.642019126367427972, 87.47473204591260298, -13.31644019836612713 ) ) ;
#1256 = ADVANCED_FACE ( 'NONE', ( #4742 ), #1503, .F. ) ;
#1257 = ORIENTED_EDGE ( 'NONE', *, *, #1538, .F. ) ;
#1258 = CARTESIAN_POINT ( 'NONE',  ( -23.54298201203578955, 125.7908083099430741, -12.86115502269900368 ) ) ;
#1259 = DIRECTION ( 'NONE',  ( 0.000000000000000000, 0.000000000000000000, 1.000000000000000000 ) ) ;
#1260 = CARTESIAN_POINT ( 'NONE',  ( 31.50000000000000000, 126.0000000000000000, 23.01471862576142868 ) ) ;
#1261 = ORIENTED_EDGE ( 'NONE', *, *, #5516, .T. ) ;
#1262 = ORIENTED_EDGE ( 'NONE', *, *, #3090, .F. ) ;
#1263 = ORIENTED_EDGE ( 'NONE', *, *, #2435, .F. ) ;
#1264 = DIRECTION ( 'NONE',  ( 0.000000000000000000, 0.000000000000000000, -1.000000000000000000 ) ) ;
#1265 = CARTESIAN_POINT ( 'NONE',  ( -25.11186766409744209, 127.2427946346004433, -15.82567458228653301 ) ) ;
#1266 = FACE_OUTER_BOUND ( 'NONE', #5973, .T. ) ;
#1267 = CARTESIAN_POINT ( 'NONE',  ( 4.859310793871703282, 88.50000000000000000, -13.03434692751180179 ) ) ;
#1268 = DIRECTION ( 'NONE',  ( 0.000000000000000000, 0.000000000000000000, 1.000000000000000000 ) ) ;
#1269 = DIRECTION ( 'NONE',  ( 0.000000000000000000, 0.000000000000000000, 1.000000000000000000 ) ) ;
#1270 = EDGE_LOOP ( 'NONE', ( #700, #5951, #2395, #2010, #5413 ) ) ;
#1271 = VERTEX_POINT ( 'NONE', #1447 ) ;
#1272 = DIRECTION ( 'NONE',  ( 0.7071067811865483499, 0.000000000000000000, -0.7071067811865469066 ) ) ;
#1273 = FACE_OUTER_BOUND ( 'NONE', #5109, .T. ) ;
#1274 = ORIENTED_EDGE ( 'NONE', *, *, #4678, .F. ) ;
#1275 = EDGE_CURVE ( 'NONE', #1527, #6019, #569, .T. ) ;
#1276 = ORIENTED_EDGE ( 'NONE', *, *, #3801, .F. ) ;
#1277 = CARTESIAN_POINT ( 'NONE',  ( -123.3901333170525874, 126.0000000000000000, -120.2788634798317418 ) ) ;
#1278 = DIRECTION ( 'NONE',  ( 0.000000000000000000, 1.000000000000000000, 0.000000000000000000 ) ) ;
#1279 = CARTESIAN_POINT ( 'NONE',  ( 30.00330554619635848, 126.0000000000000000, -33.11457538341716855 ) ) ;
#1280 = DIRECTION ( 'NONE',  ( -0.000000000000000000, -0.000000000000000000, -1.000000000000000000 ) ) ;
#1281 = EDGE_CURVE ( 'NONE', #4569, #5311, #3937, .T. ) ;
#1282 = ORIENTED_EDGE ( 'NONE', *, *, #3557, .T. ) ;
#1283 = DIRECTION ( 'NONE',  ( -0.6804510993672772123, 0.7327934916262996978, 0.000000000000000000 ) ) ;
#1284 = DIRECTION ( 'NONE',  ( -0.6804510993672799879, 0.7327934916262971443, 0.000000000000000000 ) ) ;
#1285 = CARTESIAN_POINT ( 'NONE',  ( 121.8344983984421077, 126.0000000000000000, -121.8344983984421646 ) ) ;
#1286 = CARTESIAN_POINT ( 'NONE',  ( 4.301462242284648241, 88.50000000000000000, -14.58019805421551496 ) ) ;
#1287 = ORIENTED_EDGE ( 'NONE', *, *, #4434, .F. ) ;
#1288 = EDGE_LOOP ( 'NONE', ( #4499, #4360, #1496, #4498, #3026 ) ) ;
#1289 = CARTESIAN_POINT ( 'NONE',  ( 4.879302704186035733, 87.87306534536891434, -13.01221405900395034 ) ) ;
#1290 = CARTESIAN_POINT ( 'NONE',  ( -6.500000000000000000, 93.50000000000000000, -13.79999999999999893 ) ) ;
#1291 = CARTESIAN_POINT ( 'NONE',  ( -25.70172439427030753, 126.0000000000000000, 28.81299423149111760 ) ) ;
#1292 = EDGE_CURVE ( 'NONE', #109, #1808, #1321, .T. ) ;
#1293 = CARTESIAN_POINT ( 'NONE',  ( -6.500000000000000000, 130.3000000000000114, -13.00000000000000000 ) ) ;
#1294 = VERTEX_POINT ( 'NONE', #1930 ) ;
#1295 = ORIENTED_EDGE ( 'NONE', *, *, #1065, .T. ) ;
#1296 = VECTOR ( 'NONE', #1715, 1000.000000000000000 ) ;
#1297 = EDGE_LOOP ( 'NONE', ( #5270, #2839, #2582, #3438, #5820 ) ) ;
#1298 = CARTESIAN_POINT ( 'NONE',  ( -7.900000000000003908, 133.0999999999999943, -13.79999999999999893 ) ) ;
#1299 = DIRECTION ( 'NONE',  ( 0.000000000000000000, 0.000000000000000000, 1.000000000000000000 ) ) ;
#1300 = ORIENTED_EDGE ( 'NONE', *, *, #1857, .F. ) ;
#1301 = ORIENTED_EDGE ( 'NONE', *, *, #5509, .T. ) ;
#1302 = AXIS2_PLACEMENT_3D ( 'NONE', #5561, #1394, #3290 ) ;
#1303 = CARTESIAN_POINT ( 'NONE',  ( -9.000000000000001776, 129.7109646337065954, -13.79999999999999893 ) ) ;
#1304 = DIRECTION ( 'NONE',  ( 0.000000000000000000, 0.000000000000000000, -1.000000000000000000 ) ) ;
#1305 = EDGE_CURVE ( 'NONE', #2417, #388, #5405, .T. ) ;
#1306 = DIRECTION ( 'NONE',  ( -0.6804510993672789887, 0.7327934916262981435, 0.000000000000000000 ) ) ;
#1307 = DIRECTION ( 'NONE',  ( 0.000000000000000000, -1.000000000000000000, 0.000000000000000000 ) ) ;
#1308 = EDGE_CURVE ( 'NONE', #2127, #4385, #2087, .T. ) ;
#1309 = CIRCLE ( 'NONE', #1789, 2.200000000000007283 ) ;
#1310 = ORIENTED_EDGE ( 'NONE', *, *, #4329, .T. ) ;
#1311 = EDGE_CURVE ( 'NONE', #1527, #3386, #2786, .T. ) ;
#1312 = CARTESIAN_POINT ( 'NONE',  ( 9.512955444138412986, 90.81271959673630079, -13.79999999999999893 ) ) ;
#1313 = AXIS2_PLACEMENT_3D ( 'NONE', #1566, #185, #2050 ) ;
#1314 = DIRECTION ( 'NONE',  ( 0.000000000000000000, 0.000000000000000000, 1.000000000000000000 ) ) ;
#1315 = DIRECTION ( 'NONE',  ( -1.000000000000000000, 0.000000000000000000, 0.000000000000000000 ) ) ;
#1316 = ORIENTED_EDGE ( 'NONE', *, *, #5995, .T. ) ;
#1317 = AXIS2_PLACEMENT_3D ( 'NONE', #5532, #5473, #1762 ) ;
#1318 = CARTESIAN_POINT ( 'NONE',  ( -25.50000000000000000, 130.5000000000000000, -10.00000000000000178 ) ) ;
#1319 = DIRECTION ( 'NONE',  ( 0.000000000000000000, 0.000000000000000000, -1.000000000000000000 ) ) ;
#1320 = CARTESIAN_POINT ( 'NONE',  ( 10.09919023743945132, 130.7316412827575220, -13.79999999999999893 ) ) ;
#1321 = CIRCLE ( 'NONE', #5898, 0.8000000000000003775 ) ;
#1322 = DIRECTION ( 'NONE',  ( 0.000000000000000000, 1.000000000000000000, 0.000000000000000000 ) ) ;
#1323 = EDGE_CURVE ( 'NONE', #4027, #2427, #1123, .T. ) ;
#1324 = ORIENTED_EDGE ( 'NONE', *, *, #1637, .T. ) ;
#1325 = ORIENTED_EDGE ( 'NONE', *, *, #2119, .F. ) ;
#1326 = TOROIDAL_SURFACE ( 'NONE', #5501, 2.600000000000001421, 2.199999999999999734 ) ;
#1327 = CIRCLE ( 'NONE', #1606, 2.199999999999998845 ) ;
#1328 = CIRCLE ( 'NONE', #1607, 2.199999999999993516 ) ;
#1329 = ORIENTED_EDGE ( 'NONE', *, *, #670, .T. ) ;
#1330 = CARTESIAN_POINT ( 'NONE',  ( 8.699999999999999289, 86.10000000000000853, -14.50000000000000000 ) ) ;
#1331 = CARTESIAN_POINT ( 'NONE',  ( -29.74704866153470206, 126.0000000000000000, -12.30000000000000249 ) ) ;
#1332 = ORIENTED_EDGE ( 'NONE', *, *, #123, .T. ) ;
#1333 = AXIS2_PLACEMENT_3D ( 'NONE', #2959, #2928, #5374 ) ;
#1334 = AXIS2_PLACEMENT_3D ( 'NONE', #4349, #632, #3464 ) ;
#1335 = ORIENTED_EDGE ( 'NONE', *, *, #3684, .F. ) ;
#1336 = CARTESIAN_POINT ( 'NONE',  ( 27.01763880909093984, 124.9479937391114248, -12.54365529049366934 ) ) ;
#1337 = CIRCLE ( 'NONE', #4744, 0.7000000000000009548 ) ;
#1338 = CYLINDRICAL_SURFACE ( 'NONE', #1908, 2.199999999999998845 ) ;
#1339 = FACE_OUTER_BOUND ( 'NONE', #5121, .T. ) ;
#1340 = CARTESIAN_POINT ( 'NONE',  ( -5.041578425853480816, 88.50000000000000000, -14.70316441953408315 ) ) ;
#1341 =( BOUNDED_CURVE ( )  B_SPLINE_CURVE ( 3, ( #1788, #5057, #1340, #5474 ),
 .UNSPECIFIED., .F., .T. ) 
 B_SPLINE_CURVE_WITH_KNOTS ( ( 4, 4 ),
 ( 0.000000000000000000, 1.793754733118320122 ),
 .UNSPECIFIED. ) 
 CURVE ( )  GEOMETRIC_REPRESENTATION_ITEM ( )  RATIONAL_B_SPLINE_CURVE ( ( 1.000000000000000000, 0.7493686509943536800, 0.7493686509943536800, 1.000000000000000000 ) ) 
 REPRESENTATION_ITEM ( '' )  );
#1342 = VECTOR ( 'NONE', #5237, 1000.000000000000000 ) ;
#1343 = ORIENTED_EDGE ( 'NONE', *, *, #2426, .F. ) ;
#1344 = CARTESIAN_POINT ( 'NONE',  ( 121.8344983984421361, 126.0000000000000000, 121.8344983984421503 ) ) ;
#1345 = DIRECTION ( 'NONE',  ( 0.000000000000000000, 0.000000000000000000, 1.000000000000000000 ) ) ;
#1346 = DIRECTION ( 'NONE',  ( -0.6804510993672772123, -0.7327934916262996978, 0.000000000000000000 ) ) ;
#1347 = EDGE_CURVE ( 'NONE', #4398, #2827, #4281, .T. ) ;
#1348 = FACE_OUTER_BOUND ( 'NONE', #412, .T. ) ;
#1349 = DIRECTION ( 'NONE',  ( 0.000000000000000000, 1.000000000000000000, 0.000000000000000000 ) ) ;
#1350 = DIRECTION ( 'NONE',  ( 1.000000000000000000, 0.000000000000000000, 0.000000000000000000 ) ) ;
#1351 = CARTESIAN_POINT ( 'NONE',  ( -4.705507150229719215, 87.53368521092761512, -13.22222766388084203 ) ) ;
#1352 = EDGE_CURVE ( 'NONE', #674, #4679, #3266, .T. ) ;
#1353 = ORIENTED_EDGE ( 'NONE', *, *, #4193, .F. ) ;
#1354 = EDGE_LOOP ( 'NONE', ( #5443, #882, #5164, #3924, #2175, #3086 ) ) ;
#1355 = ADVANCED_FACE ( 'NONE', ( #2791 ), #5142, .F. ) ;
#1356 = CARTESIAN_POINT ( 'NONE',  ( -2.900809762560546901, 130.7316412827575220, -13.79999999999999893 ) ) ;
#1357 = DIRECTION ( 'NONE',  ( 0.7071067811865466846, 0.000000000000000000, 0.7071067811865484609 ) ) ;
#1358 = DIRECTION ( 'NONE',  ( 0.7071067811865475727, 0.000000000000000000, -0.7071067811865475727 ) ) ;
#1359 = ORIENTED_EDGE ( 'NONE', *, *, #131, .T. ) ;
#1360 = ORIENTED_EDGE ( 'NONE', *, *, #3173, .F. ) ;
#1361 = DIRECTION ( 'NONE',  ( 0.000000000000000000, 0.000000000000000000, 1.000000000000000000 ) ) ;
#1362 = CARTESIAN_POINT ( 'NONE',  ( 9.099999999999997868, 136.1999999999999886, -14.50000000000000000 ) ) ;
#1363 = DIRECTION ( 'NONE',  ( 0.000000000000000000, 0.000000000000000000, 1.000000000000000000 ) ) ;
#1364 = CARTESIAN_POINT ( 'NONE',  ( 25.50000000000000355, 133.5999999999999943, -12.30000000000000249 ) ) ;
#1365 = VERTEX_POINT ( 'NONE', #57 ) ;
#1366 = CARTESIAN_POINT ( 'NONE',  ( -23.49139105998667176, 126.0944858036743881, -13.12787710257607365 ) ) ;
#1367 = DIRECTION ( 'NONE',  ( 0.000000000000000000, 1.000000000000000000, 0.000000000000000000 ) ) ;
#1369 = DIRECTION ( 'NONE',  ( -0.7071067811865477948, 0.000000000000000000, -0.7071067811865473507 ) ) ;
#1368 =( BOUNDED_CURVE ( )  B_SPLINE_CURVE ( 3, ( #2095, #4056, #5453, #5878 ),
 .UNSPECIFIED., .F., .T. ) 
 B_SPLINE_CURVE_WITH_KNOTS ( ( 4, 4 ),
 ( 0.000000000000000000, 1.793754733118327671 ),
 .UNSPECIFIED. ) 
 CURVE ( )  GEOMETRIC_REPRESENTATION_ITEM ( )  RATIONAL_B_SPLINE_CURVE ( ( 1.000000000000000000, 0.7493686509943519036, 0.7493686509943519036, 1.000000000000000000 ) ) 
 REPRESENTATION_ITEM ( '' )  );
#1370 = DIRECTION ( 'NONE',  ( 0.000000000000000000, -1.000000000000000000, 0.000000000000000000 ) ) ;
#1371 = ORIENTED_EDGE ( 'NONE', *, *, #3801, .T. ) ;
#1372 = DIRECTION ( 'NONE',  ( -1.000000000000000000, 0.000000000000000000, 0.000000000000000000 ) ) ;
#1373 = LINE ( 'NONE', #1802, #4830 ) ;
#1374 = LINE ( 'NONE', #3232, #609 ) ;
#1375 = AXIS2_PLACEMENT_3D ( 'NONE', #3621, #4412, #4512 ) ;
#1376 = EDGE_CURVE ( 'NONE', #803, #28, #2488, .T. ) ;
#1377 = CARTESIAN_POINT ( 'NONE',  ( -8.155931645417565434, 87.71609866132099853, -13.04746313528521995 ) ) ;
#1378 = ORIENTED_EDGE ( 'NONE', *, *, #721, .T. ) ;
#1379 = ADVANCED_FACE ( 'NONE', ( #534 ), #635, .T. ) ;
#1380 = EDGE_LOOP ( 'NONE', ( #2336, #5941, #4947, #194, #4124 ) ) ;
#1381 = EDGE_CURVE ( 'NONE', #3342, #269, #4821, .T. ) ;
#1382 = EDGE_CURVE ( 'NONE', #2260, #4108, #5276, .T. ) ;
#1383 = ORIENTED_EDGE ( 'NONE', *, *, #2018, .F. ) ;
#1384 = DIRECTION ( 'NONE',  ( 0.000000000000000000, 0.000000000000000000, 1.000000000000000000 ) ) ;
#1385 = DIRECTION ( 'NONE',  ( 0.000000000000000000, 1.000000000000000000, 0.000000000000000000 ) ) ;
#1386 = ORIENTED_EDGE ( 'NONE', *, *, #3165, .F. ) ;
#1387 = ORIENTED_EDGE ( 'NONE', *, *, #3090, .T. ) ;
#1388 = AXIS2_PLACEMENT_3D ( 'NONE', #1320, #2751, #873 ) ;
#1389 = ADVANCED_FACE ( 'NONE', ( #5829 ), #2571, .T. ) ;
#1390 = DIRECTION ( 'NONE',  ( 0.000000000000000000, 0.000000000000000000, 1.000000000000000000 ) ) ;
#1391 = CIRCLE ( 'NONE', #2664, 2.199999999999998845 ) ;
#1392 = DIRECTION ( 'NONE',  ( 1.000000000000000000, 0.000000000000000000, 0.000000000000000000 ) ) ;
#1393 = DIRECTION ( 'NONE',  ( 0.000000000000000000, 0.000000000000000000, -1.000000000000000000 ) ) ;
#1394 = DIRECTION ( 'NONE',  ( -1.000000000000000000, -6.672013369141552398E-16, 0.000000000000000000 ) ) ;
#1395 = CIRCLE ( 'NONE', #2366, 0.8000000000000003775 ) ;
#1396 = EDGE_LOOP ( 'NONE', ( #5422, #850, #3077, #4909, #1454 ) ) ;
#1397 = AXIS2_PLACEMENT_3D ( 'NONE', #2770, #5999, #3196 ) ;
#1398 = CARTESIAN_POINT ( 'NONE',  ( -25.70172439427030753, 126.0000000000000000, 28.81299423149111760 ) ) ;
#1399 = AXIS2_PLACEMENT_3D ( 'NONE', #659, #4928, #3488 ) ;
#1400 = CARTESIAN_POINT ( 'NONE',  ( -2.900809762560546901, 90.26835871724247795, -13.79999999999999893 ) ) ;
#1401 = ORIENTED_EDGE ( 'NONE', *, *, #5362, .T. ) ;
#1402 = CIRCLE ( 'NONE', #3740, 2.199999999999998845 ) ;
#1403 = PERSON_AND_ORGANIZATION ( #3587, #2478 ) ;
#1404 = AXIS2_PLACEMENT_3D ( 'NONE', #5156, #39, #3862 ) ;
#1405 = DIRECTION ( 'NONE',  ( 0.000000000000000000, 0.000000000000000000, -1.000000000000000000 ) ) ;
#1406 = LINE ( 'NONE', #3270, #4215 ) ;
#1407 = DIRECTION ( 'NONE',  ( 0.000000000000000000, 0.000000000000000000, 1.000000000000000000 ) ) ;
#1408 = ORIENTED_EDGE ( 'NONE', *, *, #3203, .T. ) ;
#1409 = VECTOR ( 'NONE', #1848, 1000.000000000000114 ) ;
#1410 = VERTEX_POINT ( 'NONE', #4392 ) ;
#1411 = ADVANCED_FACE ( 'NONE', ( #5369 ), #4884, .T. ) ;
#1412 = DIRECTION ( 'NONE',  ( 0.000000000000000000, -1.000000000000000000, 0.000000000000000000 ) ) ;
#1413 = ADVANCED_FACE ( 'NONE', ( #2041 ), #1107, .T. ) ;
#1414 = AXIS2_PLACEMENT_3D ( 'NONE', #113, #5344, #2923 ) ;
#1415 = CYLINDRICAL_SURFACE ( 'NONE', #1626, 2.200000000000000622 ) ;
#1416 = CARTESIAN_POINT ( 'NONE',  ( -6.500000000000000000, 130.3000000000000114, -13.79999999999999893 ) ) ;
#1417 = VERTEX_POINT ( 'NONE', #260 ) ;
#1418 = ADVANCED_FACE ( 'NONE', ( #2110 ), #3971, .F. ) ;
#1419 = TOROIDAL_SURFACE ( 'NONE', #546, 1.500000000000001332, 0.8000000000000003775 ) ;
#1420 = ORIENTED_EDGE ( 'NONE', *, *, #2984, .T. ) ;
#1421 = CC_DESIGN_PERSON_AND_ORGANIZATION_ASSIGNMENT ( #3229, #555, ( #3703 ) ) ;
#1422 = DIRECTION ( 'NONE',  ( 1.000000000000000000, 0.000000000000000000, 0.000000000000000000 ) ) ;
#1423 = FACE_OUTER_BOUND ( 'NONE', #4812, .T. ) ;
#1424 = CIRCLE ( 'NONE', #2001, 0.8000000000000003775 ) ;
#1425 = CARTESIAN_POINT ( 'NONE',  ( 2.900809762560553562, 90.26835871724247795, -13.79999999999999893 ) ) ;
#1426 = CARTESIAN_POINT ( 'NONE',  ( 25.50000000000000000, 130.5000000000000000, -10.00000000000000178 ) ) ;
#1427 = VERTEX_POINT ( 'NONE', #1202 ) ;
#1428 = AXIS2_PLACEMENT_3D ( 'NONE', #2021, #1589, #3453 ) ;
#1429 = AXIS2_PLACEMENT_3D ( 'NONE', #3800, #2314, #2886 ) ;
#1430 = CARTESIAN_POINT ( 'NONE',  ( 8.140689206128289612, 132.4999999999999716, -13.03434692751179291 ) ) ;
#1431 = ADVANCED_FACE ( 'NONE', ( #1079 ), #177, .T. ) ;
#1432 = CARTESIAN_POINT ( 'NONE',  ( -29.74704866153470206, 126.0000000000000000, -17.50000000000000000 ) ) ;
#1433 = CYLINDRICAL_SURFACE ( 'NONE', #2777, 0.8000000000000003775 ) ;
#1434 = CARTESIAN_POINT ( 'NONE',  ( -4.844221311694210996, 87.71636163084201598, -13.04727021348103477 ) ) ;
#1435 = AXIS2_PLACEMENT_3D ( 'NONE', #610, #5160, #2467 ) ;
#1436 = ORIENTED_EDGE ( 'NONE', *, *, #4468, .T. ) ;
#1437 = PERSON_AND_ORGANIZATION ( #3587, #2478 ) ;
#1438 = CARTESIAN_POINT ( 'NONE',  ( -6.500000000000000000, 88.50000000000000000, -14.50000000000000000 ) ) ;
#1439 = CARTESIAN_POINT ( 'NONE',  ( 23.50000000000000000, 87.50000000000000000, -14.50000000000000000 ) ) ;
#1440 = DIRECTION ( 'NONE',  ( 0.000000000000000000, 0.000000000000000000, 1.000000000000000000 ) ) ;
#1441 = CARTESIAN_POINT ( 'NONE',  ( -8.103121754646775088, 88.18843993134829873, -12.99329253978669030 ) ) ;
#1442 = ORIENTED_EDGE ( 'NONE', *, *, #4571, .T. ) ;
#1443 = AXIS2_PLACEMENT_3D ( 'NONE', #1948, #4381, #4758 ) ;
#1444 = ORIENTED_EDGE ( 'NONE', *, *, #5178, .T. ) ;
#1445 = CARTESIAN_POINT ( 'NONE',  ( -9.000000000000001776, 129.7109646337065954, -13.79999999999999893 ) ) ;
#1446 = CARTESIAN_POINT ( 'NONE',  ( 22.90000000000000213, 136.1999999999999886, -14.50000000000000000 ) ) ;
#1447 = CARTESIAN_POINT ( 'NONE',  ( -33.11457538341716855, 126.0000000000000000, -30.00330554619635848 ) ) ;
#1448 = ORIENTED_EDGE ( 'NONE', *, *, #1831, .T. ) ;
#1449 = ORIENTED_EDGE ( 'NONE', *, *, #120, .T. ) ;
#1450 = ORIENTED_EDGE ( 'NONE', *, *, #5071, .T. ) ;
#1451 = DIRECTION ( 'NONE',  ( 1.000000000000000000, 0.000000000000000000, 0.000000000000000000 ) ) ;
#1452 = DIRECTION ( 'NONE',  ( 0.000000000000000000, 0.000000000000000000, 1.000000000000000000 ) ) ;
#1453 = CARTESIAN_POINT ( 'NONE',  ( -7.365430104311842641, 88.50000000000001421, -14.35611758520660786 ) ) ;
#1454 = ORIENTED_EDGE ( 'NONE', *, *, #3062, .F. ) ;
#1455 = DIRECTION ( 'NONE',  ( 0.7327934916263015852, -0.6804510993672753250, 0.000000000000000000 ) ) ;
#1456 = EDGE_CURVE ( 'NONE', #3767, #5436, #4643, .T. ) ;
#1457 = DIRECTION ( 'NONE',  ( 0.000000000000000000, 0.000000000000000000, 1.000000000000000000 ) ) ;
#1458 = EDGE_CURVE ( 'NONE', #5952, #5454, #257, .T. ) ;
#1459 = DIRECTION ( 'NONE',  ( -0.7327934916262925924, 0.6804510993672848729, 0.000000000000000000 ) ) ;
#1460 = CARTESIAN_POINT ( 'NONE',  ( 9.099999999999997868, 133.5999999999999943, -14.50000000000000000 ) ) ;
#1461 = VERTEX_POINT ( 'NONE', #1985 ) ;
#1462 = COORDINATED_UNIVERSAL_TIME_OFFSET ( 12, 0, .AHEAD. ) ;
#1463 = B_SPLINE_CURVE_WITH_KNOTS ( 'NONE', 3,
 ( #1734, #4537, #369, #2217 ),
 .UNSPECIFIED., .F., .F.,
 ( 4, 4 ),
 ( 0.001363264634590448865, 0.001785866089218378664 ),
 .UNSPECIFIED. ) ;
#1464 = EDGE_CURVE ( 'NONE', #5144, #1656, #3946, .T. ) ;
#1465 = CARTESIAN_POINT ( 'NONE',  ( 10.68542503074048788, 89.72399783774865512, -13.79999999999999893 ) ) ;
#1466 = CARTESIAN_POINT ( 'NONE',  ( -27.68548177059780002, 126.3194300370886225, -12.31738657630081235 ) ) ;
#1467 = CARTESIAN_POINT ( 'NONE',  ( -8.140689206128277178, 88.50000000000000000, -13.03434692751179114 ) ) ;
#1468 = VERTEX_POINT ( 'NONE', #2539 ) ;
#1469 = EDGE_LOOP ( 'NONE', ( #1335, #3667, #1036, #3832, #4689 ) ) ;
#1470 = CARTESIAN_POINT ( 'NONE',  ( -10.68542503074049321, 131.2760021622513591, -13.79999999999999893 ) ) ;
#1471 = EDGE_CURVE ( 'NONE', #3572, #4565, #2396, .T. ) ;
#1472 = CARTESIAN_POINT ( 'NONE',  ( -9.099999999999997868, 136.1999999999999886, -16.69999999999999929 ) ) ;
#1473 = DIRECTION ( 'NONE',  ( 0.000000000000000000, -1.000000000000000000, 0.000000000000000000 ) ) ;
#1474 = CARTESIAN_POINT ( 'NONE',  ( 10.50000000000000000, 129.7109646337065954, -13.79999999999999893 ) ) ;
#1475 = VERTEX_POINT ( 'NONE', #3934 ) ;
#1476 = EDGE_LOOP ( 'NONE', ( #5966, #5714 ) ) ;
#1477 = CYLINDRICAL_SURFACE ( 'NONE', #3949, 2.199999999999998845 ) ;
#1478 = DIRECTION ( 'NONE',  ( 0.000000000000000000, 0.000000000000000000, 1.000000000000000000 ) ) ;
#1479 = CARTESIAN_POINT ( 'NONE',  ( -6.500000000000000000, 88.50000000000000000, -14.50000000000000000 ) ) ;
#1480 = ORIENTED_EDGE ( 'NONE', *, *, #3719, .F. ) ;
#1481 = CIRCLE ( 'NONE', #134, 0.3999999999999906408 ) ;
#1482 = EDGE_CURVE ( 'NONE', #5760, #2417, #4245, .T. ) ;
#1483 = FACE_OUTER_BOUND ( 'NONE', #3147, .T. ) ;
#1484 = CARTESIAN_POINT ( 'NONE',  ( -22.89999999999999858, 133.5999999999999943, -14.50000000000000000 ) ) ;
#1485 = EDGE_CURVE ( 'NONE', #3977, #3434, #1996, .T. ) ;
#1486 = AXIS2_PLACEMENT_3D ( 'NONE', #1445, #5191, #87 ) ;
#1487 = FACE_OUTER_BOUND ( 'NONE', #813, .T. ) ;
#1488 = CARTESIAN_POINT ( 'NONE',  ( 121.8344983984421503, 142.5000000000000000, 124.0344983984421532 ) ) ;
#1489 = AXIS2_PLACEMENT_3D ( 'NONE', #1999, #3405, #188 ) ;
#1490 = ORIENTED_EDGE ( 'NONE', *, *, #3833, .T. ) ;
#1491 = ADVANCED_FACE ( 'NONE', ( #3581 ), #4002, .T. ) ;
#1492 = APPROVAL_STATUS ( 'not_yet_approved' ) ;
#1493 = AXIS2_PLACEMENT_3D ( 'NONE', #5841, #3917, #1737 ) ;
#1494 = FACE_OUTER_BOUND ( 'NONE', #1695, .T. ) ;
#1495 = CARTESIAN_POINT ( 'NONE',  ( -27.69185102797277054, 128.1709061562613385, -14.10810148621243876 ) ) ;
#1496 = ORIENTED_EDGE ( 'NONE', *, *, #4206, .F. ) ;
#1497 = EDGE_LOOP ( 'NONE', ( #2789, #4482, #4945, #4932, #493 ) ) ;
#1498 = CARTESIAN_POINT ( 'NONE',  ( 6.500000000000000000, 88.50000000000000000, -16.69999999999999929 ) ) ;
#1499 = AXIS2_PLACEMENT_3D ( 'NONE', #3688, #928, #4559 ) ;
#1500 = EDGE_CURVE ( 'NONE', #1249, #1900, #1328, .T. ) ;
#1501 = CARTESIAN_POINT ( 'NONE',  ( -2.500000000000000000, 127.5000000000000000, -13.79999999999999893 ) ) ;
#1502 = AXIS2_PLACEMENT_3D ( 'NONE', #1069, #2913, #1006 ) ;
#1503 = PLANE ( 'NONE',  #5593 ) ;
#1504 = VERTEX_POINT ( 'NONE', #3117 ) ;
#1505 = ORIENTED_EDGE ( 'NONE', *, *, #4316, .T. ) ;
#1506 = AXIS2_PLACEMENT_3D ( 'NONE', #3115, #5827, #1234 ) ;
#1507 = TOROIDAL_SURFACE ( 'NONE', #5681, 4.500000000000000888, 2.200000000000000622 ) ;
#1508 = CARTESIAN_POINT ( 'NONE',  ( 2.900809762560546901, 130.7316412827575220, -13.79999999999999893 ) ) ;
#1509 = CARTESIAN_POINT ( 'NONE',  ( 31.50000000000000000, 126.0000000000000000, 23.01471862576142868 ) ) ;
#1510 = CARTESIAN_POINT ( 'NONE',  ( -2.500000000000000000, 129.7109646337065954, -13.79999999999999893 ) ) ;
#1511 = AXIS2_PLACEMENT_3D ( 'NONE', #937, #3306, #3764 ) ;
#1512 = ORIENTED_EDGE ( 'NONE', *, *, #1823, .F. ) ;
#1513 = AXIS2_PLACEMENT_3D ( 'NONE', #3403, #1090, #634 ) ;
#1514 = CARTESIAN_POINT ( 'NONE',  ( 4.586004223216036735, 87.42271820727202680, -13.41527876094678362 ) ) ;
#1515 = AXIS2_PLACEMENT_3D ( 'NONE', #1791, #1283, #2654 ) ;
#1516 = DIRECTION ( 'NONE',  ( 0.000000000000000000, 0.000000000000000000, 1.000000000000000000 ) ) ;
#1517 = DIRECTION ( 'NONE',  ( 0.000000000000000000, 1.000000000000000000, 0.000000000000000000 ) ) ;
#1518 = DIRECTION ( 'NONE',  ( -1.000000000000000000, -0.000000000000000000, 0.000000000000000000 ) ) ;
#1519 = ORIENTED_EDGE ( 'NONE', *, *, #2806, .F. ) ;
#1520 = AXIS2_PLACEMENT_3D ( 'NONE', #3258, #2805, #3317 ) ;
#1521 = CARTESIAN_POINT ( 'NONE',  ( 8.223911685373721525, 133.4007751364184458, -13.13320502597064099 ) ) ;
#1522 = CARTESIAN_POINT ( 'NONE',  ( 23.48805726377300829, 126.4844606514907639, -13.60130067326358905 ) ) ;
#1523 = VECTOR ( 'NONE', #1974, 1000.000000000000000 ) ;
#1524 = AXIS2_PLACEMENT_3D ( 'NONE', #2699, #1349, #1859 ) ;
#1525 = EDGE_CURVE ( 'NONE', #1808, #269, #1684, .T. ) ;
#1526 = ADVANCED_FACE ( 'NONE', ( #5980 ), #5045, .T. ) ;
#1527 = VERTEX_POINT ( 'NONE', #1293 ) ;
#1528 = AXIS2_PLACEMENT_3D ( 'NONE', #2339, #5627, #1457 ) ;
#1529 = ORIENTED_EDGE ( 'NONE', *, *, #16, .T. ) ;
#1530 = LINE ( 'NONE', #4333, #5764 ) ;
#1531 = DIRECTION ( 'NONE',  ( 1.000000000000000000, 0.000000000000000000, 0.000000000000000000 ) ) ;
#1532 = EDGE_CURVE ( 'NONE', #2256, #2754, #4980, .T. ) ;
#1533 = DIRECTION ( 'NONE',  ( 0.000000000000000000, -1.000000000000000000, 0.000000000000000000 ) ) ;
#1534 = VERTEX_POINT ( 'NONE', #5459 ) ;
#1535 = ORIENTED_EDGE ( 'NONE', *, *, #2034, .T. ) ;
#1536 = EDGE_CURVE ( 'NONE', #426, #4413, #1144, .T. ) ;
#1537 = CARTESIAN_POINT ( 'NONE',  ( -25.50000000000000000, 126.0000000000000000, 23.01471862576142868 ) ) ;
#1538 = EDGE_CURVE ( 'NONE', #1410, #375, #4969, .T. ) ;
#1539 = CARTESIAN_POINT ( 'NONE',  ( -6.500000000000000000, 88.50000000000000000, -13.79999999999999893 ) ) ;
#1540 = CARTESIAN_POINT ( 'NONE',  ( -6.500000000000000000, 88.50000000000000000, -14.50000000000000000 ) ) ;
#1541 = ORIENTED_EDGE ( 'NONE', *, *, #4283, .F. ) ;
#1542 = DIRECTION ( 'NONE',  ( 0.000000000000000000, 1.000000000000000000, 0.000000000000000000 ) ) ;
#1543 = CARTESIAN_POINT ( 'NONE',  ( 10.50000000000000000, 127.5000000000000000, -13.79999999999999893 ) ) ;
#1544 = DIRECTION ( 'NONE',  ( 0.000000000000000000, 0.000000000000000000, 1.000000000000000000 ) ) ;
#1545 = FACE_OUTER_BOUND ( 'NONE', #23, .T. ) ;
#1546 = CARTESIAN_POINT ( 'NONE',  ( -6.500000000000000000, 90.70000000000000284, -13.00000000000000000 ) ) ;
#1547 = ORIENTED_EDGE ( 'NONE', *, *, #3005, .F. ) ;
#1548 = CARTESIAN_POINT ( 'NONE',  ( -21.30000000000000071, 87.50000000000000000, -14.50000000000000000 ) ) ;
#1549 = CARTESIAN_POINT ( 'NONE',  ( -27.49999999999999645, 128.1655780813700574, -14.88764877594235436 ) ) ;
#1550 = ORIENTED_EDGE ( 'NONE', *, *, #1532, .T. ) ;
#1551 = VERTEX_POINT ( 'NONE', #385 ) ;
#1552 = DIRECTION ( 'NONE',  ( 0.000000000000000000, 0.000000000000000000, 1.000000000000000000 ) ) ;
#1553 = DIRECTION ( 'NONE',  ( 0.000000000000000000, 0.000000000000000000, 1.000000000000000000 ) ) ;
#1554 = EDGE_CURVE ( 'NONE', #2867, #4656, #2584, .T. ) ;
#1555 = CARTESIAN_POINT ( 'NONE',  ( 25.50000000000000000, 126.0000000000000000, -10.00000000000000888 ) ) ;
#1556 = LINE ( 'NONE', #4366, #1901 ) ;
#1557 = EDGE_CURVE ( 'NONE', #1417, #2386, #4899, .T. ) ;
#1558 = DIRECTION ( 'NONE',  ( 0.000000000000000000, 1.000000000000000000, 0.000000000000000000 ) ) ;
#1559 = ORIENTED_EDGE ( 'NONE', *, *, #1657, .F. ) ;
#1560 = ORIENTED_EDGE ( 'NONE', *, *, #4919, .F. ) ;
#1561 = ADVANCED_FACE ( 'NONE', ( #4460 ), #1237, .T. ) ;
#1562 = CARTESIAN_POINT ( 'NONE',  ( -2.500000000000000000, 91.28903536629340465, -13.79999999999999893 ) ) ;
#1563 = DIRECTION ( 'NONE',  ( 0.000000000000000000, 0.000000000000000000, 1.000000000000000000 ) ) ;
#1564 = DIRECTION ( 'NONE',  ( 0.000000000000000000, 0.000000000000000000, 1.000000000000000000 ) ) ;
#1565 = ORIENTED_EDGE ( 'NONE', *, *, #4389, .F. ) ;
#1566 = CARTESIAN_POINT ( 'NONE',  ( 121.8344983984421503, 142.5000000000000000, 121.8344983984421503 ) ) ;
#1567 = FACE_OUTER_BOUND ( 'NONE', #5950, .T. ) ;
#1568 = CARTESIAN_POINT ( 'NONE',  ( 25.50000000000000355, 130.5000000000000000, -16.70000000000000284 ) ) ;
#1569 = CARTESIAN_POINT ( 'NONE',  ( 10.50000000000000000, 93.50000000000000000, -13.79999999999999893 ) ) ;
#1570 = LINE ( 'NONE', #1546, #4016 ) ;
#1571 = ORIENTED_EDGE ( 'NONE', *, *, #3103, .F. ) ;
#1572 = DIRECTION ( 'NONE',  ( 0.000000000000000000, 0.000000000000000000, -1.000000000000000000 ) ) ;
#1573 = CYLINDRICAL_SURFACE ( 'NONE', #4305, 0.8000000000000003775 ) ;
#1574 = CIRCLE ( 'NONE', #4995, 1.800000000000002931 ) ;
#1575 = ORIENTED_EDGE ( 'NONE', *, *, #978, .T. ) ;
#1576 = VECTOR ( 'NONE', #5853, 1000.000000000000000 ) ;
#1577 = ORIENTED_EDGE ( 'NONE', *, *, #2775, .T. ) ;
#1578 = AXIS2_PLACEMENT_3D ( 'NONE', #2220, #5027, #5083 ) ;
#1579 = CARTESIAN_POINT ( 'NONE',  ( -1.699999999999998845, 91.28903536629340465, -13.79999999999999893 ) ) ;
#1580 = DIRECTION ( 'NONE',  ( 0.000000000000000000, -1.000000000000000000, 0.000000000000000000 ) ) ;
#1581 = DIRECTION ( 'NONE',  ( 0.000000000000000000, 0.000000000000000000, -1.000000000000000000 ) ) ;
#1582 = DIRECTION ( 'NONE',  ( 0.000000000000000000, -0.000000000000000000, 1.000000000000000000 ) ) ;
#1583 = VECTOR ( 'NONE', #5804, 1000.000000000000000 ) ;
#1584 = CARTESIAN_POINT ( 'NONE',  ( 32.67337166773783252, 126.0000000000000000, -18.16078261430392971 ) ) ;
#1585 = ORIENTED_EDGE ( 'NONE', *, *, #2273, .F. ) ;
#1586 = ORIENTED_EDGE ( 'NONE', *, *, #1456, .F. ) ;
#1587 = EDGE_CURVE ( 'NONE', #3386, #951, #4615, .T. ) ;
#1588 = CIRCLE ( 'NONE', #5008, 0.8000000000000003775 ) ;
#1589 = DIRECTION ( 'NONE',  ( 0.000000000000000000, 0.000000000000000000, 1.000000000000000000 ) ) ;
#1590 = CARTESIAN_POINT ( 'NONE',  ( -6.500000000000000000, 132.5000000000000000, -14.59999999999999964 ) ) ;
#1591 = FACE_OUTER_BOUND ( 'NONE', #2600, .T. ) ;
#1592 = EDGE_CURVE ( 'NONE', #969, #4483, #556, .T. ) ;
#1593 = EDGE_LOOP ( 'NONE', ( #2981, #170, #1790, #4122, #3956, #5750, #108, #961, #5047, #1675 ) ) ;
#1594 = EDGE_CURVE ( 'NONE', #4785, #5760, #3657, .T. ) ;
#1595 =( GEOMETRIC_REPRESENTATION_CONTEXT ( 3 ) GLOBAL_UNCERTAINTY_ASSIGNED_CONTEXT ( ( #3265 ) ) GLOBAL_UNIT_ASSIGNED_CONTEXT ( ( #2139, #3482, #3509 ) ) REPRESENTATION_CONTEXT ( 'NONE', 'WORKASPACE' ) );
#1596 = ORIENTED_EDGE ( 'NONE', *, *, #4800, .F. ) ;
#1597 = AXIS2_PLACEMENT_3D ( 'NONE', #1787, #5448, #5909 ) ;
#1598 = CARTESIAN_POINT ( 'NONE',  ( 27.67377197947606504, 127.4741805333402880, -12.85901260432252791 ) ) ;
#1599 = CARTESIAN_POINT ( 'NONE',  ( -9.099999999999997868, 136.1999999999999886, -14.50000000000000000 ) ) ;
#1600 = CARTESIAN_POINT ( 'NONE',  ( -9.512955444138412986, 90.81271959673630079, -13.79999999999999893 ) ) ;
#1601 = AXIS2_PLACEMENT_3D ( 'NONE', #5050, #1730, #1755 ) ;
#1602 = CARTESIAN_POINT ( 'NONE',  ( 6.500000000000000000, 132.5000000000000000, -12.30000000000000249 ) ) ;
#1603 = CARTESIAN_POINT ( 'NONE',  ( 121.8344983984421503, 126.0000000000000000, 121.8344983984421503 ) ) ;
#1604 = ORIENTED_EDGE ( 'NONE', *, *, #5154, .F. ) ;
#1605 = VECTOR ( 'NONE', #1473, 1000.000000000000000 ) ;
#1606 = AXIS2_PLACEMENT_3D ( 'NONE', #2027, #210, #2052 ) ;
#1607 = AXIS2_PLACEMENT_3D ( 'NONE', #3630, #2669, #744 ) ;
#1608 = EDGE_CURVE ( 'NONE', #616, #3583, #5792, .T. ) ;
#1609 = CARTESIAN_POINT ( 'NONE',  ( 4.345042166022206942, 87.53734085661957920, -14.00645844248203709 ) ) ;
#1610 = CARTESIAN_POINT ( 'NONE',  ( 7.365430104311831094, 132.5000000000000000, -14.35611758520661851 ) ) ;
#1611 = AXIS2_PLACEMENT_3D ( 'NONE', #483, #4196, #3821 ) ;
#1612 = VECTOR ( 'NONE', #722, 1000.000000000000000 ) ;
#1613 = ORIENTED_EDGE ( 'NONE', *, *, #4556, .T. ) ;
#1614 = ORIENTED_EDGE ( 'NONE', *, *, #1823, .T. ) ;
#1615 = ORIENTED_EDGE ( 'NONE', *, *, #4173, .T. ) ;
#1616 = CIRCLE ( 'NONE', #2303, 2.199999999999998845 ) ;
#1617 = CIRCLE ( 'NONE', #1524, 0.8000000000000003775 ) ;
#1618 = FACE_OUTER_BOUND ( 'NONE', #2759, .T. ) ;
#1619 = CARTESIAN_POINT ( 'NONE',  ( -4.896687220305761201, 132.8090359172553292, -12.99350038422089781 ) ) ;
#1620 = LINE ( 'NONE', #1498, #2668 ) ;
#1621 = DIRECTION ( 'NONE',  ( 1.000000000000000000, 0.000000000000000000, 0.000000000000000000 ) ) ;
#1622 = CARTESIAN_POINT ( 'NONE',  ( -6.500000000000000000, 86.10000000000000853, -14.50000000000000000 ) ) ;
#1623 = CARTESIAN_POINT ( 'NONE',  ( -2.500000000000000000, 91.28903536629340465, -13.79999999999999893 ) ) ;
#1624 = ORIENTED_EDGE ( 'NONE', *, *, #2118, .T. ) ;
#1625 = CIRCLE ( 'NONE', #2890, 2.199999999999998845 ) ;
#1626 = AXIS2_PLACEMENT_3D ( 'NONE', #4280, #3277, #2354 ) ;
#1627 = ORIENTED_EDGE ( 'NONE', *, *, #2384, .F. ) ;
#1628 = CYLINDRICAL_SURFACE ( 'NONE', #3525, 2.199999999999998845 ) ;
#1629 = CARTESIAN_POINT ( 'NONE',  ( 8.140689206128278954, 88.50000000000000000, -13.03434692751179114 ) ) ;
#1630 = DIRECTION ( 'NONE',  ( 0.000000000000000000, 0.000000000000000000, -1.000000000000000000 ) ) ;
#1631 = ORIENTED_EDGE ( 'NONE', *, *, #2512, .F. ) ;
#1632 = ORIENTED_EDGE ( 'NONE', *, *, #3478, .T. ) ;
#1633 = CARTESIAN_POINT ( 'NONE',  ( 27.67972550724451253, 127.7960936923627742, -13.21930790586066351 ) ) ;
#1634 = DIRECTION ( 'NONE',  ( 0.000000000000000000, 0.000000000000000000, 1.000000000000000000 ) ) ;
#1635 = ADVANCED_FACE ( 'NONE', ( #5548 ), #3786, .T. ) ;
#1636 = LINE ( 'NONE', #4472, #3561 ) ;
#1637 = EDGE_CURVE ( 'NONE', #1075, #5927, #1693, .T. ) ;
#1638 = CARTESIAN_POINT ( 'NONE',  ( 8.140689206128278954, 88.50000000000000000, -13.03434692751179114 ) ) ;
#1639 = CARTESIAN_POINT ( 'NONE',  ( 25.49999999999999645, 133.6000000000000227, -14.50000000000000000 ) ) ;
#1640 = ORIENTED_EDGE ( 'NONE', *, *, #3510, .F. ) ;
#1641 = EDGE_CURVE ( 'NONE', #1271, #2091, #3326, .T. ) ;
#1642 = EDGE_CURVE ( 'NONE', #394, #993, #2815, .T. ) ;
#1643 = FACE_OUTER_BOUND ( 'NONE', #1796, .T. ) ;
#1644 = DIRECTION ( 'NONE',  ( 0.000000000000000000, 0.000000000000000000, -1.000000000000000000 ) ) ;
#1645 = ORIENTED_EDGE ( 'NONE', *, *, #4990, .T. ) ;
#1646 = ORIENTED_EDGE ( 'NONE', *, *, #4250, .T. ) ;
#1647 = ORIENTED_EDGE ( 'NONE', *, *, #1538, .T. ) ;
#1648 = EDGE_CURVE ( 'NONE', #5, #2731, #1233, .T. ) ;
#1649 = CARTESIAN_POINT ( 'NONE',  ( 7.365430104311831982, 132.5000000000000000, -13.43417466591135323 ) ) ;
#1650 = CARTESIAN_POINT ( 'NONE',  ( -24.73905202779472390, 127.1769216225893615, -15.67175997598292270 ) ) ;
#1651 = DIRECTION ( 'NONE',  ( 0.000000000000000000, -1.000000000000000000, 0.000000000000000000 ) ) ;
#1652 = CARTESIAN_POINT ( 'NONE',  ( -6.500000000000000000, 93.50000000000000000, -13.00000000000000000 ) ) ;
#1653 = CARTESIAN_POINT ( 'NONE',  ( 9.000000000000001776, 91.28903536629340465, -13.79999999999999893 ) ) ;
#1654 = DIRECTION ( 'NONE',  ( 0.000000000000000000, 1.000000000000000000, 0.000000000000000000 ) ) ;
#1655 = ORIENTED_EDGE ( 'NONE', *, *, #323, .F. ) ;
#1656 = VERTEX_POINT ( 'NONE', #5068 ) ;
#1657 = EDGE_CURVE ( 'NONE', #2788, #511, #5411, .T. ) ;
#1658 = FACE_OUTER_BOUND ( 'NONE', #1354, .T. ) ;
#1659 = FACE_OUTER_BOUND ( 'NONE', #1764, .T. ) ;
#1660 = FACE_OUTER_BOUND ( 'NONE', #4247, .T. ) ;
#1661 = ORIENTED_EDGE ( 'NONE', *, *, #4018, .F. ) ;
#1662 = ORIENTED_EDGE ( 'NONE', *, *, #4799, .F. ) ;
#1663 = CARTESIAN_POINT ( 'NONE',  ( -4.312134413840758462, 87.77725140855812924, -14.25960179753914581 ) ) ;
#1664 = CARTESIAN_POINT ( 'NONE',  ( 22.90000000000000213, 136.1999999999999886, -14.50000000000000000 ) ) ;
#1665 = FACE_OUTER_BOUND ( 'NONE', #5817, .T. ) ;
#1666 = CARTESIAN_POINT ( 'NONE',  ( -5.634569895688172458, 132.5000000000000000, -13.79999999999999893 ) ) ;
#1667 = FACE_OUTER_BOUND ( 'NONE', #5338, .T. ) ;
#1668 = VERTEX_POINT ( 'NONE', #4186 ) ;
#1669 = ADVANCED_FACE ( 'NONE', ( #5634 ), #4433, .T. ) ;
#1670 = ADVANCED_FACE ( 'NONE', ( #2290 ), #5575, .T. ) ;
#1671 = CYLINDRICAL_SURFACE ( 'NONE', #3573, 2.199999999999998845 ) ;
#1672 = DIRECTION ( 'NONE',  ( 0.000000000000000000, 0.000000000000000000, 1.000000000000000000 ) ) ;
#1673 = EDGE_CURVE ( 'NONE', #2413, #5958, #5073, .T. ) ;
#1674 = ORIENTED_EDGE ( 'NONE', *, *, #518, .T. ) ;
#1675 = ORIENTED_EDGE ( 'NONE', *, *, #788, .T. ) ;
#1676 = VERTEX_POINT ( 'NONE', #3302 ) ;
#1677 = AXIS2_PLACEMENT_3D ( 'NONE', #3177, #5133, #1350 ) ;
#1678 = DIRECTION ( 'NONE',  ( 0.000000000000000000, 0.000000000000000000, 1.000000000000000000 ) ) ;
#1679 = TOROIDAL_SURFACE ( 'NONE', #5190, 6.000000000000001776, 2.200000000000000622 ) ;
#1680 = CARTESIAN_POINT ( 'NONE',  ( 5.634569895688151142, 88.50000000000000000, -13.79999999999999893 ) ) ;
#1681 = DIRECTION ( 'NONE',  ( 0.000000000000000000, 0.000000000000000000, 1.000000000000000000 ) ) ;
#1682 = DIRECTION ( 'NONE',  ( 0.000000000000000000, 0.000000000000000000, 1.000000000000000000 ) ) ;
#1683 = CARTESIAN_POINT ( 'NONE',  ( -23.50000000000000000, 87.50000000000000000, -14.50000000000000000 ) ) ;
#1684 = LINE ( 'NONE', #1749, #946 ) ;
#1685 = ORIENTED_EDGE ( 'NONE', *, *, #5688, .T. ) ;
#1686 = AXIS2_PLACEMENT_3D ( 'NONE', #4230, #3373, #628 ) ;
#1687 = EDGE_LOOP ( 'NONE', ( #2795, #181, #3694, #311, #4157, #1193 ) ) ;
#1688 = EDGE_CURVE ( 'NONE', #5986, #3486, #6005, .T. ) ;
#1689 = CIRCLE ( 'NONE', #4315, 2.199999999999998845 ) ;
#1690 = EDGE_LOOP ( 'NONE', ( #2471, #1893, #1386, #816, #3878, #2392, #5084, #1627 ) ) ;
#1691 = DIRECTION ( 'NONE',  ( 1.000000000000000000, 0.000000000000000000, 0.000000000000000000 ) ) ;
#1692 = DIRECTION ( 'NONE',  ( 0.000000000000000000, 0.000000000000000000, 1.000000000000000000 ) ) ;
#1693 = B_SPLINE_CURVE_WITH_KNOTS ( 'NONE', 3,
 ( #4699, #1377, #1890, #1441, #3233, #1467 ),
 .UNSPECIFIED., .F., .F.,
 ( 4, 2, 4 ),
 ( 0.000000000000000000, 0.0004707615873786665265, 0.0009415231747573330531 ),
 .UNSPECIFIED. ) ;
#1694 = ORIENTED_EDGE ( 'NONE', *, *, #1305, .T. ) ;
#1695 = EDGE_LOOP ( 'NONE', ( #1662, #3987, #747, #4282, #1174 ) ) ;
#1696 = AXIS2_PLACEMENT_3D ( 'NONE', #3262, #5856, #4671 ) ;
#1697 = FACE_OUTER_BOUND ( 'NONE', #99, .T. ) ;
#1698 = CARTESIAN_POINT ( 'NONE',  ( -118.6506248512748698, 128.3026771512849109, 121.7618946884956728 ) ) ;
#1699 = AXIS2_PLACEMENT_3D ( 'NONE', #1555, #5247, #4705 ) ;
#1700 = DIRECTION ( 'NONE',  ( 0.000000000000000000, 1.000000000000000000, 0.000000000000000000 ) ) ;
#1701 = VECTOR ( 'NONE', #1209, 1000.000000000000000 ) ;
#1702 = ORIENTED_EDGE ( 'NONE', *, *, #4668, .F. ) ;
#1703 = DIRECTION ( 'NONE',  ( 0.7071067811865475727, 0.000000000000000000, 0.7071067811865475727 ) ) ;
#1704 = AXIS2_PLACEMENT_3D ( 'NONE', #3739, #484, #5591 ) ;
#1705 = DIRECTION ( 'NONE',  ( 0.000000000000000000, 1.000000000000000000, 0.000000000000000000 ) ) ;
#1706 = CARTESIAN_POINT ( 'NONE',  ( 123.3901333170525447, 126.0000000000000000, 120.2788634798317418 ) ) ;
#1707 = DIRECTION ( 'NONE',  ( 1.000000000000000000, -6.672013369141589869E-16, 0.000000000000000000 ) ) ;
#1708 = ORIENTED_EDGE ( 'NONE', *, *, #1726, .F. ) ;
#1709 = VERTEX_POINT ( 'NONE', #1825 ) ;
#1710 = AXIS2_PLACEMENT_3D ( 'NONE', #446, #5494, #2761 ) ;
#1711 = ORIENTED_EDGE ( 'NONE', *, *, #27, .T. ) ;
#1712 = DIRECTION ( 'NONE',  ( -0.2202608714346437346, 0.000000000000000000, -0.9754410020677064530 ) ) ;
#1713 = CARTESIAN_POINT ( 'NONE',  ( -4.301462242284653570, 132.5000000000000000, -14.58019805421552384 ) ) ;
#1714 = ADVANCED_FACE ( 'NONE', ( #4019 ), #4604, .F. ) ;
#1715 = DIRECTION ( 'NONE',  ( -0.6804510993672772123, -0.7327934916262996978, 0.000000000000000000 ) ) ;
#1716 = AXIS2_PLACEMENT_3D ( 'NONE', #1735, #1304, #1278 ) ;
#1717 = EDGE_CURVE ( 'NONE', #375, #4259, #900, .T. ) ;
#1718 = VECTOR ( 'NONE', #5925, 1000.000000000000000 ) ;
#1719 = CARTESIAN_POINT ( 'NONE',  ( -23.50000000000000000, 122.0000000000000000, -16.69999999999999929 ) ) ;
#1720 = FACE_OUTER_BOUND ( 'NONE', #1476, .T. ) ;
#1721 = CARTESIAN_POINT ( 'NONE',  ( -121.8344983984421646, 142.5000000000000000, -121.8344983984421361 ) ) ;
#1722 = ORIENTED_EDGE ( 'NONE', *, *, #5438, .F. ) ;
#1723 = AXIS2_PLACEMENT_3D ( 'NONE', #685, #2076, #4796 ) ;
#1724 = VERTEX_POINT ( 'NONE', #1312 ) ;
#1725 = AXIS2_PLACEMENT_3D ( 'NONE', #1664, #4376, #4774 ) ;
#1726 = EDGE_CURVE ( 'NONE', #3757, #2091, #3172, .T. ) ;
#1727 = ORIENTED_EDGE ( 'NONE', *, *, #721, .F. ) ;
#1728 = CIRCLE ( 'NONE', #179, 2.199999999999998845 ) ;
#1729 = CIRCLE ( 'NONE', #2406, 2.199999999999993516 ) ;
#1730 = DIRECTION ( 'NONE',  ( -0.000000000000000000, -1.000000000000000000, 0.000000000000000000 ) ) ;
#1731 = CARTESIAN_POINT ( 'NONE',  ( 25.50000000000000355, 130.5000000000000000, -12.30000000000000071 ) ) ;
#1732 = ORIENTED_EDGE ( 'NONE', *, *, #4924, .F. ) ;
#1733 = ORIENTED_EDGE ( 'NONE', *, *, #1525, .F. ) ;
#1734 = CARTESIAN_POINT ( 'NONE',  ( 8.585665361461453315, 133.5372818060903626, -13.80000000000004512 ) ) ;
#1735 = CARTESIAN_POINT ( 'NONE',  ( 25.50000000000000000, 126.0000000000000000, -10.00000000000000888 ) ) ;
#1736 = DIRECTION ( 'NONE',  ( 0.000000000000000000, 0.000000000000000000, 1.000000000000000000 ) ) ;
#1737 = DIRECTION ( 'NONE',  ( 0.000000000000000000, 0.000000000000000000, -1.000000000000000000 ) ) ;
#1738 = ORIENTED_EDGE ( 'NONE', *, *, #5587, .F. ) ;
#1739 = CARTESIAN_POINT ( 'NONE',  ( 4.859310793871703282, 88.50000000000000000, -13.03434692751180179 ) ) ;
#1740 = CARTESIAN_POINT ( 'NONE',  ( 25.50000000000025224, 127.3314466619826248, -15.90341170376410140 ) ) ;
#1741 = CARTESIAN_POINT ( 'NONE',  ( -28.33963337673317540, 126.0000000000000000, -27.36489593716579094 ) ) ;
#1742 = CARTESIAN_POINT ( 'NONE',  ( -34.38736758955295869, 126.0000000000000000, -28.73051334006057189 ) ) ;
#1743 = VERTEX_POINT ( 'NONE', #5086 ) ;
#1744 = EDGE_LOOP ( 'NONE', ( #5625, #4179, #3394, #2056, #5618, #1371 ) ) ;
#1745 = CARTESIAN_POINT ( 'NONE',  ( 27.49999999999999645, 126.0000000000000000, -14.50000000000000000 ) ) ;
#1746 = DIRECTION ( 'NONE',  ( 0.000000000000000000, 0.000000000000000000, 1.000000000000000000 ) ) ;
#1747 = CARTESIAN_POINT ( 'NONE',  ( 9.099999999999997868, 133.5999999999999943, -14.50000000000000000 ) ) ;
#1748 = CYLINDRICAL_SURFACE ( 'NONE', #440, 0.7999999999999987121 ) ;
#1749 = CARTESIAN_POINT ( 'NONE',  ( 6.500000000000000000, 90.70000000000000284, -13.00000000000000000 ) ) ;
#1750 = ORIENTED_EDGE ( 'NONE', *, *, #2426, .T. ) ;
#1751 = ORIENTED_EDGE ( 'NONE', *, *, #3803, .F. ) ;
#1752 = EDGE_CURVE ( 'NONE', #4817, #3638, #4732, .T. ) ;
#1753 = ADVANCED_FACE ( 'NONE', ( #5968 ), #920, .T. ) ;
#1754 = EDGE_LOOP ( 'NONE', ( #5428, #4061, #3639, #3733, #2194, #2975, #2515, #135, #4595, #3724 ) ) ;
#1755 = DIRECTION ( 'NONE',  ( 0.000000000000000000, 0.000000000000000000, -1.000000000000000000 ) ) ;
#1756 = CARTESIAN_POINT ( 'NONE',  ( 19.50000000000000000, 87.50000000000001421, -14.50000000000000000 ) ) ;
#1757 = ORIENTED_EDGE ( 'NONE', *, *, #2757, .T. ) ;
#1758 = EDGE_CURVE ( 'NONE', #5313, #4006, #5942, .T. ) ;
#1759 = ORIENTED_EDGE ( 'NONE', *, *, #3644, .T. ) ;
#1760 = DIRECTION ( 'NONE',  ( 0.000000000000000000, 1.000000000000000000, 0.000000000000000000 ) ) ;
#1761 = CARTESIAN_POINT ( 'NONE',  ( -119.5318212471572394, 129.1838735471672805, 119.6344983984421333 ) ) ;
#1762 = DIRECTION ( 'NONE',  ( 0.000000000000000000, 0.000000000000000000, 1.000000000000000000 ) ) ;
#1763 = DIRECTION ( 'NONE',  ( 0.000000000000000000, 1.000000000000000000, 0.000000000000000000 ) ) ;
#1764 = EDGE_LOOP ( 'NONE', ( #5139, #1505, #1301, #192, #4711, #2704, #675, #3721 ) ) ;
#1765 = CARTESIAN_POINT ( 'NONE',  ( -9.099999999999997868, 136.1999999999999886, -14.50000000000000000 ) ) ;
#1766 = ADVANCED_FACE ( 'NONE', ( #5510 ), #5424, .T. ) ;
#1767 = CARTESIAN_POINT ( 'NONE',  ( -6.500000000000000000, 90.70000000000000284, -13.79999999999999893 ) ) ;
#1768 = CARTESIAN_POINT ( 'NONE',  ( 8.699999999999999289, 133.5999999999999943, -14.50000000000000000 ) ) ;
#1769 = VERTEX_POINT ( 'NONE', #2247 ) ;
#1770 = CARTESIAN_POINT ( 'NONE',  ( 4.859310793871703282, 88.50000000000000000, -13.03434692751180179 ) ) ;
#1771 = CARTESIAN_POINT ( 'NONE',  ( -2.500000000000000000, 93.50000000000000000, -13.79999999999999893 ) ) ;
#1772 = CARTESIAN_POINT ( 'NONE',  ( 121.8344983984421077, 127.5556349186104086, -119.6344983984421759 ) ) ;
#1773 = CARTESIAN_POINT ( 'NONE',  ( -4.321518473999536702, 133.3058457270741428, -14.17989180301001717 ) ) ;
#1774 = EDGE_LOOP ( 'NONE', ( #711, #2357 ) ) ;
#1775 = CIRCLE ( 'NONE', #4696, 0.8000000000000003775 ) ;
#1776 = ORIENTED_EDGE ( 'NONE', *, *, #3901, .F. ) ;
#1777 = ORIENTED_EDGE ( 'NONE', *, *, #3348, .F. ) ;
#1778 = DIRECTION ( 'NONE',  ( 0.000000000000000000, 0.000000000000000000, 1.000000000000000000 ) ) ;
#1779 = FACE_OUTER_BOUND ( 'NONE', #4923, .T. ) ;
#1780 = ORIENTED_EDGE ( 'NONE', *, *, #2460, .F. ) ;
#1781 = ORIENTED_EDGE ( 'NONE', *, *, #3497, .T. ) ;
#1782 = VECTOR ( 'NONE', #3646, 1000.000000000000000 ) ;
#1783 = CARTESIAN_POINT ( 'NONE',  ( 3.487044555861585682, 90.81271959673630079, -13.79999999999999893 ) ) ;
#1784 = EDGE_CURVE ( 'NONE', #3964, #246, #5997, .T. ) ;
#1785 = DIRECTION ( 'NONE',  ( 0.000000000000000000, -1.000000000000000000, 0.000000000000000000 ) ) ;
#1786 = EDGE_CURVE ( 'NONE', #1475, #2419, #4931, .T. ) ;
#1787 = CARTESIAN_POINT ( 'NONE',  ( 2.500000000000000000, 127.5000000000000000, -13.79999999999999893 ) ) ;
#1788 = CARTESIAN_POINT ( 'NONE',  ( -5.634569895688151142, 88.50000000000000000, -13.79999999999999893 ) ) ;
#1789 = AXIS2_PLACEMENT_3D ( 'NONE', #3189, #5464, #3672 ) ;
#1790 = ORIENTED_EDGE ( 'NONE', *, *, #1637, .F. ) ;
#1791 = CARTESIAN_POINT ( 'NONE',  ( 5.099999999999993427, 87.89999999999999147, -13.79999999999999893 ) ) ;
#1792 = CIRCLE ( 'NONE', #4911, 0.8000000000000003775 ) ;
#1793 = DIRECTION ( 'NONE',  ( 1.000000000000000000, 0.000000000000000000, 0.000000000000000000 ) ) ;
#1794 = CIRCLE ( 'NONE', #5982, 2.200000000000007283 ) ;
#1795 = CARTESIAN_POINT ( 'NONE',  ( -4.879850867060538278, 87.87707235172592846, -13.01162177222690275 ) ) ;
#1796 = EDGE_LOOP ( 'NONE', ( #3292, #5189, #229, #5465, #2723, #5364 ) ) ;
#1797 = TOROIDAL_SURFACE ( 'NONE', #3546, 2.599999999999994760, 2.199999999999999734 ) ;
#1798 = EDGE_CURVE ( 'NONE', #4323, #2327, #5059, .T. ) ;
#1799 = CIRCLE ( 'NONE', #5781, 2.199999999999998845 ) ;
#1800 = LINE ( 'NONE', #3175, #54 ) ;
#1801 = EDGE_CURVE ( 'NONE', #114, #3052, #456, .T. ) ;
#1802 = CARTESIAN_POINT ( 'NONE',  ( 28.81299423149111760, 126.0000000000000000, 25.70172439427030753 ) ) ;
#1803 = CARTESIAN_POINT ( 'NONE',  ( -6.500000000000000000, 88.50000000000000000, -14.50000000000000000 ) ) ;
#1804 = CIRCLE ( 'NONE', #3361, 0.8000000000000003775 ) ;
#1805 = ORIENTED_EDGE ( 'NONE', *, *, #1688, .F. ) ;
#1806 = ORIENTED_EDGE ( 'NONE', *, *, #95, .T. ) ;
#1807 = AXIS2_PLACEMENT_3D ( 'NONE', #4508, #403, #340 ) ;
#1808 = VERTEX_POINT ( 'NONE', #3293 ) ;
#1809 = DIRECTION ( 'NONE',  ( 0.000000000000000000, -0.000000000000000000, 1.000000000000000000 ) ) ;
#1810 = DIRECTION ( 'NONE',  ( -0.7071067811865474617, 0.000000000000000000, 0.7071067811865475727 ) ) ;
#1811 = ORIENTED_EDGE ( 'NONE', *, *, #4996, .F. ) ;
#1812 = AXIS2_PLACEMENT_3D ( 'NONE', #5766, #4311, #1084 ) ;
#1813 = VECTOR ( 'NONE', #5647, 1000.000000000000000 ) ;
#1814 = ORIENTED_EDGE ( 'NONE', *, *, #1083, .T. ) ;
#1815 = VECTOR ( 'NONE', #4326, 1000.000000000000000 ) ;
#1816 = DIRECTION ( 'NONE',  ( -1.000000000000000000, 0.000000000000000000, 0.000000000000000000 ) ) ;
#1817 = CIRCLE ( 'NONE', #4257, 0.8000000000000003775 ) ;
#1818 = CARTESIAN_POINT ( 'NONE',  ( 4.586004223216035847, 133.5772817927279448, -13.41527876094678717 ) ) ;
#1819 = FACE_OUTER_BOUND ( 'NONE', #1297, .T. ) ;
#1820 = CYLINDRICAL_SURFACE ( 'NONE', #333, 2.199999999999997957 ) ;
#1821 = TOROIDAL_SURFACE ( 'NONE', #3670, 2.999999999999999112, 2.199999999999998845 ) ;
#1822 = VERTEX_POINT ( 'NONE', #5626 ) ;
#1823 = EDGE_CURVE ( 'NONE', #388, #905, #3710, .T. ) ;
#1824 = EDGE_CURVE ( 'NONE', #2489, #2851, #4827, .T. ) ;
#1825 = CARTESIAN_POINT ( 'NONE',  ( -11.30000000000000071, 129.7109646337065954, -13.79999999999999893 ) ) ;
#1826 = DIRECTION ( 'NONE',  ( 0.6804510993672772123, -0.7327934916262996978, 0.000000000000000000 ) ) ;
#1827 = ADVANCED_FACE ( 'NONE', ( #1483 ), #981, .T. ) ;
#1828 = CARTESIAN_POINT ( 'NONE',  ( -9.099999999999997868, 136.1999999999999886, -12.30000000000000249 ) ) ;
#1829 = VERTEX_POINT ( 'NONE', #1851 ) ;
#1830 = ADVANCED_FACE ( 'NONE', ( #3743 ), #5563, .T. ) ;
#1831 = EDGE_CURVE ( 'NONE', #1551, #3171, #2400, .T. ) ;
#1832 = COORDINATED_UNIVERSAL_TIME_OFFSET ( 12, 0, .AHEAD. ) ;
#1833 = CYLINDRICAL_SURFACE ( 'NONE', #1499, 0.8000000000000069278 ) ;
#1834 = DIRECTION ( 'NONE',  ( 0.000000000000000000, 0.000000000000000000, 1.000000000000000000 ) ) ;
#1835 = CARTESIAN_POINT ( 'NONE',  ( 123.3901333170525305, 126.0000000000000000, -120.2788634798317702 ) ) ;
#1836 = CARTESIAN_POINT ( 'NONE',  ( -2.500000000000000000, 91.28903536629340465, -13.79999999999999893 ) ) ;
#1837 = VERTEX_POINT ( 'NONE', #1430 ) ;
#1838 = ADVANCED_FACE ( 'NONE', ( #5153 ), #1044, .T. ) ;
#1839 = EDGE_LOOP ( 'NONE', ( #2996, #4353, #261, #1560, #2556 ) ) ;
#1840 = DIRECTION ( 'NONE',  ( 1.000000000000000000, 0.000000000000000000, 0.000000000000000000 ) ) ;
#1841 = ORIENTED_EDGE ( 'NONE', *, *, #950, .F. ) ;
#1842 = CARTESIAN_POINT ( 'NONE',  ( 10.50000000000000000, 91.28903536629340465, -13.79999999999999893 ) ) ;
#1843 = CARTESIAN_POINT ( 'NONE',  ( -27.25735931288071257, 126.0000000000000000, 27.25735931288071257 ) ) ;
#1844 = ORIENTED_EDGE ( 'NONE', *, *, #3349, .F. ) ;
#1845 = ADVANCED_FACE ( 'NONE', ( #954 ), #1879, .T. ) ;
#1846 = EDGE_LOOP ( 'NONE', ( #5771, #3335, #5945 ) ) ;
#1847 = CARTESIAN_POINT ( 'NONE',  ( -9.099999999999997868, 81.30000000000001137, -14.50000000000000000 ) ) ;
#1848 = DIRECTION ( 'NONE',  ( 0.7071067811865473507, 0.000000000000000000, -0.7071067811865476838 ) ) ;
#1849 = DIRECTION ( 'NONE',  ( 0.000000000000000000, 0.000000000000000000, 1.000000000000000000 ) ) ;
#1850 = ORIENTED_EDGE ( 'NONE', *, *, #1752, .T. ) ;
#1851 = CARTESIAN_POINT ( 'NONE',  ( -121.8344983984421646, 127.5556349186104086, -119.6344983984421475 ) ) ;
#1852 = DIRECTION ( 'NONE',  ( 1.000000000000000000, 0.000000000000000000, 0.000000000000000000 ) ) ;
#1853 = CARTESIAN_POINT ( 'NONE',  ( -121.8344983984421361, 126.0000000000000000, 124.0344983984421532 ) ) ;
#1854 = CARTESIAN_POINT ( 'NONE',  ( -4.896687220305759425, 88.19096408274469923, -12.99350038422089604 ) ) ;
#1855 = EDGE_CURVE ( 'NONE', #4453, #803, #2434, .T. ) ;
#1856 = ORIENTED_EDGE ( 'NONE', *, *, #4750, .T. ) ;
#1857 = EDGE_CURVE ( 'NONE', #790, #4569, #647, .T. ) ;
#1858 = CARTESIAN_POINT ( 'NONE',  ( -4.515841326590675386, 87.39848489168858237, -13.53908152518975605 ) ) ;
#1859 = DIRECTION ( 'NONE',  ( 0.000000000000000000, 0.000000000000000000, 1.000000000000000000 ) ) ;
#1860 = CARTESIAN_POINT ( 'NONE',  ( -27.59831745312895279, 125.8667260008413393, -12.30000000000000249 ) ) ;
#1861 = EDGE_CURVE ( 'NONE', #3241, #109, #5596, .T. ) ;
#1862 = CARTESIAN_POINT ( 'NONE',  ( -2.500000000000000000, 93.50000000000000000, -13.79999999999999893 ) ) ;
#1863 = ORIENTED_EDGE ( 'NONE', *, *, #1824, .T. ) ;
#1864 = EDGE_LOOP ( 'NONE', ( #4962, #1310, #3809, #3847, #1777, #5912 ) ) ;
#1865 = DIRECTION ( 'NONE',  ( 0.000000000000000000, -1.000000000000000000, 0.000000000000000000 ) ) ;
#1866 = CARTESIAN_POINT ( 'NONE',  ( -10.50000000000000000, 127.5000000000000000, -13.79999999999999893 ) ) ;
#1867 = CARTESIAN_POINT ( 'NONE',  ( 4.000000000000000000, 129.7109646337065954, -13.79999999999999893 ) ) ;
#1868 = ORIENTED_EDGE ( 'NONE', *, *, #1536, .T. ) ;
#1869 = ORIENTED_EDGE ( 'NONE', *, *, #2733, .F. ) ;
#1870 = ADVANCED_FACE ( 'NONE', ( #1915 ), #2369, .F. ) ;
#1871 = CARTESIAN_POINT ( 'NONE',  ( 25.49999999999999645, 133.6000000000000227, -14.50000000000000000 ) ) ;
#1872 = VECTOR ( 'NONE', #1370, 1000.000000000000000 ) ;
#1873 = CARTESIAN_POINT ( 'NONE',  ( 23.50000000000000000, 122.0000000000000000, -12.30000000000000249 ) ) ;
#1874 = CYLINDRICAL_SURFACE ( 'NONE', #1704, 0.8000000000000003775 ) ;
#1875 = CARTESIAN_POINT ( 'NONE',  ( -4.859310793871702394, 88.50000000000000000, -13.03434692751180179 ) ) ;
#1876 = CIRCLE ( 'NONE', #4895, 6.700000000000001066 ) ;
#1877 = ORIENTED_EDGE ( 'NONE', *, *, #5631, .T. ) ;
#1878 = CIRCLE ( 'NONE', #3730, 2.199999999999998845 ) ;
#1879 = CYLINDRICAL_SURFACE ( 'NONE', #2794, 0.7999999999999977129 ) ;
#1880 = DIRECTION ( 'NONE',  ( -0.000000000000000000, -1.000000000000000000, 0.000000000000000000 ) ) ;
#1881 = AXIS2_PLACEMENT_3D ( 'NONE', #5377, #205, #4958 ) ;
#1882 = CARTESIAN_POINT ( 'NONE',  ( 121.8344983984421503, 142.5000000000000000, 121.8344983984421503 ) ) ;
#1883 = DIRECTION ( 'NONE',  ( -1.000000000000000000, 0.000000000000000000, 0.000000000000000000 ) ) ;
#1884 = ORIENTED_EDGE ( 'NONE', *, *, #3829, .F. ) ;
#1885 = VECTOR ( 'NONE', #1542, 1000.000000000000000 ) ;
#1886 = DIRECTION ( 'NONE',  ( 0.000000000000000000, 0.000000000000000000, 1.000000000000000000 ) ) ;
#1887 = VECTOR ( 'NONE', #2204, 1000.000000000000114 ) ;
#1888 = CARTESIAN_POINT ( 'NONE',  ( -23.50000000000000000, 87.50000000000000000, -16.69999999999999929 ) ) ;
#1889 = CARTESIAN_POINT ( 'NONE',  ( -27.55608489680297524, 125.7372988959219384, -12.31205569112287712 ) ) ;
#1890 = CARTESIAN_POINT ( 'NONE',  ( -8.120697295813968708, 87.87306534536888591, -13.01221405900395389 ) ) ;
#1891 = VERTEX_POINT ( 'NONE', #2853 ) ;
#1892 = AXIS2_PLACEMENT_3D ( 'NONE', #4965, #2649, #1736 ) ;
#1893 = ORIENTED_EDGE ( 'NONE', *, *, #1458, .F. ) ;
#1894 = EDGE_CURVE ( 'NONE', #3486, #3180, #460, .T. ) ;
#1895 = LINE ( 'NONE', #4590, #5965 ) ;
#1896 = VECTOR ( 'NONE', #4682, 1000.000000000000000 ) ;
#1897 = DIRECTION ( 'NONE',  ( 1.000000000000000000, -6.672013369141552398E-16, 0.000000000000000000 ) ) ;
#1898 = CARTESIAN_POINT ( 'NONE',  ( -4.000000000000000000, 91.28903536629340465, -13.79999999999999893 ) ) ;
#1899 = VERTEX_POINT ( 'NONE', #1514 ) ;
#1900 = VERTEX_POINT ( 'NONE', #100 ) ;
#1901 = VECTOR ( 'NONE', #199, 1000.000000000000000 ) ;
#1902 = CIRCLE ( 'NONE', #3073, 2.199999999999998845 ) ;
#1903 = VERTEX_POINT ( 'NONE', #1940 ) ;
#1904 = AXIS2_PLACEMENT_3D ( 'NONE', #4156, #2752, #2838 ) ;
#1905 = EDGE_CURVE ( 'NONE', #4494, #1475, #3760, .T. ) ;
#1906 = DIRECTION ( 'NONE',  ( 0.7071067811865467956, 0.000000000000000000, -0.7071067811865484609 ) ) ;
#1907 = DIRECTION ( 'NONE',  ( 0.000000000000000000, 0.000000000000000000, 1.000000000000000000 ) ) ;
#1908 = AXIS2_PLACEMENT_3D ( 'NONE', #3159, #3556, #397 ) ;
#1909 = CARTESIAN_POINT ( 'NONE',  ( 9.099999999999997868, 83.50000000000000000, -14.50000000000000000 ) ) ;
#1910 = CARTESIAN_POINT ( 'NONE',  ( -25.50000000000000355, 133.5999999999999943, -16.69999999999999929 ) ) ;
#1911 = ORIENTED_EDGE ( 'NONE', *, *, #22, .F. ) ;
#1912 = EDGE_CURVE ( 'NONE', #1108, #4346, #1133, .T. ) ;
#1913 = CIRCLE ( 'NONE', #855, 2.199999999999998845 ) ;
#1914 = CIRCLE ( 'NONE', #5913, 6.200000000000003730 ) ;
#1915 = FACE_OUTER_BOUND ( 'NONE', #876, .T. ) ;
#1916 = DIRECTION ( 'NONE',  ( 0.000000000000000000, 0.000000000000000000, -1.000000000000000000 ) ) ;
#1917 = CARTESIAN_POINT ( 'NONE',  ( 4.586004223216035847, 133.5772817927279448, -13.41527876094678717 ) ) ;
#1918 = FACE_OUTER_BOUND ( 'NONE', #699, .T. ) ;
#1919 = VECTOR ( 'NONE', #706, 1000.000000000000000 ) ;
#1920 = ORIENTED_EDGE ( 'NONE', *, *, #3457, .T. ) ;
#1921 = EDGE_CURVE ( 'NONE', #213, #1837, #32, .T. ) ;
#1922 = APPROVAL_DATE_TIME ( #5062, #5547 ) ;
#1923 = DIRECTION ( 'NONE',  ( 0.000000000000000000, 0.000000000000000000, 1.000000000000000000 ) ) ;
#1924 = CARTESIAN_POINT ( 'NONE',  ( 24.71453959842533266, 124.3588693568541714, -12.32087053416764633 ) ) ;
#1925 = CARTESIAN_POINT ( 'NONE',  ( 5.337097670801663085, 88.50000000000000000, -13.14038834024218616 ) ) ;
#1926 = ORIENTED_EDGE ( 'NONE', *, *, #1292, .F. ) ;
#1927 = ORIENTED_EDGE ( 'NONE', *, *, #842, .T. ) ;
#1928 = DIRECTION ( 'NONE',  ( 0.000000000000000000, 1.000000000000000000, 0.000000000000000000 ) ) ;
#1929 = ORIENTED_EDGE ( 'NONE', *, *, #1065, .F. ) ;
#1930 = CARTESIAN_POINT ( 'NONE',  ( -25.50000000000000000, 123.7999999999999972, -10.00000000000000888 ) ) ;
#1931 = ORIENTED_EDGE ( 'NONE', *, *, #3047, .F. ) ;
#1932 = ADVANCED_FACE ( 'NONE', ( #4837 ), #2122, .T. ) ;
#1933 = ORIENTED_EDGE ( 'NONE', *, *, #3181, .F. ) ;
#1934 = EDGE_CURVE ( 'NONE', #1900, #1829, #5774, .T. ) ;
#1935 = FACE_OUTER_BOUND ( 'NONE', #1690, .T. ) ;
#1936 = DIRECTION ( 'NONE',  ( 0.000000000000000000, 0.000000000000000000, 1.000000000000000000 ) ) ;
#1937 = CARTESIAN_POINT ( 'NONE',  ( 25.50000000000025224, 127.3314466619826248, -15.90341170376410140 ) ) ;
#1938 = ADVANCED_FACE ( 'NONE', ( #3860 ), #3492, .T. ) ;
#1939 = EDGE_LOOP ( 'NONE', ( #3210, #145, #5930, #4586 ) ) ;
#1940 = CARTESIAN_POINT ( 'NONE',  ( -23.29999999999999716, 126.0000000000000000, 23.01471862576142868 ) ) ;
#1941 = FACE_OUTER_BOUND ( 'NONE', #2359, .T. ) ;
#1942 = DIRECTION ( 'NONE',  ( 0.000000000000000000, 0.000000000000000000, 1.000000000000000000 ) ) ;
#1943 = DIRECTION ( 'NONE',  ( -1.000000000000000000, 0.000000000000000000, 0.000000000000000000 ) ) ;
#1944 = ORIENTED_EDGE ( 'NONE', *, *, #2380, .F. ) ;
#1945 = EDGE_CURVE ( 'NONE', #2563, #284, #5288, .T. ) ;
#1946 = CALENDAR_DATE ( 2026, 29, 9 ) ;
#1947 = DIRECTION ( 'NONE',  ( 0.000000000000000000, 0.000000000000000000, 1.000000000000000000 ) ) ;
#1948 = CARTESIAN_POINT ( 'NONE',  ( 5.099999999999993427, 87.89999999999999147, -13.79999999999999893 ) ) ;
#1949 = ORIENTED_EDGE ( 'NONE', *, *, #2864, .T. ) ;
#1950 = ORIENTED_EDGE ( 'NONE', *, *, #5358, .T. ) ;
#1951 = FACE_OUTER_BOUND ( 'NONE', #3164, .T. ) ;
#1952 = DIRECTION ( 'NONE',  ( 0.000000000000000000, -1.000000000000000000, 0.000000000000000000 ) ) ;
#1953 = ORIENTED_EDGE ( 'NONE', *, *, #2452, .T. ) ;
#1954 = DIRECTION ( 'NONE',  ( 0.000000000000000000, 1.000000000000000000, 0.000000000000000000 ) ) ;
#1955 = ORIENTED_EDGE ( 'NONE', *, *, #5712, .F. ) ;
#1956 = VERTEX_POINT ( 'NONE', #2492 ) ;
#1957 = CYLINDRICAL_SURFACE ( 'NONE', #3463, 0.8000000000000003775 ) ;
#1958 = CARTESIAN_POINT ( 'NONE',  ( -32.67337166773782542, 126.0000000000000000, -18.16078261430392615 ) ) ;
#1959 = CARTESIAN_POINT ( 'NONE',  ( 25.91147780784121935, 127.4476156148758577, -15.93184378465790196 ) ) ;
#1960 = ORIENTED_EDGE ( 'NONE', *, *, #4554, .F. ) ;
#1961 = TOROIDAL_SURFACE ( 'NONE', #5373, 1.500000000000001776, 0.7999999999999999334 ) ;
#1962 = CIRCLE ( 'NONE', #4114, 1.800000000000006484 ) ;
#1963 = EDGE_CURVE ( 'NONE', #3400, #3775, #5314, .T. ) ;
#1964 = CARTESIAN_POINT ( 'NONE',  ( 8.155931645417545894, 133.2839013386789588, -13.04746313528520396 ) ) ;
#1965 = ADVANCED_FACE ( 'NONE', ( #1567 ), #5417, .T. ) ;
#1966 = CARTESIAN_POINT ( 'NONE',  ( -9.099999999999997868, 83.50000000000000000, -14.50000000000000000 ) ) ;
#1967 = CIRCLE ( 'NONE', #2758, 2.199999999999998845 ) ;
#1968 = DIRECTION ( 'NONE',  ( 0.000000000000000000, 1.000000000000000000, 0.000000000000000000 ) ) ;
#1969 = DIRECTION ( 'NONE',  ( 0.000000000000000000, 1.000000000000000000, 0.000000000000000000 ) ) ;
#1970 = CIRCLE ( 'NONE', #44, 2.200000000000000622 ) ;
#1971 = ORIENTED_EDGE ( 'NONE', *, *, #1121, .F. ) ;
#1972 = EDGE_CURVE ( 'NONE', #5787, #3104, #2500, .T. ) ;
#1973 = AXIS2_PLACEMENT_3D ( 'NONE', #328, #236, #2614 ) ;
#1974 = DIRECTION ( 'NONE',  ( 0.000000000000000000, 1.000000000000000000, 0.000000000000000000 ) ) ;
#1975 = CARTESIAN_POINT ( 'NONE',  ( 23.49139105998667176, 126.0944858036743881, -13.12787710257607365 ) ) ;
#1976 = EDGE_CURVE ( 'NONE', #1365, #4654, #3281, .T. ) ;
#1977 = ORIENTED_EDGE ( 'NONE', *, *, #1905, .T. ) ;
#1978 = CIRCLE ( 'NONE', #4231, 2.199999999999993516 ) ;
#1979 = ORIENTED_EDGE ( 'NONE', *, *, #120, .F. ) ;
#1980 = EDGE_CURVE ( 'NONE', #1504, #1468, #3519, .T. ) ;
#1981 = CARTESIAN_POINT ( 'NONE',  ( -34.38736758955295869, 126.0000000000000000, -28.73051334006057189 ) ) ;
#1982 = CARTESIAN_POINT ( 'NONE',  ( 9.099999999999996092, 133.9999999999999716, -14.50000000000000000 ) ) ;
#1983 = DIRECTION ( 'NONE',  ( 0.000000000000000000, 1.000000000000000000, 0.000000000000000000 ) ) ;
#1984 = AXIS2_PLACEMENT_3D ( 'NONE', #4809, #551, #5238 ) ;
#1985 = CARTESIAN_POINT ( 'NONE',  ( 9.099999999999997868, 138.4000000000000057, -14.50000000000000000 ) ) ;
#1986 = ORIENTED_EDGE ( 'NONE', *, *, #6004, .F. ) ;
#1987 = EDGE_LOOP ( 'NONE', ( #3590, #2042, #1519, #1051, #1172 ) ) ;
#1988 = CIRCLE ( 'NONE', #4331, 0.8000000000000003775 ) ;
#1989 = CARTESIAN_POINT ( 'NONE',  ( 9.000000000000001776, 129.7109646337065954, -13.79999999999999893 ) ) ;
#1990 = CARTESIAN_POINT ( 'NONE',  ( 2.500000000000000000, 93.50000000000000000, -14.59999999999999964 ) ) ;
#1991 = DIRECTION ( 'NONE',  ( 0.000000000000000000, -1.000000000000000000, 0.000000000000000000 ) ) ;
#1992 = VECTOR ( 'NONE', #5553, 1000.000000000000114 ) ;
#1993 = VERTEX_POINT ( 'NONE', #3428 ) ;
#1994 = DIRECTION ( 'NONE',  ( 0.000000000000000000, 0.000000000000000000, 1.000000000000000000 ) ) ;
#1995 = DIRECTION ( 'NONE',  ( 0.6804510993672790997, 0.7327934916262980325, 0.000000000000000000 ) ) ;
#1996 = CIRCLE ( 'NONE', #3459, 2.199999999999993516 ) ;
#1997 = DIRECTION ( 'NONE',  ( -0.9754410020677066750, 0.000000000000000000, 0.2202608714346427632 ) ) ;
#1998 = FACE_OUTER_BOUND ( 'NONE', #361, .T. ) ;
#1999 = CARTESIAN_POINT ( 'NONE',  ( -6.500000000000000000, 133.5999999999999943, -14.50000000000000000 ) ) ;
#2000 = AXIS2_PLACEMENT_3D ( 'NONE', #5147, #4662, #2823 ) ;
#2001 = AXIS2_PLACEMENT_3D ( 'NONE', #3402, #1120, #1634 ) ;
#2002 = EDGE_CURVE ( 'NONE', #2645, #1724, #1424, .T. ) ;
#2003 = ADVANCED_FACE ( 'NONE', ( #2968 ), #2202, .T. ) ;
#2004 = DIRECTION ( 'NONE',  ( 0.000000000000000000, -1.000000000000000000, 0.000000000000000000 ) ) ;
#2005 = CARTESIAN_POINT ( 'NONE',  ( -27.69037477227489674, 127.0806485220597466, -12.57692559053458226 ) ) ;
#2006 = AXIS2_PLACEMENT_3D ( 'NONE', #4646, #5064, #2322 ) ;
#2007 = EDGE_CURVE ( 'NONE', #114, #3052, #5754, .T. ) ;
#2008 = VERTEX_POINT ( 'NONE', #4864 ) ;
#2009 = EDGE_CURVE ( 'NONE', #3686, #1743, #1182, .T. ) ;
#2010 = ORIENTED_EDGE ( 'NONE', *, *, #4225, .T. ) ;
#2011 = VECTOR ( 'NONE', #4202, 1000.000000000000000 ) ;
#2012 = ORIENTED_EDGE ( 'NONE', *, *, #2623, .T. ) ;
#2013 = FACE_OUTER_BOUND ( 'NONE', #661, .T. ) ;
#2014 = DIRECTION ( 'NONE',  ( 1.000000000000000000, -6.672013369141589869E-16, 0.000000000000000000 ) ) ;
#2015 = DIRECTION ( 'NONE',  ( 0.000000000000000000, -1.000000000000000000, 0.000000000000000000 ) ) ;
#2016 = CARTESIAN_POINT ( 'NONE',  ( -4.000000000000000000, 91.28903536629340465, -13.79999999999999893 ) ) ;
#2017 = DIRECTION ( 'NONE',  ( 0.000000000000000000, -1.000000000000000000, 0.000000000000000000 ) ) ;
#2018 = EDGE_CURVE ( 'NONE', #2851, #2489, #77, .T. ) ;
#2019 = EDGE_LOOP ( 'NONE', ( #3012, #2948 ) ) ;
#2020 = ORIENTED_EDGE ( 'NONE', *, *, #5557, .F. ) ;
#2021 = CARTESIAN_POINT ( 'NONE',  ( 9.000000000000001776, 129.7109646337065954, -13.79999999999999893 ) ) ;
#2022 = DIRECTION ( 'NONE',  ( 0.000000000000000000, -0.000000000000000000, 1.000000000000000000 ) ) ;
#2023 = FACE_OUTER_BOUND ( 'NONE', #811, .T. ) ;
#2024 = ORIENTED_EDGE ( 'NONE', *, *, #3812, .T. ) ;
#2025 = CARTESIAN_POINT ( 'NONE',  ( 27.61284570864053833, 128.2039733054918997, -14.58735112248551857 ) ) ;
#2026 = DIRECTION ( 'NONE',  ( 0.000000000000000000, 0.000000000000000000, -1.000000000000000000 ) ) ;
#2027 = CARTESIAN_POINT ( 'NONE',  ( -23.50000000000000000, 122.0000000000000000, -14.50000000000000000 ) ) ;
#2028 = CARTESIAN_POINT ( 'NONE',  ( 25.50000000000000000, 123.7999999999999972, -10.00000000000000888 ) ) ;
#2029 = CYLINDRICAL_SURFACE ( 'NONE', #4217, 0.8000000000000003775 ) ;
#2030 = ORIENTED_EDGE ( 'NONE', *, *, #980, .T. ) ;
#2031 = DIRECTION ( 'NONE',  ( -0.6804510993672792107, 0.7327934916262980325, 0.000000000000000000 ) ) ;
#2032 = CARTESIAN_POINT ( 'NONE',  ( 24.26595209730589175, 124.6102007023600891, -12.30314666991709949 ) ) ;
#2033 = CARTESIAN_POINT ( 'NONE',  ( -10.09919023743945132, 130.7316412827575220, -13.79999999999999893 ) ) ;
#2034 = EDGE_CURVE ( 'NONE', #395, #2256, #852, .T. ) ;
#2035 = ORIENTED_EDGE ( 'NONE', *, *, #2941, .T. ) ;
#2036 = EDGE_LOOP ( 'NONE', ( #1360, #420, #1856, #3368, #3217 ) ) ;
#2037 = ADVANCED_FACE ( 'NONE', ( #241 ), #5799, .T. ) ;
#2038 = DIRECTION ( 'NONE',  ( 0.000000000000000000, -1.000000000000000000, 0.000000000000000000 ) ) ;
#2039 = DIRECTION ( 'NONE',  ( 0.000000000000000000, 0.000000000000000000, 1.000000000000000000 ) ) ;
#2040 = DIRECTION ( 'NONE',  ( 0.000000000000000000, 0.000000000000000000, 1.000000000000000000 ) ) ;
#2041 = FACE_OUTER_BOUND ( 'NONE', #4876, .T. ) ;
#2042 = ORIENTED_EDGE ( 'NONE', *, *, #3663, .T. ) ;
#2043 = ORIENTED_EDGE ( 'NONE', *, *, #4556, .F. ) ;
#2044 = DIRECTION ( 'NONE',  ( 0.000000000000000000, 0.000000000000000000, 1.000000000000000000 ) ) ;
#2045 = DIRECTION ( 'NONE',  ( 0.000000000000000000, 0.000000000000000000, 1.000000000000000000 ) ) ;
#2046 = DIRECTION ( 'NONE',  ( 0.000000000000000000, 0.000000000000000000, 1.000000000000000000 ) ) ;
#2047 = EDGE_LOOP ( 'NONE', ( #4087, #1442, #5410, #1950, #644, #734 ) ) ;
#2048 = EDGE_CURVE ( 'NONE', #4330, #5077, #4538, .T. ) ;
#2049 = ORIENTED_EDGE ( 'NONE', *, *, #2460, .T. ) ;
#2050 = DIRECTION ( 'NONE',  ( 0.000000000000000000, 0.000000000000000000, 1.000000000000000000 ) ) ;
#2051 = CARTESIAN_POINT ( 'NONE',  ( 23.50000000000000000, 122.0000000000000000, -14.50000000000000000 ) ) ;
#2052 = DIRECTION ( 'NONE',  ( 0.000000000000000000, 0.000000000000000000, 1.000000000000000000 ) ) ;
#2053 = FACE_OUTER_BOUND ( 'NONE', #2210, .T. ) ;
#2054 = CYLINDRICAL_SURFACE ( 'NONE', #3142, 0.8000000000000003775 ) ;
#2055 = CIRCLE ( 'NONE', #812, 2.199999999999998845 ) ;
#2056 = ORIENTED_EDGE ( 'NONE', *, *, #4634, .T. ) ;
#2057 = CIRCLE ( 'NONE', #5475, 0.4000000000000027978 ) ;
#2058 = CARTESIAN_POINT ( 'NONE',  ( 4.300817696548691949, 88.38616338145928353, -14.56252857144644075 ) ) ;
#2059 = DIRECTION ( 'NONE',  ( 0.000000000000000000, 1.000000000000000000, 0.000000000000000000 ) ) ;
#2060 = CIRCLE ( 'NONE', #5657, 2.199999999999998845 ) ;
#2061 = ORIENTED_EDGE ( 'NONE', *, *, #2119, .T. ) ;
#2062 = ORIENTED_EDGE ( 'NONE', *, *, #684, .T. ) ;
#2063 = AXIS2_PLACEMENT_3D ( 'NONE', #4266, #2453, #4749 ) ;
#2064 = CARTESIAN_POINT ( 'NONE',  ( 8.699822942122422020, 88.27301681022606772, -14.54496619638284649 ) ) ;
#2065 = CARTESIAN_POINT ( 'NONE',  ( -23.77257649585880372, 126.9552932935832388, -14.67939857617373889 ) ) ;
#2066 = CARTESIAN_POINT ( 'NONE',  ( 121.8344983984421077, 127.5556349186104086, -119.6344983984421759 ) ) ;
#2067 = CARTESIAN_POINT ( 'NONE',  ( -6.500000000000000000, 132.5000000000000000, -13.00000000000000000 ) ) ;
#2068 = FACE_OUTER_BOUND ( 'NONE', #3042, .T. ) ;
#2069 = AXIS2_PLACEMENT_3D ( 'NONE', #3928, #701, #5430 ) ;
#2070 = DIRECTION ( 'NONE',  ( 0.000000000000000000, 0.000000000000000000, -1.000000000000000000 ) ) ;
#2071 = ORIENTED_EDGE ( 'NONE', *, *, #3127, .T. ) ;
#2072 = VERTEX_POINT ( 'NONE', #3613 ) ;
#2073 = EDGE_CURVE ( 'NONE', #969, #5403, #107, .T. ) ;
#2074 = AXIS2_PLACEMENT_3D ( 'NONE', #3362, #1928, #3813 ) ;
#2075 = TOROIDAL_SURFACE ( 'NONE', #2576, 1.500000000000001776, 0.7999999999999999334 ) ;
#2076 = DIRECTION ( 'NONE',  ( -0.7071067811865474617, 0.000000000000000000, 0.7071067811865475727 ) ) ;
#2077 = CARTESIAN_POINT ( 'NONE',  ( 25.50000000000000000, 130.5000000000000000, -10.00000000000000178 ) ) ;
#2078 = DIRECTION ( 'NONE',  ( -0.6804510993672805430, 0.7327934916262965892, 0.000000000000000000 ) ) ;
#2079 = VERTEX_POINT ( 'NONE', #2619 ) ;
#2080 = ADVANCED_FACE ( 'NONE', ( #4470 ), #3555, .F. ) ;
#2081 = ORIENTED_EDGE ( 'NONE', *, *, #2992, .F. ) ;
#2082 = ADVANCED_FACE ( 'NONE', ( #4500 ), #2880, .T. ) ;
#2083 = AXIS2_PLACEMENT_3D ( 'NONE', #1958, #542, #5710 ) ;
#2084 = CARTESIAN_POINT ( 'NONE',  ( 10.50000000000000000, 93.50000000000000000, -13.00000000000000000 ) ) ;
#2085 = DIRECTION ( 'NONE',  ( 0.000000000000000000, 0.000000000000000000, 1.000000000000000000 ) ) ;
#2086 = LINE ( 'NONE', #3952, #5996 ) ;
#2087 = CIRCLE ( 'NONE', #5498, 2.199999999999998845 ) ;
#2088 = DIRECTION ( 'NONE',  ( 0.000000000000000000, 0.000000000000000000, 1.000000000000000000 ) ) ;
#2089 = DIRECTION ( 'NONE',  ( 0.000000000000000000, -0.000000000000000000, 1.000000000000000000 ) ) ;
#2090 = ADVANCED_FACE ( 'NONE', ( #1697 ), #1214, .T. ) ;
#2091 = VERTEX_POINT ( 'NONE', #1277 ) ;
#2092 = AXIS2_PLACEMENT_3D ( 'NONE', #4882, #5666, #5309 ) ;
#2093 = AXIS2_PLACEMENT_3D ( 'NONE', #3877, #1654, #3393 ) ;
#2094 = CYLINDRICAL_SURFACE ( 'NONE', #3182, 0.8000000000000003775 ) ;
#2095 = CARTESIAN_POINT ( 'NONE',  ( -7.365430104311823101, 132.5000000000000000, -13.79999999999999893 ) ) ;
#2096 = DIRECTION ( 'NONE',  ( 0.000000000000000000, 0.000000000000000000, 1.000000000000000000 ) ) ;
#2097 = CIRCLE ( 'NONE', #5697, 2.199999999999998845 ) ;
#2098 = AXIS2_PLACEMENT_3D ( 'NONE', #4804, #300, #3066 ) ;
#2099 = ORIENTED_EDGE ( 'NONE', *, *, #93, .F. ) ;
#2100 = EDGE_CURVE ( 'NONE', #1163, #331, #2597, .T. ) ;
#2101 = ORIENTED_EDGE ( 'NONE', *, *, #4211, .T. ) ;
#2102 = ORIENTED_EDGE ( 'NONE', *, *, #2708, .T. ) ;
#2103 = CIRCLE ( 'NONE', #5317, 2.199999999999998845 ) ;
#2104 = CIRCLE ( 'NONE', #4159, 2.200000000000000178 ) ;
#2105 = CARTESIAN_POINT ( 'NONE',  ( 8.620003430146336854, 87.49969765249319664, -13.90231102919373996 ) ) ;
#2106 = FACE_OUTER_BOUND ( 'NONE', #306, .T. ) ;
#2107 = DIRECTION ( 'NONE',  ( 0.000000000000000000, 0.000000000000000000, 1.000000000000000000 ) ) ;
#2108 = DIRECTION ( 'NONE',  ( -0.000000000000000000, -0.000000000000000000, -1.000000000000000000 ) ) ;
#2109 = DIRECTION ( 'NONE',  ( -0.000000000000000000, -0.000000000000000000, -1.000000000000000000 ) ) ;
#2110 = FACE_OUTER_BOUND ( 'NONE', #285, .T. ) ;
#2111 = ORIENTED_EDGE ( 'NONE', *, *, #789, .F. ) ;
#2112 = CIRCLE ( 'NONE', #4450, 6.200000000000001066 ) ;
#2113 = ORIENTED_EDGE ( 'NONE', *, *, #702, .F. ) ;
#2114 = CARTESIAN_POINT ( 'NONE',  ( -10.50000000000000000, 93.50000000000000000, -13.00000000000000000 ) ) ;
#2115 = FACE_OUTER_BOUND ( 'NONE', #4818, .T. ) ;
#2116 = DIRECTION ( 'NONE',  ( 0.000000000000000000, 1.000000000000000000, 0.000000000000000000 ) ) ;
#2117 = ORIENTED_EDGE ( 'NONE', *, *, #5726, .T. ) ;
#2118 = EDGE_CURVE ( 'NONE', #2008, #3612, #3371, .T. ) ;
#2119 = EDGE_CURVE ( 'NONE', #3236, #2865, #4934, .T. ) ;
#2120 = ORIENTED_EDGE ( 'NONE', *, *, #4102, .T. ) ;
#2121 = CARTESIAN_POINT ( 'NONE',  ( -4.000000000000000000, 91.28903536629340465, -13.79999999999999893 ) ) ;
#2122 = CYLINDRICAL_SURFACE ( 'NONE', #1334, 0.8000000000000003775 ) ;
#2123 = EDGE_CURVE ( 'NONE', #2827, #2671, #1463, .T. ) ;
#2124 = CARTESIAN_POINT ( 'NONE',  ( -7.365430104311832871, 132.4999999999999716, -13.43417466591135501 ) ) ;
#2125 = CARTESIAN_POINT ( 'NONE',  ( 21.30000000000000071, 87.50000000000000000, -14.50000000000000000 ) ) ;
#2126 = CARTESIAN_POINT ( 'NONE',  ( -6.500000000000000000, 86.10000000000000853, -16.69999999999999929 ) ) ;
#2127 = VERTEX_POINT ( 'NONE', #4078 ) ;
#2128 = APPROVAL ( #3267, 'UNSPECIFIED' ) ;
#2129 = CARTESIAN_POINT ( 'NONE',  ( -121.8344983984421646, 142.5000000000000000, -124.0344983984421390 ) ) ;
#2130 = CARTESIAN_POINT ( 'NONE',  ( -23.69923419307301415, 126.8983853748857626, -14.49999999993405631 ) ) ;
#2131 = CARTESIAN_POINT ( 'NONE',  ( 5.041578425853479928, 88.49999999999997158, -14.70316441953408315 ) ) ;
#2132 = VERTEX_POINT ( 'NONE', #1783 ) ;
#2133 = ORIENTED_EDGE ( 'NONE', *, *, #3875, .F. ) ;
#2134 = EDGE_CURVE ( 'NONE', #2851, #1527, #1252, .T. ) ;
#2135 = EDGE_LOOP ( 'NONE', ( #4659, #4529 ) ) ;
#2136 = CARTESIAN_POINT ( 'NONE',  ( -21.30000000000000071, 122.0000000000000000, -14.50000000000000000 ) ) ;
#2137 = CARTESIAN_POINT ( 'NONE',  ( -120.2788634798317702, 126.0000000000000000, -123.3901333170525305 ) ) ;
#2138 = CARTESIAN_POINT ( 'NONE',  ( -6.500000000000000000, 86.10000000000000853, -14.50000000000000000 ) ) ;
#2139 =( LENGTH_UNIT ( ) NAMED_UNIT ( * ) SI_UNIT ( .MILLI., .METRE. ) );
#2140 = LINE ( 'NONE', #957, #1887 ) ;
#2141 = CARTESIAN_POINT ( 'NONE',  ( 121.8344983984421077, 142.5000000000000000, -121.8344983984421646 ) ) ;
#2142 = ORIENTED_EDGE ( 'NONE', *, *, #5663, .F. ) ;
#2143 = ORIENTED_EDGE ( 'NONE', *, *, #4316, .F. ) ;
#2144 = ORIENTED_EDGE ( 'NONE', *, *, #5978, .F. ) ;
#2145 = DIRECTION ( 'NONE',  ( 0.000000000000000000, 1.000000000000000000, 0.000000000000000000 ) ) ;
#2146 = CARTESIAN_POINT ( 'NONE',  ( -6.500000000000000000, 127.5000000000000000, -13.79999999999999893 ) ) ;
#2147 = ORIENTED_EDGE ( 'NONE', *, *, #3247, .F. ) ;
#2148 = ORIENTED_EDGE ( 'NONE', *, *, #751, .T. ) ;
#2149 = CARTESIAN_POINT ( 'NONE',  ( 4.301462242284648241, 132.5000000000000000, -14.58019805421551318 ) ) ;
#2150 = DIRECTION ( 'NONE',  ( 0.000000000000000000, 0.000000000000000000, 1.000000000000000000 ) ) ;
#2151 = CARTESIAN_POINT ( 'NONE',  ( -5.634569895688163577, 132.5000000000000000, -14.35611758520661319 ) ) ;
#2152 = CARTESIAN_POINT ( 'NONE',  ( 9.099999999999997868, 83.50000000000000000, -14.50000000000000000 ) ) ;
#2153 = ORIENTED_EDGE ( 'NONE', *, *, #305, .T. ) ;
#2154 = EDGE_CURVE ( 'NONE', #5752, #4494, #1241, .T. ) ;
#2155 = EDGE_CURVE ( 'NONE', #4006, #992, #1729, .T. ) ;
#2156 = DIRECTION ( 'NONE',  ( 0.000000000000000000, 0.000000000000000000, 1.000000000000000000 ) ) ;
#2157 = CARTESIAN_POINT ( 'NONE',  ( 29.74704866153470206, 126.0000000000000000, -14.50000000000000000 ) ) ;
#2158 = DIRECTION ( 'NONE',  ( 0.000000000000000000, 0.000000000000000000, 1.000000000000000000 ) ) ;
#2159 = VERTEX_POINT ( 'NONE', #943 ) ;
#2160 = VERTEX_POINT ( 'NONE', #2509 ) ;
#2161 = ADVANCED_FACE ( 'NONE', ( #974 ), #1138, .T. ) ;
#2162 = EDGE_LOOP ( 'NONE', ( #5493, #1325, #5129, #3816 ) ) ;
#2163 = CIRCLE ( 'NONE', #908, 0.8000000000000003775 ) ;
#2164 = DIRECTION ( 'NONE',  ( 0.000000000000000000, 0.000000000000000000, 1.000000000000000000 ) ) ;
#2165 = AXIS2_PLACEMENT_3D ( 'NONE', #5846, #3136, #1672 ) ;
#2166 = DIRECTION ( 'NONE',  ( -0.7071067811865475727, 0.000000000000000000, 0.7071067811865475727 ) ) ;
#2167 = CARTESIAN_POINT ( 'NONE',  ( 6.500000000000000000, 88.50000000000000000, -14.50000000000000000 ) ) ;
#2168 = PLANE ( 'NONE',  #2874 ) ;
#2169 = CIRCLE ( 'NONE', #1005, 0.8000000000000003775 ) ;
#2170 = CARTESIAN_POINT ( 'NONE',  ( -27.40608137828822422, 125.4243891874962600, -12.37465239442843590 ) ) ;
#2171 = ORIENTED_EDGE ( 'NONE', *, *, #283, .F. ) ;
#2172 = AXIS2_PLACEMENT_3D ( 'NONE', #2152, #3954, #5873 ) ;
#2173 = ORIENTED_EDGE ( 'NONE', *, *, #1464, .T. ) ;
#2174 = AXIS2_PLACEMENT_3D ( 'NONE', #1540, #1149, #2546 ) ;
#2175 = ORIENTED_EDGE ( 'NONE', *, *, #101, .F. ) ;
#2176 = DIRECTION ( 'NONE',  ( -1.000000000000000000, 0.000000000000000000, 0.000000000000000000 ) ) ;
#2177 = VERTEX_POINT ( 'NONE', #3220 ) ;
#2178 = ORIENTED_EDGE ( 'NONE', *, *, #5230, .F. ) ;
#2179 = CIRCLE ( 'NONE', #532, 2.199999999999998845 ) ;
#2180 = VECTOR ( 'NONE', #1184, 1000.000000000000000 ) ;
#2181 = CARTESIAN_POINT ( 'NONE',  ( 25.49999999999999645, 124.2918265716061086, -12.51963939542628879 ) ) ;
#2182 = DIRECTION ( 'NONE',  ( 0.000000000000000000, 0.000000000000000000, 1.000000000000000000 ) ) ;
#2183 = CIRCLE ( 'NONE', #4917, 0.3999999999999906408 ) ;
#2184 = FACE_OUTER_BOUND ( 'NONE', #3307, .T. ) ;
#2185 = CYLINDRICAL_SURFACE ( 'NONE', #2172, 2.199999999999998845 ) ;
#2186 = B_SPLINE_CURVE_WITH_KNOTS ( 'NONE', 3,
 ( #2321, #1858, #4183, #19 ),
 .UNSPECIFIED., .F., .F.,
 ( 4, 4 ),
 ( 0.000000000000000000, 0.0004257916520139578696 ),
 .UNSPECIFIED. ) ;
#2187 = AXIS2_PLACEMENT_3D ( 'NONE', #5201, #1033, #4287 ) ;
#2188 = ORIENTED_EDGE ( 'NONE', *, *, #307, .F. ) ;
#2189 = CARTESIAN_POINT ( 'NONE',  ( -23.97588732946300993, 124.8909915032217555, -12.36965391205594500 ) ) ;
#2190 = VECTOR ( 'NONE', #1691, 1000.000000000000000 ) ;
#2191 = FACE_OUTER_BOUND ( 'NONE', #5808, .T. ) ;
#2192 = DIRECTION ( 'NONE',  ( 1.000000000000000000, 0.000000000000000000, 0.000000000000000000 ) ) ;
#2193 = CARTESIAN_POINT ( 'NONE',  ( 25.50000000000000355, 133.6000000000000227, -16.69999999999999929 ) ) ;
#2194 = ORIENTED_EDGE ( 'NONE', *, *, #5891, .T. ) ;
#2195 = EDGE_CURVE ( 'NONE', #4432, #4003, #5802, .T. ) ;
#2196 = AXIS2_PLACEMENT_3D ( 'NONE', #275, #5262, #4441 ) ;
#2197 = EDGE_LOOP ( 'NONE', ( #4224, #1444 ) ) ;
#2198 = ADVANCED_FACE ( 'NONE', ( #5530 ), #5116, .T. ) ;
#2199 = CARTESIAN_POINT ( 'NONE',  ( 7.365430104311823101, 132.5000000000000000, -13.79999999999999893 ) ) ;
#2200 = CARTESIAN_POINT ( 'NONE',  ( -10.09919023743945132, 90.26835871724247795, -13.79999999999999893 ) ) ;
#2201 = CYLINDRICAL_SURFACE ( 'NONE', #3032, 0.8000000000000003775 ) ;
#2202 = TOROIDAL_SURFACE ( 'NONE', #4440, 2.599999999999991207, 2.199999999999999734 ) ;
#2203 = EDGE_CURVE ( 'NONE', #1468, #1163, #4347, .T. ) ;
#2204 = DIRECTION ( 'NONE',  ( -0.6804510993672788777, 0.7327934916262981435, 0.000000000000000000 ) ) ;
#2205 = CARTESIAN_POINT ( 'NONE',  ( -27.45712808233112057, 125.5168398367806901, -12.35151891119874357 ) ) ;
#2206 = ORIENTED_EDGE ( 'NONE', *, *, #3650, .F. ) ;
#2207 = AXIS2_PLACEMENT_3D ( 'NONE', #3880, #1147, #5737 ) ;
#2208 = ORIENTED_EDGE ( 'NONE', *, *, #3726, .F. ) ;
#2209 = VECTOR ( 'NONE', #3659, 1000.000000000000000 ) ;
#2210 = EDGE_LOOP ( 'NONE', ( #3412, #5019 ) ) ;
#2211 = AXIS2_PLACEMENT_3D ( 'NONE', #1290, #5006, #5544 ) ;
#2212 = AXIS2_PLACEMENT_3D ( 'NONE', #2200, #3717, #5096 ) ;
#2213 = CARTESIAN_POINT ( 'NONE',  ( 6.500000000000000000, 93.50000000000000000, -13.79999999999999893 ) ) ;
#2214 = CYLINDRICAL_SURFACE ( 'NONE', #3534, 2.200000000000002842 ) ;
#2215 = ORIENTED_EDGE ( 'NONE', *, *, #3098, .T. ) ;
#2216 = ORIENTED_EDGE ( 'NONE', *, *, #1861, .T. ) ;
#2217 = CARTESIAN_POINT ( 'NONE',  ( 8.413995776783909974, 133.5772817927279164, -13.41527876094667349 ) ) ;
#2218 = CARTESIAN_POINT ( 'NONE',  ( -7.662902329198327145, 88.50000000000001421, -13.14038834024219149 ) ) ;
#2219 = LINE ( 'NONE', #913, #835 ) ;
#2220 = CARTESIAN_POINT ( 'NONE',  ( 10.50000000000000000, 129.7109646337065954, -13.79999999999999893 ) ) ;
#2221 = ORIENTED_EDGE ( 'NONE', *, *, #1281, .T. ) ;
#2222 = DIRECTION ( 'NONE',  ( 0.000000000000000000, 1.000000000000000000, 0.000000000000000000 ) ) ;
#2223 = DIRECTION ( 'NONE',  ( 0.000000000000000000, 0.000000000000000000, 1.000000000000000000 ) ) ;
#2224 =( BOUNDED_CURVE ( )  B_SPLINE_CURVE ( 3, ( #445, #4161, #2, #55 ),
 .UNSPECIFIED., .F., .T. ) 
 B_SPLINE_CURVE_WITH_KNOTS ( ( 4, 4 ),
 ( 2.356194490192349722, 4.712388980384685233 ),
 .UNSPECIFIED. ) 
 CURVE ( )  GEOMETRIC_REPRESENTATION_ITEM ( )  RATIONAL_B_SPLINE_CURVE ( ( 1.000000000000000000, 0.5884556215767293708, 0.5884556215767293708, 1.000000000000000000 ) ) 
 REPRESENTATION_ITEM ( '' )  );
#2225 = CARTESIAN_POINT ( 'NONE',  ( -9.099999999999997868, 83.50000000000000000, -14.50000000000000000 ) ) ;
#2226 = ORIENTED_EDGE ( 'NONE', *, *, #1116, .F. ) ;
#2227 = ORIENTED_EDGE ( 'NONE', *, *, #959, .F. ) ;
#2228 = DIRECTION ( 'NONE',  ( 0.000000000000000000, -1.000000000000000000, 0.000000000000000000 ) ) ;
#2229 = DIRECTION ( 'NONE',  ( 0.000000000000000000, 1.000000000000000000, 0.000000000000000000 ) ) ;
#2230 = CARTESIAN_POINT ( 'NONE',  ( -9.099999999999997868, 86.10000000000000853, -14.50000000000000000 ) ) ;
#2231 = EDGE_CURVE ( 'NONE', #5608, #4027, #3184, .T. ) ;
#2232 = CARTESIAN_POINT ( 'NONE',  ( -4.642019126367453730, 87.47473204591263141, -13.31644019836608805 ) ) ;
#2233 = ORIENTED_EDGE ( 'NONE', *, *, #3009, .F. ) ;
#2234 = EDGE_LOOP ( 'NONE', ( #563, #4709, #83, #5467, #4147, #710, #5151 ) ) ;
#2235 = EDGE_CURVE ( 'NONE', #4413, #4532, #5315, .T. ) ;
#2236 = EDGE_CURVE ( 'NONE', #996, #2302, #3425, .T. ) ;
#2237 = ORIENTED_EDGE ( 'NONE', *, *, #4173, .F. ) ;
#2238 = DIRECTION ( 'NONE',  ( 0.000000000000000000, 0.000000000000000000, 1.000000000000000000 ) ) ;
#2239 = CARTESIAN_POINT ( 'NONE',  ( -2.900809762560546901, 130.7316412827575220, -13.79999999999999893 ) ) ;
#2240 = VERTEX_POINT ( 'NONE', #3286 ) ;
#2241 = VERTEX_POINT ( 'NONE', #1847 ) ;
#2242 = CARTESIAN_POINT ( 'NONE',  ( 2.500000000000000000, 127.5000000000000000, -13.79999999999999893 ) ) ;
#2243 = FACE_OUTER_BOUND ( 'NONE', #2684, .T. ) ;
#2244 = CARTESIAN_POINT ( 'NONE',  ( 23.50000000000000000, 87.50000000000000000, -14.50000000000000000 ) ) ;
#2245 = ADVANCED_FACE ( 'NONE', ( #2013 ), #5558, .T. ) ;
#2246 = ORIENTED_EDGE ( 'NONE', *, *, #4017, .F. ) ;
#2247 = CARTESIAN_POINT ( 'NONE',  ( -4.301462242284648241, 88.50000000000000000, -14.58019805421551318 ) ) ;
#2248 = CARTESIAN_POINT ( 'NONE',  ( 24.73905202779472390, 127.1769216225893615, -15.67175997598292270 ) ) ;
#2249 = CYLINDRICAL_SURFACE ( 'NONE', #4704, 0.7999999999999987121 ) ;
#2250 = ORIENTED_EDGE ( 'NONE', *, *, #4188, .F. ) ;
#2251 = DIRECTION ( 'NONE',  ( 0.000000000000000000, 0.000000000000000000, 1.000000000000000000 ) ) ;
#2252 = LINE ( 'NONE', #5043, #5706 ) ;
#2253 = DIRECTION ( 'NONE',  ( 0.000000000000000000, 0.000000000000000000, 1.000000000000000000 ) ) ;
#2254 = CARTESIAN_POINT ( 'NONE',  ( -27.29167642478126510, 125.2529476312863039, -12.42670484778019713 ) ) ;
#2255 = ORIENTED_EDGE ( 'NONE', *, *, #1275, .T. ) ;
#2256 = VERTEX_POINT ( 'NONE', #2397 ) ;
#2257 = TOROIDAL_SURFACE ( 'NONE', #2848, 4.500000000000000888, 2.200000000000000622 ) ;
#2258 = FACE_OUTER_BOUND ( 'NONE', #2036, .T. ) ;
#2259 = VECTOR ( 'NONE', #1412, 1000.000000000000000 ) ;
#2260 = VERTEX_POINT ( 'NONE', #5271 ) ;
#2261 = AXIS2_PLACEMENT_3D ( 'NONE', #1426, #860, #914 ) ;
#2262 = CARTESIAN_POINT ( 'NONE',  ( -5.634569895688151142, 88.50000000000000000, -13.79999999999999893 ) ) ;
#2263 = DIRECTION ( 'NONE',  ( 0.000000000000000000, 0.000000000000000000, 1.000000000000000000 ) ) ;
#2264 = ORIENTED_EDGE ( 'NONE', *, *, #2266, .F. ) ;
#2265 = EDGE_CURVE ( 'NONE', #5311, #5556, #267, .T. ) ;
#2266 = EDGE_CURVE ( 'NONE', #6019, #951, #5140, .T. ) ;
#2267 = EDGE_LOOP ( 'NONE', ( #3138, #5704, #5321, #4394, #783 ) ) ;
#2268 = AXIS2_PLACEMENT_3D ( 'NONE', #3594, #3031, #2682 ) ;
#2269 = DIRECTION ( 'NONE',  ( 0.000000000000000000, -0.000000000000000000, 1.000000000000000000 ) ) ;
#2270 = DIRECTION ( 'NONE',  ( 0.000000000000000000, -1.000000000000000000, 0.000000000000000000 ) ) ;
#2271 = DIRECTION ( 'NONE',  ( 0.000000000000000000, 0.000000000000000000, 1.000000000000000000 ) ) ;
#2272 = DIRECTION ( 'NONE',  ( 0.000000000000000000, 1.000000000000000000, 0.000000000000000000 ) ) ;
#2273 = EDGE_CURVE ( 'NONE', #1163, #2507, #1914, .T. ) ;
#2274 = EDGE_CURVE ( 'NONE', #4745, #1956, #2797, .T. ) ;
#2275 = CIRCLE ( 'NONE', #1881, 2.199999999999993516 ) ;
#2276 = EDGE_LOOP ( 'NONE', ( #1733, #1926, #68, #2142 ) ) ;
#2277 = CARTESIAN_POINT ( 'NONE',  ( -23.62558529113950812, 126.8412395591123953, -14.31985146836866463 ) ) ;
#2278 = VECTOR ( 'NONE', #2164, 1000.000000000000000 ) ;
#2279 = DIRECTION ( 'NONE',  ( 0.000000000000000000, 1.000000000000000000, 0.000000000000000000 ) ) ;
#2280 = CARTESIAN_POINT ( 'NONE',  ( -10.09919023743945132, 90.26835871724247795, -13.79999999999999893 ) ) ;
#2281 = EDGE_CURVE ( 'NONE', #312, #5313, #2104, .T. ) ;
#2282 = EDGE_LOOP ( 'NONE', ( #2810, #3529, #5585, #5784, #601, #2612 ) ) ;
#2283 = AXIS2_PLACEMENT_3D ( 'NONE', #2536, #742, #318 ) ;
#2284 = AXIS2_PLACEMENT_3D ( 'NONE', #3881, #2045, #5833 ) ;
#2285 = DATE_TIME_ROLE ( 'classification_date' ) ;
#2286 = CYLINDRICAL_SURFACE ( 'NONE', #1213, 2.199999999999998845 ) ;
#2287 = FACE_OUTER_BOUND ( 'NONE', #3315, .T. ) ;
#2288 = DIRECTION ( 'NONE',  ( 0.000000000000000000, -1.000000000000000000, 0.000000000000000000 ) ) ;
#2289 = EDGE_CURVE ( 'NONE', #4414, #2159, #4447, .T. ) ;
#2290 = FACE_OUTER_BOUND ( 'NONE', #1593, .T. ) ;
#2291 = EDGE_LOOP ( 'NONE', ( #2508, #1162, #1806, #3245, #2672 ) ) ;
#2292 = EDGE_LOOP ( 'NONE', ( #121, #5437, #441, #3190 ) ) ;
#2293 = CIRCLE ( 'NONE', #3367, 0.8000000000000003775 ) ;
#2294 = AXIS2_PLACEMENT_3D ( 'NONE', #1765, #5478, #5031 ) ;
#2295 = CARTESIAN_POINT ( 'NONE',  ( 9.000000000000001776, 129.7109646337065954, -13.79999999999999893 ) ) ;
#2296 = DIRECTION ( 'NONE',  ( -0.6804510993672789887, 0.7327934916262981435, 0.000000000000000000 ) ) ;
#2297 = CYLINDRICAL_SURFACE ( 'NONE', #353, 0.8000000000000003775 ) ;
#2298 = CARTESIAN_POINT ( 'NONE',  ( 6.500000000000000000, 132.5000000000000000, -14.59999999999999964 ) ) ;
#2299 = EDGE_LOOP ( 'NONE', ( #2548, #528, #2816, #4602 ) ) ;
#2300 = AXIS2_PLACEMENT_3D ( 'NONE', #3221, #2182, #371 ) ;
#2301 = AXIS2_PLACEMENT_3D ( 'NONE', #3126, #4988, #5906 ) ;
#2302 = VERTEX_POINT ( 'NONE', #2847 ) ;
#2303 = AXIS2_PLACEMENT_3D ( 'NONE', #2502, #2977, #696 ) ;
#2304 = CARTESIAN_POINT ( 'NONE',  ( -5.634569895688165353, 132.5000000000000000, -13.43417466591135856 ) ) ;
#2305 = AXIS2_PLACEMENT_3D ( 'NONE', #4878, #703, #5366 ) ;
#2306 = FACE_OUTER_BOUND ( 'NONE', #717, .T. ) ;
#2307 = ADVANCED_FACE ( 'NONE', ( #2950 ), #5730, .T. ) ;
#2308 = CYLINDRICAL_SURFACE ( 'NONE', #1597, 0.8000000000000003775 ) ;
#2309 = CARTESIAN_POINT ( 'NONE',  ( 23.50000000000000000, 87.50000000000000000, -14.50000000000000000 ) ) ;
#2310 = ADVANCED_FACE ( 'NONE', ( #2106 ), #4949, .T. ) ;
#2311 = VECTOR ( 'NONE', #2436, 1000.000000000000000 ) ;
#2312 = ORIENTED_EDGE ( 'NONE', *, *, #4285, .T. ) ;
#2313 = EDGE_CURVE ( 'NONE', #5429, #4010, #2505, .T. ) ;
#2314 = DIRECTION ( 'NONE',  ( -1.000000000000000000, -6.672013369141589869E-16, 0.000000000000000000 ) ) ;
#2315 = CC_DESIGN_PERSON_AND_ORGANIZATION_ASSIGNMENT ( #1403, #2320, ( #348 ) ) ;
#2316 = DIRECTION ( 'NONE',  ( 0.000000000000000000, 1.000000000000000000, 0.000000000000000000 ) ) ;
#2317 = CARTESIAN_POINT ( 'NONE',  ( -8.699822101461133883, 88.06451896106598554, -14.44968551627064990 ) ) ;
#2318 = LINE ( 'NONE', #5089, #4308 ) ;
#2319 = VERTEX_POINT ( 'NONE', #5889 ) ;
#2320 = PERSON_AND_ORGANIZATION_ROLE ( 'design_supplier' ) ;
#2321 = CARTESIAN_POINT ( 'NONE',  ( -4.586004223216057163, 87.42271820727205522, -13.41527876094673566 ) ) ;
#2322 = DIRECTION ( 'NONE',  ( -0.7071067811865475727, 0.000000000000000000, -0.7071067811865475727 ) ) ;
#2323 = DIRECTION ( 'NONE',  ( 1.000000000000000000, 0.000000000000000000, 0.000000000000000000 ) ) ;
#2324 = AXIS2_PLACEMENT_3D ( 'NONE', #3476, #1161, #3892 ) ;
#2325 = DIRECTION ( 'NONE',  ( 0.000000000000000000, 1.000000000000000000, 0.000000000000000000 ) ) ;
#2326 = EDGE_CURVE ( 'NONE', #996, #251, #5034, .T. ) ;
#2327 = VERTEX_POINT ( 'NONE', #2137 ) ;
#2328 = ORIENTED_EDGE ( 'NONE', *, *, #5038, .T. ) ;
#2329 = DIRECTION ( 'NONE',  ( 1.000000000000000000, 0.000000000000000000, 0.000000000000000000 ) ) ;
#2330 = PLANE ( 'NONE',  #3187 ) ;
#2331 = CARTESIAN_POINT ( 'NONE',  ( -6.500000000000000000, 130.3000000000000114, -13.00000000000000000 ) ) ;
#2332 = EDGE_LOOP ( 'NONE', ( #2035, #4466, #4070, #1300, #3693 ) ) ;
#2333 = EDGE_LOOP ( 'NONE', ( #5881, #4834, #5831, #4922, #5243 ) ) ;
#2334 = DIRECTION ( 'NONE',  ( 0.000000000000000000, 1.000000000000000000, 0.000000000000000000 ) ) ;
#2335 = CARTESIAN_POINT ( 'NONE',  ( -6.500000000000000000, 130.3000000000000114, -13.79999999999999893 ) ) ;
#2336 = ORIENTED_EDGE ( 'NONE', *, *, #1485, .F. ) ;
#2337 = B_SPLINE_CURVE_WITH_KNOTS ( 'NONE', 3,
 ( #5782, #2058, #3472, #1159, #1222, #4356, #1609, #248 ),
 .UNSPECIFIED., .F., .F.,
 ( 4, 2, 2, 4 ),
 ( 0.000000000000000000, 0.0003408161586476058194, 0.0006816323172952116387, 0.001363264634590423277 ),
 .UNSPECIFIED. ) ;
#2338 = DIRECTION ( 'NONE',  ( 0.000000000000000000, 0.000000000000000000, 1.000000000000000000 ) ) ;
#2339 = CARTESIAN_POINT ( 'NONE',  ( 10.50000000000000000, 129.7109646337065954, -13.79999999999999893 ) ) ;
#2340 = CARTESIAN_POINT ( 'NONE',  ( -2.500000000000000000, 129.7109646337065954, -13.79999999999999893 ) ) ;
#2341 = CARTESIAN_POINT ( 'NONE',  ( -6.500000000000000000, 90.70000000000000284, -14.59999999999999964 ) ) ;
#2342 = EDGE_CURVE ( 'NONE', #4532, #5363, #3287, .T. ) ;
#2343 = ORIENTED_EDGE ( 'NONE', *, *, #4554, .T. ) ;
#2344 = COORDINATED_UNIVERSAL_TIME_OFFSET ( 12, 0, .AHEAD. ) ;
#2345 = FACE_OUTER_BOUND ( 'NONE', #2047, .T. ) ;
#2346 = DIRECTION ( 'NONE',  ( 0.7327934916263015852, 0.6804510993672753250, 0.000000000000000000 ) ) ;
#2347 = CARTESIAN_POINT ( 'NONE',  ( -25.69999999999999929, 122.0000000000000000, -14.50000000000000000 ) ) ;
#2348 = B_SPLINE_CURVE_WITH_KNOTS ( 'NONE', 3,
 ( #4375, #1089, #2025, #3491, #2999, #3884, #5287, #4836, #1633, #3913, #1598, #3462, #4863, #2549, #4403, #240, #2360, #909 ),
 .UNSPECIFIED., .F., .F.,
 ( 4, 2, 2, 2, 2, 2, 2, 2, 4 ),
 ( 4.865028594812274921E-07, 0.0004823104354976278231, 0.0009641343681357744232, 0.001445958300773921186, 0.001927782233412067732, 0.002409606166050214278, 0.002891430098688360824, 0.003373254031326507370, 0.003855077963964653916 ),
 .UNSPECIFIED. ) ;
#2349 = DIRECTION ( 'NONE',  ( 0.000000000000000000, 1.000000000000000000, 0.000000000000000000 ) ) ;
#2350 = EDGE_CURVE ( 'NONE', #668, #1224, #3080, .T. ) ;
#2351 = EDGE_LOOP ( 'NONE', ( #4982, #1694, #5897, #5143, #4258 ) ) ;
#2352 = EDGE_LOOP ( 'NONE', ( #4095, #2049, #1674, #4093, #1324, #5407, #3185 ) ) ;
#2353 = LINE ( 'NONE', #5580, #2259 ) ;
#2354 = DIRECTION ( 'NONE',  ( -0.9754410020677064530, 0.000000000000000000, 0.2202608714346442897 ) ) ;
#2355 = CIRCLE ( 'NONE', #1677, 4.799999999999994493 ) ;
#2356 = DIRECTION ( 'NONE',  ( 0.000000000000000000, 1.000000000000000000, 0.000000000000000000 ) ) ;
#2357 = ORIENTED_EDGE ( 'NONE', *, *, #599, .T. ) ;
#2358 = ORIENTED_EDGE ( 'NONE', *, *, #5037, .F. ) ;
#2359 = EDGE_LOOP ( 'NONE', ( #3793, #2449, #400, #4362, #1751, #3154 ) ) ;
#2360 = CARTESIAN_POINT ( 'NONE',  ( 27.66601524168380521, 126.1590746264598408, -12.29999999999886384 ) ) ;
#2361 = DIRECTION ( 'NONE',  ( 0.000000000000000000, 0.000000000000000000, 1.000000000000000000 ) ) ;
#2362 = DIRECTION ( 'NONE',  ( 0.000000000000000000, -1.000000000000000000, 0.000000000000000000 ) ) ;
#2363 = CARTESIAN_POINT ( 'NONE',  ( -4.776088314626292686, 133.4007751364184173, -13.13320502597061967 ) ) ;
#2364 = DIRECTION ( 'NONE',  ( 0.000000000000000000, 0.000000000000000000, -1.000000000000000000 ) ) ;
#2365 = EDGE_CURVE ( 'NONE', #394, #4987, #655, .T. ) ;
#2366 = AXIS2_PLACEMENT_3D ( 'NONE', #2635, #255, #2107 ) ;
#2367 = EDGE_LOOP ( 'NONE', ( #5552, #2997, #415, #486, #719, #1655 ) ) ;
#2368 = CIRCLE ( 'NONE', #1204, 2.199999999999998845 ) ;
#2369 = PLANE ( 'NONE',  #554 ) ;
#2370 = CARTESIAN_POINT ( 'NONE',  ( 8.413995776783938396, 87.42271820727205522, -13.41527876094672500 ) ) ;
#2371 = LINE ( 'NONE', #2856, #727 ) ;
#2372 = CARTESIAN_POINT ( 'NONE',  ( -27.25735931288071257, 126.0000000000000000, 27.25735931288071257 ) ) ;
#2373 = ORIENTED_EDGE ( 'NONE', *, *, #3399, .T. ) ;
#2374 = AXIS2_PLACEMENT_3D ( 'NONE', #407, #4611, #1886 ) ;
#2375 = PERSON_AND_ORGANIZATION ( #3587, #2478 ) ;
#2376 = DIRECTION ( 'NONE',  ( -0.000000000000000000, -0.000000000000000000, -1.000000000000000000 ) ) ;
#2377 = CIRCLE ( 'NONE', #4322, 2.199999999999998845 ) ;
#2378 = DIRECTION ( 'NONE',  ( 0.000000000000000000, -1.000000000000000000, 0.000000000000000000 ) ) ;
#2379 = DIRECTION ( 'NONE',  ( 0.000000000000000000, 1.000000000000000000, 0.000000000000000000 ) ) ;
#2380 = EDGE_CURVE ( 'NONE', #3767, #2865, #857, .T. ) ;
#2381 = APPROVAL_PERSON_ORGANIZATION ( #1012, #5547, #4644 ) ;
#2382 = CARTESIAN_POINT ( 'NONE',  ( -7.900000000000003908, 133.0999999999999943, -13.79999999999999893 ) ) ;
#2383 = VERTEX_POINT ( 'NONE', #3998 ) ;
#2384 = EDGE_CURVE ( 'NONE', #4259, #2260, #4603, .T. ) ;
#2385 = CIRCLE ( 'NONE', #3448, 1.800000000000002931 ) ;
#2386 = VERTEX_POINT ( 'NONE', #1713 ) ;
#2387 = ADVANCED_FACE ( 'NONE', ( #221 ), #3045, .T. ) ;
#2388 = CARTESIAN_POINT ( 'NONE',  ( 6.500000000000000000, 88.50000000000000000, -16.69999999999999929 ) ) ;
#2389 = AXIS2_PLACEMENT_3D ( 'NONE', #756, #2613, #2486 ) ;
#2390 = FACE_OUTER_BOUND ( 'NONE', #231, .T. ) ;
#2391 = DIRECTION ( 'NONE',  ( 0.000000000000000000, 0.000000000000000000, 1.000000000000000000 ) ) ;
#2392 = ORIENTED_EDGE ( 'NONE', *, *, #793, .T. ) ;
#2393 = VERTEX_POINT ( 'NONE', #5755 ) ;
#2394 = CIRCLE ( 'NONE', #740, 0.8000000000000020428 ) ;
#2395 = ORIENTED_EDGE ( 'NONE', *, *, #5859, .T. ) ;
#2396 = CIRCLE ( 'NONE', #3849, 2.199999999999998845 ) ;
#2397 = CARTESIAN_POINT ( 'NONE',  ( 10.50000000000000000, 127.5000000000000000, -14.59999999999999964 ) ) ;
#2398 = DIRECTION ( 'NONE',  ( 0.6804510993672805430, 0.7327934916262965892, 0.000000000000000000 ) ) ;
#2399 = AXIS2_PLACEMENT_3D ( 'NONE', #97, #3794, #5642 ) ;
#2400 = CIRCLE ( 'NONE', #3568, 2.300000000000001599 ) ;
#2401 = DIRECTION ( 'NONE',  ( 1.000000000000000000, 0.000000000000000000, 0.000000000000000000 ) ) ;
#2402 = CARTESIAN_POINT ( 'NONE',  ( -10.09919023743945132, 130.7316412827575220, -13.79999999999999893 ) ) ;
#2403 = ADVANCED_FACE ( 'NONE', ( #2604 ), #4977, .T. ) ;
#2404 = EDGE_LOOP ( 'NONE', ( #2873, #1408, #917, #5392, #3297, #2858 ) ) ;
#2405 = CIRCLE ( 'NONE', #374, 2.199999999999998845 ) ;
#2406 = AXIS2_PLACEMENT_3D ( 'NONE', #396, #5959, #1361 ) ;
#2407 = DIRECTION ( 'NONE',  ( 0.7071067811865475727, 0.000000000000000000, 0.7071067811865475727 ) ) ;
#2408 = LINE ( 'NONE', #4776, #1342 ) ;
#2409 = DIRECTION ( 'NONE',  ( 0.6804510993672790997, 0.7327934916262980325, 0.000000000000000000 ) ) ;
#2410 = DIRECTION ( 'NONE',  ( 0.000000000000000000, 0.000000000000000000, 1.000000000000000000 ) ) ;
#2411 = TOROIDAL_SURFACE ( 'NONE', #84, 1.500000000000001332, 0.8000000000000003775 ) ;
#2412 = AXIS2_PLACEMENT_3D ( 'NONE', #3332, #112, #4219 ) ;
#2413 = VERTEX_POINT ( 'NONE', #1680 ) ;
#2414 = CARTESIAN_POINT ( 'NONE',  ( -23.50000000000000000, 87.50000000000000000, -16.69999999999999929 ) ) ;
#2415 = DIRECTION ( 'NONE',  ( 0.000000000000000000, 0.000000000000000000, -1.000000000000000000 ) ) ;
#2416 = CARTESIAN_POINT ( 'NONE',  ( 7.958421574146513855, 132.5000000000000000, -14.70316441953408670 ) ) ;
#2417 = VERTEX_POINT ( 'NONE', #1579 ) ;
#2418 = AXIS2_PLACEMENT_3D ( 'NONE', #3565, #5916, #2192 ) ;
#2419 = VERTEX_POINT ( 'NONE', #5304 ) ;
#2420 = DIRECTION ( 'NONE',  ( 0.000000000000000000, 1.000000000000000000, 0.000000000000000000 ) ) ;
#2421 = CARTESIAN_POINT ( 'NONE',  ( -8.140689206128277178, 88.50000000000000000, -13.03434692751179114 ) ) ;
#2422 = CARTESIAN_POINT ( 'NONE',  ( 2.500000000000000000, 129.7109646337065954, -13.79999999999999893 ) ) ;
#2423 = DIRECTION ( 'NONE',  ( -0.000000000000000000, -0.000000000000000000, -1.000000000000000000 ) ) ;
#2424 =( BOUNDED_CURVE ( )  B_SPLINE_CURVE ( 3, ( #3738, #1032, #5590, #3706 ),
 .UNSPECIFIED., .F., .T. ) 
 B_SPLINE_CURVE_WITH_KNOTS ( ( 4, 4 ),
 ( 0.5155978996247941870, 0.6703629608968676434 ),
 .UNSPECIFIED. ) 
 CURVE ( )  GEOMETRIC_REPRESENTATION_ITEM ( )  RATIONAL_B_SPLINE_CURVE ( ( 1.000000000000000000, 0.9980049771413127546, 0.9980049771413127546, 1.000000000000000000 ) ) 
 REPRESENTATION_ITEM ( '' )  );
#2425 = ORIENTED_EDGE ( 'NONE', *, *, #1641, .F. ) ;
#2426 = EDGE_CURVE ( 'NONE', #4130, #3119, #1337, .T. ) ;
#2427 = VERTEX_POINT ( 'NONE', #4388 ) ;
#2428 = EDGE_CURVE ( 'NONE', #1031, #2241, #4835, .T. ) ;
#2429 = CARTESIAN_POINT ( 'NONE',  ( -4.457210498126003451, 133.5834558087231869, -13.67225043545088070 ) ) ;
#2430 = CARTESIAN_POINT ( 'NONE',  ( -4.586004223216032294, 133.5772817927279448, -13.41527876094679428 ) ) ;
#2431 = CARTESIAN_POINT ( 'NONE',  ( 11.30000000000000071, 129.7109646337065954, -13.79999999999999893 ) ) ;
#2432 = EDGE_CURVE ( 'NONE', #4893, #3183, #1817, .T. ) ;
#2433 = ORIENTED_EDGE ( 'NONE', *, *, #1894, .F. ) ;
#2434 = LINE ( 'NONE', #5206, #5907 ) ;
#2435 = EDGE_CURVE ( 'NONE', #5436, #3236, #370, .T. ) ;
#2436 = DIRECTION ( 'NONE',  ( 0.000000000000000000, -1.000000000000000000, 0.000000000000000000 ) ) ;
#2437 = DIRECTION ( 'NONE',  ( 0.000000000000000000, 0.000000000000000000, 1.000000000000000000 ) ) ;
#2438 = DIRECTION ( 'NONE',  ( 0.000000000000000000, -1.000000000000000000, 0.000000000000000000 ) ) ;
#2439 = ORIENTED_EDGE ( 'NONE', *, *, #2350, .T. ) ;
#2440 = CARTESIAN_POINT ( 'NONE',  ( 7.900000000000003908, 133.0999999999999943, -13.79999999999999893 ) ) ;
#2441 = CARTESIAN_POINT ( 'NONE',  ( -27.70295189266298763, 128.0897434569390612, -13.79332449555481332 ) ) ;
#2442 = ORIENTED_EDGE ( 'NONE', *, *, #5724, .T. ) ;
#2443 = ORIENTED_EDGE ( 'NONE', *, *, #4005, .F. ) ;
#2444 = DIRECTION ( 'NONE',  ( 0.000000000000000000, 0.000000000000000000, 1.000000000000000000 ) ) ;
#2445 = CYLINDRICAL_SURFACE ( 'NONE', #5203, 2.199999999999998845 ) ;
#2446 = CARTESIAN_POINT ( 'NONE',  ( -6.500000000000000000, 127.5000000000000000, -13.79999999999999893 ) ) ;
#2447 = CARTESIAN_POINT ( 'NONE',  ( -23.50000000000000000, 122.0000000000000000, -14.50000000000000000 ) ) ;
#2448 = ORIENTED_EDGE ( 'NONE', *, *, #2476, .T. ) ;
#2449 = ORIENTED_EDGE ( 'NONE', *, *, #3282, .T. ) ;
#2450 = CARTESIAN_POINT ( 'NONE',  ( 8.103312779694240575, 88.19096408274469923, -12.99350038422089426 ) ) ;
#2451 = DIRECTION ( 'NONE',  ( 0.000000000000000000, 0.000000000000000000, 1.000000000000000000 ) ) ;
#2452 = EDGE_CURVE ( 'NONE', #1724, #1676, #2725, .T. ) ;
#2453 = DIRECTION ( 'NONE',  ( 0.000000000000000000, 1.000000000000000000, 0.000000000000000000 ) ) ;
#2454 = EDGE_CURVE ( 'NONE', #3183, #1709, #1617, .T. ) ;
#2455 = EDGE_CURVE ( 'NONE', #3560, #815, #1246, .T. ) ;
#2456 = ORIENTED_EDGE ( 'NONE', *, *, #3349, .T. ) ;
#2457 = AXIS2_PLACEMENT_3D ( 'NONE', #2666, #3999, #4519 ) ;
#2458 = AXIS2_PLACEMENT_3D ( 'NONE', #4693, #3321, #2410 ) ;
#2459 = CARTESIAN_POINT ( 'NONE',  ( 8.223911685373749947, 87.59922486358151161, -13.13320502597066231 ) ) ;
#2460 = EDGE_CURVE ( 'NONE', #3171, #4393, #2252, .T. ) ;
#2461 = CARTESIAN_POINT ( 'NONE',  ( 121.8344983984421503, 142.5000000000000000, 124.0344983984421532 ) ) ;
#2462 = CIRCLE ( 'NONE', #4116, 0.8000000000000003775 ) ;
#2463 = DIRECTION ( 'NONE',  ( 0.000000000000000000, 0.000000000000000000, 1.000000000000000000 ) ) ;
#2464 = VECTOR ( 'NONE', #3495, 1000.000000000000000 ) ;
#2465 = ORIENTED_EDGE ( 'NONE', *, *, #2727, .F. ) ;
#2466 = ADVANCED_FACE ( 'NONE', ( #3206 ), #3603, .T. ) ;
#2467 = DIRECTION ( 'NONE',  ( 0.000000000000000000, 0.000000000000000000, 1.000000000000000000 ) ) ;
#2468 = B_SPLINE_CURVE_WITH_KNOTS ( 'NONE', 3,
 ( #2878, #5171, #2429, #4286 ),
 .UNSPECIFIED., .F., .F.,
 ( 4, 4 ),
 ( 7.757919228897728493E-18, 0.0004257916520138986180 ),
 .UNSPECIFIED. ) ;
#2469 = CARTESIAN_POINT ( 'NONE',  ( -32.67337166773783252, 126.0000000000000000, -18.16078261430392615 ) ) ;
#2470 = CARTESIAN_POINT ( 'NONE',  ( 7.365430104311823101, 132.5000000000000000, -13.79999999999999893 ) ) ;
#2471 = ORIENTED_EDGE ( 'NONE', *, *, #2901, .F. ) ;
#2472 = AXIS2_PLACEMENT_3D ( 'NONE', #3268, #5543, #3751 ) ;
#2473 = ORIENTED_EDGE ( 'NONE', *, *, #5844, .F. ) ;
#2474 = CIRCLE ( 'NONE', #5583, 0.8000000000000003775 ) ;
#2475 = DIRECTION ( 'NONE',  ( 0.000000000000000000, 1.000000000000000000, 0.000000000000000000 ) ) ;
#2476 = EDGE_CURVE ( 'NONE', #3119, #3171, #5423, .T. ) ;
#2477 = CARTESIAN_POINT ( 'NONE',  ( 6.500000000000000000, 86.10000000000000853, -12.30000000000000249 ) ) ;
#2478 = ORGANIZATION ( 'UNSPECIFIED', 'UNSPECIFIED', '' ) ;
#2479 = FACE_OUTER_BOUND ( 'NONE', #5822, .T. ) ;
#2480 = CIRCLE ( 'NONE', #4140, 0.8000000000000003775 ) ;
#2481 = CARTESIAN_POINT ( 'NONE',  ( -27.40591998861621548, 128.1247752118720769, -15.07576457776548473 ) ) ;
#2482 = ORIENTED_EDGE ( 'NONE', *, *, #2432, .T. ) ;
#2483 = ORIENTED_EDGE ( 'NONE', *, *, #5843, .T. ) ;
#2484 = CIRCLE ( 'NONE', #5687, 0.8000000000000003775 ) ;
#2485 = CARTESIAN_POINT ( 'NONE',  ( -121.8344983984421361, 142.5000000000000000, 121.8344983984421503 ) ) ;
#2486 = DIRECTION ( 'NONE',  ( 0.000000000000000000, 0.000000000000000000, 1.000000000000000000 ) ) ;
#2487 = CARTESIAN_POINT ( 'NONE',  ( 27.40591998862566925, 128.1247752118765106, -15.07576457774963608 ) ) ;
#2488 = CIRCLE ( 'NONE', #5894, 0.8000000000000003775 ) ;
#2489 = VERTEX_POINT ( 'NONE', #4119 ) ;
#2490 = LINE ( 'NONE', #986, #5876 ) ;
#2491 = EDGE_CURVE ( 'NONE', #2427, #3180, #1373, .T. ) ;
#2492 = CARTESIAN_POINT ( 'NONE',  ( 23.29999999999999361, 133.6000000000000227, -14.50000000000000000 ) ) ;
#2493 = VECTOR ( 'NONE', #2325, 1000.000000000000000 ) ;
#2494 = DIRECTION ( 'NONE',  ( -0.7327934916262920373, 0.6804510993672853170, 0.000000000000000000 ) ) ;
#2495 = EDGE_CURVE ( 'NONE', #5039, #3618, #964, .T. ) ;
#2496 = DIRECTION ( 'NONE',  ( 0.000000000000000000, 1.000000000000000000, 0.000000000000000000 ) ) ;
#2497 = CARTESIAN_POINT ( 'NONE',  ( -31.50000000000000000, 126.0000000000000000, 23.01471862576142868 ) ) ;
#2498 = CIRCLE ( 'NONE', #1812, 2.199999999999998845 ) ;
#2499 = ORIENTED_EDGE ( 'NONE', *, *, #1642, .F. ) ;
#2500 = CIRCLE ( 'NONE', #1725, 2.199999999999998845 ) ;
#2501 = ADVANCED_FACE ( 'NONE', ( #3689 ), #5573, .T. ) ;
#2502 = CARTESIAN_POINT ( 'NONE',  ( 6.500000000000000000, 86.10000000000000853, -14.50000000000000000 ) ) ;
#2503 = CARTESIAN_POINT ( 'NONE',  ( 25.10562162857277713, 124.2749669945402786, -12.40623804710916112 ) ) ;
#2504 = CIRCLE ( 'NONE', #3858, 2.200000000000007283 ) ;
#2505 = CIRCLE ( 'NONE', #2885, 0.8000000000000003775 ) ;
#2506 = EDGE_LOOP ( 'NONE', ( #42, #4469, #4874, #576 ) ) ;
#2507 = VERTEX_POINT ( 'NONE', #5947 ) ;
#2508 = ORIENTED_EDGE ( 'NONE', *, *, #339, .F. ) ;
#2509 = CARTESIAN_POINT ( 'NONE',  ( 4.414334638538544020, 87.46271819390962321, -13.80000000000004867 ) ) ;
#2510 = DIRECTION ( 'NONE',  ( 0.000000000000000000, 1.000000000000000000, 0.000000000000000000 ) ) ;
#2511 = CARTESIAN_POINT ( 'NONE',  ( 120.2788634798317560, 126.0000000000000000, 123.3901333170525447 ) ) ;
#2512 = EDGE_CURVE ( 'NONE', #5751, #2731, #351, .T. ) ;
#2513 = LINE ( 'NONE', #1142, #5595 ) ;
#2514 = CARTESIAN_POINT ( 'NONE',  ( -26.30610290202707802, 127.5931510525874160, -15.87799348621382656 ) ) ;
#2515 = ORIENTED_EDGE ( 'NONE', *, *, #2048, .F. ) ;
#2516 = VERTEX_POINT ( 'NONE', #895 ) ;
#2517 = DIRECTION ( 'NONE',  ( 1.000000000000000000, 0.000000000000000000, 0.000000000000000000 ) ) ;
#2518 = CARTESIAN_POINT ( 'NONE',  ( 4.000000000000000000, 91.28903536629340465, -13.79999999999999893 ) ) ;
#2519 = CARTESIAN_POINT ( 'NONE',  ( -19.50000000000000000, 87.50000000000001421, -14.50000000000000000 ) ) ;
#2520 = ORIENTED_EDGE ( 'NONE', *, *, #283, .T. ) ;
#2521 = ORIENTED_EDGE ( 'NONE', *, *, #5807, .T. ) ;
#2522 = DIRECTION ( 'NONE',  ( 0.000000000000000000, 0.000000000000000000, 1.000000000000000000 ) ) ;
#2523 = DIRECTION ( 'NONE',  ( 0.000000000000000000, 0.000000000000000000, 1.000000000000000000 ) ) ;
#2524 = DIRECTION ( 'NONE',  ( 0.000000000000000000, 0.000000000000000000, -1.000000000000000000 ) ) ;
#2525 = DIRECTION ( 'NONE',  ( -0.000000000000000000, -0.000000000000000000, -1.000000000000000000 ) ) ;
#2526 = B_SPLINE_CURVE_WITH_KNOTS ( 'NONE', 3,
 ( #4458, #5566, #5537, #2317, #1199, #4639, #3116, #4952 ),
 .UNSPECIFIED., .F., .F.,
 ( 4, 2, 2, 4 ),
 ( 0.000000000000000000, 0.0003408161586476076083, 0.0006816323172952152166, 0.001363264634590433469 ),
 .UNSPECIFIED. ) ;
#2527 = ORIENTED_EDGE ( 'NONE', *, *, #3875, .T. ) ;
#2528 = CARTESIAN_POINT ( 'NONE',  ( 32.63157378583108681, 126.0000000000000000, -28.33404377147821762 ) ) ;
#2529 = DIRECTION ( 'NONE',  ( 0.000000000000000000, -1.000000000000000000, 0.000000000000000000 ) ) ;
#2530 = ORIENTED_EDGE ( 'NONE', *, *, #883, .T. ) ;
#2531 = ORIENTED_EDGE ( 'NONE', *, *, #4588, .F. ) ;
#2532 = EDGE_LOOP ( 'NONE', ( #5336, #4926, #4766, #1757, #1480, #356, #932, #767, #5460, #4015 ) ) ;
#2533 = CARTESIAN_POINT ( 'NONE',  ( 19.50000000000000355, 85.70000000000000284, -14.50000000000000000 ) ) ;
#2534 = CARTESIAN_POINT ( 'NONE',  ( -4.844221311694230536, 133.2836383691578988, -13.04727021348101168 ) ) ;
#2535 = CARTESIAN_POINT ( 'NONE',  ( -4.300000000000001599, 133.5999999999999943, -14.50000000000000000 ) ) ;
#2536 = CARTESIAN_POINT ( 'NONE',  ( 10.50000000000000000, 91.28903536629340465, -13.79999999999999893 ) ) ;
#2537 = EDGE_CURVE ( 'NONE', #4432, #4784, #2750, .T. ) ;
#2538 = DIRECTION ( 'NONE',  ( 0.000000000000000000, 1.000000000000000000, 0.000000000000000000 ) ) ;
#2539 = CARTESIAN_POINT ( 'NONE',  ( 19.50000000000000355, 83.50000000000000000, -16.69999999999999929 ) ) ;
#2540 = EDGE_LOOP ( 'NONE', ( #2215, #411, #5322, #3451 ) ) ;
#2541 = EDGE_LOOP ( 'NONE', ( #2206, #5198, #4476, #1257, #535, #5659, #2644 ) ) ;
#2542 = CYLINDRICAL_SURFACE ( 'NONE', #1333, 0.8000000000000003775 ) ;
#2543 = ADVANCED_FACE ( 'NONE', ( #837 ), #3143, .T. ) ;
#2544 = B_SPLINE_CURVE_WITH_KNOTS ( 'NONE', 3,
 ( #3906, #3515, #2450, #4395, #4888, #3938 ),
 .UNSPECIFIED., .F., .F.,
 ( 4, 2, 4 ),
 ( 0.000000000000000000, 0.0004677297972549109136, 0.0009354595945098218273 ),
 .UNSPECIFIED. ) ;
#2545 = CARTESIAN_POINT ( 'NONE',  ( 121.8344983984421077, 126.0000000000000000, -124.0344983984421674 ) ) ;
#2546 = DIRECTION ( 'NONE',  ( 0.000000000000000000, 0.000000000000000000, -1.000000000000000000 ) ) ;
#2547 = ORIENTED_EDGE ( 'NONE', *, *, #2842, .T. ) ;
#2548 = ORIENTED_EDGE ( 'NONE', *, *, #3355, .F. ) ;
#2549 = CARTESIAN_POINT ( 'NONE',  ( 27.70061934147671678, 126.7884083560832664, -12.43985284873575559 ) ) ;
#2550 = DIRECTION ( 'NONE',  ( 0.000000000000000000, 1.000000000000000000, 0.000000000000000000 ) ) ;
#2551 = CARTESIAN_POINT ( 'NONE',  ( -34.81934187228678468, 126.0000000000000000, -18.64535653146014127 ) ) ;
#2552 = ADVANCED_FACE ( 'NONE', ( #2287 ), #383, .T. ) ;
#2553 = DIRECTION ( 'NONE',  ( -1.000000000000000000, 0.000000000000000000, 0.000000000000000000 ) ) ;
#2554 = DIRECTION ( 'NONE',  ( 0.000000000000000000, 1.000000000000000000, 0.000000000000000000 ) ) ;
#2555 = AXIS2_PLACEMENT_3D ( 'NONE', #2469, #642, #165 ) ;
#2556 = ORIENTED_EDGE ( 'NONE', *, *, #2454, .F. ) ;
#2557 = CIRCLE ( 'NONE', #136, 2.199999999999998845 ) ;
#2558 = DIRECTION ( 'NONE',  ( 0.000000000000000000, 1.000000000000000000, 0.000000000000000000 ) ) ;
#2559 = CARTESIAN_POINT ( 'NONE',  ( -121.8344983984421788, 126.0000000000000000, -121.8344983984421503 ) ) ;
#2560 = VECTOR ( 'NONE', #2158, 1000.000000000000000 ) ;
#2561 = CARTESIAN_POINT ( 'NONE',  ( 27.49999999999999645, 125.6123512240590543, -12.33442191862969572 ) ) ;
#2562 = ORIENTED_EDGE ( 'NONE', *, *, #2626, .F. ) ;
#2563 = VERTEX_POINT ( 'NONE', #6014 ) ;
#2564 = CYLINDRICAL_SURFACE ( 'NONE', #5199, 2.199999999999998845 ) ;
#2565 = DIRECTION ( 'NONE',  ( 0.000000000000000000, 0.000000000000000000, 1.000000000000000000 ) ) ;
#2566 = CYLINDRICAL_SURFACE ( 'NONE', #2457, 0.7999999999999987121 ) ;
#2567 = EDGE_CURVE ( 'NONE', #3151, #6018, #5035, .T. ) ;
#2568 = CARTESIAN_POINT ( 'NONE',  ( 29.74704866153470206, 126.0000000000000000, -17.50000000000000000 ) ) ;
#2569 = EDGE_CURVE ( 'NONE', #5991, #5836, #3079, .T. ) ;
#2570 = AXIS2_PLACEMENT_3D ( 'NONE', #1064, #5257, #2909 ) ;
#2571 = CYLINDRICAL_SURFACE ( 'NONE', #2093, 2.199999999999998845 ) ;
#2572 = ORIENTED_EDGE ( 'NONE', *, *, #3355, .T. ) ;
#2573 = EDGE_LOOP ( 'NONE', ( #5720, #1979, #3741, #2894, #263, #1781 ) ) ;
#2574 = EDGE_CURVE ( 'NONE', #5836, #2845, #3231, .T. ) ;
#2575 = AXIS2_PLACEMENT_3D ( 'NONE', #4763, #2841, #1531 ) ;
#2576 = AXIS2_PLACEMENT_3D ( 'NONE', #2937, #2437, #4293 ) ;
#2577 = CARTESIAN_POINT ( 'NONE',  ( -6.500000000000000000, 86.10000000000000853, -12.30000000000000249 ) ) ;
#2578 = CARTESIAN_POINT ( 'NONE',  ( -27.49999999999999645, 126.0000000000000000, -16.69999999999999929 ) ) ;
#2579 = DIRECTION ( 'NONE',  ( 0.000000000000000000, 1.000000000000000000, 0.000000000000000000 ) ) ;
#2580 = VERTEX_POINT ( 'NONE', #1888 ) ;
#2581 = APPROVAL_PERSON_ORGANIZATION ( #2782, #1057, #2748 ) ;
#2582 = ORIENTED_EDGE ( 'NONE', *, *, #1376, .T. ) ;
#2583 = AXIS2_PLACEMENT_3D ( 'NONE', #2824, #4229, #65 ) ;
#2584 =( BOUNDED_CURVE ( )  B_SPLINE_CURVE ( 3, ( #3662, #1351, #2232, #4092 ),
 .UNSPECIFIED., .F., .T. ) 
 B_SPLINE_CURVE_WITH_KNOTS ( ( 4, 4 ),
 ( 5.612822346282698049, 5.767587407554795931 ),
 .UNSPECIFIED. ) 
 CURVE ( )  GEOMETRIC_REPRESENTATION_ITEM ( )  RATIONAL_B_SPLINE_CURVE ( ( 1.000000000000000000, 0.9980049771413121995, 0.9980049771413121995, 1.000000000000000000 ) ) 
 REPRESENTATION_ITEM ( '' )  );
#2585 = DIRECTION ( 'NONE',  ( -1.000000000000000000, 0.000000000000000000, 0.000000000000000000 ) ) ;
#2586 = DIRECTION ( 'NONE',  ( 0.000000000000000000, -1.000000000000000000, 0.000000000000000000 ) ) ;
#2587 = AXIS2_PLACEMENT_3D ( 'NONE', #1416, #2902, #5107 ) ;
#2588 = CARTESIAN_POINT ( 'NONE',  ( -8.542705104241866465, 87.41645330151932569, -13.67199897085385096 ) ) ;
#2589 = CARTESIAN_POINT ( 'NONE',  ( -6.500000000000000000, 132.5000000000000000, -16.69999999999999929 ) ) ;
#2590 = EDGE_CURVE ( 'NONE', #4194, #4446, #2405, .T. ) ;
#2591 = ORIENTED_EDGE ( 'NONE', *, *, #1557, .T. ) ;
#2592 = AXIS2_PLACEMENT_3D ( 'NONE', #1344, #1703, #3563 ) ;
#2593 = CARTESIAN_POINT ( 'NONE',  ( -8.413995776783949054, 133.5772817927279448, -13.41527876094676230 ) ) ;
#2594 = CARTESIAN_POINT ( 'NONE',  ( 121.8344983984421503, 127.5556349186104086, 119.6344983984421617 ) ) ;
#2595 = DIRECTION ( 'NONE',  ( 0.000000000000000000, 1.000000000000000000, 0.000000000000000000 ) ) ;
#2596 = CIRCLE ( 'NONE', #5506, 2.199999999999998845 ) ;
#2597 = CIRCLE ( 'NONE', #6003, 2.199999999999998845 ) ;
#2598 = ORIENTED_EDGE ( 'NONE', *, *, #4329, .F. ) ;
#2599 = ORIENTED_EDGE ( 'NONE', *, *, #3399, .F. ) ;
#2600 = EDGE_LOOP ( 'NONE', ( #1571, #2692, #3078, #4314, #5028, #4526, #1615 ) ) ;
#2601 = VECTOR ( 'NONE', #5520, 1000.000000000000000 ) ;
#2602 = AXIS2_PLACEMENT_3D ( 'NONE', #5789, #4419, #1166 ) ;
#2603 = CARTESIAN_POINT ( 'NONE',  ( 8.585665361461421341, 87.46271819390966584, -13.80000000000000071 ) ) ;
#2604 = FACE_OUTER_BOUND ( 'NONE', #1180, .T. ) ;
#2605 = DIRECTION ( 'NONE',  ( 0.000000000000000000, 0.000000000000000000, 1.000000000000000000 ) ) ;
#2606 = CARTESIAN_POINT ( 'NONE',  ( 25.70172439427030042, 126.0000000000000000, 28.81299423149111760 ) ) ;
#2607 = DIRECTION ( 'NONE',  ( 0.000000000000000000, -1.000000000000000000, 0.000000000000000000 ) ) ;
#2608 = CARTESIAN_POINT ( 'NONE',  ( -4.301462242284653570, 132.5000000000000000, -14.58019805421552384 ) ) ;
#2609 = ORIENTED_EDGE ( 'NONE', *, *, #1308, .T. ) ;
#2610 = AXIS2_PLACEMENT_3D ( 'NONE', #5649, #4236, #3778 ) ;
#2611 = VERTEX_POINT ( 'NONE', #3807 ) ;
#2612 = ORIENTED_EDGE ( 'NONE', *, *, #4775, .F. ) ;
#2613 = DIRECTION ( 'NONE',  ( 0.6804510993672789887, 0.7327934916262982545, -0.000000000000000000 ) ) ;
#2614 = DIRECTION ( 'NONE',  ( 0.000000000000000000, 0.000000000000000000, 1.000000000000000000 ) ) ;
#2615 = VERTEX_POINT ( 'NONE', #5722 ) ;
#2616 = ADVANCED_FACE ( 'NONE', ( #164 ), #4274, .T. ) ;
#2617 = ADVANCED_FACE ( 'NONE', ( #1494 ), #79, .T. ) ;
#2618 = VERTEX_POINT ( 'NONE', #1072 ) ;
#2619 = CARTESIAN_POINT ( 'NONE',  ( 6.500000000000000000, 93.50000000000000000, -13.00000000000000000 ) ) ;
#2620 = DIRECTION ( 'NONE',  ( 1.000000000000000000, 0.000000000000000000, 0.000000000000000000 ) ) ;
#2621 = LINE ( 'NONE', #4442, #1111 ) ;
#2622 = FACE_OUTER_BOUND ( 'NONE', #2910, .T. ) ;
#2623 = EDGE_CURVE ( 'NONE', #499, #1822, #5911, .T. ) ;
#2624 =( BOUNDED_CURVE ( )  B_SPLINE_CURVE ( 3, ( #4297, #132, #5689, #1521 ),
 .UNSPECIFIED., .F., .T. ) 
 B_SPLINE_CURVE_WITH_KNOTS ( ( 4, 4 ),
 ( 0.5155978996248271606, 0.6703629608968824094 ),
 .UNSPECIFIED. ) 
 CURVE ( )  GEOMETRIC_REPRESENTATION_ITEM ( )  RATIONAL_B_SPLINE_CURVE ( ( 1.000000000000000000, 0.9980049771413131987, 0.9980049771413131987, 1.000000000000000000 ) ) 
 REPRESENTATION_ITEM ( '' )  );
#2625 = ORIENTED_EDGE ( 'NONE', *, *, #1471, .T. ) ;
#2626 = EDGE_CURVE ( 'NONE', #545, #614, #3769, .T. ) ;
#2627 = FACE_OUTER_BOUND ( 'NONE', #1060, .T. ) ;
#2628 = DIRECTION ( 'NONE',  ( 0.000000000000000000, 0.000000000000000000, 1.000000000000000000 ) ) ;
#2629 = DIRECTION ( 'NONE',  ( -0.000000000000000000, -1.000000000000000000, 0.000000000000000000 ) ) ;
#2630 = EDGE_LOOP ( 'NONE', ( #4981, #3533, #5476, #3149 ) ) ;
#2631 = ORIENTED_EDGE ( 'NONE', *, *, #93, .T. ) ;
#2632 = ORIENTED_EDGE ( 'NONE', *, *, #1784, .F. ) ;
#2633 = CARTESIAN_POINT ( 'NONE',  ( -8.703789587377414705, 132.9462523687137434, -14.46127107086120667 ) ) ;
#2634 = DIRECTION ( 'NONE',  ( 0.000000000000000000, 0.000000000000000000, -1.000000000000000000 ) ) ;
#2635 = CARTESIAN_POINT ( 'NONE',  ( 10.09919023743945132, 90.26835871724247795, -13.79999999999999893 ) ) ;
#2636 = CARTESIAN_POINT ( 'NONE',  ( 9.000000000000001776, 91.28903536629340465, -13.79999999999999893 ) ) ;
#2637 = CARTESIAN_POINT ( 'NONE',  ( 6.500000000000000000, 88.50000000000000000, -13.00000000000000000 ) ) ;
#2638 = CARTESIAN_POINT ( 'NONE',  ( -26.49546685577789162, 124.6016265376007226, -12.66730941851044179 ) ) ;
#2639 = ORIENTED_EDGE ( 'NONE', *, *, #766, .F. ) ;
#2640 = ORIENTED_EDGE ( 'NONE', *, *, #4996, .T. ) ;
#2641 = EDGE_LOOP ( 'NONE', ( #237, #5216, #5858, #2237, #1490, #3679, #3995, #4856 ) ) ;
#2642 = PLANE ( 'NONE',  #3652 ) ;
#2643 = CYLINDRICAL_SURFACE ( 'NONE', #3150, 0.8000000000000003775 ) ;
#2644 = ORIENTED_EDGE ( 'NONE', *, *, #3595, .F. ) ;
#2645 = VERTEX_POINT ( 'NONE', #1465 ) ;
#2646 = CARTESIAN_POINT ( 'NONE',  ( 4.414334638538545796, 133.5372818060903626, -13.80000000000004512 ) ) ;
#2647 = CARTESIAN_POINT ( 'NONE',  ( -6.500000000000000000, 127.5000000000000000, -13.79999999999999893 ) ) ;
#2648 = EDGE_CURVE ( 'NONE', #2256, #395, #5801, .T. ) ;
#2649 = DIRECTION ( 'NONE',  ( 0.000000000000000000, 1.000000000000000000, 0.000000000000000000 ) ) ;
#2650 = CARTESIAN_POINT ( 'NONE',  ( -25.50000000000000000, 126.0000000000000000, -10.00000000000000888 ) ) ;
#2651 = ADVANCED_FACE ( 'NONE', ( #4697 ), #4243, .T. ) ;
#2652 = VERTEX_POINT ( 'NONE', #3407 ) ;
#2653 = ADVANCED_FACE ( 'NONE', ( #3300 ), #4757, .T. ) ;
#2654 = DIRECTION ( 'NONE',  ( 0.000000000000000000, 0.000000000000000000, 1.000000000000000000 ) ) ;
#2655 = DIRECTION ( 'NONE',  ( -0.6804510993672802099, 0.7327934916262970333, 0.000000000000000000 ) ) ;
#2656 = CARTESIAN_POINT ( 'NONE',  ( 25.49999999999999645, 133.6000000000000227, -14.50000000000000000 ) ) ;
#2657 =( BOUNDED_CURVE ( )  B_SPLINE_CURVE ( 3, ( #838, #2700, #4091, #1772 ),
 .UNSPECIFIED., .F., .T. ) 
 B_SPLINE_CURVE_WITH_KNOTS ( ( 4, 4 ),
 ( 1.570796326794894560, 2.356194490192351054 ),
 .UNSPECIFIED. ) 
 CURVE ( )  GEOMETRIC_REPRESENTATION_ITEM ( )  RATIONAL_B_SPLINE_CURVE ( ( 1.000000000000000000, 0.9492530216741901228, 0.9492530216741901228, 1.000000000000000000 ) ) 
 REPRESENTATION_ITEM ( '' )  );
#2658 = CARTESIAN_POINT ( 'NONE',  ( 10.50000000000000000, 93.50000000000000000, -14.59999999999999964 ) ) ;
#2659 = EDGE_LOOP ( 'NONE', ( #2709, #4454 ) ) ;
#2660 = ORIENTED_EDGE ( 'NONE', *, *, #3504, .F. ) ;
#2661 = CIRCLE ( 'NONE', #5753, 0.8000000000000003775 ) ;
#2662 = EDGE_CURVE ( 'NONE', #517, #5904, #1913, .T. ) ;
#2663 = FACE_OUTER_BOUND ( 'NONE', #868, .T. ) ;
#2664 = AXIS2_PLACEMENT_3D ( 'NONE', #4944, #770, #3566 ) ;
#2665 = CARTESIAN_POINT ( 'NONE',  ( -4.882978129416335911, 132.6540425828000025, -13.00785311209614115 ) ) ;
#2666 = CARTESIAN_POINT ( 'NONE',  ( 10.09919023743945132, 90.26835871724247795, -13.79999999999999893 ) ) ;
#2667 = DIRECTION ( 'NONE',  ( 1.000000000000000000, 0.000000000000000000, 0.000000000000000000 ) ) ;
#2668 = VECTOR ( 'NONE', #4739, 1000.000000000000000 ) ;
#2669 = DIRECTION ( 'NONE',  ( 0.000000000000000000, 1.000000000000000000, 0.000000000000000000 ) ) ;
#2670 = ORIENTED_EDGE ( 'NONE', *, *, #3777, .T. ) ;
#2671 = VERTEX_POINT ( 'NONE', #4780 ) ;
#2672 = ORIENTED_EDGE ( 'NONE', *, *, #1557, .F. ) ;
#2673 = CARTESIAN_POINT ( 'NONE',  ( -6.500000000000000000, 88.50000000000000000, -13.00000000000000000 ) ) ;
#2674 = CARTESIAN_POINT ( 'NONE',  ( -10.50000000000000000, 91.28903536629340465, -13.79999999999999893 ) ) ;
#2675 = ORIENTED_EDGE ( 'NONE', *, *, #1500, .T. ) ;
#2676 = VERTEX_POINT ( 'NONE', #1548 ) ;
#2677 = AXIS2_PLACEMENT_3D ( 'NONE', #5824, #5340, #3013 ) ;
#2678 = CARTESIAN_POINT ( 'NONE',  ( 26.49546685577047000, 124.6016265375969994, -12.66730941851097292 ) ) ;
#2679 = FACE_OUTER_BOUND ( 'NONE', #3366, .T. ) ;
#2680 = CIRCLE ( 'NONE', #1506, 0.8000000000000003775 ) ;
#2681 = DIRECTION ( 'NONE',  ( 0.7071067811865477948, -0.000000000000000000, 0.7071067811865473507 ) ) ;
#2682 = DIRECTION ( 'NONE',  ( -1.000000000000000000, 0.000000000000000000, 0.000000000000000000 ) ) ;
#2683 = CIRCLE ( 'NONE', #5985, 2.199999999999998845 ) ;
#2684 = EDGE_LOOP ( 'NONE', ( #2208, #1863, #3110, #607 ) ) ;
#2685 = ADVANCED_FACE ( 'NONE', ( #5184 ), #1014, .T. ) ;
#2686 = CARTESIAN_POINT ( 'NONE',  ( -24.52256096461681523, 124.4388970760427924, -12.29566370864733393 ) ) ;
#2687 = AXIS2_PLACEMENT_3D ( 'NONE', #4984, #4592, #3152 ) ;
#2688 = CARTESIAN_POINT ( 'NONE',  ( 3.487044555861586126, 90.81271959673630079, -13.79999999999999893 ) ) ;
#2689 = LINE ( 'NONE', #4449, #96 ) ;
#2690 = DIRECTION ( 'NONE',  ( 0.000000000000000000, 0.000000000000000000, 1.000000000000000000 ) ) ;
#2691 = ADVANCED_FACE ( 'NONE', ( #497 ), #2861, .T. ) ;
#2692 = ORIENTED_EDGE ( 'NONE', *, *, #1963, .F. ) ;
#2693 = AXIS2_PLACEMENT_3D ( 'NONE', #1356, #2296, #3213 ) ;
#2694 = CIRCLE ( 'NONE', #1513, 2.199999999999993516 ) ;
#2695 = EDGE_CURVE ( 'NONE', #2580, #5952, #2892, .T. ) ;
#2696 = ORIENTED_EDGE ( 'NONE', *, *, #4919, .T. ) ;
#2697 = AXIS2_PLACEMENT_3D ( 'NONE', #1721, #5009, #5402 ) ;
#2698 = CARTESIAN_POINT ( 'NONE',  ( 6.500000000000000000, 133.5999999999999943, -14.50000000000000000 ) ) ;
#2699 = CARTESIAN_POINT ( 'NONE',  ( -10.50000000000000000, 129.7109646337065954, -13.79999999999999893 ) ) ;
#2700 = CARTESIAN_POINT ( 'NONE',  ( 122.9720391619164843, 126.5912744245423198, -119.8607693246957098 ) ) ;
#2701 = AXIS2_PLACEMENT_3D ( 'NONE', #5022, #5908, #4501 ) ;
#2702 = AXIS2_PLACEMENT_3D ( 'NONE', #5122, #3776, #4291 ) ;
#2703 = CARTESIAN_POINT ( 'NONE',  ( -27.01763880910066007, 124.9479937391196387, -12.54365529049005801 ) ) ;
#2704 = ORIENTED_EDGE ( 'NONE', *, *, #874, .F. ) ;
#2705 = AXIS2_PLACEMENT_3D ( 'NONE', #3006, #5845, #4870 ) ;
#2706 = ORIENTED_EDGE ( 'NONE', *, *, #4077, .T. ) ;
#2707 = AXIS2_PLACEMENT_3D ( 'NONE', #4685, #1552, #451 ) ;
#2708 = EDGE_CURVE ( 'NONE', #2671, #213, #2624, .T. ) ;
#2709 = ORIENTED_EDGE ( 'NONE', *, *, #1536, .F. ) ;
#2710 = AXIS2_PLACEMENT_3D ( 'NONE', #4549, #1367, #921 ) ;
#2711 = AXIS2_PLACEMENT_3D ( 'NONE', #1622, #2538, #5701 ) ;
#2712 = CARTESIAN_POINT ( 'NONE',  ( 6.500000000000000000, 130.3000000000000114, -13.79999999999999893 ) ) ;
#2713 = CARTESIAN_POINT ( 'NONE',  ( -8.413995776783941949, 87.42271820727205522, -13.41527876094673033 ) ) ;
#2714 = ORIENTED_EDGE ( 'NONE', *, *, #1352, .T. ) ;
#2715 = ORIENTED_EDGE ( 'NONE', *, *, #853, .T. ) ;
#2716 = CARTESIAN_POINT ( 'NONE',  ( 25.60179901778187528, 124.3032766948002035, -12.54785150811771821 ) ) ;
#2717 = CARTESIAN_POINT ( 'NONE',  ( 19.50000000000000355, 83.50000000000000000, -14.50000000000000000 ) ) ;
#2718 = LINE ( 'NONE', #1364, #1782 ) ;
#2719 = ORIENTED_EDGE ( 'NONE', *, *, #1208, .T. ) ;
#2720 = CARTESIAN_POINT ( 'NONE',  ( -24.71453959842533266, 124.3588693568541714, -12.32087053416764633 ) ) ;
#2721 = CARTESIAN_POINT ( 'NONE',  ( 24.10580376226773325, 127.0693739299813814, -15.17724512338863363 ) ) ;
#2722 = LINE ( 'NONE', #2746, #3725 ) ;
#2723 = ORIENTED_EDGE ( 'NONE', *, *, #4193, .T. ) ;
#2724 = CARTESIAN_POINT ( 'NONE',  ( -10.50000000000000000, 129.7109646337065954, -13.79999999999999893 ) ) ;
#2725 = LINE ( 'NONE', #4583, #3376 ) ;
#2726 = DIRECTION ( 'NONE',  ( 0.000000000000000000, 0.000000000000000000, -1.000000000000000000 ) ) ;
#2727 = EDGE_CURVE ( 'NONE', #213, #2671, #5705, .T. ) ;
#2728 = EDGE_CURVE ( 'NONE', #3570, #3947, #4256, .T. ) ;
#2729 = CARTESIAN_POINT ( 'NONE',  ( -4.296210412622586183, 132.9462523687137434, -14.46127107086120311 ) ) ;
#2730 = ORIENTED_EDGE ( 'NONE', *, *, #3389, .T. ) ;
#2731 = VERTEX_POINT ( 'NONE', #5748 ) ;
#2732 = ADVANCED_FACE ( 'NONE', ( #4814 ), #2094, .T. ) ;
#2733 = EDGE_CURVE ( 'NONE', #4565, #3572, #2103, .T. ) ;
#2734 = ORIENTED_EDGE ( 'NONE', *, *, #27, .F. ) ;
#2735 = LINE ( 'NONE', #4622, #2190 ) ;
#2736 = FACE_OUTER_BOUND ( 'NONE', #5252, .T. ) ;
#2737 = ORIENTED_EDGE ( 'NONE', *, *, #131, .F. ) ;
#2738 = ORIENTED_EDGE ( 'NONE', *, *, #2927, .T. ) ;
#2739 = EDGE_CURVE ( 'NONE', #1249, #3757, #281, .T. ) ;
#2740 = CARTESIAN_POINT ( 'NONE',  ( 4.299854910326688540, 132.7238431361544428, -14.53332281104960089 ) ) ;
#2741 = CARTESIAN_POINT ( 'NONE',  ( 6.500000000000000000, 132.5000000000000000, -14.50000000000000000 ) ) ;
#2742 = DIRECTION ( 'NONE',  ( 0.000000000000000000, 0.000000000000000000, 1.000000000000000000 ) ) ;
#2743 = ORIENTED_EDGE ( 'NONE', *, *, #4097, .F. ) ;
#2744 = DIRECTION ( 'NONE',  ( 0.000000000000000000, 1.000000000000000000, 0.000000000000000000 ) ) ;
#2745 = DIRECTION ( 'NONE',  ( 0.000000000000000000, 0.000000000000000000, 1.000000000000000000 ) ) ;
#2746 = CARTESIAN_POINT ( 'NONE',  ( -28.81299423149112116, 126.0000000000000000, 25.70172439427031108 ) ) ;
#2747 = ORIENTED_EDGE ( 'NONE', *, *, #5085, .T. ) ;
#2748 = APPROVAL_ROLE ( '' ) ;
#2749 = DIRECTION ( 'NONE',  ( 0.000000000000000000, 1.000000000000000000, 0.000000000000000000 ) ) ;
#2750 = LINE ( 'NONE', #4613, #559 ) ;
#2751 = DIRECTION ( 'NONE',  ( -0.6804510993672805430, 0.7327934916262965892, 0.000000000000000000 ) ) ;
#2752 = DIRECTION ( 'NONE',  ( 0.000000000000000000, 0.000000000000000000, 1.000000000000000000 ) ) ;
#2753 = VERTEX_POINT ( 'NONE', #3499 ) ;
#2754 = VERTEX_POINT ( 'NONE', #3959 ) ;
#2755 = AXIS2_PLACEMENT_3D ( 'NONE', #2372, #4606, #892 ) ;
#2756 = ADVANCED_FACE ( 'NONE', ( #2627 ), #4479, .T. ) ;
#2757 = EDGE_CURVE ( 'NONE', #1145, #499, #1616, .T. ) ;
#2758 = AXIS2_PLACEMENT_3D ( 'NONE', #2920, #2014, #1553 ) ;
#2759 = EDGE_LOOP ( 'NONE', ( #5174, #58, #1529, #5210, #2962, #3092 ) ) ;
#2760 = CIRCLE ( 'NONE', #5381, 0.8000000000000003775 ) ;
#2761 = DIRECTION ( 'NONE',  ( 0.000000000000000000, 1.000000000000000000, 0.000000000000000000 ) ) ;
#2762 = CYLINDRICAL_SURFACE ( 'NONE', #3921, 0.8000000000000003775 ) ;
#2763 = EDGE_LOOP ( 'NONE', ( #3607, #480, #2631, #5450, #2926 ) ) ;
#2764 = EDGE_CURVE ( 'NONE', #5958, #2618, #266, .T. ) ;
#2765 = ORIENTED_EDGE ( 'NONE', *, *, #577, .F. ) ;
#2766 = CC_DESIGN_PERSON_AND_ORGANIZATION_ASSIGNMENT ( #5183, #4673, ( #4212 ) ) ;
#2767 = DIRECTION ( 'NONE',  ( 0.000000000000000000, 0.000000000000000000, 1.000000000000000000 ) ) ;
#2768 = CARTESIAN_POINT ( 'NONE',  ( 4.414334638538545796, 133.5372818060903626, -13.80000000000004512 ) ) ;
#2769 = DIRECTION ( 'NONE',  ( 0.000000000000000000, 1.000000000000000000, 0.000000000000000000 ) ) ;
#2770 = CARTESIAN_POINT ( 'NONE',  ( -6.500000000000000000, 90.70000000000000284, -13.79999999999999893 ) ) ;
#2771 = AXIS2_PLACEMENT_3D ( 'NONE', #3081, #5788, #4948 ) ;
#2772 = ORIENTED_EDGE ( 'NONE', *, *, #3905, .F. ) ;
#2773 = DIRECTION ( 'NONE',  ( 0.000000000000000000, -0.000000000000000000, 1.000000000000000000 ) ) ;
#2774 = AXIS2_PLACEMENT_3D ( 'NONE', #779, #3048, #4852 ) ;
#2775 = EDGE_CURVE ( 'NONE', #4060, #5091, #2504, .T. ) ;
#2776 = CARTESIAN_POINT ( 'NONE',  ( -10.09919023743945132, 90.26835871724247795, -13.79999999999999893 ) ) ;
#2777 = AXIS2_PLACEMENT_3D ( 'NONE', #5599, #5263, #1942 ) ;
#2778 = DIRECTION ( 'NONE',  ( 0.7071067811865473507, 0.000000000000000000, -0.7071067811865477948 ) ) ;
#2779 = DIRECTION ( 'NONE',  ( 0.000000000000000000, -1.000000000000000000, 0.000000000000000000 ) ) ;
#2780 = ORIENTED_EDGE ( 'NONE', *, *, #4738, .F. ) ;
#2781 = CIRCLE ( 'NONE', #5887, 0.8000000000000003775 ) ;
#2782 = PERSON_AND_ORGANIZATION ( #3587, #2478 ) ;
#2783 = LINE ( 'NONE', #4645, #3542 ) ;
#2784 = CARTESIAN_POINT ( 'NONE',  ( -29.74704866153470206, 126.0000000000000000, -17.50000000000000000 ) ) ;
#2785 = CARTESIAN_POINT ( 'NONE',  ( 23.50000000000000000, 87.50000000000000000, -16.69999999999999929 ) ) ;
#2786 = CIRCLE ( 'NONE', #2587, 0.8000000000000003775 ) ;
#2787 = CARTESIAN_POINT ( 'NONE',  ( 4.301462242284648241, 132.5000000000000000, -14.58019805421551318 ) ) ;
#2788 = VERTEX_POINT ( 'NONE', #2593 ) ;
#2789 = ORIENTED_EDGE ( 'NONE', *, *, #3291, .F. ) ;
#2790 = VERTEX_POINT ( 'NONE', #2528 ) ;
#2791 = FACE_OUTER_BOUND ( 'NONE', #5830, .T. ) ;
#2792 = ORIENTED_EDGE ( 'NONE', *, *, #1972, .T. ) ;
#2793 = AXIS2_PLACEMENT_3D ( 'NONE', #5800, #5347, #4770 ) ;
#2794 = AXIS2_PLACEMENT_3D ( 'NONE', #5176, #2829, #1455 ) ;
#2795 = ORIENTED_EDGE ( 'NONE', *, *, #2662, .T. ) ;
#2796 = CARTESIAN_POINT ( 'NONE',  ( -5.634569895688172458, 132.5000000000000000, -13.79999999999999893 ) ) ;
#2797 = CIRCLE ( 'NONE', #755, 2.199999999999998845 ) ;
#2798 = DIRECTION ( 'NONE',  ( 0.000000000000000000, 1.000000000000000000, 0.000000000000000000 ) ) ;
#2799 = EDGE_CURVE ( 'NONE', #5331, #2160, #2337, .T. ) ;
#2800 = ADVANCED_FACE ( 'NONE', ( #5818 ), #1137, .T. ) ;
#2801 = DIRECTION ( 'NONE',  ( 0.000000000000000000, 1.000000000000000000, 0.000000000000000000 ) ) ;
#2802 = CARTESIAN_POINT ( 'NONE',  ( -10.50000000000000000, 129.7109646337065954, -13.79999999999999893 ) ) ;
#2803 = CIRCLE ( 'NONE', #4746, 2.199999999999998845 ) ;
#2804 = ORIENTED_EDGE ( 'NONE', *, *, #3578, .F. ) ;
#2805 = DIRECTION ( 'NONE',  ( 0.000000000000000000, 1.000000000000000000, 0.000000000000000000 ) ) ;
#2806 = EDGE_CURVE ( 'NONE', #5168, #4398, #1245, .T. ) ;
#2807 = DIRECTION ( 'NONE',  ( -1.000000000000000000, 0.000000000000000000, 0.000000000000000000 ) ) ;
#2808 = CARTESIAN_POINT ( 'NONE',  ( 9.099999999999997868, 86.10000000000000853, -14.50000000000000000 ) ) ;
#2809 = DIRECTION ( 'NONE',  ( -0.000000000000000000, -0.000000000000000000, -1.000000000000000000 ) ) ;
#2810 = ORIENTED_EDGE ( 'NONE', *, *, #702, .T. ) ;
#2811 = CALENDAR_DATE ( 2026, 29, 9 ) ;
#2812 = DIRECTION ( 'NONE',  ( 0.000000000000000000, 0.000000000000000000, 1.000000000000000000 ) ) ;
#2813 = DIRECTION ( 'NONE',  ( -0.7327934916262920373, -0.6804510993672853170, 0.000000000000000000 ) ) ;
#2814 = DIRECTION ( 'NONE',  ( 0.000000000000000000, -1.000000000000000000, 0.000000000000000000 ) ) ;
#2815 = LINE ( 'NONE', #474, #2493 ) ;
#2816 = ORIENTED_EDGE ( 'NONE', *, *, #1381, .F. ) ;
#2817 = EDGE_LOOP ( 'NONE', ( #2520, #3334, #2043, #2780, #3088, #4076, #4955, #2530, #2730, #2591 ) ) ;
#2818 = CARTESIAN_POINT ( 'NONE',  ( -9.099999999999997868, 83.50000000000000000, -14.50000000000000000 ) ) ;
#2819 = DIRECTION ( 'NONE',  ( 0.000000000000000000, 0.000000000000000000, 1.000000000000000000 ) ) ;
#2820 = ORIENTED_EDGE ( 'NONE', *, *, #5249, .F. ) ;
#2821 = ORIENTED_EDGE ( 'NONE', *, *, #4924, .T. ) ;
#2822 = CARTESIAN_POINT ( 'NONE',  ( 10.50000000000000000, 127.5000000000000000, -13.79999999999999893 ) ) ;
#2823 = DIRECTION ( 'NONE',  ( -0.9754410020677064530, 0.000000000000000000, 0.2202608714346442897 ) ) ;
#2824 = CARTESIAN_POINT ( 'NONE',  ( -22.90000000000000213, 136.1999999999999886, -14.50000000000000000 ) ) ;
#2825 = CARTESIAN_POINT ( 'NONE',  ( 6.500000000000000000, 88.50000000000000000, -14.50000000000000000 ) ) ;
#2826 = B_SPLINE_CURVE_WITH_KNOTS ( 'NONE', 3,
 ( #3008, #4086, #250, #310, #5944, #3039 ),
 .UNSPECIFIED., .F., .F.,
 ( 4, 2, 4 ),
 ( 0.000000000000000000, 0.0004677297972549226230, 0.0009354595945098452461 ),
 .UNSPECIFIED. ) ;
#2827 = VERTEX_POINT ( 'NONE', #4410 ) ;
#2828 = ADVANCED_FACE ( 'NONE', ( #1643 ), #1187, .T. ) ;
#2829 = DIRECTION ( 'NONE',  ( -0.6804510993672772123, -0.7327934916262996978, 0.000000000000000000 ) ) ;
#2830 = CARTESIAN_POINT ( 'NONE',  ( 6.500000000000000000, 132.5000000000000000, -16.69999999999999929 ) ) ;
#2831 = ADVANCED_FACE ( 'NONE', ( #731 ), #1671, .T. ) ;
#2832 = CARTESIAN_POINT ( 'NONE',  ( 22.89999999999999858, 133.5999999999999943, -14.50000000000000000 ) ) ;
#2833 = EDGE_LOOP ( 'NONE', ( #2675, #3424 ) ) ;
#2834 = EDGE_CURVE ( 'NONE', #1186, #5515, #1728, .T. ) ;
#2835 = DIRECTION ( 'NONE',  ( 0.000000000000000000, 0.000000000000000000, 1.000000000000000000 ) ) ;
#2836 = DIRECTION ( 'NONE',  ( 0.000000000000000000, 1.000000000000000000, 0.000000000000000000 ) ) ;
#2837 = FACE_OUTER_BOUND ( 'NONE', #1211, .T. ) ;
#2838 = DIRECTION ( 'NONE',  ( 1.000000000000000000, 0.000000000000000000, 0.000000000000000000 ) ) ;
#2839 = ORIENTED_EDGE ( 'NONE', *, *, #1855, .T. ) ;
#2840 = EDGE_LOOP ( 'NONE', ( #387, #2719, #1150, #346, #5350 ) ) ;
#2841 = DIRECTION ( 'NONE',  ( 0.000000000000000000, 0.000000000000000000, 1.000000000000000000 ) ) ;
#2842 = EDGE_CURVE ( 'NONE', #2132, #4553, #960, .T. ) ;
#2843 = DIRECTION ( 'NONE',  ( 0.000000000000000000, -0.000000000000000000, 1.000000000000000000 ) ) ;
#2844 = DIRECTION ( 'NONE',  ( 0.000000000000000000, 1.000000000000000000, 0.000000000000000000 ) ) ;
#2845 = VERTEX_POINT ( 'NONE', #5032 ) ;
#2846 = ORIENTED_EDGE ( 'NONE', *, *, #853, .F. ) ;
#2847 = CARTESIAN_POINT ( 'NONE',  ( -5.634569895688172458, 132.5000000000000000, -13.79999999999999893 ) ) ;
#2848 = AXIS2_PLACEMENT_3D ( 'NONE', #5719, #1518, #4321 ) ;
#2849 = CARTESIAN_POINT ( 'NONE',  ( 2.500000000000000000, 129.7109646337065954, -13.00000000000000000 ) ) ;
#2850 = LINE ( 'NONE', #1910, #4310 ) ;
#2851 = VERTEX_POINT ( 'NONE', #865 ) ;
#2852 = CIRCLE ( 'NONE', #233, 0.8000000000000003775 ) ;
#2853 = CARTESIAN_POINT ( 'NONE',  ( -8.140689206128294941, 132.5000000000000000, -13.03434692751179824 ) ) ;
#2854 = LINE ( 'NONE', #5598, #3381 ) ;
#2855 = TOROIDAL_SURFACE ( 'NONE', #3825, 2.600000000000001421, 2.199999999999999734 ) ;
#2856 = CARTESIAN_POINT ( 'NONE',  ( -9.512955444138411210, 130.1872804032636850, -13.79999999999999893 ) ) ;
#2857 = DIRECTION ( 'NONE',  ( -1.000000000000000000, 0.000000000000000000, 0.000000000000000000 ) ) ;
#2858 = ORIENTED_EDGE ( 'NONE', *, *, #907, .F. ) ;
#2859 = VECTOR ( 'NONE', #4252, 1000.000000000000000 ) ;
#2860 = AXIS2_PLACEMENT_3D ( 'NONE', #5291, #4406, #5745 ) ;
#2861 = CYLINDRICAL_SURFACE ( 'NONE', #368, 2.199999999999998845 ) ;
#2862 = CARTESIAN_POINT ( 'NONE',  ( 23.97588732946300993, 124.8909915032217555, -12.36965391205594500 ) ) ;
#2863 = ADVANCED_FACE ( 'NONE', ( #4085 ), #4510, .T. ) ;
#2864 = EDGE_CURVE ( 'NONE', #3171, #3119, #3186, .T. ) ;
#2865 = VERTEX_POINT ( 'NONE', #3106 ) ;
#2866 = AXIS2_PLACEMENT_3D ( 'NONE', #5961, #3645, #4632 ) ;
#2867 = VERTEX_POINT ( 'NONE', #3226 ) ;
#2868 = FACE_OUTER_BOUND ( 'NONE', #2506, .T. ) ;
#2869 = CIRCLE ( 'NONE', #2687, 2.200000000000000178 ) ;
#2870 = DIRECTION ( 'NONE',  ( 0.000000000000000000, 1.000000000000000000, 0.000000000000000000 ) ) ;
#2871 = ORIENTED_EDGE ( 'NONE', *, *, #5439, .T. ) ;
#2872 = DIRECTION ( 'NONE',  ( 0.000000000000000000, 0.000000000000000000, 1.000000000000000000 ) ) ;
#2873 = ORIENTED_EDGE ( 'NONE', *, *, #1912, .F. ) ;
#2874 = AXIS2_PLACEMENT_3D ( 'NONE', #5368, #4177, #1268 ) ;
#2875 = EDGE_LOOP ( 'NONE', ( #3417, #3942, #3972, #5805, #1547 ) ) ;
#2876 = AXIS2_PLACEMENT_3D ( 'NONE', #3333, #4824, #3416 ) ;
#2877 = EDGE_CURVE ( 'NONE', #3241, #2079, #5323, .T. ) ;
#2878 = CARTESIAN_POINT ( 'NONE',  ( -4.586004223216032294, 133.5772817927279448, -13.41527876094679428 ) ) ;
#2879 = AXIS2_PLACEMENT_3D ( 'NONE', #2717, #4135, #5994 ) ;
#2880 = TOROIDAL_SURFACE ( 'NONE', #264, 1.500000000000001332, 0.8000000000000003775 ) ;
#2881 = CARTESIAN_POINT ( 'NONE',  ( 7.958421574146512079, 88.50000000000000000, -14.70316441953407960 ) ) ;
#2882 = DIRECTION ( 'NONE',  ( 0.000000000000000000, 0.000000000000000000, 1.000000000000000000 ) ) ;
#2883 = VERTEX_POINT ( 'NONE', #4605 ) ;
#2884 = VECTOR ( 'NONE', #1130, 1000.000000000000000 ) ;
#2885 = AXIS2_PLACEMENT_3D ( 'NONE', #3014, #288, #254 ) ;
#2886 = DIRECTION ( 'NONE',  ( 0.000000000000000000, 0.000000000000000000, 1.000000000000000000 ) ) ;
#2887 = LINE ( 'NONE', #4753, #2311 ) ;
#2888 = CARTESIAN_POINT ( 'NONE',  ( -123.3901333170525305, 126.0000000000000000, 120.2788634798317560 ) ) ;
#2889 = FACE_OUTER_BOUND ( 'NONE', #3489, .T. ) ;
#2890 = AXIS2_PLACEMENT_3D ( 'NONE', #1966, #4269, #1516 ) ;
#2891 = VERTEX_POINT ( 'NONE', #5479 ) ;
#2892 = LINE ( 'NONE', #2414, #1523 ) ;
#2893 = CARTESIAN_POINT ( 'NONE',  ( 6.500000000000000000, 90.70000000000000284, -13.79999999999999893 ) ) ;
#2894 = ORIENTED_EDGE ( 'NONE', *, *, #3958, .T. ) ;
#2895 = ORIENTED_EDGE ( 'NONE', *, *, #4102, .F. ) ;
#2896 = ADVANCED_FACE ( 'NONE', ( #2191 ), #3133, .F. ) ;
#2897 = CARTESIAN_POINT ( 'NONE',  ( -29.74704866153470206, 126.0000000000000000, -16.69999999999999929 ) ) ;
#2898 = ADVANCED_FACE ( 'NONE', ( #4971 ), #2411, .T. ) ;
#2899 = FACE_OUTER_BOUND ( 'NONE', #3218, .T. ) ;
#2900 = CARTESIAN_POINT ( 'NONE',  ( -121.8344983984421361, 127.5556349186104086, 119.6344983984421617 ) ) ;
#2901 = EDGE_CURVE ( 'NONE', #5454, #4259, #2112, .T. ) ;
#2902 = DIRECTION ( 'NONE',  ( 0.000000000000000000, 1.000000000000000000, 0.000000000000000000 ) ) ;
#2903 = ORIENTED_EDGE ( 'NONE', *, *, #1786, .T. ) ;
#2904 = ORIENTED_EDGE ( 'NONE', *, *, #3766, .F. ) ;
#2905 = EDGE_CURVE ( 'NONE', #2132, #2413, #4055, .T. ) ;
#2906 = EDGE_CURVE ( 'NONE', #2845, #2946, #4263, .T. ) ;
#2907 = CARTESIAN_POINT ( 'NONE',  ( 6.500000000000000000, 127.5000000000000000, -13.79999999999999893 ) ) ;
#2908 = DIRECTION ( 'NONE',  ( 0.000000000000000000, 0.000000000000000000, 1.000000000000000000 ) ) ;
#2909 = DIRECTION ( 'NONE',  ( 0.000000000000000000, -0.000000000000000000, 1.000000000000000000 ) ) ;
#2910 = EDGE_LOOP ( 'NONE', ( #4652, #2071, #2101, #3582, #2171, #4272, #4141, #5337 ) ) ;
#2911 = DIRECTION ( 'NONE',  ( -1.000000000000000000, 0.000000000000000000, 0.000000000000000000 ) ) ;
#2912 = CARTESIAN_POINT ( 'NONE',  ( 8.700145089673309684, 132.7238431361544713, -14.53332281104960444 ) ) ;
#2913 = DIRECTION ( 'NONE',  ( 0.000000000000000000, -1.000000000000000000, 0.000000000000000000 ) ) ;
#2914 = DIRECTION ( 'NONE',  ( 0.000000000000000000, 0.000000000000000000, 1.000000000000000000 ) ) ;
#2915 = EDGE_CURVE ( 'NONE', #4768, #6018, #5823, .T. ) ;
#2916 = DIRECTION ( 'NONE',  ( 0.000000000000000000, 0.000000000000000000, 1.000000000000000000 ) ) ;
#2917 = CARTESIAN_POINT ( 'NONE',  ( 6.500000000000000000, 90.70000000000000284, -13.79999999999999893 ) ) ;
#2918 = ORIENTED_EDGE ( 'NONE', *, *, #5178, .F. ) ;
#2919 = ORIENTED_EDGE ( 'NONE', *, *, #4507, .F. ) ;
#2920 = CARTESIAN_POINT ( 'NONE',  ( 9.099999999999997868, 136.1999999999999886, -14.50000000000000000 ) ) ;
#2921 = LINE ( 'NONE', #618, #5679 ) ;
#2922 = LINE ( 'NONE', #5248, #1919 ) ;
#2923 = DIRECTION ( 'NONE',  ( 0.000000000000000000, 0.000000000000000000, 1.000000000000000000 ) ) ;
#2924 = EDGE_LOOP ( 'NONE', ( #592, #5848, #3870 ) ) ;
#2925 = EDGE_CURVE ( 'NONE', #802, #2177, #469, .T. ) ;
#2926 = ORIENTED_EDGE ( 'NONE', *, *, #2739, .F. ) ;
#2927 = EDGE_CURVE ( 'NONE', #2753, #5641, #5518, .T. ) ;
#2928 = DIRECTION ( 'NONE',  ( 0.000000000000000000, 1.000000000000000000, 0.000000000000000000 ) ) ;
#2929 = CARTESIAN_POINT ( 'NONE',  ( 2.500000000000000000, 129.7109646337065954, -14.59999999999999964 ) ) ;
#2930 = CARTESIAN_POINT ( 'NONE',  ( 26.76358566327154165, 127.8008153076239068, -15.69687624219026212 ) ) ;
#2931 = EDGE_CURVE ( 'NONE', #3104, #4414, #2803, .T. ) ;
#2932 = ORIENTED_EDGE ( 'NONE', *, *, #4071, .F. ) ;
#2933 = CARTESIAN_POINT ( 'NONE',  ( -4.414334638538578659, 87.46271819390966584, -13.80000000000000071 ) ) ;
#2934 = CARTESIAN_POINT ( 'NONE',  ( 27.49999999999999645, 125.6123512240590543, -12.33442191862969572 ) ) ;
#2935 = CARTESIAN_POINT ( 'NONE',  ( -23.50000000000000000, 122.0000000000000000, -12.30000000000000249 ) ) ;
#2936 = AXIS2_PLACEMENT_3D ( 'NONE', #2138, #384, #1230 ) ;
#2937 = CARTESIAN_POINT ( 'NONE',  ( -4.000000000000000000, 129.7109646337065954, -13.79999999999999893 ) ) ;
#2938 = CARTESIAN_POINT ( 'NONE',  ( -25.49999999999999645, 133.6000000000000227, -14.50000000000000000 ) ) ;
#2939 = AXIS2_PLACEMENT_3D ( 'NONE', #887, #4139, #2742 ) ;
#2940 = VERTEX_POINT ( 'NONE', #5060 ) ;
#2941 = EDGE_CURVE ( 'NONE', #4987, #394, #562, .T. ) ;
#2942 = CIRCLE ( 'NONE', #5671, 0.8000000000000003775 ) ;
#2943 = DIRECTION ( 'NONE',  ( 1.000000000000000000, 0.000000000000000000, 0.000000000000000000 ) ) ;
#2944 = CARTESIAN_POINT ( 'NONE',  ( 25.30435309682171763, 124.2698206505987457, -12.46541871038960458 ) ) ;
#2945 = ORIENTED_EDGE ( 'NONE', *, *, #2733, .T. ) ;
#2946 = VERTEX_POINT ( 'NONE', #6006 ) ;
#2947 = CIRCLE ( 'NONE', #827, 2.199999999999998845 ) ;
#2948 = ORIENTED_EDGE ( 'NONE', *, *, #2455, .T. ) ;
#2949 = CIRCLE ( 'NONE', #5205, 0.7000000000000009548 ) ;
#2950 = FACE_OUTER_BOUND ( 'NONE', #4301, .T. ) ;
#2951 = DIRECTION ( 'NONE',  ( 0.000000000000000000, 1.000000000000000000, 0.000000000000000000 ) ) ;
#2952 = CYLINDRICAL_SURFACE ( 'NONE', #833, 0.8000000000000003775 ) ;
#2953 = LOCAL_TIME ( 17, 50, 24.00000000000000000, #1462 ) ;
#2954 = DIRECTION ( 'NONE',  ( 0.000000000000000000, 0.000000000000000000, 1.000000000000000000 ) ) ;
#2955 = CIRCLE ( 'NONE', #3648, 0.8000000000000003775 ) ;
#2956 = EDGE_LOOP ( 'NONE', ( #728, #295, #2255, #3461 ) ) ;
#2957 = VERTEX_POINT ( 'NONE', #3294 ) ;
#2958 = AXIS2_PLACEMENT_3D ( 'NONE', #2213, #3188, #5953 ) ;
#2959 = CARTESIAN_POINT ( 'NONE',  ( -6.500000000000000000, 130.3000000000000114, -13.79999999999999893 ) ) ;
#2960 = FACE_OUTER_BOUND ( 'NONE', #3936, .T. ) ;
#2961 = DIRECTION ( 'NONE',  ( 0.000000000000000000, 1.000000000000000000, 0.000000000000000000 ) ) ;
#2962 = ORIENTED_EDGE ( 'NONE', *, *, #3958, .F. ) ;
#2963 = CIRCLE ( 'NONE', #2711, 2.199999999999998845 ) ;
#2964 = AXIS2_PLACEMENT_3D ( 'NONE', #1623, #3484, #3543 ) ;
#2965 = VERTEX_POINT ( 'NONE', #1004 ) ;
#2966 = CARTESIAN_POINT ( 'NONE',  ( 10.50000000000000000, 127.5000000000000000, -13.00000000000000000 ) ) ;
#2967 = AXIS2_PLACEMENT_3D ( 'NONE', #1223, #4872, #3108 ) ;
#2968 = FACE_OUTER_BOUND ( 'NONE', #940, .T. ) ;
#2969 = EDGE_CURVE ( 'NONE', #5345, #4565, #2854, .T. ) ;
#2970 = AXIS2_PLACEMENT_3D ( 'NONE', #3950, #663, #1067 ) ;
#2971 = DIRECTION ( 'NONE',  ( 0.000000000000000000, 0.000000000000000000, 1.000000000000000000 ) ) ;
#2972 = CARTESIAN_POINT ( 'NONE',  ( -4.301462242284653570, 132.5000000000000000, -14.58019805421552384 ) ) ;
#2973 = LINE ( 'NONE', #2589, #5572 ) ;
#2974 = TOROIDAL_SURFACE ( 'NONE', #1611, 4.000000000000000000, 2.199999999999999734 ) ;
#2975 = ORIENTED_EDGE ( 'NONE', *, *, #3833, .F. ) ;
#2976 = EDGE_CURVE ( 'NONE', #674, #1022, #2408, .T. ) ;
#2977 = DIRECTION ( 'NONE',  ( 0.000000000000000000, 1.000000000000000000, 0.000000000000000000 ) ) ;
#2978 = DIRECTION ( 'NONE',  ( 0.000000000000000000, 0.000000000000000000, -1.000000000000000000 ) ) ;
#2979 = AXIS2_PLACEMENT_3D ( 'NONE', #4152, #2229, #5457 ) ;
#2980 = AXIS2_PLACEMENT_3D ( 'NONE', #464, #4520, #14 ) ;
#2981 = ORIENTED_EDGE ( 'NONE', *, *, #2495, .F. ) ;
#2982 = ORIENTED_EDGE ( 'NONE', *, *, #4151, .F. ) ;
#2983 = ORIENTED_EDGE ( 'NONE', *, *, #1347, .T. ) ;
#2984 = EDGE_CURVE ( 'NONE', #481, #284, #4657, .T. ) ;
#2985 = CARTESIAN_POINT ( 'NONE',  ( -32.67337166773783252, 126.0000000000000000, -18.16078261430392615 ) ) ;
#2986 = DIRECTION ( 'NONE',  ( 0.000000000000000000, 0.000000000000000000, -1.000000000000000000 ) ) ;
#2987 = FACE_OUTER_BOUND ( 'NONE', #184, .T. ) ;
#2988 = CARTESIAN_POINT ( 'NONE',  ( 8.223911685373721525, 133.4007751364184458, -13.13320502597064099 ) ) ;
#2989 = DIRECTION ( 'NONE',  ( 0.000000000000000000, -0.000000000000000000, 1.000000000000000000 ) ) ;
#2990 = ORIENTED_EDGE ( 'NONE', *, *, #2757, .F. ) ;
#2991 = ORIENTED_EDGE ( 'NONE', *, *, #3203, .F. ) ;
#2992 = EDGE_CURVE ( 'NONE', #5874, #4703, #5177, .T. ) ;
#2993 = CARTESIAN_POINT ( 'NONE',  ( -27.69999999999999929, 126.0000000000000000, 23.01471862576142868 ) ) ;
#2994 = LINE ( 'NONE', #658, #158 ) ;
#2995 = DIRECTION ( 'NONE',  ( 0.000000000000000000, 1.000000000000000000, 0.000000000000000000 ) ) ;
#2996 = ORIENTED_EDGE ( 'NONE', *, *, #3988, .F. ) ;
#2997 = ORIENTED_EDGE ( 'NONE', *, *, #2695, .T. ) ;
#2998 =( BOUNDED_CURVE ( )  B_SPLINE_CURVE ( 3, ( #5172, #5118, #1453, #5673 ),
 .UNSPECIFIED., .F., .T. ) 
 B_SPLINE_CURVE_WITH_KNOTS ( ( 4, 4 ),
 ( 4.489430574061278101, 6.283185307179586232 ),
 .UNSPECIFIED. ) 
 CURVE ( )  GEOMETRIC_REPRESENTATION_ITEM ( )  RATIONAL_B_SPLINE_CURVE ( ( 1.000000000000000000, 0.7493686509943568996, 0.7493686509943568996, 1.000000000000000000 ) ) 
 REPRESENTATION_ITEM ( '' )  );
#2999 = CARTESIAN_POINT ( 'NONE',  ( 27.69174907737525615, 128.1709186300651027, -14.10874527732212869 ) ) ;
#3000 = DIRECTION ( 'NONE',  ( 1.000000000000000000, 0.000000000000000000, 0.000000000000000000 ) ) ;
#3001 = DIRECTION ( 'NONE',  ( 0.000000000000000000, -1.000000000000000000, 0.000000000000000000 ) ) ;
#3002 = CARTESIAN_POINT ( 'NONE',  ( 9.000000000000001776, 91.28903536629340465, -13.79999999999999893 ) ) ;
#3003 = CARTESIAN_POINT ( 'NONE',  ( 23.69923419307301415, 126.8983853748857626, -14.49999999993405631 ) ) ;
#3004 = EDGE_CURVE ( 'NONE', #3308, #201, #1625, .T. ) ;
#3005 = EDGE_CURVE ( 'NONE', #3964, #3125, #1068, .T. ) ;
#3006 = CARTESIAN_POINT ( 'NONE',  ( 22.89999999999999858, 133.5999999999999943, -14.50000000000000000 ) ) ;
#3007 = DIRECTION ( 'NONE',  ( 0.000000000000000000, -1.000000000000000000, 0.000000000000000000 ) ) ;
#3008 = CARTESIAN_POINT ( 'NONE',  ( -8.140689206128294941, 132.5000000000000000, -13.03434692751179824 ) ) ;
#3009 = EDGE_CURVE ( 'NONE', #5556, #5403, #4691, .T. ) ;
#3010 = ORIENTED_EDGE ( 'NONE', *, *, #4588, .T. ) ;
#3011 = ORIENTED_EDGE ( 'NONE', *, *, #3498, .T. ) ;
#3012 = ORIENTED_EDGE ( 'NONE', *, *, #3530, .T. ) ;
#3013 = DIRECTION ( 'NONE',  ( -1.000000000000000000, 0.000000000000000000, 0.000000000000000000 ) ) ;
#3014 = CARTESIAN_POINT ( 'NONE',  ( 6.500000000000000000, 132.5000000000000000, -13.79999999999999893 ) ) ;
#3015 = CARTESIAN_POINT ( 'NONE',  ( -6.500000000000000000, 133.5999999999999943, -14.50000000000000000 ) ) ;
#3016 = CARTESIAN_POINT ( 'NONE',  ( 34.38736758955295869, 126.0000000000000000, -28.73051334006057544 ) ) ;
#3017 = CARTESIAN_POINT ( 'NONE',  ( -2.500000000000000000, 93.50000000000000000, -13.79999999999999893 ) ) ;
#3018 = DIRECTION ( 'NONE',  ( 0.000000000000000000, -1.000000000000000000, 0.000000000000000000 ) ) ;
#3019 = ORIENTED_EDGE ( 'NONE', *, *, #4571, .F. ) ;
#3020 = ORIENTED_EDGE ( 'NONE', *, *, #3282, .F. ) ;
#3021 = ADVANCED_FACE ( 'NONE', ( #124 ), #1821, .T. ) ;
#3022 = FACE_OUTER_BOUND ( 'NONE', #1987, .T. ) ;
#3023 = CARTESIAN_POINT ( 'NONE',  ( -31.50000000000000000, 126.0000000000000000, 23.01471862576142868 ) ) ;
#3024 = CYLINDRICAL_SURFACE ( 'NONE', #1399, 0.8000000000000069278 ) ;
#3025 = VERTEX_POINT ( 'NONE', #3260 ) ;
#3026 = ORIENTED_EDGE ( 'NONE', *, *, #1976, .F. ) ;
#3027 = DIRECTION ( 'NONE',  ( 1.000000000000000000, 0.000000000000000000, 0.000000000000000000 ) ) ;
#3028 = DIRECTION ( 'NONE',  ( -1.000000000000000000, 0.000000000000000000, 0.000000000000000000 ) ) ;
#3029 = CYLINDRICAL_SURFACE ( 'NONE', #1128, 0.8000000000000063727 ) ;
#3030 = LINE ( 'NONE', #187, #2180 ) ;
#3031 = DIRECTION ( 'NONE',  ( -0.000000000000000000, -0.000000000000000000, -1.000000000000000000 ) ) ;
#3032 = AXIS2_PLACEMENT_3D ( 'NONE', #3969, #5826, #2726 ) ;
#3033 = EDGE_LOOP ( 'NONE', ( #1911, #936, #2216, #4826 ) ) ;
#3034 = CIRCLE ( 'NONE', #5095, 2.199999999999998845 ) ;
#3035 = AXIS2_PLACEMENT_3D ( 'NONE', #3413, #5272, #2039 ) ;
#3036 = DIRECTION ( 'NONE',  ( -0.6804510993672805430, 0.7327934916262965892, 0.000000000000000000 ) ) ;
#3037 = FACE_OUTER_BOUND ( 'NONE', #1939, .T. ) ;
#3038 = AXIS2_PLACEMENT_3D ( 'NONE', #4798, #510, #2364 ) ;
#3039 = CARTESIAN_POINT ( 'NONE',  ( -8.223911685373774816, 133.4007751364184742, -13.13320502597069250 ) ) ;
#3040 = ORIENTED_EDGE ( 'NONE', *, *, #1554, .T. ) ;
#3041 = EDGE_LOOP ( 'NONE', ( #2660, #3871, #2990, #3382, #745, #1092 ) ) ;
#3042 = EDGE_LOOP ( 'NONE', ( #4277, #4877, #475, #178, #2982 ) ) ;
#3043 = AXIS2_PLACEMENT_3D ( 'NONE', #1756, #3610, #4593 ) ;
#3044 = CARTESIAN_POINT ( 'NONE',  ( -9.099999999999997868, 86.10000000000000853, -14.50000000000000000 ) ) ;
#3045 = CYLINDRICAL_SURFACE ( 'NONE', #3574, 0.8000000000000003775 ) ;
#3046 = DIRECTION ( 'NONE',  ( 0.000000000000000000, 0.000000000000000000, 1.000000000000000000 ) ) ;
#3047 = EDGE_CURVE ( 'NONE', #3505, #2827, #3857, .T. ) ;
#3048 = DIRECTION ( 'NONE',  ( -0.6804510993672790997, 0.7327934916262980325, 0.000000000000000000 ) ) ;
#3049 = CARTESIAN_POINT ( 'NONE',  ( 31.55894046480676352, 126.0000000000000000, -31.55894046480676352 ) ) ;
#3050 = CIRCLE ( 'NONE', #1106, 0.8000000000000003775 ) ;
#3051 = CARTESIAN_POINT ( 'NONE',  ( -29.74704866153470206, 126.0000000000000000, -14.50000000000000000 ) ) ;
#3052 = VERTEX_POINT ( 'NONE', #2370 ) ;
#3053 = ORIENTED_EDGE ( 'NONE', *, *, #3988, .T. ) ;
#3054 = TOROIDAL_SURFACE ( 'NONE', #146, 1.500000000000002665, 0.7999999999999999334 ) ;
#3055 = EDGE_CURVE ( 'NONE', #2580, #2676, #1053, .T. ) ;
#3056 = VECTOR ( 'NONE', #4013, 1000.000000000000114 ) ;
#3057 = ORIENTED_EDGE ( 'NONE', *, *, #118, .T. ) ;
#3058 = FACE_OUTER_BOUND ( 'NONE', #2659, .T. ) ;
#3059 = DIRECTION ( 'NONE',  ( -1.000000000000000000, 0.000000000000000000, 0.000000000000000000 ) ) ;
#3060 = ORIENTED_EDGE ( 'NONE', *, *, #5929, .F. ) ;
#3061 = LOCAL_TIME ( 17, 50, 24.00000000000000000, #893 ) ;
#3062 = EDGE_CURVE ( 'NONE', #2754, #1668, #6012, .T. ) ;
#3063 = ORIENTED_EDGE ( 'NONE', *, *, #4634, .F. ) ;
#3064 = CIRCLE ( 'NONE', #444, 2.199999999999997957 ) ;
#3065 = EDGE_CURVE ( 'NONE', #5436, #3767, #4557, .T. ) ;
#3066 = DIRECTION ( 'NONE',  ( -1.000000000000000000, 0.000000000000000000, 0.000000000000000000 ) ) ;
#3067 = CARTESIAN_POINT ( 'NONE',  ( -27.50000000000000000, 122.0000000000000000, -14.50000000000000000 ) ) ;
#3068 = AXIS2_PLACEMENT_3D ( 'NONE', #903, #5525, #814 ) ;
#3069 = CARTESIAN_POINT ( 'NONE',  ( 3.487044555861584794, 130.1872804032636850, -13.79999999999999893 ) ) ;
#3070 = CARTESIAN_POINT ( 'NONE',  ( 25.50000000000000000, 130.5000000000000000, -14.50000000000000000 ) ) ;
#3071 = APPLICATION_CONTEXT ( 'configuration controlled 3d designs of mechanical parts and assemblies' ) ;
#3072 = ORIENTED_EDGE ( 'NONE', *, *, #5579, .T. ) ;
#3073 = AXIS2_PLACEMENT_3D ( 'NONE', #4405, #242, #1544 ) ;
#3074 = DIRECTION ( 'NONE',  ( 0.000000000000000000, -1.000000000000000000, 0.000000000000000000 ) ) ;
#3075 = DIRECTION ( 'NONE',  ( -1.000000000000000000, 0.000000000000000000, 0.000000000000000000 ) ) ;
#3076 = ORIENTED_EDGE ( 'NONE', *, *, #490, .F. ) ;
#3077 = ORIENTED_EDGE ( 'NONE', *, *, #5712, .T. ) ;
#3078 = ORIENTED_EDGE ( 'NONE', *, *, #1087, .F. ) ;
#3079 = CIRCLE ( 'NONE', #2211, 0.8000000000000003775 ) ;
#3080 = CIRCLE ( 'NONE', #3471, 2.199999999999998845 ) ;
#3081 = CARTESIAN_POINT ( 'NONE',  ( -10.50000000000000000, 127.5000000000000000, -13.79999999999999893 ) ) ;
#3082 = DIRECTION ( 'NONE',  ( -0.000000000000000000, -0.000000000000000000, -1.000000000000000000 ) ) ;
#3083 = CARTESIAN_POINT ( 'NONE',  ( 120.2788634798316849, 126.0000000000000568, -123.3901333170525163 ) ) ;
#3084 = CARTESIAN_POINT ( 'NONE',  ( -22.89999999999999858, 133.5999999999999943, -14.50000000000000000 ) ) ;
#3085 = DIRECTION ( 'NONE',  ( 0.6804510993672772123, -0.7327934916262996978, 0.000000000000000000 ) ) ;
#3086 = ORIENTED_EDGE ( 'NONE', *, *, #2289, .F. ) ;
#3087 = VECTOR ( 'NONE', #1826, 1000.000000000000000 ) ;
#3088 = ORIENTED_EDGE ( 'NONE', *, *, #5807, .F. ) ;
#3089 = ADVANCED_FACE ( 'NONE', ( #1941 ), #5426, .T. ) ;
#3090 = EDGE_CURVE ( 'NONE', #4679, #3496, #3802, .T. ) ;
#3091 = AXIS2_PLACEMENT_3D ( 'NONE', #697, #2628, #4480 ) ;
#3092 = ORIENTED_EDGE ( 'NONE', *, *, #5508, .F. ) ;
#3093 = DIRECTION ( 'NONE',  ( 0.7071067811865475727, 0.000000000000000000, -0.7071067811865475727 ) ) ;
#3094 = FACE_OUTER_BOUND ( 'NONE', #4791, .T. ) ;
#3095 = ORIENTED_EDGE ( 'NONE', *, *, #640, .F. ) ;
#3096 = EDGE_CURVE ( 'NONE', #4452, #2383, #2887, .T. ) ;
#3097 = ORIENTED_EDGE ( 'NONE', *, *, #5688, .F. ) ;
#3098 = EDGE_CURVE ( 'NONE', #3612, #2008, #3458, .T. ) ;
#3099 = DIRECTION ( 'NONE',  ( 0.000000000000000000, 0.000000000000000000, 1.000000000000000000 ) ) ;
#3100 = DIRECTION ( 'NONE',  ( 1.000000000000000000, -6.672013369141589869E-16, 0.000000000000000000 ) ) ;
#3101 = DIRECTION ( 'NONE',  ( 0.000000000000000000, 0.000000000000000000, 1.000000000000000000 ) ) ;
#3102 = CARTESIAN_POINT ( 'NONE',  ( 4.705507150229694346, 87.53368521092757248, -13.22222766388087933 ) ) ;
#3103 = EDGE_CURVE ( 'NONE', #3775, #4768, #4731, .T. ) ;
#3104 = VERTEX_POINT ( 'NONE', #5744 ) ;
#3105 = DIRECTION ( 'NONE',  ( 0.7071067811865474617, 0.000000000000000000, 0.7071067811865474617 ) ) ;
#3106 = CARTESIAN_POINT ( 'NONE',  ( -30.52740146318887682, 126.0000000000000000, -17.67620869714771814 ) ) ;
#3107 = FACE_OUTER_BOUND ( 'NONE', #5300, .T. ) ;
#3108 = DIRECTION ( 'NONE',  ( 0.000000000000000000, 0.000000000000000000, 1.000000000000000000 ) ) ;
#3109 = ORIENTED_EDGE ( 'NONE', *, *, #5249, .T. ) ;
#3110 = ORIENTED_EDGE ( 'NONE', *, *, #2134, .T. ) ;
#3111 = VERTEX_POINT ( 'NONE', #723 ) ;
#3112 = CARTESIAN_POINT ( 'NONE',  ( -8.620003430146335077, 133.5003023475067891, -13.90231102919373463 ) ) ;
#3113 = CARTESIAN_POINT ( 'NONE',  ( -24.10580376226773325, 127.0693739299813814, -15.17724512338863363 ) ) ;
#3114 = CARTESIAN_POINT ( 'NONE',  ( 121.8344983984421077, 142.5000000000000000, -119.6344983984421759 ) ) ;
#3115 = CARTESIAN_POINT ( 'NONE',  ( -6.500000000000000000, 132.5000000000000000, -13.79999999999999893 ) ) ;
#3116 = CARTESIAN_POINT ( 'NONE',  ( -8.654957833977791282, 87.53734085661956499, -14.00645844248202643 ) ) ;
#3117 = CARTESIAN_POINT ( 'NONE',  ( 9.099999999999997868, 83.50000000000000000, -16.69999999999999929 ) ) ;
#3118 = EDGE_LOOP ( 'NONE', ( #2743, #1295, #971, #1250, #3490 ) ) ;
#3119 = VERTEX_POINT ( 'NONE', #1600 ) ;
#3120 = VERTEX_POINT ( 'NONE', #3429 ) ;
#3121 = DIRECTION ( 'NONE',  ( 0.000000000000000000, -1.000000000000000000, 0.000000000000000000 ) ) ;
#3122 = CARTESIAN_POINT ( 'NONE',  ( 121.8344983984420935, 126.0000000000000000, -121.8344983984421219 ) ) ;
#3123 = ORIENTED_EDGE ( 'NONE', *, *, #593, .F. ) ;
#3124 = ADVANCED_FACE ( 'NONE', ( #3493 ), #5353, .T. ) ;
#3125 = VERTEX_POINT ( 'NONE', #4935 ) ;
#3126 = CARTESIAN_POINT ( 'NONE',  ( -32.67337166773782542, 126.0000000000000000, -18.16078261430392615 ) ) ;
#3127 = EDGE_CURVE ( 'NONE', #1891, #4683, #956, .T. ) ;
#3128 = CARTESIAN_POINT ( 'NONE',  ( -25.49999999999999645, 133.6000000000000227, -14.50000000000000000 ) ) ;
#3129 = DIRECTION ( 'NONE',  ( 0.000000000000000000, 0.000000000000000000, 1.000000000000000000 ) ) ;
#3130 = DIRECTION ( 'NONE',  ( -1.000000000000000000, 0.000000000000000000, 0.000000000000000000 ) ) ;
#3131 = VERTEX_POINT ( 'NONE', #2935 ) ;
#3132 = CARTESIAN_POINT ( 'NONE',  ( -24.18727188123746075, 124.6742360126623765, -12.31273838380420749 ) ) ;
#3133 = PLANE ( 'NONE',  #2710 ) ;
#3134 = DIRECTION ( 'NONE',  ( 0.000000000000000000, -1.000000000000000000, 0.000000000000000000 ) ) ;
#3135 = CIRCLE ( 'NONE', #4887, 2.199999999999993516 ) ;
#3136 = DIRECTION ( 'NONE',  ( -1.000000000000000000, 0.000000000000000000, 0.000000000000000000 ) ) ;
#3137 = EDGE_LOOP ( 'NONE', ( #1263, #1586, #3910, #4576 ) ) ;
#3138 = ORIENTED_EDGE ( 'NONE', *, *, #50, .F. ) ;
#3139 = EDGE_CURVE ( 'NONE', #5904, #4172, #3944, .T. ) ;
#3140 = CIRCLE ( 'NONE', #3623, 2.199999999999998845 ) ;
#3141 = CARTESIAN_POINT ( 'NONE',  ( -19.50000000000000355, 85.70000000000000284, -14.50000000000000000 ) ) ;
#3142 = AXIS2_PLACEMENT_3D ( 'NONE', #5683, #4271, #4778 ) ;
#3143 = CYLINDRICAL_SURFACE ( 'NONE', #4062, 0.8000000000000063727 ) ;
#3144 = FACE_OUTER_BOUND ( 'NONE', #4624, .T. ) ;
#3145 = AXIS2_PLACEMENT_3D ( 'NONE', #5756, #1580, #3444 ) ;
#3146 = CARTESIAN_POINT ( 'NONE',  ( 4.705507150229712998, 133.4663147890724133, -13.22222766388085446 ) ) ;
#3147 = EDGE_LOOP ( 'NONE', ( #4368, #553 ) ) ;
#3148 = CIRCLE ( 'NONE', #4612, 2.199999999999998845 ) ;
#3149 = ORIENTED_EDGE ( 'NONE', *, *, #2313, .F. ) ;
#3150 = AXIS2_PLACEMENT_3D ( 'NONE', #2146, #2116, #5834 ) ;
#3151 = VERTEX_POINT ( 'NONE', #1568 ) ;
#3152 = DIRECTION ( 'NONE',  ( 0.7071067811865483499, 0.000000000000000000, -0.7071067811865469066 ) ) ;
#3153 = CARTESIAN_POINT ( 'NONE',  ( 10.50000000000000000, 93.50000000000000000, -13.79999999999999893 ) ) ;
#3154 = ORIENTED_EDGE ( 'NONE', *, *, #4750, .F. ) ;
#3155 = ORIENTED_EDGE ( 'NONE', *, *, #1855, .F. ) ;
#3156 = CIRCLE ( 'NONE', #4620, 0.7000000000000027311 ) ;
#3157 = CIRCLE ( 'NONE', #4718, 2.199999999999993516 ) ;
#3158 = DIRECTION ( 'NONE',  ( -1.000000000000000000, -6.672013369141589869E-16, 0.000000000000000000 ) ) ;
#3159 = CARTESIAN_POINT ( 'NONE',  ( 23.50000000000000000, 87.50000000000000000, -14.50000000000000000 ) ) ;
#3160 = AXIS2_PLACEMENT_3D ( 'NONE', #2636, #2108, #679 ) ;
#3161 = DIRECTION ( 'NONE',  ( -1.000000000000000000, 0.000000000000000000, 0.000000000000000000 ) ) ;
#3162 = CARTESIAN_POINT ( 'NONE',  ( 6.500000000000000000, 88.50000000000000000, -14.50000000000000000 ) ) ;
#3163 = AXIS2_PLACEMENT_3D ( 'NONE', #4138, #3707, #4049 ) ;
#3164 = EDGE_LOOP ( 'NONE', ( #995, #1953, #688, #1282, #1212, #2871, #4166 ) ) ;
#3165 = EDGE_CURVE ( 'NONE', #4045, #5952, #1327, .T. ) ;
#3166 = CARTESIAN_POINT ( 'NONE',  ( 33.11457538341716855, 126.0000000000000000, -30.00330554619635848 ) ) ;
#3167 = AXIS2_PLACEMENT_3D ( 'NONE', #4128, #3550, #2238 ) ;
#3168 = DIRECTION ( 'NONE',  ( 0.000000000000000000, 0.000000000000000000, 1.000000000000000000 ) ) ;
#3169 = DIRECTION ( 'NONE',  ( 0.000000000000000000, 1.000000000000000000, 0.000000000000000000 ) ) ;
#3170 = AXIS2_PLACEMENT_3D ( 'NONE', #858, #4539, #5500 ) ;
#3171 = VERTEX_POINT ( 'NONE', #5328 ) ;
#3172 = CIRCLE ( 'NONE', #1807, 2.199999999999993516 ) ;
#3173 = EDGE_CURVE ( 'NONE', #1203, #1993, #2086, .T. ) ;
#3174 = ADVANCED_FACE ( 'NONE', ( #3982 ), #3029, .T. ) ;
#3175 = CARTESIAN_POINT ( 'NONE',  ( 2.500000000000000000, 93.50000000000000000, -14.59999999999999964 ) ) ;
#3176 = CARTESIAN_POINT ( 'NONE',  ( -10.50000000000000000, 93.50000000000000000, -13.79999999999999893 ) ) ;
#3177 = CARTESIAN_POINT ( 'NONE',  ( -9.099999999999997868, 133.5999999999999943, -14.50000000000000000 ) ) ;
#3178 = CIRCLE ( 'NONE', #3759, 2.199999999999998845 ) ;
#3179 = CARTESIAN_POINT ( 'NONE',  ( -4.312134413840758462, 133.2227485914418992, -14.25960179753913160 ) ) ;
#3180 = VERTEX_POINT ( 'NONE', #5289 ) ;
#3181 = EDGE_CURVE ( 'NONE', #3514, #1534, #4541, .T. ) ;
#3182 = AXIS2_PLACEMENT_3D ( 'NONE', #769, #3890, #1572 ) ;
#3183 = VERTEX_POINT ( 'NONE', #4865 ) ;
#3184 = CIRCLE ( 'NONE', #2707, 2.200000000000000622 ) ;
#3185 = ORIENTED_EDGE ( 'NONE', *, *, #5740, .F. ) ;
#3186 = CIRCLE ( 'NONE', #5708, 0.8000000000000003775 ) ;
#3187 = AXIS2_PLACEMENT_3D ( 'NONE', #1866, #4190, #2843 ) ;
#3188 = DIRECTION ( 'NONE',  ( 0.000000000000000000, 1.000000000000000000, 0.000000000000000000 ) ) ;
#3189 = CARTESIAN_POINT ( 'NONE',  ( 25.50000000000000000, 126.0000000000000000, -10.00000000000000888 ) ) ;
#3190 = ORIENTED_EDGE ( 'NONE', *, *, #5333, .F. ) ;
#3191 = EDGE_CURVE ( 'NONE', #426, #4413, #2293, .T. ) ;
#3192 = ORIENTED_EDGE ( 'NONE', *, *, #5124, .F. ) ;
#3193 = CARTESIAN_POINT ( 'NONE',  ( 27.22801823377642094, 125.1730266696201568, -12.45574049610128675 ) ) ;
#3194 = CARTESIAN_POINT ( 'NONE',  ( 6.500000000000000000, 88.50000000000000000, -14.59999999999999964 ) ) ;
#3195 = CARTESIAN_POINT ( 'NONE',  ( 6.500000000000000000, 127.5000000000000000, -13.79999999999999893 ) ) ;
#3196 = DIRECTION ( 'NONE',  ( 0.000000000000000000, 0.000000000000000000, 1.000000000000000000 ) ) ;
#3197 = AXIS2_PLACEMENT_3D ( 'NONE', #1285, #5360, #4972 ) ;
#3198 = ORIENTED_EDGE ( 'NONE', *, *, #5362, .F. ) ;
#3199 = CARTESIAN_POINT ( 'NONE',  ( -6.500000000000000000, 132.5000000000000000, -14.50000000000000000 ) ) ;
#3200 = CARTESIAN_POINT ( 'NONE',  ( -27.50000000000000000, 122.0000000000000000, -14.50000000000000000 ) ) ;
#3201 = CARTESIAN_POINT ( 'NONE',  ( 5.634569895688172458, 132.5000000000000000, -13.79999999999999893 ) ) ;
#3202 = ADVANCED_FACE ( 'NONE', ( #1665 ), #5024, .T. ) ;
#3203 = EDGE_CURVE ( 'NONE', #1108, #331, #664, .T. ) ;
#3204 =( BOUNDED_CURVE ( )  B_SPLINE_CURVE ( 3, ( #2199, #1649, #5365, #3997 ),
 .UNSPECIFIED., .F., .T. ) 
 B_SPLINE_CURVE_WITH_KNOTS ( ( 4, 4 ),
 ( 0.000000000000000000, 1.276706400021183851 ),
 .UNSPECIFIED. ) 
 CURVE ( )  GEOMETRIC_REPRESENTATION_ITEM ( )  RATIONAL_B_SPLINE_CURVE ( ( 1.000000000000000000, 0.8687187541764364029, 0.8687187541764364029, 1.000000000000000000 ) ) 
 REPRESENTATION_ITEM ( '' )  );
#3205 = DIRECTION ( 'NONE',  ( 0.000000000000000000, 1.000000000000000000, 0.000000000000000000 ) ) ;
#3206 = FACE_OUTER_BOUND ( 'NONE', #934, .T. ) ;
#3207 = CARTESIAN_POINT ( 'NONE',  ( 10.50000000000000000, 91.28903536629340465, -13.79999999999999893 ) ) ;
#3208 = EDGE_CURVE ( 'NONE', #4045, #802, #5691, .T. ) ;
#3209 = CARTESIAN_POINT ( 'NONE',  ( -4.379996569853664923, 133.5003023475067891, -13.90231102919374173 ) ) ;
#3210 = ORIENTED_EDGE ( 'NONE', *, *, #5619, .F. ) ;
#3211 = EDGE_LOOP ( 'NONE', ( #4741, #4847, #2120, #1009, #4276 ) ) ;
#3212 = AXIS2_PLACEMENT_3D ( 'NONE', #1049, #585, #4299 ) ;
#3213 = DIRECTION ( 'NONE',  ( -0.7327934916262920373, -0.6804510993672853170, 0.000000000000000000 ) ) ;
#3214 = B_SPLINE_CURVE_WITH_KNOTS ( 'NONE', 3,
 ( #1937, #5283, #1959, #3823, #5202, #2930, #4716, #543, #5173, #575, #1034, #2487, #4313, #5739 ),
 .UNSPECIFIED., .F., .F.,
 ( 4, 2, 2, 2, 2, 2, 4 ),
 ( 0.01087215931148551723, 0.01150992685653334791, 0.01214769440158118032, 0.01246657817410511820, 0.01278546194662905783, 0.01310434571915299572, 0.01342322949167693361 ),
 .UNSPECIFIED. ) ;
#3215 = CARTESIAN_POINT ( 'NONE',  ( 9.099999999999997868, 83.50000000000000000, -12.30000000000000249 ) ) ;
#3216 = LINE ( 'NONE', #447, #4226 ) ;
#3217 = ORIENTED_EDGE ( 'NONE', *, *, #4650, .T. ) ;
#3218 = EDGE_LOOP ( 'NONE', ( #3076, #4513, #5003, #4075, #1738, #4384, #2020, #338, #2012, #1359 ) ) ;
#3219 = EDGE_CURVE ( 'NONE', #3434, #992, #1636, .T. ) ;
#3220 = CARTESIAN_POINT ( 'NONE',  ( -27.49999999999999645, 126.0000000000000000, -16.69999999999999929 ) ) ;
#3221 = CARTESIAN_POINT ( 'NONE',  ( -9.099999999999997868, 133.5999999999999943, -14.50000000000000000 ) ) ;
#3222 = DIRECTION ( 'NONE',  ( 0.000000000000000000, -1.000000000000000000, 0.000000000000000000 ) ) ;
#3223 = DIRECTION ( 'NONE',  ( 1.000000000000000000, 0.000000000000000000, 0.000000000000000000 ) ) ;
#3224 = ORIENTED_EDGE ( 'NONE', *, *, #162, .F. ) ;
#3225 = CARTESIAN_POINT ( 'NONE',  ( -23.57368111345241957, 126.7699455711991732, -14.13477742471740584 ) ) ;
#3226 = CARTESIAN_POINT ( 'NONE',  ( -4.776088314626287357, 87.59922486358155425, -13.13320502597062678 ) ) ;
#3227 = DIRECTION ( 'NONE',  ( 0.6804510993672772123, -0.7327934916262996978, 0.000000000000000000 ) ) ;
#3228 = ORIENTED_EDGE ( 'NONE', *, *, #1934, .F. ) ;
#3229 = PERSON_AND_ORGANIZATION ( #3587, #2478 ) ;
#3230 = CARTESIAN_POINT ( 'NONE',  ( 2.314574969259505011, 131.2760021622513591, -13.79999999999999893 ) ) ;
#3231 = LINE ( 'NONE', #3383, #1815 ) ;
#3232 = CARTESIAN_POINT ( 'NONE',  ( -2.500000000000000000, 93.50000000000000000, -14.59999999999999964 ) ) ;
#3233 = CARTESIAN_POINT ( 'NONE',  ( -8.116990673431692116, 88.34575436562006701, -13.00781818921325339 ) ) ;
#3234 = VERTEX_POINT ( 'NONE', #3861 ) ;
#3235 =( BOUNDED_CURVE ( )  B_SPLINE_CURVE ( 3, ( #2594, #3500, #4907, #1706 ),
 .UNSPECIFIED., .F., .T. ) 
 B_SPLINE_CURVE_WITH_KNOTS ( ( 4, 4 ),
 ( 3.926990816987239619, 4.712388980384687898 ),
 .UNSPECIFIED. ) 
 CURVE ( )  GEOMETRIC_REPRESENTATION_ITEM ( )  RATIONAL_B_SPLINE_CURVE ( ( 1.000000000000000000, 0.9492530216741911220, 0.9492530216741911220, 1.000000000000000000 ) ) 
 REPRESENTATION_ITEM ( '' )  );
#3236 = VERTEX_POINT ( 'NONE', #2551 ) ;
#3237 = CIRCLE ( 'NONE', #911, 6.200000000000003730 ) ;
#3238 = EDGE_CURVE ( 'NONE', #3947, #2940, #1902, .T. ) ;
#3239 = EDGE_CURVE ( 'NONE', #3486, #3496, #2694, .T. ) ;
#3240 = CIRCLE ( 'NONE', #3819, 2.200000000000007283 ) ;
#3241 = VERTEX_POINT ( 'NONE', #4350 ) ;
#3242 = AXIS2_PLACEMENT_3D ( 'NONE', #2650, #4937, #1156 ) ;
#3243 = LINE ( 'NONE', #4254, #1896 ) ;
#3244 = CARTESIAN_POINT ( 'NONE',  ( 4.414334638538545796, 133.5372818060903626, -13.80000000000004512 ) ) ;
#3245 = ORIENTED_EDGE ( 'NONE', *, *, #633, .T. ) ;
#3246 = VERTEX_POINT ( 'NONE', #186 ) ;
#3247 = EDGE_CURVE ( 'NONE', #3572, #3612, #2394, .T. ) ;
#3248 = CIRCLE ( 'NONE', #720, 0.8000000000000003775 ) ;
#3249 = CARTESIAN_POINT ( 'NONE',  ( -6.500000000000000000, 88.50000000000000000, -14.50000000000000000 ) ) ;
#3250 = DIRECTION ( 'NONE',  ( 0.000000000000000000, 1.000000000000000000, 0.000000000000000000 ) ) ;
#3251 = CARTESIAN_POINT ( 'NONE',  ( 7.365430104311842641, 88.50000000000000000, -14.35611758520660786 ) ) ;
#3252 = LINE ( 'NONE', #5119, #3343 ) ;
#3253 = EDGE_CURVE ( 'NONE', #4703, #4885, #454, .T. ) ;
#3254 = CIRCLE ( 'NONE', #2074, 0.8000000000000003775 ) ;
#3255 = ORIENTED_EDGE ( 'NONE', *, *, #2806, .T. ) ;
#3256 = VECTOR ( 'NONE', #2496, 1000.000000000000000 ) ;
#3257 = EDGE_CURVE ( 'NONE', #466, #1365, #4339, .T. ) ;
#3258 = CARTESIAN_POINT ( 'NONE',  ( 2.500000000000000000, 129.7109646337065954, -13.79999999999999893 ) ) ;
#3259 = CC_DESIGN_APPROVAL ( #1057, ( #4212 ) ) ;
#3260 = CARTESIAN_POINT ( 'NONE',  ( 10.50000000000000000, 129.7109646337065954, -13.00000000000000000 ) ) ;
#3261 = CIRCLE ( 'NONE', #1317, 2.199999999999998845 ) ;
#3262 = CARTESIAN_POINT ( 'NONE',  ( -27.25735931288071257, 126.0000000000000000, 27.25735931288071257 ) ) ;
#3263 = CARTESIAN_POINT ( 'NONE',  ( -6.500000000000000000, 133.5999999999999943, -14.50000000000000000 ) ) ;
#3264 = ORIENTED_EDGE ( 'NONE', *, *, #5648, .F. ) ;
#3265 = UNCERTAINTY_MEASURE_WITH_UNIT (LENGTH_MEASURE( 1.000000000000000082E-05 ), #2139, 'distance_accuracy_value', 'NONE');
#3266 = CIRCLE ( 'NONE', #1511, 2.199999999999993516 ) ;
#3267 = APPROVAL_STATUS ( 'not_yet_approved' ) ;
#3268 = CARTESIAN_POINT ( 'NONE',  ( -34.38736758955295869, 126.0000000000000000, -28.73051334006057189 ) ) ;
#3269 = DIRECTION ( 'NONE',  ( 0.000000000000000000, -1.000000000000000000, 0.000000000000000000 ) ) ;
#3270 = CARTESIAN_POINT ( 'NONE',  ( -6.500000000000000000, 93.50000000000000000, -13.00000000000000000 ) ) ;
#3271 = PRODUCT_DEFINITION_SHAPE ( 'NONE', 'NONE',  #4212 ) ;
#3272 = DIRECTION ( 'NONE',  ( 0.000000000000000000, 1.000000000000000000, 0.000000000000000000 ) ) ;
#3273 = ORIENTED_EDGE ( 'NONE', *, *, #226, .F. ) ;
#3274 = ORIENTED_EDGE ( 'NONE', *, *, #915, .F. ) ;
#3275 = AXIS2_PLACEMENT_3D ( 'NONE', #4292, #4319, #1997 ) ;
#3276 = AXIS2_PLACEMENT_3D ( 'NONE', #1836, #989, #3691 ) ;
#3277 = DIRECTION ( 'NONE',  ( -0.2202608714346437624, 0.000000000000000000, -0.9754410020677065640 ) ) ;
#3278 = CARTESIAN_POINT ( 'NONE',  ( 10.68542503074048966, 131.2760021622513591, -13.79999999999999893 ) ) ;
#3279 = ORIENTED_EDGE ( 'NONE', *, *, #867, .F. ) ;
#3280 = CIRCLE ( 'NONE', #2793, 0.8000000000000003775 ) ;
#3281 = CIRCLE ( 'NONE', #4053, 2.200000000000007283 ) ;
#3282 = EDGE_CURVE ( 'NONE', #5904, #2611, #5128, .T. ) ;
#3283 = VERTEX_POINT ( 'NONE', #4048 ) ;
#3284 = EDGE_CURVE ( 'NONE', #5403, #426, #92, .T. ) ;
#3285 = AXIS2_PLACEMENT_3D ( 'NONE', #1094, #4675, #1947 ) ;
#3286 = CARTESIAN_POINT ( 'NONE',  ( -10.50000000000000000, 129.7109646337065954, -13.00000000000000000 ) ) ;
#3287 = CIRCLE ( 'NONE', #2305, 2.199999999999998845 ) ;
#3288 = CARTESIAN_POINT ( 'NONE',  ( 121.8344983984421077, 142.5000000000000000, -124.0344983984421674 ) ) ;
#3289 = CARTESIAN_POINT ( 'NONE',  ( 5.634569895688164465, 132.5000000000000000, -13.43417466591135856 ) ) ;
#3290 = DIRECTION ( 'NONE',  ( 0.000000000000000000, 0.000000000000000000, 1.000000000000000000 ) ) ;
#3291 = EDGE_CURVE ( 'NONE', #2615, #3120, #5791, .T. ) ;
#3292 = ORIENTED_EDGE ( 'NONE', *, *, #980, .F. ) ;
#3293 = CARTESIAN_POINT ( 'NONE',  ( 6.500000000000000000, 90.70000000000000284, -13.00000000000000000 ) ) ;
#3294 = CARTESIAN_POINT ( 'NONE',  ( 11.30000000000000071, 91.28903536629340465, -13.79999999999999893 ) ) ;
#3295 = PLANE ( 'NONE',  #5489 ) ;
#3296 = CARTESIAN_POINT ( 'NONE',  ( -9.099999999999997868, 83.50000000000000000, -12.30000000000000249 ) ) ;
#3297 = ORIENTED_EDGE ( 'NONE', *, *, #1980, .F. ) ;
#3298 = CALENDAR_DATE ( 2026, 29, 9 ) ;
#3299 = CARTESIAN_POINT ( 'NONE',  ( 4.883009326568308772, 88.34575436562009543, -13.00781818921325517 ) ) ;
#3300 = FACE_OUTER_BOUND ( 'NONE', #5351, .T. ) ;
#3301 = DIRECTION ( 'NONE',  ( 0.000000000000000000, 1.000000000000000000, 0.000000000000000000 ) ) ;
#3302 = CARTESIAN_POINT ( 'NONE',  ( 7.365430104311844417, 88.50000000000000000, -13.79999999999999893 ) ) ;
#3303 = ORIENTED_EDGE ( 'NONE', *, *, #1052, .T. ) ;
#3304 = ORIENTED_EDGE ( 'NONE', *, *, #3578, .T. ) ;
#3305 = ORIENTED_EDGE ( 'NONE', *, *, #1648, .T. ) ;
#3306 = DIRECTION ( 'NONE',  ( 0.000000000000000000, 1.000000000000000000, 0.000000000000000000 ) ) ;
#3307 = EDGE_LOOP ( 'NONE', ( #2991, #418, #3674, #4912, #4616, #3523 ) ) ;
#3308 = VERTEX_POINT ( 'NONE', #885 ) ;
#3309 = ORIENTED_EDGE ( 'NONE', *, *, #1554, .F. ) ;
#3310 = DIRECTION ( 'NONE',  ( 0.000000000000000000, 0.000000000000000000, 1.000000000000000000 ) ) ;
#3311 = DIRECTION ( 'NONE',  ( 0.000000000000000000, 0.000000000000000000, -1.000000000000000000 ) ) ;
#3312 = CARTESIAN_POINT ( 'NONE',  ( 7.365430104311823101, 132.5000000000000000, -13.79999999999999893 ) ) ;
#3313 = DIRECTION ( 'NONE',  ( 0.000000000000000000, 0.000000000000000000, 1.000000000000000000 ) ) ;
#3314 = EDGE_CURVE ( 'NONE', #4010, #5429, #547, .T. ) ;
#3315 = EDGE_LOOP ( 'NONE', ( #2081, #4642, #4158, #500, #1868, #5847, #5549, #4416, #2598, #622 ) ) ;
#3316 = EDGE_CURVE ( 'NONE', #1427, #3125, #1175, .T. ) ;
#3317 = DIRECTION ( 'NONE',  ( 0.000000000000000000, 0.000000000000000000, 1.000000000000000000 ) ) ;
#3318 = EDGE_CURVE ( 'NONE', #331, #5488, #952, .T. ) ;
#3319 = CARTESIAN_POINT ( 'NONE',  ( -29.74704866153470206, 126.0000000000000000, -14.50000000000000000 ) ) ;
#3320 = CARTESIAN_POINT ( 'NONE',  ( 23.29999999999999716, 126.0000000000000000, -10.00000000000000888 ) ) ;
#3321 = DIRECTION ( 'NONE',  ( 0.000000000000000000, 1.000000000000000000, 0.000000000000000000 ) ) ;
#3322 = ORIENTED_EDGE ( 'NONE', *, *, #1236, .T. ) ;
#3323 = APPROVAL_DATE_TIME ( #5654, #1057 ) ;
#3324 = DIRECTION ( 'NONE',  ( -1.000000000000000000, 0.000000000000000000, 0.000000000000000000 ) ) ;
#3325 = CARTESIAN_POINT ( 'NONE',  ( -27.70062397839203783, 126.7886149696260674, -12.43987795452492406 ) ) ;
#3326 = LINE ( 'NONE', #1016, #4148 ) ;
#3327 = EDGE_CURVE ( 'NONE', #3548, #5927, #709, .T. ) ;
#3328 = EDGE_LOOP ( 'NONE', ( #3883, #3517, #1082, #2343, #5569, #1541 ) ) ;
#3329 = ORIENTED_EDGE ( 'NONE', *, *, #4515, .T. ) ;
#3330 = DIRECTION ( 'NONE',  ( 0.000000000000000000, 0.000000000000000000, 1.000000000000000000 ) ) ;
#3331 = DIRECTION ( 'NONE',  ( 0.000000000000000000, 1.000000000000000000, 0.000000000000000000 ) ) ;
#3332 = CARTESIAN_POINT ( 'NONE',  ( 10.50000000000000000, 93.50000000000000000, -13.79999999999999893 ) ) ;
#3333 = CARTESIAN_POINT ( 'NONE',  ( 6.500000000000000000, 88.50000000000000000, -13.79999999999999893 ) ) ;
#3334 = ORIENTED_EDGE ( 'NONE', *, *, #4767, .T. ) ;
#3335 = ORIENTED_EDGE ( 'NONE', *, *, #4839, .F. ) ;
#3336 = AXIS2_PLACEMENT_3D ( 'NONE', #588, #4786, #3360 ) ;
#3337 = CIRCLE ( 'NONE', #1489, 2.199999999999998845 ) ;
#3338 = CARTESIAN_POINT ( 'NONE',  ( -25.50000000000000355, 130.5000000000000000, -16.70000000000000284 ) ) ;
#3339 = DIRECTION ( 'NONE',  ( 0.000000000000000000, 0.000000000000000000, 1.000000000000000000 ) ) ;
#3340 = DIRECTION ( 'NONE',  ( 0.000000000000000000, 1.000000000000000000, 0.000000000000000000 ) ) ;
#3341 = AXIS2_PLACEMENT_3D ( 'NONE', #1196, #3604, #4914 ) ;
#3342 = VERTEX_POINT ( 'NONE', #3194 ) ;
#3343 = VECTOR ( 'NONE', #948, 1000.000000000000114 ) ;
#3344 = CARTESIAN_POINT ( 'NONE',  ( 6.500000000000000000, 93.50000000000000000, -13.79999999999999893 ) ) ;
#3345 = DIRECTION ( 'NONE',  ( 0.000000000000000000, 0.000000000000000000, 1.000000000000000000 ) ) ;
#3346 = CYLINDRICAL_SURFACE ( 'NONE', #4417, 0.8000000000000069278 ) ;
#3347 = CARTESIAN_POINT ( 'NONE',  ( -7.365430104311823101, 132.5000000000000000, -13.79999999999999893 ) ) ;
#3348 = EDGE_CURVE ( 'NONE', #3702, #5866, #3178, .T. ) ;
#3349 = EDGE_CURVE ( 'NONE', #4385, #5752, #5218, .T. ) ;
#3350 = AXIS2_PLACEMENT_3D ( 'NONE', #470, #4089, #5946 ) ;
#3351 = TOROIDAL_SURFACE ( 'NONE', #4423, 2.600000000000001421, 2.199999999999999734 ) ;
#3352 = CARTESIAN_POINT ( 'NONE',  ( -2.500000000000000000, 93.50000000000000000, -13.79999999999999893 ) ) ;
#3353 = DIRECTION ( 'NONE',  ( 0.000000000000000000, -1.000000000000000000, 0.000000000000000000 ) ) ;
#3354 = CARTESIAN_POINT ( 'NONE',  ( 8.698537757715351759, 132.5000000000000000, -14.58019805421551496 ) ) ;
#3355 = EDGE_CURVE ( 'NONE', #1808, #109, #75, .T. ) ;
#3356 = VERTEX_POINT ( 'NONE', #4573 ) ;
#3357 = EDGE_CURVE ( 'NONE', #2883, #1203, #2596, .T. ) ;
#3358 = CIRCLE ( 'NONE', #3839, 2.199999999999998845 ) ;
#3359 = ORIENTED_EDGE ( 'NONE', *, *, #2313, .T. ) ;
#3360 = DIRECTION ( 'NONE',  ( 0.7327934916263022513, -0.6804510993672745478, 0.000000000000000000 ) ) ;
#3361 = AXIS2_PLACEMENT_3D ( 'NONE', #1842, #591, #1384 ) ;
#3362 = CARTESIAN_POINT ( 'NONE',  ( -10.50000000000000000, 91.28903536629340465, -13.79999999999999893 ) ) ;
#3363 = CYLINDRICAL_SURFACE ( 'NONE', #844, 0.8000000000000003775 ) ;
#3364 = CARTESIAN_POINT ( 'NONE',  ( 121.8344983984421077, 126.0000000000000000, -121.8344983984421646 ) ) ;
#3365 = ADVANCED_FACE ( 'NONE', ( #423 ), #3614, .T. ) ;
#3366 = EDGE_LOOP ( 'NONE', ( #4959, #2358, #2562, #4761, #570, #2312 ) ) ;
#3367 = AXIS2_PLACEMENT_3D ( 'NONE', #1122, #3915, #2971 ) ;
#3368 = ORIENTED_EDGE ( 'NONE', *, *, #5110, .T. ) ;
#3369 = AXIS2_PLACEMENT_3D ( 'NONE', #798, #4054, #5914 ) ;
#3370 = CARTESIAN_POINT ( 'NONE',  ( -22.89999999999999858, 133.5999999999999943, -14.50000000000000000 ) ) ;
#3371 = CIRCLE ( 'NONE', #4155, 2.200000000000000178 ) ;
#3372 = CARTESIAN_POINT ( 'NONE',  ( 8.698537757715342877, 88.50000000000000000, -14.58019805421553095 ) ) ;
#3373 = DIRECTION ( 'NONE',  ( -0.000000000000000000, -0.000000000000000000, -1.000000000000000000 ) ) ;
#3374 = ADVANCED_FACE ( 'NONE', ( #2679 ), #1338, .T. ) ;
#3375 = EDGE_LOOP ( 'NONE', ( #537, #787, #3993, #841, #5015, #193, #4983, #2521, #1776, #5285 ) ) ;
#3376 = VECTOR ( 'NONE', #5976, 1000.000000000000000 ) ;
#3377 = CARTESIAN_POINT ( 'NONE',  ( -9.000000000000001776, 91.28903536629340465, -13.79999999999999893 ) ) ;
#3378 = DIRECTION ( 'NONE',  ( 0.6804510993672788777, 0.7327934916262981435, 0.000000000000000000 ) ) ;
#3379 = DIRECTION ( 'NONE',  ( 0.000000000000000000, 0.000000000000000000, 1.000000000000000000 ) ) ;
#3380 = DIRECTION ( 'NONE',  ( 0.000000000000000000, 0.000000000000000000, 1.000000000000000000 ) ) ;
#3381 = VECTOR ( 'NONE', #4670, 1000.000000000000000 ) ;
#3382 = ORIENTED_EDGE ( 'NONE', *, *, #577, .T. ) ;
#3383 = CARTESIAN_POINT ( 'NONE',  ( -6.500000000000000000, 93.50000000000000000, -14.59999999999999964 ) ) ;
#3384 = CARTESIAN_POINT ( 'NONE',  ( -27.67667212751215189, 128.1933644242987498, -14.26671021113950211 ) ) ;
#3385 = ADVANCED_FACE ( 'NONE', ( #2243 ), #5418, .T. ) ;
#3386 = VERTEX_POINT ( 'NONE', #4168 ) ;
#3387 = ADVANCED_FACE ( 'NONE', ( #2306 ), #3772, .F. ) ;
#3388 = VERTEX_POINT ( 'NONE', #5621 ) ;
#3389 = EDGE_CURVE ( 'NONE', #5275, #1417, #2468, .T. ) ;
#3390 = CARTESIAN_POINT ( 'NONE',  ( -10.09919023743945132, 130.7316412827575220, -13.79999999999999893 ) ) ;
#3391 = CYLINDRICAL_SURFACE ( 'NONE', #5486, 2.199999999999998845 ) ;
#3392 = DIRECTION ( 'NONE',  ( 0.000000000000000000, 1.000000000000000000, 0.000000000000000000 ) ) ;
#3393 = DIRECTION ( 'NONE',  ( 0.000000000000000000, 0.000000000000000000, 1.000000000000000000 ) ) ;
#3394 = ORIENTED_EDGE ( 'NONE', *, *, #5358, .F. ) ;
#3395 = ORIENTED_EDGE ( 'NONE', *, *, #2435, .T. ) ;
#3396 = CARTESIAN_POINT ( 'NONE',  ( -23.50000000000000000, 87.50000000000000000, -14.50000000000000000 ) ) ;
#3397 = CARTESIAN_POINT ( 'NONE',  ( 4.301462242284648241, 132.5000000000000000, -14.58019805421551318 ) ) ;
#3398 = CARTESIAN_POINT ( 'NONE',  ( 2.500000000000000000, 129.7109646337065954, -13.79999999999999893 ) ) ;
#3399 = EDGE_CURVE ( 'NONE', #375, #1294, #1042, .T. ) ;
#3400 = VERTEX_POINT ( 'NONE', #1873 ) ;
#3401 = CARTESIAN_POINT ( 'NONE',  ( -4.321518473999536702, 87.69415427292587140, -14.17989180301003138 ) ) ;
#3402 = CARTESIAN_POINT ( 'NONE',  ( 10.09919023743945132, 90.26835871724247795, -13.79999999999999893 ) ) ;
#3403 = CARTESIAN_POINT ( 'NONE',  ( 121.8344983984421503, 126.0000000000000000, 121.8344983984421503 ) ) ;
#3404 = FACE_OUTER_BOUND ( 'NONE', #733, .T. ) ;
#3405 = DIRECTION ( 'NONE',  ( 0.000000000000000000, 1.000000000000000000, 0.000000000000000000 ) ) ;
#3406 = ORIENTED_EDGE ( 'NONE', *, *, #5806, .F. ) ;
#3407 = CARTESIAN_POINT ( 'NONE',  ( 9.099999999999997868, 81.30000000000001137, -14.50000000000000000 ) ) ;
#3408 = CARTESIAN_POINT ( 'NONE',  ( -27.69881430608391071, 128.0323155608278114, -13.64239524502440482 ) ) ;
#3409 = ORIENTED_EDGE ( 'NONE', *, *, #1242, .F. ) ;
#3410 = ADVANCED_FACE ( 'NONE', ( #4228 ), #365, .T. ) ;
#3411 = ORIENTED_EDGE ( 'NONE', *, *, #5587, .T. ) ;
#3412 = ORIENTED_EDGE ( 'NONE', *, *, #1801, .F. ) ;
#3413 = CARTESIAN_POINT ( 'NONE',  ( -23.50000000000000000, 87.50000000000000000, -14.50000000000000000 ) ) ;
#3414 = LINE ( 'NONE', #5192, #4039 ) ;
#3415 = CARTESIAN_POINT ( 'NONE',  ( 6.500000000000000000, 90.70000000000000284, -14.59999999999999964 ) ) ;
#3416 = DIRECTION ( 'NONE',  ( 0.000000000000000000, 0.000000000000000000, 1.000000000000000000 ) ) ;
#3417 = ORIENTED_EDGE ( 'NONE', *, *, #1784, .T. ) ;
#3418 = ORIENTED_EDGE ( 'NONE', *, *, #5963, .T. ) ;
#3419 = EDGE_CURVE ( 'NONE', #5371, #1075, #2424, .T. ) ;
#3420 = B_SPLINE_CURVE_WITH_KNOTS ( 'NONE', 3,
 ( #5495, #4517, #1165, #2603 ),
 .UNSPECIFIED., .F., .F.,
 ( 4, 4 ),
 ( 3.878959614448864246E-18, 0.0004257916520139644833 ),
 .UNSPECIFIED. ) ;
#3421 = FACE_OUTER_BOUND ( 'NONE', #4232, .T. ) ;
#3422 = CARTESIAN_POINT ( 'NONE',  ( -23.29999999999999716, 126.0000000000000000, -10.00000000000000888 ) ) ;
#3423 = ADVANCED_FACE ( 'NONE', ( #1423 ), #1957, .T. ) ;
#3424 = ORIENTED_EDGE ( 'NONE', *, *, #538, .T. ) ;
#3425 =( BOUNDED_CURVE ( )  B_SPLINE_CURVE ( 3, ( #506, #7, #2304, #2796 ),
 .UNSPECIFIED., .F., .T. ) 
 B_SPLINE_CURVE_WITH_KNOTS ( ( 4, 4 ),
 ( 5.006478907158401270, 6.283185307179586232 ),
 .UNSPECIFIED. ) 
 CURVE ( )  GEOMETRIC_REPRESENTATION_ITEM ( )  RATIONAL_B_SPLINE_CURVE ( ( 1.000000000000000000, 0.8687187541764362919, 0.8687187541764362919, 1.000000000000000000 ) ) 
 REPRESENTATION_ITEM ( '' )  );
#3426 = CIRCLE ( 'NONE', #2458, 0.8000000000000003775 ) ;
#3427 = CARTESIAN_POINT ( 'NONE',  ( -4.355322097473254495, 87.55545809518609701, -14.00139423256548810 ) ) ;
#3428 = CARTESIAN_POINT ( 'NONE',  ( -25.50000000000000355, 130.5000000000000000, -12.30000000000000071 ) ) ;
#3429 = CARTESIAN_POINT ( 'NONE',  ( -2.314574969259505011, 131.2760021622513591, -13.79999999999999893 ) ) ;
#3430 = CIRCLE ( 'NONE', #916, 2.300000000000001599 ) ;
#3431 = CARTESIAN_POINT ( 'NONE',  ( -5.099999999999993427, 133.0999999999999943, -13.79999999999999893 ) ) ;
#3432 = CARTESIAN_POINT ( 'NONE',  ( 6.500000000000000000, 133.5999999999999943, -12.30000000000000249 ) ) ;
#3433 = CIRCLE ( 'NONE', #1397, 0.8000000000000003775 ) ;
#3434 = VERTEX_POINT ( 'NONE', #3288 ) ;
#3435 = AXIS2_PLACEMENT_3D ( 'NONE', #363, #417, #5108 ) ;
#3436 = DIRECTION ( 'NONE',  ( 1.000000000000000000, 0.000000000000000000, 0.000000000000000000 ) ) ;
#3437 = CARTESIAN_POINT ( 'NONE',  ( 25.49999999999999645, 124.2918265716061086, -12.51963939542628879 ) ) ;
#3438 = ORIENTED_EDGE ( 'NONE', *, *, #959, .T. ) ;
#3439 = ADVANCED_FACE ( 'NONE', ( #33 ), #1477, .T. ) ;
#3440 = AXIS2_PLACEMENT_3D ( 'NONE', #5851, #350, #315 ) ;
#3441 = ORIENTED_EDGE ( 'NONE', *, *, #3460, .T. ) ;
#3442 = CIRCLE ( 'NONE', #4233, 0.7000000000000018430 ) ;
#3443 = DIRECTION ( 'NONE',  ( -0.7071067811865476838, 0.000000000000000000, -0.7071067811865474617 ) ) ;
#3444 = DIRECTION ( 'NONE',  ( 0.000000000000000000, 0.000000000000000000, 1.000000000000000000 ) ) ;
#3445 = DIRECTION ( 'NONE',  ( 0.000000000000000000, -1.000000000000000000, 0.000000000000000000 ) ) ;
#3446 = CC_DESIGN_SECURITY_CLASSIFICATION ( #4527, ( #348 ) ) ;
#3447 = CARTESIAN_POINT ( 'NONE',  ( -30.48560358128213110, 126.0000000000000000, -27.84946985432200250 ) ) ;
#3448 = AXIS2_PLACEMENT_3D ( 'NONE', #795, #886, #4106 ) ;
#3449 = DIRECTION ( 'NONE',  ( -0.2202608714346437624, 0.000000000000000000, -0.9754410020677065640 ) ) ;
#3450 = EDGE_LOOP ( 'NONE', ( #5303, #5052, #5661, #4946, #3669 ) ) ;
#3451 = ORIENTED_EDGE ( 'NONE', *, *, #1236, .F. ) ;
#3452 = CIRCLE ( 'NONE', #67, 2.200000000000000178 ) ;
#3453 = DIRECTION ( 'NONE',  ( 1.000000000000000000, 0.000000000000000000, 0.000000000000000000 ) ) ;
#3454 = CARTESIAN_POINT ( 'NONE',  ( -2.500000000000000000, 127.5000000000000000, -14.59999999999999964 ) ) ;
#3455 = DIRECTION ( 'NONE',  ( 1.000000000000000000, 0.000000000000000000, 0.000000000000000000 ) ) ;
#3456 = VERTEX_POINT ( 'NONE', #3338 ) ;
#3457 = EDGE_CURVE ( 'NONE', #1534, #3514, #4546, .T. ) ;
#3458 = CIRCLE ( 'NONE', #3275, 2.200000000000000178 ) ;
#3459 = AXIS2_PLACEMENT_3D ( 'NONE', #2141, #1322, #1269 ) ;
#3460 = EDGE_CURVE ( 'NONE', #4861, #2790, #4648, .T. ) ;
#3461 = ORIENTED_EDGE ( 'NONE', *, *, #5957, .F. ) ;
#3462 = CARTESIAN_POINT ( 'NONE',  ( 27.68256502082479642, 127.2189188487289044, -12.66144493749436606 ) ) ;
#3463 = AXIS2_PLACEMENT_3D ( 'NONE', #4747, #2362, #5559 ) ;
#3464 = DIRECTION ( 'NONE',  ( 0.000000000000000000, 0.000000000000000000, 1.000000000000000000 ) ) ;
#3465 = AXIS2_PLACEMENT_3D ( 'NONE', #691, #2550, #5716 ) ;
#3466 = ADVANCED_FACE ( 'NONE', ( #1935 ), #2974, .T. ) ;
#3467 = CARTESIAN_POINT ( 'NONE',  ( -7.662902329198327145, 132.4999999999999716, -13.14038834024218261 ) ) ;
#3468 = DIRECTION ( 'NONE',  ( 0.000000000000000000, 1.000000000000000000, 0.000000000000000000 ) ) ;
#3469 = DIRECTION ( 'NONE',  ( 0.000000000000000000, 0.000000000000000000, 1.000000000000000000 ) ) ;
#3470 = ORIENTED_EDGE ( 'NONE', *, *, #3796, .F. ) ;
#3471 = AXIS2_PLACEMENT_3D ( 'NONE', #4030, #5397, #2565 ) ;
#3472 = CARTESIAN_POINT ( 'NONE',  ( 4.299854910326689428, 88.27615686384551452, -14.53332281104960444 ) ) ;
#3473 = FACE_OUTER_BOUND ( 'NONE', #1179, .T. ) ;
#3474 = AXIS2_PLACEMENT_3D ( 'NONE', #5155, #72, #982 ) ;
#3475 = CIRCLE ( 'NONE', #1127, 0.8000000000000003775 ) ;
#3476 = CARTESIAN_POINT ( 'NONE',  ( -121.8344983984421646, 142.5000000000000000, -121.8344983984421361 ) ) ;
#3477 = EDGE_LOOP ( 'NONE', ( #5769, #3503, #1449, #967, #59, #1604, #238, #3097, #3309, #1018 ) ) ;
#3478 = EDGE_CURVE ( 'NONE', #94, #2072, #5029, .T. ) ;
#3479 = ORIENTED_EDGE ( 'NONE', *, *, #526, .F. ) ;
#3480 = DIRECTION ( 'NONE',  ( 0.2202608714346437624, 0.000000000000000000, -0.9754410020677065640 ) ) ;
#3481 = CYLINDRICAL_SURFACE ( 'NONE', #3336, 0.7999999999999987121 ) ;
#3482 =( NAMED_UNIT ( * ) PLANE_ANGLE_UNIT ( ) SI_UNIT ( $, .RADIAN. ) );
#3483 = CARTESIAN_POINT ( 'NONE',  ( 27.49999999999999645, 125.6123512240590543, -12.33442191862969572 ) ) ;
#3484 = DIRECTION ( 'NONE',  ( 0.000000000000000000, 1.000000000000000000, 0.000000000000000000 ) ) ;
#3485 = EDGE_LOOP ( 'NONE', ( #5229, #5111, #169, #5496 ) ) ;
#3486 = VERTEX_POINT ( 'NONE', #5672 ) ;
#3487 = DIRECTION ( 'NONE',  ( 1.000000000000000000, 0.000000000000000000, 0.000000000000000000 ) ) ;
#3488 = DIRECTION ( 'NONE',  ( -0.7327934916262925924, -0.6804510993672848729, 0.000000000000000000 ) ) ;
#3489 = EDGE_LOOP ( 'NONE', ( #4009, #3053, #5053, #4857, #2932 ) ) ;
#3490 = ORIENTED_EDGE ( 'NONE', *, *, #1376, .F. ) ;
#3491 = CARTESIAN_POINT ( 'NONE',  ( 27.67615015524580002, 128.1937291782716954, -14.27047692421106362 ) ) ;
#3492 = CYLINDRICAL_SURFACE ( 'NONE', #4737, 2.199999999999998845 ) ;
#3493 = FACE_OUTER_BOUND ( 'NONE', #5455, .T. ) ;
#3494 = CARTESIAN_POINT ( 'NONE',  ( -8.223911685373774816, 133.4007751364184742, -13.13320502597069250 ) ) ;
#3495 = DIRECTION ( 'NONE',  ( 0.6804510993672772123, -0.7327934916262996978, 0.000000000000000000 ) ) ;
#3496 = VERTEX_POINT ( 'NONE', #508 ) ;
#3497 = EDGE_CURVE ( 'NONE', #201, #2241, #646, .T. ) ;
#3498 = EDGE_CURVE ( 'NONE', #5556, #5311, #5905, .T. ) ;
#3499 = CARTESIAN_POINT ( 'NONE',  ( -2.500000000000000000, 127.5000000000000000, -13.00000000000000000 ) ) ;
#3500 = CARTESIAN_POINT ( 'NONE',  ( 122.4257728229844702, 127.1375407634743624, 119.6344983984421759 ) ) ;
#3501 = CARTESIAN_POINT ( 'NONE',  ( -8.585665361461455092, 87.46271819390962321, -13.80000000000004867 ) ) ;
#3502 = ORIENTED_EDGE ( 'NONE', *, *, #5037, .T. ) ;
#3503 = ORIENTED_EDGE ( 'NONE', *, *, #2495, .T. ) ;
#3504 = EDGE_CURVE ( 'NONE', #1822, #2652, #4154, .T. ) ;
#3505 = VERTEX_POINT ( 'NONE', #4828 ) ;
#3506 = CARTESIAN_POINT ( 'NONE',  ( -6.500000000000000000, 86.10000000000000853, -14.50000000000000000 ) ) ;
#3507 = CARTESIAN_POINT ( 'NONE',  ( -23.86979696280515384, 126.9991022705438155, -14.85724662453881884 ) ) ;
#3508 = CYLINDRICAL_SURFACE ( 'NONE', #3341, 0.8000000000000003775 ) ;
#3509 =( NAMED_UNIT ( * ) SI_UNIT ( $, .STERADIAN. ) SOLID_ANGLE_UNIT ( ) );
#3510 = EDGE_CURVE ( 'NONE', #481, #3125, #5797, .T. ) ;
#3511 = DIRECTION ( 'NONE',  ( -1.000000000000000000, 0.000000000000000000, 0.000000000000000000 ) ) ;
#3512 = CARTESIAN_POINT ( 'NONE',  ( -27.49999999999999645, 128.1655780813700574, -14.88764877594235436 ) ) ;
#3513 = ORIENTED_EDGE ( 'NONE', *, *, #4467, .T. ) ;
#3514 = VERTEX_POINT ( 'NONE', #4429 ) ;
#3515 = CARTESIAN_POINT ( 'NONE',  ( 8.117021870583650767, 88.34595741719999751, -13.00785311209613226 ) ) ;
#3516 = CARTESIAN_POINT ( 'NONE',  ( 6.500000000000000000, 132.5000000000000000, -14.50000000000000000 ) ) ;
#3517 = ORIENTED_EDGE ( 'NONE', *, *, #2931, .T. ) ;
#3518 = ORIENTED_EDGE ( 'NONE', *, *, #3595, .T. ) ;
#3519 = LINE ( 'NONE', #3885, #5219 ) ;
#3520 = CARTESIAN_POINT ( 'NONE',  ( -5.041578425853491474, 132.5000000000000000, -14.70316441953408493 ) ) ;
#3521 = CYLINDRICAL_SURFACE ( 'NONE', #3242, 2.200000000000000622 ) ;
#3522 = CIRCLE ( 'NONE', #1388, 0.8000000000000003775 ) ;
#3523 = ORIENTED_EDGE ( 'NONE', *, *, #2100, .T. ) ;
#3524 = CIRCLE ( 'NONE', #4118, 2.199999999999998845 ) ;
#3525 = AXIS2_PLACEMENT_3D ( 'NONE', #5709, #3487, #147 ) ;
#3526 = CARTESIAN_POINT ( 'NONE',  ( -25.50000000000000355, 133.5999999999999943, -14.50000000000000000 ) ) ;
#3527 = FACE_OUTER_BOUND ( 'NONE', #3137, .T. ) ;
#3528 = ADVANCED_FACE ( 'NONE', ( #3421 ), #2542, .T. ) ;
#3529 = ORIENTED_EDGE ( 'NONE', *, *, #3798, .T. ) ;
#3530 = EDGE_CURVE ( 'NONE', #815, #3560, #3280, .T. ) ;
#3531 = ORIENTED_EDGE ( 'NONE', *, *, #2569, .T. ) ;
#3532 = EDGE_CURVE ( 'NONE', #3608, #1903, #4736, .T. ) ;
#3533 = ORIENTED_EDGE ( 'NONE', *, *, #3181, .T. ) ;
#3534 = AXIS2_PLACEMENT_3D ( 'NONE', #5989, #4074, #1358 ) ;
#3535 = CARTESIAN_POINT ( 'NONE',  ( 8.703789587377418258, 88.05374763128628501, -14.46127107086121022 ) ) ;
#3536 = CARTESIAN_POINT ( 'NONE',  ( -9.000000000000001776, 91.28903536629340465, -13.79999999999999893 ) ) ;
#3537 = CARTESIAN_POINT ( 'NONE',  ( -6.500000000000000000, 93.50000000000000000, -13.79999999999999893 ) ) ;
#3538 = DIRECTION ( 'NONE',  ( 0.000000000000000000, 0.000000000000000000, 1.000000000000000000 ) ) ;
#3539 = EDGE_CURVE ( 'NONE', #2417, #4514, #5415, .T. ) ;
#3540 = FACE_OUTER_BOUND ( 'NONE', #3894, .T. ) ;
#3541 = ADVANCED_FACE ( 'NONE', ( #714 ), #1207, .T. ) ;
#3542 = VECTOR ( 'NONE', #2228, 1000.000000000000000 ) ;
#3543 = DIRECTION ( 'NONE',  ( 0.000000000000000000, 0.000000000000000000, 1.000000000000000000 ) ) ;
#3544 = ORIENTED_EDGE ( 'NONE', *, *, #2491, .T. ) ;
#3545 = ORIENTED_EDGE ( 'NONE', *, *, #4067, .T. ) ;
#3546 = AXIS2_PLACEMENT_3D ( 'NONE', #4032, #1168, #4000 ) ;
#3547 = AXIS2_PLACEMENT_3D ( 'NONE', #5682, #1517, #4866 ) ;
#3548 = VERTEX_POINT ( 'NONE', #1112 ) ;
#3549 = EDGE_CURVE ( 'NONE', #4307, #996, #2097, .T. ) ;
#3550 = DIRECTION ( 'NONE',  ( 0.000000000000000000, 1.000000000000000000, 0.000000000000000000 ) ) ;
#3551 = LINE ( 'NONE', #3908, #4802 ) ;
#3552 = ORIENTED_EDGE ( 'NONE', *, *, #3829, .T. ) ;
#3553 = ORIENTED_EDGE ( 'NONE', *, *, #2992, .T. ) ;
#3554 = VECTOR ( 'NONE', #686, 1000.000000000000000 ) ;
#3555 = PLANE ( 'NONE',  #5507 ) ;
#3556 = DIRECTION ( 'NONE',  ( 0.000000000000000000, 1.000000000000000000, 0.000000000000000000 ) ) ;
#3557 = EDGE_CURVE ( 'NONE', #587, #114, #2544, .T. ) ;
#3558 = CARTESIAN_POINT ( 'NONE',  ( -8.484007901074026137, 87.39853696641407055, -13.53881548668823243 ) ) ;
#3559 = DIRECTION ( 'NONE',  ( 0.000000000000000000, 0.000000000000000000, 1.000000000000000000 ) ) ;
#3560 = VERTEX_POINT ( 'NONE', #2114 ) ;
#3561 = VECTOR ( 'NONE', #301, 1000.000000000000000 ) ;
#3562 = AXIS2_PLACEMENT_3D ( 'NONE', #5857, #4121, #3605 ) ;
#3563 = DIRECTION ( 'NONE',  ( 0.7071067811865475727, 0.000000000000000000, -0.7071067811865475727 ) ) ;
#3564 = DIRECTION ( 'NONE',  ( 0.000000000000000000, 0.000000000000000000, -1.000000000000000000 ) ) ;
#3565 = CARTESIAN_POINT ( 'NONE',  ( 19.50000000000000000, 87.50000000000001421, -14.50000000000000000 ) ) ;
#3566 = DIRECTION ( 'NONE',  ( 0.000000000000000000, 0.000000000000000000, 1.000000000000000000 ) ) ;
#3567 = AXIS2_PLACEMENT_3D ( 'NONE', #1562, #626, #5282 ) ;
#3568 = AXIS2_PLACEMENT_3D ( 'NONE', #3377, #2338, #512 ) ;
#3569 = ORIENTED_EDGE ( 'NONE', *, *, #3103, .T. ) ;
#3570 = VERTEX_POINT ( 'NONE', #1176 ) ;
#3571 = B_SPLINE_CURVE_WITH_KNOTS ( 'NONE', 3,
 ( #894, #496, #4674, #4117 ),
 .UNSPECIFIED., .F., .F.,
 ( 4, 4 ),
 ( 0.001363264634590423277, 0.001785866089218233164 ),
 .UNSPECIFIED. ) ;
#3572 = VERTEX_POINT ( 'NONE', #3974 ) ;
#3573 = AXIS2_PLACEMENT_3D ( 'NONE', #3526, #3074, #3564 ) ;
#3574 = AXIS2_PLACEMENT_3D ( 'NONE', #4456, #4913, #738 ) ;
#3575 = FACE_OUTER_BOUND ( 'NONE', #6010, .T. ) ;
#3576 = DIRECTION ( 'NONE',  ( -0.000000000000000000, -1.000000000000000000, 0.000000000000000000 ) ) ;
#3577 = DIRECTION ( 'NONE',  ( -1.000000000000000000, 0.000000000000000000, 0.000000000000000000 ) ) ;
#3578 = EDGE_CURVE ( 'NONE', #2507, #545, #2498, .T. ) ;
#3579 = CARTESIAN_POINT ( 'NONE',  ( 121.8344983984420935, 126.0000000000000000, -121.8344983984421219 ) ) ;
#3580 = ADVANCED_FACE ( 'NONE', ( #5832 ), #657, .T. ) ;
#3581 = FACE_OUTER_BOUND ( 'NONE', #2282, .T. ) ;
#3582 = ORIENTED_EDGE ( 'NONE', *, *, #2590, .F. ) ;
#3583 = VERTEX_POINT ( 'NONE', #203 ) ;
#3584 = ADVANCED_FACE ( 'NONE', ( #3022 ), #3851, .T. ) ;
#3585 = FACE_OUTER_BOUND ( 'NONE', #2817, .T. ) ;
#3586 = ORIENTED_EDGE ( 'NONE', *, *, #4961, .T. ) ;
#3587 = PERSON ( 'UNSPECIFIED', 'UNSPECIFIED', 'UNSPECIFIED', ('UNSPECIFIED'), ('UNSPECIFIED'), ('UNSPECIFIED') ) ;
#3588 = CARTESIAN_POINT ( 'NONE',  ( -8.223911685373746394, 87.59922486358151161, -13.13320502597066053 ) ) ;
#3589 = CARTESIAN_POINT ( 'NONE',  ( -121.8344983984421788, 126.0000000000000000, -121.8344983984421503 ) ) ;
#3590 = ORIENTED_EDGE ( 'NONE', *, *, #4993, .T. ) ;
#3591 = VERTEX_POINT ( 'NONE', #5316 ) ;
#3592 = DIRECTION ( 'NONE',  ( -0.7327934916262920373, 0.6804510993672853170, 0.000000000000000000 ) ) ;
#3593 = DIRECTION ( 'NONE',  ( 0.000000000000000000, 0.000000000000000000, 1.000000000000000000 ) ) ;
#3594 = CARTESIAN_POINT ( 'NONE',  ( 27.50000000000000000, 122.0000000000000000, -14.50000000000000000 ) ) ;
#3595 = EDGE_CURVE ( 'NONE', #3131, #4045, #4829, .T. ) ;
#3596 = ORIENTED_EDGE ( 'NONE', *, *, #3318, .F. ) ;
#3597 = CARTESIAN_POINT ( 'NONE',  ( -23.71311986957168827, 125.2964518045507560, -12.54182296120391271 ) ) ;
#3598 = DIRECTION ( 'NONE',  ( 0.000000000000000000, 1.000000000000000000, 0.000000000000000000 ) ) ;
#3599 = DIRECTION ( 'NONE',  ( 0.000000000000000000, 0.000000000000000000, 1.000000000000000000 ) ) ;
#3600 = ORIENTED_EDGE ( 'NONE', *, *, #2454, .T. ) ;
#3601 = ORIENTED_EDGE ( 'NONE', *, *, #2273, .T. ) ;
#3602 = CARTESIAN_POINT ( 'NONE',  ( 4.776088314626258935, 87.59922486358152582, -13.13320502597065165 ) ) ;
#3603 = CYLINDRICAL_SURFACE ( 'NONE', #2006, 2.199999999999997957 ) ;
#3604 = DIRECTION ( 'NONE',  ( 0.000000000000000000, -1.000000000000000000, 0.000000000000000000 ) ) ;
#3605 = DIRECTION ( 'NONE',  ( 0.000000000000000000, 0.000000000000000000, -1.000000000000000000 ) ) ;
#3606 = ORIENTED_EDGE ( 'NONE', *, *, #4915, .T. ) ;
#3607 = ORIENTED_EDGE ( 'NONE', *, *, #538, .F. ) ;
#3608 = VERTEX_POINT ( 'NONE', #2993 ) ;
#3609 = DIRECTION ( 'NONE',  ( 0.000000000000000000, 0.000000000000000000, 1.000000000000000000 ) ) ;
#3610 = DIRECTION ( 'NONE',  ( 0.000000000000000000, 0.000000000000000000, 1.000000000000000000 ) ) ;
#3611 = ORIENTED_EDGE ( 'NONE', *, *, #1592, .T. ) ;
#3612 = VERTEX_POINT ( 'NONE', #4858 ) ;
#3613 = CARTESIAN_POINT ( 'NONE',  ( 6.500000000000000000, 127.5000000000000000, -14.59999999999999964 ) ) ;
#3614 = CYLINDRICAL_SURFACE ( 'NONE', #851, 2.199999999999998845 ) ;
#3615 = DIRECTION ( 'NONE',  ( -0.000000000000000000, -0.000000000000000000, -1.000000000000000000 ) ) ;
#3616 = FACE_OUTER_BOUND ( 'NONE', #4842, .T. ) ;
#3617 = ADVANCED_FACE ( 'NONE', ( #1658 ), #1628, .T. ) ;
#3618 = VERTEX_POINT ( 'NONE', #2577 ) ;
#3619 = DIRECTION ( 'NONE',  ( 0.7071067811865473507, 0.000000000000000000, -0.7071067811865476838 ) ) ;
#3620 = CARTESIAN_POINT ( 'NONE',  ( 23.77257649585880372, 126.9552932935832388, -14.67939857617373889 ) ) ;
#3621 = CARTESIAN_POINT ( 'NONE',  ( -27.49999999999999645, 126.0000000000000000, -14.50000000000000000 ) ) ;
#3622 = ORIENTED_EDGE ( 'NONE', *, *, #1921, .T. ) ;
#3623 = AXIS2_PLACEMENT_3D ( 'NONE', #4251, #1865, #3330 ) ;
#3624 =( BOUNDED_CURVE ( )  B_SPLINE_CURVE ( 3, ( #1875, #35, #4633, #5939 ),
 .UNSPECIFIED., .F., .T. ) 
 B_SPLINE_CURVE_WITH_KNOTS ( ( 4, 4 ),
 ( 5.006478907158407488, 6.283185307179586232 ),
 .UNSPECIFIED. ) 
 CURVE ( )  GEOMETRIC_REPRESENTATION_ITEM ( )  RATIONAL_B_SPLINE_CURVE ( ( 1.000000000000000000, 0.8687187541764374021, 0.8687187541764374021, 1.000000000000000000 ) ) 
 REPRESENTATION_ITEM ( '' )  );
#3625 = DIRECTION ( 'NONE',  ( 0.000000000000000000, 1.000000000000000000, 0.000000000000000000 ) ) ;
#3626 = CIRCLE ( 'NONE', #5761, 2.200000000000000622 ) ;
#3627 = DIRECTION ( 'NONE',  ( 0.000000000000000000, 1.000000000000000000, 0.000000000000000000 ) ) ;
#3628 = DIRECTION ( 'NONE',  ( -0.6804510993672790997, 0.7327934916262980325, 0.000000000000000000 ) ) ;
#3629 = EDGE_CURVE ( 'NONE', #1668, #5168, #1099, .T. ) ;
#3630 = CARTESIAN_POINT ( 'NONE',  ( -121.8344983984421646, 142.5000000000000000, -121.8344983984421361 ) ) ;
#3631 = ORIENTED_EDGE ( 'NONE', *, *, #2118, .F. ) ;
#3632 = CIRCLE ( 'NONE', #1013, 0.8000000000000003775 ) ;
#3633 = ORIENTED_EDGE ( 'NONE', *, *, #874, .T. ) ;
#3634 = AXIS2_PLACEMENT_3D ( 'NONE', #3940, #2046, #3455 ) ;
#3635 = ORIENTED_EDGE ( 'NONE', *, *, #2154, .F. ) ;
#3636 = FACE_OUTER_BOUND ( 'NONE', #5918, .T. ) ;
#3637 = FACE_OUTER_BOUND ( 'NONE', #2875, .T. ) ;
#3638 = VERTEX_POINT ( 'NONE', #2388 ) ;
#3639 = ORIENTED_EDGE ( 'NONE', *, *, #5010, .T. ) ;
#3640 = AXIS2_PLACEMENT_3D ( 'NONE', #5352, #2522, #3027 ) ;
#3641 = CIRCLE ( 'NONE', #3547, 2.200000000000000622 ) ;
#3642 = CARTESIAN_POINT ( 'NONE',  ( 32.67337166773783252, 126.0000000000000000, -18.16078261430392971 ) ) ;
#3643 = CARTESIAN_POINT ( 'NONE',  ( -121.8344983984421361, 127.5556349186104086, 119.6344983984421617 ) ) ;
#3644 = EDGE_CURVE ( 'NONE', #2091, #1829, #3665, .T. ) ;
#3645 = DIRECTION ( 'NONE',  ( -0.000000000000000000, -0.000000000000000000, -1.000000000000000000 ) ) ;
#3646 = DIRECTION ( 'NONE',  ( 0.000000000000000000, -1.000000000000000000, 0.000000000000000000 ) ) ;
#3647 = EDGE_CURVE ( 'NONE', #4987, #790, #1895, .T. ) ;
#3648 = AXIS2_PLACEMENT_3D ( 'NONE', #597, #4748, #2451 ) ;
#3649 = ORIENTED_EDGE ( 'NONE', *, *, #1464, .F. ) ;
#3650 = EDGE_CURVE ( 'NONE', #5454, #3131, #3140, .T. ) ;
#3651 = DIRECTION ( 'NONE',  ( 0.6804510993672772123, 0.7327934916262996978, 0.000000000000000000 ) ) ;
#3652 = AXIS2_PLACEMENT_3D ( 'NONE', #848, #5463, #1809 ) ;
#3653 = CARTESIAN_POINT ( 'NONE',  ( 23.86979696280515384, 126.9991022705438155, -14.85724662453881884 ) ) ;
#3654 = FACE_OUTER_BOUND ( 'NONE', #1469, .T. ) ;
#3655 = CIRCLE ( 'NONE', #2980, 0.8000000000000003775 ) ;
#3656 = ORIENTED_EDGE ( 'NONE', *, *, #1726, .T. ) ;
#3657 = CIRCLE ( 'NONE', #3276, 0.8000000000000003775 ) ;
#3658 = DIRECTION ( 'NONE',  ( 0.000000000000000000, -1.000000000000000000, 0.000000000000000000 ) ) ;
#3659 = DIRECTION ( 'NONE',  ( 0.000000000000000000, -1.000000000000000000, 0.000000000000000000 ) ) ;
#3660 = DIRECTION ( 'NONE',  ( 0.000000000000000000, -1.000000000000000000, 0.000000000000000000 ) ) ;
#3661 = AXIS2_PLACEMENT_3D ( 'NONE', #1537, #2044, #2517 ) ;
#3662 = CARTESIAN_POINT ( 'NONE',  ( -4.776088314626287357, 87.59922486358155425, -13.13320502597062678 ) ) ;
#3663 = EDGE_CURVE ( 'NONE', #5099, #4398, #3430, .T. ) ;
#3664 = EDGE_LOOP ( 'NONE', ( #2714, #325 ) ) ;
#3665 =( BOUNDED_CURVE ( )  B_SPLINE_CURVE ( 3, ( #1, #4125, #3727, #4619 ),
 .UNSPECIFIED., .F., .T. ) 
 B_SPLINE_CURVE_WITH_KNOTS ( ( 4, 4 ),
 ( 1.570796326794896558, 2.356194490192349722 ),
 .UNSPECIFIED. ) 
 CURVE ( )  GEOMETRIC_REPRESENTATION_ITEM ( )  RATIONAL_B_SPLINE_CURVE ( ( 1.000000000000000000, 0.9492530216741905669, 0.9492530216741905669, 1.000000000000000000 ) ) 
 REPRESENTATION_ITEM ( '' )  );
#3666 = AXIS2_PLACEMENT_3D ( 'NONE', #5359, #2558, #4845 ) ;
#3667 = ORIENTED_EDGE ( 'NONE', *, *, #670, .F. ) ;
#3668 = AXIS2_PLACEMENT_3D ( 'NONE', #5852, #2038, #1139 ) ;
#3669 = ORIENTED_EDGE ( 'NONE', *, *, #2231, .F. ) ;
#3670 = AXIS2_PLACEMENT_3D ( 'NONE', #1432, #1880, #1916 ) ;
#3671 = DIRECTION ( 'NONE',  ( 0.000000000000000000, 0.000000000000000000, 1.000000000000000000 ) ) ;
#3672 = DIRECTION ( 'NONE',  ( 0.000000000000000000, 1.000000000000000000, 0.000000000000000000 ) ) ;
#3673 = ORIENTED_EDGE ( 'NONE', *, *, #5695, .F. ) ;
#3674 = ORIENTED_EDGE ( 'NONE', *, *, #3844, .F. ) ;
#3675 = DIRECTION ( 'NONE',  ( 0.000000000000000000, 0.000000000000000000, 1.000000000000000000 ) ) ;
#3676 = CARTESIAN_POINT ( 'NONE',  ( -7.365430104311844417, 88.50000000000000000, -13.79999999999999893 ) ) ;
#3677 = CYLINDRICAL_SURFACE ( 'NONE', #5588, 0.8000000000000003775 ) ;
#3678 = CARTESIAN_POINT ( 'NONE',  ( 2.500000000000000000, 127.5000000000000000, -13.00000000000000000 ) ) ;
#3679 = ORIENTED_EDGE ( 'NONE', *, *, #5406, .T. ) ;
#3680 = CARTESIAN_POINT ( 'NONE',  ( -24.04218987743395530, 124.8145093703847266, -12.34588856724065664 ) ) ;
#3681 = DIRECTION ( 'NONE',  ( 0.000000000000000000, 0.000000000000000000, 1.000000000000000000 ) ) ;
#3682 = CARTESIAN_POINT ( 'NONE',  ( -10.09919023743945132, 90.26835871724247795, -13.79999999999999893 ) ) ;
#3683 = CARTESIAN_POINT ( 'NONE',  ( 4.859310793871714829, 132.5000000000000000, -13.03434692751179469 ) ) ;
#3684 = EDGE_CURVE ( 'NONE', #3977, #4724, #2353, .T. ) ;
#3685 = ADVANCED_FACE ( 'NONE', ( #2258 ), #4160, .T. ) ;
#3686 = VERTEX_POINT ( 'NONE', #1470 ) ;
#3687 = DATE_TIME_ROLE ( 'creation_date' ) ;
#3688 = CARTESIAN_POINT ( 'NONE',  ( 10.09919023743945132, 130.7316412827575220, -13.79999999999999893 ) ) ;
#3689 = FACE_OUTER_BOUND ( 'NONE', #3211, .T. ) ;
#3690 = CARTESIAN_POINT ( 'NONE',  ( 6.500000000000000000, 133.5999999999999943, -14.50000000000000000 ) ) ;
#3691 = DIRECTION ( 'NONE',  ( 0.000000000000000000, 0.000000000000000000, 1.000000000000000000 ) ) ;
#3692 = EDGE_CURVE ( 'NONE', #4893, #2393, #3728, .T. ) ;
#3693 = ORIENTED_EDGE ( 'NONE', *, *, #3647, .F. ) ;
#3694 = ORIENTED_EDGE ( 'NONE', *, *, #467, .F. ) ;
#3695 = AXIS2_PLACEMENT_3D ( 'NONE', #5214, #4481, #830 ) ;
#3696 = ADVANCED_FACE ( 'NONE', ( #3930 ), #1023, .T. ) ;
#3697 = CARTESIAN_POINT ( 'NONE',  ( -25.50000000000000355, 133.5999999999999943, -14.50000000000000000 ) ) ;
#3698 = ORIENTED_EDGE ( 'NONE', *, *, #2906, .T. ) ;
#3699 = DIRECTION ( 'NONE',  ( -0.6804510993672790997, 0.7327934916262980325, 0.000000000000000000 ) ) ;
#3700 = DIRECTION ( 'NONE',  ( 0.000000000000000000, 0.000000000000000000, -1.000000000000000000 ) ) ;
#3701 = EDGE_CURVE ( 'NONE', #5780, #3131, #3897, .T. ) ;
#3702 = VERTEX_POINT ( 'NONE', #5731 ) ;
#3703 = PRODUCT ( 'Harness - Motor Leads', 'Harness - Motor Leads', '', ( #5093 ) ) ;
#3704 = EDGE_LOOP ( 'NONE', ( #4493, #4523, #24, #682, #2895 ) ) ;
#3705 = CARTESIAN_POINT ( 'NONE',  ( 4.883009326568307884, 132.6542456343799188, -13.00781818921325872 ) ) ;
#3706 = CARTESIAN_POINT ( 'NONE',  ( -8.223911685373746394, 87.59922486358151161, -13.13320502597066053 ) ) ;
#3707 = DIRECTION ( 'NONE',  ( 0.000000000000000000, 0.000000000000000000, 1.000000000000000000 ) ) ;
#3708 = DIRECTION ( 'NONE',  ( 0.000000000000000000, -0.000000000000000000, 1.000000000000000000 ) ) ;
#3709 = ORIENTED_EDGE ( 'NONE', *, *, #4181, .T. ) ;
#3710 = LINE ( 'NONE', #4174, #1813 ) ;
#3711 = CARTESIAN_POINT ( 'NONE',  ( 25.30512757087835496, 127.2818803646643460, -15.87680785759822122 ) ) ;
#3712 = CARTESIAN_POINT ( 'NONE',  ( -4.776088314626292686, 133.4007751364184173, -13.13320502597061967 ) ) ;
#3713 = CARTESIAN_POINT ( 'NONE',  ( -4.776088314626287357, 87.59922486358155425, -13.13320502597062678 ) ) ;
#3714 = ORIENTED_EDGE ( 'NONE', *, *, #4626, .F. ) ;
#3715 = COORDINATED_UNIVERSAL_TIME_OFFSET ( 12, 0, .AHEAD. ) ;
#3716 = DIRECTION ( 'NONE',  ( 0.000000000000000000, 1.000000000000000000, 0.000000000000000000 ) ) ;
#3717 = DIRECTION ( 'NONE',  ( -0.6804510993672799879, 0.7327934916262971443, 0.000000000000000000 ) ) ;
#3718 = CARTESIAN_POINT ( 'NONE',  ( 25.50000000000000355, 133.5999999999999943, -14.50000000000000000 ) ) ;
#3719 = EDGE_CURVE ( 'NONE', #3638, #499, #1620, .T. ) ;
#3720 = CARTESIAN_POINT ( 'NONE',  ( 10.50000000000000000, 91.28903536629340465, -13.79999999999999893 ) ) ;
#3721 = ORIENTED_EDGE ( 'NONE', *, *, #4807, .F. ) ;
#3722 = ADVANCED_FACE ( 'NONE', ( #1103 ), #4762, .T. ) ;
#3723 = VECTOR ( 'NONE', #3628, 1000.000000000000114 ) ;
#3724 = ORIENTED_EDGE ( 'NONE', *, *, #5071, .F. ) ;
#3725 = VECTOR ( 'NONE', #15, 1000.000000000000000 ) ;
#3726 = EDGE_CURVE ( 'NONE', #2489, #3386, #1530, .T. ) ;
#3727 = CARTESIAN_POINT ( 'NONE',  ( -122.4257728229844844, 127.1375407634743624, -119.6344983984421759 ) ) ;
#3728 = CIRCLE ( 'NONE', #1486, 0.7000000000000009548 ) ;
#3729 = FACE_OUTER_BOUND ( 'NONE', #2540, .T. ) ;
#3730 = AXIS2_PLACEMENT_3D ( 'NONE', #373, #5778, #3559 ) ;
#3731 = DIRECTION ( 'NONE',  ( 0.000000000000000000, 0.000000000000000000, 1.000000000000000000 ) ) ;
#3732 = ORIENTED_EDGE ( 'NONE', *, *, #3826, .T. ) ;
#3733 = ORIENTED_EDGE ( 'NONE', *, *, #1976, .T. ) ;
#3734 = DIRECTION ( 'NONE',  ( 1.000000000000000000, 0.000000000000000000, 0.000000000000000000 ) ) ;
#3735 = TOROIDAL_SURFACE ( 'NONE', #4028, 1.500000000000001776, 0.7999999999999999334 ) ;
#3736 = ADVANCED_FACE ( 'NONE', ( #1951 ), #3481, .T. ) ;
#3737 = DIRECTION ( 'NONE',  ( 0.000000000000000000, -1.000000000000000000, 0.000000000000000000 ) ) ;
#3738 = CARTESIAN_POINT ( 'NONE',  ( -8.413995776783941949, 87.42271820727205522, -13.41527876094673033 ) ) ;
#3739 = CARTESIAN_POINT ( 'NONE',  ( 6.500000000000000000, 93.50000000000000000, -13.79999999999999893 ) ) ;
#3740 = AXIS2_PLACEMENT_3D ( 'NONE', #1438, #3205, #5131 ) ;
#3741 = ORIENTED_EDGE ( 'NONE', *, *, #788, .F. ) ;
#3742 = VECTOR ( 'NONE', #159, 1000.000000000000000 ) ;
#3743 = FACE_OUTER_BOUND ( 'NONE', #2630, .T. ) ;
#3744 = CARTESIAN_POINT ( 'NONE',  ( 8.698537757715351759, 132.5000000000000000, -14.58019805421551496 ) ) ;
#3745 = TOROIDAL_SURFACE ( 'NONE', #4920, 6.000000000000001776, 2.200000000000000622 ) ;
#3746 = CARTESIAN_POINT ( 'NONE',  ( 10.50000000000000000, 127.5000000000000000, -13.00000000000000000 ) ) ;
#3747 = DIRECTION ( 'NONE',  ( 0.7327934916263022513, 0.6804510993672745478, 0.000000000000000000 ) ) ;
#3748 = ORIENTED_EDGE ( 'NONE', *, *, #3901, .T. ) ;
#3749 = AXIS2_PLACEMENT_3D ( 'NONE', #4043, #4530, #5901 ) ;
#3750 = PERSON_AND_ORGANIZATION_ROLE ( 'classification_officer' ) ;
#3751 = DIRECTION ( 'NONE',  ( 0.000000000000000000, 0.000000000000000000, 1.000000000000000000 ) ) ;
#3752 = CARTESIAN_POINT ( 'NONE',  ( -27.49999999999999645, 126.0000000000000000, -14.50000000000000000 ) ) ;
#3753 = DIRECTION ( 'NONE',  ( 0.000000000000000000, 1.000000000000000000, 0.000000000000000000 ) ) ;
#3754 = CLOSED_SHELL ( 'NONE', ( #1965, #4324, #157, #5885, #5357, #3202, #718, #804, #3584, #2003, #5956, #5482, #4730, #4772, #47, #2732, #3736, #4180, #869, #772, #1561, #471, #4873, #3439, #419, #759, #5685, #2387, #1932, #1158, #3365, #1491, #2691, #2090, #705, #414, #3869, #2466, #302, #4967, #5882, #919, #1766, #5372, #3174, #5279, #3696, #1019, #2080, #4040, #2800, #3617, #2037, #2552, #1011, #1830, #750, #3387, #5182, #2898, #2198, #6000, #191, #5703, #4444, #2863, #278, #1431, #5222, #5466, #3374, #5444, #749, #270, #4883, #2617, #990, #2653, #1714, #5259, #4149, #5940, #1827, #3981, #345, #5414, #566, #2756, #5102, #1413, #1669, #4562, #1256, #390 ) ) ;
#3755 = AXIS2_PLACEMENT_3D ( 'NONE', #438, #2349, #6016 ) ;
#3756 = DIRECTION ( 'NONE',  ( 0.000000000000000000, 0.000000000000000000, -1.000000000000000000 ) ) ;
#3757 = VERTEX_POINT ( 'NONE', #1056 ) ;
#3758 = ORIENTED_EDGE ( 'NONE', *, *, #3532, .F. ) ;
#3759 = AXIS2_PLACEMENT_3D ( 'NONE', #1362, #3100, #5871 ) ;
#3760 = CIRCLE ( 'NONE', #1429, 2.199999999999998845 ) ;
#3761 = DIRECTION ( 'NONE',  ( 0.000000000000000000, -1.000000000000000000, 0.000000000000000000 ) ) ;
#3762 = ADVANCED_FACE ( 'NONE', ( #2868 ), #5660, .T. ) ;
#3763 = CARTESIAN_POINT ( 'NONE',  ( 6.500000000000000000, 127.5000000000000000, -13.00000000000000000 ) ) ;
#3764 = DIRECTION ( 'NONE',  ( 0.000000000000000000, 0.000000000000000000, 1.000000000000000000 ) ) ;
#3765 = ORIENTED_EDGE ( 'NONE', *, *, #3191, .F. ) ;
#3766 = EDGE_CURVE ( 'NONE', #2393, #3686, #707, .T. ) ;
#3767 = VERTEX_POINT ( 'NONE', #2897 ) ;
#3768 = ADVANCED_FACE ( 'NONE', ( #4278 ), #139, .T. ) ;
#3769 = CIRCLE ( 'NONE', #5227, 2.199999999999998845 ) ;
#3770 = CARTESIAN_POINT ( 'NONE',  ( 22.90000000000000213, 136.1999999999999886, -14.50000000000000000 ) ) ;
#3771 = AXIS2_PLACEMENT_3D ( 'NONE', #2818, #1897, #4681 ) ;
#3772 = PLANE ( 'NONE',  #1132 ) ;
#3773 = CARTESIAN_POINT ( 'NONE',  ( 4.859310793871714829, 132.5000000000000000, -13.03434692751179469 ) ) ;
#3774 = FACE_OUTER_BOUND ( 'NONE', #760, .T. ) ;
#3775 = VERTEX_POINT ( 'NONE', #5699 ) ;
#3776 = DIRECTION ( 'NONE',  ( 0.000000000000000000, 1.000000000000000000, 0.000000000000000000 ) ) ;
#3777 = EDGE_CURVE ( 'NONE', #4569, #993, #2462, .T. ) ;
#3778 = DIRECTION ( 'NONE',  ( 0.000000000000000000, 0.000000000000000000, 1.000000000000000000 ) ) ;
#3779 = CARTESIAN_POINT ( 'NONE',  ( -10.09919023743945132, 130.7316412827575220, -13.79999999999999893 ) ) ;
#3780 = DIRECTION ( 'NONE',  ( -1.000000000000000000, 0.000000000000000000, 0.000000000000000000 ) ) ;
#3781 = B_SPLINE_CURVE_WITH_KNOTS ( 'NONE', 3,
 ( #931, #1889, #1860, #5044 ),
 .UNSPECIFIED., .F., .F.,
 ( 4, 4 ),
 ( 4.865028594532919220E-07, 0.0004098891709880753478 ),
 .UNSPECIFIED. ) ;
#3782 = ORIENTED_EDGE ( 'NONE', *, *, #2626, .T. ) ;
#3783 = APPROVAL_DATE_TIME ( #520, #2128 ) ;
#3784 = DIRECTION ( 'NONE',  ( 0.000000000000000000, -1.000000000000000000, 0.000000000000000000 ) ) ;
#3785 = CARTESIAN_POINT ( 'NONE',  ( -27.66547068455927771, 126.1567229909044130, -12.29999999999999893 ) ) ;
#3786 = CYLINDRICAL_SURFACE ( 'NONE', #1904, 2.200000000000000622 ) ;
#3787 = ORIENTED_EDGE ( 'NONE', *, *, #3918, .T. ) ;
#3788 = ORIENTED_EDGE ( 'NONE', *, *, #4663, .T. ) ;
#3789 = CARTESIAN_POINT ( 'NONE',  ( -25.50000000000000000, 130.5000000000000000, -10.00000000000000178 ) ) ;
#3790 = ORIENTED_EDGE ( 'NONE', *, *, #3005, .T. ) ;
#3791 = DIRECTION ( 'NONE',  ( -1.000000000000000000, 0.000000000000000000, 0.000000000000000000 ) ) ;
#3792 = ORIENTED_EDGE ( 'NONE', *, *, #883, .F. ) ;
#3793 = ORIENTED_EDGE ( 'NONE', *, *, #3139, .F. ) ;
#3794 = DIRECTION ( 'NONE',  ( 0.000000000000000000, 0.000000000000000000, 1.000000000000000000 ) ) ;
#3795 = CARTESIAN_POINT ( 'NONE',  ( -4.414334638538578659, 87.46271819390966584, -13.80000000000000071 ) ) ;
#3796 = EDGE_CURVE ( 'NONE', #4904, #4463, #3911, .T. ) ;
#3797 = CARTESIAN_POINT ( 'NONE',  ( -6.500000000000000000, 93.50000000000000000, -13.79999999999999893 ) ) ;
#3798 = EDGE_CURVE ( 'NONE', #1461, #3702, #1967, .T. ) ;
#3799 = ORIENTED_EDGE ( 'NONE', *, *, #1050, .F. ) ;
#3800 = CARTESIAN_POINT ( 'NONE',  ( -9.099999999999997868, 136.1999999999999886, -14.50000000000000000 ) ) ;
#3801 = EDGE_CURVE ( 'NONE', #5780, #3234, #615, .T. ) ;
#3802 = LINE ( 'NONE', #2461, #4943 ) ;
#3803 = EDGE_CURVE ( 'NONE', #4743, #2883, #5380, .T. ) ;
#3804 = DIRECTION ( 'NONE',  ( -0.6804510993672772123, 0.7327934916262996978, 0.000000000000000000 ) ) ;
#3805 = CARTESIAN_POINT ( 'NONE',  ( 25.49999999999999645, 133.6000000000000227, -14.50000000000000000 ) ) ;
#3806 = ORIENTED_EDGE ( 'NONE', *, *, #2154, .T. ) ;
#3807 = CARTESIAN_POINT ( 'NONE',  ( -22.90000000000000213, 136.1999999999999886, -16.69999999999999929 ) ) ;
#3808 = CARTESIAN_POINT ( 'NONE',  ( -27.62917908278655332, 126.0000000000000000, -12.30000000000000071 ) ) ;
#3809 = ORIENTED_EDGE ( 'NONE', *, *, #5648, .T. ) ;
#3810 = ORIENTED_EDGE ( 'NONE', *, *, #2905, .F. ) ;
#3811 = DIRECTION ( 'NONE',  ( 0.000000000000000000, 0.000000000000000000, 1.000000000000000000 ) ) ;
#3812 = EDGE_CURVE ( 'NONE', #810, #4060, #3240, .T. ) ;
#3813 = DIRECTION ( 'NONE',  ( 0.000000000000000000, 0.000000000000000000, 1.000000000000000000 ) ) ;
#3814 = FACE_OUTER_BOUND ( 'NONE', #2234, .T. ) ;
#3815 = DIRECTION ( 'NONE',  ( 0.000000000000000000, 1.000000000000000000, 0.000000000000000000 ) ) ;
#3816 = ORIENTED_EDGE ( 'NONE', *, *, #5693, .T. ) ;
#3817 = CIRCLE ( 'NONE', #5477, 2.199999999999998845 ) ;
#3818 = VERTEX_POINT ( 'NONE', #2535 ) ;
#3819 = AXIS2_PLACEMENT_3D ( 'NONE', #5305, #2986, #4851 ) ;
#3820 = AXIS2_PLACEMENT_3D ( 'NONE', #1639, #277, #5355 ) ;
#3821 = DIRECTION ( 'NONE',  ( 1.000000000000000000, 0.000000000000000000, 0.000000000000000000 ) ) ;
#3822 = FACE_OUTER_BOUND ( 'NONE', #4165, .T. ) ;
#3823 = CARTESIAN_POINT ( 'NONE',  ( 26.30610290203327750, 127.5931510525898318, -15.87799348621254225 ) ) ;
#3824 = ORIENTED_EDGE ( 'NONE', *, *, #2662, .F. ) ;
#3825 = AXIS2_PLACEMENT_3D ( 'NONE', #3044, #4976, #4418 ) ;
#3826 = EDGE_CURVE ( 'NONE', #4724, #3356, #752, .T. ) ;
#3827 = CARTESIAN_POINT ( 'NONE',  ( 8.120697295813958050, 133.1269346546310715, -13.01221405900394501 ) ) ;
#3828 = CARTESIAN_POINT ( 'NONE',  ( 8.698484613432384549, 133.0381064575307448, -14.39421388467509999 ) ) ;
#3829 = EDGE_CURVE ( 'NONE', #2072, #3514, #222, .T. ) ;
#3830 = DIRECTION ( 'NONE',  ( 0.000000000000000000, -1.000000000000000000, 0.000000000000000000 ) ) ;
#3831 = CARTESIAN_POINT ( 'NONE',  ( 6.500000000000000000, 133.5999999999999943, -16.69999999999999929 ) ) ;
#3832 = ORIENTED_EDGE ( 'NONE', *, *, #4261, .T. ) ;
#3833 = EDGE_CURVE ( 'NONE', #5077, #656, #1876, .T. ) ;
#3834 = VECTOR ( 'NONE', #3445, 1000.000000000000000 ) ;
#3835 = AXIS2_PLACEMENT_3D ( 'NONE', #4033, #923, #5892 ) ;
#3836 = DIRECTION ( 'NONE',  ( 0.000000000000000000, 0.000000000000000000, 1.000000000000000000 ) ) ;
#3837 = LOCAL_TIME ( 17, 50, 24.00000000000000000, #1832 ) ;
#3838 = ORIENTED_EDGE ( 'NONE', *, *, #5964, .F. ) ;
#3839 = AXIS2_PLACEMENT_3D ( 'NONE', #4574, #4502, #3129 ) ;
#3840 = ORIENTED_EDGE ( 'NONE', *, *, #22, .T. ) ;
#3841 = DIRECTION ( 'NONE',  ( 0.7071067811865475727, 0.000000000000000000, 0.7071067811865474617 ) ) ;
#3842 = VECTOR ( 'NONE', #3791, 1000.000000000000000 ) ;
#3843 = DIRECTION ( 'NONE',  ( 0.000000000000000000, -1.000000000000000000, 0.000000000000000000 ) ) ;
#3844 = EDGE_CURVE ( 'NONE', #1504, #2652, #227, .T. ) ;
#3845 = DIRECTION ( 'NONE',  ( 0.000000000000000000, 1.000000000000000000, 0.000000000000000000 ) ) ;
#3846 = CARTESIAN_POINT ( 'NONE',  ( -6.500000000000000000, 93.50000000000000000, -13.79999999999999893 ) ) ;
#3847 = ORIENTED_EDGE ( 'NONE', *, *, #4666, .T. ) ;
#3848 = ORIENTED_EDGE ( 'NONE', *, *, #564, .F. ) ;
#3849 = AXIS2_PLACEMENT_3D ( 'NONE', #228, #5702, #2070 ) ;
#3850 = DIRECTION ( 'NONE',  ( 0.000000000000000000, 0.000000000000000000, 1.000000000000000000 ) ) ;
#3851 = TOROIDAL_SURFACE ( 'NONE', #1428, 1.500000000000001332, 0.8000000000000003775 ) ;
#3852 = VECTOR ( 'NONE', #1760, 1000.000000000000000 ) ;
#3853 = CARTESIAN_POINT ( 'NONE',  ( -4.705507150229708557, 133.4663147890723849, -13.22222766388085979 ) ) ;
#3854 = FACE_OUTER_BOUND ( 'NONE', #3477, .T. ) ;
#3855 = ORIENTED_EDGE ( 'NONE', *, *, #2265, .F. ) ;
#3856 =( BOUNDED_CURVE ( )  B_SPLINE_CURVE ( 3, ( #3354, #2416, #1610, #2470 ),
 .UNSPECIFIED., .F., .T. ) 
 B_SPLINE_CURVE_WITH_KNOTS ( ( 4, 4 ),
 ( 4.489430574061258561, 6.283185307179586232 ),
 .UNSPECIFIED. ) 
 CURVE ( )  GEOMETRIC_REPRESENTATION_ITEM ( )  RATIONAL_B_SPLINE_CURVE ( ( 1.000000000000000000, 0.7493686509943519036, 0.7493686509943519036, 1.000000000000000000 ) ) 
 REPRESENTATION_ITEM ( '' )  );
#3857 = B_SPLINE_CURVE_WITH_KNOTS ( 'NONE', 3,
 ( #3744, #550, #2912, #579, #3828, #5564, #102, #5680 ),
 .UNSPECIFIED., .F., .F.,
 ( 4, 2, 2, 4 ),
 ( 2.964296775167216948E-17, 0.0003408161586476176372, 0.0006816323172952055672, 0.001363264634590448865 ),
 .UNSPECIFIED. ) ;
#3858 = AXIS2_PLACEMENT_3D ( 'NONE', #4380, #4021, #671 ) ;
#3859 = CARTESIAN_POINT ( 'NONE',  ( -8.357980873632570251, 133.5252679540873828, -13.31644019836612536 ) ) ;
#3860 = FACE_OUTER_BOUND ( 'NONE', #5440, .T. ) ;
#3861 = CARTESIAN_POINT ( 'NONE',  ( -25.69999999999999929, 87.50000000000000000, -14.50000000000000000 ) ) ;
#3862 = DIRECTION ( 'NONE',  ( 0.7071067811865475727, 0.000000000000000000, -0.7071067811865475727 ) ) ;
#3863 = CARTESIAN_POINT ( 'NONE',  ( -10.50000000000000000, 127.5000000000000000, -13.79999999999999893 ) ) ;
#3864 = AXIS2_PLACEMENT_3D ( 'NONE', #1767, #2316, #2223 ) ;
#3865 = ORIENTED_EDGE ( 'NONE', *, *, #573, .F. ) ;
#3866 = CARTESIAN_POINT ( 'NONE',  ( 2.900809762560546901, 90.26835871724247795, -13.79999999999999893 ) ) ;
#3867 = DIRECTION ( 'NONE',  ( 0.000000000000000000, 0.000000000000000000, 1.000000000000000000 ) ) ;
#3868 = EDGE_CURVE ( 'NONE', #3234, #2580, #2557, .T. ) ;
#3869 = ADVANCED_FACE ( 'NONE', ( #4978 ), #289, .T. ) ;
#3870 = ORIENTED_EDGE ( 'NONE', *, *, #2155, .F. ) ;
#3871 = ORIENTED_EDGE ( 'NONE', *, *, #2623, .F. ) ;
#3872 = CARTESIAN_POINT ( 'NONE',  ( 19.50000000000000000, 87.50000000000001421, -14.50000000000000000 ) ) ;
#3873 = CARTESIAN_POINT ( 'NONE',  ( 2.500000000000000000, 127.5000000000000000, -13.79999999999999893 ) ) ;
#3874 = DIRECTION ( 'NONE',  ( 0.000000000000000000, 0.000000000000000000, 1.000000000000000000 ) ) ;
#3875 = EDGE_CURVE ( 'NONE', #5836, #5991, #4020, .T. ) ;
#3876 = DIRECTION ( 'NONE',  ( -1.000000000000000000, 0.000000000000000000, 0.000000000000000000 ) ) ;
#3877 = CARTESIAN_POINT ( 'NONE',  ( -23.50000000000000000, 87.50000000000000000, -14.50000000000000000 ) ) ;
#3878 = ORIENTED_EDGE ( 'NONE', *, *, #2925, .T. ) ;
#3879 = ORIENTED_EDGE ( 'NONE', *, *, #1485, .T. ) ;
#3880 = CARTESIAN_POINT ( 'NONE',  ( -23.50000000000000000, 122.0000000000000000, -14.50000000000000000 ) ) ;
#3881 = CARTESIAN_POINT ( 'NONE',  ( -9.099999999999997868, 133.5999999999999943, -14.50000000000000000 ) ) ;
#3882 = PLANE ( 'NONE',  #2063 ) ;
#3883 = ORIENTED_EDGE ( 'NONE', *, *, #4881, .F. ) ;
#3884 = CARTESIAN_POINT ( 'NONE',  ( 27.70291509025807386, 128.0907363475846807, -13.79658726108377920 ) ) ;
#3885 = CARTESIAN_POINT ( 'NONE',  ( 9.099999999999997868, 83.50000000000000000, -16.69999999999999929 ) ) ;
#3886 = DIRECTION ( 'NONE',  ( 0.6804510993672789887, 0.7327934916262981435, 0.000000000000000000 ) ) ;
#3887 = CARTESIAN_POINT ( 'NONE',  ( -19.50000000000000355, 83.50000000000000000, -12.30000000000000249 ) ) ;
#3888 = DIRECTION ( 'NONE',  ( 0.000000000000000000, 0.000000000000000000, 1.000000000000000000 ) ) ;
#3889 = ORIENTED_EDGE ( 'NONE', *, *, #1275, .F. ) ;
#3890 = DIRECTION ( 'NONE',  ( 0.000000000000000000, -1.000000000000000000, 0.000000000000000000 ) ) ;
#3891 = CARTESIAN_POINT ( 'NONE',  ( 23.54298201203578955, 125.7908083099430741, -12.86115502269900368 ) ) ;
#3892 = DIRECTION ( 'NONE',  ( 0.000000000000000000, 0.000000000000000000, -1.000000000000000000 ) ) ;
#3893 = ORIENTED_EDGE ( 'NONE', *, *, #1198, .T. ) ;
#3894 = EDGE_LOOP ( 'NONE', ( #1780, #536, #5727, #202, #2153 ) ) ;
#3895 = ORIENTED_EDGE ( 'NONE', *, *, #5110, .F. ) ;
#3896 = CARTESIAN_POINT ( 'NONE',  ( -29.74704866153470206, 126.0000000000000000, -17.50000000000000000 ) ) ;
#3897 = LINE ( 'NONE', #649, #5280 ) ;
#3898 = EDGE_CURVE ( 'NONE', #1724, #2645, #1395, .T. ) ;
#3899 = LINE ( 'NONE', #531, #3834 ) ;
#3900 = PLANE ( 'NONE',  #5610 ) ;
#3901 = EDGE_CURVE ( 'NONE', #4385, #5955, #4794, .T. ) ;
#3902 = CARTESIAN_POINT ( 'NONE',  ( -27.45705836628562224, 128.1484532865756023, -14.98331547878415293 ) ) ;
#3903 = EDGE_LOOP ( 'NONE', ( #3255, #2983, #1240, #2465, #3622, #973, #299 ) ) ;
#3904 = ORIENTED_EDGE ( 'NONE', *, *, #1190, .T. ) ;
#3905 = EDGE_CURVE ( 'NONE', #5013, #3283, #2169, .T. ) ;
#3906 = CARTESIAN_POINT ( 'NONE',  ( 8.140689206128278954, 88.50000000000000000, -13.03434692751179114 ) ) ;
#3907 = DIRECTION ( 'NONE',  ( 0.000000000000000000, 1.000000000000000000, 0.000000000000000000 ) ) ;
#3908 = CARTESIAN_POINT ( 'NONE',  ( 34.81934187228678468, 126.0000000000000000, -18.64535653146014837 ) ) ;
#3909 = ORIENTED_EDGE ( 'NONE', *, *, #4181, .F. ) ;
#3910 = ORIENTED_EDGE ( 'NONE', *, *, #2380, .T. ) ;
#3911 = CIRCLE ( 'NONE', #5868, 0.8000000000000003775 ) ;
#3912 = CIRCLE ( 'NONE', #4402, 0.3999999999999958589 ) ;
#3913 = CARTESIAN_POINT ( 'NONE',  ( 27.67299447725971007, 127.5896364247309265, -12.97056192380823880 ) ) ;
#3914 = CARTESIAN_POINT ( 'NONE',  ( 8.140689206128289612, 132.4999999999999716, -13.03434692751179291 ) ) ;
#3915 = DIRECTION ( 'NONE',  ( 0.6804510993672789887, 0.7327934916262981435, 0.000000000000000000 ) ) ;
#3916 = LINE ( 'NONE', #3069, #3056 ) ;
#3917 = DIRECTION ( 'NONE',  ( 0.000000000000000000, -1.000000000000000000, 0.000000000000000000 ) ) ;
#3918 = EDGE_CURVE ( 'NONE', #2645, #3111, #5367, .T. ) ;
#3919 = CIRCLE ( 'NONE', #1302, 2.199999999999998845 ) ;
#3920 = ORIENTED_EDGE ( 'NONE', *, *, #2452, .F. ) ;
#3921 = AXIS2_PLACEMENT_3D ( 'NONE', #3153, #393, #4623 ) ;
#3922 = DIRECTION ( 'NONE',  ( 0.000000000000000000, 0.000000000000000000, 1.000000000000000000 ) ) ;
#3923 = ORIENTED_EDGE ( 'NONE', *, *, #4260, .T. ) ;
#3924 = ORIENTED_EDGE ( 'NONE', *, *, #4775, .T. ) ;
#3925 = CIRCLE ( 'NONE', #2771, 0.8000000000000003775 ) ;
#3926 = ORIENTED_EDGE ( 'NONE', *, *, #5541, .F. ) ;
#3927 = CIRCLE ( 'NONE', #5779, 0.8000000000000003775 ) ;
#3928 = CARTESIAN_POINT ( 'NONE',  ( 19.50000000000000000, 87.50000000000001421, -14.50000000000000000 ) ) ;
#3929 = CARTESIAN_POINT ( 'NONE',  ( -24.24687509898269866, 127.0969388454390412, -15.32334446436412101 ) ) ;
#3930 = FACE_OUTER_BOUND ( 'NONE', #4340, .T. ) ;
#3931 = DIRECTION ( 'NONE',  ( 0.000000000000000000, 1.000000000000000000, 0.000000000000000000 ) ) ;
#3932 = CARTESIAN_POINT ( 'NONE',  ( -123.3901333170525305, 126.0000000000000000, 120.2788634798317560 ) ) ;
#3933 = TOROIDAL_SURFACE ( 'NONE', #5296, 6.000000000000001776, 2.200000000000000622 ) ;
#3934 = CARTESIAN_POINT ( 'NONE',  ( -9.099999999999997868, 138.4000000000000057, -14.50000000000000000 ) ) ;
#3935 = ORIENTED_EDGE ( 'NONE', *, *, #5154, .T. ) ;
#3936 = EDGE_LOOP ( 'NONE', ( #5445, #3893, #5594, #4461 ) ) ;
#3937 = CIRCLE ( 'NONE', #5211, 0.7000000000000018430 ) ;
#3938 = CARTESIAN_POINT ( 'NONE',  ( 8.223911685373749947, 87.59922486358151161, -13.13320502597066231 ) ) ;
#3939 = DIRECTION ( 'NONE',  ( 0.000000000000000000, 0.000000000000000000, 1.000000000000000000 ) ) ;
#3940 = CARTESIAN_POINT ( 'NONE',  ( -25.50000000000000000, 126.0000000000000000, 23.01471862576142868 ) ) ;
#3941 = EDGE_CURVE ( 'NONE', #1031, #4784, #5570, .T. ) ;
#3942 = ORIENTED_EDGE ( 'NONE', *, *, #4507, .T. ) ;
#3943 = CIRCLE ( 'NONE', #4729, 5.199999999999998401 ) ;
#3944 = CIRCLE ( 'NONE', #845, 4.799999999999991829 ) ;
#3945 = EDGE_CURVE ( 'NONE', #4885, #1461, #332, .T. ) ;
#3946 = CIRCLE ( 'NONE', #359, 2.199999999999998845 ) ;
#3947 = VERTEX_POINT ( 'NONE', #5458 ) ;
#3948 = CARTESIAN_POINT ( 'NONE',  ( -23.50000000000000000, 87.50000000000000000, -12.30000000000000249 ) ) ;
#3949 = AXIS2_PLACEMENT_3D ( 'NONE', #574, #1392, #3311 ) ;
#3950 = CARTESIAN_POINT ( 'NONE',  ( 34.38736758955295869, 126.0000000000000000, -28.73051334006057544 ) ) ;
#3951 = AXIS2_PLACEMENT_3D ( 'NONE', #37, #4720, #4201 ) ;
#3952 = CARTESIAN_POINT ( 'NONE',  ( -25.50000000000000355, 133.5999999999999943, -12.30000000000000249 ) ) ;
#3953 = DIRECTION ( 'NONE',  ( 0.000000000000000000, 1.000000000000000000, 0.000000000000000000 ) ) ;
#3954 = DIRECTION ( 'NONE',  ( 1.000000000000000000, 0.000000000000000000, 0.000000000000000000 ) ) ;
#3955 = AXIS2_PLACEMENT_3D ( 'NONE', #3752, #5632, #5655 ) ;
#3956 = ORIENTED_EDGE ( 'NONE', *, *, #518, .F. ) ;
#3957 = AXIS2_PLACEMENT_3D ( 'NONE', #4661, #2334, #2767 ) ;
#3958 = EDGE_CURVE ( 'NONE', #4667, #3308, #2057, .T. ) ;
#3959 = CARTESIAN_POINT ( 'NONE',  ( 10.50000000000000000, 129.7109646337065954, -14.59999999999999964 ) ) ;
#3960 = AXIS2_PLACEMENT_3D ( 'NONE', #890, #2279, #4145 ) ;
#3961 = TOROIDAL_SURFACE ( 'NONE', #357, 1.500000000000002665, 0.7999999999999999334 ) ;
#3962 = CARTESIAN_POINT ( 'NONE',  ( -8.699999999999999289, 133.5999999999999943, -14.50000000000000000 ) ) ;
#3963 = ADVANCED_FACE ( 'NONE', ( #1266 ), #3508, .T. ) ;
#3964 = VERTEX_POINT ( 'NONE', #1291 ) ;
#3965 = ORIENTED_EDGE ( 'NONE', *, *, #2708, .F. ) ;
#3966 = ORIENTED_EDGE ( 'NONE', *, *, #223, .F. ) ;
#3967 = DIRECTION ( 'NONE',  ( 1.000000000000000000, 0.000000000000000000, 0.000000000000000000 ) ) ;
#3968 = CARTESIAN_POINT ( 'NONE',  ( -24.56538099687714549, 127.1509126118590416, -15.57153394531677471 ) ) ;
#3969 = CARTESIAN_POINT ( 'NONE',  ( -6.500000000000000000, 90.70000000000000284, -13.79999999999999893 ) ) ;
#3970 = DIRECTION ( 'NONE',  ( -0.000000000000000000, -0.000000000000000000, -1.000000000000000000 ) ) ;
#3971 = PLANE ( 'NONE',  #5130 ) ;
#3972 = ORIENTED_EDGE ( 'NONE', *, *, #226, .T. ) ;
#3973 = ORIENTED_EDGE ( 'NONE', *, *, #2018, .T. ) ;
#3974 = CARTESIAN_POINT ( 'NONE',  ( 29.74704866153470206, 126.0000000000000000, -16.69999999999999929 ) ) ;
#3975 = FACE_OUTER_BOUND ( 'NONE', #4710, .T. ) ;
#3976 = CARTESIAN_POINT ( 'NONE',  ( -4.586004223216032294, 133.5772817927279448, -13.41527876094679428 ) ) ;
#3977 = VERTEX_POINT ( 'NONE', #3114 ) ;
#3978 = ORIENTED_EDGE ( 'NONE', *, *, #1641, .T. ) ;
#3979 = DIRECTION ( 'NONE',  ( 0.000000000000000000, 0.000000000000000000, 1.000000000000000000 ) ) ;
#3980 = CARTESIAN_POINT ( 'NONE',  ( 25.50000000000000000, 126.0000000000000000, -10.00000000000000888 ) ) ;
#3981 = ADVANCED_FACE ( 'NONE', ( #3144 ), #2566, .T. ) ;
#3982 = FACE_OUTER_BOUND ( 'NONE', #5883, .T. ) ;
#3983 = EDGE_CURVE ( 'NONE', #4006, #4724, #2657, .T. ) ;
#3984 = DIRECTION ( 'NONE',  ( 0.6804510993672772123, 0.7327934916262996978, -0.000000000000000000 ) ) ;
#3985 = CARTESIAN_POINT ( 'NONE',  ( 8.698537757715342877, 88.50000000000000000, -14.58019805421553095 ) ) ;
#3986 = ADVANCED_FACE ( 'NONE', ( #4420 ), #2201, .T. ) ;
#3987 = ORIENTED_EDGE ( 'NONE', *, *, #2842, .F. ) ;
#3988 = EDGE_CURVE ( 'NONE', #3283, #3183, #988, .T. ) ;
#3989 = CARTESIAN_POINT ( 'NONE',  ( 10.09919023743945132, 130.7316412827575220, -13.79999999999999893 ) ) ;
#3990 = B_SPLINE_CURVE_WITH_KNOTS ( 'NONE', 3,
 ( #3808, #3785, #1466, #1073, #3325, #2005, #5185, #1015, #611, #106, #5656, #3408, #2441, #1495, #3384, #5723, #4327, #1549 ),
 .UNSPECIFIED., .F., .F.,
 ( 4, 2, 2, 2, 2, 2, 2, 2, 4 ),
 ( 0.0004098891709880753478, 0.0008913244924944570876, 0.001372759814000838827, 0.001854195135507220567, 0.002335630457013602307, 0.002817065778519984263, 0.003298501100026365786, 0.003779936421532747309, 0.004261371743039129266 ),
 .UNSPECIFIED. ) ;
#3991 = CARTESIAN_POINT ( 'NONE',  ( -6.500000000000000000, 132.5000000000000000, -16.69999999999999929 ) ) ;
#3992 = LINE ( 'NONE', #4908, #2560 ) ;
#3993 = ORIENTED_EDGE ( 'NONE', *, *, #5470, .F. ) ;
#3994 = ORIENTED_EDGE ( 'NONE', *, *, #4354, .T. ) ;
#3995 = ORIENTED_EDGE ( 'NONE', *, *, #3257, .T. ) ;
#3996 = EDGE_CURVE ( 'NONE', #1410, #271, #3781, .T. ) ;
#3997 = CARTESIAN_POINT ( 'NONE',  ( 8.140689206128289612, 132.4999999999999716, -13.03434692751179291 ) ) ;
#3998 = CARTESIAN_POINT ( 'NONE',  ( 10.50000000000000000, 91.28903536629340465, -14.59999999999999964 ) ) ;
#3999 = DIRECTION ( 'NONE',  ( -0.6804510993672772123, -0.7327934916262996978, 0.000000000000000000 ) ) ;
#4000 = DIRECTION ( 'NONE',  ( -1.000000000000000000, 0.000000000000000000, 0.000000000000000000 ) ) ;
#4001 = FACE_OUTER_BOUND ( 'NONE', #1846, .T. ) ;
#4002 = CYLINDRICAL_SURFACE ( 'NONE', #3562, 2.199999999999998845 ) ;
#4003 = VERTEX_POINT ( 'NONE', #4584 ) ;
#4004 = ORIENTED_EDGE ( 'NONE', *, *, #4427, .F. ) ;
#4005 = EDGE_CURVE ( 'NONE', #4426, #4703, #219, .T. ) ;
#4006 = VERTEX_POINT ( 'NONE', #1835 ) ;
#4007 = CARTESIAN_POINT ( 'NONE',  ( -4.299999999999998046, 86.10000000000000853, -14.50000000000000000 ) ) ;
#4008 = CARTESIAN_POINT ( 'NONE',  ( 33.11457538341716855, 126.0000000000000000, -30.00330554619635848 ) ) ;
#4009 = ORIENTED_EDGE ( 'NONE', *, *, #3905, .T. ) ;
#4010 = VERTEX_POINT ( 'NONE', #5065 ) ;
#4011 = CARTESIAN_POINT ( 'NONE',  ( 4.300177898538866117, 132.9354810389339718, -14.44968551627065168 ) ) ;
#4012 = CARTESIAN_POINT ( 'NONE',  ( 25.50000000000000355, 133.5999999999999943, -14.50000000000000000 ) ) ;
#4013 = DIRECTION ( 'NONE',  ( 0.6804510993672788777, 0.7327934916262981435, 0.000000000000000000 ) ) ;
#4014 = DIRECTION ( 'NONE',  ( 1.000000000000000000, 0.000000000000000000, 0.000000000000000000 ) ) ;
#4015 = ORIENTED_EDGE ( 'NONE', *, *, #3557, .F. ) ;
#4016 = VECTOR ( 'NONE', #2438, 1000.000000000000000 ) ;
#4017 = EDGE_CURVE ( 'NONE', #2615, #76, #1775, .T. ) ;
#4018 = EDGE_CURVE ( 'NONE', #3818, #1475, #2355, .T. ) ;
#4019 = FACE_OUTER_BOUND ( 'NONE', #877, .T. ) ;
#4020 = CIRCLE ( 'NONE', #519, 0.8000000000000003775 ) ;
#4021 = DIRECTION ( 'NONE',  ( 0.000000000000000000, 0.000000000000000000, -1.000000000000000000 ) ) ;
#4022 = AXIS2_PLACEMENT_3D ( 'NONE', #2825, #1763, #3708 ) ;
#4023 = CARTESIAN_POINT ( 'NONE',  ( 4.776088314626300679, 133.4007751364184173, -13.13320502597061434 ) ) ;
#4024 = EDGE_CURVE ( 'NONE', #5039, #2516, #2055, .T. ) ;
#4025 = ORIENTED_EDGE ( 'NONE', *, *, #5663, .T. ) ;
#4026 = ORIENTED_EDGE ( 'NONE', *, *, #3238, .T. ) ;
#4027 = VERTEX_POINT ( 'NONE', #4698 ) ;
#4028 = AXIS2_PLACEMENT_3D ( 'NONE', #786, #297, #2176 ) ;
#4029 = CARTESIAN_POINT ( 'NONE',  ( 30.48560358128213110, 126.0000000000000000, -27.84946985432200250 ) ) ;
#4030 = CARTESIAN_POINT ( 'NONE',  ( -19.50000000000000355, 83.50000000000000000, -14.50000000000000000 ) ) ;
#4031 = DIRECTION ( 'NONE',  ( 0.000000000000000000, 1.000000000000000000, 0.000000000000000000 ) ) ;
#4032 = CARTESIAN_POINT ( 'NONE',  ( 9.099999999999997868, 133.5999999999999943, -14.50000000000000000 ) ) ;
#4033 = CARTESIAN_POINT ( 'NONE',  ( -6.500000000000000000, 132.5000000000000000, -14.50000000000000000 ) ) ;
#4034 = CIRCLE ( 'NONE', #5675, 2.200000000000000622 ) ;
#4035 = CARTESIAN_POINT ( 'NONE',  ( -26.30276640458677306, 124.5105806567426612, -12.67298434395271833 ) ) ;
#4036 = ORIENTED_EDGE ( 'NONE', *, *, #3701, .T. ) ;
#4037 = TOROIDAL_SURFACE ( 'NONE', #4630, 1.500000000000001332, 0.8000000000000003775 ) ;
#4038 = ORIENTED_EDGE ( 'NONE', *, *, #1482, .F. ) ;
#4039 = VECTOR ( 'NONE', #1104, 1000.000000000000000 ) ;
#4040 = ADVANCED_FACE ( 'NONE', ( #2837 ), #5485, .T. ) ;
#4041 = CIRCLE ( 'NONE', #5492, 0.8000000000000003775 ) ;
#4042 = EDGE_LOOP ( 'NONE', ( #4701, #4581, #321, #2632 ) ) ;
#4043 = CARTESIAN_POINT ( 'NONE',  ( -9.000000000000001776, 91.28903536629340465, -13.79999999999999893 ) ) ;
#4044 = ORIENTED_EDGE ( 'NONE', *, *, #5124, .T. ) ;
#4045 = VERTEX_POINT ( 'NONE', #2347 ) ;
#4046 = AXIS2_PLACEMENT_3D ( 'NONE', #1298, #392, #3609 ) ;
#4047 = DIRECTION ( 'NONE',  ( 0.6804510993672789887, 0.7327934916262981435, 0.000000000000000000 ) ) ;
#4048 = CARTESIAN_POINT ( 'NONE',  ( -10.50000000000000000, 127.5000000000000000, -14.59999999999999964 ) ) ;
#4049 = DIRECTION ( 'NONE',  ( 1.000000000000000000, 0.000000000000000000, 0.000000000000000000 ) ) ;
#4050 = CARTESIAN_POINT ( 'NONE',  ( 22.89999999999999858, 133.5999999999999943, -14.50000000000000000 ) ) ;
#4051 = ORIENTED_EDGE ( 'NONE', *, *, #1305, .F. ) ;
#4052 = AXIS2_PLACEMENT_3D ( 'NONE', #5471, #5447, #4105 ) ;
#4053 = AXIS2_PLACEMENT_3D ( 'NONE', #3980, #2026, #5838 ) ;
#4054 = DIRECTION ( 'NONE',  ( -0.7071067811865472397, 0.000000000000000000, 0.7071067811865479058 ) ) ;
#4055 = LINE ( 'NONE', #2688, #3087 ) ;
#4056 = CARTESIAN_POINT ( 'NONE',  ( -7.365430104311831094, 132.5000000000000000, -14.35611758520661851 ) ) ;
#4057 = CARTESIAN_POINT ( 'NONE',  ( 1.699999999999998845, 91.28903536629340465, -13.79999999999999893 ) ) ;
#4058 = AXIS2_PLACEMENT_3D ( 'NONE', #3370, #64, #5200 ) ;
#4059 = VECTOR ( 'NONE', #4669, 1000.000000000000000 ) ;
#4060 = VERTEX_POINT ( 'NONE', #4614 ) ;
#4061 = ORIENTED_EDGE ( 'NONE', *, *, #4961, .F. ) ;
#4062 = AXIS2_PLACEMENT_3D ( 'NONE', #4065, #5132, #2813 ) ;
#4063 = AXIS2_PLACEMENT_3D ( 'NONE', #3896, #3576, #2634 ) ;
#4064 = CARTESIAN_POINT ( 'NONE',  ( 8.678481526000462409, 87.69415427292585719, -14.17989180301003138 ) ) ;
#4065 = CARTESIAN_POINT ( 'NONE',  ( -2.900809762560546901, 130.7316412827575220, -13.79999999999999893 ) ) ;
#4066 = DIRECTION ( 'NONE',  ( 0.000000000000000000, 0.000000000000000000, 1.000000000000000000 ) ) ;
#4067 = EDGE_CURVE ( 'NONE', #380, #5144, #524, .T. ) ;
#4068 = DIRECTION ( 'NONE',  ( -0.7071067811865483499, 0.000000000000000000, -0.7071067811865469066 ) ) ;
#4069 = ORIENTED_EDGE ( 'NONE', *, *, #1200, .T. ) ;
#4070 = ORIENTED_EDGE ( 'NONE', *, *, #3777, .F. ) ;
#4071 = EDGE_CURVE ( 'NONE', #5013, #2240, #896, .T. ) ;
#4072 = ORIENTED_EDGE ( 'NONE', *, *, #360, .F. ) ;
#4073 = DIRECTION ( 'NONE',  ( 0.000000000000000000, 0.000000000000000000, 1.000000000000000000 ) ) ;
#4074 = DIRECTION ( 'NONE',  ( 0.7071067811865475727, 0.000000000000000000, 0.7071067811865475727 ) ) ;
#4075 = ORIENTED_EDGE ( 'NONE', *, *, #4875, .F. ) ;
#4076 = ORIENTED_EDGE ( 'NONE', *, *, #3549, .T. ) ;
#4077 = EDGE_CURVE ( 'NONE', #5168, #862, #4244, .T. ) ;
#4078 = CARTESIAN_POINT ( 'NONE',  ( -6.500000000000000000, 133.5999999999999943, -16.69999999999999929 ) ) ;
#4079 = CARTESIAN_POINT ( 'NONE',  ( 6.500000000000000000, 90.70000000000000284, -13.79999999999999893 ) ) ;
#4080 = CARTESIAN_POINT ( 'NONE',  ( -9.099999999999997868, 83.50000000000000000, -16.69999999999999929 ) ) ;
#4081 = CARTESIAN_POINT ( 'NONE',  ( -9.700000000000001066, 129.7109646337065954, -13.79999999999999893 ) ) ;
#4082 = ORIENTED_EDGE ( 'NONE', *, *, #2123, .F. ) ;
#4083 = EDGE_CURVE ( 'NONE', #4398, #5168, #3522, .T. ) ;
#4084 = CARTESIAN_POINT ( 'NONE',  ( -24.26595209730589175, 124.6102007023600891, -12.30314666991709949 ) ) ;
#4085 = FACE_OUTER_BOUND ( 'NONE', #4088, .T. ) ;
#4086 = CARTESIAN_POINT ( 'NONE',  ( -8.117021870583657872, 132.6540425828000025, -13.00785311209613582 ) ) ;
#4087 = ORIENTED_EDGE ( 'NONE', *, *, #5412, .F. ) ;
#4088 = EDGE_LOOP ( 'NONE', ( #1262, #364, #4187, #5523, #5578 ) ) ;
#4089 = DIRECTION ( 'NONE',  ( -0.2202608714346437346, 0.000000000000000000, 0.9754410020677064530 ) ) ;
#4090 = CARTESIAN_POINT ( 'NONE',  ( 25.50000000000000000, 130.5000000000000000, -10.00000000000000178 ) ) ;
#4091 = CARTESIAN_POINT ( 'NONE',  ( 122.4257728229844417, 127.1375407634743624, -119.6344983984421617 ) ) ;
#4092 = CARTESIAN_POINT ( 'NONE',  ( -4.586004223216057163, 87.42271820727205522, -13.41527876094673566 ) ) ;
#4093 = ORIENTED_EDGE ( 'NONE', *, *, #5230, .T. ) ;
#4094 =( BOUNDED_CURVE ( )  B_SPLINE_CURVE ( 3, ( #3932, #5223, #590, #2900 ),
 .UNSPECIFIED., .F., .T. ) 
 B_SPLINE_CURVE_WITH_KNOTS ( ( 4, 4 ),
 ( 1.570796326794896780, 2.356194490192346613 ),
 .UNSPECIFIED. ) 
 CURVE ( )  GEOMETRIC_REPRESENTATION_ITEM ( )  RATIONAL_B_SPLINE_CURVE ( ( 1.000000000000000000, 0.9492530216741910110, 0.9492530216741910110, 1.000000000000000000 ) ) 
 REPRESENTATION_ITEM ( '' )  );
#4095 = ORIENTED_EDGE ( 'NONE', *, *, #2864, .F. ) ;
#4096 = ADVANCED_FACE ( 'NONE', ( #965 ), #1961, .T. ) ;
#4097 = EDGE_CURVE ( 'NONE', #4463, #803, #2661, .T. ) ;
#4098 = VERTEX_POINT ( 'NONE', #5977 ) ;
#4099 = LINE ( 'NONE', #327, #5786 ) ;
#4100 = DIRECTION ( 'NONE',  ( -0.6804510993672805430, 0.7327934916262965892, 0.000000000000000000 ) ) ;
#4101 = ORIENTED_EDGE ( 'NONE', *, *, #4188, .T. ) ;
#4102 = EDGE_CURVE ( 'NONE', #616, #4514, #1374, .T. ) ;
#4103 = ORIENTED_EDGE ( 'NONE', *, *, #1311, .T. ) ;
#4104 = CARTESIAN_POINT ( 'NONE',  ( -9.099999999999997868, 136.1999999999999886, -14.50000000000000000 ) ) ;
#4105 = DIRECTION ( 'NONE',  ( 0.000000000000000000, 0.000000000000000000, 1.000000000000000000 ) ) ;
#4106 = DIRECTION ( 'NONE',  ( 0.000000000000000000, 0.000000000000000000, -1.000000000000000000 ) ) ;
#4107 = DIRECTION ( 'NONE',  ( 0.000000000000000000, 0.000000000000000000, 1.000000000000000000 ) ) ;
#4108 = VERTEX_POINT ( 'NONE', #5097 ) ;
#4109 = CARTESIAN_POINT ( 'NONE',  ( 7.900000000000003908, 87.89999999999999147, -13.79999999999999893 ) ) ;
#4110 = EDGE_CURVE ( 'NONE', #2957, #2383, #1093, .T. ) ;
#4111 = DIRECTION ( 'NONE',  ( 0.000000000000000000, 0.000000000000000000, -1.000000000000000000 ) ) ;
#4112 = VECTOR ( 'NONE', #436, 1000.000000000000000 ) ;
#4113 = CARTESIAN_POINT ( 'NONE',  ( -4.882978129416334134, 88.34595741719999751, -13.00785311209614115 ) ) ;
#4114 = AXIS2_PLACEMENT_3D ( 'NONE', #1742, #2595, #801 ) ;
#4115 = ORIENTED_EDGE ( 'NONE', *, *, #2915, .T. ) ;
#4116 = AXIS2_PLACEMENT_3D ( 'NONE', #678, #110, #565 ) ;
#4117 = CARTESIAN_POINT ( 'NONE',  ( 4.586004223216036735, 87.42271820727202680, -13.41527876094678362 ) ) ;
#4118 = AXIS2_PLACEMENT_3D ( 'NONE', #3263, #5512, #4580 ) ;
#4119 = CARTESIAN_POINT ( 'NONE',  ( -6.500000000000000000, 127.5000000000000000, -14.59999999999999964 ) ) ;
#4120 = CARTESIAN_POINT ( 'NONE',  ( -10.50000000000000000, 127.5000000000000000, -13.00000000000000000 ) ) ;
#4121 = DIRECTION ( 'NONE',  ( 1.000000000000000000, 0.000000000000000000, 0.000000000000000000 ) ) ;
#4122 = ORIENTED_EDGE ( 'NONE', *, *, #3419, .F. ) ;
#4123 = TOROIDAL_SURFACE ( 'NONE', #3038, 4.000000000000000888, 2.199999999999998845 ) ;
#4124 = ORIENTED_EDGE ( 'NONE', *, *, #3219, .F. ) ;
#4125 = CARTESIAN_POINT ( 'NONE',  ( -122.9720391619165412, 126.5912744245423482, -119.8607693246957240 ) ) ;
#4126 = TOROIDAL_SURFACE ( 'NONE', #4905, 4.000000000000000000, 2.199999999999999734 ) ;
#4127 = ORIENTED_EDGE ( 'NONE', *, *, #593, .T. ) ;
#4128 = CARTESIAN_POINT ( 'NONE',  ( 2.500000000000000000, 93.50000000000000000, -13.79999999999999893 ) ) ;
#4129 = CARTESIAN_POINT ( 'NONE',  ( 6.500000000000000000, 132.5000000000000000, -12.30000000000000249 ) ) ;
#4130 = VERTEX_POINT ( 'NONE', #5574 ) ;
#4131 = ORIENTED_EDGE ( 'NONE', *, *, #5079, .F. ) ;
#4132 = CIRCLE ( 'NONE', #926, 2.199999999999998845 ) ;
#4133 = AXIS2_PLACEMENT_3D ( 'NONE', #2340, #1968, #2463 ) ;
#4134 = CARTESIAN_POINT ( 'NONE',  ( 26.30276640458085780, 124.5105806567401743, -12.67298434395241991 ) ) ;
#4135 = DIRECTION ( 'NONE',  ( -1.000000000000000000, 0.000000000000000000, 0.000000000000000000 ) ) ;
#4136 = EDGE_CURVE ( 'NONE', #5991, #2946, #1406, .T. ) ;
#4137 = CIRCLE ( 'NONE', #1221, 6.199999999999997513 ) ;
#4138 = CARTESIAN_POINT ( 'NONE',  ( 25.50000000000000000, 126.0000000000000000, -10.00000000000000888 ) ) ;
#4139 = DIRECTION ( 'NONE',  ( 0.000000000000000000, 1.000000000000000000, 0.000000000000000000 ) ) ;
#4140 = AXIS2_PLACEMENT_3D ( 'NONE', #2335, #976, #1936 ) ;
#4141 = ORIENTED_EDGE ( 'NONE', *, *, #2236, .F. ) ;
#4142 = CARTESIAN_POINT ( 'NONE',  ( -25.30435309682171763, 124.2698206505987457, -12.46541871038960458 ) ) ;
#4143 = AXIS2_PLACEMENT_3D ( 'NONE', #5584, #5167, #4163 ) ;
#4144 = ADVANCED_FACE ( 'NONE', ( #4210 ), #584, .T. ) ;
#4145 = DIRECTION ( 'NONE',  ( 0.000000000000000000, 0.000000000000000000, 1.000000000000000000 ) ) ;
#4146 = DIRECTION ( 'NONE',  ( 0.6804510993672772123, -0.7327934916262996978, 0.000000000000000000 ) ) ;
#4147 = ORIENTED_EDGE ( 'NONE', *, *, #2326, .F. ) ;
#4148 = VECTOR ( 'NONE', #527, 1000.000000000000000 ) ;
#4149 = ADVANCED_FACE ( 'NONE', ( #1131 ), #4298, .T. ) ;
#4150 = CARTESIAN_POINT ( 'NONE',  ( -9.099999999999997868, 83.50000000000000000, -14.50000000000000000 ) ) ;
#4151 = EDGE_CURVE ( 'NONE', #76, #2965, #2163, .T. ) ;
#4152 = CARTESIAN_POINT ( 'NONE',  ( 6.500000000000000000, 132.5000000000000000, -14.50000000000000000 ) ) ;
#4153 = CARTESIAN_POINT ( 'NONE',  ( -4.000000000000000000, 129.7109646337065954, -13.79999999999999893 ) ) ;
#4154 = CIRCLE ( 'NONE', #2399, 4.800000000000000711 ) ;
#4155 = AXIS2_PLACEMENT_3D ( 'NONE', #3642, #4933, #5870 ) ;
#4156 = CARTESIAN_POINT ( 'NONE',  ( -25.50000000000000000, 126.0000000000000000, -10.00000000000000888 ) ) ;
#4157 = ORIENTED_EDGE ( 'NONE', *, *, #5972, .F. ) ;
#4158 = ORIENTED_EDGE ( 'NONE', *, *, #2073, .T. ) ;
#4159 = AXIS2_PLACEMENT_3D ( 'NONE', #5589, #1906, #1102 ) ;
#4160 = CYLINDRICAL_SURFACE ( 'NONE', #425, 2.199999999999998845 ) ;
#4161 = CARTESIAN_POINT ( 'NONE',  ( -119.5318212471573105, 129.1838735471672521, -119.6344983984421759 ) ) ;
#4162 = AXIS2_PLACEMENT_3D ( 'NONE', #1484, #3345, #604 ) ;
#4163 = DIRECTION ( 'NONE',  ( 0.000000000000000000, 0.000000000000000000, 1.000000000000000000 ) ) ;
#4164 = FACE_OUTER_BOUND ( 'NONE', #5070, .T. ) ;
#4165 = EDGE_LOOP ( 'NONE', ( #286, #899, #1971, #5684 ) ) ;
#4166 = ORIENTED_EDGE ( 'NONE', *, *, #3918, .F. ) ;
#4167 = CARTESIAN_POINT ( 'NONE',  ( 4.844068354582461211, 133.2839013386789304, -13.04746313528520041 ) ) ;
#4168 = CARTESIAN_POINT ( 'NONE',  ( -6.500000000000000000, 130.3000000000000114, -14.59999999999999964 ) ) ;
#4169 = DIRECTION ( 'NONE',  ( 0.000000000000000000, 0.000000000000000000, -1.000000000000000000 ) ) ;
#4170 = DIRECTION ( 'NONE',  ( 0.000000000000000000, -1.000000000000000000, 0.000000000000000000 ) ) ;
#4171 = CIRCLE ( 'NONE', #665, 2.199999999999998845 ) ;
#4172 = VERTEX_POINT ( 'NONE', #4357 ) ;
#4173 = EDGE_CURVE ( 'NONE', #5077, #4768, #1021, .T. ) ;
#4174 = CARTESIAN_POINT ( 'NONE',  ( -2.314574969259507231, 89.72399783774865512, -13.79999999999999893 ) ) ;
#4175 = CARTESIAN_POINT ( 'NONE',  ( 23.69923419307301415, 126.8983853748857626, -14.49999999993405631 ) ) ;
#4176 = EDGE_CURVE ( 'NONE', #2327, #3757, #3135, .T. ) ;
#4177 = DIRECTION ( 'NONE',  ( 0.000000000000000000, 1.000000000000000000, 0.000000000000000000 ) ) ;
#4178 = CARTESIAN_POINT ( 'NONE',  ( 29.74704866153470206, 126.0000000000000000, -12.30000000000000249 ) ) ;
#4179 = ORIENTED_EDGE ( 'NONE', *, *, #2350, .F. ) ;
#4180 = ADVANCED_FACE ( 'NONE', ( #672 ), #1573, .T. ) ;
#4181 = EDGE_CURVE ( 'NONE', #1899, #4098, #4789, .T. ) ;
#4182 = APPROVAL_ROLE ( '' ) ;
#4183 = CARTESIAN_POINT ( 'NONE',  ( -4.457210498126008780, 87.41654419127681308, -13.67225043545086471 ) ) ;
#4184 = DIRECTION ( 'NONE',  ( 0.000000000000000000, -1.000000000000000000, 0.000000000000000000 ) ) ;
#4185 = DIRECTION ( 'NONE',  ( 0.000000000000000000, 1.000000000000000000, 0.000000000000000000 ) ) ;
#4186 = CARTESIAN_POINT ( 'NONE',  ( 9.700000000000001066, 129.7109646337065954, -13.79999999999999893 ) ) ;
#4187 = ORIENTED_EDGE ( 'NONE', *, *, #2976, .T. ) ;
#4188 = EDGE_CURVE ( 'NONE', #271, #4108, #3990, .T. ) ;
#4189 = ORIENTED_EDGE ( 'NONE', *, *, #5398, .F. ) ;
#4190 = DIRECTION ( 'NONE',  ( 0.000000000000000000, 1.000000000000000000, 0.000000000000000000 ) ) ;
#4191 = CARTESIAN_POINT ( 'NONE',  ( -25.50000000000000355, 133.6000000000000227, -12.30000000000000249 ) ) ;
#4192 = EDGE_LOOP ( 'NONE', ( #1632, #3552, #5058, #4968 ) ) ;
#4193 = EDGE_CURVE ( 'NONE', #271, #5436, #5267, .T. ) ;
#4194 = VERTEX_POINT ( 'NONE', #3991 ) ;
#4195 = DIRECTION ( 'NONE',  ( 0.000000000000000000, 0.000000000000000000, 1.000000000000000000 ) ) ;
#4196 = DIRECTION ( 'NONE',  ( 0.000000000000000000, 0.000000000000000000, 1.000000000000000000 ) ) ;
#4197 = FACE_OUTER_BOUND ( 'NONE', #4848, .T. ) ;
#4198 = CARTESIAN_POINT ( 'NONE',  ( 31.55894046480676352, 126.0000000000000000, -31.55894046480676352 ) ) ;
#4199 = ORIENTED_EDGE ( 'NONE', *, *, #3316, .F. ) ;
#4200 = B_SPLINE_CURVE_WITH_KNOTS ( 'NONE', 3,
 ( #141, #5733, #5343, #3483 ),
 .UNSPECIFIED., .F., .F.,
 ( 4, 4 ),
 ( 0.003855077963964653916, 0.004261371743037782253 ),
 .UNSPECIFIED. ) ;
#4201 = DIRECTION ( 'NONE',  ( -1.000000000000000000, 0.000000000000000000, 0.000000000000000000 ) ) ;
#4202 = DIRECTION ( 'NONE',  ( -0.7071067811865474617, 0.000000000000000000, 0.7071067811865475727 ) ) ;
#4203 = CYLINDRICAL_SURFACE ( 'NONE', #1404, 2.200000000000002842 ) ;
#4204 = FACE_OUTER_BOUND ( 'NONE', #1744, .T. ) ;
#4205 = ORIENTED_EDGE ( 'NONE', *, *, #2739, .T. ) ;
#4206 = EDGE_CURVE ( 'NONE', #4027, #5608, #476, .T. ) ;
#4207 = DATE_AND_TIME ( #1946, #3061 ) ;
#4208 = DIRECTION ( 'NONE',  ( 0.000000000000000000, 1.000000000000000000, 0.000000000000000000 ) ) ;
#4209 = CARTESIAN_POINT ( 'NONE',  ( 6.500000000000000000, 132.5000000000000000, -14.50000000000000000 ) ) ;
#4210 = FACE_OUTER_BOUND ( 'NONE', #2162, .T. ) ;
#4211 = EDGE_CURVE ( 'NONE', #4683, #4446, #1368, .T. ) ;
#4212 = PRODUCT_DEFINITION ( 'UNKNOWN', '', #348, #962 ) ;
#4213 = CARTESIAN_POINT ( 'NONE',  ( -6.500000000000000000, 88.50000000000000000, -14.50000000000000000 ) ) ;
#4214 = ORIENTED_EDGE ( 'NONE', *, *, #5517, .T. ) ;
#4215 = VECTOR ( 'NONE', #2814, 1000.000000000000000 ) ;
#4216 = ORIENTED_EDGE ( 'NONE', *, *, #1831, .F. ) ;
#4217 = AXIS2_PLACEMENT_3D ( 'NONE', #3863, #1007, #3888 ) ;
#4218 = AXIS2_PLACEMENT_3D ( 'NONE', #3390, #4302, #173 ) ;
#4219 = DIRECTION ( 'NONE',  ( 0.000000000000000000, 0.000000000000000000, 1.000000000000000000 ) ) ;
#4220 = CIRCLE ( 'NONE', #1578, 0.8000000000000003775 ) ;
#4221 = DIRECTION ( 'NONE',  ( -1.000000000000000000, 0.000000000000000000, 0.000000000000000000 ) ) ;
#4222 = ORIENTED_EDGE ( 'NONE', *, *, #1087, .T. ) ;
#4223 = ORIENTED_EDGE ( 'NONE', *, *, #1594, .F. ) ;
#4224 = ORIENTED_EDGE ( 'NONE', *, *, #1010, .T. ) ;
#4225 = EDGE_CURVE ( 'NONE', #1022, #3180, #3235, .T. ) ;
#4226 = VECTOR ( 'NONE', #5051, 1000.000000000000000 ) ;
#4227 = DIRECTION ( 'NONE',  ( 0.000000000000000000, 0.000000000000000000, 1.000000000000000000 ) ) ;
#4228 = FACE_OUTER_BOUND ( 'NONE', #1687, .T. ) ;
#4229 = DIRECTION ( 'NONE',  ( -1.000000000000000000, 0.000000000000000000, 0.000000000000000000 ) ) ;
#4230 = CARTESIAN_POINT ( 'NONE',  ( -9.000000000000001776, 129.7109646337065954, -13.79999999999999893 ) ) ;
#4231 = AXIS2_PLACEMENT_3D ( 'NONE', #5042, #3716, #2251 ) ;
#4232 = EDGE_LOOP ( 'NONE', ( #4103, #5244, #2264, #3889 ) ) ;
#4233 = AXIS2_PLACEMENT_3D ( 'NONE', #4979, #808, #5401 ) ;
#4234 = DIRECTION ( 'NONE',  ( 0.000000000000000000, 0.000000000000000000, 1.000000000000000000 ) ) ;
#4235 = AXIS2_PLACEMENT_3D ( 'NONE', #258, #4490, #5854 ) ;
#4236 = DIRECTION ( 'NONE',  ( 0.000000000000000000, -1.000000000000000000, 0.000000000000000000 ) ) ;
#4237 = AXIS2_PLACEMENT_3D ( 'NONE', #3195, #9, #821 ) ;
#4238 = FACE_OUTER_BOUND ( 'NONE', #5391, .T. ) ;
#4239 = DIRECTION ( 'NONE',  ( 0.000000000000000000, 0.000000000000000000, -1.000000000000000000 ) ) ;
#4240 = ORIENTED_EDGE ( 'NONE', *, *, #5103, .F. ) ;
#4241 = TOROIDAL_SURFACE ( 'NONE', #3749, 1.500000000000001332, 0.8000000000000003775 ) ;
#4242 = DIRECTION ( 'NONE',  ( -1.000000000000000000, -0.000000000000000000, 0.000000000000000000 ) ) ;
#4243 = CYLINDRICAL_SURFACE ( 'NONE', #654, 0.8000000000000003775 ) ;
#4244 = LINE ( 'NONE', #80, #3723 ) ;
#4245 = CIRCLE ( 'NONE', #2964, 0.8000000000000003775 ) ;
#4246 = CARTESIAN_POINT ( 'NONE',  ( 5.634569895688151142, 88.50000000000000000, -13.79999999999999893 ) ) ;
#4247 = EDGE_LOOP ( 'NONE', ( #4361, #3513, #5461, #5187, #3063, #5725 ) ) ;
#4248 = ORIENTED_EDGE ( 'NONE', *, *, #4354, .F. ) ;
#4249 = AXIS2_PLACEMENT_3D ( 'NONE', #1543, #4404, #5261 ) ;
#4250 = EDGE_CURVE ( 'NONE', #4462, #3151, #2689, .T. ) ;
#4251 = CARTESIAN_POINT ( 'NONE',  ( -23.50000000000000000, 122.0000000000000000, -14.50000000000000000 ) ) ;
#4252 = DIRECTION ( 'NONE',  ( -1.000000000000000000, 0.000000000000000000, 0.000000000000000000 ) ) ;
#4253 = VERTEX_POINT ( 'NONE', #1741 ) ;
#4254 = CARTESIAN_POINT ( 'NONE',  ( -2.500000000000000000, 127.5000000000000000, -13.00000000000000000 ) ) ;
#4255 = EDGE_LOOP ( 'NONE', ( #5694, #2133, #206, #3698 ) ) ;
#4256 = CIRCLE ( 'NONE', #4939, 2.199999999999998845 ) ;
#4257 = AXIS2_PLACEMENT_3D ( 'NONE', #930, #3627, #1746 ) ;
#4258 = ORIENTED_EDGE ( 'NONE', *, *, #4805, .F. ) ;
#4259 = VERTEX_POINT ( 'NONE', #2130 ) ;
#4260 = EDGE_CURVE ( 'NONE', #5488, #614, #4459, .T. ) ;
#4261 = EDGE_CURVE ( 'NONE', #992, #3356, #5145, .T. ) ;
#4262 =( BOUNDED_CURVE ( )  B_SPLINE_CURVE ( 3, ( #521, #208, #3859, #5260 ),
 .UNSPECIFIED., .F., .T. ) 
 B_SPLINE_CURVE_WITH_KNOTS ( ( 4, 4 ),
 ( 5.612822346282738017, 5.767587407554806589 ),
 .UNSPECIFIED. ) 
 CURVE ( )  GEOMETRIC_REPRESENTATION_ITEM ( )  RATIONAL_B_SPLINE_CURVE ( ( 1.000000000000000000, 0.9980049771413128656, 0.9980049771413128656, 1.000000000000000000 ) ) 
 REPRESENTATION_ITEM ( '' )  );
#4263 = CIRCLE ( 'NONE', #3864, 0.8000000000000003775 ) ;
#4264 = DIRECTION ( 'NONE',  ( 0.000000000000000000, 0.000000000000000000, 1.000000000000000000 ) ) ;
#4265 = DIRECTION ( 'NONE',  ( 0.000000000000000000, 0.000000000000000000, 1.000000000000000000 ) ) ;
#4266 = CARTESIAN_POINT ( 'NONE',  ( -6.500000000000000000, 88.50000000000000000, -14.50000000000000000 ) ) ;
#4267 = ORIENTED_EDGE ( 'NONE', *, *, #3419, .T. ) ;
#4268 = DIRECTION ( 'NONE',  ( 0.7071067811865475727, 0.000000000000000000, -0.7071067811865475727 ) ) ;
#4269 = DIRECTION ( 'NONE',  ( 1.000000000000000000, -6.672013369141552398E-16, 0.000000000000000000 ) ) ;
#4270 = PLANE ( 'NONE',  #1984 ) ;
#4271 = DIRECTION ( 'NONE',  ( 0.000000000000000000, 1.000000000000000000, 0.000000000000000000 ) ) ;
#4272 = ORIENTED_EDGE ( 'NONE', *, *, #633, .F. ) ;
#4273 = ADVANCED_FACE ( 'NONE', ( #3107 ), #800, .F. ) ;
#4274 = CYLINDRICAL_SURFACE ( 'NONE', #3955, 2.199999999999998845 ) ;
#4275 = CARTESIAN_POINT ( 'NONE',  ( 23.48115120762762587, 126.2363507005626104, -13.27801450155334528 ) ) ;
#4276 = ORIENTED_EDGE ( 'NONE', *, *, #1594, .T. ) ;
#4277 = ORIENTED_EDGE ( 'NONE', *, *, #939, .F. ) ;
#4278 = FACE_OUTER_BOUND ( 'NONE', #1774, .T. ) ;
#4279 = CYLINDRICAL_SURFACE ( 'NONE', #629, 2.199999999999998845 ) ;
#4280 = CARTESIAN_POINT ( 'NONE',  ( 32.67337166773783252, 126.0000000000000000, -18.16078261430392971 ) ) ;
#4281 = LINE ( 'NONE', #3278, #163 ) ;
#4282 = ORIENTED_EDGE ( 'NONE', *, *, #4399, .F. ) ;
#4283 = EDGE_CURVE ( 'NONE', #3388, #4745, #4171, .T. ) ;
#4284 = ORIENTED_EDGE ( 'NONE', *, *, #3868, .F. ) ;
#4285 = EDGE_CURVE ( 'NONE', #3775, #5144, #386, .T. ) ;
#4286 = CARTESIAN_POINT ( 'NONE',  ( -4.414334638538580435, 133.5372818060903342, -13.79999999999999716 ) ) ;
#4287 = DIRECTION ( 'NONE',  ( 0.000000000000000000, 0.000000000000000000, 1.000000000000000000 ) ) ;
#4288 = FACE_OUTER_BOUND ( 'NONE', #2019, .T. ) ;
#4289 = ADVANCED_FACE ( 'NONE', ( #3037 ), #4782, .T. ) ;
#4290 = EDGE_LOOP ( 'NONE', ( #2144, #1151, #784, #5163 ) ) ;
#4291 = DIRECTION ( 'NONE',  ( 0.000000000000000000, 0.000000000000000000, 1.000000000000000000 ) ) ;
#4292 = CARTESIAN_POINT ( 'NONE',  ( 32.67337166773783252, 126.0000000000000000, -18.16078261430392971 ) ) ;
#4293 = DIRECTION ( 'NONE',  ( 1.000000000000000000, 0.000000000000000000, 0.000000000000000000 ) ) ;
#4294 = DIRECTION ( 'NONE',  ( -0.000000000000000000, -0.000000000000000000, -1.000000000000000000 ) ) ;
#4295 = ORIENTED_EDGE ( 'NONE', *, *, #1798, .F. ) ;
#4296 = ADVANCED_FACE ( 'NONE', ( #3473 ), #5335, .T. ) ;
#4297 = CARTESIAN_POINT ( 'NONE',  ( 8.413995776783909974, 133.5772817927279164, -13.41527876094667349 ) ) ;
#4298 = CYLINDRICAL_SURFACE ( 'NONE', #129, 0.8000000000000003775 ) ;
#4299 = DIRECTION ( 'NONE',  ( 0.000000000000000000, 0.000000000000000000, 1.000000000000000000 ) ) ;
#4300 = ORIENTED_EDGE ( 'NONE', *, *, #2002, .T. ) ;
#4301 = EDGE_LOOP ( 'NONE', ( #645, #4369, #797, #1134 ) ) ;
#4302 = DIRECTION ( 'NONE',  ( 0.6804510993672805430, 0.7327934916262965892, 0.000000000000000000 ) ) ;
#4303 = DIRECTION ( 'NONE',  ( 0.000000000000000000, 0.000000000000000000, 1.000000000000000000 ) ) ;
#4304 = CARTESIAN_POINT ( 'NONE',  ( 8.223911685373749947, 87.59922486358151161, -13.13320502597066231 ) ) ;
#4305 = AXIS2_PLACEMENT_3D ( 'NONE', #2893, #2529, #2415 ) ;
#4306 = DIRECTION ( 'NONE',  ( 0.000000000000000000, 0.000000000000000000, 1.000000000000000000 ) ) ;
#4307 = VERTEX_POINT ( 'NONE', #4783 ) ;
#4308 = VECTOR ( 'NONE', #1315, 1000.000000000000000 ) ;
#4309 = EDGE_LOOP ( 'NONE', ( #1920, #1436, #571, #3966 ) ) ;
#4310 = VECTOR ( 'NONE', #1113, 1000.000000000000000 ) ;
#4311 = DIRECTION ( 'NONE',  ( 0.000000000000000000, -1.000000000000000000, 0.000000000000000000 ) ) ;
#4312 = CARTESIAN_POINT ( 'NONE',  ( 5.634569895688172458, 132.5000000000000000, -13.79999999999999893 ) ) ;
#4313 = CARTESIAN_POINT ( 'NONE',  ( 27.45705836629444718, 128.1484532865794961, -14.98331547876712655 ) ) ;
#4314 = ORIENTED_EDGE ( 'NONE', *, *, #4800, .T. ) ;
#4315 = AXIS2_PLACEMENT_3D ( 'NONE', #1479, #3340, #2882 ) ;
#4316 = EDGE_CURVE ( 'NONE', #3505, #862, #3856, .T. ) ;
#4317 = CARTESIAN_POINT ( 'NONE',  ( 8.357980873632547159, 87.47473204591261720, -13.31644019836609516 ) ) ;
#4318 = ADVANCED_FACE ( 'NONE', ( #613 ), #4328, .T. ) ;
#4319 = DIRECTION ( 'NONE',  ( -0.2202608714346431795, 0.000000000000000000, -0.9754410020677067861 ) ) ;
#4320 = FACE_OUTER_BOUND ( 'NONE', #1270, .T. ) ;
#4321 = DIRECTION ( 'NONE',  ( 0.000000000000000000, 0.000000000000000000, 1.000000000000000000 ) ) ;
#4322 = AXIS2_PLACEMENT_3D ( 'NONE', #4901, #2553, #243 ) ;
#4323 = VERTEX_POINT ( 'NONE', #5299 ) ;
#4324 = ADVANCED_FACE ( 'NONE', ( #4728 ), #773, .T. ) ;
#4325 = AXIS2_PLACEMENT_3D ( 'NONE', #5718, #605, #1040 ) ;
#4326 = DIRECTION ( 'NONE',  ( 0.000000000000000000, -1.000000000000000000, 0.000000000000000000 ) ) ;
#4327 = CARTESIAN_POINT ( 'NONE',  ( -27.56596996465128058, 128.1918863982633070, -14.74067884347274848 ) ) ;
#4328 = CYLINDRICAL_SURFACE ( 'NONE', #2324, 2.199999999999993516 ) ;
#4329 = EDGE_CURVE ( 'NONE', #4885, #4756, #4859, .T. ) ;
#4330 = VERTEX_POINT ( 'NONE', #2561 ) ;
#4331 = AXIS2_PLACEMENT_3D ( 'NONE', #4715, #5622, #3339 ) ;
#4332 = ORIENTED_EDGE ( 'NONE', *, *, #4283, .T. ) ;
#4333 = CARTESIAN_POINT ( 'NONE',  ( -6.500000000000000000, 127.5000000000000000, -14.59999999999999964 ) ) ;
#4334 = CIRCLE ( 'NONE', #1710, 2.200000000000007283 ) ;
#4335 = LINE ( 'NONE', #174, #729 ) ;
#4336 = FACE_OUTER_BOUND ( 'NONE', #2135, .T. ) ;
#4337 = DIRECTION ( 'NONE',  ( 0.000000000000000000, 0.000000000000000000, 1.000000000000000000 ) ) ;
#4338 = ORIENTED_EDGE ( 'NONE', *, *, #4625, .T. ) ;
#4339 = CIRCLE ( 'NONE', #1716, 2.200000000000007283 ) ;
#4340 = EDGE_LOOP ( 'NONE', ( #2499, #653, #5886, #4240, #2734 ) ) ;
#4341 = AXIS2_PLACEMENT_3D ( 'NONE', #1143, #1558, #2989 ) ;
#4342 = DIRECTION ( 'NONE',  ( 0.000000000000000000, 0.000000000000000000, -1.000000000000000000 ) ) ;
#4343 = VECTOR ( 'NONE', #209, 1000.000000000000000 ) ;
#4344 = DIRECTION ( 'NONE',  ( 0.000000000000000000, 0.000000000000000000, 1.000000000000000000 ) ) ;
#4345 = DIRECTION ( 'NONE',  ( 0.6804510993672805430, 0.7327934916262965892, 0.000000000000000000 ) ) ;
#4346 = VERTEX_POINT ( 'NONE', #5390 ) ;
#4347 = CIRCLE ( 'NONE', #5607, 2.199999999999998845 ) ;
#4348 = LINE ( 'NONE', #5811, #1885 ) ;
#4349 = CARTESIAN_POINT ( 'NONE',  ( 6.500000000000000000, 127.5000000000000000, -13.79999999999999893 ) ) ;
#4350 = CARTESIAN_POINT ( 'NONE',  ( 6.500000000000000000, 93.50000000000000000, -14.59999999999999964 ) ) ;
#4351 = DIRECTION ( 'NONE',  ( 0.000000000000000000, 1.000000000000000000, 0.000000000000000000 ) ) ;
#4352 = DIRECTION ( 'NONE',  ( 1.000000000000000000, 0.000000000000000000, 0.000000000000000000 ) ) ;
#4353 = ORIENTED_EDGE ( 'NONE', *, *, #5528, .T. ) ;
#4354 = EDGE_CURVE ( 'NONE', #832, #4453, #985, .T. ) ;
#4355 = EDGE_CURVE ( 'NONE', #1410, #802, #330, .T. ) ;
#4356 = CARTESIAN_POINT ( 'NONE',  ( 4.317371172397919565, 87.68580735603033816, -14.19302672478169036 ) ) ;
#4357 = CARTESIAN_POINT ( 'NONE',  ( -27.69999999999999574, 133.6000000000000227, -14.50000000000000000 ) ) ;
#4358 = DIRECTION ( 'NONE',  ( 0.6804510993672792107, 0.7327934916262980325, 0.000000000000000000 ) ) ;
#4359 = ADVANCED_FACE ( 'NONE', ( #3527 ), #5987, .T. ) ;
#4360 = ORIENTED_EDGE ( 'NONE', *, *, #5539, .T. ) ;
#4361 = ORIENTED_EDGE ( 'NONE', *, *, #4990, .F. ) ;
#4362 = ORIENTED_EDGE ( 'NONE', *, *, #5972, .T. ) ;
#4363 = DIRECTION ( 'NONE',  ( 0.000000000000000000, 1.000000000000000000, 0.000000000000000000 ) ) ;
#4364 = CARTESIAN_POINT ( 'NONE',  ( -121.8344983984421361, 126.0000000000000000, 121.8344983984421503 ) ) ;
#4365 = CARTESIAN_POINT ( 'NONE',  ( 6.500000000000000000, 93.50000000000000000, -13.79999999999999893 ) ) ;
#4366 = CARTESIAN_POINT ( 'NONE',  ( 6.500000000000000000, 130.3000000000000114, -13.00000000000000000 ) ) ;
#4367 = DIRECTION ( 'NONE',  ( 0.000000000000000000, 0.000000000000000000, -1.000000000000000000 ) ) ;
#4368 = ORIENTED_EDGE ( 'NONE', *, *, #2877, .T. ) ;
#4369 = ORIENTED_EDGE ( 'NONE', *, *, #5900, .T. ) ;
#4370 = DIRECTION ( 'NONE',  ( 0.000000000000000000, 1.000000000000000000, 0.000000000000000000 ) ) ;
#4371 = CARTESIAN_POINT ( 'NONE',  ( -121.8344983984421361, 142.5000000000000000, 121.8344983984421503 ) ) ;
#4372 = CARTESIAN_POINT ( 'NONE',  ( -2.500000000000000000, 127.5000000000000000, -13.79999999999999893 ) ) ;
#4373 = ORIENTED_EDGE ( 'NONE', *, *, #494, .T. ) ;
#4374 = ORIENTED_EDGE ( 'NONE', *, *, #1786, .F. ) ;
#4375 = CARTESIAN_POINT ( 'NONE',  ( 27.49999999999999645, 128.1655780813739511, -14.88764877592066149 ) ) ;
#4376 = DIRECTION ( 'NONE',  ( 1.000000000000000000, 0.000000000000000000, 0.000000000000000000 ) ) ;
#4377 = CARTESIAN_POINT ( 'NONE',  ( -22.89999999999999858, 133.5999999999999943, -14.50000000000000000 ) ) ;
#4378 = CARTESIAN_POINT ( 'NONE',  ( 9.099999999999997868, 136.1999999999999886, -12.30000000000000249 ) ) ;
#4379 = ORIENTED_EDGE ( 'NONE', *, *, #834, .F. ) ;
#4380 = CARTESIAN_POINT ( 'NONE',  ( -25.50000000000000000, 126.0000000000000000, -10.00000000000000888 ) ) ;
#4381 = DIRECTION ( 'NONE',  ( -0.6804510993672772123, 0.7327934916262996978, 0.000000000000000000 ) ) ;
#4382 = ORIENTED_EDGE ( 'NONE', *, *, #4875, .T. ) ;
#4383 = ADVANCED_FACE ( 'NONE', ( #4973 ), #4451, .T. ) ;
#4384 = ORIENTED_EDGE ( 'NONE', *, *, #2799, .F. ) ;
#4385 = VERTEX_POINT ( 'NONE', #3962 ) ;
#4386 = CARTESIAN_POINT ( 'NONE',  ( -8.687865586159238873, 133.2227485914418992, -14.25960179753913160 ) ) ;
#4387 = EDGE_CURVE ( 'NONE', #1891, #511, #2826, .T. ) ;
#4388 = CARTESIAN_POINT ( 'NONE',  ( 28.81299423149111760, 126.0000000000000000, 25.70172439427030753 ) ) ;
#4389 = EDGE_CURVE ( 'NONE', #810, #3608, #3992, .T. ) ;
#4390 = CARTESIAN_POINT ( 'NONE',  ( 25.50000000000025224, 127.3314466619826248, -15.90341170376410140 ) ) ;
#4391 = DIRECTION ( 'NONE',  ( 0.9754410020677064530, 0.000000000000000000, 0.2202608714346442897 ) ) ;
#4392 = CARTESIAN_POINT ( 'NONE',  ( -27.49999999999999289, 125.6123512240793190, -12.33442191862606663 ) ) ;
#4393 = VERTEX_POINT ( 'NONE', #3501 ) ;
#4394 = ORIENTED_EDGE ( 'NONE', *, *, #4110, .T. ) ;
#4395 = CARTESIAN_POINT ( 'NONE',  ( 8.120149132939459946, 87.87707235172588582, -13.01162177222690808 ) ) ;
#4396 = DIRECTION ( 'NONE',  ( 1.000000000000000000, 0.000000000000000000, 0.000000000000000000 ) ) ;
#4397 = DIRECTION ( 'NONE',  ( -0.2202608714346437624, 0.000000000000000000, -0.9754410020677064530 ) ) ;
#4398 = VERTEX_POINT ( 'NONE', #282 ) ;
#4399 = EDGE_CURVE ( 'NONE', #5331, #2413, #4486, .T. ) ;
#4400 = EDGE_LOOP ( 'NONE', ( #2473, #1448, #1949, #1343, #3198 ) ) ;
#4401 = AXIS2_PLACEMENT_3D ( 'NONE', #1989, #5072, #2329 ) ;
#4402 = AXIS2_PLACEMENT_3D ( 'NONE', #1460, #2525, #2857 ) ;
#4403 = CARTESIAN_POINT ( 'NONE',  ( 27.70280549012797167, 126.6337630022598688, -12.38706541302694575 ) ) ;
#4404 = DIRECTION ( 'NONE',  ( 0.000000000000000000, 1.000000000000000000, 0.000000000000000000 ) ) ;
#4405 = CARTESIAN_POINT ( 'NONE',  ( 27.49999999999999645, 126.0000000000000000, -14.50000000000000000 ) ) ;
#4406 = DIRECTION ( 'NONE',  ( -0.000000000000000000, -1.000000000000000000, -0.000000000000000000 ) ) ;
#4407 = DIRECTION ( 'NONE',  ( 0.000000000000000000, 1.000000000000000000, 0.000000000000000000 ) ) ;
#4408 = AXIS2_PLACEMENT_3D ( 'NONE', #1218, #244, #726 ) ;
#4409 = EDGE_LOOP ( 'NONE', ( #5747, #4886, #4587, #2250, #582, #1647, #2373, #5785, #2024, #5741 ) ) ;
#4410 = CARTESIAN_POINT ( 'NONE',  ( 8.585665361461453315, 133.5372818060903626, -13.80000000000004512 ) ) ;
#4411 = DIRECTION ( 'NONE',  ( 0.000000000000000000, -1.000000000000000000, 0.000000000000000000 ) ) ;
#4412 = DIRECTION ( 'NONE',  ( 1.000000000000000000, 0.000000000000000000, 0.000000000000000000 ) ) ;
#4413 = VERTEX_POINT ( 'NONE', #4023 ) ;
#4414 = VERTEX_POINT ( 'NONE', #5361 ) ;
#4415 = TOROIDAL_SURFACE ( 'NONE', #2575, 1.500000000000002665, 0.7999999999999999334 ) ;
#4416 = ORIENTED_EDGE ( 'NONE', *, *, #608, .T. ) ;
#4417 = AXIS2_PLACEMENT_3D ( 'NONE', #3779, #5628, #1459 ) ;
#4418 = DIRECTION ( 'NONE',  ( -1.000000000000000000, 0.000000000000000000, 0.000000000000000000 ) ) ;
#4419 = DIRECTION ( 'NONE',  ( 0.000000000000000000, 1.000000000000000000, 0.000000000000000000 ) ) ;
#4420 = FACE_OUTER_BOUND ( 'NONE', #5652, .T. ) ;
#4421 = FACE_OUTER_BOUND ( 'NONE', #5235, .T. ) ;
#4422 = DIRECTION ( 'NONE',  ( 0.000000000000000000, 0.000000000000000000, 1.000000000000000000 ) ) ;
#4423 = AXIS2_PLACEMENT_3D ( 'NONE', #5056, #3615, #3161 ) ;
#4424 = CARTESIAN_POINT ( 'NONE',  ( -27.22613103364810172, 128.0350495391957679, -15.32533592263646760 ) ) ;
#4425 = ORIENTED_EDGE ( 'NONE', *, *, #280, .F. ) ;
#4426 = VERTEX_POINT ( 'NONE', #1768 ) ;
#4427 = EDGE_CURVE ( 'NONE', #2940, #4330, #5375, .T. ) ;
#4428 = EDGE_CURVE ( 'NONE', #5363, #1837, #1391, .T. ) ;
#4429 = CARTESIAN_POINT ( 'NONE',  ( 6.500000000000000000, 130.3000000000000114, -14.59999999999999964 ) ) ;
#4430 = FACE_BOUND ( 'NONE', #1126, .T. ) ;
#4431 = DIRECTION ( 'NONE',  ( 0.000000000000000000, -0.000000000000000000, 1.000000000000000000 ) ) ;
#4432 = VERTEX_POINT ( 'NONE', #5880 ) ;
#4433 = TOROIDAL_SURFACE ( 'NONE', #3755, 2.999999999999999112, 2.199999999999998845 ) ;
#4434 = EDGE_CURVE ( 'NONE', #5866, #561, #4792, .T. ) ;
#4435 = ORIENTED_EDGE ( 'NONE', *, *, #2002, .F. ) ;
#4436 = EDGE_CURVE ( 'NONE', #5640, #1271, #1962, .T. ) ;
#4437 = CARTESIAN_POINT ( 'NONE',  ( 6.500000000000000000, 86.10000000000000853, -14.50000000000000000 ) ) ;
#4438 = AXIS2_PLACEMENT_3D ( 'NONE', #3396, #596, #265 ) ;
#4439 = CARTESIAN_POINT ( 'NONE',  ( 8.116990673431690340, 132.6542456343799188, -13.00781818921325339 ) ) ;
#4440 = AXIS2_PLACEMENT_3D ( 'NONE', #1153, #5812, #2911 ) ;
#4441 = DIRECTION ( 'NONE',  ( 0.000000000000000000, -0.000000000000000000, 1.000000000000000000 ) ) ;
#4442 = CARTESIAN_POINT ( 'NONE',  ( 6.500000000000000000, 127.5000000000000000, -13.00000000000000000 ) ) ;
#4443 = DIRECTION ( 'NONE',  ( 0.000000000000000000, 1.000000000000000000, 0.000000000000000000 ) ) ;
#4444 = ADVANCED_FACE ( 'NONE', ( #5480 ), #5568, .T. ) ;
#4445 = AXIS2_PLACEMENT_3D ( 'NONE', #214, #1705, #5297 ) ;
#4446 = VERTEX_POINT ( 'NONE', #5001 ) ;
#4447 = CIRCLE ( 'NONE', #180, 2.199999999999998845 ) ;
#4448 = DIRECTION ( 'NONE',  ( -1.000000000000000000, 0.000000000000000000, 0.000000000000000000 ) ) ;
#4449 = CARTESIAN_POINT ( 'NONE',  ( 25.50000000000000355, 133.5999999999999943, -16.69999999999999929 ) ) ;
#4450 = AXIS2_PLACEMENT_3D ( 'NONE', #3200, #1314, #828 ) ;
#4451 = CYLINDRICAL_SURFACE ( 'NONE', #4506, 2.199999999999998845 ) ;
#4452 = VERTEX_POINT ( 'NONE', #2658 ) ;
#4453 = VERTEX_POINT ( 'NONE', #4550 ) ;
#4454 = ORIENTED_EDGE ( 'NONE', *, *, #3191, .T. ) ;
#4455 = CARTESIAN_POINT ( 'NONE',  ( -8.698537757715351759, 132.5000000000000000, -14.58019805421551496 ) ) ;
#4456 = CARTESIAN_POINT ( 'NONE',  ( 10.50000000000000000, 127.5000000000000000, -13.79999999999999893 ) ) ;
#4457 = CARTESIAN_POINT ( 'NONE',  ( -10.50000000000000000, 127.5000000000000000, -13.79999999999999893 ) ) ;
#4458 = CARTESIAN_POINT ( 'NONE',  ( -8.698537757715342877, 88.50000000000000000, -14.58019805421553272 ) ) ;
#4459 = CIRCLE ( 'NONE', #2418, 1.800000000000002931 ) ;
#4460 = FACE_OUTER_BOUND ( 'NONE', #4545, .T. ) ;
#4461 = ORIENTED_EDGE ( 'NONE', *, *, #5254, .F. ) ;
#4462 = VERTEX_POINT ( 'NONE', #2193 ) ;
#4463 = VERTEX_POINT ( 'NONE', #4057 ) ;
#4464 = CARTESIAN_POINT ( 'NONE',  ( 121.8344983984421503, 127.5556349186104086, 119.6344983984421617 ) ) ;
#4465 = PLANE ( 'NONE',  #337 ) ;
#4466 = ORIENTED_EDGE ( 'NONE', *, *, #1642, .T. ) ;
#4467 = EDGE_CURVE ( 'NONE', #1224, #3234, #3237, .T. ) ;
#4468 = EDGE_CURVE ( 'NONE', #3514, #5429, #4672, .T. ) ;
#4469 = ORIENTED_EDGE ( 'NONE', *, *, #5619, .T. ) ;
#4470 = FACE_OUTER_BOUND ( 'NONE', #5046, .T. ) ;
#4471 = ADVANCED_FACE ( 'NONE', ( #1918 ), #492, .T. ) ;
#4472 = CARTESIAN_POINT ( 'NONE',  ( 121.8344983984421077, 142.5000000000000000, -124.0344983984421674 ) ) ;
#4473 = CC_DESIGN_PERSON_AND_ORGANIZATION_ASSIGNMENT ( #2375, #78, ( #348 ) ) ;
#4474 = LINE ( 'NONE', #1602, #3256 ) ;
#4475 = FACE_OUTER_BOUND ( 'NONE', #2404, .T. ) ;
#4476 = ORIENTED_EDGE ( 'NONE', *, *, #1717, .F. ) ;
#4477 = PRODUCT_RELATED_PRODUCT_CATEGORY ( 'detail', '', ( #3703 ) ) ;
#4478 = DIRECTION ( 'NONE',  ( 0.000000000000000000, 0.000000000000000000, 1.000000000000000000 ) ) ;
#4479 = PLANE ( 'NONE',  #4445 ) ;
#4480 = DIRECTION ( 'NONE',  ( 1.000000000000000000, 0.000000000000000000, 0.000000000000000000 ) ) ;
#4481 = DIRECTION ( 'NONE',  ( 0.000000000000000000, 1.000000000000000000, 0.000000000000000000 ) ) ;
#4482 = ORIENTED_EDGE ( 'NONE', *, *, #4017, .T. ) ;
#4483 = VERTEX_POINT ( 'NONE', #3201 ) ;
#4484 = ADVANCED_FACE ( 'NONE', ( #6007 ), #5061, .T. ) ;
#4485 = ORIENTED_EDGE ( 'NONE', *, *, #2764, .T. ) ;
#4486 =( BOUNDED_CURVE ( )  B_SPLINE_CURVE ( 3, ( #1286, #2131, #1189, #732 ),
 .UNSPECIFIED., .F., .T. ) 
 B_SPLINE_CURVE_WITH_KNOTS ( ( 4, 4 ),
 ( 4.489430574061266555, 6.283185307179586232 ),
 .UNSPECIFIED. ) 
 CURVE ( )  GEOMETRIC_REPRESENTATION_ITEM ( )  RATIONAL_B_SPLINE_CURVE ( ( 1.000000000000000000, 0.7493686509943540131, 0.7493686509943540131, 1.000000000000000000 ) ) 
 REPRESENTATION_ITEM ( '' )  );
#4487 = CARTESIAN_POINT ( 'NONE',  ( 23.29999999999999716, 126.0000000000000000, -10.00000000000000888 ) ) ;
#4488 = CARTESIAN_POINT ( 'NONE',  ( -23.69923419307301415, 126.8983853748857626, -14.49999999993405631 ) ) ;
#4489 = CARTESIAN_POINT ( 'NONE',  ( 9.099999999999997868, 83.50000000000000000, -14.50000000000000000 ) ) ;
#4490 = DIRECTION ( 'NONE',  ( 0.7071067811865476838, 0.000000000000000000, 0.7071067811865474617 ) ) ;
#4491 = CARTESIAN_POINT ( 'NONE',  ( -27.62917908278655332, 126.0000000000000000, -12.30000000000000071 ) ) ;
#4492 = CARTESIAN_POINT ( 'NONE',  ( -27.22801823378598129, 125.1730266696314828, -12.45574049609707323 ) ) ;
#4493 = ORIENTED_EDGE ( 'NONE', *, *, #4625, .F. ) ;
#4494 = VERTEX_POINT ( 'NONE', #1828 ) ;
#4495 = ORIENTED_EDGE ( 'NONE', *, *, #793, .F. ) ;
#4496 = CARTESIAN_POINT ( 'NONE',  ( -19.50000000000000355, 83.50000000000000000, -16.69999999999999929 ) ) ;
#4497 = CARTESIAN_POINT ( 'NONE',  ( 4.301462242284648241, 88.50000000000000000, -14.58019805421551496 ) ) ;
#4498 = ORIENTED_EDGE ( 'NONE', *, *, #455, .F. ) ;
#4499 = ORIENTED_EDGE ( 'NONE', *, *, #3257, .F. ) ;
#4500 = FACE_OUTER_BOUND ( 'NONE', #5505, .T. ) ;
#4501 = DIRECTION ( 'NONE',  ( 0.000000000000000000, 0.000000000000000000, 1.000000000000000000 ) ) ;
#4502 = DIRECTION ( 'NONE',  ( -1.000000000000000000, -6.672013369141589869E-16, 0.000000000000000000 ) ) ;
#4503 = CARTESIAN_POINT ( 'NONE',  ( -6.500000000000000000, 132.5000000000000000, -14.50000000000000000 ) ) ;
#4504 = AXIS2_PLACEMENT_3D ( 'NONE', #3207, #4185, #21 ) ;
#4505 = ORIENTED_EDGE ( 'NONE', *, *, #2266, .T. ) ;
#4506 = AXIS2_PLACEMENT_3D ( 'NONE', #2225, #3075, #2096 ) ;
#4507 = EDGE_CURVE ( 'NONE', #246, #481, #2722, .T. ) ;
#4508 = CARTESIAN_POINT ( 'NONE',  ( -121.8344983984421646, 126.0000000000000000, -121.8344983984421361 ) ) ;
#4509 = AXIS2_PLACEMENT_3D ( 'NONE', #1981, #2420, #3811 ) ;
#4510 = CYLINDRICAL_SURFACE ( 'NONE', #1251, 2.199999999999993516 ) ;
#4511 = VECTOR ( 'NONE', #4014, 1000.000000000000000 ) ;
#4512 = DIRECTION ( 'NONE',  ( 0.000000000000000000, 0.000000000000000000, 1.000000000000000000 ) ) ;
#4513 = ORIENTED_EDGE ( 'NONE', *, *, #2764, .F. ) ;
#4514 = VERTEX_POINT ( 'NONE', #5538 ) ;
#4515 = EDGE_CURVE ( 'NONE', #201, #668, #5033, .T. ) ;
#4516 = CIRCLE ( 'NONE', #5386, 2.200000000000007727 ) ;
#4517 = CARTESIAN_POINT ( 'NONE',  ( 8.484158673409320173, 87.39848489168858237, -13.53908152518975072 ) ) ;
#4518 = CARTESIAN_POINT ( 'NONE',  ( -25.30512757087835496, 127.2818803646643460, -15.87680785759822122 ) ) ;
#4519 = DIRECTION ( 'NONE',  ( 0.7327934916263022513, -0.6804510993672745478, 0.000000000000000000 ) ) ;
#4520 = DIRECTION ( 'NONE',  ( 0.6804510993672772123, 0.7327934916262996978, 0.000000000000000000 ) ) ;
#4521 = CIRCLE ( 'NONE', #3440, 2.300000000000001599 ) ;
#4522 = CARTESIAN_POINT ( 'NONE',  ( 4.642019126367432413, 133.5252679540873828, -13.31644019836612003 ) ) ;
#4523 = ORIENTED_EDGE ( 'NONE', *, *, #5924, .T. ) ;
#4524 = B_SPLINE_CURVE_WITH_KNOTS ( 'NONE', 3,
 ( #287, #3112, #5888, #737, #4386, #2633, #1194, #4455 ),
 .UNSPECIFIED., .F., .F.,
 ( 4, 2, 2, 4 ),
 ( 0.0004257916520139246931, 0.0007667961970654141530, 0.001107800742116903667, 0.001789809832219879443 ),
 .UNSPECIFIED. ) ;
#4525 = CIRCLE ( 'NONE', #625, 0.4000000000000027978 ) ;
#4526 = ORIENTED_EDGE ( 'NONE', *, *, #2048, .T. ) ;
#4527 = SECURITY_CLASSIFICATION ( '', '', #4610 ) ;
#4528 = AXIS2_PLACEMENT_3D ( 'NONE', #4371, #2145, #627 ) ;
#4529 = ORIENTED_EDGE ( 'NONE', *, *, #2648, .F. ) ;
#4530 = DIRECTION ( 'NONE',  ( 0.000000000000000000, 0.000000000000000000, 1.000000000000000000 ) ) ;
#4531 = CARTESIAN_POINT ( 'NONE',  ( 27.62917908278290824, 125.9999999999842686, -12.30000000000000071 ) ) ;
#4532 = VERTEX_POINT ( 'NONE', #3683 ) ;
#4533 = ADVANCED_FACE ( 'NONE', ( #431 ), #2249, .T. ) ;
#4534 = ORIENTED_EDGE ( 'NONE', *, *, #5327, .F. ) ;
#4535 = CIRCLE ( 'NONE', #1601, 8.200000000000002842 ) ;
#4536 = B_SPLINE_CURVE_WITH_KNOTS ( 'NONE', 3,
 ( #2933, #1152, #3427, #3401, #1663, #4695, #690, #4803 ),
 .UNSPECIFIED., .F., .F.,
 ( 4, 2, 2, 4 ),
 ( 0.0004257916520139578696, 0.0007667961970654415833, 0.001107800742116925351, 0.001789809832219895923 ),
 .UNSPECIFIED. ) ;
#4537 = CARTESIAN_POINT ( 'NONE',  ( 8.542705104241862912, 133.5835466984806601, -13.67199897085384031 ) ) ;
#4538 = B_SPLINE_CURVE_WITH_KNOTS ( 'NONE', 3,
 ( #2934, #762, #5499, #819, #3193, #1336, #4963, #2678, #4134, #5382, #5021, #5054, #2716, #2181 ),
 .UNSPECIFIED., .F., .F.,
 ( 4, 2, 2, 2, 2, 2, 4 ),
 ( 0.001016976514984106739, 0.001334570885089281364, 0.001652165255194455989, 0.002287353995404863352, 0.002922542735615270715, 0.003240137105720469844, 0.003557731475825668538 ),
 .UNSPECIFIED. ) ;
#4539 = DIRECTION ( 'NONE',  ( 0.000000000000000000, 0.000000000000000000, 1.000000000000000000 ) ) ;
#4540 = VECTOR ( 'NONE', #4706, 1000.000000000000114 ) ;
#4541 = CIRCLE ( 'NONE', #358, 0.8000000000000003775 ) ;
#4542 = AXIS2_PLACEMENT_3D ( 'NONE', #3720, #5098, #1407 ) ;
#4543 = DIRECTION ( 'NONE',  ( 0.000000000000000000, 0.000000000000000000, 1.000000000000000000 ) ) ;
#4544 = CARTESIAN_POINT ( 'NONE',  ( -3.487044555861588346, 130.1872804032636850, -13.79999999999999893 ) ) ;
#4545 = EDGE_LOOP ( 'NONE', ( #4379, #4833, #3411, #3709, #5555, #5896, #3810 ) ) ;
#4546 = CIRCLE ( 'NONE', #262, 0.8000000000000003775 ) ;
#4547 = VECTOR ( 'NONE', #1995, 1000.000000000000114 ) ;
#4548 = CARTESIAN_POINT ( 'NONE',  ( -23.50486833162282707, 126.5904046960895641, -13.77331358430049235 ) ) ;
#4549 = CARTESIAN_POINT ( 'NONE',  ( -2.500000000000000000, 127.5000000000000000, -13.79999999999999893 ) ) ;
#4550 = CARTESIAN_POINT ( 'NONE',  ( 2.500000000000000000, 93.50000000000000000, -13.00000000000000000 ) ) ;
#4551 = AXIS2_PLACEMENT_3D ( 'NONE', #3866, #5605, #2346 ) ;
#4552 = AXIS2_PLACEMENT_3D ( 'NONE', #910, #195, #2361 ) ;
#4553 = VERTEX_POINT ( 'NONE', #5157 ) ;
#4554 = EDGE_CURVE ( 'NONE', #2159, #1956, #1481, .T. ) ;
#4555 = ORIENTED_EDGE ( 'NONE', *, *, #5193, .F. ) ;
#4556 = EDGE_CURVE ( 'NONE', #3818, #2127, #3524, .T. ) ;
#4557 = CIRCLE ( 'NONE', #761, 2.199999999999998845 ) ;
#4558 = CIRCLE ( 'NONE', #2092, 2.199999999999998845 ) ;
#4559 = DIRECTION ( 'NONE',  ( -0.7327934916262925924, -0.6804510993672848729, 0.000000000000000000 ) ) ;
#4560 = DIRECTION ( 'NONE',  ( 0.000000000000000000, 1.000000000000000000, 0.000000000000000000 ) ) ;
#4561 = DIRECTION ( 'NONE',  ( 0.000000000000000000, 1.000000000000000000, 0.000000000000000000 ) ) ;
#4562 = ADVANCED_FACE ( 'NONE', ( #3654 ), #515, .T. ) ;
#4563 = CARTESIAN_POINT ( 'NONE',  ( -25.60179901778265332, 124.3032766948003029, -12.54785150811793493 ) ) ;
#4564 = ORIENTED_EDGE ( 'NONE', *, *, #4915, .F. ) ;
#4565 = VERTEX_POINT ( 'NONE', #4178 ) ;
#4566 = ORIENTED_EDGE ( 'NONE', *, *, #2365, .F. ) ;
#4567 = DIRECTION ( 'NONE',  ( 0.000000000000000000, 1.000000000000000000, 0.000000000000000000 ) ) ;
#4568 = FACE_OUTER_BOUND ( 'NONE', #406, .T. ) ;
#4569 = VERTEX_POINT ( 'NONE', #5127 ) ;
#4570 = ORIENTED_EDGE ( 'NONE', *, *, #2941, .F. ) ;
#4571 = EDGE_CURVE ( 'NONE', #758, #1186, #2318, .T. ) ;
#4572 = DIRECTION ( 'NONE',  ( -0.000000000000000000, -0.000000000000000000, -1.000000000000000000 ) ) ;
#4573 = CARTESIAN_POINT ( 'NONE',  ( 120.2788634798316849, 126.0000000000000568, -123.3901333170525163 ) ) ;
#4574 = CARTESIAN_POINT ( 'NONE',  ( -9.099999999999997868, 136.1999999999999886, -14.50000000000000000 ) ) ;
#4575 = DIRECTION ( 'NONE',  ( 0.000000000000000000, 0.000000000000000000, 1.000000000000000000 ) ) ;
#4576 = ORIENTED_EDGE ( 'NONE', *, *, #825, .T. ) ;
#4577 = CARTESIAN_POINT ( 'NONE',  ( 0.000000000000000000, 0.000000000000000000, 0.000000000000000000 ) ) ;
#4578 = DIRECTION ( 'NONE',  ( -0.7071067811865476838, 0.000000000000000000, -0.7071067811865474617 ) ) ;
#4579 = CARTESIAN_POINT ( 'NONE',  ( -27.49999999999999645, 126.0000000000000000, -14.50000000000000000 ) ) ;
#4580 = DIRECTION ( 'NONE',  ( 0.000000000000000000, 0.000000000000000000, 1.000000000000000000 ) ) ;
#4581 = ORIENTED_EDGE ( 'NONE', *, *, #5246, .T. ) ;
#4582 = DIRECTION ( 'NONE',  ( 0.000000000000000000, 0.000000000000000000, 1.000000000000000000 ) ) ;
#4583 = CARTESIAN_POINT ( 'NONE',  ( 9.512955444138409433, 90.81271959673630079, -13.79999999999999893 ) ) ;
#4584 = CARTESIAN_POINT ( 'NONE',  ( -8.698537757715342877, 88.50000000000000000, -14.58019805421553272 ) ) ;
#4585 = CARTESIAN_POINT ( 'NONE',  ( -4.300177057877574427, 132.7269831897738754, -14.54496619638284471 ) ) ;
#4586 = ORIENTED_EDGE ( 'NONE', *, *, #1173, .T. ) ;
#4587 = ORIENTED_EDGE ( 'NONE', *, *, #1382, .T. ) ;
#4588 = EDGE_CURVE ( 'NONE', #2845, #3246, #405, .T. ) ;
#4589 = EDGE_CURVE ( 'NONE', #2516, #2867, #5224, .T. ) ;
#4590 = CARTESIAN_POINT ( 'NONE',  ( 2.500000000000000000, 127.5000000000000000, -13.00000000000000000 ) ) ;
#4591 = ORIENTED_EDGE ( 'NONE', *, *, #789, .T. ) ;
#4592 = DIRECTION ( 'NONE',  ( 0.7071067811865466846, 0.000000000000000000, 0.7071067811865484609 ) ) ;
#4593 = DIRECTION ( 'NONE',  ( 1.000000000000000000, 0.000000000000000000, 0.000000000000000000 ) ) ;
#4594 = ORIENTED_EDGE ( 'NONE', *, *, #5528, .F. ) ;
#4595 = ORIENTED_EDGE ( 'NONE', *, *, #5813, .F. ) ;
#4596 = ADVANCED_FACE ( 'NONE', ( #4204 ), #5277, .T. ) ;
#4597 = CARTESIAN_POINT ( 'NONE',  ( 4.317371172397918677, 133.3141926439696192, -14.19302672478168148 ) ) ;
#4598 = DIRECTION ( 'NONE',  ( 0.000000000000000000, 1.000000000000000000, 0.000000000000000000 ) ) ;
#4599 = DIRECTION ( 'NONE',  ( 0.000000000000000000, 1.000000000000000000, 0.000000000000000000 ) ) ;
#4600 = FACE_OUTER_BOUND ( 'NONE', #2292, .T. ) ;
#4601 = ADVANCED_FACE ( 'NONE', ( #5567 ), #1679, .T. ) ;
#4602 = ORIENTED_EDGE ( 'NONE', *, *, #5686, .F. ) ;
#4603 = B_SPLINE_CURVE_WITH_KNOTS ( 'NONE', 3,
 ( #4488, #2065, #3507, #3113, #3929, #3968, #1650, #1265, #4518, #1195 ),
 .UNSPECIFIED., .F., .F.,
 ( 4, 2, 2, 2, 4 ),
 ( 0.008440792733730904940, 0.009048634378169558012, 0.009656476022608211085, 0.01026431766704686416, 0.01087215931148551723 ),
 .UNSPECIFIED. ) ;
#4604 = PLANE ( 'NONE',  #1515 ) ;
#4605 = CARTESIAN_POINT ( 'NONE',  ( -23.29999999999999361, 133.6000000000000227, -14.50000000000000000 ) ) ;
#4606 = DIRECTION ( 'NONE',  ( -0.7071067811865474617, 0.000000000000000000, 0.7071067811865475727 ) ) ;
#4607 = VECTOR ( 'NONE', #40, 1000.000000000000000 ) ;
#4608 = EDGE_LOOP ( 'NONE', ( #1535, #1550, #5269, #5158, #1955 ) ) ;
#4609 = AXIS2_PLACEMENT_3D ( 'NONE', #2167, #317, #5007 ) ;
#4610 = SECURITY_CLASSIFICATION_LEVEL ( 'unclassified' ) ;
#4611 = DIRECTION ( 'NONE',  ( 0.000000000000000000, 1.000000000000000000, 0.000000000000000000 ) ) ;
#4612 = AXIS2_PLACEMENT_3D ( 'NONE', #2309, #4170, #1849 ) ;
#4613 = CARTESIAN_POINT ( 'NONE',  ( -6.500000000000000000, 88.50000000000000000, -16.69999999999999929 ) ) ;
#4614 = CARTESIAN_POINT ( 'NONE',  ( -25.50000000000000000, 128.2000000000000171, -10.00000000000000888 ) ) ;
#4615 = LINE ( 'NONE', #5162, #5502 ) ;
#4616 = ORIENTED_EDGE ( 'NONE', *, *, #2203, .T. ) ;
#4617 = TOROIDAL_SURFACE ( 'NONE', #2677, 1.500000000000001776, 0.7999999999999999334 ) ;
#4618 = ORIENTED_EDGE ( 'NONE', *, *, #4399, .T. ) ;
#4619 = CARTESIAN_POINT ( 'NONE',  ( -121.8344983984421646, 127.5556349186104086, -119.6344983984421475 ) ) ;
#4620 = AXIS2_PLACEMENT_3D ( 'NONE', #2121, #2376, #2585 ) ;
#4621 = LINE ( 'NONE', #5612, #4540 ) ;
#4622 = CARTESIAN_POINT ( 'NONE',  ( 27.49999999999999645, 126.0000000000000000, -16.69999999999999929 ) ) ;
#4623 = DIRECTION ( 'NONE',  ( 0.000000000000000000, 0.000000000000000000, -1.000000000000000000 ) ) ;
#4624 = EDGE_LOOP ( 'NONE', ( #3920, #4435, #3787, #4214, #2111 ) ) ;
#4625 = EDGE_CURVE ( 'NONE', #3583, #616, #3426, .T. ) ;
#4626 = EDGE_CURVE ( 'NONE', #2946, #1191, #1570, .T. ) ;
#4627 = ORIENTED_EDGE ( 'NONE', *, *, #3065, .F. ) ;
#4628 = CIRCLE ( 'NONE', #3160, 2.300000000000001599 ) ;
#4629 = ADVANCED_FACE ( 'NONE', ( #2889 ), #2029, .T. ) ;
#4630 = AXIS2_PLACEMENT_3D ( 'NONE', #1653, #3970, #3511 ) ;
#4631 = AXIS2_PLACEMENT_3D ( 'NONE', #4577, #401, #3734 ) ;
#4632 = DIRECTION ( 'NONE',  ( -1.000000000000000000, 0.000000000000000000, 0.000000000000000000 ) ) ;
#4633 = CARTESIAN_POINT ( 'NONE',  ( -5.634569895688152030, 88.50000000000000000, -13.43417466591135856 ) ) ;
#4634 = EDGE_CURVE ( 'NONE', #5515, #2676, #1574, .T. ) ;
#4635 = ORIENTED_EDGE ( 'NONE', *, *, #5855, .T. ) ;
#4636 = CARTESIAN_POINT ( 'NONE',  ( -6.500000000000000000, 127.5000000000000000, -13.79999999999999893 ) ) ;
#4637 = CIRCLE ( 'NONE', #941, 2.300000000000002487 ) ;
#4638 = DIRECTION ( 'NONE',  ( 0.000000000000000000, -1.000000000000000000, 0.000000000000000000 ) ) ;
#4639 = CARTESIAN_POINT ( 'NONE',  ( -8.682628827602083987, 87.68580735603030973, -14.19302672478168148 ) ) ;
#4640 = DIRECTION ( 'NONE',  ( -0.000000000000000000, -0.000000000000000000, -1.000000000000000000 ) ) ;
#4641 = ADVANCED_FACE ( 'NONE', ( #212 ), #2054, .T. ) ;
#4642 = ORIENTED_EDGE ( 'NONE', *, *, #4807, .T. ) ;
#4643 = CIRCLE ( 'NONE', #741, 2.199999999999998845 ) ;
#4644 = APPROVAL_ROLE ( '' ) ;
#4645 = CARTESIAN_POINT ( 'NONE',  ( 6.500000000000000000, 90.70000000000000284, -14.59999999999999964 ) ) ;
#4646 = CARTESIAN_POINT ( 'NONE',  ( 31.55894046480676352, 126.0000000000000000, -31.55894046480676352 ) ) ;
#4647 = CARTESIAN_POINT ( 'NONE',  ( -2.500000000000000000, 129.7109646337065954, -13.79999999999999893 ) ) ;
#4648 = CIRCLE ( 'NONE', #2000, 2.200000000000000622 ) ;
#4649 = AXIS2_PLACEMENT_3D ( 'NONE', #4104, #3158, #856 ) ;
#4650 = EDGE_CURVE ( 'NONE', #3456, #1993, #3626, .T. ) ;
#4651 = DIRECTION ( 'NONE',  ( 0.000000000000000000, 1.000000000000000000, 0.000000000000000000 ) ) ;
#4652 = ORIENTED_EDGE ( 'NONE', *, *, #5893, .F. ) ;
#4653 = AXIS2_PLACEMENT_3D ( 'NONE', #3989, #3036, #5334 ) ;
#4654 = VERTEX_POINT ( 'NONE', #667 ) ;
#4655 = AXIS2_PLACEMENT_3D ( 'NONE', #3176, #4560, #408 ) ;
#4656 = VERTEX_POINT ( 'NONE', #104 ) ;
#4657 = CIRCLE ( 'NONE', #3474, 2.199999999999993516 ) ;
#4658 = LINE ( 'NONE', #5639, #1992 ) ;
#4659 = ORIENTED_EDGE ( 'NONE', *, *, #2034, .F. ) ;
#4660 = ORIENTED_EDGE ( 'NONE', *, *, #1050, .T. ) ;
#4661 = CARTESIAN_POINT ( 'NONE',  ( -6.500000000000000000, 132.5000000000000000, -13.79999999999999893 ) ) ;
#4662 = DIRECTION ( 'NONE',  ( -0.2202608714346437346, 0.000000000000000000, -0.9754410020677064530 ) ) ;
#4663 = EDGE_CURVE ( 'NONE', #4849, #388, #516, .T. ) ;
#4664 = CARTESIAN_POINT ( 'NONE',  ( -10.50000000000000000, 93.50000000000000000, -14.59999999999999964 ) ) ;
#4665 = CARTESIAN_POINT ( 'NONE',  ( 4.300000000000001599, 133.5999999999999943, -14.50000000000000000 ) ) ;
#4666 = EDGE_CURVE ( 'NONE', #4426, #5866, #3912, .T. ) ;
#4667 = VERTEX_POINT ( 'NONE', #4755 ) ;
#4668 = EDGE_CURVE ( 'NONE', #4801, #517, #2060, .T. ) ;
#4669 = DIRECTION ( 'NONE',  ( 0.000000000000000000, -1.000000000000000000, 0.000000000000000000 ) ) ;
#4670 = DIRECTION ( 'NONE',  ( 1.000000000000000000, 0.000000000000000000, 0.000000000000000000 ) ) ;
#4671 = DIRECTION ( 'NONE',  ( 0.7071067811865483499, 0.000000000000000000, 0.7071067811865469066 ) ) ;
#4672 = LINE ( 'NONE', #984, #5863 ) ;
#4673 = PERSON_AND_ORGANIZATION_ROLE ( 'creator' ) ;
#4674 = CARTESIAN_POINT ( 'NONE',  ( 4.515992098925979192, 87.39853696641408476, -13.53881548668822354 ) ) ;
#4675 = DIRECTION ( 'NONE',  ( 0.000000000000000000, 1.000000000000000000, 0.000000000000000000 ) ) ;
#4676 = DIRECTION ( 'NONE',  ( 0.000000000000000000, 0.000000000000000000, 1.000000000000000000 ) ) ;
#4677 = CARTESIAN_POINT ( 'NONE',  ( 5.634569895688172458, 132.5000000000000000, -13.79999999999999893 ) ) ;
#4678 = EDGE_CURVE ( 'NONE', #1956, #4462, #3817, .T. ) ;
#4679 = VERTEX_POINT ( 'NONE', #1488 ) ;
#4680 = ORIENTED_EDGE ( 'NONE', *, *, #3530, .F. ) ;
#4681 = DIRECTION ( 'NONE',  ( 0.000000000000000000, 0.000000000000000000, 1.000000000000000000 ) ) ;
#4682 = DIRECTION ( 'NONE',  ( 0.000000000000000000, 1.000000000000000000, 0.000000000000000000 ) ) ;
#4683 = VERTEX_POINT ( 'NONE', #3347 ) ;
#4684 = EDGE_LOOP ( 'NONE', ( #4660, #4940 ) ) ;
#4685 = CARTESIAN_POINT ( 'NONE',  ( 25.50000000000000000, 126.0000000000000000, 23.01471862576142868 ) ) ;
#4686 = DIRECTION ( 'NONE',  ( 0.000000000000000000, 1.000000000000000000, 0.000000000000000000 ) ) ;
#4687 = CARTESIAN_POINT ( 'NONE',  ( -27.49999999999999645, 126.0000000000000000, -14.50000000000000000 ) ) ;
#4688 = DIRECTION ( 'NONE',  ( 0.000000000000000000, 0.000000000000000000, 1.000000000000000000 ) ) ;
#4689 = ORIENTED_EDGE ( 'NONE', *, *, #3826, .F. ) ;
#4690 = DIRECTION ( 'NONE',  ( 0.000000000000000000, 1.000000000000000000, 0.000000000000000000 ) ) ;
#4691 = LINE ( 'NONE', #38, #272 ) ;
#4692 = DIRECTION ( 'NONE',  ( 0.000000000000000000, -1.000000000000000000, 0.000000000000000000 ) ) ;
#4693 = CARTESIAN_POINT ( 'NONE',  ( -2.500000000000000000, 93.50000000000000000, -13.79999999999999893 ) ) ;
#4694 = ORIENTED_EDGE ( 'NONE', *, *, #5855, .F. ) ;
#4695 = CARTESIAN_POINT ( 'NONE',  ( -4.296210412622584407, 88.05374763128629922, -14.46127107086121022 ) ) ;
#4696 = AXIS2_PLACEMENT_3D ( 'NONE', #4647, #5161, #4676 ) ;
#4697 = FACE_OUTER_BOUND ( 'NONE', #3704, .T. ) ;
#4698 = CARTESIAN_POINT ( 'NONE',  ( 27.69999999999999929, 126.0000000000000000, 23.01471862576142868 ) ) ;
#4699 = CARTESIAN_POINT ( 'NONE',  ( -8.223911685373746394, 87.59922486358151161, -13.13320502597066053 ) ) ;
#4700 = EDGE_CURVE ( 'NONE', #3702, #4414, #1070, .T. ) ;
#4701 = ORIENTED_EDGE ( 'NONE', *, *, #1198, .F. ) ;
#4702 = AXIS2_PLACEMENT_3D ( 'NONE', #1747, #5342, #3577 ) ;
#4703 = VERTEX_POINT ( 'NONE', #3831 ) ;
#4704 = AXIS2_PLACEMENT_3D ( 'NONE', #2280, #4146, #3747 ) ;
#4705 = DIRECTION ( 'NONE',  ( 0.000000000000000000, 1.000000000000000000, 0.000000000000000000 ) ) ;
#4706 = DIRECTION ( 'NONE',  ( -0.6804510993672788777, 0.7327934916262981435, 0.000000000000000000 ) ) ;
#4707 = TOROIDAL_SURFACE ( 'NONE', #713, 4.000000000000000000, 2.199999999999999734 ) ;
#4708 = DIRECTION ( 'NONE',  ( 0.000000000000000000, 0.000000000000000000, 1.000000000000000000 ) ) ;
#4709 = ORIENTED_EDGE ( 'NONE', *, *, #339, .T. ) ;
#4710 = EDGE_LOOP ( 'NONE', ( #1929, #3470, #2227, #3303, #2547 ) ) ;
#4711 = ORIENTED_EDGE ( 'NONE', *, *, #2342, .F. ) ;
#4712 = TOROIDAL_SURFACE ( 'NONE', #2069, 4.000000000000003553, 2.199999999999999734 ) ;
#4713 = DIRECTION ( 'NONE',  ( 1.000000000000000000, 0.000000000000000000, 0.000000000000000000 ) ) ;
#4714 = DIRECTION ( 'NONE',  ( 1.000000000000000000, -6.672013369141552398E-16, 0.000000000000000000 ) ) ;
#4715 = CARTESIAN_POINT ( 'NONE',  ( -2.900809762560553562, 90.26835871724247795, -13.79999999999999893 ) ) ;
#4716 = CARTESIAN_POINT ( 'NONE',  ( 26.84780971443768749, 127.8422228060181993, -15.64792500037636636 ) ) ;
#4717 = ORIENTED_EDGE ( 'NONE', *, *, #2134, .F. ) ;
#4718 = AXIS2_PLACEMENT_3D ( 'NONE', #398, #2769, #1363 ) ;
#4719 =( BOUNDED_CURVE ( )  B_SPLINE_CURVE ( 3, ( #4312, #3289, #148, #3773 ),
 .UNSPECIFIED., .F., .T. ) 
 B_SPLINE_CURVE_WITH_KNOTS ( ( 4, 4 ),
 ( 0.000000000000000000, 1.276706400021178078 ),
 .UNSPECIFIED. ) 
 CURVE ( )  GEOMETRIC_REPRESENTATION_ITEM ( )  RATIONAL_B_SPLINE_CURVE ( ( 1.000000000000000000, 0.8687187541764374021, 0.8687187541764374021, 1.000000000000000000 ) ) 
 REPRESENTATION_ITEM ( '' )  );
#4720 = DIRECTION ( 'NONE',  ( -0.000000000000000000, -0.000000000000000000, -1.000000000000000000 ) ) ;
#4721 = DIRECTION ( 'NONE',  ( 0.000000000000000000, 0.000000000000000000, -1.000000000000000000 ) ) ;
#4722 = CARTESIAN_POINT ( 'NONE',  ( 27.69999999999999929, 126.0000000000000000, -10.00000000000000888 ) ) ;
#4723 = CARTESIAN_POINT ( 'NONE',  ( -22.90000000000000213, 136.1999999999999886, -14.50000000000000000 ) ) ;
#4724 = VERTEX_POINT ( 'NONE', #606 ) ;
#4725 = AXIS2_PLACEMENT_3D ( 'NONE', #1898, #2423, #4221 ) ;
#4726 = DIRECTION ( 'NONE',  ( 0.000000000000000000, 0.000000000000000000, -1.000000000000000000 ) ) ;
#4727 = CARTESIAN_POINT ( 'NONE',  ( 23.50486833162282707, 126.5904046960895641, -13.77331358430049235 ) ) ;
#4728 = FACE_OUTER_BOUND ( 'NONE', #4862, .T. ) ;
#4729 = AXIS2_PLACEMENT_3D ( 'NONE', #2568, #1983, #4422 ) ;
#4730 = ADVANCED_FACE ( 'NONE', ( #5746 ), #2257, .T. ) ;
#4731 = CIRCLE ( 'NONE', #5307, 6.200000000000001066 ) ;
#4732 = CIRCLE ( 'NONE', #5025, 2.199999999999998845 ) ;
#4733 = ORIENTED_EDGE ( 'NONE', *, *, #4428, .T. ) ;
#4734 = EDGE_CURVE ( 'NONE', #1993, #4060, #230, .T. ) ;
#4735 = ORIENTED_EDGE ( 'NONE', *, *, #4938, .F. ) ;
#4736 = CIRCLE ( 'NONE', #3661, 2.200000000000000622 ) ;
#4737 = AXIS2_PLACEMENT_3D ( 'NONE', #1599, #3028, #4898 ) ;
#4738 = EDGE_CURVE ( 'NONE', #5955, #3818, #3337, .T. ) ;
#4739 = DIRECTION ( 'NONE',  ( 0.000000000000000000, -1.000000000000000000, 0.000000000000000000 ) ) ;
#4740 = CARTESIAN_POINT ( 'NONE',  ( -6.500000000000000000, 132.5000000000000000, -14.50000000000000000 ) ) ;
#4741 = ORIENTED_EDGE ( 'NONE', *, *, #5924, .F. ) ;
#4742 = FACE_OUTER_BOUND ( 'NONE', #2924, .T. ) ;
#4743 = VERTEX_POINT ( 'NONE', #5264 ) ;
#4744 = AXIS2_PLACEMENT_3D ( 'NONE', #3536, #4850, #677 ) ;
#4745 = VERTEX_POINT ( 'NONE', #1091 ) ;
#4746 = AXIS2_PLACEMENT_3D ( 'NONE', #404, #1793, #1345 ) ;
#4747 = CARTESIAN_POINT ( 'NONE',  ( -6.500000000000000000, 90.70000000000000284, -13.79999999999999893 ) ) ;
#4748 = DIRECTION ( 'NONE',  ( 0.000000000000000000, 1.000000000000000000, 0.000000000000000000 ) ) ;
#4749 = DIRECTION ( 'NONE',  ( 0.000000000000000000, -0.000000000000000000, 1.000000000000000000 ) ) ;
#4750 = EDGE_CURVE ( 'NONE', #4172, #4743, #3034, .T. ) ;
#4751 = ORIENTED_EDGE ( 'NONE', *, *, #4083, .T. ) ;
#4752 = CARTESIAN_POINT ( 'NONE',  ( 9.099999999999997868, 83.50000000000000000, -14.50000000000000000 ) ) ;
#4753 = CARTESIAN_POINT ( 'NONE',  ( 10.50000000000000000, 93.50000000000000000, -14.59999999999999964 ) ) ;
#4754 = FACE_OUTER_BOUND ( 'NONE', #5141, .T. ) ;
#4755 = CARTESIAN_POINT ( 'NONE',  ( -8.699999999999999289, 86.10000000000000853, -14.50000000000000000 ) ) ;
#4756 = VERTEX_POINT ( 'NONE', #3432 ) ;
#4757 = CYLINDRICAL_SURFACE ( 'NONE', #5513, 0.8000000000000003775 ) ;
#4758 = DIRECTION ( 'NONE',  ( 0.000000000000000000, 0.000000000000000000, 1.000000000000000000 ) ) ;
#4759 = DIRECTION ( 'NONE',  ( -0.7327934916262925924, 0.6804510993672848729, 0.000000000000000000 ) ) ;
#4760 = ORIENTED_EDGE ( 'NONE', *, *, #6017, .F. ) ;
#4761 = ORIENTED_EDGE ( 'NONE', *, *, #154, .T. ) ;
#4762 = CYLINDRICAL_SURFACE ( 'NONE', #5092, 2.199999999999993516 ) ;
#4763 = CARTESIAN_POINT ( 'NONE',  ( 4.000000000000000000, 91.28903536629340465, -13.79999999999999893 ) ) ;
#4764 = FACE_OUTER_BOUND ( 'NONE', #5394, .T. ) ;
#4765 = DIRECTION ( 'NONE',  ( -1.000000000000000000, 0.000000000000000000, 0.000000000000000000 ) ) ;
#4766 = ORIENTED_EDGE ( 'NONE', *, *, #5763, .T. ) ;
#4767 = EDGE_CURVE ( 'NONE', #4194, #2127, #2973, .T. ) ;
#4768 = VERTEX_POINT ( 'NONE', #3003 ) ;
#4769 = EDGE_CURVE ( 'NONE', #4462, #3388, #522, .T. ) ;
#4770 = DIRECTION ( 'NONE',  ( 0.000000000000000000, 0.000000000000000000, 1.000000000000000000 ) ) ;
#4771 = CARTESIAN_POINT ( 'NONE',  ( 9.512955444138407657, 130.1872804032636850, -13.79999999999999893 ) ) ;
#4772 = ADVANCED_FACE ( 'NONE', ( #4902 ), #796, .T. ) ;
#4773 = ORIENTED_EDGE ( 'NONE', *, *, #2235, .F. ) ;
#4774 = DIRECTION ( 'NONE',  ( 0.000000000000000000, 0.000000000000000000, 1.000000000000000000 ) ) ;
#4775 = EDGE_CURVE ( 'NONE', #561, #5787, #4867, .T. ) ;
#4776 = CARTESIAN_POINT ( 'NONE',  ( 121.8344983984421503, 142.5000000000000000, 119.6344983984421617 ) ) ;
#4777 = LINE ( 'NONE', #4722, #3742 ) ;
#4778 = DIRECTION ( 'NONE',  ( 0.000000000000000000, 0.000000000000000000, 1.000000000000000000 ) ) ;
#4779 = ORIENTED_EDGE ( 'NONE', *, *, #402, .T. ) ;
#4780 = CARTESIAN_POINT ( 'NONE',  ( 8.413995776783909974, 133.5772817927279164, -13.41527876094667349 ) ) ;
#4781 = CARTESIAN_POINT ( 'NONE',  ( 24.52256096461681523, 124.4388970760427924, -12.29566370864733393 ) ) ;
#4782 = TOROIDAL_SURFACE ( 'NONE', #128, 4.000000000000007105, 2.199999999999998845 ) ;
#4783 = CARTESIAN_POINT ( 'NONE',  ( -6.500000000000000000, 132.5000000000000000, -12.30000000000000249 ) ) ;
#4784 = VERTEX_POINT ( 'NONE', #2126 ) ;
#4785 = VERTEX_POINT ( 'NONE', #694 ) ;
#4786 = DIRECTION ( 'NONE',  ( -0.6804510993672772123, -0.7327934916262996978, 0.000000000000000000 ) ) ;
#4787 = LINE ( 'NONE', #1472, #2859 ) ;
#4788 = PLANE ( 'NONE',  #5324 ) ;
#4789 = CIRCLE ( 'NONE', #1443, 0.8000000000000003775 ) ;
#4790 = DIRECTION ( 'NONE',  ( 1.000000000000000000, 0.000000000000000000, 0.000000000000000000 ) ) ;
#4791 = EDGE_LOOP ( 'NONE', ( #3973, #5850, #49, #4717 ) ) ;
#4792 = CIRCLE ( 'NONE', #5090, 2.199999999999998845 ) ;
#4793 = VERTEX_POINT ( 'NONE', #4544 ) ;
#4794 = CIRCLE ( 'NONE', #513, 2.199999999999998845 ) ;
#4795 = AXIS2_PLACEMENT_3D ( 'NONE', #4050, #1280, #3130 ) ;
#4796 = DIRECTION ( 'NONE',  ( 0.7071067811865475727, 0.000000000000000000, 0.7071067811865475727 ) ) ;
#4797 = DIRECTION ( 'NONE',  ( -0.000000000000000000, -1.000000000000000000, -0.000000000000000000 ) ) ;
#4798 = CARTESIAN_POINT ( 'NONE',  ( 34.38736758955295869, 126.0000000000000000, -28.73051334006057544 ) ) ;
#4799 = EDGE_CURVE ( 'NONE', #4553, #2160, #1185, .T. ) ;
#4800 = EDGE_CURVE ( 'NONE', #1656, #2940, #5195, .T. ) ;
#4801 = VERTEX_POINT ( 'NONE', #822 ) ;
#4802 = VECTOR ( 'NONE', #4397, 1000.000000000000114 ) ;
#4803 = CARTESIAN_POINT ( 'NONE',  ( -4.301462242284648241, 88.50000000000000000, -14.58019805421551318 ) ) ;
#4804 = CARTESIAN_POINT ( 'NONE',  ( 9.099999999999997868, 133.5999999999999943, -14.50000000000000000 ) ) ;
#4805 = EDGE_CURVE ( 'NONE', #4514, #4785, #5869, .T. ) ;
#4806 = CARTESIAN_POINT ( 'NONE',  ( 6.500000000000000000, 130.3000000000000114, -13.79999999999999893 ) ) ;
#4807 = EDGE_CURVE ( 'NONE', #5874, #969, #1878, .T. ) ;
#4808 = AXIS2_PLACEMENT_3D ( 'NONE', #1318, #4242, #2835 ) ;
#4809 = CARTESIAN_POINT ( 'NONE',  ( 121.8344983984421077, 142.5000000000000000, -121.8344983984421646 ) ) ;
#4810 = DIRECTION ( 'NONE',  ( 0.000000000000000000, -1.000000000000000000, 0.000000000000000000 ) ) ;
#4811 = AXIS2_PLACEMENT_3D ( 'NONE', #1882, #4692, #103 ) ;
#4812 = EDGE_LOOP ( 'NONE', ( #5251, #5527, #3799, #2531 ) ) ;
#4813 = TOROIDAL_SURFACE ( 'NONE', #2866, 4.000000000000000000, 2.199999999999999734 ) ;
#4814 = FACE_OUTER_BOUND ( 'NONE', #2267, .T. ) ;
#4815 = CARTESIAN_POINT ( 'NONE',  ( 23.62558529113950812, 126.8412395591123953, -14.31985146836866463 ) ) ;
#4816 = ORIENTED_EDGE ( 'NONE', *, *, #1717, .T. ) ;
#4817 = VERTEX_POINT ( 'NONE', #3985 ) ;
#4818 = EDGE_LOOP ( 'NONE', ( #1661, #1613, #2609, #2456, #753, #4374 ) ) ;
#4819 = CARTESIAN_POINT ( 'NONE',  ( 4.859310793871714829, 132.5000000000000000, -13.03434692751179469 ) ) ;
#4820 = CARTESIAN_POINT ( 'NONE',  ( -121.8344983984421646, 142.5000000000000000, -121.8344983984421361 ) ) ;
#4821 = CIRCLE ( 'NONE', #2876, 0.8000000000000003775 ) ;
#4822 = DIRECTION ( 'NONE',  ( 0.2202608714346437624, 0.000000000000000000, -0.9754410020677064530 ) ) ;
#4823 = CARTESIAN_POINT ( 'NONE',  ( -9.099999999999997868, 83.50000000000000000, -12.30000000000000249 ) ) ;
#4824 = DIRECTION ( 'NONE',  ( -0.000000000000000000, -1.000000000000000000, -0.000000000000000000 ) ) ;
#4825 = ORIENTED_EDGE ( 'NONE', *, *, #3945, .T. ) ;
#4826 = ORIENTED_EDGE ( 'NONE', *, *, #1292, .T. ) ;
#4827 = CIRCLE ( 'NONE', #5698, 0.8000000000000003775 ) ;
#4828 = CARTESIAN_POINT ( 'NONE',  ( 8.698537757715351759, 132.5000000000000000, -14.58019805421551496 ) ) ;
#4829 = CIRCLE ( 'NONE', #2207, 2.199999999999998845 ) ;
#4830 = VECTOR ( 'NONE', #5484, 1000.000000000000114 ) ;
#4831 = DIRECTION ( 'NONE',  ( 0.7071067811865475727, 0.000000000000000000, -0.7071067811865475727 ) ) ;
#4832 = CARTESIAN_POINT ( 'NONE',  ( 3.487044555861588346, 130.1872804032636850, -13.79999999999999893 ) ) ;
#4833 = ORIENTED_EDGE ( 'NONE', *, *, #4799, .T. ) ;
#4834 = ORIENTED_EDGE ( 'NONE', *, *, #3766, .T. ) ;
#4835 = CIRCLE ( 'NONE', #1048, 4.800000000000000711 ) ;
#4836 = CARTESIAN_POINT ( 'NONE',  ( 27.68713393864098649, 127.8859512312791935, -13.35581120173950431 ) ) ;
#4837 = FACE_OUTER_BOUND ( 'NONE', #4192, .T. ) ;
#4838 = DIRECTION ( 'NONE',  ( 0.000000000000000000, 0.000000000000000000, 1.000000000000000000 ) ) ;
#4839 = EDGE_CURVE ( 'NONE', #3496, #3180, #5281, .T. ) ;
#4840 = CARTESIAN_POINT ( 'NONE',  ( -22.90000000000000213, 136.1999999999999886, -12.30000000000000249 ) ) ;
#4841 = DIRECTION ( 'NONE',  ( 0.6804510993672802099, 0.7327934916262970333, 0.000000000000000000 ) ) ;
#4842 = EDGE_LOOP ( 'NONE', ( #4485, #1088, #5529, #4591, #1850, #5534, #4618, #4954 ) ) ;
#4843 = EDGE_CURVE ( 'NONE', #3151, #5258, #1970, .T. ) ;
#4844 = ADVANCED_FACE ( 'NONE', ( #1667 ), #3521, .T. ) ;
#4845 = DIRECTION ( 'NONE',  ( 0.000000000000000000, 0.000000000000000000, 1.000000000000000000 ) ) ;
#4846 = CARTESIAN_POINT ( 'NONE',  ( 24.04218987743395530, 124.8145093703847266, -12.34588856724065664 ) ) ;
#4847 = ORIENTED_EDGE ( 'NONE', *, *, #1608, .F. ) ;
#4848 = EDGE_LOOP ( 'NONE', ( #5268, #3840, #2572, #85 ) ) ;
#4849 = VERTEX_POINT ( 'NONE', #765 ) ;
#4850 = DIRECTION ( 'NONE',  ( 0.000000000000000000, 0.000000000000000000, 1.000000000000000000 ) ) ;
#4851 = DIRECTION ( 'NONE',  ( 0.000000000000000000, 1.000000000000000000, 0.000000000000000000 ) ) ;
#4852 = DIRECTION ( 'NONE',  ( 0.000000000000000000, 0.000000000000000000, 1.000000000000000000 ) ) ;
#4853 = ADVANCED_FACE ( 'NONE', ( #304, #2622 ), #4966, .F. ) ;
#4854 = DIRECTION ( 'NONE',  ( -0.2202608714346437346, 0.000000000000000000, 0.9754410020677064530 ) ) ;
#4855 = CARTESIAN_POINT ( 'NONE',  ( 23.50000000000000000, 122.0000000000000000, -14.50000000000000000 ) ) ;
#4856 = ORIENTED_EDGE ( 'NONE', *, *, #5010, .F. ) ;
#4857 = ORIENTED_EDGE ( 'NONE', *, *, #5653, .F. ) ;
#4858 = CARTESIAN_POINT ( 'NONE',  ( 30.52740146318887682, 126.0000000000000000, -17.67620869714771814 ) ) ;
#4859 = CIRCLE ( 'NONE', #3695, 2.199999999999998845 ) ;
#4860 = DIRECTION ( 'NONE',  ( 0.000000000000000000, 0.000000000000000000, 1.000000000000000000 ) ) ;
#4861 = VERTEX_POINT ( 'NONE', #336 ) ;
#4862 = EDGE_LOOP ( 'NONE', ( #2625, #5926, #824, #2147 ) ) ;
#4863 = CARTESIAN_POINT ( 'NONE',  ( 27.69043581250805985, 127.0792461521262311, -12.57619601728118752 ) ) ;
#4864 = CARTESIAN_POINT ( 'NONE',  ( 34.81934187228678468, 126.0000000000000000, -18.64535653146014482 ) ) ;
#4865 = CARTESIAN_POINT ( 'NONE',  ( -10.50000000000000000, 129.7109646337065954, -14.59999999999999964 ) ) ;
#4866 = DIRECTION ( 'NONE',  ( 0.000000000000000000, 0.000000000000000000, 1.000000000000000000 ) ) ;
#4867 = LINE ( 'NONE', #5385, #4511 ) ;
#4868 = ORIENTED_EDGE ( 'NONE', *, *, #2009, .F. ) ;
#4869 =( BOUNDED_CURVE ( )  B_SPLINE_CURVE ( 3, ( #2511, #567, #5665, #5732 ),
 .UNSPECIFIED., .F., .T. ) 
 B_SPLINE_CURVE_WITH_KNOTS ( ( 4, 4 ),
 ( 1.570796326794896558, 3.926990816987239619 ),
 .UNSPECIFIED. ) 
 CURVE ( )  GEOMETRIC_REPRESENTATION_ITEM ( )  RATIONAL_B_SPLINE_CURVE ( ( 1.000000000000000000, 0.5884556215767270393, 0.5884556215767270393, 1.000000000000000000 ) ) 
 REPRESENTATION_ITEM ( '' )  );
#4870 = DIRECTION ( 'NONE',  ( -1.000000000000000000, 0.000000000000000000, 0.000000000000000000 ) ) ;
#4871 = DIRECTION ( 'NONE',  ( -1.000000000000000000, 0.000000000000000000, 0.000000000000000000 ) ) ;
#4872 = DIRECTION ( 'NONE',  ( 0.000000000000000000, 1.000000000000000000, 0.000000000000000000 ) ) ;
#4873 = ADVANCED_FACE ( 'NONE', ( #4475 ), #2185, .T. ) ;
#4874 = ORIENTED_EDGE ( 'NONE', *, *, #950, .T. ) ;
#4875 = EDGE_CURVE ( 'NONE', #1899, #4098, #5115, .T. ) ;
#4876 = EDGE_LOOP ( 'NONE', ( #4555, #1624, #3322, #3926 ) ) ;
#4877 = ORIENTED_EDGE ( 'NONE', *, *, #5327, .T. ) ;
#4878 = CARTESIAN_POINT ( 'NONE',  ( 6.500000000000000000, 132.5000000000000000, -14.50000000000000000 ) ) ;
#4879 = DIRECTION ( 'NONE',  ( -0.000000000000000000, -0.000000000000000000, -1.000000000000000000 ) ) ;
#4880 = CARTESIAN_POINT ( 'NONE',  ( -8.484158673409325502, 133.6015151083114176, -13.53908152518977737 ) ) ;
#4881 = EDGE_CURVE ( 'NONE', #3104, #3388, #818, .T. ) ;
#4882 = CARTESIAN_POINT ( 'NONE',  ( 6.500000000000000000, 86.10000000000000853, -14.50000000000000000 ) ) ;
#4883 = ADVANCED_FACE ( 'NONE', ( #4992, #3616 ), #399, .T. ) ;
#4884 = CYLINDRICAL_SURFACE ( 'NONE', #71, 0.8000000000000003775 ) ;
#4885 = VERTEX_POINT ( 'NONE', #4665 ) ;
#4886 = ORIENTED_EDGE ( 'NONE', *, *, #5695, .T. ) ;
#4887 = AXIS2_PLACEMENT_3D ( 'NONE', #133, #5749, #3836 ) ;
#4888 = CARTESIAN_POINT ( 'NONE',  ( 8.155778688305790780, 87.71636163084198756, -13.04727021348103477 ) ) ;
#4889 = EDGE_CURVE ( 'NONE', #2618, #587, #4896, .T. ) ;
#4890 = VECTOR ( 'NONE', #4352, 1000.000000000000000 ) ;
#4891 = DIRECTION ( 'NONE',  ( 0.000000000000000000, 0.000000000000000000, 1.000000000000000000 ) ) ;
#4892 = FACE_OUTER_BOUND ( 'NONE', #1117, .T. ) ;
#4893 = VERTEX_POINT ( 'NONE', #4081 ) ;
#4894 = ORIENTED_EDGE ( 'NONE', *, *, #5653, .T. ) ;
#4895 = AXIS2_PLACEMENT_3D ( 'NONE', #704, #5922, #1681 ) ;
#4896 = CIRCLE ( 'NONE', #918, 2.199999999999998845 ) ;
#4897 = CARTESIAN_POINT ( 'NONE',  ( -2.500000000000000000, 91.28903536629340465, -13.00000000000000000 ) ) ;
#4898 = DIRECTION ( 'NONE',  ( 0.000000000000000000, 0.000000000000000000, 1.000000000000000000 ) ) ;
#4899 = B_SPLINE_CURVE_WITH_KNOTS ( 'NONE', 3,
 ( #781, #3209, #5949, #1773, #3179, #2729, #4585, #2608 ),
 .UNSPECIFIED., .F., .F.,
 ( 4, 2, 2, 4 ),
 ( 0.0004257916520138986180, 0.0007667961970653870479, 0.001107800742116875478, 0.001789809832219849302 ),
 .UNSPECIFIED. ) ;
#4900 = DIRECTION ( 'NONE',  ( 0.000000000000000000, 0.000000000000000000, 1.000000000000000000 ) ) ;
#4901 = CARTESIAN_POINT ( 'NONE',  ( 19.50000000000000355, 83.50000000000000000, -14.50000000000000000 ) ) ;
#4902 = FACE_OUTER_BOUND ( 'NONE', #1380, .T. ) ;
#4903 = AXIS2_PLACEMENT_3D ( 'NONE', #2802, #2272, #4575 ) ;
#4904 = VERTEX_POINT ( 'NONE', #977 ) ;
#4905 = AXIS2_PLACEMENT_3D ( 'NONE', #5442, #757, #5902 ) ;
#4906 = DIRECTION ( 'NONE',  ( 0.000000000000000000, 0.000000000000000000, 1.000000000000000000 ) ) ;
#4907 = CARTESIAN_POINT ( 'NONE',  ( 122.9720391619164985, 126.5912744245423198, 119.8607693246956956 ) ) ;
#4908 = CARTESIAN_POINT ( 'NONE',  ( -27.69999999999999929, 126.0000000000000000, -10.00000000000000888 ) ) ;
#4909 = ORIENTED_EDGE ( 'NONE', *, *, #5658, .F. ) ;
#4910 = ORIENTED_EDGE ( 'NONE', *, *, #4881, .T. ) ;
#4911 = AXIS2_PLACEMENT_3D ( 'NONE', #871, #6013, #5483 ) ;
#4912 = ORIENTED_EDGE ( 'NONE', *, *, #1980, .T. ) ;
#4913 = DIRECTION ( 'NONE',  ( 0.000000000000000000, 1.000000000000000000, 0.000000000000000000 ) ) ;
#4914 = DIRECTION ( 'NONE',  ( 0.000000000000000000, 0.000000000000000000, -1.000000000000000000 ) ) ;
#4915 = EDGE_CURVE ( 'NONE', #4745, #5258, #2718, .T. ) ;
#4916 = CARTESIAN_POINT ( 'NONE',  ( -8.585665361461419565, 133.5372818060903342, -13.79999999999999716 ) ) ;
#4917 = AXIS2_PLACEMENT_3D ( 'NONE', #3084, #1682, #1621 ) ;
#4918 = DIRECTION ( 'NONE',  ( 0.7071067811865467956, 0.000000000000000000, -0.7071067811865484609 ) ) ;
#4919 = EDGE_CURVE ( 'NONE', #1709, #2240, #1101, .T. ) ;
#4920 = AXIS2_PLACEMENT_3D ( 'NONE', #3023, #1148, #1085 ) ;
#4921 = DIRECTION ( 'NONE',  ( 0.000000000000000000, 0.000000000000000000, -1.000000000000000000 ) ) ;
#4922 = ORIENTED_EDGE ( 'NONE', *, *, #5470, .T. ) ;
#4923 = EDGE_LOOP ( 'NONE', ( #1585, #5630, #3865, #3923, #3502, #5935 ) ) ;
#4924 = EDGE_CURVE ( 'NONE', #1164, #1769, #1341, .T. ) ;
#4925 = AXIS2_PLACEMENT_3D ( 'NONE', #970, #3815, #2819 ) ;
#4926 = ORIENTED_EDGE ( 'NONE', *, *, #490, .T. ) ;
#4927 = PLANE ( 'NONE',  #2389 ) ;
#4928 = DIRECTION ( 'NONE',  ( -0.6804510993672792107, 0.7327934916262980325, 0.000000000000000000 ) ) ;
#4929 = ORIENTED_EDGE ( 'NONE', *, *, #5398, .T. ) ;
#4930 = VECTOR ( 'NONE', #692, 1000.000000000000000 ) ;
#4931 = CIRCLE ( 'NONE', #2294, 2.199999999999998845 ) ;
#4932 = ORIENTED_EDGE ( 'NONE', *, *, #307, .T. ) ;
#4933 = DIRECTION ( 'NONE',  ( -0.2202608714346431795, 0.000000000000000000, -0.9754410020677067861 ) ) ;
#4934 = CIRCLE ( 'NONE', #2301, 2.199999999999999289 ) ;
#4935 = CARTESIAN_POINT ( 'NONE',  ( -120.2788634798317418, 126.0000000000000000, 123.3901333170525589 ) ) ;
#4936 = FACE_OUTER_BOUND ( 'NONE', #5933, .T. ) ;
#4937 = DIRECTION ( 'NONE',  ( 0.000000000000000000, 0.000000000000000000, 1.000000000000000000 ) ) ;
#4938 = EDGE_CURVE ( 'NONE', #380, #2507, #2368, .T. ) ;
#4939 = AXIS2_PLACEMENT_3D ( 'NONE', #4942, #4448, #5389 ) ;
#4940 = ORIENTED_EDGE ( 'NONE', *, *, #564, .T. ) ;
#4941 = AXIS2_PLACEMENT_3D ( 'NONE', #482, #4195, #4713 ) ;
#4942 = CARTESIAN_POINT ( 'NONE',  ( 27.49999999999999645, 126.0000000000000000, -14.50000000000000000 ) ) ;
#4943 = VECTOR ( 'NONE', #1039, 1000.000000000000000 ) ;
#4944 = CARTESIAN_POINT ( 'NONE',  ( 6.500000000000000000, 132.5000000000000000, -14.50000000000000000 ) ) ;
#4945 = ORIENTED_EDGE ( 'NONE', *, *, #4151, .T. ) ;
#4946 = ORIENTED_EDGE ( 'NONE', *, *, #455, .T. ) ;
#4947 = ORIENTED_EDGE ( 'NONE', *, *, #3983, .F. ) ;
#4948 = DIRECTION ( 'NONE',  ( 0.000000000000000000, 0.000000000000000000, 1.000000000000000000 ) ) ;
#4949 = CYLINDRICAL_SURFACE ( 'NONE', #5318, 2.199999999999997957 ) ;
#4950 = CARTESIAN_POINT ( 'NONE',  ( 6.500000000000000000, 127.5000000000000000, -14.59999999999999964 ) ) ;
#4951 = CARTESIAN_POINT ( 'NONE',  ( 31.50000000000000000, 126.0000000000000000, 23.01471862576142868 ) ) ;
#4952 = CARTESIAN_POINT ( 'NONE',  ( -8.585665361461455092, 87.46271819390962321, -13.80000000000004867 ) ) ;
#4953 = DIRECTION ( 'NONE',  ( 0.7327934916263015852, 0.6804510993672753250, 0.000000000000000000 ) ) ;
#4954 = ORIENTED_EDGE ( 'NONE', *, *, #1673, .T. ) ;
#4955 = ORIENTED_EDGE ( 'NONE', *, *, #2326, .T. ) ;
#4956 = ORIENTED_EDGE ( 'NONE', *, *, #5763, .F. ) ;
#4957 = DIRECTION ( 'NONE',  ( 0.7071067811865471286, 0.000000000000000000, 0.7071067811865480168 ) ) ;
#4958 = DIRECTION ( 'NONE',  ( 0.000000000000000000, 0.000000000000000000, 1.000000000000000000 ) ) ;
#4959 = ORIENTED_EDGE ( 'NONE', *, *, #4067, .F. ) ;
#4960 = EDGE_CURVE ( 'NONE', #2946, #2845, #3433, .T. ) ;
#4961 = EDGE_CURVE ( 'NONE', #5258, #3151, #5000, .T. ) ;
#4962 = ORIENTED_EDGE ( 'NONE', *, *, #3945, .F. ) ;
#4963 = CARTESIAN_POINT ( 'NONE',  ( 26.85538496299473721, 124.8215184740719366, -12.60128224107000960 ) ) ;
#4964 = CARTESIAN_POINT ( 'NONE',  ( 6.500000000000000000, 133.5999999999999943, -14.50000000000000000 ) ) ;
#4965 = CARTESIAN_POINT ( 'NONE',  ( -6.500000000000000000, 86.10000000000000853, -14.50000000000000000 ) ) ;
#4966 = PLANE ( 'NONE',  #617 ) ;
#4967 = ADVANCED_FACE ( 'NONE', ( #4600 ), #1820, .T. ) ;
#4968 = ORIENTED_EDGE ( 'NONE', *, *, #525, .F. ) ;
#4969 = B_SPLINE_CURVE_WITH_KNOTS ( 'NONE', 3,
 ( #354, #2205, #2170, #2254, #4492, #2703, #840, #2638, #4035, #875, #410, #320, #4563, #5895 ),
 .UNSPECIFIED., .F., .F.,
 ( 4, 2, 2, 2, 2, 2, 4 ),
 ( 0.001016976514964747875, 0.001334570885072350896, 0.001652165255179953917, 0.002287353995395187498, 0.002922542735610420862, 0.003240137105718045134, 0.003557731475825668538 ),
 .UNSPECIFIED. ) ;
#4970 = CARTESIAN_POINT ( 'NONE',  ( -23.48805726377300829, 126.4844606514907639, -13.60130067326358905 ) ) ;
#4971 = FACE_OUTER_BOUND ( 'NONE', #2840, .T. ) ;
#4972 = DIRECTION ( 'NONE',  ( 0.000000000000000000, 0.000000000000000000, 1.000000000000000000 ) ) ;
#4973 = FACE_OUTER_BOUND ( 'NONE', #5635, .T. ) ;
#4974 = ORIENTED_EDGE ( 'NONE', *, *, #978, .F. ) ;
#4975 = ORIENTED_EDGE ( 'NONE', *, *, #5843, .F. ) ;
#4976 = DIRECTION ( 'NONE',  ( -0.000000000000000000, -0.000000000000000000, -1.000000000000000000 ) ) ;
#4977 = CYLINDRICAL_SURFACE ( 'NONE', #3668, 0.8000000000000003775 ) ;
#4978 = FACE_OUTER_BOUND ( 'NONE', #2532, .T. ) ;
#4979 = CARTESIAN_POINT ( 'NONE',  ( -4.000000000000000000, 129.7109646337065954, -13.79999999999999893 ) ) ;
#4980 = LINE ( 'NONE', #5435, #1718 ) ;
#4981 = ORIENTED_EDGE ( 'NONE', *, *, #4468, .F. ) ;
#4982 = ORIENTED_EDGE ( 'NONE', *, *, #3539, .F. ) ;
#4983 = ORIENTED_EDGE ( 'NONE', *, *, #5893, .T. ) ;
#4984 = CARTESIAN_POINT ( 'NONE',  ( 27.25735931288070901, 126.0000000000000000, 27.25735931288070901 ) ) ;
#4985 = FACE_OUTER_BOUND ( 'NONE', #5265, .T. ) ;
#4986 = ORIENTED_EDGE ( 'NONE', *, *, #4389, .T. ) ;
#4987 = VERTEX_POINT ( 'NONE', #3678 ) ;
#4988 = DIRECTION ( 'NONE',  ( -0.2202608714346420415, 0.000000000000000000, 0.9754410020677068971 ) ) ;
#4989 = DIRECTION ( 'NONE',  ( 0.000000000000000000, 0.000000000000000000, 1.000000000000000000 ) ) ;
#4990 = EDGE_CURVE ( 'NONE', #1224, #1186, #5765, .T. ) ;
#4991 = CYLINDRICAL_SURFACE ( 'NONE', #4237, 0.8000000000000003775 ) ;
#4992 = FACE_BOUND ( 'NONE', #683, .T. ) ;
#4993 = EDGE_CURVE ( 'NONE', #3025, #5099, #4220, .T. ) ;
#4994 = ORIENTED_EDGE ( 'NONE', *, *, #3291, .T. ) ;
#4995 = AXIS2_PLACEMENT_3D ( 'NONE', #5239, #4294, #5292 ) ;
#4996 = EDGE_CURVE ( 'NONE', #2516, #1164, #3624, .T. ) ;
#4997 = CARTESIAN_POINT ( 'NONE',  ( -23.80108941225518393, 125.1266931827445461, -12.45825865402674815 ) ) ;
#4998 = DIRECTION ( 'NONE',  ( 0.000000000000000000, 0.000000000000000000, 1.000000000000000000 ) ) ;
#4999 = CARTESIAN_POINT ( 'NONE',  ( 23.50000000000000000, 122.0000000000000000, -14.50000000000000000 ) ) ;
#5000 = CIRCLE ( 'NONE', #2939, 2.200000000000000622 ) ;
#5001 = CARTESIAN_POINT ( 'NONE',  ( -8.698537757715351759, 132.5000000000000000, -14.58019805421551496 ) ) ;
#5002 = EDGE_LOOP ( 'NONE', ( #2148, #3553, #2443, #3264, #5387, #4733, #1002, #3965, #4082, #1931 ) ) ;
#5003 = ORIENTED_EDGE ( 'NONE', *, *, #5546, .F. ) ;
#5004 = AXIS2_PLACEMENT_3D ( 'NONE', #3797, #1991, #5644 ) ;
#5005 = CARTESIAN_POINT ( 'NONE',  ( 8.585665361461421341, 87.46271819390966584, -13.80000000000000071 ) ) ;
#5006 = DIRECTION ( 'NONE',  ( 0.000000000000000000, 1.000000000000000000, 0.000000000000000000 ) ) ;
#5007 = DIRECTION ( 'NONE',  ( 0.000000000000000000, 0.000000000000000000, -1.000000000000000000 ) ) ;
#5008 = AXIS2_PLACEMENT_3D ( 'NONE', #2724, #4208, #43 ) ;
#5009 = DIRECTION ( 'NONE',  ( 0.000000000000000000, 1.000000000000000000, 0.000000000000000000 ) ) ;
#5010 = EDGE_CURVE ( 'NONE', #5258, #1365, #5970, .T. ) ;
#5011 = EDGE_LOOP ( 'NONE', ( #3224, #2945, #530, #3631 ) ) ;
#5012 = AXIS2_PLACEMENT_3D ( 'NONE', #1217, #5815, #636 ) ;
#5013 = VERTEX_POINT ( 'NONE', #458 ) ;
#5014 = CIRCLE ( 'NONE', #1892, 2.199999999999998845 ) ;
#5015 = ORIENTED_EDGE ( 'NONE', *, *, #5770, .F. ) ;
#5016 = CARTESIAN_POINT ( 'NONE',  ( 23.50000000000000000, 122.0000000000000000, -14.50000000000000000 ) ) ;
#5017 = CYLINDRICAL_SURFACE ( 'NONE', #5974, 2.199999999999993516 ) ;
#5018 = EDGE_LOOP ( 'NONE', ( #2772, #4594 ) ) ;
#5019 = ORIENTED_EDGE ( 'NONE', *, *, #2007, .T. ) ;
#5020 = VECTOR ( 'NONE', #26, 1000.000000000000000 ) ;
#5021 = CARTESIAN_POINT ( 'NONE',  ( 25.90451637168050070, 124.3715524543851672, -12.61988672293104230 ) ) ;
#5022 = CARTESIAN_POINT ( 'NONE',  ( 6.500000000000000000, 132.5000000000000000, -13.79999999999999893 ) ) ;
#5023 = CIRCLE ( 'NONE', #256, 2.199999999999998845 ) ;
#5024 = TOROIDAL_SURFACE ( 'NONE', #166, 2.600000000000001421, 2.199999999999999734 ) ;
#5025 = AXIS2_PLACEMENT_3D ( 'NONE', #377, #2744, #2156 ) ;
#5026 = CARTESIAN_POINT ( 'NONE',  ( 121.8344983984421503, 142.5000000000000000, 119.6344983984421617 ) ) ;
#5027 = DIRECTION ( 'NONE',  ( 0.000000000000000000, 1.000000000000000000, 0.000000000000000000 ) ) ;
#5028 = ORIENTED_EDGE ( 'NONE', *, *, #4427, .T. ) ;
#5029 = CIRCLE ( 'NONE', #746, 0.8000000000000003775 ) ;
#5030 = AXIS2_PLACEMENT_3D ( 'NONE', #3344, #4690, #2773 ) ;
#5031 = DIRECTION ( 'NONE',  ( 0.000000000000000000, 0.000000000000000000, 1.000000000000000000 ) ) ;
#5032 = CARTESIAN_POINT ( 'NONE',  ( -6.500000000000000000, 90.70000000000000284, -14.59999999999999964 ) ) ;
#5033 = LINE ( 'NONE', #3296, #4607 ) ;
#5034 = B_SPLINE_CURVE_WITH_KNOTS ( 'NONE', 3,
 ( #5341, #2665, #1619, #5825, #2534, #777 ),
 .UNSPECIFIED., .F., .F.,
 ( 4, 2, 4 ),
 ( 0.000000000000000000, 0.0004677297972548709608, 0.0009354595945097419216 ),
 .UNSPECIFIED. ) ;
#5035 = CIRCLE ( 'NONE', #81, 6.700000000000001066 ) ;
#5036 = AXIS2_PLACEMENT_3D ( 'NONE', #2822, #4363, #3675 ) ;
#5037 = EDGE_CURVE ( 'NONE', #614, #380, #3148, .T. ) ;
#5038 = EDGE_CURVE ( 'NONE', #2652, #1108, #3919, .T. ) ;
#5039 = VERTEX_POINT ( 'NONE', #485 ) ;
#5040 = AXIS2_PLACEMENT_3D ( 'NONE', #5536, #5969, #5087 ) ;
#5041 = CIRCLE ( 'NONE', #2412, 0.8000000000000003775 ) ;
#5042 = CARTESIAN_POINT ( 'NONE',  ( -121.8344983984421361, 126.0000000000000000, 121.8344983984421503 ) ) ;
#5043 = CARTESIAN_POINT ( 'NONE',  ( -10.68542503074049144, 89.72399783774865512, -13.79999999999999893 ) ) ;
#5044 = CARTESIAN_POINT ( 'NONE',  ( -27.62917908278655332, 126.0000000000000000, -12.30000000000000071 ) ) ;
#5045 = PLANE ( 'NONE',  #2697 ) ;
#5046 = EDGE_LOOP ( 'NONE', ( #4570, #4566 ) ) ;
#5047 = ORIENTED_EDGE ( 'NONE', *, *, #5508, .T. ) ;
#5048 = EDGE_CURVE ( 'NONE', #3236, #5640, #3252, .T. ) ;
#5049 = ORIENTED_EDGE ( 'NONE', *, *, #2728, .T. ) ;
#5050 = CARTESIAN_POINT ( 'NONE',  ( -31.50000000000000000, 126.0000000000000000, 23.01471862576142868 ) ) ;
#5051 = DIRECTION ( 'NONE',  ( 0.000000000000000000, 0.000000000000000000, 1.000000000000000000 ) ) ;
#5052 = ORIENTED_EDGE ( 'NONE', *, *, #5406, .F. ) ;
#5053 = ORIENTED_EDGE ( 'NONE', *, *, #2432, .F. ) ;
#5054 = CARTESIAN_POINT ( 'NONE',  ( 25.70272232634001597, 124.3219241248602600, -12.57461786630015332 ) ) ;
#5055 = DIRECTION ( 'NONE',  ( 0.000000000000000000, 0.000000000000000000, 1.000000000000000000 ) ) ;
#5056 = CARTESIAN_POINT ( 'NONE',  ( -9.099999999999997868, 86.10000000000000853, -14.50000000000000000 ) ) ;
#5057 = CARTESIAN_POINT ( 'NONE',  ( -5.634569895688154695, 88.50000000000000000, -14.35611758520661319 ) ) ;
#5058 = ORIENTED_EDGE ( 'NONE', *, *, #3457, .F. ) ;
#5059 = LINE ( 'NONE', #864, #5692 ) ;
#5060 = CARTESIAN_POINT ( 'NONE',  ( 27.49999999999999645, 123.8000000000000114, -14.50000000000000000 ) ) ;
#5061 = CYLINDRICAL_SURFACE ( 'NONE', #2755, 2.200000000000000178 ) ;
#5062 = DATE_AND_TIME ( #5542, #5393 ) ;
#5063 = DIRECTION ( 'NONE',  ( -1.000000000000000000, 0.000000000000000000, 0.000000000000000000 ) ) ;
#5064 = DIRECTION ( 'NONE',  ( 0.7071067811865474617, 0.000000000000000000, -0.7071067811865477948 ) ) ;
#5065 = CARTESIAN_POINT ( 'NONE',  ( 6.500000000000000000, 132.5000000000000000, -13.00000000000000000 ) ) ;
#5066 = ADVANCED_FACE ( 'NONE', ( #5150 ), #4707, .T. ) ;
#5067 = ADVANCED_FACE ( 'NONE', ( #598, #2023 ), #3882, .T. ) ;
#5068 = CARTESIAN_POINT ( 'NONE',  ( 25.69999999999999929, 122.0000000000000000, -14.50000000000000000 ) ) ;
#5069 = EDGE_LOOP ( 'NONE', ( #5379, #4338 ) ) ;
#5070 = EDGE_LOOP ( 'NONE', ( #1631, #638, #5601, #5404, #3305 ) ) ;
#5071 = EDGE_CURVE ( 'NONE', #6018, #3570, #3214, .T. ) ;
#5072 = DIRECTION ( 'NONE',  ( 0.000000000000000000, 0.000000000000000000, 1.000000000000000000 ) ) ;
#5073 =( BOUNDED_CURVE ( )  B_SPLINE_CURVE ( 3, ( #4246, #82, #1925, #1739 ),
 .UNSPECIFIED., .F., .T. ) 
 B_SPLINE_CURVE_WITH_KNOTS ( ( 4, 4 ),
 ( 0.000000000000000000, 1.276706400021178300 ),
 .UNSPECIFIED. ) 
 CURVE ( )  GEOMETRIC_REPRESENTATION_ITEM ( )  RATIONAL_B_SPLINE_CURVE ( ( 1.000000000000000000, 0.8687187541764374021, 0.8687187541764374021, 1.000000000000000000 ) ) 
 REPRESENTATION_ITEM ( '' )  );
#5074 = CARTESIAN_POINT ( 'NONE',  ( -2.500000000000000000, 129.7109646337065954, -14.59999999999999964 ) ) ;
#5075 = FACE_OUTER_BOUND ( 'NONE', #4309, .T. ) ;
#5076 = CARTESIAN_POINT ( 'NONE',  ( -121.8344983984421361, 142.5000000000000000, 121.8344983984421503 ) ) ;
#5077 = VERTEX_POINT ( 'NONE', #1086 ) ;
#5078 = ORIENTED_EDGE ( 'NONE', *, *, #2100, .F. ) ;
#5079 = EDGE_CURVE ( 'NONE', #3686, #2393, #2852, .T. ) ;
#5080 = DIRECTION ( 'NONE',  ( 0.000000000000000000, 0.000000000000000000, 1.000000000000000000 ) ) ;
#5081 = CARTESIAN_POINT ( 'NONE',  ( 4.515992098925954323, 133.6014630335859295, -13.53881548668827506 ) ) ;
#5082 = CARTESIAN_POINT ( 'NONE',  ( 9.099999999999997868, 83.50000000000000000, -14.50000000000000000 ) ) ;
#5083 = DIRECTION ( 'NONE',  ( 0.000000000000000000, 0.000000000000000000, 1.000000000000000000 ) ) ;
#5084 = ORIENTED_EDGE ( 'NONE', *, *, #1382, .F. ) ;
#5085 = EDGE_CURVE ( 'NONE', #2891, #2615, #3632, .T. ) ;
#5086 = CARTESIAN_POINT ( 'NONE',  ( -8.585665361461419565, 133.5372818060903342, -13.79999999999999716 ) ) ;
#5087 = DIRECTION ( 'NONE',  ( 0.000000000000000000, 0.000000000000000000, 1.000000000000000000 ) ) ;
#5088 = DIRECTION ( 'NONE',  ( 0.7327934916263022513, 0.6804510993672745478, 0.000000000000000000 ) ) ;
#5089 = CARTESIAN_POINT ( 'NONE',  ( -9.099999999999997868, 83.50000000000000000, -16.69999999999999929 ) ) ;
#5090 = AXIS2_PLACEMENT_3D ( 'NONE', #5917, #1707, #698 ) ;
#5091 = VERTEX_POINT ( 'NONE', #3422 ) ;
#5092 = AXIS2_PLACEMENT_3D ( 'NONE', #4820, #5245, #5220 ) ;
#5093 = MECHANICAL_CONTEXT ( 'NONE', #3071, 'mechanical' ) ;
#5094 = FACE_OUTER_BOUND ( 'NONE', #3903, .T. ) ;
#5095 = AXIS2_PLACEMENT_3D ( 'NONE', #2938, #4810, #637 ) ;
#5096 = DIRECTION ( 'NONE',  ( 0.000000000000000000, 0.000000000000000000, 1.000000000000000000 ) ) ;
#5097 = CARTESIAN_POINT ( 'NONE',  ( -27.49999999999999645, 128.1655780813700574, -14.88764877594235436 ) ) ;
#5098 = DIRECTION ( 'NONE',  ( 0.000000000000000000, 1.000000000000000000, 0.000000000000000000 ) ) ;
#5099 = VERTEX_POINT ( 'NONE', #2431 ) ;
#5100 = AXIS2_PLACEMENT_3D ( 'NONE', #2519, #1210, #3059 ) ;
#5101 = ORIENTED_EDGE ( 'NONE', *, *, #1657, .T. ) ;
#5102 = ADVANCED_FACE ( 'NONE', ( #3774 ), #4123, .T. ) ;
#5103 = EDGE_CURVE ( 'NONE', #2319, #790, #2760, .T. ) ;
#5104 = TOROIDAL_SURFACE ( 'NONE', #3640, 1.500000000000001332, 0.8000000000000003775 ) ;
#5105 = ORIENTED_EDGE ( 'NONE', *, *, #16, .F. ) ;
#5106 = CIRCLE ( 'NONE', #2860, 0.8000000000000003775 ) ;
#5107 = DIRECTION ( 'NONE',  ( 0.000000000000000000, 0.000000000000000000, 1.000000000000000000 ) ) ;
#5108 = DIRECTION ( 'NONE',  ( 0.000000000000000000, 0.000000000000000000, 1.000000000000000000 ) ) ;
#5109 = EDGE_LOOP ( 'NONE', ( #5204, #439, #355, #2221, #1227 ) ) ;
#5110 = EDGE_CURVE ( 'NONE', #4743, #3456, #2850, .T. ) ;
#5111 = ORIENTED_EDGE ( 'NONE', *, *, #4136, .T. ) ;
#5112 = CIRCLE ( 'NONE', #1216, 8.200000000000002842 ) ;
#5113 = MANIFOLD_SOLID_BREP ( 'Sweep48', #5810 ) ;
#5114 = CIRCLE ( 'NONE', #4528, 2.199999999999993516 ) ;
#5115 =( BOUNDED_CURVE ( )  B_SPLINE_CURVE ( 3, ( #5420, #1255, #3102, #5449 ),
 .UNSPECIFIED., .F., .T. ) 
 B_SPLINE_CURVE_WITH_KNOTS ( ( 4, 4 ),
 ( 0.5155978996247658763, 0.6703629608968717513 ),
 .UNSPECIFIED. ) 
 CURVE ( )  GEOMETRIC_REPRESENTATION_ITEM ( )  RATIONAL_B_SPLINE_CURVE ( ( 1.000000000000000000, 0.9980049771413119775, 0.9980049771413119775, 1.000000000000000000 ) ) 
 REPRESENTATION_ITEM ( '' )  );
#5116 = CYLINDRICAL_SURFACE ( 'NONE', #5036, 0.8000000000000003775 ) ;
#5117 = CARTESIAN_POINT ( 'NONE',  ( 6.500000000000000000, 130.3000000000000114, -13.79999999999999893 ) ) ;
#5118 = CARTESIAN_POINT ( 'NONE',  ( -7.958421574146508526, 88.50000000000001421, -14.70316441953407960 ) ) ;
#5119 = CARTESIAN_POINT ( 'NONE',  ( -34.81934187228678468, 126.0000000000000000, -18.64535653146014482 ) ) ;
#5120 = AXIS2_PLACEMENT_3D ( 'NONE', #2518, #3939, #4396 ) ;
#5121 = EDGE_LOOP ( 'NONE', ( #1884, #3109, #5301, #1933 ) ) ;
#5122 = CARTESIAN_POINT ( 'NONE',  ( 6.500000000000000000, 130.3000000000000114, -13.79999999999999893 ) ) ;
#5123 = AXIS2_PLACEMENT_3D ( 'NONE', #1474, #2356, #3 ) ;
#5124 = EDGE_CURVE ( 'NONE', #1709, #3686, #138, .T. ) ;
#5125 = CARTESIAN_POINT ( 'NONE',  ( 27.50000000000000000, 122.0000000000000000, -14.50000000000000000 ) ) ;
#5126 = PLANE ( 'NONE',  #933 ) ;
#5127 = CARTESIAN_POINT ( 'NONE',  ( 3.299999999999999822, 129.7109646337065954, -13.79999999999999893 ) ) ;
#5128 = CIRCLE ( 'NONE', #4052, 2.199999999999998845 ) ;
#5129 = ORIENTED_EDGE ( 'NONE', *, *, #5048, .T. ) ;
#5130 = AXIS2_PLACEMENT_3D ( 'NONE', #5795, #5310, #4306 ) ;
#5131 = DIRECTION ( 'NONE',  ( 0.000000000000000000, 0.000000000000000000, 1.000000000000000000 ) ) ;
#5132 = DIRECTION ( 'NONE',  ( -0.6804510993672789887, 0.7327934916262981435, 0.000000000000000000 ) ) ;
#5133 = DIRECTION ( 'NONE',  ( 0.000000000000000000, 0.000000000000000000, 1.000000000000000000 ) ) ;
#5134 = AXIS2_PLACEMENT_3D ( 'NONE', #1062, #4714, #541 ) ;
#5135 = AXIS2_PLACEMENT_3D ( 'NONE', #4752, #578, #122 ) ;
#5136 = CARTESIAN_POINT ( 'NONE',  ( 5.634569895688164465, 132.5000000000000000, -14.35611758520661496 ) ) ;
#5137 = ORIENTED_EDGE ( 'NONE', *, *, #3327, .T. ) ;
#5138 = AXIS2_PLACEMENT_3D ( 'NONE', #5511, #2655, #3681 ) ;
#5139 = ORIENTED_EDGE ( 'NONE', *, *, #751, .F. ) ;
#5140 = CIRCLE ( 'NONE', #3957, 0.8000000000000003775 ) ;
#5141 = EDGE_LOOP ( 'NONE', ( #2747, #4994, #1722, #2188, #5867 ) ) ;
#5142 = PLANE ( 'NONE',  #4925 ) ;
#5143 = ORIENTED_EDGE ( 'NONE', *, *, #5724, .F. ) ;
#5144 = VERTEX_POINT ( 'NONE', #98 ) ;
#5145 = CIRCLE ( 'NONE', #3197, 2.199999999999993516 ) ;
#5146 = CARTESIAN_POINT ( 'NONE',  ( -5.099999999999993427, 133.0999999999999943, -13.79999999999999893 ) ) ;
#5147 = CARTESIAN_POINT ( 'NONE',  ( 30.48560358128213110, 126.0000000000000000, -27.84946985432200250 ) ) ;
#5148 = ADVANCED_FACE ( 'NONE', ( #5234 ), #66, .T. ) ;
#5149 = CARTESIAN_POINT ( 'NONE',  ( -4.642019126367428861, 133.5252679540873544, -13.31644019836612358 ) ) ;
#5150 = FACE_OUTER_BOUND ( 'NONE', #2541, .T. ) ;
#5151 = ORIENTED_EDGE ( 'NONE', *, *, #95, .F. ) ;
#5152 =( BOUNDED_CURVE ( )  B_SPLINE_CURVE ( 3, ( #1063, #3251, #2881, #3372 ),
 .UNSPECIFIED., .F., .T. ) 
 B_SPLINE_CURVE_WITH_KNOTS ( ( 4, 4 ),
 ( 0.000000000000000000, 1.793754733118310130 ),
 .UNSPECIFIED. ) 
 CURVE ( )  GEOMETRIC_REPRESENTATION_ITEM ( )  RATIONAL_B_SPLINE_CURVE ( ( 1.000000000000000000, 0.7493686509943563445, 0.7493686509943563445, 1.000000000000000000 ) ) 
 REPRESENTATION_ITEM ( '' )  );
#5153 = FACE_OUTER_BOUND ( 'NONE', #5676, .T. ) ;
#5154 = EDGE_CURVE ( 'NONE', #1769, #4432, #1689, .T. ) ;
#5155 = CARTESIAN_POINT ( 'NONE',  ( -121.8344983984421361, 126.0000000000000000, 121.8344983984421503 ) ) ;
#5156 = CARTESIAN_POINT ( 'NONE',  ( 27.25735931288070901, 126.0000000000000000, 27.25735931288071257 ) ) ;
#5157 = CARTESIAN_POINT ( 'NONE',  ( 2.314574969259513892, 89.72399783774864090, -13.79999999999999893 ) ) ;
#5158 = ORIENTED_EDGE ( 'NONE', *, *, #4993, .F. ) ;
#5159 = SHAPE_DEFINITION_REPRESENTATION ( #3271, #5615 ) ;
#5160 = DIRECTION ( 'NONE',  ( 0.000000000000000000, 1.000000000000000000, 0.000000000000000000 ) ) ;
#5161 = DIRECTION ( 'NONE',  ( 0.000000000000000000, 1.000000000000000000, 0.000000000000000000 ) ) ;
#5162 = CARTESIAN_POINT ( 'NONE',  ( -6.500000000000000000, 130.3000000000000114, -14.59999999999999964 ) ) ;
#5163 = ORIENTED_EDGE ( 'NONE', *, *, #1081, .F. ) ;
#5164 = ORIENTED_EDGE ( 'NONE', *, *, #4434, .T. ) ;
#5165 = ADVANCED_FACE ( 'NONE', ( #4288 ), #119, .T. ) ;
#5166 = CARTESIAN_POINT ( 'NONE',  ( 9.700000000000001066, 91.28903536629340465, -13.79999999999999893 ) ) ;
#5167 = DIRECTION ( 'NONE',  ( 0.000000000000000000, 1.000000000000000000, 0.000000000000000000 ) ) ;
#5168 = VERTEX_POINT ( 'NONE', #4771 ) ;
#5169 = ORIENTED_EDGE ( 'NONE', *, *, #1169, .T. ) ;
#5170 = CARTESIAN_POINT ( 'NONE',  ( 19.50000000000000355, 83.50000000000000000, -14.50000000000000000 ) ) ;
#5171 = CARTESIAN_POINT ( 'NONE',  ( -4.515841326590667393, 133.6015151083114176, -13.53908152518979158 ) ) ;
#5172 = CARTESIAN_POINT ( 'NONE',  ( -8.698537757715342877, 88.50000000000000000, -14.58019805421553272 ) ) ;
#5173 = CARTESIAN_POINT ( 'NONE',  ( 27.08578597693737322, 127.9628610609848351, -15.46873409921790099 ) ) ;
#5174 = ORIENTED_EDGE ( 'NONE', *, *, #3941, .F. ) ;
#5175 = ADVANCED_FACE ( 'NONE', ( #3854 ), #5711, .T. ) ;
#5176 = CARTESIAN_POINT ( 'NONE',  ( -2.900809762560546901, 90.26835871724247795, -13.79999999999999893 ) ) ;
#5177 = LINE ( 'NONE', #2830, #861 ) ;
#5178 = EDGE_CURVE ( 'NONE', #2563, #432, #2275, .T. ) ;
#5179 = CARTESIAN_POINT ( 'NONE',  ( -121.8344983984421361, 142.5000000000000000, 119.6344983984421617 ) ) ;
#5180 = DIRECTION ( 'NONE',  ( 0.000000000000000000, 0.000000000000000000, 1.000000000000000000 ) ) ;
#5181 = ORIENTED_EDGE ( 'NONE', *, *, #314, .T. ) ;
#5182 = ADVANCED_FACE ( 'NONE', ( #687 ), #3024, .T. ) ;
#5183 = PERSON_AND_ORGANIZATION ( #3587, #2478 ) ;
#5184 = FACE_OUTER_BOUND ( 'NONE', #2956, .T. ) ;
#5185 = CARTESIAN_POINT ( 'NONE',  ( -27.68255659688957948, 127.2189091677181381, -12.66136468250075886 ) ) ;
#5186 = CARTESIAN_POINT ( 'NONE',  ( 5.041578425853484369, 132.5000000000000000, -14.70316441953408670 ) ) ;
#5187 = ORIENTED_EDGE ( 'NONE', *, *, #3055, .T. ) ;
#5188 = AXIS2_PLACEMENT_3D ( 'NONE', #3873, #1140, #2444 ) ;
#5189 = ORIENTED_EDGE ( 'NONE', *, *, #2925, .F. ) ;
#5190 = AXIS2_PLACEMENT_3D ( 'NONE', #2497, #1041, #1125 ) ;
#5191 = DIRECTION ( 'NONE',  ( -0.000000000000000000, -0.000000000000000000, -1.000000000000000000 ) ) ;
#5192 = CARTESIAN_POINT ( 'NONE',  ( -3.487044555861586126, 90.81271959673630079, -13.79999999999999893 ) ) ;
#5193 = EDGE_CURVE ( 'NONE', #2008, #2790, #3551, .T. ) ;
#5194 = CYLINDRICAL_SURFACE ( 'NONE', #2693, 0.8000000000000063727 ) ;
#5195 = CIRCLE ( 'NONE', #2268, 1.799999999999999600 ) ;
#5196 = CARTESIAN_POINT ( 'NONE',  ( -9.099999999999997868, 136.1999999999999886, -12.30000000000000249 ) ) ;
#5197 = ORIENTED_EDGE ( 'NONE', *, *, #3478, .F. ) ;
#5198 = ORIENTED_EDGE ( 'NONE', *, *, #2901, .T. ) ;
#5199 = AXIS2_PLACEMENT_3D ( 'NONE', #1745, #3967, #1264 ) ;
#5200 = DIRECTION ( 'NONE',  ( 1.000000000000000000, 0.000000000000000000, 0.000000000000000000 ) ) ;
#5201 = CARTESIAN_POINT ( 'NONE',  ( -10.50000000000000000, 91.28903536629340465, -13.79999999999999893 ) ) ;
#5202 = CARTESIAN_POINT ( 'NONE',  ( 26.49959841676685457, 127.6765727671302102, -15.82248575619291131 ) ) ;
#5203 = AXIS2_PLACEMENT_3D ( 'NONE', #5757, #3843, #1581 ) ;
#5204 = ORIENTED_EDGE ( 'NONE', *, *, #5516, .F. ) ;
#5205 = AXIS2_PLACEMENT_3D ( 'NONE', #3002, #5329, #5872 ) ;
#5206 = CARTESIAN_POINT ( 'NONE',  ( 2.500000000000000000, 93.50000000000000000, -13.00000000000000000 ) ) ;
#5207 = CIRCLE ( 'NONE', #2583, 2.199999999999998845 ) ;
#5208 = CYLINDRICAL_SURFACE ( 'NONE', #4325, 2.199999999999998845 ) ;
#5209 = CARTESIAN_POINT ( 'NONE',  ( -25.50000000000000000, 130.5000000000000000, -10.00000000000000178 ) ) ;
#5210 = ORIENTED_EDGE ( 'NONE', *, *, #5412, .T. ) ;
#5211 = AXIS2_PLACEMENT_3D ( 'NONE', #1867, #5225, #4765 ) ;
#5212 = CARTESIAN_POINT ( 'NONE',  ( -22.90000000000000213, 136.1999999999999886, -14.50000000000000000 ) ) ;
#5213 = DIRECTION ( 'NONE',  ( 0.000000000000000000, 1.000000000000000000, 0.000000000000000000 ) ) ;
#5214 = CARTESIAN_POINT ( 'NONE',  ( 6.500000000000000000, 133.5999999999999943, -14.50000000000000000 ) ) ;
#5215 = EDGE_CURVE ( 'NONE', #3120, #4793, #620, .T. ) ;
#5216 = ORIENTED_EDGE ( 'NONE', *, *, #2567, .T. ) ;
#5217 = ORIENTED_EDGE ( 'NONE', *, *, #526, .T. ) ;
#5218 = CIRCLE ( 'NONE', #2300, 0.3999999999999958589 ) ;
#5219 = VECTOR ( 'NONE', #3000, 1000.000000000000000 ) ;
#5220 = DIRECTION ( 'NONE',  ( 0.000000000000000000, 0.000000000000000000, -1.000000000000000000 ) ) ;
#5221 = CARTESIAN_POINT ( 'NONE',  ( -6.500000000000000000, 93.50000000000000000, -14.59999999999999964 ) ) ;
#5222 = ADVANCED_FACE ( 'NONE', ( #1591 ), #4126, .T. ) ;
#5223 = CARTESIAN_POINT ( 'NONE',  ( -122.9720391619164701, 126.5912744245423198, 119.8607693246956956 ) ) ;
#5224 = B_SPLINE_CURVE_WITH_KNOTS ( 'NONE', 3,
 ( #924, #4113, #1854, #1795, #1434, #3713 ),
 .UNSPECIFIED., .F., .F.,
 ( 4, 2, 4 ),
 ( 0.000000000000000000, 0.0004677297972548826160, 0.0009354595945097652319 ),
 .UNSPECIFIED. ) ;
#5225 = DIRECTION ( 'NONE',  ( -0.000000000000000000, -0.000000000000000000, -1.000000000000000000 ) ) ;
#5226 = ORIENTED_EDGE ( 'NONE', *, *, #2906, .F. ) ;
#5227 = AXIS2_PLACEMENT_3D ( 'NONE', #1439, #2004, #105 ) ;
#5228 = AXIS2_PLACEMENT_3D ( 'NONE', #2985, #3480, #806 ) ;
#5229 = ORIENTED_EDGE ( 'NONE', *, *, #2569, .F. ) ;
#5230 = EDGE_CURVE ( 'NONE', #5371, #1075, #239, .T. ) ;
#5231 = AXIS2_PLACEMENT_3D ( 'NONE', #378, #3598, #5452 ) ;
#5232 = DIRECTION ( 'NONE',  ( 0.000000000000000000, 0.000000000000000000, 1.000000000000000000 ) ) ;
#5233 = CARTESIAN_POINT ( 'NONE',  ( -27.69999999999999929, 126.0000000000000000, -10.00000000000000888 ) ) ;
#5234 = FACE_OUTER_BOUND ( 'NONE', #4255, .T. ) ;
#5235 = EDGE_LOOP ( 'NONE', ( #5990, #4825, #2113, #1287, #5586, #29 ) ) ;
#5236 = DIRECTION ( 'NONE',  ( 0.000000000000000000, 0.000000000000000000, 1.000000000000000000 ) ) ;
#5237 = DIRECTION ( 'NONE',  ( 0.000000000000000000, -1.000000000000000000, 0.000000000000000000 ) ) ;
#5238 = DIRECTION ( 'NONE',  ( 0.000000000000000000, -0.000000000000000000, 1.000000000000000000 ) ) ;
#5239 = CARTESIAN_POINT ( 'NONE',  ( -19.50000000000000000, 87.50000000000001421, -14.50000000000000000 ) ) ;
#5240 = B_SPLINE_CURVE_WITH_KNOTS ( 'NONE', 3,
 ( #3602, #5456, #1289, #5519, #3299, #1770 ),
 .UNSPECIFIED., .F., .F.,
 ( 4, 2, 4 ),
 ( 0.000000000000000000, 0.0004707615873786560098, 0.0009415231747573120195 ),
 .UNSPECIFIED. ) ;
#5241 = DIRECTION ( 'NONE',  ( 0.000000000000000000, 0.000000000000000000, -1.000000000000000000 ) ) ;
#5242 = CARTESIAN_POINT ( 'NONE',  ( -2.500000000000000000, 129.7109646337065954, -13.79999999999999893 ) ) ;
#5243 = ORIENTED_EDGE ( 'NONE', *, *, #4211, .F. ) ;
#5244 = ORIENTED_EDGE ( 'NONE', *, *, #1587, .T. ) ;
#5245 = DIRECTION ( 'NONE',  ( 0.000000000000000000, -1.000000000000000000, 0.000000000000000000 ) ) ;
#5246 = EDGE_CURVE ( 'NONE', #1903, #3608, #5577, .T. ) ;
#5247 = DIRECTION ( 'NONE',  ( 0.000000000000000000, 0.000000000000000000, -1.000000000000000000 ) ) ;
#5248 = CARTESIAN_POINT ( 'NONE',  ( 23.50000000000000000, 87.50000000000000000, -12.30000000000000249 ) ) ;
#5249 = EDGE_CURVE ( 'NONE', #2072, #94, #2942, .T. ) ;
#5250 = CARTESIAN_POINT ( 'NONE',  ( -26.84780971442840425, 127.8422228060135950, -15.64792500038207557 ) ) ;
#5251 = ORIENTED_EDGE ( 'NONE', *, *, #4960, .F. ) ;
#5252 = EDGE_LOOP ( 'NONE', ( #5078, #3601, #3304, #3782, #878, #3596 ) ) ;
#5253 = EDGE_CURVE ( 'NONE', #2327, #2091, #5320, .T. ) ;
#5254 = EDGE_CURVE ( 'NONE', #3608, #246, #1020, .T. ) ;
#5255 = CARTESIAN_POINT ( 'NONE',  ( -6.500000000000000000, 132.5000000000000000, -14.50000000000000000 ) ) ;
#5256 = DIRECTION ( 'NONE',  ( 0.000000000000000000, -1.000000000000000000, 0.000000000000000000 ) ) ;
#5257 = DIRECTION ( 'NONE',  ( 0.000000000000000000, 1.000000000000000000, 0.000000000000000000 ) ) ;
#5258 = VERTEX_POINT ( 'NONE', #1731 ) ;
#5259 = ADVANCED_FACE ( 'NONE', ( #4892 ), #4465, .T. ) ;
#5260 = CARTESIAN_POINT ( 'NONE',  ( -8.413995776783949054, 133.5772817927279448, -13.41527876094676230 ) ) ;
#5261 = DIRECTION ( 'NONE',  ( 0.000000000000000000, 0.000000000000000000, 1.000000000000000000 ) ) ;
#5262 = DIRECTION ( 'NONE',  ( 0.000000000000000000, 1.000000000000000000, 0.000000000000000000 ) ) ;
#5263 = DIRECTION ( 'NONE',  ( 0.000000000000000000, 1.000000000000000000, 0.000000000000000000 ) ) ;
#5264 = CARTESIAN_POINT ( 'NONE',  ( -25.50000000000000355, 133.6000000000000227, -16.69999999999999929 ) ) ;
#5265 = EDGE_LOOP ( 'NONE', ( #2918, #5636, #3072, #4199, #4975 ) ) ;
#5266 = CARTESIAN_POINT ( 'NONE',  ( 10.50000000000000000, 127.5000000000000000, -13.79999999999999893 ) ) ;
#5267 = LINE ( 'NONE', #1095, #5713 ) ;
#5268 = ORIENTED_EDGE ( 'NONE', *, *, #1055, .F. ) ;
#5269 = ORIENTED_EDGE ( 'NONE', *, *, #1208, .F. ) ;
#5270 = ORIENTED_EDGE ( 'NONE', *, *, #1169, .F. ) ;
#5271 = CARTESIAN_POINT ( 'NONE',  ( -25.50000000000025224, 127.3314466619826248, -15.90341170376410140 ) ) ;
#5272 = DIRECTION ( 'NONE',  ( 0.000000000000000000, -1.000000000000000000, 0.000000000000000000 ) ) ;
#5273 = CARTESIAN_POINT ( 'NONE',  ( 6.500000000000000000, 132.5000000000000000, -16.69999999999999929 ) ) ;
#5274 = CARTESIAN_POINT ( 'NONE',  ( -25.50000000000025224, 127.3314466619826248, -15.90341170376410140 ) ) ;
#5275 = VERTEX_POINT ( 'NONE', #3976 ) ;
#5276 = B_SPLINE_CURVE_WITH_KNOTS ( 'NONE', 3,
 ( #5274, #621, #652, #2514, #708, #143, #5250, #5759, #200, #4424, #1171, #2481, #3902, #3512 ),
 .UNSPECIFIED., .F., .F.,
 ( 4, 2, 2, 2, 2, 2, 4 ),
 ( 0.01087215931148551723, 0.01150992685652826517, 0.01214769440157101310, 0.01246657817409240615, 0.01278546194661379920, 0.01310434571913519052, 0.01342322949165658356 ),
 .UNSPECIFIED. ) ;
#5277 = TOROIDAL_SURFACE ( 'NONE', #41, 4.000000000000003553, 2.199999999999999734 ) ;
#5278 = ORIENTED_EDGE ( 'NONE', *, *, #4250, .F. ) ;
#5279 = ADVANCED_FACE ( 'NONE', ( #1273 ), #3735, .T. ) ;
#5280 = VECTOR ( 'NONE', #2951, 1000.000000000000000 ) ;
#5281 = CIRCLE ( 'NONE', #427, 2.199999999999993516 ) ;
#5282 = DIRECTION ( 'NONE',  ( 0.000000000000000000, 0.000000000000000000, 1.000000000000000000 ) ) ;
#5283 = CARTESIAN_POINT ( 'NONE',  ( 25.70446659398191613, 127.3834532595019340, -15.93132533852947930 ) ) ;
#5284 = ADVANCED_FACE ( 'NONE', ( #3094 ), #2643, .T. ) ;
#5285 = ORIENTED_EDGE ( 'NONE', *, *, #1308, .F. ) ;
#5286 = AXIS2_PLACEMENT_3D ( 'NONE', #5349, #1178, #1630 ) ;
#5287 = CARTESIAN_POINT ( 'NONE',  ( 27.69883509910674135, 128.0325757283403334, -13.64290259515621528 ) ) ;
#5288 = LINE ( 'NONE', #5743, #4343 ) ;
#5289 = CARTESIAN_POINT ( 'NONE',  ( 123.3901333170525447, 126.0000000000000000, 120.2788634798317418 ) ) ;
#5290 = AXIS2_PLACEMENT_3D ( 'NONE', #3506, #5396, #1678 ) ;
#5291 = CARTESIAN_POINT ( 'NONE',  ( -6.500000000000000000, 88.50000000000000000, -13.79999999999999893 ) ) ;
#5292 = DIRECTION ( 'NONE',  ( -1.000000000000000000, 0.000000000000000000, 0.000000000000000000 ) ) ;
#5293 = CIRCLE ( 'NONE', #829, 2.199999999999993516 ) ;
#5294 = CIRCLE ( 'NONE', #4235, 2.200000000000007727 ) ;
#5295 = ADVANCED_FACE ( 'NONE', ( #1660 ), #5667, .T. ) ;
#5296 = AXIS2_PLACEMENT_3D ( 'NONE', #1509, #2801, #34 ) ;
#5297 = DIRECTION ( 'NONE',  ( 0.000000000000000000, -0.000000000000000000, 1.000000000000000000 ) ) ;
#5298 = CARTESIAN_POINT ( 'NONE',  ( 23.69923419307301415, 126.8983853748857626, -14.49999999993405631 ) ) ;
#5299 = CARTESIAN_POINT ( 'NONE',  ( -30.00330554619635848, 126.0000000000000000, -33.11457538341716855 ) ) ;
#5300 = EDGE_LOOP ( 'NONE', ( #5798, #5576 ) ) ;
#5301 = ORIENTED_EDGE ( 'NONE', *, *, #525, .T. ) ;
#5302 = AXIS2_PLACEMENT_3D ( 'NONE', #3516, #5376, #2022 ) ;
#5303 = ORIENTED_EDGE ( 'NONE', *, *, #5539, .F. ) ;
#5304 = CARTESIAN_POINT ( 'NONE',  ( -9.099999999999997868, 136.1999999999999886, -16.69999999999999929 ) ) ;
#5305 = CARTESIAN_POINT ( 'NONE',  ( -25.50000000000000000, 126.0000000000000000, -10.00000000000000888 ) ) ;
#5306 = CIRCLE ( 'NONE', #69, 2.200000000000000622 ) ;
#5307 = AXIS2_PLACEMENT_3D ( 'NONE', #5125, #955, #2807 ) ;
#5308 = AXIS2_PLACEMENT_3D ( 'NONE', #2447, #1533, #4337 ) ;
#5309 = DIRECTION ( 'NONE',  ( 0.000000000000000000, 0.000000000000000000, 1.000000000000000000 ) ) ;
#5310 = DIRECTION ( 'NONE',  ( 0.6804510993672772123, 0.7327934916262996978, -0.000000000000000000 ) ) ;
#5311 = VERTEX_POINT ( 'NONE', #4832 ) ;
#5312 = AXIS2_PLACEMENT_3D ( 'NONE', #452, #116, #1452 ) ;
#5313 = VERTEX_POINT ( 'NONE', #4008 ) ;
#5314 = CIRCLE ( 'NONE', #5602, 2.199999999999998845 ) ;
#5315 = B_SPLINE_CURVE_WITH_KNOTS ( 'NONE', 3,
 ( #540, #4167, #5620, #998, #3705, #4819 ),
 .UNSPECIFIED., .F., .F.,
 ( 4, 2, 4 ),
 ( 2.453269466693398698E-18, 0.0004707615873786310189, 0.0009415231747572596526 ),
 .UNSPECIFIED. ) ;
#5316 = CARTESIAN_POINT ( 'NONE',  ( -10.50000000000000000, 91.28903536629340465, -14.59999999999999964 ) ) ;
#5317 = AXIS2_PLACEMENT_3D ( 'NONE', #2157, #3436, #641 ) ;
#5318 = AXIS2_PLACEMENT_3D ( 'NONE', #5431, #3443, #2166 ) ;
#5319 = DIRECTION ( 'NONE',  ( -1.000000000000000000, -0.000000000000000000, 0.000000000000000000 ) ) ;
#5320 = LINE ( 'NONE', #3589, #1583 ) ;
#5321 = ORIENTED_EDGE ( 'NONE', *, *, #6017, .T. ) ;
#5322 = ORIENTED_EDGE ( 'NONE', *, *, #3460, .F. ) ;
#5323 = CIRCLE ( 'NONE', #5040, 0.8000000000000003775 ) ;
#5324 = AXIS2_PLACEMENT_3D ( 'NONE', #259, #619, #1582 ) ;
#5325 = CARTESIAN_POINT ( 'NONE',  ( -9.099999999999996092, 133.9999999999999716, -14.50000000000000000 ) ) ;
#5326 = CARTESIAN_POINT ( 'NONE',  ( 8.294492849770294995, 87.53368521092758670, -13.22222766388086690 ) ) ;
#5327 = EDGE_CURVE ( 'NONE', #5641, #2753, #3050, .T. ) ;
#5328 = CARTESIAN_POINT ( 'NONE',  ( -10.68542503074048788, 89.72399783774865512, -13.79999999999999893 ) ) ;
#5329 = DIRECTION ( 'NONE',  ( -0.000000000000000000, -0.000000000000000000, -1.000000000000000000 ) ) ;
#5330 = DIRECTION ( 'NONE',  ( 0.000000000000000000, 0.000000000000000000, 1.000000000000000000 ) ) ;
#5331 = VERTEX_POINT ( 'NONE', #4497 ) ;
#5332 = ADVANCED_FACE ( 'NONE', ( #4985 ), #5017, .T. ) ;
#5333 = EDGE_CURVE ( 'NONE', #4006, #3356, #4516, .T. ) ;
#5334 = DIRECTION ( 'NONE',  ( 0.000000000000000000, 0.000000000000000000, 1.000000000000000000 ) ) ;
#5335 = CYLINDRICAL_SURFACE ( 'NONE', #972, 0.8000000000000069278 ) ;
#5336 = ORIENTED_EDGE ( 'NONE', *, *, #4889, .F. ) ;
#5337 = ORIENTED_EDGE ( 'NONE', *, *, #3549, .F. ) ;
#5338 = EDGE_LOOP ( 'NONE', ( #1565, #2226, #3123, #4929, #3758 ) ) ;
#5339 =( BOUNDED_CURVE ( )  B_SPLINE_CURVE ( 3, ( #1629, #5348, #1177, #715 ),
 .UNSPECIFIED., .F., .T. ) 
 B_SPLINE_CURVE_WITH_KNOTS ( ( 4, 4 ),
 ( 5.006478907158418146, 6.283185307179586232 ),
 .UNSPECIFIED. ) 
 CURVE ( )  GEOMETRIC_REPRESENTATION_ITEM ( )  RATIONAL_B_SPLINE_CURVE ( ( 1.000000000000000000, 0.8687187541764395116, 0.8687187541764395116, 1.000000000000000000 ) ) 
 REPRESENTATION_ITEM ( '' )  );
#5340 = DIRECTION ( 'NONE',  ( -0.000000000000000000, -0.000000000000000000, -1.000000000000000000 ) ) ;
#5341 = CARTESIAN_POINT ( 'NONE',  ( -4.859310793871704170, 132.5000000000000000, -13.03434692751180002 ) ) ;
#5342 = DIRECTION ( 'NONE',  ( -0.000000000000000000, -0.000000000000000000, -1.000000000000000000 ) ) ;
#5343 = CARTESIAN_POINT ( 'NONE',  ( 27.55567349350107875, 125.7363823588883491, -12.31221975560984205 ) ) ;
#5344 = DIRECTION ( 'NONE',  ( -1.000000000000000000, -0.000000000000000000, 0.000000000000000000 ) ) ;
#5345 = VERTEX_POINT ( 'NONE', #4531 ) ;
#5346 = ORIENTED_EDGE ( 'NONE', *, *, #280, .T. ) ;
#5347 = DIRECTION ( 'NONE',  ( 0.000000000000000000, 1.000000000000000000, 0.000000000000000000 ) ) ;
#5348 = CARTESIAN_POINT ( 'NONE',  ( 7.662902329198328921, 88.50000000000000000, -13.14038834024219327 ) ) ;
#5349 = CARTESIAN_POINT ( 'NONE',  ( -31.50000000000000000, 126.0000000000000000, 23.01471862576142868 ) ) ;
#5350 = ORIENTED_EDGE ( 'NONE', *, *, #4083, .F. ) ;
#5351 = EDGE_LOOP ( 'NONE', ( #3155, #4248, #329, #504, #60 ) ) ;
#5352 = CARTESIAN_POINT ( 'NONE',  ( -9.000000000000001776, 91.28903536629340465, -13.79999999999999893 ) ) ;
#5353 = PLANE ( 'NONE',  #2196 ) ;
#5354 = DIRECTION ( 'NONE',  ( 1.000000000000000000, 0.000000000000000000, 0.000000000000000000 ) ) ;
#5355 = DIRECTION ( 'NONE',  ( 0.000000000000000000, 0.000000000000000000, 1.000000000000000000 ) ) ;
#5356 = EDGE_LOOP ( 'NONE', ( #161, #5860, #2483, #3273, #1420 ) ) ;
#5357 = ADVANCED_FACE ( 'NONE', ( #2736 ), #51, .T. ) ;
#5358 = EDGE_CURVE ( 'NONE', #5515, #668, #430, .T. ) ;
#5359 = CARTESIAN_POINT ( 'NONE',  ( 6.500000000000000000, 88.50000000000000000, -14.50000000000000000 ) ) ;
#5360 = DIRECTION ( 'NONE',  ( 0.000000000000000000, 1.000000000000000000, 0.000000000000000000 ) ) ;
#5361 = CARTESIAN_POINT ( 'NONE',  ( 22.90000000000000213, 136.1999999999999886, -12.30000000000000249 ) ) ;
#5362 = EDGE_CURVE ( 'NONE', #18, #4130, #823, .T. ) ;
#5363 = VERTEX_POINT ( 'NONE', #4129 ) ;
#5364 = ORIENTED_EDGE ( 'NONE', *, *, #3065, .T. ) ;
#5365 = CARTESIAN_POINT ( 'NONE',  ( 7.662902329198325369, 132.5000000000000000, -13.14038834024218261 ) ) ;
#5366 = DIRECTION ( 'NONE',  ( 0.000000000000000000, 0.000000000000000000, 1.000000000000000000 ) ) ;
#5367 = LINE ( 'NONE', #5890, #1296 ) ;
#5368 = CARTESIAN_POINT ( 'NONE',  ( 121.8344983984421503, 126.0000000000000000, 121.8344983984421503 ) ) ;
#5369 = FACE_OUTER_BOUND ( 'NONE', #3485, .T. ) ;
#5370 = ORIENTED_EDGE ( 'NONE', *, *, #2728, .F. ) ;
#5371 = VERTEX_POINT ( 'NONE', #2713 ) ;
#5372 = ADVANCED_FACE ( 'NONE', ( #4568 ), #2214, .T. ) ;
#5373 = AXIS2_PLACEMENT_3D ( 'NONE', #4153, #473, #2323 ) ;
#5374 = DIRECTION ( 'NONE',  ( 0.000000000000000000, 0.000000000000000000, 1.000000000000000000 ) ) ;
#5375 = CIRCLE ( 'NONE', #2165, 2.199999999999998845 ) ;
#5376 = DIRECTION ( 'NONE',  ( 0.000000000000000000, 1.000000000000000000, 0.000000000000000000 ) ) ;
#5377 = CARTESIAN_POINT ( 'NONE',  ( -121.8344983984421361, 142.5000000000000000, 121.8344983984421503 ) ) ;
#5378 = ORIENTED_EDGE ( 'NONE', *, *, #4387, .T. ) ;
#5379 = ORIENTED_EDGE ( 'NONE', *, *, #1608, .T. ) ;
#5380 = CIRCLE ( 'NONE', #3145, 2.199999999999998845 ) ;
#5381 = AXIS2_PLACEMENT_3D ( 'NONE', #3398, #1001, #149 ) ;
#5382 = CARTESIAN_POINT ( 'NONE',  ( 26.00597739589540680, 124.4028076199054311, -12.63835277345118868 ) ) ;
#5383 = DIRECTION ( 'NONE',  ( 0.000000000000000000, 1.000000000000000000, 0.000000000000000000 ) ) ;
#5384 = CARTESIAN_POINT ( 'NONE',  ( -121.8344983984421646, 142.5000000000000000, -121.8344983984421361 ) ) ;
#5385 = CARTESIAN_POINT ( 'NONE',  ( 9.099999999999997868, 136.1999999999999886, -16.69999999999999929 ) ) ;
#5386 = AXIS2_PLACEMENT_3D ( 'NONE', #3122, #4, #880 ) ;
#5387 = ORIENTED_EDGE ( 'NONE', *, *, #608, .F. ) ;
#5388 = CIRCLE ( 'NONE', #2472, 6.200000000000007283 ) ;
#5389 = DIRECTION ( 'NONE',  ( 0.000000000000000000, 0.000000000000000000, 1.000000000000000000 ) ) ;
#5390 = CARTESIAN_POINT ( 'NONE',  ( 9.099999999999996092, 85.70000000000000284, -14.50000000000000000 ) ) ;
#5391 = EDGE_LOOP ( 'NONE', ( #3406, #1387, #5796, #5835, #478 ) ) ;
#5392 = ORIENTED_EDGE ( 'NONE', *, *, #573, .T. ) ;
#5393 = LOCAL_TIME ( 17, 50, 24.00000000000000000, #2344 ) ;
#5394 = EDGE_LOOP ( 'NONE', ( #1383, #218 ) ) ;
#5395 = CIRCLE ( 'NONE', #4133, 0.8000000000000003775 ) ;
#5396 = DIRECTION ( 'NONE',  ( 0.000000000000000000, 1.000000000000000000, 0.000000000000000000 ) ) ;
#5397 = DIRECTION ( 'NONE',  ( 1.000000000000000000, 0.000000000000000000, 0.000000000000000000 ) ) ;
#5398 = EDGE_CURVE ( 'NONE', #5091, #1903, #3216, .T. ) ;
#5399 = DIRECTION ( 'NONE',  ( 0.000000000000000000, 0.000000000000000000, 1.000000000000000000 ) ) ;
#5400 = ADVANCED_FACE ( 'NONE', ( #3637 ), #849, .T. ) ;
#5401 = DIRECTION ( 'NONE',  ( 1.000000000000000000, 0.000000000000000000, 0.000000000000000000 ) ) ;
#5402 = DIRECTION ( 'NONE',  ( 0.000000000000000000, -0.000000000000000000, 1.000000000000000000 ) ) ;
#5403 = VERTEX_POINT ( 'NONE', #3244 ) ;
#5404 = ORIENTED_EDGE ( 'NONE', *, *, #1242, .T. ) ;
#5405 = CIRCLE ( 'NONE', #4725, 2.300000000000002487 ) ;
#5406 = EDGE_CURVE ( 'NONE', #656, #466, #1309, .T. ) ;
#5407 = ORIENTED_EDGE ( 'NONE', *, *, #3327, .F. ) ;
#5408 = CARTESIAN_POINT ( 'NONE',  ( -31.55894046480676352, 126.0000000000000000, -31.55894046480676352 ) ) ;
#5409 = CARTESIAN_POINT ( 'NONE',  ( -2.900809762560546901, 130.7316412827575220, -13.79999999999999893 ) ) ;
#5410 = ORIENTED_EDGE ( 'NONE', *, *, #2834, .T. ) ;
#5411 = CIRCLE ( 'NONE', #5597, 0.8000000000000003775 ) ;
#5412 = EDGE_CURVE ( 'NONE', #758, #3308, #5772, .T. ) ;
#5413 = ORIENTED_EDGE ( 'NONE', *, *, #2491, .F. ) ;
#5414 = ADVANCED_FACE ( 'NONE', ( #4164 ), #2762, .T. ) ;
#5415 = CIRCLE ( 'NONE', #3567, 0.8000000000000003775 ) ;
#5416 = DIRECTION ( 'NONE',  ( -1.000000000000000000, 0.000000000000000000, 0.000000000000000000 ) ) ;
#5417 = TOROIDAL_SURFACE ( 'NONE', #2970, 4.000000000000000888, 2.199999999999998845 ) ;
#5418 = CYLINDRICAL_SURFACE ( 'NONE', #6002, 0.8000000000000003775 ) ;
#5419 = CARTESIAN_POINT ( 'NONE',  ( 9.099999999999997868, 86.10000000000000853, -14.50000000000000000 ) ) ;
#5420 = CARTESIAN_POINT ( 'NONE',  ( 4.586004223216036735, 87.42271820727202680, -13.41527876094678362 ) ) ;
#5421 = AXIS2_PLACEMENT_3D ( 'NONE', #309, #5877, #4906 ) ;
#5422 = ORIENTED_EDGE ( 'NONE', *, *, #1532, .F. ) ;
#5423 = CIRCLE ( 'NONE', #2212, 0.8000000000000003775 ) ;
#5424 = PLANE ( 'NONE',  #2592 ) ;
#5425 = CARTESIAN_POINT ( 'NONE',  ( -19.50000000000000355, 83.50000000000000000, -14.50000000000000000 ) ) ;
#5426 = TOROIDAL_SURFACE ( 'NONE', #4162, 2.599999999999991207, 2.199999999999999734 ) ;
#5427 = ORIENTED_EDGE ( 'NONE', *, *, #1894, .T. ) ;
#5428 = ORIENTED_EDGE ( 'NONE', *, *, #2567, .F. ) ;
#5429 = VERTEX_POINT ( 'NONE', #2298 ) ;
#5430 = DIRECTION ( 'NONE',  ( 1.000000000000000000, 0.000000000000000000, 0.000000000000000000 ) ) ;
#5431 = CARTESIAN_POINT ( 'NONE',  ( -31.55894046480676352, 126.0000000000000000, -31.55894046480676352 ) ) ;
#5432 = DIRECTION ( 'NONE',  ( -1.000000000000000000, 0.000000000000000000, 0.000000000000000000 ) ) ;
#5433 = DIRECTION ( 'NONE',  ( 0.000000000000000000, 0.000000000000000000, -1.000000000000000000 ) ) ;
#5434 = DIRECTION ( 'NONE',  ( 0.000000000000000000, 0.000000000000000000, 1.000000000000000000 ) ) ;
#5435 = CARTESIAN_POINT ( 'NONE',  ( 10.50000000000000000, 127.5000000000000000, -14.59999999999999964 ) ) ;
#5436 = VERTEX_POINT ( 'NONE', #1331 ) ;
#5437 = ORIENTED_EDGE ( 'NONE', *, *, #360, .T. ) ;
#5438 = EDGE_CURVE ( 'NONE', #4793, #3120, #3248, .T. ) ;
#5439 = EDGE_CURVE ( 'NONE', #3052, #3111, #3420, .T. ) ;
#5440 = EDGE_LOOP ( 'NONE', ( #4694, #2062, #3806, #4069, #1702, #5490 ) ) ;
#5441 = PLANE ( 'NONE',  #4046 ) ;
#5442 = CARTESIAN_POINT ( 'NONE',  ( 27.50000000000000000, 122.0000000000000000, -14.50000000000000000 ) ) ;
#5443 = ORIENTED_EDGE ( 'NONE', *, *, #4700, .F. ) ;
#5444 = ADVANCED_FACE ( 'NONE', ( #1779 ), #4712, .T. ) ;
#5445 = ORIENTED_EDGE ( 'NONE', *, *, #3532, .T. ) ;
#5446 = CARTESIAN_POINT ( 'NONE',  ( 4.301515386567616339, 133.0381064575307732, -14.39421388467510710 ) ) ;
#5447 = DIRECTION ( 'NONE',  ( -1.000000000000000000, 0.000000000000000000, 0.000000000000000000 ) ) ;
#5448 = DIRECTION ( 'NONE',  ( 0.000000000000000000, 1.000000000000000000, 0.000000000000000000 ) ) ;
#5449 = CARTESIAN_POINT ( 'NONE',  ( 4.776088314626258935, 87.59922486358152582, -13.13320502597065165 ) ) ;
#5450 = ORIENTED_EDGE ( 'NONE', *, *, #4176, .T. ) ;
#5451 = CARTESIAN_POINT ( 'NONE',  ( -25.10562162857277713, 124.2749669945402786, -12.40623804710916112 ) ) ;
#5452 = DIRECTION ( 'NONE',  ( 0.000000000000000000, 0.000000000000000000, 1.000000000000000000 ) ) ;
#5453 = CARTESIAN_POINT ( 'NONE',  ( -7.958421574146513855, 132.5000000000000000, -14.70316441953408670 ) ) ;
#5454 = VERTEX_POINT ( 'NONE', #2136 ) ;
#5455 = EDGE_LOOP ( 'NONE', ( #2527, #3531 ) ) ;
#5456 = CARTESIAN_POINT ( 'NONE',  ( 4.844068354582436342, 87.71609866132102695, -13.04746313528521462 ) ) ;
#5457 = DIRECTION ( 'NONE',  ( 0.000000000000000000, 0.000000000000000000, 1.000000000000000000 ) ) ;
#5458 = CARTESIAN_POINT ( 'NONE',  ( 27.49999999999999645, 126.0000000000000000, -16.69999999999999929 ) ) ;
#5459 = CARTESIAN_POINT ( 'NONE',  ( 6.500000000000000000, 130.3000000000000114, -13.00000000000000000 ) ) ;
#5460 = ORIENTED_EDGE ( 'NONE', *, *, #2007, .F. ) ;
#5461 = ORIENTED_EDGE ( 'NONE', *, *, #3868, .T. ) ;
#5462 = ORIENTED_EDGE ( 'NONE', *, *, #1081, .T. ) ;
#5463 = DIRECTION ( 'NONE',  ( 0.000000000000000000, 1.000000000000000000, 0.000000000000000000 ) ) ;
#5464 = DIRECTION ( 'NONE',  ( 0.000000000000000000, 0.000000000000000000, -1.000000000000000000 ) ) ;
#5465 = ORIENTED_EDGE ( 'NONE', *, *, #3996, .T. ) ;
#5466 = ADVANCED_FACE ( 'NONE', ( #2663 ), #2564, .T. ) ;
#5467 = ORIENTED_EDGE ( 'NONE', *, *, #669, .F. ) ;
#5468 = VECTOR ( 'NONE', #2379, 1000.000000000000000 ) ;
#5469 = CARTESIAN_POINT ( 'NONE',  ( 2.900809762560546901, 130.7316412827575220, -13.79999999999999893 ) ) ;
#5470 = EDGE_CURVE ( 'NONE', #1743, #4446, #4524, .T. ) ;
#5471 = CARTESIAN_POINT ( 'NONE',  ( -22.90000000000000213, 136.1999999999999886, -14.50000000000000000 ) ) ;
#5472 = ADVANCED_FACE ( 'NONE', ( #1618 ), #2855, .T. ) ;
#5473 = DIRECTION ( 'NONE',  ( 1.000000000000000000, -6.672013369141589869E-16, 0.000000000000000000 ) ) ;
#5474 = CARTESIAN_POINT ( 'NONE',  ( -4.301462242284648241, 88.50000000000000000, -14.58019805421551318 ) ) ;
#5475 = AXIS2_PLACEMENT_3D ( 'NONE', #2230, #4879, #5432 ) ;
#5476 = ORIENTED_EDGE ( 'NONE', *, *, #223, .T. ) ;
#5477 = AXIS2_PLACEMENT_3D ( 'NONE', #3805, #5651, #3380 ) ;
#5478 = DIRECTION ( 'NONE',  ( -1.000000000000000000, -6.672013369141589869E-16, 0.000000000000000000 ) ) ;
#5479 = CARTESIAN_POINT ( 'NONE',  ( -2.500000000000000000, 129.7109646337065954, -13.00000000000000000 ) ) ;
#5480 = FACE_OUTER_BOUND ( 'NONE', #4290, .T. ) ;
#5481 = ORIENTED_EDGE ( 'NONE', *, *, #3357, .T. ) ;
#5482 = ADVANCED_FACE ( 'NONE', ( #3575 ), #4617, .T. ) ;
#5483 = DIRECTION ( 'NONE',  ( 0.000000000000000000, 0.000000000000000000, 1.000000000000000000 ) ) ;
#5484 = DIRECTION ( 'NONE',  ( 0.7071067811865474617, 0.000000000000000000, 0.7071067811865474617 ) ) ;
#5485 = CYLINDRICAL_SURFACE ( 'NONE', #5861, 2.199999999999998845 ) ;
#5486 = AXIS2_PLACEMENT_3D ( 'NONE', #589, #2870, #2040 ) ;
#5487 = DIRECTION ( 'NONE',  ( 0.000000000000000000, -1.000000000000000000, 0.000000000000000000 ) ) ;
#5488 = VERTEX_POINT ( 'NONE', #2533 ) ;
#5489 = AXIS2_PLACEMENT_3D ( 'NONE', #983, #3804, #3379 ) ;
#5490 = ORIENTED_EDGE ( 'NONE', *, *, #902, .F. ) ;
#5491 = CC_DESIGN_APPROVAL ( #5547, ( #348 ) ) ;
#5492 = AXIS2_PLACEMENT_3D ( 'NONE', #1425, #117, #509 ) ;
#5493 = ORIENTED_EDGE ( 'NONE', *, *, #5900, .F. ) ;
#5494 = DIRECTION ( 'NONE',  ( 0.000000000000000000, 0.000000000000000000, -1.000000000000000000 ) ) ;
#5495 = CARTESIAN_POINT ( 'NONE',  ( 8.413995776783938396, 87.42271820727205522, -13.41527876094672500 ) ) ;
#5496 = ORIENTED_EDGE ( 'NONE', *, *, #2574, .F. ) ;
#5497 = ORIENTED_EDGE ( 'NONE', *, *, #3504, .T. ) ;
#5498 = AXIS2_PLACEMENT_3D ( 'NONE', #5613, #1059, #3731 ) ;
#5499 = CARTESIAN_POINT ( 'NONE',  ( 27.40608137827933177, 125.4243891874813386, -12.37465239443248244 ) ) ;
#5500 = DIRECTION ( 'NONE',  ( 1.000000000000000000, 0.000000000000000000, 0.000000000000000000 ) ) ;
#5501 = AXIS2_PLACEMENT_3D ( 'NONE', #2808, #5434, #2667 ) ;
#5502 = VECTOR ( 'NONE', #3272, 1000.000000000000000 ) ;
#5503 = CYLINDRICAL_SURFACE ( 'NONE', #730, 2.199999999999998845 ) ;
#5504 = DIRECTION ( 'NONE',  ( 0.000000000000000000, 0.000000000000000000, 1.000000000000000000 ) ) ;
#5505 = EDGE_LOOP ( 'NONE', ( #3600, #4044, #2904, #391, #2482 ) ) ;
#5506 = AXIS2_PLACEMENT_3D ( 'NONE', #3128, #1785, #3593 ) ;
#5507 = AXIS2_PLACEMENT_3D ( 'NONE', #2242, #791, #2269 ) ;
#5508 = EDGE_CURVE ( 'NONE', #4784, #4667, #341, .T. ) ;
#5509 = EDGE_CURVE ( 'NONE', #862, #1837, #3204, .T. ) ;
#5510 = FACE_OUTER_BOUND ( 'NONE', #5983, .T. ) ;
#5511 = CARTESIAN_POINT ( 'NONE',  ( 2.900809762560553562, 90.26835871724247795, -13.79999999999999893 ) ) ;
#5512 = DIRECTION ( 'NONE',  ( 0.000000000000000000, 1.000000000000000000, 0.000000000000000000 ) ) ;
#5513 = AXIS2_PLACEMENT_3D ( 'NONE', #523, #2378, #4726 ) ;
#5514 = AXIS2_PLACEMENT_3D ( 'NONE', #3249, #63, #31 ) ;
#5515 = VERTEX_POINT ( 'NONE', #3141 ) ;
#5516 = EDGE_CURVE ( 'NONE', #2319, #5556, #4521, .T. ) ;
#5517 = EDGE_CURVE ( 'NONE', #3111, #4817, #891, .T. ) ;
#5518 = CIRCLE ( 'NONE', #5231, 0.8000000000000003775 ) ;
#5519 = CARTESIAN_POINT ( 'NONE',  ( 4.896878245353221359, 88.18843993134835557, -12.99329253978669030 ) ) ;
#5520 = DIRECTION ( 'NONE',  ( 0.000000000000000000, -1.000000000000000000, 0.000000000000000000 ) ) ;
#5521 = DIRECTION ( 'NONE',  ( 0.000000000000000000, 1.000000000000000000, 0.000000000000000000 ) ) ;
#5522 = CARTESIAN_POINT ( 'NONE',  ( 4.776088314626300679, 133.4007751364184173, -13.13320502597061434 ) ) ;
#5523 = ORIENTED_EDGE ( 'NONE', *, *, #5859, .F. ) ;
#5524 = ORIENTED_EDGE ( 'NONE', *, *, #5770, .T. ) ;
#5525 = DIRECTION ( 'NONE',  ( 0.000000000000000000, 0.000000000000000000, 1.000000000000000000 ) ) ;
#5526 = DIRECTION ( 'NONE',  ( 1.000000000000000000, -6.672013369141552398E-16, 0.000000000000000000 ) ) ;
#5527 = ORIENTED_EDGE ( 'NONE', *, *, #4626, .T. ) ;
#5528 = EDGE_CURVE ( 'NONE', #3283, #5013, #3925, .T. ) ;
#5529 = ORIENTED_EDGE ( 'NONE', *, *, #1017, .T. ) ;
#5530 = FACE_OUTER_BOUND ( 'NONE', #1396, .T. ) ;
#5531 = CARTESIAN_POINT ( 'NONE',  ( -8.140689206128277178, 88.50000000000000000, -13.03434692751179114 ) ) ;
#5532 = CARTESIAN_POINT ( 'NONE',  ( 9.099999999999997868, 136.1999999999999886, -14.50000000000000000 ) ) ;
#5533 = CARTESIAN_POINT ( 'NONE',  ( -19.50000000000000355, 83.50000000000000000, -14.50000000000000000 ) ) ;
#5534 = ORIENTED_EDGE ( 'NONE', *, *, #5557, .T. ) ;
#5535 = CARTESIAN_POINT ( 'NONE',  ( -25.49999999999999645, 124.2918265716061086, -12.51963939542628879 ) ) ;
#5536 = CARTESIAN_POINT ( 'NONE',  ( 6.500000000000000000, 93.50000000000000000, -13.79999999999999893 ) ) ;
#5537 = CARTESIAN_POINT ( 'NONE',  ( -8.700145089673309684, 88.27615686384550031, -14.53332281104960266 ) ) ;
#5538 = CARTESIAN_POINT ( 'NONE',  ( -2.500000000000000000, 91.28903536629340465, -14.59999999999999964 ) ) ;
#5539 = EDGE_CURVE ( 'NONE', #466, #5608, #776, .T. ) ;
#5540 = ORIENTED_EDGE ( 'NONE', *, *, #4843, .T. ) ;
#5541 = EDGE_CURVE ( 'NONE', #2790, #4861, #4034, .T. ) ;
#5542 = CALENDAR_DATE ( 2026, 29, 9 ) ;
#5543 = DIRECTION ( 'NONE',  ( 0.000000000000000000, 1.000000000000000000, 0.000000000000000000 ) ) ;
#5544 = DIRECTION ( 'NONE',  ( 0.000000000000000000, 0.000000000000000000, 1.000000000000000000 ) ) ;
#5545 = DIRECTION ( 'NONE',  ( 0.000000000000000000, 0.000000000000000000, -1.000000000000000000 ) ) ;
#5546 = EDGE_CURVE ( 'NONE', #4098, #5958, #5240, .T. ) ;
#5547 = APPROVAL ( #1492, 'UNSPECIFIED' ) ;
#5548 = FACE_OUTER_BOUND ( 'NONE', #168, .T. ) ;
#5549 = ORIENTED_EDGE ( 'NONE', *, *, #2342, .T. ) ;
#5550 = ORIENTED_EDGE ( 'NONE', *, *, #2274, .T. ) ;
#5551 = DIRECTION ( 'NONE',  ( 0.000000000000000000, 0.000000000000000000, 1.000000000000000000 ) ) ;
#5552 = ORIENTED_EDGE ( 'NONE', *, *, #3055, .F. ) ;
#5553 = DIRECTION ( 'NONE',  ( -0.2202608714346437624, 0.000000000000000000, -0.9754410020677064530 ) ) ;
#5554 = DIRECTION ( 'NONE',  ( 0.000000000000000000, -1.000000000000000000, 0.000000000000000000 ) ) ;
#5555 = ORIENTED_EDGE ( 'NONE', *, *, #5546, .T. ) ;
#5556 = VERTEX_POINT ( 'NONE', #3230 ) ;
#5557 = EDGE_CURVE ( 'NONE', #3638, #5331, #4132, .T. ) ;
#5558 = PLANE ( 'NONE',  #560 ) ;
#5559 = DIRECTION ( 'NONE',  ( 0.000000000000000000, 0.000000000000000000, -1.000000000000000000 ) ) ;
#5560 = CARTESIAN_POINT ( 'NONE',  ( 2.500000000000000000, 93.50000000000000000, -13.79999999999999893 ) ) ;
#5561 = CARTESIAN_POINT ( 'NONE',  ( 9.099999999999997868, 83.50000000000000000, -14.50000000000000000 ) ) ;
#5562 = ORIENTED_EDGE ( 'NONE', *, *, #3238, .F. ) ;
#5563 = CYLINDRICAL_SURFACE ( 'NONE', #2702, 0.8000000000000003775 ) ;
#5564 = CARTESIAN_POINT ( 'NONE',  ( 8.682628827602080435, 133.3141926439696476, -14.19302672478168326 ) ) ;
#5565 = VECTOR ( 'NONE', #3753, 1000.000000000000000 ) ;
#5566 = CARTESIAN_POINT ( 'NONE',  ( -8.699182303451303611, 88.38616338145925511, -14.56252857144646384 ) ) ;
#5567 = FACE_OUTER_BOUND ( 'NONE', #4042, .T. ) ;
#5568 = TOROIDAL_SURFACE ( 'NONE', #612, 6.000000000000001776, 2.200000000000000622 ) ;
#5569 = ORIENTED_EDGE ( 'NONE', *, *, #2274, .F. ) ;
#5570 = CIRCLE ( 'NONE', #2936, 2.199999999999998845 ) ;
#5571 = CARTESIAN_POINT ( 'NONE',  ( 6.500000000000000000, 88.50000000000000000, -14.50000000000000000 ) ) ;
#5572 = VECTOR ( 'NONE', #4443, 1000.000000000000000 ) ;
#5573 = CYLINDRICAL_SURFACE ( 'NONE', #754, 0.8000000000000003775 ) ;
#5574 = CARTESIAN_POINT ( 'NONE',  ( -9.700000000000001066, 91.28903536629340465, -13.79999999999999893 ) ) ;
#5575 = CYLINDRICAL_SURFACE ( 'NONE', #643, 2.199999999999998845 ) ;
#5576 = ORIENTED_EDGE ( 'NONE', *, *, #5963, .F. ) ;
#5577 = CIRCLE ( 'NONE', #3634, 2.200000000000000622 ) ;
#5578 = ORIENTED_EDGE ( 'NONE', *, *, #3239, .T. ) ;
#5579 = EDGE_CURVE ( 'NONE', #284, #3125, #1978, .T. ) ;
#5580 = CARTESIAN_POINT ( 'NONE',  ( 121.8344983984421077, 142.5000000000000000, -119.6344983984421759 ) ) ;
#5581 = TOROIDAL_SURFACE ( 'NONE', #624, 4.500000000000000888, 2.200000000000000622 ) ;
#5582 = LINE ( 'NONE', #89, #1605 ) ;
#5583 = AXIS2_PLACEMENT_3D ( 'NONE', #1569, #4351, #764 ) ;
#5584 = CARTESIAN_POINT ( 'NONE',  ( 31.50000000000000000, 126.0000000000000000, 23.01471862576142868 ) ) ;
#5585 = ORIENTED_EDGE ( 'NONE', *, *, #4700, .T. ) ;
#5586 = ORIENTED_EDGE ( 'NONE', *, *, #4666, .F. ) ;
#5587 = EDGE_CURVE ( 'NONE', #2160, #1899, #3571, .T. ) ;
#5588 = AXIS2_PLACEMENT_3D ( 'NONE', #5560, #3222, #1393 ) ;
#5589 = CARTESIAN_POINT ( 'NONE',  ( 31.55894046480676352, 126.0000000000000000, -31.55894046480676352 ) ) ;
#5590 = CARTESIAN_POINT ( 'NONE',  ( -8.294492849770296772, 87.53368521092757248, -13.22222766388086868 ) ) ;
#5591 = DIRECTION ( 'NONE',  ( 0.000000000000000000, 0.000000000000000000, -1.000000000000000000 ) ) ;
#5592 = DIRECTION ( 'NONE',  ( -0.7071067811865475727, 0.000000000000000000, -0.7071067811865475727 ) ) ;
#5593 = AXIS2_PLACEMENT_3D ( 'NONE', #3364, #1029, #2872 ) ;
#5594 = ORIENTED_EDGE ( 'NONE', *, *, #314, .F. ) ;
#5595 = VECTOR ( 'NONE', #1078, 1000.000000000000000 ) ;
#5596 = LINE ( 'NONE', #70, #4059 ) ;
#5597 = AXIS2_PLACEMENT_3D ( 'NONE', #2382, #498, #897 ) ;
#5598 = CARTESIAN_POINT ( 'NONE',  ( 27.49999999999999645, 126.0000000000000000, -12.30000000000000249 ) ) ;
#5599 = CARTESIAN_POINT ( 'NONE',  ( -2.500000000000000000, 127.5000000000000000, -13.79999999999999893 ) ) ;
#5600 = AXIS2_PLACEMENT_3D ( 'NONE', #1508, #2398, #4265 ) ;
#5601 = ORIENTED_EDGE ( 'NONE', *, *, #3096, .T. ) ;
#5602 = AXIS2_PLACEMENT_3D ( 'NONE', #2051, #2586, #2085 ) ;
#5603 = DATE_AND_TIME ( #495, #3837 ) ;
#5604 = DIRECTION ( 'NONE',  ( -0.000000000000000000, -0.000000000000000000, -1.000000000000000000 ) ) ;
#5605 = DIRECTION ( 'NONE',  ( 0.6804510993672772123, -0.7327934916262996978, 0.000000000000000000 ) ) ;
#5606 = DIRECTION ( 'NONE',  ( 0.000000000000000000, 0.000000000000000000, 1.000000000000000000 ) ) ;
#5607 = AXIS2_PLACEMENT_3D ( 'NONE', #5170, #172, #5080 ) ;
#5608 = VERTEX_POINT ( 'NONE', #5975 ) ;
#5609 = ORIENTED_EDGE ( 'NONE', *, *, #3898, .T. ) ;
#5610 = AXIS2_PLACEMENT_3D ( 'NONE', #2446, #3845, #5758 ) ;
#5611 = DIRECTION ( 'NONE',  ( 0.000000000000000000, 0.000000000000000000, -1.000000000000000000 ) ) ;
#5612 = CARTESIAN_POINT ( 'NONE',  ( -3.487044555861584794, 130.1872804032636850, -13.79999999999999893 ) ) ;
#5613 = CARTESIAN_POINT ( 'NONE',  ( -6.500000000000000000, 133.5999999999999943, -14.50000000000000000 ) ) ;
#5614 = ORIENTED_EDGE ( 'NONE', *, *, #5541, .T. ) ;
#5615 = ADVANCED_BREP_SHAPE_REPRESENTATION ( 'Harness - Motor Leads', ( #5113, #1027, #4631 ), #1595 ) ;
#5616 = ORIENTED_EDGE ( 'NONE', *, *, #4110, .F. ) ;
#5617 = ADVANCED_FACE ( 'NONE', ( #1348 ), #3054, .T. ) ;
#5618 = ORIENTED_EDGE ( 'NONE', *, *, #323, .T. ) ;
#5619 = EDGE_CURVE ( 'NONE', #4253, #4323, #5388, .T. ) ;
#5620 = CARTESIAN_POINT ( 'NONE',  ( 4.879302704186041950, 133.1269346546310715, -13.01221405900394501 ) ) ;
#5621 = CARTESIAN_POINT ( 'NONE',  ( 27.69999999999999574, 133.6000000000000227, -14.50000000000000000 ) ) ;
#5622 = DIRECTION ( 'NONE',  ( 0.6804510993672802099, 0.7327934916262970333, 0.000000000000000000 ) ) ;
#5623 = DIRECTION ( 'NONE',  ( 1.000000000000000000, 0.000000000000000000, 0.000000000000000000 ) ) ;
#5624 = EDGE_CURVE ( 'NONE', #832, #4904, #1800, .T. ) ;
#5625 = ORIENTED_EDGE ( 'NONE', *, *, #4467, .F. ) ;
#5626 = CARTESIAN_POINT ( 'NONE',  ( 4.299999999999998046, 86.10000000000000853, -14.50000000000000000 ) ) ;
#5627 = DIRECTION ( 'NONE',  ( 0.000000000000000000, 1.000000000000000000, 0.000000000000000000 ) ) ;
#5628 = DIRECTION ( 'NONE',  ( 0.6804510993672792107, 0.7327934916262980325, 0.000000000000000000 ) ) ;
#5629 = CARTESIAN_POINT ( 'NONE',  ( -2.900809762560553562, 90.26835871724247795, -13.79999999999999893 ) ) ;
#5630 = ORIENTED_EDGE ( 'NONE', *, *, #2203, .F. ) ;
#5631 = EDGE_CURVE ( 'NONE', #5927, #5039, #1402, .T. ) ;
#5632 = DIRECTION ( 'NONE',  ( -1.000000000000000000, 0.000000000000000000, 0.000000000000000000 ) ) ;
#5633 = CARTESIAN_POINT ( 'NONE',  ( 23.80108941225518393, 125.1266931827445461, -12.45825865402674815 ) ) ;
#5634 = FACE_OUTER_BOUND ( 'NONE', #5011, .T. ) ;
#5635 = EDGE_LOOP ( 'NONE', ( #3019, #5105, #298, #3329, #2439, #1645 ) ) ;
#5636 = ORIENTED_EDGE ( 'NONE', *, *, #1945, .T. ) ;
#5637 = DIRECTION ( 'NONE',  ( -1.000000000000000000, -0.000000000000000000, 0.000000000000000000 ) ) ;
#5638 = DIRECTION ( 'NONE',  ( 0.000000000000000000, 0.000000000000000000, 1.000000000000000000 ) ) ;
#5639 = CARTESIAN_POINT ( 'NONE',  ( 30.52740146318887682, 126.0000000000000000, -17.67620869714771459 ) ) ;
#5640 = VERTEX_POINT ( 'NONE', #963 ) ;
#5641 = VERTEX_POINT ( 'NONE', #382 ) ;
#5642 = DIRECTION ( 'NONE',  ( 1.000000000000000000, 0.000000000000000000, 0.000000000000000000 ) ) ;
#5643 = DIRECTION ( 'NONE',  ( -1.000000000000000000, -6.672013369141552398E-16, 0.000000000000000000 ) ) ;
#5644 = DIRECTION ( 'NONE',  ( 0.000000000000000000, 0.000000000000000000, -1.000000000000000000 ) ) ;
#5645 = ORIENTED_EDGE ( 'NONE', *, *, #2984, .F. ) ;
#5646 = ADVANCED_FACE ( 'NONE', ( #2345 ), #2286, .T. ) ;
#5647 = DIRECTION ( 'NONE',  ( -0.6804510993672772123, -0.7327934916262996978, 0.000000000000000000 ) ) ;
#5648 = EDGE_CURVE ( 'NONE', #4756, #4426, #2947, .T. ) ;
#5649 = CARTESIAN_POINT ( 'NONE',  ( -23.50000000000000000, 87.50000000000000000, -14.50000000000000000 ) ) ;
#5650 = FACE_OUTER_BOUND ( 'NONE', #2333, .T. ) ;
#5651 = DIRECTION ( 'NONE',  ( 0.000000000000000000, -1.000000000000000000, 0.000000000000000000 ) ) ;
#5652 = EDGE_LOOP ( 'NONE', ( #3714, #5226, #3010, #3848 ) ) ;
#5653 = EDGE_CURVE ( 'NONE', #2240, #4893, #1588, .T. ) ;
#5654 = DATE_AND_TIME ( #2811, #2953 ) ;
#5655 = DIRECTION ( 'NONE',  ( 0.000000000000000000, 0.000000000000000000, 1.000000000000000000 ) ) ;
#5656 = CARTESIAN_POINT ( 'NONE',  ( -27.68715566292457808, 127.8862230682324395, -13.35634140085094224 ) ) ;
#5657 = AXIS2_PLACEMENT_3D ( 'NONE', #4723, #1943, #552 ) ;
#5658 = EDGE_CURVE ( 'NONE', #1668, #3025, #724, .T. ) ;
#5659 = ORIENTED_EDGE ( 'NONE', *, *, #3208, .F. ) ;
#5660 = TOROIDAL_SURFACE ( 'NONE', #4509, 4.000000000000007105, 2.199999999999998845 ) ;
#5661 = ORIENTED_EDGE ( 'NONE', *, *, #5891, .F. ) ;
#5662 = AXIS2_PLACEMENT_3D ( 'NONE', #5533, #3223, #4688 ) ;
#5663 = EDGE_CURVE ( 'NONE', #269, #3342, #1792, .T. ) ;
#5664 = CARTESIAN_POINT ( 'NONE',  ( 2.500000000000000000, 91.28903536629340465, -13.79999999999999893 ) ) ;
#5665 = CARTESIAN_POINT ( 'NONE',  ( 119.5318212471572537, 129.1838735471672805, 119.6344983984421617 ) ) ;
#5666 = DIRECTION ( 'NONE',  ( 0.000000000000000000, 1.000000000000000000, 0.000000000000000000 ) ) ;
#5667 = TOROIDAL_SURFACE ( 'NONE', #5100, 4.000000000000003553, 2.199999999999999734 ) ;
#5668 = CARTESIAN_POINT ( 'NONE',  ( -19.50000000000000355, 81.30000000000001137, -14.50000000000000000 ) ) ;
#5669 = ORIENTED_EDGE ( 'NONE', *, *, #4738, .T. ) ;
#5670 = ORIENTED_EDGE ( 'NONE', *, *, #2695, .F. ) ;
#5671 = AXIS2_PLACEMENT_3D ( 'NONE', #1248, #2995, #4860 ) ;
#5672 = CARTESIAN_POINT ( 'NONE',  ( 120.2788634798317560, 126.0000000000000000, 123.3901333170525447 ) ) ;
#5673 = CARTESIAN_POINT ( 'NONE',  ( -7.365430104311844417, 88.50000000000000000, -13.79999999999999893 ) ) ;
#5674 = CARTESIAN_POINT ( 'NONE',  ( -27.50000000000000000, 122.0000000000000000, -14.50000000000000000 ) ) ;
#5675 = AXIS2_PLACEMENT_3D ( 'NONE', #4029, #1712, #5920 ) ;
#5676 = EDGE_LOOP ( 'NONE', ( #3192, #2696, #4894, #5899, #4131 ) ) ;
#5677 = VECTOR ( 'NONE', #3830, 1000.000000000000000 ) ;
#5678 = CARTESIAN_POINT ( 'NONE',  ( 8.103121754646778641, 132.8115600686516018, -12.99329253978669030 ) ) ;
#5679 = VECTOR ( 'NONE', #4822, 1000.000000000000114 ) ;
#5680 = CARTESIAN_POINT ( 'NONE',  ( 8.585665361461453315, 133.5372818060903626, -13.80000000000004512 ) ) ;
#5681 = AXIS2_PLACEMENT_3D ( 'NONE', #2077, #5319, #1563 ) ;
#5682 = CARTESIAN_POINT ( 'NONE',  ( -25.50000000000000000, 130.5000000000000000, -14.50000000000000000 ) ) ;
#5683 = CARTESIAN_POINT ( 'NONE',  ( -10.50000000000000000, 127.5000000000000000, -13.79999999999999893 ) ) ;
#5684 = ORIENTED_EDGE ( 'NONE', *, *, #1323, .F. ) ;
#5685 = ADVANCED_FACE ( 'NONE', ( #5094 ), #1833, .T. ) ;
#5686 = EDGE_CURVE ( 'NONE', #109, #3342, #2783, .T. ) ;
#5687 = AXIS2_PLACEMENT_3D ( 'NONE', #1539, #4797, #4344 ) ;
#5688 = EDGE_CURVE ( 'NONE', #4656, #905, #2186, .T. ) ;
#5689 = CARTESIAN_POINT ( 'NONE',  ( 8.294492849770268350, 133.4663147890723849, -13.22222766388083137 ) ) ;
#5690 = CARTESIAN_POINT ( 'NONE',  ( 23.58514861584140121, 125.6262382782195886, -12.74189843145189549 ) ) ;
#5691 = CIRCLE ( 'NONE', #1232, 1.799999999999999600 ) ;
#5692 = VECTOR ( 'NONE', #4578, 1000.000000000000000 ) ;
#5693 = EDGE_CURVE ( 'NONE', #5640, #4253, #433, .T. ) ;
#5694 = ORIENTED_EDGE ( 'NONE', *, *, #4136, .F. ) ;
#5695 = EDGE_CURVE ( 'NONE', #3456, #2260, #5776, .T. ) ;
#5696 = ORIENTED_EDGE ( 'NONE', *, *, #1231, .F. ) ;
#5697 = AXIS2_PLACEMENT_3D ( 'NONE', #5255, #4370, #3850 ) ;
#5698 = AXIS2_PLACEMENT_3D ( 'NONE', #4636, #488, #4234 ) ;
#5699 = CARTESIAN_POINT ( 'NONE',  ( 21.30000000000000071, 122.0000000000000000, -14.50000000000000000 ) ) ;
#5700 = FACE_OUTER_BOUND ( 'NONE', #3118, .T. ) ;
#5701 = DIRECTION ( 'NONE',  ( 0.000000000000000000, 0.000000000000000000, 1.000000000000000000 ) ) ;
#5702 = DIRECTION ( 'NONE',  ( 1.000000000000000000, 0.000000000000000000, 0.000000000000000000 ) ) ;
#5703 = ADVANCED_FACE ( 'NONE', ( #1181 ), #153, .T. ) ;
#5704 = ORIENTED_EDGE ( 'NONE', *, *, #2512, .T. ) ;
#5705 = CIRCLE ( 'NONE', #1047, 0.8000000000000003775 ) ;
#5706 = VECTOR ( 'NONE', #435, 1000.000000000000000 ) ;
#5707 = ORIENTED_EDGE ( 'NONE', *, *, #5813, .T. ) ;
#5708 = AXIS2_PLACEMENT_3D ( 'NONE', #2776, #1284, #2745 ) ;
#5709 = CARTESIAN_POINT ( 'NONE',  ( 9.099999999999997868, 136.1999999999999886, -14.50000000000000000 ) ) ;
#5710 = DIRECTION ( 'NONE',  ( 0.9754410020677070081, 0.000000000000000000, 0.2202608714346412921 ) ) ;
#5711 = CYLINDRICAL_SURFACE ( 'NONE', #2174, 2.199999999999998845 ) ;
#5712 = EDGE_CURVE ( 'NONE', #395, #3025, #5837, .T. ) ;
#5713 = VECTOR ( 'NONE', #4871, 1000.000000000000000 ) ;
#5714 = ORIENTED_EDGE ( 'NONE', *, *, #712, .T. ) ;
#5715 = CARTESIAN_POINT ( 'NONE',  ( 22.90000000000000213, 136.1999999999999886, -16.69999999999999929 ) ) ;
#5716 = DIRECTION ( 'NONE',  ( 0.000000000000000000, 0.000000000000000000, 1.000000000000000000 ) ) ;
#5717 = CARTESIAN_POINT ( 'NONE',  ( 9.099999999999997868, 83.50000000000000000, -12.30000000000000249 ) ) ;
#5718 = CARTESIAN_POINT ( 'NONE',  ( 23.50000000000000000, 87.50000000000000000, -14.50000000000000000 ) ) ;
#5719 = CARTESIAN_POINT ( 'NONE',  ( 25.50000000000000000, 130.5000000000000000, -10.00000000000000178 ) ) ;
#5720 = ORIENTED_EDGE ( 'NONE', *, *, #2428, .F. ) ;
#5721 =( BOUNDED_CURVE ( )  B_SPLINE_CURVE ( 3, ( #1666, #2151, #3520, #2972 ),
 .UNSPECIFIED., .F., .T. ) 
 B_SPLINE_CURVE_WITH_KNOTS ( ( 4, 4 ),
 ( 0.000000000000000000, 1.793754733118317679 ),
 .UNSPECIFIED. ) 
 CURVE ( )  GEOMETRIC_REPRESENTATION_ITEM ( )  RATIONAL_B_SPLINE_CURVE ( ( 1.000000000000000000, 0.7493686509943544571, 0.7493686509943544571, 1.000000000000000000 ) ) 
 REPRESENTATION_ITEM ( '' )  );
#5722 = CARTESIAN_POINT ( 'NONE',  ( -1.699999999999999289, 129.7109646337065954, -13.79999999999999893 ) ) ;
#5723 = CARTESIAN_POINT ( 'NONE',  ( -27.61364718628984960, 128.2041180905558519, -14.58446932135520235 ) ) ;
#5724 = EDGE_CURVE ( 'NONE', #4785, #4849, #3156, .T. ) ;
#5725 = ORIENTED_EDGE ( 'NONE', *, *, #2834, .F. ) ;
#5726 = EDGE_CURVE ( 'NONE', #905, #1769, #4536, .T. ) ;
#5727 = ORIENTED_EDGE ( 'NONE', *, *, #5740, .T. ) ;
#5728 = EDGE_LOOP ( 'NONE', ( #5670, #4284, #1276, #4036, #3518, #11 ) ) ;
#5729 = ADVANCED_FACE ( 'NONE', ( #1119 ), #5104, .T. ) ;
#5730 = CYLINDRICAL_SURFACE ( 'NONE', #5228, 2.199999999999997513 ) ;
#5731 = CARTESIAN_POINT ( 'NONE',  ( 9.099999999999997868, 136.1999999999999886, -12.30000000000000249 ) ) ;
#5732 = CARTESIAN_POINT ( 'NONE',  ( 121.8344983984421503, 127.5556349186104086, 119.6344983984421617 ) ) ;
#5733 = CARTESIAN_POINT ( 'NONE',  ( 27.59811731687095815, 125.8658617250514595, -12.30000000000095994 ) ) ;
#5734 = DIRECTION ( 'NONE',  ( -0.9754410020677064530, 0.000000000000000000, 0.2202608714346442897 ) ) ;
#5735 = ORIENTED_EDGE ( 'NONE', *, *, #3173, .T. ) ;
#5736 = ORIENTED_EDGE ( 'NONE', *, *, #101, .T. ) ;
#5737 = DIRECTION ( 'NONE',  ( 0.000000000000000000, 0.000000000000000000, 1.000000000000000000 ) ) ;
#5738 = FACE_OUTER_BOUND ( 'NONE', #1754, .T. ) ;
#5739 = CARTESIAN_POINT ( 'NONE',  ( 27.49999999999999645, 128.1655780813739511, -14.88764877592066149 ) ) ;
#5740 = EDGE_CURVE ( 'NONE', #3119, #3548, #2490, .T. ) ;
#5741 = ORIENTED_EDGE ( 'NONE', *, *, #4734, .F. ) ;
#5742 = DIRECTION ( 'NONE',  ( 0.000000000000000000, 1.000000000000000000, 0.000000000000000000 ) ) ;
#5743 = CARTESIAN_POINT ( 'NONE',  ( -121.8344983984421361, 142.5000000000000000, 124.0344983984421532 ) ) ;
#5744 = CARTESIAN_POINT ( 'NONE',  ( 22.90000000000000213, 138.4000000000000057, -14.50000000000000000 ) ) ;
#5745 = DIRECTION ( 'NONE',  ( 0.000000000000000000, 0.000000000000000000, 1.000000000000000000 ) ) ;
#5746 = FACE_OUTER_BOUND ( 'NONE', #2641, .T. ) ;
#5747 = ORIENTED_EDGE ( 'NONE', *, *, #4650, .F. ) ;
#5748 = CARTESIAN_POINT ( 'NONE',  ( 10.50000000000000000, 91.28903536629340465, -13.00000000000000000 ) ) ;
#5749 = DIRECTION ( 'NONE',  ( 0.000000000000000000, 1.000000000000000000, 0.000000000000000000 ) ) ;
#5750 = ORIENTED_EDGE ( 'NONE', *, *, #305, .F. ) ;
#5751 = VERTEX_POINT ( 'NONE', #2084 ) ;
#5752 = VERTEX_POINT ( 'NONE', #5325 ) ;
#5753 = AXIS2_PLACEMENT_3D ( 'NONE', #409, #6015, #2253 ) ;
#5754 =( BOUNDED_CURVE ( )  B_SPLINE_CURVE ( 3, ( #2459, #5326, #4317, #155 ),
 .UNSPECIFIED., .F., .T. ) 
 B_SPLINE_CURVE_WITH_KNOTS ( ( 4, 4 ),
 ( 5.612822346282719366, 5.767587407554789714 ),
 .UNSPECIFIED. ) 
 CURVE ( )  GEOMETRIC_REPRESENTATION_ITEM ( )  RATIONAL_B_SPLINE_CURVE ( ( 1.000000000000000000, 0.9980049771413128656, 0.9980049771413128656, 1.000000000000000000 ) ) 
 REPRESENTATION_ITEM ( '' )  );
#5755 = CARTESIAN_POINT ( 'NONE',  ( -9.512955444138407657, 130.1872804032636850, -13.79999999999999893 ) ) ;
#5756 = CARTESIAN_POINT ( 'NONE',  ( -25.49999999999999645, 133.6000000000000227, -14.50000000000000000 ) ) ;
#5757 = CARTESIAN_POINT ( 'NONE',  ( 6.500000000000000000, 88.50000000000000000, -14.50000000000000000 ) ) ;
#5758 = DIRECTION ( 'NONE',  ( 0.000000000000000000, -0.000000000000000000, 1.000000000000000000 ) ) ;
#5759 = CARTESIAN_POINT ( 'NONE',  ( -27.00870905387308696, 127.9231356363252985, -15.53416596638092173 ) ) ;
#5760 = VERTEX_POINT ( 'NONE', #4897 ) ;
#5761 = AXIS2_PLACEMENT_3D ( 'NONE', #127, #1969, #2914 ) ;
#5762 = ORIENTED_EDGE ( 'NONE', *, *, #595, .T. ) ;
#5763 = EDGE_CURVE ( 'NONE', #5903, #1145, #2179, .T. ) ;
#5764 = VECTOR ( 'NONE', #2510, 1000.000000000000000 ) ;
#5765 = CIRCLE ( 'NONE', #5662, 2.199999999999998845 ) ;
#5766 = CARTESIAN_POINT ( 'NONE',  ( 23.50000000000000000, 87.50000000000000000, -14.50000000000000000 ) ) ;
#5767 = DIRECTION ( 'NONE',  ( 0.7071067811865471286, 0.000000000000000000, 0.7071067811865480168 ) ) ;
#5768 = DIRECTION ( 'NONE',  ( 0.000000000000000000, 0.000000000000000000, 1.000000000000000000 ) ) ;
#5769 = ORIENTED_EDGE ( 'NONE', *, *, #4024, .F. ) ;
#5770 = EDGE_CURVE ( 'NONE', #511, #2788, #4262, .T. ) ;
#5771 = ORIENTED_EDGE ( 'NONE', *, *, #1190, .F. ) ;
#5772 = CIRCLE ( 'NONE', #529, 2.199999999999998845 ) ;
#5773 = DIRECTION ( 'NONE',  ( 0.6804510993672772123, -0.7327934916262996978, 0.000000000000000000 ) ) ;
#5774 = LINE ( 'NONE', #274, #1612 ) ;
#5775 = CARTESIAN_POINT ( 'NONE',  ( 9.099999999999997868, 86.10000000000000853, -14.50000000000000000 ) ) ;
#5776 = CIRCLE ( 'NONE', #4808, 6.700000000000001066 ) ;
#5777 = CYLINDRICAL_SURFACE ( 'NONE', #5012, 2.199999999999997957 ) ;
#5778 = DIRECTION ( 'NONE',  ( 0.000000000000000000, 1.000000000000000000, 0.000000000000000000 ) ) ;
#5779 = AXIS2_PLACEMENT_3D ( 'NONE', #3431, #1306, #2271 ) ;
#5780 = VERTEX_POINT ( 'NONE', #3948 ) ;
#5781 = AXIS2_PLACEMENT_3D ( 'NONE', #2741, #4599, #4543 ) ;
#5782 = CARTESIAN_POINT ( 'NONE',  ( 4.301462242284648241, 88.50000000000000000, -14.58019805421551496 ) ) ;
#5783 = DIRECTION ( 'NONE',  ( 0.000000000000000000, 0.000000000000000000, 1.000000000000000000 ) ) ;
#5784 = ORIENTED_EDGE ( 'NONE', *, *, #2931, .F. ) ;
#5785 = ORIENTED_EDGE ( 'NONE', *, *, #1116, .T. ) ;
#5786 = VECTOR ( 'NONE', #5931, 1000.000000000000114 ) ;
#5787 = VERTEX_POINT ( 'NONE', #5715 ) ;
#5788 = DIRECTION ( 'NONE',  ( 0.000000000000000000, 1.000000000000000000, 0.000000000000000000 ) ) ;
#5789 = CARTESIAN_POINT ( 'NONE',  ( 2.500000000000000000, 127.5000000000000000, -13.79999999999999893 ) ) ;
#5790 = CARTESIAN_POINT ( 'NONE',  ( 119.5318212471572821, 129.1838735471672237, -119.6344983984421759 ) ) ;
#5791 = CIRCLE ( 'NONE', #3170, 2.300000000000001599 ) ;
#5792 = CIRCLE ( 'NONE', #1038, 0.8000000000000003775 ) ;
#5793 = PLANE ( 'NONE',  #2774 ) ;
#5794 = DIRECTION ( 'NONE',  ( -0.000000000000000000, -0.000000000000000000, -1.000000000000000000 ) ) ;
#5795 = CARTESIAN_POINT ( 'NONE',  ( -5.099999999999993427, 87.89999999999999147, -13.79999999999999893 ) ) ;
#5796 = ORIENTED_EDGE ( 'NONE', *, *, #4839, .T. ) ;
#5797 = CIRCLE ( 'NONE', #1723, 2.200000000000007727 ) ;
#5798 = ORIENTED_EDGE ( 'NONE', *, *, #5253, .F. ) ;
#5799 = TOROIDAL_SURFACE ( 'NONE', #2098, 2.599999999999994760, 2.199999999999999734 ) ;
#5800 = CARTESIAN_POINT ( 'NONE',  ( -10.50000000000000000, 93.50000000000000000, -13.79999999999999893 ) ) ;
#5801 = CIRCLE ( 'NONE', #6008, 0.8000000000000003775 ) ;
#5802 = CIRCLE ( 'NONE', #5514, 2.199999999999998845 ) ;
#5803 = PLANE ( 'NONE',  #5302 ) ;
#5804 = DIRECTION ( 'NONE',  ( -0.7071067811865474617, 0.000000000000000000, 0.7071067811865476838 ) ) ;
#5805 = ORIENTED_EDGE ( 'NONE', *, *, #3316, .T. ) ;
#5806 = EDGE_CURVE ( 'NONE', #4679, #674, #1110, .T. ) ;
#5807 = EDGE_CURVE ( 'NONE', #4307, #5955, #4348, .T. ) ;
#5808 = EDGE_LOOP ( 'NONE', ( #689, #4534 ) ) ;
#5809 = AXIS2_PLACEMENT_3D ( 'NONE', #4579, #13, #3168 ) ;
#5810 = CLOSED_SHELL ( 'NONE', ( #3762, #3021, #5729, #198, #5066, #5295, #5472, #942, #1379, #2082, #3410, #2161, #487, #4318, #2307, #3963, #4533, #3423, #1411, #2651, #1845, #3541, #5646, #2616, #5332, #1635, #4296, #4629, #5284, #3528, #2831, #5928, #5821, #53, #429, #5400, #5175, #572, #4273, #2310, #1670, #3768, #4484, #2543, #4096, #175, #2245, #2896, #3685, #3089, #1938, #949, #1753, #4853, #2685, #3385, #232, #462, #1838, #4641, #1114, #17, #4844, #5849, #4601, #3580, #1870, #1157, #2828, #3466, #1389, #4596, #4383, #673, #5067, #4471, #5617, #2501, #1418, #125, #3986, #5148, #3124, #389, #1192, #2403, #453, #5165, #4289, #4144, #4359, #1355, #3722, #1526 ) ) ;
#5811 = CARTESIAN_POINT ( 'NONE',  ( -6.500000000000000000, 132.5000000000000000, -12.30000000000000249 ) ) ;
#5812 = DIRECTION ( 'NONE',  ( -0.000000000000000000, -0.000000000000000000, -1.000000000000000000 ) ) ;
#5813 = EDGE_CURVE ( 'NONE', #3570, #5345, #2348, .T. ) ;
#5814 = CARTESIAN_POINT ( 'NONE',  ( 2.900809762560546901, 130.7316412827575220, -13.79999999999999893 ) ) ;
#5815 = DIRECTION ( 'NONE',  ( -0.7071067811865476838, 0.000000000000000000, -0.7071067811865474617 ) ) ;
#5816 = DIRECTION ( 'NONE',  ( 0.000000000000000000, 1.000000000000000000, 0.000000000000000000 ) ) ;
#5817 = EDGE_LOOP ( 'NONE', ( #2737, #5497, #2328, #1074, #2765, #4956 ) ) ;
#5818 = FACE_OUTER_BOUND ( 'NONE', #3328, .T. ) ;
#5819 = CARTESIAN_POINT ( 'NONE',  ( -29.74704866153470206, 126.0000000000000000, -17.50000000000000000 ) ) ;
#5820 = ORIENTED_EDGE ( 'NONE', *, *, #5624, .F. ) ;
#5821 = ADVANCED_FACE ( 'NONE', ( #3585 ), #3391, .T. ) ;
#5822 = EDGE_LOOP ( 'NONE', ( #5616, #1135, #4300, #3095, #3409 ) ) ;
#5823 = B_SPLINE_CURVE_WITH_KNOTS ( 'NONE', 3,
 ( #4175, #3620, #3653, #2721, #5915, #5943, #2248, #799, #3711, #1740 ),
 .UNSPECIFIED., .F., .F.,
 ( 4, 2, 2, 2, 4 ),
 ( 0.008440792733730904940, 0.009048634378169558012, 0.009656476022608211085, 0.01026431766704686416, 0.01087215931148551723 ),
 .UNSPECIFIED. ) ;
#5824 = CARTESIAN_POINT ( 'NONE',  ( 4.000000000000000000, 129.7109646337065954, -13.79999999999999893 ) ) ;
#5825 = CARTESIAN_POINT ( 'NONE',  ( -4.879850867060538278, 133.1229276482740431, -13.01162177222690275 ) ) ;
#5826 = DIRECTION ( 'NONE',  ( 0.000000000000000000, -1.000000000000000000, 0.000000000000000000 ) ) ;
#5827 = DIRECTION ( 'NONE',  ( 0.000000000000000000, 1.000000000000000000, 0.000000000000000000 ) ) ;
#5828 = CARTESIAN_POINT ( 'NONE',  ( -28.81299423149112116, 126.0000000000000000, 25.70172439427031108 ) ) ;
#5829 = FACE_OUTER_BOUND ( 'NONE', #5728, .T. ) ;
#5830 = EDGE_LOOP ( 'NONE', ( #1066, #448, #1708 ) ) ;
#5831 = ORIENTED_EDGE ( 'NONE', *, *, #2009, .T. ) ;
#5832 = FACE_OUTER_BOUND ( 'NONE', #5356, .T. ) ;
#5833 = DIRECTION ( 'NONE',  ( 1.000000000000000000, 0.000000000000000000, 0.000000000000000000 ) ) ;
#5834 = DIRECTION ( 'NONE',  ( 0.000000000000000000, 0.000000000000000000, 1.000000000000000000 ) ) ;
#5835 = ORIENTED_EDGE ( 'NONE', *, *, #4225, .F. ) ;
#5836 = VERTEX_POINT ( 'NONE', #5221 ) ;
#5837 = LINE ( 'NONE', #2966, #1025 ) ;
#5838 = DIRECTION ( 'NONE',  ( 0.000000000000000000, 1.000000000000000000, 0.000000000000000000 ) ) ;
#5839 = DIRECTION ( 'NONE',  ( 0.000000000000000000, 0.000000000000000000, 1.000000000000000000 ) ) ;
#5840 = CARTESIAN_POINT ( 'NONE',  ( -25.50000000000000000, 126.0000000000000000, -10.00000000000000888 ) ) ;
#5841 = CARTESIAN_POINT ( 'NONE',  ( 121.8344983984421077, 142.5000000000000000, -121.8344983984421646 ) ) ;
#5842 = ORIENTED_EDGE ( 'NONE', *, *, #2455, .F. ) ;
#5843 = EDGE_CURVE ( 'NONE', #432, #1427, #3899, .T. ) ;
#5844 = EDGE_CURVE ( 'NONE', #1551, #18, #3254, .T. ) ;
#5845 = DIRECTION ( 'NONE',  ( -0.000000000000000000, -0.000000000000000000, -1.000000000000000000 ) ) ;
#5846 = CARTESIAN_POINT ( 'NONE',  ( 27.49999999999999645, 126.0000000000000000, -14.50000000000000000 ) ) ;
#5847 = ORIENTED_EDGE ( 'NONE', *, *, #2235, .T. ) ;
#5848 = ORIENTED_EDGE ( 'NONE', *, *, #4261, .F. ) ;
#5849 = ADVANCED_FACE ( 'NONE', ( #140 ), #5581, .T. ) ;
#5850 = ORIENTED_EDGE ( 'NONE', *, *, #3726, .T. ) ;
#5851 = CARTESIAN_POINT ( 'NONE',  ( 4.000000000000000000, 129.7109646337065954, -13.79999999999999893 ) ) ;
#5852 = CARTESIAN_POINT ( 'NONE',  ( -10.50000000000000000, 93.50000000000000000, -13.79999999999999893 ) ) ;
#5853 = DIRECTION ( 'NONE',  ( 0.000000000000000000, 1.000000000000000000, 0.000000000000000000 ) ) ;
#5854 = DIRECTION ( 'NONE',  ( 0.7071067811865475727, 0.000000000000000000, -0.7071067811865475727 ) ) ;
#5855 = EDGE_CURVE ( 'NONE', #2419, #2611, #4787, .T. ) ;
#5856 = DIRECTION ( 'NONE',  ( -0.7071067811865472397, 0.000000000000000000, 0.7071067811865479058 ) ) ;
#5857 = CARTESIAN_POINT ( 'NONE',  ( 9.099999999999997868, 136.1999999999999886, -14.50000000000000000 ) ) ;
#5858 = ORIENTED_EDGE ( 'NONE', *, *, #2915, .F. ) ;
#5859 = EDGE_CURVE ( 'NONE', #3486, #1022, #4869, .T. ) ;
#5860 = ORIENTED_EDGE ( 'NONE', *, *, #1010, .F. ) ;
#5861 = AXIS2_PLACEMENT_3D ( 'NONE', #3718, #2288, #5545 ) ;
#5862 = ORIENTED_EDGE ( 'NONE', *, *, #1281, .F. ) ;
#5863 = VECTOR ( 'NONE', #3169, 1000.000000000000000 ) ;
#5864 = DIRECTION ( 'NONE',  ( 1.000000000000000000, 0.000000000000000000, 0.000000000000000000 ) ) ;
#5865 = DIRECTION ( 'NONE',  ( 0.000000000000000000, 1.000000000000000000, 0.000000000000000000 ) ) ;
#5866 = VERTEX_POINT ( 'NONE', #1982 ) ;
#5867 = ORIENTED_EDGE ( 'NONE', *, *, #413, .T. ) ;
#5868 = AXIS2_PLACEMENT_3D ( 'NONE', #5664, #2475, #1076 ) ;
#5869 = CIRCLE ( 'NONE', #4408, 0.8000000000000003775 ) ;
#5870 = DIRECTION ( 'NONE',  ( -0.9754410020677066750, 0.000000000000000000, 0.2202608714346427632 ) ) ;
#5871 = DIRECTION ( 'NONE',  ( 0.000000000000000000, 0.000000000000000000, 1.000000000000000000 ) ) ;
#5872 = DIRECTION ( 'NONE',  ( -1.000000000000000000, 0.000000000000000000, 0.000000000000000000 ) ) ;
#5873 = DIRECTION ( 'NONE',  ( 0.000000000000000000, 0.000000000000000000, -1.000000000000000000 ) ) ;
#5874 = VERTEX_POINT ( 'NONE', #5273 ) ;
#5875 = CARTESIAN_POINT ( 'NONE',  ( -23.58514861584140121, 125.6262382782195886, -12.74189843145189549 ) ) ;
#5876 = VECTOR ( 'NONE', #5773, 1000.000000000000000 ) ;
#5877 = DIRECTION ( 'NONE',  ( -1.000000000000000000, 0.000000000000000000, 0.000000000000000000 ) ) ;
#5878 = CARTESIAN_POINT ( 'NONE',  ( -8.698537757715351759, 132.5000000000000000, -14.58019805421551496 ) ) ;
#5879 = CIRCLE ( 'NONE', #1219, 2.200000000000000178 ) ;
#5880 = CARTESIAN_POINT ( 'NONE',  ( -6.500000000000000000, 88.50000000000000000, -16.69999999999999929 ) ) ;
#5881 = ORIENTED_EDGE ( 'NONE', *, *, #402, .F. ) ;
#5882 = ADVANCED_FACE ( 'NONE', ( #2899 ), #2445, .T. ) ;
#5883 = EDGE_LOOP ( 'NONE', ( #3479, #968, #1205, #5919, #3611 ) ) ;
#5884 = CIRCLE ( 'NONE', #5984, 2.199999999999998845 ) ;
#5885 = ADVANCED_FACE ( 'NONE', ( #5700 ), #4415, .T. ) ;
#5886 = ORIENTED_EDGE ( 'NONE', *, *, #3647, .T. ) ;
#5887 = AXIS2_PLACEMENT_3D ( 'NONE', #235, #3907, #4891 ) ;
#5888 = CARTESIAN_POINT ( 'NONE',  ( -8.644677902526748170, 133.4445419048138604, -14.00139423256549520 ) ) ;
#5889 = CARTESIAN_POINT ( 'NONE',  ( 1.699999999999999289, 129.7109646337065954, -13.79999999999999893 ) ) ;
#5890 = CARTESIAN_POINT ( 'NONE',  ( 10.68542503074049144, 89.72399783774865512, -13.79999999999999893 ) ) ;
#5891 = EDGE_CURVE ( 'NONE', #4654, #656, #5979, .T. ) ;
#5892 = DIRECTION ( 'NONE',  ( 0.000000000000000000, 0.000000000000000000, 1.000000000000000000 ) ) ;
#5893 = EDGE_CURVE ( 'NONE', #1891, #4307, #5884, .T. ) ;
#5894 = AXIS2_PLACEMENT_3D ( 'NONE', #994, #2844, #4708 ) ;
#5895 = CARTESIAN_POINT ( 'NONE',  ( -25.49999999999999645, 124.2918265716061086, -12.51963939542628879 ) ) ;
#5896 = ORIENTED_EDGE ( 'NONE', *, *, #1673, .F. ) ;
#5897 = ORIENTED_EDGE ( 'NONE', *, *, #867, .T. ) ;
#5898 = AXIS2_PLACEMENT_3D ( 'NONE', #90, #1954, #502 ) ;
#5899 = ORIENTED_EDGE ( 'NONE', *, *, #3692, .T. ) ;
#5900 = EDGE_CURVE ( 'NONE', #2865, #4253, #2921, .T. ) ;
#5901 = DIRECTION ( 'NONE',  ( 1.000000000000000000, 0.000000000000000000, 0.000000000000000000 ) ) ;
#5902 = DIRECTION ( 'NONE',  ( -1.000000000000000000, 0.000000000000000000, 0.000000000000000000 ) ) ;
#5903 = VERTEX_POINT ( 'NONE', #2477 ) ;
#5904 = VERTEX_POINT ( 'NONE', #1024 ) ;
#5905 = CIRCLE ( 'NONE', #5600, 0.8000000000000003775 ) ;
#5906 = DIRECTION ( 'NONE',  ( 0.9754410020677070081, 0.000000000000000000, 0.2202608714346412921 ) ) ;
#5907 = VECTOR ( 'NONE', #461, 1000.000000000000000 ) ;
#5908 = DIRECTION ( 'NONE',  ( 0.000000000000000000, 1.000000000000000000, 0.000000000000000000 ) ) ;
#5909 = DIRECTION ( 'NONE',  ( 0.000000000000000000, 0.000000000000000000, 1.000000000000000000 ) ) ;
#5910 = CARTESIAN_POINT ( 'NONE',  ( 2.314574969259507231, 89.72399783774865512, -13.79999999999999893 ) ) ;
#5911 = CIRCLE ( 'NONE', #1435, 2.199999999999998845 ) ;
#5912 = ORIENTED_EDGE ( 'NONE', *, *, #3798, .F. ) ;
#5913 = AXIS2_PLACEMENT_3D ( 'NONE', #3872, #4264, #1422 ) ;
#5914 = DIRECTION ( 'NONE',  ( 0.7071067811865483499, 0.000000000000000000, 0.7071067811865469066 ) ) ;
#5915 = CARTESIAN_POINT ( 'NONE',  ( 24.24687509898269866, 127.0969388454390412, -15.32334446436412101 ) ) ;
#5916 = DIRECTION ( 'NONE',  ( 0.000000000000000000, 0.000000000000000000, 1.000000000000000000 ) ) ;
#5917 = CARTESIAN_POINT ( 'NONE',  ( 9.099999999999997868, 136.1999999999999886, -14.50000000000000000 ) ) ;
#5918 = EDGE_LOOP ( 'NONE', ( #5101, #5524 ) ) ;
#5919 = ORIENTED_EDGE ( 'NONE', *, *, #2073, .F. ) ;
#5920 = DIRECTION ( 'NONE',  ( -0.9754410020677064530, 0.000000000000000000, 0.2202608714346442897 ) ) ;
#5921 = DIRECTION ( 'NONE',  ( -1.000000000000000000, -0.000000000000000000, 0.000000000000000000 ) ) ;
#5922 = DIRECTION ( 'NONE',  ( -1.000000000000000000, -0.000000000000000000, 0.000000000000000000 ) ) ;
#5923 = CARTESIAN_POINT ( 'NONE',  ( -2.314574969259513892, 89.72399783774864090, -13.79999999999999893 ) ) ;
#5924 = EDGE_CURVE ( 'NONE', #3583, #5760, #4335, .T. ) ;
#5925 = DIRECTION ( 'NONE',  ( 0.000000000000000000, 1.000000000000000000, 0.000000000000000000 ) ) ;
#5926 = ORIENTED_EDGE ( 'NONE', *, *, #162, .T. ) ;
#5927 = VERTEX_POINT ( 'NONE', #2421 ) ;
#5928 = ADVANCED_FACE ( 'NONE', ( #2390 ), #4279, .T. ) ;
#5929 = EDGE_CURVE ( 'NONE', #4849, #1164, #3414, .T. ) ;
#5930 = ORIENTED_EDGE ( 'NONE', *, *, #4436, .T. ) ;
#5931 = DIRECTION ( 'NONE',  ( -0.7071067811865474617, 0.000000000000000000, 0.7071067811865474617 ) ) ;
#5932 = DIRECTION ( 'NONE',  ( 0.7071067811865483499, 0.000000000000000000, 0.7071067811865469066 ) ) ;
#5933 = EDGE_LOOP ( 'NONE', ( #1841, #1061, #2099, #888, #2425 ) ) ;
#5934 = CC_DESIGN_DATE_AND_TIME_ASSIGNMENT ( #4207, #2285, ( #4527 ) ) ;
#5935 = ORIENTED_EDGE ( 'NONE', *, *, #4938, .T. ) ;
#5936 = CARTESIAN_POINT ( 'NONE',  ( -6.500000000000000000, 127.5000000000000000, -13.00000000000000000 ) ) ;
#5937 = CARTESIAN_POINT ( 'NONE',  ( 29.74704866153470206, 126.0000000000000000, -17.50000000000000000 ) ) ;
#5938 = FACE_OUTER_BOUND ( 'NONE', #2573, .T. ) ;
#5939 = CARTESIAN_POINT ( 'NONE',  ( -5.634569895688151142, 88.50000000000000000, -13.79999999999999893 ) ) ;
#5940 = ADVANCED_FACE ( 'NONE', ( #111 ), #2952, .T. ) ;
#5941 = ORIENTED_EDGE ( 'NONE', *, *, #3684, .T. ) ;
#5942 = LINE ( 'NONE', #3166, #1129 ) ;
#5943 = CARTESIAN_POINT ( 'NONE',  ( 24.56538099687714549, 127.1509126118590416, -15.57153394531677471 ) ) ;
#5944 = CARTESIAN_POINT ( 'NONE',  ( -8.155778688305774793, 133.2836383691579556, -13.04727021348101523 ) ) ;
#5945 = ORIENTED_EDGE ( 'NONE', *, *, #3239, .F. ) ;
#5946 = DIRECTION ( 'NONE',  ( 0.9754410020677064530, 0.000000000000000000, 0.2202608714346442897 ) ) ;
#5947 = CARTESIAN_POINT ( 'NONE',  ( 25.69999999999999929, 87.50000000000000000, -14.50000000000000000 ) ) ;
#5948 = CARTESIAN_POINT ( 'NONE',  ( -23.50000000000000000, 87.50000000000000000, -14.50000000000000000 ) ) ;
#5949 = CARTESIAN_POINT ( 'NONE',  ( -4.355322097473257159, 133.4445419048138604, -14.00139423256547921 ) ) ;
#5950 = EDGE_LOOP ( 'NONE', ( #5614, #831, #4072, #1727 ) ) ;
#5951 = ORIENTED_EDGE ( 'NONE', *, *, #1688, .T. ) ;
#5952 = VERTEX_POINT ( 'NONE', #1719 ) ;
#5953 = DIRECTION ( 'NONE',  ( 0.000000000000000000, 0.000000000000000000, 1.000000000000000000 ) ) ;
#5954 = DIRECTION ( 'NONE',  ( 0.000000000000000000, 0.000000000000000000, 1.000000000000000000 ) ) ;
#5955 = VERTEX_POINT ( 'NONE', #290 ) ;
#5956 = ADVANCED_FACE ( 'NONE', ( #4421 ), #1797, .T. ) ;
#5957 = EDGE_CURVE ( 'NONE', #951, #6019, #2680, .T. ) ;
#5958 = VERTEX_POINT ( 'NONE', #1267 ) ;
#5959 = DIRECTION ( 'NONE',  ( 0.000000000000000000, 1.000000000000000000, 0.000000000000000000 ) ) ;
#5960 = CARTESIAN_POINT ( 'NONE',  ( 4.457294895758127318, 133.5835466984806601, -13.67199897085386873 ) ) ;
#5961 = CARTESIAN_POINT ( 'NONE',  ( 27.50000000000000000, 122.0000000000000000, -14.50000000000000000 ) ) ;
#5962 = DIRECTION ( 'NONE',  ( 0.000000000000000000, 1.000000000000000000, 0.000000000000000000 ) ) ;
#5963 = EDGE_CURVE ( 'NONE', #2091, #2327, #5294, .T. ) ;
#5964 = EDGE_CURVE ( 'NONE', #4861, #312, #4137, .T. ) ;
#5965 = VECTOR ( 'NONE', #443, 1000.000000000000000 ) ;
#5966 = ORIENTED_EDGE ( 'NONE', *, *, #5333, .T. ) ;
#5967 = AXIS2_PLACEMENT_3D ( 'NONE', #5209, #160, #581 ) ;
#5968 = FACE_OUTER_BOUND ( 'NONE', #3375, .T. ) ;
#5969 = DIRECTION ( 'NONE',  ( 0.000000000000000000, 1.000000000000000000, 0.000000000000000000 ) ) ;
#5970 = CIRCLE ( 'NONE', #2261, 2.299999999999999822 ) ;
#5971 = DIRECTION ( 'NONE',  ( 0.7327934916263015852, -0.6804510993672753250, 0.000000000000000000 ) ) ;
#5972 = EDGE_CURVE ( 'NONE', #4801, #2883, #2183, .T. ) ;
#5973 = EDGE_LOOP ( 'NONE', ( #5842, #3057, #1401, #2715, #4974 ) ) ;
#5974 = AXIS2_PLACEMENT_3D ( 'NONE', #5076, #5554, #3700 ) ;
#5975 = CARTESIAN_POINT ( 'NONE',  ( 23.29999999999999716, 126.0000000000000000, 23.01471862576142868 ) ) ;
#5976 = DIRECTION ( 'NONE',  ( -0.6804510993672772123, -0.7327934916262996978, 0.000000000000000000 ) ) ;
#5977 = CARTESIAN_POINT ( 'NONE',  ( 4.776088314626258935, 87.59922486358152582, -13.13320502597065165 ) ) ;
#5978 = EDGE_CURVE ( 'NONE', #5608, #5986, #5112, .T. ) ;
#5979 = CIRCLE ( 'NONE', #1699, 2.200000000000007283 ) ;
#5980 = FACE_OUTER_BOUND ( 'NONE', #2833, .T. ) ;
#5981 = EDGE_LOOP ( 'NONE', ( #115, #4332, #3606, #3586, #5278 ) ) ;
#5982 = AXIS2_PLACEMENT_3D ( 'NONE', #5840, #2524, #1700 ) ;
#5983 = EDGE_LOOP ( 'NONE', ( #5427, #3904 ) ) ;
#5984 = AXIS2_PLACEMENT_3D ( 'NONE', #4740, #3331, #1077 ) ;
#5985 = AXIS2_PLACEMENT_3D ( 'NONE', #1909, #5643, #1478 ) ;
#5986 = VERTEX_POINT ( 'NONE', #2606 ) ;
#5987 = TOROIDAL_SURFACE ( 'NONE', #326, 2.999999999999999112, 2.199999999999998845 ) ;
#5988 = CARTESIAN_POINT ( 'NONE',  ( 27.25735931288070901, 126.0000000000000000, 27.25735931288070901 ) ) ;
#5989 = CARTESIAN_POINT ( 'NONE',  ( 27.25735931288070901, 126.0000000000000000, 27.25735931288071257 ) ) ;
#5990 = ORIENTED_EDGE ( 'NONE', *, *, #3253, .T. ) ;
#5991 = VERTEX_POINT ( 'NONE', #1652 ) ;
#5992 = CIRCLE ( 'NONE', #3068, 0.7000000000000027311 ) ;
#5993 = CARTESIAN_POINT ( 'NONE',  ( 19.50000000000000355, 83.50000000000000000, -14.50000000000000000 ) ) ;
#5994 = DIRECTION ( 'NONE',  ( 0.000000000000000000, 0.000000000000000000, 1.000000000000000000 ) ) ;
#5995 = EDGE_CURVE ( 'NONE', #2788, #1743, #602, .T. ) ;
#5996 = VECTOR ( 'NONE', #3001, 1000.000000000000000 ) ;
#5997 = CIRCLE ( 'NONE', #3369, 2.200000000000000178 ) ;
#5998 = LINE ( 'NONE', #1279, #1409 ) ;
#5999 = DIRECTION ( 'NONE',  ( 0.000000000000000000, 1.000000000000000000, 0.000000000000000000 ) ) ;
#6000 = ADVANCED_FACE ( 'NONE', ( #2987 ), #5793, .T. ) ;
#6001 = ORIENTED_EDGE ( 'NONE', *, *, #640, .T. ) ;
#6002 = AXIS2_PLACEMENT_3D ( 'NONE', #2647, #2798, #975 ) ;
#6003 = AXIS2_PLACEMENT_3D ( 'NONE', #5993, #1816, #3099 ) ;
#6004 = EDGE_CURVE ( 'NONE', #2957, #2645, #4628, .T. ) ;
#6005 = LINE ( 'NONE', #308, #639 ) ;
#6006 = CARTESIAN_POINT ( 'NONE',  ( -6.500000000000000000, 90.70000000000000284, -13.00000000000000000 ) ) ;
#6007 = FACE_OUTER_BOUND ( 'NONE', #997, .T. ) ;
#6008 = AXIS2_PLACEMENT_3D ( 'NONE', #5266, #987, #1923 ) ;
#6009 = AXIS2_PLACEMENT_3D ( 'NONE', #2784, #872, #1319 ) ;
#6010 = EDGE_LOOP ( 'NONE', ( #1711, #1261, #3855, #5862, #2670 ) ) ;
#6011 = APPROVAL_STATUS ( 'not_yet_approved' ) ;
#6012 = CIRCLE ( 'NONE', #1528, 0.8000000000000003775 ) ;
#6013 = DIRECTION ( 'NONE',  ( -0.000000000000000000, -1.000000000000000000, -0.000000000000000000 ) ) ;
#6014 = CARTESIAN_POINT ( 'NONE',  ( -121.8344983984421361, 142.5000000000000000, 124.0344983984421532 ) ) ;
#6015 = DIRECTION ( 'NONE',  ( 0.000000000000000000, 1.000000000000000000, 0.000000000000000000 ) ) ;
#6016 = DIRECTION ( 'NONE',  ( 0.000000000000000000, 0.000000000000000000, 1.000000000000000000 ) ) ;
#6017 = EDGE_CURVE ( 'NONE', #2731, #2957, #61, .T. ) ;
#6018 = VERTEX_POINT ( 'NONE', #4390 ) ;
#6019 = VERTEX_POINT ( 'NONE', #2067 ) ;
ENDSEC;
END-ISO-10303-21;
