ISO-10303-21;
HEADER;
FILE_DESCRIPTION (( 'STEP AP203' ),
    '1' );
FILE_NAME ('Nose Cone Rev 2.step',
    '2026-09-30T09:37:13',
    ( '' ),
    ( '' ),
    '',
    '',
    '' );
FILE_SCHEMA (( 'CONFIG_CONTROL_DESIGN' ));
ENDSEC;

DATA;
#1 = LINE ( 'NONE', #1971, #2276 ) ;
#2 = EDGE_CURVE ( 'NONE', #313, #1571, #2086, .T. ) ;
#3 = VERTEX_POINT ( 'NONE', #108 ) ;
#4 = ORIENTED_EDGE ( 'NONE', *, *, #1506, .F. ) ;
#5 = EDGE_CURVE ( 'NONE', #571, #303, #808, .T. ) ;
#6 = CARTESIAN_POINT ( 'NONE',  ( 10.50000000000000000, 390.0000000000000000, -14.00000000000000000 ) ) ;
#7 = APPROVAL_STATUS ( 'not_yet_approved' ) ;
#8 = VERTEX_POINT ( 'NONE', #1858 ) ;
#9 = LINE ( 'NONE', #389, #2130 ) ;
#10 = LINE ( 'NONE', #2128, #1749 ) ;
#11 = VECTOR ( 'NONE', #1527, 1000.000000000000000 ) ;
#12 = CIRCLE ( 'NONE', #680, 5.000000000000000000 ) ;
#13 = CYLINDRICAL_SURFACE ( 'NONE', #168, 5.000000000000000000 ) ;
#14 = CARTESIAN_POINT ( 'NONE',  ( 0.000000000000000000, 395.0000000000000000, 0.000000000000000000 ) ) ;
#15 = ORIENTED_EDGE ( 'NONE', *, *, #1265, .F. ) ;
#16 = ADVANCED_FACE ( 'NONE', ( #593, #1286 ), #266, .F. ) ;
#17 = VERTEX_POINT ( 'NONE', #416 ) ;
#18 = CARTESIAN_POINT ( 'NONE',  ( 6.123233995736766282E-16, 395.0000000000000000, 5.000000000000000000 ) ) ;
#19 = DATE_TIME_ROLE ( 'creation_date' ) ;
#20 = EDGE_LOOP ( 'NONE', ( #2001, #2072, #885, #936 ) ) ;
#21 = ORIENTED_EDGE ( 'NONE', *, *, #212, .T. ) ;
#22 = FACE_OUTER_BOUND ( 'NONE', #28, .T. ) ;
#23 = CARTESIAN_POINT ( 'NONE',  ( 8.099999999999999645, 395.0000000000000000, 0.000000000000000000 ) ) ;
#24 = CIRCLE ( 'NONE', #540, 48.89999999999999858 ) ;
#25 = PLANE ( 'NONE',  #1160 ) ;
#26 = LINE ( 'NONE', #730, #568 ) ;
#27 = AXIS2_PLACEMENT_3D ( 'NONE', #1968, #1756, #1391 ) ;
#28 = EDGE_LOOP ( 'NONE', ( #347, #1131 ) ) ;
#29 = ORIENTED_EDGE ( 'NONE', *, *, #1267, .F. ) ;
#30 = DIRECTION ( 'NONE',  ( 0.8660254037844388186, 0.000000000000000000, 0.4999999999999997780 ) ) ;
#31 = VERTEX_POINT ( 'NONE', #966 ) ;
#32 = ORIENTED_EDGE ( 'NONE', *, *, #142, .T. ) ;
#33 = PLANE ( 'NONE',  #762 ) ;
#34 = DIRECTION ( 'NONE',  ( 0.000000000000000000, 0.000000000000000000, 1.000000000000000000 ) ) ;
#35 = EDGE_CURVE ( 'NONE', #31, #586, #1117, .T. ) ;
#36 = DIRECTION ( 'NONE',  ( -0.000000000000000000, 1.000000000000000000, -0.000000000000000000 ) ) ;
#37 = DIRECTION ( 'NONE',  ( 0.000000000000000000, 0.000000000000000000, 1.000000000000000000 ) ) ;
#38 = VERTEX_POINT ( 'NONE', #800 ) ;
#39 = ORIENTED_EDGE ( 'NONE', *, *, #1431, .T. ) ;
#40 = LINE ( 'NONE', #442, #486 ) ;
#41 = PERSON_AND_ORGANIZATION ( #57, #821 ) ;
#42 = ORIENTED_EDGE ( 'NONE', *, *, #1155, .T. ) ;
#43 = DIRECTION ( 'NONE',  ( -1.000000000000000000, 0.000000000000000000, 0.000000000000000000 ) ) ;
#44 = CARTESIAN_POINT ( 'NONE',  ( 46.90415759823429909, 325.0000000000000000, -3.000000000000000000 ) ) ;
#45 = EDGE_CURVE ( 'NONE', #2259, #481, #1449, .T. ) ;
#46 = CC_DESIGN_PERSON_AND_ORGANIZATION_ASSIGNMENT ( #1753, #1594, ( #2229 ) ) ;
#47 = AXIS2_PLACEMENT_3D ( 'NONE', #1498, #1347, #2213 ) ;
#48 = ORIENTED_EDGE ( 'NONE', *, *, #220, .T. ) ;
#49 = AXIS2_PLACEMENT_3D ( 'NONE', #908, #739, #1434 ) ;
#50 = LINE ( 'NONE', #729, #1758 ) ;
#51 = DIRECTION ( 'NONE',  ( -0.000000000000000000, -1.000000000000000000, -0.000000000000000000 ) ) ;
#52 = ADVANCED_FACE ( 'NONE', ( #245 ), #2046, .F. ) ;
#53 = VECTOR ( 'NONE', #917, 1000.000000000000000 ) ;
#54 = ORIENTED_EDGE ( 'NONE', *, *, #2126, .F. ) ;
#55 = ADVANCED_FACE ( 'NONE', ( #1496 ), #775, .F. ) ;
#56 = AXIS2_PLACEMENT_3D ( 'NONE', #1559, #2265, #112 ) ;
#57 = PERSON ( 'UNSPECIFIED', 'UNSPECIFIED', 'UNSPECIFIED', ('UNSPECIFIED'), ('UNSPECIFIED'), ('UNSPECIFIED') ) ;
#58 = LINE ( 'NONE', #1996, #1287 ) ;
#59 = ORIENTED_EDGE ( 'NONE', *, *, #1322, .T. ) ;
#60 = DIRECTION ( 'NONE',  ( 0.000000000000000000, 0.000000000000000000, -1.000000000000000000 ) ) ;
#61 = DIRECTION ( 'NONE',  ( -0.9291325715340560398, -0.000000000000000000, 0.3697467572738292185 ) ) ;
#62 = ORIENTED_EDGE ( 'NONE', *, *, #182, .F. ) ;
#63 = FACE_OUTER_BOUND ( 'NONE', #597, .T. ) ;
#64 = CARTESIAN_POINT ( 'NONE',  ( -10.50000000000000000, 390.0000000000000000, 13.00000000000000000 ) ) ;
#65 = AXIS2_PLACEMENT_3D ( 'NONE', #1735, #698, #510 ) ;
#66 = ORIENTED_EDGE ( 'NONE', *, *, #1336, .T. ) ;
#67 = AXIS2_PLACEMENT_3D ( 'NONE', #457, #304, #1499 ) ;
#68 = DIRECTION ( 'NONE',  ( 0.000000000000000000, -1.000000000000000000, 0.000000000000000000 ) ) ;
#69 = ORIENTED_EDGE ( 'NONE', *, *, #45, .T. ) ;
#70 = PLANE ( 'NONE',  #468 ) ;
#71 = CARTESIAN_POINT ( 'NONE',  ( 5.755839955992560641E-15, 335.0000000000000000, 47.00000000000000000 ) ) ;
#72 = VERTEX_POINT ( 'NONE', #619 ) ;
#73 = DIRECTION ( 'NONE',  ( -1.000000000000000000, 0.000000000000000000, -0.000000000000000000 ) ) ;
#74 = CARTESIAN_POINT ( 'NONE',  ( 46.70374717300529710, 335.0000000000000000, 3.000000000000000000 ) ) ;
#75 = DIRECTION ( 'NONE',  ( 1.000000000000000000, 0.000000000000000000, -0.000000000000000000 ) ) ;
#76 = CC_DESIGN_PERSON_AND_ORGANIZATION_ASSIGNMENT ( #1582, #526, ( #2039 ) ) ;
#77 = DIRECTION ( 'NONE',  ( -0.000000000000000000, 0.000000000000000000, 1.000000000000000000 ) ) ;
#78 = EDGE_CURVE ( 'NONE', #2091, #17, #651, .T. ) ;
#79 = PLANE ( 'NONE',  #1607 ) ;
#80 = CARTESIAN_POINT ( 'NONE',  ( -0.9000000000000000222, 396.0000000000000000, 23.50000000000000000 ) ) ;
#81 = ORIENTED_EDGE ( 'NONE', *, *, #1265, .T. ) ;
#82 = CARTESIAN_POINT ( 'NONE',  ( 0.000000000000000000, 320.0000000000000000, 0.000000000000000000 ) ) ;
#83 = DIRECTION ( 'NONE',  ( 0.000000000000000000, -1.000000000000000000, 0.000000000000000000 ) ) ;
#84 = ORIENTED_EDGE ( 'NONE', *, *, #1506, .T. ) ;
#85 = CIRCLE ( 'NONE', #1510, 50.00000000000000000 ) ;
#86 = DIRECTION ( 'NONE',  ( 0.000000000000000000, 0.000000000000000000, 1.000000000000000000 ) ) ;
#87 = CIRCLE ( 'NONE', #2224, 1.050000000000000488 ) ;
#88 = VECTOR ( 'NONE', #2103, 1000.000000000000000 ) ;
#89 = ORIENTED_EDGE ( 'NONE', *, *, #1855, .T. ) ;
#90 = LINE ( 'NONE', #1280, #1861 ) ;
#91 = UNCERTAINTY_MEASURE_WITH_UNIT (LENGTH_MEASURE( 1.000000000000000082E-05 ), #1546, 'distance_accuracy_value', 'NONE');
#92 = LINE ( 'NONE', #2030, #1271 ) ;
#93 = CARTESIAN_POINT ( 'NONE',  ( 0.000000000000000000, 390.0000000000000000, 0.000000000000000000 ) ) ;
#94 = EDGE_CURVE ( 'NONE', #176, #813, #1310, .T. ) ;
#95 = ORIENTED_EDGE ( 'NONE', *, *, #1431, .F. ) ;
#96 = CARTESIAN_POINT ( 'NONE',  ( -12.00000000000000000, 412.0000000000000000, 1.100000000000000089 ) ) ;
#97 = DIRECTION ( 'NONE',  ( 0.000000000000000000, -1.000000000000000000, 0.000000000000000000 ) ) ;
#98 = CARTESIAN_POINT ( 'NONE',  ( 10.50000000000000000, 395.0000000000000000, 13.00000000000000000 ) ) ;
#99 = CIRCLE ( 'NONE', #797, 1.050000000000000488 ) ;
#100 = VERTEX_POINT ( 'NONE', #449 ) ;
#101 = VECTOR ( 'NONE', #1226, 1000.000000000000000 ) ;
#102 = CARTESIAN_POINT ( 'NONE',  ( 46.90415759823429909, 335.0000000000000000, -3.000000000000000000 ) ) ;
#103 = CARTESIAN_POINT ( 'NONE',  ( -12.11959821705238660, 264.5000000000000000, 47.37431096129231634 ) ) ;
#104 = EDGE_LOOP ( 'NONE', ( #1872, #1645, #1640, #683 ) ) ;
#105 = CARTESIAN_POINT ( 'NONE',  ( 0.000000000000000000, 452.2113475735178554, 0.000000000000000000 ) ) ;
#106 = LINE ( 'NONE', #2179, #267 ) ;
#107 = ADVANCED_FACE ( 'NONE', ( #1151, #1927 ), #864, .T. ) ;
#108 = CARTESIAN_POINT ( 'NONE',  ( 45.43458274801534458, 264.5000000000000000, -18.08061643069025592 ) ) ;
#109 = ORIENTED_EDGE ( 'NONE', *, *, #289, .F. ) ;
#110 = FACE_OUTER_BOUND ( 'NONE', #2208, .T. ) ;
#111 = DIRECTION ( 'NONE',  ( 0.000000000000000000, -1.000000000000000000, -0.000000000000000000 ) ) ;
#112 = DIRECTION ( 'NONE',  ( 0.000000000000000000, 0.000000000000000000, -1.000000000000000000 ) ) ;
#113 = ORIENTED_EDGE ( 'NONE', *, *, #1201, .F. ) ;
#114 = EDGE_CURVE ( 'NONE', #1120, #544, #519, .T. ) ;
#115 = DIRECTION ( 'NONE',  ( 0.000000000000000000, 0.000000000000000000, -1.000000000000000000 ) ) ;
#116 = PLANE ( 'NONE',  #817 ) ;
#117 = FACE_OUTER_BOUND ( 'NONE', #279, .T. ) ;
#118 = ADVANCED_FACE ( 'NONE', ( #2233 ), #971, .F. ) ;
#119 = AXIS2_PLACEMENT_3D ( 'NONE', #123, #302, #1532 ) ;
#120 = EDGE_CURVE ( 'NONE', #2037, #487, #205, .T. ) ;
#121 = VERTEX_POINT ( 'NONE', #1553 ) ;
#122 = CIRCLE ( 'NONE', #2266, 7.000000000000000000 ) ;
#123 = CARTESIAN_POINT ( 'NONE',  ( 0.000000000000000000, 320.0000000000000000, 0.000000000000000000 ) ) ;
#124 =( GEOMETRIC_REPRESENTATION_CONTEXT ( 3 ) GLOBAL_UNCERTAINTY_ASSIGNED_CONTEXT ( ( #91 ) ) GLOBAL_UNIT_ASSIGNED_CONTEXT ( ( #1546, #2076, #825 ) ) REPRESENTATION_CONTEXT ( 'NONE', 'WORKASPACE' ) );
#125 = DIRECTION ( 'NONE',  ( 0.000000000000000000, 1.000000000000000000, 0.000000000000000000 ) ) ;
#126 = VERTEX_POINT ( 'NONE', #2082 ) ;
#127 = CARTESIAN_POINT ( 'NONE',  ( 0.000000000000000000, 275.0000000000000000, 0.000000000000000000 ) ) ;
#128 = CARTESIAN_POINT ( 'NONE',  ( -34.96755767073655363, 267.4999999999999432, -34.18303542027410202 ) ) ;
#129 = DIRECTION ( 'NONE',  ( 0.000000000000000000, 0.000000000000000000, -1.000000000000000000 ) ) ;
#130 = CIRCLE ( 'NONE', #613, 181.2500000000000284 ) ;
#131 = ORIENTED_EDGE ( 'NONE', *, *, #1087, .F. ) ;
#132 = CARTESIAN_POINT ( 'NONE',  ( 8.099999999999999645, 396.0000000000000000, 23.50000000000000000 ) ) ;
#133 = AXIS2_PLACEMENT_3D ( 'NONE', #1830, #773, #1316 ) ;
#134 = ORIENTED_EDGE ( 'NONE', *, *, #307, .T. ) ;
#135 = TOROIDAL_SURFACE ( 'NONE', #1411, -131.2500003432932942, 178.7500887950129140 ) ;
#136 = DIRECTION ( 'NONE',  ( 0.000000000000000000, 0.000000000000000000, 1.000000000000000000 ) ) ;
#137 = VECTOR ( 'NONE', #147, 1000.000000000000000 ) ;
#138 = VERTEX_POINT ( 'NONE', #1564 ) ;
#139 = CARTESIAN_POINT ( 'NONE',  ( 47.38486926579591341, 267.4999999999999432, -12.07825172214212728 ) ) ;
#140 = DIRECTION ( 'NONE',  ( -1.000000000000000000, 0.000000000000000000, -0.000000000000000000 ) ) ;
#141 = EDGE_CURVE ( 'NONE', #1800, #1306, #497, .T. ) ;
#142 = EDGE_CURVE ( 'NONE', #214, #176, #1173, .T. ) ;
#143 = DIRECTION ( 'NONE',  ( 1.000000000000000000, 0.000000000000000000, 0.000000000000000000 ) ) ;
#144 = ORIENTED_EDGE ( 'NONE', *, *, #2089, .F. ) ;
#145 = LINE ( 'NONE', #314, #2221 ) ;
#146 = EDGE_CURVE ( 'NONE', #1028, #967, #1487, .T. ) ;
#147 = DIRECTION ( 'NONE',  ( -0.000000000000000000, -1.000000000000000000, -0.000000000000000000 ) ) ;
#148 = ADVANCED_FACE ( 'NONE', ( #1207 ), #850, .T. ) ;
#149 = ORIENTED_EDGE ( 'NONE', *, *, #5, .T. ) ;
#150 = EDGE_CURVE ( 'NONE', #235, #1534, #1184, .T. ) ;
#151 = CARTESIAN_POINT ( 'NONE',  ( 0.000000000000000000, 275.0000000000000000, -50.00000000000000000 ) ) ;
#152 = CARTESIAN_POINT ( 'NONE',  ( -8.197064308783531317, 264.5000000000000000, 48.20807128186802260 ) ) ;
#153 = CARTESIAN_POINT ( 'NONE',  ( 0.000000000000000000, 334.9999303173929093, 0.000000000000000000 ) ) ;
#154 = ORIENTED_EDGE ( 'NONE', *, *, #658, .F. ) ;
#155 = ORIENTED_EDGE ( 'NONE', *, *, #1101, .F. ) ;
#156 = AXIS2_PLACEMENT_3D ( 'NONE', #6, #710, #1399 ) ;
#157 = CARTESIAN_POINT ( 'NONE',  ( -37.11191255869461969, 264.5000000000000000, -30.75623426617447720 ) ) ;
#158 = CYLINDRICAL_SURFACE ( 'NONE', #1367, 48.89999999999999858 ) ;
#159 = VECTOR ( 'NONE', #696, 1000.000000000000000 ) ;
#160 = ORIENTED_EDGE ( 'NONE', *, *, #521, .F. ) ;
#161 = ADVANCED_FACE ( 'NONE', ( #332 ), #164, .T. ) ;
#162 = FACE_OUTER_BOUND ( 'NONE', #886, .T. ) ;
#163 = DIRECTION ( 'NONE',  ( 0.000000000000000000, -1.000000000000000000, 0.000000000000000000 ) ) ;
#164 = PLANE ( 'NONE',  #463 ) ;
#165 = EDGE_LOOP ( 'NONE', ( #1382, #520, #269, #656 ) ) ;
#166 = VECTOR ( 'NONE', #1834, 1000.000000000000000 ) ;
#167 = FACE_BOUND ( 'NONE', #999, .T. ) ;
#168 = AXIS2_PLACEMENT_3D ( 'NONE', #1103, #627, #1690 ) ;
#169 = ORIENTED_EDGE ( 'NONE', *, *, #215, .T. ) ;
#170 = CARTESIAN_POINT ( 'NONE',  ( -9.500000000000000000, 422.0000000000000568, 9.000000000000000000 ) ) ;
#171 = DIRECTION ( 'NONE',  ( 0.000000000000000000, 0.000000000000000000, -1.000000000000000000 ) ) ;
#172 = AXIS2_PLACEMENT_3D ( 'NONE', #1814, #1143, #408 ) ;
#173 = EDGE_CURVE ( 'NONE', #1028, #258, #130, .T. ) ;
#174 = DIRECTION ( 'NONE',  ( 0.000000000000000000, 0.000000000000000000, -1.000000000000000000 ) ) ;
#175 = ADVANCED_FACE ( 'NONE', ( #1216, #117 ), #1354, .F. ) ;
#176 = VERTEX_POINT ( 'NONE', #1042 ) ;
#177 = VERTEX_POINT ( 'NONE', #652 ) ;
#178 = DIRECTION ( 'NONE',  ( -0.000000000000000000, -0.000000000000000000, 1.000000000000000000 ) ) ;
#179 = ORIENTED_EDGE ( 'NONE', *, *, #887, .F. ) ;
#180 = CARTESIAN_POINT ( 'NONE',  ( 0.000000000000000000, 263.0000000000000000, 0.000000000000000000 ) ) ;
#181 = CARTESIAN_POINT ( 'NONE',  ( 0.000000000000000000, 335.0000000000000000, 0.000000000000000000 ) ) ;
#182 = EDGE_CURVE ( 'NONE', #1379, #1234, #1945, .T. ) ;
#183 = DIRECTION ( 'NONE',  ( 1.000000000000000000, 0.000000000000000000, 0.000000000000000000 ) ) ;
#184 = CARTESIAN_POINT ( 'NONE',  ( -12.00000000000000000, 422.0000000000000568, 9.000000000000000000 ) ) ;
#185 = VERTEX_POINT ( 'NONE', #996 ) ;
#186 = ADVANCED_FACE ( 'NONE', ( #1196 ), #1009, .F. ) ;
#187 = ORIENTED_EDGE ( 'NONE', *, *, #1064, .F. ) ;
#188 = ADVANCED_BREP_SHAPE_REPRESENTATION ( 'Nose Cone Rev 2', ( #1933, #643 ), #124 ) ;
#189 = EDGE_CURVE ( 'NONE', #121, #805, #498, .T. ) ;
#190 = DIRECTION ( 'NONE',  ( 0.000000000000000000, 0.000000000000000000, 1.000000000000000000 ) ) ;
#191 = COORDINATED_UNIVERSAL_TIME_OFFSET ( 12, 0, .AHEAD. ) ;
#192 = VECTOR ( 'NONE', #178, 1000.000000000000000 ) ;
#193 = VERTEX_POINT ( 'NONE', #1394 ) ;
#194 = PLANE ( 'NONE',  #1161 ) ;
#195 = ORIENTED_EDGE ( 'NONE', *, *, #2192, .T. ) ;
#196 = DIRECTION ( 'NONE',  ( -0.000000000000000000, 1.000000000000000000, -0.000000000000000000 ) ) ;
#197 = CIRCLE ( 'NONE', #231, 48.30000000000000426 ) ;
#198 = CIRCLE ( 'NONE', #1515, 46.80000000000000426 ) ;
#199 = CARTESIAN_POINT ( 'NONE',  ( -10.50000000000000000, 395.0000000000000000, -12.94999999999999929 ) ) ;
#200 = CYLINDRICAL_SURFACE ( 'NONE', #1589, 1.100000000000000089 ) ;
#201 = ORIENTED_EDGE ( 'NONE', *, *, #1792, .T. ) ;
#202 = ORIENTED_EDGE ( 'NONE', *, *, #859, .T. ) ;
#203 = CARTESIAN_POINT ( 'NONE',  ( 0.000000000000000000, 264.5000000000000000, 0.000000000000000000 ) ) ;
#204 = PERSON_AND_ORGANIZATION ( #57, #821 ) ;
#205 = CIRCLE ( 'NONE', #1522, 48.89999999999999858 ) ;
#206 = VERTEX_POINT ( 'NONE', #2119 ) ;
#207 = DIRECTION ( 'NONE',  ( -0.000000000000000000, 1.000000000000000000, -0.000000000000000000 ) ) ;
#208 = CIRCLE ( 'NONE', #578, 1.050000000000000488 ) ;
#209 = DIRECTION ( 'NONE',  ( -0.000000000000000000, -1.000000000000000000, -0.000000000000000000 ) ) ;
#210 = AXIS2_PLACEMENT_3D ( 'NONE', #1740, #1730, #1523 ) ;
#211 = CARTESIAN_POINT ( 'NONE',  ( 0.000000000000000000, 439.9998083731135807, 0.000000000000000000 ) ) ;
#212 = EDGE_CURVE ( 'NONE', #840, #72, #1992, .T. ) ;
#213 = ORIENTED_EDGE ( 'NONE', *, *, #452, .F. ) ;
#214 = VERTEX_POINT ( 'NONE', #1065 ) ;
#215 = EDGE_CURVE ( 'NONE', #967, #1555, #1798, .T. ) ;
#216 = CARTESIAN_POINT ( 'NONE',  ( -10.50000000000000000, 395.0000000000000000, -14.00000000000000000 ) ) ;
#217 = PERSON_AND_ORGANIZATION_ROLE ( 'creator' ) ;
#218 = VERTEX_POINT ( 'NONE', #1078 ) ;
#219 = CARTESIAN_POINT ( 'NONE',  ( 0.000000000000000000, 334.9999998889855988, 0.000000000000000000 ) ) ;
#220 = EDGE_CURVE ( 'NONE', #1732, #512, #1, .T. ) ;
#221 = CARTESIAN_POINT ( 'NONE',  ( -10.50000000000000000, 396.5000000000000000, 13.00000000000000000 ) ) ;
#222 = EDGE_CURVE ( 'NONE', #765, #1245, #50, .T. ) ;
#223 = CARTESIAN_POINT ( 'NONE',  ( -12.11959821705238483, 267.4999999999999432, 47.37431096129231634 ) ) ;
#224 = CARTESIAN_POINT ( 'NONE',  ( 0.000000000000000000, 200.0000000000000000, -48.30000000000000426 ) ) ;
#225 = ORIENTED_EDGE ( 'NONE', *, *, #2216, .T. ) ;
#226 = DIRECTION ( 'NONE',  ( 0.000000000000000000, 0.000000000000000000, 1.000000000000000000 ) ) ;
#227 = DIRECTION ( 'NONE',  ( 0.000000000000000000, -1.000000000000000000, 0.000000000000000000 ) ) ;
#228 = LINE ( 'NONE', #1305, #1479 ) ;
#229 = VECTOR ( 'NONE', #1716, 1000.000000000000000 ) ;
#230 = VERTEX_POINT ( 'NONE', #199 ) ;
#231 = AXIS2_PLACEMENT_3D ( 'NONE', #662, #1745, #171 ) ;
#232 = CARTESIAN_POINT ( 'NONE',  ( 10.50000000000000000, 395.0000000000000000, 13.00000000000000000 ) ) ;
#233 = CARTESIAN_POINT ( 'NONE',  ( -10.50000000000000000, 395.0000000000000000, 11.94999999999999929 ) ) ;
#234 = CIRCLE ( 'NONE', #453, 1.100000000000000089 ) ;
#235 = VERTEX_POINT ( 'NONE', #1243 ) ;
#236 = LOCAL_TIME ( 22, 37, 13.00000000000000000, #1791 ) ;
#237 = FACE_OUTER_BOUND ( 'NONE', #1934, .T. ) ;
#238 = CARTESIAN_POINT ( 'NONE',  ( 9.500000000000000000, 412.0000000000000000, 1.100000000000000089 ) ) ;
#239 = CARTESIAN_POINT ( 'NONE',  ( 0.000000000000000000, 264.5000000000000000, 0.000000000000000000 ) ) ;
#240 = EDGE_LOOP ( 'NONE', ( #1440, #1169 ) ) ;
#241 = LINE ( 'NONE', #605, #1643 ) ;
#242 = FACE_OUTER_BOUND ( 'NONE', #1060, .T. ) ;
#243 = AXIS2_PLACEMENT_3D ( 'NONE', #1137, #761, #446 ) ;
#244 = VECTOR ( 'NONE', #726, 1000.000000000000000 ) ;
#245 = FACE_OUTER_BOUND ( 'NONE', #1976, .T. ) ;
#246 = EDGE_CURVE ( 'NONE', #676, #100, #2131, .T. ) ;
#247 = TOROIDAL_SURFACE ( 'NONE', #1491, -131.2500000000000000, 181.2500000000000284 ) ;
#248 = DIRECTION ( 'NONE',  ( 0.000000000000000000, 0.000000000000000000, -1.000000000000000000 ) ) ;
#249 = EDGE_LOOP ( 'NONE', ( #1857, #1650, #847, #1327 ) ) ;
#250 = CARTESIAN_POINT ( 'NONE',  ( -37.18890822790353212, 267.5000000000000000, -30.82004388083458934 ) ) ;
#251 = PLANE ( 'NONE',  #965 ) ;
#252 = VERTEX_POINT ( 'NONE', #535 ) ;
#253 = DIRECTION ( 'NONE',  ( 0.8660254037844388186, 0.000000000000000000, 0.4999999999999997780 ) ) ;
#254 = FACE_BOUND ( 'NONE', #1774, .T. ) ;
#255 = EDGE_LOOP ( 'NONE', ( #2058, #931, #1426, #290 ) ) ;
#256 = EDGE_CURVE ( 'NONE', #121, #977, #1250, .T. ) ;
#257 = VERTEX_POINT ( 'NONE', #1276 ) ;
#258 = VERTEX_POINT ( 'NONE', #716 ) ;
#259 = DIRECTION ( 'NONE',  ( 2.664535259100375697E-15, 0.000000000000000000, -1.000000000000000000 ) ) ;
#260 = LINE ( 'NONE', #1313, #581 ) ;
#261 = DIRECTION ( 'NONE',  ( 0.000000000000000000, 0.000000000000000000, -1.000000000000000000 ) ) ;
#262 = ORIENTED_EDGE ( 'NONE', *, *, #1743, .T. ) ;
#263 = CARTESIAN_POINT ( 'NONE',  ( 0.000000000000000000, 390.0000000000000000, 0.000000000000000000 ) ) ;
#264 = DIRECTION ( 'NONE',  ( 0.000000000000000000, 0.000000000000000000, 1.000000000000000000 ) ) ;
#265 = AXIS2_PLACEMENT_3D ( 'NONE', #1474, #776, #1269 ) ;
#266 = PLANE ( 'NONE',  #1194 ) ;
#267 = VECTOR ( 'NONE', #1285, 1000.000000000000114 ) ;
#268 = CIRCLE ( 'NONE', #2118, 48.30000000000000426 ) ;
#269 = ORIENTED_EDGE ( 'NONE', *, *, #1024, .F. ) ;
#270 = FACE_OUTER_BOUND ( 'NONE', #1544, .T. ) ;
#271 = FACE_OUTER_BOUND ( 'NONE', #1501, .T. ) ;
#272 = EDGE_CURVE ( 'NONE', #1046, #1636, #558, .T. ) ;
#273 = FACE_OUTER_BOUND ( 'NONE', #2251, .T. ) ;
#274 = EDGE_CURVE ( 'NONE', #397, #193, #548, .T. ) ;
#275 = EDGE_LOOP ( 'NONE', ( #1850, #154, #1958, #195 ) ) ;
#276 = PLANE ( 'NONE',  #243 ) ;
#277 = FACE_BOUND ( 'NONE', #1163, .T. ) ;
#278 = VERTEX_POINT ( 'NONE', #223 ) ;
#279 = EDGE_LOOP ( 'NONE', ( #1846, #491, #1442, #769 ) ) ;
#280 = DIRECTION ( 'NONE',  ( -0.000000000000000000, 1.000000000000000000, -0.000000000000000000 ) ) ;
#281 = AXIS2_PLACEMENT_3D ( 'NONE', #1596, #1062, #533 ) ;
#282 = EDGE_CURVE ( 'NONE', #193, #1089, #402, .T. ) ;
#283 = LINE ( 'NONE', #980, #137 ) ;
#284 = CARTESIAN_POINT ( 'NONE',  ( 10.50000000000000000, 396.5000000000000000, 11.94999999999999929 ) ) ;
#285 = ADVANCED_FACE ( 'NONE', ( #2150 ), #367, .F. ) ;
#286 = ORIENTED_EDGE ( 'NONE', *, *, #256, .T. ) ;
#287 = DIRECTION ( 'NONE',  ( -0.000000000000000000, -1.000000000000000000, -0.000000000000000000 ) ) ;
#288 = FACE_BOUND ( 'NONE', #620, .T. ) ;
#289 = EDGE_CURVE ( 'NONE', #1695, #258, #907, .T. ) ;
#290 = ORIENTED_EDGE ( 'NONE', *, *, #1682, .T. ) ;
#291 = ORIENTED_EDGE ( 'NONE', *, *, #991, .T. ) ;
#292 = CARTESIAN_POINT ( 'NONE',  ( 0.000000000000000000, 439.9998083731135807, 13.40993644393037521 ) ) ;
#293 = DIRECTION ( 'NONE',  ( 1.000000000000000000, -0.000000000000000000, -0.000000000000000000 ) ) ;
#294 = DIRECTION ( 'NONE',  ( -0.000000000000000000, -1.000000000000000000, -0.000000000000000000 ) ) ;
#295 = EDGE_LOOP ( 'NONE', ( #1967, #1821, #1094, #1988 ) ) ;
#296 = DIRECTION ( 'NONE',  ( 0.000000000000000000, 1.000000000000000000, 0.000000000000000000 ) ) ;
#297 = CARTESIAN_POINT ( 'NONE',  ( 45.00000000000000000, 335.0000000000000000, -3.000000000000000000 ) ) ;
#298 = DIRECTION ( 'NONE',  ( 0.000000000000000000, 0.000000000000000000, 1.000000000000000000 ) ) ;
#299 = AXIS2_PLACEMENT_3D ( 'NONE', #1142, #1728, #988 ) ;
#300 = ORIENTED_EDGE ( 'NONE', *, *, #631, .F. ) ;
#301 = AXIS2_PLACEMENT_3D ( 'NONE', #1810, #1244, #1229 ) ;
#302 = DIRECTION ( 'NONE',  ( 0.000000000000000000, -1.000000000000000000, 0.000000000000000000 ) ) ;
#303 = VERTEX_POINT ( 'NONE', #1228 ) ;
#304 = DIRECTION ( 'NONE',  ( 0.000000000000000000, -1.000000000000000000, 0.000000000000000000 ) ) ;
#305 = CARTESIAN_POINT ( 'NONE',  ( 44.87710320509491169, 264.5000000000000000, -17.85876837632596192 ) ) ;
#306 = ADVANCED_FACE ( 'NONE', ( #2140 ), #25, .T. ) ;
#307 = EDGE_CURVE ( 'NONE', #1636, #1089, #750, .T. ) ;
#308 = EDGE_LOOP ( 'NONE', ( #429, #445 ) ) ;
#309 = CARTESIAN_POINT ( 'NONE',  ( -9.500000000000000000, 395.0000000000000000, 9.000000000000000000 ) ) ;
#310 = CARTESIAN_POINT ( 'NONE',  ( -12.00000000000000000, 395.0000000000000000, -9.000000000000000000 ) ) ;
#311 = CARTESIAN_POINT ( 'NONE',  ( 0.000000000000000000, 335.0000000000000000, 0.000000000000000000 ) ) ;
#312 = EDGE_CURVE ( 'NONE', #1162, #1083, #1343, .T. ) ;
#313 = VERTEX_POINT ( 'NONE', #1419 ) ;
#314 = CARTESIAN_POINT ( 'NONE',  ( 0.000000000000000000, 421.0000000000000568, 7.000000000000000000 ) ) ;
#315 = AXIS2_PLACEMENT_3D ( 'NONE', #1881, #2055, #508 ) ;
#316 = VERTEX_POINT ( 'NONE', #1951 ) ;
#317 = AXIS2_PLACEMENT_3D ( 'NONE', #811, #1697, #1202 ) ;
#318 = CARTESIAN_POINT ( 'NONE',  ( -12.00000000000000000, 412.0000000000000000, -1.100000000000000089 ) ) ;
#319 = CARTESIAN_POINT ( 'NONE',  ( -12.00000000000000000, 422.0000000000000568, 9.000000000000000000 ) ) ;
#320 = AXIS2_PLACEMENT_3D ( 'NONE', #576, #1110, #611 ) ;
#321 = ORIENTED_EDGE ( 'NONE', *, *, #731, .T. ) ;
#322 = CARTESIAN_POINT ( 'NONE',  ( -10.50000000000000000, 395.0000000000000000, 13.00000000000000000 ) ) ;
#323 = CARTESIAN_POINT ( 'NONE',  ( 0.000000000000000000, 390.0000000000000000, 38.82820000000003802 ) ) ;
#324 = DIRECTION ( 'NONE',  ( 0.000000000000000000, -1.000000000000000000, 0.000000000000000000 ) ) ;
#325 = ORIENTED_EDGE ( 'NONE', *, *, #1242, .T. ) ;
#326 = EDGE_CURVE ( 'NONE', #765, #365, #356, .T. ) ;
#327 = ORIENTED_EDGE ( 'NONE', *, *, #631, .T. ) ;
#328 = FACE_OUTER_BOUND ( 'NONE', #407, .T. ) ;
#329 = ORIENTED_EDGE ( 'NONE', *, *, #887, .T. ) ;
#330 = CYLINDRICAL_SURFACE ( 'NONE', #617, 50.00000000000000000 ) ;
#331 = CARTESIAN_POINT ( 'NONE',  ( 0.000000000000000000, 439.9998083731135807, 0.000000000000000000 ) ) ;
#332 = FACE_OUTER_BOUND ( 'NONE', #382, .T. ) ;
#333 = ORIENTED_EDGE ( 'NONE', *, *, #2051, .T. ) ;
#334 = ADVANCED_FACE ( 'NONE', ( #1587 ), #13, .F. ) ;
#335 = AXIS2_PLACEMENT_3D ( 'NONE', #2007, #945, #1838 ) ;
#336 = CIRCLE ( 'NONE', #995, 38.82820000000003802 ) ;
#337 = CARTESIAN_POINT ( 'NONE',  ( 9.500000000000000000, 395.0000000000000000, 9.000000000000000000 ) ) ;
#338 = CIRCLE ( 'NONE', #1709, 43.79999999999999716 ) ;
#339 = ORIENTED_EDGE ( 'NONE', *, *, #531, .F. ) ;
#340 = EDGE_CURVE ( 'NONE', #2223, #3, #1637, .T. ) ;
#341 = CIRCLE ( 'NONE', #1632, 1.050000000000000488 ) ;
#342 = CARTESIAN_POINT ( 'NONE',  ( 45.19163647859985389, 264.5000000000000000, -16.76174192576903010 ) ) ;
#343 = ORIENTED_EDGE ( 'NONE', *, *, #658, .T. ) ;
#344 = LINE ( 'NONE', #1904, #1629 ) ;
#345 = DIRECTION ( 'NONE',  ( 0.000000000000000000, 0.000000000000000000, 1.000000000000000000 ) ) ;
#346 = EDGE_LOOP ( 'NONE', ( #48, #502, #1742, #1013 ) ) ;
#347 = ORIENTED_EDGE ( 'NONE', *, *, #602, .T. ) ;
#348 = VECTOR ( 'NONE', #1677, 1000.000000000000000 ) ;
#349 = CARTESIAN_POINT ( 'NONE',  ( 0.000000000000000000, 395.0000000000000000, 0.000000000000000000 ) ) ;
#350 = EDGE_CURVE ( 'NONE', #258, #1555, #1450, .T. ) ;
#351 = ORIENTED_EDGE ( 'NONE', *, *, #1547, .T. ) ;
#352 = LINE ( 'NONE', #1573, #1233 ) ;
#353 = LINE ( 'NONE', #1052, #1868 ) ;
#354 = VECTOR ( 'NONE', #60, 1000.000000000000000 ) ;
#355 = EDGE_CURVE ( 'NONE', #654, #813, #1329, .T. ) ;
#356 = LINE ( 'NONE', #1771, #1303 ) ;
#357 = DIRECTION ( 'NONE',  ( 0.000000000000000000, 0.000000000000000000, 1.000000000000000000 ) ) ;
#358 = ADVANCED_FACE ( 'NONE', ( #1818 ), #1125, .F. ) ;
#359 = ORIENTED_EDGE ( 'NONE', *, *, #1565, .T. ) ;
#360 = ORIENTED_EDGE ( 'NONE', *, *, #438, .F. ) ;
#361 = DIRECTION ( 'NONE',  ( 0.000000000000000000, 0.000000000000000000, 1.000000000000000000 ) ) ;
#362 = DATE_AND_TIME ( #1049, #236 ) ;
#363 = VERTEX_POINT ( 'NONE', #928 ) ;
#364 = DIRECTION ( 'NONE',  ( 0.000000000000000000, 0.000000000000000000, -1.000000000000000000 ) ) ;
#365 = VERTEX_POINT ( 'NONE', #637 ) ;
#366 = CYLINDRICAL_SURFACE ( 'NONE', #855, 43.79999999999999716 ) ;
#367 = CYLINDRICAL_SURFACE ( 'NONE', #2167, 47.00000000000000000 ) ;
#368 = LINE ( 'NONE', #1993, #53 ) ;
#369 = ORIENTED_EDGE ( 'NONE', *, *, #1832, .T. ) ;
#370 = LINE ( 'NONE', #157, #393 ) ;
#371 = CALENDAR_DATE ( 2026, 30, 9 ) ;
#372 = AXIS2_PLACEMENT_3D ( 'NONE', #835, #1885, #2059 ) ;
#373 = ORIENTED_EDGE ( 'NONE', *, *, #1101, .T. ) ;
#374 = PLANE ( 'NONE',  #1123 ) ;
#375 = CARTESIAN_POINT ( 'NONE',  ( -34.96755767073655363, 200.0000000000000000, -34.18303542027410202 ) ) ;
#376 = AXIS2_PLACEMENT_3D ( 'NONE', #64, #549, #1588 ) ;
#377 = EDGE_CURVE ( 'NONE', #17, #2091, #465, .T. ) ;
#378 = VECTOR ( 'NONE', #1339, 1000.000000000000000 ) ;
#379 = CARTESIAN_POINT ( 'NONE',  ( 38.82820000000000249, 390.0000000000000000, 23.50000000000000000 ) ) ;
#380 = CARTESIAN_POINT ( 'NONE',  ( -9.499999999999998224, 412.0000000000000000, -1.100000000000000089 ) ) ;
#381 = ADVANCED_FACE ( 'NONE', ( #1663 ), #783, .T. ) ;
#382 = EDGE_LOOP ( 'NONE', ( #2024, #2142, #869, #874 ) ) ;
#383 = EDGE_LOOP ( 'NONE', ( #1368, #1789, #948, #1416 ) ) ;
#384 = EDGE_CURVE ( 'NONE', #17, #822, #241, .T. ) ;
#385 = LINE ( 'NONE', #871, #691 ) ;
#386 = EDGE_CURVE ( 'NONE', #2125, #1729, #1115, .T. ) ;
#387 = AXIS2_PLACEMENT_3D ( 'NONE', #1033, #1530, #1021 ) ;
#388 = ORIENTED_EDGE ( 'NONE', *, *, #1267, .T. ) ;
#389 = CARTESIAN_POINT ( 'NONE',  ( -10.50000000000000000, 396.5000000000000000, -12.94999999999999929 ) ) ;
#390 = CARTESIAN_POINT ( 'NONE',  ( 0.000000000000000000, 336.9999998849486929, 0.000000000000000000 ) ) ;
#391 = CIRCLE ( 'NONE', #1603, 48.90000000000000568 ) ;
#392 = CARTESIAN_POINT ( 'NONE',  ( 0.000000000000000000, 335.0000000000000000, -131.2500000000000000 ) ) ;
#393 = VECTOR ( 'NONE', #902, 1000.000000000000227 ) ;
#394 = DIRECTION ( 'NONE',  ( 0.000000000000000000, 0.000000000000000000, -1.000000000000000000 ) ) ;
#395 = ORIENTED_EDGE ( 'NONE', *, *, #1781, .F. ) ;
#396 = LINE ( 'NONE', #1312, #851 ) ;
#397 = VERTEX_POINT ( 'NONE', #2044 ) ;
#398 = EDGE_LOOP ( 'NONE', ( #1919, #1152 ) ) ;
#399 = LINE ( 'NONE', #1304, #354 ) ;
#400 = FACE_OUTER_BOUND ( 'NONE', #494, .T. ) ;
#401 = VERTEX_POINT ( 'NONE', #1297 ) ;
#402 = LINE ( 'NONE', #916, #939 ) ;
#403 = DIRECTION ( 'NONE',  ( -0.8660254037844384856, 0.000000000000000000, 0.5000000000000004441 ) ) ;
#404 = ORIENTED_EDGE ( 'NONE', *, *, #1902, .T. ) ;
#405 = CARTESIAN_POINT ( 'NONE',  ( 0.000000000000000000, 275.0000000000000000, 0.000000000000000000 ) ) ;
#406 = CC_DESIGN_PERSON_AND_ORGANIZATION_ASSIGNMENT ( #41, #1776, ( #532 ) ) ;
#407 = EDGE_LOOP ( 'NONE', ( #1894, #1787 ) ) ;
#408 = DIRECTION ( 'NONE',  ( 0.000000000000000000, 0.000000000000000000, 1.000000000000000000 ) ) ;
#409 = CARTESIAN_POINT ( 'NONE',  ( 20.00000000000000000, 412.0000000000000000, 0.000000000000000000 ) ) ;
#410 = CIRCLE ( 'NONE', #1705, 48.89999999999999858 ) ;
#411 = EDGE_CURVE ( 'NONE', #3, #777, #24, .T. ) ;
#412 = VERTEX_POINT ( 'NONE', #96 ) ;
#413 = VECTOR ( 'NONE', #993, 1000.000000000000000 ) ;
#414 = DIRECTION ( 'NONE',  ( 1.000000000000000000, 0.000000000000000000, 0.000000000000000000 ) ) ;
#415 = CARTESIAN_POINT ( 'NONE',  ( 0.000000000000000000, 395.0000000000000000, 0.000000000000000000 ) ) ;
#416 = CARTESIAN_POINT ( 'NONE',  ( 10.50000000000000000, 395.0000000000000000, 14.05000000000000071 ) ) ;
#417 = DIRECTION ( 'NONE',  ( -0.000000000000000000, -1.000000000000000000, -0.000000000000000000 ) ) ;
#418 = DIRECTION ( 'NONE',  ( -0.000000000000000000, -1.000000000000000000, -0.000000000000000000 ) ) ;
#419 = DIRECTION ( 'NONE',  ( 0.000000000000000000, -1.000000000000000000, 0.000000000000000000 ) ) ;
#420 = EDGE_CURVE ( 'NONE', #1454, #1802, #1950, .T. ) ;
#421 = AXIS2_PLACEMENT_3D ( 'NONE', #944, #954, #75 ) ;
#422 = EDGE_LOOP ( 'NONE', ( #54, #1232, #2162, #583 ) ) ;
#423 = DIRECTION ( 'NONE',  ( 0.000000000000000000, 0.000000000000000000, -1.000000000000000000 ) ) ;
#424 = CARTESIAN_POINT ( 'NONE',  ( 38.82820000000000249, 390.0000000000000000, 20.50000000000000000 ) ) ;
#425 = EDGE_CURVE ( 'NONE', #1571, #313, #2238, .T. ) ;
#426 = AXIS2_PLACEMENT_3D ( 'NONE', #1936, #873, #704 ) ;
#427 = DIRECTION ( 'NONE',  ( 0.000000000000000000, -1.000000000000000000, 0.000000000000000000 ) ) ;
#428 = VECTOR ( 'NONE', #43, 1000.000000000000000 ) ;
#429 = ORIENTED_EDGE ( 'NONE', *, *, #2, .F. ) ;
#430 = DIRECTION ( 'NONE',  ( -0.000000000000000000, 1.000000000000000000, -0.000000000000000000 ) ) ;
#431 = ORIENTED_EDGE ( 'NONE', *, *, #1264, .T. ) ;
#432 = CARTESIAN_POINT ( 'NONE',  ( 8.099999999999999645, 396.0000000000000000, 23.50000000000000000 ) ) ;
#433 = DIRECTION ( 'NONE',  ( 0.000000000000000000, 0.000000000000000000, 1.000000000000000000 ) ) ;
#434 = ORIENTED_EDGE ( 'NONE', *, *, #560, .F. ) ;
#435 = DIRECTION ( 'NONE',  ( -1.000000000000000000, -0.000000000000000000, -0.000000000000000000 ) ) ;
#436 = DIRECTION ( 'NONE',  ( 1.000000000000000000, -0.000000000000000000, -0.000000000000000000 ) ) ;
#437 = ORIENTED_EDGE ( 'NONE', *, *, #5, .F. ) ;
#438 = EDGE_CURVE ( 'NONE', #2020, #38, #2021, .T. ) ;
#439 = ORIENTED_EDGE ( 'NONE', *, *, #1476, .T. ) ;
#440 = ADVANCED_FACE ( 'NONE', ( #63 ), #276, .T. ) ;
#441 = ORIENTED_EDGE ( 'NONE', *, *, #1754, .T. ) ;
#442 = CARTESIAN_POINT ( 'NONE',  ( -0.9000000000000000222, 395.0000000000000000, 0.000000000000000000 ) ) ;
#443 = LINE ( 'NONE', #778, #728 ) ;
#444 = DIRECTION ( 'NONE',  ( -0.000000000000000000, -1.000000000000000000, -0.000000000000000000 ) ) ;
#445 = ORIENTED_EDGE ( 'NONE', *, *, #425, .F. ) ;
#446 = DIRECTION ( 'NONE',  ( -0.8660254037844387076, 0.000000000000000000, -0.4999999999999997780 ) ) ;
#447 = DIRECTION ( 'NONE',  ( 0.000000000000000000, 0.000000000000000000, 1.000000000000000000 ) ) ;
#448 = CIRCLE ( 'NONE', #742, 48.30000000000000426 ) ;
#449 = CARTESIAN_POINT ( 'NONE',  ( -9.500000000000000000, 422.0000000000000568, 9.000000000000000000 ) ) ;
#450 = CIRCLE ( 'NONE', #1747, 1.100000000000000089 ) ;
#451 = EDGE_CURVE ( 'NONE', #2134, #844, #1409, .T. ) ;
#452 = EDGE_CURVE ( 'NONE', #1289, #1738, #1836, .T. ) ;
#453 = AXIS2_PLACEMENT_3D ( 'NONE', #1500, #1466, #261 ) ;
#454 = ORIENTED_EDGE ( 'NONE', *, *, #985, .F. ) ;
#455 = DIRECTION ( 'NONE',  ( 0.000000000000000000, -0.000000000000000000, -1.000000000000000000 ) ) ;
#456 = EDGE_CURVE ( 'NONE', #967, #1028, #1119, .T. ) ;
#457 = CARTESIAN_POINT ( 'NONE',  ( 0.000000000000000000, 325.0000000000000000, 0.000000000000000000 ) ) ;
#458 = ADVANCED_FACE ( 'NONE', ( #941, #973 ), #1722, .T. ) ;
#459 = CARTESIAN_POINT ( 'NONE',  ( -34.96755767073655363, 264.5000000000000000, -34.18303542027410202 ) ) ;
#460 = ORIENTED_EDGE ( 'NONE', *, *, #1653, .F. ) ;
#461 = DIRECTION ( 'NONE',  ( -0.000000000000000000, -1.000000000000000000, -0.000000000000000000 ) ) ;
#462 = FACE_OUTER_BOUND ( 'NONE', #574, .T. ) ;
#463 = AXIS2_PLACEMENT_3D ( 'NONE', #1893, #1386, #663 ) ;
#464 = DIRECTION ( 'NONE',  ( 1.000000000000000000, -0.000000000000000000, -0.000000000000000000 ) ) ;
#465 = CIRCLE ( 'NONE', #759, 1.050000000000000488 ) ;
#466 = VERTEX_POINT ( 'NONE', #1744 ) ;
#467 = DIRECTION ( 'NONE',  ( -0.000000000000000000, 1.000000000000000000, -0.000000000000000000 ) ) ;
#468 = AXIS2_PLACEMENT_3D ( 'NONE', #1281, #957, #2160 ) ;
#469 = CARTESIAN_POINT ( 'NONE',  ( 0.000000000000000000, 335.5000000000000000, 49.99931034351553905 ) ) ;
#470 = DIRECTION ( 'NONE',  ( -0.000000000000000000, -1.000000000000000000, -0.000000000000000000 ) ) ;
#471 = ORIENTED_EDGE ( 'NONE', *, *, #2261, .F. ) ;
#472 = PLANE ( 'NONE',  #2090 ) ;
#473 = CARTESIAN_POINT ( 'NONE',  ( -9.500000000000000000, 395.0000000000000000, 9.000000000000000000 ) ) ;
#474 = CARTESIAN_POINT ( 'NONE',  ( 47.00000000000000000, 263.0000000000000000, 0.000000000000000000 ) ) ;
#475 = ORIENTED_EDGE ( 'NONE', *, *, #1759, .F. ) ;
#476 = DIRECTION ( 'NONE',  ( -0.000000000000000000, -1.000000000000000000, -0.000000000000000000 ) ) ;
#477 = ORIENTED_EDGE ( 'NONE', *, *, #1828, .F. ) ;
#478 = DIRECTION ( 'NONE',  ( 0.000000000000000000, -0.000000000000000000, 1.000000000000000000 ) ) ;
#479 = CARTESIAN_POINT ( 'NONE',  ( 0.000000000000000000, 335.5000000000000000, 0.000000000000000000 ) ) ;
#480 = ADVANCED_FACE ( 'NONE', ( #861 ), #330, .T. ) ;
#481 = VERTEX_POINT ( 'NONE', #1352 ) ;
#482 = DIRECTION ( 'NONE',  ( -0.000000000000000000, -1.000000000000000000, -0.000000000000000000 ) ) ;
#483 = DIRECTION ( 'NONE',  ( 0.000000000000000000, -1.000000000000000000, 0.000000000000000000 ) ) ;
#484 = ADVANCED_FACE ( 'NONE', ( #1549, #162 ), #1205, .F. ) ;
#485 = DIRECTION ( 'NONE',  ( -0.000000000000000000, 1.000000000000000000, -0.000000000000000000 ) ) ;
#486 = VECTOR ( 'NONE', #741, 1000.000000000000000 ) ;
#487 = VERTEX_POINT ( 'NONE', #139 ) ;
#488 = VECTOR ( 'NONE', #1342, 999.9999999999998863 ) ;
#489 = CYLINDRICAL_SURFACE ( 'NONE', #299, 1.050000000000000488 ) ;
#490 = ORIENTED_EDGE ( 'NONE', *, *, #173, .F. ) ;
#491 = ORIENTED_EDGE ( 'NONE', *, *, #998, .F. ) ;
#492 = VECTOR ( 'NONE', #2253, 1000.000000000000000 ) ;
#493 = PLANE ( 'NONE',  #210 ) ;
#494 = EDGE_LOOP ( 'NONE', ( #1464, #539, #2212, #1889 ) ) ;
#495 = DIRECTION ( 'NONE',  ( 0.000000000000000000, 1.000000000000000000, 0.000000000000000000 ) ) ;
#496 = DIRECTION ( 'NONE',  ( 0.000000000000000000, 0.000000000000000000, 1.000000000000000000 ) ) ;
#497 = LINE ( 'NONE', #831, #899 ) ;
#498 = CIRCLE ( 'NONE', #829, 47.00000000000000000 ) ;
#499 = ORIENTED_EDGE ( 'NONE', *, *, #411, .F. ) ;
#500 = CARTESIAN_POINT ( 'NONE',  ( 0.000000000000000000, 275.0000000000000000, -48.30000000000000426 ) ) ;
#501 = AXIS2_PLACEMENT_3D ( 'NONE', #1018, #841, #2270 ) ;
#502 = ORIENTED_EDGE ( 'NONE', *, *, #1601, .T. ) ;
#503 = ORIENTED_EDGE ( 'NONE', *, *, #282, .F. ) ;
#504 = VECTOR ( 'NONE', #1349, 1000.000000000000000 ) ;
#505 = CARTESIAN_POINT ( 'NONE',  ( -1.607348928085031409E-14, 334.9999998889855988, 131.2500003432932942 ) ) ;
#506 = DIRECTION ( 'NONE',  ( -0.000000000000000000, -1.000000000000000000, -0.000000000000000000 ) ) ;
#507 = ORIENTED_EDGE ( 'NONE', *, *, #2273, .T. ) ;
#508 = DIRECTION ( 'NONE',  ( 0.000000000000000000, 0.000000000000000000, -1.000000000000000000 ) ) ;
#509 = CARTESIAN_POINT ( 'NONE',  ( -12.00000000000000000, 422.0000000000000568, -9.000000000000000000 ) ) ;
#510 = DIRECTION ( 'NONE',  ( 0.1676291269689882957, 0.000000000000000000, -0.9858501284635584616 ) ) ;
#511 = ORIENTED_EDGE ( 'NONE', *, *, #1743, .F. ) ;
#512 = VERTEX_POINT ( 'NONE', #2281 ) ;
#513 = ADVANCED_FACE ( 'NONE', ( #695 ), #1539, .F. ) ;
#514 = FACE_OUTER_BOUND ( 'NONE', #1806, .T. ) ;
#515 = CARTESIAN_POINT ( 'NONE',  ( 5.915044039881716649E-15, 263.0000000000000000, 48.30000000000000426 ) ) ;
#516 = ORIENTED_EDGE ( 'NONE', *, *, #182, .T. ) ;
#517 = DIRECTION ( 'NONE',  ( -0.000000000000000000, 1.000000000000000000, 0.000000000000000000 ) ) ;
#518 = CARTESIAN_POINT ( 'NONE',  ( 10.50000000000000000, 390.0000000000000000, -14.00000000000000000 ) ) ;
#519 = LINE ( 'NONE', #1713, #1833 ) ;
#520 = ORIENTED_EDGE ( 'NONE', *, *, #384, .T. ) ;
#521 = EDGE_CURVE ( 'NONE', #206, #2236, #1008, .T. ) ;
#522 = CIRCLE ( 'NONE', #1106, 13.40993644393037521 ) ;
#523 = ORIENTED_EDGE ( 'NONE', *, *, #1855, .F. ) ;
#524 = VECTOR ( 'NONE', #1550, 999.9999999999998863 ) ;
#525 = DIRECTION ( 'NONE',  ( 0.000000000000000000, -1.000000000000000000, 0.000000000000000000 ) ) ;
#526 = PERSON_AND_ORGANIZATION_ROLE ( 'design_owner' ) ;
#527 = EDGE_CURVE ( 'NONE', #1209, #278, #391, .T. ) ;
#528 = AXIS2_PLACEMENT_3D ( 'NONE', #479, #470, #2243 ) ;
#529 = ORIENTED_EDGE ( 'NONE', *, *, #94, .F. ) ;
#530 = EDGE_LOOP ( 'NONE', ( #2285, #1647, #325, #434 ) ) ;
#531 = EDGE_CURVE ( 'NONE', #1800, #1548, #208, .T. ) ;
#532 = SECURITY_CLASSIFICATION ( '', '', #1059 ) ;
#533 = DIRECTION ( 'NONE',  ( 0.000000000000000000, 0.000000000000000000, 1.000000000000000000 ) ) ;
#534 = DIRECTION ( 'NONE',  ( 0.000000000000000000, 0.000000000000000000, 1.000000000000000000 ) ) ;
#535 = CARTESIAN_POINT ( 'NONE',  ( 46.80345982695179430, 267.5000000000000000, -11.93005231450848314 ) ) ;
#536 = CC_DESIGN_SECURITY_CLASSIFICATION ( #532, ( #2229 ) ) ;
#537 = ORIENTED_EDGE ( 'NONE', *, *, #721, .F. ) ;
#538 = AXIS2_PLACEMENT_3D ( 'NONE', #2035, #464, #1460 ) ;
#539 = ORIENTED_EDGE ( 'NONE', *, *, #173, .T. ) ;
#540 = AXIS2_PLACEMENT_3D ( 'NONE', #2011, #2002, #423 ) ;
#541 = CARTESIAN_POINT ( 'NONE',  ( 6.123149537176144788E-15, 335.5000000000000000, -49.99931034351553905 ) ) ;
#542 = COORDINATED_UNIVERSAL_TIME_OFFSET ( 12, 0, .AHEAD. ) ;
#543 = VECTOR ( 'NONE', #1040, 1000.000000000000000 ) ;
#544 = VERTEX_POINT ( 'NONE', #309 ) ;
#545 = CARTESIAN_POINT ( 'NONE',  ( 8.099999999999999645, 395.0000000000000000, 23.50000000000000000 ) ) ;
#546 = DIRECTION ( 'NONE',  ( 1.000000000000000000, 0.000000000000000000, 0.000000000000000000 ) ) ;
#547 = CIRCLE ( 'NONE', #1088, 37.12890000000000157 ) ;
#548 = LINE ( 'NONE', #1262, #755 ) ;
#549 = DIRECTION ( 'NONE',  ( -0.000000000000000000, 1.000000000000000000, -0.000000000000000000 ) ) ;
#550 = ORIENTED_EDGE ( 'NONE', *, *, #1055, .F. ) ;
#551 = EDGE_CURVE ( 'NONE', #1695, #401, #901, .T. ) ;
#552 = EDGE_CURVE ( 'NONE', #1555, #258, #1488, .T. ) ;
#553 = DIRECTION ( 'NONE',  ( -0.9291325715340560398, 0.000000000000000000, 0.3697467572738292740 ) ) ;
#554 = APPROVAL_DATE_TIME ( #2136, #1432 ) ;
#555 = ORIENTED_EDGE ( 'NONE', *, *, #1615, .T. ) ;
#556 = CARTESIAN_POINT ( 'NONE',  ( 9.500000000000000000, 422.0000000000000568, 9.000000000000000000 ) ) ;
#557 = APPROVAL ( #7, 'UNSPECIFIED' ) ;
#558 = LINE ( 'NONE', #379, #2165 ) ;
#559 = FACE_OUTER_BOUND ( 'NONE', #275, .T. ) ;
#560 = EDGE_CURVE ( 'NONE', #481, #2259, #99, .T. ) ;
#561 = ORIENTED_EDGE ( 'NONE', *, *, #1472, .F. ) ;
#562 = ADVANCED_FACE ( 'NONE', ( #1170 ), #472, .T. ) ;
#563 = CARTESIAN_POINT ( 'NONE',  ( -8.197064308783531317, 264.5000000000000000, 48.20807128186802260 ) ) ;
#564 = CIRCLE ( 'NONE', #156, 1.050000000000000488 ) ;
#565 = ORIENTED_EDGE ( 'NONE', *, *, #958, .T. ) ;
#566 = DIRECTION ( 'NONE',  ( -1.000000000000000000, 0.000000000000000000, 0.000000000000000000 ) ) ;
#567 = FACE_OUTER_BOUND ( 'NONE', #786, .T. ) ;
#568 = VECTOR ( 'NONE', #1420, 1000.000000000000000 ) ;
#569 = DIRECTION ( 'NONE',  ( -0.000000000000000000, -1.000000000000000000, -0.000000000000000000 ) ) ;
#570 = FACE_OUTER_BOUND ( 'NONE', #2239, .T. ) ;
#571 = VERTEX_POINT ( 'NONE', #1710 ) ;
#572 = EDGE_CURVE ( 'NONE', #1848, #586, #690, .T. ) ;
#573 = LINE ( 'NONE', #920, #1473 ) ;
#574 = EDGE_LOOP ( 'NONE', ( #1908, #388, #439, #1829 ) ) ;
#575 = ORIENTED_EDGE ( 'NONE', *, *, #1714, .T. ) ;
#576 = CARTESIAN_POINT ( 'NONE',  ( 0.000000000000000000, 335.0000000000000000, 0.000000000000000000 ) ) ;
#577 = CARTESIAN_POINT ( 'NONE',  ( 20.00000000000000000, 412.0000000000000000, 0.000000000000000000 ) ) ;
#578 = AXIS2_PLACEMENT_3D ( 'NONE', #322, #661, #814 ) ;
#579 = ORIENTED_EDGE ( 'NONE', *, *, #2027, .F. ) ;
#580 = CARTESIAN_POINT ( 'NONE',  ( 0.000000000000000000, 200.0000000000000000, -47.00000000000000000 ) ) ;
#581 = VECTOR ( 'NONE', #418, 1000.000000000000000 ) ;
#582 = CARTESIAN_POINT ( 'NONE',  ( 0.000000000000000000, 395.0000000000000000, 0.000000000000000000 ) ) ;
#583 = ORIENTED_EDGE ( 'NONE', *, *, #1502, .T. ) ;
#584 = CARTESIAN_POINT ( 'NONE',  ( 5.285397968222387766E-15, 390.0000000000000000, -38.82820000000003802 ) ) ;
#585 = EDGE_CURVE ( 'NONE', #363, #2134, #827, .T. ) ;
#586 = VERTEX_POINT ( 'NONE', #151 ) ;
#587 = CARTESIAN_POINT ( 'NONE',  ( -12.00000000000000000, 422.0000000000000568, -9.000000000000000000 ) ) ;
#588 = DIRECTION ( 'NONE',  ( -0.7150829789516676138, 0.000000000000000000, -0.6990395791467095554 ) ) ;
#589 = APPLICATION_CONTEXT ( 'configuration controlled 3d designs of mechanical parts and assemblies' ) ;
#590 = EDGE_LOOP ( 'NONE', ( #2122, #1278, #2220, #1654 ) ) ;
#591 = DIRECTION ( 'NONE',  ( -0.000000000000000000, 1.000000000000000000, -0.000000000000000000 ) ) ;
#592 = CARTESIAN_POINT ( 'NONE',  ( 0.000000000000000000, 200.0000000000000000, 0.000000000000000000 ) ) ;
#593 = FACE_BOUND ( 'NONE', #308, .T. ) ;
#594 = EDGE_CURVE ( 'NONE', #2223, #466, #1180, .T. ) ;
#595 = CARTESIAN_POINT ( 'NONE',  ( -11.97089149046278855, 264.5000000000000000, 46.79303107219671176 ) ) ;
#596 = ORIENTED_EDGE ( 'NONE', *, *, #1905, .F. ) ;
#597 = EDGE_LOOP ( 'NONE', ( #1361, #1595, #1542, #1538 ) ) ;
#598 = DIRECTION ( 'NONE',  ( 0.000000000000000000, 0.000000000000000000, 1.000000000000000000 ) ) ;
#599 = ADVANCED_FACE ( 'NONE', ( #671 ), #1362, .F. ) ;
#600 = DIRECTION ( 'NONE',  ( -1.000000000000000000, 0.000000000000000000, 0.000000000000000000 ) ) ;
#601 = VECTOR ( 'NONE', #2171, 1000.000000000000000 ) ;
#602 = EDGE_CURVE ( 'NONE', #177, #1954, #1876, .T. ) ;
#603 = ORIENTED_EDGE ( 'NONE', *, *, #222, .T. ) ;
#604 = VECTOR ( 'NONE', #483, 1000.000000000000000 ) ;
#605 = CARTESIAN_POINT ( 'NONE',  ( 10.50000000000000000, 396.5000000000000000, 14.05000000000000071 ) ) ;
#606 = FACE_OUTER_BOUND ( 'NONE', #982, .T. ) ;
#607 = CIRCLE ( 'NONE', #528, 50.00000000000000000 ) ;
#608 = ORIENTED_EDGE ( 'NONE', *, *, #766, .F. ) ;
#609 = ORIENTED_EDGE ( 'NONE', *, *, #2242, .F. ) ;
#610 = LINE ( 'NONE', #933, #1034 ) ;
#611 = DIRECTION ( 'NONE',  ( 0.000000000000000000, 0.000000000000000000, 1.000000000000000000 ) ) ;
#612 = DIRECTION ( 'NONE',  ( -0.000000000000000000, 1.000000000000000000, -0.000000000000000000 ) ) ;
#613 = AXIS2_PLACEMENT_3D ( 'NONE', #2108, #843, #674 ) ;
#614 = ORIENTED_EDGE ( 'NONE', *, *, #1792, .F. ) ;
#615 = DIRECTION ( 'NONE',  ( 1.000000000000000000, -0.000000000000000000, -0.000000000000000000 ) ) ;
#616 = FACE_BOUND ( 'NONE', #1332, .T. ) ;
#617 = AXIS2_PLACEMENT_3D ( 'NONE', #1915, #287, #1925 ) ;
#618 = VECTOR ( 'NONE', #1189, 1000.000000000000000 ) ;
#619 = CARTESIAN_POINT ( 'NONE',  ( 0.000000000000000000, 336.9999998849486929, 43.79999999999999716 ) ) ;
#620 = EDGE_LOOP ( 'NONE', ( #1014, #1964 ) ) ;
#621 = DIRECTION ( 'NONE',  ( 0.1676291269689883234, 0.000000000000000000, -0.9858501284635584616 ) ) ;
#622 = ADVANCED_FACE ( 'NONE', ( #1417 ), #374, .T. ) ;
#623 = PLANE ( 'NONE',  #1725 ) ;
#624 = DIRECTION ( 'NONE',  ( 0.000000000000000000, -1.000000000000000000, 0.000000000000000000 ) ) ;
#625 = EDGE_LOOP ( 'NONE', ( #1847, #1659, #2054, #1340 ) ) ;
#626 = EDGE_CURVE ( 'NONE', #977, #1436, #1528, .T. ) ;
#627 = DIRECTION ( 'NONE',  ( 0.000000000000000000, -1.000000000000000000, 0.000000000000000000 ) ) ;
#628 = LINE ( 'NONE', #424, #888 ) ;
#629 = EDGE_LOOP ( 'NONE', ( #1176, #1384, #1427, #134 ) ) ;
#630 = EDGE_CURVE ( 'NONE', #313, #412, #352, .T. ) ;
#631 = EDGE_CURVE ( 'NONE', #1571, #878, #736, .T. ) ;
#632 = ORIENTED_EDGE ( 'NONE', *, *, #451, .F. ) ;
#633 = LINE ( 'NONE', #1321, #1323 ) ;
#634 = LINE ( 'NONE', #1535, #2053 ) ;
#635 = CYLINDRICAL_SURFACE ( 'NONE', #1294, 43.79999999999999716 ) ;
#636 = VERTEX_POINT ( 'NONE', #1979 ) ;
#637 = CARTESIAN_POINT ( 'NONE',  ( 9.500000000000000000, 395.0000000000000000, 9.000000000000000000 ) ) ;
#638 = CARTESIAN_POINT ( 'NONE',  ( 8.099999999999999645, 390.0000000000000000, 23.50000000000000000 ) ) ;
#639 = CIRCLE ( 'NONE', #1782, 43.79999999999999716 ) ;
#640 = CIRCLE ( 'NONE', #1938, 178.7500887950129140 ) ;
#641 = DIRECTION ( 'NONE',  ( 0.000000000000000000, 0.000000000000000000, -1.000000000000000000 ) ) ;
#642 = AXIS2_PLACEMENT_3D ( 'NONE', #947, #1661, #1314 ) ;
#643 = AXIS2_PLACEMENT_3D ( 'NONE', #2088, #1203, #1923 ) ;
#644 = ORIENTED_EDGE ( 'NONE', *, *, #838, .F. ) ;
#645 = DIRECTION ( 'NONE',  ( -0.000000000000000000, 1.000000000000000000, 0.000000000000000000 ) ) ;
#646 = DIRECTION ( 'NONE',  ( -0.000000000000000000, 1.000000000000000000, -0.000000000000000000 ) ) ;
#647 = LINE ( 'NONE', #1016, #378 ) ;
#648 = EDGE_LOOP ( 'NONE', ( #1618, #1320, #555, #880 ) ) ;
#649 = DIRECTION ( 'NONE',  ( -0.000000000000000000, 1.000000000000000000, -0.000000000000000000 ) ) ;
#650 = DIRECTION ( 'NONE',  ( 0.000000000000000000, 0.000000000000000000, 1.000000000000000000 ) ) ;
#651 = CIRCLE ( 'NONE', #1949, 1.050000000000000488 ) ;
#652 = CARTESIAN_POINT ( 'NONE',  ( 0.000000000000000000, 336.9999998849486929, 47.48889929593229198 ) ) ;
#653 = AXIS2_PLACEMENT_3D ( 'NONE', #2033, #1844, #253 ) ;
#654 = VERTEX_POINT ( 'NONE', #1404 ) ;
#655 = FACE_BOUND ( 'NONE', #1299, .T. ) ;
#656 = ORIENTED_EDGE ( 'NONE', *, *, #2234, .F. ) ;
#657 = DIRECTION ( 'NONE',  ( 0.000000000000000000, 0.000000000000000000, 1.000000000000000000 ) ) ;
#658 = EDGE_CURVE ( 'NONE', #100, #544, #2146, .T. ) ;
#659 = CYLINDRICAL_SURFACE ( 'NONE', #56, 1.050000000000000488 ) ;
#660 = VERTEX_POINT ( 'NONE', #545 ) ;
#661 = DIRECTION ( 'NONE',  ( 0.000000000000000000, -1.000000000000000000, 0.000000000000000000 ) ) ;
#662 = CARTESIAN_POINT ( 'NONE',  ( 0.000000000000000000, 263.0000000000000000, 0.000000000000000000 ) ) ;
#663 = DIRECTION ( 'NONE',  ( 0.000000000000000000, -0.000000000000000000, 1.000000000000000000 ) ) ;
#664 = ORIENTED_EDGE ( 'NONE', *, *, #521, .T. ) ;
#665 = CYLINDRICAL_SURFACE ( 'NONE', #2149, 46.80000000000000426 ) ;
#666 = ORIENTED_EDGE ( 'NONE', *, *, #915, .T. ) ;
#667 = EDGE_CURVE ( 'NONE', #257, #1396, #833, .T. ) ;
#668 = FACE_OUTER_BOUND ( 'NONE', #1811, .T. ) ;
#669 = CARTESIAN_POINT ( 'NONE',  ( -10.50000000000000000, 390.0000000000000000, -15.05000000000000071 ) ) ;
#670 = EDGE_LOOP ( 'NONE', ( #437, #1097, #21, #1508 ) ) ;
#671 = FACE_OUTER_BOUND ( 'NONE', #1198, .T. ) ;
#672 = ORIENTED_EDGE ( 'NONE', *, *, #701, .T. ) ;
#673 = FACE_OUTER_BOUND ( 'NONE', #249, .T. ) ;
#674 = DIRECTION ( 'NONE',  ( 1.224646799147353207E-16, 0.000000000000000000, -1.000000000000000000 ) ) ;
#675 = AXIS2_PLACEMENT_3D ( 'NONE', #582, #1784, #1277 ) ;
#676 = VERTEX_POINT ( 'NONE', #1248 ) ;
#677 = VECTOR ( 'NONE', #747, 1000.000000000000000 ) ;
#678 = CYLINDRICAL_SURFACE ( 'NONE', #1970, 47.00000000000000000 ) ;
#679 = ORIENTED_EDGE ( 'NONE', *, *, #630, .F. ) ;
#680 = AXIS2_PLACEMENT_3D ( 'NONE', #1100, #1815, #875 ) ;
#681 = CARTESIAN_POINT ( 'NONE',  ( 0.000000000000000000, 335.0000000000000000, 0.000000000000000000 ) ) ;
#682 = CARTESIAN_POINT ( 'NONE',  ( 0.000000000000000000, 267.5000000000000000, 0.000000000000000000 ) ) ;
#683 = ORIENTED_EDGE ( 'NONE', *, *, #667, .F. ) ;
#684 = CARTESIAN_POINT ( 'NONE',  ( -10.50000000000000000, 390.0000000000000000, -14.00000000000000000 ) ) ;
#685 = CARTESIAN_POINT ( 'NONE',  ( 6.123233995736766085E-15, 275.0000000000000000, 50.00000000000000000 ) ) ;
#686 = DIRECTION ( 'NONE',  ( 0.000000000000000000, 0.000000000000000000, 1.000000000000000000 ) ) ;
#687 = EDGE_CURVE ( 'NONE', #230, #481, #9, .T. ) ;
#688 = VECTOR ( 'NONE', #1092, 1000.000000000000000 ) ;
#689 = ORIENTED_EDGE ( 'NONE', *, *, #998, .T. ) ;
#690 = CIRCLE ( 'NONE', #1983, 50.00000000000000000 ) ;
#691 = VECTOR ( 'NONE', #1085, 1000.000000000000000 ) ;
#692 = LINE ( 'NONE', #2277, #1032 ) ;
#693 = DIRECTION ( 'NONE',  ( 0.000000000000000000, -1.000000000000000000, 0.000000000000000000 ) ) ;
#694 = VERTEX_POINT ( 'NONE', #905 ) ;
#695 = FACE_OUTER_BOUND ( 'NONE', #104, .T. ) ;
#696 = DIRECTION ( 'NONE',  ( 0.000000000000000000, 0.000000000000000000, -1.000000000000000000 ) ) ;
#697 = ADVANCED_FACE ( 'NONE', ( #2291 ), #135, .F. ) ;
#698 = DIRECTION ( 'NONE',  ( 0.9858501284635584616, 0.000000000000000000, 0.1676291269689882957 ) ) ;
#699 = ORIENTED_EDGE ( 'NONE', *, *, #2222, .F. ) ;
#700 = EDGE_CURVE ( 'NONE', #138, #8, #1566, .T. ) ;
#701 = EDGE_CURVE ( 'NONE', #1485, #1001, #799, .T. ) ;
#702 = CARTESIAN_POINT ( 'NONE',  ( 0.000000000000000000, 395.0000000000000000, -5.000000000000000000 ) ) ;
#703 = ORIENTED_EDGE ( 'NONE', *, *, #1547, .F. ) ;
#704 = DIRECTION ( 'NONE',  ( 0.000000000000000000, 0.000000000000000000, 1.000000000000000000 ) ) ;
#705 = DIRECTION ( 'NONE',  ( -1.000000000000000000, 0.000000000000000000, 0.000000000000000000 ) ) ;
#706 = DIRECTION ( 'NONE',  ( 0.000000000000000000, 0.000000000000000000, 1.000000000000000000 ) ) ;
#707 = ORIENTED_EDGE ( 'NONE', *, *, #1805, .F. ) ;
#708 = CIRCLE ( 'NONE', #265, 48.30000000000000426 ) ;
#709 = ORIENTED_EDGE ( 'NONE', *, *, #1907, .F. ) ;
#710 = DIRECTION ( 'NONE',  ( -0.000000000000000000, 1.000000000000000000, -0.000000000000000000 ) ) ;
#711 = PERSON_AND_ORGANIZATION ( #57, #821 ) ;
#712 = VECTOR ( 'NONE', #588, 1000.000000000000227 ) ;
#713 = EDGE_LOOP ( 'NONE', ( #2159, #1372, #2256, #596 ) ) ;
#714 = CARTESIAN_POINT ( 'NONE',  ( -10.50000000000000000, 390.0000000000000000, 13.00000000000000000 ) ) ;
#715 = DIRECTION ( 'NONE',  ( -0.000000000000000000, 1.000000000000000000, -0.000000000000000000 ) ) ;
#716 = CARTESIAN_POINT ( 'NONE',  ( 3.490201148289639496E-15, 452.2113475735178554, -7.000000000000000000 ) ) ;
#717 = DIRECTION ( 'NONE',  ( -1.000000000000000000, 0.000000000000000000, 0.000000000000000000 ) ) ;
#718 = ADVANCED_FACE ( 'NONE', ( #1623 ), #1769, .F. ) ;
#719 = EDGE_LOOP ( 'NONE', ( #1611, #1334 ) ) ;
#720 = EDGE_LOOP ( 'NONE', ( #339, #2197, #703, #1448 ) ) ;
#721 = EDGE_CURVE ( 'NONE', #1141, #844, #1240, .T. ) ;
#722 = FACE_BOUND ( 'NONE', #788, .T. ) ;
#723 = DATE_TIME_ROLE ( 'classification_date' ) ;
#724 = EDGE_LOOP ( 'NONE', ( #2065, #987, #1252, #1577 ) ) ;
#725 = ADVANCED_FACE ( 'NONE', ( #22, #2105 ), #33, .T. ) ;
#726 = DIRECTION ( 'NONE',  ( -1.000000000000000000, 0.000000000000000000, 0.000000000000000000 ) ) ;
#727 = DIRECTION ( 'NONE',  ( 0.000000000000000000, 0.000000000000000000, 1.000000000000000000 ) ) ;
#728 = VECTOR ( 'NONE', #2008, 1000.000000000000000 ) ;
#729 = CARTESIAN_POINT ( 'NONE',  ( 9.500000000000000000, 422.0000000000000568, 9.000000000000000000 ) ) ;
#730 = CARTESIAN_POINT ( 'NONE',  ( -34.53850788336554700, 264.0000000000000000, -33.76361167278608377 ) ) ;
#731 = EDGE_CURVE ( 'NONE', #1548, #185, #1076, .T. ) ;
#732 = ORIENTED_EDGE ( 'NONE', *, *, #1781, .T. ) ;
#733 = DIRECTION ( 'NONE',  ( 0.9687998151593519847, 0.000000000000000000, 0.2478445443159996708 ) ) ;
#734 = ORIENTED_EDGE ( 'NONE', *, *, #246, .T. ) ;
#735 = ORIENTED_EDGE ( 'NONE', *, *, #768, .F. ) ;
#736 = LINE ( 'NONE', #1259, #244 ) ;
#737 = CARTESIAN_POINT ( 'NONE',  ( 45.43458274801534458, 264.5000000000000000, -18.08061643069025592 ) ) ;
#738 = CARTESIAN_POINT ( 'NONE',  ( 0.000000000000000000, 390.0000000000000000, 43.79999999999999716 ) ) ;
#739 = DIRECTION ( 'NONE',  ( 0.000000000000000000, -1.000000000000000000, 0.000000000000000000 ) ) ;
#740 = ORIENTED_EDGE ( 'NONE', *, *, #78, .T. ) ;
#741 = DIRECTION ( 'NONE',  ( 0.000000000000000000, 0.000000000000000000, -1.000000000000000000 ) ) ;
#742 = AXIS2_PLACEMENT_3D ( 'NONE', #1986, #2029, #259 ) ;
#743 = ORIENTED_EDGE ( 'NONE', *, *, #701, .F. ) ;
#744 = ORIENTED_EDGE ( 'NONE', *, *, #212, .F. ) ;
#745 = DIRECTION ( 'NONE',  ( 1.000000000000000000, 0.000000000000000000, 1.224646799147353207E-16 ) ) ;
#746 = EDGE_CURVE ( 'NONE', #1306, #185, #1879, .T. ) ;
#747 = DIRECTION ( 'NONE',  ( 0.000000000000000000, 0.000000000000000000, 1.000000000000000000 ) ) ;
#748 = CIRCLE ( 'NONE', #1254, 37.12890000000000157 ) ;
#749 = EDGE_LOOP ( 'NONE', ( #523, #2032, #1943, #2288 ) ) ;
#750 = LINE ( 'NONE', #1053, #1799 ) ;
#751 = PLANE ( 'NONE',  #816 ) ;
#752 = ORIENTED_EDGE ( 'NONE', *, *, #438, .T. ) ;
#753 = ADVANCED_FACE ( 'NONE', ( #1779 ), #194, .T. ) ;
#754 = LINE ( 'NONE', #1451, #601 ) ;
#755 = VECTOR ( 'NONE', #183, 1000.000000000000000 ) ;
#756 = EDGE_LOOP ( 'NONE', ( #2217, #1924, #1699, #609 ) ) ;
#757 = DIRECTION ( 'NONE',  ( -1.000000000000000000, 0.000000000000000000, -0.000000000000000000 ) ) ;
#758 = DIRECTION ( 'NONE',  ( -0.000000000000000000, 1.000000000000000000, -0.000000000000000000 ) ) ;
#759 = AXIS2_PLACEMENT_3D ( 'NONE', #232, #1675, #1458 ) ;
#760 = ORIENTED_EDGE ( 'NONE', *, *, #189, .T. ) ;
#761 = DIRECTION ( 'NONE',  ( 0.000000000000000000, 1.000000000000000000, 0.000000000000000000 ) ) ;
#762 = AXIS2_PLACEMENT_3D ( 'NONE', #1947, #517, #1213 ) ;
#763 = CARTESIAN_POINT ( 'NONE',  ( 0.000000000000000000, 452.2113475735178554, 7.000000000000000000 ) ) ;
#764 = EDGE_CURVE ( 'NONE', #1534, #126, #260, .T. ) ;
#765 = VERTEX_POINT ( 'NONE', #1465 ) ;
#766 = EDGE_CURVE ( 'NONE', #1454, #1318, #92, .T. ) ;
#767 = DIRECTION ( 'NONE',  ( 0.000000000000000000, -1.000000000000000000, 0.000000000000000000 ) ) ;
#768 = EDGE_CURVE ( 'NONE', #660, #1984, #1660, .T. ) ;
#769 = ORIENTED_EDGE ( 'NONE', *, *, #1023, .T. ) ;
#770 = CARTESIAN_POINT ( 'NONE',  ( -11.90593689903868402, 267.5000000000000000, 46.53912999747630153 ) ) ;
#771 = CARTESIAN_POINT ( 'NONE',  ( -10.50000000000000000, 396.5000000000000000, 13.00000000000000000 ) ) ;
#772 = VERTEX_POINT ( 'NONE', #1098 ) ;
#773 = DIRECTION ( 'NONE',  ( 0.000000000000000000, 1.000000000000000000, 0.000000000000000000 ) ) ;
#774 = CARTESIAN_POINT ( 'NONE',  ( 9.500000000000000000, 412.0000000000000000, 0.000000000000000000 ) ) ;
#775 = CYLINDRICAL_SURFACE ( 'NONE', #1082, 1.050000000000000488 ) ;
#776 = DIRECTION ( 'NONE',  ( -0.000000000000000000, -1.000000000000000000, -0.000000000000000000 ) ) ;
#777 = VERTEX_POINT ( 'NONE', #1121 ) ;
#778 = CARTESIAN_POINT ( 'NONE',  ( 6.123233995736766085E-15, 200.0000000000000000, 50.00000000000000000 ) ) ;
#779 = FACE_OUTER_BOUND ( 'NONE', #670, .T. ) ;
#780 = AXIS2_PLACEMENT_3D ( 'NONE', #879, #1581, #553 ) ;
#781 = ORIENTED_EDGE ( 'NONE', *, *, #120, .T. ) ;
#782 = AXIS2_PLACEMENT_3D ( 'NONE', #894, #196, #34 ) ;
#783 = CYLINDRICAL_SURFACE ( 'NONE', #653, 48.90000000000000568 ) ;
#784 = CARTESIAN_POINT ( 'NONE',  ( 6.123233995736766282E-16, 396.0000000000000000, 5.000000000000000000 ) ) ;
#785 = ORIENTED_EDGE ( 'NONE', *, *, #667, .T. ) ;
#786 = EDGE_LOOP ( 'NONE', ( #1481, #149, #1492, #744 ) ) ;
#787 = ADVANCED_FACE ( 'NONE', ( #2184 ), #969, .T. ) ;
#788 = EDGE_LOOP ( 'NONE', ( #877, #1204 ) ) ;
#789 = LINE ( 'NONE', #1118, #1438 ) ;
#790 = CC_DESIGN_PERSON_AND_ORGANIZATION_ASSIGNMENT ( #1256, #217, ( #2229 ) ) ;
#791 = DIRECTION ( 'NONE',  ( 0.000000000000000000, -0.000000000000000000, -1.000000000000000000 ) ) ;
#792 = CARTESIAN_POINT ( 'NONE',  ( 46.90415759823429909, 335.0000000000000000, 3.000000000000000000 ) ) ;
#793 = EDGE_CURVE ( 'NONE', #694, #1848, #443, .T. ) ;
#794 = ORIENTED_EDGE ( 'NONE', *, *, #915, .F. ) ;
#795 = DIRECTION ( 'NONE',  ( -0.000000000000000000, 1.000000000000000000, -0.000000000000000000 ) ) ;
#796 = FACE_OUTER_BOUND ( 'NONE', #940, .T. ) ;
#797 = AXIS2_PLACEMENT_3D ( 'NONE', #684, #649, #2255 ) ;
#798 = EDGE_CURVE ( 'NONE', #1234, #1379, #2169, .T. ) ;
#799 = CIRCLE ( 'NONE', #27, 48.30000000000000426 ) ;
#800 = CARTESIAN_POINT ( 'NONE',  ( 46.70374717300529710, 325.0000000000000000, -3.000000000000000000 ) ) ;
#801 = ORIENTED_EDGE ( 'NONE', *, *, #2172, .T. ) ;
#802 = LINE ( 'NONE', #132, #229 ) ;
#803 = DIRECTION ( 'NONE',  ( 0.8660254037844387076, 0.000000000000000000, 0.4999999999999997780 ) ) ;
#804 = DIRECTION ( 'NONE',  ( 3.375077994860475883E-14, 0.000000000000000000, -1.000000000000000000 ) ) ;
#805 = VERTEX_POINT ( 'NONE', #102 ) ;
#806 = CARTESIAN_POINT ( 'NONE',  ( -37.18890822790353923, 200.0000000000000000, -30.82004388083458934 ) ) ;
#807 = FACE_BOUND ( 'NONE', #918, .T. ) ;
#808 = LINE ( 'NONE', #2180, #348 ) ;
#809 = ORIENTED_EDGE ( 'NONE', *, *, #1190, .T. ) ;
#810 = DIRECTION ( 'NONE',  ( 0.000000000000000000, 1.000000000000000000, 0.000000000000000000 ) ) ;
#811 = CARTESIAN_POINT ( 'NONE',  ( 0.000000000000000000, 335.0000000000000000, 0.000000000000000000 ) ) ;
#812 = CARTESIAN_POINT ( 'NONE',  ( 5.731347020009613138E-15, 335.0000000000000000, -46.80000000000000426 ) ) ;
#813 = VERTEX_POINT ( 'NONE', #250 ) ;
#814 = DIRECTION ( 'NONE',  ( 0.000000000000000000, 0.000000000000000000, 1.000000000000000000 ) ) ;
#815 = DIRECTION ( 'NONE',  ( 0.000000000000000000, 0.000000000000000000, -1.000000000000000000 ) ) ;
#816 = AXIS2_PLACEMENT_3D ( 'NONE', #884, #1447, #2132 ) ;
#817 = AXIS2_PLACEMENT_3D ( 'NONE', #415, #1116, #974 ) ;
#818 = ADVANCED_FACE ( 'NONE', ( #946 ), #1489, .F. ) ;
#819 = DIRECTION ( 'NONE',  ( 0.000000000000000000, -1.000000000000000000, -0.000000000000000000 ) ) ;
#820 = ADVANCED_FACE ( 'NONE', ( #271 ), #623, .T. ) ;
#821 = ORGANIZATION ( 'UNSPECIFIED', 'UNSPECIFIED', '' ) ;
#822 = VERTEX_POINT ( 'NONE', #1443 ) ;
#823 = DIRECTION ( 'NONE',  ( 0.000000000000000000, -1.000000000000000000, 0.000000000000000000 ) ) ;
#824 = DIRECTION ( 'NONE',  ( 0.000000000000000000, 0.000000000000000000, 1.000000000000000000 ) ) ;
#825 =( NAMED_UNIT ( * ) SI_UNIT ( $, .STERADIAN. ) SOLID_ANGLE_UNIT ( ) );
#826 = ORIENTED_EDGE ( 'NONE', *, *, #1786, .T. ) ;
#827 = LINE ( 'NONE', #1526, #975 ) ;
#828 = DIRECTION ( 'NONE',  ( -0.000000000000000000, 1.000000000000000000, -0.000000000000000000 ) ) ;
#829 = AXIS2_PLACEMENT_3D ( 'NONE', #311, #1541, #1365 ) ;
#830 = VECTOR ( 'NONE', #963, 1000.000000000000227 ) ;
#831 = CARTESIAN_POINT ( 'NONE',  ( -10.50000000000000000, 396.5000000000000000, 14.05000000000000071 ) ) ;
#832 = ADVANCED_FACE ( 'NONE', ( #2175 ), #70, .F. ) ;
#833 = CIRCLE ( 'NONE', #1837, 5.000000000000000000 ) ;
#834 = ORIENTED_EDGE ( 'NONE', *, *, #1130, .T. ) ;
#835 = CARTESIAN_POINT ( 'NONE',  ( 0.000000000000000000, 335.5000000000000000, 0.000000000000000000 ) ) ;
#836 = AXIS2_PLACEMENT_3D ( 'NONE', #203, #1425, #30 ) ;
#837 = EDGE_LOOP ( 'NONE', ( #351, #909 ) ) ;
#838 = EDGE_CURVE ( 'NONE', #2109, #121, #1308, .T. ) ;
#839 = DIRECTION ( 'NONE',  ( -0.000000000000000000, 1.000000000000000000, -0.000000000000000000 ) ) ;
#840 = VERTEX_POINT ( 'NONE', #1273 ) ;
#841 = DIRECTION ( 'NONE',  ( 0.000000000000000000, -1.000000000000000000, 0.000000000000000000 ) ) ;
#842 = DIRECTION ( 'NONE',  ( 0.000000000000000000, 0.000000000000000000, 1.000000000000000000 ) ) ;
#843 = DIRECTION ( 'NONE',  ( 1.000000000000000000, 0.000000000000000000, 1.224646799147353207E-16 ) ) ;
#844 = VERTEX_POINT ( 'NONE', #238 ) ;
#845 = CARTESIAN_POINT ( 'NONE',  ( 0.000000000000000000, 460.0000000000000000, 0.000000000000000000 ) ) ;
#846 = CARTESIAN_POINT ( 'NONE',  ( 12.00000000000000000, 422.0000000000000568, 9.000000000000000000 ) ) ;
#847 = ORIENTED_EDGE ( 'NONE', *, *, #766, .T. ) ;
#848 = DIRECTION ( 'NONE',  ( 0.000000000000000000, 0.000000000000000000, 1.000000000000000000 ) ) ;
#849 = DIRECTION ( 'NONE',  ( -1.000000000000000000, -0.000000000000000000, -0.000000000000000000 ) ) ;
#850 = PLANE ( 'NONE',  #65 ) ;
#851 = VECTOR ( 'NONE', #1620, 1000.000000000000114 ) ;
#852 = ORIENTED_EDGE ( 'NONE', *, *, #1155, .F. ) ;
#853 = CIRCLE ( 'NONE', #962, 1.100000000000000089 ) ;
#854 = ORIENTED_EDGE ( 'NONE', *, *, #551, .F. ) ;
#855 = AXIS2_PLACEMENT_3D ( 'NONE', #1260, #1980, #534 ) ;
#856 = CARTESIAN_POINT ( 'NONE',  ( 5.755839955992560641E-15, 200.0000000000000000, 47.00000000000000000 ) ) ;
#857 = DIRECTION ( 'NONE',  ( 0.000000000000000000, 0.000000000000000000, -1.000000000000000000 ) ) ;
#858 = EDGE_CURVE ( 'NONE', #1245, #235, #399, .T. ) ;
#859 = EDGE_CURVE ( 'NONE', #278, #1604, #922, .T. ) ;
#860 = ORIENTED_EDGE ( 'NONE', *, *, #326, .F. ) ;
#861 = FACE_OUTER_BOUND ( 'NONE', #904, .T. ) ;
#862 = CARTESIAN_POINT ( 'NONE',  ( 46.44641666165397709, 267.5000000000000000, -11.83904315287193754 ) ) ;
#863 = ADVANCED_FACE ( 'NONE', ( #1134 ), #1841, .F. ) ;
#864 = PLANE ( 'NONE',  #1375 ) ;
#865 = ADVANCED_FACE ( 'NONE', ( #937 ), #79, .T. ) ;
#866 = VECTOR ( 'NONE', #2211, 1000.000000000000227 ) ;
#867 = ORIENTED_EDGE ( 'NONE', *, *, #1714, .F. ) ;
#868 = AXIS2_PLACEMENT_3D ( 'NONE', #2080, #1192, #848 ) ;
#869 = ORIENTED_EDGE ( 'NONE', *, *, #2068, .T. ) ;
#870 = AXIS2_PLACEMENT_3D ( 'NONE', #432, #757, #1685 ) ;
#871 = CARTESIAN_POINT ( 'NONE',  ( 0.000000000000000000, 396.0000000000000000, -5.000000000000000000 ) ) ;
#872 = EDGE_LOOP ( 'NONE', ( #329, #2005, #1136, #689 ) ) ;
#873 = DIRECTION ( 'NONE',  ( -0.000000000000000000, 1.000000000000000000, -0.000000000000000000 ) ) ;
#874 = ORIENTED_EDGE ( 'NONE', *, *, #1064, .T. ) ;
#875 = DIRECTION ( 'NONE',  ( 0.000000000000000000, 0.000000000000000000, -1.000000000000000000 ) ) ;
#876 = CARTESIAN_POINT ( 'NONE',  ( -37.11191255869461969, 264.5000000000000000, -30.75623426617447720 ) ) ;
#877 = ORIENTED_EDGE ( 'NONE', *, *, #1024, .T. ) ;
#878 = VERTEX_POINT ( 'NONE', #318 ) ;
#879 = CARTESIAN_POINT ( 'NONE',  ( 0.000000000000000000, 0.000000000000000000, 0.000000000000000000 ) ) ;
#880 = ORIENTED_EDGE ( 'NONE', *, *, #1055, .T. ) ;
#881 = DIRECTION ( 'NONE',  ( 0.000000000000000000, -1.000000000000000000, -0.000000000000000000 ) ) ;
#882 = CARTESIAN_POINT ( 'NONE',  ( 45.43458274801534458, 267.5000000000000000, -18.08061643069025592 ) ) ;
#883 = DIRECTION ( 'NONE',  ( -0.000000000000000000, -1.000000000000000000, -0.000000000000000000 ) ) ;
#884 = CARTESIAN_POINT ( 'NONE',  ( 9.500000000000000000, 422.0000000000000568, 9.000000000000000000 ) ) ;
#885 = ORIENTED_EDGE ( 'NONE', *, *, #1495, .F. ) ;
#886 = EDGE_LOOP ( 'NONE', ( #42, #860, #1010, #1689 ) ) ;
#887 = EDGE_CURVE ( 'NONE', #1056, #126, #634, .T. ) ;
#888 = VECTOR ( 'NONE', #1845, 1000.000000000000000 ) ;
#889 = CARTESIAN_POINT ( 'NONE',  ( -0.9000000000000000222, 390.0000000000000000, 23.50000000000000000 ) ) ;
#890 = APPROVAL_DATE_TIME ( #362, #1683 ) ;
#891 = CIRCLE ( 'NONE', #2193, 1.050000000000000488 ) ;
#892 = ORIENTED_EDGE ( 'NONE', *, *, #2272, .T. ) ;
#893 = DIRECTION ( 'NONE',  ( 1.224646799147353207E-16, 0.000000000000000000, -1.000000000000000000 ) ) ;
#894 = CARTESIAN_POINT ( 'NONE',  ( 0.000000000000000000, 335.0000000000000000, 0.000000000000000000 ) ) ;
#895 = CARTESIAN_POINT ( 'NONE',  ( 8.572527594031473190E-16, 421.0000000000000568, -7.000000000000000000 ) ) ;
#896 = CARTESIAN_POINT ( 'NONE',  ( 9.500000000000000000, 422.0000000000000568, -9.000000000000000000 ) ) ;
#897 = LOCAL_TIME ( 22, 37, 13.00000000000000000, #2144 ) ;
#898 = ORIENTED_EDGE ( 'NONE', *, *, #386, .T. ) ;
#899 = VECTOR ( 'NONE', #324, 1000.000000000000000 ) ;
#900 = ORIENTED_EDGE ( 'NONE', *, *, #1692, .F. ) ;
#901 = CIRCLE ( 'NONE', #2202, 7.000000000000000000 ) ;
#902 = DIRECTION ( 'NONE',  ( -0.7699566920890998922, 0.000000000000000000, -0.6380961466011301209 ) ) ;
#903 = SHAPE_DEFINITION_REPRESENTATION ( #1694, #188 ) ;
#904 = EDGE_LOOP ( 'NONE', ( #1410, #2245, #2274, #1039 ) ) ;
#905 = CARTESIAN_POINT ( 'NONE',  ( 6.123233995736766085E-15, 335.5000000000000000, 50.00000000000000000 ) ) ;
#906 = DIRECTION ( 'NONE',  ( 0.000000000000000000, -1.000000000000000000, 0.000000000000000000 ) ) ;
#907 = LINE ( 'NONE', #895, #1524 ) ;
#908 = CARTESIAN_POINT ( 'NONE',  ( 10.50000000000000000, 396.5000000000000000, -14.00000000000000000 ) ) ;
#909 = ORIENTED_EDGE ( 'NONE', *, *, #746, .T. ) ;
#910 = DIRECTION ( 'NONE',  ( 0.000000000000000000, 0.000000000000000000, 1.000000000000000000 ) ) ;
#911 = CALENDAR_DATE ( 2026, 30, 9 ) ;
#912 = ORIENTED_EDGE ( 'NONE', *, *, #274, .T. ) ;
#913 = DIRECTION ( 'NONE',  ( 0.000000000000000000, 0.000000000000000000, 1.000000000000000000 ) ) ;
#914 = DIRECTION ( 'NONE',  ( -0.000000000000000000, 1.000000000000000000, -0.000000000000000000 ) ) ;
#915 = EDGE_CURVE ( 'NONE', #2182, #2109, #1605, .T. ) ;
#916 = CARTESIAN_POINT ( 'NONE',  ( 8.099999999999999645, 396.0000000000000000, 20.50000000000000000 ) ) ;
#917 = DIRECTION ( 'NONE',  ( 0.000000000000000000, -1.000000000000000000, 0.000000000000000000 ) ) ;
#918 = EDGE_LOOP ( 'NONE', ( #961, #1702 ) ) ;
#919 = AXIS2_PLACEMENT_3D ( 'NONE', #1288, #417, #1543 ) ;
#920 = CARTESIAN_POINT ( 'NONE',  ( -8.079723919905239526, 267.5000000000000000, 47.51797619194353217 ) ) ;
#921 = AXIS2_PLACEMENT_3D ( 'NONE', #1104, #2141, #394 ) ;
#922 = LINE ( 'NONE', #770, #1953 ) ;
#923 = LINE ( 'NONE', #1635, #1112 ) ;
#924 = VECTOR ( 'NONE', #1795, 1000.000000000000000 ) ;
#925 = EDGE_CURVE ( 'NONE', #100, #2083, #1886, .T. ) ;
#926 = CC_DESIGN_APPROVAL ( #557, ( #1638 ) ) ;
#927 = VERTEX_POINT ( 'NONE', #1371 ) ;
#928 = CARTESIAN_POINT ( 'NONE',  ( 12.00000000000000000, 412.0000000000000000, -1.100000000000000089 ) ) ;
#929 = FACE_OUTER_BOUND ( 'NONE', #1050, .T. ) ;
#930 = ADVANCED_FACE ( 'NONE', ( #1897, #989 ), #1337, .T. ) ;
#931 = ORIENTED_EDGE ( 'NONE', *, *, #1678, .T. ) ;
#932 = ADVANCED_FACE ( 'NONE', ( #2050, #328 ), #2087, .T. ) ;
#933 = CARTESIAN_POINT ( 'NONE',  ( -0.9000000000000000222, 396.0000000000000000, 20.50000000000000000 ) ) ;
#934 = AXIS2_PLACEMENT_3D ( 'NONE', #1345, #2057, #298 ) ;
#935 = AXIS2_PLACEMENT_3D ( 'NONE', #82, #795, #2178 ) ;
#936 = ORIENTED_EDGE ( 'NONE', *, *, #1786, .F. ) ;
#937 = FACE_OUTER_BOUND ( 'NONE', #648, .T. ) ;
#938 = DIRECTION ( 'NONE',  ( -0.2469990127227429388, 0.000000000000000000, -0.9690157314068695849 ) ) ;
#939 = VECTOR ( 'NONE', #1433, 1000.000000000000000 ) ;
#940 = EDGE_LOOP ( 'NONE', ( #1081, #1070, #32, #2060 ) ) ;
#941 = FACE_BOUND ( 'NONE', #1296, .T. ) ;
#942 = CIRCLE ( 'NONE', #67, 46.80000000000000426 ) ;
#943 = DIRECTION ( 'NONE',  ( 0.000000000000000000, -0.000000000000000000, -1.000000000000000000 ) ) ;
#944 = CARTESIAN_POINT ( 'NONE',  ( 45.00000000000000000, 335.0000000000000000, -3.000000000000000000 ) ) ;
#945 = DIRECTION ( 'NONE',  ( -0.000000000000000000, 1.000000000000000000, -0.000000000000000000 ) ) ;
#946 = FACE_OUTER_BOUND ( 'NONE', #295, .T. ) ;
#947 = CARTESIAN_POINT ( 'NONE',  ( 0.000000000000000000, 0.000000000000000000, 0.000000000000000000 ) ) ;
#948 = ORIENTED_EDGE ( 'NONE', *, *, #2026, .F. ) ;
#949 = EDGE_CURVE ( 'NONE', #38, #2125, #942, .T. ) ;
#950 = DIRECTION ( 'NONE',  ( 0.000000000000000000, 0.000000000000000000, -1.000000000000000000 ) ) ;
#951 = ADVANCED_FACE ( 'NONE', ( #668 ), #1235, .F. ) ;
#952 = CYLINDRICAL_SURFACE ( 'NONE', #1552, 48.30000000000000426 ) ;
#953 = VERTEX_POINT ( 'NONE', #1877 ) ;
#954 = DIRECTION ( 'NONE',  ( 0.000000000000000000, 0.000000000000000000, 1.000000000000000000 ) ) ;
#955 = ORIENTED_EDGE ( 'NONE', *, *, #1201, .T. ) ;
#956 = DIRECTION ( 'NONE',  ( -0.000000000000000000, -1.000000000000000000, -0.000000000000000000 ) ) ;
#957 = DIRECTION ( 'NONE',  ( 0.000000000000000000, -1.000000000000000000, 0.000000000000000000 ) ) ;
#958 = EDGE_CURVE ( 'NONE', #1141, #363, #1917, .T. ) ;
#959 = FACE_OUTER_BOUND ( 'NONE', #346, .T. ) ;
#960 = AXIS2_PLACEMENT_3D ( 'NONE', #2071, #280, #1335 ) ;
#961 = ORIENTED_EDGE ( 'NONE', *, *, #1931, .T. ) ;
#962 = AXIS2_PLACEMENT_3D ( 'NONE', #2023, #436, #447 ) ;
#963 = DIRECTION ( 'NONE',  ( 0.9291325715340560398, 0.000000000000000000, -0.3697467572738292185 ) ) ;
#964 = DIRECTION ( 'NONE',  ( -0.000000000000000000, -1.000000000000000000, -0.000000000000000000 ) ) ;
#965 = AXIS2_PLACEMENT_3D ( 'NONE', #80, #1672, #2031 ) ;
#966 = CARTESIAN_POINT ( 'NONE',  ( 0.000000000000000000, 335.5000000000000000, -50.00000000000000000 ) ) ;
#967 = VERTEX_POINT ( 'NONE', #469 ) ;
#968 = DIRECTION ( 'NONE',  ( 0.000000000000000000, 0.000000000000000000, -1.000000000000000000 ) ) ;
#969 = PLANE ( 'NONE',  #870 ) ;
#970 = DIRECTION ( 'NONE',  ( 0.000000000000000000, -1.000000000000000000, -0.000000000000000000 ) ) ;
#971 = TOROIDAL_SURFACE ( 'NONE', #1642, -131.2501955513456551, 178.7499040016718368 ) ;
#972 = ORIENTED_EDGE ( 'NONE', *, *, #798, .T. ) ;
#973 = FACE_OUTER_BOUND ( 'NONE', #978, .T. ) ;
#974 = DIRECTION ( 'NONE',  ( 0.000000000000000000, 0.000000000000000000, 1.000000000000000000 ) ) ;
#975 = VECTOR ( 'NONE', #2066, 1000.000000000000000 ) ;
#976 = AXIS2_PLACEMENT_3D ( 'NONE', #681, #839, #2252 ) ;
#977 = VERTEX_POINT ( 'NONE', #1360 ) ;
#978 = EDGE_LOOP ( 'NONE', ( #672, #2200, #160, #1920 ) ) ;
#979 = CARTESIAN_POINT ( 'NONE',  ( 0.000000000000000000, 422.0000000000000568, 0.000000000000000000 ) ) ;
#980 = CARTESIAN_POINT ( 'NONE',  ( 12.00000000000000000, 422.0000000000000568, -9.000000000000000000 ) ) ;
#981 = FACE_OUTER_BOUND ( 'NONE', #530, .T. ) ;
#982 = EDGE_LOOP ( 'NONE', ( #1622, #359 ) ) ;
#983 = CARTESIAN_POINT ( 'NONE',  ( 0.000000000000000000, 267.5000000000000000, 0.000000000000000000 ) ) ;
#984 = DIRECTION ( 'NONE',  ( -0.6380961466011301209, 0.000000000000000000, 0.7699566920891000033 ) ) ;
#985 = EDGE_CURVE ( 'NONE', #1813, #2249, #1646, .T. ) ;
#986 = ORIENTED_EDGE ( 'NONE', *, *, #141, .F. ) ;
#987 = ORIENTED_EDGE ( 'NONE', *, *, #594, .T. ) ;
#988 = DIRECTION ( 'NONE',  ( 0.000000000000000000, 0.000000000000000000, -1.000000000000000000 ) ) ;
#989 = FACE_OUTER_BOUND ( 'NONE', #1556, .T. ) ;
#990 = ORIENTED_EDGE ( 'NONE', *, *, #925, .F. ) ;
#991 = EDGE_CURVE ( 'NONE', #1954, #1289, #2244, .T. ) ;
#992 = DIRECTION ( 'NONE',  ( 0.8660254037844383745, 0.000000000000000000, -0.5000000000000004441 ) ) ;
#993 = DIRECTION ( 'NONE',  ( -0.000000000000000000, 1.000000000000000000, -0.000000000000000000 ) ) ;
#994 = AXIS2_PLACEMENT_3D ( 'NONE', #211, #1626, #2164 ) ;
#995 = AXIS2_PLACEMENT_3D ( 'NONE', #1138, #1856, #264 ) ;
#996 = CARTESIAN_POINT ( 'NONE',  ( -10.50000000000000000, 390.0000000000000000, 11.94999999999999929 ) ) ;
#997 = ADVANCED_FACE ( 'NONE', ( #2075 ), #493, .F. ) ;
#998 = EDGE_CURVE ( 'NONE', #235, #1056, #283, .T. ) ;
#999 = EDGE_LOOP ( 'NONE', ( #2289, #785 ) ) ;
#1000 = PLANE ( 'NONE',  #1627 ) ;
#1001 = VERTEX_POINT ( 'NONE', #1912 ) ;
#1002 = DESIGN_CONTEXT ( 'detailed design', #2290, 'design' ) ;
#1003 = CARTESIAN_POINT ( 'NONE',  ( 0.000000000000000000, 334.9999998889855988, 0.000000000000000000 ) ) ;
#1004 = CARTESIAN_POINT ( 'NONE',  ( 10.50000000000000000, 390.0000000000000000, 13.00000000000000000 ) ) ;
#1005 = ORIENTED_EDGE ( 'NONE', *, *, #585, .T. ) ;
#1006 = DIRECTION ( 'NONE',  ( 0.000000000000000000, 0.000000000000000000, -1.000000000000000000 ) ) ;
#1007 = CARTESIAN_POINT ( 'NONE',  ( 0.000000000000000000, 334.9999998889855988, -131.2500003432932942 ) ) ;
#1008 = CIRCLE ( 'NONE', #315, 48.30000000000000426 ) ;
#1009 = PLANE ( 'NONE',  #1911 ) ;
#1010 = ORIENTED_EDGE ( 'NONE', *, *, #1998, .F. ) ;
#1011 = DIRECTION ( 'NONE',  ( -0.000000000000000000, 1.000000000000000000, -0.000000000000000000 ) ) ;
#1012 = VECTOR ( 'NONE', #1477, 1000.000000000000000 ) ;
#1013 = ORIENTED_EDGE ( 'NONE', *, *, #2000, .T. ) ;
#1014 = ORIENTED_EDGE ( 'NONE', *, *, #2191, .T. ) ;
#1015 = FACE_OUTER_BOUND ( 'NONE', #2010, .T. ) ;
#1016 = CARTESIAN_POINT ( 'NONE',  ( -8.096486832602138861, 200.0000000000000000, 47.61656120478989607 ) ) ;
#1017 = ORIENTED_EDGE ( 'NONE', *, *, #2172, .F. ) ;
#1018 = CARTESIAN_POINT ( 'NONE',  ( 0.000000000000000000, 452.2113475735178554, 0.000000000000000000 ) ) ;
#1019 = CARTESIAN_POINT ( 'NONE',  ( 5.731347020009613138E-15, 320.0000000000000000, -46.80000000000000426 ) ) ;
#1020 = ADVANCED_FACE ( 'NONE', ( #1015 ), #247, .T. ) ;
#1021 = DIRECTION ( 'NONE',  ( 0.000000000000000000, 0.000000000000000000, 1.000000000000000000 ) ) ;
#1022 = ORIENTED_EDGE ( 'NONE', *, *, #985, .T. ) ;
#1023 = EDGE_CURVE ( 'NONE', #1245, #316, #1511, .T. ) ;
#1024 = EDGE_CURVE ( 'NONE', #1778, #822, #1801, .T. ) ;
#1025 = EDGE_LOOP ( 'NONE', ( #2168, #666, #1928, #760, #1765, #1022, #2280, #404 ) ) ;
#1026 = APPLICATION_PROTOCOL_DEFINITION ( 'international standard', 'config_control_design', 1994, #589 ) ;
#1027 = ADVANCED_FACE ( 'NONE', ( #514 ), #1246, .F. ) ;
#1028 = VERTEX_POINT ( 'NONE', #541 ) ;
#1029 = EDGE_CURVE ( 'NONE', #2043, #138, #547, .T. ) ;
#1030 = DIRECTION ( 'NONE',  ( 0.000000000000000000, 0.000000000000000000, -1.000000000000000000 ) ) ;
#1031 = CARTESIAN_POINT ( 'NONE',  ( 12.00000000000000000, 395.0000000000000000, 9.000000000000000000 ) ) ;
#1032 = VECTOR ( 'NONE', #1380, 1000.000000000000000 ) ;
#1033 = CARTESIAN_POINT ( 'NONE',  ( 0.000000000000000000, 335.5000000000000000, 0.000000000000000000 ) ) ;
#1034 = VECTOR ( 'NONE', #2181, 1000.000000000000000 ) ;
#1035 = ORIENTED_EDGE ( 'NONE', *, *, #1682, .F. ) ;
#1036 = ORIENTED_EDGE ( 'NONE', *, *, #1463, .T. ) ;
#1037 = AXIS2_PLACEMENT_3D ( 'NONE', #409, #600, #433 ) ;
#1038 = FACE_BOUND ( 'NONE', #837, .T. ) ;
#1039 = ORIENTED_EDGE ( 'NONE', *, *, #572, .F. ) ;
#1040 = DIRECTION ( 'NONE',  ( -0.000000000000000000, -1.000000000000000000, -0.000000000000000000 ) ) ;
#1041 = CARTESIAN_POINT ( 'NONE',  ( 10.50000000000000000, 390.0000000000000000, 11.94999999999999929 ) ) ;
#1042 = CARTESIAN_POINT ( 'NONE',  ( -37.65088224315699250, 267.5000000000000000, -31.20290156879526577 ) ) ;
#1043 = CLOSED_SHELL ( 'NONE', ( #458, #285, #1536, #1987, #1602, #818, #358, #1963, #1578, #334, #118, #1295, #697, #1929, #2017, #1437, #820, #1165, #1641, #1859, #1401, #1095, #1020, #2096, #725, #951, #599, #1403, #1655, #1424, #1575, #16, #863, #1366, #484, #1480, #175, #997, #832, #513, #186, #52, #2166, #718, #753, #2095, #787, #1238, #1357, #2267, #55, #2064, #480, #1358, #932, #930, #1634, #107, #161, #2262, #622, #440, #381, #865, #148, #562, #1657, #306, #1608, #1027, #2170, #1168, #2061 ) ) ;
#1044 = EDGE_LOOP ( 'NONE', ( #565, #1005, #1452, #537 ) ) ;
#1045 = VECTOR ( 'NONE', #1468, 1000.000000000000000 ) ;
#1046 = VERTEX_POINT ( 'NONE', #889 ) ;
#1047 = AXIS2_PLACEMENT_3D ( 'NONE', #2040, #125, #478 ) ;
#1048 = CARTESIAN_POINT ( 'NONE',  ( 12.00000000000000000, 395.0000000000000000, -9.000000000000000000 ) ) ;
#1049 = CALENDAR_DATE ( 2026, 30, 9 ) ;
#1050 = EDGE_LOOP ( 'NONE', ( #1272, #2275, #1590, #1658 ) ) ;
#1051 = DIRECTION ( 'NONE',  ( -0.000000000000000000, 1.000000000000000000, -0.000000000000000000 ) ) ;
#1052 = CARTESIAN_POINT ( 'NONE',  ( 9.500000000000000000, 395.0000000000000000, 9.000000000000000000 ) ) ;
#1053 = CARTESIAN_POINT ( 'NONE',  ( 8.099999999999999645, 390.0000000000000000, 0.000000000000000000 ) ) ;
#1054 = FACE_OUTER_BOUND ( 'NONE', #2153, .T. ) ;
#1055 = EDGE_CURVE ( 'NONE', #1768, #2070, #1840, .T. ) ;
#1056 = VERTEX_POINT ( 'NONE', #1048 ) ;
#1057 = ORIENTED_EDGE ( 'NONE', *, *, #2, .T. ) ;
#1058 = DIRECTION ( 'NONE',  ( 0.2478445443159996708, 0.000000000000000000, -0.9687998151593519847 ) ) ;
#1059 = SECURITY_CLASSIFICATION_LEVEL ( 'unclassified' ) ;
#1060 = EDGE_LOOP ( 'NONE', ( #1900, #1061 ) ) ;
#1061 = ORIENTED_EDGE ( 'NONE', *, *, #1507, .F. ) ;
#1062 = DIRECTION ( 'NONE',  ( -1.000000000000000000, 0.000000000000000000, 0.000000000000000000 ) ) ;
#1063 = CYLINDRICAL_SURFACE ( 'NONE', #1331, 1.050000000000000488 ) ;
#1064 = EDGE_CURVE ( 'NONE', #466, #252, #1378, .T. ) ;
#1065 = CARTESIAN_POINT ( 'NONE',  ( -37.65088224315699250, 264.5000000000000000, -31.20290156879526577 ) ) ;
#1066 = LINE ( 'NONE', #184, #2004 ) ;
#1067 = ORIENTED_EDGE ( 'NONE', *, *, #35, .F. ) ;
#1068 = EDGE_CURVE ( 'NONE', #1768, #1209, #1609, .T. ) ;
#1069 = VECTOR ( 'NONE', #51, 1000.000000000000000 ) ;
#1070 = ORIENTED_EDGE ( 'NONE', *, *, #1502, .F. ) ;
#1071 = AXIS2_PLACEMENT_3D ( 'NONE', #1652, #1664, #1494 ) ;
#1072 = CARTESIAN_POINT ( 'NONE',  ( 0.000000000000000000, 0.000000000000000000, 0.000000000000000000 ) ) ;
#1073 = APPROVAL_STATUS ( 'not_yet_approved' ) ;
#1074 = AXIS2_PLACEMENT_3D ( 'NONE', #1144, #938, #1135 ) ;
#1075 = ORIENTED_EDGE ( 'NONE', *, *, #274, .F. ) ;
#1076 = LINE ( 'NONE', #2115, #101 ) ;
#1077 = LINE ( 'NONE', #1418, #924 ) ;
#1078 = CARTESIAN_POINT ( 'NONE',  ( 10.50000000000000000, 390.0000000000000000, -12.94999999999999929 ) ) ;
#1079 = FACE_OUTER_BOUND ( 'NONE', #2106, .T. ) ;
#1080 = CC_DESIGN_APPROVAL ( #1432, ( #532 ) ) ;
#1081 = ORIENTED_EDGE ( 'NONE', *, *, #2000, .F. ) ;
#1082 = AXIS2_PLACEMENT_3D ( 'NONE', #2190, #2013, #1666 ) ;
#1083 = VERTEX_POINT ( 'NONE', #18 ) ;
#1084 = AXIS2_PLACEMENT_3D ( 'NONE', #1482, #615, #1307 ) ;
#1085 = DIRECTION ( 'NONE',  ( 0.000000000000000000, -1.000000000000000000, 0.000000000000000000 ) ) ;
#1086 = APPLICATION_PROTOCOL_DEFINITION ( 'international standard', 'config_control_design', 1994, #2290 ) ;
#1087 = EDGE_CURVE ( 'NONE', #654, #214, #370, .T. ) ;
#1088 = AXIS2_PLACEMENT_3D ( 'NONE', #349, #1790, #190 ) ;
#1089 = VERTEX_POINT ( 'NONE', #2102 ) ;
#1090 = CARTESIAN_POINT ( 'NONE',  ( 0.000000000000000000, 390.0000000000000000, 0.000000000000000000 ) ) ;
#1091 = DIRECTION ( 'NONE',  ( 0.000000000000000000, 0.000000000000000000, 1.000000000000000000 ) ) ;
#1092 = DIRECTION ( 'NONE',  ( 1.000000000000000000, 0.000000000000000000, 0.000000000000000000 ) ) ;
#1093 = LINE ( 'NONE', #224, #1069 ) ;
#1094 = ORIENTED_EDGE ( 'NONE', *, *, #45, .F. ) ;
#1095 = ADVANCED_FACE ( 'NONE', ( #1977 ), #2135, .F. ) ;
#1096 = FACE_OUTER_BOUND ( 'NONE', #625, .T. ) ;
#1097 = ORIENTED_EDGE ( 'NONE', *, *, #1472, .T. ) ;
#1098 = CARTESIAN_POINT ( 'NONE',  ( -9.500000000000000000, 395.0000000000000000, -9.000000000000000000 ) ) ;
#1099 = EDGE_CURVE ( 'NONE', #1162, #1396, #385, .T. ) ;
#1100 = CARTESIAN_POINT ( 'NONE',  ( 0.000000000000000000, 390.0000000000000000, 0.000000000000000000 ) ) ;
#1101 = EDGE_CURVE ( 'NONE', #2109, #1436, #2123, .T. ) ;
#1102 = ORIENTED_EDGE ( 'NONE', *, *, #355, .T. ) ;
#1103 = CARTESIAN_POINT ( 'NONE',  ( 0.000000000000000000, 396.0000000000000000, 0.000000000000000000 ) ) ;
#1104 = CARTESIAN_POINT ( 'NONE',  ( 0.000000000000000000, 200.0000000000000000, 0.000000000000000000 ) ) ;
#1105 = ORIENTED_EDGE ( 'NONE', *, *, #1863, .F. ) ;
#1106 = AXIS2_PLACEMENT_3D ( 'NONE', #1823, #430, #226 ) ;
#1107 = LINE ( 'NONE', #1803, #1145 ) ;
#1108 = VECTOR ( 'NONE', #1926, 1000.000000000000000 ) ;
#1109 = ORIENTED_EDGE ( 'NONE', *, *, #1907, .T. ) ;
#1110 = DIRECTION ( 'NONE',  ( 0.000000000000000000, -1.000000000000000000, 0.000000000000000000 ) ) ;
#1111 = DIRECTION ( 'NONE',  ( 0.000000000000000000, 0.000000000000000000, -1.000000000000000000 ) ) ;
#1112 = VECTOR ( 'NONE', #61, 1000.000000000000227 ) ;
#1113 = LOCAL_TIME ( 22, 37, 13.00000000000000000, #1957 ) ;
#1114 = EDGE_LOOP ( 'NONE', ( #1370, #709, #1348, #1128 ) ) ;
#1115 = LINE ( 'NONE', #1651, #1684 ) ;
#1116 = DIRECTION ( 'NONE',  ( -0.000000000000000000, 1.000000000000000000, 0.000000000000000000 ) ) ;
#1117 = LINE ( 'NONE', #1300, #166 ) ;
#1118 = CARTESIAN_POINT ( 'NONE',  ( 10.50000000000000000, 396.5000000000000000, -15.05000000000000071 ) ) ;
#1119 = CIRCLE ( 'NONE', #133, 49.99931034351553905 ) ;
#1120 = VERTEX_POINT ( 'NONE', #1557 ) ;
#1121 = CARTESIAN_POINT ( 'NONE',  ( 47.38486926579592762, 264.5000000000000000, -12.07825172214213261 ) ) ;
#1122 = PLANE ( 'NONE',  #642 ) ;
#1123 = AXIS2_PLACEMENT_3D ( 'NONE', #342, #881, #1428 ) ;
#1124 = ORIENTED_EDGE ( 'NONE', *, *, #1068, .F. ) ;
#1125 = CYLINDRICAL_SURFACE ( 'NONE', #2241, 1.050000000000000488 ) ;
#1126 = VECTOR ( 'NONE', #1255, 1000.000000000000000 ) ;
#1127 = DIRECTION ( 'NONE',  ( -0.000000000000000000, 1.000000000000000000, -0.000000000000000000 ) ) ;
#1128 = ORIENTED_EDGE ( 'NONE', *, *, #307, .F. ) ;
#1129 = DIRECTION ( 'NONE',  ( 0.000000000000000000, 0.000000000000000000, 1.000000000000000000 ) ) ;
#1130 = EDGE_CURVE ( 'NONE', #1301, #1773, #692, .T. ) ;
#1131 = ORIENTED_EDGE ( 'NONE', *, *, #1397, .T. ) ;
#1132 = CARTESIAN_POINT ( 'NONE',  ( -10.50000000000000000, 395.0000000000000000, -15.05000000000000071 ) ) ;
#1133 = ORIENTED_EDGE ( 'NONE', *, *, #1995, .T. ) ;
#1134 = FACE_OUTER_BOUND ( 'NONE', #1708, .T. ) ;
#1135 = DIRECTION ( 'NONE',  ( -0.9690157314068695849, 0.000000000000000000, 0.2469990127227429388 ) ) ;
#1136 = ORIENTED_EDGE ( 'NONE', *, *, #150, .F. ) ;
#1137 = CARTESIAN_POINT ( 'NONE',  ( -8.079723919905239526, 267.5000000000000000, 47.51797619194353217 ) ) ;
#1138 = CARTESIAN_POINT ( 'NONE',  ( 0.000000000000000000, 390.0000000000000000, 0.000000000000000000 ) ) ;
#1139 = ORIENTED_EDGE ( 'NONE', *, *, #1892, .T. ) ;
#1140 = CARTESIAN_POINT ( 'NONE',  ( -37.11191255869461969, 267.5000000000000000, -30.75623426617447720 ) ) ;
#1141 = VERTEX_POINT ( 'NONE', #1210 ) ;
#1142 = CARTESIAN_POINT ( 'NONE',  ( 10.50000000000000000, 396.5000000000000000, 13.00000000000000000 ) ) ;
#1143 = DIRECTION ( 'NONE',  ( 0.000000000000000000, -1.000000000000000000, 0.000000000000000000 ) ) ;
#1144 = CARTESIAN_POINT ( 'NONE',  ( 0.000000000000000000, 0.000000000000000000, 0.000000000000000000 ) ) ;
#1145 = VECTOR ( 'NONE', #1644, 1000.000000000000000 ) ;
#1146 = EDGE_LOOP ( 'NONE', ( #1057, #327, #333, #679 ) ) ;
#1147 = VECTOR ( 'NONE', #83, 1000.000000000000000 ) ;
#1148 = DIRECTION ( 'NONE',  ( 0.000000000000000000, -1.000000000000000000, 0.000000000000000000 ) ) ;
#1149 = CARTESIAN_POINT ( 'NONE',  ( 46.80345982695179430, 264.5000000000000000, -11.93005231450848314 ) ) ;
#1150 = AXIS2_PLACEMENT_3D ( 'NONE', #771, #419, #1111 ) ;
#1151 = FACE_OUTER_BOUND ( 'NONE', #1567, .T. ) ;
#1152 = ORIENTED_EDGE ( 'NONE', *, *, #146, .F. ) ;
#1153 = DIRECTION ( 'NONE',  ( 0.000000000000000000, 0.000000000000000000, 1.000000000000000000 ) ) ;
#1154 = DIRECTION ( 'NONE',  ( 1.224646799147353207E-16, 0.000000000000000000, -1.000000000000000000 ) ) ;
#1155 = EDGE_CURVE ( 'NONE', #126, #365, #1930, .T. ) ;
#1156 = CARTESIAN_POINT ( 'NONE',  ( -34.35110039832155593, 264.5000000000000000, -33.58040880916016135 ) ) ;
#1157 = ORIENTED_EDGE ( 'NONE', *, *, #925, .T. ) ;
#1158 = DIRECTION ( 'NONE',  ( 0.000000000000000000, -1.000000000000000000, 0.000000000000000000 ) ) ;
#1159 = DIRECTION ( 'NONE',  ( -0.000000000000000000, 1.000000000000000000, -0.000000000000000000 ) ) ;
#1160 = AXIS2_PLACEMENT_3D ( 'NONE', #876, #1981, #1576 ) ;
#1161 = AXIS2_PLACEMENT_3D ( 'NONE', #1292, #1997, #1455 ) ;
#1162 = VERTEX_POINT ( 'NONE', #702 ) ;
#1163 = EDGE_LOOP ( 'NONE', ( #1955, #1017, #1351, #1387 ) ) ;
#1164 = CARTESIAN_POINT ( 'NONE',  ( 5.755839955992560641E-15, 263.0000000000000000, 47.00000000000000000 ) ) ;
#1165 = ADVANCED_FACE ( 'NONE', ( #1038, #1775, #1752, #722, #167, #1414, #1569 ), #2287, .T. ) ;
#1166 = DIRECTION ( 'NONE',  ( 0.000000000000000000, 0.000000000000000000, -1.000000000000000000 ) ) ;
#1167 = DIRECTION ( 'NONE',  ( -0.8660254037844384856, 0.000000000000000000, 0.5000000000000004441 ) ) ;
#1168 = ADVANCED_FACE ( 'NONE', ( #1766 ), #1944, .T. ) ;
#1169 = ORIENTED_EDGE ( 'NONE', *, *, #2099, .F. ) ;
#1170 = FACE_OUTER_BOUND ( 'NONE', #1218, .T. ) ;
#1171 = LINE ( 'NONE', #1385, #604 ) ;
#1172 = EDGE_CURVE ( 'NONE', #218, #1275, #564, .T. ) ;
#1173 = LINE ( 'NONE', #2097, #1230 ) ;
#1174 = EDGE_LOOP ( 'NONE', ( #1755, #1619 ) ) ;
#1175 = FACE_BOUND ( 'NONE', #1174, .T. ) ;
#1176 = ORIENTED_EDGE ( 'NONE', *, *, #1692, .T. ) ;
#1177 = DIRECTION ( 'NONE',  ( -1.000000000000000000, -0.000000000000000000, -0.000000000000000000 ) ) ;
#1178 = DIRECTION ( 'NONE',  ( -0.000000000000000000, -1.000000000000000000, -0.000000000000000000 ) ) ;
#1179 = ORIENTED_EDGE ( 'NONE', *, *, #1863, .T. ) ;
#1180 = LINE ( 'NONE', #1903, #2279 ) ;
#1181 = LINE ( 'NONE', #1374, #488 ) ;
#1182 = CIRCLE ( 'NONE', #1586, 1.050000000000000488 ) ;
#1183 = CIRCLE ( 'NONE', #2117, 1.100000000000000089 ) ;
#1184 = LINE ( 'NONE', #2258, #1408 ) ;
#1185 = AXIS2_PLACEMENT_3D ( 'NONE', #1456, #444, #2176 ) ;
#1186 = ORIENTED_EDGE ( 'NONE', *, *, #1199, .T. ) ;
#1187 = CARTESIAN_POINT ( 'NONE',  ( 0.000000000000000000, 390.0000000000000000, -5.000000000000000000 ) ) ;
#1188 = ORIENTED_EDGE ( 'NONE', *, *, #1688, .F. ) ;
#1189 = DIRECTION ( 'NONE',  ( 0.000000000000000000, 0.000000000000000000, -1.000000000000000000 ) ) ;
#1190 = EDGE_CURVE ( 'NONE', #1773, #1120, #1107, .T. ) ;
#1191 = EDGE_LOOP ( 'NONE', ( #1531, #291, #1739, #395 ) ) ;
#1192 = DIRECTION ( 'NONE',  ( -0.000000000000000000, 1.000000000000000000, -0.000000000000000000 ) ) ;
#1193 = DIRECTION ( 'NONE',  ( 0.000000000000000000, 0.000000000000000000, -1.000000000000000000 ) ) ;
#1194 = AXIS2_PLACEMENT_3D ( 'NONE', #2025, #1471, #1129 ) ;
#1195 = AXIS2_PLACEMENT_3D ( 'NONE', #1406, #1625, #706 ) ;
#1196 = FACE_OUTER_BOUND ( 'NONE', #1445, .T. ) ;
#1197 = AXIS2_PLACEMENT_3D ( 'NONE', #505, #1324, #1154 ) ;
#1198 = EDGE_LOOP ( 'NONE', ( #109, #1583, #1422, #2078 ) ) ;
#1199 = EDGE_CURVE ( 'NONE', #1470, #8, #522, .T. ) ;
#1200 = VERTEX_POINT ( 'NONE', #595 ) ;
#1201 = EDGE_CURVE ( 'NONE', #1379, #1275, #789, .T. ) ;
#1202 = DIRECTION ( 'NONE',  ( 0.000000000000000000, 0.000000000000000000, 1.000000000000000000 ) ) ;
#1203 = DIRECTION ( 'NONE',  ( 0.000000000000000000, 0.000000000000000000, 1.000000000000000000 ) ) ;
#1204 = ORIENTED_EDGE ( 'NONE', *, *, #2242, .T. ) ;
#1205 = PLANE ( 'NONE',  #1268 ) ;
#1206 = LINE ( 'NONE', #1031, #159 ) ;
#1207 = FACE_OUTER_BOUND ( 'NONE', #1402, .T. ) ;
#1208 = ORIENTED_EDGE ( 'NONE', *, *, #1835, .T. ) ;
#1209 = VERTEX_POINT ( 'NONE', #1302 ) ;
#1210 = CARTESIAN_POINT ( 'NONE',  ( 12.00000000000000000, 412.0000000000000000, 1.100000000000000089 ) ) ;
#1211 = CALENDAR_DATE ( 2026, 30, 9 ) ;
#1212 = VERTEX_POINT ( 'NONE', #1132 ) ;
#1213 = DIRECTION ( 'NONE',  ( 0.000000000000000000, 0.000000000000000000, 1.000000000000000000 ) ) ;
#1214 = DIRECTION ( 'NONE',  ( -0.000000000000000000, 1.000000000000000000, -0.000000000000000000 ) ) ;
#1215 = CIRCLE ( 'NONE', #372, 50.00000000000000000 ) ;
#1216 = FACE_BOUND ( 'NONE', #719, .T. ) ;
#1217 = CIRCLE ( 'NONE', #1364, 47.00000000000000000 ) ;
#1218 = EDGE_LOOP ( 'NONE', ( #1592, #699, #1873, #225 ) ) ;
#1219 = VECTOR ( 'NONE', #1990, 1000.000000000000000 ) ;
#1220 = APPROVAL_PERSON_ORGANIZATION ( #1767, #1683, #1570 ) ;
#1221 = CC_DESIGN_PERSON_AND_ORGANIZATION_ASSIGNMENT ( #711, #2124, ( #1638 ) ) ;
#1222 = DIRECTION ( 'NONE',  ( 0.000000000000000000, -0.000000000000000000, -1.000000000000000000 ) ) ;
#1223 = DATE_AND_TIME ( #371, #2120 ) ;
#1224 = ORIENTED_EDGE ( 'NONE', *, *, #1068, .T. ) ;
#1225 = EDGE_CURVE ( 'NONE', #230, #1212, #1182, .T. ) ;
#1226 = DIRECTION ( 'NONE',  ( 0.000000000000000000, -1.000000000000000000, 0.000000000000000000 ) ) ;
#1227 = DIRECTION ( 'NONE',  ( -0.000000000000000000, 1.000000000000000000, -0.000000000000000000 ) ) ;
#1228 = CARTESIAN_POINT ( 'NONE',  ( 5.363952980265406904E-15, 336.9999998849486929, -43.79999999999999716 ) ) ;
#1229 = DIRECTION ( 'NONE',  ( -1.000000000000000000, 0.000000000000000000, -0.000000000000000000 ) ) ;
#1230 = VECTOR ( 'NONE', #2248, 1000.000000000000000 ) ;
#1231 = VECTOR ( 'NONE', #435, 1000.000000000000000 ) ;
#1232 = ORIENTED_EDGE ( 'NONE', *, *, #1270, .T. ) ;
#1233 = VECTOR ( 'NONE', #566, 1000.000000000000000 ) ;
#1234 = VERTEX_POINT ( 'NONE', #2204 ) ;
#1235 = TOROIDAL_SURFACE ( 'NONE', #1344, -131.2500003432932942, 178.7500887950129140 ) ;
#1236 = CARTESIAN_POINT ( 'NONE',  ( 46.80000000000000426, 335.0000000000000000, 0.000000000000000000 ) ) ;
#1237 = APPROVAL_ROLE ( '' ) ;
#1238 = ADVANCED_FACE ( 'NONE', ( #237 ), #1656, .T. ) ;
#1239 = ORIENTED_EDGE ( 'NONE', *, *, #700, .F. ) ;
#1240 = LINE ( 'NONE', #1959, #428 ) ;
#1241 = CARTESIAN_POINT ( 'NONE',  ( 0.000000000000000000, 334.9999303173929093, -131.2501955513456551 ) ) ;
#1242 = EDGE_CURVE ( 'NONE', #1212, #2259, #58, .T. ) ;
#1243 = CARTESIAN_POINT ( 'NONE',  ( 12.00000000000000000, 422.0000000000000568, -9.000000000000000000 ) ) ;
#1244 = DIRECTION ( 'NONE',  ( 0.000000000000000000, 0.000000000000000000, -1.000000000000000000 ) ) ;
#1245 = VERTEX_POINT ( 'NONE', #1439 ) ;
#1246 = PLANE ( 'NONE',  #1529 ) ;
#1247 = ORIENTED_EDGE ( 'NONE', *, *, #527, .T. ) ;
#1248 = CARTESIAN_POINT ( 'NONE',  ( -12.00000000000000000, 422.0000000000000568, 9.000000000000000000 ) ) ;
#1249 = LINE ( 'NONE', #375, #2079 ) ;
#1250 = LINE ( 'NONE', #580, #1875 ) ;
#1251 = CYLINDRICAL_SURFACE ( 'NONE', #921, 50.00000000000000000 ) ;
#1252 = ORIENTED_EDGE ( 'NONE', *, *, #2068, .F. ) ;
#1253 = CIRCLE ( 'NONE', #376, 1.050000000000000488 ) ;
#1254 = AXIS2_PLACEMENT_3D ( 'NONE', #14, #1962, #37 ) ;
#1255 = DIRECTION ( 'NONE',  ( 0.000000000000000000, 1.000000000000000000, 0.000000000000000000 ) ) ;
#1256 = PERSON_AND_ORGANIZATION ( #57, #821 ) ;
#1257 = CIRCLE ( 'NONE', #1975, 48.30000000000000426 ) ;
#1258 = EDGE_LOOP ( 'NONE', ( #201, #2147 ) ) ;
#1259 = CARTESIAN_POINT ( 'NONE',  ( 20.00000000000000000, 412.0000000000000000, -1.100000000000000089 ) ) ;
#1260 = CARTESIAN_POINT ( 'NONE',  ( 0.000000000000000000, 390.0000000000000000, 0.000000000000000000 ) ) ;
#1261 = EDGE_CURVE ( 'NONE', #1209, #636, #573, .T. ) ;
#1262 = CARTESIAN_POINT ( 'NONE',  ( 0.000000000000000000, 395.0000000000000000, 20.50000000000000000 ) ) ;
#1263 = PLANE ( 'NONE',  #1864 ) ;
#1264 = EDGE_CURVE ( 'NONE', #1200, #2070, #396, .T. ) ;
#1265 = EDGE_CURVE ( 'NONE', #1984, #397, #40, .T. ) ;
#1266 = ORIENTED_EDGE ( 'NONE', *, *, #2192, .F. ) ;
#1267 = EDGE_CURVE ( 'NONE', #1001, #1485, #708, .T. ) ;
#1268 = AXIS2_PLACEMENT_3D ( 'NONE', #1561, #1341, #115 ) ;
#1269 = DIRECTION ( 'NONE',  ( 0.000000000000000000, 0.000000000000000000, -1.000000000000000000 ) ) ;
#1270 = EDGE_CURVE ( 'NONE', #927, #654, #448, .T. ) ;
#1271 = VECTOR ( 'NONE', #1648, 1000.000000000000000 ) ;
#1272 = ORIENTED_EDGE ( 'NONE', *, *, #2027, .T. ) ;
#1273 = CARTESIAN_POINT ( 'NONE',  ( 0.000000000000000000, 320.0000000000000000, 43.79999999999999716 ) ) ;
#1274 = FACE_OUTER_BOUND ( 'NONE', #720, .T. ) ;
#1275 = VERTEX_POINT ( 'NONE', #1812 ) ;
#1276 = CARTESIAN_POINT ( 'NONE',  ( 6.123233995736766282E-16, 390.0000000000000000, 5.000000000000000000 ) ) ;
#1277 = DIRECTION ( 'NONE',  ( 0.000000000000000000, 0.000000000000000000, 1.000000000000000000 ) ) ;
#1278 = ORIENTED_EDGE ( 'NONE', *, *, #1601, .F. ) ;
#1279 = ORIENTED_EDGE ( 'NONE', *, *, #272, .F. ) ;
#1280 = CARTESIAN_POINT ( 'NONE',  ( 46.80345982695179430, 264.0000000000000000, -11.93005231450848314 ) ) ;
#1281 = CARTESIAN_POINT ( 'NONE',  ( 0.000000000000000000, 422.0000000000000568, 0.000000000000000000 ) ) ;
#1282 = FACE_OUTER_BOUND ( 'NONE', #255, .T. ) ;
#1283 = ORIENTED_EDGE ( 'NONE', *, *, #2154, .T. ) ;
#1284 = DIRECTION ( 'NONE',  ( 0.000000000000000000, 0.000000000000000000, 1.000000000000000000 ) ) ;
#1285 = DIRECTION ( 'NONE',  ( -0.1676291269689883234, 0.000000000000000000, 0.9858501284635584616 ) ) ;
#1286 = FACE_OUTER_BOUND ( 'NONE', #1667, .T. ) ;
#1287 = VECTOR ( 'NONE', #767, 1000.000000000000000 ) ;
#1288 = CARTESIAN_POINT ( 'NONE',  ( 0.000000000000000000, 267.5000000000000000, 0.000000000000000000 ) ) ;
#1289 = VERTEX_POINT ( 'NONE', #584 ) ;
#1290 = AXIS2_PLACEMENT_3D ( 'NONE', #2081, #1562, #496 ) ;
#1291 = EDGE_LOOP ( 'NONE', ( #867, #213 ) ) ;
#1292 = CARTESIAN_POINT ( 'NONE',  ( -0.9000000000000000222, 396.0000000000000000, 23.50000000000000000 ) ) ;
#1293 = LINE ( 'NONE', #2009, #1591 ) ;
#1294 = AXIS2_PLACEMENT_3D ( 'NONE', #93, #758, #1325 ) ;
#1295 = ADVANCED_FACE ( 'NONE', ( #1096 ), #1669, .F. ) ;
#1296 = EDGE_LOOP ( 'NONE', ( #144, #1579, #187, #1568 ) ) ;
#1297 = CARTESIAN_POINT ( 'NONE',  ( 0.000000000000000000, 439.9998083731135807, 7.000000000000000000 ) ) ;
#1298 = PLANE ( 'NONE',  #2006 ) ;
#1299 = EDGE_LOOP ( 'NONE', ( #1315, #561 ) ) ;
#1300 = CARTESIAN_POINT ( 'NONE',  ( 0.000000000000000000, 200.0000000000000000, -50.00000000000000000 ) ) ;
#1301 = VERTEX_POINT ( 'NONE', #1462 ) ;
#1302 = CARTESIAN_POINT ( 'NONE',  ( -8.197064308783531317, 267.5000000000000000, 48.20807128186802260 ) ) ;
#1303 = VECTOR ( 'NONE', #883, 1000.000000000000000 ) ;
#1304 = CARTESIAN_POINT ( 'NONE',  ( 12.00000000000000000, 422.0000000000000568, 9.000000000000000000 ) ) ;
#1305 = CARTESIAN_POINT ( 'NONE',  ( -12.11959821705238483, 200.0000000000000000, 47.37431096129231634 ) ) ;
#1306 = VERTEX_POINT ( 'NONE', #2015 ) ;
#1307 = DIRECTION ( 'NONE',  ( 0.000000000000000000, 0.000000000000000000, 1.000000000000000000 ) ) ;
#1308 = CIRCLE ( 'NONE', #320, 47.00000000000000000 ) ;
#1309 = FACE_BOUND ( 'NONE', #20, .T. ) ;
#1310 = LINE ( 'NONE', #1140, #866 ) ;
#1311 = ORIENTED_EDGE ( 'NONE', *, *, #1995, .F. ) ;
#1312 = CARTESIAN_POINT ( 'NONE',  ( -11.90593689903868402, 264.5000000000000000, 46.53912999747630153 ) ) ;
#1313 = CARTESIAN_POINT ( 'NONE',  ( 9.500000000000000000, 422.0000000000000568, -9.000000000000000000 ) ) ;
#1314 = DIRECTION ( 'NONE',  ( 0.7150829789516676138, 0.000000000000000000, 0.6990395791467095554 ) ) ;
#1315 = ORIENTED_EDGE ( 'NONE', *, *, #1388, .F. ) ;
#1316 = DIRECTION ( 'NONE',  ( 0.000000000000000000, 0.000000000000000000, 1.000000000000000000 ) ) ;
#1317 = FACE_BOUND ( 'NONE', #1514, .T. ) ;
#1318 = VERTEX_POINT ( 'NONE', #1849 ) ;
#1319 = EDGE_CURVE ( 'NONE', #777, #487, #754, .T. ) ;
#1320 = ORIENTED_EDGE ( 'NONE', *, *, #1613, .T. ) ;
#1321 = CARTESIAN_POINT ( 'NONE',  ( 46.90415759823429909, 200.0000000000000000, 3.000000000000000000 ) ) ;
#1322 = EDGE_CURVE ( 'NONE', #586, #1848, #85, .T. ) ;
#1323 = VECTOR ( 'NONE', #810, 1000.000000000000000 ) ;
#1324 = DIRECTION ( 'NONE',  ( 1.000000000000000000, 0.000000000000000000, 1.224646799147353207E-16 ) ) ;
#1325 = DIRECTION ( 'NONE',  ( 0.000000000000000000, 0.000000000000000000, 1.000000000000000000 ) ) ;
#1326 = AXIS2_PLACEMENT_3D ( 'NONE', #2012, #1127, #2210 ) ;
#1327 = ORIENTED_EDGE ( 'NONE', *, *, #1762, .F. ) ;
#1328 = CIRCLE ( 'NONE', #1326, 43.79999999999999716 ) ;
#1329 = LINE ( 'NONE', #806, #1045 ) ;
#1330 = DIRECTION ( 'NONE',  ( 0.000000000000000000, 0.000000000000000000, -1.000000000000000000 ) ) ;
#1331 = AXIS2_PLACEMENT_3D ( 'NONE', #221, #906, #1780 ) ;
#1332 = EDGE_LOOP ( 'NONE', ( #1610, #2186 ) ) ;
#1333 = EDGE_CURVE ( 'NONE', #252, #1721, #90, .T. ) ;
#1334 = ORIENTED_EDGE ( 'NONE', *, *, #1678, .F. ) ;
#1335 = DIRECTION ( 'NONE',  ( 0.000000000000000000, 0.000000000000000000, 1.000000000000000000 ) ) ;
#1336 = EDGE_CURVE ( 'NONE', #397, #1910, #610, .T. ) ;
#1337 = PLANE ( 'NONE',  #2205 ) ;
#1338 = EDGE_CURVE ( 'NONE', #636, #1604, #1896, .T. ) ;
#1339 = DIRECTION ( 'NONE',  ( 0.000000000000000000, 1.000000000000000000, 0.000000000000000000 ) ) ;
#1340 = ORIENTED_EDGE ( 'NONE', *, *, #1435, .F. ) ;
#1341 = DIRECTION ( 'NONE',  ( 1.000000000000000000, -0.000000000000000000, 0.000000000000000000 ) ) ;
#1342 = DIRECTION ( 'NONE',  ( 0.9690157314068695849, 0.000000000000000000, -0.2469990127227429388 ) ) ;
#1343 = CIRCLE ( 'NONE', #1195, 5.000000000000000000 ) ;
#1344 = AXIS2_PLACEMENT_3D ( 'NONE', #1003, #1719, #136 ) ;
#1345 = CARTESIAN_POINT ( 'NONE',  ( 10.50000000000000000, 395.0000000000000000, -14.00000000000000000 ) ) ;
#1346 = ORIENTED_EDGE ( 'NONE', *, *, #552, .T. ) ;
#1347 = DIRECTION ( 'NONE',  ( 1.000000000000000000, -0.000000000000000000, 0.000000000000000000 ) ) ;
#1348 = ORIENTED_EDGE ( 'NONE', *, *, #282, .T. ) ;
#1349 = DIRECTION ( 'NONE',  ( -0.000000000000000000, -1.000000000000000000, -0.000000000000000000 ) ) ;
#1350 = MECHANICAL_CONTEXT ( 'NONE', #589, 'mechanical' ) ;
#1351 = ORIENTED_EDGE ( 'NONE', *, *, #1338, .F. ) ;
#1352 = CARTESIAN_POINT ( 'NONE',  ( -10.50000000000000000, 390.0000000000000000, -12.94999999999999929 ) ) ;
#1353 = CARTESIAN_POINT ( 'NONE',  ( -12.00000000000000000, 412.0000000000000000, 0.000000000000000000 ) ) ;
#1354 = PLANE ( 'NONE',  #1681 ) ;
#1355 = EDGE_LOOP ( 'NONE', ( #300, #2173, #2174, #1208 ) ) ;
#1356 = CARTESIAN_POINT ( 'NONE',  ( 0.000000000000000000, 320.0000000000000000, 46.80000000000000426 ) ) ;
#1357 = ADVANCED_FACE ( 'NONE', ( #1696 ), #489, .F. ) ;
#1358 = ADVANCED_FACE ( 'NONE', ( #2260 ), #678, .F. ) ;
#1359 = EDGE_LOOP ( 'NONE', ( #1035, #632 ) ) ;
#1360 = CARTESIAN_POINT ( 'NONE',  ( 0.000000000000000000, 263.0000000000000000, -47.00000000000000000 ) ) ;
#1361 = ORIENTED_EDGE ( 'NONE', *, *, #859, .F. ) ;
#1362 = CYLINDRICAL_SURFACE ( 'NONE', #868, 7.000000000000000000 ) ;
#1363 = LINE ( 'NONE', #297, #1513 ) ;
#1364 = AXIS2_PLACEMENT_3D ( 'NONE', #1937, #2271, #1734 ) ;
#1365 = DIRECTION ( 'NONE',  ( 0.000000000000000000, 0.000000000000000000, 1.000000000000000000 ) ) ;
#1366 = ADVANCED_FACE ( 'NONE', ( #270 ), #1000, .F. ) ;
#1367 = AXIS2_PLACEMENT_3D ( 'NONE', #2228, #1178, #1537 ) ;
#1368 = ORIENTED_EDGE ( 'NONE', *, *, #1533, .F. ) ;
#1369 = DIRECTION ( 'NONE',  ( 0.000000000000000000, -1.000000000000000000, 0.000000000000000000 ) ) ;
#1370 = ORIENTED_EDGE ( 'NONE', *, *, #1423, .F. ) ;
#1371 = CARTESIAN_POINT ( 'NONE',  ( -34.53850788336554700, 264.5000000000000000, -33.76361167278608377 ) ) ;
#1372 = ORIENTED_EDGE ( 'NONE', *, *, #700, .T. ) ;
#1373 = DIRECTION ( 'NONE',  ( 0.000000000000000000, 0.000000000000000000, -1.000000000000000000 ) ) ;
#1374 = CARTESIAN_POINT ( 'NONE',  ( 46.44641666165397709, 264.5000000000000000, -11.83904315287193754 ) ) ;
#1375 = AXIS2_PLACEMENT_3D ( 'NONE', #474, #819, #129 ) ;
#1376 = AXIS2_PLACEMENT_3D ( 'NONE', #1383, #1158, #1373 ) ;
#1377 = DIRECTION ( 'NONE',  ( 0.000000000000000000, 0.000000000000000000, -1.000000000000000000 ) ) ;
#1378 = CIRCLE ( 'NONE', #2133, 48.30000000000000426 ) ;
#1379 = VERTEX_POINT ( 'NONE', #2225 ) ;
#1380 = DIRECTION ( 'NONE',  ( -0.000000000000000000, -1.000000000000000000, -0.000000000000000000 ) ) ;
#1381 = DIRECTION ( 'NONE',  ( 0.000000000000000000, -1.000000000000000000, 0.000000000000000000 ) ) ;
#1382 = ORIENTED_EDGE ( 'NONE', *, *, #377, .F. ) ;
#1383 = CARTESIAN_POINT ( 'NONE',  ( 0.000000000000000000, 396.0000000000000000, 0.000000000000000000 ) ) ;
#1384 = ORIENTED_EDGE ( 'NONE', *, *, #1653, .T. ) ;
#1385 = CARTESIAN_POINT ( 'NONE',  ( -0.9000000000000000222, 396.0000000000000000, 23.50000000000000000 ) ) ;
#1386 = DIRECTION ( 'NONE',  ( 0.000000000000000000, 1.000000000000000000, 0.000000000000000000 ) ) ;
#1387 = ORIENTED_EDGE ( 'NONE', *, *, #2272, .F. ) ;
#1388 = EDGE_CURVE ( 'NONE', #840, #571, #639, .T. ) ;
#1389 = CARTESIAN_POINT ( 'NONE',  ( 0.000000000000000000, 267.5000000000000000, 0.000000000000000000 ) ) ;
#1390 = EDGE_LOOP ( 'NONE', ( #1736, #603, #1429, #1883 ) ) ;
#1391 = DIRECTION ( 'NONE',  ( 0.000000000000000000, 0.000000000000000000, -1.000000000000000000 ) ) ;
#1392 = DIRECTION ( 'NONE',  ( -1.000000000000000000, 0.000000000000000000, 0.000000000000000000 ) ) ;
#1393 = CIRCLE ( 'NONE', #2036, 47.48889929593227777 ) ;
#1394 = CARTESIAN_POINT ( 'NONE',  ( 8.099999999999999645, 395.0000000000000000, 20.50000000000000000 ) ) ;
#1395 = AXIS2_PLACEMENT_3D ( 'NONE', #1691, #1159, #2219 ) ;
#1396 = VERTEX_POINT ( 'NONE', #1187 ) ;
#1397 = EDGE_CURVE ( 'NONE', #1954, #177, #1393, .T. ) ;
#1398 = ORIENTED_EDGE ( 'NONE', *, *, #1261, .F. ) ;
#1399 = DIRECTION ( 'NONE',  ( 0.000000000000000000, 0.000000000000000000, -1.000000000000000000 ) ) ;
#1400 = APPROVAL_DATE_TIME ( #1223, #557 ) ;
#1401 = ADVANCED_FACE ( 'NONE', ( #655, #2048 ), #1874, .F. ) ;
#1402 = EDGE_LOOP ( 'NONE', ( #2137, #892, #1398, #1124 ) ) ;
#1403 = ADVANCED_FACE ( 'NONE', ( #1509 ), #1932, .F. ) ;
#1404 = CARTESIAN_POINT ( 'NONE',  ( -37.18890822790353212, 264.5000000000000000, -30.82004388083458934 ) ) ;
#1405 = DIRECTION ( 'NONE',  ( 1.000000000000000000, 0.000000000000000000, 0.000000000000000000 ) ) ;
#1406 = CARTESIAN_POINT ( 'NONE',  ( 0.000000000000000000, 395.0000000000000000, 0.000000000000000000 ) ) ;
#1407 = DIRECTION ( 'NONE',  ( -0.000000000000000000, -0.000000000000000000, 1.000000000000000000 ) ) ;
#1408 = VECTOR ( 'NONE', #1748, 1000.000000000000000 ) ;
#1409 = CIRCLE ( 'NONE', #1563, 1.100000000000000089 ) ;
#1410 = ORIENTED_EDGE ( 'NONE', *, *, #793, .F. ) ;
#1411 = AXIS2_PLACEMENT_3D ( 'NONE', #219, #207, #913 ) ;
#1412 = EDGE_LOOP ( 'NONE', ( #2110, #550, #1224, #1247 ) ) ;
#1413 = AXIS2_PLACEMENT_3D ( 'NONE', #2214, #293, #824 ) ;
#1414 = FACE_OUTER_BOUND ( 'NONE', #1291, .T. ) ;
#1415 = DATE_AND_TIME ( #911, #1824 ) ;
#1416 = ORIENTED_EDGE ( 'NONE', *, *, #1099, .F. ) ;
#1417 = FACE_OUTER_BOUND ( 'NONE', #749, .T. ) ;
#1418 = CARTESIAN_POINT ( 'NONE',  ( 46.90415759823429909, 200.0000000000000000, -3.000000000000000000 ) ) ;
#1419 = CARTESIAN_POINT ( 'NONE',  ( -9.499999999999998224, 412.0000000000000000, 1.100000000000000089 ) ) ;
#1420 = DIRECTION ( 'NONE',  ( 0.000000000000000000, -1.000000000000000000, 0.000000000000000000 ) ) ;
#1421 = ORIENTED_EDGE ( 'NONE', *, *, #1816, .T. ) ;
#1422 = ORIENTED_EDGE ( 'NONE', *, *, #1435, .T. ) ;
#1423 = EDGE_CURVE ( 'NONE', #660, #1636, #802, .T. ) ;
#1424 = ADVANCED_FACE ( 'NONE', ( #1175, #110 ), #2250, .F. ) ;
#1425 = DIRECTION ( 'NONE',  ( 0.000000000000000000, -1.000000000000000000, 0.000000000000000000 ) ) ;
#1426 = ORIENTED_EDGE ( 'NONE', *, *, #721, .T. ) ;
#1427 = ORIENTED_EDGE ( 'NONE', *, *, #272, .T. ) ;
#1428 = DIRECTION ( 'NONE',  ( 0.000000000000000000, 0.000000000000000000, -1.000000000000000000 ) ) ;
#1429 = ORIENTED_EDGE ( 'NONE', *, *, #858, .T. ) ;
#1430 = DIRECTION ( 'NONE',  ( 0.000000000000000000, 1.000000000000000000, 0.000000000000000000 ) ) ;
#1431 = EDGE_CURVE ( 'NONE', #1729, #2182, #633, .T. ) ;
#1432 = APPROVAL ( #1621, 'UNSPECIFIED' ) ;
#1433 = DIRECTION ( 'NONE',  ( 0.000000000000000000, -1.000000000000000000, 0.000000000000000000 ) ) ;
#1434 = DIRECTION ( 'NONE',  ( 0.000000000000000000, 0.000000000000000000, -1.000000000000000000 ) ) ;
#1435 = EDGE_CURVE ( 'NONE', #401, #1555, #145, .T. ) ;
#1436 = VERTEX_POINT ( 'NONE', #1164 ) ;
#1437 = ADVANCED_FACE ( 'NONE', ( #1895 ), #665, .T. ) ;
#1438 = VECTOR ( 'NONE', #68, 1000.000000000000000 ) ;
#1439 = CARTESIAN_POINT ( 'NONE',  ( 12.00000000000000000, 422.0000000000000568, 9.000000000000000000 ) ) ;
#1440 = ORIENTED_EDGE ( 'NONE', *, *, #626, .F. ) ;
#1441 = ORIENTED_EDGE ( 'NONE', *, *, #256, .F. ) ;
#1442 = ORIENTED_EDGE ( 'NONE', *, *, #858, .F. ) ;
#1443 = CARTESIAN_POINT ( 'NONE',  ( 10.50000000000000000, 390.0000000000000000, 14.05000000000000071 ) ) ;
#1444 = DIRECTION ( 'NONE',  ( -0.000000000000000000, -1.000000000000000000, -0.000000000000000000 ) ) ;
#1445 = EDGE_LOOP ( 'NONE', ( #898, #39, #2098, #1693 ) ) ;
#1446 = DIRECTION ( 'NONE',  ( 1.000000000000000000, 0.000000000000000000, 0.000000000000000000 ) ) ;
#1447 = DIRECTION ( 'NONE',  ( 0.000000000000000000, 0.000000000000000000, -1.000000000000000000 ) ) ;
#1448 = ORIENTED_EDGE ( 'NONE', *, *, #731, .F. ) ;
#1449 = CIRCLE ( 'NONE', #1600, 1.050000000000000488 ) ;
#1450 = CIRCLE ( 'NONE', #1760, 7.000000000000000000 ) ;
#1451 = CARTESIAN_POINT ( 'NONE',  ( 47.38486926579591341, 200.0000000000000000, -12.07825172214212728 ) ) ;
#1452 = ORIENTED_EDGE ( 'NONE', *, *, #451, .T. ) ;
#1453 = AXIS2_PLACEMENT_3D ( 'NONE', #714, #2127, #364 ) ;
#1454 = VERTEX_POINT ( 'NONE', #1356 ) ;
#1455 = DIRECTION ( 'NONE',  ( 0.000000000000000000, 0.000000000000000000, -1.000000000000000000 ) ) ;
#1456 = CARTESIAN_POINT ( 'NONE',  ( 0.000000000000000000, 263.0000000000000000, 0.000000000000000000 ) ) ;
#1457 = ORIENTED_EDGE ( 'NONE', *, *, #949, .F. ) ;
#1458 = DIRECTION ( 'NONE',  ( 0.000000000000000000, 0.000000000000000000, 1.000000000000000000 ) ) ;
#1459 = PLANE ( 'NONE',  #301 ) ;
#1460 = DIRECTION ( 'NONE',  ( 0.000000000000000000, 0.000000000000000000, 1.000000000000000000 ) ) ;
#1461 = PRODUCT_RELATED_PRODUCT_CATEGORY ( 'detail', '', ( #2039 ) ) ;
#1462 = CARTESIAN_POINT ( 'NONE',  ( -12.00000000000000000, 422.0000000000000568, -9.000000000000000000 ) ) ;
#1463 = EDGE_CURVE ( 'NONE', #31, #694, #1215, .T. ) ;
#1464 = ORIENTED_EDGE ( 'NONE', *, *, #456, .T. ) ;
#1465 = CARTESIAN_POINT ( 'NONE',  ( 9.500000000000000000, 422.0000000000000568, 9.000000000000000000 ) ) ;
#1466 = DIRECTION ( 'NONE',  ( -1.000000000000000000, 0.000000000000000000, -0.000000000000000000 ) ) ;
#1467 = ORIENTED_EDGE ( 'NONE', *, *, #768, .T. ) ;
#1468 = DIRECTION ( 'NONE',  ( 0.000000000000000000, 1.000000000000000000, 0.000000000000000000 ) ) ;
#1469 = DIRECTION ( 'NONE',  ( -1.000000000000000000, 0.000000000000000000, -0.000000000000000000 ) ) ;
#1470 = VERTEX_POINT ( 'NONE', #292 ) ;
#1471 = DIRECTION ( 'NONE',  ( -1.000000000000000000, 0.000000000000000000, 0.000000000000000000 ) ) ;
#1472 = EDGE_CURVE ( 'NONE', #571, #840, #1820, .T. ) ;
#1473 = VECTOR ( 'NONE', #621, 1000.000000000000114 ) ;
#1474 = CARTESIAN_POINT ( 'NONE',  ( 0.000000000000000000, 275.0000000000000000, 0.000000000000000000 ) ) ;
#1475 = CIRCLE ( 'NONE', #1899, 46.80000000000000426 ) ;
#1476 = EDGE_CURVE ( 'NONE', #1485, #206, #1093, .T. ) ;
#1477 = DIRECTION ( 'NONE',  ( -1.000000000000000000, 0.000000000000000000, 0.000000000000000000 ) ) ;
#1478 = CARTESIAN_POINT ( 'NONE',  ( 46.70374717300529710, 325.0000000000000000, 3.000000000000000000 ) ) ;
#1479 = VECTOR ( 'NONE', #2019, 1000.000000000000000 ) ;
#1480 = ADVANCED_FACE ( 'NONE', ( #929 ), #751, .F. ) ;
#1481 = ORIENTED_EDGE ( 'NONE', *, *, #1388, .T. ) ;
#1482 = CARTESIAN_POINT ( 'NONE',  ( -9.499999999999998224, 412.0000000000000000, 0.000000000000000000 ) ) ;
#1483 = CARTESIAN_POINT ( 'NONE',  ( 8.572527594031473190E-16, 439.9998083731135807, -7.000000000000000000 ) ) ;
#1484 = CARTESIAN_POINT ( 'NONE',  ( -10.50000000000000000, 390.0000000000000000, -14.00000000000000000 ) ) ;
#1485 = VERTEX_POINT ( 'NONE', #500 ) ;
#1486 = DIRECTION ( 'NONE',  ( 0.000000000000000000, -1.000000000000000000, 0.000000000000000000 ) ) ;
#1487 = CIRCLE ( 'NONE', #387, 49.99931034351553905 ) ;
#1488 = CIRCLE ( 'NONE', #501, 7.000000000000000000 ) ;
#1489 = CYLINDRICAL_SURFACE ( 'NONE', #2016, 1.050000000000000488 ) ;
#1490 = CARTESIAN_POINT ( 'NONE',  ( -10.50000000000000000, 395.0000000000000000, -14.00000000000000000 ) ) ;
#1491 = AXIS2_PLACEMENT_3D ( 'NONE', #2227, #646, #657 ) ;
#1492 = ORIENTED_EDGE ( 'NONE', *, *, #1688, .T. ) ;
#1493 = CARTESIAN_POINT ( 'NONE',  ( 9.500000000000000000, 412.0000000000000000, 0.000000000000000000 ) ) ;
#1494 = DIRECTION ( 'NONE',  ( -0.8660254037844384856, 0.000000000000000000, 0.5000000000000004441 ) ) ;
#1495 = EDGE_CURVE ( 'NONE', #772, #1773, #1819, .T. ) ;
#1496 = FACE_OUTER_BOUND ( 'NONE', #1727, .T. ) ;
#1497 = EDGE_LOOP ( 'NONE', ( #369, #2286, #89, #2158 ) ) ;
#1498 = CARTESIAN_POINT ( 'NONE',  ( -12.00000000000000000, 422.0000000000000568, 9.000000000000000000 ) ) ;
#1499 = DIRECTION ( 'NONE',  ( 0.000000000000000000, 0.000000000000000000, -1.000000000000000000 ) ) ;
#1500 = CARTESIAN_POINT ( 'NONE',  ( -12.00000000000000000, 412.0000000000000000, 0.000000000000000000 ) ) ;
#1501 = EDGE_LOOP ( 'NONE', ( #707, #1825, #1457, #360 ) ) ;
#1502 = EDGE_CURVE ( 'NONE', #214, #2114, #410, .T. ) ;
#1503 = DIRECTION ( 'NONE',  ( 0.000000000000000000, -1.000000000000000000, 0.000000000000000000 ) ) ;
#1504 = FACE_BOUND ( 'NONE', #1946, .T. ) ;
#1505 = ORIENTED_EDGE ( 'NONE', *, *, #1866, .T. ) ;
#1506 = EDGE_CURVE ( 'NONE', #1301, #676, #1066, .T. ) ;
#1507 = EDGE_CURVE ( 'NONE', #8, #1470, #1668, .T. ) ;
#1508 = ORIENTED_EDGE ( 'NONE', *, *, #1935, .T. ) ;
#1509 = FACE_OUTER_BOUND ( 'NONE', #1628, .T. ) ;
#1510 = AXIS2_PLACEMENT_3D ( 'NONE', #405, #956, #248 ) ;
#1511 = LINE ( 'NONE', #846, #504 ) ;
#1512 = DIRECTION ( 'NONE',  ( -0.000000000000000000, 1.000000000000000000, -0.000000000000000000 ) ) ;
#1513 = VECTOR ( 'NONE', #849, 1000.000000000000000 ) ;
#1514 = EDGE_LOOP ( 'NONE', ( #740, #1914 ) ) ;
#1515 = AXIS2_PLACEMENT_3D ( 'NONE', #1649, #612, #1867 ) ;
#1516 = CARTESIAN_POINT ( 'NONE',  ( 0.000000000000000000, 439.9998083731135807, 0.000000000000000000 ) ) ;
#1517 = CYLINDRICAL_SURFACE ( 'NONE', #1290, 46.80000000000000426 ) ;
#1518 = CC_DESIGN_APPROVAL ( #1683, ( #2229 ) ) ;
#1519 = DIRECTION ( 'NONE',  ( -1.000000000000000000, 0.000000000000000000, 0.000000000000000000 ) ) ;
#1520 = ORIENTED_EDGE ( 'NONE', *, *, #1495, .T. ) ;
#1521 = DIRECTION ( 'NONE',  ( 0.000000000000000000, 0.000000000000000000, 1.000000000000000000 ) ) ;
#1522 = AXIS2_PLACEMENT_3D ( 'NONE', #2284, #1726, #1377 ) ;
#1523 = DIRECTION ( 'NONE',  ( 1.000000000000000000, 0.000000000000000000, -0.000000000000000000 ) ) ;
#1524 = VECTOR ( 'NONE', #1616, 1000.000000000000000 ) ;
#1525 = ORIENTED_EDGE ( 'NONE', *, *, #1580, .T. ) ;
#1526 = CARTESIAN_POINT ( 'NONE',  ( 20.00000000000000000, 412.0000000000000000, -1.100000000000000089 ) ) ;
#1527 = DIRECTION ( 'NONE',  ( 0.000000000000000000, 0.000000000000000000, -1.000000000000000000 ) ) ;
#1528 = CIRCLE ( 'NONE', #1724, 47.00000000000000000 ) ;
#1529 = AXIS2_PLACEMENT_3D ( 'NONE', #1072, #733, #1058 ) ;
#1530 = DIRECTION ( 'NONE',  ( 0.000000000000000000, 1.000000000000000000, 0.000000000000000000 ) ) ;
#1531 = ORIENTED_EDGE ( 'NONE', *, *, #1397, .F. ) ;
#1532 = DIRECTION ( 'NONE',  ( 0.000000000000000000, 0.000000000000000000, 1.000000000000000000 ) ) ;
#1533 = EDGE_CURVE ( 'NONE', #1083, #1162, #2189, .T. ) ;
#1534 = VERTEX_POINT ( 'NONE', #896 ) ;
#1535 = CARTESIAN_POINT ( 'NONE',  ( 9.500000000000000000, 395.0000000000000000, -9.000000000000000000 ) ) ;
#1536 = ADVANCED_FACE ( 'NONE', ( #1054 ), #1251, .T. ) ;
#1537 = DIRECTION ( 'NONE',  ( 0.000000000000000000, 0.000000000000000000, -1.000000000000000000 ) ) ;
#1538 = ORIENTED_EDGE ( 'NONE', *, *, #1338, .T. ) ;
#1539 = CYLINDRICAL_SURFACE ( 'NONE', #1376, 5.000000000000000000 ) ;
#1540 = DIRECTION ( 'NONE',  ( -1.000000000000000000, 0.000000000000000000, 0.000000000000000000 ) ) ;
#1541 = DIRECTION ( 'NONE',  ( 0.000000000000000000, -1.000000000000000000, 0.000000000000000000 ) ) ;
#1542 = ORIENTED_EDGE ( 'NONE', *, *, #1261, .T. ) ;
#1543 = DIRECTION ( 'NONE',  ( 0.000000000000000000, 0.000000000000000000, 1.000000000000000000 ) ) ;
#1544 = EDGE_LOOP ( 'NONE', ( #84, #734, #1157, #1179 ) ) ;
#1545 = DIRECTION ( 'NONE',  ( -0.000000000000000000, 1.000000000000000000, -0.000000000000000000 ) ) ;
#1546 =( LENGTH_UNIT ( ) NAMED_UNIT ( * ) SI_UNIT ( .MILLI., .METRE. ) );
#1547 = EDGE_CURVE ( 'NONE', #185, #1306, #1253, .T. ) ;
#1548 = VERTEX_POINT ( 'NONE', #233 ) ;
#1549 = FACE_BOUND ( 'NONE', #1359, .T. ) ;
#1550 = DIRECTION ( 'NONE',  ( -0.9690157314068695849, 0.000000000000000000, 0.2469990127227429388 ) ) ;
#1551 = AXIS2_PLACEMENT_3D ( 'NONE', #2156, #77, #1631 ) ;
#1552 = AXIS2_PLACEMENT_3D ( 'NONE', #592, #964, #815 ) ;
#1553 = CARTESIAN_POINT ( 'NONE',  ( 0.000000000000000000, 335.0000000000000000, -47.00000000000000000 ) ) ;
#1554 = CIRCLE ( 'NONE', #2226, 1.050000000000000488 ) ;
#1555 = VERTEX_POINT ( 'NONE', #763 ) ;
#1556 = EDGE_LOOP ( 'NONE', ( #59, #1942 ) ) ;
#1557 = CARTESIAN_POINT ( 'NONE',  ( -12.00000000000000000, 395.0000000000000000, 9.000000000000000000 ) ) ;
#1558 = APPROVAL_PERSON_ORGANIZATION ( #204, #1432, #2112 ) ;
#1559 = CARTESIAN_POINT ( 'NONE',  ( -10.50000000000000000, 396.5000000000000000, -14.00000000000000000 ) ) ;
#1560 = ORIENTED_EDGE ( 'NONE', *, *, #626, .T. ) ;
#1561 = CARTESIAN_POINT ( 'NONE',  ( 9.500000000000000000, 422.0000000000000568, 9.000000000000000000 ) ) ;
#1562 = DIRECTION ( 'NONE',  ( -0.000000000000000000, 1.000000000000000000, -0.000000000000000000 ) ) ;
#1563 = AXIS2_PLACEMENT_3D ( 'NONE', #1493, #73, #1854 ) ;
#1564 = CARTESIAN_POINT ( 'NONE',  ( 4.546978854086215663E-15, 395.0000000000000000, -37.12889999999999446 ) ) ;
#1565 = EDGE_CURVE ( 'NONE', #138, #2043, #748, .T. ) ;
#1566 = CIRCLE ( 'NONE', #2283, 178.7499040016718368 ) ;
#1567 = EDGE_LOOP ( 'NONE', ( #664, #1421 ) ) ;
#1568 = ORIENTED_EDGE ( 'NONE', *, *, #594, .F. ) ;
#1569 = FACE_BOUND ( 'NONE', #629, .T. ) ;
#1570 = APPROVAL_ROLE ( '' ) ;
#1571 = VERTEX_POINT ( 'NONE', #380 ) ;
#1572 = EDGE_LOOP ( 'NONE', ( #986, #1717, #321, #2183 ) ) ;
#1573 = CARTESIAN_POINT ( 'NONE',  ( 20.00000000000000000, 412.0000000000000000, 1.100000000000000089 ) ) ;
#1574 = CYLINDRICAL_SURFACE ( 'NONE', #1630, 1.100000000000000089 ) ;
#1575 = ADVANCED_FACE ( 'NONE', ( #559 ), #1459, .F. ) ;
#1576 = DIRECTION ( 'NONE',  ( -0.8660254037844383745, 0.000000000000000000, 0.5000000000000004441 ) ) ;
#1577 = ORIENTED_EDGE ( 'NONE', *, *, #1892, .F. ) ;
#1578 = ADVANCED_FACE ( 'NONE', ( #1952 ), #200, .F. ) ;
#1579 = ORIENTED_EDGE ( 'NONE', *, *, #1333, .F. ) ;
#1580 = EDGE_CURVE ( 'NONE', #1234, #218, #368, .T. ) ;
#1581 = DIRECTION ( 'NONE',  ( -0.3697467572738293295, 0.000000000000000000, -0.9291325715340561509 ) ) ;
#1582 = PERSON_AND_ORGANIZATION ( #57, #821 ) ;
#1583 = ORIENTED_EDGE ( 'NONE', *, *, #551, .T. ) ;
#1584 = DIRECTION ( 'NONE',  ( -0.000000000000000000, -1.000000000000000000, -0.000000000000000000 ) ) ;
#1585 = CARTESIAN_POINT ( 'NONE',  ( 0.000000000000000000, 395.0000000000000000, 37.12889999999999446 ) ) ;
#1586 = AXIS2_PLACEMENT_3D ( 'NONE', #216, #1486, #910 ) ;
#1587 = FACE_OUTER_BOUND ( 'NONE', #383, .T. ) ;
#1588 = DIRECTION ( 'NONE',  ( 0.000000000000000000, 0.000000000000000000, -1.000000000000000000 ) ) ;
#1589 = AXIS2_PLACEMENT_3D ( 'NONE', #1972, #717, #357 ) ;
#1590 = ORIENTED_EDGE ( 'NONE', *, *, #222, .F. ) ;
#1591 = VECTOR ( 'NONE', #970, 1000.000000000000000 ) ;
#1592 = ORIENTED_EDGE ( 'NONE', *, *, #220, .F. ) ;
#1593 = DIRECTION ( 'NONE',  ( -0.000000000000000000, -1.000000000000000000, -0.000000000000000000 ) ) ;
#1594 = PERSON_AND_ORGANIZATION_ROLE ( 'design_supplier' ) ;
#1595 = ORIENTED_EDGE ( 'NONE', *, *, #527, .F. ) ;
#1596 = CARTESIAN_POINT ( 'NONE',  ( 20.00000000000000000, 412.0000000000000000, 0.000000000000000000 ) ) ;
#1597 = LINE ( 'NONE', #23, #677 ) ;
#1598 = CARTESIAN_POINT ( 'NONE',  ( -12.00000000000000000, 422.0000000000000568, 9.000000000000000000 ) ) ;
#1599 = CARTESIAN_POINT ( 'NONE',  ( 0.000000000000000000, 264.5000000000000000, 0.000000000000000000 ) ) ;
#1600 = AXIS2_PLACEMENT_3D ( 'NONE', #1484, #2201, #641 ) ;
#1601 = EDGE_CURVE ( 'NONE', #512, #927, #26, .T. ) ;
#1602 = ADVANCED_FACE ( 'NONE', ( #1079 ), #1797, .F. ) ;
#1603 = AXIS2_PLACEMENT_3D ( 'NONE', #983, #1733, #1700 ) ;
#1604 = VERTEX_POINT ( 'NONE', #2151 ) ;
#1605 = CIRCLE ( 'NONE', #317, 47.00000000000000000 ) ;
#1606 = ORIENTED_EDGE ( 'NONE', *, *, #1905, .T. ) ;
#1607 = AXIS2_PLACEMENT_3D ( 'NONE', #1851, #1671, #803 ) ;
#1608 = ADVANCED_FACE ( 'NONE', ( #570 ), #1263, .T. ) ;
#1609 = LINE ( 'NONE', #563, #1126 ) ;
#1610 = ORIENTED_EDGE ( 'NONE', *, *, #312, .T. ) ;
#1611 = ORIENTED_EDGE ( 'NONE', *, *, #958, .F. ) ;
#1612 = CARTESIAN_POINT ( 'NONE',  ( -1.607351318694196311E-14, 334.9999303173929093, 131.2501955513456551 ) ) ;
#1613 = EDGE_CURVE ( 'NONE', #1200, #953, #1822, .T. ) ;
#1614 = DIRECTION ( 'NONE',  ( 0.000000000000000000, 0.000000000000000000, 1.000000000000000000 ) ) ;
#1615 = EDGE_CURVE ( 'NONE', #953, #1768, #106, .T. ) ;
#1616 = DIRECTION ( 'NONE',  ( -0.000000000000000000, 1.000000000000000000, -0.000000000000000000 ) ) ;
#1617 = DIRECTION ( 'NONE',  ( 0.000000000000000000, -1.000000000000000000, 0.000000000000000000 ) ) ;
#1618 = ORIENTED_EDGE ( 'NONE', *, *, #1264, .F. ) ;
#1619 = ORIENTED_EDGE ( 'NONE', *, *, #2051, .F. ) ;
#1620 = DIRECTION ( 'NONE',  ( -0.2478445443159996708, 0.000000000000000000, 0.9687998151593519847 ) ) ;
#1621 = APPROVAL_STATUS ( 'not_yet_approved' ) ;
#1622 = ORIENTED_EDGE ( 'NONE', *, *, #1029, .T. ) ;
#1623 = FACE_OUTER_BOUND ( 'NONE', #1355, .T. ) ;
#1624 = DIRECTION ( 'NONE',  ( 0.000000000000000000, 0.000000000000000000, 1.000000000000000000 ) ) ;
#1625 = DIRECTION ( 'NONE',  ( 0.000000000000000000, -1.000000000000000000, 0.000000000000000000 ) ) ;
#1626 = DIRECTION ( 'NONE',  ( -0.000000000000000000, 1.000000000000000000, -0.000000000000000000 ) ) ;
#1627 = AXIS2_PLACEMENT_3D ( 'NONE', #979, #823, #455 ) ;
#1628 = EDGE_LOOP ( 'NONE', ( #1239, #1839, #1606, #1186 ) ) ;
#1629 = VECTOR ( 'NONE', #828, 1000.000000000000000 ) ;
#1630 = AXIS2_PLACEMENT_3D ( 'NONE', #577, #705, #2116 ) ;
#1631 = DIRECTION ( 'NONE',  ( 1.000000000000000000, 0.000000000000000000, 0.000000000000000000 ) ) ;
#1632 = AXIS2_PLACEMENT_3D ( 'NONE', #1770, #2293, #727 ) ;
#1633 = DIRECTION ( 'NONE',  ( 1.000000000000000000, 0.000000000000000000, -0.000000000000000000 ) ) ;
#1634 = ADVANCED_FACE ( 'NONE', ( #462, #2199, #277 ), #952, .T. ) ;
#1635 = CARTESIAN_POINT ( 'NONE',  ( 44.78418994794150620, 267.5000000000000000, -17.82179370059857604 ) ) ;
#1636 = VERTEX_POINT ( 'NONE', #638 ) ;
#1637 = LINE ( 'NONE', #1870, #830 ) ;
#1638 = PRODUCT_DEFINITION ( 'UNKNOWN', '', #2229, #1002 ) ;
#1639 = DIRECTION ( 'NONE',  ( -1.000000000000000000, -0.000000000000000000, -0.000000000000000000 ) ) ;
#1640 = ORIENTED_EDGE ( 'NONE', *, *, #1099, .T. ) ;
#1641 = ADVANCED_FACE ( 'NONE', ( #807, #254, #288, #1317, #616, #606, #1309, #2003, #1701 ), #116, .T. ) ;
#1642 = AXIS2_PLACEMENT_3D ( 'NONE', #153, #485, #686 ) ;
#1643 = VECTOR ( 'NONE', #2198, 1000.000000000000000 ) ;
#1644 = DIRECTION ( 'NONE',  ( -0.000000000000000000, -0.000000000000000000, 1.000000000000000000 ) ) ;
#1645 = ORIENTED_EDGE ( 'NONE', *, *, #312, .F. ) ;
#1646 = CIRCLE ( 'NONE', #976, 46.80000000000000426 ) ;
#1647 = ORIENTED_EDGE ( 'NONE', *, *, #2191, .F. ) ;
#1648 = DIRECTION ( 'NONE',  ( -0.000000000000000000, 1.000000000000000000, -0.000000000000000000 ) ) ;
#1649 = CARTESIAN_POINT ( 'NONE',  ( 0.000000000000000000, 320.0000000000000000, 0.000000000000000000 ) ) ;
#1650 = ORIENTED_EDGE ( 'NONE', *, *, #2101, .T. ) ;
#1651 = CARTESIAN_POINT ( 'NONE',  ( 45.00000000000000000, 325.0000000000000000, 3.000000000000000000 ) ) ;
#1652 = CARTESIAN_POINT ( 'NONE',  ( 0.000000000000000000, 200.0000000000000000, 0.000000000000000000 ) ) ;
#1653 = EDGE_CURVE ( 'NONE', #1910, #1046, #2045, .T. ) ;
#1654 = ORIENTED_EDGE ( 'NONE', *, *, #355, .F. ) ;
#1655 = ADVANCED_FACE ( 'NONE', ( #1504, #242 ), #1298, .T. ) ;
#1656 = PLANE ( 'NONE',  #1551 ) ;
#1657 = ADVANCED_FACE ( 'NONE', ( #796 ), #2188, .T. ) ;
#1658 = ORIENTED_EDGE ( 'NONE', *, *, #326, .T. ) ;
#1659 = ORIENTED_EDGE ( 'NONE', *, *, #289, .T. ) ;
#1660 = LINE ( 'NONE', #2206, #1012 ) ;
#1661 = DIRECTION ( 'NONE',  ( -0.6990395791467096664, 0.000000000000000000, 0.7150829789516677248 ) ) ;
#1662 = ORIENTED_EDGE ( 'NONE', *, *, #2099, .T. ) ;
#1663 = FACE_OUTER_BOUND ( 'NONE', #1412, .T. ) ;
#1664 = DIRECTION ( 'NONE',  ( 0.000000000000000000, -1.000000000000000000, 0.000000000000000000 ) ) ;
#1665 = EDGE_LOOP ( 'NONE', ( #1853, #499, #1139, #781 ) ) ;
#1666 = DIRECTION ( 'NONE',  ( 0.000000000000000000, 0.000000000000000000, -1.000000000000000000 ) ) ;
#1667 = EDGE_LOOP ( 'NONE', ( #826, #1843, #990, #343 ) ) ;
#1668 = CIRCLE ( 'NONE', #994, 13.40993644393037521 ) ;
#1669 = CYLINDRICAL_SURFACE ( 'NONE', #335, 7.000000000000000000 ) ;
#1670 = AXIS2_PLACEMENT_3D ( 'NONE', #1241, #1392, #1624 ) ;
#1671 = DIRECTION ( 'NONE',  ( 0.000000000000000000, -1.000000000000000000, 0.000000000000000000 ) ) ;
#1672 = DIRECTION ( 'NONE',  ( 0.000000000000000000, 0.000000000000000000, -1.000000000000000000 ) ) ;
#1673 = VECTOR ( 'NONE', #294, 1000.000000000000000 ) ;
#1674 = EDGE_LOOP ( 'NONE', ( #69, #1703 ) ) ;
#1675 = DIRECTION ( 'NONE',  ( 0.000000000000000000, -1.000000000000000000, 0.000000000000000000 ) ) ;
#1676 = CARTESIAN_POINT ( 'NONE',  ( 13.40993644393033435, 439.9998083731135807, 0.000000000000000000 ) ) ;
#1677 = DIRECTION ( 'NONE',  ( -0.000000000000000000, 1.000000000000000000, -0.000000000000000000 ) ) ;
#1678 = EDGE_CURVE ( 'NONE', #363, #1141, #853, .T. ) ;
#1679 = VERTEX_POINT ( 'NONE', #74 ) ;
#1680 = CARTESIAN_POINT ( 'NONE',  ( 0.000000000000000000, 320.0000000000000000, 0.000000000000000000 ) ) ;
#1681 = AXIS2_PLACEMENT_3D ( 'NONE', #1940, #1519, #345 ) ;
#1682 = EDGE_CURVE ( 'NONE', #844, #2134, #450, .T. ) ;
#1683 = APPROVAL ( #1073, 'UNSPECIFIED' ) ;
#1684 = VECTOR ( 'NONE', #414, 1000.000000000000000 ) ;
#1685 = DIRECTION ( 'NONE',  ( -0.000000000000000000, 0.000000000000000000, 1.000000000000000000 ) ) ;
#1686 = FACE_OUTER_BOUND ( 'NONE', #1572, .T. ) ;
#1687 = AXIS2_PLACEMENT_3D ( 'NONE', #1236, #1956, #361 ) ;
#1688 = EDGE_CURVE ( 'NONE', #303, #72, #1328, .T. ) ;
#1689 = ORIENTED_EDGE ( 'NONE', *, *, #764, .T. ) ;
#1690 = DIRECTION ( 'NONE',  ( 0.000000000000000000, 0.000000000000000000, -1.000000000000000000 ) ) ;
#1691 = CARTESIAN_POINT ( 'NONE',  ( 0.000000000000000000, 264.5000000000000000, 0.000000000000000000 ) ) ;
#1692 = EDGE_CURVE ( 'NONE', #1089, #1910, #628, .T. ) ;
#1693 = ORIENTED_EDGE ( 'NONE', *, *, #2261, .T. ) ;
#1694 = PRODUCT_DEFINITION_SHAPE ( 'NONE', 'NONE',  #1638 ) ;
#1695 = VERTEX_POINT ( 'NONE', #1483 ) ;
#1696 = FACE_OUTER_BOUND ( 'NONE', #756, .T. ) ;
#1697 = DIRECTION ( 'NONE',  ( 0.000000000000000000, -1.000000000000000000, 0.000000000000000000 ) ) ;
#1698 = LINE ( 'NONE', #319, #492 ) ;
#1699 = ORIENTED_EDGE ( 'NONE', *, *, #2234, .T. ) ;
#1700 = DIRECTION ( 'NONE',  ( 0.8660254037844388186, 0.000000000000000000, 0.4999999999999997780 ) ) ;
#1701 = FACE_BOUND ( 'NONE', #1793, .T. ) ;
#1702 = ORIENTED_EDGE ( 'NONE', *, *, #531, .T. ) ;
#1703 = ORIENTED_EDGE ( 'NONE', *, *, #560, .T. ) ;
#1704 = DIRECTION ( 'NONE',  ( 0.000000000000000000, 0.000000000000000000, 1.000000000000000000 ) ) ;
#1705 = AXIS2_PLACEMENT_3D ( 'NONE', #1599, #1617, #403 ) ;
#1706 = CARTESIAN_POINT ( 'NONE',  ( 47.00000000000000000, 275.0000000000000000, 0.000000000000000000 ) ) ;
#1707 = VECTOR ( 'NONE', #1430, 1000.000000000000000 ) ;
#1708 = EDGE_LOOP ( 'NONE', ( #1520, #2085, #1105, #507 ) ) ;
#1709 = AXIS2_PLACEMENT_3D ( 'NONE', #390, #1227, #1091 ) ;
#1710 = CARTESIAN_POINT ( 'NONE',  ( 5.363952980265406904E-15, 320.0000000000000000, -43.79999999999999716 ) ) ;
#1711 = LINE ( 'NONE', #737, #1707 ) ;
#1712 = EDGE_CURVE ( 'NONE', #1083, #257, #1871, .T. ) ;
#1713 = CARTESIAN_POINT ( 'NONE',  ( -12.00000000000000000, 395.0000000000000000, 9.000000000000000000 ) ) ;
#1714 = EDGE_CURVE ( 'NONE', #1738, #1289, #336, .T. ) ;
#1715 = EDGE_LOOP ( 'NONE', ( #1978, #15, #441, #460 ) ) ;
#1716 = DIRECTION ( 'NONE',  ( 0.000000000000000000, -1.000000000000000000, 0.000000000000000000 ) ) ;
#1717 = ORIENTED_EDGE ( 'NONE', *, *, #1931, .F. ) ;
#1718 = VECTOR ( 'NONE', #36, 1000.000000000000000 ) ;
#1719 = DIRECTION ( 'NONE',  ( -0.000000000000000000, 1.000000000000000000, -0.000000000000000000 ) ) ;
#1720 = AXIS2_PLACEMENT_3D ( 'NONE', #2092, #461, #1030 ) ;
#1721 = VERTEX_POINT ( 'NONE', #1149 ) ;
#1722 = CYLINDRICAL_SURFACE ( 'NONE', #1720, 48.30000000000000426 ) ;
#1723 = LINE ( 'NONE', #862, #524 ) ;
#1724 = AXIS2_PLACEMENT_3D ( 'NONE', #180, #1584, #1794 ) ;
#1725 = AXIS2_PLACEMENT_3D ( 'NONE', #1826, #227, #791 ) ;
#1726 = DIRECTION ( 'NONE',  ( -0.000000000000000000, -1.000000000000000000, -0.000000000000000000 ) ) ;
#1727 = EDGE_LOOP ( 'NONE', ( #1884, #62, #955, #2145 ) ) ;
#1728 = DIRECTION ( 'NONE',  ( 0.000000000000000000, -1.000000000000000000, 0.000000000000000000 ) ) ;
#1729 = VERTEX_POINT ( 'NONE', #1916 ) ;
#1730 = DIRECTION ( 'NONE',  ( 0.000000000000000000, 0.000000000000000000, 1.000000000000000000 ) ) ;
#1731 = CARTESIAN_POINT ( 'NONE',  ( -9.500000000000000000, 422.0000000000000568, -9.000000000000000000 ) ) ;
#1732 = VERTEX_POINT ( 'NONE', #128 ) ;
#1733 = DIRECTION ( 'NONE',  ( 0.000000000000000000, -1.000000000000000000, 0.000000000000000000 ) ) ;
#1734 = DIRECTION ( 'NONE',  ( -7.993605777301127091E-15, 0.000000000000000000, -1.000000000000000000 ) ) ;
#1735 = CARTESIAN_POINT ( 'NONE',  ( 0.000000000000000000, 0.000000000000000000, 0.000000000000000000 ) ) ;
#1736 = ORIENTED_EDGE ( 'NONE', *, *, #1998, .T. ) ;
#1737 = EDGE_CURVE ( 'NONE', #401, #1695, #122, .T. ) ;
#1738 = VERTEX_POINT ( 'NONE', #323 ) ;
#1739 = ORIENTED_EDGE ( 'NONE', *, *, #452, .T. ) ;
#1740 = CARTESIAN_POINT ( 'NONE',  ( 9.500000000000000000, 422.0000000000000568, -9.000000000000000000 ) ) ;
#1741 = FACE_OUTER_BOUND ( 'NONE', #1665, .T. ) ;
#1742 = ORIENTED_EDGE ( 'NONE', *, *, #2126, .T. ) ;
#1743 = EDGE_CURVE ( 'NONE', #38, #1813, #344, .T. ) ;
#1744 = CARTESIAN_POINT ( 'NONE',  ( 44.87710320509491169, 267.5000000000000000, -17.85876837632596192 ) ) ;
#1745 = DIRECTION ( 'NONE',  ( -0.000000000000000000, -1.000000000000000000, -0.000000000000000000 ) ) ;
#1746 = AXIS2_PLACEMENT_3D ( 'NONE', #2111, #525, #1222 ) ;
#1747 = AXIS2_PLACEMENT_3D ( 'NONE', #774, #1469, #1330 ) ;
#1748 = DIRECTION ( 'NONE',  ( -1.000000000000000000, -0.000000000000000000, -0.000000000000000000 ) ) ;
#1749 = VECTOR ( 'NONE', #546, 1000.000000000000000 ) ;
#1750 = ORIENTED_EDGE ( 'NONE', *, *, #949, .T. ) ;
#1751 = ORIENTED_EDGE ( 'NONE', *, *, #1805, .T. ) ;
#1752 = FACE_BOUND ( 'NONE', #1674, .T. ) ;
#1753 = PERSON_AND_ORGANIZATION ( #57, #821 ) ;
#1754 = EDGE_CURVE ( 'NONE', #1984, #1046, #1171, .T. ) ;
#1755 = ORIENTED_EDGE ( 'NONE', *, *, #1835, .F. ) ;
#1756 = DIRECTION ( 'NONE',  ( -0.000000000000000000, -1.000000000000000000, -0.000000000000000000 ) ) ;
#1757 = CARTESIAN_POINT ( 'NONE',  ( -10.50000000000000000, 395.0000000000000000, 14.05000000000000071 ) ) ;
#1758 = VECTOR ( 'NONE', #1783, 1000.000000000000000 ) ;
#1759 = EDGE_CURVE ( 'NONE', #316, #1056, #1206, .T. ) ;
#1760 = AXIS2_PLACEMENT_3D ( 'NONE', #105, #1148, #950 ) ;
#1761 = CARTESIAN_POINT ( 'NONE',  ( 0.000000000000000000, 200.0000000000000000, 0.000000000000000000 ) ) ;
#1762 = EDGE_CURVE ( 'NONE', #2249, #1318, #1475, .T. ) ;
#1763 = AXIS2_PLACEMENT_3D ( 'NONE', #587, #598, #1633 ) ;
#1764 = ORIENTED_EDGE ( 'NONE', *, *, #189, .F. ) ;
#1765 = ORIENTED_EDGE ( 'NONE', *, *, #1828, .T. ) ;
#1766 = FACE_OUTER_BOUND ( 'NONE', #724, .T. ) ;
#1767 = PERSON_AND_ORGANIZATION ( #57, #821 ) ;
#1768 = VERTEX_POINT ( 'NONE', #152 ) ;
#1769 = CYLINDRICAL_SURFACE ( 'NONE', #281, 1.100000000000000089 ) ;
#1770 = CARTESIAN_POINT ( 'NONE',  ( -10.50000000000000000, 395.0000000000000000, 13.00000000000000000 ) ) ;
#1771 = CARTESIAN_POINT ( 'NONE',  ( 9.500000000000000000, 422.0000000000000568, 9.000000000000000000 ) ) ;
#1772 = CARTESIAN_POINT ( 'NONE',  ( -12.00000000000000000, 395.0000000000000000, -9.000000000000000000 ) ) ;
#1773 = VERTEX_POINT ( 'NONE', #310 ) ;
#1774 = EDGE_LOOP ( 'NONE', ( #516, #972 ) ) ;
#1775 = FACE_BOUND ( 'NONE', #1258, .T. ) ;
#1776 = PERSON_AND_ORGANIZATION_ROLE ( 'classification_officer' ) ;
#1777 = EDGE_LOOP ( 'NONE', ( #1974, #1188 ) ) ;
#1778 = VERTEX_POINT ( 'NONE', #1041 ) ;
#1779 = FACE_OUTER_BOUND ( 'NONE', #1715, .T. ) ;
#1780 = DIRECTION ( 'NONE',  ( 0.000000000000000000, 0.000000000000000000, -1.000000000000000000 ) ) ;
#1781 = EDGE_CURVE ( 'NONE', #177, #1738, #640, .T. ) ;
#1782 = AXIS2_PLACEMENT_3D ( 'NONE', #1909, #1369, #1153 ) ;
#1783 = DIRECTION ( 'NONE',  ( 1.000000000000000000, 0.000000000000000000, 0.000000000000000000 ) ) ;
#1784 = DIRECTION ( 'NONE',  ( 0.000000000000000000, -1.000000000000000000, 0.000000000000000000 ) ) ;
#1785 = CIRCLE ( 'NONE', #782, 46.80000000000000426 ) ;
#1786 = EDGE_CURVE ( 'NONE', #544, #772, #2067, .T. ) ;
#1787 = ORIENTED_EDGE ( 'NONE', *, *, #2240, .F. ) ;
#1788 = AXIS2_PLACEMENT_3D ( 'NONE', #682, #1381, #1167 ) ;
#1789 = ORIENTED_EDGE ( 'NONE', *, *, #1712, .T. ) ;
#1790 = DIRECTION ( 'NONE',  ( -0.000000000000000000, 1.000000000000000000, -0.000000000000000000 ) ) ;
#1791 = COORDINATED_UNIVERSAL_TIME_OFFSET ( 12, 0, .AHEAD. ) ;
#1792 = EDGE_CURVE ( 'NONE', #1275, #218, #87, .T. ) ;
#1793 = EDGE_LOOP ( 'NONE', ( #1467, #81, #912, #1109 ) ) ;
#1794 = DIRECTION ( 'NONE',  ( 0.000000000000000000, 0.000000000000000000, -1.000000000000000000 ) ) ;
#1795 = DIRECTION ( 'NONE',  ( -0.000000000000000000, -1.000000000000000000, -0.000000000000000000 ) ) ;
#1796 = DIRECTION ( 'NONE',  ( -1.000000000000000000, 0.000000000000000000, 0.000000000000000000 ) ) ;
#1797 = CYLINDRICAL_SURFACE ( 'NONE', #49, 1.050000000000000488 ) ;
#1798 = CIRCLE ( 'NONE', #2235, 181.2500000000000284 ) ;
#1799 = VECTOR ( 'NONE', #1809, 1000.000000000000000 ) ;
#1800 = VERTEX_POINT ( 'NONE', #1757 ) ;
#1801 = CIRCLE ( 'NONE', #2094, 1.050000000000000488 ) ;
#1802 = VERTEX_POINT ( 'NONE', #1019 ) ;
#1803 = CARTESIAN_POINT ( 'NONE',  ( -12.00000000000000000, 395.0000000000000000, 9.000000000000000000 ) ) ;
#1804 = PERSON_AND_ORGANIZATION ( #57, #821 ) ;
#1805 = EDGE_CURVE ( 'NONE', #1729, #2020, #1217, .T. ) ;
#1806 = EDGE_LOOP ( 'NONE', ( #202, #801, #431, #1283 ) ) ;
#1807 = DIRECTION ( 'NONE',  ( 0.000000000000000000, -1.000000000000000000, 0.000000000000000000 ) ) ;
#1808 = CARTESIAN_POINT ( 'NONE',  ( -0.9000000000000000222, 395.0000000000000000, 23.50000000000000000 ) ) ;
#1809 = DIRECTION ( 'NONE',  ( 0.000000000000000000, 0.000000000000000000, -1.000000000000000000 ) ) ;
#1810 = CARTESIAN_POINT ( 'NONE',  ( -12.00000000000000000, 422.0000000000000568, 9.000000000000000000 ) ) ;
#1811 = EDGE_LOOP ( 'NONE', ( #2177, #1994, #732, #575 ) ) ;
#1812 = CARTESIAN_POINT ( 'NONE',  ( 10.50000000000000000, 390.0000000000000000, -15.05000000000000071 ) ) ;
#1813 = VERTEX_POINT ( 'NONE', #2247 ) ;
#1814 = CARTESIAN_POINT ( 'NONE',  ( 10.50000000000000000, 395.0000000000000000, -14.00000000000000000 ) ) ;
#1815 = DIRECTION ( 'NONE',  ( -0.000000000000000000, 1.000000000000000000, -0.000000000000000000 ) ) ;
#1816 = EDGE_CURVE ( 'NONE', #2236, #206, #197, .T. ) ;
#1817 = ORIENTED_EDGE ( 'NONE', *, *, #420, .F. ) ;
#1818 = FACE_OUTER_BOUND ( 'NONE', #165, .T. ) ;
#1819 = LINE ( 'NONE', #1772, #2113 ) ;
#1820 = CIRCLE ( 'NONE', #119, 43.79999999999999716 ) ;
#1821 = ORIENTED_EDGE ( 'NONE', *, *, #687, .T. ) ;
#1822 = CIRCLE ( 'NONE', #1395, 48.30000000000000426 ) ;
#1823 = CARTESIAN_POINT ( 'NONE',  ( 0.000000000000000000, 439.9998083731135807, 0.000000000000000000 ) ) ;
#1824 = LOCAL_TIME ( 22, 37, 13.00000000000000000, #191 ) ;
#1825 = ORIENTED_EDGE ( 'NONE', *, *, #386, .F. ) ;
#1826 = CARTESIAN_POINT ( 'NONE',  ( 0.000000000000000000, 325.0000000000000000, 0.000000000000000000 ) ) ;
#1827 = CARTESIAN_POINT ( 'NONE',  ( -9.500000000000000000, 422.0000000000000568, -9.000000000000000000 ) ) ;
#1828 = EDGE_CURVE ( 'NONE', #805, #1813, #1363, .T. ) ;
#1829 = ORIENTED_EDGE ( 'NONE', *, *, #1816, .F. ) ;
#1830 = CARTESIAN_POINT ( 'NONE',  ( 0.000000000000000000, 335.5000000000000000, 0.000000000000000000 ) ) ;
#1831 = CARTESIAN_POINT ( 'NONE',  ( -0.8999999999999980238, 390.0000000000000000, 0.000000000000000000 ) ) ;
#1832 = EDGE_CURVE ( 'NONE', #487, #252, #1723, .T. ) ;
#1833 = VECTOR ( 'NONE', #143, 1000.000000000000000 ) ;
#1834 = DIRECTION ( 'NONE',  ( -0.000000000000000000, -1.000000000000000000, -0.000000000000000000 ) ) ;
#1835 = EDGE_CURVE ( 'NONE', #412, #878, #1183, .T. ) ;
#1836 = CIRCLE ( 'NONE', #2129, 38.82820000000003802 ) ;
#1837 = AXIS2_PLACEMENT_3D ( 'NONE', #1090, #1051, #2138 ) ;
#1838 = DIRECTION ( 'NONE',  ( 0.000000000000000000, 0.000000000000000000, 1.000000000000000000 ) ) ;
#1839 = ORIENTED_EDGE ( 'NONE', *, *, #1029, .F. ) ;
#1840 = CIRCLE ( 'NONE', #836, 48.90000000000000568 ) ;
#1841 = PLANE ( 'NONE',  #1763 ) ;
#1842 = PLANE ( 'NONE',  #1074 ) ;
#1843 = ORIENTED_EDGE ( 'NONE', *, *, #2273, .F. ) ;
#1844 = DIRECTION ( 'NONE',  ( 0.000000000000000000, -1.000000000000000000, 0.000000000000000000 ) ) ;
#1845 = DIRECTION ( 'NONE',  ( -1.000000000000000000, 0.000000000000000000, 0.000000000000000000 ) ) ;
#1846 = ORIENTED_EDGE ( 'NONE', *, *, #1759, .T. ) ;
#1847 = ORIENTED_EDGE ( 'NONE', *, *, #1737, .T. ) ;
#1848 = VERTEX_POINT ( 'NONE', #685 ) ;
#1849 = CARTESIAN_POINT ( 'NONE',  ( 0.000000000000000000, 335.0000000000000000, 46.80000000000000426 ) ) ;
#1850 = ORIENTED_EDGE ( 'NONE', *, *, #114, .T. ) ;
#1851 = CARTESIAN_POINT ( 'NONE',  ( -8.079723919905239526, 264.5000000000000000, 47.51797619194353217 ) ) ;
#1852 = LINE ( 'NONE', #1156, #712 ) ;
#1853 = ORIENTED_EDGE ( 'NONE', *, *, #1319, .F. ) ;
#1854 = DIRECTION ( 'NONE',  ( 0.000000000000000000, 0.000000000000000000, -1.000000000000000000 ) ) ;
#1855 = EDGE_CURVE ( 'NONE', #1721, #777, #1181, .T. ) ;
#1856 = DIRECTION ( 'NONE',  ( -0.000000000000000000, 1.000000000000000000, -0.000000000000000000 ) ) ;
#1857 = ORIENTED_EDGE ( 'NONE', *, *, #1866, .F. ) ;
#1858 = CARTESIAN_POINT ( 'NONE',  ( 3.094611214184546779E-15, 439.9998083731135807, -13.40993644393037521 ) ) ;
#1859 = ADVANCED_FACE ( 'NONE', ( #673 ), #1517, .T. ) ;
#1860 = EDGE_LOOP ( 'NONE', ( #579, #852, #179, #475 ) ) ;
#1861 = VECTOR ( 'NONE', #2194, 1000.000000000000000 ) ;
#1862 = DIRECTION ( 'NONE',  ( -0.000000000000000000, 1.000000000000000000, -0.000000000000000000 ) ) ;
#1863 = EDGE_CURVE ( 'NONE', #2083, #1301, #2093, .T. ) ;
#1864 = AXIS2_PLACEMENT_3D ( 'NONE', #1982, #984, #1882 ) ;
#1865 = DIRECTION ( 'NONE',  ( 0.000000000000000000, -1.000000000000000000, 0.000000000000000000 ) ) ;
#1866 = EDGE_CURVE ( 'NONE', #1802, #2249, #2056, .T. ) ;
#1867 = DIRECTION ( 'NONE',  ( 0.000000000000000000, 0.000000000000000000, 1.000000000000000000 ) ) ;
#1868 = VECTOR ( 'NONE', #1405, 1000.000000000000000 ) ;
#1869 = ORIENTED_EDGE ( 'NONE', *, *, #793, .T. ) ;
#1870 = CARTESIAN_POINT ( 'NONE',  ( 44.78418994794150620, 264.5000000000000000, -17.82179370059857604 ) ) ;
#1871 = LINE ( 'NONE', #784, #1147 ) ;
#1872 = ORIENTED_EDGE ( 'NONE', *, *, #1712, .F. ) ;
#1873 = ORIENTED_EDGE ( 'NONE', *, *, #94, .T. ) ;
#1874 = PLANE ( 'NONE',  #2074 ) ;
#1875 = VECTOR ( 'NONE', #569, 1000.000000000000000 ) ;
#1876 = CIRCLE ( 'NONE', #426, 47.48889929593227777 ) ;
#1877 = CARTESIAN_POINT ( 'NONE',  ( -8.096486832602138861, 264.5000000000000000, 47.61656120478989607 ) ) ;
#1878 = CARTESIAN_POINT ( 'NONE',  ( 46.70374717300529710, 460.0000000000000000, 3.000000000000000000 ) ) ;
#1879 = CIRCLE ( 'NONE', #1453, 1.050000000000000488 ) ;
#1880 = ORIENTED_EDGE ( 'NONE', *, *, #420, .T. ) ;
#1881 = CARTESIAN_POINT ( 'NONE',  ( 0.000000000000000000, 263.0000000000000000, 0.000000000000000000 ) ) ;
#1882 = DIRECTION ( 'NONE',  ( 0.7699566920890998922, 0.000000000000000000, 0.6380961466011300098 ) ) ;
#1883 = ORIENTED_EDGE ( 'NONE', *, *, #150, .T. ) ;
#1884 = ORIENTED_EDGE ( 'NONE', *, *, #1580, .F. ) ;
#1885 = DIRECTION ( 'NONE',  ( -0.000000000000000000, -1.000000000000000000, -0.000000000000000000 ) ) ;
#1886 = LINE ( 'NONE', #1922, #618 ) ;
#1887 = LINE ( 'NONE', #284, #1939 ) ;
#1888 = CC_DESIGN_DATE_AND_TIME_ASSIGNMENT ( #1415, #723, ( #532 ) ) ;
#1889 = ORIENTED_EDGE ( 'NONE', *, *, #215, .F. ) ;
#1890 = CARTESIAN_POINT ( 'NONE',  ( -37.11191255869461969, 267.5000000000000000, -30.75623426617447720 ) ) ;
#1891 = DIRECTION ( 'NONE',  ( -0.000000000000000000, 1.000000000000000000, -0.000000000000000000 ) ) ;
#1892 = EDGE_CURVE ( 'NONE', #3, #2037, #1711, .T. ) ;
#1893 = CARTESIAN_POINT ( 'NONE',  ( 45.19163647859985389, 267.5000000000000000, -16.76174192576903010 ) ) ;
#1894 = ORIENTED_EDGE ( 'NONE', *, *, #1463, .F. ) ;
#1895 = FACE_OUTER_BOUND ( 'NONE', #2100, .T. ) ;
#1896 = CIRCLE ( 'NONE', #919, 48.30000000000000426 ) ;
#1897 = FACE_BOUND ( 'NONE', #1991, .T. ) ;
#1898 = LINE ( 'NONE', #1878, #88 ) ;
#1899 = AXIS2_PLACEMENT_3D ( 'NONE', #2232, #1214, #650 ) ;
#1900 = ORIENTED_EDGE ( 'NONE', *, *, #1199, .F. ) ;
#1901 = CIRCLE ( 'NONE', #1788, 48.89999999999999858 ) ;
#1902 = EDGE_CURVE ( 'NONE', #1318, #1679, #1785, .T. ) ;
#1903 = CARTESIAN_POINT ( 'NONE',  ( 44.87710320509491169, 200.0000000000000000, -17.85876837632595837 ) ) ;
#1904 = CARTESIAN_POINT ( 'NONE',  ( 46.70374717300529710, 460.0000000000000000, -3.000000000000000000 ) ) ;
#1905 = EDGE_CURVE ( 'NONE', #2043, #1470, #2077, .T. ) ;
#1906 = DIRECTION ( 'NONE',  ( 0.000000000000000000, 0.000000000000000000, -1.000000000000000000 ) ) ;
#1907 = EDGE_CURVE ( 'NONE', #193, #660, #1597, .T. ) ;
#1908 = ORIENTED_EDGE ( 'NONE', *, *, #1921, .F. ) ;
#1909 = CARTESIAN_POINT ( 'NONE',  ( 0.000000000000000000, 320.0000000000000000, 0.000000000000000000 ) ) ;
#1910 = VERTEX_POINT ( 'NONE', #2161 ) ;
#1911 = AXIS2_PLACEMENT_3D ( 'NONE', #2069, #1906, #1918 ) ;
#1912 = CARTESIAN_POINT ( 'NONE',  ( 5.915044039881716649E-15, 275.0000000000000000, 48.30000000000000426 ) ) ;
#1913 = DIRECTION ( 'NONE',  ( 1.243449787580175325E-14, 0.000000000000000000, 1.000000000000000000 ) ) ;
#1914 = ORIENTED_EDGE ( 'NONE', *, *, #377, .T. ) ;
#1915 = CARTESIAN_POINT ( 'NONE',  ( 0.000000000000000000, 200.0000000000000000, 0.000000000000000000 ) ) ;
#1916 = CARTESIAN_POINT ( 'NONE',  ( 46.90415759823429909, 325.0000000000000000, 3.000000000000000000 ) ) ;
#1917 = CIRCLE ( 'NONE', #1413, 1.100000000000000089 ) ;
#1918 = DIRECTION ( 'NONE',  ( -1.000000000000000000, 0.000000000000000000, -0.000000000000000000 ) ) ;
#1919 = ORIENTED_EDGE ( 'NONE', *, *, #456, .F. ) ;
#1920 = ORIENTED_EDGE ( 'NONE', *, *, #1476, .F. ) ;
#1921 = EDGE_CURVE ( 'NONE', #1001, #2236, #1960, .T. ) ;
#1922 = CARTESIAN_POINT ( 'NONE',  ( -9.500000000000000000, 422.0000000000000568, 9.000000000000000000 ) ) ;
#1923 = DIRECTION ( 'NONE',  ( 1.000000000000000000, 0.000000000000000000, 0.000000000000000000 ) ) ;
#1924 = ORIENTED_EDGE ( 'NONE', *, *, #78, .F. ) ;
#1925 = DIRECTION ( 'NONE',  ( 0.000000000000000000, 0.000000000000000000, -1.000000000000000000 ) ) ;
#1926 = DIRECTION ( 'NONE',  ( -1.000000000000000000, -0.000000000000000000, -0.000000000000000000 ) ) ;
#1927 = FACE_BOUND ( 'NONE', #240, .T. ) ;
#1928 = ORIENTED_EDGE ( 'NONE', *, *, #838, .T. ) ;
#1929 = ADVANCED_FACE ( 'NONE', ( #567 ), #366, .F. ) ;
#1930 = LINE ( 'NONE', #337, #192 ) ;
#1931 = EDGE_CURVE ( 'NONE', #1548, #1800, #341, .T. ) ;
#1932 = TOROIDAL_SURFACE ( 'NONE', #960, -131.2501955513456551, 178.7499040016718368 ) ;
#1933 = MANIFOLD_SOLID_BREP ( 'Cut-Revolve4', #1043 ) ;
#1934 = EDGE_LOOP ( 'NONE', ( #503, #1075, #66, #900 ) ) ;
#1935 = EDGE_CURVE ( 'NONE', #72, #303, #338, .T. ) ;
#1936 = CARTESIAN_POINT ( 'NONE',  ( 0.000000000000000000, 336.9999998849486929, 0.000000000000000000 ) ) ;
#1937 = CARTESIAN_POINT ( 'NONE',  ( 0.000000000000000000, 325.0000000000000000, 0.000000000000000000 ) ) ;
#1938 = AXIS2_PLACEMENT_3D ( 'NONE', #1007, #1540, #842 ) ;
#1939 = VECTOR ( 'NONE', #693, 1000.000000000000000 ) ;
#1940 = CARTESIAN_POINT ( 'NONE',  ( 12.00000000000000000, 422.0000000000000568, 9.000000000000000000 ) ) ;
#1941 = APPROVAL_PERSON_ORGANIZATION ( #1804, #557, #1237 ) ;
#1942 = ORIENTED_EDGE ( 'NONE', *, *, #572, .T. ) ;
#1943 = ORIENTED_EDGE ( 'NONE', *, *, #340, .T. ) ;
#1944 = PLANE ( 'NONE',  #780 ) ;
#1945 = CIRCLE ( 'NONE', #934, 1.050000000000000488 ) ;
#1946 = EDGE_LOOP ( 'NONE', ( #2104, #854 ) ) ;
#1947 = CARTESIAN_POINT ( 'NONE',  ( 43.79999999999999716, 336.9999998849486929, 0.000000000000000000 ) ) ;
#1948 = FACE_OUTER_BOUND ( 'NONE', #1146, .T. ) ;
#1949 = AXIS2_PLACEMENT_3D ( 'NONE', #98, #427, #86 ) ;
#1950 = CIRCLE ( 'NONE', #935, 46.80000000000000426 ) ;
#1951 = CARTESIAN_POINT ( 'NONE',  ( 12.00000000000000000, 395.0000000000000000, 9.000000000000000000 ) ) ;
#1952 = FACE_OUTER_BOUND ( 'NONE', #1044, .T. ) ;
#1953 = VECTOR ( 'NONE', #2018, 1000.000000000000114 ) ;
#1954 = VERTEX_POINT ( 'NONE', #1969 ) ;
#1955 = ORIENTED_EDGE ( 'NONE', *, *, #1613, .F. ) ;
#1956 = DIRECTION ( 'NONE',  ( -0.000000000000000000, 1.000000000000000000, 0.000000000000000000 ) ) ;
#1957 = COORDINATED_UNIVERSAL_TIME_OFFSET ( 12, 0, .AHEAD. ) ;
#1958 = ORIENTED_EDGE ( 'NONE', *, *, #246, .F. ) ;
#1959 = CARTESIAN_POINT ( 'NONE',  ( 20.00000000000000000, 412.0000000000000000, 1.100000000000000089 ) ) ;
#1960 = LINE ( 'NONE', #2148, #1973 ) ;
#1961 = DIRECTION ( 'NONE',  ( 0.000000000000000000, 0.000000000000000000, 1.000000000000000000 ) ) ;
#1962 = DIRECTION ( 'NONE',  ( -0.000000000000000000, 1.000000000000000000, -0.000000000000000000 ) ) ;
#1963 = ADVANCED_FACE ( 'NONE', ( #1948 ), #1574, .F. ) ;
#1964 = ORIENTED_EDGE ( 'NONE', *, *, #1225, .T. ) ;
#1965 = DIRECTION ( 'NONE',  ( -0.000000000000000000, -1.000000000000000000, -0.000000000000000000 ) ) ;
#1966 = CALENDAR_DATE ( 2026, 30, 9 ) ;
#1967 = ORIENTED_EDGE ( 'NONE', *, *, #1225, .F. ) ;
#1968 = CARTESIAN_POINT ( 'NONE',  ( 0.000000000000000000, 275.0000000000000000, 0.000000000000000000 ) ) ;
#1969 = CARTESIAN_POINT ( 'NONE',  ( 5.815712851779448798E-15, 336.9999998849486929, -47.48889929593229198 ) ) ;
#1970 = AXIS2_PLACEMENT_3D ( 'NONE', #2038, #476, #968 ) ;
#1971 = CARTESIAN_POINT ( 'NONE',  ( -34.35110039832155593, 267.5000000000000000, -33.58040880916016135 ) ) ;
#1972 = CARTESIAN_POINT ( 'NONE',  ( 20.00000000000000000, 412.0000000000000000, 0.000000000000000000 ) ) ;
#1973 = VECTOR ( 'NONE', #1444, 1000.000000000000000 ) ;
#1974 = ORIENTED_EDGE ( 'NONE', *, *, #1935, .F. ) ;
#1975 = AXIS2_PLACEMENT_3D ( 'NONE', #239, #2041, #804 ) ;
#1976 = EDGE_LOOP ( 'NONE', ( #477, #1133, #752, #262 ) ) ;
#1977 = FACE_OUTER_BOUND ( 'NONE', #1025, .T. ) ;
#1978 = ORIENTED_EDGE ( 'NONE', *, *, #1336, .F. ) ;
#1979 = CARTESIAN_POINT ( 'NONE',  ( -8.096486832602138861, 267.5000000000000000, 47.61656120478989607 ) ) ;
#1980 = DIRECTION ( 'NONE',  ( -0.000000000000000000, 1.000000000000000000, -0.000000000000000000 ) ) ;
#1981 = DIRECTION ( 'NONE',  ( 0.000000000000000000, -1.000000000000000000, 0.000000000000000000 ) ) ;
#1982 = CARTESIAN_POINT ( 'NONE',  ( 0.000000000000000000, 0.000000000000000000, 0.000000000000000000 ) ) ;
#1983 = AXIS2_PLACEMENT_3D ( 'NONE', #127, #482, #1006 ) ;
#1984 = VERTEX_POINT ( 'NONE', #1808 ) ;
#1985 = VECTOR ( 'NONE', #1965, 1000.000000000000000 ) ;
#1986 = CARTESIAN_POINT ( 'NONE',  ( 0.000000000000000000, 264.5000000000000000, 0.000000000000000000 ) ) ;
#1987 = ADVANCED_FACE ( 'NONE', ( #1274 ), #1063, .F. ) ;
#1988 = ORIENTED_EDGE ( 'NONE', *, *, #1242, .F. ) ;
#1989 = DIRECTION ( 'NONE',  ( 0.000000000000000000, 0.000000000000000000, -1.000000000000000000 ) ) ;
#1990 = DIRECTION ( 'NONE',  ( -0.000000000000000000, -0.000000000000000000, 1.000000000000000000 ) ) ;
#1991 = EDGE_LOOP ( 'NONE', ( #743, #29 ) ) ;
#1992 = LINE ( 'NONE', #738, #1718 ) ;
#1993 = CARTESIAN_POINT ( 'NONE',  ( 10.50000000000000000, 396.5000000000000000, -12.94999999999999929 ) ) ;
#1994 = ORIENTED_EDGE ( 'NONE', *, *, #602, .F. ) ;
#1995 = EDGE_CURVE ( 'NONE', #805, #2020, #1077, .T. ) ;
#1996 = CARTESIAN_POINT ( 'NONE',  ( -10.50000000000000000, 396.5000000000000000, -15.05000000000000071 ) ) ;
#1997 = DIRECTION ( 'NONE',  ( 1.000000000000000000, 0.000000000000000000, 0.000000000000000000 ) ) ;
#1998 = EDGE_CURVE ( 'NONE', #1534, #765, #2139, .T. ) ;
#1999 = CYLINDRICAL_SURFACE ( 'NONE', #1037, 1.100000000000000089 ) ;
#2000 = EDGE_CURVE ( 'NONE', #2114, #1732, #1249, .T. ) ;
#2001 = ORIENTED_EDGE ( 'NONE', *, *, #114, .F. ) ;
#2002 = DIRECTION ( 'NONE',  ( -0.000000000000000000, -1.000000000000000000, -0.000000000000000000 ) ) ;
#2003 = FACE_BOUND ( 'NONE', #1860, .T. ) ;
#2004 = VECTOR ( 'NONE', #1407, 1000.000000000000000 ) ;
#2005 = ORIENTED_EDGE ( 'NONE', *, *, #764, .F. ) ;
#2006 = AXIS2_PLACEMENT_3D ( 'NONE', #1676, #97, #943 ) ;
#2007 = CARTESIAN_POINT ( 'NONE',  ( 0.000000000000000000, 421.0000000000000568, 0.000000000000000000 ) ) ;
#2008 = DIRECTION ( 'NONE',  ( -0.000000000000000000, -1.000000000000000000, -0.000000000000000000 ) ) ;
#2009 = CARTESIAN_POINT ( 'NONE',  ( -11.97089149046278855, 264.0000000000000000, 46.79303107219671176 ) ) ;
#2010 = EDGE_LOOP ( 'NONE', ( #490, #2203, #169, #1346 ) ) ;
#2011 = CARTESIAN_POINT ( 'NONE',  ( 0.000000000000000000, 264.5000000000000000, 0.000000000000000000 ) ) ;
#2012 = CARTESIAN_POINT ( 'NONE',  ( 0.000000000000000000, 336.9999998849486929, 0.000000000000000000 ) ) ;
#2013 = DIRECTION ( 'NONE',  ( 0.000000000000000000, -1.000000000000000000, 0.000000000000000000 ) ) ;
#2014 = ORIENTED_EDGE ( 'NONE', *, *, #1322, .F. ) ;
#2015 = CARTESIAN_POINT ( 'NONE',  ( -10.50000000000000000, 390.0000000000000000, 14.05000000000000071 ) ) ;
#2016 = AXIS2_PLACEMENT_3D ( 'NONE', #2195, #1865, #1989 ) ;
#2017 = ADVANCED_FACE ( 'NONE', ( #400 ), #2269, .T. ) ;
#2018 = DIRECTION ( 'NONE',  ( 0.2478445443159996708, 0.000000000000000000, -0.9687998151593519847 ) ) ;
#2019 = DIRECTION ( 'NONE',  ( -0.000000000000000000, 1.000000000000000000, -0.000000000000000000 ) ) ;
#2020 = VERTEX_POINT ( 'NONE', #44 ) ;
#2021 = LINE ( 'NONE', #2209, #1231 ) ;
#2022 = CC_DESIGN_DATE_AND_TIME_ASSIGNMENT ( #2157, #19, ( #1638 ) ) ;
#2023 = CARTESIAN_POINT ( 'NONE',  ( 12.00000000000000000, 412.0000000000000000, 0.000000000000000000 ) ) ;
#2024 = ORIENTED_EDGE ( 'NONE', *, *, #1832, .F. ) ;
#2025 = CARTESIAN_POINT ( 'NONE',  ( -9.500000000000000000, 422.0000000000000568, 9.000000000000000000 ) ) ;
#2026 = EDGE_CURVE ( 'NONE', #1396, #257, #12, .T. ) ;
#2027 = EDGE_CURVE ( 'NONE', #365, #316, #353, .T. ) ;
#2028 = ORIENTED_EDGE ( 'NONE', *, *, #798, .F. ) ;
#2029 = DIRECTION ( 'NONE',  ( -0.000000000000000000, 1.000000000000000000, -0.000000000000000000 ) ) ;
#2030 = CARTESIAN_POINT ( 'NONE',  ( 0.000000000000000000, 460.0000000000000000, 46.80000000000000426 ) ) ;
#2031 = DIRECTION ( 'NONE',  ( -1.000000000000000000, 0.000000000000000000, -0.000000000000000000 ) ) ;
#2032 = ORIENTED_EDGE ( 'NONE', *, *, #2089, .T. ) ;
#2033 = CARTESIAN_POINT ( 'NONE',  ( 0.000000000000000000, 200.0000000000000000, 0.000000000000000000 ) ) ;
#2034 = DIRECTION ( 'NONE',  ( -0.000000000000000000, 0.000000000000000000, 1.000000000000000000 ) ) ;
#2035 = CARTESIAN_POINT ( 'NONE',  ( -9.499999999999998224, 412.0000000000000000, 0.000000000000000000 ) ) ;
#2036 = AXIS2_PLACEMENT_3D ( 'NONE', #2084, #1862, #1521 ) ;
#2037 = VERTEX_POINT ( 'NONE', #882 ) ;
#2038 = CARTESIAN_POINT ( 'NONE',  ( 0.000000000000000000, 200.0000000000000000, 0.000000000000000000 ) ) ;
#2039 = PRODUCT ( 'Nose Cone Rev 2', 'Nose Cone Rev 2', '', ( #1350 ) ) ;
#2040 = CARTESIAN_POINT ( 'NONE',  ( 47.00000000000000000, 335.5000000000000000, 0.000000000000000000 ) ) ;
#2041 = DIRECTION ( 'NONE',  ( 0.000000000000000000, 1.000000000000000000, 0.000000000000000000 ) ) ;
#2042 = CIRCLE ( 'NONE', #1185, 47.00000000000000000 ) ;
#2043 = VERTEX_POINT ( 'NONE', #1585 ) ;
#2044 = CARTESIAN_POINT ( 'NONE',  ( -0.9000000000000000222, 395.0000000000000000, 20.50000000000000000 ) ) ;
#2045 = LINE ( 'NONE', #1831, #2152 ) ;
#2046 = PLANE ( 'NONE',  #421 ) ;
#2047 = EDGE_LOOP ( 'NONE', ( #1817, #2268 ) ) ;
#2048 = FACE_OUTER_BOUND ( 'NONE', #2047, .T. ) ;
#2049 = EDGE_CURVE ( 'NONE', #1679, #2182, #10, .T. ) ;
#2050 = FACE_BOUND ( 'NONE', #398, .T. ) ;
#2051 = EDGE_CURVE ( 'NONE', #878, #412, #234, .T. ) ;
#2052 = LINE ( 'NONE', #1731, #1673 ) ;
#2053 = VECTOR ( 'NONE', #1177, 1000.000000000000000 ) ;
#2054 = ORIENTED_EDGE ( 'NONE', *, *, #552, .F. ) ;
#2055 = DIRECTION ( 'NONE',  ( -0.000000000000000000, -1.000000000000000000, -0.000000000000000000 ) ) ;
#2056 = LINE ( 'NONE', #2282, #413 ) ;
#2057 = DIRECTION ( 'NONE',  ( 0.000000000000000000, -1.000000000000000000, 0.000000000000000000 ) ) ;
#2058 = ORIENTED_EDGE ( 'NONE', *, *, #585, .F. ) ;
#2059 = DIRECTION ( 'NONE',  ( 0.000000000000000000, 0.000000000000000000, -1.000000000000000000 ) ) ;
#2060 = ORIENTED_EDGE ( 'NONE', *, *, #2222, .T. ) ;
#2061 = ADVANCED_FACE ( 'NONE', ( #2207 ), #1842, .F. ) ;
#2062 = CARTESIAN_POINT ( 'NONE',  ( 10.50000000000000000, 390.0000000000000000, 13.00000000000000000 ) ) ;
#2063 = CARTESIAN_POINT ( 'NONE',  ( 0.000000000000000000, 267.5000000000000000, 0.000000000000000000 ) ) ;
#2064 = ADVANCED_FACE ( 'NONE', ( #1686 ), #2196, .F. ) ;
#2065 = ORIENTED_EDGE ( 'NONE', *, *, #340, .F. ) ;
#2066 = DIRECTION ( 'NONE',  ( -1.000000000000000000, 0.000000000000000000, 0.000000000000000000 ) ) ;
#2067 = LINE ( 'NONE', #473, #11 ) ;
#2068 = EDGE_CURVE ( 'NONE', #2037, #466, #923, .T. ) ;
#2069 = CARTESIAN_POINT ( 'NONE',  ( 45.00000000000000000, 335.0000000000000000, 3.000000000000000000 ) ) ;
#2070 = VERTEX_POINT ( 'NONE', #103 ) ;
#2071 = CARTESIAN_POINT ( 'NONE',  ( 0.000000000000000000, 334.9999303173929093, 0.000000000000000000 ) ) ;
#2072 = ORIENTED_EDGE ( 'NONE', *, *, #1190, .F. ) ;
#2073 = ORIENTED_EDGE ( 'NONE', *, *, #142, .F. ) ;
#2074 = AXIS2_PLACEMENT_3D ( 'NONE', #1680, #645, #2237 ) ;
#2075 = FACE_OUTER_BOUND ( 'NONE', #872, .T. ) ;
#2076 =( NAMED_UNIT ( * ) PLANE_ANGLE_UNIT ( ) SI_UNIT ( $, .RADIAN. ) );
#2077 = CIRCLE ( 'NONE', #1670, 178.7499040016718368 ) ;
#2078 = ORIENTED_EDGE ( 'NONE', *, *, #350, .F. ) ;
#2079 = VECTOR ( 'NONE', #715, 1000.000000000000000 ) ;
#2080 = CARTESIAN_POINT ( 'NONE',  ( 0.000000000000000000, 421.0000000000000568, 0.000000000000000000 ) ) ;
#2081 = CARTESIAN_POINT ( 'NONE',  ( 0.000000000000000000, 460.0000000000000000, 0.000000000000000000 ) ) ;
#2082 = CARTESIAN_POINT ( 'NONE',  ( 9.500000000000000000, 395.0000000000000000, -9.000000000000000000 ) ) ;
#2083 = VERTEX_POINT ( 'NONE', #1827 ) ;
#2084 = CARTESIAN_POINT ( 'NONE',  ( 0.000000000000000000, 336.9999998849486929, 0.000000000000000000 ) ) ;
#2085 = ORIENTED_EDGE ( 'NONE', *, *, #1130, .F. ) ;
#2086 = CIRCLE ( 'NONE', #538, 1.100000000000000089 ) ;
#2087 = PLANE ( 'NONE',  #1047 ) ;
#2088 = CARTESIAN_POINT ( 'NONE',  ( 0.000000000000000000, 0.000000000000000000, 0.000000000000000000 ) ) ;
#2089 = EDGE_CURVE ( 'NONE', #1721, #2223, #1257, .T. ) ;
#2090 = AXIS2_PLACEMENT_3D ( 'NONE', #1890, #296, #992 ) ;
#2091 = VERTEX_POINT ( 'NONE', #2215 ) ;
#2092 = CARTESIAN_POINT ( 'NONE',  ( 0.000000000000000000, 200.0000000000000000, 0.000000000000000000 ) ) ;
#2093 = LINE ( 'NONE', #509, #1108 ) ;
#2094 = AXIS2_PLACEMENT_3D ( 'NONE', #2062, #1545, #2264 ) ;
#2095 = ADVANCED_FACE ( 'NONE', ( #273 ), #251, .T. ) ;
#2096 = ADVANCED_FACE ( 'NONE', ( #779 ), #635, .F. ) ;
#2097 = CARTESIAN_POINT ( 'NONE',  ( -37.65088224315699250, 264.5000000000000000, -31.20290156879526577 ) ) ;
#2098 = ORIENTED_EDGE ( 'NONE', *, *, #2049, .F. ) ;
#2099 = EDGE_CURVE ( 'NONE', #1436, #977, #2042, .T. ) ;
#2100 = EDGE_LOOP ( 'NONE', ( #1880, #1505, #454, #511, #1750, #471, #2230, #608 ) ) ;
#2101 = EDGE_CURVE ( 'NONE', #1802, #1454, #198, .T. ) ;
#2102 = CARTESIAN_POINT ( 'NONE',  ( 8.099999999999999645, 390.0000000000000000, 20.50000000000000000 ) ) ;
#2103 = DIRECTION ( 'NONE',  ( 0.000000000000000000, -1.000000000000000000, 0.000000000000000000 ) ) ;
#2104 = ORIENTED_EDGE ( 'NONE', *, *, #1737, .F. ) ;
#2105 = FACE_BOUND ( 'NONE', #1777, .T. ) ;
#2106 = EDGE_LOOP ( 'NONE', ( #2028, #1525, #614, #113 ) ) ;
#2107 = DIRECTION ( 'NONE',  ( 0.000000000000000000, 0.000000000000000000, -1.000000000000000000 ) ) ;
#2108 = CARTESIAN_POINT ( 'NONE',  ( -1.607348923880901344E-14, 335.0000000000000000, 131.2500000000000000 ) ) ;
#2109 = VERTEX_POINT ( 'NONE', #71 ) ;
#2110 = ORIENTED_EDGE ( 'NONE', *, *, #2154, .F. ) ;
#2111 = CARTESIAN_POINT ( 'NONE',  ( 38.82820000000000249, 390.0000000000000000, 0.000000000000000000 ) ) ;
#2112 = APPROVAL_ROLE ( '' ) ;
#2113 = VECTOR ( 'NONE', #1639, 1000.000000000000000 ) ;
#2114 = VERTEX_POINT ( 'NONE', #459 ) ;
#2115 = CARTESIAN_POINT ( 'NONE',  ( -10.50000000000000000, 396.5000000000000000, 11.94999999999999929 ) ) ;
#2116 = DIRECTION ( 'NONE',  ( 0.000000000000000000, 0.000000000000000000, 1.000000000000000000 ) ) ;
#2117 = AXIS2_PLACEMENT_3D ( 'NONE', #1353, #140, #2257 ) ;
#2118 = AXIS2_PLACEMENT_3D ( 'NONE', #2063, #506, #1913 ) ;
#2119 = CARTESIAN_POINT ( 'NONE',  ( 0.000000000000000000, 263.0000000000000000, -48.30000000000000426 ) ) ;
#2120 = LOCAL_TIME ( 22, 37, 13.00000000000000000, #542 ) ;
#2121 = ORIENTED_EDGE ( 'NONE', *, *, #1423, .T. ) ;
#2122 = ORIENTED_EDGE ( 'NONE', *, *, #1270, .F. ) ;
#2123 = LINE ( 'NONE', #856, #1985 ) ;
#2124 = PERSON_AND_ORGANIZATION_ROLE ( 'creator' ) ;
#2125 = VERTEX_POINT ( 'NONE', #1478 ) ;
#2126 = EDGE_CURVE ( 'NONE', #927, #2114, #1852, .T. ) ;
#2127 = DIRECTION ( 'NONE',  ( -0.000000000000000000, 1.000000000000000000, -0.000000000000000000 ) ) ;
#2128 = CARTESIAN_POINT ( 'NONE',  ( 45.00000000000000000, 335.0000000000000000, 3.000000000000000000 ) ) ;
#2129 = AXIS2_PLACEMENT_3D ( 'NONE', #263, #591, #1284 ) ;
#2130 = VECTOR ( 'NONE', #1807, 1000.000000000000000 ) ;
#2131 = LINE ( 'NONE', #1598, #688 ) ;
#2132 = DIRECTION ( 'NONE',  ( -1.000000000000000000, 0.000000000000000000, -0.000000000000000000 ) ) ;
#2133 = AXIS2_PLACEMENT_3D ( 'NONE', #1389, #1593, #2143 ) ;
#2134 = VERTEX_POINT ( 'NONE', #2185 ) ;
#2135 = PLANE ( 'NONE',  #1687 ) ;
#2136 = DATE_AND_TIME ( #1966, #897 ) ;
#2137 = ORIENTED_EDGE ( 'NONE', *, *, #1615, .F. ) ;
#2138 = DIRECTION ( 'NONE',  ( 0.000000000000000000, 0.000000000000000000, -1.000000000000000000 ) ) ;
#2139 = LINE ( 'NONE', #556, #1219 ) ;
#2140 = FACE_OUTER_BOUND ( 'NONE', #422, .T. ) ;
#2141 = DIRECTION ( 'NONE',  ( -0.000000000000000000, -1.000000000000000000, -0.000000000000000000 ) ) ;
#2142 = ORIENTED_EDGE ( 'NONE', *, *, #120, .F. ) ;
#2143 = DIRECTION ( 'NONE',  ( 7.993605777301127091E-15, 0.000000000000000000, 1.000000000000000000 ) ) ;
#2144 = COORDINATED_UNIVERSAL_TIME_OFFSET ( 12, 0, .AHEAD. ) ;
#2145 = ORIENTED_EDGE ( 'NONE', *, *, #1172, .F. ) ;
#2146 = LINE ( 'NONE', #170, #543 ) ;
#2147 = ORIENTED_EDGE ( 'NONE', *, *, #1172, .T. ) ;
#2148 = CARTESIAN_POINT ( 'NONE',  ( 5.915044039881716649E-15, 200.0000000000000000, 48.30000000000000426 ) ) ;
#2149 = AXIS2_PLACEMENT_3D ( 'NONE', #845, #1011, #1704 ) ;
#2150 = FACE_OUTER_BOUND ( 'NONE', #2254, .T. ) ;
#2151 = CARTESIAN_POINT ( 'NONE',  ( -11.97089149046278855, 267.5000000000000000, 46.79303107219671176 ) ) ;
#2152 = VECTOR ( 'NONE', #2034, 1000.000000000000000 ) ;
#2153 = EDGE_LOOP ( 'NONE', ( #1036, #1869, #2014, #1067 ) ) ;
#2154 = EDGE_CURVE ( 'NONE', #2070, #278, #228, .T. ) ;
#2155 = AXIS2_PLACEMENT_3D ( 'NONE', #181, #914, #1614 ) ;
#2156 = CARTESIAN_POINT ( 'NONE',  ( -0.9000000000000000222, 396.0000000000000000, 20.50000000000000000 ) ) ;
#2157 = DATE_AND_TIME ( #1211, #1113 ) ;
#2158 = ORIENTED_EDGE ( 'NONE', *, *, #1319, .T. ) ;
#2159 = ORIENTED_EDGE ( 'NONE', *, *, #1565, .F. ) ;
#2160 = DIRECTION ( 'NONE',  ( 0.000000000000000000, -0.000000000000000000, -1.000000000000000000 ) ) ;
#2161 = CARTESIAN_POINT ( 'NONE',  ( -0.8999999999999980238, 390.0000000000000000, 20.50000000000000000 ) ) ;
#2162 = ORIENTED_EDGE ( 'NONE', *, *, #1087, .T. ) ;
#2163 = DIRECTION ( 'NONE',  ( 0.7150829789516676138, -0.000000000000000000, 0.6990395791467095554 ) ) ;
#2164 = DIRECTION ( 'NONE',  ( 0.000000000000000000, 0.000000000000000000, 1.000000000000000000 ) ) ;
#2165 = VECTOR ( 'NONE', #1446, 1000.000000000000000 ) ;
#2166 = ADVANCED_FACE ( 'NONE', ( #1282 ), #1999, .F. ) ;
#2167 = AXIS2_PLACEMENT_3D ( 'NONE', #1761, #209, #174 ) ;
#2168 = ORIENTED_EDGE ( 'NONE', *, *, #2049, .T. ) ;
#2169 = CIRCLE ( 'NONE', #172, 1.050000000000000488 ) ;
#2170 = ADVANCED_FACE ( 'NONE', ( #959 ), #1122, .F. ) ;
#2171 = DIRECTION ( 'NONE',  ( 0.000000000000000000, 1.000000000000000000, 0.000000000000000000 ) ) ;
#2172 = EDGE_CURVE ( 'NONE', #1604, #1200, #1293, .T. ) ;
#2173 = ORIENTED_EDGE ( 'NONE', *, *, #425, .T. ) ;
#2174 = ORIENTED_EDGE ( 'NONE', *, *, #630, .T. ) ;
#2175 = FACE_OUTER_BOUND ( 'NONE', #1390, .T. ) ;
#2176 = DIRECTION ( 'NONE',  ( 0.000000000000000000, 0.000000000000000000, -1.000000000000000000 ) ) ;
#2177 = ORIENTED_EDGE ( 'NONE', *, *, #991, .F. ) ;
#2178 = DIRECTION ( 'NONE',  ( 0.000000000000000000, 0.000000000000000000, 1.000000000000000000 ) ) ;
#2179 = CARTESIAN_POINT ( 'NONE',  ( -8.079723919905239526, 264.5000000000000000, 47.51797619194353217 ) ) ;
#2180 = CARTESIAN_POINT ( 'NONE',  ( 5.363952980265406904E-15, 390.0000000000000000, -43.79999999999999716 ) ) ;
#2181 = DIRECTION ( 'NONE',  ( 0.000000000000000000, -1.000000000000000000, 0.000000000000000000 ) ) ;
#2182 = VERTEX_POINT ( 'NONE', #792 ) ;
#2183 = ORIENTED_EDGE ( 'NONE', *, *, #746, .F. ) ;
#2184 = FACE_OUTER_BOUND ( 'NONE', #1114, .T. ) ;
#2185 = CARTESIAN_POINT ( 'NONE',  ( 9.500000000000000000, 412.0000000000000000, -1.100000000000000089 ) ) ;
#2186 = ORIENTED_EDGE ( 'NONE', *, *, #1533, .T. ) ;
#2187 = CARTESIAN_POINT ( 'NONE',  ( 10.50000000000000000, 396.5000000000000000, 13.00000000000000000 ) ) ;
#2188 = CYLINDRICAL_SURFACE ( 'NONE', #1071, 48.89999999999999858 ) ;
#2189 = CIRCLE ( 'NONE', #675, 5.000000000000000000 ) ;
#2190 = CARTESIAN_POINT ( 'NONE',  ( 10.50000000000000000, 396.5000000000000000, -14.00000000000000000 ) ) ;
#2191 = EDGE_CURVE ( 'NONE', #1212, #230, #1554, .T. ) ;
#2192 = EDGE_CURVE ( 'NONE', #676, #1120, #1698, .T. ) ;
#2193 = AXIS2_PLACEMENT_3D ( 'NONE', #1004, #1512, #857 ) ;
#2194 = DIRECTION ( 'NONE',  ( -0.000000000000000000, -1.000000000000000000, 0.000000000000000000 ) ) ;
#2195 = CARTESIAN_POINT ( 'NONE',  ( -10.50000000000000000, 396.5000000000000000, -14.00000000000000000 ) ) ;
#2196 = CYLINDRICAL_SURFACE ( 'NONE', #1150, 1.050000000000000488 ) ;
#2197 = ORIENTED_EDGE ( 'NONE', *, *, #141, .T. ) ;
#2198 = DIRECTION ( 'NONE',  ( 0.000000000000000000, -1.000000000000000000, 0.000000000000000000 ) ) ;
#2199 = FACE_BOUND ( 'NONE', #590, .T. ) ;
#2200 = ORIENTED_EDGE ( 'NONE', *, *, #1921, .T. ) ;
#2201 = DIRECTION ( 'NONE',  ( -0.000000000000000000, 1.000000000000000000, -0.000000000000000000 ) ) ;
#2202 = AXIS2_PLACEMENT_3D ( 'NONE', #1516, #2231, #2246 ) ;
#2203 = ORIENTED_EDGE ( 'NONE', *, *, #146, .T. ) ;
#2204 = CARTESIAN_POINT ( 'NONE',  ( 10.50000000000000000, 395.0000000000000000, -12.94999999999999929 ) ) ;
#2205 = AXIS2_PLACEMENT_3D ( 'NONE', #1706, #111, #1166 ) ;
#2206 = CARTESIAN_POINT ( 'NONE',  ( 0.000000000000000000, 395.0000000000000000, 23.50000000000000000 ) ) ;
#2207 = FACE_OUTER_BOUND ( 'NONE', #1497, .T. ) ;
#2208 = EDGE_LOOP ( 'NONE', ( #809, #1266, #4, #834 ) ) ;
#2209 = CARTESIAN_POINT ( 'NONE',  ( 45.00000000000000000, 325.0000000000000000, -3.000000000000000000 ) ) ;
#2210 = DIRECTION ( 'NONE',  ( 0.000000000000000000, 0.000000000000000000, 1.000000000000000000 ) ) ;
#2211 = DIRECTION ( 'NONE',  ( 0.7699566920890998922, 0.000000000000000000, 0.6380961466011301209 ) ) ;
#2212 = ORIENTED_EDGE ( 'NONE', *, *, #350, .T. ) ;
#2213 = DIRECTION ( 'NONE',  ( 0.000000000000000000, 0.000000000000000000, -1.000000000000000000 ) ) ;
#2214 = CARTESIAN_POINT ( 'NONE',  ( 12.00000000000000000, 412.0000000000000000, 0.000000000000000000 ) ) ;
#2215 = CARTESIAN_POINT ( 'NONE',  ( 10.50000000000000000, 395.0000000000000000, 11.94999999999999929 ) ) ;
#2216 = EDGE_CURVE ( 'NONE', #813, #512, #268, .T. ) ;
#2217 = ORIENTED_EDGE ( 'NONE', *, *, #384, .F. ) ;
#2218 = DIRECTION ( 'NONE',  ( 0.000000000000000000, 0.000000000000000000, -1.000000000000000000 ) ) ;
#2219 = DIRECTION ( 'NONE',  ( 0.000000000000000000, 0.000000000000000000, -1.000000000000000000 ) ) ;
#2220 = ORIENTED_EDGE ( 'NONE', *, *, #2216, .F. ) ;
#2221 = VECTOR ( 'NONE', #467, 1000.000000000000000 ) ;
#2222 = EDGE_CURVE ( 'NONE', #176, #1732, #1901, .T. ) ;
#2223 = VERTEX_POINT ( 'NONE', #305 ) ;
#2224 = AXIS2_PLACEMENT_3D ( 'NONE', #518, #1891, #1193 ) ;
#2225 = CARTESIAN_POINT ( 'NONE',  ( 10.50000000000000000, 395.0000000000000000, -15.05000000000000071 ) ) ;
#2226 = AXIS2_PLACEMENT_3D ( 'NONE', #1490, #624, #2278 ) ;
#2227 = CARTESIAN_POINT ( 'NONE',  ( 0.000000000000000000, 335.0000000000000000, 0.000000000000000000 ) ) ;
#2228 = CARTESIAN_POINT ( 'NONE',  ( 0.000000000000000000, 200.0000000000000000, 0.000000000000000000 ) ) ;
#2229 = PRODUCT_DEFINITION_FORMATION_WITH_SPECIFIED_SOURCE ( 'ANY', '', #2039, .NOT_KNOWN. ) ;
#2230 = ORIENTED_EDGE ( 'NONE', *, *, #1902, .F. ) ;
#2231 = DIRECTION ( 'NONE',  ( 0.000000000000000000, -1.000000000000000000, 0.000000000000000000 ) ) ;
#2232 = CARTESIAN_POINT ( 'NONE',  ( 0.000000000000000000, 335.0000000000000000, 0.000000000000000000 ) ) ;
#2233 = FACE_OUTER_BOUND ( 'NONE', #713, .T. ) ;
#2234 = EDGE_CURVE ( 'NONE', #2091, #1778, #1887, .T. ) ;
#2235 = AXIS2_PLACEMENT_3D ( 'NONE', #392, #1796, #1961 ) ;
#2236 = VERTEX_POINT ( 'NONE', #515 ) ;
#2237 = DIRECTION ( 'NONE',  ( 0.000000000000000000, 0.000000000000000000, 1.000000000000000000 ) ) ;
#2238 = CIRCLE ( 'NONE', #1084, 1.100000000000000089 ) ;
#2239 = EDGE_LOOP ( 'NONE', ( #131, #1102, #529, #2073 ) ) ;
#2240 = EDGE_CURVE ( 'NONE', #694, #31, #607, .T. ) ;
#2241 = AXIS2_PLACEMENT_3D ( 'NONE', #2187, #1503, #2218 ) ;
#2242 = EDGE_CURVE ( 'NONE', #822, #1778, #891, .T. ) ;
#2243 = DIRECTION ( 'NONE',  ( 0.000000000000000000, 0.000000000000000000, -1.000000000000000000 ) ) ;
#2244 = CIRCLE ( 'NONE', #1197, 178.7500887950129140 ) ;
#2245 = ORIENTED_EDGE ( 'NONE', *, *, #2240, .T. ) ;
#2246 = DIRECTION ( 'NONE',  ( 0.000000000000000000, 0.000000000000000000, -1.000000000000000000 ) ) ;
#2247 = CARTESIAN_POINT ( 'NONE',  ( 46.70374717300529710, 335.0000000000000000, -3.000000000000000000 ) ) ;
#2248 = DIRECTION ( 'NONE',  ( 0.000000000000000000, 1.000000000000000000, 0.000000000000000000 ) ) ;
#2249 = VERTEX_POINT ( 'NONE', #812 ) ;
#2250 = PLANE ( 'NONE',  #47 ) ;
#2251 = EDGE_LOOP ( 'NONE', ( #2292, #735, #2121, #1279 ) ) ;
#2252 = DIRECTION ( 'NONE',  ( 0.000000000000000000, 0.000000000000000000, 1.000000000000000000 ) ) ;
#2253 = DIRECTION ( 'NONE',  ( -0.000000000000000000, -1.000000000000000000, -0.000000000000000000 ) ) ;
#2254 = EDGE_LOOP ( 'NONE', ( #644, #373, #1662, #1441 ) ) ;
#2255 = DIRECTION ( 'NONE',  ( 0.000000000000000000, 0.000000000000000000, -1.000000000000000000 ) ) ;
#2256 = ORIENTED_EDGE ( 'NONE', *, *, #1507, .T. ) ;
#2257 = DIRECTION ( 'NONE',  ( 0.000000000000000000, 0.000000000000000000, -1.000000000000000000 ) ) ;
#2258 = CARTESIAN_POINT ( 'NONE',  ( 9.500000000000000000, 422.0000000000000568, -9.000000000000000000 ) ) ;
#2259 = VERTEX_POINT ( 'NONE', #669 ) ;
#2260 = FACE_OUTER_BOUND ( 'NONE', #2263, .T. ) ;
#2261 = EDGE_CURVE ( 'NONE', #1679, #2125, #1898, .T. ) ;
#2262 = ADVANCED_FACE ( 'NONE', ( #1741 ), #158, .T. ) ;
#2263 = EDGE_LOOP ( 'NONE', ( #155, #794, #95, #1751, #1311, #1764, #286, #1560 ) ) ;
#2264 = DIRECTION ( 'NONE',  ( 0.000000000000000000, 0.000000000000000000, -1.000000000000000000 ) ) ;
#2265 = DIRECTION ( 'NONE',  ( 0.000000000000000000, -1.000000000000000000, 0.000000000000000000 ) ) ;
#2266 = AXIS2_PLACEMENT_3D ( 'NONE', #331, #163, #2107 ) ;
#2267 = ADVANCED_FACE ( 'NONE', ( #981 ), #659, .F. ) ;
#2268 = ORIENTED_EDGE ( 'NONE', *, *, #2101, .F. ) ;
#2269 = TOROIDAL_SURFACE ( 'NONE', #2155, -131.2500000000000000, 181.2500000000000284 ) ;
#2270 = DIRECTION ( 'NONE',  ( 0.000000000000000000, 0.000000000000000000, -1.000000000000000000 ) ) ;
#2271 = DIRECTION ( 'NONE',  ( -0.000000000000000000, 1.000000000000000000, -0.000000000000000000 ) ) ;
#2272 = EDGE_CURVE ( 'NONE', #953, #636, #647, .T. ) ;
#2273 = EDGE_CURVE ( 'NONE', #2083, #772, #2052, .T. ) ;
#2274 = ORIENTED_EDGE ( 'NONE', *, *, #35, .T. ) ;
#2275 = ORIENTED_EDGE ( 'NONE', *, *, #1023, .F. ) ;
#2276 = VECTOR ( 'NONE', #2163, 1000.000000000000227 ) ;
#2277 = CARTESIAN_POINT ( 'NONE',  ( -12.00000000000000000, 422.0000000000000568, -9.000000000000000000 ) ) ;
#2278 = DIRECTION ( 'NONE',  ( 0.000000000000000000, 0.000000000000000000, 1.000000000000000000 ) ) ;
#2279 = VECTOR ( 'NONE', #495, 1000.000000000000000 ) ;
#2280 = ORIENTED_EDGE ( 'NONE', *, *, #1762, .T. ) ;
#2281 = CARTESIAN_POINT ( 'NONE',  ( -34.53850788336554700, 267.5000000000000000, -33.76361167278608377 ) ) ;
#2282 = CARTESIAN_POINT ( 'NONE',  ( 5.731347020009613138E-15, 460.0000000000000000, -46.80000000000000426 ) ) ;
#2283 = AXIS2_PLACEMENT_3D ( 'NONE', #1612, #745, #893 ) ;
#2284 = CARTESIAN_POINT ( 'NONE',  ( 0.000000000000000000, 267.5000000000000000, 0.000000000000000000 ) ) ;
#2285 = ORIENTED_EDGE ( 'NONE', *, *, #687, .F. ) ;
#2286 = ORIENTED_EDGE ( 'NONE', *, *, #1333, .T. ) ;
#2287 = PLANE ( 'NONE',  #1746 ) ;
#2288 = ORIENTED_EDGE ( 'NONE', *, *, #411, .T. ) ;
#2289 = ORIENTED_EDGE ( 'NONE', *, *, #2026, .T. ) ;
#2290 = APPLICATION_CONTEXT ( 'configuration controlled 3d designs of mechanical parts and assemblies' ) ;
#2291 = FACE_OUTER_BOUND ( 'NONE', #1191, .T. ) ;
#2292 = ORIENTED_EDGE ( 'NONE', *, *, #1754, .F. ) ;
#2293 = DIRECTION ( 'NONE',  ( 0.000000000000000000, -1.000000000000000000, 0.000000000000000000 ) ) ;
ENDSEC;
END-ISO-10303-21;
