ISO-10303-21;
HEADER;
FILE_DESCRIPTION (( 'STEP AP203' ),
    '1' );
FILE_NAME ('Nose Cone.step',
    '2026-09-29T04:50:20',
    ( '' ),
    ( '' ),
    '',
    '',
    '' );
FILE_SCHEMA (( 'CONFIG_CONTROL_DESIGN' ));
ENDSEC;

DATA;
#1 = FACE_OUTER_BOUND ( 'NONE', #51, .T. ) ;
#2 = CARTESIAN_POINT ( 'NONE',  ( 49.79999999999999716, 325.0000000000000000, -3.000000000000000000 ) ) ;
#3 = ORIENTED_EDGE ( 'NONE', *, *, #1511, .T. ) ;
#4 = AXIS2_PLACEMENT_3D ( 'NONE', #866, #106, #1601 ) ;
#5 = CIRCLE ( 'NONE', #1533, 5.000000000000000000 ) ;
#6 = ORIENTED_EDGE ( 'NONE', *, *, #215, .F. ) ;
#7 = CIRCLE ( 'NONE', #223, 181.2500000000000284 ) ;
#8 = ADVANCED_FACE ( 'NONE', ( #429 ), #1188, .F. ) ;
#9 = CIRCLE ( 'NONE', #170, 46.80000000000000426 ) ;
#10 = CARTESIAN_POINT ( 'NONE',  ( 49.79999999999999716, 335.0000000000000000, 3.000000000000000000 ) ) ;
#11 = CARTESIAN_POINT ( 'NONE',  ( -10.50000000000000000, 395.0000000000000000, -12.94999999999999929 ) ) ;
#12 = EDGE_CURVE ( 'NONE', #39, #370, #903, .T. ) ;
#13 = PLANE ( 'NONE',  #841 ) ;
#14 = ORIENTED_EDGE ( 'NONE', *, *, #980, .F. ) ;
#15 = CARTESIAN_POINT ( 'NONE',  ( 0.000000000000000000, 336.9999998849486929, 0.000000000000000000 ) ) ;
#16 = EDGE_LOOP ( 'NONE', ( #14, #1401, #1021, #842 ) ) ;
#17 = EDGE_CURVE ( 'NONE', #450, #1518, #135, .T. ) ;
#18 = CARTESIAN_POINT ( 'NONE',  ( 9.500000000000000000, 422.0000000000000568, -9.000000000000000000 ) ) ;
#19 = DIRECTION ( 'NONE',  ( 1.000000000000000000, 0.000000000000000000, 0.000000000000000000 ) ) ;
#20 = CARTESIAN_POINT ( 'NONE',  ( -12.00000000000000000, 395.0000000000000000, 9.000000000000000000 ) ) ;
#21 = ORIENTED_EDGE ( 'NONE', *, *, #714, .F. ) ;
#22 = DIRECTION ( 'NONE',  ( 0.000000000000000000, -1.000000000000000000, 0.000000000000000000 ) ) ;
#23 = VERTEX_POINT ( 'NONE', #43 ) ;
#24 = PLANE ( 'NONE',  #593 ) ;
#25 = EDGE_CURVE ( 'NONE', #1233, #1458, #1430, .T. ) ;
#26 = DIRECTION ( 'NONE',  ( 0.000000000000000000, 0.000000000000000000, -1.000000000000000000 ) ) ;
#27 = EDGE_LOOP ( 'NONE', ( #164, #966, #413, #957 ) ) ;
#28 = EDGE_CURVE ( 'NONE', #297, #1560, #961, .T. ) ;
#29 = DIRECTION ( 'NONE',  ( 0.000000000000000000, 0.000000000000000000, 1.000000000000000000 ) ) ;
#30 = ORIENTED_EDGE ( 'NONE', *, *, #1444, .F. ) ;
#31 = VECTOR ( 'NONE', #1259, 1000.000000000000000 ) ;
#32 = DIRECTION ( 'NONE',  ( -0.000000000000000000, -1.000000000000000000, -0.000000000000000000 ) ) ;
#33 = ORIENTED_EDGE ( 'NONE', *, *, #1492, .F. ) ;
#34 = AXIS2_PLACEMENT_3D ( 'NONE', #1160, #749, #261 ) ;
#35 = VECTOR ( 'NONE', #835, 1000.000000000000000 ) ;
#36 = VECTOR ( 'NONE', #958, 1000.000000000000000 ) ;
#37 = DIRECTION ( 'NONE',  ( 0.000000000000000000, 0.000000000000000000, 1.000000000000000000 ) ) ;
#38 = AXIS2_PLACEMENT_3D ( 'NONE', #1392, #1262, #1515 ) ;
#39 = VERTEX_POINT ( 'NONE', #544 ) ;
#40 = ORGANIZATION ( 'UNSPECIFIED', 'UNSPECIFIED', '' ) ;
#41 = DIRECTION ( 'NONE',  ( 0.000000000000000000, 0.000000000000000000, 1.000000000000000000 ) ) ;
#42 = EDGE_CURVE ( 'NONE', #537, #1258, #711, .T. ) ;
#43 = CARTESIAN_POINT ( 'NONE',  ( 9.500000000000000000, 422.0000000000000568, 9.000000000000000000 ) ) ;
#44 = DIRECTION ( 'NONE',  ( 0.000000000000000000, 0.000000000000000000, 1.000000000000000000 ) ) ;
#45 = ORIENTED_EDGE ( 'NONE', *, *, #118, .F. ) ;
#46 = CARTESIAN_POINT ( 'NONE',  ( -9.500000000000000000, 422.0000000000000568, 9.000000000000000000 ) ) ;
#47 = COORDINATED_UNIVERSAL_TIME_OFFSET ( 12, 0, .AHEAD. ) ;
#48 = EDGE_LOOP ( 'NONE', ( #1265, #1050 ) ) ;
#49 = CARTESIAN_POINT ( 'NONE',  ( -12.00000000000000000, 412.0000000000000000, 1.100000000000000089 ) ) ;
#50 = LINE ( 'NONE', #1083, #645 ) ;
#51 = EDGE_LOOP ( 'NONE', ( #1393, #1243, #1166, #348 ) ) ;
#52 = EDGE_CURVE ( 'NONE', #423, #1233, #1084, .T. ) ;
#53 = CARTESIAN_POINT ( 'NONE',  ( 12.00000000000000000, 412.0000000000000000, 0.000000000000000000 ) ) ;
#54 = VERTEX_POINT ( 'NONE', #1583 ) ;
#55 = DIRECTION ( 'NONE',  ( 0.000000000000000000, 0.000000000000000000, 1.000000000000000000 ) ) ;
#56 = CALENDAR_DATE ( 2026, 29, 9 ) ;
#57 = ORIENTED_EDGE ( 'NONE', *, *, #350, .F. ) ;
#58 = DIRECTION ( 'NONE',  ( -0.000000000000000000, 1.000000000000000000, -0.000000000000000000 ) ) ;
#59 = DIRECTION ( 'NONE',  ( 0.000000000000000000, 0.000000000000000000, 1.000000000000000000 ) ) ;
#60 = DIRECTION ( 'NONE',  ( 0.000000000000000000, 0.000000000000000000, -1.000000000000000000 ) ) ;
#61 = CARTESIAN_POINT ( 'NONE',  ( 0.000000000000000000, 396.0000000000000000, -5.000000000000000000 ) ) ;
#62 = VERTEX_POINT ( 'NONE', #454 ) ;
#63 = ADVANCED_FACE ( 'NONE', ( #289, #326, #1568, #439, #945, #1046, #318, #821, #1426 ), #832, .T. ) ;
#64 = CARTESIAN_POINT ( 'NONE',  ( 0.000000000000000000, 395.0000000000000000, 0.000000000000000000 ) ) ;
#65 = TOROIDAL_SURFACE ( 'NONE', #1334, -131.2500003432932942, 178.7500887950129140 ) ;
#66 = COORDINATED_UNIVERSAL_TIME_OFFSET ( 12, 0, .AHEAD. ) ;
#67 = ORIENTED_EDGE ( 'NONE', *, *, #1468, .T. ) ;
#68 = AXIS2_PLACEMENT_3D ( 'NONE', #1164, #22, #1271 ) ;
#69 = CIRCLE ( 'NONE', #861, 1.050000000000000488 ) ;
#70 = LINE ( 'NONE', #579, #1380 ) ;
#71 = ORIENTED_EDGE ( 'NONE', *, *, #1104, .F. ) ;
#72 = CC_DESIGN_PERSON_AND_ORGANIZATION_ASSIGNMENT ( #810, #1311, ( #467 ) ) ;
#73 = DIRECTION ( 'NONE',  ( 1.000000000000000000, 0.000000000000000000, 1.224646799147353207E-16 ) ) ;
#74 = VERTEX_POINT ( 'NONE', #1335 ) ;
#75 = LINE ( 'NONE', #941, #1173 ) ;
#76 = EDGE_CURVE ( 'NONE', #708, #1038, #403, .T. ) ;
#77 = CALENDAR_DATE ( 2026, 29, 9 ) ;
#78 = ORIENTED_EDGE ( 'NONE', *, *, #1159, .F. ) ;
#79 = CYLINDRICAL_SURFACE ( 'NONE', #1300, 1.050000000000000488 ) ;
#80 = FACE_BOUND ( 'NONE', #900, .T. ) ;
#81 = VERTEX_POINT ( 'NONE', #573 ) ;
#82 = CARTESIAN_POINT ( 'NONE',  ( 8.099999999999999645, 390.0000000000000000, 0.000000000000000000 ) ) ;
#83 = ORIENTED_EDGE ( 'NONE', *, *, #1189, .F. ) ;
#84 = ORIENTED_EDGE ( 'NONE', *, *, #587, .T. ) ;
#85 = CARTESIAN_POINT ( 'NONE',  ( -9.499999999999998224, 412.0000000000000000, 0.000000000000000000 ) ) ;
#86 = EDGE_CURVE ( 'NONE', #577, #1113, #88, .T. ) ;
#87 = FACE_OUTER_BOUND ( 'NONE', #1103, .T. ) ;
#88 = LINE ( 'NONE', #1122, #114 ) ;
#89 = DIRECTION ( 'NONE',  ( 0.000000000000000000, 0.000000000000000000, -1.000000000000000000 ) ) ;
#90 = EDGE_LOOP ( 'NONE', ( #1325, #807 ) ) ;
#91 = ORIENTED_EDGE ( 'NONE', *, *, #1261, .F. ) ;
#92 = DIRECTION ( 'NONE',  ( -0.000000000000000000, -1.000000000000000000, -0.000000000000000000 ) ) ;
#93 = FACE_OUTER_BOUND ( 'NONE', #1486, .T. ) ;
#94 = AXIS2_PLACEMENT_3D ( 'NONE', #540, #1571, #55 ) ;
#95 = AXIS2_PLACEMENT_3D ( 'NONE', #1436, #698, #41 ) ;
#96 = DIRECTION ( 'NONE',  ( 0.000000000000000000, -1.000000000000000000, 0.000000000000000000 ) ) ;
#97 = ORIENTED_EDGE ( 'NONE', *, *, #655, .F. ) ;
#98 = EDGE_CURVE ( 'NONE', #1320, #1263, #5, .T. ) ;
#99 = DIRECTION ( 'NONE',  ( 0.000000000000000000, 0.000000000000000000, 1.000000000000000000 ) ) ;
#100 = FACE_BOUND ( 'NONE', #491, .T. ) ;
#101 = DIRECTION ( 'NONE',  ( 0.000000000000000000, -1.000000000000000000, 0.000000000000000000 ) ) ;
#102 = FACE_OUTER_BOUND ( 'NONE', #1531, .T. ) ;
#103 = ORIENTED_EDGE ( 'NONE', *, *, #476, .T. ) ;
#104 = ADVANCED_FACE ( 'NONE', ( #1478 ), #221, .F. ) ;
#105 = LINE ( 'NONE', #995, #1028 ) ;
#106 = DIRECTION ( 'NONE',  ( 0.000000000000000000, -1.000000000000000000, 0.000000000000000000 ) ) ;
#107 = CARTESIAN_POINT ( 'NONE',  ( -10.50000000000000000, 395.0000000000000000, -14.00000000000000000 ) ) ;
#108 = ORIENTED_EDGE ( 'NONE', *, *, #788, .T. ) ;
#109 = EDGE_CURVE ( 'NONE', #1214, #1038, #879, .T. ) ;
#110 = CIRCLE ( 'NONE', #1246, 1.100000000000000089 ) ;
#111 = CARTESIAN_POINT ( 'NONE',  ( 9.500000000000000000, 422.0000000000000568, 9.000000000000000000 ) ) ;
#112 = FACE_BOUND ( 'NONE', #917, .T. ) ;
#113 = AXIS2_PLACEMENT_3D ( 'NONE', #237, #1245, #1359 ) ;
#114 = VECTOR ( 'NONE', #1365, 1000.000000000000000 ) ;
#115 = VECTOR ( 'NONE', #410, 1000.000000000000000 ) ;
#116 = DIRECTION ( 'NONE',  ( 0.000000000000000000, 0.000000000000000000, 1.000000000000000000 ) ) ;
#117 = ORIENTED_EDGE ( 'NONE', *, *, #838, .T. ) ;
#118 = EDGE_CURVE ( 'NONE', #62, #131, #1360, .T. ) ;
#119 = CIRCLE ( 'NONE', #674, 46.80000000000000426 ) ;
#120 = ORIENTED_EDGE ( 'NONE', *, *, #308, .F. ) ;
#121 = FACE_OUTER_BOUND ( 'NONE', #676, .T. ) ;
#122 = ADVANCED_FACE ( 'NONE', ( #1062 ), #79, .F. ) ;
#123 = DIRECTION ( 'NONE',  ( 0.000000000000000000, 0.000000000000000000, 1.000000000000000000 ) ) ;
#124 = ORIENTED_EDGE ( 'NONE', *, *, #731, .T. ) ;
#125 = ORIENTED_EDGE ( 'NONE', *, *, #704, .F. ) ;
#126 = LINE ( 'NONE', #1151, #741 ) ;
#127 = ADVANCED_FACE ( 'NONE', ( #1329 ), #1215, .F. ) ;
#128 = FACE_OUTER_BOUND ( 'NONE', #448, .T. ) ;
#129 = ORIENTED_EDGE ( 'NONE', *, *, #704, .T. ) ;
#130 = FACE_OUTER_BOUND ( 'NONE', #257, .T. ) ;
#131 = VERTEX_POINT ( 'NONE', #49 ) ;
#132 = CARTESIAN_POINT ( 'NONE',  ( 12.00000000000000000, 422.0000000000000568, 9.000000000000000000 ) ) ;
#133 = CARTESIAN_POINT ( 'NONE',  ( 0.000000000000000000, 334.9999998889855988, -131.2500003432932942 ) ) ;
#134 = CARTESIAN_POINT ( 'NONE',  ( 0.000000000000000000, 460.0000000000000000, 46.80000000000000426 ) ) ;
#135 = CIRCLE ( 'NONE', #744, 1.050000000000000488 ) ;
#136 = ORIENTED_EDGE ( 'NONE', *, *, #464, .T. ) ;
#137 = CC_DESIGN_APPROVAL ( #191, ( #1285 ) ) ;
#138 = EDGE_CURVE ( 'NONE', #1257, #791, #591, .T. ) ;
#139 = LINE ( 'NONE', #524, #1434 ) ;
#140 = VERTEX_POINT ( 'NONE', #1433 ) ;
#141 = CIRCLE ( 'NONE', #1304, 1.050000000000000488 ) ;
#142 = VECTOR ( 'NONE', #1228, 1000.000000000000000 ) ;
#143 = CARTESIAN_POINT ( 'NONE',  ( 0.000000000000000000, 421.0000000000000568, 7.000000000000000000 ) ) ;
#144 = EDGE_CURVE ( 'NONE', #552, #605, #377, .T. ) ;
#145 = DIRECTION ( 'NONE',  ( 0.000000000000000000, 0.000000000000000000, 1.000000000000000000 ) ) ;
#146 = DIRECTION ( 'NONE',  ( 0.000000000000000000, 0.000000000000000000, 1.000000000000000000 ) ) ;
#147 = ORIENTED_EDGE ( 'NONE', *, *, #1047, .F. ) ;
#148 = ORIENTED_EDGE ( 'NONE', *, *, #1468, .F. ) ;
#149 = ADVANCED_FACE ( 'NONE', ( #585 ), #1081, .F. ) ;
#150 = CARTESIAN_POINT ( 'NONE',  ( 0.000000000000000000, 325.0000000000000000, 0.000000000000000000 ) ) ;
#151 = CARTESIAN_POINT ( 'NONE',  ( 20.00000000000000000, 412.0000000000000000, 1.100000000000000089 ) ) ;
#152 = ORIENTED_EDGE ( 'NONE', *, *, #1290, .F. ) ;
#153 = CYLINDRICAL_SURFACE ( 'NONE', #1305, 1.100000000000000089 ) ;
#154 = EDGE_LOOP ( 'NONE', ( #178, #416, #1617, #724 ) ) ;
#155 = CARTESIAN_POINT ( 'NONE',  ( 13.40993644393033435, 439.9998083731135807, 0.000000000000000000 ) ) ;
#156 = VERTEX_POINT ( 'NONE', #550 ) ;
#157 = DIRECTION ( 'NONE',  ( 0.000000000000000000, 0.000000000000000000, 1.000000000000000000 ) ) ;
#158 = ORIENTED_EDGE ( 'NONE', *, *, #1579, .T. ) ;
#159 = CARTESIAN_POINT ( 'NONE',  ( -12.00000000000000000, 422.0000000000000568, 9.000000000000000000 ) ) ;
#160 = DIRECTION ( 'NONE',  ( 1.000000000000000000, 0.000000000000000000, 0.000000000000000000 ) ) ;
#161 = CIRCLE ( 'NONE', #748, 13.40993644393037521 ) ;
#162 = DIRECTION ( 'NONE',  ( 1.000000000000000000, 0.000000000000000000, 0.000000000000000000 ) ) ;
#163 = EDGE_CURVE ( 'NONE', #708, #530, #772, .T. ) ;
#164 = ORIENTED_EDGE ( 'NONE', *, *, #531, .T. ) ;
#165 = VECTOR ( 'NONE', #521, 1000.000000000000000 ) ;
#166 = VECTOR ( 'NONE', #324, 1000.000000000000000 ) ;
#167 = VECTOR ( 'NONE', #188, 1000.000000000000000 ) ;
#168 = CIRCLE ( 'NONE', #329, 7.000000000000000000 ) ;
#169 = LINE ( 'NONE', #949, #507 ) ;
#170 = AXIS2_PLACEMENT_3D ( 'NONE', #916, #1540, #1620 ) ;
#171 = VERTEX_POINT ( 'NONE', #1555 ) ;
#172 = CIRCLE ( 'NONE', #401, 5.000000000000000000 ) ;
#173 = DIRECTION ( 'NONE',  ( 0.000000000000000000, 0.000000000000000000, -1.000000000000000000 ) ) ;
#174 = EDGE_CURVE ( 'NONE', #517, #1113, #437, .T. ) ;
#175 = CARTESIAN_POINT ( 'NONE',  ( -12.00000000000000000, 422.0000000000000568, 9.000000000000000000 ) ) ;
#176 = ORIENTED_EDGE ( 'NONE', *, *, #441, .T. ) ;
#177 = DIRECTION ( 'NONE',  ( 1.224646799147353207E-16, 0.000000000000000000, -1.000000000000000000 ) ) ;
#178 = ORIENTED_EDGE ( 'NONE', *, *, #1240, .F. ) ;
#179 = CARTESIAN_POINT ( 'NONE',  ( -9.500000000000000000, 395.0000000000000000, 9.000000000000000000 ) ) ;
#180 = DATE_AND_TIME ( #56, #859 ) ;
#181 = ORIENTED_EDGE ( 'NONE', *, *, #98, .F. ) ;
#182 = DIRECTION ( 'NONE',  ( -0.000000000000000000, 1.000000000000000000, -0.000000000000000000 ) ) ;
#183 = DIRECTION ( 'NONE',  ( 0.000000000000000000, 0.000000000000000000, -1.000000000000000000 ) ) ;
#184 = DIRECTION ( 'NONE',  ( -0.000000000000000000, 1.000000000000000000, -0.000000000000000000 ) ) ;
#185 = ADVANCED_FACE ( 'NONE', ( #1186 ), #315, .F. ) ;
#186 = FACE_OUTER_BOUND ( 'NONE', #233, .T. ) ;
#187 = EDGE_LOOP ( 'NONE', ( #1499, #117, #259, #354 ) ) ;
#188 = DIRECTION ( 'NONE',  ( 0.000000000000000000, 0.000000000000000000, -1.000000000000000000 ) ) ;
#189 = APPLICATION_PROTOCOL_DEFINITION ( 'international standard', 'config_control_design', 1994, #285 ) ;
#190 = EDGE_LOOP ( 'NONE', ( #475, #1613, #661, #623 ) ) ;
#191 = APPROVAL ( #1450, 'UNSPECIFIED' ) ;
#192 = CARTESIAN_POINT ( 'NONE',  ( 6.123233995736766282E-16, 395.0000000000000000, 5.000000000000000000 ) ) ;
#193 = CARTESIAN_POINT ( 'NONE',  ( 0.000000000000000000, 335.0000000000000000, -131.2500000000000000 ) ) ;
#194 = DIRECTION ( 'NONE',  ( -0.000000000000000000, 1.000000000000000000, 0.000000000000000000 ) ) ;
#195 = VERTEX_POINT ( 'NONE', #559 ) ;
#196 = DIRECTION ( 'NONE',  ( 0.000000000000000000, 0.000000000000000000, -1.000000000000000000 ) ) ;
#197 = AXIS2_PLACEMENT_3D ( 'NONE', #260, #789, #1157 ) ;
#198 = SECURITY_CLASSIFICATION_LEVEL ( 'unclassified' ) ;
#199 = ORIENTED_EDGE ( 'NONE', *, *, #597, .F. ) ;
#200 = DIRECTION ( 'NONE',  ( 0.000000000000000000, 0.000000000000000000, -1.000000000000000000 ) ) ;
#201 = AXIS2_PLACEMENT_3D ( 'NONE', #440, #938, #1344 ) ;
#202 = VECTOR ( 'NONE', #752, 1000.000000000000000 ) ;
#203 = CARTESIAN_POINT ( 'NONE',  ( 12.00000000000000000, 422.0000000000000568, 9.000000000000000000 ) ) ;
#204 = ORIENTED_EDGE ( 'NONE', *, *, #683, .T. ) ;
#205 = DIRECTION ( 'NONE',  ( 0.000000000000000000, -0.000000000000000000, -1.000000000000000000 ) ) ;
#206 = ORIENTED_EDGE ( 'NONE', *, *, #513, .F. ) ;
#207 = EDGE_CURVE ( 'NONE', #370, #330, #161, .T. ) ;
#208 = ORIENTED_EDGE ( 'NONE', *, *, #504, .T. ) ;
#209 = DIRECTION ( 'NONE',  ( 0.000000000000000000, 0.000000000000000000, 1.000000000000000000 ) ) ;
#210 = CARTESIAN_POINT ( 'NONE',  ( 10.50000000000000000, 390.0000000000000000, -12.94999999999999929 ) ) ;
#211 = CYLINDRICAL_SURFACE ( 'NONE', #1142, 1.100000000000000089 ) ;
#212 = ORIENTED_EDGE ( 'NONE', *, *, #788, .F. ) ;
#213 = ORIENTED_EDGE ( 'NONE', *, *, #1501, .F. ) ;
#214 = LINE ( 'NONE', #1105, #536 ) ;
#215 = EDGE_CURVE ( 'NONE', #1249, #131, #1457, .T. ) ;
#216 = CARTESIAN_POINT ( 'NONE',  ( 10.50000000000000000, 396.5000000000000000, -12.94999999999999929 ) ) ;
#217 = LINE ( 'NONE', #621, #202 ) ;
#218 = ORIENTED_EDGE ( 'NONE', *, *, #1504, .T. ) ;
#219 = EDGE_CURVE ( 'NONE', #1038, #1214, #168, .T. ) ;
#220 = DIRECTION ( 'NONE',  ( 1.000000000000000000, 0.000000000000000000, -0.000000000000000000 ) ) ;
#221 = TOROIDAL_SURFACE ( 'NONE', #834, -131.2501955513456551, 178.7499040016718368 ) ;
#222 = DIRECTION ( 'NONE',  ( 0.000000000000000000, -0.000000000000000000, -1.000000000000000000 ) ) ;
#223 = AXIS2_PLACEMENT_3D ( 'NONE', #1438, #73, #177 ) ;
#224 = EDGE_CURVE ( 'NONE', #530, #708, #242, .T. ) ;
#225 = CARTESIAN_POINT ( 'NONE',  ( 0.000000000000000000, 452.2113475735178554, 0.000000000000000000 ) ) ;
#226 = CIRCLE ( 'NONE', #1435, 47.48889929593227777 ) ;
#227 = DIRECTION ( 'NONE',  ( 0.000000000000000000, 0.000000000000000000, 1.000000000000000000 ) ) ;
#228 = ORIENTED_EDGE ( 'NONE', *, *, #731, .F. ) ;
#229 = DIRECTION ( 'NONE',  ( 1.000000000000000000, 0.000000000000000000, 0.000000000000000000 ) ) ;
#230 = LINE ( 'NONE', #586, #885 ) ;
#231 = CARTESIAN_POINT ( 'NONE',  ( 0.000000000000000000, 334.9999303173929093, 0.000000000000000000 ) ) ;
#232 = LINE ( 'NONE', #734, #1098 ) ;
#233 = EDGE_LOOP ( 'NONE', ( #407, #1576, #97, #124 ) ) ;
#234 = EDGE_CURVE ( 'NONE', #1226, #1458, #1452, .T. ) ;
#235 = DIRECTION ( 'NONE',  ( -0.000000000000000000, 1.000000000000000000, -0.000000000000000000 ) ) ;
#236 = APPROVAL ( #1060, 'UNSPECIFIED' ) ;
#237 = CARTESIAN_POINT ( 'NONE',  ( -1.607348928085031409E-14, 334.9999998889855988, 131.2500003432932942 ) ) ;
#238 = CARTESIAN_POINT ( 'NONE',  ( -10.50000000000000000, 396.5000000000000000, 13.00000000000000000 ) ) ;
#239 = ORIENTED_EDGE ( 'NONE', *, *, #1510, .F. ) ;
#240 = ORIENTED_EDGE ( 'NONE', *, *, #1411, .T. ) ;
#241 = EDGE_CURVE ( 'NONE', #605, #552, #1116, .T. ) ;
#242 = CIRCLE ( 'NONE', #247, 50.00000000000000000 ) ;
#243 = LINE ( 'NONE', #1371, #1608 ) ;
#244 = LOCAL_TIME ( 17, 50, 20.00000000000000000, #1415 ) ;
#245 = AXIS2_PLACEMENT_3D ( 'NONE', #193, #699, #1207 ) ;
#246 = VECTOR ( 'NONE', #456, 1000.000000000000000 ) ;
#247 = AXIS2_PLACEMENT_3D ( 'NONE', #446, #952, #1303 ) ;
#248 = CARTESIAN_POINT ( 'NONE',  ( 0.000000000000000000, 452.2113475735178554, 7.000000000000000000 ) ) ;
#249 = ORIENTED_EDGE ( 'NONE', *, *, #998, .F. ) ;
#250 = VECTOR ( 'NONE', #759, 1000.000000000000000 ) ;
#251 = VECTOR ( 'NONE', #399, 1000.000000000000000 ) ;
#252 = VERTEX_POINT ( 'NONE', #716 ) ;
#253 = DIRECTION ( 'NONE',  ( 0.000000000000000000, 0.000000000000000000, 1.000000000000000000 ) ) ;
#254 = EDGE_CURVE ( 'NONE', #62, #1345, #355, .T. ) ;
#255 = DIRECTION ( 'NONE',  ( -1.000000000000000000, -0.000000000000000000, -0.000000000000000000 ) ) ;
#256 = CARTESIAN_POINT ( 'NONE',  ( 20.00000000000000000, 412.0000000000000000, 0.000000000000000000 ) ) ;
#257 = EDGE_LOOP ( 'NONE', ( #343, #782, #799, #654 ) ) ;
#258 = FACE_BOUND ( 'NONE', #48, .T. ) ;
#259 = ORIENTED_EDGE ( 'NONE', *, *, #109, .T. ) ;
#260 = CARTESIAN_POINT ( 'NONE',  ( -9.500000000000000000, 422.0000000000000568, 9.000000000000000000 ) ) ;
#261 = DIRECTION ( 'NONE',  ( 0.000000000000000000, 0.000000000000000000, -1.000000000000000000 ) ) ;
#262 = FACE_OUTER_BOUND ( 'NONE', #682, .T. ) ;
#263 = ORIENTED_EDGE ( 'NONE', *, *, #294, .T. ) ;
#264 = DIRECTION ( 'NONE',  ( 0.000000000000000000, -1.000000000000000000, 0.000000000000000000 ) ) ;
#265 = ORIENTED_EDGE ( 'NONE', *, *, #1500, .T. ) ;
#266 = CC_DESIGN_PERSON_AND_ORGANIZATION_ASSIGNMENT ( #1171, #1431, ( #533 ) ) ;
#267 = DIRECTION ( 'NONE',  ( 0.000000000000000000, 0.000000000000000000, 1.000000000000000000 ) ) ;
#268 = DIRECTION ( 'NONE',  ( 0.000000000000000000, 0.000000000000000000, 1.000000000000000000 ) ) ;
#269 = FACE_OUTER_BOUND ( 'NONE', #635, .T. ) ;
#270 = VERTEX_POINT ( 'NONE', #984 ) ;
#271 = AXIS2_PLACEMENT_3D ( 'NONE', #601, #977, #854 ) ;
#272 = ORIENTED_EDGE ( 'NONE', *, *, #745, .F. ) ;
#273 = CIRCLE ( 'NONE', #669, 1.050000000000000488 ) ;
#274 = VECTOR ( 'NONE', #468, 1000.000000000000000 ) ;
#275 = CARTESIAN_POINT ( 'NONE',  ( -10.50000000000000000, 390.0000000000000000, -15.05000000000000071 ) ) ;
#276 = FACE_OUTER_BOUND ( 'NONE', #575, .T. ) ;
#277 = ORIENTED_EDGE ( 'NONE', *, *, #219, .F. ) ;
#278 = DIRECTION ( 'NONE',  ( 0.000000000000000000, 0.000000000000000000, 1.000000000000000000 ) ) ;
#279 = ORIENTED_EDGE ( 'NONE', *, *, #929, .T. ) ;
#280 = LINE ( 'NONE', #1280, #1275 ) ;
#281 = ORIENTED_EDGE ( 'NONE', *, *, #207, .T. ) ;
#282 = ADVANCED_FACE ( 'NONE', ( #973 ), #1605, .T. ) ;
#283 = FACE_OUTER_BOUND ( 'NONE', #1428, .T. ) ;
#285 = APPLICATION_CONTEXT ( 'configuration controlled 3d designs of mechanical parts and assemblies' ) ;
#284 = APPROVAL_DATE_TIME ( #686, #236 ) ;
#286 = ORIENTED_EDGE ( 'NONE', *, *, #1469, .T. ) ;
#287 = ADVANCED_FACE ( 'NONE', ( #1481 ), #1251, .T. ) ;
#288 = CARTESIAN_POINT ( 'NONE',  ( 0.000000000000000000, 422.0000000000000568, 0.000000000000000000 ) ) ;
#289 = FACE_BOUND ( 'NONE', #390, .T. ) ;
#290 = CARTESIAN_POINT ( 'NONE',  ( 0.000000000000000000, 421.0000000000000568, 0.000000000000000000 ) ) ;
#291 = ORIENTED_EDGE ( 'NONE', *, *, #234, .T. ) ;
#292 = DESIGN_CONTEXT ( 'detailed design', #285, 'design' ) ;
#293 = EDGE_CURVE ( 'NONE', #819, #537, #243, .T. ) ;
#294 = EDGE_CURVE ( 'NONE', #1263, #523, #1471, .T. ) ;
#295 = DIRECTION ( 'NONE',  ( 0.000000000000000000, -1.000000000000000000, 0.000000000000000000 ) ) ;
#296 = CALENDAR_DATE ( 2026, 29, 9 ) ;
#297 = VERTEX_POINT ( 'NONE', #746 ) ;
#298 = DIRECTION ( 'NONE',  ( -1.000000000000000000, 0.000000000000000000, -0.000000000000000000 ) ) ;
#299 = FACE_OUTER_BOUND ( 'NONE', #760, .T. ) ;
#300 = ORIENTED_EDGE ( 'NONE', *, *, #1048, .F. ) ;
#301 = FACE_OUTER_BOUND ( 'NONE', #1538, .T. ) ;
#302 = ORIENTED_EDGE ( 'NONE', *, *, #679, .T. ) ;
#303 = CARTESIAN_POINT ( 'NONE',  ( 0.000000000000000000, 439.9998083731135807, 7.000000000000000000 ) ) ;
#304 = VECTOR ( 'NONE', #857, 1000.000000000000000 ) ;
#305 = PERSON_AND_ORGANIZATION ( #459, #40 ) ;
#306 = ORIENTED_EDGE ( 'NONE', *, *, #86, .T. ) ;
#307 = CARTESIAN_POINT ( 'NONE',  ( -12.00000000000000000, 412.0000000000000000, 0.000000000000000000 ) ) ;
#308 = EDGE_CURVE ( 'NONE', #523, #1281, #1089, .T. ) ;
#309 = FACE_BOUND ( 'NONE', #1125, .T. ) ;
#310 = ORIENTED_EDGE ( 'NONE', *, *, #1439, .T. ) ;
#311 = CARTESIAN_POINT ( 'NONE',  ( 45.00000000000000000, 335.0000000000000000, 3.000000000000000000 ) ) ;
#312 = ORIENTED_EDGE ( 'NONE', *, *, #1048, .T. ) ;
#313 = DIRECTION ( 'NONE',  ( -0.000000000000000000, -0.000000000000000000, 1.000000000000000000 ) ) ;
#314 = VERTEX_POINT ( 'NONE', #344 ) ;
#315 = CYLINDRICAL_SURFACE ( 'NONE', #565, 1.050000000000000488 ) ;
#316 = DIRECTION ( 'NONE',  ( -1.000000000000000000, 0.000000000000000000, 0.000000000000000000 ) ) ;
#317 = ADVANCED_FACE ( 'NONE', ( #1496, #121 ), #483, .F. ) ;
#318 = FACE_BOUND ( 'NONE', #1622, .T. ) ;
#319 = PLANE ( 'NONE',  #703 ) ;
#320 = EDGE_LOOP ( 'NONE', ( #858, #1494, #277, #628 ) ) ;
#321 = LINE ( 'NONE', #179, #1109 ) ;
#322 = DATE_AND_TIME ( #296, #971 ) ;
#323 = ORIENTED_EDGE ( 'NONE', *, *, #215, .T. ) ;
#324 = DIRECTION ( 'NONE',  ( -1.000000000000000000, 0.000000000000000000, 0.000000000000000000 ) ) ;
#325 = CARTESIAN_POINT ( 'NONE',  ( 12.00000000000000000, 412.0000000000000000, -1.100000000000000089 ) ) ;
#326 = FACE_BOUND ( 'NONE', #500, .T. ) ;
#327 = ADVANCED_FACE ( 'NONE', ( #732 ), #614, .F. ) ;
#328 = DIRECTION ( 'NONE',  ( 0.000000000000000000, 0.000000000000000000, -1.000000000000000000 ) ) ;
#329 = AXIS2_PLACEMENT_3D ( 'NONE', #812, #800, #1088 ) ;
#330 = VERTEX_POINT ( 'NONE', #1126 ) ;
#331 = VECTOR ( 'NONE', #898, 1000.000000000000000 ) ;
#332 = VECTOR ( 'NONE', #160, 1000.000000000000000 ) ;
#333 = CIRCLE ( 'NONE', #461, 43.79999999999999716 ) ;
#334 = AXIS2_PLACEMENT_3D ( 'NONE', #85, #1588, #465 ) ;
#335 = ORIENTED_EDGE ( 'NONE', *, *, #679, .F. ) ;
#336 = DIRECTION ( 'NONE',  ( -0.000000000000000000, 1.000000000000000000, -0.000000000000000000 ) ) ;
#337 = AXIS2_PLACEMENT_3D ( 'NONE', #1425, #960, #59 ) ;
#338 = AXIS2_PLACEMENT_3D ( 'NONE', #1010, #1003, #145 ) ;
#339 = FACE_OUTER_BOUND ( 'NONE', #804, .T. ) ;
#340 = DIRECTION ( 'NONE',  ( 0.000000000000000000, 0.000000000000000000, 1.000000000000000000 ) ) ;
#341 = DIRECTION ( 'NONE',  ( 0.000000000000000000, 0.000000000000000000, 1.000000000000000000 ) ) ;
#342 = ORIENTED_EDGE ( 'NONE', *, *, #308, .T. ) ;
#343 = ORIENTED_EDGE ( 'NONE', *, *, #1020, .F. ) ;
#344 = CARTESIAN_POINT ( 'NONE',  ( -12.00000000000000000, 422.0000000000000568, -9.000000000000000000 ) ) ;
#345 = CARTESIAN_POINT ( 'NONE',  ( 0.000000000000000000, 395.0000000000000000, -5.000000000000000000 ) ) ;
#346 = EDGE_CURVE ( 'NONE', #1070, #1025, #1619, .T. ) ;
#347 = CARTESIAN_POINT ( 'NONE',  ( 8.572527594031473190E-16, 421.0000000000000568, -7.000000000000000000 ) ) ;
#348 = ORIENTED_EDGE ( 'NONE', *, *, #685, .T. ) ;
#349 = EDGE_CURVE ( 'NONE', #1518, #450, #1484, .T. ) ;
#350 = EDGE_CURVE ( 'NONE', #791, #582, #214, .T. ) ;
#351 = DIRECTION ( 'NONE',  ( 0.000000000000000000, 0.000000000000000000, 1.000000000000000000 ) ) ;
#352 = FACE_BOUND ( 'NONE', #658, .T. ) ;
#353 = CYLINDRICAL_SURFACE ( 'NONE', #615, 1.050000000000000488 ) ;
#354 = ORIENTED_EDGE ( 'NONE', *, *, #76, .F. ) ;
#355 = CIRCLE ( 'NONE', #334, 1.100000000000000089 ) ;
#356 = CARTESIAN_POINT ( 'NONE',  ( -9.500000000000000000, 395.0000000000000000, -9.000000000000000000 ) ) ;
#357 = AXIS2_PLACEMENT_3D ( 'NONE', #1072, #1183, #1552 ) ;
#358 = TOROIDAL_SURFACE ( 'NONE', #1210, -131.2500003432932942, 178.7500887950129140 ) ;
#359 = DIRECTION ( 'NONE',  ( 0.000000000000000000, 0.000000000000000000, 1.000000000000000000 ) ) ;
#360 = ORIENTED_EDGE ( 'NONE', *, *, #1469, .F. ) ;
#361 = ADVANCED_FACE ( 'NONE', ( #1227 ), #65, .F. ) ;
#362 = CARTESIAN_POINT ( 'NONE',  ( -10.50000000000000000, 396.5000000000000000, 14.05000000000000071 ) ) ;
#363 = CYLINDRICAL_SURFACE ( 'NONE', #4, 1.050000000000000488 ) ;
#364 = EDGE_CURVE ( 'NONE', #815, #577, #105, .T. ) ;
#365 = DIRECTION ( 'NONE',  ( 0.000000000000000000, 0.000000000000000000, 1.000000000000000000 ) ) ;
#366 = ORIENTED_EDGE ( 'NONE', *, *, #12, .F. ) ;
#367 = DIRECTION ( 'NONE',  ( -0.000000000000000000, 1.000000000000000000, -0.000000000000000000 ) ) ;
#368 = DIRECTION ( 'NONE',  ( -0.000000000000000000, 1.000000000000000000, -0.000000000000000000 ) ) ;
#369 = LINE ( 'NONE', #1598, #1117 ) ;
#370 = VERTEX_POINT ( 'NONE', #594 ) ;
#371 = EDGE_CURVE ( 'NONE', #947, #1025, #1476, .T. ) ;
#372 = ORIENTED_EDGE ( 'NONE', *, *, #754, .T. ) ;
#373 = AXIS2_PLACEMENT_3D ( 'NONE', #871, #860, #624 ) ;
#374 = LINE ( 'NONE', #880, #528 ) ;
#375 = DIRECTION ( 'NONE',  ( -0.000000000000000000, 1.000000000000000000, -0.000000000000000000 ) ) ;
#376 = AXIS2_PLACEMENT_3D ( 'NONE', #64, #1042, #511 ) ;
#377 = CIRCLE ( 'NONE', #462, 38.82820000000003802 ) ;
#378 = CARTESIAN_POINT ( 'NONE',  ( -12.00000000000000000, 395.0000000000000000, -9.000000000000000000 ) ) ;
#379 = VERTEX_POINT ( 'NONE', #726 ) ;
#380 = CIRCLE ( 'NONE', #435, 46.80000000000000426 ) ;
#381 = DIRECTION ( 'NONE',  ( -0.000000000000000000, 1.000000000000000000, -0.000000000000000000 ) ) ;
#382 = EDGE_LOOP ( 'NONE', ( #993, #181, #895, #120 ) ) ;
#383 = EDGE_CURVE ( 'NONE', #1015, #140, #990, .T. ) ;
#384 = CARTESIAN_POINT ( 'NONE',  ( -10.50000000000000000, 395.0000000000000000, 11.94999999999999929 ) ) ;
#385 = CARTESIAN_POINT ( 'NONE',  ( 0.000000000000000000, 335.0000000000000000, 0.000000000000000000 ) ) ;
#386 = CARTESIAN_POINT ( 'NONE',  ( 46.80000000000000426, 335.0000000000000000, 0.000000000000000000 ) ) ;
#387 = ORIENTED_EDGE ( 'NONE', *, *, #224, .F. ) ;
#388 = ADVANCED_FACE ( 'NONE', ( #1118 ), #1614, .F. ) ;
#389 = CARTESIAN_POINT ( 'NONE',  ( 0.000000000000000000, 335.0000000000000000, 50.00000000000000711 ) ) ;
#390 = EDGE_LOOP ( 'NONE', ( #176, #847 ) ) ;
#391 = CARTESIAN_POINT ( 'NONE',  ( 10.50000000000000000, 395.0000000000000000, 11.94999999999999929 ) ) ;
#392 = EDGE_CURVE ( 'NONE', #512, #140, #1206, .T. ) ;
#393 = CARTESIAN_POINT ( 'NONE',  ( 10.50000000000000000, 396.5000000000000000, -15.05000000000000071 ) ) ;
#394 = LINE ( 'NONE', #1385, #884 ) ;
#395 = ORIENTED_EDGE ( 'NONE', *, *, #1252, .F. ) ;
#396 = CARTESIAN_POINT ( 'NONE',  ( 9.500000000000000000, 422.0000000000000568, 9.000000000000000000 ) ) ;
#397 = ORIENTED_EDGE ( 'NONE', *, *, #392, .T. ) ;
#398 = DIRECTION ( 'NONE',  ( -1.000000000000000000, 0.000000000000000000, 0.000000000000000000 ) ) ;
#399 = DIRECTION ( 'NONE',  ( -0.000000000000000000, 1.000000000000000000, -0.000000000000000000 ) ) ;
#400 = CARTESIAN_POINT ( 'NONE',  ( 9.500000000000000000, 412.0000000000000000, 1.100000000000000089 ) ) ;
#401 = AXIS2_PLACEMENT_3D ( 'NONE', #1283, #368, #893 ) ;
#402 = ADVANCED_FACE ( 'NONE', ( #1 ), #1382, .F. ) ;
#403 = CIRCLE ( 'NONE', #245, 181.2500000000000284 ) ;
#404 = EDGE_LOOP ( 'NONE', ( #753, #1554, #125, #541 ) ) ;
#405 = VECTOR ( 'NONE', #477, 1000.000000000000000 ) ;
#406 = DIRECTION ( 'NONE',  ( 0.000000000000000000, 0.000000000000000000, 1.000000000000000000 ) ) ;
#407 = ORIENTED_EDGE ( 'NONE', *, *, #1240, .T. ) ;
#408 = CIRCLE ( 'NONE', #1009, 1.050000000000000488 ) ;
#409 = VECTOR ( 'NONE', #1102, 1000.000000000000000 ) ;
#410 = DIRECTION ( 'NONE',  ( -0.000000000000000000, -0.000000000000000000, 1.000000000000000000 ) ) ;
#411 = ADVANCED_FACE ( 'NONE', ( #1389 ), #514, .T. ) ;
#412 = PERSON_AND_ORGANIZATION ( #459, #40 ) ;
#413 = ORIENTED_EDGE ( 'NONE', *, *, #504, .F. ) ;
#414 = DIRECTION ( 'NONE',  ( -1.000000000000000000, 0.000000000000000000, 0.000000000000000000 ) ) ;
#415 = VERTEX_POINT ( 'NONE', #1414 ) ;
#416 = ORIENTED_EDGE ( 'NONE', *, *, #948, .F. ) ;
#417 = DIRECTION ( 'NONE',  ( -0.000000000000000000, 0.000000000000000000, 1.000000000000000000 ) ) ;
#418 = DATE_AND_TIME ( #695, #1091 ) ;
#419 = ORIENTED_EDGE ( 'NONE', *, *, #771, .F. ) ;
#420 = CARTESIAN_POINT ( 'NONE',  ( 10.50000000000000000, 395.0000000000000000, 14.05000000000000071 ) ) ;
#421 = EDGE_LOOP ( 'NONE', ( #735, #212 ) ) ;
#422 = DIRECTION ( 'NONE',  ( 0.000000000000000000, 0.000000000000000000, 1.000000000000000000 ) ) ;
#423 = VERTEX_POINT ( 'NONE', #391 ) ;
#424 = ADVANCED_FACE ( 'NONE', ( #1503, #283 ), #638, .F. ) ;
#425 = CARTESIAN_POINT ( 'NONE',  ( -12.00000000000000000, 422.0000000000000568, 9.000000000000000000 ) ) ;
#426 = DATE_TIME_ROLE ( 'creation_date' ) ;
#427 = ORIENTED_EDGE ( 'NONE', *, *, #52, .T. ) ;
#428 = CARTESIAN_POINT ( 'NONE',  ( 10.50000000000000000, 396.5000000000000000, -14.00000000000000000 ) ) ;
#429 = FACE_OUTER_BOUND ( 'NONE', #382, .T. ) ;
#430 = PLANE ( 'NONE',  #725 ) ;
#431 = ORIENTED_EDGE ( 'NONE', *, *, #1411, .F. ) ;
#432 = VECTOR ( 'NONE', #1527, 1000.000000000000000 ) ;
#433 = VECTOR ( 'NONE', #1190, 1000.000000000000000 ) ;
#434 = DIRECTION ( 'NONE',  ( 0.000000000000000000, 0.000000000000000000, -1.000000000000000000 ) ) ;
#435 = AXIS2_PLACEMENT_3D ( 'NONE', #783, #633, #1129 ) ;
#436 = EDGE_LOOP ( 'NONE', ( #1341, #360, #1287, #335 ) ) ;
#437 = LINE ( 'NONE', #1342, #1463 ) ;
#438 = CARTESIAN_POINT ( 'NONE',  ( 0.000000000000000000, 390.0000000000000000, -5.000000000000000000 ) ) ;
#439 = FACE_BOUND ( 'NONE', #1191, .T. ) ;
#440 = CARTESIAN_POINT ( 'NONE',  ( -9.499999999999998224, 412.0000000000000000, 0.000000000000000000 ) ) ;
#441 = EDGE_CURVE ( 'NONE', #470, #1015, #616, .T. ) ;
#442 = ORIENTED_EDGE ( 'NONE', *, *, #714, .T. ) ;
#443 = LINE ( 'NONE', #425, #1333 ) ;
#444 = DIRECTION ( 'NONE',  ( 1.000000000000000000, 0.000000000000000000, 0.000000000000000000 ) ) ;
#445 = ORIENTED_EDGE ( 'NONE', *, *, #1319, .T. ) ;
#446 = CARTESIAN_POINT ( 'NONE',  ( 0.000000000000000000, 335.0000000000000000, 0.000000000000000000 ) ) ;
#447 = DIRECTION ( 'NONE',  ( 0.000000000000000000, 0.000000000000000000, 1.000000000000000000 ) ) ;
#448 = EDGE_LOOP ( 'NONE', ( #868, #1279, #323, #45 ) ) ;
#449 = FACE_OUTER_BOUND ( 'NONE', #936, .T. ) ;
#450 = VERTEX_POINT ( 'NONE', #275 ) ;
#451 = ORIENTED_EDGE ( 'NONE', *, *, #1439, .F. ) ;
#452 = CARTESIAN_POINT ( 'NONE',  ( 10.50000000000000000, 396.5000000000000000, 14.05000000000000071 ) ) ;
#453 = CARTESIAN_POINT ( 'NONE',  ( 9.500000000000000000, 395.0000000000000000, 9.000000000000000000 ) ) ;
#454 = CARTESIAN_POINT ( 'NONE',  ( -9.499999999999998224, 412.0000000000000000, 1.100000000000000089 ) ) ;
#455 = EDGE_CURVE ( 'NONE', #537, #156, #1291, .T. ) ;
#456 = DIRECTION ( 'NONE',  ( 0.000000000000000000, -1.000000000000000000, 0.000000000000000000 ) ) ;
#457 = AXIS2_PLACEMENT_3D ( 'NONE', #697, #1203, #572 ) ;
#458 = EDGE_LOOP ( 'NONE', ( #647, #1416, #281, #954 ) ) ;
#459 = PERSON ( 'UNSPECIFIED', 'UNSPECIFIED', 'UNSPECIFIED', ('UNSPECIFIED'), ('UNSPECIFIED'), ('UNSPECIFIED') ) ;
#460 = CC_DESIGN_SECURITY_CLASSIFICATION ( #467, ( #533 ) ) ;
#461 = AXIS2_PLACEMENT_3D ( 'NONE', #15, #671, #44 ) ;
#462 = AXIS2_PLACEMENT_3D ( 'NONE', #1053, #182, #677 ) ;
#463 = EDGE_LOOP ( 'NONE', ( #1470, #1495, #932, #1185 ) ) ;
#464 = EDGE_CURVE ( 'NONE', #195, #1248, #1379, .T. ) ;
#465 = DIRECTION ( 'NONE',  ( 0.000000000000000000, 0.000000000000000000, 1.000000000000000000 ) ) ;
#466 = VECTOR ( 'NONE', #1054, 1000.000000000000000 ) ;
#467 = SECURITY_CLASSIFICATION ( '', '', #198 ) ;
#468 = DIRECTION ( 'NONE',  ( 0.000000000000000000, 0.000000000000000000, -1.000000000000000000 ) ) ;
#469 = LINE ( 'NONE', #1350, #409 ) ;
#470 = VERTEX_POINT ( 'NONE', #384 ) ;
#471 = EDGE_CURVE ( 'NONE', #314, #819, #1008, .T. ) ;
#472 = CARTESIAN_POINT ( 'NONE',  ( 0.000000000000000000, 422.0000000000000568, 0.000000000000000000 ) ) ;
#473 = CYLINDRICAL_SURFACE ( 'NONE', #590, 1.050000000000000488 ) ;
#474 = DIRECTION ( 'NONE',  ( 0.000000000000000000, 0.000000000000000000, -1.000000000000000000 ) ) ;
#475 = ORIENTED_EDGE ( 'NONE', *, *, #471, .T. ) ;
#476 = EDGE_CURVE ( 'NONE', #864, #1163, #670, .T. ) ;
#477 = DIRECTION ( 'NONE',  ( 0.000000000000000000, -1.000000000000000000, 0.000000000000000000 ) ) ;
#478 = DIRECTION ( 'NONE',  ( 1.000000000000000000, 0.000000000000000000, 0.000000000000000000 ) ) ;
#479 = CARTESIAN_POINT ( 'NONE',  ( 0.000000000000000000, 395.0000000000000000, 23.50000000000000000 ) ) ;
#480 = ORIENTED_EDGE ( 'NONE', *, *, #25, .F. ) ;
#481 = EDGE_CURVE ( 'NONE', #876, #496, #527, .T. ) ;
#482 = VECTOR ( 'NONE', #1066, 1000.000000000000000 ) ;
#483 = PLANE ( 'NONE',  #1065 ) ;
#484 = ADVANCED_FACE ( 'NONE', ( #770 ), #24, .T. ) ;
#485 = AXIS2_PLACEMENT_3D ( 'NONE', #307, #298, #1424 ) ;
#486 = CARTESIAN_POINT ( 'NONE',  ( 10.50000000000000000, 390.0000000000000000, 13.00000000000000000 ) ) ;
#487 = AXIS2_PLACEMENT_3D ( 'NONE', #1218, #1056, #422 ) ;
#488 = VECTOR ( 'NONE', #728, 1000.000000000000000 ) ;
#489 = FACE_OUTER_BOUND ( 'NONE', #666, .T. ) ;
#490 = VERTEX_POINT ( 'NONE', #1141 ) ;
#491 = EDGE_LOOP ( 'NONE', ( #129, #302 ) ) ;
#492 = CARTESIAN_POINT ( 'NONE',  ( 45.00000000000000000, 335.0000000000000000, -3.000000000000000000 ) ) ;
#493 = DIRECTION ( 'NONE',  ( 0.000000000000000000, -1.000000000000000000, 0.000000000000000000 ) ) ;
#494 = LINE ( 'NONE', #479, #304 ) ;
#495 = ORIENTED_EDGE ( 'NONE', *, *, #364, .F. ) ;
#496 = VERTEX_POINT ( 'NONE', #902 ) ;
#497 = DIRECTION ( 'NONE',  ( 0.000000000000000000, -1.000000000000000000, 0.000000000000000000 ) ) ;
#498 = CARTESIAN_POINT ( 'NONE',  ( -0.9000000000000000222, 395.0000000000000000, 0.000000000000000000 ) ) ;
#499 = PLANE ( 'NONE',  #38 ) ;
#500 = EDGE_LOOP ( 'NONE', ( #286, #136 ) ) ;
#501 = EDGE_CURVE ( 'NONE', #1163, #864, #110, .T. ) ;
#502 = ORIENTED_EDGE ( 'NONE', *, *, #1404, .T. ) ;
#503 = CARTESIAN_POINT ( 'NONE',  ( 8.099999999999999645, 396.0000000000000000, 23.50000000000000000 ) ) ;
#504 = EDGE_CURVE ( 'NONE', #1239, #1289, #374, .T. ) ;
#505 = EDGE_CURVE ( 'NONE', #622, #1038, #756, .T. ) ;
#506 = APPROVAL_PERSON_ORGANIZATION ( #707, #236, #1301 ) ;
#507 = VECTOR ( 'NONE', #295, 1000.000000000000000 ) ;
#508 = CARTESIAN_POINT ( 'NONE',  ( 10.50000000000000000, 396.5000000000000000, 13.00000000000000000 ) ) ;
#509 = ORIENTED_EDGE ( 'NONE', *, *, #383, .F. ) ;
#510 = VECTOR ( 'NONE', #1575, 1000.000000000000000 ) ;
#511 = DIRECTION ( 'NONE',  ( 0.000000000000000000, 0.000000000000000000, 1.000000000000000000 ) ) ;
#512 = VERTEX_POINT ( 'NONE', #1132 ) ;
#513 = EDGE_CURVE ( 'NONE', #1345, #1249, #126, .T. ) ;
#514 = PLANE ( 'NONE',  #905 ) ;
#515 = CARTESIAN_POINT ( 'NONE',  ( -10.50000000000000000, 390.0000000000000000, -12.94999999999999929 ) ) ;
#516 = DIRECTION ( 'NONE',  ( -1.000000000000000000, 0.000000000000000000, 0.000000000000000000 ) ) ;
#517 = VERTEX_POINT ( 'NONE', #18 ) ;
#518 = DIRECTION ( 'NONE',  ( 0.000000000000000000, -1.000000000000000000, 0.000000000000000000 ) ) ;
#519 = ORIENTED_EDGE ( 'NONE', *, *, #1368, .F. ) ;
#520 = DIRECTION ( 'NONE',  ( 0.000000000000000000, -1.000000000000000000, 0.000000000000000000 ) ) ;
#521 = DIRECTION ( 'NONE',  ( -1.000000000000000000, 0.000000000000000000, 0.000000000000000000 ) ) ;
#522 = DIRECTION ( 'NONE',  ( 1.000000000000000000, 0.000000000000000000, 0.000000000000000000 ) ) ;
#523 = VERTEX_POINT ( 'NONE', #1022 ) ;
#524 = CARTESIAN_POINT ( 'NONE',  ( -12.00000000000000000, 395.0000000000000000, -9.000000000000000000 ) ) ;
#525 = CC_DESIGN_DATE_AND_TIME_ASSIGNMENT ( #180, #914, ( #467 ) ) ;
#526 = ORIENTED_EDGE ( 'NONE', *, *, #1092, .T. ) ;
#527 = LINE ( 'NONE', #132, #1591 ) ;
#528 = VECTOR ( 'NONE', #1274, 1000.000000000000000 ) ;
#529 = CARTESIAN_POINT ( 'NONE',  ( 5.363952980265406904E-15, 390.0000000000000000, -43.79999999999999716 ) ) ;
#530 = VERTEX_POINT ( 'NONE', #1526 ) ;
#531 = EDGE_CURVE ( 'NONE', #1057, #270, #1326, .T. ) ;
#532 = DIRECTION ( 'NONE',  ( 0.000000000000000000, -1.000000000000000000, 0.000000000000000000 ) ) ;
#533 = PRODUCT_DEFINITION_FORMATION_WITH_SPECIFIED_SOURCE ( 'ANY', '', #1375, .NOT_KNOWN. ) ;
#534 = ORIENTED_EDGE ( 'NONE', *, *, #174, .F. ) ;
#535 = CIRCLE ( 'NONE', #805, 13.40993644393037521 ) ;
#536 = VECTOR ( 'NONE', #721, 1000.000000000000000 ) ;
#537 = VERTEX_POINT ( 'NONE', #46 ) ;
#538 = TOROIDAL_SURFACE ( 'NONE', #569, -131.2501955513456551, 178.7499040016718368 ) ;
#539 = VECTOR ( 'NONE', #255, 1000.000000000000000 ) ;
#540 = CARTESIAN_POINT ( 'NONE',  ( 0.000000000000000000, 395.0000000000000000, 0.000000000000000000 ) ) ;
#541 = ORIENTED_EDGE ( 'NONE', *, *, #1621, .F. ) ;
#542 = EDGE_CURVE ( 'NONE', #156, #1377, #321, .T. ) ;
#543 = CARTESIAN_POINT ( 'NONE',  ( 0.000000000000000000, 334.9999303173929093, 0.000000000000000000 ) ) ;
#544 = CARTESIAN_POINT ( 'NONE',  ( 4.546978854086215663E-15, 395.0000000000000000, -37.12889999999999446 ) ) ;
#545 = EDGE_LOOP ( 'NONE', ( #152, #1599, #526, #1052 ) ) ;
#546 = CARTESIAN_POINT ( 'NONE',  ( 12.00000000000000000, 395.0000000000000000, 9.000000000000000000 ) ) ;
#547 = APPLICATION_CONTEXT ( 'configuration controlled 3d designs of mechanical parts and assemblies' ) ;
#548 = PERSON_AND_ORGANIZATION_ROLE ( 'creator' ) ;
#549 = VERTEX_POINT ( 'NONE', #921 ) ;
#550 = CARTESIAN_POINT ( 'NONE',  ( -9.500000000000000000, 395.0000000000000000, 9.000000000000000000 ) ) ;
#551 = DIRECTION ( 'NONE',  ( -1.000000000000000000, 0.000000000000000000, -0.000000000000000000 ) ) ;
#552 = VERTEX_POINT ( 'NONE', #1545 ) ;
#553 = MANIFOLD_SOLID_BREP ( 'Cut-Extrude7', #1140 ) ;
#554 = LINE ( 'NONE', #61, #246 ) ;
#555 = ORIENTED_EDGE ( 'NONE', *, *, #948, .T. ) ;
#556 = EDGE_CURVE ( 'NONE', #252, #39, #1482, .T. ) ;
#557 = CARTESIAN_POINT ( 'NONE',  ( 9.500000000000000000, 395.0000000000000000, 9.000000000000000000 ) ) ;
#558 = VERTEX_POINT ( 'NONE', #705 ) ;
#559 = CARTESIAN_POINT ( 'NONE',  ( 10.50000000000000000, 395.0000000000000000, -12.94999999999999929 ) ) ;
#560 = EDGE_CURVE ( 'NONE', #1148, #755, #684, .T. ) ;
#561 = DIRECTION ( 'NONE',  ( 0.000000000000000000, -1.000000000000000000, 0.000000000000000000 ) ) ;
#562 = CARTESIAN_POINT ( 'NONE',  ( 10.50000000000000000, 396.5000000000000000, 11.94999999999999929 ) ) ;
#563 = DIRECTION ( 'NONE',  ( 0.000000000000000000, 0.000000000000000000, 1.000000000000000000 ) ) ;
#564 = ORIENTED_EDGE ( 'NONE', *, *, #76, .T. ) ;
#565 = AXIS2_PLACEMENT_3D ( 'NONE', #428, #1574, #933 ) ;
#566 = AXIS2_PLACEMENT_3D ( 'NONE', #290, #381, #653 ) ;
#567 = ADVANCED_FACE ( 'NONE', ( #1212 ), #796, .T. ) ;
#568 = CARTESIAN_POINT ( 'NONE',  ( -10.50000000000000000, 396.5000000000000000, -12.94999999999999929 ) ) ;
#569 = AXIS2_PLACEMENT_3D ( 'NONE', #543, #814, #1205 ) ;
#570 = COORDINATED_UNIVERSAL_TIME_OFFSET ( 12, 0, .AHEAD. ) ;
#571 = ORIENTED_EDGE ( 'NONE', *, *, #556, .F. ) ;
#572 = DIRECTION ( 'NONE',  ( 0.000000000000000000, 0.000000000000000000, 1.000000000000000000 ) ) ;
#573 = CARTESIAN_POINT ( 'NONE',  ( 46.70374717300529710, 325.0000000000000000, 3.000000000000000000 ) ) ;
#574 = PLANE ( 'NONE',  #1356 ) ;
#575 = EDGE_LOOP ( 'NONE', ( #1317, #1272, #103, #1623 ) ) ;
#576 = DIRECTION ( 'NONE',  ( -0.000000000000000000, 1.000000000000000000, -0.000000000000000000 ) ) ;
#577 = VERTEX_POINT ( 'NONE', #1192 ) ;
#578 = CARTESIAN_POINT ( 'NONE',  ( 20.00000000000000000, 412.0000000000000000, 1.100000000000000089 ) ) ;
#579 = CARTESIAN_POINT ( 'NONE',  ( -12.00000000000000000, 422.0000000000000568, -9.000000000000000000 ) ) ;
#580 = DIRECTION ( 'NONE',  ( 0.000000000000000000, 0.000000000000000000, -1.000000000000000000 ) ) ;
#581 = DIRECTION ( 'NONE',  ( 1.000000000000000000, -0.000000000000000000, -0.000000000000000000 ) ) ;
#582 = VERTEX_POINT ( 'NONE', #1297 ) ;
#583 = EDGE_CURVE ( 'NONE', #496, #577, #1421, .T. ) ;
#584 = ORIENTED_EDGE ( 'NONE', *, *, #441, .F. ) ;
#585 = FACE_OUTER_BOUND ( 'NONE', #320, .T. ) ;
#586 = CARTESIAN_POINT ( 'NONE',  ( 46.70374717300529710, 460.0000000000000000, 3.000000000000000000 ) ) ;
#587 = EDGE_CURVE ( 'NONE', #74, #947, #169, .T. ) ;
#588 = DIRECTION ( 'NONE',  ( 1.000000000000000000, -0.000000000000000000, -0.000000000000000000 ) ) ;
#589 = VERTEX_POINT ( 'NONE', #557 ) ;
#590 = AXIS2_PLACEMENT_3D ( 'NONE', #978, #1491, #1477 ) ;
#591 = CIRCLE ( 'NONE', #457, 43.79999999999999716 ) ;
#592 = VECTOR ( 'NONE', #162, 1000.000000000000000 ) ;
#593 = AXIS2_PLACEMENT_3D ( 'NONE', #150, #497, #1282 ) ;
#594 = CARTESIAN_POINT ( 'NONE',  ( 3.094611214184546779E-15, 439.9998083731135807, -13.40993644393037521 ) ) ;
#595 = AXIS2_PLACEMENT_3D ( 'NONE', #999, #1498, #1374 ) ;
#596 = FACE_BOUND ( 'NONE', #742, .T. ) ;
#597 = EDGE_CURVE ( 'NONE', #876, #815, #75, .T. ) ;
#598 = CARTESIAN_POINT ( 'NONE',  ( 9.500000000000000000, 395.0000000000000000, 9.000000000000000000 ) ) ;
#599 = ORIENTED_EDGE ( 'NONE', *, *, #600, .F. ) ;
#600 = EDGE_CURVE ( 'NONE', #1551, #1518, #1449, .T. ) ;
#601 = CARTESIAN_POINT ( 'NONE',  ( -10.50000000000000000, 390.0000000000000000, -14.00000000000000000 ) ) ;
#602 = CARTESIAN_POINT ( 'NONE',  ( 0.000000000000000000, 334.9999998889855988, 0.000000000000000000 ) ) ;
#603 = DIRECTION ( 'NONE',  ( 0.000000000000000000, 0.000000000000000000, -1.000000000000000000 ) ) ;
#604 = DIRECTION ( 'NONE',  ( 0.000000000000000000, 0.000000000000000000, 1.000000000000000000 ) ) ;
#605 = VERTEX_POINT ( 'NONE', #1059 ) ;
#606 = ADVANCED_FACE ( 'NONE', ( #675 ), #1200, .T. ) ;
#607 = CARTESIAN_POINT ( 'NONE',  ( -0.8999999999999980238, 390.0000000000000000, 0.000000000000000000 ) ) ;
#608 = CARTESIAN_POINT ( 'NONE',  ( 9.500000000000000000, 422.0000000000000568, -9.000000000000000000 ) ) ;
#609 = CARTESIAN_POINT ( 'NONE',  ( 0.000000000000000000, 336.9999998849486929, 0.000000000000000000 ) ) ;
#610 = ORIENTED_EDGE ( 'NONE', *, *, #1174, .T. ) ;
#611 = ORIENTED_EDGE ( 'NONE', *, *, #241, .F. ) ;
#612 = EDGE_CURVE ( 'NONE', #791, #1257, #747, .T. ) ;
#613 = CIRCLE ( 'NONE', #641, 1.050000000000000488 ) ;
#614 = PLANE ( 'NONE',  #1167 ) ;
#615 = AXIS2_PLACEMENT_3D ( 'NONE', #238, #1603, #474 ) ;
#616 = CIRCLE ( 'NONE', #1534, 1.050000000000000488 ) ;
#617 = LINE ( 'NONE', #608, #488 ) ;
#618 = VECTOR ( 'NONE', #1149, 1000.000000000000000 ) ;
#619 = CARTESIAN_POINT ( 'NONE',  ( 0.000000000000000000, 395.0000000000000000, 0.000000000000000000 ) ) ;
#620 = AXIS2_PLACEMENT_3D ( 'NONE', #107, #96, #116 ) ;
#621 = CARTESIAN_POINT ( 'NONE',  ( 49.79999999999999716, 325.0000000000000000, 3.000000000000000000 ) ) ;
#622 = VERTEX_POINT ( 'NONE', #303 ) ;
#623 = ORIENTED_EDGE ( 'NONE', *, *, #1475, .T. ) ;
#624 = DIRECTION ( 'NONE',  ( 0.000000000000000000, 0.000000000000000000, -1.000000000000000000 ) ) ;
#625 =( NAMED_UNIT ( * ) PLANE_ANGLE_UNIT ( ) SI_UNIT ( $, .RADIAN. ) );
#626 = LINE ( 'NONE', #134, #250 ) ;
#627 = EDGE_LOOP ( 'NONE', ( #1376, #610 ) ) ;
#628 = ORIENTED_EDGE ( 'NONE', *, *, #505, .F. ) ;
#629 = PRODUCT_RELATED_PRODUCT_CATEGORY ( 'detail', '', ( #1375 ) ) ;
#630 = DIRECTION ( 'NONE',  ( -1.000000000000000000, 0.000000000000000000, 0.000000000000000000 ) ) ;
#631 =( NAMED_UNIT ( * ) SI_UNIT ( $, .STERADIAN. ) SOLID_ANGLE_UNIT ( ) );
#632 = EDGE_CURVE ( 'NONE', #819, #755, #443, .T. ) ;
#633 = DIRECTION ( 'NONE',  ( -0.000000000000000000, 1.000000000000000000, -0.000000000000000000 ) ) ;
#634 = EDGE_CURVE ( 'NONE', #1015, #470, #141, .T. ) ;
#635 = EDGE_LOOP ( 'NONE', ( #896, #387 ) ) ;
#636 = CYLINDRICAL_SURFACE ( 'NONE', #566, 7.000000000000000000 ) ;
#637 = ORIENTED_EDGE ( 'NONE', *, *, #822, .T. ) ;
#638 = PLANE ( 'NONE',  #197 ) ;
#639 = DIRECTION ( 'NONE',  ( -1.000000000000000000, 0.000000000000000000, 0.000000000000000000 ) ) ;
#640 = ORIENTED_EDGE ( 'NONE', *, *, #1211, .T. ) ;
#641 = AXIS2_PLACEMENT_3D ( 'NONE', #974, #1497, #845 ) ;
#642 = AXIS2_PLACEMENT_3D ( 'NONE', #1465, #1455, #328 ) ;
#643 = DIRECTION ( 'NONE',  ( 0.000000000000000000, -1.000000000000000000, 0.000000000000000000 ) ) ;
#644 = ORIENTED_EDGE ( 'NONE', *, *, #219, .T. ) ;
#645 = VECTOR ( 'NONE', #561, 1000.000000000000000 ) ;
#646 = PLANE ( 'NONE',  #1378 ) ;
#647 = ORIENTED_EDGE ( 'NONE', *, *, #650, .F. ) ;
#648 = CARTESIAN_POINT ( 'NONE',  ( -12.00000000000000000, 422.0000000000000568, 9.000000000000000000 ) ) ;
#649 = CARTESIAN_POINT ( 'NONE',  ( -10.50000000000000000, 395.0000000000000000, -15.05000000000000071 ) ) ;
#650 = EDGE_CURVE ( 'NONE', #39, #252, #1096, .T. ) ;
#651 = FACE_OUTER_BOUND ( 'NONE', #1296, .T. ) ;
#652 = ORIENTED_EDGE ( 'NONE', *, *, #1561, .T. ) ;
#653 = DIRECTION ( 'NONE',  ( 0.000000000000000000, 0.000000000000000000, 1.000000000000000000 ) ) ;
#654 = ORIENTED_EDGE ( 'NONE', *, *, #109, .F. ) ;
#655 = EDGE_CURVE ( 'NONE', #23, #876, #1419, .T. ) ;
#656 = CARTESIAN_POINT ( 'NONE',  ( -10.50000000000000000, 390.0000000000000000, 13.00000000000000000 ) ) ;
#657 = DIRECTION ( 'NONE',  ( -1.000000000000000000, 0.000000000000000000, 0.000000000000000000 ) ) ;
#658 = EDGE_LOOP ( 'NONE', ( #397, #696 ) ) ;
#659 = CYLINDRICAL_SURFACE ( 'NONE', #1035, 1.050000000000000488 ) ;
#660 = ORIENTED_EDGE ( 'NONE', *, *, #542, .T. ) ;
#661 = ORIENTED_EDGE ( 'NONE', *, *, #42, .T. ) ;
#662 = CARTESIAN_POINT ( 'NONE',  ( 10.50000000000000000, 395.0000000000000000, -14.00000000000000000 ) ) ;
#663 = ADVANCED_FACE ( 'NONE', ( #258, #1040 ), #646, .F. ) ;
#664 = AXIS2_PLACEMENT_3D ( 'NONE', #737, #367, #1600 ) ;
#665 = APPROVAL_ROLE ( '' ) ;
#666 = EDGE_LOOP ( 'NONE', ( #509, #584, #312, #30 ) ) ;
#667 = CARTESIAN_POINT ( 'NONE',  ( -9.500000000000000000, 422.0000000000000568, -9.000000000000000000 ) ) ;
#668 = ORIENTED_EDGE ( 'NONE', *, *, #28, .T. ) ;
#669 = AXIS2_PLACEMENT_3D ( 'NONE', #1530, #518, #406 ) ;
#670 = CIRCLE ( 'NONE', #1034, 1.100000000000000089 ) ;
#671 = DIRECTION ( 'NONE',  ( -0.000000000000000000, 1.000000000000000000, -0.000000000000000000 ) ) ;
#672 = ORIENTED_EDGE ( 'NONE', *, *, #1174, .F. ) ;
#673 = CIRCLE ( 'NONE', #620, 1.050000000000000488 ) ;
#674 = AXIS2_PLACEMENT_3D ( 'NONE', #1241, #862, #1364 ) ;
#675 = FACE_OUTER_BOUND ( 'NONE', #1000, .T. ) ;
#676 = EDGE_LOOP ( 'NONE', ( #555, #228, #919, #1044 ) ) ;
#677 = DIRECTION ( 'NONE',  ( 0.000000000000000000, 0.000000000000000000, 1.000000000000000000 ) ) ;
#678 = CARTESIAN_POINT ( 'NONE',  ( 0.000000000000000000, 336.9999998849486929, 0.000000000000000000 ) ) ;
#679 = EDGE_CURVE ( 'NONE', #1369, #171, #1590, .T. ) ;
#680 = DIRECTION ( 'NONE',  ( -0.000000000000000000, 1.000000000000000000, -0.000000000000000000 ) ) ;
#681 = CARTESIAN_POINT ( 'NONE',  ( 9.500000000000000000, 412.0000000000000000, -1.100000000000000089 ) ) ;
#682 = EDGE_LOOP ( 'NONE', ( #306, #534, #519, #1074 ) ) ;
#683 = EDGE_CURVE ( 'NONE', #1226, #423, #408, .T. ) ;
#684 = LINE ( 'NONE', #694, #1462 ) ;
#685 = EDGE_CURVE ( 'NONE', #1560, #54, #280, .T. ) ;
#686 = DATE_AND_TIME ( #77, #244 ) ;
#687 = EDGE_LOOP ( 'NONE', ( #672, #240, #956, #1292 ) ) ;
#688 = DIRECTION ( 'NONE',  ( -0.000000000000000000, -1.000000000000000000, -0.000000000000000000 ) ) ;
#689 = DIRECTION ( 'NONE',  ( 0.000000000000000000, 0.000000000000000000, -1.000000000000000000 ) ) ;
#690 = CARTESIAN_POINT ( 'NONE',  ( 45.00000000000000000, 335.0000000000000000, 3.000000000000000000 ) ) ;
#691 = ADVANCED_FACE ( 'NONE', ( #130 ), #636, .F. ) ;
#692 = DIRECTION ( 'NONE',  ( 0.000000000000000000, 0.000000000000000000, 1.000000000000000000 ) ) ;
#693 = EDGE_LOOP ( 'NONE', ( #1199, #1410, #1041, #875 ) ) ;
#694 = CARTESIAN_POINT ( 'NONE',  ( -12.00000000000000000, 395.0000000000000000, 9.000000000000000000 ) ) ;
#695 = CALENDAR_DATE ( 2026, 29, 9 ) ;
#696 = ORIENTED_EDGE ( 'NONE', *, *, #1444, .T. ) ;
#697 = CARTESIAN_POINT ( 'NONE',  ( 0.000000000000000000, 320.0000000000000000, 0.000000000000000000 ) ) ;
#698 = DIRECTION ( 'NONE',  ( -0.000000000000000000, 1.000000000000000000, -0.000000000000000000 ) ) ;
#699 = DIRECTION ( 'NONE',  ( -1.000000000000000000, 0.000000000000000000, 0.000000000000000000 ) ) ;
#700 = DIRECTION ( 'NONE',  ( 0.000000000000000000, 0.000000000000000000, 1.000000000000000000 ) ) ;
#701 = ORIENTED_EDGE ( 'NONE', *, *, #1542, .F. ) ;
#702 = AXIS2_PLACEMENT_3D ( 'NONE', #10, #398, #253 ) ;
#703 = AXIS2_PLACEMENT_3D ( 'NONE', #1577, #816, #1085 ) ;
#704 = EDGE_CURVE ( 'NONE', #171, #1369, #1336, .T. ) ;
#705 = CARTESIAN_POINT ( 'NONE',  ( 8.099999999999999645, 390.0000000000000000, 23.50000000000000000 ) ) ;
#706 = VECTOR ( 'NONE', #1398, 1000.000000000000000 ) ;
#707 = PERSON_AND_ORGANIZATION ( #459, #40 ) ;
#708 = VERTEX_POINT ( 'NONE', #389 ) ;
#709 = DIRECTION ( 'NONE',  ( -0.000000000000000000, 1.000000000000000000, -0.000000000000000000 ) ) ;
#710 = DIRECTION ( 'NONE',  ( 0.000000000000000000, 0.000000000000000000, -1.000000000000000000 ) ) ;
#711 = LINE ( 'NONE', #1197, #964 ) ;
#712 = CARTESIAN_POINT ( 'NONE',  ( 9.500000000000000000, 422.0000000000000568, 9.000000000000000000 ) ) ;
#713 = EDGE_LOOP ( 'NONE', ( #1079, #887 ) ) ;
#714 = EDGE_CURVE ( 'NONE', #1547, #582, #333, .T. ) ;
#715 = EDGE_LOOP ( 'NONE', ( #1351, #1466 ) ) ;
#716 = CARTESIAN_POINT ( 'NONE',  ( 0.000000000000000000, 395.0000000000000000, 37.12889999999999446 ) ) ;
#717 = LINE ( 'NONE', #1472, #1299 ) ;
#718 = DIRECTION ( 'NONE',  ( -1.000000000000000000, 0.000000000000000000, -0.000000000000000000 ) ) ;
#719 = EDGE_LOOP ( 'NONE', ( #1302, #1451 ) ) ;
#720 = ORIENTED_EDGE ( 'NONE', *, *, #1143, .F. ) ;
#721 = DIRECTION ( 'NONE',  ( -0.000000000000000000, 1.000000000000000000, -0.000000000000000000 ) ) ;
#722 = CYLINDRICAL_SURFACE ( 'NONE', #1099, 5.000000000000000000 ) ;
#723 = DIRECTION ( 'NONE',  ( 1.000000000000000000, 0.000000000000000000, -0.000000000000000000 ) ) ;
#724 = ORIENTED_EDGE ( 'NONE', *, *, #583, .F. ) ;
#725 = AXIS2_PLACEMENT_3D ( 'NONE', #926, #1308, #1069 ) ;
#726 = CARTESIAN_POINT ( 'NONE',  ( 0.000000000000000000, 336.9999998849486929, 47.48889929593229198 ) ) ;
#727 = VECTOR ( 'NONE', #1362, 1000.000000000000000 ) ;
#728 = DIRECTION ( 'NONE',  ( -1.000000000000000000, -0.000000000000000000, -0.000000000000000000 ) ) ;
#729 = DIRECTION ( 'NONE',  ( 0.000000000000000000, 0.000000000000000000, 1.000000000000000000 ) ) ;
#730 = ORIENTED_EDGE ( 'NONE', *, *, #28, .F. ) ;
#731 = EDGE_CURVE ( 'NONE', #23, #589, #1387, .T. ) ;
#732 = FACE_OUTER_BOUND ( 'NONE', #190, .T. ) ;
#733 = DIRECTION ( 'NONE',  ( 0.000000000000000000, 0.000000000000000000, 1.000000000000000000 ) ) ;
#734 = CARTESIAN_POINT ( 'NONE',  ( 46.70374717300529710, 460.0000000000000000, -3.000000000000000000 ) ) ;
#735 = ORIENTED_EDGE ( 'NONE', *, *, #254, .F. ) ;
#736 = EDGE_CURVE ( 'NONE', #1263, #1320, #1509, .T. ) ;
#737 = CARTESIAN_POINT ( 'NONE',  ( 0.000000000000000000, 460.0000000000000000, 0.000000000000000000 ) ) ;
#738 = DIRECTION ( 'NONE',  ( 0.000000000000000000, 0.000000000000000000, -1.000000000000000000 ) ) ;
#739 = FACE_OUTER_BOUND ( 'NONE', #1202, .T. ) ;
#740 = EDGE_LOOP ( 'NONE', ( #279, #3, #67, #1508 ) ) ;
#741 = VECTOR ( 'NONE', #630, 1000.000000000000000 ) ;
#742 = EDGE_LOOP ( 'NONE', ( #994, #795, #1001, #1347 ) ) ;
#743 = AXIS2_PLACEMENT_3D ( 'NONE', #133, #1127, #268 ) ;
#744 = AXIS2_PLACEMENT_3D ( 'NONE', #1217, #680, #1446 ) ;
#745 = EDGE_CURVE ( 'NONE', #490, #622, #881, .T. ) ;
#746 = CARTESIAN_POINT ( 'NONE',  ( 46.70374717300529710, 335.0000000000000000, 3.000000000000000000 ) ) ;
#747 = CIRCLE ( 'NONE', #357, 43.79999999999999716 ) ;
#748 = AXIS2_PLACEMENT_3D ( 'NONE', #1221, #58, #1443 ) ;
#749 = DIRECTION ( 'NONE',  ( -1.000000000000000000, 0.000000000000000000, -0.000000000000000000 ) ) ;
#750 = TOROIDAL_SURFACE ( 'NONE', #595, -131.2500000000000000, 181.2500000000000284 ) ;
#751 = CIRCLE ( 'NONE', #1383, 46.80000000000000426 ) ;
#752 = DIRECTION ( 'NONE',  ( 0.000000000000000000, 0.000000000000000000, -1.000000000000000000 ) ) ;
#753 = ORIENTED_EDGE ( 'NONE', *, *, #464, .F. ) ;
#754 = EDGE_CURVE ( 'NONE', #1377, #1148, #139, .T. ) ;
#755 = VERTEX_POINT ( 'NONE', #1137 ) ;
#756 = LINE ( 'NONE', #143, #31 ) ;
#757 = EDGE_CURVE ( 'NONE', #423, #1226, #273, .T. ) ;
#758 = CARTESIAN_POINT ( 'NONE',  ( 5.363952980265406904E-15, 336.9999998849486929, -43.79999999999999716 ) ) ;
#759 = DIRECTION ( 'NONE',  ( -0.000000000000000000, 1.000000000000000000, -0.000000000000000000 ) ) ;
#760 = EDGE_LOOP ( 'NONE', ( #784, #849, #769, #1367 ) ) ;
#761 = DIRECTION ( 'NONE',  ( 0.000000000000000000, 0.000000000000000000, 1.000000000000000000 ) ) ;
#762 = VERTEX_POINT ( 'NONE', #911 ) ;
#763 = CARTESIAN_POINT ( 'NONE',  ( 9.500000000000000000, 412.0000000000000000, 0.000000000000000000 ) ) ;
#764 = DIRECTION ( 'NONE',  ( 0.000000000000000000, 0.000000000000000000, 1.000000000000000000 ) ) ;
#765 = LINE ( 'NONE', #894, #706 ) ;
#766 = ADVANCED_FACE ( 'NONE', ( #1412, #785 ), #1288, .T. ) ;
#767 = ORIENTED_EDGE ( 'NONE', *, *, #1104, .T. ) ;
#768 = CARTESIAN_POINT ( 'NONE',  ( 9.500000000000000000, 422.0000000000000568, 9.000000000000000000 ) ) ;
#769 = ORIENTED_EDGE ( 'NONE', *, *, #293, .F. ) ;
#770 = FACE_OUTER_BOUND ( 'NONE', #889, .T. ) ;
#771 = EDGE_CURVE ( 'NONE', #1320, #1281, #554, .T. ) ;
#772 = CIRCLE ( 'NONE', #882, 50.00000000000000000 ) ;
#773 = AXIS2_PLACEMENT_3D ( 'NONE', #1507, #1181, #888 ) ;
#774 = CARTESIAN_POINT ( 'NONE',  ( 20.00000000000000000, 412.0000000000000000, 0.000000000000000000 ) ) ;
#775 = ORIENTED_EDGE ( 'NONE', *, *, #476, .F. ) ;
#776 = CIRCLE ( 'NONE', #95, 46.80000000000000426 ) ;
#777 = EDGE_CURVE ( 'NONE', #330, #370, #535, .T. ) ;
#778 = CARTESIAN_POINT ( 'NONE',  ( 0.000000000000000000, 320.0000000000000000, 0.000000000000000000 ) ) ;
#779 = EDGE_LOOP ( 'NONE', ( #1284, #1080, #1145, #91 ) ) ;
#780 = CARTESIAN_POINT ( 'NONE',  ( -9.500000000000000000, 422.0000000000000568, 9.000000000000000000 ) ) ;
#781 =( LENGTH_UNIT ( ) NAMED_UNIT ( * ) SI_UNIT ( .MILLI., .METRE. ) );
#782 = ORIENTED_EDGE ( 'NONE', *, *, #745, .T. ) ;
#783 = CARTESIAN_POINT ( 'NONE',  ( 0.000000000000000000, 335.0000000000000000, 0.000000000000000000 ) ) ;
#784 = ORIENTED_EDGE ( 'NONE', *, *, #1159, .T. ) ;
#785 = FACE_OUTER_BOUND ( 'NONE', #793, .T. ) ;
#786 = ORIENTED_EDGE ( 'NONE', *, *, #349, .F. ) ;
#787 = ADVANCED_FACE ( 'NONE', ( #301 ), #1208, .F. ) ;
#788 = EDGE_CURVE ( 'NONE', #1345, #62, #1487, .T. ) ;
#789 = DIRECTION ( 'NONE',  ( -1.000000000000000000, 0.000000000000000000, 0.000000000000000000 ) ) ;
#790 = CALENDAR_DATE ( 2026, 29, 9 ) ;
#791 = VERTEX_POINT ( 'NONE', #1223 ) ;
#792 = LINE ( 'NONE', #1134, #1177 ) ;
#793 = EDGE_LOOP ( 'NONE', ( #1570, #1610 ) ) ;
#794 = CARTESIAN_POINT ( 'NONE',  ( 10.50000000000000000, 395.0000000000000000, 13.00000000000000000 ) ) ;
#795 = ORIENTED_EDGE ( 'NONE', *, *, #371, .T. ) ;
#796 = PLANE ( 'NONE',  #1250 ) ;
#797 = EDGE_CURVE ( 'NONE', #517, #23, #1078, .T. ) ;
#798 = PERSON_AND_ORGANIZATION_ROLE ( 'creator' ) ;
#799 = ORIENTED_EDGE ( 'NONE', *, *, #505, .T. ) ;
#800 = DIRECTION ( 'NONE',  ( 0.000000000000000000, -1.000000000000000000, 0.000000000000000000 ) ) ;
#801 = CARTESIAN_POINT ( 'NONE',  ( 10.50000000000000000, 390.0000000000000000, 11.94999999999999929 ) ) ;
#802 = CIRCLE ( 'NONE', #1467, 1.050000000000000488 ) ;
#803 = AXIS2_PLACEMENT_3D ( 'NONE', #1195, #829, #173 ) ;
#804 = EDGE_LOOP ( 'NONE', ( #1061, #1312, #1194, #1502 ) ) ;
#805 = AXIS2_PLACEMENT_3D ( 'NONE', #965, #1569, #341 ) ;
#806 = DIRECTION ( 'NONE',  ( -1.000000000000000000, 0.000000000000000000, 0.000000000000000000 ) ) ;
#807 = ORIENTED_EDGE ( 'NONE', *, *, #1204, .F. ) ;
#808 = VECTOR ( 'NONE', #867, 1000.000000000000000 ) ;
#809 = DIRECTION ( 'NONE',  ( 0.000000000000000000, -1.000000000000000000, 0.000000000000000000 ) ) ;
#810 = PERSON_AND_ORGANIZATION ( #459, #40 ) ;
#811 = ORIENTED_EDGE ( 'NONE', *, *, #455, .T. ) ;
#812 = CARTESIAN_POINT ( 'NONE',  ( 0.000000000000000000, 452.2113475735178554, 0.000000000000000000 ) ) ;
#813 = ADVANCED_FACE ( 'NONE', ( #1559 ), #211, .F. ) ;
#814 = DIRECTION ( 'NONE',  ( -0.000000000000000000, 1.000000000000000000, -0.000000000000000000 ) ) ;
#815 = VERTEX_POINT ( 'NONE', #946 ) ;
#816 = DIRECTION ( 'NONE',  ( 0.000000000000000000, 0.000000000000000000, -1.000000000000000000 ) ) ;
#817 = VERTEX_POINT ( 'NONE', #1427 ) ;
#818 = DIRECTION ( 'NONE',  ( 0.000000000000000000, -1.000000000000000000, 0.000000000000000000 ) ) ;
#819 = VERTEX_POINT ( 'NONE', #1550 ) ;
#820 = CARTESIAN_POINT ( 'NONE',  ( 10.50000000000000000, 395.0000000000000000, -15.05000000000000071 ) ) ;
#821 = FACE_BOUND ( 'NONE', #154, .T. ) ;
#822 = EDGE_CURVE ( 'NONE', #252, #330, #1234, .T. ) ;
#823 = FACE_OUTER_BOUND ( 'NONE', #627, .T. ) ;
#824 = ORIENTED_EDGE ( 'NONE', *, *, #736, .F. ) ;
#825 = CARTESIAN_POINT ( 'NONE',  ( 45.00000000000000000, 325.0000000000000000, -3.000000000000000000 ) ) ;
#826 = COORDINATED_UNIVERSAL_TIME_OFFSET ( 12, 0, .AHEAD. ) ;
#827 = VERTEX_POINT ( 'NONE', #1337 ) ;
#828 = ADVANCED_FACE ( 'NONE', ( #186 ), #430, .F. ) ;
#829 = DIRECTION ( 'NONE',  ( 0.000000000000000000, -1.000000000000000000, 0.000000000000000000 ) ) ;
#830 = AXIS2_PLACEMENT_3D ( 'NONE', #662, #520, #157 ) ;
#831 = LINE ( 'NONE', #1332, #274 ) ;
#832 = PLANE ( 'NONE',  #1607 ) ;
#833 = VECTOR ( 'NONE', #639, 1000.000000000000000 ) ;
#834 = AXIS2_PLACEMENT_3D ( 'NONE', #231, #856, #340 ) ;
#835 = DIRECTION ( 'NONE',  ( -0.000000000000000000, -0.000000000000000000, 1.000000000000000000 ) ) ;
#836 = ORIENTED_EDGE ( 'NONE', *, *, #597, .T. ) ;
#837 = AXIS2_PLACEMENT_3D ( 'NONE', #1493, #1473, #729 ) ;
#838 = EDGE_CURVE ( 'NONE', #530, #1214, #7, .T. ) ;
#839 = VECTOR ( 'NONE', #1519, 1000.000000000000000 ) ;
#840 = AXIS2_PLACEMENT_3D ( 'NONE', #609, #1232, #365 ) ;
#841 = AXIS2_PLACEMENT_3D ( 'NONE', #386, #1036, #123 ) ;
#842 = ORIENTED_EDGE ( 'NONE', *, *, #1211, .F. ) ;
#843 = DIRECTION ( 'NONE',  ( -0.000000000000000000, 1.000000000000000000, -0.000000000000000000 ) ) ;
#844 = ADVANCED_BREP_SHAPE_REPRESENTATION ( 'Nose Cone', ( #553, #1007 ), #1563 ) ;
#845 = DIRECTION ( 'NONE',  ( 0.000000000000000000, 0.000000000000000000, -1.000000000000000000 ) ) ;
#846 = DIRECTION ( 'NONE',  ( 0.000000000000000000, -1.000000000000000000, 0.000000000000000000 ) ) ;
#847 = ORIENTED_EDGE ( 'NONE', *, *, #634, .T. ) ;
#848 = ADVANCED_FACE ( 'NONE', ( #1447 ), #319, .T. ) ;
#849 = ORIENTED_EDGE ( 'NONE', *, *, #455, .F. ) ;
#850 = DIRECTION ( 'NONE',  ( 0.000000000000000000, -1.000000000000000000, 0.000000000000000000 ) ) ;
#851 = CARTESIAN_POINT ( 'NONE',  ( -9.499999999999998224, 412.0000000000000000, -1.100000000000000089 ) ) ;
#852 = CARTESIAN_POINT ( 'NONE',  ( -10.50000000000000000, 395.0000000000000000, 14.05000000000000071 ) ) ;
#853 = ORIENTED_EDGE ( 'NONE', *, *, #1368, .T. ) ;
#854 = DIRECTION ( 'NONE',  ( 0.000000000000000000, 0.000000000000000000, -1.000000000000000000 ) ) ;
#855 = CARTESIAN_POINT ( 'NONE',  ( 38.82820000000000249, 390.0000000000000000, 0.000000000000000000 ) ) ;
#856 = DIRECTION ( 'NONE',  ( -0.000000000000000000, 1.000000000000000000, -0.000000000000000000 ) ) ;
#857 = DIRECTION ( 'NONE',  ( -1.000000000000000000, 0.000000000000000000, 0.000000000000000000 ) ) ;
#858 = ORIENTED_EDGE ( 'NONE', *, *, #1189, .T. ) ;
#859 = LOCAL_TIME ( 17, 50, 20.00000000000000000, #570 ) ;
#860 = DIRECTION ( 'NONE',  ( -0.000000000000000000, 1.000000000000000000, -0.000000000000000000 ) ) ;
#861 = AXIS2_PLACEMENT_3D ( 'NONE', #486, #1090, #738 ) ;
#862 = DIRECTION ( 'NONE',  ( -0.000000000000000000, 1.000000000000000000, -0.000000000000000000 ) ) ;
#863 = CARTESIAN_POINT ( 'NONE',  ( -12.00000000000000000, 422.0000000000000568, -9.000000000000000000 ) ) ;
#864 = VERTEX_POINT ( 'NONE', #681 ) ;
#865 = DIRECTION ( 'NONE',  ( 0.000000000000000000, -1.000000000000000000, 0.000000000000000000 ) ) ;
#866 = CARTESIAN_POINT ( 'NONE',  ( 10.50000000000000000, 396.5000000000000000, -14.00000000000000000 ) ) ;
#867 = DIRECTION ( 'NONE',  ( -0.000000000000000000, 1.000000000000000000, -0.000000000000000000 ) ) ;
#868 = ORIENTED_EDGE ( 'NONE', *, *, #254, .T. ) ;
#869 = EDGE_CURVE ( 'NONE', #558, #762, #955, .T. ) ;
#870 = EDGE_LOOP ( 'NONE', ( #206, #108, #1161, #1413 ) ) ;
#871 = CARTESIAN_POINT ( 'NONE',  ( 0.000000000000000000, 390.0000000000000000, 0.000000000000000000 ) ) ;
#872 = EDGE_CURVE ( 'NONE', #951, #1309, #937, .T. ) ;
#873 = LINE ( 'NONE', #1397, #539 ) ;
#874 = CYLINDRICAL_SURFACE ( 'NONE', #1146, 43.79999999999999716 ) ;
#875 = ORIENTED_EDGE ( 'NONE', *, *, #1399, .F. ) ;
#876 = VERTEX_POINT ( 'NONE', #1316 ) ;
#877 = ADVANCED_FACE ( 'NONE', ( #823, #1198 ), #574, .T. ) ;
#878 = ADVANCED_FACE ( 'NONE', ( #449 ), #1584, .T. ) ;
#879 = CIRCLE ( 'NONE', #1030, 7.000000000000000000 ) ;
#880 = CARTESIAN_POINT ( 'NONE',  ( 45.00000000000000000, 335.0000000000000000, -3.000000000000000000 ) ) ;
#881 = CIRCLE ( 'NONE', #68, 7.000000000000000000 ) ;
#882 = AXIS2_PLACEMENT_3D ( 'NONE', #1075, #709, #1313 ) ;
#883 = LINE ( 'NONE', #498, #1532 ) ;
#884 = VECTOR ( 'NONE', #1018, 1000.000000000000000 ) ;
#885 = VECTOR ( 'NONE', #1615, 1000.000000000000000 ) ;
#886 = CARTESIAN_POINT ( 'NONE',  ( 9.500000000000000000, 395.0000000000000000, -9.000000000000000000 ) ) ;
#887 = ORIENTED_EDGE ( 'NONE', *, *, #650, .T. ) ;
#888 = DIRECTION ( 'NONE',  ( 0.000000000000000000, 0.000000000000000000, -1.000000000000000000 ) ) ;
#889 = EDGE_LOOP ( 'NONE', ( #1027, #1032, #1523, #720 ) ) ;
#890 = ADVANCED_FACE ( 'NONE', ( #489 ), #353, .F. ) ;
#891 = DIRECTION ( 'NONE',  ( -0.000000000000000000, 1.000000000000000000, -0.000000000000000000 ) ) ;
#892 = ADVANCED_FACE ( 'NONE', ( #1485 ), #981, .F. ) ;
#893 = DIRECTION ( 'NONE',  ( 0.000000000000000000, 0.000000000000000000, -1.000000000000000000 ) ) ;
#894 = CARTESIAN_POINT ( 'NONE',  ( 8.099999999999999645, 396.0000000000000000, 20.50000000000000000 ) ) ;
#895 = ORIENTED_EDGE ( 'NONE', *, *, #771, .T. ) ;
#896 = ORIENTED_EDGE ( 'NONE', *, *, #163, .F. ) ;
#897 = CARTESIAN_POINT ( 'NONE',  ( -10.50000000000000000, 395.0000000000000000, 13.00000000000000000 ) ) ;
#898 = DIRECTION ( 'NONE',  ( 0.000000000000000000, -1.000000000000000000, 0.000000000000000000 ) ) ;
#899 = DIRECTION ( 'NONE',  ( 0.000000000000000000, 0.000000000000000000, -1.000000000000000000 ) ) ;
#900 = EDGE_LOOP ( 'NONE', ( #912, #147 ) ) ;
#901 = ORIENTED_EDGE ( 'NONE', *, *, #757, .F. ) ;
#902 = CARTESIAN_POINT ( 'NONE',  ( 12.00000000000000000, 395.0000000000000000, 9.000000000000000000 ) ) ;
#903 = CIRCLE ( 'NONE', #1331, 178.7499040016718368 ) ;
#904 = DIRECTION ( 'NONE',  ( -1.000000000000000000, 0.000000000000000000, 0.000000000000000000 ) ) ;
#905 = AXIS2_PLACEMENT_3D ( 'NONE', #503, #1016, #1403 ) ;
#906 = AXIS2_PLACEMENT_3D ( 'NONE', #311, #89, #718 ) ;
#907 = EDGE_CURVE ( 'NONE', #1209, #817, #369, .T. ) ;
#908 = CARTESIAN_POINT ( 'NONE',  ( 0.000000000000000000, 336.9999998849486929, 0.000000000000000000 ) ) ;
#909 = ORIENTED_EDGE ( 'NONE', *, *, #542, .F. ) ;
#910 = AXIS2_PLACEMENT_3D ( 'NONE', #908, #1409, #278 ) ;
#911 = CARTESIAN_POINT ( 'NONE',  ( 8.099999999999999645, 390.0000000000000000, 20.50000000000000000 ) ) ;
#912 = ORIENTED_EDGE ( 'NONE', *, *, #872, .F. ) ;
#913 = DIRECTION ( 'NONE',  ( 0.000000000000000000, 0.000000000000000000, -1.000000000000000000 ) ) ;
#914 = DATE_TIME_ROLE ( 'classification_date' ) ;
#915 = ORIENTED_EDGE ( 'NONE', *, *, #757, .T. ) ;
#916 = CARTESIAN_POINT ( 'NONE',  ( 0.000000000000000000, 325.0000000000000000, 0.000000000000000000 ) ) ;
#917 = EDGE_LOOP ( 'NONE', ( #1544, #342 ) ) ;
#918 = DIRECTION ( 'NONE',  ( -0.000000000000000000, 1.000000000000000000, -0.000000000000000000 ) ) ;
#919 = ORIENTED_EDGE ( 'NONE', *, *, #797, .F. ) ;
#920 = UNCERTAINTY_MEASURE_WITH_UNIT (LENGTH_MEASURE( 1.000000000000000082E-05 ), #781, 'distance_accuracy_value', 'NONE');
#921 = CARTESIAN_POINT ( 'NONE',  ( 5.731347020009613138E-15, 335.0000000000000000, -46.80000000000000426 ) ) ;
#922 = ORIENTED_EDGE ( 'NONE', *, *, #583, .T. ) ;
#923 = ADVANCED_FACE ( 'NONE', ( #739 ), #874, .F. ) ;
#924 = DIRECTION ( 'NONE',  ( 0.000000000000000000, 0.000000000000000000, -1.000000000000000000 ) ) ;
#925 = DIRECTION ( 'NONE',  ( 0.000000000000000000, 0.000000000000000000, -1.000000000000000000 ) ) ;
#926 = CARTESIAN_POINT ( 'NONE',  ( 9.500000000000000000, 422.0000000000000568, 9.000000000000000000 ) ) ;
#927 = EDGE_LOOP ( 'NONE', ( #83, #272 ) ) ;
#928 = EDGE_CURVE ( 'NONE', #1239, #1057, #992, .T. ) ;
#929 = EDGE_CURVE ( 'NONE', #817, #1070, #494, .T. ) ;
#930 = DIRECTION ( 'NONE',  ( -0.000000000000000000, -1.000000000000000000, -0.000000000000000000 ) ) ;
#931 = APPROVAL_STATUS ( 'not_yet_approved' ) ;
#932 = ORIENTED_EDGE ( 'NONE', *, *, #350, .T. ) ;
#933 = DIRECTION ( 'NONE',  ( 0.000000000000000000, 0.000000000000000000, -1.000000000000000000 ) ) ;
#934 = CARTESIAN_POINT ( 'NONE',  ( 5.363952980265406904E-15, 320.0000000000000000, -43.79999999999999716 ) ) ;
#935 = VECTOR ( 'NONE', #478, 1000.000000000000000 ) ;
#936 = EDGE_LOOP ( 'NONE', ( #972, #1086, #1587, #1108 ) ) ;
#937 = CIRCLE ( 'NONE', #967, 1.100000000000000089 ) ;
#938 = DIRECTION ( 'NONE',  ( 1.000000000000000000, -0.000000000000000000, -0.000000000000000000 ) ) ;
#939 = ORIENTED_EDGE ( 'NONE', *, *, #685, .F. ) ;
#940 = VECTOR ( 'NONE', #522, 1000.000000000000000 ) ;
#941 = CARTESIAN_POINT ( 'NONE',  ( 12.00000000000000000, 422.0000000000000568, 9.000000000000000000 ) ) ;
#942 = EDGE_LOOP ( 'NONE', ( #366, #571, #637, #1115 ) ) ;
#943 = DIRECTION ( 'NONE',  ( 0.000000000000000000, -1.000000000000000000, 0.000000000000000000 ) ) ;
#944 = PLANE ( 'NONE',  #1464 ) ;
#945 = FACE_BOUND ( 'NONE', #719, .T. ) ;
#946 = CARTESIAN_POINT ( 'NONE',  ( 12.00000000000000000, 422.0000000000000568, -9.000000000000000000 ) ) ;
#947 = VERTEX_POINT ( 'NONE', #1355 ) ;
#948 = EDGE_CURVE ( 'NONE', #1113, #589, #1238, .T. ) ;
#949 = CARTESIAN_POINT ( 'NONE',  ( -0.9000000000000000222, 396.0000000000000000, 20.50000000000000000 ) ) ;
#950 = MECHANICAL_CONTEXT ( 'NONE', #547, 'mechanical' ) ;
#951 = VERTEX_POINT ( 'NONE', #975 ) ;
#952 = DIRECTION ( 'NONE',  ( -0.000000000000000000, 1.000000000000000000, -0.000000000000000000 ) ) ;
#953 = LINE ( 'NONE', #453, #466 ) ;
#954 = ORIENTED_EDGE ( 'NONE', *, *, #822, .F. ) ;
#955 = LINE ( 'NONE', #82, #433 ) ;
#956 = ORIENTED_EDGE ( 'NONE', *, *, #144, .T. ) ;
#957 = ORIENTED_EDGE ( 'NONE', *, *, #928, .T. ) ;
#958 = DIRECTION ( 'NONE',  ( 0.000000000000000000, -1.000000000000000000, 0.000000000000000000 ) ) ;
#959 = VECTOR ( 'NONE', #1310, 1000.000000000000000 ) ;
#960 = DIRECTION ( 'NONE',  ( -0.000000000000000000, 1.000000000000000000, -0.000000000000000000 ) ) ;
#961 = LINE ( 'NONE', #690, #332 ) ;
#962 = ADVANCED_FACE ( 'NONE', ( #102 ), #986, .F. ) ;
#963 = VECTOR ( 'NONE', #657, 1000.000000000000000 ) ;
#964 = VECTOR ( 'NONE', #60, 1000.000000000000000 ) ;
#965 = CARTESIAN_POINT ( 'NONE',  ( 0.000000000000000000, 439.9998083731135807, 0.000000000000000000 ) ) ;
#966 = ORIENTED_EDGE ( 'NONE', *, *, #969, .T. ) ;
#967 = AXIS2_PLACEMENT_3D ( 'NONE', #53, #581, #692 ) ;
#968 = VECTOR ( 'NONE', #1352, 1000.000000000000000 ) ;
#969 = EDGE_CURVE ( 'NONE', #270, #1289, #232, .T. ) ;
#970 = CIRCLE ( 'NONE', #1567, 7.000000000000000000 ) ;
#971 = LOCAL_TIME ( 17, 50, 20.00000000000000000, #47 ) ;
#972 = ORIENTED_EDGE ( 'NONE', *, *, #587, .F. ) ;
#973 = FACE_OUTER_BOUND ( 'NONE', #779, .T. ) ;
#974 = CARTESIAN_POINT ( 'NONE',  ( -10.50000000000000000, 390.0000000000000000, 13.00000000000000000 ) ) ;
#975 = CARTESIAN_POINT ( 'NONE',  ( 12.00000000000000000, 412.0000000000000000, 1.100000000000000089 ) ) ;
#976 = ORIENTED_EDGE ( 'NONE', *, *, #42, .F. ) ;
#977 = DIRECTION ( 'NONE',  ( -0.000000000000000000, 1.000000000000000000, -0.000000000000000000 ) ) ;
#978 = CARTESIAN_POINT ( 'NONE',  ( 10.50000000000000000, 396.5000000000000000, 13.00000000000000000 ) ) ;
#979 = DIRECTION ( 'NONE',  ( 0.000000000000000000, -1.000000000000000000, 0.000000000000000000 ) ) ;
#980 = EDGE_CURVE ( 'NONE', #1551, #1529, #673, .T. ) ;
#981 = CYLINDRICAL_SURFACE ( 'NONE', #837, 43.79999999999999716 ) ;
#982 = ORIENTED_EDGE ( 'NONE', *, *, #969, .F. ) ;
#983 = EDGE_CURVE ( 'NONE', #54, #1057, #217, .T. ) ;
#984 = CARTESIAN_POINT ( 'NONE',  ( 46.70374717300529710, 325.0000000000000000, -3.000000000000000000 ) ) ;
#985 = CARTESIAN_POINT ( 'NONE',  ( 5.815712851779448798E-15, 336.9999998849486929, -47.48889929593229198 ) ) ;
#986 = PLANE ( 'NONE',  #1612 ) ;
#987 = ORIENTED_EDGE ( 'NONE', *, *, #1094, .F. ) ;
#988 = AXIS2_PLACEMENT_3D ( 'NONE', #492, #351, #220 ) ;
#989 = AXIS2_PLACEMENT_3D ( 'NONE', #155, #846, #205 ) ;
#990 = LINE ( 'NONE', #362, #1097 ) ;
#991 = DIRECTION ( 'NONE',  ( 0.000000000000000000, 0.000000000000000000, -1.000000000000000000 ) ) ;
#992 = LINE ( 'NONE', #1107, #1277 ) ;
#993 = ORIENTED_EDGE ( 'NONE', *, *, #294, .F. ) ;
#994 = ORIENTED_EDGE ( 'NONE', *, *, #1520, .T. ) ;
#995 = CARTESIAN_POINT ( 'NONE',  ( 12.00000000000000000, 422.0000000000000568, -9.000000000000000000 ) ) ;
#996 = PRODUCT_DEFINITION_SHAPE ( 'NONE', 'NONE',  #1285 ) ;
#997 = FACE_OUTER_BOUND ( 'NONE', #1516, .T. ) ;
#998 = EDGE_CURVE ( 'NONE', #582, #1547, #1536, .T. ) ;
#999 = CARTESIAN_POINT ( 'NONE',  ( 0.000000000000000000, 335.0000000000000000, 0.000000000000000000 ) ) ;
#1000 = EDGE_LOOP ( 'NONE', ( #502, #158, #33, #982, #1294, #451, #71, #987 ) ) ;
#1001 = ORIENTED_EDGE ( 'NONE', *, *, #1399, .T. ) ;
#1002 = DIRECTION ( 'NONE',  ( 0.000000000000000000, 0.000000000000000000, -1.000000000000000000 ) ) ;
#1003 = DIRECTION ( 'NONE',  ( 0.000000000000000000, -1.000000000000000000, 0.000000000000000000 ) ) ;
#1004 = CARTESIAN_POINT ( 'NONE',  ( -0.9000000000000000222, 395.0000000000000000, 23.50000000000000000 ) ) ;
#1005 = ORIENTED_EDGE ( 'NONE', *, *, #754, .F. ) ;
#1006 = VERTEX_POINT ( 'NONE', #1112 ) ;
#1007 = AXIS2_PLACEMENT_3D ( 'NONE', #1546, #1537, #444 ) ;
#1008 = LINE ( 'NONE', #648, #115 ) ;
#1009 = AXIS2_PLACEMENT_3D ( 'NONE', #794, #264, #1026 ) ;
#1010 = CARTESIAN_POINT ( 'NONE',  ( 10.50000000000000000, 395.0000000000000000, -14.00000000000000000 ) ) ;
#1011 = AXIS2_PLACEMENT_3D ( 'NONE', #159, #1548, #689 ) ;
#1012 = DIRECTION ( 'NONE',  ( 0.000000000000000000, -1.000000000000000000, 0.000000000000000000 ) ) ;
#1013 = ORIENTED_EDGE ( 'NONE', *, *, #1298, .F. ) ;
#1014 = CARTESIAN_POINT ( 'NONE',  ( 0.000000000000000000, 395.0000000000000000, 0.000000000000000000 ) ) ;
#1015 = VERTEX_POINT ( 'NONE', #852 ) ;
#1016 = DIRECTION ( 'NONE',  ( -1.000000000000000000, 0.000000000000000000, -0.000000000000000000 ) ) ;
#1017 = DIRECTION ( 'NONE',  ( 0.000000000000000000, 0.000000000000000000, 1.000000000000000000 ) ) ;
#1018 = DIRECTION ( 'NONE',  ( -0.000000000000000000, -1.000000000000000000, -0.000000000000000000 ) ) ;
#1019 = ORIENTED_EDGE ( 'NONE', *, *, #52, .F. ) ;
#1020 = EDGE_CURVE ( 'NONE', #490, #1214, #1609, .T. ) ;
#1021 = ORIENTED_EDGE ( 'NONE', *, *, #17, .F. ) ;
#1022 = CARTESIAN_POINT ( 'NONE',  ( 6.123233995736766282E-16, 390.0000000000000000, 5.000000000000000000 ) ) ;
#1023 = CARTESIAN_POINT ( 'NONE',  ( 38.82820000000000249, 390.0000000000000000, 20.50000000000000000 ) ) ;
#1024 = CYLINDRICAL_SURFACE ( 'NONE', #1539, 1.100000000000000089 ) ;
#1025 = VERTEX_POINT ( 'NONE', #1366 ) ;
#1026 = DIRECTION ( 'NONE',  ( 0.000000000000000000, 0.000000000000000000, 1.000000000000000000 ) ) ;
#1027 = ORIENTED_EDGE ( 'NONE', *, *, #1128, .F. ) ;
#1028 = VECTOR ( 'NONE', #92, 1000.000000000000000 ) ;
#1029 = CARTESIAN_POINT ( 'NONE',  ( 9.500000000000000000, 412.0000000000000000, 0.000000000000000000 ) ) ;
#1030 = AXIS2_PLACEMENT_3D ( 'NONE', #225, #101, #603 ) ;
#1031 = CYLINDRICAL_SURFACE ( 'NONE', #1354, 1.100000000000000089 ) ;
#1032 = ORIENTED_EDGE ( 'NONE', *, *, #531, .F. ) ;
#1033 = AXIS2_PLACEMENT_3D ( 'NONE', #1155, #918, #1295 ) ;
#1034 = AXIS2_PLACEMENT_3D ( 'NONE', #763, #1513, #1266 ) ;
#1035 = AXIS2_PLACEMENT_3D ( 'NONE', #1162, #532, #710 ) ;
#1036 = DIRECTION ( 'NONE',  ( -0.000000000000000000, 1.000000000000000000, 0.000000000000000000 ) ) ;
#1037 = ADVANCED_FACE ( 'NONE', ( #1123 ), #750, .T. ) ;
#1038 = VERTEX_POINT ( 'NONE', #248 ) ;
#1039 = CIRCLE ( 'NONE', #338, 1.050000000000000488 ) ;
#1040 = FACE_OUTER_BOUND ( 'NONE', #90, .T. ) ;
#1041 = ORIENTED_EDGE ( 'NONE', *, *, #1290, .T. ) ;
#1042 = DIRECTION ( 'NONE',  ( -0.000000000000000000, 1.000000000000000000, -0.000000000000000000 ) ) ;
#1043 = APPROVAL_ROLE ( '' ) ;
#1044 = ORIENTED_EDGE ( 'NONE', *, *, #174, .T. ) ;
#1045 = DIRECTION ( 'NONE',  ( 0.000000000000000000, 0.000000000000000000, 1.000000000000000000 ) ) ;
#1046 = FACE_OUTER_BOUND ( 'NONE', #713, .T. ) ;
#1047 = EDGE_CURVE ( 'NONE', #1309, #951, #1119, .T. ) ;
#1048 = EDGE_CURVE ( 'NONE', #470, #512, #469, .T. ) ;
#1049 = CARTESIAN_POINT ( 'NONE',  ( 20.00000000000000000, 412.0000000000000000, 0.000000000000000000 ) ) ;
#1050 = ORIENTED_EDGE ( 'NONE', *, *, #138, .F. ) ;
#1051 = CARTESIAN_POINT ( 'NONE',  ( 0.000000000000000000, 460.0000000000000000, 0.000000000000000000 ) ) ;
#1052 = ORIENTED_EDGE ( 'NONE', *, *, #869, .F. ) ;
#1053 = CARTESIAN_POINT ( 'NONE',  ( 0.000000000000000000, 390.0000000000000000, 0.000000000000000000 ) ) ;
#1054 = DIRECTION ( 'NONE',  ( 1.000000000000000000, 0.000000000000000000, 0.000000000000000000 ) ) ;
#1055 = CARTESIAN_POINT ( 'NONE',  ( -1.607351318694196311E-14, 334.9999303173929093, 131.2501955513456551 ) ) ;
#1056 = DIRECTION ( 'NONE',  ( -1.000000000000000000, 0.000000000000000000, 0.000000000000000000 ) ) ;
#1057 = VERTEX_POINT ( 'NONE', #2 ) ;
#1058 = EDGE_CURVE ( 'NONE', #1258, #1377, #394, .T. ) ;
#1059 = CARTESIAN_POINT ( 'NONE',  ( 0.000000000000000000, 390.0000000000000000, 38.82820000000003802 ) ) ;
#1060 = APPROVAL_STATUS ( 'not_yet_approved' ) ;
#1061 = ORIENTED_EDGE ( 'NONE', *, *, #560, .T. ) ;
#1062 = FACE_OUTER_BOUND ( 'NONE', #1440, .T. ) ;
#1063 = AXIS2_PLACEMENT_3D ( 'NONE', #1315, #184, #580 ) ;
#1064 = FACE_OUTER_BOUND ( 'NONE', #1585, .T. ) ;
#1065 = AXIS2_PLACEMENT_3D ( 'NONE', #111, #1253, #1358 ) ;
#1066 = DIRECTION ( 'NONE',  ( 0.000000000000000000, -1.000000000000000000, 0.000000000000000000 ) ) ;
#1067 = APPROVAL ( #931, 'UNSPECIFIED' ) ;
#1068 = VECTOR ( 'NONE', #818, 1000.000000000000000 ) ;
#1069 = DIRECTION ( 'NONE',  ( -1.000000000000000000, 0.000000000000000000, -0.000000000000000000 ) ) ;
#1070 = VERTEX_POINT ( 'NONE', #1004 ) ;
#1071 = CIRCLE ( 'NONE', #910, 47.48889929593227777 ) ;
#1072 = CARTESIAN_POINT ( 'NONE',  ( 0.000000000000000000, 320.0000000000000000, 0.000000000000000000 ) ) ;
#1073 = ADVANCED_FACE ( 'NONE', ( #1268 ), #1024, .F. ) ;
#1074 = ORIENTED_EDGE ( 'NONE', *, *, #364, .T. ) ;
#1075 = CARTESIAN_POINT ( 'NONE',  ( 0.000000000000000000, 335.0000000000000000, 0.000000000000000000 ) ) ;
#1076 = CARTESIAN_POINT ( 'NONE',  ( 3.490243377569951328E-15, 452.2113475735178554, -7.000000000000000000 ) ) ;
#1077 = ORIENTED_EDGE ( 'NONE', *, *, #349, .T. ) ;
#1078 = LINE ( 'NONE', #712, #35 ) ;
#1079 = ORIENTED_EDGE ( 'NONE', *, *, #556, .T. ) ;
#1080 = ORIENTED_EDGE ( 'NONE', *, *, #1204, .T. ) ;
#1081 = CYLINDRICAL_SURFACE ( 'NONE', #1586, 7.000000000000000000 ) ;
#1082 = ADVANCED_FACE ( 'NONE', ( #1147 ), #1522, .F. ) ;
#1083 = CARTESIAN_POINT ( 'NONE',  ( -10.50000000000000000, 396.5000000000000000, -15.05000000000000071 ) ) ;
#1084 = LINE ( 'NONE', #562, #482 ) ;
#1085 = DIRECTION ( 'NONE',  ( -1.000000000000000000, 0.000000000000000000, -0.000000000000000000 ) ) ;
#1086 = ORIENTED_EDGE ( 'NONE', *, *, #1511, .F. ) ;
#1087 = EDGE_LOOP ( 'NONE', ( #1418, #1077 ) ) ;
#1088 = DIRECTION ( 'NONE',  ( 0.000000000000000000, 0.000000000000000000, -1.000000000000000000 ) ) ;
#1089 = CIRCLE ( 'NONE', #373, 5.000000000000000000 ) ;
#1090 = DIRECTION ( 'NONE',  ( -0.000000000000000000, 1.000000000000000000, -0.000000000000000000 ) ) ;
#1091 = LOCAL_TIME ( 17, 50, 20.00000000000000000, #66 ) ;
#1092 = EDGE_CURVE ( 'NONE', #1209, #762, #765, .T. ) ;
#1093 = DIRECTION ( 'NONE',  ( 0.000000000000000000, 0.000000000000000000, 1.000000000000000000 ) ) ;
#1094 = EDGE_CURVE ( 'NONE', #1006, #415, #626, .T. ) ;
#1095 = ORIENTED_EDGE ( 'NONE', *, *, #1520, .F. ) ;
#1096 = CIRCLE ( 'NONE', #376, 37.12890000000000157 ) ;
#1097 = VECTOR ( 'NONE', #865, 1000.000000000000000 ) ;
#1098 = VECTOR ( 'NONE', #1242, 1000.000000000000000 ) ;
#1099 = AXIS2_PLACEMENT_3D ( 'NONE', #1101, #1597, #991 ) ;
#1100 = CARTESIAN_POINT ( 'NONE',  ( -0.9000000000000000222, 396.0000000000000000, 23.50000000000000000 ) ) ;
#1101 = CARTESIAN_POINT ( 'NONE',  ( 0.000000000000000000, 396.0000000000000000, 0.000000000000000000 ) ) ;
#1102 = DIRECTION ( 'NONE',  ( 0.000000000000000000, -1.000000000000000000, 0.000000000000000000 ) ) ;
#1103 = EDGE_LOOP ( 'NONE', ( #611, #1580 ) ) ;
#1104 = EDGE_CURVE ( 'NONE', #415, #297, #380, .T. ) ;
#1105 = CARTESIAN_POINT ( 'NONE',  ( 0.000000000000000000, 390.0000000000000000, 43.79999999999999716 ) ) ;
#1106 = FACE_OUTER_BOUND ( 'NONE', #1135, .T. ) ;
#1107 = CARTESIAN_POINT ( 'NONE',  ( 49.79999999999999716, 335.0000000000000000, -3.000000000000000000 ) ) ;
#1108 = ORIENTED_EDGE ( 'NONE', *, *, #371, .F. ) ;
#1109 = VECTOR ( 'NONE', #196, 1000.000000000000000 ) ;
#1110 = DIRECTION ( 'NONE',  ( 0.000000000000000000, 0.000000000000000000, 1.000000000000000000 ) ) ;
#1111 = CARTESIAN_POINT ( 'NONE',  ( 38.82820000000000249, 390.0000000000000000, 23.50000000000000000 ) ) ;
#1112 = CARTESIAN_POINT ( 'NONE',  ( 0.000000000000000000, 320.0000000000000000, 46.80000000000000426 ) ) ;
#1113 = VERTEX_POINT ( 'NONE', #886 ) ;
#1114 = ADVANCED_FACE ( 'NONE', ( #262 ), #499, .F. ) ;
#1115 = ORIENTED_EDGE ( 'NONE', *, *, #777, .T. ) ;
#1116 = CIRCLE ( 'NONE', #1373, 38.82820000000003802 ) ;
#1117 = VECTOR ( 'NONE', #227, 1000.000000000000000 ) ;
#1118 = FACE_OUTER_BOUND ( 'NONE', #27, .T. ) ;
#1119 = CIRCLE ( 'NONE', #1592, 1.100000000000000089 ) ;
#1120 = ADVANCED_FACE ( 'NONE', ( #1528, #269 ), #13, .F. ) ;
#1121 = LINE ( 'NONE', #1111, #935 ) ;
#1122 = CARTESIAN_POINT ( 'NONE',  ( 9.500000000000000000, 395.0000000000000000, -9.000000000000000000 ) ) ;
#1123 = FACE_OUTER_BOUND ( 'NONE', #187, .T. ) ;
#1124 = ORIENTED_EDGE ( 'NONE', *, *, #838, .F. ) ;
#1125 = EDGE_LOOP ( 'NONE', ( #239, #6 ) ) ;
#1126 = CARTESIAN_POINT ( 'NONE',  ( 0.000000000000000000, 439.9998083731135807, 13.40993644393037521 ) ) ;
#1127 = DIRECTION ( 'NONE',  ( -1.000000000000000000, 0.000000000000000000, 0.000000000000000000 ) ) ;
#1128 = EDGE_CURVE ( 'NONE', #270, #81, #9, .T. ) ;
#1129 = DIRECTION ( 'NONE',  ( 0.000000000000000000, 0.000000000000000000, 1.000000000000000000 ) ) ;
#1130 = ORIENTED_EDGE ( 'NONE', *, *, #1488, .F. ) ;
#1131 = ORIENTED_EDGE ( 'NONE', *, *, #501, .F. ) ;
#1132 = CARTESIAN_POINT ( 'NONE',  ( -10.50000000000000000, 390.0000000000000000, 11.94999999999999929 ) ) ;
#1133 = LINE ( 'NONE', #1276, #251 ) ;
#1134 = CARTESIAN_POINT ( 'NONE',  ( 45.00000000000000000, 325.0000000000000000, 3.000000000000000000 ) ) ;
#1135 = EDGE_LOOP ( 'NONE', ( #824, #263, #213, #419 ) ) ;
#1136 = ADVANCED_FACE ( 'NONE', ( #651 ), #1417, .F. ) ;
#1137 = CARTESIAN_POINT ( 'NONE',  ( -12.00000000000000000, 395.0000000000000000, 9.000000000000000000 ) ) ;
#1138 = ORIENTED_EDGE ( 'NONE', *, *, #1261, .T. ) ;
#1139 = CC_DESIGN_APPROVAL ( #236, ( #467 ) ) ;
#1140 = CLOSED_SHELL ( 'NONE', ( #127, #1390, #1176, #1082, #1158, #1602, #1370, #1222, #149, #361, #923, #1037, #606, #1346, #63, #282, #663, #1120, #287, #892, #877, #1361, #691, #104, #766, #1269, #1230, #424, #962, #327, #317, #828, #1229, #1114, #1136, #8, #787, #388, #402, #484, #813, #1073, #878, #848, #411, #567, #1381, #122, #185, #890 ) ) ;
#1141 = CARTESIAN_POINT ( 'NONE',  ( 8.572527594031473190E-16, 439.9998083731135807, -7.000000000000000000 ) ) ;
#1142 = AXIS2_PLACEMENT_3D ( 'NONE', #1049, #806, #563 ) ;
#1143 = EDGE_CURVE ( 'NONE', #81, #54, #792, .T. ) ;
#1144 = LINE ( 'NONE', #1260, #963 ) ;
#1145 = ORIENTED_EDGE ( 'NONE', *, *, #1094, .T. ) ;
#1146 = AXIS2_PLACEMENT_3D ( 'NONE', #1479, #1593, #359 ) ;
#1147 = FACE_OUTER_BOUND ( 'NONE', #1150, .T. ) ;
#1148 = VERTEX_POINT ( 'NONE', #378 ) ;
#1149 = DIRECTION ( 'NONE',  ( -0.000000000000000000, -1.000000000000000000, -0.000000000000000000 ) ) ;
#1150 = EDGE_LOOP ( 'NONE', ( #1432, #291, #480, #1019 ) ) ;
#1151 = CARTESIAN_POINT ( 'NONE',  ( 20.00000000000000000, 412.0000000000000000, -1.100000000000000089 ) ) ;
#1152 = LINE ( 'NONE', #1023, #833 ) ;
#1153 = LINE ( 'NONE', #20, #940 ) ;
#1154 = EDGE_LOOP ( 'NONE', ( #701, #1395, #218, #1400 ) ) ;
#1155 = CARTESIAN_POINT ( 'NONE',  ( 10.50000000000000000, 390.0000000000000000, -14.00000000000000000 ) ) ;
#1156 = ORIENTED_EDGE ( 'NONE', *, *, #1058, .F. ) ;
#1157 = DIRECTION ( 'NONE',  ( 0.000000000000000000, 0.000000000000000000, 1.000000000000000000 ) ) ;
#1158 = ADVANCED_FACE ( 'NONE', ( #128 ), #153, .F. ) ;
#1159 = EDGE_CURVE ( 'NONE', #755, #156, #1153, .T. ) ;
#1160 = CARTESIAN_POINT ( 'NONE',  ( -12.00000000000000000, 412.0000000000000000, 0.000000000000000000 ) ) ;
#1161 = ORIENTED_EDGE ( 'NONE', *, *, #118, .T. ) ;
#1162 = CARTESIAN_POINT ( 'NONE',  ( -10.50000000000000000, 396.5000000000000000, -14.00000000000000000 ) ) ;
#1163 = VERTEX_POINT ( 'NONE', #400 ) ;
#1164 = CARTESIAN_POINT ( 'NONE',  ( 0.000000000000000000, 439.9998083731135807, 0.000000000000000000 ) ) ;
#1165 = CC_DESIGN_DATE_AND_TIME_ASSIGNMENT ( #1327, #426, ( #1285 ) ) ;
#1166 = ORIENTED_EDGE ( 'NONE', *, *, #1319, .F. ) ;
#1167 = AXIS2_PLACEMENT_3D ( 'NONE', #472, #850, #1363 ) ;
#1168 = DIRECTION ( 'NONE',  ( -0.000000000000000000, -1.000000000000000000, -0.000000000000000000 ) ) ;
#1169 = APPROVAL_PERSON_ORGANIZATION ( #305, #191, #665 ) ;
#1170 = AXIS2_PLACEMENT_3D ( 'NONE', #1179, #1558, #925 ) ;
#1171 = PERSON_AND_ORGANIZATION ( #459, #40 ) ;
#1172 = EDGE_LOOP ( 'NONE', ( #1131, #775 ) ) ;
#1173 = VECTOR ( 'NONE', #434, 1000.000000000000000 ) ;
#1174 = EDGE_CURVE ( 'NONE', #1328, #379, #1071, .T. ) ;
#1175 = AXIS2_PLACEMENT_3D ( 'NONE', #656, #891, #1002 ) ;
#1176 = ADVANCED_FACE ( 'NONE', ( #1286 ), #659, .F. ) ;
#1177 = VECTOR ( 'NONE', #1505, 1000.000000000000000 ) ;
#1178 = LINE ( 'NONE', #1196, #510 ) ;
#1179 = CARTESIAN_POINT ( 'NONE',  ( 0.000000000000000000, 396.0000000000000000, 0.000000000000000000 ) ) ;
#1180 = CC_DESIGN_APPROVAL ( #1067, ( #533 ) ) ;
#1181 = DIRECTION ( 'NONE',  ( -0.000000000000000000, 1.000000000000000000, -0.000000000000000000 ) ) ;
#1182 = ORIENTED_EDGE ( 'NONE', *, *, #560, .F. ) ;
#1183 = DIRECTION ( 'NONE',  ( 0.000000000000000000, -1.000000000000000000, 0.000000000000000000 ) ) ;
#1184 = APPROVAL_DATE_TIME ( #418, #1067 ) ;
#1185 = ORIENTED_EDGE ( 'NONE', *, *, #998, .T. ) ;
#1186 = FACE_OUTER_BOUND ( 'NONE', #436, .T. ) ;
#1187 = DIRECTION ( 'NONE',  ( -0.000000000000000000, 1.000000000000000000, -0.000000000000000000 ) ) ;
#1188 = CYLINDRICAL_SURFACE ( 'NONE', #1170, 5.000000000000000000 ) ;
#1189 = EDGE_CURVE ( 'NONE', #622, #490, #970, .T. ) ;
#1190 = DIRECTION ( 'NONE',  ( 0.000000000000000000, 0.000000000000000000, -1.000000000000000000 ) ) ;
#1191 = EDGE_LOOP ( 'NONE', ( #915, #204 ) ) ;
#1192 = CARTESIAN_POINT ( 'NONE',  ( 12.00000000000000000, 395.0000000000000000, -9.000000000000000000 ) ) ;
#1193 = APPROVAL_DATE_TIME ( #322, #191 ) ;
#1194 = ORIENTED_EDGE ( 'NONE', *, *, #471, .F. ) ;
#1195 = CARTESIAN_POINT ( 'NONE',  ( -10.50000000000000000, 396.5000000000000000, 13.00000000000000000 ) ) ;
#1196 = CARTESIAN_POINT ( 'NONE',  ( 8.099999999999999645, 396.0000000000000000, 23.50000000000000000 ) ) ;
#1197 = CARTESIAN_POINT ( 'NONE',  ( -9.500000000000000000, 422.0000000000000568, 9.000000000000000000 ) ) ;
#1198 = FACE_BOUND ( 'NONE', #1541, .T. ) ;
#1199 = ORIENTED_EDGE ( 'NONE', *, *, #346, .F. ) ;
#1200 = CYLINDRICAL_SURFACE ( 'NONE', #1611, 46.80000000000000426 ) ;
#1201 = APPLICATION_PROTOCOL_DEFINITION ( 'international standard', 'config_control_design', 1994, #547 ) ;
#1202 = EDGE_LOOP ( 'NONE', ( #1442, #652, #442, #57 ) ) ;
#1203 = DIRECTION ( 'NONE',  ( 0.000000000000000000, -1.000000000000000000, 0.000000000000000000 ) ) ;
#1204 = EDGE_CURVE ( 'NONE', #827, #1006, #1512, .T. ) ;
#1205 = DIRECTION ( 'NONE',  ( 0.000000000000000000, 0.000000000000000000, 1.000000000000000000 ) ) ;
#1206 = CIRCLE ( 'NONE', #1175, 1.050000000000000488 ) ;
#1207 = DIRECTION ( 'NONE',  ( 0.000000000000000000, 0.000000000000000000, 1.000000000000000000 ) ) ;
#1208 = PLANE ( 'NONE',  #906 ) ;
#1209 = VERTEX_POINT ( 'NONE', #1445 ) ;
#1210 = AXIS2_PLACEMENT_3D ( 'NONE', #602, #1589, #733 ) ;
#1211 = EDGE_CURVE ( 'NONE', #1529, #450, #50, .T. ) ;
#1212 = FACE_OUTER_BOUND ( 'NONE', #1219, .T. ) ;
#1213 = PERSON_AND_ORGANIZATION ( #459, #40 ) ;
#1214 = VERTEX_POINT ( 'NONE', #1076 ) ;
#1215 = CYLINDRICAL_SURFACE ( 'NONE', #803, 1.050000000000000488 ) ;
#1216 = DIRECTION ( 'NONE',  ( 0.000000000000000000, -1.000000000000000000, 0.000000000000000000 ) ) ;
#1217 = CARTESIAN_POINT ( 'NONE',  ( -10.50000000000000000, 390.0000000000000000, -14.00000000000000000 ) ) ;
#1218 = CARTESIAN_POINT ( 'NONE',  ( 0.000000000000000000, 334.9999303173929093, -131.2501955513456551 ) ) ;
#1219 = EDGE_LOOP ( 'NONE', ( #1573, #148, #84, #1095 ) ) ;
#1220 = EDGE_LOOP ( 'NONE', ( #1124, #1224, #564, #644 ) ) ;
#1221 = CARTESIAN_POINT ( 'NONE',  ( 0.000000000000000000, 439.9998083731135807, 0.000000000000000000 ) ) ;
#1222 = ADVANCED_FACE ( 'NONE', ( #1306 ), #538, .F. ) ;
#1223 = CARTESIAN_POINT ( 'NONE',  ( 0.000000000000000000, 320.0000000000000000, 43.79999999999999716 ) ) ;
#1224 = ORIENTED_EDGE ( 'NONE', *, *, #224, .T. ) ;
#1225 = CC_DESIGN_PERSON_AND_ORGANIZATION_ASSIGNMENT ( #1572, #798, ( #1285 ) ) ;
#1226 = VERTEX_POINT ( 'NONE', #420 ) ;
#1227 = FACE_OUTER_BOUND ( 'NONE', #687, .T. ) ;
#1228 = DIRECTION ( 'NONE',  ( 0.000000000000000000, -1.000000000000000000, 0.000000000000000000 ) ) ;
#1229 = ADVANCED_FACE ( 'NONE', ( #80, #1064 ), #1461, .F. ) ;
#1230 = ADVANCED_FACE ( 'NONE', ( #299 ), #944, .F. ) ;
#1231 = LOCAL_TIME ( 17, 50, 20.00000000000000000, #826 ) ;
#1232 = DIRECTION ( 'NONE',  ( -0.000000000000000000, 1.000000000000000000, -0.000000000000000000 ) ) ;
#1233 = VERTEX_POINT ( 'NONE', #801 ) ;
#1234 = CIRCLE ( 'NONE', #487, 178.7499040016718368 ) ;
#1235 = AXIS2_PLACEMENT_3D ( 'NONE', #288, #643, #1278 ) ;
#1236 = CARTESIAN_POINT ( 'NONE',  ( 0.000000000000000000, 334.9999998889855988, 0.000000000000000000 ) ) ;
#1237 = FACE_OUTER_BOUND ( 'NONE', #404, .T. ) ;
#1238 = LINE ( 'NONE', #598, #727 ) ;
#1239 = VERTEX_POINT ( 'NONE', #1293 ) ;
#1240 = EDGE_CURVE ( 'NONE', #589, #496, #953, .T. ) ;
#1241 = CARTESIAN_POINT ( 'NONE',  ( 0.000000000000000000, 320.0000000000000000, 0.000000000000000000 ) ) ;
#1242 = DIRECTION ( 'NONE',  ( -0.000000000000000000, 1.000000000000000000, -0.000000000000000000 ) ) ;
#1243 = ORIENTED_EDGE ( 'NONE', *, *, #928, .F. ) ;
#1244 = DIRECTION ( 'NONE',  ( -0.000000000000000000, 1.000000000000000000, -0.000000000000000000 ) ) ;
#1245 = DIRECTION ( 'NONE',  ( 1.000000000000000000, 0.000000000000000000, 1.224646799147353207E-16 ) ) ;
#1246 = AXIS2_PLACEMENT_3D ( 'NONE', #1029, #1535, #913 ) ;
#1247 = DIRECTION ( 'NONE',  ( -0.000000000000000000, -1.000000000000000000, -0.000000000000000000 ) ) ;
#1248 = VERTEX_POINT ( 'NONE', #820 ) ;
#1249 = VERTEX_POINT ( 'NONE', #1557 ) ;
#1250 = AXIS2_PLACEMENT_3D ( 'NONE', #1318, #417, #1441 ) ;
#1251 = TOROIDAL_SURFACE ( 'NONE', #1402, -131.2500000000000000, 181.2500000000000284 ) ;
#1252 = EDGE_CURVE ( 'NONE', #314, #1148, #70, .T. ) ;
#1253 = DIRECTION ( 'NONE',  ( 1.000000000000000000, -0.000000000000000000, 0.000000000000000000 ) ) ;
#1254 = CIRCLE ( 'NONE', #743, 178.7500887950129140 ) ;
#1255 = LINE ( 'NONE', #529, #432 ) ;
#1256 = CARTESIAN_POINT ( 'NONE',  ( 12.00000000000000000, 412.0000000000000000, 0.000000000000000000 ) ) ;
#1257 = VERTEX_POINT ( 'NONE', #934 ) ;
#1258 = VERTEX_POINT ( 'NONE', #667 ) ;
#1259 = DIRECTION ( 'NONE',  ( -0.000000000000000000, 1.000000000000000000, -0.000000000000000000 ) ) ;
#1260 = CARTESIAN_POINT ( 'NONE',  ( 20.00000000000000000, 412.0000000000000000, -1.100000000000000089 ) ) ;
#1261 = EDGE_CURVE ( 'NONE', #549, #415, #776, .T. ) ;
#1262 = DIRECTION ( 'NONE',  ( 0.000000000000000000, 0.000000000000000000, 1.000000000000000000 ) ) ;
#1263 = VERTEX_POINT ( 'NONE', #192 ) ;
#1264 = DIRECTION ( 'NONE',  ( -1.000000000000000000, -0.000000000000000000, -0.000000000000000000 ) ) ;
#1265 = ORIENTED_EDGE ( 'NONE', *, *, #612, .F. ) ;
#1266 = DIRECTION ( 'NONE',  ( 0.000000000000000000, 0.000000000000000000, -1.000000000000000000 ) ) ;
#1267 = DIRECTION ( 'NONE',  ( 0.000000000000000000, 0.000000000000000000, 1.000000000000000000 ) ) ;
#1268 = FACE_OUTER_BOUND ( 'NONE', #870, .T. ) ;
#1269 = ADVANCED_FACE ( 'NONE', ( #309, #339 ), #1314, .F. ) ;
#1270 = EDGE_LOOP ( 'NONE', ( #1578, #1138, #767, #668, #445, #208 ) ) ;
#1271 = DIRECTION ( 'NONE',  ( 0.000000000000000000, 0.000000000000000000, -1.000000000000000000 ) ) ;
#1272 = ORIENTED_EDGE ( 'NONE', *, *, #1542, .T. ) ;
#1273 = VECTOR ( 'NONE', #1348, 1000.000000000000000 ) ;
#1274 = DIRECTION ( 'NONE',  ( -1.000000000000000000, -0.000000000000000000, -0.000000000000000000 ) ) ;
#1275 = VECTOR ( 'NONE', #32, 1000.000000000000000 ) ;
#1276 = CARTESIAN_POINT ( 'NONE',  ( 5.731347020009613138E-15, 460.0000000000000000, -46.80000000000000426 ) ) ;
#1277 = VECTOR ( 'NONE', #1247, 1000.000000000000000 ) ;
#1278 = DIRECTION ( 'NONE',  ( 0.000000000000000000, -0.000000000000000000, -1.000000000000000000 ) ) ;
#1279 = ORIENTED_EDGE ( 'NONE', *, *, #513, .T. ) ;
#1280 = CARTESIAN_POINT ( 'NONE',  ( 49.79999999999999716, 335.0000000000000000, 3.000000000000000000 ) ) ;
#1281 = VERTEX_POINT ( 'NONE', #438 ) ;
#1282 = DIRECTION ( 'NONE',  ( 0.000000000000000000, -0.000000000000000000, -1.000000000000000000 ) ) ;
#1283 = CARTESIAN_POINT ( 'NONE',  ( 0.000000000000000000, 390.0000000000000000, 0.000000000000000000 ) ) ;
#1284 = ORIENTED_EDGE ( 'NONE', *, *, #1579, .F. ) ;
#1285 = PRODUCT_DEFINITION ( 'UNKNOWN', '', #533, #292 ) ;
#1286 = FACE_OUTER_BOUND ( 'NONE', #16, .T. ) ;
#1287 = ORIENTED_EDGE ( 'NONE', *, *, #1621, .T. ) ;
#1288 = PLANE ( 'NONE',  #989 ) ;
#1289 = VERTEX_POINT ( 'NONE', #1453 ) ;
#1290 = EDGE_CURVE ( 'NONE', #817, #558, #1178, .T. ) ;
#1291 = LINE ( 'NONE', #780, #839 ) ;
#1292 = ORIENTED_EDGE ( 'NONE', *, *, #1500, .F. ) ;
#1293 = CARTESIAN_POINT ( 'NONE',  ( 49.79999999999999716, 335.0000000000000000, -3.000000000000000000 ) ) ;
#1294 = ORIENTED_EDGE ( 'NONE', *, *, #1128, .T. ) ;
#1295 = DIRECTION ( 'NONE',  ( 0.000000000000000000, 0.000000000000000000, -1.000000000000000000 ) ) ;
#1296 = EDGE_LOOP ( 'NONE', ( #1388, #1423, #836, #853 ) ) ;
#1297 = CARTESIAN_POINT ( 'NONE',  ( 0.000000000000000000, 336.9999998849486929, 43.79999999999999716 ) ) ;
#1298 = EDGE_CURVE ( 'NONE', #379, #1328, #226, .T. ) ;
#1299 = VECTOR ( 'NONE', #19, 1000.000000000000000 ) ;
#1300 = AXIS2_PLACEMENT_3D ( 'NONE', #1566, #943, #200 ) ;
#1301 = APPROVAL_ROLE ( '' ) ;
#1302 = ORIENTED_EDGE ( 'NONE', *, *, #98, .T. ) ;
#1303 = DIRECTION ( 'NONE',  ( 0.000000000000000000, 0.000000000000000000, 1.000000000000000000 ) ) ;
#1304 = AXIS2_PLACEMENT_3D ( 'NONE', #1429, #809, #1562 ) ;
#1305 = AXIS2_PLACEMENT_3D ( 'NONE', #774, #516, #146 ) ;
#1306 = FACE_OUTER_BOUND ( 'NONE', #458, .T. ) ;
#1307 = DIRECTION ( 'NONE',  ( -0.000000000000000000, 1.000000000000000000, 0.000000000000000000 ) ) ;
#1308 = DIRECTION ( 'NONE',  ( 0.000000000000000000, 0.000000000000000000, -1.000000000000000000 ) ) ;
#1309 = VERTEX_POINT ( 'NONE', #325 ) ;
#1310 = DIRECTION ( 'NONE',  ( -1.000000000000000000, -0.000000000000000000, -0.000000000000000000 ) ) ;
#1311 = PERSON_AND_ORGANIZATION_ROLE ( 'classification_officer' ) ;
#1312 = ORIENTED_EDGE ( 'NONE', *, *, #632, .F. ) ;
#1313 = DIRECTION ( 'NONE',  ( 0.000000000000000000, 0.000000000000000000, 1.000000000000000000 ) ) ;
#1314 = PLANE ( 'NONE',  #1011 ) ;
#1315 = CARTESIAN_POINT ( 'NONE',  ( 10.50000000000000000, 390.0000000000000000, 13.00000000000000000 ) ) ;
#1316 = CARTESIAN_POINT ( 'NONE',  ( 12.00000000000000000, 422.0000000000000568, 9.000000000000000000 ) ) ;
#1317 = ORIENTED_EDGE ( 'NONE', *, *, #872, .T. ) ;
#1318 = CARTESIAN_POINT ( 'NONE',  ( -0.9000000000000000222, 396.0000000000000000, 20.50000000000000000 ) ) ;
#1319 = EDGE_CURVE ( 'NONE', #1560, #1239, #831, .T. ) ;
#1320 = VERTEX_POINT ( 'NONE', #345 ) ;
#1321 = CARTESIAN_POINT ( 'NONE',  ( 0.000000000000000000, 421.0000000000000568, 0.000000000000000000 ) ) ;
#1322 = DIRECTION ( 'NONE',  ( -0.000000000000000000, -1.000000000000000000, -0.000000000000000000 ) ) ;
#1323 = DIRECTION ( 'NONE',  ( 0.000000000000000000, 0.000000000000000000, 1.000000000000000000 ) ) ;
#1324 = CARTESIAN_POINT ( 'NONE',  ( 43.79999999999999716, 336.9999998849486929, 0.000000000000000000 ) ) ;
#1325 = ORIENTED_EDGE ( 'NONE', *, *, #1404, .F. ) ;
#1326 = LINE ( 'NONE', #825, #959 ) ;
#1327 = DATE_AND_TIME ( #790, #1231 ) ;
#1328 = VERTEX_POINT ( 'NONE', #985 ) ;
#1329 = FACE_OUTER_BOUND ( 'NONE', #1407, .T. ) ;
#1330 = CIRCLE ( 'NONE', #34, 1.100000000000000089 ) ;
#1331 = AXIS2_PLACEMENT_3D ( 'NONE', #1055, #1437, #1454 ) ;
#1332 = CARTESIAN_POINT ( 'NONE',  ( 49.79999999999999716, 335.0000000000000000, 3.000000000000000000 ) ) ;
#1333 = VECTOR ( 'NONE', #930, 1000.000000000000000 ) ;
#1334 = AXIS2_PLACEMENT_3D ( 'NONE', #1236, #235, #1110 ) ;
#1335 = CARTESIAN_POINT ( 'NONE',  ( -0.9000000000000000222, 395.0000000000000000, 20.50000000000000000 ) ) ;
#1336 = CIRCLE ( 'NONE', #1033, 1.050000000000000488 ) ;
#1337 = CARTESIAN_POINT ( 'NONE',  ( 5.731347020009613138E-15, 320.0000000000000000, -46.80000000000000426 ) ) ;
#1338 = ORIENTED_EDGE ( 'NONE', *, *, #392, .F. ) ;
#1339 = AXIS2_PLACEMENT_3D ( 'NONE', #508, #1012, #899 ) ;
#1340 = EDGE_CURVE ( 'NONE', #1458, #1233, #69, .T. ) ;
#1341 = ORIENTED_EDGE ( 'NONE', *, *, #1357, .F. ) ;
#1342 = CARTESIAN_POINT ( 'NONE',  ( 9.500000000000000000, 422.0000000000000568, -9.000000000000000000 ) ) ;
#1343 = CARTESIAN_POINT ( 'NONE',  ( 10.50000000000000000, 390.0000000000000000, 14.05000000000000071 ) ) ;
#1344 = DIRECTION ( 'NONE',  ( 0.000000000000000000, 0.000000000000000000, 1.000000000000000000 ) ) ;
#1345 = VERTEX_POINT ( 'NONE', #851 ) ;
#1346 = ADVANCED_FACE ( 'NONE', ( #352, #100, #1606, #1353, #112, #87, #596 ), #1349, .T. ) ;
#1347 = ORIENTED_EDGE ( 'NONE', *, *, #869, .T. ) ;
#1348 = DIRECTION ( 'NONE',  ( 0.000000000000000000, -1.000000000000000000, 0.000000000000000000 ) ) ;
#1349 = PLANE ( 'NONE',  #1408 ) ;
#1350 = CARTESIAN_POINT ( 'NONE',  ( -10.50000000000000000, 396.5000000000000000, 11.94999999999999929 ) ) ;
#1351 = ORIENTED_EDGE ( 'NONE', *, *, #25, .T. ) ;
#1352 = DIRECTION ( 'NONE',  ( -0.000000000000000000, 0.000000000000000000, 1.000000000000000000 ) ) ;
#1353 = FACE_BOUND ( 'NONE', #715, .T. ) ;
#1354 = AXIS2_PLACEMENT_3D ( 'NONE', #1372, #904, #1017 ) ;
#1355 = CARTESIAN_POINT ( 'NONE',  ( -0.8999999999999980238, 390.0000000000000000, 20.50000000000000000 ) ) ;
#1356 = AXIS2_PLACEMENT_3D ( 'NONE', #1324, #194, #700 ) ;
#1357 = EDGE_CURVE ( 'NONE', #195, #1369, #1483, .T. ) ;
#1358 = DIRECTION ( 'NONE',  ( 0.000000000000000000, 0.000000000000000000, -1.000000000000000000 ) ) ;
#1359 = DIRECTION ( 'NONE',  ( 1.224646799147353207E-16, 0.000000000000000000, -1.000000000000000000 ) ) ;
#1360 = LINE ( 'NONE', #578, #166 ) ;
#1361 = ADVANCED_FACE ( 'NONE', ( #997 ), #358, .F. ) ;
#1362 = DIRECTION ( 'NONE',  ( -0.000000000000000000, -0.000000000000000000, 1.000000000000000000 ) ) ;
#1363 = DIRECTION ( 'NONE',  ( 0.000000000000000000, -0.000000000000000000, -1.000000000000000000 ) ) ;
#1364 = DIRECTION ( 'NONE',  ( 0.000000000000000000, 0.000000000000000000, 1.000000000000000000 ) ) ;
#1365 = DIRECTION ( 'NONE',  ( -1.000000000000000000, -0.000000000000000000, -0.000000000000000000 ) ) ;
#1366 = CARTESIAN_POINT ( 'NONE',  ( -0.9000000000000000222, 390.0000000000000000, 23.50000000000000000 ) ) ;
#1367 = ORIENTED_EDGE ( 'NONE', *, *, #632, .T. ) ;
#1368 = EDGE_CURVE ( 'NONE', #815, #517, #617, .T. ) ;
#1369 = VERTEX_POINT ( 'NONE', #210 ) ;
#1370 = ADVANCED_FACE ( 'NONE', ( #1106 ), #722, .F. ) ;
#1371 = CARTESIAN_POINT ( 'NONE',  ( -12.00000000000000000, 422.0000000000000568, 9.000000000000000000 ) ) ;
#1372 = CARTESIAN_POINT ( 'NONE',  ( 20.00000000000000000, 412.0000000000000000, 0.000000000000000000 ) ) ;
#1373 = AXIS2_PLACEMENT_3D ( 'NONE', #1459, #843, #209 ) ;
#1374 = DIRECTION ( 'NONE',  ( 0.000000000000000000, 0.000000000000000000, 1.000000000000000000 ) ) ;
#1375 = PRODUCT ( 'Nose Cone', 'Nose Cone', '', ( #950 ) ) ;
#1376 = ORIENTED_EDGE ( 'NONE', *, *, #1298, .T. ) ;
#1377 = VERTEX_POINT ( 'NONE', #356 ) ;
#1378 = AXIS2_PLACEMENT_3D ( 'NONE', #778, #1517, #1543 ) ;
#1379 = CIRCLE ( 'NONE', #830, 1.050000000000000488 ) ;
#1380 = VECTOR ( 'NONE', #1322, 1000.000000000000000 ) ;
#1381 = ADVANCED_FACE ( 'NONE', ( #93 ), #473, .F. ) ;
#1382 = PLANE ( 'NONE',  #702 ) ;
#1383 = AXIS2_PLACEMENT_3D ( 'NONE', #385, #375, #1267 ) ;
#1384 = CARTESIAN_POINT ( 'NONE',  ( 49.79999999999999716, 335.0000000000000000, 3.000000000000000000 ) ) ;
#1385 = CARTESIAN_POINT ( 'NONE',  ( -9.500000000000000000, 422.0000000000000568, -9.000000000000000000 ) ) ;
#1386 = ORIENTED_EDGE ( 'NONE', *, *, #1058, .T. ) ;
#1387 = LINE ( 'NONE', #768, #618 ) ;
#1388 = ORIENTED_EDGE ( 'NONE', *, *, #797, .T. ) ;
#1389 = FACE_OUTER_BOUND ( 'NONE', #545, .T. ) ;
#1390 = ADVANCED_FACE ( 'NONE', ( #1237 ), #363, .F. ) ;
#1391 = LINE ( 'NONE', #151, #165 ) ;
#1392 = CARTESIAN_POINT ( 'NONE',  ( 9.500000000000000000, 422.0000000000000568, -9.000000000000000000 ) ) ;
#1393 = ORIENTED_EDGE ( 'NONE', *, *, #983, .T. ) ;
#1394 = DIRECTION ( 'NONE',  ( 0.000000000000000000, -1.000000000000000000, 0.000000000000000000 ) ) ;
#1395 = ORIENTED_EDGE ( 'NONE', *, *, #1047, .T. ) ;
#1396 = DIRECTION ( 'NONE',  ( 0.000000000000000000, -1.000000000000000000, 0.000000000000000000 ) ) ;
#1397 = CARTESIAN_POINT ( 'NONE',  ( -12.00000000000000000, 422.0000000000000568, -9.000000000000000000 ) ) ;
#1398 = DIRECTION ( 'NONE',  ( 0.000000000000000000, -1.000000000000000000, 0.000000000000000000 ) ) ;
#1399 = EDGE_CURVE ( 'NONE', #1025, #558, #1121, .T. ) ;
#1400 = ORIENTED_EDGE ( 'NONE', *, *, #501, .T. ) ;
#1401 = ORIENTED_EDGE ( 'NONE', *, *, #600, .T. ) ;
#1402 = AXIS2_PLACEMENT_3D ( 'NONE', #1596, #1244, #99 ) ;
#1403 = DIRECTION ( 'NONE',  ( -0.000000000000000000, 0.000000000000000000, 1.000000000000000000 ) ) ;
#1404 = EDGE_CURVE ( 'NONE', #1006, #827, #119, .T. ) ;
#1405 = AXIS2_PLACEMENT_3D ( 'NONE', #1014, #1394, #761 ) ;
#1406 = CARTESIAN_POINT ( 'NONE',  ( -10.50000000000000000, 395.0000000000000000, -14.00000000000000000 ) ) ;
#1407 = EDGE_LOOP ( 'NONE', ( #1604, #1480, #1338, #300 ) ) ;
#1408 = AXIS2_PLACEMENT_3D ( 'NONE', #855, #493, #222 ) ;
#1409 = DIRECTION ( 'NONE',  ( -0.000000000000000000, 1.000000000000000000, -0.000000000000000000 ) ) ;
#1410 = ORIENTED_EDGE ( 'NONE', *, *, #929, .F. ) ;
#1411 = EDGE_CURVE ( 'NONE', #1328, #552, #1595, .T. ) ;
#1412 = FACE_BOUND ( 'NONE', #927, .T. ) ;
#1413 = ORIENTED_EDGE ( 'NONE', *, *, #1510, .T. ) ;
#1414 = CARTESIAN_POINT ( 'NONE',  ( 0.000000000000000000, 335.0000000000000000, 46.80000000000000426 ) ) ;
#1415 = COORDINATED_UNIVERSAL_TIME_OFFSET ( 12, 0, .AHEAD. ) ;
#1416 = ORIENTED_EDGE ( 'NONE', *, *, #12, .T. ) ;
#1417 = PLANE ( 'NONE',  #1235 ) ;
#1418 = ORIENTED_EDGE ( 'NONE', *, *, #17, .T. ) ;
#1419 = LINE ( 'NONE', #396, #592 ) ;
#1420 = ORIENTED_EDGE ( 'NONE', *, *, #1340, .F. ) ;
#1421 = LINE ( 'NONE', #546, #167 ) ;
#1422 = PERSON_AND_ORGANIZATION ( #459, #40 ) ;
#1423 = ORIENTED_EDGE ( 'NONE', *, *, #655, .T. ) ;
#1424 = DIRECTION ( 'NONE',  ( 0.000000000000000000, 0.000000000000000000, -1.000000000000000000 ) ) ;
#1425 = CARTESIAN_POINT ( 'NONE',  ( 0.000000000000000000, 320.0000000000000000, 0.000000000000000000 ) ) ;
#1426 = FACE_BOUND ( 'NONE', #740, .T. ) ;
#1427 = CARTESIAN_POINT ( 'NONE',  ( 8.099999999999999645, 395.0000000000000000, 23.50000000000000000 ) ) ;
#1428 = EDGE_LOOP ( 'NONE', ( #660, #1156, #976, #811 ) ) ;
#1429 = CARTESIAN_POINT ( 'NONE',  ( -10.50000000000000000, 395.0000000000000000, 13.00000000000000000 ) ) ;
#1430 = CIRCLE ( 'NONE', #1063, 1.050000000000000488 ) ;
#1431 = PERSON_AND_ORGANIZATION_ROLE ( 'design_supplier' ) ;
#1432 = ORIENTED_EDGE ( 'NONE', *, *, #683, .F. ) ;
#1433 = CARTESIAN_POINT ( 'NONE',  ( -10.50000000000000000, 390.0000000000000000, 14.05000000000000071 ) ) ;
#1434 = VECTOR ( 'NONE', #1264, 1000.000000000000000 ) ;
#1435 = AXIS2_PLACEMENT_3D ( 'NONE', #678, #1187, #447 ) ;
#1436 = CARTESIAN_POINT ( 'NONE',  ( 0.000000000000000000, 335.0000000000000000, 0.000000000000000000 ) ) ;
#1437 = DIRECTION ( 'NONE',  ( 1.000000000000000000, 0.000000000000000000, 1.224646799147353207E-16 ) ) ;
#1438 = CARTESIAN_POINT ( 'NONE',  ( -1.607348923880901344E-14, 335.0000000000000000, 131.2500000000000000 ) ) ;
#1439 = EDGE_CURVE ( 'NONE', #297, #81, #230, .T. ) ;
#1440 = EDGE_LOOP ( 'NONE', ( #599, #1130, #640, #786 ) ) ;
#1441 = DIRECTION ( 'NONE',  ( 1.000000000000000000, 0.000000000000000000, 0.000000000000000000 ) ) ;
#1442 = ORIENTED_EDGE ( 'NONE', *, *, #612, .T. ) ;
#1443 = DIRECTION ( 'NONE',  ( 0.000000000000000000, 0.000000000000000000, 1.000000000000000000 ) ) ;
#1444 = EDGE_CURVE ( 'NONE', #140, #512, #613, .T. ) ;
#1445 = CARTESIAN_POINT ( 'NONE',  ( 8.099999999999999645, 395.0000000000000000, 20.50000000000000000 ) ) ;
#1446 = DIRECTION ( 'NONE',  ( 0.000000000000000000, 0.000000000000000000, -1.000000000000000000 ) ) ;
#1447 = FACE_OUTER_BOUND ( 'NONE', #693, .T. ) ;
#1448 = ORIENTED_EDGE ( 'NONE', *, *, #980, .T. ) ;
#1449 = LINE ( 'NONE', #568, #1068 ) ;
#1450 = APPROVAL_STATUS ( 'not_yet_approved' ) ;
#1451 = ORIENTED_EDGE ( 'NONE', *, *, #736, .T. ) ;
#1452 = LINE ( 'NONE', #452, #36 ) ;
#1453 = CARTESIAN_POINT ( 'NONE',  ( 46.70374717300529710, 335.0000000000000000, -3.000000000000000000 ) ) ;
#1454 = DIRECTION ( 'NONE',  ( 1.224646799147353207E-16, 0.000000000000000000, -1.000000000000000000 ) ) ;
#1455 = DIRECTION ( 'NONE',  ( 1.000000000000000000, 0.000000000000000000, 0.000000000000000000 ) ) ;
#1456 = ORIENTED_EDGE ( 'NONE', *, *, #1488, .T. ) ;
#1457 = CIRCLE ( 'NONE', #485, 1.100000000000000089 ) ;
#1458 = VERTEX_POINT ( 'NONE', #1343 ) ;
#1459 = CARTESIAN_POINT ( 'NONE',  ( 0.000000000000000000, 390.0000000000000000, 0.000000000000000000 ) ) ;
#1460 = APPROVAL_PERSON_ORGANIZATION ( #1213, #1067, #1043 ) ;
#1461 = PLANE ( 'NONE',  #1489 ) ;
#1462 = VECTOR ( 'NONE', #313, 1000.000000000000000 ) ;
#1463 = VECTOR ( 'NONE', #688, 1000.000000000000000 ) ;
#1464 = AXIS2_PLACEMENT_3D ( 'NONE', #175, #924, #551 ) ;
#1465 = CARTESIAN_POINT ( 'NONE',  ( -0.9000000000000000222, 396.0000000000000000, 23.50000000000000000 ) ) ;
#1466 = ORIENTED_EDGE ( 'NONE', *, *, #1340, .T. ) ;
#1467 = AXIS2_PLACEMENT_3D ( 'NONE', #1406, #1514, #764 ) ;
#1468 = EDGE_CURVE ( 'NONE', #74, #1209, #717, .T. ) ;
#1469 = EDGE_CURVE ( 'NONE', #1248, #195, #1039, .T. ) ;
#1470 = ORIENTED_EDGE ( 'NONE', *, *, #1561, .F. ) ;
#1471 = LINE ( 'NONE', #1490, #405 ) ;
#1472 = CARTESIAN_POINT ( 'NONE',  ( 0.000000000000000000, 395.0000000000000000, 20.50000000000000000 ) ) ;
#1473 = DIRECTION ( 'NONE',  ( -0.000000000000000000, 1.000000000000000000, -0.000000000000000000 ) ) ;
#1474 = ORIENTED_EDGE ( 'NONE', *, *, #481, .T. ) ;
#1475 = EDGE_CURVE ( 'NONE', #1258, #314, #873, .T. ) ;
#1476 = LINE ( 'NONE', #607, #968 ) ;
#1477 = DIRECTION ( 'NONE',  ( 0.000000000000000000, 0.000000000000000000, -1.000000000000000000 ) ) ;
#1478 = FACE_OUTER_BOUND ( 'NONE', #942, .T. ) ;
#1479 = CARTESIAN_POINT ( 'NONE',  ( 0.000000000000000000, 390.0000000000000000, 0.000000000000000000 ) ) ;
#1480 = ORIENTED_EDGE ( 'NONE', *, *, #383, .T. ) ;
#1481 = FACE_OUTER_BOUND ( 'NONE', #1220, .T. ) ;
#1482 = CIRCLE ( 'NONE', #94, 37.12890000000000157 ) ;
#1483 = LINE ( 'NONE', #216, #142 ) ;
#1484 = CIRCLE ( 'NONE', #271, 1.050000000000000488 ) ;
#1485 = FACE_OUTER_BOUND ( 'NONE', #463, .T. ) ;
#1486 = EDGE_LOOP ( 'NONE', ( #1594, #901, #427, #1420 ) ) ;
#1487 = CIRCLE ( 'NONE', #201, 1.100000000000000089 ) ;
#1488 = EDGE_CURVE ( 'NONE', #1529, #1551, #802, .T. ) ;
#1489 = AXIS2_PLACEMENT_3D ( 'NONE', #203, #316, #1045 ) ;
#1490 = CARTESIAN_POINT ( 'NONE',  ( 6.123233995736766282E-16, 396.0000000000000000, 5.000000000000000000 ) ) ;
#1491 = DIRECTION ( 'NONE',  ( 0.000000000000000000, -1.000000000000000000, 0.000000000000000000 ) ) ;
#1492 = EDGE_CURVE ( 'NONE', #1289, #549, #751, .T. ) ;
#1493 = CARTESIAN_POINT ( 'NONE',  ( 0.000000000000000000, 390.0000000000000000, 0.000000000000000000 ) ) ;
#1494 = ORIENTED_EDGE ( 'NONE', *, *, #1020, .T. ) ;
#1495 = ORIENTED_EDGE ( 'NONE', *, *, #138, .T. ) ;
#1496 = FACE_BOUND ( 'NONE', #1172, .T. ) ;
#1497 = DIRECTION ( 'NONE',  ( -0.000000000000000000, 1.000000000000000000, -0.000000000000000000 ) ) ;
#1498 = DIRECTION ( 'NONE',  ( -0.000000000000000000, 1.000000000000000000, -0.000000000000000000 ) ) ;
#1499 = ORIENTED_EDGE ( 'NONE', *, *, #163, .T. ) ;
#1500 = EDGE_CURVE ( 'NONE', #379, #605, #1254, .T. ) ;
#1501 = EDGE_CURVE ( 'NONE', #1281, #523, #172, .T. ) ;
#1502 = ORIENTED_EDGE ( 'NONE', *, *, #1252, .T. ) ;
#1503 = FACE_BOUND ( 'NONE', #421, .T. ) ;
#1504 = EDGE_CURVE ( 'NONE', #951, #1163, #1391, .T. ) ;
#1505 = DIRECTION ( 'NONE',  ( 1.000000000000000000, 0.000000000000000000, 0.000000000000000000 ) ) ;
#1506 = ORIENTED_EDGE ( 'NONE', *, *, #241, .T. ) ;
#1507 = CARTESIAN_POINT ( 'NONE',  ( 10.50000000000000000, 390.0000000000000000, -14.00000000000000000 ) ) ;
#1508 = ORIENTED_EDGE ( 'NONE', *, *, #907, .T. ) ;
#1509 = CIRCLE ( 'NONE', #1405, 5.000000000000000000 ) ;
#1510 = EDGE_CURVE ( 'NONE', #131, #1249, #1330, .T. ) ;
#1511 = EDGE_CURVE ( 'NONE', #1070, #74, #883, .T. ) ;
#1512 = CIRCLE ( 'NONE', #337, 46.80000000000000426 ) ;
#1513 = DIRECTION ( 'NONE',  ( -1.000000000000000000, 0.000000000000000000, -0.000000000000000000 ) ) ;
#1514 = DIRECTION ( 'NONE',  ( 0.000000000000000000, -1.000000000000000000, 0.000000000000000000 ) ) ;
#1515 = DIRECTION ( 'NONE',  ( 1.000000000000000000, 0.000000000000000000, -0.000000000000000000 ) ) ;
#1516 = EDGE_LOOP ( 'NONE', ( #431, #1013, #265, #1506 ) ) ;
#1517 = DIRECTION ( 'NONE',  ( -0.000000000000000000, 1.000000000000000000, 0.000000000000000000 ) ) ;
#1518 = VERTEX_POINT ( 'NONE', #515 ) ;
#1519 = DIRECTION ( 'NONE',  ( -0.000000000000000000, -1.000000000000000000, -0.000000000000000000 ) ) ;
#1520 = EDGE_CURVE ( 'NONE', #762, #947, #1152, .T. ) ;
#1521 = LINE ( 'NONE', #393, #331 ) ;
#1522 = CYLINDRICAL_SURFACE ( 'NONE', #1339, 1.050000000000000488 ) ;
#1523 = ORIENTED_EDGE ( 'NONE', *, *, #983, .F. ) ;
#1524 = CC_DESIGN_PERSON_AND_ORGANIZATION_ASSIGNMENT ( #412, #548, ( #533 ) ) ;
#1525 = EDGE_LOOP ( 'NONE', ( #1456, #1448 ) ) ;
#1526 = CARTESIAN_POINT ( 'NONE',  ( 6.123233995736766874E-15, 335.0000000000000000, -50.00000000000000711 ) ) ;
#1527 = DIRECTION ( 'NONE',  ( -0.000000000000000000, 1.000000000000000000, -0.000000000000000000 ) ) ;
#1528 = FACE_BOUND ( 'NONE', #1270, .T. ) ;
#1529 = VERTEX_POINT ( 'NONE', #649 ) ;
#1530 = CARTESIAN_POINT ( 'NONE',  ( 10.50000000000000000, 395.0000000000000000, 13.00000000000000000 ) ) ;
#1531 = EDGE_LOOP ( 'NONE', ( #372, #395, #1618, #1386 ) ) ;
#1532 = VECTOR ( 'NONE', #26, 1000.000000000000000 ) ;
#1533 = AXIS2_PLACEMENT_3D ( 'NONE', #619, #979, #1616 ) ;
#1534 = AXIS2_PLACEMENT_3D ( 'NONE', #897, #1396, #267 ) ;
#1535 = DIRECTION ( 'NONE',  ( -1.000000000000000000, 0.000000000000000000, -0.000000000000000000 ) ) ;
#1536 = CIRCLE ( 'NONE', #840, 43.79999999999999716 ) ;
#1537 = DIRECTION ( 'NONE',  ( 0.000000000000000000, 0.000000000000000000, 1.000000000000000000 ) ) ;
#1538 = EDGE_LOOP ( 'NONE', ( #730, #310, #1565, #939 ) ) ;
#1539 = AXIS2_PLACEMENT_3D ( 'NONE', #256, #414, #29 ) ;
#1540 = DIRECTION ( 'NONE',  ( 0.000000000000000000, -1.000000000000000000, 0.000000000000000000 ) ) ;
#1541 = EDGE_LOOP ( 'NONE', ( #249, #21 ) ) ;
#1542 = EDGE_CURVE ( 'NONE', #1309, #864, #1144, .T. ) ;
#1543 = DIRECTION ( 'NONE',  ( 0.000000000000000000, 0.000000000000000000, 1.000000000000000000 ) ) ;
#1544 = ORIENTED_EDGE ( 'NONE', *, *, #1501, .T. ) ;
#1545 = CARTESIAN_POINT ( 'NONE',  ( 5.285397968222387766E-15, 390.0000000000000000, -38.82820000000003802 ) ) ;
#1546 = CARTESIAN_POINT ( 'NONE',  ( 0.000000000000000000, 0.000000000000000000, 0.000000000000000000 ) ) ;
#1547 = VERTEX_POINT ( 'NONE', #758 ) ;
#1548 = DIRECTION ( 'NONE',  ( 1.000000000000000000, -0.000000000000000000, 0.000000000000000000 ) ) ;
#1549 = CARTESIAN_POINT ( 'NONE',  ( 0.000000000000000000, 395.0000000000000000, 0.000000000000000000 ) ) ;
#1550 = CARTESIAN_POINT ( 'NONE',  ( -12.00000000000000000, 422.0000000000000568, 9.000000000000000000 ) ) ;
#1551 = VERTEX_POINT ( 'NONE', #11 ) ;
#1552 = DIRECTION ( 'NONE',  ( 0.000000000000000000, 0.000000000000000000, 1.000000000000000000 ) ) ;
#1553 = PERSON_AND_ORGANIZATION_ROLE ( 'design_owner' ) ;
#1554 = ORIENTED_EDGE ( 'NONE', *, *, #1357, .T. ) ;
#1555 = CARTESIAN_POINT ( 'NONE',  ( 10.50000000000000000, 390.0000000000000000, -15.05000000000000071 ) ) ;
#1556 = CC_DESIGN_PERSON_AND_ORGANIZATION_ASSIGNMENT ( #1422, #1553, ( #1375 ) ) ;
#1557 = CARTESIAN_POINT ( 'NONE',  ( -12.00000000000000000, 412.0000000000000000, -1.100000000000000089 ) ) ;
#1558 = DIRECTION ( 'NONE',  ( 0.000000000000000000, -1.000000000000000000, 0.000000000000000000 ) ) ;
#1559 = FACE_OUTER_BOUND ( 'NONE', #1154, .T. ) ;
#1560 = VERTEX_POINT ( 'NONE', #1384 ) ;
#1561 = EDGE_CURVE ( 'NONE', #1257, #1547, #1255, .T. ) ;
#1562 = DIRECTION ( 'NONE',  ( 0.000000000000000000, 0.000000000000000000, 1.000000000000000000 ) ) ;
#1563 =( GEOMETRIC_REPRESENTATION_CONTEXT ( 3 ) GLOBAL_UNCERTAINTY_ASSIGNED_CONTEXT ( ( #920 ) ) GLOBAL_UNIT_ASSIGNED_CONTEXT ( ( #781, #625, #631 ) ) REPRESENTATION_CONTEXT ( 'NONE', 'WORKASPACE' ) );
#1564 = SHAPE_DEFINITION_REPRESENTATION ( #996, #844 ) ;
#1565 = ORIENTED_EDGE ( 'NONE', *, *, #1143, .T. ) ;
#1566 = CARTESIAN_POINT ( 'NONE',  ( -10.50000000000000000, 396.5000000000000000, -14.00000000000000000 ) ) ;
#1567 = AXIS2_PLACEMENT_3D ( 'NONE', #1582, #1216, #183 ) ;
#1568 = FACE_BOUND ( 'NONE', #1525, .T. ) ;
#1569 = DIRECTION ( 'NONE',  ( -0.000000000000000000, 1.000000000000000000, -0.000000000000000000 ) ) ;
#1570 = ORIENTED_EDGE ( 'NONE', *, *, #777, .F. ) ;
#1571 = DIRECTION ( 'NONE',  ( -0.000000000000000000, 1.000000000000000000, -0.000000000000000000 ) ) ;
#1572 = PERSON_AND_ORGANIZATION ( #459, #40 ) ;
#1573 = ORIENTED_EDGE ( 'NONE', *, *, #1092, .F. ) ;
#1574 = DIRECTION ( 'NONE',  ( 0.000000000000000000, -1.000000000000000000, 0.000000000000000000 ) ) ;
#1575 = DIRECTION ( 'NONE',  ( 0.000000000000000000, -1.000000000000000000, 0.000000000000000000 ) ) ;
#1576 = ORIENTED_EDGE ( 'NONE', *, *, #481, .F. ) ;
#1577 = CARTESIAN_POINT ( 'NONE',  ( -0.9000000000000000222, 396.0000000000000000, 23.50000000000000000 ) ) ;
#1578 = ORIENTED_EDGE ( 'NONE', *, *, #1492, .T. ) ;
#1579 = EDGE_CURVE ( 'NONE', #827, #549, #1133, .T. ) ;
#1580 = ORIENTED_EDGE ( 'NONE', *, *, #144, .F. ) ;
#1581 = DIRECTION ( 'NONE',  ( 0.000000000000000000, 0.000000000000000000, 1.000000000000000000 ) ) ;
#1582 = CARTESIAN_POINT ( 'NONE',  ( 0.000000000000000000, 439.9998083731135807, 0.000000000000000000 ) ) ;
#1583 = CARTESIAN_POINT ( 'NONE',  ( 49.79999999999999716, 325.0000000000000000, 3.000000000000000000 ) ) ;
#1584 = PLANE ( 'NONE',  #642 ) ;
#1585 = EDGE_LOOP ( 'NONE', ( #922, #495, #199, #1474 ) ) ;
#1586 = AXIS2_PLACEMENT_3D ( 'NONE', #1321, #336, #1581 ) ;
#1587 = ORIENTED_EDGE ( 'NONE', *, *, #346, .T. ) ;
#1588 = DIRECTION ( 'NONE',  ( 1.000000000000000000, -0.000000000000000000, -0.000000000000000000 ) ) ;
#1589 = DIRECTION ( 'NONE',  ( -0.000000000000000000, 1.000000000000000000, -0.000000000000000000 ) ) ;
#1590 = CIRCLE ( 'NONE', #773, 1.050000000000000488 ) ;
#1591 = VECTOR ( 'NONE', #1168, 1000.000000000000000 ) ;
#1592 = AXIS2_PLACEMENT_3D ( 'NONE', #1256, #588, #1093 ) ;
#1593 = DIRECTION ( 'NONE',  ( -0.000000000000000000, 1.000000000000000000, -0.000000000000000000 ) ) ;
#1594 = ORIENTED_EDGE ( 'NONE', *, *, #234, .F. ) ;
#1595 = CIRCLE ( 'NONE', #113, 178.7500887950129140 ) ;
#1596 = CARTESIAN_POINT ( 'NONE',  ( 0.000000000000000000, 335.0000000000000000, 0.000000000000000000 ) ) ;
#1597 = DIRECTION ( 'NONE',  ( 0.000000000000000000, -1.000000000000000000, 0.000000000000000000 ) ) ;
#1598 = CARTESIAN_POINT ( 'NONE',  ( 8.099999999999999645, 395.0000000000000000, 0.000000000000000000 ) ) ;
#1599 = ORIENTED_EDGE ( 'NONE', *, *, #907, .F. ) ;
#1600 = DIRECTION ( 'NONE',  ( 0.000000000000000000, 0.000000000000000000, 1.000000000000000000 ) ) ;
#1601 = DIRECTION ( 'NONE',  ( 0.000000000000000000, 0.000000000000000000, -1.000000000000000000 ) ) ;
#1602 = ADVANCED_FACE ( 'NONE', ( #276 ), #1031, .F. ) ;
#1603 = DIRECTION ( 'NONE',  ( 0.000000000000000000, -1.000000000000000000, 0.000000000000000000 ) ) ;
#1604 = ORIENTED_EDGE ( 'NONE', *, *, #634, .F. ) ;
#1605 = CYLINDRICAL_SURFACE ( 'NONE', #664, 46.80000000000000426 ) ;
#1606 = FACE_BOUND ( 'NONE', #1087, .T. ) ;
#1607 = AXIS2_PLACEMENT_3D ( 'NONE', #1549, #1307, #1323 ) ;
#1608 = VECTOR ( 'NONE', #229, 1000.000000000000000 ) ;
#1609 = LINE ( 'NONE', #347, #808 ) ;
#1610 = ORIENTED_EDGE ( 'NONE', *, *, #207, .F. ) ;
#1611 = AXIS2_PLACEMENT_3D ( 'NONE', #1051, #576, #37 ) ;
#1612 = AXIS2_PLACEMENT_3D ( 'NONE', #863, #604, #723 ) ;
#1613 = ORIENTED_EDGE ( 'NONE', *, *, #293, .T. ) ;
#1614 = PLANE ( 'NONE',  #988 ) ;
#1615 = DIRECTION ( 'NONE',  ( 0.000000000000000000, -1.000000000000000000, 0.000000000000000000 ) ) ;
#1616 = DIRECTION ( 'NONE',  ( 0.000000000000000000, 0.000000000000000000, 1.000000000000000000 ) ) ;
#1617 = ORIENTED_EDGE ( 'NONE', *, *, #86, .F. ) ;
#1618 = ORIENTED_EDGE ( 'NONE', *, *, #1475, .F. ) ;
#1619 = LINE ( 'NONE', #1100, #1273 ) ;
#1620 = DIRECTION ( 'NONE',  ( 0.000000000000000000, 0.000000000000000000, -1.000000000000000000 ) ) ;
#1621 = EDGE_CURVE ( 'NONE', #1248, #171, #1521, .T. ) ;
#1622 = EDGE_LOOP ( 'NONE', ( #78, #1182, #1005, #909 ) ) ;
#1623 = ORIENTED_EDGE ( 'NONE', *, *, #1504, .F. ) ;
ENDSEC;
END-ISO-10303-21;
