ISO-10303-21;
HEADER;
FILE_DESCRIPTION (( 'STEP AP203' ),
    '1' );
FILE_NAME ('Nose Tip Rev 2.step',
    '2026-09-30T20:43:34',
    ( '' ),
    ( '' ),
    '',
    '',
    '' );
FILE_SCHEMA (( 'CONFIG_CONTROL_DESIGN' ));
ENDSEC;

DATA;
#1 = DIRECTION ( 'NONE',  ( 0.000000000000000000, -1.000000000000000000, 0.000000000000000000 ) ) ;
#2 = ORIENTED_EDGE ( 'NONE', *, *, #790, .T. ) ;
#3 = EDGE_CURVE ( 'NONE', #888, #1454, #14, .T. ) ;
#4 = CARTESIAN_POINT ( 'NONE',  ( -16.28167261712252412, 399.5750003751405188, 22.40975539332909605 ) ) ;
#5 = CC_DESIGN_DATE_AND_TIME_ASSIGNMENT ( #327, #431, ( #548 ) ) ;
#6 = CARTESIAN_POINT ( 'NONE',  ( 0.000000000000000000, 421.0000000000000568, 7.000000000000000000 ) ) ;
#7 = ADVANCED_FACE ( 'NONE', ( #560 ), #591, .T. ) ;
#8 = ORIENTED_EDGE ( 'NONE', *, *, #955, .T. ) ;
#9 = CARTESIAN_POINT ( 'NONE',  ( 9.065285829881064572, 403.9642860894263094, -27.89999145297922922 ) ) ;
#10 = CARTESIAN_POINT ( 'NONE',  ( 24.75395547965137766, 403.0000003751404734, -17.98476573383146260 ) ) ;
#11 = B_SPLINE_CURVE_WITH_KNOTS ( 'NONE', 3,
 ( #699, #791, #1337, #206 ),
 .UNSPECIFIED., .F., .F.,
 ( 4, 4 ),
 ( 0.000000000000000000, 0.002472970553006347862 ),
 .UNSPECIFIED. ) ;
#12 = CARTESIAN_POINT ( 'NONE',  ( 9.455135723989078755, 398.7500003751404734, 29.10000891460871486 ) ) ;
#13 = CARTESIAN_POINT ( 'NONE',  ( -26.34425743094618610, 402.5750003751405188, -8.559795582374414735 ) ) ;
#14 =( BOUNDED_CURVE ( )  B_SPLINE_CURVE ( 2, ( #1018, #449, #225, #200, #657, #1000, #194, #692, #1106, #112, #544, #1129, #993 ),
 .UNSPECIFIED., .F., .T. ) 
 B_SPLINE_CURVE_WITH_KNOTS ( ( 3, 2, 2, 2, 2, 2, 3 ),
 ( 0.5999999694893477509, 0.5999999999999999778, 0.6199999999999999956, 0.6400000000000000133, 0.6600000000000000311, 0.6800000000000000488, 0.6999999694893477287 ),
 .UNSPECIFIED. ) 
 CURVE ( )  GEOMETRIC_REPRESENTATION_ITEM ( )  RATIONAL_B_SPLINE_CURVE ( ( 0.9999998506704668166, 0.9999999253351194994, 1.000000000000000000, 0.9510565162951534202, 1.000000000000000000, 0.9510565162951534202, 1.000000000000000000, 0.9510565162951534202, 1.000000000000000000, 0.9510565162951534202, 1.000000000000000000, 0.9510565909600339207, 0.9999998506704668166 ) ) 
 REPRESENTATION_ITEM ( '' )  );
#15 = CARTESIAN_POINT ( 'NONE',  ( 9.455135723989078755, 400.3500003751406098, 29.10000891460871486 ) ) ;
#16 = ORIENTED_EDGE ( 'NONE', *, *, #134, .T. ) ;
#17 = CARTESIAN_POINT ( 'NONE',  ( 30.59755072531996944, 404.8500003751404961, 2.884832165602270492E-05 ) ) ;
#18 = CARTESIAN_POINT ( 'NONE',  ( -17.10457303820452779, 406.6250003751405302, 23.54237840959843808 ) ) ;
#19 = CARTESIAN_POINT ( 'NONE',  ( 24.75392156641533958, 403.5000003751404734, 17.98481241139641895 ) ) ;
#20 = CARTESIAN_POINT ( 'NONE',  ( -9.455135723989075203, 404.1000003751405529, -29.10000891460871486 ) ) ;
#21 = CARTESIAN_POINT ( 'NONE',  ( -26.34427357178190121, 404.8250003751405757, 8.559745905990061132 ) ) ;
#22 = UNCERTAINTY_MEASURE_WITH_UNIT (LENGTH_MEASURE( 1.000000000000000082E-05 ), #882, 'distance_accuracy_value', 'NONE');
#23 = FACE_OUTER_BOUND ( 'NONE', #452, .T. ) ;
#24 = VERTEX_POINT ( 'NONE', #1211 ) ;
#25 = CARTESIAN_POINT ( 'NONE',  ( 29.09999999999999432, 397.3499999937586722, 9.575511794258664746E-11 ) ) ;
#26 = ADVANCED_FACE ( 'NONE', ( #307 ), #1451, .F. ) ;
#27 = CARTESIAN_POINT ( 'NONE',  ( 17.10452864520220473, 406.1250003751405302, 23.54241066300257046 ) ) ;
#28 = CARTESIAN_POINT ( 'NONE',  ( -17.10457303820452779, 399.1250003751405302, 23.54237840959843808 ) ) ;
#29 = CARTESIAN_POINT ( 'NONE',  ( -1.315249351134119899E-05, 401.7607144794963574, 27.90000000000000213 ) ) ;
#30 = CARTESIAN_POINT ( 'NONE',  ( 16.39918725777118880, 402.3392860894261958, 22.57158960473442022 ) ) ;
#31 = ORIENTED_EDGE ( 'NONE', *, *, #1462, .F. ) ;
#32 = CARTESIAN_POINT ( 'NONE',  ( 0.000000000000000000, 439.9998083731135807, 0.000000000000000000 ) ) ;
#33 = CARTESIAN_POINT ( 'NONE',  ( 24.75395547965137766, 403.0000003751404734, -17.98476573383146260 ) ) ;
#34 = CARTESIAN_POINT ( 'NONE',  ( 17.10457303820452424, 405.3750003751405870, -23.54237840959843808 ) ) ;
#35 = AXIS2_PLACEMENT_3D ( 'NONE', #1457, #781, #1105 ) ;
#36 = CARTESIAN_POINT ( 'NONE',  ( -27.67573614586765274, 399.6250003751405302, -8.992420629859042336 ) ) ;
#37 = DIRECTION ( 'NONE',  ( -0.000000000000000000, -1.000000000000000000, -0.000000000000000000 ) ) ;
#38 = CARTESIAN_POINT ( 'NONE',  ( 16.39922982013423436, 401.5892860894262526, -22.57155868136757704 ) ) ;
#39 = TOROIDAL_SURFACE ( 'NONE', #690, -131.2500000000000000, 181.2500000000000284 ) ;
#40 = ORIENTED_EDGE ( 'NONE', *, *, #301, .F. ) ;
#41 = CARTESIAN_POINT ( 'NONE',  ( 28.01111113052887447, 397.0000000000000568, 9.233903634813015400E-11 ) ) ;
#42 = CARTESIAN_POINT ( 'NONE',  ( 24.75392156641533958, 403.5000003751404734, 17.98481241139641895 ) ) ;
#43 = CARTESIAN_POINT ( 'NONE',  ( 27.90000000000001634, 398.6357142794728361, 8.813256469875455774E-11 ) ) ;
#44 = ADVANCED_FACE ( 'NONE', ( #337 ), #316, .F. ) ;
#45 = DIRECTION ( 'NONE',  ( 0.000000000000000000, 0.000000000000000000, 1.000000000000000000 ) ) ;
#46 = CARTESIAN_POINT ( 'NONE',  ( 23.73317381038741303, 401.7142860894262526, -17.24312590975594617 ) ) ;
#47 = CARTESIAN_POINT ( 'NONE',  ( 26.34425743094618610, 399.5250003751405643, 8.559795582374411183 ) ) ;
#48 = CARTESIAN_POINT ( 'NONE',  ( 27.67573614586765274, 405.8750003751405870, 8.992420629859038783 ) ) ;
#49 = CARTESIAN_POINT ( 'NONE',  ( 17.10452864520220473, 403.6250003751405302, 23.54241066300257046 ) ) ;
#50 = DIRECTION ( 'NONE',  ( -0.000000000000000000, -1.000000000000000000, -0.000000000000000000 ) ) ;
#51 = CARTESIAN_POINT ( 'NONE',  ( 23.73314129563532759, 402.2142860894261958, 17.24317066247286689 ) ) ;
#52 = CARTESIAN_POINT ( 'NONE',  ( 23.56301125050531908, 397.1500003751405075, 17.11956370431893504 ) ) ;
#53 = CARTESIAN_POINT ( 'NONE',  ( -21.59551958237710068, 406.6983877789367625, 20.27950828496594227 ) ) ;
#54 = CARTESIAN_POINT ( 'NONE',  ( 23.73314129563532404, 403.8857146608548874, 17.24317066247285979 ) ) ;
#55 = CARTESIAN_POINT ( 'NONE',  ( 23.73317381038741303, 399.2142860894262526, -17.24312590975594617 ) ) ;
#56 = CARTESIAN_POINT ( 'NONE',  ( -2.611642079461933883E-05, 402.5250003751405643, 27.69999999998768558 ) ) ;
#57 = AXIS2_PLACEMENT_3D ( 'NONE', #363, #158, #272 ) ;
#58 = CARTESIAN_POINT ( 'NONE',  ( -9.065244983861122208, 401.2142858889212675, -27.90000000000000568 ) ) ;
#59 = CARTESIAN_POINT ( 'NONE',  ( 23.73317381038740947, 400.8857146608548305, -17.24312590975594262 ) ) ;
#60 = CARTESIAN_POINT ( 'NONE',  ( -16.39922982013423791, 404.5107146608548305, 22.57155868136757704 ) ) ;
#61 = VECTOR ( 'NONE', #482, 1000.000000000000000 ) ;
#62 = ORIENTED_EDGE ( 'NONE', *, *, #515, .T. ) ;
#63 = CARTESIAN_POINT ( 'NONE',  ( 0.000000000000000000, 397.0000000000000000, 0.000000000000000000 ) ) ;
#64 = CARTESIAN_POINT ( 'NONE',  ( 27.67575310248567533, 405.6250003751405302, -8.992368442754903768 ) ) ;
#65 = CARTESIAN_POINT ( 'NONE',  ( -23.38789441260723478, 405.4253995890330771, 14.84238508275322310 ) ) ;
#66 = ORIENTED_EDGE ( 'NONE', *, *, #292, .F. ) ;
#67 = CARTESIAN_POINT ( 'NONE',  ( -26.53446867593497416, 400.8392860894261958, -8.621599160586505661 ) ) ;
#68 = CARTESIAN_POINT ( 'NONE',  ( -1.293362759004552510E-14, 401.7607142981378274, 27.90000000000000213 ) ) ;
#69 = CARTESIAN_POINT ( 'NONE',  ( -9.065285829881066348, 404.3857146608547737, 27.89999145297920791 ) ) ;
#70 = ORIENTED_EDGE ( 'NONE', *, *, #955, .F. ) ;
#71 = CARTESIAN_POINT ( 'NONE',  ( 9.065285829881064572, 398.9642860894263094, -27.89999145297922922 ) ) ;
#72 = CARTESIAN_POINT ( 'NONE',  ( 27.69999999999999574, 398.6999999937586949, 8.257569137567908206E-11 ) ) ;
#73 = CARTESIAN_POINT ( 'NONE',  ( -9.000249469226712762, 401.1500003751405075, -27.70000848572719221 ) ) ;
#74 = CARTESIAN_POINT ( 'NONE',  ( 2.630498700632618160E-05, 400.5107146608548874, -27.89999999998759961 ) ) ;
#75 = DIRECTION ( 'NONE',  ( 0.000000000000000000, 0.000000000000000000, 1.000000000000000000 ) ) ;
#76 = ORIENTED_EDGE ( 'NONE', *, *, #191, .T. ) ;
#77 = FACE_BOUND ( 'NONE', #265, .T. ) ;
#78 = CIRCLE ( 'NONE', #1240, 39.06606647641908125 ) ;
#79 = EDGE_CURVE ( 'NONE', #541, #809, #1148, .T. ) ;
#80 = CARTESIAN_POINT ( 'NONE',  ( 2.611642079122706675E-05, 403.7750003751405075, -27.69999999998768558 ) ) ;
#81 = ORIENTED_EDGE ( 'NONE', *, *, #245, .F. ) ;
#82 = CARTESIAN_POINT ( 'NONE',  ( 9.455135723989078755, 397.8500003751405529, 29.10000891460871486 ) ) ;
#83 = CARTESIAN_POINT ( 'NONE',  ( 3.416764569621115524E-15, 300.0000000000000000, 27.90000000000000213 ) ) ;
#84 = CARTESIAN_POINT ( 'NONE',  ( -24.56995436550592515, 406.7753995969943617, 15.59254124499774719 ) ) ;
#85 = ADVANCED_FACE ( 'NONE', ( #252 ), #166, .F. ) ;
#86 = CARTESIAN_POINT ( 'NONE',  ( -24.75392156641533603, 398.8500003751404961, -17.98481241139642250 ) ) ;
#87 = CARTESIAN_POINT ( 'NONE',  ( -1.315249349985495111E-05, 397.5892859080677795, 27.90000000000000924 ) ) ;
#88 = COORDINATED_UNIVERSAL_TIME_OFFSET ( 12, 0, .AHEAD. ) ;
#89 =( GEOMETRIC_REPRESENTATION_CONTEXT ( 3 ) GLOBAL_UNCERTAINTY_ASSIGNED_CONTEXT ( ( #22 ) ) GLOBAL_UNIT_ASSIGNED_CONTEXT ( ( #882, #1200, #1190 ) ) REPRESENTATION_CONTEXT ( 'NONE', 'WORKASPACE' ) );
#90 = CARTESIAN_POINT ( 'NONE',  ( 27.67573614586765274, 400.8750003751405870, 8.992420629859038783 ) ) ;
#91 = DIRECTION ( 'NONE',  ( -0.000000000000000000, 1.000000000000000000, -0.000000000000000000 ) ) ;
#92 = EDGE_LOOP ( 'NONE', ( #1149, #70, #1097 ) ) ;
#93 = CARTESIAN_POINT ( 'NONE',  ( 30.59755072531996944, 399.8500003751405529, 2.884832165602270492E-05 ) ) ;
#94 = MECHANICAL_CONTEXT ( 'NONE', #181, 'mechanical' ) ;
#95 = DIRECTION ( 'NONE',  ( -0.000000000000000000, -1.000000000000000000, -0.000000000000000000 ) ) ;
#96 = EDGE_LOOP ( 'NONE', ( #1116, #650, #1004, #234 ) ) ;
#97 = CARTESIAN_POINT ( 'NONE',  ( -24.56995405800976329, 405.8753995890329520, 15.59254172953497175 ) ) ;
#98 = CARTESIAN_POINT ( 'NONE',  ( -29.12550361138704602, 399.9500003751406325, -2.746042989606955638E-05 ) ) ;
#99 = CIRCLE ( 'NONE', #1291, 27.90000000000000213 ) ;
#100 = CARTESIAN_POINT ( 'NONE',  ( 24.75392156641533958, 405.1000003751404961, 17.98481241139641895 ) ) ;
#101 = EDGE_LOOP ( 'NONE', ( #1360, #1133, #720, #1262 ) ) ;
#102 = CARTESIAN_POINT ( 'NONE',  ( -9.455190596757667265, 400.6000003751405529, 29.09999108536540646 ) ) ;
#103 = CARTESIAN_POINT ( 'NONE',  ( 9.455190596757663712, 400.2500003751405302, -29.09999108536541357 ) ) ;
#104 = CARTESIAN_POINT ( 'NONE',  ( 2.743638429692085378E-05, 399.2250003751405529, -29.09999999998706244 ) ) ;
#105 = CARTESIAN_POINT ( 'NONE',  ( 29.09999999998625242, 398.3140680411667063, 4.609001275808995324 ) ) ;
#106 = CARTESIAN_POINT ( 'NONE',  ( 9.000249469226718091, 406.7000003751406325, 27.70000848572719221 ) ) ;
#107 = CARTESIAN_POINT ( 'NONE',  ( -9.455190596757667265, 403.1000003751404961, 29.09999108536540646 ) ) ;
#108 = ORIENTED_EDGE ( 'NONE', *, *, #300, .F. ) ;
#109 = CARTESIAN_POINT ( 'NONE',  ( 27.67575310248567533, 404.7250003751405529, -8.992368442754903768 ) ) ;
#110 = EDGE_CURVE ( 'NONE', #1317, #153, #1272, .T. ) ;
#111 = CARTESIAN_POINT ( 'NONE',  ( -2.743638430048457550E-05, 401.3750003751405870, 29.09999999998706244 ) ) ;
#112 = CARTESIAN_POINT ( 'NONE',  ( -23.73314129563532404, 403.4642860894263663, -17.24317066247287045 ) ) ;
#113 = CARTESIAN_POINT ( 'NONE',  ( 29.12550361138704602, 403.7000003751405188, 2.746042989250271758E-05 ) ) ;
#114 =( BOUNDED_CURVE ( )  B_SPLINE_CURVE ( 2, ( #671, #237, #559, #1007, #680, #439, #1250, #1353, #463, #1467, #580, #1233, #223, #913, #1346, #213, #432, #103, #448, #336, #1257, #691, #90, #1031, #1127, #1365, #111, #455, #805, #921, #1371, #354, #811, #890, #260, #959, #1058, #244, #471, #738, #945, #587, #730, #1395, #49, #124, #953, #375, #501, #1157, #1040, #1163, #723, #713, #594, #368, #936, #1172, #34, #270, #705, #254, #148, #156, #27, #618, #1379, #479, #18, #1387, #139 ),
 .UNSPECIFIED., .F., .T. ) 
 B_SPLINE_CURVE_WITH_KNOTS ( ( 3, 2, 2, 2, 2, 2, 2, 2, 2, 2, 2, 2, 2, 2, 2, 2, 2, 2, 2, 2, 2, 2, 2, 2, 2, 2, 2, 2, 2, 2, 2, 2, 2, 2, 2, 3 ),
 ( 0.1499999702360884646, 0.1600000000000000033, 0.1799999999999999933, 0.2000000000000000111, 0.2200000000000000011, 0.2399999999999999911, 0.2600000000000000089, 0.2800000000000000266, 0.2999999999999999889, 0.3200000000000000067, 0.3400000000000000799, 0.3599999999999999867, 0.3800000000000000044, 0.4000000000000000222, 0.4199999999999999845, 0.4400000000000000022, 0.4600000000000000200, 0.4799999999999999822, 0.5000000000000000000, 0.5200000000000000178, 0.5400000000000000355, 0.5600000000000000533, 0.5799999999999999600, 0.5999999999999998668, 0.6199999999999999956, 0.6400000000000001243, 0.6600000000000000311, 0.6800000000000000488, 0.6999999999999999556, 0.7199999999999999734, 0.7399999999999999911, 0.7600000000000000089, 0.7800000000000000266, 0.8000000000000000444, 0.8199999999999999512, 0.8319841703338743955 ),
 .UNSPECIFIED. ) 
 CURVE ( )  GEOMETRIC_REPRESENTATION_ITEM ( )  RATIONAL_B_SPLINE_CURVE ( ( 0.9755282581477935366, 0.9755281853101007705, 1.000000000000000000, 0.9510565162951535312, 1.000000000000000000, 0.9510565162951535312, 1.000000000000000000, 0.9510565162951535312, 1.000000000000000000, 0.9510565162951535312, 1.000000000000000000, 0.9510565162951535312, 1.000000000000000000, 0.9510565162951535312, 1.000000000000000000, 0.9510565162951535312, 1.000000000000000000, 0.9510565162951535312, 1.000000000000000000, 0.9510565162951535312, 1.000000000000000000, 0.9510565162951535312, 1.000000000000000000, 0.9510565162951535312, 1.000000000000000000, 0.9510565162951535312, 1.000000000000000000, 0.9510565162951535312, 1.000000000000000000, 0.9510565162951535312, 1.000000000000000000, 0.9510565162951535312, 1.000000000000000000, 0.9510565162951535312, 1.000000000000000000, 0.9510565162951535312, 1.000000000000000000, 0.9510565162951535312, 1.000000000000000000, 0.9510565162951535312, 1.000000000000000000, 0.9510565162951535312, 1.000000000000000000, 0.9510565162951535312, 1.000000000000000000, 0.9510565162951535312, 1.000000000000000000, 0.9510565162951535312, 1.000000000000000000, 0.9510565162951535312, 1.000000000000000000, 0.9510565162951535312, 1.000000000000000000, 0.9510565162951535312, 1.000000000000000000, 0.9510565162951535312, 1.000000000000000000, 0.9510565162951535312, 1.000000000000000000, 0.9510565162951535312, 1.000000000000000000, 0.9510565162951535312, 1.000000000000000000, 0.9510565162951535312, 1.000000000000000000, 0.9510565162951535312, 1.000000000000000000, 0.9510565162951535312, 1.000000000000000000, 0.9706726477273955878, 0.9764916939624344039 ) ) 
 REPRESENTATION_ITEM ( '' )  );
#115 = DIRECTION ( 'NONE',  ( 0.000000000000000000, 0.000000000000000000, -1.000000000000000000 ) ) ;
#116 = ORIENTED_EDGE ( 'NONE', *, *, #790, .F. ) ;
#117 = CARTESIAN_POINT ( 'NONE',  ( 9.516739183971179686E-15, 403.8392857267091927, -27.90000000000000568 ) ) ;
#118 = PERSON_AND_ORGANIZATION ( #883, #396 ) ;
#119 = CARTESIAN_POINT ( 'NONE',  ( 17.10452864520220473, 405.2250003751405529, 23.54241066300257046 ) ) ;
#120 = CARTESIAN_POINT ( 'NONE',  ( -2.611642079461933883E-05, 404.3250003751405757, 27.69999999998768558 ) ) ;
#121 = CARTESIAN_POINT ( 'NONE',  ( 24.75395547965137766, 404.6000003751405529, -17.98476573383146260 ) ) ;
#122 = ORIENTED_EDGE ( 'NONE', *, *, #110, .T. ) ;
#123 = CARTESIAN_POINT ( 'NONE',  ( -27.67573614586765274, 403.7250003751405529, -8.992420629859042336 ) ) ;
#124 = CARTESIAN_POINT ( 'NONE',  ( 9.455135723989078755, 403.7500003751405302, 29.10000891460871486 ) ) ;
#125 = CARTESIAN_POINT ( 'NONE',  ( -2.743638430048457550E-05, 405.4750003751405529, 29.09999999998706244 ) ) ;
#126 = CARTESIAN_POINT ( 'NONE',  ( -9.000301702068298937, 401.9500003751406325, 27.69999151424817185 ) ) ;
#127 = AXIS2_PLACEMENT_3D ( 'NONE', #1293, #475, #1061 ) ;
#128 = DIRECTION ( 'NONE',  ( -0.000000000000000000, -1.000000000000000000, -0.000000000000000000 ) ) ;
#129 = ORIENTED_EDGE ( 'NONE', *, *, #410, .T. ) ;
#130 = VECTOR ( 'NONE', #617, 1000.000000000000000 ) ;
#131 = DIRECTION ( 'NONE',  ( 0.000000000000000000, -1.000000000000000000, 0.000000000000000000 ) ) ;
#132 = CARTESIAN_POINT ( 'NONE',  ( 9.455135723989078755, 405.3500003751406098, 29.10000891460871486 ) ) ;
#133 = CARTESIAN_POINT ( 'NONE',  ( -2.611642079461933883E-05, 406.8250003751405757, 27.69999999998768558 ) ) ;
#134 = EDGE_CURVE ( 'NONE', #950, #555, #625, .T. ) ;
#135 = CC_DESIGN_SECURITY_CLASSIFICATION ( #548, ( #1375 ) ) ;
#136 = CARTESIAN_POINT ( 'NONE',  ( 2.630498700632618160E-05, 401.3392860894262526, -27.89999999998759961 ) ) ;
#137 = ORIENTED_EDGE ( 'NONE', *, *, #718, .F. ) ;
#138 = CARTESIAN_POINT ( 'NONE',  ( 2.611642079122706675E-05, 398.7750003751405075, -27.69999999998768558 ) ) ;
#139 = CARTESIAN_POINT ( 'NONE',  ( -24.56995436550592515, 406.7753995969943617, 15.59254124499774719 ) ) ;
#140 = EDGE_CURVE ( 'NONE', #1369, #795, #778, .T. ) ;
#141 = CARTESIAN_POINT ( 'NONE',  ( 27.67573614586765274, 399.9750003751405529, 8.992420629859038783 ) ) ;
#142 = DIRECTION ( 'NONE',  ( 0.000000000000000000, 0.000000000000000000, -1.000000000000000000 ) ) ;
#143 = CARTESIAN_POINT ( 'NONE',  ( -20.70498269238212785, 407.0841020646509492, 19.44323990208077291 ) ) ;
#144 = ORIENTED_EDGE ( 'NONE', *, *, #837, .T. ) ;
#145 = CARTESIAN_POINT ( 'NONE',  ( 23.73314129563532759, 404.7142860894262526, 17.24317066247286689 ) ) ;
#146 = EDGE_CURVE ( 'NONE', #373, #1068, #930, .T. ) ;
#147 = CARTESIAN_POINT ( 'NONE',  ( 17.10457303820452424, 405.3750003751405870, -23.54237840959843808 ) ) ;
#148 = CARTESIAN_POINT ( 'NONE',  ( 27.67573614586765274, 405.8750003751405870, 8.992420629859038783 ) ) ;
#149 = AXIS2_PLACEMENT_3D ( 'NONE', #1300, #1438, #648 ) ;
#150 = CARTESIAN_POINT ( 'NONE',  ( -27.67573614586765274, 401.2250003751405529, -8.992420629859042336 ) ) ;
#151 = FACE_OUTER_BOUND ( 'NONE', #1094, .T. ) ;
#152 = CARTESIAN_POINT ( 'NONE',  ( 0.000000000000000000, 397.0000000000000000, 0.000000000000000000 ) ) ;
#153 = VERTEX_POINT ( 'NONE', #864 ) ;
#154 = CARTESIAN_POINT ( 'NONE',  ( 9.000301702068291831, 398.9000003751405075, -27.69999151424818251 ) ) ;
#155 = CARTESIAN_POINT ( 'NONE',  ( 27.67575310248567533, 405.6250003751405302, -8.992368442754903768 ) ) ;
#156 = CARTESIAN_POINT ( 'NONE',  ( 24.75392156641533603, 406.0000003751405302, 17.98481241139641895 ) ) ;
#157 = CARTESIAN_POINT ( 'NONE',  ( -16.39918725777118524, 402.7607146608548874, -22.57158960473442377 ) ) ;
#158 = DIRECTION ( 'NONE',  ( -0.000000000000000000, 1.000000000000000000, -0.000000000000000000 ) ) ;
#159 = FACE_OUTER_BOUND ( 'NONE', #333, .T. ) ;
#160 = CARTESIAN_POINT ( 'NONE',  ( -17.10457303820452779, 406.6250003751405302, 23.54237840959843808 ) ) ;
#161 = CARTESIAN_POINT ( 'NONE',  ( 26.53446867593497416, 401.2607146608548874, 8.621599160586502109 ) ) ;
#162 = CARTESIAN_POINT ( 'NONE',  ( 8.572527594031473190E-16, 439.9998083731135807, -7.000000000000000000 ) ) ;
#163 = PRODUCT ( 'Nose Tip Rev 2', 'Nose Tip Rev 2', '', ( #94 ) ) ;
#164 = CARTESIAN_POINT ( 'NONE',  ( 27.67575310248567533, 400.6250003751405302, -8.992368442754903768 ) ) ;
#165 = CARTESIAN_POINT ( 'NONE',  ( -29.12550361138704602, 403.1500003751405075, -2.746042989606955638E-05 ) ) ;
#166 = CYLINDRICAL_SURFACE ( 'NONE', #493, 27.90000000000000213 ) ;
#167 = CARTESIAN_POINT ( 'NONE',  ( 24.75395547965137766, 400.5000003751405302, -17.98476573383146260 ) ) ;
#168 = CARTESIAN_POINT ( 'NONE',  ( 23.73314129563532759, 397.2142860894262526, 17.24317066247286689 ) ) ;
#169 = CARTESIAN_POINT ( 'NONE',  ( -26.53448493331101687, 399.7607146608548305, 8.621549125527895541 ) ) ;
#170 = CARTESIAN_POINT ( 'NONE',  ( 27.67573614586765274, 405.8750003751405870, 8.992420629859038783 ) ) ;
#171 = CARTESIAN_POINT ( 'NONE',  ( -23.56304353217674930, 400.4000003751405643, 17.11951927241002025 ) ) ;
#172 = CIRCLE ( 'NONE', #1221, 178.7499040016718368 ) ;
#173 = CARTESIAN_POINT ( 'NONE',  ( -26.53448493331101687, 400.5892860894262526, 8.621549125527895541 ) ) ;
#174 = FACE_OUTER_BOUND ( 'NONE', #433, .T. ) ;
#175 = AXIS2_PLACEMENT_3D ( 'NONE', #152, #836, #615 ) ;
#176 = EDGE_LOOP ( 'NONE', ( #571, #8, #592, #687, #16, #919, #352, #782, #775, #1230, #517, #1464 ) ) ;
#177 = DIRECTION ( 'NONE',  ( 0.000000000000000000, 0.000000000000000000, -1.000000000000000000 ) ) ;
#178 = CARTESIAN_POINT ( 'NONE',  ( -17.10457303820452779, 406.6250003751405302, 23.54237840959843808 ) ) ;
#179 = CARTESIAN_POINT ( 'NONE',  ( -27.67575310248567533, 401.8750003751405870, 8.992368442754900215 ) ) ;
#180 = CARTESIAN_POINT ( 'NONE',  ( -24.75395547965138121, 398.3500003751406098, 17.98476573383145904 ) ) ;
#181 = APPLICATION_CONTEXT ( 'configuration controlled 3d designs of mechanical parts and assemblies' ) ;
#182 = CARTESIAN_POINT ( 'NONE',  ( -17.10452864520220118, 398.9750003751405529, -23.54241066300257046 ) ) ;
#183 = CARTESIAN_POINT ( 'NONE',  ( 9.516739183971179686E-15, 403.8392857267091927, -27.90000000000000568 ) ) ;
#184 = CARTESIAN_POINT ( 'NONE',  ( 70.00000000000000000, 397.0000000000000000, -1.294753982280548786E-10 ) ) ;
#185 = ADVANCED_FACE ( 'NONE', ( #1098 ), #39, .T. ) ;
#186 = B_SPLINE_CURVE_WITH_KNOTS ( 'NONE', 3,
 ( #474, #620, #1052, #271 ),
 .UNSPECIFIED., .F., .F.,
 ( 4, 4 ),
 ( 0.2222222360920568518, 1.000000000000000000 ),
 .UNSPECIFIED. ) ;
#187 = ORIENTED_EDGE ( 'NONE', *, *, #878, .T. ) ;
#188 = CARTESIAN_POINT ( 'NONE',  ( -23.73314129563532049, 400.1357146608547737, -17.24317066247286689 ) ) ;
#189 = CARTESIAN_POINT ( 'NONE',  ( -27.67573614586765274, 398.7250003751405529, -8.992420629859042336 ) ) ;
#190 = DIRECTION ( 'NONE',  ( 0.000000000000000000, 0.000000000000000000, 1.000000000000000000 ) ) ;
#191 = EDGE_CURVE ( 'NONE', #1268, #902, #1076, .T. ) ;
#192 = DIRECTION ( 'NONE',  ( 0.000000000000000000, 0.000000000000000000, 1.000000000000000000 ) ) ;
#193 = AXIS2_PLACEMENT_3D ( 'NONE', #256, #744, #1397 ) ;
#194 = CARTESIAN_POINT ( 'NONE',  ( -26.53448493331101687, 403.0892860894262526, 8.621549125527895541 ) ) ;
#195 = CARTESIAN_POINT ( 'NONE',  ( -2.630498700974294649E-05, 399.2607146608548874, 27.89999999998759961 ) ) ;
#196 = CARTESIAN_POINT ( 'NONE',  ( -16.28167261712252412, 405.2750003751405075, 22.40975539332909605 ) ) ;
#197 = ORIENTED_EDGE ( 'NONE', *, *, #1050, .T. ) ;
#198 = CARTESIAN_POINT ( 'NONE',  ( -23.73314129563532404, 400.9642860894263094, -17.24317066247287045 ) ) ;
#199 = CYLINDRICAL_SURFACE ( 'NONE', #460, 27.90000000000000213 ) ;
#200 = CARTESIAN_POINT ( 'NONE',  ( -9.065285829881068125, 402.7142860894262526, 27.89999145297921501 ) ) ;
#201 = CARTESIAN_POINT ( 'NONE',  ( -17.10457303820452779, 404.1250003751405302, 23.54237840959843808 ) ) ;
#202 = CARTESIAN_POINT ( 'NONE',  ( 17.10452864520220473, 402.7250003751405529, 23.54241066300257046 ) ) ;
#203 = ORIENTED_EDGE ( 'NONE', *, *, #984, .T. ) ;
#204 = DIRECTION ( 'NONE',  ( 1.000000000000000000, 0.000000000000000000, 1.224646799147353207E-16 ) ) ;
#205 = CC_DESIGN_APPROVAL ( #558, ( #1067 ) ) ;
#206 = CARTESIAN_POINT ( 'NONE',  ( 27.79104383629762864, 396.9999999999999432, 2.463307225861889105 ) ) ;
#207 = CARTESIAN_POINT ( 'NONE',  ( -24.75395547965138121, 398.3500003751406098, 17.98476573383145904 ) ) ;
#208 = CARTESIAN_POINT ( 'NONE',  ( -16.28167261712252412, 404.5750003751405757, 22.40975539332909605 ) ) ;
#209 = CARTESIAN_POINT ( 'NONE',  ( 27.67575310248567533, 404.7250003751405529, -8.992368442754903768 ) ) ;
#210 = VERTEX_POINT ( 'NONE', #1134 ) ;
#211 = CARTESIAN_POINT ( 'NONE',  ( 24.75395547965137766, 402.1000003751405529, -17.98476573383146260 ) ) ;
#212 = APPROVAL_STATUS ( 'not_yet_approved' ) ;
#213 = CARTESIAN_POINT ( 'NONE',  ( -9.455135723989075203, 400.0000003751404734, -29.10000891460871486 ) ) ;
#214 = CARTESIAN_POINT ( 'NONE',  ( -27.67575310248567533, 399.3750003751405870, 8.992368442754900215 ) ) ;
#215 = CARTESIAN_POINT ( 'NONE',  ( -16.28163035986601415, 405.3250003751405757, -22.40978609502306185 ) ) ;
#216 = VECTOR ( 'NONE', #37, 1000.000000000000000 ) ;
#217 = CARTESIAN_POINT ( 'NONE',  ( -24.75395547965138121, 400.8500003751404961, 17.98476573383145904 ) ) ;
#218 = AXIS2_PLACEMENT_3D ( 'NONE', #566, #229, #328 ) ;
#219 = ORIENTED_EDGE ( 'NONE', *, *, #422, .T. ) ;
#220 = CARTESIAN_POINT ( 'NONE',  ( 9.455190596757663712, 401.8500003751405529, -29.09999108536541357 ) ) ;
#221 = DIRECTION ( 'NONE',  ( 0.000000000000000000, 0.000000000000000000, 1.000000000000000000 ) ) ;
#222 = CC_DESIGN_PERSON_AND_ORGANIZATION_ASSIGNMENT ( #345, #689, ( #163 ) ) ;
#223 = CARTESIAN_POINT ( 'NONE',  ( -27.67573614586765274, 399.6250003751405302, -8.992420629859042336 ) ) ;
#224 = CIRCLE ( 'NONE', #849, 7.000000000000000000 ) ;
#225 = CARTESIAN_POINT ( 'NONE',  ( -2.630498700974294649E-05, 402.5892860894262526, 27.89999999998759961 ) ) ;
#226 = CARTESIAN_POINT ( 'NONE',  ( 26.34425743094618610, 401.3250003751405757, 8.559795582374411183 ) ) ;
#227 = CARTESIAN_POINT ( 'NONE',  ( 27.67573614586765274, 404.9750003751405529, 8.992420629859038783 ) ) ;
#228 = ORIENTED_EDGE ( 'NONE', *, *, #1050, .F. ) ;
#229 = DIRECTION ( 'NONE',  ( 0.000000000000000000, -1.000000000000000000, 0.000000000000000000 ) ) ;
#230 = CARTESIAN_POINT ( 'NONE',  ( 27.67573614586765274, 404.9750003751405529, 8.992420629859038783 ) ) ;
#231 = CARTESIAN_POINT ( 'NONE',  ( -24.56995436550592515, 406.4753995969943503, 15.59254124499774719 ) ) ;
#232 = CARTESIAN_POINT ( 'NONE',  ( -9.000249469226712762, 400.4500003751405757, -27.70000848572719221 ) ) ;
#233 = CARTESIAN_POINT ( 'NONE',  ( 17.10457303820452424, 401.9750003751405529, -23.54237840959843808 ) ) ;
#234 = ORIENTED_EDGE ( 'NONE', *, *, #1136, .T. ) ;
#235 =( BOUNDED_CURVE ( )  B_SPLINE_CURVE ( 2, ( #497, #1264, #1401, #824, #1271, #381, #524 ),
 .UNSPECIFIED., .F., .F. ) 
 B_SPLINE_CURVE_WITH_KNOTS ( ( 3, 2, 2, 3 ),
 ( 0.7999999694893478175, 0.8000000000000000444, 0.8199999999999999512, 0.8319841697107008827 ),
 .UNSPECIFIED. ) 
 CURVE ( )  GEOMETRIC_REPRESENTATION_ITEM ( )  RATIONAL_B_SPLINE_CURVE ( ( 0.9999998506704668166, 0.9999999253351194994, 1.000000000000000000, 0.9510565162951534202, 1.000000000000000000, 0.9706726492524097027, 0.9764916933572567181 ) ) 
 REPRESENTATION_ITEM ( '' )  );
#236 = CARTESIAN_POINT ( 'NONE',  ( -27.67573614586765274, 401.2250003751405529, -8.992420629859042336 ) ) ;
#237 = CARTESIAN_POINT ( 'NONE',  ( 29.09999999998625597, 398.3140680411667063, 4.609001275808995324 ) ) ;
#238 = CARTESIAN_POINT ( 'NONE',  ( -17.10457303820452779, 401.6250003751405302, 23.54237840959843808 ) ) ;
#239 = CARTESIAN_POINT ( 'NONE',  ( 29.09999999999999787, 398.2499999937585926, 8.674922091120255582E-11 ) ) ;
#240 = CARTESIAN_POINT ( 'NONE',  ( -16.28167261712252412, 402.0750003751405188, 22.40975539332909605 ) ) ;
#241 = CARTESIAN_POINT ( 'NONE',  ( 29.33579605623461362, 406.1357146608548305, 2.765870014443414386E-05 ) ) ;
#242 = VERTEX_POINT ( 'NONE', #359 ) ;
#243 = CARTESIAN_POINT ( 'NONE',  ( 24.75392156641533603, 400.1000003751404961, 17.98481241139641895 ) ) ;
#244 = CARTESIAN_POINT ( 'NONE',  ( 9.455190596757663712, 402.7500003751406439, -29.09999108536541357 ) ) ;
#245 = EDGE_CURVE ( 'NONE', #766, #526, #817, .T. ) ;
#246 = CARTESIAN_POINT ( 'NONE',  ( -27.67575310248567533, 400.9750003751405529, 8.992368442754900215 ) ) ;
#247 = FACE_BOUND ( 'NONE', #1432, .T. ) ;
#248 = DIRECTION ( 'NONE',  ( 0.000000000000000000, 0.000000000000000000, -1.000000000000000000 ) ) ;
#249 = ORIENTED_EDGE ( 'NONE', *, *, #1304, .F. ) ;
#250 = CARTESIAN_POINT ( 'NONE',  ( 0.000000000000000000, 300.0000000000000000, -27.90000000000000213 ) ) ;
#251 = VECTOR ( 'NONE', #822, 1000.000000000000000 ) ;
#252 = FACE_OUTER_BOUND ( 'NONE', #1440, .T. ) ;
#253 = EDGE_CURVE ( 'NONE', #1454, #286, #1224, .T. ) ;
#254 = CARTESIAN_POINT ( 'NONE',  ( 30.59755072531996944, 405.7500003751405302, 2.884832165602270492E-05 ) ) ;
#255 = CARTESIAN_POINT ( 'NONE',  ( -9.455190596757667265, 399.0000003751405870, 29.09999108536540646 ) ) ;
#256 = CARTESIAN_POINT ( 'NONE',  ( 0.000000000000000000, 439.9998083731135807, 0.000000000000000000 ) ) ;
#257 = DIRECTION ( 'NONE',  ( 0.000000000000000000, -1.000000000000000000, 0.000000000000000000 ) ) ;
#258 = VERTEX_POINT ( 'NONE', #600 ) ;
#259 = CARTESIAN_POINT ( 'NONE',  ( 29.10000000000000142, 398.2499999937585926, 8.674922091120255582E-11 ) ) ;
#260 = CARTESIAN_POINT ( 'NONE',  ( -17.10452864520220118, 402.3750003751405870, -23.54241066300257046 ) ) ;
#261 = CARTESIAN_POINT ( 'NONE',  ( 30.59755072531996589, 404.8500003751405529, 2.884832165602270492E-05 ) ) ;
#262 = FACE_OUTER_BOUND ( 'NONE', #996, .T. ) ;
#263 = CARTESIAN_POINT ( 'NONE',  ( 3.416764569621115524E-15, 397.0000000000000000, 27.90000000000000213 ) ) ;
#264 = ADVANCED_FACE ( 'NONE', ( #159 ), #944, .F. ) ;
#265 = EDGE_LOOP ( 'NONE', ( #838, #1393 ) ) ;
#266 = CARTESIAN_POINT ( 'NONE',  ( 16.28167261712252056, 399.0250003751405643, -22.40975539332909605 ) ) ;
#267 = CARTESIAN_POINT ( 'NONE',  ( 9.455135723989078755, 403.7500003751405302, 29.10000891460871486 ) ) ;
#268 =( BOUNDED_SURFACE ( )  B_SPLINE_SURFACE ( 1, 2, ( 
 ( #1394, #1411, #365, #52, #1269, #477, #1156, #374, #1176, #1385, #1287, #831, #495, #850, #1294, #1279, #138, #154, #266, #1069, #1056, #1073, #47, #962, #391, #500, #1407, #844, #711, #171, #1213, #979, #1435, #879, #751, #73, #626, #765, #421, #414, #1188, #635, #281, #854, #989, #654, #56, #1313, #397, #646, #860, #165, #302, #521, #1329, #529, #80, #429, #972, #869, #746, #289, #758, #310, #1197, #1206, #772, #1083, #196, #966, #65 ),
 ( #660, #1322, #1442, #1428, #1181, #1305, #887, #1419, #404, #180, #1090, #1103, #189, #86, #1096, #547, #540, #995, #1447, #276, #1077, #510, #1003, #1453, #1342, #15, #318, #1254, #576, #217, #777, #435, #685, #1140, #1359, #894, #1123, #1037, #233, #332, #467, #325, #674, #350, #202, #570, #1115, #107, #1335, #459, #563, #785, #340, #909, #801, #1229, #808, #1244, #702, #121, #209, #1109, #227, #100, #1011, #583, #1021, #1470, #918, #1463, #451 ) ),
 .UNSPECIFIED., .F., .F., .F. ) 
 B_SPLINE_SURFACE_WITH_KNOTS ( ( 2, 2 ),
 ( 3, 2, 2, 2, 2, 2, 2, 2, 2, 2, 2, 2, 2, 2, 2, 2, 2, 2, 2, 2, 2, 2, 2, 2, 2, 2, 2, 2, 2, 2, 2, 2, 2, 2, 2, 3 ),
 ( 0.000000000000000000, 1.000000000000000000 ),
 ( 0.1499999702360982345, 0.1600000000000000033, 0.1799999999999999933, 0.2000000000000000111, 0.2200000000000000011, 0.2399999999999999911, 0.2600000000000000089, 0.2800000000000000266, 0.2999999999999999889, 0.3200000000000000067, 0.3400000000000000244, 0.3599999999999999867, 0.3800000000000000044, 0.4000000000000000222, 0.4199999999999999845, 0.4400000000000000022, 0.4600000000000000200, 0.4799999999999999822, 0.5000000000000000000, 0.5200000000000000178, 0.5400000000000000355, 0.5600000000000000533, 0.5799999999999999600, 0.5999999999999999778, 0.6199999999999999956, 0.6400000000000000133, 0.6600000000000000311, 0.6800000000000000488, 0.6999999999999999556, 0.7199999999999999734, 0.7399999999999999911, 0.7600000000000000089, 0.7800000000000000266, 0.8000000000000000444, 0.8199999999999999512, 0.8319841697107008827 ),
 .UNSPECIFIED. ) 
 GEOMETRIC_REPRESENTATION_ITEM ( )  RATIONAL_B_SPLINE_SURFACE ( (
 ( 0.9755282581477936477, 0.9755281853101247513, 1.000000000000000000, 0.9510565162951535312, 1.000000000000000000, 0.9510565162951535312, 1.000000000000000000, 0.9510565162951535312, 1.000000000000000000, 0.9510565162951535312, 1.000000000000000000, 0.9510565162951535312, 1.000000000000000000, 0.9510565162951535312, 1.000000000000000000, 0.9510565162951535312, 1.000000000000000000, 0.9510565162951535312, 1.000000000000000000, 0.9510565162951535312, 1.000000000000000000, 0.9510565162951535312, 1.000000000000000000, 0.9510565162951535312, 1.000000000000000000, 0.9510565162951535312, 1.000000000000000000, 0.9510565162951535312, 1.000000000000000000, 0.9510565162951535312, 1.000000000000000000, 0.9510565162951535312, 1.000000000000000000, 0.9510565162951535312, 1.000000000000000000, 0.9510565162951535312, 1.000000000000000000, 0.9510565162951535312, 1.000000000000000000, 0.9510565162951535312, 1.000000000000000000, 0.9510565162951535312, 1.000000000000000000, 0.9510565162951535312, 1.000000000000000000, 0.9510565162951535312, 1.000000000000000000, 0.9510565162951535312, 1.000000000000000000, 0.9510565162951535312, 1.000000000000000000, 0.9510565162951535312, 1.000000000000000000, 0.9510565162951535312, 1.000000000000000000, 0.9510565162951535312, 1.000000000000000000, 0.9510565162951535312, 1.000000000000000000, 0.9510565162951535312, 1.000000000000000000, 0.9510565162951535312, 1.000000000000000000, 0.9510565162951535312, 1.000000000000000000, 0.9510565162951535312, 1.000000000000000000, 0.9510565162951535312, 1.000000000000000000, 0.9706726492524097027, 0.9764916933572568292),
 ( 0.9755282581477936477, 0.9755281853101247513, 1.000000000000000000, 0.9510565162951535312, 1.000000000000000000, 0.9510565162951535312, 1.000000000000000000, 0.9510565162951535312, 1.000000000000000000, 0.9510565162951535312, 1.000000000000000000, 0.9510565162951535312, 1.000000000000000000, 0.9510565162951535312, 1.000000000000000000, 0.9510565162951535312, 1.000000000000000000, 0.9510565162951535312, 1.000000000000000000, 0.9510565162951535312, 1.000000000000000000, 0.9510565162951535312, 1.000000000000000000, 0.9510565162951535312, 1.000000000000000000, 0.9510565162951535312, 1.000000000000000000, 0.9510565162951535312, 1.000000000000000000, 0.9510565162951535312, 1.000000000000000000, 0.9510565162951535312, 1.000000000000000000, 0.9510565162951535312, 1.000000000000000000, 0.9510565162951535312, 1.000000000000000000, 0.9510565162951535312, 1.000000000000000000, 0.9510565162951535312, 1.000000000000000000, 0.9510565162951535312, 1.000000000000000000, 0.9510565162951535312, 1.000000000000000000, 0.9510565162951535312, 1.000000000000000000, 0.9510565162951535312, 1.000000000000000000, 0.9510565162951535312, 1.000000000000000000, 0.9510565162951535312, 1.000000000000000000, 0.9510565162951535312, 1.000000000000000000, 0.9510565162951535312, 1.000000000000000000, 0.9510565162951535312, 1.000000000000000000, 0.9510565162951535312, 1.000000000000000000, 0.9510565162951535312, 1.000000000000000000, 0.9510565162951535312, 1.000000000000000000, 0.9510565162951535312, 1.000000000000000000, 0.9510565162951535312, 1.000000000000000000, 0.9706726492524097027, 0.9764916933572568292) ) ) 
 REPRESENTATION_ITEM ( '' )  SURFACE ( )  );
#269 = APPROVAL ( #912, 'UNSPECIFIED' ) ;
#270 = CARTESIAN_POINT ( 'NONE',  ( 24.75395547965137766, 405.5000003751405302, -17.98476573383146260 ) ) ;
#271 = CARTESIAN_POINT ( 'NONE',  ( 29.09999999999999432, 397.3499999937586722, 9.575511794258664746E-11 ) ) ;
#272 = DIRECTION ( 'NONE',  ( 0.000000000000000000, 0.000000000000000000, 1.000000000000000000 ) ) ;
#273 = FACE_OUTER_BOUND ( 'NONE', #484, .T. ) ;
#274 = CARTESIAN_POINT ( 'NONE',  ( 23.73314129563532404, 406.3857146608548305, 17.24317066247285979 ) ) ;
#275 = LOCAL_TIME ( 9, 43, 34.00000000000000000, #1406 ) ;
#276 = CARTESIAN_POINT ( 'NONE',  ( 24.75395547965137766, 399.6000003751404392, -17.98476573383146260 ) ) ;
#277 = DIRECTION ( 'NONE',  ( 0.000000000000000000, 0.000000000000000000, -1.000000000000000000 ) ) ;
#278 = CARTESIAN_POINT ( 'NONE',  ( -17.10452864520220118, 399.8750003751405870, -23.54241066300257046 ) ) ;
#279 = DIRECTION ( 'NONE',  ( 0.000000000000000000, 0.000000000000000000, -1.000000000000000000 ) ) ;
#280 = CARTESIAN_POINT ( 'NONE',  ( 0.000000000000000000, 300.0000000000000000, 0.000000000000000000 ) ) ;
#281 = CARTESIAN_POINT ( 'NONE',  ( 26.34425743094618610, 402.0250003751405643, 8.559795582374411183 ) ) ;
#282 = CARTESIAN_POINT ( 'NONE',  ( 17.10452864520220473, 397.7250003751405529, 23.54241066300257046 ) ) ;
#283 = CARTESIAN_POINT ( 'NONE',  ( 16.39922982013423436, 400.7607146608548874, -22.57155868136757704 ) ) ;
#284 = AXIS2_PLACEMENT_3D ( 'NONE', #1159, #1066, #142 ) ;
#285 = CARTESIAN_POINT ( 'NONE',  ( -1.293362759004552510E-14, 404.2607142981379411, 27.90000000000000213 ) ) ;
#286 = VERTEX_POINT ( 'NONE', #741 ) ;
#287 = CARTESIAN_POINT ( 'NONE',  ( -26.53446867593497416, 400.0107146608548305, -8.621599160586505661 ) ) ;
#288 = CARTESIAN_POINT ( 'NONE',  ( 30.59755072531996589, 405.7500003751405302, 2.884832165602270492E-05 ) ) ;
#289 = CARTESIAN_POINT ( 'NONE',  ( 29.12550361138704602, 404.4000003751405075, 2.746042989250271758E-05 ) ) ;
#290 = AXIS2_PLACEMENT_3D ( 'NONE', #32, #385, #623 ) ;
#291 = VERTEX_POINT ( 'NONE', #259 ) ;
#292 = EDGE_CURVE ( 'NONE', #1161, #210, #1298, .T. ) ;
#293 = CARTESIAN_POINT ( 'NONE',  ( 27.67573614586765274, 397.4750003751405529, 8.992420629859038783 ) ) ;
#294 = CARTESIAN_POINT ( 'NONE',  ( 23.73314129563532404, 401.3857146608548874, 17.24317066247285979 ) ) ;
#295 = CARTESIAN_POINT ( 'NONE',  ( 9.065244983861125760, 404.1357144603499023, 27.90000000000000213 ) ) ;
#296 = ORIENTED_EDGE ( 'NONE', *, *, #956, .T. ) ;
#297 = FACE_OUTER_BOUND ( 'NONE', #1013, .T. ) ;
#298 = CARTESIAN_POINT ( 'NONE',  ( 9.455190596757663712, 405.2500003751405870, -29.09999108536541357 ) ) ;
#299 = CARTESIAN_POINT ( 'NONE',  ( -2.743638430048457550E-05, 401.3750003751405870, 29.09999999998706244 ) ) ;
#300 = EDGE_CURVE ( 'NONE', #1454, #862, #1063, .T. ) ;
#301 = EDGE_CURVE ( 'NONE', #522, #535, #965, .T. ) ;
#302 = CARTESIAN_POINT ( 'NONE',  ( -26.34425743094618610, 403.2750003751405075, -8.559795582374414735 ) ) ;
#303 = ORIENTED_EDGE ( 'NONE', *, *, #837, .F. ) ;
#304 = CARTESIAN_POINT ( 'NONE',  ( -16.39918725777118524, 401.0892860894262526, -22.57158960473442022 ) ) ;
#305 = DIRECTION ( 'NONE',  ( -0.000000000000000000, -1.000000000000000000, -0.000000000000000000 ) ) ;
#306 = CARTESIAN_POINT ( 'NONE',  ( 1.315249350792444426E-05, 403.0107144794963006, -27.90000000000000213 ) ) ;
#307 = FACE_OUTER_BOUND ( 'NONE', #96, .T. ) ;
#308 = DIRECTION ( 'NONE',  ( -0.000000000000000000, 1.000000000000000000, -0.000000000000000000 ) ) ;
#309 = CARTESIAN_POINT ( 'NONE',  ( 24.75395547965137766, 400.5000003751405302, -17.98476573383146260 ) ) ;
#310 = CARTESIAN_POINT ( 'NONE',  ( 23.56301125050531908, 404.6500003751405643, 17.11956370431893504 ) ) ;
#311 = VERTEX_POINT ( 'NONE', #41 ) ;
#312 = CARTESIAN_POINT ( 'NONE',  ( 2.743638429692085378E-05, 399.2250003751405529, -29.09999999998706244 ) ) ;
#313 = EDGE_CURVE ( 'NONE', #1268, #291, #780, .T. ) ;
#314 = CARTESIAN_POINT ( 'NONE',  ( 0.000000000000000000, 335.0000000000000000, -131.2500000000000000 ) ) ;
#315 = CARTESIAN_POINT ( 'NONE',  ( 29.09999999998625242, 397.4140680411668427, 4.609001275808995324 ) ) ;
#316 =( BOUNDED_SURFACE ( )  B_SPLINE_SURFACE ( 1, 2, ( 
 ( #891, #315, #552, #1446, #1226, #1339, #1468, #1113, #321, #207, #672, #1008, #1458, #1121, #899, #682, #104, #905, #567, #799, #700, #1259, #141, #1396, #818, #813, #465, #596, #1152, #1035, #246, #376, #150, #923, #1051, #347, #1388, #1138, #1366, #480, #369, #826, #613, #1042, #1373, #731, #914, #604, #1265, #473, #806, #931, #581, #1164, #1282, #20, #490, #714, #1059, #456, #834, #261, #230, #1380, #119, #132, #125, #361, #1273, #355, #947 ),
 ( #239, #1065, #707, #937, #1145, #12, #1251, #255, #28, #589, #724, #1158, #36, #640, #278, #748, #1315, #1402, #1184, #167, #164, #750, #546, #633, #1333, #1427, #1195, #988, #413, #538, #179, #645, #1089, #528, #1320, #1204, #653, #747, #1288, #33, #1070, #1386, #952, #42, #505, #267, #386, #963, #1280, #392, #601, #729, #367, #1162, #737, #487, #1171, #823, #147, #1182, #155, #958, #48, #1057, #478, #845, #742, #1178, #160, #53, #1413 ) ),
 .UNSPECIFIED., .F., .F., .T. ) 
 B_SPLINE_SURFACE_WITH_KNOTS ( ( 2, 2 ),
 ( 3, 2, 2, 2, 2, 2, 2, 2, 2, 2, 2, 2, 2, 2, 2, 2, 2, 2, 2, 2, 2, 2, 2, 2, 2, 2, 2, 2, 2, 2, 2, 2, 2, 2, 2, 3 ),
 ( 0.000000000000000000, 1.000000000000000000 ),
 ( 0.1499999702360884646, 0.1600000000000000033, 0.1799999999999999933, 0.2000000000000000111, 0.2200000000000000011, 0.2399999999999999911, 0.2600000000000000089, 0.2800000000000000266, 0.2999999999999999889, 0.3200000000000000067, 0.3400000000000000244, 0.3599999999999999867, 0.3800000000000000044, 0.4000000000000000222, 0.4199999999999999845, 0.4400000000000000022, 0.4600000000000000200, 0.4799999999999999822, 0.5000000000000000000, 0.5200000000000000178, 0.5400000000000000355, 0.5600000000000000533, 0.5799999999999999600, 0.5999999999999999778, 0.6199999999999999956, 0.6400000000000000133, 0.6600000000000000311, 0.6800000000000000488, 0.6999999999999999556, 0.7199999999999999734, 0.7399999999999999911, 0.7600000000000000089, 0.7800000000000000266, 0.8000000000000000444, 0.8199999999999999512, 0.8319841703338743955 ),
 .UNSPECIFIED. ) 
 GEOMETRIC_REPRESENTATION_ITEM ( )  RATIONAL_B_SPLINE_SURFACE ( (
 ( 0.9755282581477935366, 0.9755281853101007705, 1.000000000000000000, 0.9510565162951535312, 1.000000000000000000, 0.9510565162951535312, 1.000000000000000000, 0.9510565162951535312, 1.000000000000000000, 0.9510565162951535312, 1.000000000000000000, 0.9510565162951535312, 1.000000000000000000, 0.9510565162951535312, 1.000000000000000000, 0.9510565162951535312, 1.000000000000000000, 0.9510565162951535312, 1.000000000000000000, 0.9510565162951535312, 1.000000000000000000, 0.9510565162951535312, 1.000000000000000000, 0.9510565162951535312, 1.000000000000000000, 0.9510565162951535312, 1.000000000000000000, 0.9510565162951535312, 1.000000000000000000, 0.9510565162951535312, 1.000000000000000000, 0.9510565162951535312, 1.000000000000000000, 0.9510565162951535312, 1.000000000000000000, 0.9510565162951535312, 1.000000000000000000, 0.9510565162951535312, 1.000000000000000000, 0.9510565162951535312, 1.000000000000000000, 0.9510565162951535312, 1.000000000000000000, 0.9510565162951535312, 1.000000000000000000, 0.9510565162951535312, 1.000000000000000000, 0.9510565162951535312, 1.000000000000000000, 0.9510565162951535312, 1.000000000000000000, 0.9510565162951535312, 1.000000000000000000, 0.9510565162951535312, 1.000000000000000000, 0.9510565162951535312, 1.000000000000000000, 0.9510565162951535312, 1.000000000000000000, 0.9510565162951535312, 1.000000000000000000, 0.9510565162951535312, 1.000000000000000000, 0.9510565162951535312, 1.000000000000000000, 0.9510565162951535312, 1.000000000000000000, 0.9510565162951535312, 1.000000000000000000, 0.9706726477273955878, 0.9764916939624344039),
 ( 0.9755282581477935366, 0.9755281853101007705, 1.000000000000000000, 0.9510565162951535312, 1.000000000000000000, 0.9510565162951535312, 1.000000000000000000, 0.9510565162951535312, 1.000000000000000000, 0.9510565162951535312, 1.000000000000000000, 0.9510565162951535312, 1.000000000000000000, 0.9510565162951535312, 1.000000000000000000, 0.9510565162951535312, 1.000000000000000000, 0.9510565162951535312, 1.000000000000000000, 0.9510565162951535312, 1.000000000000000000, 0.9510565162951535312, 1.000000000000000000, 0.9510565162951535312, 1.000000000000000000, 0.9510565162951535312, 1.000000000000000000, 0.9510565162951535312, 1.000000000000000000, 0.9510565162951535312, 1.000000000000000000, 0.9510565162951535312, 1.000000000000000000, 0.9510565162951535312, 1.000000000000000000, 0.9510565162951535312, 1.000000000000000000, 0.9510565162951535312, 1.000000000000000000, 0.9510565162951535312, 1.000000000000000000, 0.9510565162951535312, 1.000000000000000000, 0.9510565162951535312, 1.000000000000000000, 0.9510565162951535312, 1.000000000000000000, 0.9510565162951535312, 1.000000000000000000, 0.9510565162951535312, 1.000000000000000000, 0.9510565162951535312, 1.000000000000000000, 0.9510565162951535312, 1.000000000000000000, 0.9510565162951535312, 1.000000000000000000, 0.9510565162951535312, 1.000000000000000000, 0.9510565162951535312, 1.000000000000000000, 0.9510565162951535312, 1.000000000000000000, 0.9510565162951535312, 1.000000000000000000, 0.9510565162951535312, 1.000000000000000000, 0.9510565162951535312, 1.000000000000000000, 0.9706726477273955878, 0.9764916939624344039) ) ) 
 REPRESENTATION_ITEM ( '' )  SURFACE ( )  );
#317 = CARTESIAN_POINT ( 'NONE',  ( 2.743638429692085378E-05, 400.1250003751405302, -29.09999999998706244 ) ) ;
#318 = CARTESIAN_POINT ( 'NONE',  ( -2.743638430048457550E-05, 400.4750003751405529, 29.09999999998706244 ) ) ;
#319 = CARTESIAN_POINT ( 'NONE',  ( 16.39918725777118880, 399.0107146608548305, 22.57158960473442377 ) ) ;
#320 = DIRECTION ( 'NONE',  ( -0.000000000000000000, -1.000000000000000000, -0.000000000000000000 ) ) ;
#321 = CARTESIAN_POINT ( 'NONE',  ( -17.10457303820452779, 398.2250003751405529, 23.54237840959843808 ) ) ;
#322 = CARTESIAN_POINT ( 'NONE',  ( -24.56995436550592515, 406.1753995969943958, 15.59254124499774719 ) ) ;
#323 = CARTESIAN_POINT ( 'NONE',  ( -26.34425743094618610, 400.0750003751405188, -8.559795582374414735 ) ) ;
#324 = CARTESIAN_POINT ( 'NONE',  ( 27.67575310248567533, 403.1250003751405302, -8.992368442754903768 ) ) ;
#325 = CARTESIAN_POINT ( 'NONE',  ( 30.59755072531996589, 402.3500003751404961, 2.884832165602270492E-05 ) ) ;
#326 = CARTESIAN_POINT ( 'NONE',  ( 24.75392156641533603, 402.6000003751405529, 17.98481241139641895 ) ) ;
#327 = DATE_AND_TIME ( #1030, #1227 ) ;
#328 = DIRECTION ( 'NONE',  ( 0.000000000000000000, 0.000000000000000000, -1.000000000000000000 ) ) ;
#329 = ORIENTED_EDGE ( 'NONE', *, *, #940, .T. ) ;
#330 = CARTESIAN_POINT ( 'NONE',  ( 23.56301125050531908, 403.9500003751405757, 17.11956370431893504 ) ) ;
#331 = ADVANCED_FACE ( 'NONE', ( #935 ), #268, .F. ) ;
#332 = CARTESIAN_POINT ( 'NONE',  ( 24.75395547965137766, 402.1000003751404961, -17.98476573383146260 ) ) ;
#333 = EDGE_LOOP ( 'NONE', ( #816, #401, #62, #1222, #990, #1429 ) ) ;
#334 = CARTESIAN_POINT ( 'NONE',  ( -9.455190596757667265, 405.6000003751404961, 29.09999108536540646 ) ) ;
#335 = PERSON_AND_ORGANIZATION ( #883, #396 ) ;
#336 = CARTESIAN_POINT ( 'NONE',  ( 24.75395547965137766, 400.5000003751405302, -17.98476573383146260 ) ) ;
#337 = FACE_OUTER_BOUND ( 'NONE', #802, .T. ) ;
#338 = CARTESIAN_POINT ( 'NONE',  ( 9.000249469226718091, 401.7000003751405188, 27.70000848572719221 ) ) ;
#339 = AXIS2_PLACEMENT_3D ( 'NONE', #858, #308, #527 ) ;
#340 = CARTESIAN_POINT ( 'NONE',  ( -27.67573614586765274, 403.7250003751405529, -8.992420629859042336 ) ) ;
#341 = VECTOR ( 'NONE', #305, 1000.000000000000000 ) ;
#342 = VECTOR ( 'NONE', #320, 1000.000000000000000 ) ;
#343 = ORIENTED_EDGE ( 'NONE', *, *, #985, .T. ) ;
#344 = CARTESIAN_POINT ( 'NONE',  ( -17.10457303820452779, 403.2250003751405529, 23.54237840959843808 ) ) ;
#345 = PERSON_AND_ORGANIZATION ( #883, #396 ) ;
#346 = FACE_OUTER_BOUND ( 'NONE', #1310, .T. ) ;
#347 = CARTESIAN_POINT ( 'NONE',  ( -9.455135723989075203, 401.6000003751404392, -29.10000891460871486 ) ) ;
#348 = CARTESIAN_POINT ( 'NONE',  ( -26.34427357178190121, 399.8250003751405757, 8.559745905990061132 ) ) ;
#349 = DESIGN_CONTEXT ( 'detailed design', #1012, 'design' ) ;
#350 = CARTESIAN_POINT ( 'NONE',  ( 24.75392156641533958, 402.6000003751405529, 17.98481241139641895 ) ) ;
#351 = EDGE_CURVE ( 'NONE', #242, #522, #172, .T. ) ;
#352 = ORIENTED_EDGE ( 'NONE', *, *, #3, .T. ) ;
#353 = CARTESIAN_POINT ( 'NONE',  ( -27.67575310248567533, 403.4750003751405529, 8.992368442754900215 ) ) ;
#354 = CARTESIAN_POINT ( 'NONE',  ( -30.59755072531996944, 402.0000003751405302, -2.884832165976982621E-05 ) ) ;
#355 = CARTESIAN_POINT ( 'NONE',  ( -21.59551958237710068, 405.7983877789367284, 20.27950828496594227 ) ) ;
#356 = CARTESIAN_POINT ( 'NONE',  ( -16.28163035986601415, 402.8250003751405757, -22.40978609502306185 ) ) ;
#357 = LINE ( 'NONE', #1072, #716 ) ;
#358 = VERTEX_POINT ( 'NONE', #667 ) ;
#359 = CARTESIAN_POINT ( 'NONE',  ( 0.000000000000000000, 407.5000000000000000, 32.13667074036096949 ) ) ;
#360 = CARTESIAN_POINT ( 'NONE',  ( 0.000000000000000000, 300.0000000000000000, 0.000000000000000000 ) ) ;
#361 = CARTESIAN_POINT ( 'NONE',  ( -9.455190596757667265, 405.6000003751404392, 29.09999108536540646 ) ) ;
#362 = DIRECTION ( 'NONE',  ( -0.000000000000000000, 1.000000000000000000, -0.000000000000000000 ) ) ;
#363 = CARTESIAN_POINT ( 'NONE',  ( 0.000000000000000000, 334.9999303173929093, 0.000000000000000000 ) ) ;
#364 = ORIENTED_EDGE ( 'NONE', *, *, #1338, .T. ) ;
#365 = CARTESIAN_POINT ( 'NONE',  ( 26.34425743094618610, 397.0250003751405643, 8.559795582374411183 ) ) ;
#366 =( BOUNDED_CURVE ( )  B_SPLINE_CURVE ( 2, ( #1284, #949, #1168, #726, #925, #815, #1261, #241, #1160, #274, #977, #853, #394 ),
 .UNSPECIFIED., .F., .F. ) 
 B_SPLINE_CURVE_WITH_KNOTS ( ( 3, 2, 2, 2, 2, 2, 3 ),
 ( 0.6999999694893477287, 0.6999999999999999556, 0.7199999999999999734, 0.7399999999999999911, 0.7600000000000000089, 0.7800000000000000266, 0.7999999694893478175 ),
 .UNSPECIFIED. ) 
 CURVE ( )  GEOMETRIC_REPRESENTATION_ITEM ( )  RATIONAL_B_SPLINE_CURVE ( ( 0.9999998506704668166, 0.9999999253351194994, 1.000000000000000000, 0.9510565162951535312, 1.000000000000000000, 0.9510565162951535312, 1.000000000000000000, 0.9510565162951535312, 1.000000000000000000, 0.9510565162951535312, 1.000000000000000000, 0.9510565909600340317, 0.9999998506704668166 ) ) 
 REPRESENTATION_ITEM ( '' )  );
#367 = CARTESIAN_POINT ( 'NONE',  ( -27.67573614586765274, 404.6250003751405302, -8.992420629859042336 ) ) ;
#368 = CARTESIAN_POINT ( 'NONE',  ( -9.455135723989075203, 405.0000003751404734, -29.10000891460871486 ) ) ;
#369 = CARTESIAN_POINT ( 'NONE',  ( 27.67575310248567533, 402.2250003751405529, -8.992368442754903768 ) ) ;
#370 = CARTESIAN_POINT ( 'NONE',  ( -26.53448493331101687, 402.2607146608548874, 8.621549125527895541 ) ) ;
#371 = CIRCLE ( 'NONE', #511, 27.90000000000000213 ) ;
#372 = CARTESIAN_POINT ( 'NONE',  ( 9.065244983861125760, 402.4642858889212675, 27.90000000000000568 ) ) ;
#373 = VERTEX_POINT ( 'NONE', #794 ) ;
#374 = CARTESIAN_POINT ( 'NONE',  ( -9.000301702068298937, 397.6500003751405075, 27.69999151424817185 ) ) ;
#375 = CARTESIAN_POINT ( 'NONE',  ( -9.455190596757667265, 404.0000003751405302, 29.09999108536540646 ) ) ;
#376 = CARTESIAN_POINT ( 'NONE',  ( -30.59755072531996589, 401.1000003751405529, -2.884832165976982621E-05 ) ) ;
#377 = CARTESIAN_POINT ( 'NONE',  ( -9.065244983861122208, 402.8857144603499592, -27.90000000000000213 ) ) ;
#378 = CARTESIAN_POINT ( 'NONE',  ( 0.000000000000000000, 397.0000000000000000, 0.000000000000000000 ) ) ;
#379 = ORIENTED_EDGE ( 'NONE', *, *, #622, .T. ) ;
#380 = CARTESIAN_POINT ( 'NONE',  ( 29.33579605623462072, 404.4642860894263094, 2.765870014443415402E-05 ) ) ;
#381 = CARTESIAN_POINT ( 'NONE',  ( -20.70498246171949575, 405.4126734892909667, 19.44324006966732199 ) ) ;
#382 = CARTESIAN_POINT ( 'NONE',  ( -24.56995436550592515, 406.5503995969943958, 15.59254124499774719 ) ) ;
#383 = CARTESIAN_POINT ( 'NONE',  ( -16.39922982013423791, 407.0107146608548874, 22.57155868136757704 ) ) ;
#384 = DATE_AND_TIME ( #395, #275 ) ;
#385 = DIRECTION ( 'NONE',  ( -0.000000000000000000, 1.000000000000000000, -0.000000000000000000 ) ) ;
#386 = CARTESIAN_POINT ( 'NONE',  ( -2.743638430048457550E-05, 403.8750003751405870, 29.09999999998706244 ) ) ;
#387 = DIRECTION ( 'NONE',  ( 0.000000000000000000, -0.000000000000000000, -1.000000000000000000 ) ) ;
#388 = CARTESIAN_POINT ( 'NONE',  ( -23.73314129563532049, 402.6357146608548305, -17.24317066247286689 ) ) ;
#389 = CARTESIAN_POINT ( 'NONE',  ( 9.516811975875954856E-15, 400.5107142981377706, -27.90000000000000213 ) ) ;
#390 = APPROVAL_DATE_TIME ( #384, #1209 ) ;
#391 = CARTESIAN_POINT ( 'NONE',  ( 16.28163035986601770, 399.7750003751405075, 22.40978609502306185 ) ) ;
#392 = CARTESIAN_POINT ( 'NONE',  ( -24.75395547965138121, 404.2500003751405302, 17.98476573383145904 ) ) ;
#393 = CARTESIAN_POINT ( 'NONE',  ( 1.099604936003101031E-14, 397.5892857267091927, 27.90000000000000213 ) ) ;
#394 = CARTESIAN_POINT ( 'NONE',  ( -1.293362759004552510E-14, 406.7607142981378274, 27.90000000000000213 ) ) ;
#395 = CALENDAR_DATE ( 2026, 1, 10 ) ;
#396 = ORGANIZATION ( 'UNSPECIFIED', 'UNSPECIFIED', '' ) ;
#397 = CARTESIAN_POINT ( 'NONE',  ( -16.28167261712252412, 402.7750003751405075, 22.40975539332909605 ) ) ;
#398 = CARTESIAN_POINT ( 'NONE',  ( -16.39922982013423791, 397.8392860894261958, 22.57155868136757704 ) ) ;
#399 = FACE_OUTER_BOUND ( 'NONE', #1084, .T. ) ;
#400 = CARTESIAN_POINT ( 'NONE',  ( -23.73314129563532049, 405.1357146608547737, -17.24317066247286689 ) ) ;
#401 = ORIENTED_EDGE ( 'NONE', *, *, #679, .F. ) ;
#402 = CARTESIAN_POINT ( 'NONE',  ( 3.416764569621115524E-15, 300.0000000000000000, 27.90000000000000213 ) ) ;
#403 = CARTESIAN_POINT ( 'NONE',  ( -9.455190596757667265, 406.5000003751404734, 29.09999108536540646 ) ) ;
#404 = CARTESIAN_POINT ( 'NONE',  ( -17.10457303820452779, 398.2250003751405529, 23.54237840959843808 ) ) ;
#405 = EDGE_CURVE ( 'NONE', #943, #766, #371, .T. ) ;
#406 = CARTESIAN_POINT ( 'NONE',  ( 23.73314129563532404, 398.8857146608548305, 17.24317066247285979 ) ) ;
#407 = AXIS2_PLACEMENT_3D ( 'NONE', #314, #507, #192 ) ;
#408 = CARTESIAN_POINT ( 'NONE',  ( 0.000000000000000000, 407.5000000000000000, 0.000000000000000000 ) ) ;
#409 = VECTOR ( 'NONE', #1024, 1000.000000000000000 ) ;
#410 = EDGE_CURVE ( 'NONE', #258, #910, #1027, .T. ) ;
#411 = ORIENTED_EDGE ( 'NONE', *, *, #491, .F. ) ;
#412 = CARTESIAN_POINT ( 'NONE',  ( 16.39922982013423436, 399.0892860894262526, -22.57155868136757704 ) ) ;
#413 = CARTESIAN_POINT ( 'NONE',  ( -17.10457303820452779, 401.6250003751405302, 23.54237840959843808 ) ) ;
#414 = CARTESIAN_POINT ( 'NONE',  ( 23.56304353217674574, 401.6500003751404506, -17.11951927241002380 ) ) ;
#415 = CARTESIAN_POINT ( 'NONE',  ( -2.630498700974294649E-05, 397.5892860894262526, 27.89999999998759961 ) ) ;
#416 = CARTESIAN_POINT ( 'NONE',  ( 1.315249350792444426E-05, 400.5107144794963574, -27.90000000000000213 ) ) ;
#417 = B_SPLINE_CURVE_WITH_KNOTS ( 'NONE', 3,
 ( #525, #873, #514, #84 ),
 .UNSPECIFIED., .F., .F.,
 ( 4, 4 ),
 ( 0.1428571428571539792, 1.000000000000000000 ),
 .UNSPECIFIED. ) ;
#418 = CARTESIAN_POINT ( 'NONE',  ( -23.55676022364409405, 405.4896853033187085, 14.94955008572965127 ) ) ;
#419 = ORIENTED_EDGE ( 'NONE', *, *, #79, .T. ) ;
#420 = CARTESIAN_POINT ( 'NONE',  ( -9.065285829881066348, 399.3857146608547737, 27.89999145297920791 ) ) ;
#421 = CARTESIAN_POINT ( 'NONE',  ( 16.28167261712252056, 401.5250003751405643, -22.40975539332909605 ) ) ;
#422 = EDGE_CURVE ( 'NONE', #669, #153, #357, .T. ) ;
#423 = VERTEX_POINT ( 'NONE', #499 ) ;
#424 = CARTESIAN_POINT ( 'NONE',  ( 27.90000000000001634, 398.6357142794728361, 8.813256469875455774E-11 ) ) ;
#425 = DIRECTION ( 'NONE',  ( -1.000000000000000000, 0.000000000000000000, 5.286665504627319793E-12 ) ) ;
#426 = CARTESIAN_POINT ( 'NONE',  ( 9.516811975875954856E-15, 398.8392857267091927, -27.90000000000000568 ) ) ;
#427 = ORIENTED_EDGE ( 'NONE', *, *, #1321, .F. ) ;
#428 = CARTESIAN_POINT ( 'NONE',  ( -24.75392156641533603, 402.2500003751405302, -17.98481241139642250 ) ) ;
#429 = CARTESIAN_POINT ( 'NONE',  ( 9.000301702068291831, 403.9000003751406211, -27.69999151424818251 ) ) ;
#430 = CARTESIAN_POINT ( 'NONE',  ( -9.455190596757667265, 398.1000003751404961, 29.09999108536540646 ) ) ;
#431 = DATE_TIME_ROLE ( 'classification_date' ) ;
#432 = CARTESIAN_POINT ( 'NONE',  ( 2.743638429692085378E-05, 400.1250003751405302, -29.09999999998706244 ) ) ;
#433 = EDGE_LOOP ( 'NONE', ( #1055, #973, #436, #66, #564, #1399, #616, #81 ) ) ;
#434 = CARTESIAN_POINT ( 'NONE',  ( -17.10452864520220118, 404.8750003751405870, -23.54241066300257046 ) ) ;
#435 = CARTESIAN_POINT ( 'NONE',  ( -30.59755072531996589, 401.1000003751405529, -2.884832165976982621E-05 ) ) ;
#436 = ORIENTED_EDGE ( 'NONE', *, *, #491, .T. ) ;
#437 = CARTESIAN_POINT ( 'NONE',  ( -9.455135723989075203, 404.1000003751405529, -29.10000891460871486 ) ) ;
#438 = DATE_AND_TIME ( #896, #668 ) ;
#439 = CARTESIAN_POINT ( 'NONE',  ( 9.455135723989078755, 398.7500003751405870, 29.10000891460871486 ) ) ;
#440 = ORIENTED_EDGE ( 'NONE', *, *, #892, .F. ) ;
#441 = AXIS2_PLACEMENT_3D ( 'NONE', #1270, #851, #277 ) ;
#442 = CARTESIAN_POINT ( 'NONE',  ( -23.56304353217674930, 404.7000003751406325, 17.11951927241002025 ) ) ;
#443 = CARTESIAN_POINT ( 'NONE',  ( 0.000000000000000000, 334.9999303173929093, -131.2501955513456551 ) ) ;
#444 = ORIENTED_EDGE ( 'NONE', *, *, #1245, .F. ) ;
#445 =( BOUNDED_CURVE ( )  B_SPLINE_CURVE ( 2, ( #629, #416, #74, #1079, #283, #59, #639, #855, #161, #294, #513, #1324, #68 ),
 .UNSPECIFIED., .F., .F. ) 
 B_SPLINE_CURVE_WITH_KNOTS ( ( 3, 2, 2, 2, 2, 2, 3 ),
 ( 0.2999999694893477620, 0.2999999999999999889, 0.3200000000000000067, 0.3400000000000000244, 0.3599999999999999867, 0.3800000000000000044, 0.3999999694893477953 ),
 .UNSPECIFIED. ) 
 CURVE ( )  GEOMETRIC_REPRESENTATION_ITEM ( )  RATIONAL_B_SPLINE_CURVE ( ( 0.9999998506704668166, 0.9999999253351194994, 1.000000000000000000, 0.9510565162951535312, 1.000000000000000000, 0.9510565162951535312, 1.000000000000000000, 0.9510565162951535312, 1.000000000000000000, 0.9510565162951535312, 1.000000000000000000, 0.9510565909600340317, 0.9999998506704668166 ) ) 
 REPRESENTATION_ITEM ( '' )  );
#446 = CARTESIAN_POINT ( 'NONE',  ( 27.67573614586765274, 404.9750003751405529, 8.992420629859038783 ) ) ;
#447 = DATE_AND_TIME ( #1466, #787 ) ;
#448 = CARTESIAN_POINT ( 'NONE',  ( 17.10457303820452424, 400.3750003751405870, -23.54237840959843808 ) ) ;
#449 = CARTESIAN_POINT ( 'NONE',  ( -1.315249351134119899E-05, 402.5892859080677226, 27.90000000000000568 ) ) ;
#450 = CARTESIAN_POINT ( 'NONE',  ( 9.000249469226718091, 399.2000003751405757, 27.70000848572719221 ) ) ;
#451 = CARTESIAN_POINT ( 'NONE',  ( -24.56995405800976329, 405.8753995890329520, 15.59254172953497175 ) ) ;
#452 = EDGE_LOOP ( 'NONE', ( #734, #1448, #1384, #1202 ) ) ;
#453 = CARTESIAN_POINT ( 'NONE',  ( -24.56995405800976329, 405.8753995890329520, 15.59254172953497175 ) ) ;
#454 = CALENDAR_DATE ( 2026, 1, 10 ) ;
#455 = CARTESIAN_POINT ( 'NONE',  ( -9.455190596757667265, 401.5000003751404734, 29.09999108536540646 ) ) ;
#456 = CARTESIAN_POINT ( 'NONE',  ( 24.75395547965137766, 404.6000003751405529, -17.98476573383146260 ) ) ;
#457 = CARTESIAN_POINT ( 'NONE',  ( -23.56301125050531198, 405.2000003751405757, -17.11956370431893859 ) ) ;
#458 = EDGE_CURVE ( 'NONE', #423, #541, #634, .T. ) ;
#459 = CARTESIAN_POINT ( 'NONE',  ( -24.75395547965138121, 403.3500003751406098, 17.98476573383145904 ) ) ;
#460 = AXIS2_PLACEMENT_3D ( 'NONE', #641, #649, #279 ) ;
#461 = ORIENTED_EDGE ( 'NONE', *, *, #410, .F. ) ;
#462 = CARTESIAN_POINT ( 'NONE',  ( -24.75395547965138121, 403.3500003751405529, 17.98476573383145904 ) ) ;
#463 = CARTESIAN_POINT ( 'NONE',  ( -17.10457303820452779, 399.1250003751405302, 23.54237840959843808 ) ) ;
#464 = CARTESIAN_POINT ( 'NONE',  ( -17.10452864520220118, 399.8750003751405870, -23.54241066300257046 ) ) ;
#465 = CARTESIAN_POINT ( 'NONE',  ( -2.743638430048457550E-05, 400.4750003751405529, 29.09999999998706244 ) ) ;
#466 = CARTESIAN_POINT ( 'NONE',  ( -9.000249469226712762, 405.4500003751405757, -27.70000848572719221 ) ) ;
#467 = CARTESIAN_POINT ( 'NONE',  ( 27.67575310248567533, 402.2250003751405529, -8.992368442754903768 ) ) ;
#468 = ORIENTED_EDGE ( 'NONE', *, *, #245, .T. ) ;
#469 = CARTESIAN_POINT ( 'NONE',  ( -27.67575310248567533, 400.9750003751405529, 8.992368442754900215 ) ) ;
#470 = APPROVAL_ROLE ( '' ) ;
#471 = CARTESIAN_POINT ( 'NONE',  ( 17.10457303820452424, 402.8750003751405870, -23.54237840959843808 ) ) ;
#472 = CARTESIAN_POINT ( 'NONE',  ( 17.10452864520220473, 403.6250003751405302, 23.54241066300257046 ) ) ;
#473 = CARTESIAN_POINT ( 'NONE',  ( -24.75395547965138121, 403.3500003751406098, 17.98476573383145904 ) ) ;
#474 = CARTESIAN_POINT ( 'NONE',  ( 28.01111113052887447, 397.0000000000000568, 9.233903634813015400E-11 ) ) ;
#475 = DIRECTION ( 'NONE',  ( -0.000000000000000000, 1.000000000000000000, -0.000000000000000000 ) ) ;
#476 = ORIENTED_EDGE ( 'NONE', *, *, #146, .F. ) ;
#477 = CARTESIAN_POINT ( 'NONE',  ( 9.000249469226718091, 397.4000003751405075, 27.70000848572719221 ) ) ;
#478 = CARTESIAN_POINT ( 'NONE',  ( 17.10452864520220473, 406.1250003751405302, 23.54241066300257046 ) ) ;
#479 = CARTESIAN_POINT ( 'NONE',  ( -9.455190596757667265, 406.5000003751405302, 29.09999108536540646 ) ) ;
#480 = CARTESIAN_POINT ( 'NONE',  ( 24.75395547965137766, 402.1000003751404961, -17.98476573383146260 ) ) ;
#481 = CARTESIAN_POINT ( 'NONE',  ( -16.28167261712252412, 407.0750003751405757, 22.40975539332909605 ) ) ;
#482 = DIRECTION ( 'NONE',  ( -0.000000000000000000, -1.000000000000000000, -0.000000000000000000 ) ) ;
#483 = CIRCLE ( 'NONE', #1309, 32.13667074036096949 ) ;
#484 = EDGE_LOOP ( 'NONE', ( #710, #1198 ) ) ;
#485 = CARTESIAN_POINT ( 'NONE',  ( 29.10000000000000142, 397.6499999937586267, 8.674922091120255582E-11 ) ) ;
#486 = CIRCLE ( 'NONE', #218, 7.000000000000000000 ) ;
#487 = CARTESIAN_POINT ( 'NONE',  ( -9.455135723989075203, 405.0000003751404734, -29.10000891460871486 ) ) ;
#488 = VECTOR ( 'NONE', #1308, 1000.000000000000000 ) ;
#489 = CARTESIAN_POINT ( 'NONE',  ( -23.55676022364409405, 405.4896853033187085, 14.94955008572965127 ) ) ;
#490 = CARTESIAN_POINT ( 'NONE',  ( 2.743638429692085378E-05, 404.2250003751405529, -29.09999999998706244 ) ) ;
#491 = EDGE_CURVE ( 'NONE', #1046, #210, #1382, .T. ) ;
#492 = CARTESIAN_POINT ( 'NONE',  ( 3.935607095743546170E-15, 407.5000000000000000, -32.13667074036096949 ) ) ;
#493 = AXIS2_PLACEMENT_3D ( 'NONE', #628, #1078, #722 ) ;
#494 = ORIENTED_EDGE ( 'NONE', *, *, #515, .F. ) ;
#495 = CARTESIAN_POINT ( 'NONE',  ( -26.34425743094618610, 398.2750003751405075, -8.559795582374414735 ) ) ;
#496 = MANIFOLD_SOLID_BREP ( 'Cut-Sweep1', #1217 ) ;
#497 = CARTESIAN_POINT ( 'NONE',  ( -1.293362759004552510E-14, 405.0892857267093063, 27.90000000000000568 ) ) ;
#498 = DIRECTION ( 'NONE',  ( -0.8443283287115947999, 0.000000000000000000, 0.5358261596218358846 ) ) ;
#499 = CARTESIAN_POINT ( 'NONE',  ( 27.79104383629762864, 396.9999999999999432, 2.463307225861889105 ) ) ;
#500 = CARTESIAN_POINT ( 'NONE',  ( 9.000249469226718091, 399.9000003751406211, 27.70000848572719221 ) ) ;
#501 = CARTESIAN_POINT ( 'NONE',  ( -17.10457303820452779, 404.1250003751405302, 23.54237840959843808 ) ) ;
#502 = PLANE ( 'NONE',  #1117 ) ;
#503 = FACE_OUTER_BOUND ( 'NONE', #92, .T. ) ;
#504 = CARTESIAN_POINT ( 'NONE',  ( 26.53446867593497416, 404.5892860894262526, 8.621599160586502109 ) ) ;
#505 = CARTESIAN_POINT ( 'NONE',  ( 17.10452864520220473, 403.6250003751405302, 23.54241066300257046 ) ) ;
#506 = CARTESIAN_POINT ( 'NONE',  ( 29.10000000000000142, 397.5749999937585812, 8.674922091120255582E-11 ) ) ;
#507 = DIRECTION ( 'NONE',  ( -1.000000000000000000, 0.000000000000000000, 0.000000000000000000 ) ) ;
#508 = CARTESIAN_POINT ( 'NONE',  ( 1.315249350792444426E-05, 398.8392859080676658, -27.90000000000000568 ) ) ;
#509 = AXIS2_PLACEMENT_3D ( 'NONE', #874, #91, #1326 ) ;
#510 = CARTESIAN_POINT ( 'NONE',  ( 30.59755072531996589, 399.8500003751406098, 2.884832165602270492E-05 ) ) ;
#511 = AXIS2_PLACEMENT_3D ( 'NONE', #695, #1132, #115 ) ;
#512 = CARTESIAN_POINT ( 'NONE',  ( -2.630498700974294649E-05, 400.0892860894262526, 27.89999999998759961 ) ) ;
#513 = CARTESIAN_POINT ( 'NONE',  ( 16.39918725777118880, 401.5107146608548874, 22.57158960473442377 ) ) ;
#514 = CARTESIAN_POINT ( 'NONE',  ( -24.23222303402129540, 406.9039710255658520, 15.37821078114901674 ) ) ;
#515 = EDGE_CURVE ( 'NONE', #1068, #809, #1044, .T. ) ;
#516 =( BOUNDED_CURVE ( )  B_SPLINE_CURVE ( 2, ( #1391, #733, #136, #1404, #38, #46, #598, #1376, #1054, #51, #30, #372, #829 ),
 .UNSPECIFIED., .F., .F. ) 
 B_SPLINE_CURVE_WITH_KNOTS ( ( 3, 2, 2, 2, 2, 2, 3 ),
 ( 0.4999999694893477731, 0.5000000000000000000, 0.5200000000000000178, 0.5400000000000000355, 0.5600000000000000533, 0.5799999999999999600, 0.5999999694893477509 ),
 .UNSPECIFIED. ) 
 CURVE ( )  GEOMETRIC_REPRESENTATION_ITEM ( )  RATIONAL_B_SPLINE_CURVE ( ( 0.9999998506704668166, 0.9999999253351194994, 1.000000000000000000, 0.9510565162951534202, 1.000000000000000000, 0.9510565162951534202, 1.000000000000000000, 0.9510565162951534202, 1.000000000000000000, 0.9510565162951534202, 1.000000000000000000, 0.9510565909600339207, 0.9999998506704668166 ) ) 
 REPRESENTATION_ITEM ( '' )  );
#517 = ORIENTED_EDGE ( 'NONE', *, *, #191, .F. ) ;
#518 = CARTESIAN_POINT ( 'NONE',  ( -29.33579605623461362, 399.8857146608548305, -2.765870014802674262E-05 ) ) ;
#519 = CARTESIAN_POINT ( 'NONE',  ( 9.455135723989078755, 406.2500003751405870, 29.10000891460871486 ) ) ;
#520 = ADVANCED_FACE ( 'NONE', ( #23 ), #897, .F. ) ;
#521 = CARTESIAN_POINT ( 'NONE',  ( -23.56301125050531198, 403.4000003751406211, -17.11956370431893859 ) ) ;
#522 = VERTEX_POINT ( 'NONE', #933 ) ;
#523 = CARTESIAN_POINT ( 'NONE',  ( 9.516884767780728448E-15, 401.3392857267092495, -27.90000000000000568 ) ) ;
#524 = CARTESIAN_POINT ( 'NONE',  ( -23.55676022364409405, 405.4896853033187085, 14.94955008572965127 ) ) ;
#525 = CARTESIAN_POINT ( 'NONE',  ( -23.55676037105202525, 407.1611138827087757, 14.94954985345153631 ) ) ;
#526 = VERTEX_POINT ( 'NONE', #1154 ) ;
#527 = DIRECTION ( 'NONE',  ( 0.000000000000000000, 0.000000000000000000, 1.000000000000000000 ) ) ;
#528 = CARTESIAN_POINT ( 'NONE',  ( -24.75392156641533603, 402.2500003751405302, -17.98481241139642250 ) ) ;
#529 = CARTESIAN_POINT ( 'NONE',  ( -9.000249469226712762, 403.6500003751404506, -27.70000848572719221 ) ) ;
#530 = DIRECTION ( 'NONE',  ( -0.000000000000000000, -1.000000000000000000, -0.000000000000000000 ) ) ;
#531 = AXIS2_PLACEMENT_3D ( 'NONE', #948, #362, #45 ) ;
#532 = CARTESIAN_POINT ( 'NONE',  ( -16.39918725777118524, 405.2607146608548305, -22.57158960473442377 ) ) ;
#533 = AXIS2_PLACEMENT_3D ( 'NONE', #506, #1414, #425 ) ;
#534 = ADVANCED_FACE ( 'NONE', ( #1383 ), #712, .F. ) ;
#535 = VERTEX_POINT ( 'NONE', #842 ) ;
#536 = DIRECTION ( 'NONE',  ( -0.000000000000000000, -1.000000000000000000, -0.000000000000000000 ) ) ;
#537 = CIRCLE ( 'NONE', #284, 7.000000000000000000 ) ;
#538 = CARTESIAN_POINT ( 'NONE',  ( -24.75395547965138121, 401.7500003751405870, 17.98476573383145904 ) ) ;
#539 = CC_DESIGN_DATE_AND_TIME_ASSIGNMENT ( #663, #1352, ( #1067 ) ) ;
#540 = CARTESIAN_POINT ( 'NONE',  ( 2.743638429692085378E-05, 399.2250003751405529, -29.09999999998706244 ) ) ;
#541 = VERTEX_POINT ( 'NONE', #263 ) ;
#542 = CARTESIAN_POINT ( 'NONE',  ( -2.743638430048457550E-05, 397.9750003751405529, 29.09999999998706244 ) ) ;
#543 = CARTESIAN_POINT ( 'NONE',  ( 9.065244983861138195, 397.4642858889213812, 27.89999999999999858 ) ) ;
#544 = CARTESIAN_POINT ( 'NONE',  ( -16.39918725777118524, 403.5892860894263094, -22.57158960473442022 ) ) ;
#545 = CARTESIAN_POINT ( 'NONE',  ( -24.75395547965138121, 399.2500003751405870, 17.98476573383145904 ) ) ;
#546 = CARTESIAN_POINT ( 'NONE',  ( 27.67573614586765274, 400.8750003751405870, 8.992420629859038783 ) ) ;
#547 = CARTESIAN_POINT ( 'NONE',  ( -9.455135723989075203, 399.1000003751405529, -29.10000891460871486 ) ) ;
#548 = SECURITY_CLASSIFICATION ( '', '', #579 ) ;
#549 = CARTESIAN_POINT ( 'NONE',  ( -16.39918725777118524, 398.5892860894262526, -22.57158960473442022 ) ) ;
#550 = PERSON_AND_ORGANIZATION_ROLE ( 'creator' ) ;
#551 = LINE ( 'NONE', #1112, #409 ) ;
#552 = CARTESIAN_POINT ( 'NONE',  ( 27.67573614586765274, 397.4750003751405529, 8.992420629859038783 ) ) ;
#553 = CARTESIAN_POINT ( 'NONE',  ( -27.67575310248567533, 404.3750003751405870, 8.992368442754900215 ) ) ;
#554 = CARTESIAN_POINT ( 'NONE',  ( -17.10452864520220118, 402.3750003751405870, -23.54241066300257046 ) ) ;
#555 = VERTEX_POINT ( 'NONE', #941 ) ;
#556 = CARTESIAN_POINT ( 'NONE',  ( 30.59755072531996944, 402.3500003751404961, 2.884832165602270492E-05 ) ) ;
#557 = APPROVAL_ROLE ( '' ) ;
#558 = APPROVAL ( #212, 'UNSPECIFIED' ) ;
#559 = CARTESIAN_POINT ( 'NONE',  ( 27.67573614586765274, 398.3750003751405870, 8.992420629859038783 ) ) ;
#560 = FACE_OUTER_BOUND ( 'NONE', #676, .T. ) ;
#561 = CARTESIAN_POINT ( 'NONE',  ( 29.09999999999999787, 398.2499999937585926, 8.674922091120255582E-11 ) ) ;
#562 = CARTESIAN_POINT ( 'NONE',  ( 16.28167261712252056, 403.3250003751405757, -22.40975539332909605 ) ) ;
#563 = CARTESIAN_POINT ( 'NONE',  ( -27.67575310248567533, 403.4750003751405529, 8.992368442754900215 ) ) ;
#564 = ORIENTED_EDGE ( 'NONE', *, *, #1400, .F. ) ;
#565 = CARTESIAN_POINT ( 'NONE',  ( 2.743638429692085378E-05, 401.7250003751405529, -29.09999999998706244 ) ) ;
#566 = CARTESIAN_POINT ( 'NONE',  ( 0.000000000000000000, 452.2113475735178554, 0.000000000000000000 ) ) ;
#567 = CARTESIAN_POINT ( 'NONE',  ( 17.10457303820452424, 399.4750003751405529, -23.54237840959843808 ) ) ;
#568 = EDGE_CURVE ( 'NONE', #866, #1317, #828, .T. ) ;
#569 = CARTESIAN_POINT ( 'NONE',  ( 26.34427357178190121, 403.5750003751405188, -8.559745905990062909 ) ) ;
#570 = CARTESIAN_POINT ( 'NONE',  ( 9.455135723989078755, 402.8500003751404961, 29.10000891460871486 ) ) ;
#571 = ORIENTED_EDGE ( 'NONE', *, *, #1304, .T. ) ;
#572 = CARTESIAN_POINT ( 'NONE',  ( 24.75395547965137766, 399.6000003751404961, -17.98476573383146260 ) ) ;
#573 = EDGE_CURVE ( 'NONE', #555, #888, #516, .T. ) ;
#574 = DIRECTION ( 'NONE',  ( 0.000000000000000000, 0.000000000000000000, -1.000000000000000000 ) ) ;
#575 = CARTESIAN_POINT ( 'NONE',  ( 23.56304353217674574, 403.4500003751405757, -17.11951927241002380 ) ) ;
#576 = CARTESIAN_POINT ( 'NONE',  ( -17.10457303820452779, 400.7250003751405529, 23.54237840959843808 ) ) ;
#577 = ORIENTED_EDGE ( 'NONE', *, *, #1196, .F. ) ;
#578 = CARTESIAN_POINT ( 'NONE',  ( 1.315249350792444426E-05, 403.8392859080677226, -27.90000000000000568 ) ) ;
#579 = SECURITY_CLASSIFICATION_LEVEL ( 'unclassified' ) ;
#580 = CARTESIAN_POINT ( 'NONE',  ( -27.67575310248567533, 399.3750003751405870, 8.992368442754900215 ) ) ;
#581 = CARTESIAN_POINT ( 'NONE',  ( -27.67573614586765274, 403.7250003751405529, -8.992420629859042336 ) ) ;
#582 = CARTESIAN_POINT ( 'NONE',  ( 29.12550361138704602, 406.2000003751406325, 2.746042989250271758E-05 ) ) ;
#583 = CARTESIAN_POINT ( 'NONE',  ( 9.455135723989078755, 405.3500003751406098, 29.10000891460871486 ) ) ;
#584 = VERTEX_POINT ( 'NONE', #1275 ) ;
#585 = CARTESIAN_POINT ( 'NONE',  ( -24.75392156641533248, 403.8500003751405529, -17.98481241139642250 ) ) ;
#586 = AXIS2_PLACEMENT_3D ( 'NONE', #839, #1150, #609 ) ;
#587 = CARTESIAN_POINT ( 'NONE',  ( 30.59755072531996944, 403.2500003751405870, 2.884832165602270492E-05 ) ) ;
#588 = CARTESIAN_POINT ( 'NONE',  ( -27.67573614586765274, 399.6250003751405302, -8.992420629859042336 ) ) ;
#589 = CARTESIAN_POINT ( 'NONE',  ( -24.75395547965138121, 399.2500003751405870, 17.98476573383145904 ) ) ;
#590 = CARTESIAN_POINT ( 'NONE',  ( 23.56301125050531908, 398.9500003751405188, 17.11956370431893504 ) ) ;
#591 = TOROIDAL_SURFACE ( 'NONE', #509, -131.2500000000000000, 181.2500000000000284 ) ;
#592 = ORIENTED_EDGE ( 'NONE', *, *, #146, .T. ) ;
#593 = CARTESIAN_POINT ( 'NONE',  ( 23.73317381038741303, 404.2142860894263094, -17.24312590975594617 ) ) ;
#594 = CARTESIAN_POINT ( 'NONE',  ( -17.10452864520220118, 404.8750003751405870, -23.54241066300257046 ) ) ;
#595 = APPROVAL_PERSON_ORGANIZATION ( #789, #1209, #470 ) ;
#596 = CARTESIAN_POINT ( 'NONE',  ( -9.455190596757667265, 400.6000003751405529, 29.09999108536540646 ) ) ;
#597 = DIRECTION ( 'NONE',  ( 0.000000000000000000, -1.000000000000000000, 0.000000000000000000 ) ) ;
#598 = CARTESIAN_POINT ( 'NONE',  ( 26.53448493331101687, 401.8392860894261958, -8.621549125527897317 ) ) ;
#599 = ORIENTED_EDGE ( 'NONE', *, *, #892, .T. ) ;
#600 = CARTESIAN_POINT ( 'NONE',  ( 0.000000000000000000, 439.9998083731135807, 7.000000000000000000 ) ) ;
#601 = CARTESIAN_POINT ( 'NONE',  ( -27.67575310248567533, 404.3750003751405870, 8.992368442754900215 ) ) ;
#602 = CC_DESIGN_PERSON_AND_ORGANIZATION_ASSIGNMENT ( #1456, #804, ( #1067 ) ) ;
#603 = PLANE ( 'NONE',  #915 ) ;
#604 = CARTESIAN_POINT ( 'NONE',  ( -9.455190596757667265, 403.1000003751404961, 29.09999108536540646 ) ) ;
#605 = CARTESIAN_POINT ( 'NONE',  ( 0.000000000000000000, 397.0000000000000000, 39.06606647641908125 ) ) ;
#606 = CARTESIAN_POINT ( 'NONE',  ( -23.55676037105202525, 407.1611138827088325, 14.94954985345153631 ) ) ;
#607 = CIRCLE ( 'NONE', #407, 181.2500000000000284 ) ;
#608 = ORIENTED_EDGE ( 'NONE', *, *, #1017, .F. ) ;
#609 = DIRECTION ( 'NONE',  ( 0.000000000000000000, 0.000000000000000000, -1.000000000000000000 ) ) ;
#610 = AXIS2_PLACEMENT_3D ( 'NONE', #1120, #95, #1016 ) ;
#611 = CIRCLE ( 'NONE', #1436, 178.7499040016718368 ) ;
#612 = DIRECTION ( 'NONE',  ( -0.000000000000000000, -1.000000000000000000, -0.000000000000000000 ) ) ;
#613 = CARTESIAN_POINT ( 'NONE',  ( 27.67573614586765274, 402.4750003751405529, 8.992420629859038783 ) ) ;
#614 = CARTESIAN_POINT ( 'NONE',  ( 0.000000000000000000, 452.2113475735178554, 7.000000000000000000 ) ) ;
#615 = DIRECTION ( 'NONE',  ( 0.000000000000000000, 0.000000000000000000, -1.000000000000000000 ) ) ;
#616 = ORIENTED_EDGE ( 'NONE', *, *, #1053, .T. ) ;
#617 = DIRECTION ( 'NONE',  ( -0.000000000000000000, -1.000000000000000000, -0.000000000000000000 ) ) ;
#618 = CARTESIAN_POINT ( 'NONE',  ( 9.455135723989078755, 406.2500003751405870, 29.10000891460871486 ) ) ;
#619 = EDGE_CURVE ( 'NONE', #910, #153, #224, .T. ) ;
#620 = CARTESIAN_POINT ( 'NONE',  ( 28.37407408701924894, 397.1166666645862620, 9.058694839427299254E-11 ) ) ;
#621 = DIRECTION ( 'NONE',  ( 0.000000000000000000, 0.000000000000000000, -1.000000000000000000 ) ) ;
#622 = EDGE_CURVE ( 'NONE', #526, #1046, #366, .T. ) ;
#623 = DIRECTION ( 'NONE',  ( 0.000000000000000000, 0.000000000000000000, 1.000000000000000000 ) ) ;
#624 = CARTESIAN_POINT ( 'NONE',  ( -20.55655987738296986, 407.1483877789367511, 19.30386183826657742 ) ) ;
#625 =( BOUNDED_CURVE ( )  B_SPLINE_CURVE ( 2, ( #773, #974, #512, #1085, #670, #1189, #173, #1091, #67, #198, #304, #58, #523 ),
 .UNSPECIFIED., .F., .F. ) 
 B_SPLINE_CURVE_WITH_KNOTS ( ( 3, 2, 2, 2, 2, 2, 3 ),
 ( 0.3999999694893477953, 0.4000000000000000222, 0.4199999999999999845, 0.4400000000000000022, 0.4600000000000000200, 0.4799999999999999822, 0.4999999694893477731 ),
 .UNSPECIFIED. ) 
 CURVE ( )  GEOMETRIC_REPRESENTATION_ITEM ( )  RATIONAL_B_SPLINE_CURVE ( ( 0.9999998506704668166, 0.9999999253351194994, 1.000000000000000000, 0.9510565162951534202, 1.000000000000000000, 0.9510565162951534202, 1.000000000000000000, 0.9510565162951534202, 1.000000000000000000, 0.9510565162951534202, 1.000000000000000000, 0.9510565909600339207, 0.9999998506704668166 ) ) 
 REPRESENTATION_ITEM ( '' )  );
#626 = CARTESIAN_POINT ( 'NONE',  ( 2.611642079122706675E-05, 401.2750003751405075, -27.69999999998768558 ) ) ;
#627 = ADVANCED_FACE ( 'NONE', ( #1418 ), #745, .F. ) ;
#628 = CARTESIAN_POINT ( 'NONE',  ( 0.000000000000000000, 300.0000000000000000, 0.000000000000000000 ) ) ;
#629 = CARTESIAN_POINT ( 'NONE',  ( 9.516811975875954856E-15, 400.5107142981377706, -27.90000000000000213 ) ) ;
#630 = CARTESIAN_POINT ( 'NONE',  ( 9.516739183971179686E-15, 405.5107142981378274, -27.90000000000000213 ) ) ;
#631 = FACE_OUTER_BOUND ( 'NONE', #1025, .T. ) ;
#632 = CARTESIAN_POINT ( 'NONE',  ( 24.75392156641533958, 406.0000003751405302, 17.98481241139641895 ) ) ;
#633 = CARTESIAN_POINT ( 'NONE',  ( 24.75392156641533958, 401.0000003751404734, 17.98481241139641895 ) ) ;
#634 = CIRCLE ( 'NONE', #1392, 27.90000000000000213 ) ;
#635 = CARTESIAN_POINT ( 'NONE',  ( 29.12550361138704602, 401.9000003751406211, 2.746042989250271758E-05 ) ) ;
#636 = ORIENTED_EDGE ( 'NONE', *, *, #946, .F. ) ;
#637 = VECTOR ( 'NONE', #911, 1000.000000000000000 ) ;
#638 = CARTESIAN_POINT ( 'NONE',  ( -26.53448493331101687, 398.0892860894262526, 8.621549125527895541 ) ) ;
#639 = CARTESIAN_POINT ( 'NONE',  ( 26.53448493331101687, 401.0107146608548305, -8.621549125527897317 ) ) ;
#640 = CARTESIAN_POINT ( 'NONE',  ( -24.75392156641533603, 399.7500003751405870, -17.98481241139642250 ) ) ;
#641 = CARTESIAN_POINT ( 'NONE',  ( 0.000000000000000000, 300.0000000000000000, 0.000000000000000000 ) ) ;
#642 = ORIENTED_EDGE ( 'NONE', *, *, #878, .F. ) ;
#643 = DIRECTION ( 'NONE',  ( 0.000000000000000000, 0.000000000000000000, -1.000000000000000000 ) ) ;
#644 = CARTESIAN_POINT ( 'NONE',  ( -24.56995436550587186, 406.7753995969944754, 15.59254124499783600 ) ) ;
#645 = CARTESIAN_POINT ( 'NONE',  ( -30.59755072531996589, 402.0000003751405302, -2.884832165976982621E-05 ) ) ;
#646 = CARTESIAN_POINT ( 'NONE',  ( -23.56304353217674930, 402.9000003751405075, 17.11951927241002025 ) ) ;
#647 = CARTESIAN_POINT ( 'NONE',  ( 26.53446867593497416, 398.7607146608548305, 8.621599160586502109 ) ) ;
#648 = DIRECTION ( 'NONE',  ( 0.000000000000000000, 0.000000000000000000, -1.000000000000000000 ) ) ;
#649 = DIRECTION ( 'NONE',  ( -0.000000000000000000, -1.000000000000000000, -0.000000000000000000 ) ) ;
#650 = ORIENTED_EDGE ( 'NONE', *, *, #253, .F. ) ;
#651 = LINE ( 'NONE', #402, #752 ) ;
#652 = CARTESIAN_POINT ( 'NONE',  ( -21.59551958237705094, 406.6983877789367057, 20.27950828496597069 ) ) ;
#653 = CARTESIAN_POINT ( 'NONE',  ( 2.743638429692085378E-05, 402.6250003751405302, -29.09999999998706244 ) ) ;
#654 = CARTESIAN_POINT ( 'NONE',  ( 9.000249469226718091, 402.4000003751405075, 27.70000848572719221 ) ) ;
#655 = CARTESIAN_POINT ( 'NONE',  ( 24.75392156641533603, 397.6000003751405529, 17.98481241139641895 ) ) ;
#656 = CARTESIAN_POINT ( 'NONE',  ( 28.30000000000001847, 398.5071428509015163, 9.097855331490430244E-11 ) ) ;
#657 = CARTESIAN_POINT ( 'NONE',  ( -16.39922982013423791, 402.8392860894262526, 22.57155868136757704 ) ) ;
#658 = CARTESIAN_POINT ( 'NONE',  ( -23.73317381038741658, 399.6357146608548874, 17.24312590975593906 ) ) ;
#659 = CARTESIAN_POINT ( 'NONE',  ( -24.75395547965138121, 401.7500003751405870, 17.98476573383145904 ) ) ;
#660 = CARTESIAN_POINT ( 'NONE',  ( 29.09999999999999432, 397.3499999937587290, 9.575511794258664746E-11 ) ) ;
#661 = ORIENTED_EDGE ( 'NONE', *, *, #422, .F. ) ;
#662 = DIRECTION ( 'NONE',  ( 1.224646799147353207E-16, 0.000000000000000000, -1.000000000000000000 ) ) ;
#663 = DATE_AND_TIME ( #454, #1048 ) ;
#664 = CARTESIAN_POINT ( 'NONE',  ( 23.73317381038740947, 403.3857146608548874, -17.24312590975594262 ) ) ;
#665 = EDGE_LOOP ( 'NONE', ( #476, #1347, #419, #494 ) ) ;
#666 = CARTESIAN_POINT ( 'NONE',  ( -9.455135723989075203, 400.0000003751405302, -29.10000891460871486 ) ) ;
#667 = CARTESIAN_POINT ( 'NONE',  ( 27.90000000000000213, 397.0000000000000000, 9.309321951675533085E-11 ) ) ;
#668 = LOCAL_TIME ( 9, 43, 34.00000000000000000, #88 ) ;
#669 = VERTEX_POINT ( 'NONE', #162 ) ;
#670 = CARTESIAN_POINT ( 'NONE',  ( -16.39922982013423791, 400.3392860894261958, 22.57155868136757704 ) ) ;
#671 = CARTESIAN_POINT ( 'NONE',  ( 29.10000000000000142, 398.2499999937585926, 8.674922091120255582E-11 ) ) ;
#672 = CARTESIAN_POINT ( 'NONE',  ( -27.67575310248567533, 398.4750003751405529, 8.992368442754900215 ) ) ;
#673 = CARTESIAN_POINT ( 'NONE',  ( 2.611642079122706675E-05, 403.0750003751405188, -27.69999999998768558 ) ) ;
#674 = CARTESIAN_POINT ( 'NONE',  ( 27.67573614586765274, 402.4750003751405529, 8.992420629859038783 ) ) ;
#675 =( BOUNDED_CURVE ( )  B_SPLINE_CURVE ( 2, ( #1186, #508, #1433, #71, #412, #55, #987, #867, #875, #1327, #1075, #1180, #1318 ),
 .UNSPECIFIED., .F., .F. ) 
 B_SPLINE_CURVE_WITH_KNOTS ( ( 3, 2, 2, 2, 2, 2, 3 ),
 ( 0.2999999694893477620, 0.2999999999999999889, 0.3200000000000000067, 0.3400000000000000244, 0.3599999999999999867, 0.3800000000000000044, 0.3999999694893477953 ),
 .UNSPECIFIED. ) 
 CURVE ( )  GEOMETRIC_REPRESENTATION_ITEM ( )  RATIONAL_B_SPLINE_CURVE ( ( 0.9999998506704668166, 0.9999999253351194994, 1.000000000000000000, 0.9510565162951534202, 1.000000000000000000, 0.9510565162951534202, 1.000000000000000000, 0.9510565162951534202, 1.000000000000000000, 0.9510565162951534202, 1.000000000000000000, 0.9510565909600339207, 0.9999998506704668166 ) ) 
 REPRESENTATION_ITEM ( '' )  );
#676 = EDGE_LOOP ( 'NONE', ( #1022, #122, #1443, #696 ) ) ;
#677 = CARTESIAN_POINT ( 'NONE',  ( 27.67573614586765274, 399.9750003751405529, 8.992420629859038783 ) ) ;
#678 = COORDINATED_UNIVERSAL_TIME_OFFSET ( 12, 0, .AHEAD. ) ;
#679 = EDGE_CURVE ( 'NONE', #1068, #950, #675, .T. ) ;
#680 = CARTESIAN_POINT ( 'NONE',  ( 17.10452864520220473, 398.6250003751405302, 23.54241066300257046 ) ) ;
#681 = EDGE_CURVE ( 'NONE', #809, #358, #99, .T. ) ;
#682 = CARTESIAN_POINT ( 'NONE',  ( -9.455135723989075203, 399.1000003751405529, -29.10000891460871486 ) ) ;
#683 = CIRCLE ( 'NONE', #1434, 32.13667074036096949 ) ;
#684 = CARTESIAN_POINT ( 'NONE',  ( 23.56301125050531908, 406.4500003751404620, 17.11956370431893504 ) ) ;
#685 = CARTESIAN_POINT ( 'NONE',  ( -27.67573614586765274, 401.2250003751405529, -8.992420629859042336 ) ) ;
#686 = ADVANCED_FACE ( 'NONE', ( #297 ), #763, .F. ) ;
#687 = ORIENTED_EDGE ( 'NONE', *, *, #679, .T. ) ;
#688 = CARTESIAN_POINT ( 'NONE',  ( -2.743638430048457550E-05, 400.4750003751405529, 29.09999999998706244 ) ) ;
#689 = PERSON_AND_ORGANIZATION_ROLE ( 'design_owner' ) ;
#690 = AXIS2_PLACEMENT_3D ( 'NONE', #1314, #1208, #190 ) ;
#691 = CARTESIAN_POINT ( 'NONE',  ( 30.59755072531996944, 400.7500003751405870, 2.884832165602270492E-05 ) ) ;
#692 = CARTESIAN_POINT ( 'NONE',  ( -29.33579605623462072, 403.2142860894262526, -2.765870014802674940E-05 ) ) ;
#693 = CARTESIAN_POINT ( 'NONE',  ( -1.293362759004552510E-14, 401.7607142981378274, 27.90000000000000213 ) ) ;
#694 = CARTESIAN_POINT ( 'NONE',  ( -29.12550361138704602, 402.4500003751405188, -2.746042989606955638E-05 ) ) ;
#695 = CARTESIAN_POINT ( 'NONE',  ( 0.000000000000000000, 407.5000000000000000, 0.000000000000000000 ) ) ;
#696 = ORIENTED_EDGE ( 'NONE', *, *, #956, .F. ) ;
#697 = CARTESIAN_POINT ( 'NONE',  ( 2.743638429692085378E-05, 404.2250003751405529, -29.09999999998706244 ) ) ;
#698 = PERSON_AND_ORGANIZATION_ROLE ( 'design_supplier' ) ;
#699 = CARTESIAN_POINT ( 'NONE',  ( 28.01111113052887447, 397.0000000000000568, 9.233903634813015400E-11 ) ) ;
#700 = CARTESIAN_POINT ( 'NONE',  ( 27.67575310248567533, 399.7250003751405529, -8.992368442754903768 ) ) ;
#701 = CARTESIAN_POINT ( 'NONE',  ( 26.34425743094618610, 403.8250003751405757, 8.559795582374411183 ) ) ;
#702 = CARTESIAN_POINT ( 'NONE',  ( 17.10457303820452424, 404.4750003751405529, -23.54237840959843808 ) ) ;
#703 = ORIENTED_EDGE ( 'NONE', *, *, #940, .F. ) ;
#704 = CARTESIAN_POINT ( 'NONE',  ( 27.67573614586765274, 402.4750003751405529, 8.992420629859038783 ) ) ;
#705 = CARTESIAN_POINT ( 'NONE',  ( 27.67575310248567533, 405.6250003751405302, -8.992368442754903768 ) ) ;
#706 = CARTESIAN_POINT ( 'NONE',  ( 9.455190596757663712, 402.7500003751406439, -29.09999108536541357 ) ) ;
#707 = CARTESIAN_POINT ( 'NONE',  ( 27.67573614586765274, 398.3750003751405870, 8.992420629859038783 ) ) ;
#708 = CARTESIAN_POINT ( 'NONE',  ( 9.000301702068291831, 405.7000003751405188, -27.69999151424818251 ) ) ;
#709 = CARTESIAN_POINT ( 'NONE',  ( -1.293362759004552510E-14, 406.7607142981378274, 27.90000000000000213 ) ) ;
#710 = ORIENTED_EDGE ( 'NONE', *, *, #568, .T. ) ;
#711 = CARTESIAN_POINT ( 'NONE',  ( -16.28167261712252412, 400.2750003751405075, 22.40975539332909605 ) ) ;
#712 = TOROIDAL_SURFACE ( 'NONE', #57, -131.2501955513456551, 178.7499040016718368 ) ;
#713 = CARTESIAN_POINT ( 'NONE',  ( -24.75392156641533248, 404.7500003751405870, -17.98481241139642250 ) ) ;
#714 = CARTESIAN_POINT ( 'NONE',  ( 9.455190596757663712, 404.3500003751404961, -29.09999108536541357 ) ) ;
#715 = CARTESIAN_POINT ( 'NONE',  ( -9.000301702068298937, 406.9500003751405188, 27.69999151424817185 ) ) ;
#716 = VECTOR ( 'NONE', #1147, 1000.000000000000000 ) ;
#717 = CARTESIAN_POINT ( 'NONE',  ( 0.000000000000000000, 300.0000000000000000, -27.90000000000000213 ) ) ;
#718 = EDGE_CURVE ( 'NONE', #795, #584, #980, .T. ) ;
#719 = CC_DESIGN_PERSON_AND_ORGANIZATION_ASSIGNMENT ( #118, #1344, ( #548 ) ) ;
#720 = ORIENTED_EDGE ( 'NONE', *, *, #1196, .T. ) ;
#721 = CARTESIAN_POINT ( 'NONE',  ( 29.10000000000000142, 398.2499999937585926, 8.674922091120255582E-11 ) ) ;
#722 = DIRECTION ( 'NONE',  ( 0.000000000000000000, 0.000000000000000000, -1.000000000000000000 ) ) ;
#723 = CARTESIAN_POINT ( 'NONE',  ( -27.67573614586765274, 404.6250003751405302, -8.992420629859042336 ) ) ;
#724 = CARTESIAN_POINT ( 'NONE',  ( -27.67575310248567533, 399.3750003751405870, 8.992368442754900215 ) ) ;
#725 = LINE ( 'NONE', #1283, #1032 ) ;
#726 = CARTESIAN_POINT ( 'NONE',  ( 9.065285829881062796, 405.6357146608547737, -27.89999145297921501 ) ) ;
#727 = ORIENTED_EDGE ( 'NONE', *, *, #292, .T. ) ;
#728 = CARTESIAN_POINT ( 'NONE',  ( -1.293362759004552510E-14, 405.0892857267093063, 27.90000000000000568 ) ) ;
#729 = CARTESIAN_POINT ( 'NONE',  ( -30.59755072531996589, 404.5000003751404734, -2.884832165976982621E-05 ) ) ;
#730 = CARTESIAN_POINT ( 'NONE',  ( 27.67573614586765274, 403.3750003751405870, 8.992420629859038783 ) ) ;
#731 = CARTESIAN_POINT ( 'NONE',  ( 9.455135723989078755, 402.8500003751404961, 29.10000891460871486 ) ) ;
#732 = CYLINDRICAL_SURFACE ( 'NONE', #531, 7.000000000000000000 ) ;
#733 = CARTESIAN_POINT ( 'NONE',  ( 1.315249350792444426E-05, 401.3392859080677795, -27.90000000000000568 ) ) ;
#734 = ORIENTED_EDGE ( 'NONE', *, *, #1092, .F. ) ;
#735 = CARTESIAN_POINT ( 'NONE',  ( 9.065244983861125760, 404.9642858889212675, 27.90000000000000568 ) ) ;
#736 = EDGE_CURVE ( 'NONE', #373, #541, #651, .T. ) ;
#737 = CARTESIAN_POINT ( 'NONE',  ( -17.10452864520220118, 404.8750003751405870, -23.54241066300257046 ) ) ;
#738 = CARTESIAN_POINT ( 'NONE',  ( 24.75395547965137766, 403.0000003751404734, -17.98476573383146260 ) ) ;
#739 = CARTESIAN_POINT ( 'NONE',  ( 9.516884767780728448E-15, 403.0107142981377137, -27.90000000000000213 ) ) ;
#740 =( BOUNDED_SURFACE ( )  B_SPLINE_SURFACE ( 1, 2, ( 
 ( #561, #105, #1009, #1019, #1460, #900, #906, #1355, #916, #545, #214, #771, #588, #1205, #464, #666, #317, #876, #776, #309, #1041, #1144, #1334, #812, #1108, #922, #299, #1258, #238, #659, #1219, #1102, #1452, #428, #554, #1033, #886, #706, #1341, #10, #324, #784, #1372, #19, #472, #1426, #868, #859, #201, #1328, #553, #764, #1002, #1319, #434, #1303, #1312, #298, #1187, #971, #64, #288, #170, #632, #1082, #519, #1203, #403, #178, #652, #644 ),
 ( #72, #978, #1356, #590, #793, #450, #1243, #807, #4, #783, #348, #98, #323, #917, #1252, #232, #1043, #1469, #1348, #1146, #1340, #1036, #226, #907, #1228, #338, #1010, #126, #240, #800, #924, #694, #13, #893, #356, #814, #673, #1131, #562, #575, #569, #113, #701, #330, #1374, #1026, #120, #1235, #208, #442, #21, #1461, #901, #457, #215, #466, #1367, #708, #1139, #1260, #1020, #582, #1114, #684, #1122, #106, #133, #715, #481, #624, #932 ) ),
 .UNSPECIFIED., .F., .F., .F. ) 
 B_SPLINE_SURFACE_WITH_KNOTS ( ( 2, 2 ),
 ( 3, 2, 2, 2, 2, 2, 2, 2, 2, 2, 2, 2, 2, 2, 2, 2, 2, 2, 2, 2, 2, 2, 2, 2, 2, 2, 2, 2, 2, 2, 2, 2, 2, 2, 2, 3 ),
 ( 0.000000000000000000, 1.000000000000000000 ),
 ( 0.1499999702360884646, 0.1600000000000000033, 0.1799999999999999933, 0.2000000000000000111, 0.2200000000000000011, 0.2399999999999999911, 0.2600000000000000089, 0.2800000000000000266, 0.2999999999999999889, 0.3200000000000000067, 0.3400000000000000244, 0.3599999999999999867, 0.3800000000000000044, 0.4000000000000000222, 0.4199999999999999845, 0.4400000000000000022, 0.4600000000000000200, 0.4799999999999999822, 0.5000000000000000000, 0.5200000000000000178, 0.5400000000000000355, 0.5600000000000000533, 0.5799999999999999600, 0.5999999999999999778, 0.6199999999999999956, 0.6400000000000000133, 0.6600000000000000311, 0.6800000000000000488, 0.6999999999999999556, 0.7199999999999999734, 0.7399999999999999911, 0.7600000000000000089, 0.7800000000000000266, 0.8000000000000000444, 0.8199999999999999512, 0.8319841703338742844 ),
 .UNSPECIFIED. ) 
 GEOMETRIC_REPRESENTATION_ITEM ( )  RATIONAL_B_SPLINE_SURFACE ( (
 ( 0.9755282581477935366, 0.9755281853101007705, 1.000000000000000000, 0.9510565162951535312, 1.000000000000000000, 0.9510565162951535312, 1.000000000000000000, 0.9510565162951535312, 1.000000000000000000, 0.9510565162951535312, 1.000000000000000000, 0.9510565162951535312, 1.000000000000000000, 0.9510565162951535312, 1.000000000000000000, 0.9510565162951535312, 1.000000000000000000, 0.9510565162951535312, 1.000000000000000000, 0.9510565162951535312, 1.000000000000000000, 0.9510565162951535312, 1.000000000000000000, 0.9510565162951535312, 1.000000000000000000, 0.9510565162951535312, 1.000000000000000000, 0.9510565162951535312, 1.000000000000000000, 0.9510565162951535312, 1.000000000000000000, 0.9510565162951535312, 1.000000000000000000, 0.9510565162951535312, 1.000000000000000000, 0.9510565162951535312, 1.000000000000000000, 0.9510565162951535312, 1.000000000000000000, 0.9510565162951535312, 1.000000000000000000, 0.9510565162951535312, 1.000000000000000000, 0.9510565162951535312, 1.000000000000000000, 0.9510565162951535312, 1.000000000000000000, 0.9510565162951535312, 1.000000000000000000, 0.9510565162951535312, 1.000000000000000000, 0.9510565162951535312, 1.000000000000000000, 0.9510565162951535312, 1.000000000000000000, 0.9510565162951535312, 1.000000000000000000, 0.9510565162951535312, 1.000000000000000000, 0.9510565162951535312, 1.000000000000000000, 0.9510565162951535312, 1.000000000000000000, 0.9510565162951535312, 1.000000000000000000, 0.9510565162951535312, 1.000000000000000000, 0.9510565162951535312, 1.000000000000000000, 0.9706726477273959208, 0.9764916939624341818),
 ( 0.9755282581477935366, 0.9755281853101007705, 1.000000000000000000, 0.9510565162951535312, 1.000000000000000000, 0.9510565162951535312, 1.000000000000000000, 0.9510565162951535312, 1.000000000000000000, 0.9510565162951535312, 1.000000000000000000, 0.9510565162951535312, 1.000000000000000000, 0.9510565162951535312, 1.000000000000000000, 0.9510565162951535312, 1.000000000000000000, 0.9510565162951535312, 1.000000000000000000, 0.9510565162951535312, 1.000000000000000000, 0.9510565162951535312, 1.000000000000000000, 0.9510565162951535312, 1.000000000000000000, 0.9510565162951535312, 1.000000000000000000, 0.9510565162951535312, 1.000000000000000000, 0.9510565162951535312, 1.000000000000000000, 0.9510565162951535312, 1.000000000000000000, 0.9510565162951535312, 1.000000000000000000, 0.9510565162951535312, 1.000000000000000000, 0.9510565162951535312, 1.000000000000000000, 0.9510565162951535312, 1.000000000000000000, 0.9510565162951535312, 1.000000000000000000, 0.9510565162951535312, 1.000000000000000000, 0.9510565162951535312, 1.000000000000000000, 0.9510565162951535312, 1.000000000000000000, 0.9510565162951535312, 1.000000000000000000, 0.9510565162951535312, 1.000000000000000000, 0.9510565162951535312, 1.000000000000000000, 0.9510565162951535312, 1.000000000000000000, 0.9510565162951535312, 1.000000000000000000, 0.9510565162951535312, 1.000000000000000000, 0.9510565162951535312, 1.000000000000000000, 0.9510565162951535312, 1.000000000000000000, 0.9510565162951535312, 1.000000000000000000, 0.9510565162951535312, 1.000000000000000000, 0.9706726477273959208, 0.9764916939624341818) ) ) 
 REPRESENTATION_ITEM ( '' )  SURFACE ( )  );
#741 = CARTESIAN_POINT ( 'NONE',  ( -1.293362759004552510E-14, 405.0892857267093063, 27.90000000000000568 ) ) ;
#742 = CARTESIAN_POINT ( 'NONE',  ( -2.743638430048457550E-05, 406.3750003751405870, 29.09999999998706244 ) ) ;
#743 = APPLICATION_PROTOCOL_DEFINITION ( 'international standard', 'config_control_design', 1994, #181 ) ;
#744 = DIRECTION ( 'NONE',  ( 0.000000000000000000, -1.000000000000000000, 0.000000000000000000 ) ) ;
#745 = CYLINDRICAL_SURFACE ( 'NONE', #339, 7.000000000000000000 ) ;
#746 = CARTESIAN_POINT ( 'NONE',  ( 26.34427357178190121, 404.2750003751405075, -8.559745905990062909 ) ) ;
#747 = CARTESIAN_POINT ( 'NONE',  ( 9.455190596757663712, 402.7500003751406439, -29.09999108536541357 ) ) ;
#748 = CARTESIAN_POINT ( 'NONE',  ( -9.455135723989075203, 400.0000003751405302, -29.10000891460871486 ) ) ;
#749 = CARTESIAN_POINT ( 'NONE',  ( 1.099604936003101031E-14, 399.2607142981378274, 27.89999999999999858 ) ) ;
#750 = CARTESIAN_POINT ( 'NONE',  ( 30.59755072531996589, 400.7500003751404734, 2.884832165602270492E-05 ) ) ;
#751 = CARTESIAN_POINT ( 'NONE',  ( -16.28163035986601415, 401.0250003751405643, -22.40978609502306185 ) ) ;
#752 = VECTOR ( 'NONE', #1095, 1000.000000000000000 ) ;
#753 = CARTESIAN_POINT ( 'NONE',  ( -27.67573614586765274, 398.7250003751405529, -8.992420629859042336 ) ) ;
#754 = DIRECTION ( 'NONE',  ( 0.000000000000000000, 0.000000000000000000, -1.000000000000000000 ) ) ;
#755 = CARTESIAN_POINT ( 'NONE',  ( -2.630498700974294649E-05, 404.2607146608548874, 27.89999999998759961 ) ) ;
#756 = ORIENTED_EDGE ( 'NONE', *, *, #313, .F. ) ;
#757 = CARTESIAN_POINT ( 'NONE',  ( -16.39918725777118524, 400.2607146608548305, -22.57158960473442377 ) ) ;
#758 = CARTESIAN_POINT ( 'NONE',  ( 26.34425743094618610, 404.5250003751405643, 8.559795582374411183 ) ) ;
#759 = ADVANCED_FACE ( 'NONE', ( #77, #631 ), #1441, .T. ) ;
#760 = CARTESIAN_POINT ( 'NONE',  ( -30.59755072531996944, 398.6000003751406098, -2.884832165976982621E-05 ) ) ;
#761 = CARTESIAN_POINT ( 'NONE',  ( 29.10000000000000142, 398.2499999937585926, 8.674922091120255582E-11 ) ) ;
#762 = ORIENTED_EDGE ( 'NONE', *, *, #1459, .T. ) ;
#763 = CYLINDRICAL_SURFACE ( 'NONE', #861, 27.90000000000000213 ) ;
#764 = CARTESIAN_POINT ( 'NONE',  ( -30.59755072531996589, 404.5000003751404734, -2.884832165976982621E-05 ) ) ;
#765 = CARTESIAN_POINT ( 'NONE',  ( 9.000301702068291831, 401.4000003751405643, -27.69999151424818251 ) ) ;
#766 = VERTEX_POINT ( 'NONE', #1101 ) ;
#767 = CARTESIAN_POINT ( 'NONE',  ( -9.065244983861122208, 398.7142858889213244, -27.90000000000000568 ) ) ;
#768 = CARTESIAN_POINT ( 'NONE',  ( 2.630498700632618160E-05, 403.0107146608548305, -27.89999999998759961 ) ) ;
#769 = DIRECTION ( 'NONE',  ( -0.000000000000000000, -1.000000000000000000, -0.000000000000000000 ) ) ;
#770 = CARTESIAN_POINT ( 'NONE',  ( 33.50000000000000000, 407.5000000000000000, 0.000000000000000000 ) ) ;
#771 = CARTESIAN_POINT ( 'NONE',  ( -30.59755072531996589, 399.5000003751405302, -2.884832165976982621E-05 ) ) ;
#772 = CARTESIAN_POINT ( 'NONE',  ( -2.611642079461933883E-05, 405.0250003751405643, 27.69999999998768558 ) ) ;
#773 = CARTESIAN_POINT ( 'NONE',  ( -1.293362759004552510E-14, 400.0892857267092495, 27.90000000000000568 ) ) ;
#774 = CARTESIAN_POINT ( 'NONE',  ( -26.53446867593497416, 405.0107146608548874, -8.621599160586505661 ) ) ;
#775 = ORIENTED_EDGE ( 'NONE', *, *, #1400, .T. ) ;
#776 = CARTESIAN_POINT ( 'NONE',  ( 17.10457303820452424, 400.3750003751405870, -23.54237840959843808 ) ) ;
#777 = CARTESIAN_POINT ( 'NONE',  ( -27.67575310248567533, 400.9750003751405529, 8.992368442754900215 ) ) ;
#778 =( BOUNDED_CURVE ( )  B_SPLINE_CURVE ( 2, ( #424, #1223, #647, #406, #319, #967, #1104 ),
 .UNSPECIFIED., .F., .T. ) 
 B_SPLINE_CURVE_WITH_KNOTS ( ( 3, 2, 2, 3 ),
 ( 0.1499999702360884646, 0.1600000000000000033, 0.1799999999999999933, 0.1999999694893477564 ),
 .UNSPECIFIED. ) 
 CURVE ( )  GEOMETRIC_REPRESENTATION_ITEM ( )  RATIONAL_B_SPLINE_CURVE ( ( 0.9755282581477935366, 0.9755281853101007705, 1.000000000000000000, 0.9510565162951535312, 1.000000000000000000, 0.9510565909600341428, 0.9999998506704665946 ) ) 
 REPRESENTATION_ITEM ( '' )  );
#779 = CARTESIAN_POINT ( 'NONE',  ( -29.33579605623462072, 398.2142860894262526, -2.765870014802674940E-05 ) ) ;
#780 = B_SPLINE_CURVE_WITH_KNOTS ( 'NONE', 3,
 ( #25, #485, #951, #721 ),
 .UNSPECIFIED., .F., .F.,
 ( 4, 4 ),
 ( 0.000000000000000000, 1.000000000000000000 ),
 .UNSPECIFIED. ) ;
#781 = DIRECTION ( 'NONE',  ( -0.000000000000000000, 1.000000000000000000, -0.000000000000000000 ) ) ;
#782 = ORIENTED_EDGE ( 'NONE', *, *, #253, .T. ) ;
#783 = CARTESIAN_POINT ( 'NONE',  ( -23.56304353217674930, 399.7000003751405757, 17.11951927241002025 ) ) ;
#784 = CARTESIAN_POINT ( 'NONE',  ( 30.59755072531996589, 403.2500003751405870, 2.884832165602270492E-05 ) ) ;
#785 = CARTESIAN_POINT ( 'NONE',  ( -30.59755072531996589, 403.6000003751404392, -2.884832165976982621E-05 ) ) ;
#786 = ADVANCED_FACE ( 'NONE', ( #503 ), #1194, .F. ) ;
#787 = LOCAL_TIME ( 9, 43, 34.00000000000000000, #1006 ) ;
#788 = CARTESIAN_POINT ( 'NONE',  ( 17.10452864520220473, 400.2250003751405529, 23.54241066300257046 ) ) ;
#789 = PERSON_AND_ORGANIZATION ( #883, #396 ) ;
#790 = EDGE_CURVE ( 'NONE', #1236, #902, #1430, .T. ) ;
#791 = CARTESIAN_POINT ( 'NONE',  ( 27.97405733244726633, 397.0000000000000000, 0.8247453892557801147 ) ) ;
#792 = ORIENTED_EDGE ( 'NONE', *, *, #681, .F. ) ;
#793 = CARTESIAN_POINT ( 'NONE',  ( 16.28163035986601770, 399.0750003751405188, 22.40978609502306185 ) ) ;
#794 = CARTESIAN_POINT ( 'NONE',  ( 1.099604936003101031E-14, 397.5892857267091927, 27.90000000000000213 ) ) ;
#795 = VERTEX_POINT ( 'NONE', #848 ) ;
#796 = CARTESIAN_POINT ( 'NONE',  ( -21.59551934179344812, 405.7983877750052670, 20.27950845976053884 ) ) ;
#797 = COORDINATED_UNIVERSAL_TIME_OFFSET ( 12, 0, .AHEAD. ) ;
#798 = CARTESIAN_POINT ( 'NONE',  ( 27.90000000000000213, 300.0000000000000000, 9.309321951675533085E-11 ) ) ;
#799 = CARTESIAN_POINT ( 'NONE',  ( 24.75395547965137766, 399.6000003751404392, -17.98476573383146260 ) ) ;
#800 = CARTESIAN_POINT ( 'NONE',  ( -23.56304353217674930, 402.2000003751405188, 17.11951927241002025 ) ) ;
#801 = CARTESIAN_POINT ( 'NONE',  ( -17.10452864520220118, 403.9750003751405529, -23.54241066300257046 ) ) ;
#802 = EDGE_LOOP ( 'NONE', ( #756, #76, #116, #427 ) ) ;
#803 = CARTESIAN_POINT ( 'NONE',  ( -17.10452864520220118, 401.4750003751405529, -23.54241066300257046 ) ) ;
#804 = PERSON_AND_ORGANIZATION_ROLE ( 'creator' ) ;
#805 = CARTESIAN_POINT ( 'NONE',  ( -17.10457303820452779, 401.6250003751405302, 23.54237840959843808 ) ) ;
#806 = CARTESIAN_POINT ( 'NONE',  ( -27.67575310248567533, 403.4750003751405529, 8.992368442754900215 ) ) ;
#807 = CARTESIAN_POINT ( 'NONE',  ( -9.000301702068298937, 399.4500003751405188, 27.69999151424817185 ) ) ;
#808 = CARTESIAN_POINT ( 'NONE',  ( 2.743638429692085378E-05, 404.2250003751405529, -29.09999999998706244 ) ) ;
#809 = VERTEX_POINT ( 'NONE', #1107 ) ;
#810 = CARTESIAN_POINT ( 'NONE',  ( -30.59755072531996944, 403.6000003751404961, -2.884832165976982621E-05 ) ) ;
#811 = CARTESIAN_POINT ( 'NONE',  ( -27.67573614586765274, 402.1250003751405302, -8.992420629859042336 ) ) ;
#812 = CARTESIAN_POINT ( 'NONE',  ( 24.75392156641533958, 401.0000003751404734, 17.98481241139641895 ) ) ;
#813 = CARTESIAN_POINT ( 'NONE',  ( 9.455135723989078755, 400.3500003751406098, 29.10000891460871486 ) ) ;
#814 = CARTESIAN_POINT ( 'NONE',  ( -9.000249469226712762, 402.9500003751405188, -27.70000848572719221 ) ) ;
#815 = CARTESIAN_POINT ( 'NONE',  ( 23.73317381038740947, 405.8857146608548874, -17.24312590975594262 ) ) ;
#816 = ORIENTED_EDGE ( 'NONE', *, *, #1409, .F. ) ;
#817 = LINE ( 'NONE', #1248, #637 ) ;
#818 = CARTESIAN_POINT ( 'NONE',  ( 17.10452864520220473, 400.2250003751405529, 23.54241066300257046 ) ) ;
#819 = CARTESIAN_POINT ( 'NONE',  ( -9.065285829881066348, 401.8857146608548305, 27.89999145297920791 ) ) ;
#820 = CARTESIAN_POINT ( 'NONE',  ( -9.065285829881066348, 406.8857146608547737, 27.89999145297920791 ) ) ;
#821 = VERTEX_POINT ( 'NONE', #693 ) ;
#822 = DIRECTION ( 'NONE',  ( 0.000000000000000000, 1.000000000000000000, 0.000000000000000000 ) ) ;
#823 = CARTESIAN_POINT ( 'NONE',  ( 9.455190596757663712, 405.2500003751405870, -29.09999108536541357 ) ) ;
#824 = CARTESIAN_POINT ( 'NONE',  ( -9.065285829881068125, 405.2142860894262526, 27.89999145297921501 ) ) ;
#825 = ADVANCED_FACE ( 'NONE', ( #1001 ), #740, .F. ) ;
#826 = CARTESIAN_POINT ( 'NONE',  ( 30.59755072531996589, 402.3500003751404961, 2.884832165602270492E-05 ) ) ;
#827 = CARTESIAN_POINT ( 'NONE',  ( 9.516884767780728448E-15, 403.0107142981377137, -27.90000000000000213 ) ) ;
#828 = CIRCLE ( 'NONE', #175, 39.06606647641908125 ) ;
#829 = CARTESIAN_POINT ( 'NONE',  ( -1.293362759004552510E-14, 402.5892857267092495, 27.90000000000000568 ) ) ;
#830 = ORIENTED_EDGE ( 'NONE', *, *, #1409, .T. ) ;
#831 = CARTESIAN_POINT ( 'NONE',  ( -29.12550361138704602, 398.1500003751404506, -2.746042989606955638E-05 ) ) ;
#832 = ADVANCED_FACE ( 'NONE', ( #247, #273 ), #847, .T. ) ;
#833 = DIRECTION ( 'NONE',  ( 0.000000000000000000, 1.000000000000000000, 0.000000000000000000 ) ) ;
#834 = CARTESIAN_POINT ( 'NONE',  ( 27.67575310248567533, 404.7250003751405529, -8.992368442754903768 ) ) ;
#835 = CARTESIAN_POINT ( 'NONE',  ( -24.56995405800976329, 405.8753995890329520, 15.59254172953497175 ) ) ;
#836 = DIRECTION ( 'NONE',  ( 0.000000000000000000, -1.000000000000000000, 0.000000000000000000 ) ) ;
#837 = EDGE_CURVE ( 'NONE', #888, #821, #1179, .T. ) ;
#838 = ORIENTED_EDGE ( 'NONE', *, *, #1462, .T. ) ;
#839 = CARTESIAN_POINT ( 'NONE',  ( 0.000000000000000000, 300.0000000000000000, 0.000000000000000000 ) ) ;
#840 = FACE_BOUND ( 'NONE', #1124, .T. ) ;
#841 = LINE ( 'NONE', #1292, #1237 ) ;
#842 = CARTESIAN_POINT ( 'NONE',  ( 2.788925335013212426E-15, 439.9998083731135807, -13.40993644393037521 ) ) ;
#843 = AXIS2_PLACEMENT_3D ( 'NONE', #770, #1212, #1081 ) ;
#844 = CARTESIAN_POINT ( 'NONE',  ( -9.000301702068298937, 400.1500003751404506, 27.69999151424817185 ) ) ;
#845 = CARTESIAN_POINT ( 'NONE',  ( 9.455135723989078755, 406.2500003751405870, 29.10000891460871486 ) ) ;
#846 = CARTESIAN_POINT ( 'NONE',  ( 0.000000000000000000, 407.5000000000000000, 0.000000000000000000 ) ) ;
#847 = PLANE ( 'NONE',  #938 ) ;
#848 = CARTESIAN_POINT ( 'NONE',  ( 1.099604936003101031E-14, 399.2607142981378274, 27.89999999999999858 ) ) ;
#849 = AXIS2_PLACEMENT_3D ( 'NONE', #1174, #257, #621 ) ;
#850 = CARTESIAN_POINT ( 'NONE',  ( -23.56301125050531198, 398.4000003751405643, -17.11956370431893859 ) ) ;
#851 = DIRECTION ( 'NONE',  ( -0.000000000000000000, -1.000000000000000000, -0.000000000000000000 ) ) ;
#852 = CARTESIAN_POINT ( 'NONE',  ( -26.53448493331101687, 404.7607146608548305, 8.621549125527895541 ) ) ;
#853 = CARTESIAN_POINT ( 'NONE',  ( 9.065244983861125760, 406.6357144603499592, 27.90000000000000213 ) ) ;
#854 = CARTESIAN_POINT ( 'NONE',  ( 23.56301125050531908, 402.1500003751404506, 17.11956370431893504 ) ) ;
#855 = CARTESIAN_POINT ( 'NONE',  ( 29.33579605623461362, 401.1357146608548305, 2.765870014443414386E-05 ) ) ;
#856 = CARTESIAN_POINT ( 'NONE',  ( 16.39918725777118880, 397.3392860894261958, 22.57158960473442022 ) ) ;
#857 = VERTEX_POINT ( 'NONE', #492 ) ;
#858 = CARTESIAN_POINT ( 'NONE',  ( 0.000000000000000000, 421.0000000000000568, 0.000000000000000000 ) ) ;
#859 = CARTESIAN_POINT ( 'NONE',  ( -9.455190596757667265, 404.0000003751405302, 29.09999108536540646 ) ) ;
#860 = CARTESIAN_POINT ( 'NONE',  ( -26.34427357178190121, 403.0250003751405643, 8.559745905990061132 ) ) ;
#861 = AXIS2_PLACEMENT_3D ( 'NONE', #280, #536, #643 ) ;
#862 = VERTEX_POINT ( 'NONE', #739 ) ;
#863 = CIRCLE ( 'NONE', #1364, 27.90000000000000213 ) ;
#864 = CARTESIAN_POINT ( 'NONE',  ( 2.820733042982786649E-15, 452.2113475735178554, -7.000000000000000000 ) ) ;
#865 = CARTESIAN_POINT ( 'NONE',  ( 0.000000000000000000, 407.5000000000000000, 0.000000000000000000 ) ) ;
#866 = VERTEX_POINT ( 'NONE', #605 ) ;
#867 = CARTESIAN_POINT ( 'NONE',  ( 29.33579605623462072, 399.4642860894263663, 2.765870014443415402E-05 ) ) ;
#868 = CARTESIAN_POINT ( 'NONE',  ( -2.743638430048457550E-05, 403.8750003751405870, 29.09999999998706244 ) ) ;
#869 = CARTESIAN_POINT ( 'NONE',  ( 23.56304353217674574, 404.1500003751405643, -17.11951927241002380 ) ) ;
#870 = ADVANCED_FACE ( 'NONE', ( #151 ), #732, .F. ) ;
#871 = CARTESIAN_POINT ( 'NONE',  ( -23.73317381038742013, 397.9642860894263663, 17.24312590975594262 ) ) ;
#872 = FACE_OUTER_BOUND ( 'NONE', #665, .T. ) ;
#873 = CARTESIAN_POINT ( 'NONE',  ( -23.89449170253666210, 407.0325424541372854, 15.16388031730028807 ) ) ;
#874 = CARTESIAN_POINT ( 'NONE',  ( 0.000000000000000000, 335.0000000000000000, 0.000000000000000000 ) ) ;
#875 = CARTESIAN_POINT ( 'NONE',  ( 26.53446867593497416, 399.5892860894262526, 8.621599160586502109 ) ) ;
#876 = CARTESIAN_POINT ( 'NONE',  ( 9.455190596757663712, 400.2500003751405302, -29.09999108536541357 ) ) ;
#877 = EDGE_CURVE ( 'NONE', #311, #1268, #186, .T. ) ;
#878 = EDGE_CURVE ( 'NONE', #821, #862, #1128, .T. ) ;
#879 = CARTESIAN_POINT ( 'NONE',  ( -23.56301125050531198, 400.9000003751405075, -17.11956370431893859 ) ) ;
#880 =( BOUNDED_CURVE ( )  B_SPLINE_CURVE ( 2, ( #884, #1185, #1301, #168, #856, #543, #393 ),
 .UNSPECIFIED., .F., .F. ) 
 B_SPLINE_CURVE_WITH_KNOTS ( ( 3, 2, 2, 3 ),
 ( 0.1527926471787748874, 0.1600000000000000033, 0.1799999999999999933, 0.1999999694893477564 ),
 .UNSPECIFIED. ) 
 CURVE ( )  GEOMETRIC_REPRESENTATION_ITEM ( )  RATIONAL_B_SPLINE_CURVE ( ( 0.9774367795040015405, 0.9823623522319646639, 1.000000000000000000, 0.9510565162951534202, 1.000000000000000000, 0.9510565909600340317, 0.9999998506704665946 ) ) 
 REPRESENTATION_ITEM ( '' )  );
#881 = CARTESIAN_POINT ( 'NONE',  ( -9.455135723989075203, 399.1000003751405529, -29.10000891460871486 ) ) ;
#882 =( LENGTH_UNIT ( ) NAMED_UNIT ( * ) SI_UNIT ( .MILLI., .METRE. ) );
#883 = PERSON ( 'UNSPECIFIED', 'UNSPECIFIED', 'UNSPECIFIED', ('UNSPECIFIED'), ('UNSPECIFIED'), ('UNSPECIFIED') ) ;
#884 = CARTESIAN_POINT ( 'NONE',  ( 27.79104383629762864, 396.9999999999998863, 2.463307225861889549 ) ) ;
#885 = ORIENTED_EDGE ( 'NONE', *, *, #946, .T. ) ;
#886 = CARTESIAN_POINT ( 'NONE',  ( 2.743638429692085378E-05, 402.6250003751405302, -29.09999999998706244 ) ) ;
#887 = CARTESIAN_POINT ( 'NONE',  ( -2.743638430048457550E-05, 397.9750003751405529, 29.09999999998706244 ) ) ;
#888 = VERTEX_POINT ( 'NONE', #1274 ) ;
#889 = CARTESIAN_POINT ( 'NONE',  ( -26.53446867593497416, 398.3392860894261958, -8.621599160586505661 ) ) ;
#890 = CARTESIAN_POINT ( 'NONE',  ( -24.75392156641533248, 402.2500003751405302, -17.98481241139642250 ) ) ;
#891 = CARTESIAN_POINT ( 'NONE',  ( 29.09999999999999787, 397.3499999937585585, 8.674922091120255582E-11 ) ) ;
#892 = EDGE_CURVE ( 'NONE', #669, #258, #1361, .T. ) ;
#893 = CARTESIAN_POINT ( 'NONE',  ( -23.56301125050531198, 402.7000003751406325, -17.11956370431893859 ) ) ;
#894 = CARTESIAN_POINT ( 'NONE',  ( -9.455135723989075203, 401.6000003751404392, -29.10000891460871486 ) ) ;
#895 = CARTESIAN_POINT ( 'NONE',  ( -2.743638430048457550E-05, 405.4750003751405529, 29.09999999998706244 ) ) ;
#896 = CALENDAR_DATE ( 2026, 1, 10 ) ;
#897 = TOROIDAL_SURFACE ( 'NONE', #127, -131.2501955513456551, 178.7499040016718368 ) ;
#898 = CYLINDRICAL_SURFACE ( 'NONE', #610, 27.90000000000000213 ) ;
#899 = CARTESIAN_POINT ( 'NONE',  ( -17.10452864520220118, 398.9750003751405529, -23.54241066300257046 ) ) ;
#900 = CARTESIAN_POINT ( 'NONE',  ( 9.455135723989078755, 398.7500003751404734, 29.10000891460871486 ) ) ;
#901 = CARTESIAN_POINT ( 'NONE',  ( -26.34425743094618610, 405.0750003751405757, -8.559795582374414735 ) ) ;
#902 = VERTEX_POINT ( 'NONE', #835 ) ;
#903 = CARTESIAN_POINT ( 'NONE',  ( 17.10452864520220473, 405.2250003751405529, 23.54241066300257046 ) ) ;
#904 = APPROVAL_DATE_TIME ( #447, #558 ) ;
#905 = CARTESIAN_POINT ( 'NONE',  ( 9.455190596757663712, 399.3500003751404961, -29.09999108536541357 ) ) ;
#906 = CARTESIAN_POINT ( 'NONE',  ( -2.743638430048457550E-05, 398.8750003751405870, 29.09999999998706244 ) ) ;
#907 = CARTESIAN_POINT ( 'NONE',  ( 23.56301125050531908, 401.4500003751405188, 17.11956370431893504 ) ) ;
#908 = EDGE_CURVE ( 'NONE', #286, #24, #725, .T. ) ;
#909 = CARTESIAN_POINT ( 'NONE',  ( -24.75392156641533603, 403.8500003751406098, -17.98481241139642250 ) ) ;
#910 = VERTEX_POINT ( 'NONE', #614 ) ;
#911 = DIRECTION ( 'NONE',  ( -0.000000000000000000, -1.000000000000000000, -0.000000000000000000 ) ) ;
#912 = APPROVAL_STATUS ( 'not_yet_approved' ) ;
#913 = CARTESIAN_POINT ( 'NONE',  ( -24.75392156641533248, 399.7500003751405870, -17.98481241139642250 ) ) ;
#914 = CARTESIAN_POINT ( 'NONE',  ( -2.743638430048457550E-05, 402.9750003751405529, 29.09999999998706244 ) ) ;
#915 = AXIS2_PLACEMENT_3D ( 'NONE', #929, #131, #387 ) ;
#916 = CARTESIAN_POINT ( 'NONE',  ( -17.10457303820452779, 399.1250003751405302, 23.54237840959843808 ) ) ;
#917 = CARTESIAN_POINT ( 'NONE',  ( -23.56301125050531198, 400.2000003751405188, -17.11956370431893859 ) ) ;
#918 = CARTESIAN_POINT ( 'NONE',  ( -17.10457303820452779, 405.7250003751405529, 23.54237840959843808 ) ) ;
#919 = ORIENTED_EDGE ( 'NONE', *, *, #573, .T. ) ;
#920 = CARTESIAN_POINT ( 'NONE',  ( -9.455135723989075203, 401.6000003751404961, -29.10000891460871486 ) ) ;
#921 = CARTESIAN_POINT ( 'NONE',  ( -24.75395547965138121, 401.7500003751405870, 17.98476573383145904 ) ) ;
#922 = CARTESIAN_POINT ( 'NONE',  ( 9.455135723989078755, 401.2500003751405870, 29.10000891460871486 ) ) ;
#923 = CARTESIAN_POINT ( 'NONE',  ( -24.75392156641533603, 401.3500003751406098, -17.98481241139642250 ) ) ;
#924 = CARTESIAN_POINT ( 'NONE',  ( -26.34427357178190121, 402.3250003751405757, 8.559745905990061132 ) ) ;
#925 = CARTESIAN_POINT ( 'NONE',  ( 16.39922982013423436, 405.7607146608548874, -22.57155868136757704 ) ) ;
#926 = ORIENTED_EDGE ( 'NONE', *, *, #1357, .T. ) ;
#927 = CARTESIAN_POINT ( 'NONE',  ( 24.75392156641533603, 405.1000003751404961, 17.98481241139641895 ) ) ;
#928 = APPROVAL_PERSON_ORGANIZATION ( #335, #558, #557 ) ;
#929 = CARTESIAN_POINT ( 'NONE',  ( 13.40993644393033435, 439.9998083731135807, 0.000000000000000000 ) ) ;
#930 =( BOUNDED_CURVE ( )  B_SPLINE_CURVE ( 2, ( #1421, #87, #415, #982, #398, #871, #638, #779, #889, #1323, #549, #767, #997 ),
 .UNSPECIFIED., .F., .F. ) 
 B_SPLINE_CURVE_WITH_KNOTS ( ( 3, 2, 2, 2, 2, 2, 3 ),
 ( 0.1999999694893477564, 0.2000000000000000111, 0.2200000000000000011, 0.2399999999999999911, 0.2600000000000000089, 0.2800000000000000266, 0.2999999694893477620 ),
 .UNSPECIFIED. ) 
 CURVE ( )  GEOMETRIC_REPRESENTATION_ITEM ( )  RATIONAL_B_SPLINE_CURVE ( ( 0.9999998506704665946, 0.9999999253351193884, 1.000000000000000000, 0.9510565162951534202, 1.000000000000000000, 0.9510565162951534202, 1.000000000000000000, 0.9510565162951534202, 1.000000000000000000, 0.9510565162951534202, 1.000000000000000000, 0.9510565909600339207, 0.9999998506704668166 ) ) 
 REPRESENTATION_ITEM ( '' )  );
#931 = CARTESIAN_POINT ( 'NONE',  ( -30.59755072531996589, 403.6000003751404392, -2.884832165976982621E-05 ) ) ;
#932 = CARTESIAN_POINT ( 'NONE',  ( -23.38789470530971570, 407.2253995969944640, 14.84238462152714888 ) ) ;
#933 = CARTESIAN_POINT ( 'NONE',  ( 0.000000000000000000, 439.9998083731135807, 13.40993644393037521 ) ) ;
#934 = ORIENTED_EDGE ( 'NONE', *, *, #1246, .F. ) ;
#935 = FACE_OUTER_BOUND ( 'NONE', #176, .T. ) ;
#936 = CARTESIAN_POINT ( 'NONE',  ( 2.743638429692085378E-05, 405.1250003751405302, -29.09999999998706244 ) ) ;
#937 = CARTESIAN_POINT ( 'NONE',  ( 24.75392156641533958, 398.5000003751405870, 17.98481241139641895 ) ) ;
#938 = AXIS2_PLACEMENT_3D ( 'NONE', #1296, #597, #1153 ) ;
#939 = CARTESIAN_POINT ( 'NONE',  ( -16.39922982013423791, 402.0107146608548874, 22.57155868136757704 ) ) ;
#940 = EDGE_CURVE ( 'NONE', #258, #669, #537, .T. ) ;
#941 = CARTESIAN_POINT ( 'NONE',  ( 9.516884767780728448E-15, 401.3392857267092495, -27.90000000000000568 ) ) ;
#942 = ADVANCED_FACE ( 'NONE', ( #262 ), #502, .F. ) ;
#943 = VERTEX_POINT ( 'NONE', #954 ) ;
#944 = CYLINDRICAL_SURFACE ( 'NONE', #586, 27.90000000000000213 ) ;
#945 = CARTESIAN_POINT ( 'NONE',  ( 27.67575310248567533, 403.1250003751405302, -8.992368442754903768 ) ) ;
#946 = EDGE_CURVE ( 'NONE', #555, #584, #841, .T. ) ;
#947 = CARTESIAN_POINT ( 'NONE',  ( -24.56995436550592515, 405.8753995969943844, 15.59254124499774719 ) ) ;
#948 = CARTESIAN_POINT ( 'NONE',  ( 0.000000000000000000, 421.0000000000000568, 0.000000000000000000 ) ) ;
#949 = CARTESIAN_POINT ( 'NONE',  ( 1.315249350792444426E-05, 405.5107144794963574, -27.90000000000000213 ) ) ;
#950 = VERTEX_POINT ( 'NONE', #960 ) ;
#951 = CARTESIAN_POINT ( 'NONE',  ( 29.10000000000000142, 397.9499999937585812, 8.674922091120255582E-11 ) ) ;
#952 = CARTESIAN_POINT ( 'NONE',  ( 27.67573614586765274, 403.3750003751405870, 8.992420629859038783 ) ) ;
#953 = CARTESIAN_POINT ( 'NONE',  ( -2.743638430048457550E-05, 403.8750003751405870, 29.09999999998706244 ) ) ;
#954 = CARTESIAN_POINT ( 'NONE',  ( 3.416764569621115524E-15, 407.5000000000000000, 27.90000000000000213 ) ) ;
#955 = EDGE_CURVE ( 'NONE', #423, #373, #880, .T. ) ;
#956 = EDGE_CURVE ( 'NONE', #866, #910, #607, .T. ) ;
#957 = CARTESIAN_POINT ( 'NONE',  ( 26.53448493331101687, 404.3392860894262526, -8.621549125527897317 ) ) ;
#958 = CARTESIAN_POINT ( 'NONE',  ( 30.59755072531996589, 405.7500003751405302, 2.884832165602270492E-05 ) ) ;
#959 = CARTESIAN_POINT ( 'NONE',  ( -9.455135723989075203, 402.5000003751405302, -29.10000891460871486 ) ) ;
#960 = CARTESIAN_POINT ( 'NONE',  ( -1.293362759004552510E-14, 400.0892857267092495, 27.90000000000000568 ) ) ;
#961 = DIRECTION ( 'NONE',  ( -0.000000000000000000, -1.000000000000000000, -0.000000000000000000 ) ) ;
#962 = CARTESIAN_POINT ( 'NONE',  ( 23.56301125050531908, 399.6500003751404506, 17.11956370431893504 ) ) ;
#963 = CARTESIAN_POINT ( 'NONE',  ( -9.455190596757667265, 404.0000003751405302, 29.09999108536540646 ) ) ;
#964 = DIRECTION ( 'NONE',  ( 1.224646799147353207E-16, 0.000000000000000000, -1.000000000000000000 ) ) ;
#965 = CIRCLE ( 'NONE', #290, 13.40993644393037521 ) ;
#966 = CARTESIAN_POINT ( 'NONE',  ( -20.55655964837383465, 405.3483877750052784, 19.30386200465178348 ) ) ;
#967 = CARTESIAN_POINT ( 'NONE',  ( 9.065244983861136419, 399.1357144603499592, 27.89999999999998792 ) ) ;
#968 = CARTESIAN_POINT ( 'NONE',  ( 27.90000000000001634, 398.6357142794728361, 8.813256469875455774E-11 ) ) ;
#969 = ORIENTED_EDGE ( 'NONE', *, *, #1459, .F. ) ;
#970 = CARTESIAN_POINT ( 'NONE',  ( -16.39922982013423791, 399.5107146608548305, 22.57155868136757704 ) ) ;
#971 = CARTESIAN_POINT ( 'NONE',  ( 24.75395547965137766, 405.5000003751405870, -17.98476573383146260 ) ) ;
#972 = CARTESIAN_POINT ( 'NONE',  ( 16.28167261712252056, 404.0250003751405643, -22.40975539332909605 ) ) ;
#973 = ORIENTED_EDGE ( 'NONE', *, *, #1246, .T. ) ;
#974 = CARTESIAN_POINT ( 'NONE',  ( -1.315249351134119899E-05, 400.0892859080677226, 27.90000000000000568 ) ) ;
#975 = CARTESIAN_POINT ( 'NONE',  ( -23.73317381038741658, 404.6357146608548874, 17.24312590975593906 ) ) ;
#976 = ORIENTED_EDGE ( 'NONE', *, *, #573, .F. ) ;
#977 = CARTESIAN_POINT ( 'NONE',  ( 16.39918725777118880, 406.5107146608548874, 22.57158960473442377 ) ) ;
#978 = CARTESIAN_POINT ( 'NONE',  ( 27.69999999998691820, 398.7640680411666949, 4.387262382814747674 ) ) ;
#979 = CARTESIAN_POINT ( 'NONE',  ( -29.12550361138704602, 400.6500003751405643, -2.746042989606955638E-05 ) ) ;
#980 =( BOUNDED_CURVE ( )  B_SPLINE_CURVE ( 2, ( #749, #1311, #195, #420, #970, #658, #169, #518, #287, #188, #757, #1425, #389 ),
 .UNSPECIFIED., .F., .F. ) 
 B_SPLINE_CURVE_WITH_KNOTS ( ( 3, 2, 2, 2, 2, 2, 3 ),
 ( 0.1999999694893477564, 0.2000000000000000111, 0.2200000000000000011, 0.2399999999999999911, 0.2600000000000000089, 0.2800000000000000266, 0.2999999694893477620 ),
 .UNSPECIFIED. ) 
 CURVE ( )  GEOMETRIC_REPRESENTATION_ITEM ( )  RATIONAL_B_SPLINE_CURVE ( ( 0.9999998506704665946, 0.9999999253351193884, 1.000000000000000000, 0.9510565162951535312, 1.000000000000000000, 0.9510565162951535312, 1.000000000000000000, 0.9510565162951535312, 1.000000000000000000, 0.9510565162951535312, 1.000000000000000000, 0.9510565909600340317, 0.9999998506704668166 ) ) 
 REPRESENTATION_ITEM ( '' )  );
#981 = AXIS2_PLACEMENT_3D ( 'NONE', #360, #612, #1064 ) ;
#982 = CARTESIAN_POINT ( 'NONE',  ( -9.065285829881068125, 397.7142860894262526, 27.89999145297921501 ) ) ;
#983 = CARTESIAN_POINT ( 'NONE',  ( 26.53446867593497416, 403.7607146608548305, 8.621599160586502109 ) ) ;
#984 = EDGE_CURVE ( 'NONE', #210, #1236, #417, .T. ) ;
#985 = EDGE_CURVE ( 'NONE', #857, #242, #483, .T. ) ;
#986 = ORIENTED_EDGE ( 'NONE', *, *, #1321, .T. ) ;
#987 = CARTESIAN_POINT ( 'NONE',  ( 26.53448493331101687, 399.3392860894261958, -8.621549125527897317 ) ) ;
#988 = CARTESIAN_POINT ( 'NONE',  ( -9.455190596757667265, 401.5000003751404734, 29.09999108536540646 ) ) ;
#989 = CARTESIAN_POINT ( 'NONE',  ( 16.28163035986601770, 402.2750003751405075, 22.40978609502306185 ) ) ;
#990 = ORIENTED_EDGE ( 'NONE', *, *, #1191, .F. ) ;
#991 = CARTESIAN_POINT ( 'NONE',  ( -17.10457303820452779, 398.2250003751405529, 23.54237840959843808 ) ) ;
#992 = CARTESIAN_POINT ( 'NONE',  ( 16.39922982013423436, 403.2607146608548305, -22.57155868136757704 ) ) ;
#993 = CARTESIAN_POINT ( 'NONE',  ( 9.516739183971179686E-15, 403.8392857267091927, -27.90000000000000568 ) ) ;
#994 = APPROVAL_PERSON_ORGANIZATION ( #1126, #269, #1363 ) ;
#995 = CARTESIAN_POINT ( 'NONE',  ( 9.455190596757663712, 399.3500003751404961, -29.09999108536541357 ) ) ;
#996 = EDGE_LOOP ( 'NONE', ( #727, #203, #2, #364 ) ) ;
#997 = CARTESIAN_POINT ( 'NONE',  ( 9.516811975875954856E-15, 398.8392857267091927, -27.90000000000000568 ) ) ;
#998 = PERSON_AND_ORGANIZATION ( #883, #396 ) ;
#999 = CARTESIAN_POINT ( 'NONE',  ( -24.56995436550592515, 406.7753995969943617, 15.59254124499774719 ) ) ;
#1000 = CARTESIAN_POINT ( 'NONE',  ( -23.73317381038742013, 402.9642860894263094, 17.24312590975594262 ) ) ;
#1001 = FACE_OUTER_BOUND ( 'NONE', #1424, .T. ) ;
#1002 = CARTESIAN_POINT ( 'NONE',  ( -27.67573614586765274, 404.6250003751405302, -8.992420629859042336 ) ) ;
#1003 = CARTESIAN_POINT ( 'NONE',  ( 27.67573614586765274, 399.9750003751405529, 8.992420629859038783 ) ) ;
#1004 = ORIENTED_EDGE ( 'NONE', *, *, #300, .T. ) ;
#1005 = CARTESIAN_POINT ( 'NONE',  ( 17.10457303820452424, 401.9750003751405529, -23.54237840959843808 ) ) ;
#1006 = COORDINATED_UNIVERSAL_TIME_OFFSET ( 12, 0, .AHEAD. ) ;
#1007 = CARTESIAN_POINT ( 'NONE',  ( 24.75392156641533603, 398.5000003751405302, 17.98481241139641895 ) ) ;
#1008 = CARTESIAN_POINT ( 'NONE',  ( -30.59755072531996589, 398.6000003751405529, -2.884832165976982621E-05 ) ) ;
#1009 = CARTESIAN_POINT ( 'NONE',  ( 27.67573614586765274, 398.3750003751405870, 8.992420629859038783 ) ) ;
#1010 = CARTESIAN_POINT ( 'NONE',  ( -2.611642079461933883E-05, 401.8250003751405757, 27.69999999998768558 ) ) ;
#1011 = CARTESIAN_POINT ( 'NONE',  ( 17.10452864520220473, 405.2250003751405529, 23.54241066300257046 ) ) ;
#1012 = APPLICATION_CONTEXT ( 'configuration controlled 3d designs of mechanical parts and assemblies' ) ;
#1013 = EDGE_LOOP ( 'NONE', ( #934, #31, #468, #379 ) ) ;
#1014 = CARTESIAN_POINT ( 'NONE',  ( -2.743638430048457550E-05, 402.9750003751405529, 29.09999999998706244 ) ) ;
#1015 = AXIS2_PLACEMENT_3D ( 'NONE', #1332, #769, #1100 ) ;
#1016 = DIRECTION ( 'NONE',  ( 0.000000000000000000, 0.000000000000000000, -1.000000000000000000 ) ) ;
#1017 = EDGE_CURVE ( 'NONE', #291, #1369, #1289, .T. ) ;
#1018 = CARTESIAN_POINT ( 'NONE',  ( -1.293362759004552510E-14, 402.5892857267092495, 27.90000000000000568 ) ) ;
#1019 = CARTESIAN_POINT ( 'NONE',  ( 24.75392156641533958, 398.5000003751405870, 17.98481241139641895 ) ) ;
#1020 = CARTESIAN_POINT ( 'NONE',  ( 26.34427357178190121, 406.0750003751405757, -8.559745905990062909 ) ) ;
#1021 = CARTESIAN_POINT ( 'NONE',  ( -2.743638430048457550E-05, 405.4750003751405529, 29.09999999998706244 ) ) ;
#1022 = ORIENTED_EDGE ( 'NONE', *, *, #1276, .F. ) ;
#1023 = CARTESIAN_POINT ( 'NONE',  ( -30.59755072531996944, 401.1000003751405529, -2.884832165976982621E-05 ) ) ;
#1024 = DIRECTION ( 'NONE',  ( -0.000000000000000000, -1.000000000000000000, -0.000000000000000000 ) ) ;
#1025 = EDGE_LOOP ( 'NONE', ( #926, #343 ) ) ;
#1026 = CARTESIAN_POINT ( 'NONE',  ( 9.000249469226718091, 404.2000003751405188, 27.70000848572719221 ) ) ;
#1027 = LINE ( 'NONE', #6, #1412 ) ;
#1028 = ORIENTED_EDGE ( 'NONE', *, *, #1053, .F. ) ;
#1029 = CARTESIAN_POINT ( 'NONE',  ( 2.630498700632618160E-05, 403.8392860894261958, -27.89999999998759961 ) ) ;
#1030 = CALENDAR_DATE ( 2026, 1, 10 ) ;
#1031 = CARTESIAN_POINT ( 'NONE',  ( 24.75392156641533603, 401.0000003751404734, 17.98481241139641895 ) ) ;
#1032 = VECTOR ( 'NONE', #1166, 1000.000000000000000 ) ;
#1033 = CARTESIAN_POINT ( 'NONE',  ( -9.455135723989075203, 402.5000003751405302, -29.10000891460871486 ) ) ;
#1034 =( BOUNDED_CURVE ( )  B_SPLINE_CURVE ( 2, ( #1093, #306, #768, #1210, #992, #664, #1080, #1086, #983, #54, #1316, #295, #1439 ),
 .UNSPECIFIED., .F., .F. ) 
 B_SPLINE_CURVE_WITH_KNOTS ( ( 3, 2, 2, 2, 2, 2, 3 ),
 ( 0.4999999694893477731, 0.5000000000000000000, 0.5200000000000000178, 0.5400000000000000355, 0.5600000000000000533, 0.5799999999999999600, 0.5999999694893477509 ),
 .UNSPECIFIED. ) 
 CURVE ( )  GEOMETRIC_REPRESENTATION_ITEM ( )  RATIONAL_B_SPLINE_CURVE ( ( 0.9999998506704668166, 0.9999999253351194994, 1.000000000000000000, 0.9510565162951535312, 1.000000000000000000, 0.9510565162951535312, 1.000000000000000000, 0.9510565162951535312, 1.000000000000000000, 0.9510565162951535312, 1.000000000000000000, 0.9510565909600340317, 0.9999998506704668166 ) ) 
 REPRESENTATION_ITEM ( '' )  );
#1035 = CARTESIAN_POINT ( 'NONE',  ( -24.75395547965138121, 400.8500003751404961, 17.98476573383145904 ) ) ;
#1036 = CARTESIAN_POINT ( 'NONE',  ( 29.12550361138704602, 401.2000003751405757, 2.746042989250271758E-05 ) ) ;
#1037 = CARTESIAN_POINT ( 'NONE',  ( 9.455190596757663712, 401.8500003751406098, -29.09999108536541357 ) ) ;
#1038 = EDGE_LOOP ( 'NONE', ( #40, #577 ) ) ;
#1039 = CARTESIAN_POINT ( 'NONE',  ( 24.75395547965137766, 404.6000003751405529, -17.98476573383146260 ) ) ;
#1040 = CARTESIAN_POINT ( 'NONE',  ( -27.67575310248567533, 404.3750003751405870, 8.992368442754900215 ) ) ;
#1041 = CARTESIAN_POINT ( 'NONE',  ( 27.67575310248567533, 400.6250003751405302, -8.992368442754903768 ) ) ;
#1042 = CARTESIAN_POINT ( 'NONE',  ( 24.75392156641533958, 402.6000003751405529, 17.98481241139641895 ) ) ;
#1043 = CARTESIAN_POINT ( 'NONE',  ( 2.611642079122706675E-05, 400.5750003751405188, -27.69999999998768558 ) ) ;
#1044 = LINE ( 'NONE', #717, #61 ) ;
#1045 = B_SPLINE_CURVE_WITH_KNOTS ( 'NONE', 3,
 ( #1281, #1071, #1151, #489 ),
 .UNSPECIFIED., .F., .F.,
 ( 4, 4 ),
 ( 0.000000000000000000, 0.8571428571428613141 ),
 .UNSPECIFIED. ) ;
#1046 = VERTEX_POINT ( 'NONE', #1325 ) ;
#1047 = CARTESIAN_POINT ( 'NONE',  ( 16.39918725777118880, 404.8392860894261958, 22.57158960473442022 ) ) ;
#1048 = LOCAL_TIME ( 9, 43, 34.00000000000000000, #797 ) ;
#1049 = CYLINDRICAL_SURFACE ( 'NONE', #981, 27.90000000000000213 ) ;
#1050 = EDGE_CURVE ( 'NONE', #358, #311, #1445, .T. ) ;
#1051 = CARTESIAN_POINT ( 'NONE',  ( -17.10452864520220118, 401.4750003751405529, -23.54241066300257046 ) ) ;
#1052 = CARTESIAN_POINT ( 'NONE',  ( 28.73703704350961985, 397.2333333291724671, 8.866808465273779357E-11 ) ) ;
#1053 = EDGE_CURVE ( 'NONE', #24, #526, #1285, .T. ) ;
#1054 = CARTESIAN_POINT ( 'NONE',  ( 26.53446867593497416, 402.0892860894263094, 8.621599160586502109 ) ) ;
#1055 = ORIENTED_EDGE ( 'NONE', *, *, #405, .F. ) ;
#1056 = CARTESIAN_POINT ( 'NONE',  ( 26.34427357178190121, 399.2750003751405075, -8.559745905990062909 ) ) ;
#1057 = CARTESIAN_POINT ( 'NONE',  ( 24.75392156641533958, 406.0000003751405302, 17.98481241139641895 ) ) ;
#1058 = CARTESIAN_POINT ( 'NONE',  ( 2.743638429692085378E-05, 402.6250003751405302, -29.09999999998706244 ) ) ;
#1059 = CARTESIAN_POINT ( 'NONE',  ( 17.10457303820452424, 404.4750003751405529, -23.54237840959843808 ) ) ;
#1060 = CARTESIAN_POINT ( 'NONE',  ( -2.630498700974294649E-05, 401.7607146608548305, 27.89999999998759961 ) ) ;
#1061 = DIRECTION ( 'NONE',  ( 0.000000000000000000, 0.000000000000000000, 1.000000000000000000 ) ) ;
#1062 = ORIENTED_EDGE ( 'NONE', *, *, #134, .F. ) ;
#1063 = LINE ( 'NONE', #250, #130 ) ;
#1064 = DIRECTION ( 'NONE',  ( 0.000000000000000000, 0.000000000000000000, -1.000000000000000000 ) ) ;
#1065 = CARTESIAN_POINT ( 'NONE',  ( 29.09999999998625242, 398.3140680411667063, 4.609001275808995324 ) ) ;
#1066 = DIRECTION ( 'NONE',  ( 0.000000000000000000, -1.000000000000000000, 0.000000000000000000 ) ) ;
#1067 = PRODUCT_DEFINITION ( 'UNKNOWN', '', #1375, #349 ) ;
#1068 = VERTEX_POINT ( 'NONE', #426 ) ;
#1069 = CARTESIAN_POINT ( 'NONE',  ( 23.56304353217674574, 399.1500003751405075, -17.11951927241002380 ) ) ;
#1070 = CARTESIAN_POINT ( 'NONE',  ( 27.67575310248567533, 403.1250003751405302, -8.992368442754903768 ) ) ;
#1071 = CARTESIAN_POINT ( 'NONE',  ( -24.23222303402128475, 405.7468281604615186, 15.37821078114901319 ) ) ;
#1072 = CARTESIAN_POINT ( 'NONE',  ( 8.572527594031473190E-16, 421.0000000000000568, -7.000000000000000000 ) ) ;
#1073 = CARTESIAN_POINT ( 'NONE',  ( 29.12550361138704602, 399.4000003751405075, 2.746042989250271758E-05 ) ) ;
#1074 = CARTESIAN_POINT ( 'NONE',  ( 3.416764569621115524E-15, 300.0000000000000000, 27.90000000000000213 ) ) ;
#1075 = CARTESIAN_POINT ( 'NONE',  ( 16.39918725777118880, 399.8392860894261958, 22.57158960473442022 ) ) ;
#1076 =( BOUNDED_CURVE ( )  B_SPLINE_CURVE ( 2, ( #1330, #1306, #293, #655, #282, #82, #542, #430, #991, #1444, #1336, #760, #753, #1199, #182, #881, #312, #1215, #1118, #572, #1455, #93, #677, #243, #788, #1231, #688, #102, #1256, #1362, #469, #1023, #236, #1238, #803, #920, #565, #220, #1005, #211, #1343, #556, #704, #326, #1263, #1142, #1014, #1370, #344, #462, #353, #810, #123, #585, #1465, #437, #697, #1378, #1125, #1039, #109, #17, #446, #927, #903, #1351, #895, #334, #1472, #796, #453 ),
 .UNSPECIFIED., .F., .F. ) 
 B_SPLINE_CURVE_WITH_KNOTS ( ( 3, 2, 2, 2, 2, 2, 2, 2, 2, 2, 2, 2, 2, 2, 2, 2, 2, 2, 2, 2, 2, 2, 2, 2, 2, 2, 2, 2, 2, 2, 2, 2, 2, 2, 2, 3 ),
 ( 0.1499999702360982345, 0.1600000000000000033, 0.1799999999999999933, 0.2000000000000000111, 0.2200000000000000011, 0.2399999999999999911, 0.2600000000000000089, 0.2800000000000000266, 0.2999999999999999889, 0.3200000000000000067, 0.3400000000000000799, 0.3599999999999999867, 0.3800000000000000044, 0.4000000000000000222, 0.4199999999999999845, 0.4400000000000000022, 0.4600000000000000200, 0.4799999999999999822, 0.5000000000000000000, 0.5200000000000000178, 0.5400000000000000355, 0.5600000000000000533, 0.5800000000000000711, 0.5999999999999999778, 0.6199999999999999956, 0.6400000000000000133, 0.6600000000000000311, 0.6800000000000000488, 0.6999999999999999556, 0.7199999999999999734, 0.7399999999999999911, 0.7600000000000000089, 0.7800000000000000266, 0.8000000000000000444, 0.8199999999999999512, 0.8319841697107008827 ),
 .UNSPECIFIED. ) 
 CURVE ( )  GEOMETRIC_REPRESENTATION_ITEM ( )  RATIONAL_B_SPLINE_CURVE ( ( 0.9755282581477936477, 0.9755281853101247513, 1.000000000000000000, 0.9510565162951535312, 1.000000000000000000, 0.9510565162951535312, 1.000000000000000000, 0.9510565162951535312, 1.000000000000000000, 0.9510565162951535312, 1.000000000000000000, 0.9510565162951535312, 1.000000000000000000, 0.9510565162951535312, 1.000000000000000000, 0.9510565162951535312, 1.000000000000000000, 0.9510565162951535312, 1.000000000000000000, 0.9510565162951535312, 1.000000000000000000, 0.9510565162951535312, 1.000000000000000000, 0.9510565162951535312, 1.000000000000000000, 0.9510565162951535312, 1.000000000000000000, 0.9510565162951535312, 1.000000000000000000, 0.9510565162951535312, 1.000000000000000000, 0.9510565162951535312, 1.000000000000000000, 0.9510565162951535312, 1.000000000000000000, 0.9510565162951535312, 1.000000000000000000, 0.9510565162951535312, 1.000000000000000000, 0.9510565162951535312, 1.000000000000000000, 0.9510565162951535312, 1.000000000000000000, 0.9510565162951535312, 1.000000000000000000, 0.9510565162951535312, 1.000000000000000000, 0.9510565162951535312, 1.000000000000000000, 0.9510565162951535312, 1.000000000000000000, 0.9510565162951535312, 1.000000000000000000, 0.9510565162951535312, 1.000000000000000000, 0.9510565162951535312, 1.000000000000000000, 0.9510565162951535312, 1.000000000000000000, 0.9510565162951535312, 1.000000000000000000, 0.9510565162951535312, 1.000000000000000000, 0.9510565162951535312, 1.000000000000000000, 0.9510565162951535312, 1.000000000000000000, 0.9510565162951535312, 1.000000000000000000, 0.9706726492524097027, 0.9764916933572568292 ) ) 
 REPRESENTATION_ITEM ( '' )  );
#1077 = CARTESIAN_POINT ( 'NONE',  ( 27.67575310248567533, 399.7250003751405529, -8.992368442754903768 ) ) ;
#1078 = DIRECTION ( 'NONE',  ( -0.000000000000000000, -1.000000000000000000, -0.000000000000000000 ) ) ;
#1079 = CARTESIAN_POINT ( 'NONE',  ( 9.065285829881062796, 400.6357146608547737, -27.89999145297921501 ) ) ;
#1080 = CARTESIAN_POINT ( 'NONE',  ( 26.53448493331101687, 403.5107146608548874, -8.621549125527897317 ) ) ;
#1081 = DIRECTION ( 'NONE',  ( 0.000000000000000000, -0.000000000000000000, 1.000000000000000000 ) ) ;
#1082 = CARTESIAN_POINT ( 'NONE',  ( 17.10452864520220473, 406.1250003751405302, 23.54241066300257046 ) ) ;
#1083 = CARTESIAN_POINT ( 'NONE',  ( -9.000301702068298937, 405.1500003751404506, 27.69999151424817185 ) ) ;
#1084 = EDGE_LOOP ( 'NONE', ( #197, #1247, #1141, #1234, #1255 ) ) ;
#1085 = CARTESIAN_POINT ( 'NONE',  ( -9.065285829881068125, 400.2142860894262526, 27.89999145297921501 ) ) ;
#1086 = CARTESIAN_POINT ( 'NONE',  ( 29.33579605623461362, 403.6357146608548305, 2.765870014443414386E-05 ) ) ;
#1087 = EDGE_LOOP ( 'NONE', ( #303, #976, #885, #762 ) ) ;
#1088 = CARTESIAN_POINT ( 'NONE',  ( 0.000000000000000000, 300.0000000000000000, 0.000000000000000000 ) ) ;
#1089 = CARTESIAN_POINT ( 'NONE',  ( -27.67573614586765274, 402.1250003751405302, -8.992420629859042336 ) ) ;
#1090 = CARTESIAN_POINT ( 'NONE',  ( -27.67575310248567533, 398.4750003751405529, 8.992368442754900215 ) ) ;
#1091 = CARTESIAN_POINT ( 'NONE',  ( -29.33579605623462072, 400.7142860894263094, -2.765870014802674940E-05 ) ) ;
#1092 = EDGE_CURVE ( 'NONE', #857, #535, #611, .T. ) ;
#1093 = CARTESIAN_POINT ( 'NONE',  ( 9.516884767780728448E-15, 403.0107142981377137, -27.90000000000000213 ) ) ;
#1094 = EDGE_LOOP ( 'NONE', ( #661, #599, #129, #444 ) ) ;
#1095 = DIRECTION ( 'NONE',  ( -0.000000000000000000, -1.000000000000000000, -0.000000000000000000 ) ) ;
#1096 = CARTESIAN_POINT ( 'NONE',  ( -17.10452864520220118, 398.9750003751405529, -23.54241066300257046 ) ) ;
#1097 = ORIENTED_EDGE ( 'NONE', *, *, #458, .T. ) ;
#1098 = FACE_OUTER_BOUND ( 'NONE', #1218, .T. ) ;
#1099 = LINE ( 'NONE', #798, #342 ) ;
#1100 = DIRECTION ( 'NONE',  ( 0.000000000000000000, 0.000000000000000000, -1.000000000000000000 ) ) ;
#1101 = CARTESIAN_POINT ( 'NONE',  ( 0.000000000000000000, 407.5000000000000000, -27.90000000000000213 ) ) ;
#1102 = CARTESIAN_POINT ( 'NONE',  ( -30.59755072531996589, 402.0000003751405302, -2.884832165976982621E-05 ) ) ;
#1103 = CARTESIAN_POINT ( 'NONE',  ( -30.59755072531996589, 398.6000003751405529, -2.884832165976982621E-05 ) ) ;
#1104 = CARTESIAN_POINT ( 'NONE',  ( 1.099604936003101031E-14, 399.2607142981378274, 27.89999999999999858 ) ) ;
#1105 = DIRECTION ( 'NONE',  ( 0.000000000000000000, 0.000000000000000000, 1.000000000000000000 ) ) ;
#1106 = CARTESIAN_POINT ( 'NONE',  ( -26.53446867593497416, 403.3392860894261958, -8.621599160586505661 ) ) ;
#1107 = CARTESIAN_POINT ( 'NONE',  ( 0.000000000000000000, 397.0000000000000000, -27.90000000000000213 ) ) ;
#1108 = CARTESIAN_POINT ( 'NONE',  ( 17.10452864520220473, 401.1250003751405302, 23.54241066300257046 ) ) ;
#1109 = CARTESIAN_POINT ( 'NONE',  ( 30.59755072531996589, 404.8500003751405529, 2.884832165602270492E-05 ) ) ;
#1110 = ORIENTED_EDGE ( 'NONE', *, *, #140, .F. ) ;
#1111 = CARTESIAN_POINT ( 'NONE',  ( 16.39922982013423436, 404.0892860894262526, -22.57155868136757704 ) ) ;
#1112 = CARTESIAN_POINT ( 'NONE',  ( 3.416764569621115524E-15, 300.0000000000000000, 27.90000000000000213 ) ) ;
#1113 = CARTESIAN_POINT ( 'NONE',  ( -9.455190596757667265, 398.1000003751404392, 29.09999108536540646 ) ) ;
#1114 = CARTESIAN_POINT ( 'NONE',  ( 26.34425743094618610, 406.3250003751405757, 8.559795582374411183 ) ) ;
#1115 = CARTESIAN_POINT ( 'NONE',  ( -2.743638430048457550E-05, 402.9750003751405529, 29.09999999998706244 ) ) ;
#1116 = ORIENTED_EDGE ( 'NONE', *, *, #908, .F. ) ;
#1117 = AXIS2_PLACEMENT_3D ( 'NONE', #382, #1403, #498 ) ;
#1118 = CARTESIAN_POINT ( 'NONE',  ( 17.10457303820452424, 399.4750003751405529, -23.54237840959843808 ) ) ;
#1119 = CC_DESIGN_PERSON_AND_ORGANIZATION_ASSIGNMENT ( #1249, #550, ( #1375 ) ) ;
#1120 = CARTESIAN_POINT ( 'NONE',  ( 0.000000000000000000, 300.0000000000000000, 0.000000000000000000 ) ) ;
#1121 = CARTESIAN_POINT ( 'NONE',  ( -24.75392156641533603, 398.8500003751404961, -17.98481241139642250 ) ) ;
#1122 = CARTESIAN_POINT ( 'NONE',  ( 16.28163035986601770, 406.5750003751405757, 22.40978609502306185 ) ) ;
#1123 = CARTESIAN_POINT ( 'NONE',  ( 2.743638429692085378E-05, 401.7250003751405529, -29.09999999998706244 ) ) ;
#1124 = EDGE_LOOP ( 'NONE', ( #703, #440 ) ) ;
#1125 = CARTESIAN_POINT ( 'NONE',  ( 17.10457303820452424, 404.4750003751405529, -23.54237840959843808 ) ) ;
#1126 = PERSON_AND_ORGANIZATION ( #883, #396 ) ;
#1127 = CARTESIAN_POINT ( 'NONE',  ( 17.10452864520220473, 401.1250003751405302, 23.54241066300257046 ) ) ;
#1128 =( BOUNDED_CURVE ( )  B_SPLINE_CURVE ( 2, ( #1173, #29, #1060, #819, #939, #1389, #370, #1381, #1266, #388, #157, #377, #827 ),
 .UNSPECIFIED., .F., .F. ) 
 B_SPLINE_CURVE_WITH_KNOTS ( ( 3, 2, 2, 2, 2, 2, 3 ),
 ( 0.3999999694893477953, 0.4000000000000000222, 0.4199999999999999845, 0.4400000000000000022, 0.4600000000000000200, 0.4799999999999999822, 0.4999999694893477731 ),
 .UNSPECIFIED. ) 
 CURVE ( )  GEOMETRIC_REPRESENTATION_ITEM ( )  RATIONAL_B_SPLINE_CURVE ( ( 0.9999998506704668166, 0.9999999253351194994, 1.000000000000000000, 0.9510565162951535312, 1.000000000000000000, 0.9510565162951535312, 1.000000000000000000, 0.9510565162951535312, 1.000000000000000000, 0.9510565162951535312, 1.000000000000000000, 0.9510565909600340317, 0.9999998506704668166 ) ) 
 REPRESENTATION_ITEM ( '' )  );
#1129 = CARTESIAN_POINT ( 'NONE',  ( -9.065244983861122208, 403.7142858889212675, -27.90000000000000568 ) ) ;
#1130 = ADVANCED_FACE ( 'NONE', ( #174 ), #199, .F. ) ;
#1131 = CARTESIAN_POINT ( 'NONE',  ( 9.000301702068291831, 403.2000003751405757, -27.69999151424818251 ) ) ;
#1132 = DIRECTION ( 'NONE',  ( -0.000000000000000000, -1.000000000000000000, -0.000000000000000000 ) ) ;
#1133 = ORIENTED_EDGE ( 'NONE', *, *, #1092, .T. ) ;
#1134 = CARTESIAN_POINT ( 'NONE',  ( -23.55676037105202525, 407.1611138827087757, 14.94954985345153631 ) ) ;
#1135 = DIRECTION ( 'NONE',  ( 1.000000000000000000, 0.000000000000000000, 0.000000000000000000 ) ) ;
#1136 = EDGE_CURVE ( 'NONE', #862, #24, #1034, .T. ) ;
#1137 = CARTESIAN_POINT ( 'NONE',  ( 0.000000000000000000, 397.0000000000000000, 0.000000000000000000 ) ) ;
#1138 = CARTESIAN_POINT ( 'NONE',  ( 9.455190596757663712, 401.8500003751406098, -29.09999108536541357 ) ) ;
#1139 = CARTESIAN_POINT ( 'NONE',  ( 16.28167261712252056, 405.8250003751405757, -22.40975539332909605 ) ) ;
#1140 = CARTESIAN_POINT ( 'NONE',  ( -24.75392156641533603, 401.3500003751406098, -17.98481241139642250 ) ) ;
#1141 = ORIENTED_EDGE ( 'NONE', *, *, #313, .T. ) ;
#1142 = CARTESIAN_POINT ( 'NONE',  ( 9.455135723989078755, 402.8500003751404961, 29.10000891460871486 ) ) ;
#1143 = FACE_OUTER_BOUND ( 'NONE', #1087, .T. ) ;
#1144 = CARTESIAN_POINT ( 'NONE',  ( 30.59755072531996589, 400.7500003751404734, 2.884832165602270492E-05 ) ) ;
#1145 = CARTESIAN_POINT ( 'NONE',  ( 17.10452864520220473, 398.6250003751405302, 23.54241066300257046 ) ) ;
#1146 = CARTESIAN_POINT ( 'NONE',  ( 23.56304353217674574, 400.9500003751405188, -17.11951927241002380 ) ) ;
#1147 = DIRECTION ( 'NONE',  ( -0.000000000000000000, 1.000000000000000000, -0.000000000000000000 ) ) ;
#1148 = CIRCLE ( 'NONE', #441, 27.90000000000000213 ) ;
#1149 = ORIENTED_EDGE ( 'NONE', *, *, #736, .F. ) ;
#1150 = DIRECTION ( 'NONE',  ( -0.000000000000000000, -1.000000000000000000, -0.000000000000000000 ) ) ;
#1151 = CARTESIAN_POINT ( 'NONE',  ( -23.89449170253664789, 405.6182567318901420, 15.16388031730027564 ) ) ;
#1152 = CARTESIAN_POINT ( 'NONE',  ( -17.10457303820452779, 400.7250003751405529, 23.54237840959843808 ) ) ;
#1153 = DIRECTION ( 'NONE',  ( 0.000000000000000000, -0.000000000000000000, -1.000000000000000000 ) ) ;
#1154 = CARTESIAN_POINT ( 'NONE',  ( 9.516739183971179686E-15, 405.5107142981378274, -27.90000000000000213 ) ) ;
#1155 = ORIENTED_EDGE ( 'NONE', *, *, #622, .F. ) ;
#1156 = CARTESIAN_POINT ( 'NONE',  ( -2.611642079461933883E-05, 397.5250003751405643, 27.69999999998768558 ) ) ;
#1157 = CARTESIAN_POINT ( 'NONE',  ( -24.75395547965138121, 404.2500003751405302, 17.98476573383145904 ) ) ;
#1158 = CARTESIAN_POINT ( 'NONE',  ( -30.59755072531996589, 399.5000003751405302, -2.884832165976982621E-05 ) ) ;
#1159 = CARTESIAN_POINT ( 'NONE',  ( 0.000000000000000000, 439.9998083731135807, 0.000000000000000000 ) ) ;
#1160 = CARTESIAN_POINT ( 'NONE',  ( 26.53446867593497416, 406.2607146608548874, 8.621599160586502109 ) ) ;
#1161 = VERTEX_POINT ( 'NONE', #418 ) ;
#1162 = CARTESIAN_POINT ( 'NONE',  ( -24.75392156641533603, 404.7500003751406439, -17.98481241139642250 ) ) ;
#1163 = CARTESIAN_POINT ( 'NONE',  ( -30.59755072531996944, 404.5000003751404734, -2.884832165976982621E-05 ) ) ;
#1164 = CARTESIAN_POINT ( 'NONE',  ( -24.75392156641533603, 403.8500003751406098, -17.98481241139642250 ) ) ;
#1165 = AXIS2_PLACEMENT_3D ( 'NONE', #1088, #961, #1410 ) ;
#1166 = DIRECTION ( 'NONE',  ( -0.000000000000000000, -1.000000000000000000, -0.000000000000000000 ) ) ;
#1167 = CIRCLE ( 'NONE', #35, 13.40993644393037521 ) ;
#1168 = CARTESIAN_POINT ( 'NONE',  ( 2.630498700632618160E-05, 405.5107146608548874, -27.89999999998759961 ) ) ;
#1169 = ORIENTED_EDGE ( 'NONE', *, *, #79, .F. ) ;
#1170 = CARTESIAN_POINT ( 'NONE',  ( -23.55676037105202525, 300.0000000000000000, 14.94954985345155229 ) ) ;
#1171 = CARTESIAN_POINT ( 'NONE',  ( 2.743638429692085378E-05, 405.1250003751405302, -29.09999999998706244 ) ) ;
#1172 = CARTESIAN_POINT ( 'NONE',  ( 9.455190596757663712, 405.2500003751405870, -29.09999108536541357 ) ) ;
#1173 = CARTESIAN_POINT ( 'NONE',  ( -1.293362759004552510E-14, 401.7607142981378274, 27.90000000000000213 ) ) ;
#1174 = CARTESIAN_POINT ( 'NONE',  ( 0.000000000000000000, 452.2113475735178554, 0.000000000000000000 ) ) ;
#1175 = SHAPE_DEFINITION_REPRESENTATION ( #1415, #1253 ) ;
#1176 = CARTESIAN_POINT ( 'NONE',  ( -16.28167261712252412, 397.7750003751405075, 22.40975539332909605 ) ) ;
#1177 = CC_DESIGN_APPROVAL ( #269, ( #1375 ) ) ;
#1178 = CARTESIAN_POINT ( 'NONE',  ( -9.455190596757667265, 406.5000003751404734, 29.09999108536540646 ) ) ;
#1179 = LINE ( 'NONE', #1074, #216 ) ;
#1180 = CARTESIAN_POINT ( 'NONE',  ( 9.065244983861125760, 399.9642858889213244, 27.90000000000000568 ) ) ;
#1181 = CARTESIAN_POINT ( 'NONE',  ( 17.10452864520220473, 397.7250003751405529, 23.54241066300257046 ) ) ;
#1182 = CARTESIAN_POINT ( 'NONE',  ( 24.75395547965137766, 405.5000003751405870, -17.98476573383146260 ) ) ;
#1183 = CYLINDRICAL_SURFACE ( 'NONE', #149, 27.90000000000000213 ) ;
#1184 = CARTESIAN_POINT ( 'NONE',  ( 17.10457303820452424, 400.3750003751405870, -23.54237840959843808 ) ) ;
#1185 = CARTESIAN_POINT ( 'NONE',  ( 27.51180551308149091, 397.0456756547792452, 5.613675316289176820 ) ) ;
#1186 = CARTESIAN_POINT ( 'NONE',  ( 9.516811975875954856E-15, 398.8392857267091927, -27.90000000000000568 ) ) ;
#1187 = CARTESIAN_POINT ( 'NONE',  ( 17.10457303820452424, 405.3750003751405870, -23.54237840959843808 ) ) ;
#1188 = CARTESIAN_POINT ( 'NONE',  ( 26.34427357178190121, 401.7750003751405075, -8.559745905990062909 ) ) ;
#1189 = CARTESIAN_POINT ( 'NONE',  ( -23.73317381038742013, 400.4642860894263094, 17.24312590975594262 ) ) ;
#1190 =( NAMED_UNIT ( * ) SI_UNIT ( $, .STERADIAN. ) SOLID_ANGLE_UNIT ( ) );
#1191 = EDGE_CURVE ( 'NONE', #1369, #358, #1099, .T. ) ;
#1192 = CARTESIAN_POINT ( 'NONE',  ( -9.065244983861122208, 405.3857144603499592, -27.90000000000000213 ) ) ;
#1193 = EDGE_LOOP ( 'NONE', ( #329, #219, #1354, #461 ) ) ;
#1194 = CYLINDRICAL_SURFACE ( 'NONE', #1165, 27.90000000000000213 ) ;
#1195 = CARTESIAN_POINT ( 'NONE',  ( -2.743638430048457550E-05, 401.3750003751405870, 29.09999999998706244 ) ) ;
#1196 = EDGE_CURVE ( 'NONE', #535, #522, #1167, .T. ) ;
#1197 = CARTESIAN_POINT ( 'NONE',  ( 16.28163035986601770, 404.7750003751405075, 22.40978609502306185 ) ) ;
#1198 = ORIENTED_EDGE ( 'NONE', *, *, #1276, .T. ) ;
#1199 = CARTESIAN_POINT ( 'NONE',  ( -24.75392156641533248, 398.8500003751404961, -17.98481241139642250 ) ) ;
#1200 =( NAMED_UNIT ( * ) PLANE_ANGLE_UNIT ( ) SI_UNIT ( $, .RADIAN. ) );
#1201 = CARTESIAN_POINT ( 'NONE',  ( 28.70000000000000995, 398.3785714223300261, 8.886388711305344206E-11 ) ) ;
#1202 = ORIENTED_EDGE ( 'NONE', *, *, #301, .T. ) ;
#1203 = CARTESIAN_POINT ( 'NONE',  ( -2.743638430048457550E-05, 406.3750003751405870, 29.09999999998706244 ) ) ;
#1204 = CARTESIAN_POINT ( 'NONE',  ( -9.455135723989075203, 402.5000003751405302, -29.10000891460871486 ) ) ;
#1205 = CARTESIAN_POINT ( 'NONE',  ( -24.75392156641533603, 399.7500003751405870, -17.98481241139642250 ) ) ;
#1206 = CARTESIAN_POINT ( 'NONE',  ( 9.000249469226718091, 404.9000003751405075, 27.70000848572719221 ) ) ;
#1207 = ORIENTED_EDGE ( 'NONE', *, *, #619, .T. ) ;
#1208 = DIRECTION ( 'NONE',  ( -0.000000000000000000, 1.000000000000000000, -0.000000000000000000 ) ) ;
#1209 = APPROVAL ( #1232, 'UNSPECIFIED' ) ;
#1210 = CARTESIAN_POINT ( 'NONE',  ( 9.065285829881062796, 403.1357146608548305, -27.89999145297921501 ) ) ;
#1211 = CARTESIAN_POINT ( 'NONE',  ( -1.293362759004552510E-14, 404.2607142981379411, 27.90000000000000213 ) ) ;
#1212 = DIRECTION ( 'NONE',  ( 0.000000000000000000, 1.000000000000000000, 0.000000000000000000 ) ) ;
#1213 = CARTESIAN_POINT ( 'NONE',  ( -26.34427357178190121, 400.5250003751405643, 8.559745905990061132 ) ) ;
#1214 = ORIENTED_EDGE ( 'NONE', *, *, #110, .F. ) ;
#1215 = CARTESIAN_POINT ( 'NONE',  ( 9.455190596757663712, 399.3500003751404961, -29.09999108536541357 ) ) ;
#1216 = CARTESIAN_POINT ( 'NONE',  ( -1.607351318694196311E-14, 334.9999303173929093, 131.2501955513456551 ) ) ;
#1217 = CLOSED_SHELL ( 'NONE', ( #1405, #1130, #686, #1290, #85, #26, #1358, #264, #627, #534, #7, #185, #520, #870, #1345, #832, #759, #786, #825, #1450, #942, #44, #331 ) ) ;
#1218 = EDGE_LOOP ( 'NONE', ( #1214, #1471, #296, #1207 ) ) ;
#1219 = CARTESIAN_POINT ( 'NONE',  ( -27.67575310248567533, 401.8750003751405870, 8.992368442754900215 ) ) ;
#1220 = DIRECTION ( 'NONE',  ( -1.000000000000000000, 0.000000000000000000, 0.000000000000000000 ) ) ;
#1221 = AXIS2_PLACEMENT_3D ( 'NONE', #443, #1220, #1349 ) ;
#1222 = ORIENTED_EDGE ( 'NONE', *, *, #681, .T. ) ;
#1223 = CARTESIAN_POINT ( 'NONE',  ( 27.89999999998682867, 398.6997823268810066, 4.418939367528213147 ) ) ;
#1224 =( BOUNDED_CURVE ( )  B_SPLINE_CURVE ( 2, ( #117, #578, #1029, #9, #1111, #593, #957, #380, #504, #145, #1047, #735, #728 ),
 .UNSPECIFIED., .F., .F. ) 
 B_SPLINE_CURVE_WITH_KNOTS ( ( 3, 2, 2, 2, 2, 2, 3 ),
 ( 0.6999999694893477287, 0.6999999999999999556, 0.7199999999999999734, 0.7399999999999999911, 0.7600000000000000089, 0.7800000000000000266, 0.7999999694893478175 ),
 .UNSPECIFIED. ) 
 CURVE ( )  GEOMETRIC_REPRESENTATION_ITEM ( )  RATIONAL_B_SPLINE_CURVE ( ( 0.9999998506704668166, 0.9999999253351194994, 1.000000000000000000, 0.9510565162951534202, 1.000000000000000000, 0.9510565162951534202, 1.000000000000000000, 0.9510565162951534202, 1.000000000000000000, 0.9510565162951534202, 1.000000000000000000, 0.9510565909600339207, 0.9999998506704668166 ) ) 
 REPRESENTATION_ITEM ( '' )  );
#1225 = CARTESIAN_POINT ( 'NONE',  ( 29.09999999999999432, 397.3499999937586722, 9.575511794258664746E-11 ) ) ;
#1226 = CARTESIAN_POINT ( 'NONE',  ( 17.10452864520220473, 397.7250003751405529, 23.54241066300257046 ) ) ;
#1227 = LOCAL_TIME ( 9, 43, 34.00000000000000000, #678 ) ;
#1228 = CARTESIAN_POINT ( 'NONE',  ( 16.28163035986601770, 401.5750003751405188, 22.40978609502306185 ) ) ;
#1229 = CARTESIAN_POINT ( 'NONE',  ( -9.455135723989075203, 404.1000003751405529, -29.10000891460871486 ) ) ;
#1230 = ORIENTED_EDGE ( 'NONE', *, *, #1338, .F. ) ;
#1231 = CARTESIAN_POINT ( 'NONE',  ( 9.455135723989078755, 400.3500003751404961, 29.10000891460871486 ) ) ;
#1232 = APPROVAL_STATUS ( 'not_yet_approved' ) ;
#1233 = CARTESIAN_POINT ( 'NONE',  ( -30.59755072531996944, 399.5000003751404734, -2.884832165976982621E-05 ) ) ;
#1234 = ORIENTED_EDGE ( 'NONE', *, *, #1017, .T. ) ;
#1235 = CARTESIAN_POINT ( 'NONE',  ( -9.000301702068298937, 404.4500003751404620, 27.69999151424817185 ) ) ;
#1236 = VERTEX_POINT ( 'NONE', #999 ) ;
#1237 = VECTOR ( 'NONE', #50, 1000.000000000000000 ) ;
#1238 = CARTESIAN_POINT ( 'NONE',  ( -24.75392156641533248, 401.3500003751405529, -17.98481241139642250 ) ) ;
#1239 = CARTESIAN_POINT ( 'NONE',  ( 0.000000000000000000, 0.000000000000000000, 0.000000000000000000 ) ) ;
#1240 = AXIS2_PLACEMENT_3D ( 'NONE', #1137, #1, #574 ) ;
#1241 = CARTESIAN_POINT ( 'NONE',  ( 4.784213326562435939E-15, 397.0000000000000000, -39.06606647641908125 ) ) ;
#1242 = ORIENTED_EDGE ( 'NONE', *, *, #1136, .F. ) ;
#1243 = CARTESIAN_POINT ( 'NONE',  ( -2.611642079461933883E-05, 399.3250003751405757, 27.69999999998768558 ) ) ;
#1244 = CARTESIAN_POINT ( 'NONE',  ( 9.455190596757663712, 404.3500003751404961, -29.09999108536541357 ) ) ;
#1245 = EDGE_CURVE ( 'NONE', #153, #910, #486, .T. ) ;
#1246 = EDGE_CURVE ( 'NONE', #943, #1046, #551, .T. ) ;
#1247 = ORIENTED_EDGE ( 'NONE', *, *, #877, .T. ) ;
#1248 = CARTESIAN_POINT ( 'NONE',  ( 0.000000000000000000, 300.0000000000000000, -27.90000000000000213 ) ) ;
#1249 = PERSON_AND_ORGANIZATION ( #883, #396 ) ;
#1250 = CARTESIAN_POINT ( 'NONE',  ( -2.743638430048457550E-05, 398.8750003751405870, 29.09999999998706244 ) ) ;
#1251 = CARTESIAN_POINT ( 'NONE',  ( -2.743638430048457550E-05, 398.8750003751405870, 29.09999999998706244 ) ) ;
#1252 = CARTESIAN_POINT ( 'NONE',  ( -16.28163035986601415, 400.3250003751405757, -22.40978609502306185 ) ) ;
#1253 = ADVANCED_BREP_SHAPE_REPRESENTATION ( 'Nose Tip Rev 2', ( #496, #1299 ), #89 ) ;
#1254 = CARTESIAN_POINT ( 'NONE',  ( -9.455190596757667265, 400.6000003751405529, 29.09999108536540646 ) ) ;
#1255 = ORIENTED_EDGE ( 'NONE', *, *, #1191, .T. ) ;
#1256 = CARTESIAN_POINT ( 'NONE',  ( -17.10457303820452779, 400.7250003751405529, 23.54237840959843808 ) ) ;
#1257 = CARTESIAN_POINT ( 'NONE',  ( 27.67575310248567533, 400.6250003751405302, -8.992368442754903768 ) ) ;
#1258 = CARTESIAN_POINT ( 'NONE',  ( -9.455190596757667265, 401.5000003751404734, 29.09999108536540646 ) ) ;
#1259 = CARTESIAN_POINT ( 'NONE',  ( 30.59755072531996589, 399.8500003751406098, 2.884832165602270492E-05 ) ) ;
#1260 = CARTESIAN_POINT ( 'NONE',  ( 23.56304353217674574, 405.9500003751405757, -17.11951927241002380 ) ) ;
#1261 = CARTESIAN_POINT ( 'NONE',  ( 26.53448493331101687, 406.0107146608548305, -8.621549125527897317 ) ) ;
#1262 = ORIENTED_EDGE ( 'NONE', *, *, #351, .F. ) ;
#1263 = CARTESIAN_POINT ( 'NONE',  ( 17.10452864520220473, 402.7250003751405529, 23.54241066300257046 ) ) ;
#1264 = CARTESIAN_POINT ( 'NONE',  ( -1.315249351134119899E-05, 405.0892859080678363, 27.90000000000000568 ) ) ;
#1265 = CARTESIAN_POINT ( 'NONE',  ( -17.10457303820452779, 403.2250003751405529, 23.54237840959843808 ) ) ;
#1266 = CARTESIAN_POINT ( 'NONE',  ( -26.53446867593497416, 402.5107146608548305, -8.621599160586505661 ) ) ;
#1267 = CARTESIAN_POINT ( 'NONE',  ( -2.630498700974294649E-05, 406.7607146608548305, 27.89999999998759961 ) ) ;
#1268 = VERTEX_POINT ( 'NONE', #1225 ) ;
#1269 = CARTESIAN_POINT ( 'NONE',  ( 16.28163035986601770, 397.2750003751405075, 22.40978609502306185 ) ) ;
#1270 = CARTESIAN_POINT ( 'NONE',  ( 0.000000000000000000, 397.0000000000000000, 0.000000000000000000 ) ) ;
#1271 = CARTESIAN_POINT ( 'NONE',  ( -16.39922982013423791, 405.3392860894261958, 22.57155868136757704 ) ) ;
#1272 = CIRCLE ( 'NONE', #1417, 181.2500000000000284 ) ;
#1273 = CARTESIAN_POINT ( 'NONE',  ( -17.10457303820452779, 405.7250003751405529, 23.54237840959843808 ) ) ;
#1274 = CARTESIAN_POINT ( 'NONE',  ( -1.293362759004552510E-14, 402.5892857267092495, 27.90000000000000568 ) ) ;
#1275 = CARTESIAN_POINT ( 'NONE',  ( 9.516811975875954856E-15, 400.5107142981377706, -27.90000000000000213 ) ) ;
#1276 = EDGE_CURVE ( 'NONE', #1317, #866, #78, .T. ) ;
#1277 = PRODUCT_RELATED_PRODUCT_CATEGORY ( 'detail', '', ( #163 ) ) ;
#1278 = ORIENTED_EDGE ( 'NONE', *, *, #458, .F. ) ;
#1279 = CARTESIAN_POINT ( 'NONE',  ( -9.000249469226712762, 398.6500003751405075, -27.70000848572719221 ) ) ;
#1280 = CARTESIAN_POINT ( 'NONE',  ( -17.10457303820452779, 404.1250003751405302, 23.54237840959843808 ) ) ;
#1281 = CARTESIAN_POINT ( 'NONE',  ( -24.56995405800976329, 405.8753995890329520, 15.59254172953497175 ) ) ;
#1282 = CARTESIAN_POINT ( 'NONE',  ( -17.10452864520220118, 403.9750003751405529, -23.54241066300257046 ) ) ;
#1283 = CARTESIAN_POINT ( 'NONE',  ( 3.416764569621115524E-15, 300.0000000000000000, 27.90000000000000213 ) ) ;
#1284 = CARTESIAN_POINT ( 'NONE',  ( 9.516739183971179686E-15, 405.5107142981378274, -27.90000000000000213 ) ) ;
#1285 =( BOUNDED_CURVE ( )  B_SPLINE_CURVE ( 2, ( #285, #1416, #755, #69, #60, #975, #852, #1423, #774, #400, #532, #1192, #630 ),
 .UNSPECIFIED., .F., .F. ) 
 B_SPLINE_CURVE_WITH_KNOTS ( ( 3, 2, 2, 2, 2, 2, 3 ),
 ( 0.5999999694893477509, 0.5999999999999999778, 0.6199999999999999956, 0.6400000000000000133, 0.6600000000000000311, 0.6800000000000000488, 0.6999999694893477287 ),
 .UNSPECIFIED. ) 
 CURVE ( )  GEOMETRIC_REPRESENTATION_ITEM ( )  RATIONAL_B_SPLINE_CURVE ( ( 0.9999998506704668166, 0.9999999253351194994, 1.000000000000000000, 0.9510565162951535312, 1.000000000000000000, 0.9510565162951535312, 1.000000000000000000, 0.9510565162951535312, 1.000000000000000000, 0.9510565162951535312, 1.000000000000000000, 0.9510565909600340317, 0.9999998506704668166 ) ) 
 REPRESENTATION_ITEM ( '' )  );
#1286 = ORIENTED_EDGE ( 'NONE', *, *, #3, .F. ) ;
#1287 = CARTESIAN_POINT ( 'NONE',  ( -26.34427357178190121, 398.0250003751405643, 8.559745905990061132 ) ) ;
#1288 = CARTESIAN_POINT ( 'NONE',  ( 17.10457303820452424, 402.8750003751405870, -23.54237840959843808 ) ) ;
#1289 = B_SPLINE_CURVE_WITH_KNOTS ( 'NONE', 3,
 ( #761, #1201, #656, #968 ),
 .UNSPECIFIED., .F., .F.,
 ( 4, 4 ),
 ( 0.000000000000000000, 0.8571428571428368892 ),
 .UNSPECIFIED. ) ;
#1290 = ADVANCED_FACE ( 'NONE', ( #346 ), #898, .F. ) ;
#1291 = AXIS2_PLACEMENT_3D ( 'NONE', #63, #1302, #177 ) ;
#1292 = CARTESIAN_POINT ( 'NONE',  ( 0.000000000000000000, 300.0000000000000000, -27.90000000000000213 ) ) ;
#1293 = CARTESIAN_POINT ( 'NONE',  ( 0.000000000000000000, 334.9999303173929093, 0.000000000000000000 ) ) ;
#1294 = CARTESIAN_POINT ( 'NONE',  ( -16.28163035986601415, 398.5250003751405643, -22.40978609502306185 ) ) ;
#1295 = DIRECTION ( 'NONE',  ( 0.000000000000000000, 0.000000000000000000, 1.000000000000000000 ) ) ;
#1296 = CARTESIAN_POINT ( 'NONE',  ( 70.00000000000000000, 397.0000000000000000, 0.000000000000000000 ) ) ;
#1297 = CARTESIAN_POINT ( 'NONE',  ( -24.56995436550592515, 406.7753995969943617, 15.59254124499774719 ) ) ;
#1298 = LINE ( 'NONE', #1170, #251 ) ;
#1299 = AXIS2_PLACEMENT_3D ( 'NONE', #1239, #221, #1135 ) ;
#1300 = CARTESIAN_POINT ( 'NONE',  ( 0.000000000000000000, 300.0000000000000000, 0.000000000000000000 ) ) ;
#1301 = CARTESIAN_POINT ( 'NONE',  ( 26.53446867593497416, 397.0892860894263094, 8.621599160586502109 ) ) ;
#1302 = DIRECTION ( 'NONE',  ( -0.000000000000000000, -1.000000000000000000, -0.000000000000000000 ) ) ;
#1303 = CARTESIAN_POINT ( 'NONE',  ( -9.455135723989075203, 405.0000003751404734, -29.10000891460871486 ) ) ;
#1304 = EDGE_CURVE ( 'NONE', #311, #423, #11, .T. ) ;
#1305 = CARTESIAN_POINT ( 'NONE',  ( 9.455135723989078755, 397.8500003751406098, 29.10000891460871486 ) ) ;
#1306 = CARTESIAN_POINT ( 'NONE',  ( 29.09999999998482423, 397.4140680411666722, 4.609001275813383813 ) ) ;
#1307 = LINE ( 'NONE', #83, #341 ) ;
#1308 = DIRECTION ( 'NONE',  ( 1.000000000000000000, 0.000000000000000000, -5.286665504627319793E-12 ) ) ;
#1309 = AXIS2_PLACEMENT_3D ( 'NONE', #408, #1331, #75 ) ;
#1310 = EDGE_LOOP ( 'NONE', ( #1286, #144, #187, #108 ) ) ;
#1311 = CARTESIAN_POINT ( 'NONE',  ( -1.315249349985495111E-05, 399.2607144794964142, 27.90000000000000568 ) ) ;
#1312 = CARTESIAN_POINT ( 'NONE',  ( 2.743638429692085378E-05, 405.1250003751405302, -29.09999999998706244 ) ) ;
#1313 = CARTESIAN_POINT ( 'NONE',  ( -9.000301702068298937, 402.6500003751405643, 27.69999151424817185 ) ) ;
#1314 = CARTESIAN_POINT ( 'NONE',  ( 0.000000000000000000, 335.0000000000000000, 0.000000000000000000 ) ) ;
#1315 = CARTESIAN_POINT ( 'NONE',  ( 2.743638429692085378E-05, 400.1250003751405302, -29.09999999998706244 ) ) ;
#1316 = CARTESIAN_POINT ( 'NONE',  ( 16.39918725777118880, 404.0107146608548305, 22.57158960473442377 ) ) ;
#1317 = VERTEX_POINT ( 'NONE', #1241 ) ;
#1318 = CARTESIAN_POINT ( 'NONE',  ( -1.293362759004552510E-14, 400.0892857267092495, 27.90000000000000568 ) ) ;
#1319 = CARTESIAN_POINT ( 'NONE',  ( -24.75392156641533603, 404.7500003751406439, -17.98481241139642250 ) ) ;
#1320 = CARTESIAN_POINT ( 'NONE',  ( -17.10452864520220118, 402.3750003751405870, -23.54241066300257046 ) ) ;
#1321 = EDGE_CURVE ( 'NONE', #291, #1236, #114, .T. ) ;
#1322 = CARTESIAN_POINT ( 'NONE',  ( 29.09999999998482423, 397.4140680411667290, 4.609001275813383813 ) ) ;
#1323 = CARTESIAN_POINT ( 'NONE',  ( -23.73314129563532404, 398.4642860894263094, -17.24317066247287045 ) ) ;
#1324 = CARTESIAN_POINT ( 'NONE',  ( 9.065244983861125760, 401.6357144603499023, 27.90000000000000213 ) ) ;
#1325 = CARTESIAN_POINT ( 'NONE',  ( -1.293362759004552510E-14, 406.7607142981378274, 27.90000000000000213 ) ) ;
#1326 = DIRECTION ( 'NONE',  ( 0.000000000000000000, 0.000000000000000000, 1.000000000000000000 ) ) ;
#1327 = CARTESIAN_POINT ( 'NONE',  ( 23.73314129563532759, 399.7142860894262526, 17.24317066247286689 ) ) ;
#1328 = CARTESIAN_POINT ( 'NONE',  ( -24.75395547965138121, 404.2500003751405302, 17.98476573383145904 ) ) ;
#1329 = CARTESIAN_POINT ( 'NONE',  ( -16.28163035986601415, 403.5250003751405643, -22.40978609502306185 ) ) ;
#1330 = CARTESIAN_POINT ( 'NONE',  ( 29.09999999999999432, 397.3499999937586722, 9.575511794258664746E-11 ) ) ;
#1331 = DIRECTION ( 'NONE',  ( 0.000000000000000000, 1.000000000000000000, 0.000000000000000000 ) ) ;
#1332 = CARTESIAN_POINT ( 'NONE',  ( 0.000000000000000000, 300.0000000000000000, 0.000000000000000000 ) ) ;
#1333 = CARTESIAN_POINT ( 'NONE',  ( 17.10452864520220473, 401.1250003751405302, 23.54241066300257046 ) ) ;
#1334 = CARTESIAN_POINT ( 'NONE',  ( 27.67573614586765274, 400.8750003751405870, 8.992420629859038783 ) ) ;
#1335 = CARTESIAN_POINT ( 'NONE',  ( -17.10457303820452779, 403.2250003751405529, 23.54237840959843808 ) ) ;
#1336 = CARTESIAN_POINT ( 'NONE',  ( -27.67575310248567533, 398.4750003751405529, 8.992368442754900215 ) ) ;
#1337 = CARTESIAN_POINT ( 'NONE',  ( 27.90066653201994029, 397.0000000000001137, 1.645844281940330056 ) ) ;
#1338 = EDGE_CURVE ( 'NONE', #902, #1161, #1045, .T. ) ;
#1339 = CARTESIAN_POINT ( 'NONE',  ( 9.455135723989078755, 397.8500003751406098, 29.10000891460871486 ) ) ;
#1340 = CARTESIAN_POINT ( 'NONE',  ( 26.34427357178190121, 401.0750003751405188, -8.559745905990062909 ) ) ;
#1341 = CARTESIAN_POINT ( 'NONE',  ( 17.10457303820452424, 402.8750003751405870, -23.54237840959843808 ) ) ;
#1342 = CARTESIAN_POINT ( 'NONE',  ( 17.10452864520220473, 400.2250003751405529, 23.54241066300257046 ) ) ;
#1343 = CARTESIAN_POINT ( 'NONE',  ( 27.67575310248567533, 402.2250003751405529, -8.992368442754903768 ) ) ;
#1344 = PERSON_AND_ORGANIZATION_ROLE ( 'classification_officer' ) ;
#1345 = ADVANCED_FACE ( 'NONE', ( #840, #1408 ), #603, .T. ) ;
#1346 = CARTESIAN_POINT ( 'NONE',  ( -17.10452864520220118, 399.8750003751405870, -23.54241066300257046 ) ) ;
#1347 = ORIENTED_EDGE ( 'NONE', *, *, #736, .T. ) ;
#1348 = CARTESIAN_POINT ( 'NONE',  ( 16.28167261712252056, 400.8250003751405757, -22.40975539332909605 ) ) ;
#1349 = DIRECTION ( 'NONE',  ( 0.000000000000000000, 0.000000000000000000, 1.000000000000000000 ) ) ;
#1350 = ORIENTED_EDGE ( 'NONE', *, *, #984, .F. ) ;
#1351 = CARTESIAN_POINT ( 'NONE',  ( 9.455135723989078755, 405.3500003751405529, 29.10000891460871486 ) ) ;
#1352 = DATE_TIME_ROLE ( 'creation_date' ) ;
#1353 = CARTESIAN_POINT ( 'NONE',  ( -9.455190596757667265, 399.0000003751405302, 29.09999108536540646 ) ) ;
#1354 = ORIENTED_EDGE ( 'NONE', *, *, #619, .F. ) ;
#1355 = CARTESIAN_POINT ( 'NONE',  ( -9.455190596757667265, 399.0000003751405870, 29.09999108536540646 ) ) ;
#1356 = CARTESIAN_POINT ( 'NONE',  ( 26.34425743094618610, 398.8250003751405757, 8.559795582374411183 ) ) ;
#1357 = EDGE_CURVE ( 'NONE', #242, #857, #683, .T. ) ;
#1358 = ADVANCED_FACE ( 'NONE', ( #1143 ), #1049, .F. ) ;
#1359 = CARTESIAN_POINT ( 'NONE',  ( -17.10452864520220118, 401.4750003751405529, -23.54241066300257046 ) ) ;
#1360 = ORIENTED_EDGE ( 'NONE', *, *, #985, .F. ) ;
#1361 = CIRCLE ( 'NONE', #193, 7.000000000000000000 ) ;
#1362 = CARTESIAN_POINT ( 'NONE',  ( -24.75395547965138121, 400.8500003751404961, 17.98476573383145904 ) ) ;
#1363 = APPROVAL_ROLE ( '' ) ;
#1364 = AXIS2_PLACEMENT_3D ( 'NONE', #865, #530, #754 ) ;
#1365 = CARTESIAN_POINT ( 'NONE',  ( 9.455135723989078755, 401.2500003751405870, 29.10000891460871486 ) ) ;
#1366 = CARTESIAN_POINT ( 'NONE',  ( 17.10457303820452424, 401.9750003751405529, -23.54237840959843808 ) ) ;
#1367 = CARTESIAN_POINT ( 'NONE',  ( 2.611642079122706675E-05, 405.5750003751405757, -27.69999999998768558 ) ) ;
#1368 = DIRECTION ( 'NONE',  ( -0.000000000000000000, 1.000000000000000000, -0.000000000000000000 ) ) ;
#1369 = VERTEX_POINT ( 'NONE', #43 ) ;
#1370 = CARTESIAN_POINT ( 'NONE',  ( -9.455190596757667265, 403.1000003751404961, 29.09999108536540646 ) ) ;
#1371 = CARTESIAN_POINT ( 'NONE',  ( -27.67575310248567533, 401.8750003751405870, 8.992368442754900215 ) ) ;
#1372 = CARTESIAN_POINT ( 'NONE',  ( 27.67573614586765274, 403.3750003751405870, 8.992420629859038783 ) ) ;
#1373 = CARTESIAN_POINT ( 'NONE',  ( 17.10452864520220473, 402.7250003751405529, 23.54241066300257046 ) ) ;
#1374 = CARTESIAN_POINT ( 'NONE',  ( 16.28163035986601770, 404.0750003751405757, 22.40978609502306185 ) ) ;
#1375 = PRODUCT_DEFINITION_FORMATION_WITH_SPECIFIED_SOURCE ( 'ANY', '', #163, .NOT_KNOWN. ) ;
#1376 = CARTESIAN_POINT ( 'NONE',  ( 29.33579605623462072, 401.9642860894263663, 2.765870014443415402E-05 ) ) ;
#1377 = ORIENTED_EDGE ( 'NONE', *, *, #718, .T. ) ;
#1378 = CARTESIAN_POINT ( 'NONE',  ( 9.455190596757663712, 404.3500003751404961, -29.09999108536541357 ) ) ;
#1379 = CARTESIAN_POINT ( 'NONE',  ( -2.743638430048457550E-05, 406.3750003751405870, 29.09999999998706244 ) ) ;
#1380 = CARTESIAN_POINT ( 'NONE',  ( 24.75392156641533958, 405.1000003751404961, 17.98481241139641895 ) ) ;
#1381 = CARTESIAN_POINT ( 'NONE',  ( -29.33579605623461362, 402.3857146608547737, -2.765870014802674262E-05 ) ) ;
#1382 =( BOUNDED_CURVE ( )  B_SPLINE_CURVE ( 2, ( #709, #1398, #1267, #820, #383, #143, #606 ),
 .UNSPECIFIED., .F., .F. ) 
 B_SPLINE_CURVE_WITH_KNOTS ( ( 3, 2, 2, 3 ),
 ( 0.7999999694893478175, 0.8000000000000000444, 0.8199999999999999512, 0.8319841703338742844 ),
 .UNSPECIFIED. ) 
 CURVE ( )  GEOMETRIC_REPRESENTATION_ITEM ( )  RATIONAL_B_SPLINE_CURVE ( ( 0.9999998506704668166, 0.9999999253351194994, 1.000000000000000000, 0.9510565162951535312, 1.000000000000000000, 0.9706726477273959208, 0.9764916939624341818 ) ) 
 REPRESENTATION_ITEM ( '' )  );
#1383 = FACE_OUTER_BOUND ( 'NONE', #101, .T. ) ;
#1384 = ORIENTED_EDGE ( 'NONE', *, *, #351, .T. ) ;
#1385 = CARTESIAN_POINT ( 'NONE',  ( -23.56304353217674930, 397.9000003751406211, 17.11951927241002025 ) ) ;
#1386 = CARTESIAN_POINT ( 'NONE',  ( 30.59755072531996589, 403.2500003751405870, 2.884832165602270492E-05 ) ) ;
#1387 = CARTESIAN_POINT ( 'NONE',  ( -21.59551958237709357, 406.6983877789367625, 20.27950828496594227 ) ) ;
#1388 = CARTESIAN_POINT ( 'NONE',  ( 2.743638429692085378E-05, 401.7250003751405529, -29.09999999998706244 ) ) ;
#1389 = CARTESIAN_POINT ( 'NONE',  ( -23.73317381038741658, 402.1357146608548305, 17.24312590975593906 ) ) ;
#1390 = CC_DESIGN_PERSON_AND_ORGANIZATION_ASSIGNMENT ( #998, #698, ( #1375 ) ) ;
#1391 = CARTESIAN_POINT ( 'NONE',  ( 9.516884767780728448E-15, 401.3392857267092495, -27.90000000000000568 ) ) ;
#1392 = AXIS2_PLACEMENT_3D ( 'NONE', #378, #128, #248 ) ;
#1393 = ORIENTED_EDGE ( 'NONE', *, *, #405, .T. ) ;
#1394 = CARTESIAN_POINT ( 'NONE',  ( 27.69999999999999218, 396.8999999937586267, 9.114858694055276065E-11 ) ) ;
#1395 = CARTESIAN_POINT ( 'NONE',  ( 24.75392156641533603, 403.5000003751403597, 17.98481241139641895 ) ) ;
#1396 = CARTESIAN_POINT ( 'NONE',  ( 24.75392156641533958, 400.1000003751404392, 17.98481241139641895 ) ) ;
#1397 = DIRECTION ( 'NONE',  ( 0.000000000000000000, 0.000000000000000000, -1.000000000000000000 ) ) ;
#1398 = CARTESIAN_POINT ( 'NONE',  ( -1.315249351134119899E-05, 406.7607144794963574, 27.90000000000000213 ) ) ;
#1399 = ORIENTED_EDGE ( 'NONE', *, *, #908, .T. ) ;
#1400 = EDGE_CURVE ( 'NONE', #286, #1161, #235, .T. ) ;
#1401 = CARTESIAN_POINT ( 'NONE',  ( -2.630498700974294649E-05, 405.0892860894263094, 27.89999999998759961 ) ) ;
#1402 = CARTESIAN_POINT ( 'NONE',  ( 9.455190596757663712, 400.2500003751405302, -29.09999108536541357 ) ) ;
#1403 = DIRECTION ( 'NONE',  ( -0.5358261596218358846, 0.000000000000000000, -0.8443283287115947999 ) ) ;
#1404 = CARTESIAN_POINT ( 'NONE',  ( 9.065285829881064572, 401.4642860894263094, -27.89999145297922922 ) ) ;
#1405 = ADVANCED_FACE ( 'NONE', ( #872 ), #1183, .F. ) ;
#1406 = COORDINATED_UNIVERSAL_TIME_OFFSET ( 12, 0, .AHEAD. ) ;
#1407 = CARTESIAN_POINT ( 'NONE',  ( -2.611642079461933883E-05, 400.0250003751405643, 27.69999999998768558 ) ) ;
#1408 = FACE_OUTER_BOUND ( 'NONE', #1038, .T. ) ;
#1409 = EDGE_CURVE ( 'NONE', #950, #795, #1307, .T. ) ;
#1410 = DIRECTION ( 'NONE',  ( 0.000000000000000000, 0.000000000000000000, -1.000000000000000000 ) ) ;
#1411 = CARTESIAN_POINT ( 'NONE',  ( 27.69999999998556106, 396.9640680411667404, 4.387262382818925666 ) ) ;
#1412 = VECTOR ( 'NONE', #1368, 1000.000000000000000 ) ;
#1413 = CARTESIAN_POINT ( 'NONE',  ( -24.56995436550592515, 406.7753995969943617, 15.59254124499774719 ) ) ;
#1414 = DIRECTION ( 'NONE',  ( -5.286665504627319793E-12, 0.000000000000000000, -1.000000000000000000 ) ) ;
#1415 = PRODUCT_DEFINITION_SHAPE ( 'NONE', 'NONE',  #1067 ) ;
#1416 = CARTESIAN_POINT ( 'NONE',  ( -1.315249351134119899E-05, 404.2607144794964142, 27.90000000000000213 ) ) ;
#1417 = AXIS2_PLACEMENT_3D ( 'NONE', #1437, #204, #662 ) ;
#1418 = FACE_OUTER_BOUND ( 'NONE', #1193, .T. ) ;
#1419 = CARTESIAN_POINT ( 'NONE',  ( -9.455190596757667265, 398.1000003751404392, 29.09999108536540646 ) ) ;
#1420 = CC_DESIGN_APPROVAL ( #1209, ( #548 ) ) ;
#1421 = CARTESIAN_POINT ( 'NONE',  ( 1.099604936003101031E-14, 397.5892857267091927, 27.90000000000000213 ) ) ;
#1422 = PLANE ( 'NONE',  #533 ) ;
#1423 = CARTESIAN_POINT ( 'NONE',  ( -29.33579605623461362, 404.8857146608548305, -2.765870014802674262E-05 ) ) ;
#1424 = EDGE_LOOP ( 'NONE', ( #608, #986, #1350, #411, #1155, #1028, #1242, #642, #969, #137, #1110 ) ) ;
#1425 = CARTESIAN_POINT ( 'NONE',  ( -9.065244983861122208, 400.3857144603498455, -27.90000000000000213 ) ) ;
#1426 = CARTESIAN_POINT ( 'NONE',  ( 9.455135723989078755, 403.7500003751405302, 29.10000891460871486 ) ) ;
#1427 = CARTESIAN_POINT ( 'NONE',  ( 9.455135723989078755, 401.2500003751405870, 29.10000891460871486 ) ) ;
#1428 = CARTESIAN_POINT ( 'NONE',  ( 24.75392156641533958, 397.6000003751404961, 17.98481241139641895 ) ) ;
#1429 = ORIENTED_EDGE ( 'NONE', *, *, #140, .T. ) ;
#1430 = B_SPLINE_CURVE_WITH_KNOTS ( 'NONE', 3,
 ( #1297, #231, #322, #97 ),
 .UNSPECIFIED., .F., .F.,
 ( 4, 4 ),
 ( 0.000000000000000000, 1.000000000000000000 ),
 .UNSPECIFIED. ) ;
#1431 = DIRECTION ( 'NONE',  ( 1.000000000000000000, 0.000000000000000000, 1.224646799147353207E-16 ) ) ;
#1432 = EDGE_LOOP ( 'NONE', ( #228, #792, #1169, #1278, #249 ) ) ;
#1433 = CARTESIAN_POINT ( 'NONE',  ( 2.630498700632618160E-05, 398.8392860894261958, -27.89999999998759961 ) ) ;
#1434 = AXIS2_PLACEMENT_3D ( 'NONE', #846, #833, #1295 ) ;
#1435 = CARTESIAN_POINT ( 'NONE',  ( -26.34425743094618610, 400.7750003751405075, -8.559795582374414735 ) ) ;
#1436 = AXIS2_PLACEMENT_3D ( 'NONE', #1216, #1431, #964 ) ;
#1437 = CARTESIAN_POINT ( 'NONE',  ( -1.607348923880901344E-14, 335.0000000000000000, 131.2500000000000000 ) ) ;
#1438 = DIRECTION ( 'NONE',  ( -0.000000000000000000, -1.000000000000000000, -0.000000000000000000 ) ) ;
#1439 = CARTESIAN_POINT ( 'NONE',  ( -1.293362759004552510E-14, 404.2607142981379411, 27.90000000000000213 ) ) ;
#1440 = EDGE_LOOP ( 'NONE', ( #1062, #830, #1377, #636 ) ) ;
#1441 = PLANE ( 'NONE',  #843 ) ;
#1442 = CARTESIAN_POINT ( 'NONE',  ( 27.67573614586765274, 397.4750003751405529, 8.992420629859038783 ) ) ;
#1443 = ORIENTED_EDGE ( 'NONE', *, *, #1245, .T. ) ;
#1444 = CARTESIAN_POINT ( 'NONE',  ( -24.75395547965138121, 398.3500003751406098, 17.98476573383145904 ) ) ;
#1445 = LINE ( 'NONE', #184, #488 ) ;
#1446 = CARTESIAN_POINT ( 'NONE',  ( 24.75392156641533958, 397.6000003751404961, 17.98481241139641895 ) ) ;
#1447 = CARTESIAN_POINT ( 'NONE',  ( 17.10457303820452424, 399.4750003751405529, -23.54237840959843808 ) ) ;
#1448 = ORIENTED_EDGE ( 'NONE', *, *, #1357, .F. ) ;
#1449 = APPROVAL_DATE_TIME ( #438, #269 ) ;
#1450 = ADVANCED_FACE ( 'NONE', ( #399 ), #1422, .F. ) ;
#1451 = CYLINDRICAL_SURFACE ( 'NONE', #1015, 27.90000000000000213 ) ;
#1452 = CARTESIAN_POINT ( 'NONE',  ( -27.67573614586765274, 402.1250003751405302, -8.992420629859042336 ) ) ;
#1453 = CARTESIAN_POINT ( 'NONE',  ( 24.75392156641533958, 400.1000003751404392, 17.98481241139641895 ) ) ;
#1454 = VERTEX_POINT ( 'NONE', #183 ) ;
#1455 = CARTESIAN_POINT ( 'NONE',  ( 27.67575310248567533, 399.7250003751405529, -8.992368442754903768 ) ) ;
#1456 = PERSON_AND_ORGANIZATION ( #883, #396 ) ;
#1457 = CARTESIAN_POINT ( 'NONE',  ( 0.000000000000000000, 439.9998083731135807, 0.000000000000000000 ) ) ;
#1458 = CARTESIAN_POINT ( 'NONE',  ( -27.67573614586765274, 398.7250003751405529, -8.992420629859042336 ) ) ;
#1459 = EDGE_CURVE ( 'NONE', #584, #821, #445, .T. ) ;
#1460 = CARTESIAN_POINT ( 'NONE',  ( 17.10452864520220473, 398.6250003751405302, 23.54241066300257046 ) ) ;
#1461 = CARTESIAN_POINT ( 'NONE',  ( -29.12550361138704602, 404.9500003751404620, -2.746042989606955638E-05 ) ) ;
#1462 = EDGE_CURVE ( 'NONE', #766, #943, #863, .T. ) ;
#1463 = CARTESIAN_POINT ( 'NONE',  ( -21.59551934179344812, 405.7983877750052670, 20.27950845976053884 ) ) ;
#1464 = ORIENTED_EDGE ( 'NONE', *, *, #877, .F. ) ;
#1465 = CARTESIAN_POINT ( 'NONE',  ( -17.10452864520220118, 403.9750003751405529, -23.54241066300257046 ) ) ;
#1466 = CALENDAR_DATE ( 2026, 1, 10 ) ;
#1467 = CARTESIAN_POINT ( 'NONE',  ( -24.75395547965138121, 399.2500003751405870, 17.98476573383145904 ) ) ;
#1468 = CARTESIAN_POINT ( 'NONE',  ( -2.743638430048457550E-05, 397.9750003751405529, 29.09999999998706244 ) ) ;
#1469 = CARTESIAN_POINT ( 'NONE',  ( 9.000301702068291831, 400.7000003751405757, -27.69999151424818251 ) ) ;
#1470 = CARTESIAN_POINT ( 'NONE',  ( -9.455190596757667265, 405.6000003751404392, 29.09999108536540646 ) ) ;
#1471 = ORIENTED_EDGE ( 'NONE', *, *, #568, .F. ) ;
#1472 = CARTESIAN_POINT ( 'NONE',  ( -17.10457303820452779, 405.7250003751405529, 23.54237840959843808 ) ) ;
#1473 = APPLICATION_PROTOCOL_DEFINITION ( 'international standard', 'config_control_design', 1994, #1012 ) ;
ENDSEC;
END-ISO-10303-21;
