ISO-10303-21;
HEADER;
FILE_DESCRIPTION (( 'STEP AP203' ),
    '1' );
FILE_NAME ('Wing - Top Part.step',
    '2026-09-29T04:50:20',
    ( '' ),
    ( '' ),
    '',
    '',
    '' );
FILE_SCHEMA (( 'CONFIG_CONTROL_DESIGN' ));
ENDSEC;

DATA;
#1 = CARTESIAN_POINT ( 'NONE',  ( 185.0000000000000568, 70.77671766330340120, -2.028358082342279545 ) ) ;
#2 = ORIENTED_EDGE ( 'NONE', *, *, #579, .T. ) ;
#3 = CARTESIAN_POINT ( 'NONE',  ( 100.0234286269626978, 128.9999999999999432, -6.712300400060110306 ) ) ;
#4 = DIRECTION ( 'NONE',  ( 0.000000000000000000, 0.000000000000000000, 1.000000000000000000 ) ) ;
#5 = EDGE_LOOP ( 'NONE', ( #91, #1194, #1331, #1683 ) ) ;
#6 = CARTESIAN_POINT ( 'NONE',  ( 64.00000000000005684, 152.1318062554275912, -4.758478141817259477 ) ) ;
#7 = LINE ( 'NONE', #635, #275 ) ;
#8 = ADVANCED_FACE ( 'NONE', ( #327 ), #1645, .F. ) ;
#9 = CC_DESIGN_SECURITY_CLASSIFICATION ( #1153, ( #387 ) ) ;
#10 = ORIENTED_EDGE ( 'NONE', *, *, #35, .F. ) ;
#11 = CARTESIAN_POINT ( 'NONE',  ( 64.00000000000005684, 131.4247822930463769, -7.532929783100005494 ) ) ;
#12 = ORIENTED_EDGE ( 'NONE', *, *, #1070, .F. ) ;
#13 = CARTESIAN_POINT ( 'NONE',  ( 75.00000000000007105, 129.0000000000000000, -4.700000000000002842 ) ) ;
#14 = CARTESIAN_POINT ( 'NONE',  ( 173.6274938547086890, 135.5870589693391537, 4.576371415529357556 ) ) ;
#15 = FACE_OUTER_BOUND ( 'NONE', #84, .T. ) ;
#16 = DIRECTION ( 'NONE',  ( 0.000000000000000000, 1.000000000000000000, 0.000000000000000000 ) ) ;
#17 = CARTESIAN_POINT ( 'NONE',  ( 171.4374028863265949, 136.4217052908473420, 2.764441030138624633 ) ) ;
#18 = EDGE_CURVE ( 'NONE', #161, #1162, #1234, .T. ) ;
#19 = ORIENTED_EDGE ( 'NONE', *, *, #1281, .F. ) ;
#20 = ADVANCED_FACE ( 'NONE', ( #773 ), #1372, .F. ) ;
#21 = CARTESIAN_POINT ( 'NONE',  ( 64.00000000000005684, 78.68415546129544680, -4.157044382679838002 ) ) ;
#22 = ORIENTED_EDGE ( 'NONE', *, *, #342, .F. ) ;
#23 = CARTESIAN_POINT ( 'NONE',  ( 174.7120713194312884, 139.8041578086537982, -2.500000000000015987 ) ) ;
#24 = VECTOR ( 'NONE', #1340, 1000.000000000000000 ) ;
#25 = DIRECTION ( 'NONE',  ( 0.000000000000000000, 0.000000000000000000, -1.000000000000000000 ) ) ;
#26 = CIRCLE ( 'NONE', #1105, 0.8999999999999980238 ) ;
#27 = CARTESIAN_POINT ( 'NONE',  ( 196.7180000000000177, 140.0000000000000000, -8.318000000000006722 ) ) ;
#28 = CARTESIAN_POINT ( 'NONE',  ( 171.7173977081075691, 133.5573616519350821, 3.594815968908142256 ) ) ;
#29 = VECTOR ( 'NONE', #4, 1000.000000000000000 ) ;
#30 = AXIS2_PLACEMENT_3D ( 'NONE', #725, #1317, #1904 ) ;
#31 = B_SPLINE_CURVE_WITH_KNOTS ( 'NONE', 3,
 ( #52, #1086, #938, #796, #510, #648, #1371, #1247 ),
 .UNSPECIFIED., .F., .F.,
 ( 4, 2, 2, 4 ),
 ( 0.000000000000000000, 0.05405041940614781215, 0.08107562910922172517, 0.1081008388122956243 ),
 .UNSPECIFIED. ) ;
#32 = ORIENTED_EDGE ( 'NONE', *, *, #1190, .F. ) ;
#33 = CARTESIAN_POINT ( 'NONE',  ( 185.0000000000000568, 68.68716713147045994, 1.770301416531977479 ) ) ;
#34 = ORIENTED_EDGE ( 'NONE', *, *, #1915, .T. ) ;
#35 = EDGE_CURVE ( 'NONE', #593, #1441, #1664, .T. ) ;
#36 = CARTESIAN_POINT ( 'NONE',  ( 174.3489011401844948, 139.6142493991755487, -2.500000000000016431 ) ) ;
#37 = DIRECTION ( 'NONE',  ( 0.000000000000000000, -1.000000000000000000, 0.000000000000000000 ) ) ;
#38 = ORIENTED_EDGE ( 'NONE', *, *, #1616, .F. ) ;
#39 = LINE ( 'NONE', #1780, #737 ) ;
#40 = CARTESIAN_POINT ( 'NONE',  ( 173.6188347722523702, 138.9005863772480893, 2.499999999999988454 ) ) ;
#41 = LINE ( 'NONE', #942, #309 ) ;
#42 = ORIENTED_EDGE ( 'NONE', *, *, #1131, .T. ) ;
#43 = CARTESIAN_POINT ( 'NONE',  ( 171.3586565155513028, 136.9414983574180837, 2.549723688778094743 ) ) ;
#44 = EDGE_CURVE ( 'NONE', #625, #1895, #930, .T. ) ;
#45 = DIRECTION ( 'NONE',  ( 0.000000000000000000, -1.000000000000000000, 0.000000000000000000 ) ) ;
#46 = CARTESIAN_POINT ( 'NONE',  ( 75.00000000000007105, 135.0000000000000000, -5.600000000000000533 ) ) ;
#47 = FACE_OUTER_BOUND ( 'NONE', #1883, .T. ) ;
#48 = SHAPE_DEFINITION_REPRESENTATION ( #1799, #591 ) ;
#49 = CARTESIAN_POINT ( 'NONE',  ( 174.0293892763593249, 128.9482275802922970, -5.825769744328178845 ) ) ;
#50 = CARTESIAN_POINT ( 'NONE',  ( 64.00000000000000000, 108.9724217702747495, 7.044260820953669899 ) ) ;
#51 = CYLINDRICAL_SURFACE ( 'NONE', #735, 4.000000000000004441 ) ;
#52 = CARTESIAN_POINT ( 'NONE',  ( 64.00000000000005684, 128.9999999947331162, 7.562559331487632264 ) ) ;
#53 = CARTESIAN_POINT ( 'NONE',  ( 110.0000000000000426, 135.0000000000000000, -4.700000000000002842 ) ) ;
#54 = EDGE_CURVE ( 'NONE', #422, #1327, #430, .T. ) ;
#55 = CARTESIAN_POINT ( 'NONE',  ( 110.0000000000000426, 135.0000000000000000, 4.700000000000002842 ) ) ;
#56 = COORDINATED_UNIVERSAL_TIME_OFFSET ( 12, 0, .AHEAD. ) ;
#57 = AXIS2_PLACEMENT_3D ( 'NONE', #317, #1810, #189 ) ;
#58 = ADVANCED_FACE ( 'NONE', ( #1498 ), #947, .F. ) ;
#59 = AXIS2_PLACEMENT_3D ( 'NONE', #1889, #989, #1168 ) ;
#60 = FACE_OUTER_BOUND ( 'NONE', #1743, .T. ) ;
#61 = AXIS2_PLACEMENT_3D ( 'NONE', #1637, #783, #311 ) ;
#62 = DIRECTION ( 'NONE',  ( 0.000000000000000000, 1.000000000000000000, 0.000000000000000000 ) ) ;
#63 = DIRECTION ( 'NONE',  ( 0.000000000000000000, 0.000000000000000000, -1.000000000000000000 ) ) ;
#64 = DIRECTION ( 'NONE',  ( 0.000000000000000000, -1.000000000000000000, 0.000000000000000000 ) ) ;
#65 = CARTESIAN_POINT ( 'NONE',  ( 173.8783862216965019, 131.8727761037843038, 5.402739950927822221 ) ) ;
#66 = ORIENTED_EDGE ( 'NONE', *, *, #1627, .T. ) ;
#67 = ORIENTED_EDGE ( 'NONE', *, *, #1131, .F. ) ;
#68 = DIRECTION ( 'NONE',  ( 0.000000000000000000, -1.000000000000000000, 0.000000000000000000 ) ) ;
#69 = CARTESIAN_POINT ( 'NONE',  ( 64.00000000000000000, 52.00000000000000000, 0.3000000000000016542 ) ) ;
#70 = CARTESIAN_POINT ( 'NONE',  ( 190.0000000000001137, 140.0000000000000000, 14.49999999999998579 ) ) ;
#71 = LINE ( 'NONE', #1432, #1697 ) ;
#72 = DIRECTION ( 'NONE',  ( 0.000000000000000000, 0.000000000000000000, -1.000000000000000000 ) ) ;
#73 = APPROVAL_STATUS ( 'not_yet_approved' ) ;
#74 = ORIENTED_EDGE ( 'NONE', *, *, #408, .T. ) ;
#75 = CARTESIAN_POINT ( 'NONE',  ( 196.7180000000000177, 140.0000000000000000, -6.718000000000015959 ) ) ;
#76 = EDGE_CURVE ( 'NONE', #1390, #625, #402, .T. ) ;
#77 = DIRECTION ( 'NONE',  ( 0.000000000000000000, 1.000000000000000000, 0.000000000000000000 ) ) ;
#78 = FACE_OUTER_BOUND ( 'NONE', #1888, .T. ) ;
#79 = ADVANCED_FACE ( 'NONE', ( #789 ), #1802, .F. ) ;
#80 = LINE ( 'NONE', #1146, #1454 ) ;
#81 = DIRECTION ( 'NONE',  ( 1.000000000000000000, 0.000000000000000000, 0.000000000000000000 ) ) ;
#82 = CARTESIAN_POINT ( 'NONE',  ( 190.0000000000001137, 140.0000000000000000, 0.000000000000000000 ) ) ;
#83 = COORDINATED_UNIVERSAL_TIME_OFFSET ( 12, 0, .AHEAD. ) ;
#84 = EDGE_LOOP ( 'NONE', ( #302, #34, #1355, #1626 ) ) ;
#85 = CARTESIAN_POINT ( 'NONE',  ( 173.1425493389008352, 136.2488303607810280, -2.710797290685323269 ) ) ;
#86 = VECTOR ( 'NONE', #25, 1000.000000000000000 ) ;
#87 = AXIS2_PLACEMENT_3D ( 'NONE', #582, #1646, #623 ) ;
#88 = CYLINDRICAL_SURFACE ( 'NONE', #119, 0.8999999999999980238 ) ;
#89 = AXIS2_PLACEMENT_3D ( 'NONE', #1682, #501, #780 ) ;
#90 = DIRECTION ( 'NONE',  ( 0.000000000000000000, 0.000000000000000000, -1.000000000000000000 ) ) ;
#91 = ORIENTED_EDGE ( 'NONE', *, *, #1737, .F. ) ;
#92 = DIRECTION ( 'NONE',  ( 0.000000000000000000, 0.000000000000000000, -1.000000000000000000 ) ) ;
#93 = DIRECTION ( 'NONE',  ( 0.000000000000000000, -1.000000000000000000, 0.000000000000000000 ) ) ;
#94 = VERTEX_POINT ( 'NONE', #1059 ) ;
#95 = ORIENTED_EDGE ( 'NONE', *, *, #1084, .T. ) ;
#96 = FACE_OUTER_BOUND ( 'NONE', #170, .T. ) ;
#97 = DIRECTION ( 'NONE',  ( 0.000000000000000000, 1.000000000000000000, 0.000000000000000000 ) ) ;
#98 = CARTESIAN_POINT ( 'NONE',  ( 174.0270247341479433, 129.0000000000028990, 5.819283560411656175 ) ) ;
#99 = EDGE_LOOP ( 'NONE', ( #74, #1623 ) ) ;
#100 = LOCAL_TIME ( 17, 50, 20.00000000000000000, #959 ) ;
#101 = CARTESIAN_POINT ( 'NONE',  ( 174.1787862657517962, 139.4971337321255760, 2.500000000000015543 ) ) ;
#102 = EDGE_CURVE ( 'NONE', #295, #1868, #918, .T. ) ;
#103 = ORIENTED_EDGE ( 'NONE', *, *, #787, .T. ) ;
#104 = CARTESIAN_POINT ( 'NONE',  ( 64.00000000000005684, 145.0000000000000000, 0.000000000000000000 ) ) ;
#105 = FACE_OUTER_BOUND ( 'NONE', #1098, .T. ) ;
#106 = ORIENTED_EDGE ( 'NONE', *, *, #123, .F. ) ;
#107 = LINE ( 'NONE', #1620, #1510 ) ;
#108 = CARTESIAN_POINT ( 'NONE',  ( 173.4790593703525872, 137.4999999999999716, -4.007308412345737203 ) ) ;
#109 = EDGE_LOOP ( 'NONE', ( #2, #66 ) ) ;
#110 = EDGE_LOOP ( 'NONE', ( #960, #1151, #1493, #1008 ) ) ;
#111 = ADVANCED_FACE ( 'NONE', ( #15 ), #1197, .F. ) ;
#112 = CARTESIAN_POINT ( 'NONE',  ( 173.3196990691506301, 138.4885156958490313, 2.500000000000015543 ) ) ;
#113 = AXIS2_PLACEMENT_3D ( 'NONE', #886, #1320, #1328 ) ;
#114 = CIRCLE ( 'NONE', #1512, 0.8999999999999980238 ) ;
#115 = CARTESIAN_POINT ( 'NONE',  ( 46.00000000000001421, 145.0000000000000000, 3.999999999999993339 ) ) ;
#116 = ORIENTED_EDGE ( 'NONE', *, *, #1773, .F. ) ;
#117 = VECTOR ( 'NONE', #204, 1000.000000000000000 ) ;
#118 = DIRECTION ( 'NONE',  ( -1.000000000000000000, 0.000000000000000000, 0.000000000000000000 ) ) ;
#119 = AXIS2_PLACEMENT_3D ( 'NONE', #684, #1169, #1897 ) ;
#120 = CARTESIAN_POINT ( 'NONE',  ( 173.5831503081434164, 138.8151875498935510, -2.652436561928065650 ) ) ;
#121 = ORIENTED_EDGE ( 'NONE', *, *, #934, .F. ) ;
#122 = CARTESIAN_POINT ( 'NONE',  ( 172.5658132409508880, 137.6306466628297471, 2.500000000000015987 ) ) ;
#123 = EDGE_CURVE ( 'NONE', #1506, #1724, #1167, .T. ) ;
#124 = CARTESIAN_POINT ( 'NONE',  ( 64.00000000000005684, 85.75514042015336713, -4.982971378066937795 ) ) ;
#125 = EDGE_LOOP ( 'NONE', ( #878, #1337, #1134, #1805 ) ) ;
#126 = FACE_BOUND ( 'NONE', #1026, .T. ) ;
#127 = CARTESIAN_POINT ( 'NONE',  ( 171.9942627251901968, 130.0648872797850117, 4.337773115087331988 ) ) ;
#128 = ORIENTED_EDGE ( 'NONE', *, *, #873, .F. ) ;
#129 = DIRECTION ( 'NONE',  ( 0.000000000000000000, 1.000000000000000000, 0.000000000000000000 ) ) ;
#130 = CARTESIAN_POINT ( 'NONE',  ( 183.2820000000000675, 134.9999999999999716, 8.318000000000006722 ) ) ;
#131 = CARTESIAN_POINT ( 'NONE',  ( 185.0000000000000568, 119.5692345236420522, -4.956907385402789856 ) ) ;
#132 = ORIENTED_EDGE ( 'NONE', *, *, #972, .F. ) ;
#133 = EDGE_CURVE ( 'NONE', #290, #593, #226, .T. ) ;
#134 = CARTESIAN_POINT ( 'NONE',  ( 190.0000000000001137, 137.5000000000000000, 0.000000000000000000 ) ) ;
#135 = CARTESIAN_POINT ( 'NONE',  ( 173.4790593703523882, 137.5000000000000000, 4.007308412345718551 ) ) ;
#136 = ORIENTED_EDGE ( 'NONE', *, *, #1009, .F. ) ;
#137 = DIRECTION ( 'NONE',  ( 0.000000000000000000, 0.000000000000000000, 1.000000000000000000 ) ) ;
#138 = CARTESIAN_POINT ( 'NONE',  ( 196.7180000000000177, 134.9999999999999716, 8.318000000000006722 ) ) ;
#139 = EDGE_LOOP ( 'NONE', ( #580, #1598, #900, #812 ) ) ;
#140 = AXIS2_PLACEMENT_3D ( 'NONE', #1788, #1704, #694 ) ;
#141 = CARTESIAN_POINT ( 'NONE',  ( 185.0000000000000568, 83.10329487889876532, -3.384818266992523306 ) ) ;
#142 = ORIENTED_EDGE ( 'NONE', *, *, #157, .T. ) ;
#143 = CARTESIAN_POINT ( 'NONE',  ( 136.0428663347231861, 129.0000000000000000, -5.704979893654750001 ) ) ;
#144 = AXIS2_PLACEMENT_3D ( 'NONE', #964, #388, #1530 ) ;
#145 = CARTESIAN_POINT ( 'NONE',  ( 173.4323123306387231, 138.0297242391325483, 3.617387315898378919 ) ) ;
#146 = CIRCLE ( 'NONE', #838, 16.99999999999998934 ) ;
#147 = ORIENTED_EDGE ( 'NONE', *, *, #726, .T. ) ;
#148 = ORIENTED_EDGE ( 'NONE', *, *, #885, .T. ) ;
#149 = CIRCLE ( 'NONE', #211, 4.000000000000004441 ) ;
#150 = CARTESIAN_POINT ( 'NONE',  ( 170.0000000000000284, 137.3004984097191539, 2.500000000000015987 ) ) ;
#151 = CARTESIAN_POINT ( 'NONE',  ( 171.5486483782911762, 135.4765235447212888, 3.069859900188239621 ) ) ;
#152 = VERTEX_POINT ( 'NONE', #1563 ) ;
#153 = CARTESIAN_POINT ( 'NONE',  ( 185.0000000000000568, 124.0827310412428801, -4.639246162179436084 ) ) ;
#154 = ORIENTED_EDGE ( 'NONE', *, *, #1219, .F. ) ;
#155 = DIRECTION ( 'NONE',  ( 0.000000000000000000, 0.000000000000000000, 1.000000000000000000 ) ) ;
#156 = CARTESIAN_POINT ( 'NONE',  ( 64.00000000000005684, 129.0000000000000000, 0.000000000000000000 ) ) ;
#157 = EDGE_CURVE ( 'NONE', #433, #1147, #71, .T. ) ;
#158 = ORIENTED_EDGE ( 'NONE', *, *, #1190, .T. ) ;
#159 = LINE ( 'NONE', #753, #243 ) ;
#160 = CARTESIAN_POINT ( 'NONE',  ( 170.4505255130474382, 137.2162389137857019, -2.499999999999988454 ) ) ;
#161 = VERTEX_POINT ( 'NONE', #1269 ) ;
#162 = CARTESIAN_POINT ( 'NONE',  ( 64.00000000000001421, 155.6564472675776187, 3.349658474813912434 ) ) ;
#163 = ORIENTED_EDGE ( 'NONE', *, *, #427, .F. ) ;
#164 = CARTESIAN_POINT ( 'NONE',  ( 183.2820000000000675, 134.9999999999999716, 6.718000000000015959 ) ) ;
#165 = CARTESIAN_POINT ( 'NONE',  ( 172.9460897803506612, 137.9598006509932304, 1.760593637555124102 ) ) ;
#166 = CARTESIAN_POINT ( 'NONE',  ( 75.00000000000007105, 135.0000000000000000, -4.700000000000002842 ) ) ;
#167 = LINE ( 'NONE', #456, #893 ) ;
#168 = CARTESIAN_POINT ( 'NONE',  ( 196.7180000000000177, 136.0000000000000000, 6.718000000000015959 ) ) ;
#169 = EDGE_CURVE ( 'NONE', #776, #322, #1577, .T. ) ;
#170 = EDGE_LOOP ( 'NONE', ( #10, #1283, #1345, #312 ) ) ;
#171 = CARTESIAN_POINT ( 'NONE',  ( 185.0000000000000568, 60.93560298945051557, 0.7295399612527175837 ) ) ;
#172 = ORIENTED_EDGE ( 'NONE', *, *, #792, .F. ) ;
#173 = CARTESIAN_POINT ( 'NONE',  ( 176.2250226860442410, 129.0000000000000000, -2.500000000000015987 ) ) ;
#174 = CARTESIAN_POINT ( 'NONE',  ( 173.4790593703525019, 137.5000000000000853, 4.007308412345677695 ) ) ;
#175 = AXIS2_PLACEMENT_3D ( 'NONE', #1466, #1476, #1176 ) ;
#176 = ORIENTED_EDGE ( 'NONE', *, *, #1344, .F. ) ;
#177 = CIRCLE ( 'NONE', #1042, 0.8999999999999980238 ) ;
#178 = DIRECTION ( 'NONE',  ( 0.000000000000000000, 0.000000000000000000, -1.000000000000000000 ) ) ;
#179 = DIRECTION ( 'NONE',  ( 0.000000000000000000, 0.000000000000000000, 1.000000000000000000 ) ) ;
#180 = AXIS2_PLACEMENT_3D ( 'NONE', #238, #93, #1585 ) ;
#181 =( BOUNDED_SURFACE ( )  B_SPLINE_SURFACE ( 3, 2, ( 
 ( #108, #1138, #832 ),
 ( #1289, #1297, #1564 ),
 ( #562, #985, #1742 ),
 ( #1423, #689, #418 ),
 ( #843, #1593, #551 ),
 ( #858, #1734, #1448 ),
 ( #120, #713, #1305 ),
 ( #1282, #1157, #1867 ) ),
 .UNSPECIFIED., .F., .F., .T. ) 
 B_SPLINE_SURFACE_WITH_KNOTS ( ( 4, 2, 2, 4 ),
 ( 3, 3 ),
 ( 0.02701536304827075602, 0.02858419330973654277, 0.02936860844046943614, 0.03015302357120233298 ),
 ( 0.000000000000000000, 1.000000000000000000 ),
 .UNSPECIFIED. ) 
 GEOMETRIC_REPRESENTATION_ITEM ( )  RATIONAL_B_SPLINE_SURFACE ( (
 ( 1.000000000000000000, 0.7567157163546962551, 1.000000000000000000),
 ( 1.000000000000000000, 0.7632425621050290543, 1.000000000000000000),
 ( 1.000000000000000000, 0.7723845923490053611, 1.000000000000000000),
 ( 1.000000000000000000, 0.7918076009845836927, 1.000000000000000000),
 ( 1.000000000000000000, 0.7991046893124400530, 1.000000000000000000),
 ( 1.000000000000000000, 0.8146804089468526744, 1.000000000000000000),
 ( 1.000000000000000000, 0.8229768132592751861, 1.000000000000000000),
 ( 1.000000000000000000, 0.8319134762214954737, 1.000000000000000000) ) ) 
 REPRESENTATION_ITEM ( '' )  SURFACE ( )  );
#182 = EDGE_CURVE ( 'NONE', #1468, #593, #1845, .T. ) ;
#183 = ORIENTED_EDGE ( 'NONE', *, *, #882, .F. ) ;
#184 = CARTESIAN_POINT ( 'NONE',  ( 185.0000000000000568, 63.47282711229699714, 1.084882000598155649 ) ) ;
#185 = ORIENTED_EDGE ( 'NONE', *, *, #247, .T. ) ;
#186 = LINE ( 'NONE', #779, #618 ) ;
#187 = CARTESIAN_POINT ( 'NONE',  ( 183.2820000000000675, 134.9999999999999716, -6.718000000000015959 ) ) ;
#188 = MANIFOLD_SOLID_BREP ( 'Cut-Extrude23', #300 ) ;
#189 = DIRECTION ( 'NONE',  ( 0.000000000000000000, 0.000000000000000000, 1.000000000000000000 ) ) ;
#190 = CARTESIAN_POINT ( 'NONE',  ( 170.0000000000000284, 137.3004984097191539, 2.500000000000015987 ) ) ;
#191 = CYLINDRICAL_SURFACE ( 'NONE', #1607, 1.599999999999990319 ) ;
#192 = CC_DESIGN_APPROVAL ( #1330, ( #1820 ) ) ;
#193 = CARTESIAN_POINT ( 'NONE',  ( 64.00000000000005684, 89.52099056137808475, 5.389241356348183132 ) ) ;
#194 = EDGE_CURVE ( 'NONE', #1750, #757, #336, .T. ) ;
#195 = CARTESIAN_POINT ( 'NONE',  ( 190.0000000000001137, 129.0000000000000000, -13.99999999999998401 ) ) ;
#196 = CARTESIAN_POINT ( 'NONE',  ( 110.0000000000000426, 135.0000000000000000, -5.600000000000000533 ) ) ;
#197 = EDGE_CURVE ( 'NONE', #1796, #422, #1212, .T. ) ;
#198 = DIRECTION ( 'NONE',  ( 0.000000000000000000, 0.000000000000000000, 1.000000000000000000 ) ) ;
#199 = FACE_BOUND ( 'NONE', #1273, .T. ) ;
#200 = CARTESIAN_POINT ( 'NONE',  ( 0.000000000000000000, 0.000000000000000000, 0.000000000000000000 ) ) ;
#201 = CARTESIAN_POINT ( 'NONE',  ( 173.5908209672049338, 136.0976799728474873, -4.443102757755036158 ) ) ;
#202 = CARTESIAN_POINT ( 'NONE',  ( 64.00000000000005684, 112.9641677284163990, 7.274393137804834097 ) ) ;
#203 = DIRECTION ( 'NONE',  ( 0.000000000000000000, 0.000000000000000000, -1.000000000000000000 ) ) ;
#204 = DIRECTION ( 'NONE',  ( 0.000000000000000000, -1.000000000000000000, 0.000000000000000000 ) ) ;
#205 = VERTEX_POINT ( 'NONE', #1401 ) ;
#206 = CARTESIAN_POINT ( 'NONE',  ( 172.4833125594885530, 129.0000000000000000, 4.468341629794107206 ) ) ;
#207 = CARTESIAN_POINT ( 'NONE',  ( 190.0000000000001137, 137.5000000000000000, -16.99999999999998579 ) ) ;
#208 = AXIS2_PLACEMENT_3D ( 'NONE', #1217, #1808, #758 ) ;
#209 = DIRECTION ( 'NONE',  ( 0.000000000000000000, 1.000000000000000000, 0.000000000000000000 ) ) ;
#210 = AXIS2_PLACEMENT_3D ( 'NONE', #55, #678, #496 ) ;
#211 = AXIS2_PLACEMENT_3D ( 'NONE', #1308, #540, #376 ) ;
#212 = DIRECTION ( 'NONE',  ( 0.000000000000000000, 0.000000000000000000, -1.000000000000000000 ) ) ;
#213 = LINE ( 'NONE', #1553, #620 ) ;
#214 = ORIENTED_EDGE ( 'NONE', *, *, #1219, .T. ) ;
#215 = CARTESIAN_POINT ( 'NONE',  ( 174.7141542867473163, 139.8050142806281144, 2.500000000000016431 ) ) ;
#216 = LINE ( 'NONE', #1546, #1604 ) ;
#217 = EDGE_CURVE ( 'NONE', #1295, #1501, #1727, .T. ) ;
#218 = APPLICATION_PROTOCOL_DEFINITION ( 'international standard', 'config_control_design', 1994, #1213 ) ;
#219 = ORIENTED_EDGE ( 'NONE', *, *, #908, .T. ) ;
#220 = DIRECTION ( 'NONE',  ( 0.000000000000000000, -1.000000000000000000, 0.000000000000000000 ) ) ;
#221 = EDGE_CURVE ( 'NONE', #94, #1517, #1183, .T. ) ;
#222 = DIRECTION ( 'NONE',  ( 0.000000000000000000, 0.000000000000000000, -1.000000000000000000 ) ) ;
#223 = CC_DESIGN_APPROVAL ( #1798, ( #1153 ) ) ;
#224 = CARTESIAN_POINT ( 'NONE',  ( 183.2820000000000675, 136.0000000000000000, 6.718000000000015959 ) ) ;
#225 = CARTESIAN_POINT ( 'NONE',  ( 170.0000000000000284, 141.0000000000000000, 2.500000000000015987 ) ) ;
#226 = LINE ( 'NONE', #1837, #1041 ) ;
#227 = CARTESIAN_POINT ( 'NONE',  ( 173.7387411936895205, 134.0030785734102210, 4.959381965801981096 ) ) ;
#228 = APPROVAL_STATUS ( 'not_yet_approved' ) ;
#229 = ORIENTED_EDGE ( 'NONE', *, *, #1531, .F. ) ;
#230 = EDGE_LOOP ( 'NONE', ( #1465, #1779, #1513, #1322 ) ) ;
#231 = CARTESIAN_POINT ( 'NONE',  ( 171.5430499423563617, 135.5171389059613603, -3.055503634089694831 ) ) ;
#232 = EDGE_CURVE ( 'NONE', #1724, #1506, #1137, .T. ) ;
#233 = DIRECTION ( 'NONE',  ( 0.000000000000000000, 1.000000000000000000, 0.000000000000000000 ) ) ;
#234 = DIRECTION ( 'NONE',  ( 0.000000000000000000, -1.000000000000000000, 0.000000000000000000 ) ) ;
#235 = VERTEX_POINT ( 'NONE', #1127 ) ;
#236 = CARTESIAN_POINT ( 'NONE',  ( 46.00000000000001421, 95.00000000000000000, 3.999999999999993339 ) ) ;
#237 = B_SPLINE_CURVE_WITH_KNOTS ( 'NONE', 3,
 ( #1361, #325, #750, #315, #23, #36, #1487, #646, #629, #1076 ),
 .UNSPECIFIED., .F., .F.,
 ( 4, 2, 2, 2, 4 ),
 ( 0.01253638653317040372, 0.01314983654420905090, 0.01376328655524769982, 0.01437673656628634875, 0.01499018657732499593 ),
 .UNSPECIFIED. ) ;
#238 = CARTESIAN_POINT ( 'NONE',  ( 183.2820000000000675, 136.0000000000000000, -6.718000000000015959 ) ) ;
#239 = DATE_AND_TIME ( #1536, #1370 ) ;
#240 = ORIENTED_EDGE ( 'NONE', *, *, #598, .F. ) ;
#241 = CARTESIAN_POINT ( 'NONE',  ( 171.9727247175310367, 137.1511399817231052, 2.500000000000015987 ) ) ;
#242 = CIRCLE ( 'NONE', #144, 1.599999999999990319 ) ;
#243 = VECTOR ( 'NONE', #1323, 1000.000000000000000 ) ;
#244 = LINE ( 'NONE', #1570, #740 ) ;
#245 = ADVANCED_FACE ( 'NONE', ( #1732 ), #1279, .T. ) ;
#246 = CARTESIAN_POINT ( 'NONE',  ( 75.00000000000007105, 135.0000000000000000, -5.600000000000000533 ) ) ;
#247 = EDGE_CURVE ( 'NONE', #1445, #1871, #1020, .T. ) ;
#248 = VECTOR ( 'NONE', #872, 1000.000000000000000 ) ;
#249 = FACE_BOUND ( 'NONE', #99, .T. ) ;
#250 = ORIENTED_EDGE ( 'NONE', *, *, #1859, .T. ) ;
#251 = CARTESIAN_POINT ( 'NONE',  ( 173.6188347722523702, 138.9005863772480893, 2.499999999999988454 ) ) ;
#252 = CARTESIAN_POINT ( 'NONE',  ( 170.0000000000000853, 139.0813022358196918, 1.252881900729479803 ) ) ;
#253 = ORIENTED_EDGE ( 'NONE', *, *, #626, .F. ) ;
#254 = CARTESIAN_POINT ( 'NONE',  ( 174.0270247341481138, 129.0000000000000000, -5.819283560411989242 ) ) ;
#255 = EDGE_CURVE ( 'NONE', #936, #1204, #952, .T. ) ;
#256 = VERTEX_POINT ( 'NONE', #729 ) ;
#257 = DIRECTION ( 'NONE',  ( 0.000000000000000000, -1.000000000000000000, 0.000000000000000000 ) ) ;
#258 = CARTESIAN_POINT ( 'NONE',  ( 204.0000000000000284, 136.0000000000000000, -2.500000000000015987 ) ) ;
#259 = ADVANCED_FACE ( 'NONE', ( #741, #126, #1163, #274, #1599, #1446 ), #849, .T. ) ;
#260 = ORIENTED_EDGE ( 'NONE', *, *, #631, .F. ) ;
#261 = B_SPLINE_CURVE_WITH_KNOTS ( 'NONE', 3,
 ( #1789, #470, #745, #761, #6, #1179, #1351, #901, #1332, #1812, #604, #478, #328 ),
 .UNSPECIFIED., .F., .F.,
 ( 4, 1, 1, 1, 1, 1, 1, 1, 1, 1, 4 ),
 ( 0.3564340851388170250, 0.3981158618259910686, 0.4370593218643058497, 0.4670784500627876423, 0.4874746266155715047, 0.5000000000000000000, 0.5125253733844284953, 0.5329215499372124132, 0.5629406781356941503, 0.6018841381740089869, 0.6435659148611830860 ),
 .UNSPECIFIED. ) ;
#262 = CARTESIAN_POINT ( 'NONE',  ( 171.3515436630071349, 137.0475442003459250, 2.499999999999988454 ) ) ;
#263 = B_SPLINE_CURVE_WITH_KNOTS ( 'NONE', 3,
 ( #1662, #1672, #43, #1237 ),
 .UNSPECIFIED., .F., .F.,
 ( 4, 4 ),
 ( 0.000000000000000000, 0.0003515558638157395641 ),
 .UNSPECIFIED. ) ;
#264 = FACE_OUTER_BOUND ( 'NONE', #278, .T. ) ;
#265 = ORIENTED_EDGE ( 'NONE', *, *, #717, .F. ) ;
#266 = CARTESIAN_POINT ( 'NONE',  ( 176.2250226860442410, 129.0000000000000000, 2.500000000000015987 ) ) ;
#267 = LINE ( 'NONE', #1601, #1422 ) ;
#268 = EDGE_LOOP ( 'NONE', ( #1063, #1431, #755, #1034 ) ) ;
#269 = CARTESIAN_POINT ( 'NONE',  ( 172.9969335883688473, 138.0967010734257201, 2.500000000000015543 ) ) ;
#270 = VECTOR ( 'NONE', #129, 1000.000000000000000 ) ;
#271 = CARTESIAN_POINT ( 'NONE',  ( 64.00000000000005684, 69.17350731388214058, -2.920951520335262508 ) ) ;
#272 = EDGE_LOOP ( 'NONE', ( #445, #587, #1325, #1006, #1016 ) ) ;
#273 = CIRCLE ( 'NONE', #406, 1.599999999999990319 ) ;
#274 = FACE_BOUND ( 'NONE', #702, .T. ) ;
#275 = VECTOR ( 'NONE', #1062, 1000.000000000000000 ) ;
#276 = CARTESIAN_POINT ( 'NONE',  ( 172.0752146051360398, 128.6680631777802830, 4.532306023243732440 ) ) ;
#277 = ORIENTED_EDGE ( 'NONE', *, *, #853, .F. ) ;
#278 = EDGE_LOOP ( 'NONE', ( #1413, #176, #560, #183 ) ) ;
#279 = EDGE_CURVE ( 'NONE', #1868, #1441, #107, .T. ) ;
#280 = CARTESIAN_POINT ( 'NONE',  ( 183.2820000000000675, 136.0000000000000000, 5.118000000000025196 ) ) ;
#281 = DIRECTION ( 'NONE',  ( 0.000000000000000000, 0.000000000000000000, 1.000000000000000000 ) ) ;
#282 = EDGE_CURVE ( 'NONE', #690, #1019, #492, .T. ) ;
#283 = CARTESIAN_POINT ( 'NONE',  ( 64.00000000000005684, 143.8488568854597816, -6.571591727123512250 ) ) ;
#284 = ORIENTED_EDGE ( 'NONE', *, *, #1595, .F. ) ;
#285 = CARTESIAN_POINT ( 'NONE',  ( 75.00000000000007105, 135.0000000000000000, 4.700000000000002842 ) ) ;
#286 = CARTESIAN_POINT ( 'NONE',  ( 171.5248870057224622, 135.6947816412376824, 3.001989605238212455 ) ) ;
#287 = EDGE_LOOP ( 'NONE', ( #172, #946 ) ) ;
#288 = CARTESIAN_POINT ( 'NONE',  ( 171.4386046042186535, 136.4142288112598180, -2.767487255867327800 ) ) ;
#289 = DIRECTION ( 'NONE',  ( 0.000000000000000000, 0.000000000000000000, -1.000000000000000000 ) ) ;
#290 = VERTEX_POINT ( 'NONE', #601 ) ;
#291 = CARTESIAN_POINT ( 'NONE',  ( 185.0000000000000568, 68.68716713147048836, -1.770301416531977479 ) ) ;
#292 = ORIENTED_EDGE ( 'NONE', *, *, #157, .F. ) ;
#293 = CARTESIAN_POINT ( 'NONE',  ( 127.0382904564030753, 128.9999999999999147, -5.966199803564832926 ) ) ;
#294 = CARTESIAN_POINT ( 'NONE',  ( 172.9677529324788736, 137.2657750046116121, 2.234051737348144773 ) ) ;
#295 = VERTEX_POINT ( 'NONE', #589 ) ;
#296 = CARTESIAN_POINT ( 'NONE',  ( 170.4505255130474666, 137.2162389137857588, 2.499999999999988454 ) ) ;
#297 = CARTESIAN_POINT ( 'NONE',  ( 173.4790593703524166, 137.5000000000000000, -4.007308412345741644 ) ) ;
#298 = EDGE_LOOP ( 'NONE', ( #1533, #1766, #859, #490 ) ) ;
#299 = ADVANCED_FACE ( 'NONE', ( #720 ), #1457, .T. ) ;
#300 = CLOSED_SHELL ( 'NONE', ( #569, #594, #1692, #1474, #546, #1397, #506, #459, #1783, #862, #1407, #1630, #1102, #111, #1689, #763, #1515, #1509, #1280, #823, #448, #1488, #653, #1206, #827, #1430, #259, #1045, #1291, #8, #1658, #20, #687, #58, #299, #1334, #245, #1592, #1192, #1255, #79, #1794, #1083, #1879, #943, #697, #363, #1267 ) ) ;
#301 = CARTESIAN_POINT ( 'NONE',  ( 185.0000000000000568, 124.0827310412428943, 4.639246162179436084 ) ) ;
#302 = ORIENTED_EDGE ( 'NONE', *, *, #1312, .T. ) ;
#303 = CARTESIAN_POINT ( 'NONE',  ( 75.00000000000007105, 135.0000000000000000, 4.700000000000002842 ) ) ;
#304 = AXIS2_PLACEMENT_3D ( 'NONE', #1584, #257, #1439 ) ;
#305 = CARTESIAN_POINT ( 'NONE',  ( 173.5895237691164255, 136.1155733562777925, 4.438308313967527674 ) ) ;
#306 = VECTOR ( 'NONE', #1887, 1000.000000000000000 ) ;
#307 = EDGE_CURVE ( 'NONE', #1874, #1441, #1313, .T. ) ;
#308 = ORIENTED_EDGE ( 'NONE', *, *, #556, .F. ) ;
#309 = VECTOR ( 'NONE', #62, 1000.000000000000000 ) ;
#310 = CARTESIAN_POINT ( 'NONE',  ( 196.7180000000000177, 134.9999999999999716, -8.318000000000006722 ) ) ;
#311 = DIRECTION ( 'NONE',  ( 0.000000000000000000, 0.000000000000000000, 1.000000000000000000 ) ) ;
#312 = ORIENTED_EDGE ( 'NONE', *, *, #307, .T. ) ;
#313 = CARTESIAN_POINT ( 'NONE',  ( 64.00000000000005684, 134.8664053117378501, -7.391924922871936587 ) ) ;
#314 = ORIENTED_EDGE ( 'NONE', *, *, #519, .T. ) ;
#315 = CARTESIAN_POINT ( 'NONE',  ( 174.9079281208601060, 139.8778981298816859, -2.500000000000015543 ) ) ;
#316 = CARTESIAN_POINT ( 'NONE',  ( 171.5895853269413749, 138.3700619000416054, 1.613060330542131382 ) ) ;
#317 = CARTESIAN_POINT ( 'NONE',  ( 196.7180000000000177, 134.9999999999999716, -6.718000000000015959 ) ) ;
#318 = CC_DESIGN_PERSON_AND_ORGANIZATION_ASSIGNMENT ( #1821, #497, ( #387 ) ) ;
#319 = LINE ( 'NONE', #612, #467 ) ;
#320 = PLANE ( 'NONE',  #61 ) ;
#321 =( BOUNDED_SURFACE ( )  B_SPLINE_SURFACE ( 3, 2, ( 
 ( #49, #979, #1415 ),
 ( #1123, #349, #1263 ),
 ( #941, #1862, #806 ),
 ( #784, #515, #1528 ),
 ( #505, #499, #539 ),
 ( #1254, #962, #1824 ),
 ( #1396, #1550, #1567 ),
 ( #201, #395, #231 ),
 ( #1082, #360, #950 ),
 ( #1375, #85, #1850 ),
 ( #793, #528, #1113 ),
 ( #655, #1708, #385 ) ),
 .UNSPECIFIED., .F., .F., .F. ) 
 B_SPLINE_SURFACE_WITH_KNOTS ( ( 4, 2, 2, 2, 2, 4 ),
 ( 3, 3 ),
 ( 0.1247369424516527742, 0.1291286314575907923, 0.1313244759605597944, 0.1318734370863020589, 0.1324223982120442955, 0.1335203204635287966 ),
 ( 0.000000000000000000, 1.000000000000000000 ),
 .UNSPECIFIED. ) 
 GEOMETRIC_REPRESENTATION_ITEM ( )  RATIONAL_B_SPLINE_SURFACE ( (
 ( 1.000000000000000000, 0.8073744311601092072, 1.000000000000000000),
 ( 1.000000000000000000, 0.8026217154308036283, 1.000000000000000000),
 ( 1.000000000000000000, 0.7963352796575181580, 1.000000000000000000),
 ( 1.000000000000000000, 0.7852034698918108901, 1.000000000000000000),
 ( 1.000000000000000000, 0.7811896259485330285, 1.000000000000000000),
 ( 1.000000000000000000, 0.7757789066238971465, 1.000000000000000000),
 ( 1.000000000000000000, 0.7747130153621067938, 1.000000000000000000),
 ( 1.000000000000000000, 0.7723461004992026036, 1.000000000000000000),
 ( 1.000000000000000000, 0.7709368047810171154, 1.000000000000000000),
 ( 1.000000000000000000, 0.7660276675810558933, 1.000000000000000000),
 ( 1.000000000000000000, 0.7618430793198085471, 1.000000000000000000),
 ( 1.000000000000000000, 0.7567157163547284515, 1.000000000000000000) ) ) 
 REPRESENTATION_ITEM ( '' )  SURFACE ( )  );
#322 = VERTEX_POINT ( 'NONE', #266 ) ;
#323 = DIRECTION ( 'NONE',  ( 1.000000000000000000, 0.000000000000000000, 0.000000000000000000 ) ) ;
#324 = ORIENTED_EDGE ( 'NONE', *, *, #934, .T. ) ;
#325 = CARTESIAN_POINT ( 'NONE',  ( 175.5111353594802495, 140.0000000000000284, -2.500000000000015987 ) ) ;
#326 = CARTESIAN_POINT ( 'NONE',  ( 173.4733761692406233, 138.3898652244471350, 3.234225898281795075 ) ) ;
#327 = FACE_OUTER_BOUND ( 'NONE', #1450, .T. ) ;
#328 = CARTESIAN_POINT ( 'NONE',  ( 64.00000000000005684, 128.9999999947331162, 7.562559331487632264 ) ) ;
#329 = DIRECTION ( 'NONE',  ( 0.000000000000000000, -1.000000000000000000, 0.000000000000000000 ) ) ;
#330 = VERTEX_POINT ( 'NONE', #577 ) ;
#331 = CARTESIAN_POINT ( 'NONE',  ( 64.00000000000005684, 78.68415546129547522, 4.157044382679838002 ) ) ;
#332 = VERTEX_POINT ( 'NONE', #435 ) ;
#333 = DIRECTION ( 'NONE',  ( 0.000000000000000000, -1.000000000000000000, 0.000000000000000000 ) ) ;
#334 = AXIS2_PLACEMENT_3D ( 'NONE', #817, #1136, #92 ) ;
#335 = DIRECTION ( 'NONE',  ( 0.000000000000000000, -1.000000000000000000, 0.000000000000000000 ) ) ;
#336 = CIRCLE ( 'NONE', #647, 1.599999999999990319 ) ;
#337 = DIRECTION ( 'NONE',  ( 0.000000000000000000, 1.000000000000000000, 0.000000000000000000 ) ) ;
#338 = CIRCLE ( 'NONE', #1073, 14.49999999999998934 ) ;
#339 = CARTESIAN_POINT ( 'NONE',  ( 190.0000000000001137, 140.0000000000000000, 0.000000000000000000 ) ) ;
#340 = CARTESIAN_POINT ( 'NONE',  ( 173.4790593703524166, 137.5000000000000000, 4.007308412345741644 ) ) ;
#341 = EDGE_CURVE ( 'NONE', #330, #161, #1296, .T. ) ;
#342 = EDGE_CURVE ( 'NONE', #905, #1363, #369, .T. ) ;
#343 = CARTESIAN_POINT ( 'NONE',  ( 64.00000000000001421, 97.16519063746986262, 6.134735231814039125 ) ) ;
#344 = ORIENTED_EDGE ( 'NONE', *, *, #1418, .F. ) ;
#345 = CARTESIAN_POINT ( 'NONE',  ( 177.5000000000001137, 140.0000000000000000, 2.500000000000015987 ) ) ;
#346 = PLANE ( 'NONE',  #1638 ) ;
#347 = DIRECTION ( 'NONE',  ( 0.000000000000000000, -1.000000000000000000, 0.000000000000000000 ) ) ;
#348 = CYLINDRICAL_SURFACE ( 'NONE', #1142, 0.8999999999999980238 ) ;
#349 = CARTESIAN_POINT ( 'NONE',  ( 173.4767452499189915, 130.1445488391912875, -4.262794695098658160 ) ) ;
#350 =( GEOMETRIC_REPRESENTATION_CONTEXT ( 3 ) GLOBAL_UNCERTAINTY_ASSIGNED_CONTEXT ( ( #358 ) ) GLOBAL_UNIT_ASSIGNED_CONTEXT ( ( #1333, #381, #969 ) ) REPRESENTATION_CONTEXT ( 'NONE', 'WORKASPACE' ) );
#351 = CARTESIAN_POINT ( 'NONE',  ( 185.0000000000000568, 94.53413748527472649, 4.366670899555377794 ) ) ;
#352 = CARTESIAN_POINT ( 'NONE',  ( 172.4733600894967651, 137.5387778974317712, -2.500000000000016431 ) ) ;
#353 = EDGE_CURVE ( 'NONE', #1019, #797, #1353, .T. ) ;
#354 = CARTESIAN_POINT ( 'NONE',  ( 173.6215778084095120, 138.9071850017550958, 2.488265199979404763 ) ) ;
#355 = DIRECTION ( 'NONE',  ( 0.000000000000000000, 0.000000000000000000, 1.000000000000000000 ) ) ;
#356 = CARTESIAN_POINT ( 'NONE',  ( 171.3586565155513028, 136.9414983574180269, -2.549723688778088970 ) ) ;
#357 = PERSON_AND_ORGANIZATION ( #359, #1834 ) ;
#358 = UNCERTAINTY_MEASURE_WITH_UNIT (LENGTH_MEASURE( 1.000000000000000082E-05 ), #1333, 'distance_accuracy_value', 'NONE');
#359 = PERSON ( 'UNSPECIFIED', 'UNSPECIFIED', 'UNSPECIFIED', ('UNSPECIFIED'), ('UNSPECIFIED'), ('UNSPECIFIED') ) ;
#360 = CARTESIAN_POINT ( 'NONE',  ( 173.1707933360757750, 135.7740073943157597, -2.874145141126913217 ) ) ;
#361 = CARTESIAN_POINT ( 'NONE',  ( 185.0000000000000568, 77.84781431385430039, 2.841898987767238260 ) ) ;
#362 = DIRECTION ( 'NONE',  ( 0.000000000000000000, -1.000000000000000000, 0.000000000000000000 ) ) ;
#363 = ADVANCED_FACE ( 'NONE', ( #1747 ), #561, .F. ) ;
#364 = PLANE ( 'NONE',  #1238 ) ;
#365 = EDGE_LOOP ( 'NONE', ( #895, #628 ) ) ;
#366 = CARTESIAN_POINT ( 'NONE',  ( 173.6090929010742627, 129.0000000000000000, -5.068959079524902656 ) ) ;
#367 = CARTESIAN_POINT ( 'NONE',  ( 173.4332892670972797, 138.0567773881788867, -3.592717347668124006 ) ) ;
#368 = EDGE_CURVE ( 'NONE', #94, #1587, #771, .T. ) ;
#369 = CIRCLE ( 'NONE', #1447, 4.000000000000004441 ) ;
#370 = ORIENTED_EDGE ( 'NONE', *, *, #1009, .T. ) ;
#371 = EDGE_LOOP ( 'NONE', ( #1580, #723, #284, #1754 ) ) ;
#372 = AXIS2_PLACEMENT_3D ( 'NONE', #786, #1066, #1377 ) ;
#373 = LINE ( 'NONE', #813, #1728 ) ;
#374 = AXIS2_PLACEMENT_3D ( 'NONE', #1388, #788, #63 ) ;
#375 = VECTOR ( 'NONE', #825, 1000.000000000000000 ) ;
#376 = DIRECTION ( 'NONE',  ( 0.000000000000000000, 0.000000000000000000, -1.000000000000000000 ) ) ;
#377 = CYLINDRICAL_SURFACE ( 'NONE', #1268, 0.8999999999999980238 ) ;
#378 = DIRECTION ( 'NONE',  ( 1.000000000000000000, 0.000000000000000000, 0.000000000000000000 ) ) ;
#379 = DIRECTION ( 'NONE',  ( 0.000000000000000000, -1.000000000000000000, 0.000000000000000000 ) ) ;
#380 = CYLINDRICAL_SURFACE ( 'NONE', #1300, 16.99999999999998934 ) ;
#381 =( NAMED_UNIT ( * ) PLANE_ANGLE_UNIT ( ) SI_UNIT ( $, .RADIAN. ) );
#382 = ORIENTED_EDGE ( 'NONE', *, *, #368, .T. ) ;
#383 = ORIENTED_EDGE ( 'NONE', *, *, #1615, .F. ) ;
#384 = EDGE_CURVE ( 'NONE', #205, #1520, #452, .T. ) ;
#385 = CARTESIAN_POINT ( 'NONE',  ( 171.3883057511343964, 136.7271627792455035, -2.639985068037251636 ) ) ;
#386 = CARTESIAN_POINT ( 'NONE',  ( 183.2820000000000675, 136.0000000000000000, 8.318000000000006722 ) ) ;
#387 = PRODUCT_DEFINITION_FORMATION_WITH_SPECIFIED_SOURCE ( 'ANY', '', #453, .NOT_KNOWN. ) ;
#388 = DIRECTION ( 'NONE',  ( 0.000000000000000000, -1.000000000000000000, 0.000000000000000000 ) ) ;
#389 = DIRECTION ( 'NONE',  ( 0.000000000000000000, 0.000000000000000000, -1.000000000000000000 ) ) ;
#390 = CARTESIAN_POINT ( 'NONE',  ( 173.5902485422793404, 129.0000000000000000, 5.097053653040700461 ) ) ;
#391 = CARTESIAN_POINT ( 'NONE',  ( 171.8917868007212917, 131.4495977750069073, 4.084865319405633244 ) ) ;
#392 = PERSON_AND_ORGANIZATION ( #359, #1834 ) ;
#393 = ORIENTED_EDGE ( 'NONE', *, *, #1854, .T. ) ;
#394 = EDGE_CURVE ( 'NONE', #690, #1327, #1600, .T. ) ;
#395 = CARTESIAN_POINT ( 'NONE',  ( 173.1801327871116882, 135.6113558240325858, -2.926372732936088461 ) ) ;
#396 = LINE ( 'NONE', #980, #1826 ) ;
#397 = CARTESIAN_POINT ( 'NONE',  ( 185.0000000000000568, 58.32966694730094304, -0.3490379872527621385 ) ) ;
#398 = CARTESIAN_POINT ( 'NONE',  ( 173.8516687898979569, 128.9999999999999716, 5.433658775660434870 ) ) ;
#399 = FACE_OUTER_BOUND ( 'NONE', #1841, .T. ) ;
#400 = ORIENTED_EDGE ( 'NONE', *, *, #1070, .T. ) ;
#401 = EDGE_LOOP ( 'NONE', ( #978, #1548, #954, #563 ) ) ;
#402 = CIRCLE ( 'NONE', #984, 0.8999999999999980238 ) ;
#403 = CARTESIAN_POINT ( 'NONE',  ( 75.00000000000007105, 135.0000000000000000, 4.700000000000002842 ) ) ;
#404 = VECTOR ( 'NONE', #362, 1000.000000000000000 ) ;
#405 = EDGE_CURVE ( 'NONE', #1363, #905, #1756, .T. ) ;
#406 = AXIS2_PLACEMENT_3D ( 'NONE', #1870, #234, #90 ) ;
#407 = CIRCLE ( 'NONE', #1205, 0.8999999999999980238 ) ;
#408 = EDGE_CURVE ( 'NONE', #1087, #1290, #1574, .T. ) ;
#409 = B_SPLINE_CURVE_WITH_KNOTS ( 'NONE', 3,
 ( #790, #1819, #367, #1675, #1380, #513 ),
 .UNSPECIFIED., .F., .F.,
 ( 4, 2, 4 ),
 ( 0.000000000000000000, 0.001039868196256134823, 0.002079736392512269647 ),
 .UNSPECIFIED. ) ;
#410 = CARTESIAN_POINT ( 'NONE',  ( 190.0000000000001137, 140.0000000000000000, 0.000000000000000000 ) ) ;
#411 = VERTEX_POINT ( 'NONE', #1828 ) ;
#412 = CARTESIAN_POINT ( 'NONE',  ( 170.0000000000000284, 141.0000000000000000, 2.500000000000015987 ) ) ;
#413 = ORIENTED_EDGE ( 'NONE', *, *, #592, .F. ) ;
#414 = CARTESIAN_POINT ( 'NONE',  ( 173.5411336715073389, 136.8062778746913750, -4.263222292307752070 ) ) ;
#415 = FACE_BOUND ( 'NONE', #1586, .T. ) ;
#416 = EDGE_LOOP ( 'NONE', ( #616, #32, #608, #1425, #136, #214, #760, #526, #1730 ) ) ;
#417 = CARTESIAN_POINT ( 'NONE',  ( 163.0540597940957923, 129.0000000000000568, -4.835716646117353967 ) ) ;
#418 = CARTESIAN_POINT ( 'NONE',  ( 171.4284683646413043, 137.9484860986775629, -1.971274926262032601 ) ) ;
#419 = ORIENTED_EDGE ( 'NONE', *, *, #18, .T. ) ;
#420 = LINE ( 'NONE', #1461, #270 ) ;
#421 = DIRECTION ( 'NONE',  ( 0.000000000000000000, -1.000000000000000000, 0.000000000000000000 ) ) ;
#422 = VERTEX_POINT ( 'NONE', #1057 ) ;
#423 = DIRECTION ( 'NONE',  ( 0.000000000000000000, 0.000000000000000000, -1.000000000000000000 ) ) ;
#424 = EDGE_CURVE ( 'NONE', #1895, #749, #177, .T. ) ;
#425 = FACE_OUTER_BOUND ( 'NONE', #606, .T. ) ;
#426 = ORIENTED_EDGE ( 'NONE', *, *, #1344, .T. ) ;
#427 = EDGE_CURVE ( 'NONE', #749, #1895, #891, .T. ) ;
#428 = FACE_OUTER_BOUND ( 'NONE', #1253, .T. ) ;
#429 = CARTESIAN_POINT ( 'NONE',  ( 177.5000000000000284, 136.0000000000000000, 0.000000000000000000 ) ) ;
#430 = CIRCLE ( 'NONE', #1667, 14.49999999999998934 ) ;
#431 = AXIS2_PLACEMENT_3D ( 'NONE', #971, #644, #1842 ) ;
#432 = CARTESIAN_POINT ( 'NONE',  ( 185.0000000000000568, 137.4758658048489792, 0.000000000000000000 ) ) ;
#433 = VERTEX_POINT ( 'NONE', #345 ) ;
#434 = AXIS2_PLACEMENT_3D ( 'NONE', #945, #630, #669 ) ;
#435 = CARTESIAN_POINT ( 'NONE',  ( 177.5000000000001137, 136.0000000000000000, 2.500000000000015987 ) ) ;
#436 = CARTESIAN_POINT ( 'NONE',  ( 171.4720162094737077, 136.1625745534563521, 2.853755299280904101 ) ) ;
#437 = ORIENTED_EDGE ( 'NONE', *, *, #1832, .F. ) ;
#438 = CARTESIAN_POINT ( 'NONE',  ( 170.0000000000000284, 129.0000000000000000, 2.500000000000015987 ) ) ;
#439 = DIRECTION ( 'NONE',  ( 0.000000000000000000, -1.000000000000000000, 0.000000000000000000 ) ) ;
#440 = EDGE_LOOP ( 'NONE', ( #909, #1056, #841, #1617, #1180 ) ) ;
#441 = CARTESIAN_POINT ( 'NONE',  ( 64.00000000000001421, 148.6696986281261275, 5.636246653250350569 ) ) ;
#442 = EDGE_LOOP ( 'NONE', ( #1695, #1303, #581, #277 ) ) ;
#443 = DIRECTION ( 'NONE',  ( 0.000000000000000000, -1.000000000000000000, 0.000000000000000000 ) ) ;
#444 = DIRECTION ( 'NONE',  ( -1.000000000000000000, 0.000000000000000000, 0.000000000000000000 ) ) ;
#445 = ORIENTED_EDGE ( 'NONE', *, *, #353, .F. ) ;
#446 = CARTESIAN_POINT ( 'NONE',  ( 110.0000000000000426, 135.0000000000000000, -4.700000000000002842 ) ) ;
#447 = CARTESIAN_POINT ( 'NONE',  ( 173.4332892670972512, 138.0567773881785456, 3.592717347668394012 ) ) ;
#448 = ADVANCED_FACE ( 'NONE', ( #1338 ), #1786, .F. ) ;
#449 = EDGE_LOOP ( 'NONE', ( #494, #1659, #614, #1120 ) ) ;
#450 = CARTESIAN_POINT ( 'NONE',  ( 64.00000000000005684, 143.8488568854597531, 6.571591727123512250 ) ) ;
#451 = ORIENTED_EDGE ( 'NONE', *, *, #255, .T. ) ;
#452 = LINE ( 'NONE', #1001, #1822 ) ;
#453 = PRODUCT ( 'Wing - Top Part', 'Wing - Top Part', '', ( #1097 ) ) ;
#454 = CARTESIAN_POINT ( 'NONE',  ( 190.0000000000001137, 137.5000000000000000, 0.000000000000000000 ) ) ;
#455 = ORIENTED_EDGE ( 'NONE', *, *, #1654, .T. ) ;
#456 = CARTESIAN_POINT ( 'NONE',  ( 190.0000000000001137, 134.9999999999999716, 4.000000000000004441 ) ) ;
#457 = CARTESIAN_POINT ( 'NONE',  ( 196.7180000000000177, 134.9999999999999716, -6.718000000000015959 ) ) ;
#458 = ORIENTED_EDGE ( 'NONE', *, *, #566, .T. ) ;
#459 = ADVANCED_FACE ( 'NONE', ( #1652 ), #51, .F. ) ;
#460 = VECTOR ( 'NONE', #1421, 1000.000000000000000 ) ;
#461 = CARTESIAN_POINT ( 'NONE',  ( 185.0000000000000000, 117.0142498285513710, -5.051495159309263627 ) ) ;
#462 = ORIENTED_EDGE ( 'NONE', *, *, #666, .F. ) ;
#463 = EDGE_CURVE ( 'NONE', #1484, #1065, #237, .T. ) ;
#464 = DIRECTION ( 'NONE',  ( -1.000000000000000000, 0.000000000000000000, 0.000000000000000000 ) ) ;
#465 = AXIS2_PLACEMENT_3D ( 'NONE', #1125, #974, #1386 ) ;
#466 = CARTESIAN_POINT ( 'NONE',  ( 173.0200401228450744, 137.0528178219432220, 2.350152682717201902 ) ) ;
#467 = VECTOR ( 'NONE', #1803, 1000.000000000000000 ) ;
#468 = VERTEX_POINT ( 'NONE', #173 ) ;
#469 = AXIS2_PLACEMENT_3D ( 'NONE', #767, #637, #1814 ) ;
#470 = CARTESIAN_POINT ( 'NONE',  ( 64.00000000000002842, 132.0180419119087105, -7.507845732276053674 ) ) ;
#471 = FACE_OUTER_BOUND ( 'NONE', #1130, .T. ) ;
#472 = VERTEX_POINT ( 'NONE', #195 ) ;
#473 = CARTESIAN_POINT ( 'NONE',  ( 185.0000000000000568, 60.93560298945052267, -0.7295399612527175837 ) ) ;
#474 = ORIENTED_EDGE ( 'NONE', *, *, #1244, .F. ) ;
#475 = FACE_OUTER_BOUND ( 'NONE', #549, .T. ) ;
#476 = CARTESIAN_POINT ( 'NONE',  ( 171.7350323310186866, 138.6057671644181539, 1.358303723481598890 ) ) ;
#477 = DIRECTION ( 'NONE',  ( 0.000000000000000000, 0.000000000000000000, -1.000000000000000000 ) ) ;
#478 = CARTESIAN_POINT ( 'NONE',  ( 64.00000000000002842, 132.0180419119086821, 7.507845732276052786 ) ) ;
#479 = DIRECTION ( 'NONE',  ( 0.000000000000000000, 1.000000000000000000, 0.000000000000000000 ) ) ;
#480 = ORIENTED_EDGE ( 'NONE', *, *, #1228, .F. ) ;
#481 = CARTESIAN_POINT ( 'NONE',  ( 64.00000000000005684, 66.36377286558932553, 2.529180263332982737 ) ) ;
#482 = ORIENTED_EDGE ( 'NONE', *, *, #133, .F. ) ;
#483 = FACE_OUTER_BOUND ( 'NONE', #1651, .T. ) ;
#484 = DIRECTION ( 'NONE',  ( 0.000000000000000000, 0.000000000000000000, -1.000000000000000000 ) ) ;
#485 = DIRECTION ( 'NONE',  ( 0.000000000000000000, 0.000000000000000000, 1.000000000000000000 ) ) ;
#486 = DIRECTION ( 'NONE',  ( 0.000000000000000000, 0.000000000000000000, 1.000000000000000000 ) ) ;
#487 = CARTESIAN_POINT ( 'NONE',  ( 64.00000000000005684, 129.0000000000000000, -4.000000000000014211 ) ) ;
#488 = EDGE_CURVE ( 'NONE', #1395, #330, #585, .T. ) ;
#489 = CARTESIAN_POINT ( 'NONE',  ( 185.0000000000000568, 70.77671766330340120, 2.028358082342279545 ) ) ;
#490 = ORIENTED_EDGE ( 'NONE', *, *, #1772, .F. ) ;
#491 = LINE ( 'NONE', #937, #555 ) ;
#492 = CIRCLE ( 'NONE', #1103, 16.99999999999998934 ) ;
#493 = FACE_OUTER_BOUND ( 'NONE', #371, .T. ) ;
#494 = ORIENTED_EDGE ( 'NONE', *, *, #805, .F. ) ;
#495 = CIRCLE ( 'NONE', #180, 1.599999999999990319 ) ;
#496 = DIRECTION ( 'NONE',  ( 0.000000000000000000, 0.000000000000000000, 1.000000000000000000 ) ) ;
#497 = PERSON_AND_ORGANIZATION_ROLE ( 'creator' ) ;
#498 = AXIS2_PLACEMENT_3D ( 'NONE', #516, #1650, #323 ) ;
#499 = CARTESIAN_POINT ( 'NONE',  ( 173.2558974433699746, 134.2620826869052166, -3.324178112460868917 ) ) ;
#500 = CARTESIAN_POINT ( 'NONE',  ( 64.00000000000005684, 55.94429781915791722, 0.9507522153523393360 ) ) ;
#501 = DIRECTION ( 'NONE',  ( 0.000000000000000000, 1.000000000000000000, 0.000000000000000000 ) ) ;
#502 = VERTEX_POINT ( 'NONE', #916 ) ;
#503 = CARTESIAN_POINT ( 'NONE',  ( 171.3883057511344532, 136.7271627792453899, -2.639985068037267624 ) ) ;
#504 = DIRECTION ( 'NONE',  ( 1.000000000000000000, 0.000000000000000000, 0.000000000000000000 ) ) ;
#505 = CARTESIAN_POINT ( 'NONE',  ( 173.6917673351299243, 134.6823528463017396, -4.803718997703009919 ) ) ;
#506 = ADVANCED_FACE ( 'NONE', ( #483 ), #1348, .F. ) ;
#507 = CARTESIAN_POINT ( 'NONE',  ( 171.3515436630071349, 137.0475442003458681, -2.499999999999988454 ) ) ;
#508 = CARTESIAN_POINT ( 'NONE',  ( 46.00000000000001421, 129.0000000000000000, 3.999999999999993339 ) ) ;
#509 = EDGE_CURVE ( 'NONE', #881, #1642, #263, .T. ) ;
#510 = CARTESIAN_POINT ( 'NONE',  ( 136.0431098798854066, 129.0000000000000000, 5.704972696075723881 ) ) ;
#511 = EDGE_LOOP ( 'NONE', ( #768, #1849, #95, #455 ) ) ;
#512 = CARTESIAN_POINT ( 'NONE',  ( 175.5115219486166893, 140.0000000000000000, 2.500000000000015987 ) ) ;
#513 = CARTESIAN_POINT ( 'NONE',  ( 173.6188347722527112, 138.9005863772484020, -2.500000000000015987 ) ) ;
#514 = ORIENTED_EDGE ( 'NONE', *, *, #1511, .T. ) ;
#515 = CARTESIAN_POINT ( 'NONE',  ( 173.2944784803104312, 133.5794074254451687, -3.505168410273566071 ) ) ;
#516 = CARTESIAN_POINT ( 'NONE',  ( 170.0000000000000284, 141.0000000000000000, -2.500000000000015987 ) ) ;
#517 = CARTESIAN_POINT ( 'NONE',  ( 172.8286119669530478, 137.9045795690137481, -2.500000000000015987 ) ) ;
#518 = CARTESIAN_POINT ( 'NONE',  ( 171.5354192962764159, 137.5000000000000000, 4.478756460857005628 ) ) ;
#519 = EDGE_CURVE ( 'NONE', #1776, #152, #1823, .T. ) ;
#520 =( BOUNDED_SURFACE ( )  B_SPLINE_SURFACE ( 3, 2, ( 
 ( #276, #869, #1458 ),
 ( #127, #1714, #536 ),
 ( #391, #543, #1723 ),
 ( #1611, #590, #1632 ),
 ( #602, #1757, #1186 ),
 ( #1621, #1653, #14 ),
 ( #743, #1768, #772 ),
 ( #1329, #1778, #305 ),
 ( #286, #1177, #887 ),
 ( #436, #1505, #1489 ),
 ( #907, #917, #1497 ),
 ( #1058, #578, #174 ) ),
 .UNSPECIFIED., .F., .F., .F. ) 
 B_SPLINE_SURFACE_WITH_KNOTS ( ( 4, 2, 2, 2, 2, 4 ),
 ( 3, 3 ),
 ( 0.1210053254316310750, 0.1253773618371660237, 0.1275633800399335049, 0.1281098845906253891, 0.1286563891413172456, 0.1297493982427009862 ),
 ( 0.000000000000000000, 1.000000000000000000 ),
 .UNSPECIFIED. ) 
 GEOMETRIC_REPRESENTATION_ITEM ( )  RATIONAL_B_SPLINE_SURFACE ( (
 ( 1.000000000000000000, 0.8073751099936831155, 1.000000000000000000),
 ( 1.000000000000000000, 0.8026111967481887044, 1.000000000000000000),
 ( 1.000000000000000000, 0.7962624898104869731, 1.000000000000000000),
 ( 1.000000000000000000, 0.7850855214168873664, 1.000000000000000000),
 ( 1.000000000000000000, 0.7810637708377381472, 1.000000000000000000),
 ( 1.000000000000000000, 0.7756573592920695814, 1.000000000000000000),
 ( 1.000000000000000000, 0.7745999672176079320, 1.000000000000000000),
 ( 1.000000000000000000, 0.7722095589119791770, 1.000000000000000000),
 ( 1.000000000000000000, 0.7707900965925913450, 1.000000000000000000),
 ( 1.000000000000000000, 0.7658707971225173772, 1.000000000000000000),
 ( 1.000000000000000000, 0.7617122180147177790, 1.000000000000000000),
 ( 1.000000000000000000, 0.7567157163547282295, 1.000000000000000000) ) ) 
 REPRESENTATION_ITEM ( '' )  SURFACE ( )  );
#521 = DIRECTION ( 'NONE',  ( 0.000000000000000000, 0.000000000000000000, -1.000000000000000000 ) ) ;
#522 = CARTESIAN_POINT ( 'NONE',  ( 183.2820000000000675, 140.0000000000000000, 8.318000000000006722 ) ) ;
#523 = SECURITY_CLASSIFICATION_LEVEL ( 'unclassified' ) ;
#524 = AXIS2_PLACEMENT_3D ( 'NONE', #868, #1893, #1185 ) ;
#525 = VERTEX_POINT ( 'NONE', #926 ) ;
#526 = ORIENTED_EDGE ( 'NONE', *, *, #598, .T. ) ;
#527 = CIRCLE ( 'NONE', #465, 1.599999999999990319 ) ;
#528 = CARTESIAN_POINT ( 'NONE',  ( 173.1233916608594257, 136.5466984449169559, -2.592970170141909669 ) ) ;
#529 = VECTOR ( 'NONE', #1154, 1000.000000000000000 ) ;
#530 = CIRCLE ( 'NONE', #469, 1.599999999999990319 ) ;
#531 = DIRECTION ( 'NONE',  ( 0.000000000000000000, 1.000000000000000000, 0.000000000000000000 ) ) ;
#532 = CARTESIAN_POINT ( 'NONE',  ( 171.4787192439792705, 137.0237247800650096, -2.500000000000015987 ) ) ;
#533 = DIRECTION ( 'NONE',  ( 0.000000000000000000, -1.000000000000000000, 0.000000000000000000 ) ) ;
#534 = ORIENTED_EDGE ( 'NONE', *, *, #1654, .F. ) ;
#535 = CARTESIAN_POINT ( 'NONE',  ( 173.7354128716785056, 139.0709798586279931, 2.500000000000015987 ) ) ;
#536 = CARTESIAN_POINT ( 'NONE',  ( 173.9633007446852844, 130.3993677284477997, 5.644597305358315609 ) ) ;
#537 = DATE_AND_TIME ( #1381, #1680 ) ;
#538 = ORIENTED_EDGE ( 'NONE', *, *, #133, .T. ) ;
#539 = CARTESIAN_POINT ( 'NONE',  ( 171.6646945502405970, 134.1644335361720266, -3.439872907169396310 ) ) ;
#540 = DIRECTION ( 'NONE',  ( 0.000000000000000000, -1.000000000000000000, 0.000000000000000000 ) ) ;
#541 = DIRECTION ( 'NONE',  ( 0.000000000000000000, -1.000000000000000000, 0.000000000000000000 ) ) ;
#542 = DIRECTION ( 'NONE',  ( -1.000000000000000000, 0.000000000000000000, 0.000000000000000000 ) ) ;
#543 = CARTESIAN_POINT ( 'NONE',  ( 173.4056024909117468, 131.5477537066845173, 3.993953124799844101 ) ) ;
#544 = ORIENTED_EDGE ( 'NONE', *, *, #217, .F. ) ;
#545 = EDGE_LOOP ( 'NONE', ( #632, #413 ) ) ;
#546 = ADVANCED_FACE ( 'NONE', ( #1643 ), #639, .F. ) ;
#547 = CARTESIAN_POINT ( 'NONE',  ( 173.4746906375738718, 138.6899016856185085, 2.499999999999988454 ) ) ;
#548 = CARTESIAN_POINT ( 'NONE',  ( 175.7171431429143809, 140.0000000000000000, -2.500000000000002220 ) ) ;
#549 = EDGE_LOOP ( 'NONE', ( #680, #1471, #693, #553 ) ) ;
#550 = DIRECTION ( 'NONE',  ( 0.000000000000000000, 0.000000000000000000, -1.000000000000000000 ) ) ;
#551 = CARTESIAN_POINT ( 'NONE',  ( 171.4746952552943355, 138.0961569763792909, -1.855929230112819850 ) ) ;
#552 = EDGE_LOOP ( 'NONE', ( #19, #103, #148, #736 ) ) ;
#553 = ORIENTED_EDGE ( 'NONE', *, *, #885, .F. ) ;
#554 = CARTESIAN_POINT ( 'NONE',  ( 173.5908800329386850, 136.1024473565271649, -4.446871223199862833 ) ) ;
#555 = VECTOR ( 'NONE', #1207, 1000.000000000000000 ) ;
#556 = EDGE_CURVE ( 'NONE', #1390, #749, #186, .T. ) ;
#557 = CIRCLE ( 'NONE', #1202, 1.999999999999997558 ) ;
#558 = VECTOR ( 'NONE', #479, 1000.000000000000000 ) ;
#559 = CARTESIAN_POINT ( 'NONE',  ( 46.00000000000001421, 129.0000000000000000, -3.999999999999993339 ) ) ;
#560 = ORIENTED_EDGE ( 'NONE', *, *, #853, .T. ) ;
#561 = CYLINDRICAL_SURFACE ( 'NONE', #1010, 0.8999999999999980238 ) ;
#562 = CARTESIAN_POINT ( 'NONE',  ( 173.4323123306380978, 138.0297242391255566, -3.617387315907357959 ) ) ;
#563 = ORIENTED_EDGE ( 'NONE', *, *, #519, .F. ) ;
#564 = DIRECTION ( 'NONE',  ( 0.000000000000000000, 0.000000000000000000, 1.000000000000000000 ) ) ;
#565 = B_SPLINE_CURVE_WITH_KNOTS ( 'NONE', 3,
 ( #262, #1426, #724, #1605, #241, #1596, #854, #1004, #122, #1442, #269, #112, #547, #861 ),
 .UNSPECIFIED., .F., .F.,
 ( 4, 2, 2, 2, 2, 2, 4 ),
 ( 0.000000000000000000, 0.0003817989473213998517, 0.0007635978946427997033, 0.001145396841964199447, 0.001527195789285599407, 0.002290793683928459175, 0.003054391578571319377 ),
 .UNSPECIFIED. ) ;
#566 = EDGE_CURVE ( 'NONE', #913, #332, #491, .T. ) ;
#567 = LINE ( 'NONE', #840, #529 ) ;
#568 = VERTEX_POINT ( 'NONE', #1797 ) ;
#569 = ADVANCED_FACE ( 'NONE', ( #475 ), #1524, .F. ) ;
#570 = CARTESIAN_POINT ( 'NONE',  ( 177.5000000000001137, 141.0000000000000000, 2.500000000000015987 ) ) ;
#571 = CARTESIAN_POINT ( 'NONE',  ( 196.7180000000000177, 136.0000000000000000, -5.118000000000025196 ) ) ;
#572 = ORIENTED_EDGE ( 'NONE', *, *, #1023, .T. ) ;
#573 = CARTESIAN_POINT ( 'NONE',  ( 173.6910141470361850, 134.6930866591104632, -4.801131347605584132 ) ) ;
#574 = CYLINDRICAL_SURFACE ( 'NONE', #709, 16.99999999999998934 ) ;
#575 = CARTESIAN_POINT ( 'NONE',  ( 64.00000000000005684, 150.8759940062182068, -5.069319609450582576 ) ) ;
#576 = ORIENTED_EDGE ( 'NONE', *, *, #1293, .F. ) ;
#577 = CARTESIAN_POINT ( 'NONE',  ( 110.0000000000000426, 135.0000000000000000, 5.600000000000000533 ) ) ;
#578 = CARTESIAN_POINT ( 'NONE',  ( 173.1041129192598476, 136.8251728820719961, 2.461515720494320547 ) ) ;
#579 = EDGE_CURVE ( 'NONE', #1319, #603, #1298, .T. ) ;
#580 = ORIENTED_EDGE ( 'NONE', *, *, #1463, .T. ) ;
#581 = ORIENTED_EDGE ( 'NONE', *, *, #704, .F. ) ;
#582 = CARTESIAN_POINT ( 'NONE',  ( 190.0000000000001137, 137.5000000000000000, 0.000000000000000000 ) ) ;
#583 = LINE ( 'NONE', #429, #248 ) ;
#584 = AXIS2_PLACEMENT_3D ( 'NONE', #1391, #64, #1249 ) ;
#585 = CIRCLE ( 'NONE', #208, 0.8999999999999980238 ) ;
#586 = CARTESIAN_POINT ( 'NONE',  ( 185.0000000000000568, 131.4857947446270714, 3.425705399036457877 ) ) ;
#587 = ORIENTED_EDGE ( 'NONE', *, *, #882, .T. ) ;
#588 = CIRCLE ( 'NONE', #651, 0.8999999999999980238 ) ;
#589 = CARTESIAN_POINT ( 'NONE',  ( 64.00000000000005684, 145.0000000000000000, -4.000000000000014211 ) ) ;
#590 = CARTESIAN_POINT ( 'NONE',  ( 173.2933237852889761, 133.6001022602842454, 3.499878657357345713 ) ) ;
#591 = ADVANCED_BREP_SHAPE_REPRESENTATION ( 'Wing - Top Part', ( #188, #1402 ), #350 ) ;
#592 = EDGE_CURVE ( 'NONE', #757, #1750, #1419, .T. ) ;
#593 = VERTEX_POINT ( 'NONE', #508 ) ;
#594 = ADVANCED_FACE ( 'NONE', ( #78 ), #377, .F. ) ;
#595 = CARTESIAN_POINT ( 'NONE',  ( 171.3515436630071349, 137.0475442003459250, 2.499999999999988454 ) ) ;
#596 = CARTESIAN_POINT ( 'NONE',  ( 171.6615503537983045, 134.1996306132532197, 3.429946752799978515 ) ) ;
#597 = ORIENTED_EDGE ( 'NONE', *, *, #197, .T. ) ;
#598 = EDGE_CURVE ( 'NONE', #1065, #1566, #1649, .T. ) ;
#599 = CARTESIAN_POINT ( 'NONE',  ( 185.0000000000000568, 103.3128250282772456, -4.886309416168035824 ) ) ;
#600 = ORIENTED_EDGE ( 'NONE', *, *, #427, .T. ) ;
#601 = CARTESIAN_POINT ( 'NONE',  ( 64.00000000000005684, 129.0000000000000000, 4.000000000000014211 ) ) ;
#602 = CARTESIAN_POINT ( 'NONE',  ( 171.6628798807330156, 134.1851142490263271, 3.434393111521287789 ) ) ;
#603 = VERTEX_POINT ( 'NONE', #1399 ) ;
#604 = CARTESIAN_POINT ( 'NONE',  ( 64.00000000000005684, 137.8534715879070518, 7.251212728045835831 ) ) ;
#605 = EDGE_CURVE ( 'NONE', #1031, #290, #944, .T. ) ;
#606 = EDGE_LOOP ( 'NONE', ( #714, #1456, #1178, #867 ) ) ;
#607 = CARTESIAN_POINT ( 'NONE',  ( 185.0000000000000568, 65.04336624223789443, -1.296702550218020722 ) ) ;
#608 = ORIENTED_EDGE ( 'NONE', *, *, #912, .F. ) ;
#609 = DIRECTION ( 'NONE',  ( 0.000000000000000000, 0.000000000000000000, -1.000000000000000000 ) ) ;
#610 = LINE ( 'NONE', #156, #29 ) ;
#611 = EDGE_LOOP ( 'NONE', ( #482, #764, #1836, #1155 ) ) ;
#612 = CARTESIAN_POINT ( 'NONE',  ( 75.00000000000007105, 135.0000000000000000, 3.800000000000004707 ) ) ;
#613 = CARTESIAN_POINT ( 'NONE',  ( 171.3883057511344532, 136.7271627792454467, 2.639985068037267624 ) ) ;
#614 = ORIENTED_EDGE ( 'NONE', *, *, #1309, .F. ) ;
#615 = CARTESIAN_POINT ( 'NONE',  ( 185.0000000000000568, 63.47282711229701135, -1.084882000598155649 ) ) ;
#616 = ORIENTED_EDGE ( 'NONE', *, *, #1749, .T. ) ;
#617 = DIRECTION ( 'NONE',  ( 0.000000000000000000, 1.000000000000000000, 0.000000000000000000 ) ) ;
#618 = VECTOR ( 'NONE', #1816, 1000.000000000000000 ) ;
#619 = CARTESIAN_POINT ( 'NONE',  ( 173.4946939393961429, 138.5036594517146398, 3.096836285256328036 ) ) ;
#620 = VECTOR ( 'NONE', #1362, 1000.000000000000000 ) ;
#621 = DIRECTION ( 'NONE',  ( 0.000000000000000000, -1.000000000000000000, 0.000000000000000000 ) ) ;
#622 = CIRCLE ( 'NONE', #990, 16.99999999999998934 ) ;
#623 = DIRECTION ( 'NONE',  ( 0.000000000000000000, 0.000000000000000000, 1.000000000000000000 ) ) ;
#624 = CARTESIAN_POINT ( 'NONE',  ( 171.4788065189119664, 136.1091659562482334, 2.871752036274941133 ) ) ;
#625 = VERTEX_POINT ( 'NONE', #246 ) ;
#626 = EDGE_CURVE ( 'NONE', #1520, #1557, #242, .T. ) ;
#627 = DIRECTION ( 'NONE',  ( 0.000000000000000000, 0.000000000000000000, -1.000000000000000000 ) ) ;
#628 = ORIENTED_EDGE ( 'NONE', *, *, #1418, .T. ) ;
#629 = CARTESIAN_POINT ( 'NONE',  ( 173.7345720401031031, 139.0697508780551459, -2.500000000000015987 ) ) ;
#630 = DIRECTION ( 'NONE',  ( -1.000000000000000000, 0.000000000000000000, 0.000000000000000000 ) ) ;
#631 = EDGE_CURVE ( 'NONE', #235, #1486, #527, .T. ) ;
#632 = ORIENTED_EDGE ( 'NONE', *, *, #194, .F. ) ;
#633 = APPROVAL_PERSON_ORGANIZATION ( #392, #1798, #1565 ) ;
#634 = DIRECTION ( 'NONE',  ( 0.000000000000000000, 1.000000000000000000, 0.000000000000000000 ) ) ;
#635 = CARTESIAN_POINT ( 'NONE',  ( 170.0000000000000284, 129.0000000000000000, 3.000000000000016431 ) ) ;
#636 = B_SPLINE_CURVE_WITH_KNOTS ( 'NONE', 3,
 ( #948, #356, #1830, #503 ),
 .UNSPECIFIED., .F., .F.,
 ( 4, 4 ),
 ( 4.336808689942017736E-18, 0.0003515558638157285053 ),
 .UNSPECIFIED. ) ;
#637 = DIRECTION ( 'NONE',  ( 0.000000000000000000, -1.000000000000000000, 0.000000000000000000 ) ) ;
#638 = VERTEX_POINT ( 'NONE', #1560 ) ;
#639 = CYLINDRICAL_SURFACE ( 'NONE', #986, 1.599999999999990319 ) ;
#640 = DIRECTION ( 'NONE',  ( 0.000000000000000000, 1.000000000000000000, 0.000000000000000000 ) ) ;
#641 = CARTESIAN_POINT ( 'NONE',  ( 190.0000000000001137, 140.0000000000000000, 0.000000000000000000 ) ) ;
#642 = FACE_BOUND ( 'NONE', #1224, .T. ) ;
#643 = APPROVAL_ROLE ( '' ) ;
#644 = DIRECTION ( 'NONE',  ( 0.000000000000000000, 1.000000000000000000, 0.000000000000000000 ) ) ;
#645 = CARTESIAN_POINT ( 'NONE',  ( 185.0000000000000568, 75.34219329053840397, 2.565064010385240234 ) ) ;
#646 = CARTESIAN_POINT ( 'NONE',  ( 173.8697976171405912, 139.2233518658958644, -2.500000000000015987 ) ) ;
#647 = AXIS2_PLACEMENT_3D ( 'NONE', #956, #379, #1288 ) ;
#648 = CARTESIAN_POINT ( 'NONE',  ( 154.0509724311490629, 129.0000000000000284, 5.140179810859312859 ) ) ;
#649 = AXIS2_PLACEMENT_3D ( 'NONE', #1696, #1090, #1718 ) ;
#650 = DIRECTION ( 'NONE',  ( 0.000000000000000000, -1.000000000000000000, 0.000000000000000000 ) ) ;
#651 = AXIS2_PLACEMENT_3D ( 'NONE', #446, #634, #486 ) ;
#652 = CARTESIAN_POINT ( 'NONE',  ( 75.00000000000007105, 129.0000000000000000, 5.600000000000000533 ) ) ;
#653 = ADVANCED_FACE ( 'NONE', ( #981 ), #321, .F. ) ;
#654 = AXIS2_PLACEMENT_3D ( 'NONE', #1365, #1189, #1033 ) ;
#655 = CARTESIAN_POINT ( 'NONE',  ( 173.4790593703525019, 137.5000000000000853, -4.007308412345697235 ) ) ;
#656 = EDGE_CURVE ( 'NONE', #1043, #1306, #1540, .T. ) ;
#657 = CARTESIAN_POINT ( 'NONE',  ( 185.0000000000000568, 119.5692345236420380, 4.956907385402789856 ) ) ;
#658 = DIRECTION ( 'NONE',  ( 0.000000000000000000, 0.000000000000000000, -1.000000000000000000 ) ) ;
#659 = B_SPLINE_CURVE_WITH_KNOTS ( 'NONE', 3,
 ( #1108, #967, #802, #1555, #227, #65, #1373, #931 ),
 .UNSPECIFIED., .F., .F.,
 ( 4, 2, 2, 4 ),
 ( 0.000000000000000000, 0.002181756809389918776, 0.004363513618779837552, 0.008727027237559597042 ),
 .UNSPECIFIED. ) ;
#660 = CARTESIAN_POINT ( 'NONE',  ( 172.4788050031619377, 129.0000000000000284, -4.502319847325852997 ) ) ;
#661 = CARTESIAN_POINT ( 'NONE',  ( 64.00000000000005684, 145.0000000000000000, 4.000000000000014211 ) ) ;
#662 = DIRECTION ( 'NONE',  ( 0.000000000000000000, 0.000000000000000000, 1.000000000000000000 ) ) ;
#663 = ORIENTED_EDGE ( 'NONE', *, *, #717, .T. ) ;
#664 = CARTESIAN_POINT ( 'NONE',  ( 171.5354192962761886, 137.5000000000000000, -4.478756460856978094 ) ) ;
#665 = CC_DESIGN_DATE_AND_TIME_ASSIGNMENT ( #1230, #811, ( #1820 ) ) ;
#666 = EDGE_CURVE ( 'NONE', #961, #776, #1538, .T. ) ;
#667 = CARTESIAN_POINT ( 'NONE',  ( 64.00000000000005684, 128.9999999947331162, -7.562559331487632264 ) ) ;
#668 = DIRECTION ( 'NONE',  ( 0.000000000000000000, 0.000000000000000000, -1.000000000000000000 ) ) ;
#669 = DIRECTION ( 'NONE',  ( 0.000000000000000000, 0.000000000000000000, 1.000000000000000000 ) ) ;
#670 = DIRECTION ( 'NONE',  ( 0.000000000000000000, 0.000000000000000000, 1.000000000000000000 ) ) ;
#671 = LINE ( 'NONE', #1260, #957 ) ;
#672 = ORIENTED_EDGE ( 'NONE', *, *, #1535, .T. ) ;
#673 = DIRECTION ( 'NONE',  ( 0.000000000000000000, -1.000000000000000000, 0.000000000000000000 ) ) ;
#674 = DIRECTION ( 'NONE',  ( 0.000000000000000000, 0.000000000000000000, 1.000000000000000000 ) ) ;
#675 = CARTESIAN_POINT ( 'NONE',  ( 75.00000000000007105, 135.0000000000000000, -4.700000000000002842 ) ) ;
#676 = CARTESIAN_POINT ( 'NONE',  ( 64.00000000000000000, 52.44290321668560750, -0.3742775483541530002 ) ) ;
#677 = CARTESIAN_POINT ( 'NONE',  ( 175.3085320568011980, 139.9757446157503864, 2.500000000000015987 ) ) ;
#678 = DIRECTION ( 'NONE',  ( 0.000000000000000000, 1.000000000000000000, 0.000000000000000000 ) ) ;
#679 = PERSON_AND_ORGANIZATION ( #359, #1834 ) ;
#680 = ORIENTED_EDGE ( 'NONE', *, *, #792, .T. ) ;
#681 = AXIS2_PLACEMENT_3D ( 'NONE', #75, #673, #1143 ) ;
#682 = DIRECTION ( 'NONE',  ( 0.000000000000000000, 0.3811726336839795781, -0.9245038795648283791 ) ) ;
#683 = CIRCLE ( 'NONE', #1483, 1.599999999999990319 ) ;
#684 = CARTESIAN_POINT ( 'NONE',  ( 110.0000000000000426, 135.0000000000000000, 4.700000000000002842 ) ) ;
#685 = CARTESIAN_POINT ( 'NONE',  ( 173.4747307620374386, 138.6899603325430235, -2.500000000000016431 ) ) ;
#686 = DIRECTION ( 'NONE',  ( 0.000000000000000000, 0.000000000000000000, -1.000000000000000000 ) ) ;
#687 = ADVANCED_FACE ( 'NONE', ( #1232 ), #1676, .F. ) ;
#688 = DIRECTION ( 'NONE',  ( 0.000000000000000000, -1.000000000000000000, 0.000000000000000000 ) ) ;
#689 = CARTESIAN_POINT ( 'NONE',  ( 172.9348933327193834, 137.6116046177040175, -2.014945125664658221 ) ) ;
#690 = VERTEX_POINT ( 'NONE', #822 ) ;
#691 = CYLINDRICAL_SURFACE ( 'NONE', #927, 13.99999999999998757 ) ;
#692 = FACE_BOUND ( 'NONE', #109, .T. ) ;
#693 = ORIENTED_EDGE ( 'NONE', *, *, #1568, .T. ) ;
#694 = DIRECTION ( 'NONE',  ( 0.000000000000000000, 0.000000000000000000, 1.000000000000000000 ) ) ;
#695 = CARTESIAN_POINT ( 'NONE',  ( 64.00000000000005684, 129.0000000000000000, 0.000000000000000000 ) ) ;
#696 = ORIENTED_EDGE ( 'NONE', *, *, #1909, .T. ) ;
#697 = ADVANCED_FACE ( 'NONE', ( #60 ), #1831, .F. ) ;
#698 = DIRECTION ( 'NONE',  ( 0.000000000000000000, 0.000000000000000000, 1.000000000000000000 ) ) ;
#699 = CARTESIAN_POINT ( 'NONE',  ( 185.0000000000000568, 58.00000000000000000, -0.3000000000000085931 ) ) ;
#700 = ORIENTED_EDGE ( 'NONE', *, *, #1231, .F. ) ;
#701 = DIRECTION ( 'NONE',  ( 0.000000000000000000, -1.000000000000000000, 0.000000000000000000 ) ) ;
#702 = EDGE_LOOP ( 'NONE', ( #22, #1735 ) ) ;
#703 = ORIENTED_EDGE ( 'NONE', *, *, #221, .T. ) ;
#704 = EDGE_CURVE ( 'NONE', #1875, #1054, #955, .T. ) ;
#705 = DIRECTION ( 'NONE',  ( 0.000000000000000000, 0.000000000000000000, 1.000000000000000000 ) ) ;
#706 = AXIS2_PLACEMENT_3D ( 'NONE', #164, #617, #1504 ) ;
#707 = AXIS2_PLACEMENT_3D ( 'NONE', #1052, #1507, #178 ) ;
#708 = EDGE_CURVE ( 'NONE', #433, #332, #373, .T. ) ;
#709 = AXIS2_PLACEMENT_3D ( 'NONE', #1752, #77, #674 ) ;
#710 = CYLINDRICAL_SURFACE ( 'NONE', #1270, 0.8999999999999980238 ) ;
#711 = ORIENTED_EDGE ( 'NONE', *, *, #921, .T. ) ;
#712 = CARTESIAN_POINT ( 'NONE',  ( 110.0000000000000426, 135.0000000000000000, 5.600000000000000533 ) ) ;
#713 = CARTESIAN_POINT ( 'NONE',  ( 172.9620897426281658, 138.0763839444032897, -1.664283327826397096 ) ) ;
#714 = ORIENTED_EDGE ( 'NONE', *, *, #247, .F. ) ;
#715 = FACE_OUTER_BOUND ( 'NONE', #272, .T. ) ;
#716 = CARTESIAN_POINT ( 'NONE',  ( 183.2820000000000675, 136.0000000000000000, -6.718000000000015959 ) ) ;
#717 = EDGE_CURVE ( 'NONE', #1162, #161, #114, .T. ) ;
#718 = CARTESIAN_POINT ( 'NONE',  ( 185.0000000000000568, 77.84781431385431461, -2.841898987767238260 ) ) ;
#719 = ORIENTED_EDGE ( 'NONE', *, *, #1463, .F. ) ;
#720 = FACE_OUTER_BOUND ( 'NONE', #1848, .T. ) ;
#721 = B_SPLINE_CURVE_WITH_KNOTS ( 'NONE', 3,
 ( #254, #1021, #1436, #1316, #573, #554, #414, #1751 ),
 .UNSPECIFIED., .F., .F.,
 ( 4, 2, 2, 4 ),
 ( 0.02406046957824675009, 0.02842375109616085416, 0.03060539185511794436, 0.03278703261407503455 ),
 .UNSPECIFIED. ) ;
#722 = CARTESIAN_POINT ( 'NONE',  ( 170.0000000000000284, 137.3004984097191539, -2.500000000000015987 ) ) ;
#723 = ORIENTED_EDGE ( 'NONE', *, *, #1772, .T. ) ;
#724 = CARTESIAN_POINT ( 'NONE',  ( 171.6084558154486501, 137.0289005104150135, 2.500000000000015099 ) ) ;
#725 = CARTESIAN_POINT ( 'NONE',  ( 190.0000000000001137, 136.0000000000000000, 0.000000000000000000 ) ) ;
#726 = EDGE_CURVE ( 'NONE', #1204, #936, #863, .T. ) ;
#727 = CARTESIAN_POINT ( 'NONE',  ( 185.0000000000000568, 135.0728285314352490, -2.351116429766320071 ) ) ;
#728 = ORIENTED_EDGE ( 'NONE', *, *, #1915, .F. ) ;
#729 = CARTESIAN_POINT ( 'NONE',  ( 190.0000000000001137, 129.0000000000000000, 16.99999999999998579 ) ) ;
#730 = CARTESIAN_POINT ( 'NONE',  ( 173.4352873400252690, 137.7717677445375841, 3.826849351085193973 ) ) ;
#731 = ORIENTED_EDGE ( 'NONE', *, *, #1535, .F. ) ;
#732 = CARTESIAN_POINT ( 'NONE',  ( 196.7180000000000177, 136.0000000000000000, -6.718000000000015959 ) ) ;
#733 = CARTESIAN_POINT ( 'NONE',  ( 46.00000000000001421, 145.0000000000000000, 3.999999999999993339 ) ) ;
#734 = VECTOR ( 'NONE', #1610, 1000.000000000000000 ) ;
#735 = AXIS2_PLACEMENT_3D ( 'NONE', #1195, #1518, #1369 ) ;
#736 = ORIENTED_EDGE ( 'NONE', *, *, #1452, .T. ) ;
#737 = VECTOR ( 'NONE', #1636, 1000.000000000000000 ) ;
#738 = CARTESIAN_POINT ( 'NONE',  ( 64.00000000000000000, 108.9724217702747353, -7.044260820953669899 ) ) ;
#739 = ORIENTED_EDGE ( 'NONE', *, *, #1681, .T. ) ;
#740 = VECTOR ( 'NONE', #233, 1000.000000000000000 ) ;
#741 = FACE_BOUND ( 'NONE', #1609, .T. ) ;
#742 = EDGE_CURVE ( 'NONE', #915, #322, #1170, .T. ) ;
#743 = CARTESIAN_POINT ( 'NONE',  ( 171.5724854092272267, 135.2005897090826352, 3.148345719067141779 ) ) ;
#744 = ORIENTED_EDGE ( 'NONE', *, *, #1568, .F. ) ;
#745 = CARTESIAN_POINT ( 'NONE',  ( 64.00000000000005684, 137.8534715879069950, -7.251212728045834943 ) ) ;
#746 = B_SPLINE_SURFACE_WITH_KNOTS ( 'NONE', 3, 1, ( 
 ( #1721, #699 ),
 ( #676, #397 ),
 ( #1561, #1302 ),
 ( #1420, #982 ),
 ( #999, #473 ),
 ( #748, #615 ),
 ( #1336, #607 ),
 ( #1346, #291 ),
 ( #271, #1 ),
 ( #1203, #1905 ),
 ( #21, #718 ),
 ( #124, #141 ),
 ( #1046, #1193 ),
 ( #1753, #1326 ),
 ( #883, #1795 ),
 ( #738, #1784 ),
 ( #1055, #599 ),
 ( #1618, #1473 ),
 ( #1174, #1641 ),
 ( #11, #461 ),
 ( #313, #131 ),
 ( #1608, #153 ),
 ( #283, #904 ),
 ( #1182, #1775 ),
 ( #575, #1310 ),
 ( #866, #1455 ),
 ( #1765, #727 ),
 ( #894, #1161 ),
 ( #1898, #432 ),
 ( #1494, #1015 ),
 ( #162, #756 ),
 ( #1318, #874 ),
 ( #1464, #586 ),
 ( #441, #1027 ),
 ( #450, #1035 ),
 ( #1628, #301 ),
 ( #1485, #657 ),
 ( #1215, #785 ),
 ( #1806, #1385 ),
 ( #1376, #1064 ),
 ( #202, #924 ),
 ( #50, #1358 ),
 ( #1541, #351 ),
 ( #343, #1523 ),
 ( #193, #794 ),
 ( #1660, #1529 ),
 ( #331, #361 ),
 ( #935, #645 ),
 ( #1236, #489 ),
 ( #481, #33 ),
 ( #1688, #1827 ),
 ( #807, #184 ),
 ( #500, #171 ),
 ( #1516, #1085 ),
 ( #914, #951 ),
 ( #1366, #1398 ),
 ( #69, #1074 ) ),
 .UNSPECIFIED., .F., .F., .F.,
 ( 4, 1, 1, 1, 1, 1, 1, 1, 1, 1, 1, 1, 1, 1, 1, 1, 1, 1, 1, 1, 1, 1, 1, 1, 1, 1, 1, 1, 1, 1, 1, 1, 1, 1, 1, 1, 1, 1, 1, 1, 1, 1, 1, 1, 1, 1, 1, 1, 1, 1, 1, 1, 1, 1, 4 ),
 ( 2, 2 ),
 ( 0.000000000000000000, 0.006201962899188698426, 0.006209989305473670625, 0.02448136905349916972, 0.02451620505395041283, 0.05388345649501025819, 0.05397021896220081938, 0.09289034474279105058, 0.09306039742205422793, 0.1395093084148930351, 0.1397973729510305629, 0.1913742588137488654, 0.1918150871593579665, 0.2458629933516659483, 0.2464883482453779362, 0.3002380933255869855, 0.3010720747863004365, 0.3518114771965040188, 0.3528607999310494070, 0.3981158618259910686, 0.3993536175164207891, 0.4370593218643058497, 0.4384043805508757163, 0.4670784500627876423, 0.4683696323070574707, 0.4874746266155715047, 0.4884118206947539176, 0.5000000000000000000, 0.5115881793052461379, 0.5125253733844284953, 0.5316303676929424737, 0.5329215499372124132, 0.5615956194491242837, 0.5629406781356941503, 0.6006463824835791554, 0.6018841381740089869, 0.6471392000689505375, 0.6481885228034960367, 0.6989279252136996190, 0.6997619066744130700, 0.7535116517546220916, 0.7541370066483340517, 0.8081849128406420890, 0.8086257411862511901, 0.8602026270489694371, 0.8604906915851070481, 0.9069396025779458137, 0.9071096552572089911, 0.9460297810377992223, 0.9461165435049897487, 0.9754837949460496427, 0.9755186309465009309, 0.9937900106945263268, 0.9937980371008113822, 1.000000000000000000 ),
 ( 0.000000000000000000, 1.000000000000000000 ),
 .UNSPECIFIED. ) ;
#747 = EDGE_LOOP ( 'NONE', ( #534, #458, #1769, #1619, #1191, #1184 ) ) ;
#748 = CARTESIAN_POINT ( 'NONE',  ( 64.00000000000000000, 59.35409912975123348, -1.489394052338811836 ) ) ;
#749 = VERTEX_POINT ( 'NONE', #1877 ) ;
#750 = CARTESIAN_POINT ( 'NONE',  ( 175.3051282477359791, 139.9750561664864676, -2.500000000000015543 ) ) ;
#751 = LINE ( 'NONE', #1018, #1825 ) ;
#752 = CARTESIAN_POINT ( 'NONE',  ( 64.00000000000005684, 157.9999999999999716, -4.000000000000014211 ) ) ;
#753 = CARTESIAN_POINT ( 'NONE',  ( 176.2250226860442410, 136.0000000000000000, -2.500000000000015987 ) ) ;
#754 = CARTESIAN_POINT ( 'NONE',  ( 171.5761433899752433, 135.1576337855093186, 3.161622275261254611 ) ) ;
#755 = ORIENTED_EDGE ( 'NONE', *, *, #579, .F. ) ;
#756 = CARTESIAN_POINT ( 'NONE',  ( 185.0000000000000568, 135.0728285314352775, 2.351116429766278326 ) ) ;
#757 = VERTEX_POINT ( 'NONE', #280 ) ;
#758 = DIRECTION ( 'NONE',  ( 0.000000000000000000, 0.000000000000000000, 1.000000000000000000 ) ) ;
#759 = CARTESIAN_POINT ( 'NONE',  ( 173.5494559812158002, 138.7159279922435076, 2.806129108557911422 ) ) ;
#760 = ORIENTED_EDGE ( 'NONE', *, *, #463, .T. ) ;
#761 = CARTESIAN_POINT ( 'NONE',  ( 64.00000000000005684, 145.8271779734263021, -6.356927635007843413 ) ) ;
#762 = CARTESIAN_POINT ( 'NONE',  ( 183.2820000000000675, 140.0000000000000000, 6.718000000000015959 ) ) ;
#763 = ADVANCED_FACE ( 'NONE', ( #1588 ), #691, .F. ) ;
#764 = ORIENTED_EDGE ( 'NONE', *, *, #605, .F. ) ;
#765 = B_SPLINE_CURVE_WITH_KNOTS ( 'NONE', 3,
 ( #1492, #160, #1813, #1500 ),
 .UNSPECIFIED., .F., .F.,
 ( 4, 4 ),
 ( 5.551115123125782702E-17, 0.001375011182206915122 ),
 .UNSPECIFIED. ) ;
#766 = AXIS2_PLACEMENT_3D ( 'NONE', #53, #650, #477 ) ;
#767 = CARTESIAN_POINT ( 'NONE',  ( 196.7180000000000177, 140.0000000000000000, 6.718000000000015959 ) ) ;
#768 = ORIENTED_EDGE ( 'NONE', *, *, #1166, .F. ) ;
#769 = DIRECTION ( 'NONE',  ( 0.000000000000000000, 0.000000000000000000, -1.000000000000000000 ) ) ;
#770 = AXIS2_PLACEMENT_3D ( 'NONE', #1631, #333, #1049 ) ;
#771 = B_SPLINE_CURVE_WITH_KNOTS ( 'NONE', 3,
 ( #1777, #417, #1007, #143, #293, #3, #1148, #876 ),
 .UNSPECIFIED., .F., .F.,
 ( 4, 2, 2, 4 ),
 ( 0.01147393551594617575, 0.03849903941112156613, 0.06552414330629695305, 0.1195743510966477685 ),
 .UNSPECIFIED. ) ;
#772 = CARTESIAN_POINT ( 'NONE',  ( 173.6148864233433642, 135.7634292924348074, 4.531044459535876534 ) ) ;
#773 = FACE_OUTER_BOUND ( 'NONE', #987, .T. ) ;
#774 = CARTESIAN_POINT ( 'NONE',  ( 170.0000000000000284, 137.3004984097191539, 2.500000000000015987 ) ) ;
#775 = PLANE ( 'NONE',  #654 ) ;
#776 = VERTEX_POINT ( 'NONE', #438 ) ;
#777 = DIRECTION ( 'NONE',  ( 0.000000000000000000, -1.000000000000000000, 0.000000000000000000 ) ) ;
#778 = ORIENTED_EDGE ( 'NONE', *, *, #1832, .T. ) ;
#779 = CARTESIAN_POINT ( 'NONE',  ( 75.00000000000007105, 135.0000000000000000, -3.800000000000004707 ) ) ;
#780 = DIRECTION ( 'NONE',  ( 0.000000000000000000, 0.000000000000000000, 1.000000000000000000 ) ) ;
#781 = EDGE_LOOP ( 'NONE', ( #1774, #870, #1150, #1449, #154, #292 ) ) ;
#782 = CARTESIAN_POINT ( 'NONE',  ( 170.0000000000000853, 138.1372701758697303, 2.044780779625544831 ) ) ;
#783 = DIRECTION ( 'NONE',  ( 0.000000000000000000, 1.000000000000000000, 0.000000000000000000 ) ) ;
#784 = CARTESIAN_POINT ( 'NONE',  ( 173.7408789730180274, 133.9717110306413304, -4.966391735935182794 ) ) ;
#785 = CARTESIAN_POINT ( 'NONE',  ( 185.0000000000000000, 117.0142498285513568, 5.051495159309263627 ) ) ;
#786 = CARTESIAN_POINT ( 'NONE',  ( 75.00000000000007105, 129.0000000000000000, -4.700000000000002842 ) ) ;
#787 = EDGE_CURVE ( 'NONE', #411, #638, #1851, .T. ) ;
#788 = DIRECTION ( 'NONE',  ( 0.000000000000000000, -1.000000000000000000, 0.000000000000000000 ) ) ;
#789 = FACE_OUTER_BOUND ( 'NONE', #5, .T. ) ;
#790 = CARTESIAN_POINT ( 'NONE',  ( 173.4790593703524166, 137.5000000000000000, -4.007308412345741644 ) ) ;
#791 = DATE_AND_TIME ( #1860, #1250 ) ;
#792 = EDGE_CURVE ( 'NONE', #638, #411, #26, .T. ) ;
#793 = CARTESIAN_POINT ( 'NONE',  ( 173.5101274246595153, 137.1527935584630598, -4.135392759211478086 ) ) ;
#794 = CARTESIAN_POINT ( 'NONE',  ( 185.0000000000000568, 85.90164580039258624, 3.651638213388250342 ) ) ;
#795 = CARTESIAN_POINT ( 'NONE',  ( 64.00000000000005684, 157.9999999999999716, 4.000000000000014211 ) ) ;
#796 = CARTESIAN_POINT ( 'NONE',  ( 127.0384519228649225, 129.0000000000000568, 5.966195167585249592 ) ) ;
#797 = VERTEX_POINT ( 'NONE', #1292 ) ;
#798 = TOROIDAL_SURFACE ( 'NONE', #87, 14.49999999999998579, 2.500000000000002220 ) ;
#799 = CARTESIAN_POINT ( 'NONE',  ( 172.0555992171327659, 129.0000000000000000, 4.485005855479798242 ) ) ;
#800 = EDGE_CURVE ( 'NONE', #1479, #1019, #420, .T. ) ;
#801 = VECTOR ( 'NONE', #335, 1000.000000000000000 ) ;
#802 = CARTESIAN_POINT ( 'NONE',  ( 173.5898698458512399, 136.1163898330422626, 4.443136337702838112 ) ) ;
#803 = PERSON_AND_ORGANIZATION_ROLE ( 'creator' ) ;
#804 = AXIS2_PLACEMENT_3D ( 'NONE', #762, #329, #932 ) ;
#805 = EDGE_CURVE ( 'NONE', #1642, #1796, #565, .T. ) ;
#806 = CARTESIAN_POINT ( 'NONE',  ( 171.8929634735780496, 131.4340455652826165, -4.087861278570340318 ) ) ;
#807 = CARTESIAN_POINT ( 'NONE',  ( 64.00000000000005684, 59.35409912975123348, 1.489394052338825825 ) ) ;
#808 = CARTESIAN_POINT ( 'NONE',  ( 172.9857709860756643, 138.1885553861177698, 1.561442917387092955 ) ) ;
#809 = CARTESIAN_POINT ( 'NONE',  ( 175.7171431429143809, 140.0000000000000000, 2.500000000000002220 ) ) ;
#810 = DIRECTION ( 'NONE',  ( 0.000000000000000000, 0.000000000000000000, -1.000000000000000000 ) ) ;
#811 = DATE_TIME_ROLE ( 'creation_date' ) ;
#812 = ORIENTED_EDGE ( 'NONE', *, *, #1368, .F. ) ;
#813 = CARTESIAN_POINT ( 'NONE',  ( 177.5000000000001137, 141.0000000000000000, 2.500000000000015987 ) ) ;
#814 = FACE_OUTER_BOUND ( 'NONE', #1815, .T. ) ;
#815 = CARTESIAN_POINT ( 'NONE',  ( 190.0000000000001137, 140.0000000000000000, 0.000000000000000000 ) ) ;
#816 = FACE_OUTER_BOUND ( 'NONE', #298, .T. ) ;
#817 = CARTESIAN_POINT ( 'NONE',  ( 110.0000000000000426, 129.0000000000000000, -4.700000000000002842 ) ) ;
#818 = DIRECTION ( 'NONE',  ( 0.000000000000000000, 1.000000000000000000, 0.000000000000000000 ) ) ;
#819 = PERSON_AND_ORGANIZATION_ROLE ( 'classification_officer' ) ;
#820 = ORIENTED_EDGE ( 'NONE', *, *, #1060, .F. ) ;
#821 = ORIENTED_EDGE ( 'NONE', *, *, #556, .T. ) ;
#822 = CARTESIAN_POINT ( 'NONE',  ( 190.0000000000001137, 137.5000000000000000, 16.99999999999998579 ) ) ;
#823 = ADVANCED_FACE ( 'NONE', ( #96 ), #837, .F. ) ;
#824 = EDGE_CURVE ( 'NONE', #295, #1031, #1869, .T. ) ;
#825 = DIRECTION ( 'NONE',  ( 0.000000000000000000, -1.000000000000000000, 0.000000000000000000 ) ) ;
#826 = PRODUCT_RELATED_PRODUCT_CATEGORY ( 'detail', '', ( #453 ) ) ;
#827 = ADVANCED_FACE ( 'NONE', ( #715 ), #1354, .T. ) ;
#828 = CARTESIAN_POINT ( 'NONE',  ( 75.00000000000007105, 129.0000000000000000, 4.700000000000002842 ) ) ;
#829 = ORIENTED_EDGE ( 'NONE', *, *, #1854, .F. ) ;
#830 = CARTESIAN_POINT ( 'NONE',  ( 46.00000000000001421, 129.0000000000000000, 2.499999999999998668 ) ) ;
#831 = VECTOR ( 'NONE', #701, 1000.000000000000000 ) ;
#832 = CARTESIAN_POINT ( 'NONE',  ( 171.3883057511343395, 136.7271627792454467, -2.639985068037287608 ) ) ;
#833 = APPROVAL_DATE_TIME ( #239, #1798 ) ;
#834 = AXIS2_PLACEMENT_3D ( 'NONE', #664, #1687, #682 ) ;
#835 = ORIENTED_EDGE ( 'NONE', *, *, #1801, .T. ) ;
#836 = VECTOR ( 'NONE', #1835, 1000.000000000000000 ) ;
#837 = PLANE ( 'NONE',  #59 ) ;
#838 = AXIS2_PLACEMENT_3D ( 'NONE', #454, #1339, #1467 ) ;
#839 = CARTESIAN_POINT ( 'NONE',  ( 171.3515436630071349, 137.0475442003459250, 2.499999999999988454 ) ) ;
#840 = CARTESIAN_POINT ( 'NONE',  ( 204.5000000000002274, 140.0000000000000000, 2.500000000000015987 ) ) ;
#841 = ORIENTED_EDGE ( 'NONE', *, *, #54, .F. ) ;
#842 = CARTESIAN_POINT ( 'NONE',  ( 110.0000000000000426, 129.0000000000000000, -4.700000000000002842 ) ) ;
#843 = CARTESIAN_POINT ( 'NONE',  ( 173.4946939394113485, 138.5036594517536059, -3.096836285232960950 ) ) ;
#844 = ORIENTED_EDGE ( 'NONE', *, *, #169, .F. ) ;
#845 = ORIENTED_EDGE ( 'NONE', *, *, #255, .F. ) ;
#846 = CARTESIAN_POINT ( 'NONE',  ( 75.00000000000007105, 135.0000000000000000, 4.700000000000002842 ) ) ;
#847 = DIRECTION ( 'NONE',  ( 0.000000000000000000, 1.000000000000000000, 0.000000000000000000 ) ) ;
#848 = ORIENTED_EDGE ( 'NONE', *, *, #44, .T. ) ;
#849 = PLANE ( 'NONE',  #113 ) ;
#850 = EDGE_CURVE ( 'NONE', #256, #1445, #1758, .T. ) ;
#851 = DIRECTION ( 'NONE',  ( 0.000000000000000000, 1.000000000000000000, 0.000000000000000000 ) ) ;
#852 = ORIENTED_EDGE ( 'NONE', *, *, #708, .T. ) ;
#853 = EDGE_CURVE ( 'NONE', #1517, #1875, #721, .T. ) ;
#854 = CARTESIAN_POINT ( 'NONE',  ( 172.2852756429770693, 137.3697575961071777, 2.500000000000015987 ) ) ;
#855 = FACE_OUTER_BOUND ( 'NONE', #440, .T. ) ;
#856 = EDGE_LOOP ( 'NONE', ( #1335, #744 ) ) ;
#857 = DIRECTION ( 'NONE',  ( 0.000000000000000000, -1.000000000000000000, 0.000000000000000000 ) ) ;
#858 = CARTESIAN_POINT ( 'NONE',  ( 173.5494559812006514, 138.7159279922060193, -2.806129108579365816 ) ) ;
#859 = ORIENTED_EDGE ( 'NONE', *, *, #307, .F. ) ;
#860 = AXIS2_PLACEMENT_3D ( 'NONE', #1872, #1095, #670 ) ;
#861 = CARTESIAN_POINT ( 'NONE',  ( 173.6188347722523702, 138.9005863772480893, 2.499999999999988454 ) ) ;
#862 = ADVANCED_FACE ( 'NONE', ( #428 ), #798, .T. ) ;
#863 = CIRCLE ( 'NONE', #681, 1.599999999999990319 ) ;
#864 = AXIS2_PLACEMENT_3D ( 'NONE', #187, #640, #1575 ) ;
#865 = VECTOR ( 'NONE', #1100, 1000.000000000000000 ) ;
#866 = CARTESIAN_POINT ( 'NONE',  ( 64.00000000000005684, 154.2368365333354632, -3.941714452599463847 ) ) ;
#867 = ORIENTED_EDGE ( 'NONE', *, *, #1909, .F. ) ;
#868 = CARTESIAN_POINT ( 'NONE',  ( 190.0000000000001137, 137.5000000000000000, -14.49999999999998934 ) ) ;
#869 = CARTESIAN_POINT ( 'NONE',  ( 173.5339452553999422, 128.7332814805197927, 4.467579459199185088 ) ) ;
#870 = ORIENTED_EDGE ( 'NONE', *, *, #54, .T. ) ;
#871 = DIRECTION ( 'NONE',  ( 0.000000000000000000, 0.000000000000000000, 1.000000000000000000 ) ) ;
#872 = DIRECTION ( 'NONE',  ( 0.000000000000000000, 0.000000000000000000, -1.000000000000000000 ) ) ;
#873 = EDGE_CURVE ( 'NONE', #1327, #797, #338, .T. ) ;
#874 = CARTESIAN_POINT ( 'NONE',  ( 185.0000000000000568, 134.0016964467834839, 2.702374481606637069 ) ) ;
#875 = EDGE_LOOP ( 'NONE', ( #1746, #739, #731, #116 ) ) ;
#876 = CARTESIAN_POINT ( 'NONE',  ( 64.00000000000005684, 128.9999999947331162, -7.562559331487632264 ) ) ;
#877 = DIRECTION ( 'NONE',  ( 0.000000000000000000, 1.000000000000000000, 0.000000000000000000 ) ) ;
#878 = ORIENTED_EDGE ( 'NONE', *, *, #666, .T. ) ;
#879 = CARTESIAN_POINT ( 'NONE',  ( 171.4803287718904699, 136.0971398283582232, -2.875787489942256858 ) ) ;
#880 = CARTESIAN_POINT ( 'NONE',  ( 170.0000000000000284, 141.0000000000000000, -2.500000000000015987 ) ) ;
#881 = VERTEX_POINT ( 'NONE', #1364 ) ;
#882 = EDGE_CURVE ( 'NONE', #1019, #1875, #1731, .T. ) ;
#883 = CARTESIAN_POINT ( 'NONE',  ( 64.00000000000001421, 101.1415416196256274, -6.479351343665461727 ) ) ;
#884 = ORIENTED_EDGE ( 'NONE', *, *, #908, .F. ) ;
#885 = EDGE_CURVE ( 'NONE', #638, #1287, #319, .T. ) ;
#886 = CARTESIAN_POINT ( 'NONE',  ( 204.0000000000000000, 136.0000000000000000, 0.000000000000000000 ) ) ;
#887 = CARTESIAN_POINT ( 'NONE',  ( 173.5767186142379614, 136.2913877925599024, 4.390727802146213499 ) ) ;
#888 = EDGE_LOOP ( 'NONE', ( #121, #1315, #1739, #1716, #1892, #1912 ) ) ;
#889 = CARTESIAN_POINT ( 'NONE',  ( 171.8793735784839214, 131.6044746491357955, -4.051137835306685808 ) ) ;
#890 = CARTESIAN_POINT ( 'NONE',  ( 173.4918262319499149, 138.5312107268096042, 3.079293375360764973 ) ) ;
#891 = CIRCLE ( 'NONE', #372, 0.8999999999999980238 ) ;
#892 = ORIENTED_EDGE ( 'NONE', *, *, #1025, .T. ) ;
#893 = VECTOR ( 'NONE', #1198, 1000.000000000000000 ) ;
#894 = CARTESIAN_POINT ( 'NONE',  ( 64.00000000000001421, 157.4239216510432016, -1.653628767251984932 ) ) ;
#895 = ORIENTED_EDGE ( 'NONE', *, *, #626, .T. ) ;
#896 = AXIS2_PLACEMENT_3D ( 'NONE', #1470, #531, #281 ) ;
#897 = DIRECTION ( 'NONE',  ( 0.000000000000000000, -1.000000000000000000, 0.000000000000000000 ) ) ;
#898 = LINE ( 'NONE', #1030, #1387 ) ;
#899 = EDGE_CURVE ( 'NONE', #525, #936, #1039, .T. ) ;
#900 = ORIENTED_EDGE ( 'NONE', *, *, #726, .F. ) ;
#901 = CARTESIAN_POINT ( 'NONE',  ( 64.00000000000005684, 156.3633846497057505, 3.116601719992128317 ) ) ;
#902 = DIRECTION ( 'NONE',  ( 0.000000000000000000, 0.000000000000000000, 1.000000000000000000 ) ) ;
#903 = ORIENTED_EDGE ( 'NONE', *, *, #35, .T. ) ;
#904 = CARTESIAN_POINT ( 'NONE',  ( 185.0000000000000568, 126.2376998857964452, -4.426664173987584938 ) ) ;
#905 = VERTEX_POINT ( 'NONE', #1188 ) ;
#906 = DIRECTION ( 'NONE',  ( 0.000000000000000000, -1.000000000000000000, 0.000000000000000000 ) ) ;
#907 = CARTESIAN_POINT ( 'NONE',  ( 171.4323234489141612, 136.4533069822381890, 2.751565199356702518 ) ) ;
#908 = EDGE_CURVE ( 'NONE', #525, #1140, #1669, .T. ) ;
#909 = ORIENTED_EDGE ( 'NONE', *, *, #1244, .T. ) ;
#910 = DIRECTION ( 'NONE',  ( 0.000000000000000000, 0.000000000000000000, -1.000000000000000000 ) ) ;
#911 = CARTESIAN_POINT ( 'NONE',  ( 173.5489633833522873, 138.7316920062390864, 2.799323624569723279 ) ) ;
#912 = EDGE_CURVE ( 'NONE', #1306, #468, #159, .T. ) ;
#913 = VERTEX_POINT ( 'NONE', #1341 ) ;
#914 = CARTESIAN_POINT ( 'NONE',  ( 64.00000000000005684, 52.88637962628123290, 0.4486512246263049675 ) ) ;
#915 = VERTEX_POINT ( 'NONE', #1061 ) ;
#916 = CARTESIAN_POINT ( 'NONE',  ( 173.4790593703524166, 137.5000000000000000, 4.007308412345741644 ) ) ;
#917 = CARTESIAN_POINT ( 'NONE',  ( 173.1228981136396214, 136.5538275552464142, 2.589604858297455348 ) ) ;
#918 = LINE ( 'NONE', #752, #24 ) ;
#919 = DIRECTION ( 'NONE',  ( 0.000000000000000000, 1.000000000000000000, 0.000000000000000000 ) ) ;
#920 = CARTESIAN_POINT ( 'NONE',  ( 171.9765577843183166, 130.3121259983484777, 4.293740156042100686 ) ) ;
#921 = EDGE_CURVE ( 'NONE', #1642, #961, #1135, .T. ) ;
#922 = ORIENTED_EDGE ( 'NONE', *, *, #1615, .T. ) ;
#923 = AXIS2_PLACEMENT_3D ( 'NONE', #1767, #443, #1029 ) ;
#924 = CARTESIAN_POINT ( 'NONE',  ( 185.0000000000000568, 103.3128250282772314, 4.886309416168035824 ) ) ;
#925 = ORIENTED_EDGE ( 'NONE', *, *, #899, .F. ) ;
#926 = CARTESIAN_POINT ( 'NONE',  ( 196.7180000000000177, 136.0000000000000000, -8.318000000000006722 ) ) ;
#927 = AXIS2_PLACEMENT_3D ( 'NONE', #1763, #1744, #871 ) ;
#928 = CARTESIAN_POINT ( 'NONE',  ( 110.0000000000000426, 135.0000000000000000, 3.800000000000004707 ) ) ;
#929 = VECTOR ( 'NONE', #1149, 1000.000000000000000 ) ;
#930 = LINE ( 'NONE', #46, #1072 ) ;
#931 = CARTESIAN_POINT ( 'NONE',  ( 174.0270247341479433, 129.0000000000028990, 5.819283560411656175 ) ) ;
#932 = DIRECTION ( 'NONE',  ( 0.000000000000000000, 0.000000000000000000, -1.000000000000000000 ) ) ;
#933 = EDGE_CURVE ( 'NONE', #905, #1319, #167, .T. ) ;
#934 = EDGE_CURVE ( 'NONE', #1587, #1047, #261, .T. ) ;
#935 = CARTESIAN_POINT ( 'NONE',  ( 64.00000000000001421, 75.31362101711647483, 3.736219902025671669 ) ) ;
#936 = VERTEX_POINT ( 'NONE', #27 ) ;
#937 = CARTESIAN_POINT ( 'NONE',  ( 204.0000000000000284, 136.0000000000000000, 2.500000000000015987 ) ) ;
#938 = CARTESIAN_POINT ( 'NONE',  ( 100.0236182081423095, 129.0000000000000000, 6.712295517321161142 ) ) ;
#939 = DIRECTION ( 'NONE',  ( 0.000000000000000000, -1.000000000000000000, 0.000000000000000000 ) ) ;
#940 = PERSON_AND_ORGANIZATION_ROLE ( 'design_owner' ) ;
#941 = CARTESIAN_POINT ( 'NONE',  ( 173.8808828066634078, 131.8321089467574154, -5.410204680669976618 ) ) ;
#942 = CARTESIAN_POINT ( 'NONE',  ( 183.2820000000000675, 134.9999999999999716, -8.318000000000006722 ) ) ;
#943 = ADVANCED_FACE ( 'NONE', ( #1770 ), #1491, .F. ) ;
#944 = LINE ( 'NONE', #795, #404 ) ;
#945 = CARTESIAN_POINT ( 'NONE',  ( 64.00000000000005684, 157.9999999999999716, 0.000000000000000000 ) ) ;
#946 = ORIENTED_EDGE ( 'NONE', *, *, #787, .F. ) ;
#947 = CYLINDRICAL_SURFACE ( 'NONE', #1539, 1.599999999999990319 ) ;
#948 = CARTESIAN_POINT ( 'NONE',  ( 171.3515436630071349, 137.0475442003458681, -2.499999999999988454 ) ) ;
#949 = APPROVAL_STATUS ( 'not_yet_approved' ) ;
#950 = CARTESIAN_POINT ( 'NONE',  ( 171.5265459762467231, 135.6791471086452532, -3.006787547690294993 ) ) ;
#951 = CARTESIAN_POINT ( 'NONE',  ( 185.0000000000000568, 58.65976054031079912, 0.3981394380920266762 ) ) ;
#952 = CIRCLE ( 'NONE', #584, 1.599999999999990319 ) ;
#953 = CARTESIAN_POINT ( 'NONE',  ( 46.00000000000001421, 145.0000000000000000, 3.999999999999993339 ) ) ;
#954 = ORIENTED_EDGE ( 'NONE', *, *, #1773, .T. ) ;
#955 = CIRCLE ( 'NONE', #834, 1.999999999999998890 ) ;
#956 = CARTESIAN_POINT ( 'NONE',  ( 183.2820000000000675, 136.0000000000000000, 6.718000000000015959 ) ) ;
#957 = VECTOR ( 'NONE', #1846, 1000.000000000000000 ) ;
#958 = CARTESIAN_POINT ( 'NONE',  ( 173.6188347722527112, 138.9005863772484020, -2.500000000000015987 ) ) ;
#959 = COORDINATED_UNIVERSAL_TIME_OFFSET ( 12, 0, .AHEAD. ) ;
#960 = ORIENTED_EDGE ( 'NONE', *, *, #968, .F. ) ;
#961 = VERTEX_POINT ( 'NONE', #774 ) ;
#962 = CARTESIAN_POINT ( 'NONE',  ( 173.2084824394996474, 135.1061290644031487, -3.079094735683709505 ) ) ;
#963 = FACE_OUTER_BOUND ( 'NONE', #139, .T. ) ;
#964 = CARTESIAN_POINT ( 'NONE',  ( 183.2820000000000675, 140.0000000000000000, -6.718000000000015959 ) ) ;
#965 = CARTESIAN_POINT ( 'NONE',  ( 46.00000000000001421, 145.0000000000000000, 3.999999999999993339 ) ) ;
#966 = CARTESIAN_POINT ( 'NONE',  ( 174.3513291739604938, 139.6157489365083109, 2.500000000000015987 ) ) ;
#967 = CARTESIAN_POINT ( 'NONE',  ( 173.5399585643926628, 136.8194104881875717, 4.258377675203539603 ) ) ;
#968 = EDGE_CURVE ( 'NONE', #1363, #603, #39, .T. ) ;
#969 =( NAMED_UNIT ( * ) SI_UNIT ( $, .STERADIAN. ) SOLID_ANGLE_UNIT ( ) );
#970 = ORIENTED_EDGE ( 'NONE', *, *, #368, .F. ) ;
#971 = CARTESIAN_POINT ( 'NONE',  ( 190.0000000000001137, 136.0000000000000000, 0.000000000000000000 ) ) ;
#972 = EDGE_CURVE ( 'NONE', #1501, #1295, #588, .T. ) ;
#973 = CARTESIAN_POINT ( 'NONE',  ( 170.0000000000000284, 137.3004984097191539, -2.500000000000015987 ) ) ;
#974 = DIRECTION ( 'NONE',  ( 0.000000000000000000, -1.000000000000000000, 0.000000000000000000 ) ) ;
#975 = DIRECTION ( 'NONE',  ( 0.000000000000000000, 0.000000000000000000, -1.000000000000000000 ) ) ;
#976 = CARTESIAN_POINT ( 'NONE',  ( 174.0270247341479433, 129.0000000000028990, 5.819283560411656175 ) ) ;
#977 = LINE ( 'NONE', #258, #929 ) ;
#978 = ORIENTED_EDGE ( 'NONE', *, *, #1681, .F. ) ;
#979 = CARTESIAN_POINT ( 'NONE',  ( 173.5339371260135124, 128.7334820549307040, -4.467550354853170091 ) ) ;
#980 = CARTESIAN_POINT ( 'NONE',  ( 110.0000000000000426, 135.0000000000000000, -3.800000000000004707 ) ) ;
#981 = FACE_OUTER_BOUND ( 'NONE', #442, .T. ) ;
#982 = CARTESIAN_POINT ( 'NONE',  ( 185.0000000000000568, 59.96133478782001447, -0.5899447027792742437 ) ) ;
#983 = CARTESIAN_POINT ( 'NONE',  ( 173.4352308654812305, 129.0000000000000000, 4.951417687743386864 ) ) ;
#984 = AXIS2_PLACEMENT_3D ( 'NONE', #166, #1080, #198 ) ;
#985 = CARTESIAN_POINT ( 'NONE',  ( 172.9677529324563068, 137.2657750046269598, -2.234051737352585221 ) ) ;
#986 = AXIS2_PLACEMENT_3D ( 'NONE', #1225, #1496, #155 ) ;
#987 = EDGE_LOOP ( 'NONE', ( #1116, #1262, #922, #1443 ) ) ;
#988 = AXIS2_PLACEMENT_3D ( 'NONE', #1221, #1481, #1210 ) ;
#989 = DIRECTION ( 'NONE',  ( 1.000000000000000000, 0.000000000000000000, 0.000000000000000000 ) ) ;
#990 = AXIS2_PLACEMENT_3D ( 'NONE', #1245, #777, #627 ) ;
#991 = CC_DESIGN_PERSON_AND_ORGANIZATION_ASSIGNMENT ( #1394, #803, ( #1820 ) ) ;
#992 = DIRECTION ( 'NONE',  ( 0.000000000000000000, -1.000000000000000000, 0.000000000000000000 ) ) ;
#993 = ORIENTED_EDGE ( 'NONE', *, *, #805, .T. ) ;
#994 = EDGE_CURVE ( 'NONE', #1054, #94, #1740, .T. ) ;
#995 = CARTESIAN_POINT ( 'NONE',  ( 172.9085813326551886, 129.0000000000000000, 4.592868818786897123 ) ) ;
#996 = CARTESIAN_POINT ( 'NONE',  ( 170.0000000000000853, 138.1372701758696735, -2.044780779625560374 ) ) ;
#997 = EDGE_LOOP ( 'NONE', ( #1707, #400, #514, #663 ) ) ;
#998 = DIRECTION ( 'NONE',  ( 0.000000000000000000, -1.000000000000000000, 0.000000000000000000 ) ) ;
#999 = CARTESIAN_POINT ( 'NONE',  ( 64.00000000000005684, 55.94429781915789590, -0.9507522153523393360 ) ) ;
#1000 = ORIENTED_EDGE ( 'NONE', *, *, #1312, .F. ) ;
#1001 = CARTESIAN_POINT ( 'NONE',  ( 183.2820000000000675, 134.9999999999999716, -5.118000000000025196 ) ) ;
#1002 = CARTESIAN_POINT ( 'NONE',  ( 177.5000000000001137, 140.0000000000000000, -2.500000000000015987 ) ) ;
#1003 = ORIENTED_EDGE ( 'NONE', *, *, #921, .F. ) ;
#1004 = CARTESIAN_POINT ( 'NONE',  ( 172.4755709931759213, 137.5408802674740798, 2.500000000000016431 ) ) ;
#1005 = FACE_OUTER_BOUND ( 'NONE', #781, .T. ) ;
#1006 = ORIENTED_EDGE ( 'NONE', *, *, #463, .F. ) ;
#1007 = CARTESIAN_POINT ( 'NONE',  ( 154.0507010493777216, 129.0000000000000568, -5.140188763272582229 ) ) ;
#1008 = ORIENTED_EDGE ( 'NONE', *, *, #1627, .F. ) ;
#1009 = EDGE_CURVE ( 'NONE', #1147, #568, #216, .T. ) ;
#1010 = AXIS2_PLACEMENT_3D ( 'NONE', #285, #857, #423 ) ;
#1011 = CARTESIAN_POINT ( 'NONE',  ( 110.0000000000000426, 129.0000000000000000, -3.800000000000004707 ) ) ;
#1012 = AXIS2_PLACEMENT_3D ( 'NONE', #1736, #1132, #698 ) ;
#1013 = AXIS2_PLACEMENT_3D ( 'NONE', #1738, #686, #1711 ) ;
#1014 = AXIS2_PLACEMENT_3D ( 'NONE', #1771, #1199, #1053 ) ;
#1015 = CARTESIAN_POINT ( 'NONE',  ( 185.0000000000000568, 136.4856485449861907, 1.196172438485729295 ) ) ;
#1016 = ORIENTED_EDGE ( 'NONE', *, *, #1109, .F. ) ;
#1017 = DIRECTION ( 'NONE',  ( 0.000000000000000000, 0.000000000000000000, 1.000000000000000000 ) ) ;
#1018 = CARTESIAN_POINT ( 'NONE',  ( 204.5000000000002274, 140.0000000000000000, -2.500000000000015987 ) ) ;
#1019 = VERTEX_POINT ( 'NONE', #207 ) ;
#1020 = B_SPLINE_CURVE_WITH_KNOTS ( 'NONE', 3,
 ( #976, #1410, #398, #390, #983, #995, #206, #799 ),
 .UNSPECIFIED., .F., .F.,
 ( 4, 2, 2, 4 ),
 ( 3.773821049980304080E-16, 0.0006328070294219176892, 0.001265614058843457859, 0.002531228117686536681 ),
 .UNSPECIFIED. ) ;
#1021 = CARTESIAN_POINT ( 'NONE',  ( 173.9613514173232431, 130.4339062657028876, -5.639021118415454836 ) ) ;
#1022 = DIRECTION ( 'NONE',  ( -1.000000000000000000, 0.000000000000000000, 0.000000000000000000 ) ) ;
#1023 = EDGE_CURVE ( 'NONE', #502, #1445, #659, .T. ) ;
#1024 = CC_DESIGN_PERSON_AND_ORGANIZATION_ASSIGNMENT ( #1706, #819, ( #1153 ) ) ;
#1025 = EDGE_CURVE ( 'NONE', #1566, #1054, #636, .T. ) ;
#1026 = EDGE_LOOP ( 'NONE', ( #38, #67 ) ) ;
#1027 = CARTESIAN_POINT ( 'NONE',  ( 185.0000000000000568, 129.8332930663974878, 3.807241443524595148 ) ) ;
#1028 = VERTEX_POINT ( 'NONE', #652 ) ;
#1029 = DIRECTION ( 'NONE',  ( 0.000000000000000000, 0.000000000000000000, -1.000000000000000000 ) ) ;
#1030 = CARTESIAN_POINT ( 'NONE',  ( 190.0000000000001137, 140.0000000000000000, 16.99999999999998934 ) ) ;
#1031 = VERTEX_POINT ( 'NONE', #661 ) ;
#1032 = CARTESIAN_POINT ( 'NONE',  ( 171.6632383360857546, 134.1803989720994252, -3.435050509304874655 ) ) ;
#1033 = DIRECTION ( 'NONE',  ( 0.000000000000000000, 0.000000000000000000, 1.000000000000000000 ) ) ;
#1034 = ORIENTED_EDGE ( 'NONE', *, *, #933, .F. ) ;
#1035 = CARTESIAN_POINT ( 'NONE',  ( 185.0000000000000568, 126.2376998857964452, 4.426664173987584938 ) ) ;
#1036 = ORIENTED_EDGE ( 'NONE', *, *, #282, .T. ) ;
#1037 = CARTESIAN_POINT ( 'NONE',  ( 0.000000000000000000, 0.000000000000000000, 4.000000000000003553 ) ) ;
#1038 = VERTEX_POINT ( 'NONE', #1521 ) ;
#1039 = LINE ( 'NONE', #310, #1077 ) ;
#1040 = CARTESIAN_POINT ( 'NONE',  ( 75.00000000000007105, 135.0000000000000000, -4.700000000000002842 ) ) ;
#1041 = VECTOR ( 'NONE', #1106, 1000.000000000000000 ) ;
#1042 = AXIS2_PLACEMENT_3D ( 'NONE', #13, #906, #609 ) ;
#1043 = VERTEX_POINT ( 'NONE', #1251 ) ;
#1044 = AXIS2_PLACEMENT_3D ( 'NONE', #828, #1133, #1286 ) ;
#1045 = ADVANCED_FACE ( 'NONE', ( #47, #1271, #1527, #1242, #199, #642 ), #1838, .T. ) ;
#1046 = CARTESIAN_POINT ( 'NONE',  ( 64.00000000000005684, 89.52099056137808475, -5.389241356348183132 ) ) ;
#1047 = VERTEX_POINT ( 'NONE', #1088 ) ;
#1048 = CIRCLE ( 'NONE', #1792, 1.599999999999990319 ) ;
#1049 = DIRECTION ( 'NONE',  ( 0.000000000000000000, 0.000000000000000000, -1.000000000000000000 ) ) ;
#1050 = CARTESIAN_POINT ( 'NONE',  ( 171.4284683646374106, 137.9484860986796662, 1.971274926261105342 ) ) ;
#1051 = ORIENTED_EDGE ( 'NONE', *, *, #1293, .T. ) ;
#1052 = CARTESIAN_POINT ( 'NONE',  ( 75.00000000000007105, 135.0000000000000000, -4.700000000000002842 ) ) ;
#1053 = DIRECTION ( 'NONE',  ( 0.000000000000000000, 0.000000000000000000, -1.000000000000000000 ) ) ;
#1054 = VERTEX_POINT ( 'NONE', #1694 ) ;
#1055 = CARTESIAN_POINT ( 'NONE',  ( 64.00000000000005684, 112.9641677284163848, -7.274393137804834097 ) ) ;
#1056 = ORIENTED_EDGE ( 'NONE', *, *, #394, .T. ) ;
#1057 = CARTESIAN_POINT ( 'NONE',  ( 175.7171431429143809, 140.0000000000000000, 2.500000000000002220 ) ) ;
#1058 = CARTESIAN_POINT ( 'NONE',  ( 171.3883057511343964, 136.7271627792455035, 2.639985068037232541 ) ) ;
#1059 = CARTESIAN_POINT ( 'NONE',  ( 172.0555992171329365, 129.0000000000000568, -4.485005855479770709 ) ) ;
#1060 = EDGE_CURVE ( 'NONE', #1875, #1065, #409, .T. ) ;
#1061 = CARTESIAN_POINT ( 'NONE',  ( 190.0000000000001137, 129.0000000000000000, 13.99999999999998401 ) ) ;
#1062 = DIRECTION ( 'NONE',  ( 0.000000000000000000, 0.000000000000000000, 1.000000000000000000 ) ) ;
#1063 = ORIENTED_EDGE ( 'NONE', *, *, #342, .T. ) ;
#1064 = CARTESIAN_POINT ( 'NONE',  ( 185.0000000000000568, 108.9702366280472177, 5.070824402975252276 ) ) ;
#1065 = VERTEX_POINT ( 'NONE', #958 ) ;
#1066 = DIRECTION ( 'NONE',  ( 0.000000000000000000, -1.000000000000000000, 0.000000000000000000 ) ) ;
#1067 = LINE ( 'NONE', #1663, #801 ) ;
#1068 = ORIENTED_EDGE ( 'NONE', *, *, #194, .T. ) ;
#1069 = CARTESIAN_POINT ( 'NONE',  ( 170.0000000000000853, 137.7024846981919097, 2.306723637444295427 ) ) ;
#1070 = EDGE_CURVE ( 'NONE', #330, #1395, #1576, .T. ) ;
#1071 = CARTESIAN_POINT ( 'NONE',  ( 173.6188347722523702, 138.9005863772480893, 2.499999999999988454 ) ) ;
#1072 = VECTOR ( 'NONE', #621, 1000.000000000000000 ) ;
#1073 = AXIS2_PLACEMENT_3D ( 'NONE', #1903, #16, #137 ) ;
#1074 = CARTESIAN_POINT ( 'NONE',  ( 185.0000000000000568, 58.00000000000000000, 0.3000000000000085931 ) ) ;
#1075 = ORIENTED_EDGE ( 'NONE', *, *, #1616, .T. ) ;
#1076 = CARTESIAN_POINT ( 'NONE',  ( 173.6188347722527112, 138.9005863772484020, -2.500000000000015987 ) ) ;
#1077 = VECTOR ( 'NONE', #919, 1000.000000000000000 ) ;
#1078 = FACE_OUTER_BOUND ( 'NONE', #287, .T. ) ;
#1079 = CIRCLE ( 'NONE', #1733, 1.599999999999990319 ) ;
#1080 = DIRECTION ( 'NONE',  ( 0.000000000000000000, 1.000000000000000000, 0.000000000000000000 ) ) ;
#1081 = FACE_OUTER_BOUND ( 'NONE', #997, .T. ) ;
#1082 = CARTESIAN_POINT ( 'NONE',  ( 173.5779884973425169, 136.2741645145842142, -4.395477101190172320 ) ) ;
#1083 = ADVANCED_FACE ( 'NONE', ( #1081 ), #348, .F. ) ;
#1084 = EDGE_CURVE ( 'NONE', #322, #913, #671, .T. ) ;
#1085 = CARTESIAN_POINT ( 'NONE',  ( 185.0000000000000568, 59.96133478781999315, 0.5899447027792742437 ) ) ;
#1086 = CARTESIAN_POINT ( 'NONE',  ( 82.01218715489073929, 128.9999999947331162, 7.154584430790968064 ) ) ;
#1087 = VERTEX_POINT ( 'NONE', #522 ) ;
#1088 = CARTESIAN_POINT ( 'NONE',  ( 64.00000000000005684, 128.9999999947331162, 7.562559331487632264 ) ) ;
#1089 = COORDINATED_UNIVERSAL_TIME_OFFSET ( 12, 0, .AHEAD. ) ;
#1090 = DIRECTION ( 'NONE',  ( 0.000000000000000000, 1.000000000000000000, 0.000000000000000000 ) ) ;
#1091 = DIRECTION ( 'NONE',  ( 0.000000000000000000, -1.000000000000000000, 0.000000000000000000 ) ) ;
#1092 = CARTESIAN_POINT ( 'NONE',  ( 173.6188347722527112, 138.9005863772484020, -2.500000000000015987 ) ) ;
#1093 = PLANE ( 'NONE',  #89 ) ;
#1094 = ORIENTED_EDGE ( 'NONE', *, *, #566, .F. ) ;
#1095 = DIRECTION ( 'NONE',  ( 0.000000000000000000, 1.000000000000000000, 0.000000000000000000 ) ) ;
#1096 = CARTESIAN_POINT ( 'NONE',  ( 46.00000000000001421, 129.0000000000000000, 2.999999999999999112 ) ) ;
#1097 = MECHANICAL_CONTEXT ( 'NONE', #1173, 'mechanical' ) ;
#1098 = EDGE_LOOP ( 'NONE', ( #324, #1051, #696, #1141, #711, #1248, #250, #892, #1782, #382 ) ) ;
#1099 = CARTESIAN_POINT ( 'NONE',  ( 170.0000000000000284, 141.0000000000000000, 2.500000000000015987 ) ) ;
#1100 = DIRECTION ( 'NONE',  ( 0.000000000000000000, 1.000000000000000000, 0.000000000000000000 ) ) ;
#1101 = DIRECTION ( 'NONE',  ( 0.000000000000000000, -1.000000000000000000, 0.000000000000000000 ) ) ;
#1102 = ADVANCED_FACE ( 'NONE', ( #1705 ), #380, .T. ) ;
#1103 = AXIS2_PLACEMENT_3D ( 'NONE', #134, #1907, #1741 ) ;
#1104 = DIRECTION ( 'NONE',  ( 0.000000000000000000, 0.3811726336839520446, 0.9245038795648397034 ) ) ;
#1105 = AXIS2_PLACEMENT_3D ( 'NONE', #403, #1896, #564 ) ;
#1106 = DIRECTION ( 'NONE',  ( -1.000000000000000000, 0.000000000000000000, 0.000000000000000000 ) ) ;
#1107 = TOROIDAL_SURFACE ( 'NONE', #1911, 14.49999999999998579, 2.500000000000002220 ) ;
#1108 = CARTESIAN_POINT ( 'NONE',  ( 173.4790593703524166, 137.5000000000000000, 4.007308412345741644 ) ) ;
#1109 = EDGE_CURVE ( 'NONE', #797, #1484, #1542, .T. ) ;
#1110 = PERSON_AND_ORGANIZATION ( #359, #1834 ) ;
#1111 = EDGE_LOOP ( 'NONE', ( #728, #393, #1347, #1634 ) ) ;
#1112 = VECTOR ( 'NONE', #1022, 1000.000000000000000 ) ;
#1113 = CARTESIAN_POINT ( 'NONE',  ( 171.4334858512666244, 136.4460751045821212, -2.754511764176444277 ) ) ;
#1114 = FACE_OUTER_BOUND ( 'NONE', #1175, .T. ) ;
#1115 = CARTESIAN_POINT ( 'NONE',  ( 110.0000000000000426, 135.0000000000000000, -3.800000000000004707 ) ) ;
#1116 = ORIENTED_EDGE ( 'NONE', *, *, #1717, .F. ) ;
#1117 = CARTESIAN_POINT ( 'NONE',  ( 174.9078898792982955, 139.8780317169421608, 2.500000000000015987 ) ) ;
#1118 = CARTESIAN_POINT ( 'NONE',  ( 170.0000000000000853, 137.7024846981918529, -2.306723637444307418 ) ) ;
#1119 = DATE_TIME_ROLE ( 'classification_date' ) ;
#1120 = ORIENTED_EDGE ( 'NONE', *, *, #1811, .F. ) ;
#1121 = EDGE_CURVE ( 'NONE', #961, #1622, #1233, .T. ) ;
#1122 = APPROVAL_PERSON_ORGANIZATION ( #1404, #1343, #1261 ) ;
#1123 = CARTESIAN_POINT ( 'NONE',  ( 173.9634917121582589, 130.3951420134576153, -5.645119908910908535 ) ) ;
#1124 = LINE ( 'NONE', #130, #865 ) ;
#1125 = CARTESIAN_POINT ( 'NONE',  ( 196.7180000000000177, 136.0000000000000000, 6.718000000000015959 ) ) ;
#1126 = CYLINDRICAL_SURFACE ( 'NONE', #1274, 16.99999999999998934 ) ;
#1127 = CARTESIAN_POINT ( 'NONE',  ( 196.7180000000000177, 136.0000000000000000, 8.318000000000006722 ) ) ;
#1128 = CARTESIAN_POINT ( 'NONE',  ( 46.00000000000001421, 129.0000000000000000, -2.499999999999998668 ) ) ;
#1129 = ORIENTED_EDGE ( 'NONE', *, *, #1549, .F. ) ;
#1130 = EDGE_LOOP ( 'NONE', ( #544, #132 ) ) ;
#1131 = EDGE_CURVE ( 'NONE', #1840, #205, #495, .T. ) ;
#1132 = DIRECTION ( 'NONE',  ( 0.000000000000000000, 1.000000000000000000, 0.000000000000000000 ) ) ;
#1133 = DIRECTION ( 'NONE',  ( 0.000000000000000000, -1.000000000000000000, 0.000000000000000000 ) ) ;
#1134 = ORIENTED_EDGE ( 'NONE', *, *, #1749, .F. ) ;
#1135 = B_SPLINE_CURVE_WITH_KNOTS ( 'NONE', 3,
 ( #595, #1499, #296, #150 ),
 .UNSPECIFIED., .F., .F.,
 ( 4, 4 ),
 ( 0.006256117102062463790, 0.007631128195362800633 ),
 .UNSPECIFIED. ) ;
#1136 = DIRECTION ( 'NONE',  ( 0.000000000000000000, -1.000000000000000000, 0.000000000000000000 ) ) ;
#1137 = CIRCLE ( 'NONE', #334, 0.8999999999999980238 ) ;
#1138 = CARTESIAN_POINT ( 'NONE',  ( 173.1041129192599328, 136.8251728820719109, -2.461515720494193538 ) ) ;
#1139 = VECTOR ( 'NONE', #705, 1000.000000000000000 ) ;
#1140 = VERTEX_POINT ( 'NONE', #571 ) ;
#1141 = ORIENTED_EDGE ( 'NONE', *, *, #509, .T. ) ;
#1142 = AXIS2_PLACEMENT_3D ( 'NONE', #1534, #1403, #72 ) ;
#1143 = DIRECTION ( 'NONE',  ( 0.000000000000000000, 0.000000000000000000, -1.000000000000000000 ) ) ;
#1144 = EDGE_CURVE ( 'NONE', #290, #1047, #1894, .T. ) ;
#1145 = EDGE_CURVE ( 'NONE', #568, #1306, #977, .T. ) ;
#1146 = CARTESIAN_POINT ( 'NONE',  ( 110.0000000000000426, 135.0000000000000000, 3.800000000000004707 ) ) ;
#1147 = VERTEX_POINT ( 'NONE', #1002 ) ;
#1148 = CARTESIAN_POINT ( 'NONE',  ( 82.01214186451565524, 128.9999999999995168, -7.154585456302582358 ) ) ;
#1149 = DIRECTION ( 'NONE',  ( -1.000000000000000000, 0.000000000000000000, 0.000000000000000000 ) ) ;
#1150 = ORIENTED_EDGE ( 'NONE', *, *, #873, .T. ) ;
#1151 = ORIENTED_EDGE ( 'NONE', *, *, #405, .T. ) ;
#1152 = DIRECTION ( 'NONE',  ( 0.000000000000000000, 0.000000000000000000, 1.000000000000000000 ) ) ;
#1153 = SECURITY_CLASSIFICATION ( '', '', #523 ) ;
#1154 = DIRECTION ( 'NONE',  ( 1.000000000000000000, 0.000000000000000000, 0.000000000000000000 ) ) ;
#1155 = ORIENTED_EDGE ( 'NONE', *, *, #182, .T. ) ;
#1156 = CARTESIAN_POINT ( 'NONE',  ( 190.0000000000001137, 136.0000000000000000, 0.000000000000000000 ) ) ;
#1157 = CARTESIAN_POINT ( 'NONE',  ( 172.9857709860756643, 138.1885553861180256, -1.561442917386812512 ) ) ;
#1158 = ORIENTED_EDGE ( 'NONE', *, *, #1144, .F. ) ;
#1159 = CARTESIAN_POINT ( 'NONE',  ( 190.0000000000001137, 129.0000000000000000, 0.000000000000000000 ) ) ;
#1160 = LINE ( 'NONE', #1427, #1886 ) ;
#1161 = CARTESIAN_POINT ( 'NONE',  ( 185.0000000000000568, 136.4856485449861339, -1.196172438485729295 ) ) ;
#1162 = VERTEX_POINT ( 'NONE', #1873 ) ;
#1163 = FACE_BOUND ( 'NONE', #545, .T. ) ;
#1164 = CARTESIAN_POINT ( 'NONE',  ( 171.6588174893545045, 138.4967289183067578, 1.485158393557580725 ) ) ;
#1165 = EDGE_LOOP ( 'NONE', ( #719, #884 ) ) ;
#1166 = EDGE_CURVE ( 'NONE', #915, #1038, #267, .T. ) ;
#1167 = CIRCLE ( 'NONE', #1478, 0.8999999999999980238 ) ;
#1168 = DIRECTION ( 'NONE',  ( 0.000000000000000000, 0.000000000000000000, -1.000000000000000000 ) ) ;
#1169 = DIRECTION ( 'NONE',  ( 0.000000000000000000, -1.000000000000000000, 0.000000000000000000 ) ) ;
#1170 = CIRCLE ( 'NONE', #1200, 13.99999999999998757 ) ;
#1171 = VECTOR ( 'NONE', #1314, 1000.000000000000000 ) ;
#1172 = EDGE_LOOP ( 'NONE', ( #229, #42, #1495, #344 ) ) ;
#1173 = APPLICATION_CONTEXT ( 'configuration controlled 3d designs of mechanical parts and assemblies' ) ;
#1174 = CARTESIAN_POINT ( 'NONE',  ( 64.00000000000001421, 124.3977147227123652, -7.625235452124245583 ) ) ;
#1175 = EDGE_LOOP ( 'NONE', ( #1214, #1201, #419, #1299 ) ) ;
#1176 = DIRECTION ( 'NONE',  ( 0.000000000000000000, 0.000000000000000000, 1.000000000000000000 ) ) ;
#1177 = CARTESIAN_POINT ( 'NONE',  ( 173.1698786850197109, 135.7897018191869165, 2.868960654873312421 ) ) ;
#1178 = ORIENTED_EDGE ( 'NONE', *, *, #1309, .T. ) ;
#1179 = CARTESIAN_POINT ( 'NONE',  ( 64.00000000000005684, 156.3633846497057789, -3.116601719992114550 ) ) ;
#1180 = ORIENTED_EDGE ( 'NONE', *, *, #1811, .T. ) ;
#1181 = LOCAL_TIME ( 17, 50, 20.00000000000000000, #83 ) ;
#1182 = CARTESIAN_POINT ( 'NONE',  ( 64.00000000000001421, 148.6696986281261559, -5.636246653250350569 ) ) ;
#1183 = B_SPLINE_CURVE_WITH_KNOTS ( 'NONE', 3,
 ( #1722, #1259, #660, #1713, #1693, #366, #1857, #1554 ),
 .UNSPECIFIED., .F., .F.,
 ( 4, 2, 2, 4 ),
 ( 0.000000000000000000, 0.0006327887795356277939, 0.001265577559071255588, 0.002531155118142580998 ),
 .UNSPECIFIED. ) ;
#1184 = ORIENTED_EDGE ( 'NONE', *, *, #1761, .F. ) ;
#1185 = DIRECTION ( 'NONE',  ( 0.000000000000000000, 0.000000000000000000, -1.000000000000000000 ) ) ;
#1186 = CARTESIAN_POINT ( 'NONE',  ( 173.6902586040975791, 134.7039453631858237, 4.798589435078816301 ) ) ;
#1187 = ORIENTED_EDGE ( 'NONE', *, *, #76, .T. ) ;
#1188 = CARTESIAN_POINT ( 'NONE',  ( 190.0000000000001137, 136.0000000000000000, 4.000000000000003553 ) ) ;
#1189 = DIRECTION ( 'NONE',  ( 0.000000000000000000, 1.000000000000000000, 0.000000000000000000 ) ) ;
#1190 = EDGE_CURVE ( 'NONE', #468, #1906, #1440, .T. ) ;
#1191 = ORIENTED_EDGE ( 'NONE', *, *, #656, .F. ) ;
#1192 = ADVANCED_FACE ( 'NONE', ( #399 ), #181, .F. ) ;
#1193 = CARTESIAN_POINT ( 'NONE',  ( 185.0000000000000568, 85.90164580039258624, -3.651638213388250342 ) ) ;
#1194 = ORIENTED_EDGE ( 'NONE', *, *, #972, .T. ) ;
#1195 = CARTESIAN_POINT ( 'NONE',  ( 190.0000000000001137, 134.9999999999999716, 0.000000000000000000 ) ) ;
#1196 = CARTESIAN_POINT ( 'NONE',  ( 171.3883057511343395, 136.7271627792454467, 2.639985068037258298 ) ) ;
#1197 = CYLINDRICAL_SURFACE ( 'NONE', #140, 13.99999999999998757 ) ;
#1198 = DIRECTION ( 'NONE',  ( 0.000000000000000000, 1.000000000000000000, 0.000000000000000000 ) ) ;
#1199 = DIRECTION ( 'NONE',  ( 0.000000000000000000, -1.000000000000000000, 0.000000000000000000 ) ) ;
#1200 = AXIS2_PLACEMENT_3D ( 'NONE', #1159, #998, #1453 ) ;
#1201 = ORIENTED_EDGE ( 'NONE', *, *, #341, .T. ) ;
#1202 = AXIS2_PLACEMENT_3D ( 'NONE', #518, #1400, #1104 ) ;
#1203 = CARTESIAN_POINT ( 'NONE',  ( 64.00000000000001421, 75.31362101711647483, -3.736219902025671669 ) ) ;
#1204 = VERTEX_POINT ( 'NONE', #1748 ) ;
#1205 = AXIS2_PLACEMENT_3D ( 'NONE', #1670, #1091, #212 ) ;
#1206 = ADVANCED_FACE ( 'NONE', ( #425 ), #520, .F. ) ;
#1207 = DIRECTION ( 'NONE',  ( 1.000000000000000000, 0.000000000000000000, 0.000000000000000000 ) ) ;
#1208 = CARTESIAN_POINT ( 'NONE',  ( 173.5831503081306835, 138.8151875498707000, 2.652436561947422611 ) ) ;
#1209 = CARTESIAN_POINT ( 'NONE',  ( 46.00000000000001421, 129.0000000000000000, 2.999999999999999112 ) ) ;
#1210 = DIRECTION ( 'NONE',  ( 0.000000000000000000, 0.000000000000000000, 1.000000000000000000 ) ) ;
#1211 = LINE ( 'NONE', #1804, #558 ) ;
#1212 = B_SPLINE_CURVE_WITH_KNOTS ( 'NONE', 3,
 ( #251, #535, #1866, #101, #966, #215, #1117, #677, #512, #809 ),
 .UNSPECIFIED., .F., .F.,
 ( 4, 2, 2, 2, 4 ),
 ( 0.0007687545226332543474, 0.001381969644509912273, 0.001995184766386570198, 0.002608399888263228557, 0.003221615010139886482 ),
 .UNSPECIFIED. ) ;
#1213 = APPLICATION_CONTEXT ( 'configuration controlled 3d designs of mechanical parts and assemblies' ) ;
#1214 = ORIENTED_EDGE ( 'NONE', *, *, #488, .T. ) ;
#1215 = CARTESIAN_POINT ( 'NONE',  ( 64.00000000000005684, 131.4247822930463769, 7.532929783100005494 ) ) ;
#1216 = EDGE_LOOP ( 'NONE', ( #1075, #1438, #253, #1583 ) ) ;
#1217 = CARTESIAN_POINT ( 'NONE',  ( 110.0000000000000426, 135.0000000000000000, 4.700000000000002842 ) ) ;
#1218 = CARTESIAN_POINT ( 'NONE',  ( 75.00000000000007105, 135.0000000000000000, -3.800000000000004707 ) ) ;
#1219 = EDGE_CURVE ( 'NONE', #1147, #1484, #751, .T. ) ;
#1220 = CARTESIAN_POINT ( 'NONE',  ( 183.2820000000000675, 134.9999999999999716, 6.718000000000015959 ) ) ;
#1221 = CARTESIAN_POINT ( 'NONE',  ( 190.0000000000001137, 137.5000000000000000, 0.000000000000000000 ) ) ;
#1222 = CARTESIAN_POINT ( 'NONE',  ( 183.2820000000000675, 136.0000000000000000, -8.318000000000006722 ) ) ;
#1223 = CARTESIAN_POINT ( 'NONE',  ( 174.0270247341481138, 129.0000000000000000, -5.819283560411989242 ) ) ;
#1224 = EDGE_LOOP ( 'NONE', ( #1861, #163 ) ) ;
#1225 = CARTESIAN_POINT ( 'NONE',  ( 196.7180000000000177, 134.9999999999999716, 6.718000000000015959 ) ) ;
#1226 = LINE ( 'NONE', #1532, #117 ) ;
#1227 = DIRECTION ( 'NONE',  ( 0.000000000000000000, 1.000000000000000000, 0.000000000000000000 ) ) ;
#1228 = EDGE_CURVE ( 'NONE', #1587, #1868, #610, .T. ) ;
#1229 = DIRECTION ( 'NONE',  ( 0.000000000000000000, -1.000000000000000000, 0.000000000000000000 ) ) ;
#1230 = DATE_AND_TIME ( #1272, #1181 ) ;
#1231 = EDGE_CURVE ( 'NONE', #256, #690, #898, .T. ) ;
#1232 = FACE_OUTER_BOUND ( 'NONE', #1172, .T. ) ;
#1233 = B_SPLINE_CURVE_WITH_KNOTS ( 'NONE', 3,
 ( #190, #1069, #782, #252, #1579, #1433, #996, #1118, #722 ),
 .UNSPECIFIED., .F., .F.,
 ( 4, 1, 1, 1, 1, 1, 4 ),
 ( 0.000000000000000000, 0.001363960813034287463, 0.001524311706826789571, 0.003507011929010369049, 0.005489712151193938336, 0.005650063044986450636, 0.007014023858020708609 ),
 .UNSPECIFIED. ) ;
#1234 = CIRCLE ( 'NONE', #1633, 0.8999999999999980238 ) ;
#1235 = AXIS2_PLACEMENT_3D ( 'NONE', #224, #1246, #1428 ) ;
#1236 = CARTESIAN_POINT ( 'NONE',  ( 64.00000000000005684, 69.17350731388212637, 2.920951520335262508 ) ) ;
#1237 = CARTESIAN_POINT ( 'NONE',  ( 171.3515436630071349, 137.0475442003459250, 2.499999999999988454 ) ) ;
#1238 = AXIS2_PLACEMENT_3D ( 'NONE', #953, #45, #1809 ) ;
#1239 = FACE_OUTER_BOUND ( 'NONE', #888, .T. ) ;
#1240 = VECTOR ( 'NONE', #1917, 1000.000000000000000 ) ;
#1241 = DIRECTION ( 'NONE',  ( 0.000000000000000000, 1.000000000000000000, 0.000000000000000000 ) ) ;
#1242 = FACE_BOUND ( 'NONE', #1490, .T. ) ;
#1243 = DIRECTION ( 'NONE',  ( 0.000000000000000000, -1.000000000000000000, 0.000000000000000000 ) ) ;
#1244 = EDGE_CURVE ( 'NONE', #502, #690, #146, .T. ) ;
#1245 = CARTESIAN_POINT ( 'NONE',  ( 190.0000000000001137, 129.0000000000000000, 0.000000000000000000 ) ) ;
#1246 = DIRECTION ( 'NONE',  ( 0.000000000000000000, -1.000000000000000000, 0.000000000000000000 ) ) ;
#1247 = CARTESIAN_POINT ( 'NONE',  ( 172.0555992171327659, 129.0000000000000000, 4.485005855479798242 ) ) ;
#1248 = ORIENTED_EDGE ( 'NONE', *, *, #1121, .T. ) ;
#1249 = DIRECTION ( 'NONE',  ( 0.000000000000000000, 0.000000000000000000, -1.000000000000000000 ) ) ;
#1250 = LOCAL_TIME ( 17, 50, 20.00000000000000000, #1089 ) ;
#1251 = CARTESIAN_POINT ( 'NONE',  ( 190.0000000000001137, 136.0000000000000000, -13.99999999999998401 ) ) ;
#1252 = ORIENTED_EDGE ( 'NONE', *, *, #44, .F. ) ;
#1253 = EDGE_LOOP ( 'NONE', ( #1036, #1902, #128, #1475 ) ) ;
#1254 = CARTESIAN_POINT ( 'NONE',  ( 173.6288938570132245, 135.5674453840931903, -4.581377435754091287 ) ) ;
#1255 = ADVANCED_FACE ( 'NONE', ( #1800 ), #1569, .F. ) ;
#1256 = FACE_OUTER_BOUND ( 'NONE', #416, .T. ) ;
#1257 = CARTESIAN_POINT ( 'NONE',  ( 172.1841954565957167, 137.2877121305418484, -2.500000000000015987 ) ) ;
#1258 = CARTESIAN_POINT ( 'NONE',  ( 75.00000000000007105, 129.0000000000000000, 3.800000000000004707 ) ) ;
#1259 = CARTESIAN_POINT ( 'NONE',  ( 172.2694322547546903, 129.0000000000000284, -4.476674663428689804 ) ) ;
#1260 = CARTESIAN_POINT ( 'NONE',  ( 176.2250226860442410, 136.0000000000000000, 2.500000000000015987 ) ) ;
#1261 = APPROVAL_ROLE ( '' ) ;
#1262 = ORIENTED_EDGE ( 'NONE', *, *, #592, .T. ) ;
#1263 = CARTESIAN_POINT ( 'NONE',  ( 171.9944951501056778, 130.0608441073792392, -4.338330870267301798 ) ) ;
#1264 = DIRECTION ( 'NONE',  ( 0.000000000000000000, 1.000000000000000000, 0.000000000000000000 ) ) ;
#1265 = CARTESIAN_POINT ( 'NONE',  ( 172.9962623040367191, 138.0959087204570892, -2.500000000000016875 ) ) ;
#1266 = CARTESIAN_POINT ( 'NONE',  ( 204.5000000000000568, 140.0000000000000000, 0.000000000000000000 ) ) ;
#1267 = ADVANCED_FACE ( 'NONE', ( #1078 ), #1093, .F. ) ;
#1268 = AXIS2_PLACEMENT_3D ( 'NONE', #675, #1679, #1720 ) ;
#1269 = CARTESIAN_POINT ( 'NONE',  ( 110.0000000000000426, 129.0000000000000000, 5.600000000000000533 ) ) ;
#1270 = AXIS2_PLACEMENT_3D ( 'NONE', #1882, #421, #975 ) ;
#1271 = FACE_BOUND ( 'NONE', #1367, .T. ) ;
#1272 = CALENDAR_DATE ( 2026, 29, 9 ) ;
#1273 = EDGE_LOOP ( 'NONE', ( #265, #1562 ) ) ;
#1274 = AXIS2_PLACEMENT_3D ( 'NONE', #410, #847, #1589 ) ;
#1275 = DIRECTION ( 'NONE',  ( 0.000000000000000000, 0.000000000000000000, 1.000000000000000000 ) ) ;
#1276 = CARTESIAN_POINT ( 'NONE',  ( 46.00000000000001421, 145.0000000000000000, -3.999999999999993339 ) ) ;
#1277 = CARTESIAN_POINT ( 'NONE',  ( 172.2838376826705655, 137.3685809525676120, -2.500000000000016431 ) ) ;
#1278 = DIRECTION ( 'NONE',  ( 0.000000000000000000, 1.000000000000000000, 0.000000000000000000 ) ) ;
#1279 = PLANE ( 'NONE',  #1383 ) ;
#1280 = ADVANCED_FACE ( 'NONE', ( #1239 ), #1829, .T. ) ;
#1281 = EDGE_CURVE ( 'NONE', #411, #1028, #1226, .T. ) ;
#1282 = CARTESIAN_POINT ( 'NONE',  ( 173.6215778084095405, 138.9071850017552663, -2.488265199978995756 ) ) ;
#1283 = ORIENTED_EDGE ( 'NONE', *, *, #182, .F. ) ;
#1284 = APPROVAL_PERSON_ORGANIZATION ( #679, #1330, #643 ) ;
#1285 = DIRECTION ( 'NONE',  ( 0.000000000000000000, 1.000000000000000000, 0.000000000000000000 ) ) ;
#1286 = DIRECTION ( 'NONE',  ( 0.000000000000000000, 0.000000000000000000, -1.000000000000000000 ) ) ;
#1287 = VERTEX_POINT ( 'NONE', #1258 ) ;
#1288 = DIRECTION ( 'NONE',  ( 0.000000000000000000, 0.000000000000000000, -1.000000000000000000 ) ) ;
#1289 = CARTESIAN_POINT ( 'NONE',  ( 173.4352873400147246, 137.7717677445163531, -3.826849351040910729 ) ) ;
#1290 = VERTEX_POINT ( 'NONE', #1673 ) ;
#1291 = ADVANCED_FACE ( 'NONE', ( #493 ), #364, .F. ) ;
#1292 = CARTESIAN_POINT ( 'NONE',  ( 190.0000000000001137, 140.0000000000000000, -14.49999999999998579 ) ) ;
#1293 = EDGE_CURVE ( 'NONE', #1047, #1871, #31, .T. ) ;
#1294 = DIRECTION ( 'NONE',  ( 0.000000000000000000, 0.000000000000000000, 1.000000000000000000 ) ) ;
#1295 = VERTEX_POINT ( 'NONE', #196 ) ;
#1296 = LINE ( 'NONE', #712, #734 ) ;
#1297 = CARTESIAN_POINT ( 'NONE',  ( 173.0200401227032216, 137.0528178219490201, -2.350152682870494392 ) ) ;
#1298 = CIRCLE ( 'NONE', #1384, 4.000000000000004441 ) ;
#1299 = ORIENTED_EDGE ( 'NONE', *, *, #1511, .F. ) ;
#1300 = AXIS2_PLACEMENT_3D ( 'NONE', #339, #818, #1411 ) ;
#1301 = AXIS2_PLACEMENT_3D ( 'NONE', #1551, #97, #1408 ) ;
#1302 = CARTESIAN_POINT ( 'NONE',  ( 185.0000000000000568, 58.65976054031079912, -0.3981394380920266762 ) ) ;
#1303 = ORIENTED_EDGE ( 'NONE', *, *, #994, .F. ) ;
#1304 = DIRECTION ( 'NONE',  ( 0.000000000000000000, 0.000000000000000000, -1.000000000000000000 ) ) ;
#1305 = CARTESIAN_POINT ( 'NONE',  ( 171.6588174893368830, 138.4967289183209687, -1.485158393546050615 ) ) ;
#1306 = VERTEX_POINT ( 'NONE', #1844 ) ;
#1307 = CARTESIAN_POINT ( 'NONE',  ( 190.0000000000001137, 129.0000000000000000, 0.000000000000000000 ) ) ;
#1308 = CARTESIAN_POINT ( 'NONE',  ( 190.0000000000001137, 140.0000000000000000, 0.000000000000000000 ) ) ;
#1309 = EDGE_CURVE ( 'NONE', #502, #881, #557, .T. ) ;
#1310 = CARTESIAN_POINT ( 'NONE',  ( 185.0000000000000568, 131.4857947446270714, -3.425705399036457877 ) ) ;
#1311 = ORIENTED_EDGE ( 'NONE', *, *, #232, .F. ) ;
#1312 = EDGE_CURVE ( 'NONE', #468, #472, #1668, .T. ) ;
#1313 = LINE ( 'NONE', #1900, #831 ) ;
#1314 = DIRECTION ( 'NONE',  ( -1.000000000000000000, 0.000000000000000000, 0.000000000000000000 ) ) ;
#1315 = ORIENTED_EDGE ( 'NONE', *, *, #1228, .T. ) ;
#1316 = CARTESIAN_POINT ( 'NONE',  ( 173.7398749511825145, 133.9863429200485996, -4.963082127361464480 ) ) ;
#1317 = DIRECTION ( 'NONE',  ( 0.000000000000000000, 1.000000000000000000, 0.000000000000000000 ) ) ;
#1318 = CARTESIAN_POINT ( 'NONE',  ( 64.00000000000005684, 154.2368365333354632, 3.941714452599463847 ) ) ;
#1319 = VERTEX_POINT ( 'NONE', #1702 ) ;
#1320 = DIRECTION ( 'NONE',  ( 0.000000000000000000, -1.000000000000000000, 0.000000000000000000 ) ) ;
#1321 = CARTESIAN_POINT ( 'NONE',  ( 171.3321181202685466, 137.4733871713709163, 2.296079543497040465 ) ) ;
#1322 = ORIENTED_EDGE ( 'NONE', *, *, #1393, .F. ) ;
#1323 = DIRECTION ( 'NONE',  ( -0.000000000000000000, -1.000000000000000000, -0.000000000000000000 ) ) ;
#1324 = DIRECTION ( 'NONE',  ( 0.000000000000000000, 1.000000000000000000, 0.000000000000000000 ) ) ;
#1325 = ORIENTED_EDGE ( 'NONE', *, *, #1060, .T. ) ;
#1326 = CARTESIAN_POINT ( 'NONE',  ( 185.0000000000000568, 91.58069566953629703, -4.140786203762902851 ) ) ;
#1327 = VERTEX_POINT ( 'NONE', #70 ) ;
#1328 = DIRECTION ( 'NONE',  ( 0.000000000000000000, 0.000000000000000000, -1.000000000000000000 ) ) ;
#1329 = CARTESIAN_POINT ( 'NONE',  ( 171.5414049672985470, 135.5337143676597123, 3.050556287363006547 ) ) ;
#1330 = APPROVAL ( #228, 'UNSPECIFIED' ) ;
#1331 = ORIENTED_EDGE ( 'NONE', *, *, #1393, .T. ) ;
#1332 = CARTESIAN_POINT ( 'NONE',  ( 64.00000000000005684, 152.1318062554275912, 4.758478141817255924 ) ) ;
#1333 =( LENGTH_UNIT ( ) NAMED_UNIT ( * ) SI_UNIT ( .MILLI., .METRE. ) );
#1334 = ADVANCED_FACE ( 'NONE', ( #1525 ), #346, .T. ) ;
#1335 = ORIENTED_EDGE ( 'NONE', *, *, #1452, .F. ) ;
#1336 = CARTESIAN_POINT ( 'NONE',  ( 64.00000000000005684, 61.46514737404753959, -1.810631200378116867 ) ) ;
#1337 = ORIENTED_EDGE ( 'NONE', *, *, #1801, .F. ) ;
#1338 = FACE_OUTER_BOUND ( 'NONE', #611, .T. ) ;
#1339 = DIRECTION ( 'NONE',  ( 0.000000000000000000, 1.000000000000000000, 0.000000000000000000 ) ) ;
#1340 = DIRECTION ( 'NONE',  ( 0.000000000000000000, -1.000000000000000000, 0.000000000000000000 ) ) ;
#1341 = CARTESIAN_POINT ( 'NONE',  ( 176.2250226860442410, 136.0000000000000000, 2.500000000000015987 ) ) ;
#1342 = CARTESIAN_POINT ( 'NONE',  ( 75.00000000000007105, 129.0000000000000000, -5.600000000000000533 ) ) ;
#1343 = APPROVAL ( #73, 'UNSPECIFIED' ) ;
#1344 = EDGE_CURVE ( 'NONE', #1517, #1479, #1451, .T. ) ;
#1345 = ORIENTED_EDGE ( 'NONE', *, *, #1595, .T. ) ;
#1346 = CARTESIAN_POINT ( 'NONE',  ( 64.00000000000005684, 66.36377286558932553, -2.529180263332982737 ) ) ;
#1347 = ORIENTED_EDGE ( 'NONE', *, *, #1166, .T. ) ;
#1348 = CYLINDRICAL_SURFACE ( 'NONE', #706, 1.599999999999990319 ) ;
#1349 = CARTESIAN_POINT ( 'NONE',  ( 172.9620897426596287, 138.0763839444024086, 1.664283327814105373 ) ) ;
#1350 = DIRECTION ( 'NONE',  ( 0.000000000000000000, 0.000000000000000000, -1.000000000000000000 ) ) ;
#1351 = CARTESIAN_POINT ( 'NONE',  ( 64.00000000000005684, 158.6226686892998146, 0.000000000000000000 ) ) ;
#1352 = CARTESIAN_POINT ( 'NONE',  ( 172.0555992171327659, 129.0000000000000000, 4.485005855479798242 ) ) ;
#1353 = CIRCLE ( 'NONE', #524, 2.500000000000002220 ) ;
#1354 = TOROIDAL_SURFACE ( 'NONE', #1012, 14.49999999999998579, 2.500000000000002220 ) ;
#1355 = ORIENTED_EDGE ( 'NONE', *, *, #656, .T. ) ;
#1356 = AXIS2_PLACEMENT_3D ( 'NONE', #1266, #533, #389 ) ;
#1357 = EDGE_CURVE ( 'NONE', #1031, #1468, #1691, .T. ) ;
#1358 = CARTESIAN_POINT ( 'NONE',  ( 185.0000000000000568, 100.3492503684683328, 4.736179191705478075 ) ) ;
#1359 = ORIENTED_EDGE ( 'NONE', *, *, #704, .T. ) ;
#1360 = CIRCLE ( 'NONE', #1914, 0.8999999999999980238 ) ;
#1361 = CARTESIAN_POINT ( 'NONE',  ( 175.7171431429143809, 140.0000000000000000, -2.500000000000002220 ) ) ;
#1362 = DIRECTION ( 'NONE',  ( 0.000000000000000000, 1.000000000000000000, 0.000000000000000000 ) ) ;
#1363 = VERTEX_POINT ( 'NONE', #1378 ) ;
#1364 = CARTESIAN_POINT ( 'NONE',  ( 171.3883057511344532, 136.7271627792454467, 2.639985068037267624 ) ) ;
#1365 = CARTESIAN_POINT ( 'NONE',  ( 110.0000000000000426, 135.0000000000000000, -4.700000000000002842 ) ) ;
#1366 = CARTESIAN_POINT ( 'NONE',  ( 64.00000000000000000, 52.44290321668560750, 0.3742775483541530002 ) ) ;
#1367 = EDGE_LOOP ( 'NONE', ( #835, #1899, #1640, #829, #1000, #158 ) ) ;
#1368 = EDGE_CURVE ( 'NONE', #1140, #1204, #213, .T. ) ;
#1369 = DIRECTION ( 'NONE',  ( 0.000000000000000000, 0.000000000000000000, 1.000000000000000000 ) ) ;
#1370 = LOCAL_TIME ( 17, 50, 20.00000000000000000, #56 ) ;
#1371 = CARTESIAN_POINT ( 'NONE',  ( 163.0541136130354403, 129.0000000000000000, 4.835714549266810103 ) ) ;
#1372 = CYLINDRICAL_SURFACE ( 'NONE', #1880, 1.599999999999990319 ) ;
#1373 = CARTESIAN_POINT ( 'NONE',  ( 173.9611494843341006, 130.4383152554187006, 5.638466845606987299 ) ) ;
#1374 = CARTESIAN_POINT ( 'NONE',  ( 171.8782093264162256, 131.6196456816496152, 4.048133863100768615 ) ) ;
#1375 = CARTESIAN_POINT ( 'NONE',  ( 173.5382847400586570, 136.8023522226750117, -4.245309607393588536 ) ) ;
#1376 = CARTESIAN_POINT ( 'NONE',  ( 64.00000000000005684, 120.5862565036926242, 7.557802489930355527 ) ) ;
#1377 = DIRECTION ( 'NONE',  ( 0.000000000000000000, 0.000000000000000000, -1.000000000000000000 ) ) ;
#1378 = CARTESIAN_POINT ( 'NONE',  ( 190.0000000000001137, 136.0000000000000000, -4.000000000000003553 ) ) ;
#1379 = ORIENTED_EDGE ( 'NONE', *, *, #1231, .T. ) ;
#1380 = CARTESIAN_POINT ( 'NONE',  ( 173.5489633833522305, 138.7316920062393706, -2.799323624569307611 ) ) ;
#1381 = CALENDAR_DATE ( 2026, 29, 9 ) ;
#1382 = CARTESIAN_POINT ( 'NONE',  ( 183.2820000000000675, 134.9999999999999716, -6.718000000000015959 ) ) ;
#1383 = AXIS2_PLACEMENT_3D ( 'NONE', #412, #1545, #542 ) ;
#1384 = AXIS2_PLACEMENT_3D ( 'NONE', #815, #1101, #203 ) ;
#1385 = CARTESIAN_POINT ( 'NONE',  ( 185.0000000000000568, 111.7986220736899980, 5.114700798845920104 ) ) ;
#1386 = DIRECTION ( 'NONE',  ( 0.000000000000000000, 0.000000000000000000, -1.000000000000000000 ) ) ;
#1387 = VECTOR ( 'NONE', #877, 1000.000000000000000 ) ;
#1388 = CARTESIAN_POINT ( 'NONE',  ( 190.0000000000001137, 129.0000000000000000, 0.000000000000000000 ) ) ;
#1389 = CIRCLE ( 'NONE', #804, 1.599999999999990319 ) ;
#1390 = VERTEX_POINT ( 'NONE', #1218 ) ;
#1391 = CARTESIAN_POINT ( 'NONE',  ( 196.7180000000000177, 140.0000000000000000, -6.718000000000015959 ) ) ;
#1392 = CARTESIAN_POINT ( 'NONE',  ( 171.9768915287793618, 130.3065856789392569, -4.294547756126442906 ) ) ;
#1393 = EDGE_CURVE ( 'NONE', #1295, #1506, #1067, .T. ) ;
#1394 = PERSON_AND_ORGANIZATION ( #359, #1834 ) ;
#1395 = VERTEX_POINT ( 'NONE', #928 ) ;
#1396 = CARTESIAN_POINT ( 'NONE',  ( 173.6162541498275402, 135.7443087242594970, -4.535988377768173763 ) ) ;
#1397 = ADVANCED_FACE ( 'NONE', ( #1519 ), #1817, .F. ) ;
#1398 = CARTESIAN_POINT ( 'NONE',  ( 185.0000000000000568, 58.32966694730094304, 0.3490379872527621385 ) ) ;
#1399 = CARTESIAN_POINT ( 'NONE',  ( 190.0000000000001137, 140.0000000000000000, -4.000000000000003553 ) ) ;
#1400 = DIRECTION ( 'NONE',  ( -0.09206432239607099943, 0.9205775689351307634, -0.3795538171527679250 ) ) ;
#1401 = CARTESIAN_POINT ( 'NONE',  ( 183.2820000000000675, 136.0000000000000000, -5.118000000000025196 ) ) ;
#1402 = AXIS2_PLACEMENT_3D ( 'NONE', #200, #662, #504 ) ;
#1403 = DIRECTION ( 'NONE',  ( 0.000000000000000000, -1.000000000000000000, 0.000000000000000000 ) ) ;
#1404 = PERSON_AND_ORGANIZATION ( #359, #1834 ) ;
#1405 = ORIENTED_EDGE ( 'NONE', *, *, #408, .F. ) ;
#1406 = DIRECTION ( 'NONE',  ( 0.000000000000000000, 0.000000000000000000, -1.000000000000000000 ) ) ;
#1407 = ADVANCED_FACE ( 'NONE', ( #855 ), #1107, .T. ) ;
#1408 = DIRECTION ( 'NONE',  ( 0.000000000000000000, 0.000000000000000000, 1.000000000000000000 ) ) ;
#1409 = CARTESIAN_POINT ( 'NONE',  ( 110.0000000000000426, 129.0000000000000000, -5.600000000000000533 ) ) ;
#1410 = CARTESIAN_POINT ( 'NONE',  ( 173.9537835002976180, 128.9999999999999432, 5.618248432188920560 ) ) ;
#1411 = DIRECTION ( 'NONE',  ( 0.000000000000000000, 0.000000000000000000, 1.000000000000000000 ) ) ;
#1412 = COORDINATED_UNIVERSAL_TIME_OFFSET ( 12, 0, .AHEAD. ) ;
#1413 = ORIENTED_EDGE ( 'NONE', *, *, #800, .F. ) ;
#1414 = ORIENTED_EDGE ( 'NONE', *, *, #1677, .F. ) ;
#1415 = CARTESIAN_POINT ( 'NONE',  ( 172.0752030622623181, 128.6682623476463050, -4.532278284872440999 ) ) ;
#1416 = FACE_OUTER_BOUND ( 'NONE', #1111, .T. ) ;
#1417 = VECTOR ( 'NONE', #81, 1000.000000000000000 ) ;
#1418 = EDGE_CURVE ( 'NONE', #1557, #1520, #273, .T. ) ;
#1419 = CIRCLE ( 'NONE', #1235, 1.599999999999990319 ) ;
#1420 = CARTESIAN_POINT ( 'NONE',  ( 64.00000000000005684, 54.63511737365565324, -0.7392085161886177147 ) ) ;
#1421 = DIRECTION ( 'NONE',  ( 0.000000000000000000, -1.000000000000000000, 0.000000000000000000 ) ) ;
#1422 = VECTOR ( 'NONE', #851, 1000.000000000000000 ) ;
#1423 = CARTESIAN_POINT ( 'NONE',  ( 173.4733761692408223, 138.3898652244509151, -3.234225898277087285 ) ) ;
#1424 = ORIENTED_EDGE ( 'NONE', *, *, #708, .F. ) ;
#1425 = ORIENTED_EDGE ( 'NONE', *, *, #1145, .F. ) ;
#1426 = CARTESIAN_POINT ( 'NONE',  ( 171.4784782362317515, 137.0237699197436143, 2.499999999999988898 ) ) ;
#1427 = CARTESIAN_POINT ( 'NONE',  ( 196.7180000000000177, 134.9999999999999716, 5.118000000000025196 ) ) ;
#1428 = DIRECTION ( 'NONE',  ( 0.000000000000000000, 0.000000000000000000, -1.000000000000000000 ) ) ;
#1429 = CARTESIAN_POINT ( 'NONE',  ( 190.0000000000001137, 129.0000000000000000, -16.99999999999998579 ) ) ;
#1430 = ADVANCED_FACE ( 'NONE', ( #415, #692, #249, #1444, #1891, #1005 ), #1745, .F. ) ;
#1431 = ORIENTED_EDGE ( 'NONE', *, *, #968, .T. ) ;
#1432 = CARTESIAN_POINT ( 'NONE',  ( 177.5000000000000284, 140.0000000000000000, 0.000000000000000000 ) ) ;
#1433 = CARTESIAN_POINT ( 'NONE',  ( 170.0000000000000853, 139.0813022358196349, -1.252881900729479803 ) ) ;
#1434 = ORIENTED_EDGE ( 'NONE', *, *, #1717, .T. ) ;
#1435 = CC_DESIGN_APPROVAL ( #1343, ( #387 ) ) ;
#1436 = CARTESIAN_POINT ( 'NONE',  ( 173.8791510908280884, 131.8599695380441119, -5.404963799336075070 ) ) ;
#1437 = CARTESIAN_POINT ( 'NONE',  ( 196.7180000000000177, 136.0000000000000000, -6.718000000000015959 ) ) ;
#1438 = ORIENTED_EDGE ( 'NONE', *, *, #1531, .T. ) ;
#1439 = DIRECTION ( 'NONE',  ( 0.000000000000000000, 0.000000000000000000, -1.000000000000000000 ) ) ;
#1440 = LINE ( 'NONE', #1128, #1171 ) ;
#1441 = VERTEX_POINT ( 'NONE', #559 ) ;
#1442 = CARTESIAN_POINT ( 'NONE',  ( 172.8296845712517609, 137.9058224869420144, 2.500000000000016431 ) ) ;
#1443 = ORIENTED_EDGE ( 'NONE', *, *, #1890, .F. ) ;
#1444 = FACE_BOUND ( 'NONE', #365, .T. ) ;
#1445 = VERTEX_POINT ( 'NONE', #98 ) ;
#1446 = FACE_OUTER_BOUND ( 'NONE', #747, .T. ) ;
#1447 = AXIS2_PLACEMENT_3D ( 'NONE', #1156, #1885, #1304 ) ;
#1448 = CARTESIAN_POINT ( 'NONE',  ( 171.5895853268567919, 138.3700619000692882, -1.613060330531603803 ) ) ;
#1449 = ORIENTED_EDGE ( 'NONE', *, *, #1109, .T. ) ;
#1450 = EDGE_LOOP ( 'NONE', ( #925, #219, #1503, #845 ) ) ;
#1451 = CIRCLE ( 'NONE', #1514, 16.99999999999998934 ) ;
#1452 = EDGE_CURVE ( 'NONE', #1287, #1028, #1884, .T. ) ;
#1453 = DIRECTION ( 'NONE',  ( 0.000000000000000000, 0.000000000000000000, -1.000000000000000000 ) ) ;
#1454 = VECTOR ( 'NONE', #992, 1000.000000000000000 ) ;
#1455 = CARTESIAN_POINT ( 'NONE',  ( 185.0000000000000568, 134.0016964467834555, -2.702374481606637069 ) ) ;
#1456 = ORIENTED_EDGE ( 'NONE', *, *, #1023, .F. ) ;
#1457 = PLANE ( 'NONE',  #1571 ) ;
#1458 = CARTESIAN_POINT ( 'NONE',  ( 174.0293986923364855, 128.9480208311251488, 5.825795556973755396 ) ) ;
#1459 = ORIENTED_EDGE ( 'NONE', *, *, #488, .F. ) ;
#1460 = B_SPLINE_CURVE_WITH_KNOTS ( 'NONE', 3,
 ( #1352, #920, #1374, #28, #596, #754, #151, #624, #17, #613 ),
 .UNSPECIFIED., .F., .F.,
 ( 4, 2, 2, 2, 4 ),
 ( 0.07199904661710464226, 0.07597746840235640453, 0.07796667929498232730, 0.07896128474129524011, 0.07995589018760816680 ),
 .UNSPECIFIED. ) ;
#1461 = CARTESIAN_POINT ( 'NONE',  ( 190.0000000000001137, 140.0000000000000000, -16.99999999999998934 ) ) ;
#1462 = LINE ( 'NONE', #880, #375 ) ;
#1463 = EDGE_CURVE ( 'NONE', #1140, #525, #683, .T. ) ;
#1464 = CARTESIAN_POINT ( 'NONE',  ( 64.00000000000005684, 150.8759940062182068, 5.069319609450582576 ) ) ;
#1465 = ORIENTED_EDGE ( 'NONE', *, *, #217, .T. ) ;
#1466 = CARTESIAN_POINT ( 'NONE',  ( 190.0000000000001137, 137.5000000000000000, 14.49999999999998934 ) ) ;
#1467 = DIRECTION ( 'NONE',  ( 0.000000000000000000, 0.000000000000000000, 1.000000000000000000 ) ) ;
#1468 = VERTEX_POINT ( 'NONE', #115 ) ;
#1469 = CARTESIAN_POINT ( 'NONE',  ( 171.5502127799270511, 135.4605106223469306, -3.074592517423727411 ) ) ;
#1470 = CARTESIAN_POINT ( 'NONE',  ( 190.0000000000001137, 136.0000000000000000, 0.000000000000000000 ) ) ;
#1471 = ORIENTED_EDGE ( 'NONE', *, *, #1281, .T. ) ;
#1472 = EDGE_CURVE ( 'NONE', #422, #433, #567, .T. ) ;
#1473 = CARTESIAN_POINT ( 'NONE',  ( 185.0000000000000568, 108.9702366280472319, -5.070824402975252276 ) ) ;
#1474 = ADVANCED_FACE ( 'NONE', ( #1855 ), #710, .F. ) ;
#1475 = ORIENTED_EDGE ( 'NONE', *, *, #394, .F. ) ;
#1476 = DIRECTION ( 'NONE',  ( -1.000000000000000000, 0.000000000000000000, 0.000000000000000000 ) ) ;
#1477 = CARTESIAN_POINT ( 'NONE',  ( 171.3246486673803304, 137.1232049216939686, 2.478621186390095321 ) ) ;
#1478 = AXIS2_PLACEMENT_3D ( 'NONE', #842, #688, #550 ) ;
#1479 = VERTEX_POINT ( 'NONE', #1429 ) ;
#1480 = AXIS2_PLACEMENT_3D ( 'NONE', #1382, #209, #1275 ) ;
#1481 = DIRECTION ( 'NONE',  ( 0.000000000000000000, 1.000000000000000000, 0.000000000000000000 ) ) ;
#1482 = DIRECTION ( 'NONE',  ( 0.000000000000000000, 0.000000000000000000, -1.000000000000000000 ) ) ;
#1483 = AXIS2_PLACEMENT_3D ( 'NONE', #1437, #541, #1864 ) ;
#1484 = VERTEX_POINT ( 'NONE', #548 ) ;
#1485 = CARTESIAN_POINT ( 'NONE',  ( 64.00000000000005684, 134.8664053117379069, 7.391924922871936587 ) ) ;
#1486 = VERTEX_POINT ( 'NONE', #1597 ) ;
#1487 = CARTESIAN_POINT ( 'NONE',  ( 174.1802078229496828, 139.4984735388263459, -2.500000000000015987 ) ) ;
#1488 = ADVANCED_FACE ( 'NONE', ( #816 ), #1729, .T. ) ;
#1489 = CARTESIAN_POINT ( 'NONE',  ( 173.5371947644539148, 136.8161454044971492, 4.241072059080381429 ) ) ;
#1490 = EDGE_LOOP ( 'NONE', ( #106, #1311 ) ) ;
#1491 = CYLINDRICAL_SURFACE ( 'NONE', #707, 0.8999999999999980238 ) ;
#1492 = CARTESIAN_POINT ( 'NONE',  ( 170.0000000000000284, 137.3004984097191539, -2.500000000000015987 ) ) ;
#1493 = ORIENTED_EDGE ( 'NONE', *, *, #933, .T. ) ;
#1494 = CARTESIAN_POINT ( 'NONE',  ( 64.00000000000001421, 157.4239216510432016, 1.653628767251984932 ) ) ;
#1495 = ORIENTED_EDGE ( 'NONE', *, *, #384, .T. ) ;
#1496 = DIRECTION ( 'NONE',  ( 0.000000000000000000, 1.000000000000000000, 0.000000000000000000 ) ) ;
#1497 = CARTESIAN_POINT ( 'NONE',  ( 173.5093278697576409, 137.1617291228410807, 4.132096432174787282 ) ) ;
#1498 = FACE_OUTER_BOUND ( 'NONE', #401, .T. ) ;
#1499 = CARTESIAN_POINT ( 'NONE',  ( 170.9010401970838586, 137.1319214944047644, 2.500000000000015987 ) ) ;
#1500 = CARTESIAN_POINT ( 'NONE',  ( 171.3515436630071349, 137.0475442003458681, -2.499999999999988454 ) ) ;
#1501 = VERTEX_POINT ( 'NONE', #1115 ) ;
#1502 = LINE ( 'NONE', #733, #1544 ) ;
#1503 = ORIENTED_EDGE ( 'NONE', *, *, #1368, .T. ) ;
#1504 = DIRECTION ( 'NONE',  ( 0.000000000000000000, 0.000000000000000000, 1.000000000000000000 ) ) ;
#1505 = CARTESIAN_POINT ( 'NONE',  ( 173.1418044435918375, 136.2606672836562609, 2.706261854394524491 ) ) ;
#1506 = VERTEX_POINT ( 'NONE', #1409 ) ;
#1507 = DIRECTION ( 'NONE',  ( 0.000000000000000000, -1.000000000000000000, 0.000000000000000000 ) ) ;
#1508 = DIRECTION ( 'NONE',  ( 0.000000000000000000, 1.000000000000000000, 0.000000000000000000 ) ) ;
#1509 = ADVANCED_FACE ( 'NONE', ( #264 ), #1126, .T. ) ;
#1510 = VECTOR ( 'NONE', #1755, 1000.000000000000000 ) ;
#1511 = EDGE_CURVE ( 'NONE', #1395, #1162, #80, .T. ) ;
#1512 = AXIS2_PLACEMENT_3D ( 'NONE', #1558, #220, #1406 ) ;
#1513 = ORIENTED_EDGE ( 'NONE', *, *, #232, .T. ) ;
#1514 = AXIS2_PLACEMENT_3D ( 'NONE', #1543, #37, #658 ) ;
#1515 = ADVANCED_FACE ( 'NONE', ( #105 ), #746, .T. ) ;
#1516 = CARTESIAN_POINT ( 'NONE',  ( 64.00000000000000000, 54.63511737365566745, 0.7392085161886317035 ) ) ;
#1517 = VERTEX_POINT ( 'NONE', #1223 ) ;
#1518 = DIRECTION ( 'NONE',  ( 0.000000000000000000, 1.000000000000000000, 0.000000000000000000 ) ) ;
#1519 = FACE_OUTER_BOUND ( 'NONE', #1216, .T. ) ;
#1520 = VERTEX_POINT ( 'NONE', #1678 ) ;
#1521 = CARTESIAN_POINT ( 'NONE',  ( 190.0000000000001137, 136.0000000000000000, 13.99999999999998401 ) ) ;
#1522 = CARTESIAN_POINT ( 'NONE',  ( 170.0000000000000284, 129.0000000000000000, -2.500000000000015987 ) ) ;
#1523 = CARTESIAN_POINT ( 'NONE',  ( 185.0000000000000568, 91.58069566953631124, 4.140786203762902851 ) ) ;
#1524 = CYLINDRICAL_SURFACE ( 'NONE', #1698, 0.8999999999999980238 ) ;
#1525 = FACE_OUTER_BOUND ( 'NONE', #125, .T. ) ;
#1526 = CARTESIAN_POINT ( 'NONE',  ( 196.7180000000000177, 134.9999999999999716, 6.718000000000015959 ) ) ;
#1527 = FACE_BOUND ( 'NONE', #856, .T. ) ;
#1528 = CARTESIAN_POINT ( 'NONE',  ( 171.7238009271068506, 133.4836586275073103, -3.613688463460394296 ) ) ;
#1529 = CARTESIAN_POINT ( 'NONE',  ( 185.0000000000000568, 83.10329487889875111, 3.384818266992523306 ) ) ;
#1530 = DIRECTION ( 'NONE',  ( 0.000000000000000000, 0.000000000000000000, -1.000000000000000000 ) ) ;
#1531 = EDGE_CURVE ( 'NONE', #1840, #1557, #41, .T. ) ;
#1532 = CARTESIAN_POINT ( 'NONE',  ( 75.00000000000007105, 135.0000000000000000, 5.600000000000000533 ) ) ;
#1533 = ORIENTED_EDGE ( 'NONE', *, *, #102, .T. ) ;
#1534 = CARTESIAN_POINT ( 'NONE',  ( 110.0000000000000426, 135.0000000000000000, 4.700000000000002842 ) ) ;
#1535 = EDGE_CURVE ( 'NONE', #152, #1776, #530, .T. ) ;
#1536 = CALENDAR_DATE ( 2026, 29, 9 ) ;
#1537 = DESIGN_CONTEXT ( 'detailed design', #1213, 'design' ) ;
#1538 = LINE ( 'NONE', #1099, #1881 ) ;
#1539 = AXIS2_PLACEMENT_3D ( 'NONE', #1526, #1227, #1818 ) ;
#1540 = CIRCLE ( 'NONE', #431, 13.99999999999998757 ) ;
#1541 = CARTESIAN_POINT ( 'NONE',  ( 64.00000000000001421, 101.1415416196256274, 6.479351343665461727 ) ) ;
#1542 = CIRCLE ( 'NONE', #1701, 14.49999999999998934 ) ;
#1543 = CARTESIAN_POINT ( 'NONE',  ( 190.0000000000001137, 129.0000000000000000, 0.000000000000000000 ) ) ;
#1544 = VECTOR ( 'NONE', #222, 1000.000000000000000 ) ;
#1545 = DIRECTION ( 'NONE',  ( 0.000000000000000000, 0.000000000000000000, -1.000000000000000000 ) ) ;
#1546 = CARTESIAN_POINT ( 'NONE',  ( 177.5000000000001137, 141.0000000000000000, -2.500000000000015987 ) ) ;
#1547 = CALENDAR_DATE ( 2026, 29, 9 ) ;
#1548 = ORIENTED_EDGE ( 'NONE', *, *, #1876, .T. ) ;
#1549 = EDGE_CURVE ( 'NONE', #1479, #256, #622, .T. ) ;
#1550 = CARTESIAN_POINT ( 'NONE',  ( 173.1989795271714172, 135.2762344936167551, -3.028828400127539400 ) ) ;
#1551 = CARTESIAN_POINT ( 'NONE',  ( 190.0000000000001137, 134.9999999999999716, 0.000000000000000000 ) ) ;
#1552 = CARTESIAN_POINT ( 'NONE',  ( 173.3195990563576458, 138.4883718019897003, -2.500000000000015543 ) ) ;
#1553 = CARTESIAN_POINT ( 'NONE',  ( 196.7180000000000177, 134.9999999999999716, -5.118000000000025196 ) ) ;
#1554 = CARTESIAN_POINT ( 'NONE',  ( 174.0270247341481138, 129.0000000000000000, -5.819283560411989242 ) ) ;
#1555 = CARTESIAN_POINT ( 'NONE',  ( 173.6898473009900385, 134.7097793926519387, 4.797160735945305454 ) ) ;
#1556 = APPLICATION_PROTOCOL_DEFINITION ( 'international standard', 'config_control_design', 1994, #1173 ) ;
#1557 = VERTEX_POINT ( 'NONE', #1833 ) ;
#1558 = CARTESIAN_POINT ( 'NONE',  ( 110.0000000000000426, 129.0000000000000000, 4.700000000000002842 ) ) ;
#1559 = CARTESIAN_POINT ( 'NONE',  ( 190.0000000000001137, 136.0000000000000000, 0.000000000000000000 ) ) ;
#1560 = CARTESIAN_POINT ( 'NONE',  ( 75.00000000000007105, 135.0000000000000000, 3.800000000000004707 ) ) ;
#1561 = CARTESIAN_POINT ( 'NONE',  ( 64.00000000000005684, 52.88637962628122580, -0.4486512246263049675 ) ) ;
#1562 = ORIENTED_EDGE ( 'NONE', *, *, #18, .F. ) ;
#1563 = CARTESIAN_POINT ( 'NONE',  ( 196.7180000000000177, 140.0000000000000000, 8.318000000000006722 ) ) ;
#1564 = CARTESIAN_POINT ( 'NONE',  ( 171.3246486673817799, 137.1232049216897906, -2.478621186391790410 ) ) ;
#1565 = APPROVAL_ROLE ( '' ) ;
#1566 = VERTEX_POINT ( 'NONE', #507 ) ;
#1567 = CARTESIAN_POINT ( 'NONE',  ( 171.5741000341797076, 135.1821115454843039, -3.153679358637904606 ) ) ;
#1568 = EDGE_CURVE ( 'NONE', #1028, #1287, #407, .T. ) ;
#1569 =( BOUNDED_SURFACE ( )  B_SPLINE_SURFACE ( 3, 2, ( 
 ( #1196, #1787, #135 ),
 ( #1477, #466, #730 ),
 ( #1321, #294, #145 ),
 ( #1050, #1644, #326 ),
 ( #1901, #1910, #619 ),
 ( #316, #165, #759 ),
 ( #1164, #1349, #1208 ),
 ( #476, #808, #354 ) ),
 .UNSPECIFIED., .F., .F., .F. ) 
 B_SPLINE_SURFACE_WITH_KNOTS ( ( 4, 2, 2, 4 ),
 ( 3, 3 ),
 ( 0.02701536304827267809, 0.02858419330973808320, 0.02936860844047078575, 0.03015302357120348831 ),
 ( 0.000000000000000000, 1.000000000000000000 ),
 .UNSPECIFIED. ) 
 GEOMETRIC_REPRESENTATION_ITEM ( )  RATIONAL_B_SPLINE_SURFACE ( (
 ( 1.000000000000000000, 0.7567157163547307830, 1.000000000000000000),
 ( 1.000000000000000000, 0.7632425621055213272, 1.000000000000000000),
 ( 1.000000000000000000, 0.7723845923483119158, 1.000000000000000000),
 ( 1.000000000000000000, 0.7918076009848998842, 1.000000000000000000),
 ( 1.000000000000000000, 0.7991046893131769080, 1.000000000000000000),
 ( 1.000000000000000000, 0.8146804089459830367, 1.000000000000000000),
 ( 1.000000000000000000, 0.8229768132599134534, 1.000000000000000000),
 ( 1.000000000000000000, 0.8319134762214719370, 1.000000000000000000) ) ) 
 REPRESENTATION_ITEM ( '' )  SURFACE ( )  );
#1570 = CARTESIAN_POINT ( 'NONE',  ( 183.2820000000000675, 134.9999999999999716, 5.118000000000025196 ) ) ;
#1571 = AXIS2_PLACEMENT_3D ( 'NONE', #570, #118, #1017 ) ;
#1572 = CC_DESIGN_DATE_AND_TIME_ASSIGNMENT ( #537, #1119, ( #1153 ) ) ;
#1573 = CARTESIAN_POINT ( 'NONE',  ( 172.5637490876702032, 137.6285571802645791, -2.500000000000016431 ) ) ;
#1574 = CIRCLE ( 'NONE', #304, 1.599999999999990319 ) ;
#1575 = DIRECTION ( 'NONE',  ( 0.000000000000000000, 0.000000000000000000, 1.000000000000000000 ) ) ;
#1576 = CIRCLE ( 'NONE', #210, 0.8999999999999980238 ) ;
#1577 = LINE ( 'NONE', #830, #1417 ) ;
#1578 = CIRCLE ( 'NONE', #1639, 13.99999999999998757 ) ;
#1579 = CARTESIAN_POINT ( 'NONE',  ( 170.0000000000000853, 140.0862511266842603, 0.000000000000000000 ) ) ;
#1580 = ORIENTED_EDGE ( 'NONE', *, *, #824, .F. ) ;
#1581 = DIRECTION ( 'NONE',  ( 0.000000000000000000, -1.000000000000000000, 0.000000000000000000 ) ) ;
#1582 = CARTESIAN_POINT ( 'NONE',  ( 190.0000000000001137, 137.5000000000000000, 0.000000000000000000 ) ) ;
#1583 = ORIENTED_EDGE ( 'NONE', *, *, #384, .F. ) ;
#1584 = CARTESIAN_POINT ( 'NONE',  ( 183.2820000000000675, 140.0000000000000000, 6.718000000000015959 ) ) ;
#1585 = DIRECTION ( 'NONE',  ( 0.000000000000000000, 0.000000000000000000, -1.000000000000000000 ) ) ;
#1586 = EDGE_LOOP ( 'NONE', ( #147, #451 ) ) ;
#1587 = VERTEX_POINT ( 'NONE', #667 ) ;
#1588 = FACE_OUTER_BOUND ( 'NONE', #511, .T. ) ;
#1589 = DIRECTION ( 'NONE',  ( 0.000000000000000000, 0.000000000000000000, 1.000000000000000000 ) ) ;
#1590 = ORIENTED_EDGE ( 'NONE', *, *, #850, .F. ) ;
#1591 = DIRECTION ( 'NONE',  ( 0.000000000000000000, 1.000000000000000000, 0.000000000000000000 ) ) ;
#1592 = ADVANCED_FACE ( 'NONE', ( #1256 ), #1843, .T. ) ;
#1593 = CARTESIAN_POINT ( 'NONE',  ( 172.9323375564706566, 137.7273695227567885, -1.936197123514772134 ) ) ;
#1594 = ORIENTED_EDGE ( 'NONE', *, *, #800, .T. ) ;
#1595 = EDGE_CURVE ( 'NONE', #1468, #1874, #1502, .T. ) ;
#1596 = CARTESIAN_POINT ( 'NONE',  ( 172.1864353572119342, 137.2893174760837383, 2.500000000000016431 ) ) ;
#1597 = CARTESIAN_POINT ( 'NONE',  ( 196.7180000000000177, 136.0000000000000000, 5.118000000000025196 ) ) ;
#1598 = ORIENTED_EDGE ( 'NONE', *, *, #899, .T. ) ;
#1599 = FACE_BOUND ( 'NONE', #1165, .T. ) ;
#1600 = CIRCLE ( 'NONE', #175, 2.500000000000002220 ) ;
#1601 = CARTESIAN_POINT ( 'NONE',  ( 190.0000000000001137, 136.0000000000000000, 13.99999999999998757 ) ) ;
#1602 = AXIS2_PLACEMENT_3D ( 'NONE', #1037, #769, #464 ) ;
#1603 = ORIENTED_EDGE ( 'NONE', *, *, #1472, .T. ) ;
#1604 = VECTOR ( 'NONE', #939, 1000.000000000000000 ) ;
#1605 = CARTESIAN_POINT ( 'NONE',  ( 171.8559605715980751, 137.0931995069180687, 2.500000000000016431 ) ) ;
#1606 = CYLINDRICAL_SURFACE ( 'NONE', #896, 13.99999999999998757 ) ;
#1607 = AXIS2_PLACEMENT_3D ( 'NONE', #457, #1508, #179 ) ;
#1608 = CARTESIAN_POINT ( 'NONE',  ( 64.00000000000005684, 140.9465143254921031, -6.904314826541062544 ) ) ;
#1609 = EDGE_LOOP ( 'NONE', ( #260, #1684 ) ) ;
#1610 = DIRECTION ( 'NONE',  ( 0.000000000000000000, -1.000000000000000000, 0.000000000000000000 ) ) ;
#1611 = CARTESIAN_POINT ( 'NONE',  ( 171.7220445471222661, 133.5042781273876642, 3.608610908613432144 ) ) ;
#1612 = ORIENTED_EDGE ( 'NONE', *, *, #76, .F. ) ;
#1613 = CARTESIAN_POINT ( 'NONE',  ( 171.3883057511344532, 136.7271627792453899, -2.639985068037267624 ) ) ;
#1614 = FACE_OUTER_BOUND ( 'NONE', #110, .T. ) ;
#1615 = EDGE_CURVE ( 'NONE', #1750, #1087, #1124, .T. ) ;
#1616 = EDGE_CURVE ( 'NONE', #205, #1840, #1048, .T. ) ;
#1617 = ORIENTED_EDGE ( 'NONE', *, *, #197, .F. ) ;
#1618 = CARTESIAN_POINT ( 'NONE',  ( 64.00000000000005684, 120.5862565036925957, -7.557802489930355527 ) ) ;
#1619 = ORIENTED_EDGE ( 'NONE', *, *, #1145, .T. ) ;
#1620 = CARTESIAN_POINT ( 'NONE',  ( 0.000000000000000000, 129.0000000000000000, -4.000000000000003553 ) ) ;
#1621 = CARTESIAN_POINT ( 'NONE',  ( 171.5874551205681087, 135.0306431037000721, 3.197087307330788164 ) ) ;
#1622 = VERTEX_POINT ( 'NONE', #973 ) ;
#1623 = ORIENTED_EDGE ( 'NONE', *, *, #1890, .T. ) ;
#1624 = CARTESIAN_POINT ( 'NONE',  ( 171.7190477611620167, 133.5380384665844815, -3.599603472615734212 ) ) ;
#1625 = FACE_OUTER_BOUND ( 'NONE', #1712, .T. ) ;
#1626 = ORIENTED_EDGE ( 'NONE', *, *, #912, .T. ) ;
#1627 = EDGE_CURVE ( 'NONE', #603, #1319, #149, .T. ) ;
#1628 = CARTESIAN_POINT ( 'NONE',  ( 64.00000000000005684, 140.9465143254921031, 6.904314826541062544 ) ) ;
#1629 = EDGE_LOOP ( 'NONE', ( #1003, #993, #597, #1603, #852, #1094, #1725, #844, #462 ) ) ;
#1630 = ADVANCED_FACE ( 'NONE', ( #814 ), #574, .T. ) ;
#1631 = CARTESIAN_POINT ( 'NONE',  ( 196.7180000000000177, 140.0000000000000000, 6.718000000000015959 ) ) ;
#1632 = CARTESIAN_POINT ( 'NONE',  ( 173.7394217419923450, 133.9932354773394820, 4.961639444010214284 ) ) ;
#1633 = AXIS2_PLACEMENT_3D ( 'NONE', #1674, #347, #1350 ) ;
#1634 = ORIENTED_EDGE ( 'NONE', *, *, #1761, .T. ) ;
#1635 = AXIS2_PLACEMENT_3D ( 'NONE', #1307, #1581, #1726 ) ;
#1636 = DIRECTION ( 'NONE',  ( 0.000000000000000000, 1.000000000000000000, 0.000000000000000000 ) ) ;
#1637 = CARTESIAN_POINT ( 'NONE',  ( 110.0000000000000426, 135.0000000000000000, 4.700000000000002842 ) ) ;
#1638 = AXIS2_PLACEMENT_3D ( 'NONE', #225, #378, #484 ) ;
#1639 = AXIS2_PLACEMENT_3D ( 'NONE', #1559, #1324, #1852 ) ;
#1640 = ORIENTED_EDGE ( 'NONE', *, *, #742, .F. ) ;
#1641 = CARTESIAN_POINT ( 'NONE',  ( 185.0000000000000568, 111.7986220736899980, -5.114700798845920104 ) ) ;
#1642 = VERTEX_POINT ( 'NONE', #839 ) ;
#1643 = FACE_OUTER_BOUND ( 'NONE', #875, .T. ) ;
#1644 = CARTESIAN_POINT ( 'NONE',  ( 172.9348933327085547, 137.6116046177109808, 2.014945125666949277 ) ) ;
#1645 = CYLINDRICAL_SURFACE ( 'NONE', #57, 1.599999999999990319 ) ;
#1646 = DIRECTION ( 'NONE',  ( 0.000000000000000000, 1.000000000000000000, 0.000000000000000000 ) ) ;
#1647 = CARTESIAN_POINT ( 'NONE',  ( 46.00000000000001421, 145.0000000000000000, -3.999999999999993339 ) ) ;
#1648 = ORIENTED_EDGE ( 'NONE', *, *, #850, .T. ) ;
#1649 = B_SPLINE_CURVE_WITH_KNOTS ( 'NONE', 3,
 ( #1092, #685, #1552, #1265, #517, #1573, #352, #1277, #1257, #1710, #1690, #1853, #532, #1700 ),
 .UNSPECIFIED., .F., .F.,
 ( 4, 2, 2, 2, 2, 2, 4 ),
 ( 2.775557561562891351E-17, 0.0007627499158487645141, 0.001525499831697501273, 0.001906874789621840595, 0.002288249747546180352, 0.002669624705470519891, 0.003050999663394859431 ),
 .UNSPECIFIED. ) ;
#1650 = DIRECTION ( 'NONE',  ( 0.000000000000000000, 0.000000000000000000, 1.000000000000000000 ) ) ;
#1651 = EDGE_LOOP ( 'NONE', ( #1068, #1434, #1405, #383 ) ) ;
#1652 = FACE_OUTER_BOUND ( 'NONE', #268, .T. ) ;
#1653 = CARTESIAN_POINT ( 'NONE',  ( 173.2074290797258698, 135.1249021491820201, 3.073556886378339126 ) ) ;
#1654 = EDGE_CURVE ( 'NONE', #913, #1038, #1578, .T. ) ;
#1655 = EDGE_LOOP ( 'NONE', ( #1590, #1379, #474, #572 ) ) ;
#1656 = DIRECTION ( 'NONE',  ( 0.000000000000000000, -1.000000000000000000, 0.000000000000000000 ) ) ;
#1657 = DIRECTION ( 'NONE',  ( 0.000000000000000000, 1.000000000000000000, 0.000000000000000000 ) ) ;
#1658 = ADVANCED_FACE ( 'NONE', ( #1614 ), #1709, .F. ) ;
#1659 = ORIENTED_EDGE ( 'NONE', *, *, #509, .F. ) ;
#1660 = CARTESIAN_POINT ( 'NONE',  ( 64.00000000000005684, 85.75514042015338134, 4.982971378066934243 ) ) ;
#1661 = ORIENTED_EDGE ( 'NONE', *, *, #424, .T. ) ;
#1662 = CARTESIAN_POINT ( 'NONE',  ( 171.3883057511344532, 136.7271627792454467, 2.639985068037267624 ) ) ;
#1663 = CARTESIAN_POINT ( 'NONE',  ( 110.0000000000000426, 135.0000000000000000, -5.600000000000000533 ) ) ;
#1664 = LINE ( 'NONE', #1209, #86 ) ;
#1665 = DIRECTION ( 'NONE',  ( 0.000000000000000000, 0.000000000000000000, 1.000000000000000000 ) ) ;
#1666 = CARTESIAN_POINT ( 'NONE',  ( 172.0555992171327659, 129.0000000000000000, 4.485005855479798242 ) ) ;
#1667 = AXIS2_PLACEMENT_3D ( 'NONE', #641, #1241, #355 ) ;
#1668 = CIRCLE ( 'NONE', #374, 13.99999999999998757 ) ;
#1669 = CIRCLE ( 'NONE', #1762, 1.599999999999990319 ) ;
#1670 = CARTESIAN_POINT ( 'NONE',  ( 75.00000000000007105, 129.0000000000000000, 4.700000000000002842 ) ) ;
#1671 = ORIENTED_EDGE ( 'NONE', *, *, #1025, .F. ) ;
#1672 = CARTESIAN_POINT ( 'NONE',  ( 171.3710312884168161, 136.8346357300500529, 2.596196161232587674 ) ) ;
#1673 = CARTESIAN_POINT ( 'NONE',  ( 183.2820000000000675, 140.0000000000000000, 5.118000000000025196 ) ) ;
#1674 = CARTESIAN_POINT ( 'NONE',  ( 110.0000000000000426, 129.0000000000000000, 4.700000000000002842 ) ) ;
#1675 = CARTESIAN_POINT ( 'NONE',  ( 173.4918262319499433, 138.5312107268100306, -3.079293375360124596 ) ) ;
#1676 = CYLINDRICAL_SURFACE ( 'NONE', #1480, 1.599999999999990319 ) ;
#1677 = EDGE_CURVE ( 'NONE', #332, #568, #583, .T. ) ;
#1678 = CARTESIAN_POINT ( 'NONE',  ( 183.2820000000000675, 140.0000000000000000, -5.118000000000025196 ) ) ;
#1679 = DIRECTION ( 'NONE',  ( 0.000000000000000000, -1.000000000000000000, 0.000000000000000000 ) ) ;
#1680 = LOCAL_TIME ( 17, 50, 20.00000000000000000, #1412 ) ;
#1681 = EDGE_CURVE ( 'NONE', #1486, #1776, #1160, .T. ) ;
#1682 = CARTESIAN_POINT ( 'NONE',  ( 75.00000000000007105, 135.0000000000000000, 4.700000000000002842 ) ) ;
#1683 = ORIENTED_EDGE ( 'NONE', *, *, #123, .T. ) ;
#1684 = ORIENTED_EDGE ( 'NONE', *, *, #1876, .F. ) ;
#1685 = CARTESIAN_POINT ( 'NONE',  ( 172.0555992171329365, 129.0000000000000568, -4.485005855479770709 ) ) ;
#1686 = APPROVAL_DATE_TIME ( #1839, #1330 ) ;
#1687 = DIRECTION ( 'NONE',  ( 0.09206432239607710566, -0.9205775689351192170, -0.3795538171527944593 ) ) ;
#1688 = CARTESIAN_POINT ( 'NONE',  ( 64.00000000000005684, 61.46514737404753959, 1.810631200378116867 ) ) ;
#1689 = ADVANCED_FACE ( 'NONE', ( #1416 ), #1606, .F. ) ;
#1690 = CARTESIAN_POINT ( 'NONE',  ( 171.8576262850135379, 137.0937854456730634, -2.500000000000015987 ) ) ;
#1691 = LINE ( 'NONE', #965, #836 ) ;
#1692 = ADVANCED_FACE ( 'NONE', ( #1114 ), #88, .F. ) ;
#1693 = CARTESIAN_POINT ( 'NONE',  ( 173.0809328059885956, 129.0000000000000284, -4.710625292418075816 ) ) ;
#1694 = CARTESIAN_POINT ( 'NONE',  ( 171.3883057511344532, 136.7271627792453899, -2.639985068037267624 ) ) ;
#1695 = ORIENTED_EDGE ( 'NONE', *, *, #221, .F. ) ;
#1696 = CARTESIAN_POINT ( 'NONE',  ( 75.00000000000007105, 135.0000000000000000, -4.700000000000002842 ) ) ;
#1697 = VECTOR ( 'NONE', #521, 1000.000000000000000 ) ;
#1698 = AXIS2_PLACEMENT_3D ( 'NONE', #303, #897, #668 ) ;
#1699 = CARTESIAN_POINT ( 'NONE',  ( 196.7180000000000177, 140.0000000000000000, 5.118000000000025196 ) ) ;
#1700 = CARTESIAN_POINT ( 'NONE',  ( 171.3515436630071349, 137.0475442003458681, -2.499999999999988454 ) ) ;
#1701 = AXIS2_PLACEMENT_3D ( 'NONE', #82, #1858, #1665 ) ;
#1702 = CARTESIAN_POINT ( 'NONE',  ( 190.0000000000001137, 140.0000000000000000, 4.000000000000003553 ) ) ;
#1703 = CIRCLE ( 'NONE', #30, 13.99999999999998757 ) ;
#1704 = DIRECTION ( 'NONE',  ( 0.000000000000000000, 1.000000000000000000, 0.000000000000000000 ) ) ;
#1705 = FACE_OUTER_BOUND ( 'NONE', #1655, .T. ) ;
#1706 = PERSON_AND_ORGANIZATION ( #359, #1834 ) ;
#1707 = ORIENTED_EDGE ( 'NONE', *, *, #341, .F. ) ;
#1708 = CARTESIAN_POINT ( 'NONE',  ( 173.1041129192598760, 136.8251728820719961, -2.461515720494340531 ) ) ;
#1709 = CYLINDRICAL_SURFACE ( 'NONE', #1301, 4.000000000000004441 ) ;
#1710 = CARTESIAN_POINT ( 'NONE',  ( 171.9719891955163860, 137.1508237455707899, -2.500000000000015987 ) ) ;
#1711 = DIRECTION ( 'NONE',  ( -1.000000000000000000, 0.000000000000000000, 0.000000000000000000 ) ) ;
#1712 = EDGE_LOOP ( 'NONE', ( #1459, #12 ) ) ;
#1713 = CARTESIAN_POINT ( 'NONE',  ( 172.8887955040835607, 128.9999999999999716, -4.620301637486463164 ) ) ;
#1714 = CARTESIAN_POINT ( 'NONE',  ( 173.4765789819182942, 130.1486806000195031, 4.262200849463316565 ) ) ;
#1715 = PERSON_AND_ORGANIZATION_ROLE ( 'design_supplier' ) ;
#1716 = ORIENTED_EDGE ( 'NONE', *, *, #824, .T. ) ;
#1717 = EDGE_CURVE ( 'NONE', #757, #1290, #244, .T. ) ;
#1718 = DIRECTION ( 'NONE',  ( 0.000000000000000000, 0.000000000000000000, 1.000000000000000000 ) ) ;
#1719 = DIRECTION ( 'NONE',  ( 0.000000000000000000, -1.000000000000000000, 0.000000000000000000 ) ) ;
#1720 = DIRECTION ( 'NONE',  ( 0.000000000000000000, 0.000000000000000000, -1.000000000000000000 ) ) ;
#1721 = CARTESIAN_POINT ( 'NONE',  ( 64.00000000000000000, 52.00000000000000000, -0.3000000000000016542 ) ) ;
#1722 = CARTESIAN_POINT ( 'NONE',  ( 172.0555992171329365, 129.0000000000000568, -4.485005855479770709 ) ) ;
#1723 = CARTESIAN_POINT ( 'NONE',  ( 173.8799160106550801, 131.8483446867727764, 5.407400226085524508 ) ) ;
#1724 = VERTEX_POINT ( 'NONE', #1011 ) ;
#1725 = ORIENTED_EDGE ( 'NONE', *, *, #1084, .F. ) ;
#1726 = DIRECTION ( 'NONE',  ( 0.000000000000000000, 0.000000000000000000, -1.000000000000000000 ) ) ;
#1727 = CIRCLE ( 'NONE', #860, 0.8999999999999980238 ) ;
#1728 = VECTOR ( 'NONE', #68, 1000.000000000000000 ) ;
#1729 = PLANE ( 'NONE',  #1013 ) ;
#1730 = ORIENTED_EDGE ( 'NONE', *, *, #1859, .F. ) ;
#1731 = CIRCLE ( 'NONE', #988, 16.99999999999998934 ) ;
#1732 = FACE_OUTER_BOUND ( 'NONE', #1629, .T. ) ;
#1733 = AXIS2_PLACEMENT_3D ( 'NONE', #168, #1790, #1482 ) ;
#1734 = CARTESIAN_POINT ( 'NONE',  ( 172.9460897802602801, 137.9598006510405526, -1.760593637561286728 ) ) ;
#1735 = ORIENTED_EDGE ( 'NONE', *, *, #405, .F. ) ;
#1736 = CARTESIAN_POINT ( 'NONE',  ( 190.0000000000001137, 137.5000000000000000, 0.000000000000000000 ) ) ;
#1737 = EDGE_CURVE ( 'NONE', #1501, #1724, #396, .T. ) ;
#1738 = CARTESIAN_POINT ( 'NONE',  ( 0.000000000000000000, 0.000000000000000000, -4.000000000000003553 ) ) ;
#1739 = ORIENTED_EDGE ( 'NONE', *, *, #102, .F. ) ;
#1740 = B_SPLINE_CURVE_WITH_KNOTS ( 'NONE', 3,
 ( #1613, #288, #879, #1469, #1916, #1032, #1624, #889, #1392, #1685 ),
 .UNSPECIFIED., .F., .F.,
 ( 4, 2, 2, 2, 4 ),
 ( 0.000000000000000000, 0.001024901239184211220, 0.002049802478368422439, 0.004099604956736837072, 0.008199209913473743533 ),
 .UNSPECIFIED. ) ;
#1741 = DIRECTION ( 'NONE',  ( 0.000000000000000000, 0.000000000000000000, 1.000000000000000000 ) ) ;
#1742 = CARTESIAN_POINT ( 'NONE',  ( 171.3321181202607306, 137.4733871713757765, -2.296079543494812913 ) ) ;
#1743 = EDGE_LOOP ( 'NONE', ( #437, #1612 ) ) ;
#1744 = DIRECTION ( 'NONE',  ( 0.000000000000000000, 1.000000000000000000, 0.000000000000000000 ) ) ;
#1745 = PLANE ( 'NONE',  #1356 ) ;
#1746 = ORIENTED_EDGE ( 'NONE', *, *, #631, .T. ) ;
#1747 = FACE_OUTER_BOUND ( 'NONE', #552, .T. ) ;
#1748 = CARTESIAN_POINT ( 'NONE',  ( 196.7180000000000177, 140.0000000000000000, -5.118000000000025196 ) ) ;
#1749 = EDGE_CURVE ( 'NONE', #1622, #1906, #1462, .T. ) ;
#1750 = VERTEX_POINT ( 'NONE', #386 ) ;
#1751 = CARTESIAN_POINT ( 'NONE',  ( 173.4790593703524166, 137.5000000000000000, -4.007308412345741644 ) ) ;
#1752 = CARTESIAN_POINT ( 'NONE',  ( 190.0000000000001137, 140.0000000000000000, 0.000000000000000000 ) ) ;
#1753 = CARTESIAN_POINT ( 'NONE',  ( 64.00000000000001421, 97.16519063746986262, -6.134735231814039125 ) ) ;
#1754 = ORIENTED_EDGE ( 'NONE', *, *, #1357, .F. ) ;
#1755 = DIRECTION ( 'NONE',  ( -1.000000000000000000, 0.000000000000000000, 0.000000000000000000 ) ) ;
#1756 = CIRCLE ( 'NONE', #923, 4.000000000000004441 ) ;
#1757 = CARTESIAN_POINT ( 'NONE',  ( 173.2547302033495384, 134.2827795656025103, 3.318489967278495989 ) ) ;
#1758 = CIRCLE ( 'NONE', #1635, 16.99999999999998934 ) ;
#1759 = CC_DESIGN_PERSON_AND_ORGANIZATION_ASSIGNMENT ( #1110, #940, ( #453 ) ) ;
#1760 = ORIENTED_EDGE ( 'NONE', *, *, #279, .F. ) ;
#1761 = EDGE_CURVE ( 'NONE', #1038, #1043, #1703, .T. ) ;
#1762 = AXIS2_PLACEMENT_3D ( 'NONE', #732, #1656, #910 ) ;
#1763 = CARTESIAN_POINT ( 'NONE',  ( 190.0000000000001137, 136.0000000000000000, 0.000000000000000000 ) ) ;
#1764 = LINE ( 'NONE', #1276, #1112 ) ;
#1765 = CARTESIAN_POINT ( 'NONE',  ( 64.00000000000001421, 155.6564472675776187, -3.349658474813912434 ) ) ;
#1766 = ORIENTED_EDGE ( 'NONE', *, *, #279, .T. ) ;
#1767 = CARTESIAN_POINT ( 'NONE',  ( 190.0000000000001137, 136.0000000000000000, 0.000000000000000000 ) ) ;
#1768 = CARTESIAN_POINT ( 'NONE',  ( 173.1979540224822358, 135.2946853648104479, 3.023350948877756572 ) ) ;
#1769 = ORIENTED_EDGE ( 'NONE', *, *, #1677, .T. ) ;
#1770 = FACE_OUTER_BOUND ( 'NONE', #1793, .T. ) ;
#1771 = CARTESIAN_POINT ( 'NONE',  ( 190.0000000000001137, 129.0000000000000000, 0.000000000000000000 ) ) ;
#1772 = EDGE_CURVE ( 'NONE', #295, #1874, #1764, .T. ) ;
#1773 = EDGE_CURVE ( 'NONE', #235, #152, #1863, .T. ) ;
#1774 = ORIENTED_EDGE ( 'NONE', *, *, #1472, .F. ) ;
#1775 = CARTESIAN_POINT ( 'NONE',  ( 185.0000000000000568, 129.8332930663974878, -3.807241443524595148 ) ) ;
#1776 = VERTEX_POINT ( 'NONE', #1699 ) ;
#1777 = CARTESIAN_POINT ( 'NONE',  ( 172.0555992171329365, 129.0000000000000568, -4.485005855479770709 ) ) ;
#1778 = CARTESIAN_POINT ( 'NONE',  ( 173.1791846553385597, 135.6279744117383643, 2.921109856840558905 ) ) ;
#1779 = ORIENTED_EDGE ( 'NONE', *, *, #1737, .T. ) ;
#1780 = CARTESIAN_POINT ( 'NONE',  ( 190.0000000000001137, 134.9999999999999716, -4.000000000000004441 ) ) ;
#1781 = CARTESIAN_POINT ( 'NONE',  ( 173.4322975176534953, 137.7903306667623724, 3.814523202754635189 ) ) ;
#1782 = ORIENTED_EDGE ( 'NONE', *, *, #994, .T. ) ;
#1783 = ADVANCED_FACE ( 'NONE', ( #963 ), #191, .F. ) ;
#1784 = CARTESIAN_POINT ( 'NONE',  ( 185.0000000000000568, 100.3492503684683470, -4.736179191705478075 ) ) ;
#1785 = ORIENTED_EDGE ( 'NONE', *, *, #1549, .T. ) ;
#1786 = PLANE ( 'NONE',  #1602 ) ;
#1787 = CARTESIAN_POINT ( 'NONE',  ( 173.1041129192597339, 136.8251728820719677, 2.461515720494356074 ) ) ;
#1788 = CARTESIAN_POINT ( 'NONE',  ( 190.0000000000001137, 136.0000000000000000, 0.000000000000000000 ) ) ;
#1789 = CARTESIAN_POINT ( 'NONE',  ( 64.00000000000005684, 128.9999999947331162, -7.562559331487632264 ) ) ;
#1790 = DIRECTION ( 'NONE',  ( 0.000000000000000000, -1.000000000000000000, 0.000000000000000000 ) ) ;
#1791 = AXIS2_PLACEMENT_3D ( 'NONE', #1096, #1229, #810 ) ;
#1792 = AXIS2_PLACEMENT_3D ( 'NONE', #716, #1719, #289 ) ;
#1793 = EDGE_LOOP ( 'NONE', ( #308, #1187, #848, #1661 ) ) ;
#1794 = ADVANCED_FACE ( 'NONE', ( #471 ), #775, .F. ) ;
#1795 = CARTESIAN_POINT ( 'NONE',  ( 185.0000000000000568, 94.53413748527472649, -4.366670899555377794 ) ) ;
#1796 = VERTEX_POINT ( 'NONE', #40 ) ;
#1797 = CARTESIAN_POINT ( 'NONE',  ( 177.5000000000001137, 136.0000000000000000, -2.500000000000015987 ) ) ;
#1798 = APPROVAL ( #949, 'UNSPECIFIED' ) ;
#1799 = PRODUCT_DEFINITION_SHAPE ( 'NONE', 'NONE',  #1820 ) ;
#1800 = FACE_OUTER_BOUND ( 'NONE', #449, .T. ) ;
#1801 = EDGE_CURVE ( 'NONE', #1906, #776, #7, .T. ) ;
#1802 = CYLINDRICAL_SURFACE ( 'NONE', #766, 0.8999999999999980238 ) ;
#1803 = DIRECTION ( 'NONE',  ( 0.000000000000000000, -1.000000000000000000, 0.000000000000000000 ) ) ;
#1804 = CARTESIAN_POINT ( 'NONE',  ( 190.0000000000001137, 136.0000000000000000, -13.99999999999998757 ) ) ;
#1805 = ORIENTED_EDGE ( 'NONE', *, *, #1121, .F. ) ;
#1806 = CARTESIAN_POINT ( 'NONE',  ( 64.00000000000001421, 124.3977147227123652, 7.625235452124245583 ) ) ;
#1807 = EDGE_LOOP ( 'NONE', ( #672, #314 ) ) ;
#1808 = DIRECTION ( 'NONE',  ( 0.000000000000000000, 1.000000000000000000, 0.000000000000000000 ) ) ;
#1809 = DIRECTION ( 'NONE',  ( 0.000000000000000000, 0.000000000000000000, -1.000000000000000000 ) ) ;
#1810 = DIRECTION ( 'NONE',  ( 0.000000000000000000, 1.000000000000000000, 0.000000000000000000 ) ) ;
#1811 = EDGE_CURVE ( 'NONE', #1796, #502, #1878, .T. ) ;
#1812 = CARTESIAN_POINT ( 'NONE',  ( 64.00000000000005684, 145.8271779734262452, 6.356927635007843413 ) ) ;
#1813 = CARTESIAN_POINT ( 'NONE',  ( 170.9010401970838586, 137.1319214944047644, -2.500000000000012434 ) ) ;
#1814 = DIRECTION ( 'NONE',  ( 0.000000000000000000, 0.000000000000000000, -1.000000000000000000 ) ) ;
#1815 = EDGE_LOOP ( 'NONE', ( #1129, #1594, #1865, #700 ) ) ;
#1816 = DIRECTION ( 'NONE',  ( 0.000000000000000000, -1.000000000000000000, 0.000000000000000000 ) ) ;
#1817 = CYLINDRICAL_SURFACE ( 'NONE', #864, 1.599999999999990319 ) ;
#1818 = DIRECTION ( 'NONE',  ( 0.000000000000000000, 0.000000000000000000, 1.000000000000000000 ) ) ;
#1819 = CARTESIAN_POINT ( 'NONE',  ( 173.4322975176534953, 137.7903306667625145, -3.814523202754525055 ) ) ;
#1820 = PRODUCT_DEFINITION ( 'UNKNOWN', '', #387, #1537 ) ;
#1821 = PERSON_AND_ORGANIZATION ( #359, #1834 ) ;
#1822 = VECTOR ( 'NONE', #1591, 1000.000000000000000 ) ;
#1823 = CIRCLE ( 'NONE', #770, 1.599999999999990319 ) ;
#1824 = CARTESIAN_POINT ( 'NONE',  ( 171.5891371348213852, 135.0118659251460258, -3.202432763347001554 ) ) ;
#1825 = VECTOR ( 'NONE', #444, 1000.000000000000000 ) ;
#1826 = VECTOR ( 'NONE', #439, 1000.000000000000000 ) ;
#1827 = CARTESIAN_POINT ( 'NONE',  ( 185.0000000000000568, 65.04336624223786600, 1.296702550218020722 ) ) ;
#1828 = CARTESIAN_POINT ( 'NONE',  ( 75.00000000000007105, 135.0000000000000000, 5.600000000000000533 ) ) ;
#1829 = PLANE ( 'NONE',  #434 ) ;
#1830 = CARTESIAN_POINT ( 'NONE',  ( 171.3710312884166456, 136.8346357300499676, -2.596196161232616539 ) ) ;
#1831 = PLANE ( 'NONE',  #649 ) ;
#1832 = EDGE_CURVE ( 'NONE', #625, #1390, #1360, .T. ) ;
#1833 = CARTESIAN_POINT ( 'NONE',  ( 183.2820000000000675, 140.0000000000000000, -8.318000000000006722 ) ) ;
#1834 = ORGANIZATION ( 'UNSPECIFIED', 'UNSPECIFIED', '' ) ;
#1835 = DIRECTION ( 'NONE',  ( -1.000000000000000000, 0.000000000000000000, 0.000000000000000000 ) ) ;
#1836 = ORIENTED_EDGE ( 'NONE', *, *, #1357, .T. ) ;
#1837 = CARTESIAN_POINT ( 'NONE',  ( 0.000000000000000000, 129.0000000000000000, 4.000000000000003553 ) ) ;
#1838 = PLANE ( 'NONE',  #1791 ) ;
#1839 = DATE_AND_TIME ( #1547, #100 ) ;
#1840 = VERTEX_POINT ( 'NONE', #1222 ) ;
#1841 = EDGE_LOOP ( 'NONE', ( #240, #820, #1359, #1671 ) ) ;
#1842 = DIRECTION ( 'NONE',  ( 0.000000000000000000, 0.000000000000000000, 1.000000000000000000 ) ) ;
#1843 = PLANE ( 'NONE',  #498 ) ;
#1844 = CARTESIAN_POINT ( 'NONE',  ( 176.2250226860442410, 136.0000000000000000, -2.500000000000015987 ) ) ;
#1845 = LINE ( 'NONE', #236, #460 ) ;
#1846 = DIRECTION ( 'NONE',  ( 0.000000000000000000, 1.000000000000000000, 0.000000000000000000 ) ) ;
#1847 = APPROVAL_DATE_TIME ( #791, #1343 ) ;
#1848 = EDGE_LOOP ( 'NONE', ( #142, #370, #1414, #1424 ) ) ;
#1849 = ORIENTED_EDGE ( 'NONE', *, *, #742, .T. ) ;
#1850 = CARTESIAN_POINT ( 'NONE',  ( 171.4735485505149768, 136.1508037405619973, -2.857777378899830634 ) ) ;
#1851 = CIRCLE ( 'NONE', #1908, 0.8999999999999980238 ) ;
#1852 = DIRECTION ( 'NONE',  ( 0.000000000000000000, 0.000000000000000000, 1.000000000000000000 ) ) ;
#1853 = CARTESIAN_POINT ( 'NONE',  ( 171.6088734947900036, 137.0288570918561959, -2.500000000000015987 ) ) ;
#1854 = EDGE_CURVE ( 'NONE', #472, #915, #1856, .T. ) ;
#1855 = FACE_OUTER_BOUND ( 'NONE', #230, .T. ) ;
#1856 = CIRCLE ( 'NONE', #1014, 13.99999999999998757 ) ;
#1857 = CARTESIAN_POINT ( 'NONE',  ( 173.8805611270435634, 128.9999999999999147, -5.417265073198879399 ) ) ;
#1858 = DIRECTION ( 'NONE',  ( 0.000000000000000000, 1.000000000000000000, 0.000000000000000000 ) ) ;
#1859 = EDGE_CURVE ( 'NONE', #1622, #1566, #765, .T. ) ;
#1860 = CALENDAR_DATE ( 2026, 29, 9 ) ;
#1861 = ORIENTED_EDGE ( 'NONE', *, *, #424, .F. ) ;
#1862 = CARTESIAN_POINT ( 'NONE',  ( 173.4064177121332477, 131.5320228671166376, -3.997120404694977314 ) ) ;
#1863 = LINE ( 'NONE', #138, #1240 ) ;
#1864 = DIRECTION ( 'NONE',  ( 0.000000000000000000, 0.000000000000000000, -1.000000000000000000 ) ) ;
#1865 = ORIENTED_EDGE ( 'NONE', *, *, #282, .F. ) ;
#1866 = CARTESIAN_POINT ( 'NONE',  ( 173.8723171133453889, 139.2256645083865578, 2.500000000000015543 ) ) ;
#1867 = CARTESIAN_POINT ( 'NONE',  ( 171.7350323310188571, 138.6057671644184097, -1.358303723481250502 ) ) ;
#1868 = VERTEX_POINT ( 'NONE', #487 ) ;
#1869 = LINE ( 'NONE', #104, #1139 ) ;
#1870 = CARTESIAN_POINT ( 'NONE',  ( 183.2820000000000675, 140.0000000000000000, -6.718000000000015959 ) ) ;
#1871 = VERTEX_POINT ( 'NONE', #1666 ) ;
#1872 = CARTESIAN_POINT ( 'NONE',  ( 110.0000000000000426, 135.0000000000000000, -4.700000000000002842 ) ) ;
#1873 = CARTESIAN_POINT ( 'NONE',  ( 110.0000000000000426, 129.0000000000000000, 3.800000000000004707 ) ) ;
#1874 = VERTEX_POINT ( 'NONE', #1647 ) ;
#1875 = VERTEX_POINT ( 'NONE', #297 ) ;
#1876 = EDGE_CURVE ( 'NONE', #1486, #235, #1079, .T. ) ;
#1877 = CARTESIAN_POINT ( 'NONE',  ( 75.00000000000007105, 129.0000000000000000, -3.800000000000004707 ) ) ;
#1878 = B_SPLINE_CURVE_WITH_KNOTS ( 'NONE', 3,
 ( #1071, #911, #890, #447, #1781, #340 ),
 .UNSPECIFIED., .F., .F.,
 ( 4, 2, 4 ),
 ( 4.906602181332585155E-16, 0.001044671691644433621, 0.002089343383288376314 ),
 .UNSPECIFIED. ) ;
#1879 = ADVANCED_FACE ( 'NONE', ( #1625 ), #320, .F. ) ;
#1880 = AXIS2_PLACEMENT_3D ( 'NONE', #1220, #337, #485 ) ;
#1881 = VECTOR ( 'NONE', #1243, 1000.000000000000000 ) ;
#1882 = CARTESIAN_POINT ( 'NONE',  ( 110.0000000000000426, 135.0000000000000000, -4.700000000000002842 ) ) ;
#1883 = EDGE_LOOP ( 'NONE', ( #538, #903, #1760, #480, #970, #703, #426, #1785, #1648, #185, #576, #1158 ) ) ;
#1884 = CIRCLE ( 'NONE', #1044, 0.8999999999999980238 ) ;
#1885 = DIRECTION ( 'NONE',  ( 0.000000000000000000, -1.000000000000000000, 0.000000000000000000 ) ) ;
#1886 = VECTOR ( 'NONE', #1264, 1000.000000000000000 ) ;
#1887 = DIRECTION ( 'NONE',  ( 0.000000000000000000, 0.000000000000000000, 1.000000000000000000 ) ) ;
#1888 = EDGE_LOOP ( 'NONE', ( #778, #821, #600, #1252 ) ) ;
#1889 = CARTESIAN_POINT ( 'NONE',  ( 46.00000000000001421, 95.00000000000000000, 3.999999999999993339 ) ) ;
#1890 = EDGE_CURVE ( 'NONE', #1290, #1087, #1389, .T. ) ;
#1891 = FACE_BOUND ( 'NONE', #1807, .T. ) ;
#1892 = ORIENTED_EDGE ( 'NONE', *, *, #605, .T. ) ;
#1893 = DIRECTION ( 'NONE',  ( 1.000000000000000000, -0.000000000000000000, 1.224646799147353207E-16 ) ) ;
#1894 = LINE ( 'NONE', #695, #306 ) ;
#1895 = VERTEX_POINT ( 'NONE', #1342 ) ;
#1896 = DIRECTION ( 'NONE',  ( 0.000000000000000000, 1.000000000000000000, 0.000000000000000000 ) ) ;
#1897 = DIRECTION ( 'NONE',  ( 0.000000000000000000, 0.000000000000000000, -1.000000000000000000 ) ) ;
#1898 = CARTESIAN_POINT ( 'NONE',  ( 64.00000000000005684, 158.5329740676537824, 0.000000000000000000 ) ) ;
#1899 = ORIENTED_EDGE ( 'NONE', *, *, #169, .T. ) ;
#1900 = CARTESIAN_POINT ( 'NONE',  ( 46.00000000000001421, 95.00000000000000000, -3.999999999999993339 ) ) ;
#1901 = CARTESIAN_POINT ( 'NONE',  ( 171.4746952552093830, 138.0961569764060641, 1.855929230103092520 ) ) ;
#1902 = ORIENTED_EDGE ( 'NONE', *, *, #353, .T. ) ;
#1903 = CARTESIAN_POINT ( 'NONE',  ( 190.0000000000001137, 140.0000000000000000, 0.000000000000000000 ) ) ;
#1904 = DIRECTION ( 'NONE',  ( 0.000000000000000000, 0.000000000000000000, 1.000000000000000000 ) ) ;
#1905 = CARTESIAN_POINT ( 'NONE',  ( 185.0000000000000568, 75.34219329053838976, -2.565064010385240234 ) ) ;
#1906 = VERTEX_POINT ( 'NONE', #1522 ) ;
#1907 = DIRECTION ( 'NONE',  ( 0.000000000000000000, 1.000000000000000000, 0.000000000000000000 ) ) ;
#1908 = AXIS2_PLACEMENT_3D ( 'NONE', #846, #1285, #1152 ) ;
#1909 = EDGE_CURVE ( 'NONE', #1871, #881, #1460, .T. ) ;
#1910 = CARTESIAN_POINT ( 'NONE',  ( 172.9323375563789114, 137.7273695228042811, 1.936197123521311569 ) ) ;
#1911 = AXIS2_PLACEMENT_3D ( 'NONE', #1582, #1278, #1294 ) ;
#1912 = ORIENTED_EDGE ( 'NONE', *, *, #1144, .T. ) ;
#1913 = CC_DESIGN_PERSON_AND_ORGANIZATION_ASSIGNMENT ( #357, #1715, ( #387 ) ) ;
#1914 = AXIS2_PLACEMENT_3D ( 'NONE', #1040, #1657, #902 ) ;
#1915 = EDGE_CURVE ( 'NONE', #472, #1043, #1211, .T. ) ;
#1916 = CARTESIAN_POINT ( 'NONE',  ( 171.5776660031917231, 135.1406975103129469, -3.166501515837563563 ) ) ;
#1917 = DIRECTION ( 'NONE',  ( 0.000000000000000000, 1.000000000000000000, 0.000000000000000000 ) ) ;
ENDSEC;
END-ISO-10303-21;
