ISO-10303-21;
HEADER;
FILE_DESCRIPTION (( 'STEP AP203' ),
    '1' );
FILE_NAME ('Wing - Bottom Part.step',
    '2026-09-29T04:50:20',
    ( '' ),
    ( '' ),
    '',
    '',
    '' );
FILE_SCHEMA (( 'CONFIG_CONTROL_DESIGN' ));
ENDSEC;

DATA;
#1 = CARTESIAN_POINT ( 'NONE',  ( 185.0000000000000568, 68.68716713147048836, -1.770301416531977479 ) ) ;
#2 = CARTESIAN_POINT ( 'NONE',  ( 172.2514764556453883, 125.0403633718180600, -4.946440813521657098 ) ) ;
#3 = ORIENTED_EDGE ( 'NONE', *, *, #1251, .F. ) ;
#4 = CARTESIAN_POINT ( 'NONE',  ( 190.0000000000001137, 129.0000000000000000, 13.99999999999998401 ) ) ;
#5 = VERTEX_POINT ( 'NONE', #1341 ) ;
#6 = DIRECTION ( 'NONE',  ( 0.000000000000000000, 1.000000000000000000, 0.000000000000000000 ) ) ;
#7 = EDGE_CURVE ( 'NONE', #1304, #737, #119, .T. ) ;
#8 = ORIENTED_EDGE ( 'NONE', *, *, #901, .F. ) ;
#9 = LINE ( 'NONE', #131, #223 ) ;
#10 = LINE ( 'NONE', #290, #679 ) ;
#11 = CARTESIAN_POINT ( 'NONE',  ( 172.0471829530054606, 129.1386058147405151, -4.464608965395064466 ) ) ;
#12 = AXIS2_PLACEMENT_3D ( 'NONE', #291, #751, #179 ) ;
#13 = ORIENTED_EDGE ( 'NONE', *, *, #255, .T. ) ;
#14 = CIRCLE ( 'NONE', #1384, 16.99999999999998934 ) ;
#15 = CARTESIAN_POINT ( 'NONE',  ( 64.00000000000005684, 120.5862565036926242, 7.557802489930355527 ) ) ;
#16 = VECTOR ( 'NONE', #1100, 1000.000000000000000 ) ;
#17 = ORIENTED_EDGE ( 'NONE', *, *, #1344, .F. ) ;
#18 = EDGE_CURVE ( 'NONE', #1419, #1083, #700, .T. ) ;
#19 = CARTESIAN_POINT ( 'NONE',  ( 64.00000000000000000, 52.00000000000000000, -0.3000000000000016542 ) ) ;
#20 = EDGE_LOOP ( 'NONE', ( #1044, #809, #1254, #1392 ) ) ;
#21 = CARTESIAN_POINT ( 'NONE',  ( 46.00000000000001421, 129.0000000000000000, -2.999999999999999112 ) ) ;
#22 = ORIENTED_EDGE ( 'NONE', *, *, #52, .F. ) ;
#23 = CARTESIAN_POINT ( 'NONE',  ( 64.00000000000001421, 75.31362101711647483, 3.736219902025671669 ) ) ;
#24 = CARTESIAN_POINT ( 'NONE',  ( 110.0000000000000426, 129.0000000000000000, 3.800000000000004707 ) ) ;
#25 = CARTESIAN_POINT ( 'NONE',  ( 110.0000000000000426, 135.0000000000000000, -3.800000000000004707 ) ) ;
#26 = ORIENTED_EDGE ( 'NONE', *, *, #106, .F. ) ;
#27 = DIRECTION ( 'NONE',  ( 0.000000000000000000, 0.000000000000000000, 1.000000000000000000 ) ) ;
#28 = CARTESIAN_POINT ( 'NONE',  ( 64.00000000000005684, 89.52099056137808475, 5.389241356348183132 ) ) ;
#29 = DIRECTION ( 'NONE',  ( -1.000000000000000000, 0.000000000000000000, 0.000000000000000000 ) ) ;
#30 = DIRECTION ( 'NONE',  ( 0.000000000000000000, 1.000000000000000000, 0.000000000000000000 ) ) ;
#31 = EDGE_CURVE ( 'NONE', #1075, #1304, #10, .T. ) ;
#32 = ORIENTED_EDGE ( 'NONE', *, *, #474, .T. ) ;
#33 = CIRCLE ( 'NONE', #848, 13.99999999999998757 ) ;
#34 = CARTESIAN_POINT ( 'NONE',  ( 64.00000000000005684, 61.46514737404753959, -1.810631200378116867 ) ) ;
#35 = CARTESIAN_POINT ( 'NONE',  ( 185.0000000000000568, 59.96133478781999315, 0.5899447027792742437 ) ) ;
#36 = VERTEX_POINT ( 'NONE', #324 ) ;
#37 = VECTOR ( 'NONE', #73, 1000.000000000000000 ) ;
#38 = APPROVAL_STATUS ( 'not_yet_approved' ) ;
#39 = DIRECTION ( 'NONE',  ( 0.000000000000000000, 0.000000000000000000, -1.000000000000000000 ) ) ;
#40 = FACE_OUTER_BOUND ( 'NONE', #1278, .T. ) ;
#41 = B_SPLINE_CURVE_WITH_KNOTS ( 'NONE', 3,
 ( #421, #1107, #99, #194, #999, #546, #1202, #308, #1015, #1006, #993, #328 ),
 .UNSPECIFIED., .F., .F.,
 ( 4, 2, 2, 2, 2, 4 ),
 ( 1.390486644391990834E-17, 0.01208879273381424473, 0.02417758546762847557, 0.03626637820144270469, 0.04231077456834979322, 0.04835517093525686094 ),
 .UNSPECIFIED. ) ;
#42 = ORIENTED_EDGE ( 'NONE', *, *, #615, .T. ) ;
#43 = ADVANCED_FACE ( 'NONE', ( #557 ), #666, .F. ) ;
#44 = CARTESIAN_POINT ( 'NONE',  ( 64.00000000000005684, 154.2368365333354632, -3.941714452599463847 ) ) ;
#45 = ORIENTED_EDGE ( 'NONE', *, *, #961, .T. ) ;
#46 = LINE ( 'NONE', #743, #1262 ) ;
#47 = CARTESIAN_POINT ( 'NONE',  ( 64.00000000000002842, 124.5961388523199105, -7.630736144088140271 ) ) ;
#48 = DIRECTION ( 'NONE',  ( 0.000000000000000000, 0.000000000000000000, 1.000000000000000000 ) ) ;
#49 = ORIENTED_EDGE ( 'NONE', *, *, #687, .T. ) ;
#50 = CARTESIAN_POINT ( 'NONE',  ( 110.0000000000000426, 123.0000000000000000, -5.600000000000000533 ) ) ;
#51 = ORIENTED_EDGE ( 'NONE', *, *, #1244, .T. ) ;
#52 = EDGE_CURVE ( 'NONE', #1077, #872, #14, .T. ) ;
#53 = LINE ( 'NONE', #479, #1101 ) ;
#54 = CARTESIAN_POINT ( 'NONE',  ( 172.1070789892576727, 128.1600580812763042, 4.609992694816080316 ) ) ;
#55 = EDGE_LOOP ( 'NONE', ( #1065, #1268, #839, #597 ) ) ;
#56 = CARTESIAN_POINT ( 'NONE',  ( 173.0809328059885956, 129.0000000000000284, -4.710625292418075816 ) ) ;
#57 = ORIENTED_EDGE ( 'NONE', *, *, #518, .T. ) ;
#58 = VECTOR ( 'NONE', #203, 1000.000000000000000 ) ;
#59 =( NAMED_UNIT ( * ) SI_UNIT ( $, .STERADIAN. ) SOLID_ANGLE_UNIT ( ) );
#60 = APPROVAL_PERSON_ORGANIZATION ( #590, #584, #750 ) ;
#61 = EDGE_CURVE ( 'NONE', #950, #1263, #788, .T. ) ;
#62 = CIRCLE ( 'NONE', #822, 0.8999999999999980238 ) ;
#63 = CARTESIAN_POINT ( 'NONE',  ( 190.0000000000001137, 129.0000000000000000, 0.000000000000000000 ) ) ;
#64 = DIRECTION ( 'NONE',  ( 0.000000000000000000, -1.000000000000000000, 0.000000000000000000 ) ) ;
#65 = ORIENTED_EDGE ( 'NONE', *, *, #87, .F. ) ;
#66 = LINE ( 'NONE', #968, #1148 ) ;
#67 = DIRECTION ( 'NONE',  ( -1.000000000000000000, 0.000000000000000000, 0.000000000000000000 ) ) ;
#68 = CARTESIAN_POINT ( 'NONE',  ( 185.0000000000000568, 63.47282711229699714, 1.084882000598155649 ) ) ;
#69 = ADVANCED_FACE ( 'NONE', ( #773 ), #824, .T. ) ;
#70 = CARTESIAN_POINT ( 'NONE',  ( 172.3638627992068280, 121.1327800649207376, 5.202200167447990076 ) ) ;
#71 = ORIENTED_EDGE ( 'NONE', *, *, #807, .T. ) ;
#72 = CARTESIAN_POINT ( 'NONE',  ( 173.8170170682369076, 104.9999999999999716, 5.726701407844936753 ) ) ;
#73 = DIRECTION ( 'NONE',  ( 1.000000000000000000, 0.000000000000000000, 0.000000000000000000 ) ) ;
#74 = DIRECTION ( 'NONE',  ( 0.000000000000000000, 0.000000000000000000, -1.000000000000000000 ) ) ;
#75 = CARTESIAN_POINT ( 'NONE',  ( 64.00000000000005684, 112.9641677284163990, 7.274393137804834097 ) ) ;
#76 = CARTESIAN_POINT ( 'NONE',  ( 178.8394577090608664, 77.47208941263943416, 2.871160345879979037 ) ) ;
#77 = CARTESIAN_POINT ( 'NONE',  ( 173.3338991727192422, 105.0000000000000000, 5.370202054621661780 ) ) ;
#78 = CARTESIAN_POINT ( 'NONE',  ( 172.0555992171329365, 129.0000000000000568, -4.485005855479770709 ) ) ;
#79 = CIRCLE ( 'NONE', #965, 17.60000000000000853 ) ;
#80 = CARTESIAN_POINT ( 'NONE',  ( 46.00000000000001421, 129.0000000000000000, 2.999999999999999112 ) ) ;
#81 = CARTESIAN_POINT ( 'NONE',  ( 154.0509724311490629, 129.0000000000000284, 5.140179810859312859 ) ) ;
#82 = DIRECTION ( 'NONE',  ( 0.000000000000000000, 0.000000000000000000, -1.000000000000000000 ) ) ;
#83 = AXIS2_PLACEMENT_3D ( 'NONE', #678, #569, #1028 ) ;
#84 = AXIS2_PLACEMENT_3D ( 'NONE', #857, #612, #1300 ) ;
#85 = DIRECTION ( 'NONE',  ( 0.000000000000000000, 1.000000000000000000, 0.000000000000000000 ) ) ;
#86 = CARTESIAN_POINT ( 'NONE',  ( 172.8977884338508773, 105.0000000000000284, -5.138803094206887856 ) ) ;
#87 = EDGE_CURVE ( 'NONE', #414, #128, #1173, .T. ) ;
#88 = CARTESIAN_POINT ( 'NONE',  ( 64.00000000000005684, 120.5862565036925957, -7.557802489930355527 ) ) ;
#89 = CARTESIAN_POINT ( 'NONE',  ( 46.00000000000001421, 123.0000000000000000, 2.999999999999999112 ) ) ;
#90 = CARTESIAN_POINT ( 'NONE',  ( 185.0000000000000568, 100.3492503684683328, 4.736179191705478075 ) ) ;
#91 = CARTESIAN_POINT ( 'NONE',  ( 173.8154480335592780, 105.0000000000000000, -5.725329177532933578 ) ) ;
#92 = CARTESIAN_POINT ( 'NONE',  ( 190.0000000000001137, 129.0000000000000000, 0.000000000000000000 ) ) ;
#93 = DATE_AND_TIME ( #1205, #727 ) ;
#94 = CARTESIAN_POINT ( 'NONE',  ( 64.00000000000005684, 69.17350731388214058, -2.920951520335262508 ) ) ;
#95 = EDGE_CURVE ( 'NONE', #917, #487, #295, .T. ) ;
#96 = CARTESIAN_POINT ( 'NONE',  ( 190.0000000000001137, 140.0000000000000000, 0.000000000000000000 ) ) ;
#97 = CARTESIAN_POINT ( 'NONE',  ( 64.00000000000005684, 66.36377286558932553, 2.529180263332982737 ) ) ;
#98 = VERTEX_POINT ( 'NONE', #874 ) ;
#99 = CARTESIAN_POINT ( 'NONE',  ( 174.8477031322955497, 97.13016786058373953, -4.693733870945811404 ) ) ;
#100 = DIRECTION ( 'NONE',  ( 0.000000000000000000, 1.000000000000000000, 0.000000000000000000 ) ) ;
#101 = CARTESIAN_POINT ( 'NONE',  ( 64.00000000000000000, 52.00000000000000000, -0.3000000000000016542 ) ) ;
#102 = CARTESIAN_POINT ( 'NONE',  ( 64.00000000000005684, 54.63511737365565324, -0.7392085161886177147 ) ) ;
#103 = DIRECTION ( 'NONE',  ( 0.000000000000000000, 0.000000000000000000, 1.000000000000000000 ) ) ;
#104 = ORIENTED_EDGE ( 'NONE', *, *, #1059, .F. ) ;
#105 = DIRECTION ( 'NONE',  ( 0.000000000000000000, 0.000000000000000000, 1.000000000000000000 ) ) ;
#106 = EDGE_CURVE ( 'NONE', #1151, #128, #506, .T. ) ;
#107 = APPROVAL_PERSON_ORGANIZATION ( #143, #933, #496 ) ;
#108 = FACE_OUTER_BOUND ( 'NONE', #491, .T. ) ;
#109 = CIRCLE ( 'NONE', #653, 13.99999999999998757 ) ;
#110 = CARTESIAN_POINT ( 'NONE',  ( 185.0000000000000568, 77.84781431385431461, -2.841898987767238260 ) ) ;
#111 = CARTESIAN_POINT ( 'NONE',  ( 64.00000000000005684, 66.36377286558932553, -2.529180263332982737 ) ) ;
#112 = CARTESIAN_POINT ( 'NONE',  ( 182.8068862588932859, 57.89125055829222788, 0.3000000000000085931 ) ) ;
#113 = VERTEX_POINT ( 'NONE', #1426 ) ;
#114 = DIRECTION ( 'NONE',  ( 0.000000000000000000, 0.000000000000000000, -1.000000000000000000 ) ) ;
#115 = ORIENTED_EDGE ( 'NONE', *, *, #1199, .F. ) ;
#116 = DIRECTION ( 'NONE',  ( 0.000000000000000000, 0.000000000000000000, 1.000000000000000000 ) ) ;
#117 = CARTESIAN_POINT ( 'NONE',  ( 185.0000000000000568, 126.2376998857964452, -4.426664173987584938 ) ) ;
#118 = DIRECTION ( 'NONE',  ( 0.000000000000000000, -1.000000000000000000, 0.000000000000000000 ) ) ;
#119 = LINE ( 'NONE', #222, #1363 ) ;
#120 = FACE_OUTER_BOUND ( 'NONE', #709, .T. ) ;
#121 = EDGE_LOOP ( 'NONE', ( #850, #284 ) ) ;
#122 = EDGE_CURVE ( 'NONE', #1414, #1176, #62, .T. ) ;
#123 = CARTESIAN_POINT ( 'NONE',  ( 64.00000000000005684, 85.75514042015338134, 4.982971378066934243 ) ) ;
#124 = CARTESIAN_POINT ( 'NONE',  ( 64.00000000000005684, 95.00000000000000000, 0.000000000000000000 ) ) ;
#125 = ORIENTED_EDGE ( 'NONE', *, *, #61, .T. ) ;
#126 = CARTESIAN_POINT ( 'NONE',  ( 173.4352308654813726, 128.9999999999999716, 4.951417687743524532 ) ) ;
#127 = VECTOR ( 'NONE', #1165, 1000.000000000000000 ) ;
#128 = VERTEX_POINT ( 'NONE', #50 ) ;
#129 = CARTESIAN_POINT ( 'NONE',  ( 185.0000000000000568, 134.0016964467834839, 2.702374481606637069 ) ) ;
#130 = EDGE_LOOP ( 'NONE', ( #1195, #1114, #732, #461 ) ) ;
#131 = CARTESIAN_POINT ( 'NONE',  ( 46.00000000000001421, 95.00000000000000000, 3.999999999999993339 ) ) ;
#132 = CARTESIAN_POINT ( 'NONE',  ( 0.000000000000000000, 129.0000000000000000, 4.000000000000003553 ) ) ;
#133 = VERTEX_POINT ( 'NONE', #191 ) ;
#134 = CARTESIAN_POINT ( 'NONE',  ( 64.00000000000001421, 97.16519063746986262, -6.134735231814039125 ) ) ;
#135 = CARTESIAN_POINT ( 'NONE',  ( 185.0000000000000568, 136.4856485449861339, -1.196172438485729295 ) ) ;
#136 = PERSON_AND_ORGANIZATION_ROLE ( 'design_supplier' ) ;
#137 = CARTESIAN_POINT ( 'NONE',  ( 0.000000000000000000, 129.0000000000000000, -4.000000000000003553 ) ) ;
#138 = CYLINDRICAL_SURFACE ( 'NONE', #361, 13.99999999999998757 ) ;
#139 = EDGE_LOOP ( 'NONE', ( #1135, #1447, #182, #952 ) ) ;
#140 = FACE_OUTER_BOUND ( 'NONE', #334, .T. ) ;
#141 = CARTESIAN_POINT ( 'NONE',  ( 185.0000000000000568, 124.0827310412428943, 4.639246162179436084 ) ) ;
#142 = ORIENTED_EDGE ( 'NONE', *, *, #196, .F. ) ;
#143 = PERSON_AND_ORGANIZATION ( #1185, #200 ) ;
#144 = CARTESIAN_POINT ( 'NONE',  ( 46.00000000000001421, 123.0000000000000000, -2.999999999999999112 ) ) ;
#145 = CARTESIAN_POINT ( 'NONE',  ( 64.00000000000001421, 148.6696986281261275, 5.636246653250350569 ) ) ;
#146 = CARTESIAN_POINT ( 'NONE',  ( 172.3598021010008381, 104.8548454402549623, 5.141410197869769938 ) ) ;
#147 = EDGE_CURVE ( 'NONE', #737, #1014, #415, .T. ) ;
#148 = ORIENTED_EDGE ( 'NONE', *, *, #406, .F. ) ;
#149 = CIRCLE ( 'NONE', #1168, 0.8999999999999980238 ) ;
#150 = SECURITY_CLASSIFICATION ( '', '', #843 ) ;
#151 = CARTESIAN_POINT ( 'NONE',  ( 185.0000000000000568, 126.2376998857964452, -4.426664173987584938 ) ) ;
#152 = CARTESIAN_POINT ( 'NONE',  ( 64.00000000000000000, 108.9724217702747495, 7.044260820953669899 ) ) ;
#153 = ORIENTED_EDGE ( 'NONE', *, *, #518, .F. ) ;
#154 = PERSON_AND_ORGANIZATION ( #1185, #200 ) ;
#155 = CARTESIAN_POINT ( 'NONE',  ( 127.0382904564030753, 128.9999999999999147, -5.966199803564832926 ) ) ;
#156 = CARTESIAN_POINT ( 'NONE',  ( 64.00000000000005684, 82.37800232306902615, 4.618442769383855229 ) ) ;
#157 = EDGE_LOOP ( 'NONE', ( #1174, #545 ) ) ;
#158 = CARTESIAN_POINT ( 'NONE',  ( 174.2994715183631627, 119.0346530963366405, -6.518800546998293477 ) ) ;
#159 = EDGE_CURVE ( 'NONE', #1077, #5, #958, .T. ) ;
#160 = CYLINDRICAL_SURFACE ( 'NONE', #274, 0.8999999999999980238 ) ;
#161 = ORIENTED_EDGE ( 'NONE', *, *, #322, .T. ) ;
#162 = COORDINATED_UNIVERSAL_TIME_OFFSET ( 12, 0, .AHEAD. ) ;
#163 = ADVANCED_BREP_SHAPE_REPRESENTATION ( 'Wing - Bottom Part', ( #803, #482 ), #527 ) ;
#164 = CARTESIAN_POINT ( 'NONE',  ( 190.0000000000001137, 105.0000000000000000, 0.000000000000000000 ) ) ;
#165 = FACE_OUTER_BOUND ( 'NONE', #1349, .T. ) ;
#166 = ORIENTED_EDGE ( 'NONE', *, *, #881, .F. ) ;
#167 = CARTESIAN_POINT ( 'NONE',  ( 190.0000000000001137, 27.99999999999999645, 0.000000000000000000 ) ) ;
#168 = CARTESIAN_POINT ( 'NONE',  ( 174.2996955299465469, 119.0145285877846533, 6.519338485753598533 ) ) ;
#169 = EDGE_CURVE ( 'NONE', #287, #1366, #1434, .T. ) ;
#170 = ORIENTED_EDGE ( 'NONE', *, *, #1244, .F. ) ;
#171 = COORDINATED_UNIVERSAL_TIME_OFFSET ( 12, 0, .AHEAD. ) ;
#172 = CARTESIAN_POINT ( 'NONE',  ( 64.00000000000005684, 128.9999999947331162, -7.562559331487632264 ) ) ;
#173 = CARTESIAN_POINT ( 'NONE',  ( 185.0000000000000568, 134.0016964467834839, 2.702374481606637069 ) ) ;
#174 = CARTESIAN_POINT ( 'NONE',  ( 174.1657440944915720, 125.3468074476551379, 6.187541504951097338 ) ) ;
#175 = ORIENTED_EDGE ( 'NONE', *, *, #1138, .T. ) ;
#176 = CARTESIAN_POINT ( 'NONE',  ( 172.4788050031619377, 129.0000000000000284, -4.502319847325852997 ) ) ;
#177 = AXIS2_PLACEMENT_3D ( 'NONE', #955, #871, #1081 ) ;
#178 = AXIS2_PLACEMENT_3D ( 'NONE', #905, #1149, #103 ) ;
#179 = DIRECTION ( 'NONE',  ( 0.000000000000000000, 0.000000000000000000, 1.000000000000000000 ) ) ;
#180 = CARTESIAN_POINT ( 'NONE',  ( 185.0000000000000568, 75.34219329053840397, 2.565064010385240234 ) ) ;
#181 = CARTESIAN_POINT ( 'NONE',  ( 174.3430368576260889, 112.9931530968045337, 6.623107210963298463 ) ) ;
#182 = ORIENTED_EDGE ( 'NONE', *, *, #1189, .T. ) ;
#183 = CARTESIAN_POINT ( 'NONE',  ( 174.1175604258677652, 127.0232505086851802, -6.067789128065082416 ) ) ;
#184 = CYLINDRICAL_SURFACE ( 'NONE', #1011, 0.8999999999999980238 ) ;
#185 = FACE_OUTER_BOUND ( 'NONE', #238, .T. ) ;
#186 = CARTESIAN_POINT ( 'NONE',  ( 64.00000000000005684, 143.8488568854597531, 6.571591727123512250 ) ) ;
#187 = CARTESIAN_POINT ( 'NONE',  ( 179.6173142308784350, 73.54536443419070224, 2.418412798255864526 ) ) ;
#188 = ADVANCED_FACE ( 'NONE', ( #617 ), #289, .F. ) ;
#189 = ORIENTED_EDGE ( 'NONE', *, *, #616, .F. ) ;
#190 = CARTESIAN_POINT ( 'NONE',  ( 174.2492965339931743, 105.0000000000000000, -6.396510011397779749 ) ) ;
#191 = CARTESIAN_POINT ( 'NONE',  ( 64.00000000000005684, 95.00000000000000000, 4.000000000000014211 ) ) ;
#192 = CARTESIAN_POINT ( 'NONE',  ( 190.0000000000001137, 105.0000000000000000, -13.99999999999998401 ) ) ;
#193 = CARTESIAN_POINT ( 'NONE',  ( 82.01218715489073929, 128.9999999947331162, 7.154584430790968064 ) ) ;
#194 = CARTESIAN_POINT ( 'NONE',  ( 176.4709968441526939, 89.26362199948337661, -4.062836602584343204 ) ) ;
#195 = EDGE_CURVE ( 'NONE', #1034, #959, #1117, .T. ) ;
#196 = EDGE_CURVE ( 'NONE', #1005, #863, #513, .T. ) ;
#197 = CARTESIAN_POINT ( 'NONE',  ( 110.0000000000000426, 123.0000000000000000, -3.800000000000004707 ) ) ;
#198 = AXIS2_PLACEMENT_3D ( 'NONE', #300, #973, #1403 ) ;
#199 = B_SPLINE_CURVE_WITH_KNOTS ( 'NONE', 3,
 ( #641, #520, #86, #211 ),
 .UNSPECIFIED., .F., .F.,
 ( 4, 4 ),
 ( 0.000000000000000000, 0.0008034811723852410513 ),
 .UNSPECIFIED. ) ;
#200 = ORGANIZATION ( 'UNSPECIFIED', 'UNSPECIFIED', '' ) ;
#201 = DIRECTION ( 'NONE',  ( 0.000000000000000000, 0.000000000000000000, -1.000000000000000000 ) ) ;
#202 = DIRECTION ( 'NONE',  ( 0.000000000000000000, 1.000000000000000000, 0.000000000000000000 ) ) ;
#203 = DIRECTION ( 'NONE',  ( 0.000000000000000000, -1.000000000000000000, 0.000000000000000000 ) ) ;
#204 = CIRCLE ( 'NONE', #530, 13.99999999999998757 ) ;
#205 = CARTESIAN_POINT ( 'NONE',  ( 75.00000000000007105, 123.0000000000000000, 4.700000000000002842 ) ) ;
#206 = DIRECTION ( 'NONE',  ( 0.000000000000000000, 0.000000000000000000, 1.000000000000000000 ) ) ;
#207 = CARTESIAN_POINT ( 'NONE',  ( 75.00000000000007105, 135.0000000000000000, -4.700000000000002842 ) ) ;
#208 = CARTESIAN_POINT ( 'NONE',  ( 127.0384519228649225, 129.0000000000000568, 5.966195167585249592 ) ) ;
#209 = CARTESIAN_POINT ( 'NONE',  ( 64.00000000000005684, 157.9999999999999716, 0.000000000000000000 ) ) ;
#210 = DIRECTION ( 'NONE',  ( 0.000000000000000000, 0.000000000000000000, 1.000000000000000000 ) ) ;
#211 = CARTESIAN_POINT ( 'NONE',  ( 173.1655796601751547, 105.0000000000000000, -5.134422248129308031 ) ) ;
#212 = EDGE_CURVE ( 'NONE', #36, #133, #66, .T. ) ;
#213 = CARTESIAN_POINT ( 'NONE',  ( 190.0000000000001137, 105.0000000000000000, 0.000000000000000000 ) ) ;
#214 = DIRECTION ( 'NONE',  ( 0.000000000000000000, 0.000000000000000000, 1.000000000000000000 ) ) ;
#215 = CARTESIAN_POINT ( 'NONE',  ( 172.1749844529186362, 127.0181473675874031, 4.773896122419046151 ) ) ;
#216 = ORIENTED_EDGE ( 'NONE', *, *, #1198, .F. ) ;
#217 = CARTESIAN_POINT ( 'NONE',  ( 174.2492965339931743, 105.0000000000000000, -6.396510011397779749 ) ) ;
#218 = CARTESIAN_POINT ( 'NONE',  ( 174.3431860473301640, 113.0084458488411201, -6.623470248596557752 ) ) ;
#219 = CARTESIAN_POINT ( 'NONE',  ( 185.0000000000000568, 129.8332930663974878, -3.807241443524595148 ) ) ;
#220 = CARTESIAN_POINT ( 'NONE',  ( 172.0555992171327659, 128.9999999999999716, 4.485005855479798242 ) ) ;
#221 = CARTESIAN_POINT ( 'NONE',  ( 172.3663259460025472, 121.0150708370823907, 5.207516553298165540 ) ) ;
#222 = CARTESIAN_POINT ( 'NONE',  ( 46.00000000000001421, 123.0000000000000000, 2.999999999999999112 ) ) ;
#223 = VECTOR ( 'NONE', #669, 1000.000000000000000 ) ;
#224 = ADVANCED_FACE ( 'NONE', ( #514 ), #184, .F. ) ;
#225 = CARTESIAN_POINT ( 'NONE',  ( 75.00000000000007105, 123.0000000000000000, 4.700000000000002842 ) ) ;
#226 = AXIS2_PLACEMENT_3D ( 'NONE', #464, #354, #475 ) ;
#227 = CARTESIAN_POINT ( 'NONE',  ( 64.00000000000001421, 124.3977147227123652, -7.625235452124245583 ) ) ;
#228 = ORIENTED_EDGE ( 'NONE', *, *, #980, .T. ) ;
#229 = DIRECTION ( 'NONE',  ( -0.000000000000000000, 1.000000000000000000, -0.000000000000000000 ) ) ;
#230 = EDGE_LOOP ( 'NONE', ( #170, #270, #519, #448, #57, #854 ) ) ;
#231 = CARTESIAN_POINT ( 'NONE',  ( 75.00000000000007105, 129.0000000000000000, 4.700000000000002842 ) ) ;
#232 = ORIENTED_EDGE ( 'NONE', *, *, #865, .T. ) ;
#233 = CC_DESIGN_DATE_AND_TIME_ASSIGNMENT ( #706, #619, ( #150 ) ) ;
#234 = CARTESIAN_POINT ( 'NONE',  ( 64.00000000000000000, 108.9724217702747353, -7.044260820953669899 ) ) ;
#235 = CARTESIAN_POINT ( 'NONE',  ( 110.0000000000000426, 129.0000000000000000, 5.600000000000000533 ) ) ;
#236 = VERTEX_POINT ( 'NONE', #975 ) ;
#237 = DIRECTION ( 'NONE',  ( 0.000000000000000000, 0.000000000000000000, -1.000000000000000000 ) ) ;
#238 = EDGE_LOOP ( 'NONE', ( #910, #914, #1036, #1164, #51, #455, #1307, #216, #1358, #142, #228, #125, #45, #387, #254, #1040, #161, #341 ) ) ;
#239 = CARTESIAN_POINT ( 'NONE',  ( 64.00000000000001421, 148.6696986281261275, 5.636246653250350569 ) ) ;
#240 = EDGE_LOOP ( 'NONE', ( #1249, #32, #382, #393 ) ) ;
#241 = DIRECTION ( 'NONE',  ( 0.000000000000000000, 0.000000000000000000, -1.000000000000000000 ) ) ;
#242 = CARTESIAN_POINT ( 'NONE',  ( 190.0000000000001137, 136.0000000000000000, 13.99999999999998757 ) ) ;
#243 = AXIS2_PLACEMENT_3D ( 'NONE', #1213, #82, #907 ) ;
#244 = AXIS2_PLACEMENT_3D ( 'NONE', #877, #1334, #992 ) ;
#245 = ORIENTED_EDGE ( 'NONE', *, *, #605, .T. ) ;
#246 = CARTESIAN_POINT ( 'NONE',  ( 190.0000000000001137, 129.0000000000000000, 0.000000000000000000 ) ) ;
#247 = CARTESIAN_POINT ( 'NONE',  ( 185.0000000000000568, 63.47282711229699714, 1.084882000598155649 ) ) ;
#248 = ADVANCED_FACE ( 'NONE', ( #867 ), #160, .F. ) ;
#249 = CARTESIAN_POINT ( 'NONE',  ( 64.00000000000005684, 72.49854646718331708, -3.384664254940709771 ) ) ;
#250 = LINE ( 'NONE', #708, #1240 ) ;
#251 = ORIENTED_EDGE ( 'NONE', *, *, #953, .F. ) ;
#252 = CARTESIAN_POINT ( 'NONE',  ( 185.0000000000000568, 103.3128250282772456, -4.886309416168035824 ) ) ;
#253 = CARTESIAN_POINT ( 'NONE',  ( 185.0000000000000568, 103.3128250282772314, 4.886309416168035824 ) ) ;
#254 = ORIENTED_EDGE ( 'NONE', *, *, #615, .F. ) ;
#255 = EDGE_CURVE ( 'NONE', #1121, #1407, #199, .T. ) ;
#256 = EDGE_CURVE ( 'NONE', #784, #1077, #507, .T. ) ;
#257 =( LENGTH_UNIT ( ) NAMED_UNIT ( * ) SI_UNIT ( .MILLI., .METRE. ) );
#258 = CARTESIAN_POINT ( 'NONE',  ( 75.00000000000007105, 129.0000000000000000, 5.600000000000000533 ) ) ;
#259 = CARTESIAN_POINT ( 'NONE',  ( 185.0000000000000568, 131.4857947446270714, 3.425705399036457877 ) ) ;
#260 = DIRECTION ( 'NONE',  ( 0.000000000000000000, 0.000000000000000000, -1.000000000000000000 ) ) ;
#261 = ORIENTED_EDGE ( 'NONE', *, *, #1367, .T. ) ;
#262 = DIRECTION ( 'NONE',  ( 0.000000000000000000, -1.000000000000000000, 0.000000000000000000 ) ) ;
#263 = CARTESIAN_POINT ( 'NONE',  ( 64.00000000000005684, 158.5329740676537824, 0.000000000000000000 ) ) ;
#264 = VERTEX_POINT ( 'NONE', #1238 ) ;
#265 = APPLICATION_PROTOCOL_DEFINITION ( 'international standard', 'config_control_design', 1994, #598 ) ;
#266 = CARTESIAN_POINT ( 'NONE',  ( 64.00000000000000000, 52.44290321668560750, -0.3742775483541530002 ) ) ;
#267 = B_SPLINE_CURVE_WITH_KNOTS ( 'NONE', 3,
 ( #1255, #454, #2, #347, #931, #912, #1376, #690 ),
 .UNSPECIFIED., .F., .F.,
 ( 4, 2, 2, 4 ),
 ( 0.008199209913473743533, 0.01438193729336003680, 0.02056466467324637171, 0.03293011943301900335 ),
 .UNSPECIFIED. ) ;
#268 = CARTESIAN_POINT ( 'NONE',  ( 172.2759913248916348, 124.1685325033317895, 5.002053685266580452 ) ) ;
#269 = EDGE_CURVE ( 'NONE', #573, #1026, #1210, .T. ) ;
#270 = ORIENTED_EDGE ( 'NONE', *, *, #616, .T. ) ;
#271 = CIRCLE ( 'NONE', #962, 0.8999999999999980238 ) ;
#272 = LOCAL_TIME ( 17, 50, 20.00000000000000000, #1385 ) ;
#273 = CARTESIAN_POINT ( 'NONE',  ( 64.00000000000005684, 150.8759940062182068, 5.069319609450582576 ) ) ;
#274 = AXIS2_PLACEMENT_3D ( 'NONE', #1068, #1309, #755 ) ;
#275 = DESIGN_CONTEXT ( 'detailed design', #598, 'design' ) ;
#276 = EDGE_LOOP ( 'NONE', ( #1252, #625, #508, #26 ) ) ;
#277 = VECTOR ( 'NONE', #885, 1000.000000000000000 ) ;
#278 = CARTESIAN_POINT ( 'NONE',  ( 110.0000000000000426, 135.0000000000000000, 5.600000000000000533 ) ) ;
#279 = CARTESIAN_POINT ( 'NONE',  ( 173.6787377162115718, 124.2085763661936966, 4.957860297597457055 ) ) ;
#280 = ADVANCED_FACE ( 'NONE', ( #887 ), #405, .F. ) ;
#281 = ORIENTED_EDGE ( 'NONE', *, *, #256, .F. ) ;
#282 = CARTESIAN_POINT ( 'NONE',  ( 174.2492965339931743, 105.0000000000000000, 6.396510011397779749 ) ) ;
#283 = CARTESIAN_POINT ( 'NONE',  ( 64.00000000000000000, 52.00000000000000000, 0.3000000000000016542 ) ) ;
#284 = ORIENTED_EDGE ( 'NONE', *, *, #1251, .T. ) ;
#285 = CARTESIAN_POINT ( 'NONE',  ( 46.00000000000001421, 95.00000000000000000, -3.999999999999993339 ) ) ;
#286 = CARTESIAN_POINT ( 'NONE',  ( 173.5559989025138350, 128.2260047718918372, 4.548499977771396807 ) ) ;
#287 = VERTEX_POINT ( 'NONE', #1196 ) ;
#288 = EDGE_CURVE ( 'NONE', #872, #863, #586, .T. ) ;
#289 = CYLINDRICAL_SURFACE ( 'NONE', #895, 0.8999999999999980238 ) ;
#290 = CARTESIAN_POINT ( 'NONE',  ( 46.00000000000001421, 129.0000000000000000, 3.999999999999993339 ) ) ;
#291 = CARTESIAN_POINT ( 'NONE',  ( 75.00000000000007105, 123.0000000000000000, -4.700000000000002842 ) ) ;
#292 = CARTESIAN_POINT ( 'NONE',  ( 174.2671266780435246, 121.2311318100967554, 6.441571732507771486 ) ) ;
#293 = EDGE_LOOP ( 'NONE', ( #576, #351, #1069, #470 ) ) ;
#294 = CARTESIAN_POINT ( 'NONE',  ( 64.00000000000005684, 120.5862565036925957, -7.557802489930355527 ) ) ;
#295 = LINE ( 'NONE', #1204, #607 ) ;
#296 = CIRCLE ( 'NONE', #244, 0.8999999999999980238 ) ;
#297 = AXIS2_PLACEMENT_3D ( 'NONE', #1443, #658, #1325 ) ;
#298 = CARTESIAN_POINT ( 'NONE',  ( 0.000000000000000000, 129.0000000000000000, 0.000000000000000000 ) ) ;
#299 = CARTESIAN_POINT ( 'NONE',  ( 185.0000000000000568, 58.65976054031079912, 0.3981394380920266762 ) ) ;
#300 = CARTESIAN_POINT ( 'NONE',  ( -2.415207467466107705, 48.70668392723307960, 0.000000000000000000 ) ) ;
#301 = ORIENTED_EDGE ( 'NONE', *, *, #1310, .F. ) ;
#302 = DIRECTION ( 'NONE',  ( 0.000000000000000000, 0.000000000000000000, 1.000000000000000000 ) ) ;
#303 = EDGE_CURVE ( 'NONE', #959, #113, #323, .T. ) ;
#304 = ADVANCED_FACE ( 'NONE', ( #1405 ), #756, .F. ) ;
#305 = CARTESIAN_POINT ( 'NONE',  ( 190.0000000000001137, 129.0000000000000000, -13.99999999999998401 ) ) ;
#306 = CARTESIAN_POINT ( 'NONE',  ( 190.0000000000001137, 105.0000000000000000, 0.000000000000000000 ) ) ;
#307 = B_SPLINE_CURVE_WITH_KNOTS ( 'NONE', 3,
 ( #510, #266, #1377, #366, #359, #249, #948, #837, #716, #820, #47, #1266, #1171 ),
 .UNSPECIFIED., .F., .F.,
 ( 4, 1, 1, 1, 1, 1, 1, 1, 1, 1, 4 ),
 ( 0.000000000000000000, 0.006201962899188698426, 0.02448136905349916972, 0.05388345649501025819, 0.09289034474279106446, 0.1395093084148930351, 0.1913742588137488931, 0.2458629933516659483, 0.3002380933255869855, 0.3518114771965040188, 0.3564340851388170806 ),
 .UNSPECIFIED. ) ;
#308 = CARTESIAN_POINT ( 'NONE',  ( 180.7928957531201775, 67.66358614543604233, -1.675765543501607890 ) ) ;
#309 = CARTESIAN_POINT ( 'NONE',  ( 172.1569068650296401, 127.1812232704431835, -4.726506562565469416 ) ) ;
#310 = CARTESIAN_POINT ( 'NONE',  ( 46.00000000000001421, 129.0000000000000000, 3.999999999999993339 ) ) ;
#311 = CARTESIAN_POINT ( 'NONE',  ( 64.00000000000001421, 75.31362101711647483, 3.736219902025671669 ) ) ;
#312 = CARTESIAN_POINT ( 'NONE',  ( 174.0064961839746900, 129.4377694446964995, 5.762624027886929845 ) ) ;
#313 = DIRECTION ( 'NONE',  ( 0.000000000000000000, 0.000000000000000000, -1.000000000000000000 ) ) ;
#314 = CARTESIAN_POINT ( 'NONE',  ( 64.00000000000005684, 140.9465143254921031, -6.904314826541062544 ) ) ;
#315 = AXIS2_PLACEMENT_3D ( 'NONE', #719, #437, #896 ) ;
#316 = FACE_BOUND ( 'NONE', #761, .T. ) ;
#317 = CARTESIAN_POINT ( 'NONE',  ( 64.00000000000005684, 52.88637962628123290, 0.4486512246263049675 ) ) ;
#318 = CARTESIAN_POINT ( 'NONE',  ( 181.9841692759560488, 61.79328346643707448, 0.8772244206766403041 ) ) ;
#319 = VECTOR ( 'NONE', #989, 1000.000000000000000 ) ;
#320 = B_SPLINE_CURVE_WITH_KNOTS ( 'NONE', 3,
 ( #462, #1041, #920, #1227, #221, #1365, #215, #574 ),
 .UNSPECIFIED., .F., .F.,
 ( 4, 2, 2, 4 ),
 ( 0.04796280101912701183, 0.05998092381811578888, 0.06598998521761020863, 0.07199904661710461451 ),
 .UNSPECIFIED. ) ;
#321 = DIRECTION ( 'NONE',  ( 0.000000000000000000, 0.000000000000000000, 1.000000000000000000 ) ) ;
#322 = EDGE_CURVE ( 'NONE', #1051, #609, #109, .T. ) ;
#323 = B_SPLINE_CURVE_WITH_KNOTS ( 'NONE', 3,
 ( #282, #738, #640, #72, #729, #77, #379, #614, #1066, #957 ),
 .UNSPECIFIED., .F., .F.,
 ( 4, 2, 2, 2, 4 ),
 ( 0.000000000000000000, 0.0005977865863203610762, 0.001195573172640722152, 0.001793359758961083229, 0.002391146345281444305 ),
 .UNSPECIFIED. ) ;
#324 = CARTESIAN_POINT ( 'NONE',  ( 46.00000000000001421, 95.00000000000000000, 3.999999999999993339 ) ) ;
#325 = LINE ( 'NONE', #543, #604 ) ;
#326 = CARTESIAN_POINT ( 'NONE',  ( 64.00000000000000000, 108.9724217702747495, 7.044260820953669899 ) ) ;
#327 = ORIENTED_EDGE ( 'NONE', *, *, #901, .T. ) ;
#328 = CARTESIAN_POINT ( 'NONE',  ( 182.8068862588932859, 57.89125055829222788, -0.3000000000000085931 ) ) ;
#329 = CARTESIAN_POINT ( 'NONE',  ( 174.1651646346415703, 125.3657264956584356, -6.186054961228542481 ) ) ;
#330 = ADVANCED_FACE ( 'NONE', ( #108 ), #1222, .T. ) ;
#331 = CARTESIAN_POINT ( 'NONE',  ( 185.0000000000000568, 111.7986220736899980, -5.114700798845920104 ) ) ;
#332 = CARTESIAN_POINT ( 'NONE',  ( 64.00000000000005684, 55.94429781915789590, -0.9507522153523393360 ) ) ;
#333 = DIRECTION ( 'NONE',  ( 0.000000000000000000, 0.000000000000000000, 1.000000000000000000 ) ) ;
#334 = EDGE_LOOP ( 'NONE', ( #345, #261, #13, #858, #1424, #806 ) ) ;
#335 = CARTESIAN_POINT ( 'NONE',  ( 110.0000000000000426, 123.0000000000000000, -4.700000000000002842 ) ) ;
#336 = CARTESIAN_POINT ( 'NONE',  ( 64.00000000000005684, 112.9641677284163848, -7.274393137804834097 ) ) ;
#337 = ADVANCED_FACE ( 'NONE', ( #450 ), #665, .F. ) ;
#338 = CARTESIAN_POINT ( 'NONE',  ( 64.00000000000005684, 78.68415546129544680, -4.157044382679838002 ) ) ;
#339 = DIRECTION ( 'NONE',  ( 0.000000000000000000, -1.000000000000000000, 0.000000000000000000 ) ) ;
#340 = AXIS2_PLACEMENT_3D ( 'NONE', #419, #425, #74 ) ;
#341 = ORIENTED_EDGE ( 'NONE', *, *, #882, .T. ) ;
#342 = CARTESIAN_POINT ( 'NONE',  ( 176.3252056688227185, 129.0000000000000000, 3.000000000000016431 ) ) ;
#343 = AXIS2_PLACEMENT_3D ( 'NONE', #335, #1236, #672 ) ;
#344 = VECTOR ( 'NONE', #859, 1000.000000000000000 ) ;
#345 = ORIENTED_EDGE ( 'NONE', *, *, #980, .F. ) ;
#346 = CARTESIAN_POINT ( 'NONE',  ( 185.0000000000000568, 58.65976054031079912, -0.3981394380920266762 ) ) ;
#347 = CARTESIAN_POINT ( 'NONE',  ( 172.3655831744429463, 121.0469957815035116, -5.205880429987913338 ) ) ;
#348 = EDGE_LOOP ( 'NONE', ( #581, #1294, #495, #65 ) ) ;
#349 = ADVANCED_FACE ( 'NONE', ( #1102 ), #1116, .T. ) ;
#350 = CARTESIAN_POINT ( 'NONE',  ( 172.6299971461027667, 104.9999999999999716, 5.143180187216307431 ) ) ;
#351 = ORIENTED_EDGE ( 'NONE', *, *, #779, .F. ) ;
#352 = CARTESIAN_POINT ( 'NONE',  ( 64.00000000000005684, 131.4247822930463769, 7.532929783100005494 ) ) ;
#353 = CYLINDRICAL_SURFACE ( 'NONE', #178, 13.99999999999998757 ) ;
#354 = DIRECTION ( 'NONE',  ( 0.000000000000000000, 1.000000000000000000, 0.000000000000000000 ) ) ;
#355 = EDGE_CURVE ( 'NONE', #1228, #1051, #1103, .T. ) ;
#356 = ORIENTED_EDGE ( 'NONE', *, *, #868, .F. ) ;
#357 = CARTESIAN_POINT ( 'NONE',  ( 185.0000000000000568, 131.4857947446270714, 3.425705399036457877 ) ) ;
#358 = FACE_OUTER_BOUND ( 'NONE', #240, .T. ) ;
#359 = CARTESIAN_POINT ( 'NONE',  ( 64.00000000000005684, 64.24886354028815560, -2.234259669844925078 ) ) ;
#360 = CARTESIAN_POINT ( 'NONE',  ( 75.00000000000007105, 123.0000000000000000, -5.600000000000000533 ) ) ;
#361 = AXIS2_PLACEMENT_3D ( 'NONE', #913, #1023, #717 ) ;
#362 = EDGE_LOOP ( 'NONE', ( #579, #1235 ) ) ;
#363 = CARTESIAN_POINT ( 'NONE',  ( 110.0000000000000426, 123.0000000000000000, 4.700000000000002842 ) ) ;
#364 = CARTESIAN_POINT ( 'NONE',  ( 185.0000000000000568, 111.7986220736899980, 5.114700798845920104 ) ) ;
#365 = APPROVAL_STATUS ( 'not_yet_approved' ) ;
#366 = CARTESIAN_POINT ( 'NONE',  ( 64.00000000000005684, 58.04302010026673031, -1.289879303724157600 ) ) ;
#367 = CARTESIAN_POINT ( 'NONE',  ( 185.0000000000000568, 134.0016964467834555, -2.702374481606637069 ) ) ;
#368 = CARTESIAN_POINT ( 'NONE',  ( 172.0555992171327659, 128.9999999999999716, 4.485005855479798242 ) ) ;
#369 = EDGE_LOOP ( 'NONE', ( #1257, #826, #802, #512 ) ) ;
#370 = CARTESIAN_POINT ( 'NONE',  ( 185.0000000000000568, 100.3492503684683470, -4.736179191705478075 ) ) ;
#371 = CARTESIAN_POINT ( 'NONE',  ( 64.00000000000005684, 52.88637962628123290, 0.4486512246263049675 ) ) ;
#372 = ORIENTED_EDGE ( 'NONE', *, *, #953, .T. ) ;
#373 = APPROVAL_ROLE ( '' ) ;
#374 = ADVANCED_FACE ( 'NONE', ( #1331 ), #1123, .T. ) ;
#375 = DIRECTION ( 'NONE',  ( 0.000000000000000000, 0.000000000000000000, 1.000000000000000000 ) ) ;
#376 = CARTESIAN_POINT ( 'NONE',  ( 64.00000000000005684, 154.2368365333354632, 3.941714452599463847 ) ) ;
#377 = CARTESIAN_POINT ( 'NONE',  ( 64.00000000000001421, 104.9875858014058423, 6.813591513160796254 ) ) ;
#378 = ORIENTED_EDGE ( 'NONE', *, *, #1216, .F. ) ;
#379 = CARTESIAN_POINT ( 'NONE',  ( 173.1495468805225073, 105.0000000000000000, 5.284470774019670358 ) ) ;
#380 = CARTESIAN_POINT ( 'NONE',  ( 185.0000000000000568, 129.8332930663974878, -3.807241443524595148 ) ) ;
#381 = CARTESIAN_POINT ( 'NONE',  ( 185.0000000000000568, 58.00000000000000000, 0.3000000000000085931 ) ) ;
#382 = ORIENTED_EDGE ( 'NONE', *, *, #1310, .T. ) ;
#383 = DATE_TIME_ROLE ( 'creation_date' ) ;
#384 = EDGE_CURVE ( 'NONE', #1026, #1024, #1194, .T. ) ;
#385 = DIRECTION ( 'NONE',  ( 0.000000000000000000, -1.000000000000000000, 0.000000000000000000 ) ) ;
#386 = CARTESIAN_POINT ( 'NONE',  ( 173.7309494227071696, 104.8321631738546245, 5.118118001949539142 ) ) ;
#387 = ORIENTED_EDGE ( 'NONE', *, *, #451, .F. ) ;
#388 = AXIS2_PLACEMENT_3D ( 'NONE', #1098, #976, #647 ) ;
#389 = DIRECTION ( 'NONE',  ( 0.000000000000000000, 0.000000000000000000, -1.000000000000000000 ) ) ;
#390 = CC_DESIGN_SECURITY_CLASSIFICATION ( #150, ( #987 ) ) ;
#391 = CARTESIAN_POINT ( 'NONE',  ( 64.00000000000005684, 134.8664053117378501, -7.391924922871936587 ) ) ;
#392 = CARTESIAN_POINT ( 'NONE',  ( 110.0000000000000426, 123.0000000000000000, 4.700000000000002842 ) ) ;
#393 = ORIENTED_EDGE ( 'NONE', *, *, #212, .T. ) ;
#394 = AXIS2_PLACEMENT_3D ( 'NONE', #207, #983, #642 ) ;
#395 = PERSON_AND_ORGANIZATION_ROLE ( 'creator' ) ;
#396 = PLANE ( 'NONE',  #1104 ) ;
#397 = CARTESIAN_POINT ( 'NONE',  ( 172.2418811094497642, 125.1763777443242134, 4.923500714974665904 ) ) ;
#398 = ORIENTED_EDGE ( 'NONE', *, *, #1198, .T. ) ;
#399 = CARTESIAN_POINT ( 'NONE',  ( 185.0000000000000568, 108.9702366280472319, -5.070824402975252276 ) ) ;
#400 = CARTESIAN_POINT ( 'NONE',  ( 110.0000000000000426, 135.0000000000000000, -5.600000000000000533 ) ) ;
#401 = VERTEX_POINT ( 'NONE', #547 ) ;
#402 = CARTESIAN_POINT ( 'NONE',  ( 172.3622057974525319, 104.9999999999999574, -5.147553549348607760 ) ) ;
#403 = CARTESIAN_POINT ( 'NONE',  ( 64.00000000000005684, 72.49854646718330287, 3.384664254940709771 ) ) ;
#404 = EDGE_LOOP ( 'NONE', ( #3, #564, #148, #1455 ) ) ;
#405 = CYLINDRICAL_SURFACE ( 'NONE', #418, 0.8999999999999980238 ) ;
#406 = EDGE_CURVE ( 'NONE', #587, #98, #941, .T. ) ;
#407 = CARTESIAN_POINT ( 'NONE',  ( 64.00000000000001421, 124.3977147227123652, -7.625235452124245583 ) ) ;
#408 = CARTESIAN_POINT ( 'NONE',  ( 172.8887955040835607, 128.9999999999999716, -4.620301637486463164 ) ) ;
#409 = APPROVAL_DATE_TIME ( #93, #584 ) ;
#410 = DIRECTION ( 'NONE',  ( 0.000000000000000000, 0.000000000000000000, -1.000000000000000000 ) ) ;
#411 = LINE ( 'NONE', #80, #1449 ) ;
#412 = CARTESIAN_POINT ( 'NONE',  ( 64.00000000000005684, 69.17350731388212637, 2.920951520335262508 ) ) ;
#413 = CARTESIAN_POINT ( 'NONE',  ( 64.00000000000005684, 58.04302010026673031, 1.289879303724157600 ) ) ;
#414 = VERTEX_POINT ( 'NONE', #197 ) ;
#415 = LINE ( 'NONE', #500, #37 ) ;
#416 = ADVANCED_FACE ( 'NONE', ( #556 ), #903, .F. ) ;
#417 = CC_DESIGN_PERSON_AND_ORGANIZATION_ASSIGNMENT ( #733, #947, ( #780 ) ) ;
#418 = AXIS2_PLACEMENT_3D ( 'NONE', #1425, #864, #389 ) ;
#419 = CARTESIAN_POINT ( 'NONE',  ( 110.0000000000000426, 135.0000000000000000, -4.700000000000002842 ) ) ;
#420 = CARTESIAN_POINT ( 'NONE',  ( 176.3252056688226617, 129.0000000000000000, -3.000000000000002665 ) ) ;
#421 = CARTESIAN_POINT ( 'NONE',  ( 173.1655796601751547, 105.0000000000000000, -5.134422248129308031 ) ) ;
#422 = CARTESIAN_POINT ( 'NONE',  ( 174.0960498040535072, 127.4071028910307177, -6.006134796705723922 ) ) ;
#423 = CARTESIAN_POINT ( 'NONE',  ( 174.1179401125352513, 127.0149604585126895, 6.068831305454312819 ) ) ;
#424 = EDGE_CURVE ( 'NONE', #1419, #609, #699, .T. ) ;
#425 = DIRECTION ( 'NONE',  ( 0.000000000000000000, -1.000000000000000000, 0.000000000000000000 ) ) ;
#426 = CARTESIAN_POINT ( 'NONE',  ( 64.00000000000001421, 124.3977147227123652, 7.625235452124245583 ) ) ;
#427 = CARTESIAN_POINT ( 'NONE',  ( 176.3252056688227185, 136.0000000000000000, -3.000000000000016431 ) ) ;
#428 = CARTESIAN_POINT ( 'NONE',  ( 173.7861981511977092, 108.9161711822385712, -5.290592384783033175 ) ) ;
#429 = DIRECTION ( 'NONE',  ( 0.000000000000000000, 0.000000000000000000, 1.000000000000000000 ) ) ;
#430 = FACE_BOUND ( 'NONE', #121, .T. ) ;
#431 = DIRECTION ( 'NONE',  ( 0.000000000000000000, -1.000000000000000000, 0.000000000000000000 ) ) ;
#432 = CARTESIAN_POINT ( 'NONE',  ( 173.3305844210916007, 105.0000000000000000, -5.368452016599334797 ) ) ;
#433 = EDGE_CURVE ( 'NONE', #613, #1014, #484, .T. ) ;
#434 = CARTESIAN_POINT ( 'NONE',  ( 172.4617762015520839, 113.0244664554204661, -5.402370249023325854 ) ) ;
#435 = CARTESIAN_POINT ( 'NONE',  ( 185.0000000000000568, 124.0827310412428801, -4.639246162179436084 ) ) ;
#436 = CIRCLE ( 'NONE', #84, 16.99999999999998934 ) ;
#437 = DIRECTION ( 'NONE',  ( 0.000000000000000000, 0.000000000000000000, -1.000000000000000000 ) ) ;
#438 = CARTESIAN_POINT ( 'NONE',  ( 64.00000000000005684, 78.68415546129547522, 4.157044382679838002 ) ) ;
#439 = VERTEX_POINT ( 'NONE', #342 ) ;
#440 = CARTESIAN_POINT ( 'NONE',  ( 174.1732433431609763, 105.0000000000000000, -6.209237380806639450 ) ) ;
#441 = AXIS2_PLACEMENT_3D ( 'NONE', #1000, #1215, #1457 ) ;
#442 = CARTESIAN_POINT ( 'NONE',  ( 172.2752631367094978, 124.1907365000608792, -5.000367901634449552 ) ) ;
#443 =( BOUNDED_CURVE ( )  B_SPLINE_CURVE ( 3, ( #112, #559, #805, #684 ),
 .UNSPECIFIED., .F., .F. ) 
 B_SPLINE_CURVE_WITH_KNOTS ( ( 4, 4 ),
 ( 3.100363982125903473, 3.182821325053682759 ),
 .UNSPECIFIED. ) 
 CURVE ( )  GEOMETRIC_REPRESENTATION_ITEM ( )  RATIONAL_B_SPLINE_CURVE ( ( 1.000000000000000000, 0.9994334791377665894, 0.9994334791377665894, 1.000000000000000000 ) ) 
 REPRESENTATION_ITEM ( '' )  );
#444 = DIRECTION ( 'NONE',  ( 0.000000000000000000, 1.000000000000000000, 0.000000000000000000 ) ) ;
#445 = CARTESIAN_POINT ( 'NONE',  ( 185.0000000000000568, 100.3492503684683470, -4.736179191705478075 ) ) ;
#446 = DIRECTION ( 'NONE',  ( 0.000000000000000000, 0.000000000000000000, -1.000000000000000000 ) ) ;
#447 = CARTESIAN_POINT ( 'NONE',  ( 75.00000000000007105, 135.0000000000000000, 5.600000000000000533 ) ) ;
#448 = ORIENTED_EDGE ( 'NONE', *, *, #835, .T. ) ;
#449 = PLANE ( 'NONE',  #772 ) ;
#450 = FACE_OUTER_BOUND ( 'NONE', #458, .T. ) ;
#451 = EDGE_CURVE ( 'NONE', #823, #1399, #250, .T. ) ;
#452 = CARTESIAN_POINT ( 'NONE',  ( 185.0000000000000568, 65.04336624223789443, -1.296702550218020722 ) ) ;
#453 = CARTESIAN_POINT ( 'NONE',  ( 64.00000000000005684, 69.17350731388214058, -2.920951520335262508 ) ) ;
#454 = CARTESIAN_POINT ( 'NONE',  ( 172.1743004541850723, 127.0295020772502284, -4.772240971550691491 ) ) ;
#455 = ORIENTED_EDGE ( 'NONE', *, *, #591, .F. ) ;
#456 = PRODUCT_RELATED_PRODUCT_CATEGORY ( 'detail', '', ( #780 ) ) ;
#457 = CARTESIAN_POINT ( 'NONE',  ( 173.1655796601730515, 105.0000000000000000, 5.134422248122786137 ) ) ;
#458 = EDGE_LOOP ( 'NONE', ( #115, #1142, #232, #682 ) ) ;
#459 = ADVANCED_FACE ( 'NONE', ( #1157 ), #1245, .F. ) ;
#460 = CARTESIAN_POINT ( 'NONE',  ( 64.00000000000005684, 129.0000000000000000, 0.000000000000000000 ) ) ;
#461 = ORIENTED_EDGE ( 'NONE', *, *, #787, .F. ) ;
#462 = CARTESIAN_POINT ( 'NONE',  ( 172.3622057974525887, 104.9999999999999858, 5.147553549348579338 ) ) ;
#463 = ORIENTED_EDGE ( 'NONE', *, *, #169, .F. ) ;
#464 = CARTESIAN_POINT ( 'NONE',  ( 190.0000000000001137, 123.0000000000000000, 0.000000000000000000 ) ) ;
#465 = CIRCLE ( 'NONE', #466, 0.8999999999999980238 ) ;
#466 = AXIS2_PLACEMENT_3D ( 'NONE', #830, #923, #1378 ) ;
#467 = VERTEX_POINT ( 'NONE', #561 ) ;
#468 = CARTESIAN_POINT ( 'NONE',  ( 185.0000000000000568, 119.5692345236420380, 4.956907385402789856 ) ) ;
#469 = CARTESIAN_POINT ( 'NONE',  ( 173.1655796601751547, 105.0000000000000000, -5.134422248129308031 ) ) ;
#470 = ORIENTED_EDGE ( 'NONE', *, *, #835, .F. ) ;
#471 = CARTESIAN_POINT ( 'NONE',  ( 172.1067708882649185, 128.1650013624906990, -4.609242215552500355 ) ) ;
#472 = ORIENTED_EDGE ( 'NONE', *, *, #1243, .T. ) ;
#473 = CARTESIAN_POINT ( 'NONE',  ( 185.0000000000000568, 85.90164580039258624, 3.651638213388250342 ) ) ;
#474 = EDGE_CURVE ( 'NONE', #236, #1075, #593, .T. ) ;
#475 = DIRECTION ( 'NONE',  ( 0.000000000000000000, 0.000000000000000000, 1.000000000000000000 ) ) ;
#476 = ORIENTED_EDGE ( 'NONE', *, *, #1321, .F. ) ;
#477 = CARTESIAN_POINT ( 'NONE',  ( 185.0000000000000568, 94.53413748527472649, -4.366670899555377794 ) ) ;
#478 = CARTESIAN_POINT ( 'NONE',  ( 185.0000000000000568, 77.84781431385430039, 2.841898987767238260 ) ) ;
#479 = CARTESIAN_POINT ( 'NONE',  ( 46.00000000000001421, 123.0000000000000000, -2.999999999999999112 ) ) ;
#480 = CARTESIAN_POINT ( 'NONE',  ( 185.0000000000000568, 137.4758658048489792, 0.000000000000000000 ) ) ;
#481 = CARTESIAN_POINT ( 'NONE',  ( 75.00000000000007105, 129.0000000000000000, 3.800000000000004707 ) ) ;
#482 = AXIS2_PLACEMENT_3D ( 'NONE', #599, #1287, #1393 ) ;
#483 = ORIENTED_EDGE ( 'NONE', *, *, #943, .F. ) ;
#484 = CIRCLE ( 'NONE', #226, 13.99999999999998757 ) ;
#485 = CARTESIAN_POINT ( 'NONE',  ( 185.0000000000000568, 85.90164580039258624, -3.651638213388250342 ) ) ;
#486 = CARTESIAN_POINT ( 'NONE',  ( 64.00000000000001421, 97.16519063746986262, 6.134735231814039125 ) ) ;
#487 = VERTEX_POINT ( 'NONE', #932 ) ;
#488 = COORDINATED_UNIVERSAL_TIME_OFFSET ( 12, 0, .AHEAD. ) ;
#489 = DIRECTION ( 'NONE',  ( 0.000000000000000000, 0.000000000000000000, -1.000000000000000000 ) ) ;
#490 = DIRECTION ( 'NONE',  ( -1.000000000000000000, 0.000000000000000000, 0.000000000000000000 ) ) ;
#491 = EDGE_LOOP ( 'NONE', ( #718, #1058, #398, #1019 ) ) ;
#492 = CARTESIAN_POINT ( 'NONE',  ( 64.00000000000005684, 140.9465143254921031, -6.904314826541062544 ) ) ;
#493 = CARTESIAN_POINT ( 'NONE',  ( 64.00000000000000000, 52.44290321668560750, 0.3742775483541530002 ) ) ;
#494 = EDGE_CURVE ( 'NONE', #1412, #1397, #465, .T. ) ;
#495 = ORIENTED_EDGE ( 'NONE', *, *, #106, .T. ) ;
#496 = APPROVAL_ROLE ( '' ) ;
#497 = CARTESIAN_POINT ( 'NONE',  ( 163.0540597940957923, 129.0000000000000568, -4.835716646117353967 ) ) ;
#498 = CARTESIAN_POINT ( 'NONE',  ( 64.00000000000005684, 54.19120085711175960, 0.6674776372945709912 ) ) ;
#499 = ORIENTED_EDGE ( 'NONE', *, *, #406, .T. ) ;
#500 = CARTESIAN_POINT ( 'NONE',  ( 46.00000000000001421, 123.0000000000000000, 2.999999999999999112 ) ) ;
#501 = ORIENTED_EDGE ( 'NONE', *, *, #7, .T. ) ;
#502 = CARTESIAN_POINT ( 'NONE',  ( 64.00000000000005684, 128.9999999947331162, -7.562559331487632264 ) ) ;
#503 = CARTESIAN_POINT ( 'NONE',  ( 110.0000000000000426, 123.0000000000000000, -4.700000000000002842 ) ) ;
#504 = ORIENTED_EDGE ( 'NONE', *, *, #1189, .F. ) ;
#505 = VECTOR ( 'NONE', #1159, 1000.000000000000000 ) ;
#506 = LINE ( 'NONE', #400, #774 ) ;
#507 = CIRCLE ( 'NONE', #919, 16.99999999999998934 ) ;
#508 = ORIENTED_EDGE ( 'NONE', *, *, #680, .F. ) ;
#509 = CARTESIAN_POINT ( 'NONE',  ( 190.0000000000001137, 105.0000000000000000, 13.99999999999998401 ) ) ;
#510 = CARTESIAN_POINT ( 'NONE',  ( 64.00000000000000000, 52.00000000000000000, -0.3000000000000016542 ) ) ;
#511 = CARTESIAN_POINT ( 'NONE',  ( 64.00000000000000000, 52.44290321668560750, 0.3742775483541530002 ) ) ;
#512 = ORIENTED_EDGE ( 'NONE', *, *, #1095, .T. ) ;
#513 = B_SPLINE_CURVE_WITH_KNOTS ( 'NONE', 3,
 ( #78, #624, #176, #408, #56, #633, #526, #1084 ),
 .UNSPECIFIED., .F., .F.,
 ( 4, 2, 2, 4 ),
 ( 0.000000000000000000, 0.0006327887795356277939, 0.001265577559071255588, 0.002531155118142580998 ),
 .UNSPECIFIED. ) ;
#514 = FACE_OUTER_BOUND ( 'NONE', #906, .T. ) ;
#515 = DIRECTION ( 'NONE',  ( 0.000000000000000000, -1.000000000000000000, 0.000000000000000000 ) ) ;
#516 = CARTESIAN_POINT ( 'NONE',  ( 64.00000000000000000, 54.63511737365566745, 0.7392085161886317035 ) ) ;
#517 = CARTESIAN_POINT ( 'NONE',  ( 64.00000000000000000, 52.00000000000000000, 0.3000000000000016542 ) ) ;
#518 = EDGE_CURVE ( 'NONE', #264, #113, #1070, .T. ) ;
#519 = ORIENTED_EDGE ( 'NONE', *, *, #169, .T. ) ;
#520 = CARTESIAN_POINT ( 'NONE',  ( 172.6299971461034772, 104.9999999999999574, -5.143180187216337629 ) ) ;
#521 = FACE_OUTER_BOUND ( 'NONE', #560, .T. ) ;
#522 = CARTESIAN_POINT ( 'NONE',  ( 185.0000000000000568, 58.00000000000000000, 0.3000000000000085931 ) ) ;
#523 = LINE ( 'NONE', #427, #277 ) ;
#524 = CARTESIAN_POINT ( 'NONE',  ( 172.3597978196349061, 104.8545885054678877, -5.141399254194213952 ) ) ;
#525 = VECTOR ( 'NONE', #644, 1000.000000000000000 ) ;
#526 = CARTESIAN_POINT ( 'NONE',  ( 173.8805611270435634, 128.9999999999999147, -5.417265073198879399 ) ) ;
#527 =( GEOMETRIC_REPRESENTATION_CONTEXT ( 3 ) GLOBAL_UNCERTAINTY_ASSIGNED_CONTEXT ( ( #875 ) ) GLOBAL_UNIT_ASSIGNED_CONTEXT ( ( #257, #1183, #59 ) ) REPRESENTATION_CONTEXT ( 'NONE', 'WORKASPACE' ) );
#528 = ADVANCED_FACE ( 'NONE', ( #1043 ), #138, .F. ) ;
#529 = AXIS2_PLACEMENT_3D ( 'NONE', #1256, #801, #821 ) ;
#530 = AXIS2_PLACEMENT_3D ( 'NONE', #63, #1394, #39 ) ;
#531 = FACE_BOUND ( 'NONE', #566, .T. ) ;
#532 = CARTESIAN_POINT ( 'NONE',  ( 64.00000000000001421, 97.16519063746986262, 6.134735231814039125 ) ) ;
#533 = CARTESIAN_POINT ( 'NONE',  ( 190.0000000000001137, 105.0000000000000000, 16.99999999999998579 ) ) ;
#534 = DIRECTION ( 'NONE',  ( 0.000000000000000000, 1.000000000000000000, 0.000000000000000000 ) ) ;
#535 = DIRECTION ( 'NONE',  ( 0.000000000000000000, -1.000000000000000000, 0.000000000000000000 ) ) ;
#536 = COORDINATED_UNIVERSAL_TIME_OFFSET ( 12, 0, .AHEAD. ) ;
#537 = CARTESIAN_POINT ( 'NONE',  ( 185.0000000000000568, 119.5692345236420522, -4.956907385402789856 ) ) ;
#538 = CYLINDRICAL_SURFACE ( 'NONE', #844, 16.99999999999998934 ) ;
#539 = CARTESIAN_POINT ( 'NONE',  ( 185.0000000000000568, 91.58069566953631124, 4.140786203762902851 ) ) ;
#540 = CARTESIAN_POINT ( 'NONE',  ( 46.00000000000001421, 95.00000000000000000, -3.999999999999993339 ) ) ;
#541 = DIRECTION ( 'NONE',  ( 0.000000000000000000, 0.000000000000000000, -1.000000000000000000 ) ) ;
#542 = CARTESIAN_POINT ( 'NONE',  ( 185.0000000000000568, 94.53413748527472649, -4.366670899555377794 ) ) ;
#543 = CARTESIAN_POINT ( 'NONE',  ( 75.00000000000007105, 135.0000000000000000, -3.800000000000004707 ) ) ;
#544 = DIRECTION ( 'NONE',  ( 0.000000000000000000, 0.000000000000000000, 1.000000000000000000 ) ) ;
#545 = ORIENTED_EDGE ( 'NONE', *, *, #1321, .T. ) ;
#546 = CARTESIAN_POINT ( 'NONE',  ( 178.8393974010701299, 77.47239185984594201, -2.871193429732144864 ) ) ;
#547 = CARTESIAN_POINT ( 'NONE',  ( 110.0000000000000426, 129.0000000000000000, -3.800000000000004707 ) ) ;
#548 = DIRECTION ( 'NONE',  ( 0.000000000000000000, 0.000000000000000000, 1.000000000000000000 ) ) ;
#549 = VECTOR ( 'NONE', #707, 1000.000000000000000 ) ;
#550 = CIRCLE ( 'NONE', #1312, 0.8999999999999980238 ) ;
#551 = CARTESIAN_POINT ( 'NONE',  ( 110.0000000000000426, 129.0000000000000000, -5.600000000000000533 ) ) ;
#552 = CARTESIAN_POINT ( 'NONE',  ( 46.00000000000001421, 123.0000000000000000, 2.999999999999999112 ) ) ;
#553 = ORIENTED_EDGE ( 'NONE', *, *, #694, .F. ) ;
#554 = CARTESIAN_POINT ( 'NONE',  ( 190.0000000000001137, 140.0000000000000000, 16.99999999999998934 ) ) ;
#555 = CLOSED_SHELL ( 'NONE', ( #330, #1110, #1258, #1025, #224, #459, #248, #188, #374, #1042, #1048, #349, #280, #1137, #337, #562, #69, #528, #1224, #1050, #726, #705, #1007, #43, #1372, #749, #304, #836, #990, #757, #1162, #416, #715 ) ) ;
#556 = FACE_OUTER_BOUND ( 'NONE', #55, .T. ) ;
#557 = FACE_OUTER_BOUND ( 'NONE', #139, .T. ) ;
#558 = CARTESIAN_POINT ( 'NONE',  ( 185.0000000000000568, 59.96133478782001447, -0.5899447027792742437 ) ) ;
#559 = CARTESIAN_POINT ( 'NONE',  ( 182.7986376933962731, 57.89084153851557346, 0.1000566841990201128 ) ) ;
#560 = EDGE_LOOP ( 'NONE', ( #1161, #1061, #251, #675 ) ) ;
#561 = CARTESIAN_POINT ( 'NONE',  ( 190.0000000000001137, 129.0000000000000000, 16.99999999999998579 ) ) ;
#562 = ADVANCED_FACE ( 'NONE', ( #120 ), #570, .T. ) ;
#563 = EDGE_CURVE ( 'NONE', #401, #414, #1049, .T. ) ;
#564 = ORIENTED_EDGE ( 'NONE', *, *, #1199, .T. ) ;
#565 = CARTESIAN_POINT ( 'NONE',  ( 185.0000000000000568, 131.4857947446270714, -3.425705399036457877 ) ) ;
#566 = EDGE_LOOP ( 'NONE', ( #663, #245 ) ) ;
#567 = B_SPLINE_CURVE_WITH_KNOTS ( 'NONE', 3,
 ( #724, #497, #592, #1072, #155, #954, #1402, #502 ),
 .UNSPECIFIED., .F., .F.,
 ( 4, 2, 2, 4 ),
 ( 0.01147393551594617575, 0.03849903941112156613, 0.06552414330629695305, 0.1195743510966477685 ),
 .UNSPECIFIED. ) ;
#568 = LINE ( 'NONE', #124, #1055 ) ;
#569 = DIRECTION ( 'NONE',  ( -0.000000000000000000, 1.000000000000000000, -0.000000000000000000 ) ) ;
#570 = PLANE ( 'NONE',  #1217 ) ;
#571 = ORIENTED_EDGE ( 'NONE', *, *, #1130, .T. ) ;
#572 = CARTESIAN_POINT ( 'NONE',  ( 185.0000000000000568, 68.68716713147045994, 1.770301416531977479 ) ) ;
#573 = VERTEX_POINT ( 'NONE', #481 ) ;
#574 = CARTESIAN_POINT ( 'NONE',  ( 172.0555992171327659, 128.9999999999999716, 4.485005855479798242 ) ) ;
#575 = AXIS2_PLACEMENT_3D ( 'NONE', #363, #595, #214 ) ;
#576 = ORIENTED_EDGE ( 'NONE', *, *, #1354, .T. ) ;
#577 = CARTESIAN_POINT ( 'NONE',  ( 172.4833125594886383, 129.0000000000000284, 4.468341629794104541 ) ) ;
#578 = AXIS2_PLACEMENT_3D ( 'NONE', #1247, #888, #206 ) ;
#579 = ORIENTED_EDGE ( 'NONE', *, *, #384, .T. ) ;
#580 = CARTESIAN_POINT ( 'NONE',  ( 64.00000000000001421, 157.4239216510432016, 1.653628767251984932 ) ) ;
#581 = ORIENTED_EDGE ( 'NONE', *, *, #563, .F. ) ;
#582 = EDGE_CURVE ( 'NONE', #934, #573, #1079, .T. ) ;
#583 = FACE_OUTER_BOUND ( 'NONE', #1158, .T. ) ;
#584 = APPROVAL ( #1071, 'UNSPECIFIED' ) ;
#585 = CARTESIAN_POINT ( 'NONE',  ( 173.5142649823831960, 129.2071568126560237, -4.396522811726220503 ) ) ;
#586 = B_SPLINE_CURVE_WITH_KNOTS ( 'NONE', 3,
 ( #190, #851, #645, #158, #1096, #1308, #183, #1283 ),
 .UNSPECIFIED., .F., .F.,
 ( 4, 2, 2, 4 ),
 ( 0.000000000000000000, 0.01203023478912335423, 0.01804535218368502961, 0.02406046957824675009 ),
 .UNSPECIFIED. ) ;
#587 = VERTEX_POINT ( 'NONE', #360 ) ;
#588 = CARTESIAN_POINT ( 'NONE',  ( 185.0000000000000568, 91.58069566953629703, -4.140786203762902851 ) ) ;
#589 = CARTESIAN_POINT ( 'NONE',  ( 185.0000000000000568, 135.0728285314352775, 2.351116429766278326 ) ) ;
#590 = PERSON_AND_ORGANIZATION ( #1185, #200 ) ;
#591 = EDGE_CURVE ( 'NONE', #1034, #1131, #660, .T. ) ;
#592 = CARTESIAN_POINT ( 'NONE',  ( 154.0507010493777216, 129.0000000000000568, -5.140188763272582229 ) ) ;
#593 = LINE ( 'NONE', #132, #1170 ) ;
#594 = EDGE_LOOP ( 'NONE', ( #1282, #670, #1022, #22, #281, #166, #842, #153 ) ) ;
#595 = DIRECTION ( 'NONE',  ( 0.000000000000000000, 1.000000000000000000, 0.000000000000000000 ) ) ;
#596 = CARTESIAN_POINT ( 'NONE',  ( 185.0000000000000568, 100.3492503684683328, 4.736179191705478075 ) ) ;
#597 = ORIENTED_EDGE ( 'NONE', *, *, #800, .F. ) ;
#598 = APPLICATION_CONTEXT ( 'configuration controlled 3d designs of mechanical parts and assemblies' ) ;
#599 = CARTESIAN_POINT ( 'NONE',  ( 0.000000000000000000, 0.000000000000000000, 0.000000000000000000 ) ) ;
#600 = AXIS2_PLACEMENT_3D ( 'NONE', #164, #1156, #375 ) ;
#601 = DIRECTION ( 'NONE',  ( 0.000000000000000000, -1.000000000000000000, 0.000000000000000000 ) ) ;
#602 = CARTESIAN_POINT ( 'NONE',  ( 185.0000000000000568, 129.8332930663974878, 3.807241443524595148 ) ) ;
#603 = CARTESIAN_POINT ( 'NONE',  ( 64.00000000000005684, 93.39148535881982127, 5.807239179943159968 ) ) ;
#604 = VECTOR ( 'NONE', #262, 1000.000000000000000 ) ;
#605 = EDGE_CURVE ( 'NONE', #1379, #1296, #149, .T. ) ;
#606 = EDGE_LOOP ( 'NONE', ( #1187, #622, #104, #189, #1318, #1180, #1054, #924 ) ) ;
#607 = VECTOR ( 'NONE', #1090, 1000.000000000000000 ) ;
#608 = CARTESIAN_POINT ( 'NONE',  ( 64.00000000000001421, 157.4239216510432016, -1.653628767251984932 ) ) ;
#609 = VERTEX_POINT ( 'NONE', #4 ) ;
#610 = DATE_AND_TIME ( #1409, #1361 ) ;
#611 = LINE ( 'NONE', #856, #549 ) ;
#612 = DIRECTION ( 'NONE',  ( 0.000000000000000000, -1.000000000000000000, 0.000000000000000000 ) ) ;
#613 = VERTEX_POINT ( 'NONE', #686 ) ;
#614 = CARTESIAN_POINT ( 'NONE',  ( 172.7665691329417257, 105.0000000000000000, 5.172044290390734211 ) ) ;
#615 = EDGE_CURVE ( 'NONE', #1228, #823, #1136, .T. ) ;
#616 = EDGE_CURVE ( 'NONE', #712, #287, #1315, .T. ) ;
#617 = FACE_OUTER_BOUND ( 'NONE', #942, .T. ) ;
#618 = ORIENTED_EDGE ( 'NONE', *, *, #451, .T. ) ;
#619 = DATE_TIME_ROLE ( 'classification_date' ) ;
#620 = LINE ( 'NONE', #137, #1259 ) ;
#621 = CARTESIAN_POINT ( 'NONE',  ( 174.0964551567201966, 127.3969090596484506, 6.007211613919471560 ) ) ;
#622 = ORIENTED_EDGE ( 'NONE', *, *, #972, .F. ) ;
#623 = CARTESIAN_POINT ( 'NONE',  ( 64.00000000000001421, 148.6696986281261559, -5.636246653250350569 ) ) ;
#624 = CARTESIAN_POINT ( 'NONE',  ( 172.2694322547546903, 129.0000000000000284, -4.476674663428689804 ) ) ;
#625 = ORIENTED_EDGE ( 'NONE', *, *, #563, .T. ) ;
#626 = APPLICATION_PROTOCOL_DEFINITION ( 'international standard', 'config_control_design', 1994, #1223 ) ;
#627 = EDGE_CURVE ( 'NONE', #467, #1034, #436, .T. ) ;
#628 = B_SPLINE_CURVE_WITH_KNOTS ( 'NONE', 3,
 ( #764, #193, #776, #208, #1099, #81, #998, #1436 ),
 .UNSPECIFIED., .F., .F.,
 ( 4, 2, 2, 4 ),
 ( 0.000000000000000000, 0.05405041940614781215, 0.08107562910922172517, 0.1081008388122956243 ),
 .UNSPECIFIED. ) ;
#629 = DIRECTION ( 'NONE',  ( 1.000000000000000000, 0.000000000000000000, 0.000000000000000000 ) ) ;
#630 = CARTESIAN_POINT ( 'NONE',  ( 172.0471331676014870, 129.1394192183903442, 4.464488123980841827 ) ) ;
#631 = ORIENTED_EDGE ( 'NONE', *, *, #1352, .F. ) ;
#632 = VECTOR ( 'NONE', #1410, 1000.000000000000000 ) ;
#633 = CARTESIAN_POINT ( 'NONE',  ( 173.6090929010742627, 129.0000000000000000, -5.068959079524902656 ) ) ;
#634 = AXIS2_PLACEMENT_3D ( 'NONE', #908, #650, #541 ) ;
#635 = APPROVAL ( #365, 'UNSPECIFIED' ) ;
#636 = DIRECTION ( 'NONE',  ( 0.000000000000000000, 1.000000000000000000, 0.000000000000000000 ) ) ;
#637 = CARTESIAN_POINT ( 'NONE',  ( 185.0000000000000568, 68.68716713147045994, 1.770301416531977479 ) ) ;
#638 = CARTESIAN_POINT ( 'NONE',  ( 173.5921195224031237, 127.2288898204478613, 4.672126007629649358 ) ) ;
#639 = ORIENTED_EDGE ( 'NONE', *, *, #1344, .T. ) ;
#640 = CARTESIAN_POINT ( 'NONE',  ( 174.0714027286281862, 105.0000000000000142, 6.037924070460225501 ) ) ;
#641 = CARTESIAN_POINT ( 'NONE',  ( 172.3622057974525319, 104.9999999999999574, -5.147553549348607760 ) ) ;
#642 = DIRECTION ( 'NONE',  ( 0.000000000000000000, 0.000000000000000000, -1.000000000000000000 ) ) ;
#643 = CARTESIAN_POINT ( 'NONE',  ( 64.00000000000005684, 140.9465143254921031, 6.904314826541062544 ) ) ;
#644 = DIRECTION ( 'NONE',  ( 0.9987728383705466451, 0.04952592586960766902, 0.000000000000000000 ) ) ;
#645 = CARTESIAN_POINT ( 'NONE',  ( 174.3420406441546504, 113.0181473320570547, -6.620704608094477805 ) ) ;
#646 = DIRECTION ( 'NONE',  ( 0.000000000000000000, 0.000000000000000000, -1.000000000000000000 ) ) ;
#647 = DIRECTION ( 'NONE',  ( 0.000000000000000000, 0.000000000000000000, -1.000000000000000000 ) ) ;
#648 = CARTESIAN_POINT ( 'NONE',  ( 185.0000000000000568, 70.77671766330340120, 2.028358082342279545 ) ) ;
#649 = CARTESIAN_POINT ( 'NONE',  ( 173.1477014596270863, 104.9999999999999716, -5.283571159234647929 ) ) ;
#650 = DIRECTION ( 'NONE',  ( 0.000000000000000000, -1.000000000000000000, 0.000000000000000000 ) ) ;
#651 = VECTOR ( 'NONE', #1327, 1000.000000000000000 ) ;
#652 = VECTOR ( 'NONE', #339, 1000.000000000000000 ) ;
#653 = AXIS2_PLACEMENT_3D ( 'NONE', #92, #1017, #313 ) ;
#654 = CIRCLE ( 'NONE', #1292, 0.8999999999999980238 ) ;
#655 = FACE_OUTER_BOUND ( 'NONE', #369, .T. ) ;
#656 = CARTESIAN_POINT ( 'NONE',  ( 75.00000000000007105, 129.0000000000000000, -4.700000000000002842 ) ) ;
#657 = CARTESIAN_POINT ( 'NONE',  ( 172.7617979783611872, 105.0000000000000142, -5.171007741933722812 ) ) ;
#658 = DIRECTION ( 'NONE',  ( 0.000000000000000000, 1.000000000000000000, 0.000000000000000000 ) ) ;
#659 = CARTESIAN_POINT ( 'NONE',  ( 185.0000000000000568, 75.34219329053838976, -2.565064010385240234 ) ) ;
#660 = B_SPLINE_CURVE_WITH_KNOTS ( 'NONE', 3,
 ( #692, #1267, #1143, #940, #126, #1359, #577, #368 ),
 .UNSPECIFIED., .F., .F.,
 ( 4, 2, 2, 4 ),
 ( 0.000000000000000000, 0.0006328070294216174736, 0.001265614058843234947, 0.002531228117686536681 ),
 .UNSPECIFIED. ) ;
#661 = CARTESIAN_POINT ( 'NONE',  ( 190.0000000000001137, 129.0000000000000000, 0.000000000000000000 ) ) ;
#662 = CARTESIAN_POINT ( 'NONE',  ( 64.00000000000005684, 120.5862565036926242, 7.557802489930355527 ) ) ;
#663 = ORIENTED_EDGE ( 'NONE', *, *, #943, .T. ) ;
#664 = PLANE ( 'NONE',  #243 ) ;
#665 = CYLINDRICAL_SURFACE ( 'NONE', #634, 0.8999999999999980238 ) ;
#666 = PLANE ( 'NONE',  #578 ) ;
#667 = FACE_OUTER_BOUND ( 'NONE', #1374, .T. ) ;
#668 = CC_DESIGN_PERSON_AND_ORGANIZATION_ASSIGNMENT ( #1415, #395, ( #987 ) ) ;
#669 = DIRECTION ( 'NONE',  ( 0.000000000000000000, -1.000000000000000000, 0.000000000000000000 ) ) ;
#670 = ORIENTED_EDGE ( 'NONE', *, *, #255, .F. ) ;
#671 = CARTESIAN_POINT ( 'NONE',  ( 173.6645680038083697, 105.0000000000000000, -5.589125186256392652 ) ) ;
#672 = DIRECTION ( 'NONE',  ( 0.000000000000000000, 0.000000000000000000, 1.000000000000000000 ) ) ;
#673 = CARTESIAN_POINT ( 'NONE',  ( 185.0000000000000568, 58.00000000000000000, -0.3000000000000085931 ) ) ;
#674 = AXIS2_PLACEMENT_3D ( 'NONE', #1357, #1454, #1248 ) ;
#675 = ORIENTED_EDGE ( 'NONE', *, *, #1330, .F. ) ;
#676 = LINE ( 'NONE', #1340, #505 ) ;
#677 = DIRECTION ( 'NONE',  ( 0.000000000000000000, 1.000000000000000000, 0.000000000000000000 ) ) ;
#678 = CARTESIAN_POINT ( 'NONE',  ( 190.0000000000001137, 105.0000000000000000, 0.000000000000000000 ) ) ;
#679 = VECTOR ( 'NONE', #410, 1000.000000000000000 ) ;
#680 = EDGE_CURVE ( 'NONE', #128, #414, #654, .T. ) ;
#681 = CARTESIAN_POINT ( 'NONE',  ( 173.8153660480965073, 113.0314293584015104, -5.375870481729601913 ) ) ;
#682 = ORIENTED_EDGE ( 'NONE', *, *, #1130, .F. ) ;
#683 = CARTESIAN_POINT ( 'NONE',  ( 64.00000000000005684, 143.8488568854597816, -6.571591727123512250 ) ) ;
#684 = CARTESIAN_POINT ( 'NONE',  ( 182.8068862588932859, 57.89125055829222788, -0.3000000000000085931 ) ) ;
#685 = ORIENTED_EDGE ( 'NONE', *, *, #31, .T. ) ;
#686 = CARTESIAN_POINT ( 'NONE',  ( 176.3252056688227185, 123.0000000000000000, -3.000000000000016431 ) ) ;
#687 = EDGE_CURVE ( 'NONE', #401, #1151, #818, .T. ) ;
#688 = ORIENTED_EDGE ( 'NONE', *, *, #1138, .F. ) ;
#689 = CARTESIAN_POINT ( 'NONE',  ( 185.0000000000000568, 58.32966694730094304, -0.3490379872527621385 ) ) ;
#690 = CARTESIAN_POINT ( 'NONE',  ( 172.3622057974525319, 104.9999999999999574, -5.147553549348607760 ) ) ;
#691 = ORIENTED_EDGE ( 'NONE', *, *, #680, .T. ) ;
#692 = CARTESIAN_POINT ( 'NONE',  ( 174.0270247341481138, 128.9999999999999432, 5.819283560411989242 ) ) ;
#693 = ORIENTED_EDGE ( 'NONE', *, *, #1380, .F. ) ;
#694 = EDGE_CURVE ( 'NONE', #573, #934, #852, .T. ) ;
#695 = CARTESIAN_POINT ( 'NONE',  ( 185.0000000000000568, 135.0728285314352490, -2.351116429766320071 ) ) ;
#696 = LINE ( 'NONE', #1128, #652 ) ;
#697 = AXIS2_PLACEMENT_3D ( 'NONE', #246, #1045, #446 ) ;
#698 = VECTOR ( 'NONE', #1241, 1000.000000000000000 ) ;
#699 = LINE ( 'NONE', #242, #1126 ) ;
#700 = CIRCLE ( 'NONE', #83, 13.99999999999998757 ) ;
#701 = VERTEX_POINT ( 'NONE', #1316 ) ;
#702 = CARTESIAN_POINT ( 'NONE',  ( 64.00000000000001421, 75.31362101711647483, -3.736219902025671669 ) ) ;
#703 = CARTESIAN_POINT ( 'NONE',  ( 185.0000000000000568, 126.2376998857964452, 4.426664173987584938 ) ) ;
#704 = ORIENTED_EDGE ( 'NONE', *, *, #303, .F. ) ;
#705 = ADVANCED_FACE ( 'NONE', ( #165 ), #725, .F. ) ;
#706 = DATE_AND_TIME ( #855, #1033 ) ;
#707 = DIRECTION ( 'NONE',  ( 0.000000000000000000, -1.000000000000000000, 0.000000000000000000 ) ) ;
#708 = CARTESIAN_POINT ( 'NONE',  ( 46.00000000000001421, 129.0000000000000000, 3.999999999999993339 ) ) ;
#709 = EDGE_LOOP ( 'NONE', ( #499, #571 ) ) ;
#710 = FACE_OUTER_BOUND ( 'NONE', #946, .T. ) ;
#711 = CARTESIAN_POINT ( 'NONE',  ( 185.0000000000000568, 70.77671766330340120, 2.028358082342279545 ) ) ;
#712 = VERTEX_POINT ( 'NONE', #1057 ) ;
#713 = DATE_AND_TIME ( #1272, #272 ) ;
#714 = B_SPLINE_CURVE_WITH_KNOTS ( 'NONE', 3,
 ( #1093, #1342, #657, #649, #432, #671, #91, #760, #440, #217 ),
 .UNSPECIFIED., .F., .F.,
 ( 4, 2, 2, 2, 4 ),
 ( 0.000000000000000000, 0.0005977805701811332237, 0.001195561140362266447, 0.001793341710543399671, 0.002391122280724532895 ),
 .UNSPECIFIED. ) ;
#715 = ADVANCED_FACE ( 'NONE', ( #40 ), #1179, .F. ) ;
#716 = CARTESIAN_POINT ( 'NONE',  ( 64.00000000000001421, 104.9875858014058423, -6.813591513160796254 ) ) ;
#717 = DIRECTION ( 'NONE',  ( 0.000000000000000000, 0.000000000000000000, 1.000000000000000000 ) ) ;
#718 = ORIENTED_EDGE ( 'NONE', *, *, #256, .T. ) ;
#719 = CARTESIAN_POINT ( 'NONE',  ( 0.000000000000000000, 0.000000000000000000, -3.000000000000000444 ) ) ;
#720 = CARTESIAN_POINT ( 'NONE',  ( 185.0000000000000568, 137.4758658048489792, 0.000000000000000000 ) ) ;
#721 = ORIENTED_EDGE ( 'NONE', *, *, #87, .T. ) ;
#722 = CALENDAR_DATE ( 2026, 29, 9 ) ;
#723 = VECTOR ( 'NONE', #1274, 1000.000000000000000 ) ;
#724 = CARTESIAN_POINT ( 'NONE',  ( 172.0555992171329365, 129.0000000000000568, -4.485005855479770709 ) ) ;
#725 = PLANE ( 'NONE',  #198 ) ;
#726 = ADVANCED_FACE ( 'NONE', ( #770 ), #449, .T. ) ;
#727 = LOCAL_TIME ( 17, 50, 20.00000000000000000, #536 ) ;
#728 = ORIENTED_EDGE ( 'NONE', *, *, #881, .T. ) ;
#729 = CARTESIAN_POINT ( 'NONE',  ( 173.6674367941219259, 105.0000000000000000, 5.591469034299948682 ) ) ;
#730 = CIRCLE ( 'NONE', #12, 0.8999999999999980238 ) ;
#731 = CARTESIAN_POINT ( 'NONE',  ( 174.2492965339931743, 105.0000000000000000, 6.396510011397779749 ) ) ;
#732 = ORIENTED_EDGE ( 'NONE', *, *, #95, .F. ) ;
#733 = PERSON_AND_ORGANIZATION ( #1185, #200 ) ;
#734 = CARTESIAN_POINT ( 'NONE',  ( 174.0270247341481138, 129.0000000000000000, -5.819283560411989242 ) ) ;
#735 = CARTESIAN_POINT ( 'NONE',  ( 185.0000000000000568, 136.4856485449861339, -1.196172438485729295 ) ) ;
#736 = CARTESIAN_POINT ( 'NONE',  ( 172.1574034469713297, 127.1713617552467355, 4.727669972058998304 ) ) ;
#737 = VERTEX_POINT ( 'NONE', #1221 ) ;
#738 = CARTESIAN_POINT ( 'NONE',  ( 174.1732420303201820, 104.9999999999999858, 6.209234148079574744 ) ) ;
#739 = B_SPLINE_CURVE_WITH_KNOTS ( 'NONE', 3,
 ( #899, #1456, #318, #1122, #777, #187, #76, #1324, #1386, #1184, #828, #1177 ),
 .UNSPECIFIED., .F., .F.,
 ( 4, 2, 2, 2, 2, 4 ),
 ( 0.000000000000000000, 0.006043985816947582482, 0.01208797163389516496, 0.02417594326779027095, 0.03626391490168537346, 0.04835188653558047944 ),
 .UNSPECIFIED. ) ;
#740 = EDGE_CURVE ( 'NONE', #236, #133, #985, .T. ) ;
#741 = CARTESIAN_POINT ( 'NONE',  ( 174.2705829655515686, 121.0174462425964919, 6.449849148146149069 ) ) ;
#742 = ORIENTED_EDGE ( 'NONE', *, *, #605, .F. ) ;
#743 = CARTESIAN_POINT ( 'NONE',  ( 64.00000000000005684, 129.0000000000000000, 0.000000000000000000 ) ) ;
#744 = LINE ( 'NONE', #1047, #632 ) ;
#745 = CARTESIAN_POINT ( 'NONE',  ( 64.00000000000001421, 157.4239216510432016, -1.653628767251984932 ) ) ;
#746 = CARTESIAN_POINT ( 'NONE',  ( 110.0000000000000426, 129.0000000000000000, -4.700000000000002842 ) ) ;
#747 = EDGE_LOOP ( 'NONE', ( #8, #483, #753, #17 ) ) ;
#748 = CARTESIAN_POINT ( 'NONE',  ( 174.0270247341481138, 128.9999999999999432, 5.819283560411989242 ) ) ;
#749 = ADVANCED_FACE ( 'NONE', ( #765 ), #664, .T. ) ;
#750 = APPROVAL_ROLE ( '' ) ;
#751 = DIRECTION ( 'NONE',  ( 0.000000000000000000, 1.000000000000000000, 0.000000000000000000 ) ) ;
#752 = CARTESIAN_POINT ( 'NONE',  ( 172.4020987031641994, 119.1023073674306545, 5.283551860112551068 ) ) ;
#753 = ORIENTED_EDGE ( 'NONE', *, *, #1352, .T. ) ;
#754 = CARTESIAN_POINT ( 'NONE',  ( 185.0000000000000568, 124.0827310412428801, -4.639246162179436084 ) ) ;
#755 = DIRECTION ( 'NONE',  ( 0.000000000000000000, 0.000000000000000000, -1.000000000000000000 ) ) ;
#756 = CONICAL_SURFACE ( 'NONE', #1289, 0.5999999999999895417, 0.2172934309230213079 ) ;
#757 = ADVANCED_FACE ( 'NONE', ( #1448 ), #891, .T. ) ;
#758 = CYLINDRICAL_SURFACE ( 'NONE', #340, 0.8999999999999980238 ) ;
#759 = CARTESIAN_POINT ( 'NONE',  ( 185.0000000000000568, 58.32966694730094304, 0.3490379872527621385 ) ) ;
#760 = CARTESIAN_POINT ( 'NONE',  ( 174.0686033871043037, 105.0000000000000000, -6.033961279160469537 ) ) ;
#761 = EDGE_LOOP ( 'NONE', ( #472, #49 ) ) ;
#762 = CARTESIAN_POINT ( 'NONE',  ( 64.00000000000005684, 143.8488568854597816, -6.571591727123512250 ) ) ;
#763 = CARTESIAN_POINT ( 'NONE',  ( 64.00000000000000000, 52.00000000000000000, 0.3000000000000016542 ) ) ;
#764 = CARTESIAN_POINT ( 'NONE',  ( 64.00000000000005684, 128.9999999947331162, 7.562559331487632264 ) ) ;
#765 = FACE_OUTER_BOUND ( 'NONE', #130, .T. ) ;
#766 = EDGE_CURVE ( 'NONE', #613, #1228, #523, .T. ) ;
#767 = CARTESIAN_POINT ( 'NONE',  ( 174.0551268653829027, 128.4243874918784059, -5.897589941207332487 ) ) ;
#768 = CARTESIAN_POINT ( 'NONE',  ( 190.0000000000001137, 105.0000000000000000, -16.99999999999998579 ) ) ;
#769 = CARTESIAN_POINT ( 'NONE',  ( 64.00000000000005684, 61.46514737404753959, 1.810631200378116867 ) ) ;
#770 = FACE_OUTER_BOUND ( 'NONE', #606, .T. ) ;
#771 = CARTESIAN_POINT ( 'NONE',  ( 174.2457600523341910, 104.7689486209428225, -6.387794898974628488 ) ) ;
#772 = AXIS2_PLACEMENT_3D ( 'NONE', #209, #785, #105 ) ;
#773 = FACE_OUTER_BOUND ( 'NONE', #230, .T. ) ;
#774 = VECTOR ( 'NONE', #1303, 1000.000000000000000 ) ;
#775 = DIRECTION ( 'NONE',  ( 0.000000000000000000, 1.000000000000000000, 0.000000000000000000 ) ) ;
#776 = CARTESIAN_POINT ( 'NONE',  ( 100.0236182081423095, 129.0000000000000000, 6.712295517321161142 ) ) ;
#777 = CARTESIAN_POINT ( 'NONE',  ( 180.7927260645380443, 67.66443219118256991, 1.675875523849315041 ) ) ;
#778 = CARTESIAN_POINT ( 'NONE',  ( 173.7309459403842311, 104.8319057565046251, -5.118107130914701486 ) ) ;
#779 = EDGE_CURVE ( 'NONE', #1407, #701, #41, .T. ) ;
#780 = PRODUCT ( 'Wing - Bottom Part', 'Wing - Bottom Part', '', ( #827 ) ) ;
#781 = CARTESIAN_POINT ( 'NONE',  ( 64.00000000000001421, 148.6696986281261559, -5.636246653250350569 ) ) ;
#782 = CARTESIAN_POINT ( 'NONE',  ( 64.00000000000000000, 52.44290321668560750, -0.3742775483541530002 ) ) ;
#783 = CARTESIAN_POINT ( 'NONE',  ( 185.0000000000000568, 83.10329487889875111, 3.384818266992523306 ) ) ;
#784 = VERTEX_POINT ( 'NONE', #533 ) ;
#785 = DIRECTION ( 'NONE',  ( -1.000000000000000000, 0.000000000000000000, 0.000000000000000000 ) ) ;
#786 = CARTESIAN_POINT ( 'NONE',  ( 173.6528526227767202, 125.2405575423396442, -4.874742288593401085 ) ) ;
#787 = EDGE_CURVE ( 'NONE', #1399, #917, #1431, .T. ) ;
#788 = LINE ( 'NONE', #460, #1317 ) ;
#789 = EDGE_CURVE ( 'NONE', #1404, #701, #1350, .T. ) ;
#790 = CARTESIAN_POINT ( 'NONE',  ( 185.0000000000000568, 63.47282711229701135, -1.084882000598155649 ) ) ;
#791 = CARTESIAN_POINT ( 'NONE',  ( 64.00000000000005684, 129.0000000000000000, -4.000000000000014211 ) ) ;
#792 = ORIENTED_EDGE ( 'NONE', *, *, #1094, .T. ) ;
#793 = DIRECTION ( 'NONE',  ( 0.000000000000000000, 0.000000000000000000, 1.000000000000000000 ) ) ;
#794 = AXIS2_PLACEMENT_3D ( 'NONE', #89, #636, #889 ) ;
#795 = CARTESIAN_POINT ( 'NONE',  ( 64.00000000000005684, 55.94429781915789590, -0.9507522153523393360 ) ) ;
#796 = CC_DESIGN_APPROVAL ( #933, ( #987 ) ) ;
#797 = CARTESIAN_POINT ( 'NONE',  ( 185.0000000000000568, 77.84781431385431461, -2.841898987767238260 ) ) ;
#798 = LINE ( 'NONE', #447, #1237 ) ;
#799 = ORIENTED_EDGE ( 'NONE', *, *, #1016, .F. ) ;
#800 = EDGE_CURVE ( 'NONE', #1121, #872, #714, .T. ) ;
#801 = DIRECTION ( 'NONE',  ( 0.000000000000000000, -1.000000000000000000, 0.000000000000000000 ) ) ;
#802 = ORIENTED_EDGE ( 'NONE', *, *, #288, .T. ) ;
#803 = MANIFOLD_SOLID_BREP ( 'Cut-Extrude22', #555 ) ;
#804 = CARTESIAN_POINT ( 'NONE',  ( 64.00000000000001421, 97.16519063746986262, -6.134735231814039125 ) ) ;
#805 = CARTESIAN_POINT ( 'NONE',  ( 182.7986376933962731, 57.89084153851557346, -0.1000566841990183226 ) ) ;
#806 = ORIENTED_EDGE ( 'NONE', *, *, #972, .T. ) ;
#807 = EDGE_CURVE ( 'NONE', #784, #467, #1442, .T. ) ;
#808 = DIRECTION ( 'NONE',  ( 0.000000000000000000, 0.000000000000000000, 1.000000000000000000 ) ) ;
#809 = ORIENTED_EDGE ( 'NONE', *, *, #1380, .T. ) ;
#810 = CARTESIAN_POINT ( 'NONE',  ( 64.00000000000005684, 78.68415546129547522, 4.157044382679838002 ) ) ;
#811 = ORIENTED_EDGE ( 'NONE', *, *, #195, .F. ) ;
#812 = CARTESIAN_POINT ( 'NONE',  ( 46.00000000000001421, 129.0000000000000000, 2.999999999999999112 ) ) ;
#813 = DIRECTION ( 'NONE',  ( -1.000000000000000000, 0.000000000000000000, 0.000000000000000000 ) ) ;
#814 = ORIENTED_EDGE ( 'NONE', *, *, #766, .F. ) ;
#815 = CARTESIAN_POINT ( 'NONE',  ( 64.00000000000005684, 66.36377286558932553, 2.529180263332982737 ) ) ;
#816 = ORIENTED_EDGE ( 'NONE', *, *, #195, .T. ) ;
#817 = PERSON_AND_ORGANIZATION ( #1185, #200 ) ;
#818 = CIRCLE ( 'NONE', #922, 0.8999999999999980238 ) ;
#819 = CIRCLE ( 'NONE', #873, 0.8999999999999980238 ) ;
#820 = CARTESIAN_POINT ( 'NONE',  ( 64.00000000000005684, 116.5874508295665635, -7.485070303615525056 ) ) ;
#821 = DIRECTION ( 'NONE',  ( 0.000000000000000000, 0.000000000000000000, -1.000000000000000000 ) ) ;
#822 = AXIS2_PLACEMENT_3D ( 'NONE', #392, #1320, #302 ) ;
#823 = VERTEX_POINT ( 'NONE', #878 ) ;
#824 = B_SPLINE_SURFACE_WITH_KNOTS ( 'NONE', 3, 1, ( 
 ( #101, #673 ),
 ( #1346, #689 ),
 ( #1010, #346 ),
 ( #1218, #996 ),
 ( #795, #1239 ),
 ( #894, #909 ),
 ( #1125, #452 ),
 ( #1018, #1444 ),
 ( #94, #1364 ),
 ( #1353, #659 ),
 ( #1458, #110 ),
 ( #1332, #916 ),
 ( #1118, #1452 ),
 ( #804, #1111 ),
 ( #1231, #542 ),
 ( #234, #445 ),
 ( #336, #902 ),
 ( #88, #1225 ),
 ( #227, #331 ),
 ( #1439, #1339 ),
 ( #1001, #537 ),
 ( #314, #435 ),
 ( #683, #117 ),
 ( #781, #219 ),
 ( #1132, #565 ),
 ( #44, #1253 ),
 ( #825, #695 ),
 ( #608, #135 ),
 ( #263, #720 ),
 ( #580, #1285 ),
 ( #1277, #589 ),
 ( #1270, #129 ),
 ( #273, #357 ),
 ( #239, #1039 ),
 ( #1053, #703 ),
 ( #929, #141 ),
 ( #841, #468 ),
 ( #352, #1166 ),
 ( #1140, #364 ),
 ( #15, #833 ),
 ( #1146, #253 ),
 ( #152, #596 ),
 ( #1261, #925 ),
 ( #486, #1370 ),
 ( #28, #473 ),
 ( #123, #945 ),
 ( #810, #478 ),
 ( #23, #1153 ),
 ( #1375, #711 ),
 ( #815, #572 ),
 ( #1046, #936 ),
 ( #1032, #247 ),
 ( #1383, #1391 ),
 ( #1160, #35 ),
 ( #371, #1060 ),
 ( #493, #951 ),
 ( #1398, #381 ) ),
 .UNSPECIFIED., .F., .F., .F.,
 ( 4, 1, 1, 1, 1, 1, 1, 1, 1, 1, 1, 1, 1, 1, 1, 1, 1, 1, 1, 1, 1, 1, 1, 1, 1, 1, 1, 1, 1, 1, 1, 1, 1, 1, 1, 1, 1, 1, 1, 1, 1, 1, 1, 1, 1, 1, 1, 1, 1, 1, 1, 1, 1, 1, 4 ),
 ( 2, 2 ),
 ( 0.000000000000000000, 0.006201962899188698426, 0.006209989305473670625, 0.02448136905349916972, 0.02451620505395041283, 0.05388345649501025819, 0.05397021896220081938, 0.09289034474279105058, 0.09306039742205422793, 0.1395093084148930351, 0.1397973729510305629, 0.1913742588137488654, 0.1918150871593579665, 0.2458629933516659483, 0.2464883482453779362, 0.3002380933255869855, 0.3010720747863004365, 0.3518114771965040188, 0.3528607999310494070, 0.3981158618259910686, 0.3993536175164207891, 0.4370593218643058497, 0.4384043805508757163, 0.4670784500627876423, 0.4683696323070574707, 0.4874746266155715047, 0.4884118206947539176, 0.5000000000000000000, 0.5115881793052461379, 0.5125253733844284953, 0.5316303676929424737, 0.5329215499372124132, 0.5615956194491242837, 0.5629406781356941503, 0.6006463824835791554, 0.6018841381740089869, 0.6471392000689505375, 0.6481885228034960367, 0.6989279252136996190, 0.6997619066744130700, 0.7535116517546220916, 0.7541370066483340517, 0.8081849128406420890, 0.8086257411862511901, 0.8602026270489694371, 0.8604906915851070481, 0.9069396025779458137, 0.9071096552572089911, 0.9460297810377992223, 0.9461165435049897487, 0.9754837949460496427, 0.9755186309465009309, 0.9937900106945263268, 0.9937980371008113822, 1.000000000000000000 ),
 ( 0.000000000000000000, 1.000000000000000000 ),
 .UNSPECIFIED. ) ;
#825 = CARTESIAN_POINT ( 'NONE',  ( 64.00000000000001421, 155.6564472675776187, -3.349658474813912434 ) ) ;
#826 = ORIENTED_EDGE ( 'NONE', *, *, #52, .T. ) ;
#827 = MECHANICAL_CONTEXT ( 'NONE', #1223, 'mechanical' ) ;
#828 = CARTESIAN_POINT ( 'NONE',  ( 174.0190151717232538, 101.0656524817653121, 4.955111280363172277 ) ) ;
#829 = CARTESIAN_POINT ( 'NONE',  ( 64.00000000000005684, 150.8759940062182068, 5.069319609450582576 ) ) ;
#830 = CARTESIAN_POINT ( 'NONE',  ( 75.00000000000007105, 129.0000000000000000, -4.700000000000002842 ) ) ;
#831 = ORIENTED_EDGE ( 'NONE', *, *, #122, .F. ) ;
#832 = CARTESIAN_POINT ( 'NONE',  ( 64.00000000000000000, 52.00000000000000000, -0.3000000000000016542 ) ) ;
#833 = CARTESIAN_POINT ( 'NONE',  ( 185.0000000000000568, 108.9702366280472177, 5.070824402975252276 ) ) ;
#834 = EDGE_LOOP ( 'NONE', ( #1139, #1275, #799, #921 ) ) ;
#835 = EDGE_CURVE ( 'NONE', #1366, #264, #739, .T. ) ;
#836 = ADVANCED_FACE ( 'NONE', ( #1063, #963 ), #396, .T. ) ;
#837 = CARTESIAN_POINT ( 'NONE',  ( 64.00000000000005684, 93.39148535881979285, -5.807239179943159968 ) ) ;
#838 = CARTESIAN_POINT ( 'NONE',  ( 174.2457640511459545, 104.7692074669798217, 6.387804761248736085 ) ) ;
#839 = ORIENTED_EDGE ( 'NONE', *, *, #288, .F. ) ;
#840 = CARTESIAN_POINT ( 'NONE',  ( 64.00000000000005684, 150.8759940062182068, -5.069319609450582576 ) ) ;
#841 = CARTESIAN_POINT ( 'NONE',  ( 64.00000000000005684, 134.8664053117379069, 7.391924922871936587 ) ) ;
#842 = ORIENTED_EDGE ( 'NONE', *, *, #303, .T. ) ;
#843 = SECURITY_CLASSIFICATION_LEVEL ( 'unclassified' ) ;
#844 = AXIS2_PLACEMENT_3D ( 'NONE', #96, #971, #1416 ) ;
#845 = LINE ( 'NONE', #144, #1427 ) ;
#846 = CARTESIAN_POINT ( 'NONE',  ( 64.00000000000001421, 155.6564472675776187, 3.349658474813912434 ) ) ;
#847 = CARTESIAN_POINT ( 'NONE',  ( 172.4616239054301161, 113.0093211355396363, 5.401970979319812294 ) ) ;
#848 = AXIS2_PLACEMENT_3D ( 'NONE', #1371, #229, #1120 ) ;
#849 = AXIS2_PLACEMENT_3D ( 'NONE', #205, #534, #210 ) ;
#850 = ORIENTED_EDGE ( 'NONE', *, *, #494, .T. ) ;
#851 = CARTESIAN_POINT ( 'NONE',  ( 174.3100787668342946, 109.0086753226189842, -6.546179584927116935 ) ) ;
#852 = CIRCLE ( 'NONE', #177, 0.8999999999999980238 ) ;
#853 = CARTESIAN_POINT ( 'NONE',  ( 190.0000000000001137, 140.0000000000000000, -16.99999999999998934 ) ) ;
#854 = ORIENTED_EDGE ( 'NONE', *, *, #1293, .T. ) ;
#855 = CALENDAR_DATE ( 2026, 29, 9 ) ;
#856 = CARTESIAN_POINT ( 'NONE',  ( 75.00000000000007105, 135.0000000000000000, -5.600000000000000533 ) ) ;
#857 = CARTESIAN_POINT ( 'NONE',  ( 190.0000000000001137, 129.0000000000000000, 0.000000000000000000 ) ) ;
#858 = ORIENTED_EDGE ( 'NONE', *, *, #779, .T. ) ;
#859 = DIRECTION ( 'NONE',  ( 0.9987728383705466451, 0.04952592586960766902, 0.000000000000000000 ) ) ;
#860 = ORIENTED_EDGE ( 'NONE', *, *, #433, .T. ) ;
#861 = PLANE ( 'NONE',  #1031 ) ;
#862 = CARTESIAN_POINT ( 'NONE',  ( 64.00000000000005684, 64.24886354028815560, 2.234259669844925078 ) ) ;
#863 = VERTEX_POINT ( 'NONE', #734 ) ;
#864 = DIRECTION ( 'NONE',  ( 0.000000000000000000, -1.000000000000000000, 0.000000000000000000 ) ) ;
#865 = EDGE_CURVE ( 'NONE', #1412, #587, #611, .T. ) ;
#866 = CARTESIAN_POINT ( 'NONE',  ( 64.00000000000005684, 131.4247822930463769, -7.532929783100005494 ) ) ;
#867 = FACE_OUTER_BOUND ( 'NONE', #20, .T. ) ;
#868 = EDGE_CURVE ( 'NONE', #823, #1369, #845, .T. ) ;
#869 = FACE_OUTER_BOUND ( 'NONE', #404, .T. ) ;
#870 = CARTESIAN_POINT ( 'NONE',  ( 185.0000000000000568, 126.2376998857964452, 4.426664173987584938 ) ) ;
#871 = DIRECTION ( 'NONE',  ( 0.000000000000000000, -1.000000000000000000, 0.000000000000000000 ) ) ;
#872 = VERTEX_POINT ( 'NONE', #1290 ) ;
#873 = AXIS2_PLACEMENT_3D ( 'NONE', #904, #1445, #27 ) ;
#874 = CARTESIAN_POINT ( 'NONE',  ( 75.00000000000007105, 123.0000000000000000, -3.800000000000004707 ) ) ;
#875 = UNCERTAINTY_MEASURE_WITH_UNIT (LENGTH_MEASURE( 1.000000000000000082E-05 ), #257, 'distance_accuracy_value', 'NONE');
#876 = CYLINDRICAL_SURFACE ( 'NONE', #1360, 16.99999999999998934 ) ;
#877 = CARTESIAN_POINT ( 'NONE',  ( 110.0000000000000426, 129.0000000000000000, -4.700000000000002842 ) ) ;
#878 = CARTESIAN_POINT ( 'NONE',  ( 46.00000000000001421, 129.0000000000000000, -2.999999999999999112 ) ) ;
#879 = CARTESIAN_POINT ( 'NONE',  ( 173.5917646804712717, 127.2388015645851596, -4.670909034912436475 ) ) ;
#880 = CARTESIAN_POINT ( 'NONE',  ( 110.0000000000000426, 135.0000000000000000, 4.700000000000002842 ) ) ;
#881 = EDGE_CURVE ( 'NONE', #959, #784, #893, .T. ) ;
#882 = EDGE_CURVE ( 'NONE', #609, #439, #204, .T. ) ;
#883 = CARTESIAN_POINT ( 'NONE',  ( 190.0000000000001137, 140.0000000000000000, 0.000000000000000000 ) ) ;
#884 = CARTESIAN_POINT ( 'NONE',  ( 64.00000000000005684, 89.52099056137808475, 5.389241356348183132 ) ) ;
#885 = DIRECTION ( 'NONE',  ( 0.000000000000000000, 1.000000000000000000, 0.000000000000000000 ) ) ;
#886 = DIRECTION ( 'NONE',  ( 0.000000000000000000, 1.000000000000000000, 0.000000000000000000 ) ) ;
#887 = FACE_OUTER_BOUND ( 'NONE', #747, .T. ) ;
#888 = DIRECTION ( 'NONE',  ( 0.000000000000000000, 1.000000000000000000, 0.000000000000000000 ) ) ;
#889 = DIRECTION ( 'NONE',  ( 0.000000000000000000, 0.000000000000000000, 1.000000000000000000 ) ) ;
#890 = CARTESIAN_POINT ( 'NONE',  ( 185.0000000000000568, 124.0827310412428943, 4.639246162179436084 ) ) ;
#891 = PLANE ( 'NONE',  #1381 ) ;
#892 = CARTESIAN_POINT ( 'NONE',  ( 173.7724717963698140, 119.1533453485360781, -5.248610473590981762 ) ) ;
#893 = CIRCLE ( 'NONE', #600, 16.99999999999998934 ) ;
#894 = CARTESIAN_POINT ( 'NONE',  ( 64.00000000000000000, 59.35409912975123348, -1.489394052338811836 ) ) ;
#895 = AXIS2_PLACEMENT_3D ( 'NONE', #1406, #1420, #646 ) ;
#896 = DIRECTION ( 'NONE',  ( -1.000000000000000000, 0.000000000000000000, 0.000000000000000000 ) ) ;
#897 = CARTESIAN_POINT ( 'NONE',  ( 64.00000000000005684, 134.8664053117379069, 7.391924922871936587 ) ) ;
#898 = EDGE_LOOP ( 'NONE', ( #301, #685, #501, #1242, #356, #618, #1286, #504 ) ) ;
#899 = CARTESIAN_POINT ( 'NONE',  ( 182.8068862588932859, 57.89125055829222788, 0.3000000000000085931 ) ) ;
#900 = CARTESIAN_POINT ( 'NONE',  ( 173.7435948653707101, 121.1979253240345571, -5.162708294728516556 ) ) ;
#901 = EDGE_CURVE ( 'NONE', #1379, #1176, #938, .T. ) ;
#902 = CARTESIAN_POINT ( 'NONE',  ( 185.0000000000000568, 103.3128250282772456, -4.886309416168035824 ) ) ;
#903 =( BOUNDED_SURFACE ( )  B_SPLINE_SURFACE ( 3, 2, ( 
 ( #771, #778, #524 ),
 ( #1438, #428, #1108 ),
 ( #218, #681, #434 ),
 ( #988, #892, #1343 ),
 ( #1008, #900, #1451 ),
 ( #1337, #1433, #442 ),
 ( #329, #786, #1230 ),
 ( #422, #879, #309 ),
 ( #767, #1209, #471 ),
 ( #1029, #585, #11 ) ),
 .UNSPECIFIED., .F., .F., .F. ) 
 B_SPLINE_SURFACE_WITH_KNOTS ( ( 4, 2, 2, 2, 4 ),
 ( 3, 3 ),
 ( 0.1006086080344566897, 0.1129201803451672648, 0.1190759665005225454, 0.1221538595782001857, 0.1252317526558778260 ),
 ( 0.000000000000000000, 1.000000000000000000 ),
 .UNSPECIFIED. ) 
 GEOMETRIC_REPRESENTATION_ITEM ( )  RATIONAL_B_SPLINE_SURFACE ( (
 ( 1.000000000000000000, 0.8247086668819337829, 1.000000000000000000),
 ( 1.000000000000000000, 0.8271586661579346522, 1.000000000000000000),
 ( 1.000000000000000000, 0.8281109239968723612, 1.000000000000000000),
 ( 1.000000000000000000, 0.8247428776673363382, 1.000000000000000000),
 ( 1.000000000000000000, 0.8228178603819983339, 1.000000000000000000),
 ( 1.000000000000000000, 0.8184274690021599019, 1.000000000000000000),
 ( 1.000000000000000000, 0.8166965396504776153, 1.000000000000000000),
 ( 1.000000000000000000, 0.8121042242859591864, 1.000000000000000000),
 ( 1.000000000000000000, 0.8092718952465626225, 1.000000000000000000),
 ( 1.000000000000000000, 0.8057141055023897547, 1.000000000000000000) ) ) 
 REPRESENTATION_ITEM ( '' )  SURFACE ( )  );
#904 = CARTESIAN_POINT ( 'NONE',  ( 75.00000000000007105, 123.0000000000000000, 4.700000000000002842 ) ) ;
#905 = CARTESIAN_POINT ( 'NONE',  ( 190.0000000000001137, 136.0000000000000000, 0.000000000000000000 ) ) ;
#906 = EDGE_LOOP ( 'NONE', ( #742, #327, #831, #631 ) ) ;
#907 = DIRECTION ( 'NONE',  ( -1.000000000000000000, 0.000000000000000000, 0.000000000000000000 ) ) ;
#908 = CARTESIAN_POINT ( 'NONE',  ( 75.00000000000007105, 135.0000000000000000, -4.700000000000002842 ) ) ;
#909 = CARTESIAN_POINT ( 'NONE',  ( 185.0000000000000568, 63.47282711229701135, -1.084882000598155649 ) ) ;
#910 = ORIENTED_EDGE ( 'NONE', *, *, #1016, .T. ) ;
#911 = CARTESIAN_POINT ( 'NONE',  ( 185.0000000000000568, 70.77671766330340120, -2.028358082342279545 ) ) ;
#912 = CARTESIAN_POINT ( 'NONE',  ( 172.4610899488107805, 113.0158793483102926, -5.400758343081281332 ) ) ;
#913 = CARTESIAN_POINT ( 'NONE',  ( 190.0000000000001137, 136.0000000000000000, 0.000000000000000000 ) ) ;
#914 = ORIENTED_EDGE ( 'NONE', *, *, #31, .F. ) ;
#915 = AXIS2_PLACEMENT_3D ( 'NONE', #231, #927, #237 ) ;
#916 = CARTESIAN_POINT ( 'NONE',  ( 185.0000000000000568, 83.10329487889876532, -3.384818266992523306 ) ) ;
#917 = VERTEX_POINT ( 'NONE', #285 ) ;
#918 = EDGE_CURVE ( 'NONE', #1263, #487, #744, .T. ) ;
#919 = AXIS2_PLACEMENT_3D ( 'NONE', #1197, #444, #116 ) ;
#920 = CARTESIAN_POINT ( 'NONE',  ( 172.4609422576069164, 113.0009231717633327, 5.400370682798250499 ) ) ;
#921 = ORIENTED_EDGE ( 'NONE', *, *, #1094, .F. ) ;
#922 = AXIS2_PLACEMENT_3D ( 'NONE', #746, #64, #1411 ) ;
#923 = DIRECTION ( 'NONE',  ( 0.000000000000000000, -1.000000000000000000, 0.000000000000000000 ) ) ;
#924 = ORIENTED_EDGE ( 'NONE', *, *, #918, .F. ) ;
#925 = CARTESIAN_POINT ( 'NONE',  ( 185.0000000000000568, 94.53413748527472649, 4.366670899555377794 ) ) ;
#926 = CARTESIAN_POINT ( 'NONE',  ( 75.00000000000007105, 129.0000000000000000, -5.600000000000000533 ) ) ;
#927 = DIRECTION ( 'NONE',  ( 0.000000000000000000, -1.000000000000000000, 0.000000000000000000 ) ) ;
#928 = ORIENTED_EDGE ( 'NONE', *, *, #322, .F. ) ;
#929 = CARTESIAN_POINT ( 'NONE',  ( 64.00000000000005684, 140.9465143254921031, 6.904314826541062544 ) ) ;
#930 = ORIENTED_EDGE ( 'NONE', *, *, #1293, .F. ) ;
#931 = CARTESIAN_POINT ( 'NONE',  ( 172.4029456788410073, 119.0393038695539474, -5.285310908361424254 ) ) ;
#932 = CARTESIAN_POINT ( 'NONE',  ( 64.00000000000005684, 95.00000000000000000, -4.000000000000014211 ) ) ;
#933 = APPROVAL ( #38, 'UNSPECIFIED' ) ;
#934 = VERTEX_POINT ( 'NONE', #258 ) ;
#935 = CARTESIAN_POINT ( 'NONE',  ( 64.00000000000000000, 108.9724217702747353, -7.044260820953669899 ) ) ;
#936 = CARTESIAN_POINT ( 'NONE',  ( 185.0000000000000568, 65.04336624223786600, 1.296702550218020722 ) ) ;
#937 = APPROVAL_DATE_TIME ( #1401, #635 ) ;
#938 = LINE ( 'NONE', #278, #986 ) ;
#939 = CARTESIAN_POINT ( 'NONE',  ( 64.00000000000001421, 157.4239216510432016, 1.653628767251984932 ) ) ;
#940 = CARTESIAN_POINT ( 'NONE',  ( 173.5902485422795110, 129.0000000000000000, 5.097053653040886090 ) ) ;
#941 = CIRCLE ( 'NONE', #297, 0.8999999999999980238 ) ;
#942 = EDGE_LOOP ( 'NONE', ( #693, #553, #1030, #378 ) ) ;
#943 = EDGE_CURVE ( 'NONE', #1296, #1379, #271, .T. ) ;
#944 = CARTESIAN_POINT ( 'NONE',  ( 64.00000000000001421, 101.1415416196256274, -6.479351343665461727 ) ) ;
#945 = CARTESIAN_POINT ( 'NONE',  ( 185.0000000000000568, 83.10329487889875111, 3.384818266992523306 ) ) ;
#946 = EDGE_LOOP ( 'NONE', ( #969, #639 ) ) ;
#947 = PERSON_AND_ORGANIZATION_ROLE ( 'design_owner' ) ;
#948 = CARTESIAN_POINT ( 'NONE',  ( 64.00000000000005684, 82.37800232306901194, -4.618442769383855229 ) ) ;
#949 = CARTESIAN_POINT ( 'NONE',  ( 64.00000000000005684, 128.9999999947331162, 7.562559331487632264 ) ) ;
#950 = VERTEX_POINT ( 'NONE', #172 ) ;
#951 = CARTESIAN_POINT ( 'NONE',  ( 185.0000000000000568, 58.32966694730094304, 0.3490379872527621385 ) ) ;
#952 = ORIENTED_EDGE ( 'NONE', *, *, #95, .T. ) ;
#953 = EDGE_CURVE ( 'NONE', #1369, #613, #53, .T. ) ;
#954 = CARTESIAN_POINT ( 'NONE',  ( 100.0234286269626978, 128.9999999999999432, -6.712300400060110306 ) ) ;
#955 = CARTESIAN_POINT ( 'NONE',  ( 75.00000000000007105, 129.0000000000000000, 4.700000000000002842 ) ) ;
#956 = EDGE_LOOP ( 'NONE', ( #728, #71, #1182, #816 ) ) ;
#957 = CARTESIAN_POINT ( 'NONE',  ( 172.3622057974525887, 104.9999999999999858, 5.147553549348579338 ) ) ;
#958 = LINE ( 'NONE', #853, #319 ) ;
#959 = VERTEX_POINT ( 'NONE', #1056 ) ;
#960 = CARTESIAN_POINT ( 'NONE',  ( 110.0000000000000426, 123.0000000000000000, 3.800000000000004707 ) ) ;
#961 = EDGE_CURVE ( 'NONE', #1263, #1399, #620, .T. ) ;
#962 = AXIS2_PLACEMENT_3D ( 'NONE', #1273, #601, #1279 ) ;
#963 = FACE_OUTER_BOUND ( 'NONE', #594, .T. ) ;
#964 = CARTESIAN_POINT ( 'NONE',  ( 173.7728012214998330, 119.1228748782629481, 5.249595922067997300 ) ) ;
#965 = AXIS2_PLACEMENT_3D ( 'NONE', #306, #202, #544 ) ;
#966 = AXIS2_PLACEMENT_3D ( 'NONE', #1326, #1181, #1076 ) ;
#967 = ORIENTED_EDGE ( 'NONE', *, *, #424, .F. ) ;
#968 = CARTESIAN_POINT ( 'NONE',  ( 46.00000000000001421, 95.00000000000000000, 3.999999999999993339 ) ) ;
#969 = ORIENTED_EDGE ( 'NONE', *, *, #122, .T. ) ;
#970 = PERSON_AND_ORGANIZATION_ROLE ( 'creator' ) ;
#971 = DIRECTION ( 'NONE',  ( 0.000000000000000000, 1.000000000000000000, 0.000000000000000000 ) ) ;
#972 = EDGE_CURVE ( 'NONE', #1404, #950, #307, .T. ) ;
#973 = DIRECTION ( 'NONE',  ( -0.04952592586960766902, 0.9987728383705466451, 0.000000000000000000 ) ) ;
#974 = ORIENTED_EDGE ( 'NONE', *, *, #789, .T. ) ;
#975 = CARTESIAN_POINT ( 'NONE',  ( 64.00000000000005684, 129.0000000000000000, 4.000000000000014211 ) ) ;
#976 = DIRECTION ( 'NONE',  ( 1.000000000000000000, 0.000000000000000000, 0.000000000000000000 ) ) ;
#977 = CARTESIAN_POINT ( 'NONE',  ( 185.0000000000000568, 94.53413748527472649, 4.366670899555377794 ) ) ;
#978 = CARTESIAN_POINT ( 'NONE',  ( 173.7441589756795963, 121.1659212443034619, 5.164437627702104905 ) ) ;
#979 = ORIENTED_EDGE ( 'NONE', *, *, #882, .F. ) ;
#980 = EDGE_CURVE ( 'NONE', #1005, #950, #567, .T. ) ;
#981 = CC_DESIGN_DATE_AND_TIME_ASSIGNMENT ( #713, #383, ( #1154 ) ) ;
#982 = DIRECTION ( 'NONE',  ( 1.000000000000000000, 0.000000000000000000, 0.000000000000000000 ) ) ;
#983 = DIRECTION ( 'NONE',  ( 0.000000000000000000, -1.000000000000000000, 0.000000000000000000 ) ) ;
#984 = CARTESIAN_POINT ( 'NONE',  ( 185.0000000000000568, 119.5692345236420380, 4.956907385402789856 ) ) ;
#985 = LINE ( 'NONE', #1437, #16 ) ;
#986 = VECTOR ( 'NONE', #1298, 1000.000000000000000 ) ;
#987 = PRODUCT_DEFINITION_FORMATION_WITH_SPECIFIED_SOURCE ( 'ANY', '', #780, .NOT_KNOWN. ) ;
#988 = CARTESIAN_POINT ( 'NONE',  ( 174.2977412685435468, 119.2001081151063175, -6.514646272134534399 ) ) ;
#989 = DIRECTION ( 'NONE',  ( 0.000000000000000000, 1.000000000000000000, 0.000000000000000000 ) ) ;
#990 = ADVANCED_FACE ( 'NONE', ( #521 ), #1200, .T. ) ;
#991 = DIRECTION ( 'NONE',  ( 0.000000000000000000, 0.000000000000000000, -1.000000000000000000 ) ) ;
#992 = DIRECTION ( 'NONE',  ( 0.000000000000000000, 0.000000000000000000, -1.000000000000000000 ) ) ;
#993 = CARTESIAN_POINT ( 'NONE',  ( 182.3885030512247738, 59.84010216933189241, -0.5938813766394873683 ) ) ;
#994 = DIRECTION ( 'NONE',  ( 0.000000000000000000, 0.000000000000000000, 1.000000000000000000 ) ) ;
#995 = SHAPE_DEFINITION_REPRESENTATION ( #1003, #163 ) ;
#996 = CARTESIAN_POINT ( 'NONE',  ( 185.0000000000000568, 59.96133478782001447, -0.5899447027792742437 ) ) ;
#997 = CARTESIAN_POINT ( 'NONE',  ( 172.0555992171329365, 129.0000000000000568, -4.485005855479770709 ) ) ;
#998 = CARTESIAN_POINT ( 'NONE',  ( 163.0541136130354403, 129.0000000000000000, 4.835714549266810103 ) ) ;
#999 = CARTESIAN_POINT ( 'NONE',  ( 177.2658123875603167, 85.33178916746069831, -3.693449030760920682 ) ) ;
#1000 = CARTESIAN_POINT ( 'NONE',  ( 190.0000000000001137, 129.0000000000000000, 0.000000000000000000 ) ) ;
#1001 = CARTESIAN_POINT ( 'NONE',  ( 64.00000000000005684, 134.8664053117378501, -7.391924922871936587 ) ) ;
#1002 = PLANE ( 'NONE',  #575 ) ;
#1003 = PRODUCT_DEFINITION_SHAPE ( 'NONE', 'NONE',  #1154 ) ;
#1004 = CARTESIAN_POINT ( 'NONE',  ( 64.00000000000005684, 131.4247822930463769, 7.532929783100005494 ) ) ;
#1005 = VERTEX_POINT ( 'NONE', #997 ) ;
#1006 = CARTESIAN_POINT ( 'NONE',  ( 181.9841891582809126, 61.79319034114647735, -0.8772099162877862177 ) ) ;
#1007 = ADVANCED_FACE ( 'NONE', ( #1085 ), #1313, .F. ) ;
#1008 = CARTESIAN_POINT ( 'NONE',  ( 174.2665052604149878, 121.2635507705556108, -6.440053949243117692 ) ) ;
#1009 = AXIS2_PLACEMENT_3D ( 'NONE', #661, #1211, #201 ) ;
#1010 = CARTESIAN_POINT ( 'NONE',  ( 64.00000000000005684, 52.88637962628122580, -0.4486512246263049675 ) ) ;
#1011 = AXIS2_PLACEMENT_3D ( 'NONE', #880, #1175, #1413 ) ;
#1012 = CARTESIAN_POINT ( 'NONE',  ( 185.0000000000000568, 58.00000000000000000, -0.3000000000000085931 ) ) ;
#1013 = CARTESIAN_POINT ( 'NONE',  ( 46.00000000000001421, 123.0000000000000000, -2.999999999999999112 ) ) ;
#1014 = VERTEX_POINT ( 'NONE', #1191 ) ;
#1015 = CARTESIAN_POINT ( 'NONE',  ( 181.1862024450210242, 65.70499571670772809, -1.417385095353601798 ) ) ;
#1016 = EDGE_CURVE ( 'NONE', #439, #1304, #411, .T. ) ;
#1017 = DIRECTION ( 'NONE',  ( 0.000000000000000000, -1.000000000000000000, 0.000000000000000000 ) ) ;
#1018 = CARTESIAN_POINT ( 'NONE',  ( 64.00000000000005684, 66.36377286558932553, -2.529180263332982737 ) ) ;
#1019 = ORIENTED_EDGE ( 'NONE', *, *, #807, .F. ) ;
#1020 = CARTESIAN_POINT ( 'NONE',  ( 64.00000000000000000, 59.35409912975123348, -1.489394052338811836 ) ) ;
#1021 = CARTESIAN_POINT ( 'NONE',  ( 182.8068862588932859, 57.89125055829222788, 0.3000000000000085931 ) ) ;
#1022 = ORIENTED_EDGE ( 'NONE', *, *, #800, .T. ) ;
#1023 = DIRECTION ( 'NONE',  ( 0.000000000000000000, 1.000000000000000000, 0.000000000000000000 ) ) ;
#1024 = VERTEX_POINT ( 'NONE', #1435 ) ;
#1025 = ADVANCED_FACE ( 'NONE', ( #869 ), #1112, .F. ) ;
#1026 = VERTEX_POINT ( 'NONE', #1429 ) ;
#1027 = CARTESIAN_POINT ( 'NONE',  ( 75.00000000000007105, 129.0000000000000000, -3.800000000000004707 ) ) ;
#1028 = DIRECTION ( 'NONE',  ( 0.000000000000000000, 0.000000000000000000, -1.000000000000000000 ) ) ;
#1029 = CARTESIAN_POINT ( 'NONE',  ( 174.0065367804746757, 129.4369235192340568, -5.762736697584486478 ) ) ;
#1030 = ORIENTED_EDGE ( 'NONE', *, *, #269, .T. ) ;
#1031 = AXIS2_PLACEMENT_3D ( 'NONE', #298, #515, #991 ) ;
#1032 = CARTESIAN_POINT ( 'NONE',  ( 64.00000000000005684, 59.35409912975123348, 1.489394052338825825 ) ) ;
#1033 = LOCAL_TIME ( 17, 50, 20.00000000000000000, #162 ) ;
#1034 = VERTEX_POINT ( 'NONE', #1333 ) ;
#1035 = DIRECTION ( 'NONE',  ( 0.000000000000000000, 0.000000000000000000, -1.000000000000000000 ) ) ;
#1036 = ORIENTED_EDGE ( 'NONE', *, *, #474, .F. ) ;
#1037 = DIRECTION ( 'NONE',  ( 0.000000000000000000, -1.000000000000000000, 0.000000000000000000 ) ) ;
#1038 = ORIENTED_EDGE ( 'NONE', *, *, #694, .T. ) ;
#1039 = CARTESIAN_POINT ( 'NONE',  ( 185.0000000000000568, 129.8332930663974878, 3.807241443524595148 ) ) ;
#1040 = ORIENTED_EDGE ( 'NONE', *, *, #355, .T. ) ;
#1041 = CARTESIAN_POINT ( 'NONE',  ( 172.4280189715721860, 108.9993956902576286, 5.315738110563570373 ) ) ;
#1042 = ADVANCED_FACE ( 'NONE', ( #185, #1421, #316, #531, #430 ), #861, .F. ) ;
#1043 = FACE_OUTER_BOUND ( 'NONE', #1147, .T. ) ;
#1044 = ORIENTED_EDGE ( 'NONE', *, *, #582, .F. ) ;
#1045 = DIRECTION ( 'NONE',  ( 0.000000000000000000, -1.000000000000000000, 0.000000000000000000 ) ) ;
#1046 = CARTESIAN_POINT ( 'NONE',  ( 64.00000000000005684, 61.46514737404753959, 1.810631200378116867 ) ) ;
#1047 = CARTESIAN_POINT ( 'NONE',  ( 64.00000000000005684, 157.9999999999999716, -4.000000000000014211 ) ) ;
#1048 = ADVANCED_FACE ( 'NONE', ( #1091 ), #758, .F. ) ;
#1049 = LINE ( 'NONE', #25, #723 ) ;
#1050 = ADVANCED_FACE ( 'NONE', ( #655 ), #876, .T. ) ;
#1051 = VERTEX_POINT ( 'NONE', #305 ) ;
#1052 = CARTESIAN_POINT ( 'NONE',  ( 110.0000000000000426, 123.0000000000000000, 5.600000000000000533 ) ) ;
#1053 = CARTESIAN_POINT ( 'NONE',  ( 64.00000000000005684, 143.8488568854597531, 6.571591727123512250 ) ) ;
#1054 = ORIENTED_EDGE ( 'NONE', *, *, #1400, .T. ) ;
#1055 = VECTOR ( 'NONE', #1035, 1000.000000000000000 ) ;
#1056 = CARTESIAN_POINT ( 'NONE',  ( 174.2492965339931743, 105.0000000000000000, 6.396510011397779749 ) ) ;
#1057 = CARTESIAN_POINT ( 'NONE',  ( 64.00000000000005684, 128.9999999947331162, 7.562559331487632264 ) ) ;
#1058 = ORIENTED_EDGE ( 'NONE', *, *, #159, .T. ) ;
#1059 = EDGE_CURVE ( 'NONE', #287, #1404, #1305, .T. ) ;
#1060 = CARTESIAN_POINT ( 'NONE',  ( 185.0000000000000568, 58.65976054031079912, 0.3981394380920266762 ) ) ;
#1061 = ORIENTED_EDGE ( 'NONE', *, *, #433, .F. ) ;
#1062 = APPROVAL_DATE_TIME ( #610, #933 ) ;
#1063 = FACE_BOUND ( 'NONE', #157, .T. ) ;
#1064 = DIRECTION ( 'NONE',  ( 0.000000000000000000, 1.000000000000000000, 0.000000000000000000 ) ) ;
#1065 = ORIENTED_EDGE ( 'NONE', *, *, #1367, .F. ) ;
#1066 = CARTESIAN_POINT ( 'NONE',  ( 172.5643134057891928, 105.0000000000000000, 5.144252883492844042 ) ) ;
#1067 = CARTESIAN_POINT ( 'NONE',  ( 185.0000000000000568, 111.7986220736899980, -5.114700798845920104 ) ) ;
#1068 = CARTESIAN_POINT ( 'NONE',  ( 75.00000000000007105, 135.0000000000000000, 4.700000000000002842 ) ) ;
#1069 = ORIENTED_EDGE ( 'NONE', *, *, #1232, .T. ) ;
#1070 = B_SPLINE_CURVE_WITH_KNOTS ( 'NONE', 3,
 ( #457, #1250, #350, #1368 ),
 .UNSPECIFIED., .F., .F.,
 ( 4, 4 ),
 ( 0.000000000000000000, 0.0008034811723831824766 ),
 .UNSPECIFIED. ) ;
#1071 = APPROVAL_STATUS ( 'not_yet_approved' ) ;
#1072 = CARTESIAN_POINT ( 'NONE',  ( 136.0428663347231861, 129.0000000000000000, -5.704979893654750001 ) ) ;
#1073 = CARTESIAN_POINT ( 'NONE',  ( 64.00000000000005684, 158.5329740676537824, 0.000000000000000000 ) ) ;
#1074 = CARTESIAN_POINT ( 'NONE',  ( 174.1940996888588415, 124.3190814280695093, 6.259217418472425187 ) ) ;
#1075 = VERTEX_POINT ( 'NONE', #310 ) ;
#1076 = DIRECTION ( 'NONE',  ( 0.000000000000000000, 0.000000000000000000, 1.000000000000000000 ) ) ;
#1077 = VERTEX_POINT ( 'NONE', #768 ) ;
#1078 = PERSON_AND_ORGANIZATION ( #1185, #200 ) ;
#1079 = CIRCLE ( 'NONE', #915, 0.8999999999999980238 ) ;
#1080 = DIRECTION ( 'NONE',  ( 0.000000000000000000, -1.000000000000000000, 0.000000000000000000 ) ) ;
#1081 = DIRECTION ( 'NONE',  ( 0.000000000000000000, 0.000000000000000000, -1.000000000000000000 ) ) ;
#1082 = AXIS2_PLACEMENT_3D ( 'NONE', #656, #431, #241 ) ;
#1083 = VERTEX_POINT ( 'NONE', #192 ) ;
#1084 = CARTESIAN_POINT ( 'NONE',  ( 174.0270247341481138, 129.0000000000000000, -5.819283560411989242 ) ) ;
#1085 = FACE_OUTER_BOUND ( 'NONE', #898, .T. ) ;
#1086 = CARTESIAN_POINT ( 'NONE',  ( 64.00000000000005684, 55.94429781915791722, 0.9507522153523393360 ) ) ;
#1087 = CARTESIAN_POINT ( 'NONE',  ( 173.7861031328572494, 108.9092313218403660, 5.290295383735388768 ) ) ;
#1088 = CC_DESIGN_PERSON_AND_ORGANIZATION_ASSIGNMENT ( #817, #1265, ( #150 ) ) ;
#1089 = ORIENTED_EDGE ( 'NONE', *, *, #18, .F. ) ;
#1090 = DIRECTION ( 'NONE',  ( 1.000000000000000000, 0.000000000000000000, 0.000000000000000000 ) ) ;
#1091 = FACE_OUTER_BOUND ( 'NONE', #348, .T. ) ;
#1092 = CARTESIAN_POINT ( 'NONE',  ( 185.0000000000000568, 108.9702366280472177, 5.070824402975252276 ) ) ;
#1093 = CARTESIAN_POINT ( 'NONE',  ( 172.3622057974525319, 104.9999999999999574, -5.147553549348607760 ) ) ;
#1094 = EDGE_CURVE ( 'NONE', #1014, #439, #1219, .T. ) ;
#1095 = EDGE_CURVE ( 'NONE', #863, #5, #1145, .T. ) ;
#1096 = CARTESIAN_POINT ( 'NONE',  ( 174.2701744210339996, 121.0395627570384960, -6.448853219519737223 ) ) ;
#1097 = CARTESIAN_POINT ( 'NONE',  ( 174.3419443697694646, 113.0085376858596078, 6.620470742888725724 ) ) ;
#1098 = CARTESIAN_POINT ( 'NONE',  ( 46.00000000000001421, 95.00000000000000000, 3.999999999999993339 ) ) ;
#1099 = CARTESIAN_POINT ( 'NONE',  ( 136.0431098798854066, 129.0000000000000000, 5.704972696075723881 ) ) ;
#1100 = DIRECTION ( 'NONE',  ( 0.000000000000000000, -1.000000000000000000, 0.000000000000000000 ) ) ;
#1101 = VECTOR ( 'NONE', #629, 1000.000000000000000 ) ;
#1102 = FACE_OUTER_BOUND ( 'NONE', #1271, .T. ) ;
#1103 = CIRCLE ( 'NONE', #441, 13.99999999999998757 ) ;
#1104 = AXIS2_PLACEMENT_3D ( 'NONE', #1163, #385, #489 ) ;
#1105 = FACE_OUTER_BOUND ( 'NONE', #956, .T. ) ;
#1106 = CARTESIAN_POINT ( 'NONE',  ( 185.0000000000000568, 111.7986220736899980, 5.114700798845920104 ) ) ;
#1107 = CARTESIAN_POINT ( 'NONE',  ( 174.0190036837766172, 101.0657054413322982, -4.955113694036877625 ) ) ;
#1108 = CARTESIAN_POINT ( 'NONE',  ( 172.4279383557174583, 108.9438166412199678, -5.315574528777266217 ) ) ;
#1109 = CARTESIAN_POINT ( 'NONE',  ( 75.00000000000007105, 135.0000000000000000, 3.800000000000004707 ) ) ;
#1110 = ADVANCED_FACE ( 'NONE', ( #1105 ), #538, .T. ) ;
#1111 = CARTESIAN_POINT ( 'NONE',  ( 185.0000000000000568, 91.58069566953629703, -4.140786203762902851 ) ) ;
#1112 = CYLINDRICAL_SURFACE ( 'NONE', #394, 0.8999999999999980238 ) ;
#1113 = CARTESIAN_POINT ( 'NONE',  ( 185.0000000000000568, 85.90164580039258624, 3.651638213388250342 ) ) ;
#1114 = ORIENTED_EDGE ( 'NONE', *, *, #918, .T. ) ;
#1115 = DIRECTION ( 'NONE',  ( -1.000000000000000000, 0.000000000000000000, 0.000000000000000000 ) ) ;
#1116 = PLANE ( 'NONE',  #343 ) ;
#1117 = B_SPLINE_CURVE_WITH_KNOTS ( 'NONE', 3,
 ( #748, #423, #1295, #741, #168, #1097, #1188, #731 ),
 .UNSPECIFIED., .F., .F.,
 ( 4, 2, 2, 4 ),
 ( 0.008727027237562563419, 0.01474917505284957520, 0.02077132286813658524, 0.03281561849871065389 ),
 .UNSPECIFIED. ) ;
#1118 = CARTESIAN_POINT ( 'NONE',  ( 64.00000000000005684, 89.52099056137808475, -5.389241356348183132 ) ) ;
#1119 = CARTESIAN_POINT ( 'NONE',  ( 185.0000000000000568, 58.65976054031079912, -0.3981394380920266762 ) ) ;
#1120 = DIRECTION ( 'NONE',  ( 0.000000000000000000, 0.000000000000000000, -1.000000000000000000 ) ) ;
#1121 = VERTEX_POINT ( 'NONE', #402 ) ;
#1122 = CARTESIAN_POINT ( 'NONE',  ( 181.1860592026631878, 65.70570224472943721, 1.417481013522746247 ) ) ;
#1123 = PLANE ( 'NONE',  #849 ) ;
#1124 = CIRCLE ( 'NONE', #1082, 0.8999999999999980238 ) ;
#1125 = CARTESIAN_POINT ( 'NONE',  ( 64.00000000000005684, 61.46514737404753959, -1.810631200378116867 ) ) ;
#1126 = VECTOR ( 'NONE', #1373, 1000.000000000000000 ) ;
#1127 = CARTESIAN_POINT ( 'NONE',  ( 185.0000000000000568, 60.93560298945052267, -0.7295399612527175837 ) ) ;
#1128 = CARTESIAN_POINT ( 'NONE',  ( 110.0000000000000426, 135.0000000000000000, 3.800000000000004707 ) ) ;
#1129 = EDGE_LOOP ( 'NONE', ( #1038, #1389 ) ) ;
#1130 = EDGE_CURVE ( 'NONE', #98, #587, #730, .T. ) ;
#1131 = VERTEX_POINT ( 'NONE', #220 ) ;
#1132 = CARTESIAN_POINT ( 'NONE',  ( 64.00000000000005684, 150.8759940062182068, -5.069319609450582576 ) ) ;
#1133 = ORIENTED_EDGE ( 'NONE', *, *, #424, .T. ) ;
#1134 = PLANE ( 'NONE',  #674 ) ;
#1135 = ORIENTED_EDGE ( 'NONE', *, *, #1400, .F. ) ;
#1136 = LINE ( 'NONE', #21, #1190 ) ;
#1137 = ADVANCED_FACE ( 'NONE', ( #710 ), #1002, .T. ) ;
#1138 = EDGE_CURVE ( 'NONE', #1083, #1051, #1382, .T. ) ;
#1139 = ORIENTED_EDGE ( 'NONE', *, *, #147, .F. ) ;
#1140 = CARTESIAN_POINT ( 'NONE',  ( 64.00000000000001421, 124.3977147227123652, 7.625235452124245583 ) ) ;
#1141 = CARTESIAN_POINT ( 'NONE',  ( 46.00000000000001421, 129.0000000000000000, -3.999999999999993339 ) ) ;
#1142 = ORIENTED_EDGE ( 'NONE', *, *, #494, .F. ) ;
#1143 = CARTESIAN_POINT ( 'NONE',  ( 173.8516687898981843, 129.0000000000000000, 5.433658775660703100 ) ) ;
#1144 = ORIENTED_EDGE ( 'NONE', *, *, #766, .T. ) ;
#1145 = CIRCLE ( 'NONE', #1009, 16.99999999999998934 ) ;
#1146 = CARTESIAN_POINT ( 'NONE',  ( 64.00000000000005684, 112.9641677284163990, 7.274393137804834097 ) ) ;
#1147 = EDGE_LOOP ( 'NONE', ( #688, #1089, #1133, #928 ) ) ;
#1148 = VECTOR ( 'NONE', #982, 1000.000000000000000 ) ;
#1149 = DIRECTION ( 'NONE',  ( 0.000000000000000000, 1.000000000000000000, 0.000000000000000000 ) ) ;
#1150 = CARTESIAN_POINT ( 'NONE',  ( 75.00000000000007105, 123.0000000000000000, -4.700000000000002842 ) ) ;
#1151 = VERTEX_POINT ( 'NONE', #551 ) ;
#1152 = CARTESIAN_POINT ( 'NONE',  ( 64.00000000000005684, 89.52099056137808475, -5.389241356348183132 ) ) ;
#1153 = CARTESIAN_POINT ( 'NONE',  ( 185.0000000000000568, 75.34219329053840397, 2.565064010385240234 ) ) ;
#1154 = PRODUCT_DEFINITION ( 'UNKNOWN', '', #987, #275 ) ;
#1155 = DIRECTION ( 'NONE',  ( 0.000000000000000000, 0.000000000000000000, 1.000000000000000000 ) ) ;
#1156 = DIRECTION ( 'NONE',  ( 0.000000000000000000, 1.000000000000000000, 0.000000000000000000 ) ) ;
#1157 = FACE_OUTER_BOUND ( 'NONE', #276, .T. ) ;
#1158 = EDGE_LOOP ( 'NONE', ( #476, #175, #1301, #814, #860, #792, #979, #967 ) ) ;
#1159 = DIRECTION ( 'NONE',  ( 0.000000000000000000, 0.000000000000000000, -1.000000000000000000 ) ) ;
#1160 = CARTESIAN_POINT ( 'NONE',  ( 64.00000000000000000, 54.63511737365566745, 0.7392085161886317035 ) ) ;
#1161 = ORIENTED_EDGE ( 'NONE', *, *, #147, .T. ) ;
#1162 = ADVANCED_FACE ( 'NONE', ( #667 ), #1453, .F. ) ;
#1163 = CARTESIAN_POINT ( 'NONE',  ( 207.6000000000000512, 105.0000000000000000, 0.000000000000000000 ) ) ;
#1164 = ORIENTED_EDGE ( 'NONE', *, *, #1418, .T. ) ;
#1165 = DIRECTION ( 'NONE',  ( 0.000000000000000000, 1.000000000000000000, 0.000000000000000000 ) ) ;
#1166 = CARTESIAN_POINT ( 'NONE',  ( 185.0000000000000000, 117.0142498285513568, 5.051495159309263627 ) ) ;
#1167 = ORIENTED_EDGE ( 'NONE', *, *, #868, .T. ) ;
#1168 = AXIS2_PLACEMENT_3D ( 'NONE', #1388, #1037, #260 ) ;
#1169 = APPROVAL_PERSON_ORGANIZATION ( #1078, #635, #373 ) ;
#1170 = VECTOR ( 'NONE', #813, 1000.000000000000000 ) ;
#1171 = CARTESIAN_POINT ( 'NONE',  ( 64.00000000000005684, 128.9999999947331162, -7.562559331487632264 ) ) ;
#1172 = CARTESIAN_POINT ( 'NONE',  ( 64.00000000000005684, 116.5874508295665777, 7.485070303615525056 ) ) ;
#1173 = CIRCLE ( 'NONE', #966, 0.8999999999999980238 ) ;
#1174 = ORIENTED_EDGE ( 'NONE', *, *, #18, .T. ) ;
#1175 = DIRECTION ( 'NONE',  ( 0.000000000000000000, -1.000000000000000000, 0.000000000000000000 ) ) ;
#1176 = VERTEX_POINT ( 'NONE', #1052 ) ;
#1177 = CARTESIAN_POINT ( 'NONE',  ( 173.1655796601730515, 105.0000000000000000, 5.134422248122786137 ) ) ;
#1178 = CARTESIAN_POINT ( 'NONE',  ( 64.00000000000002842, 128.6652919845310237, 7.568627199365385749 ) ) ;
#1179 =( BOUNDED_SURFACE ( )  B_SPLINE_SURFACE ( 3, 2, ( 
 ( #146, #386, #838 ),
 ( #1281, #1087, #1396 ),
 ( #847, #1291, #181 ),
 ( #752, #964, #1306 ),
 ( #70, #978, #292 ),
 ( #268, #279, #1074 ),
 ( #397, #1193, #174 ),
 ( #736, #638, #621 ),
 ( #54, #286, #1186 ),
 ( #630, #1417, #312 ) ),
 .UNSPECIFIED., .F., .F., .F. ) 
 B_SPLINE_SURFACE_WITH_KNOTS ( ( 4, 2, 2, 2, 4 ),
 ( 3, 3 ),
 ( 0.09694410480407769648, 0.1092205288866266583, 0.1153587409279011322, 0.1184278469485383761, 0.1214969529691756200 ),
 ( 0.000000000000000000, 1.000000000000000000 ),
 .UNSPECIFIED. ) 
 GEOMETRIC_REPRESENTATION_ITEM ( )  RATIONAL_B_SPLINE_SURFACE ( (
 ( 1.000000000000000000, 0.8247088218167339946, 1.000000000000000000),
 ( 1.000000000000000000, 0.8271548324672201025, 1.000000000000000000),
 ( 1.000000000000000000, 0.8281059931278353936, 1.000000000000000000),
 ( 1.000000000000000000, 0.8247661779452442055, 1.000000000000000000),
 ( 1.000000000000000000, 0.8228554835586667782, 1.000000000000000000),
 ( 1.000000000000000000, 0.8184639326106364354, 1.000000000000000000),
 ( 1.000000000000000000, 0.8167338819329620359, 1.000000000000000000),
 ( 1.000000000000000000, 0.8121323012326470137, 1.000000000000000000),
 ( 1.000000000000000000, 0.8092902842104533478, 1.000000000000000000),
 ( 1.000000000000000000, 0.8057111333909442452, 1.000000000000000000) ) ) 
 REPRESENTATION_ITEM ( '' )  SURFACE ( )  );
#1180 = ORIENTED_EDGE ( 'NONE', *, *, #740, .T. ) ;
#1181 = DIRECTION ( 'NONE',  ( 0.000000000000000000, 1.000000000000000000, 0.000000000000000000 ) ) ;
#1182 = ORIENTED_EDGE ( 'NONE', *, *, #627, .T. ) ;
#1183 =( NAMED_UNIT ( * ) PLANE_ANGLE_UNIT ( ) SI_UNIT ( $, .RADIAN. ) );
#1184 = CARTESIAN_POINT ( 'NONE',  ( 174.8474265422828466, 97.13148994890785559, 4.693827223246927360 ) ) ;
#1185 = PERSON ( 'UNSPECIFIED', 'UNSPECIFIED', 'UNSPECIFIED', ('UNSPECIFIED'), ('UNSPECIFIED'), ('UNSPECIFIED') ) ;
#1186 = CARTESIAN_POINT ( 'NONE',  ( 174.0553780723370210, 128.4192433474603092, 5.898290117549202627 ) ) ;
#1187 = ORIENTED_EDGE ( 'NONE', *, *, #61, .F. ) ;
#1188 = CARTESIAN_POINT ( 'NONE',  ( 174.3100128151621959, 109.0043257153705127, 6.546017186177033764 ) ) ;
#1189 = EDGE_CURVE ( 'NONE', #36, #917, #676, .T. ) ;
#1190 = VECTOR ( 'NONE', #490, 1000.000000000000000 ) ;
#1191 = CARTESIAN_POINT ( 'NONE',  ( 176.3252056688226617, 123.0000000000000000, 3.000000000000002665 ) ) ;
#1192 = CARTESIAN_POINT ( 'NONE',  ( 185.0000000000000568, 135.0728285314352490, -2.351116429766320071 ) ) ;
#1193 = CARTESIAN_POINT ( 'NONE',  ( 173.6533674627264645, 125.2220066098342670, 4.876426915759927816 ) ) ;
#1194 = CIRCLE ( 'NONE', #1432, 0.8999999999999980238 ) ;
#1195 = ORIENTED_EDGE ( 'NONE', *, *, #961, .F. ) ;
#1196 = CARTESIAN_POINT ( 'NONE',  ( 64.00000000000000000, 52.00000000000000000, 0.3000000000000016542 ) ) ;
#1197 = CARTESIAN_POINT ( 'NONE',  ( 190.0000000000001137, 105.0000000000000000, 0.000000000000000000 ) ) ;
#1198 = EDGE_CURVE ( 'NONE', #5, #467, #1336, .T. ) ;
#1199 = EDGE_CURVE ( 'NONE', #1397, #98, #325, .T. ) ;
#1200 = PLANE ( 'NONE',  #794 ) ;
#1201 = CARTESIAN_POINT ( 'NONE',  ( 64.00000000000000000, 52.00000000000000000, 0.3000000000000016542 ) ) ;
#1202 = CARTESIAN_POINT ( 'NONE',  ( 179.6174774076823439, 73.54454210178322171, -2.418315281160793528 ) ) ;
#1203 = DIRECTION ( 'NONE',  ( 0.000000000000000000, -1.000000000000000000, 0.000000000000000000 ) ) ;
#1204 = CARTESIAN_POINT ( 'NONE',  ( 46.00000000000001421, 95.00000000000000000, -3.999999999999993339 ) ) ;
#1205 = CALENDAR_DATE ( 2026, 29, 9 ) ;
#1206 = DIRECTION ( 'NONE',  ( 0.000000000000000000, 0.000000000000000000, -1.000000000000000000 ) ) ;
#1207 = CARTESIAN_POINT ( 'NONE',  ( 185.0000000000000568, 60.93560298945051557, 0.7295399612527175837 ) ) ;
#1208 = CARTESIAN_POINT ( 'NONE',  ( 0.000000000000000000, 0.000000000000000000, 3.000000000000000444 ) ) ;
#1209 = CARTESIAN_POINT ( 'NONE',  ( 173.5557859228412383, 128.2309323002130839, -4.547719776365150679 ) ) ;
#1210 = LINE ( 'NONE', #1109, #1338 ) ;
#1211 = DIRECTION ( 'NONE',  ( 0.000000000000000000, -1.000000000000000000, 0.000000000000000000 ) ) ;
#1212 = CARTESIAN_POINT ( 'NONE',  ( 185.0000000000000000, 117.0142498285513568, 5.051495159309263627 ) ) ;
#1213 = CARTESIAN_POINT ( 'NONE',  ( 0.000000000000000000, 0.000000000000000000, -4.000000000000003553 ) ) ;
#1214 = VECTOR ( 'NONE', #1335, 1000.000000000000000 ) ;
#1215 = DIRECTION ( 'NONE',  ( 0.000000000000000000, -1.000000000000000000, 0.000000000000000000 ) ) ;
#1216 = EDGE_CURVE ( 'NONE', #1024, #1026, #819, .T. ) ;
#1217 = AXIS2_PLACEMENT_3D ( 'NONE', #1150, #30, #808 ) ;
#1218 = CARTESIAN_POINT ( 'NONE',  ( 64.00000000000005684, 54.63511737365565324, -0.7392085161886177147 ) ) ;
#1219 = LINE ( 'NONE', #1440, #651 ) ;
#1220 = CARTESIAN_POINT ( 'NONE',  ( 64.00000000000000000, 52.44290321668560750, 0.3742775483541530002 ) ) ;
#1221 = CARTESIAN_POINT ( 'NONE',  ( 46.00000000000001421, 123.0000000000000000, 2.999999999999999112 ) ) ;
#1222 = CYLINDRICAL_SURFACE ( 'NONE', #1264, 16.99999999999998934 ) ;
#1223 = APPLICATION_CONTEXT ( 'configuration controlled 3d designs of mechanical parts and assemblies' ) ;
#1224 = ADVANCED_FACE ( 'NONE', ( #140 ), #1356, .T. ) ;
#1225 = CARTESIAN_POINT ( 'NONE',  ( 185.0000000000000568, 108.9702366280472319, -5.070824402975252276 ) ) ;
#1226 = CARTESIAN_POINT ( 'NONE',  ( 64.00000000000005684, 52.88637962628122580, -0.4486512246263049675 ) ) ;
#1227 = CARTESIAN_POINT ( 'NONE',  ( 172.4033784556795865, 119.0094581263549856, 5.286216970064568699 ) ) ;
#1228 = VERTEX_POINT ( 'NONE', #420 ) ;
#1229 = DIRECTION ( 'NONE',  ( 0.000000000000000000, 0.000000000000000000, -1.000000000000000000 ) ) ;
#1230 = CARTESIAN_POINT ( 'NONE',  ( 172.2411769659762228, 125.1948455750502802, -4.921880505833623687 ) ) ;
#1231 = CARTESIAN_POINT ( 'NONE',  ( 64.00000000000001421, 101.1415416196256274, -6.479351343665461727 ) ) ;
#1232 = EDGE_CURVE ( 'NONE', #1407, #264, #79, .T. ) ;
#1233 = CARTESIAN_POINT ( 'NONE',  ( 185.0000000000000568, 65.04336624223789443, -1.296702550218020722 ) ) ;
#1234 = LINE ( 'NONE', #552, #698 ) ;
#1235 = ORIENTED_EDGE ( 'NONE', *, *, #1216, .T. ) ;
#1236 = DIRECTION ( 'NONE',  ( 0.000000000000000000, 1.000000000000000000, 0.000000000000000000 ) ) ;
#1237 = VECTOR ( 'NONE', #118, 1000.000000000000000 ) ;
#1238 = CARTESIAN_POINT ( 'NONE',  ( 173.1655796601730515, 105.0000000000000000, 5.134422248122786137 ) ) ;
#1239 = CARTESIAN_POINT ( 'NONE',  ( 185.0000000000000568, 60.93560298945052267, -0.7295399612527175837 ) ) ;
#1240 = VECTOR ( 'NONE', #114, 1000.000000000000000 ) ;
#1241 = DIRECTION ( 'NONE',  ( 0.000000000000000000, 0.000000000000000000, -1.000000000000000000 ) ) ;
#1242 = ORIENTED_EDGE ( 'NONE', *, *, #1330, .T. ) ;
#1243 = EDGE_CURVE ( 'NONE', #1151, #401, #296, .T. ) ;
#1244 = EDGE_CURVE ( 'NONE', #712, #1131, #628, .T. ) ;
#1245 = CYLINDRICAL_SURFACE ( 'NONE', #529, 0.8999999999999980238 ) ;
#1246 = ORIENTED_EDGE ( 'NONE', *, *, #591, .T. ) ;
#1247 = CARTESIAN_POINT ( 'NONE',  ( 46.00000000000001421, 95.00000000000000000, 3.999999999999993339 ) ) ;
#1248 = DIRECTION ( 'NONE',  ( -1.000000000000000000, 0.000000000000000000, 0.000000000000000000 ) ) ;
#1249 = ORIENTED_EDGE ( 'NONE', *, *, #740, .F. ) ;
#1250 = CARTESIAN_POINT ( 'NONE',  ( 172.8977884338494277, 105.0000000000000000, 5.138803094200354415 ) ) ;
#1251 = EDGE_CURVE ( 'NONE', #1397, #1412, #1124, .T. ) ;
#1252 = ORIENTED_EDGE ( 'NONE', *, *, #687, .F. ) ;
#1253 = CARTESIAN_POINT ( 'NONE',  ( 185.0000000000000568, 134.0016964467834555, -2.702374481606637069 ) ) ;
#1254 = ORIENTED_EDGE ( 'NONE', *, *, #384, .F. ) ;
#1255 = CARTESIAN_POINT ( 'NONE',  ( 172.0555992171329365, 129.0000000000000568, -4.485005855479770709 ) ) ;
#1256 = CARTESIAN_POINT ( 'NONE',  ( 110.0000000000000426, 135.0000000000000000, -4.700000000000002842 ) ) ;
#1257 = ORIENTED_EDGE ( 'NONE', *, *, #159, .F. ) ;
#1258 = ADVANCED_FACE ( 'NONE', ( #583 ), #353, .F. ) ;
#1259 = VECTOR ( 'NONE', #29, 1000.000000000000000 ) ;
#1260 = CARTESIAN_POINT ( 'NONE',  ( 185.0000000000000568, 83.10329487889876532, -3.384818266992523306 ) ) ;
#1261 = CARTESIAN_POINT ( 'NONE',  ( 64.00000000000001421, 101.1415416196256274, 6.479351343665461727 ) ) ;
#1262 = VECTOR ( 'NONE', #1155, 1000.000000000000000 ) ;
#1263 = VERTEX_POINT ( 'NONE', #791 ) ;
#1264 = AXIS2_PLACEMENT_3D ( 'NONE', #1351, #886, #321 ) ;
#1265 = PERSON_AND_ORGANIZATION_ROLE ( 'classification_officer' ) ;
#1266 = CARTESIAN_POINT ( 'NONE',  ( 64.00000000000002842, 128.6652919845310521, -7.568627199365386637 ) ) ;
#1267 = CARTESIAN_POINT ( 'NONE',  ( 173.9537835002976749, 128.9999999999999716, 5.618248432188890362 ) ) ;
#1268 = ORIENTED_EDGE ( 'NONE', *, *, #196, .T. ) ;
#1269 = CARTESIAN_POINT ( 'NONE',  ( 64.00000000000005684, 112.9641677284163848, -7.274393137804834097 ) ) ;
#1270 = CARTESIAN_POINT ( 'NONE',  ( 64.00000000000005684, 154.2368365333354632, 3.941714452599463847 ) ) ;
#1271 = EDGE_LOOP ( 'NONE', ( #691, #721 ) ) ;
#1272 = CALENDAR_DATE ( 2026, 29, 9 ) ;
#1273 = CARTESIAN_POINT ( 'NONE',  ( 110.0000000000000426, 129.0000000000000000, 4.700000000000002842 ) ) ;
#1274 = DIRECTION ( 'NONE',  ( 0.000000000000000000, -1.000000000000000000, 0.000000000000000000 ) ) ;
#1275 = ORIENTED_EDGE ( 'NONE', *, *, #7, .F. ) ;
#1276 = CARTESIAN_POINT ( 'NONE',  ( 190.0000000000001137, 136.0000000000000000, -13.99999999999998757 ) ) ;
#1277 = CARTESIAN_POINT ( 'NONE',  ( 64.00000000000001421, 155.6564472675776187, 3.349658474813912434 ) ) ;
#1278 = EDGE_LOOP ( 'NONE', ( #811, #1246, #930, #704 ) ) ;
#1279 = DIRECTION ( 'NONE',  ( 0.000000000000000000, 0.000000000000000000, -1.000000000000000000 ) ) ;
#1280 = CARTESIAN_POINT ( 'NONE',  ( 64.00000000000001421, 155.6564472675776187, -3.349658474813912434 ) ) ;
#1281 = CARTESIAN_POINT ( 'NONE',  ( 172.4278207163769991, 108.9368464004694914, 5.315273746504860952 ) ) ;
#1282 = ORIENTED_EDGE ( 'NONE', *, *, #1232, .F. ) ;
#1283 = CARTESIAN_POINT ( 'NONE',  ( 174.0270247341481138, 129.0000000000000000, -5.819283560411989242 ) ) ;
#1284 = CARTESIAN_POINT ( 'NONE',  ( 185.0000000000000568, 131.4857947446270714, -3.425705399036457877 ) ) ;
#1285 = CARTESIAN_POINT ( 'NONE',  ( 185.0000000000000568, 136.4856485449861907, 1.196172438485729295 ) ) ;
#1286 = ORIENTED_EDGE ( 'NONE', *, *, #787, .T. ) ;
#1287 = DIRECTION ( 'NONE',  ( 0.000000000000000000, 0.000000000000000000, 1.000000000000000000 ) ) ;
#1288 = CC_DESIGN_APPROVAL ( #584, ( #150 ) ) ;
#1289 = AXIS2_PLACEMENT_3D ( 'NONE', #167, #85, #793 ) ;
#1290 = CARTESIAN_POINT ( 'NONE',  ( 174.2492965339931743, 105.0000000000000000, -6.396510011397779749 ) ) ;
#1291 = CARTESIAN_POINT ( 'NONE',  ( 173.8152402154601361, 113.0161214337992845, 5.375480871645192060 ) ) ;
#1292 = AXIS2_PLACEMENT_3D ( 'NONE', #503, #1064, #48 ) ;
#1293 = EDGE_CURVE ( 'NONE', #113, #1131, #320, .T. ) ;
#1294 = ORIENTED_EDGE ( 'NONE', *, *, #1243, .F. ) ;
#1295 = CARTESIAN_POINT ( 'NONE',  ( 174.1789453217967605, 125.0188335645338640, 6.221683304921707069 ) ) ;
#1296 = VERTEX_POINT ( 'NONE', #24 ) ;
#1297 = PERSON_AND_ORGANIZATION ( #1185, #200 ) ;
#1298 = DIRECTION ( 'NONE',  ( 0.000000000000000000, -1.000000000000000000, 0.000000000000000000 ) ) ;
#1299 = CARTESIAN_POINT ( 'NONE',  ( 64.00000000000005684, 154.2368365333354632, -3.941714452599463847 ) ) ;
#1300 = DIRECTION ( 'NONE',  ( 0.000000000000000000, 0.000000000000000000, -1.000000000000000000 ) ) ;
#1301 = ORIENTED_EDGE ( 'NONE', *, *, #355, .F. ) ;
#1302 = CARTESIAN_POINT ( 'NONE',  ( 185.0000000000000000, 117.0142498285513710, -5.051495159309263627 ) ) ;
#1303 = DIRECTION ( 'NONE',  ( 0.000000000000000000, -1.000000000000000000, 0.000000000000000000 ) ) ;
#1304 = VERTEX_POINT ( 'NONE', #812 ) ;
#1305 = LINE ( 'NONE', #763, #1408 ) ;
#1306 = CARTESIAN_POINT ( 'NONE',  ( 174.2980966018573952, 119.1693393743575626, 6.515500032061007474 ) ) ;
#1307 = ORIENTED_EDGE ( 'NONE', *, *, #627, .F. ) ;
#1308 = CARTESIAN_POINT ( 'NONE',  ( 174.1785324332816458, 125.0325466356266020, -6.220633780160977011 ) ) ;
#1309 = DIRECTION ( 'NONE',  ( 0.000000000000000000, -1.000000000000000000, 0.000000000000000000 ) ) ;
#1310 = EDGE_CURVE ( 'NONE', #1075, #36, #9, .T. ) ;
#1311 = CC_DESIGN_PERSON_AND_ORGANIZATION_ASSIGNMENT ( #154, #970, ( #1154 ) ) ;
#1312 = AXIS2_PLACEMENT_3D ( 'NONE', #1348, #677, #333 ) ;
#1313 = PLANE ( 'NONE',  #388 ) ;
#1314 = CARTESIAN_POINT ( 'NONE',  ( 64.00000000000005684, 59.35409912975123348, 1.489394052338825825 ) ) ;
#1315 = B_SPLINE_CURVE_WITH_KNOTS ( 'NONE', 3,
 ( #949, #1178, #1423, #1172, #377, #603, #156, #403, #862, #413, #498, #511, #517 ),
 .UNSPECIFIED., .F., .F.,
 ( 4, 1, 1, 1, 1, 1, 1, 1, 1, 1, 4 ),
 ( 0.6435659148611830860, 0.6481885228034960367, 0.6997619066744130700, 0.7541370066483340517, 0.8086257411862511901, 0.8604906915851070481, 0.9071096552572089911, 0.9461165435049897487, 0.9755186309465009309, 0.9937980371008113822, 1.000000000000000000 ),
 .UNSPECIFIED. ) ;
#1316 = CARTESIAN_POINT ( 'NONE',  ( 182.8068862588932859, 57.89125055829222788, -0.3000000000000085931 ) ) ;
#1317 = VECTOR ( 'NONE', #429, 1000.000000000000000 ) ;
#1318 = ORIENTED_EDGE ( 'NONE', *, *, #1418, .F. ) ;
#1319 = CARTESIAN_POINT ( 'NONE',  ( 185.0000000000000568, 119.5692345236420522, -4.956907385402789856 ) ) ;
#1320 = DIRECTION ( 'NONE',  ( 0.000000000000000000, 1.000000000000000000, 0.000000000000000000 ) ) ;
#1321 = EDGE_CURVE ( 'NONE', #1083, #1419, #33, .T. ) ;
#1322 = DIRECTION ( 'NONE',  ( 0.000000000000000000, 0.000000000000000000, 1.000000000000000000 ) ) ;
#1323 = CARTESIAN_POINT ( 'NONE',  ( 185.0000000000000568, 59.96133478781999315, 0.5899447027792742437 ) ) ;
#1324 = CARTESIAN_POINT ( 'NONE',  ( 177.2658313113353756, 85.33169588515805515, 3.693440713044610302 ) ) ;
#1325 = DIRECTION ( 'NONE',  ( 0.000000000000000000, 0.000000000000000000, 1.000000000000000000 ) ) ;
#1326 = CARTESIAN_POINT ( 'NONE',  ( 110.0000000000000426, 123.0000000000000000, -4.700000000000002842 ) ) ;
#1327 = DIRECTION ( 'NONE',  ( 0.000000000000000000, 1.000000000000000000, 0.000000000000000000 ) ) ;
#1328 = CARTESIAN_POINT ( 'NONE',  ( 64.00000000000005684, 85.75514042015338134, 4.982971378066934243 ) ) ;
#1329 = CARTESIAN_POINT ( 'NONE',  ( 64.00000000000000000, 52.00000000000000000, -0.3000000000000016542 ) ) ;
#1330 = EDGE_CURVE ( 'NONE', #737, #1369, #1234, .T. ) ;
#1331 = FACE_OUTER_BOUND ( 'NONE', #362, .T. ) ;
#1332 = CARTESIAN_POINT ( 'NONE',  ( 64.00000000000005684, 85.75514042015336713, -4.982971378066937795 ) ) ;
#1333 = CARTESIAN_POINT ( 'NONE',  ( 174.0270247341481138, 128.9999999999999432, 5.819283560411989242 ) ) ;
#1334 = DIRECTION ( 'NONE',  ( 0.000000000000000000, -1.000000000000000000, 0.000000000000000000 ) ) ;
#1335 = DIRECTION ( 'NONE',  ( 0.000000000000000000, 1.000000000000000000, 0.000000000000000000 ) ) ;
#1336 = CIRCLE ( 'NONE', #697, 16.99999999999998934 ) ;
#1337 = CARTESIAN_POINT ( 'NONE',  ( 174.1934911874922705, 124.3416823415048214, -6.257680645218163029 ) ) ;
#1338 = VECTOR ( 'NONE', #535, 1000.000000000000000 ) ;
#1339 = CARTESIAN_POINT ( 'NONE',  ( 185.0000000000000000, 117.0142498285513710, -5.051495159309263627 ) ) ;
#1340 = CARTESIAN_POINT ( 'NONE',  ( 46.00000000000001421, 95.00000000000000000, 3.999999999999993339 ) ) ;
#1341 = CARTESIAN_POINT ( 'NONE',  ( 190.0000000000001137, 129.0000000000000000, -16.99999999999998579 ) ) ;
#1342 = CARTESIAN_POINT ( 'NONE',  ( 172.5643104014347387, 104.9999999999999432, -5.144252932557684233 ) ) ;
#1343 = CARTESIAN_POINT ( 'NONE',  ( 172.4016509170267284, 119.1326320568105217, -5.282612441168409667 ) ) ;
#1344 = EDGE_CURVE ( 'NONE', #1176, #1414, #550, .T. ) ;
#1345 = CC_DESIGN_PERSON_AND_ORGANIZATION_ASSIGNMENT ( #1297, #136, ( #987 ) ) ;
#1346 = CARTESIAN_POINT ( 'NONE',  ( 64.00000000000000000, 52.44290321668560750, -0.3742775483541530002 ) ) ;
#1347 = CARTESIAN_POINT ( 'NONE',  ( 185.0000000000000568, 58.32966694730094304, -0.3490379872527621385 ) ) ;
#1348 = CARTESIAN_POINT ( 'NONE',  ( 110.0000000000000426, 123.0000000000000000, 4.700000000000002842 ) ) ;
#1349 = EDGE_LOOP ( 'NONE', ( #1459, #463, #1362, #974 ) ) ;
#1350 = LINE ( 'NONE', #1329, #525 ) ;
#1351 = CARTESIAN_POINT ( 'NONE',  ( 190.0000000000001137, 140.0000000000000000, 0.000000000000000000 ) ) ;
#1352 = EDGE_CURVE ( 'NONE', #1296, #1414, #696, .T. ) ;
#1353 = CARTESIAN_POINT ( 'NONE',  ( 64.00000000000001421, 75.31362101711647483, -3.736219902025671669 ) ) ;
#1354 = EDGE_CURVE ( 'NONE', #1366, #701, #443, .T. ) ;
#1355 = CARTESIAN_POINT ( 'NONE',  ( 185.0000000000000568, 75.34219329053838976, -2.565064010385240234 ) ) ;
#1356 = B_SPLINE_SURFACE_WITH_KNOTS ( 'NONE', 3, 1, ( 
 ( #832, #1012 ),
 ( #782, #1347 ),
 ( #1226, #1119 ),
 ( #102, #558 ),
 ( #332, #1127 ),
 ( #1020, #790 ),
 ( #34, #1233 ),
 ( #111, #1 ),
 ( #453, #911 ),
 ( #702, #1355 ),
 ( #338, #797 ),
 ( #1390, #1260 ),
 ( #1152, #485 ),
 ( #134, #588 ),
 ( #944, #477 ),
 ( #935, #370 ),
 ( #1269, #252 ),
 ( #294, #399 ),
 ( #407, #1067 ),
 ( #866, #1302 ),
 ( #391, #1319 ),
 ( #492, #754 ),
 ( #762, #151 ),
 ( #623, #380 ),
 ( #840, #1284 ),
 ( #1299, #367 ),
 ( #1280, #1192 ),
 ( #745, #735 ),
 ( #1073, #480 ),
 ( #939, #1395 ),
 ( #846, #1387 ),
 ( #376, #173 ),
 ( #829, #259 ),
 ( #145, #602 ),
 ( #186, #870 ),
 ( #643, #890 ),
 ( #897, #984 ),
 ( #1004, #1212 ),
 ( #426, #1106 ),
 ( #662, #1092 ),
 ( #75, #1441 ),
 ( #326, #90 ),
 ( #1446, #977 ),
 ( #532, #539 ),
 ( #884, #1113 ),
 ( #1328, #783 ),
 ( #438, #1422 ),
 ( #311, #180 ),
 ( #412, #648 ),
 ( #97, #637 ),
 ( #769, #1430 ),
 ( #1314, #68 ),
 ( #1086, #1207 ),
 ( #516, #1323 ),
 ( #317, #299 ),
 ( #1220, #759 ),
 ( #1201, #522 ) ),
 .UNSPECIFIED., .F., .F., .F.,
 ( 4, 1, 1, 1, 1, 1, 1, 1, 1, 1, 1, 1, 1, 1, 1, 1, 1, 1, 1, 1, 1, 1, 1, 1, 1, 1, 1, 1, 1, 1, 1, 1, 1, 1, 1, 1, 1, 1, 1, 1, 1, 1, 1, 1, 1, 1, 1, 1, 1, 1, 1, 1, 1, 1, 4 ),
 ( 2, 2 ),
 ( 0.000000000000000000, 0.006201962899188698426, 0.006209989305473670625, 0.02448136905349916972, 0.02451620505395041283, 0.05388345649501025819, 0.05397021896220081938, 0.09289034474279105058, 0.09306039742205422793, 0.1395093084148930351, 0.1397973729510305629, 0.1913742588137488654, 0.1918150871593579665, 0.2458629933516659483, 0.2464883482453779362, 0.3002380933255869855, 0.3010720747863004365, 0.3518114771965040188, 0.3528607999310494070, 0.3981158618259910686, 0.3993536175164207891, 0.4370593218643058497, 0.4384043805508757163, 0.4670784500627876423, 0.4683696323070574707, 0.4874746266155715047, 0.4884118206947539176, 0.5000000000000000000, 0.5115881793052461379, 0.5125253733844284953, 0.5316303676929424737, 0.5329215499372124132, 0.5615956194491242837, 0.5629406781356941503, 0.6006463824835791554, 0.6018841381740089869, 0.6471392000689505375, 0.6481885228034960367, 0.6989279252136996190, 0.6997619066744130700, 0.7535116517546220916, 0.7541370066483340517, 0.8081849128406420890, 0.8086257411862511901, 0.8602026270489694371, 0.8604906915851070481, 0.9069396025779458137, 0.9071096552572089911, 0.9460297810377992223, 0.9461165435049897487, 0.9754837949460496427, 0.9755186309465009309, 0.9937900106945263268, 0.9937980371008113822, 1.000000000000000000 ),
 ( 0.000000000000000000, 1.000000000000000000 ),
 .UNSPECIFIED. ) ;
#1357 = CARTESIAN_POINT ( 'NONE',  ( 0.000000000000000000, 0.000000000000000000, 4.000000000000003553 ) ) ;
#1358 = ORIENTED_EDGE ( 'NONE', *, *, #1095, .F. ) ;
#1359 = CARTESIAN_POINT ( 'NONE',  ( 172.9085813326552739, 129.0000000000000000, 4.592868818786933538 ) ) ;
#1360 = AXIS2_PLACEMENT_3D ( 'NONE', #883, #775, #1322 ) ;
#1361 = LOCAL_TIME ( 17, 50, 20.00000000000000000, #488 ) ;
#1362 = ORIENTED_EDGE ( 'NONE', *, *, #1059, .T. ) ;
#1363 = VECTOR ( 'NONE', #1203, 1000.000000000000000 ) ;
#1364 = CARTESIAN_POINT ( 'NONE',  ( 185.0000000000000568, 70.77671766330340120, -2.028358082342279545 ) ) ;
#1365 = CARTESIAN_POINT ( 'NONE',  ( 172.2521924842255316, 125.0211598018844654, 4.948120833468636626 ) ) ;
#1366 = VERTEX_POINT ( 'NONE', #1021 ) ;
#1367 = EDGE_CURVE ( 'NONE', #1005, #1121, #267, .T. ) ;
#1368 = CARTESIAN_POINT ( 'NONE',  ( 172.3622057974525887, 104.9999999999999858, 5.147553549348579338 ) ) ;
#1369 = VERTEX_POINT ( 'NONE', #1013 ) ;
#1370 = CARTESIAN_POINT ( 'NONE',  ( 185.0000000000000568, 91.58069566953631124, 4.140786203762902851 ) ) ;
#1371 = CARTESIAN_POINT ( 'NONE',  ( 190.0000000000001137, 105.0000000000000000, 0.000000000000000000 ) ) ;
#1372 = ADVANCED_FACE ( 'NONE', ( #358 ), #1134, .F. ) ;
#1373 = DIRECTION ( 'NONE',  ( 0.000000000000000000, 1.000000000000000000, 0.000000000000000000 ) ) ;
#1374 = EDGE_LOOP ( 'NONE', ( #1144, #42, #1167, #372 ) ) ;
#1375 = CARTESIAN_POINT ( 'NONE',  ( 64.00000000000005684, 69.17350731388212637, 2.920951520335262508 ) ) ;
#1376 = CARTESIAN_POINT ( 'NONE',  ( 172.4281339067044030, 109.0063801744244074, -5.316031825538509281 ) ) ;
#1377 = CARTESIAN_POINT ( 'NONE',  ( 64.00000000000005684, 54.19120085711174539, -0.6674776372945709912 ) ) ;
#1378 = DIRECTION ( 'NONE',  ( 0.000000000000000000, 0.000000000000000000, -1.000000000000000000 ) ) ;
#1379 = VERTEX_POINT ( 'NONE', #235 ) ;
#1380 = EDGE_CURVE ( 'NONE', #934, #1024, #798, .T. ) ;
#1381 = AXIS2_PLACEMENT_3D ( 'NONE', #1208, #1229, #1115 ) ;
#1382 = LINE ( 'NONE', #1276, #127 ) ;
#1383 = CARTESIAN_POINT ( 'NONE',  ( 64.00000000000005684, 55.94429781915791722, 0.9507522153523393360 ) ) ;
#1384 = AXIS2_PLACEMENT_3D ( 'NONE', #213, #6, #548 ) ;
#1385 = COORDINATED_UNIVERSAL_TIME_OFFSET ( 12, 0, .AHEAD. ) ;
#1386 = CARTESIAN_POINT ( 'NONE',  ( 176.4707209511439316, 89.26497725962532570, 4.062957969414420667 ) ) ;
#1387 = CARTESIAN_POINT ( 'NONE',  ( 185.0000000000000568, 135.0728285314352775, 2.351116429766278326 ) ) ;
#1388 = CARTESIAN_POINT ( 'NONE',  ( 110.0000000000000426, 129.0000000000000000, 4.700000000000002842 ) ) ;
#1389 = ORIENTED_EDGE ( 'NONE', *, *, #582, .T. ) ;
#1390 = CARTESIAN_POINT ( 'NONE',  ( 64.00000000000005684, 85.75514042015336713, -4.982971378066937795 ) ) ;
#1391 = CARTESIAN_POINT ( 'NONE',  ( 185.0000000000000568, 60.93560298945051557, 0.7295399612527175837 ) ) ;
#1392 = ORIENTED_EDGE ( 'NONE', *, *, #269, .F. ) ;
#1393 = DIRECTION ( 'NONE',  ( 1.000000000000000000, 0.000000000000000000, 0.000000000000000000 ) ) ;
#1394 = DIRECTION ( 'NONE',  ( 0.000000000000000000, -1.000000000000000000, 0.000000000000000000 ) ) ;
#1395 = CARTESIAN_POINT ( 'NONE',  ( 185.0000000000000568, 136.4856485449861907, 1.196172438485729295 ) ) ;
#1396 = CARTESIAN_POINT ( 'NONE',  ( 174.3092701858074918, 108.8800487441392022, 6.544429872230085543 ) ) ;
#1397 = VERTEX_POINT ( 'NONE', #1027 ) ;
#1398 = CARTESIAN_POINT ( 'NONE',  ( 64.00000000000000000, 52.00000000000000000, 0.3000000000000016542 ) ) ;
#1399 = VERTEX_POINT ( 'NONE', #1141 ) ;
#1400 = EDGE_CURVE ( 'NONE', #133, #487, #568, .T. ) ;
#1401 = DATE_AND_TIME ( #722, #1450 ) ;
#1402 = CARTESIAN_POINT ( 'NONE',  ( 82.01214186451565524, 128.9999999999995168, -7.154585456302582358 ) ) ;
#1403 = DIRECTION ( 'NONE',  ( -0.9987728383705465340, -0.04952592586960766208, 0.000000000000000000 ) ) ;
#1404 = VERTEX_POINT ( 'NONE', #19 ) ;
#1405 = FACE_OUTER_BOUND ( 'NONE', #293, .T. ) ;
#1406 = CARTESIAN_POINT ( 'NONE',  ( 75.00000000000007105, 135.0000000000000000, 4.700000000000002842 ) ) ;
#1407 = VERTEX_POINT ( 'NONE', #469 ) ;
#1408 = VECTOR ( 'NONE', #1206, 1000.000000000000000 ) ;
#1409 = CALENDAR_DATE ( 2026, 29, 9 ) ;
#1410 = DIRECTION ( 'NONE',  ( 0.000000000000000000, -1.000000000000000000, 0.000000000000000000 ) ) ;
#1411 = DIRECTION ( 'NONE',  ( 0.000000000000000000, 0.000000000000000000, -1.000000000000000000 ) ) ;
#1412 = VERTEX_POINT ( 'NONE', #926 ) ;
#1413 = DIRECTION ( 'NONE',  ( 0.000000000000000000, 0.000000000000000000, -1.000000000000000000 ) ) ;
#1414 = VERTEX_POINT ( 'NONE', #960 ) ;
#1415 = PERSON_AND_ORGANIZATION ( #1185, #200 ) ;
#1416 = DIRECTION ( 'NONE',  ( 0.000000000000000000, 0.000000000000000000, 1.000000000000000000 ) ) ;
#1417 = CARTESIAN_POINT ( 'NONE',  ( 173.5142301393990181, 129.2079759942384385, 4.396395930353551584 ) ) ;
#1418 = EDGE_CURVE ( 'NONE', #236, #712, #46, .T. ) ;
#1419 = VERTEX_POINT ( 'NONE', #509 ) ;
#1420 = DIRECTION ( 'NONE',  ( 0.000000000000000000, -1.000000000000000000, 0.000000000000000000 ) ) ;
#1421 = FACE_BOUND ( 'NONE', #1129, .T. ) ;
#1422 = CARTESIAN_POINT ( 'NONE',  ( 185.0000000000000568, 77.84781431385430039, 2.841898987767238260 ) ) ;
#1423 = CARTESIAN_POINT ( 'NONE',  ( 64.00000000000002842, 124.5961388523198821, 7.630736144088139383 ) ) ;
#1424 = ORIENTED_EDGE ( 'NONE', *, *, #789, .F. ) ;
#1425 = CARTESIAN_POINT ( 'NONE',  ( 110.0000000000000426, 135.0000000000000000, 4.700000000000002842 ) ) ;
#1426 = CARTESIAN_POINT ( 'NONE',  ( 172.3622057974525887, 104.9999999999999858, 5.147553549348579338 ) ) ;
#1427 = VECTOR ( 'NONE', #1080, 1000.000000000000000 ) ;
#1428 = CC_DESIGN_APPROVAL ( #635, ( #1154 ) ) ;
#1429 = CARTESIAN_POINT ( 'NONE',  ( 75.00000000000007105, 123.0000000000000000, 3.800000000000004707 ) ) ;
#1430 = CARTESIAN_POINT ( 'NONE',  ( 185.0000000000000568, 65.04336624223786600, 1.296702550218020722 ) ) ;
#1431 = LINE ( 'NONE', #540, #58 ) ;
#1432 = AXIS2_PLACEMENT_3D ( 'NONE', #225, #100, #994 ) ;
#1433 = CARTESIAN_POINT ( 'NONE',  ( 173.6781949571642656, 124.2308646696824326, -4.956119855566314847 ) ) ;
#1434 = LINE ( 'NONE', #283, #344 ) ;
#1435 = CARTESIAN_POINT ( 'NONE',  ( 75.00000000000007105, 123.0000000000000000, 5.600000000000000533 ) ) ;
#1436 = CARTESIAN_POINT ( 'NONE',  ( 172.0555992171327659, 128.9999999999999716, 4.485005855479798242 ) ) ;
#1437 = CARTESIAN_POINT ( 'NONE',  ( 64.00000000000005684, 157.9999999999999716, 4.000000000000014211 ) ) ;
#1438 = CARTESIAN_POINT ( 'NONE',  ( 174.3093799100818728, 108.8870664823559338, -6.544700767156849786 ) ) ;
#1439 = CARTESIAN_POINT ( 'NONE',  ( 64.00000000000005684, 131.4247822930463769, -7.532929783100005494 ) ) ;
#1440 = CARTESIAN_POINT ( 'NONE',  ( 176.3252056688227185, 136.0000000000000000, 3.000000000000016431 ) ) ;
#1441 = CARTESIAN_POINT ( 'NONE',  ( 185.0000000000000568, 103.3128250282772314, 4.886309416168035824 ) ) ;
#1442 = LINE ( 'NONE', #554, #1214 ) ;
#1443 = CARTESIAN_POINT ( 'NONE',  ( 75.00000000000007105, 123.0000000000000000, -4.700000000000002842 ) ) ;
#1444 = CARTESIAN_POINT ( 'NONE',  ( 185.0000000000000568, 68.68716713147048836, -1.770301416531977479 ) ) ;
#1445 = DIRECTION ( 'NONE',  ( 0.000000000000000000, 1.000000000000000000, 0.000000000000000000 ) ) ;
#1446 = CARTESIAN_POINT ( 'NONE',  ( 64.00000000000001421, 101.1415416196256274, 6.479351343665461727 ) ) ;
#1447 = ORIENTED_EDGE ( 'NONE', *, *, #212, .F. ) ;
#1448 = FACE_OUTER_BOUND ( 'NONE', #834, .T. ) ;
#1449 = VECTOR ( 'NONE', #67, 1000.000000000000000 ) ;
#1450 = LOCAL_TIME ( 17, 50, 20.00000000000000000, #171 ) ;
#1451 = CARTESIAN_POINT ( 'NONE',  ( 172.3631072018536088, 121.1646802393183009, -5.200532467223386135 ) ) ;
#1452 = CARTESIAN_POINT ( 'NONE',  ( 185.0000000000000568, 85.90164580039258624, -3.651638213388250342 ) ) ;
#1453 = PLANE ( 'NONE',  #315 ) ;
#1454 = DIRECTION ( 'NONE',  ( 0.000000000000000000, 0.000000000000000000, -1.000000000000000000 ) ) ;
#1455 = ORIENTED_EDGE ( 'NONE', *, *, #865, .F. ) ;
#1456 = CARTESIAN_POINT ( 'NONE',  ( 182.3885198143037769, 59.84002408600307632, 0.5938696018917167807 ) ) ;
#1457 = DIRECTION ( 'NONE',  ( 0.000000000000000000, 0.000000000000000000, -1.000000000000000000 ) ) ;
#1458 = CARTESIAN_POINT ( 'NONE',  ( 64.00000000000005684, 78.68415546129544680, -4.157044382679838002 ) ) ;
#1459 = ORIENTED_EDGE ( 'NONE', *, *, #1354, .F. ) ;
ENDSEC;
END-ISO-10303-21;
